-- KSAP-1552: Ref Data for Course Search: 201401 CO/AO eligibility rules
INSERT INTO KRMS_AGENDA_T (AGENDA_ID, ACTV, CNTXT_ID, INIT_AGENDA_ITM_ID, NM, TYP_ID, VER_NBR) VALUES ('-201407021529000000', 'Y', '10000', '', '0bf64f2b-f444-433c-bd32-f679ab945cdc:10002:1', '10002', 1)
/
INSERT INTO KRMS_REF_OBJ_KRMS_OBJ_T (REF_OBJ_KRMS_OBJ_ID, ACTV, COLLECTION_NM, KRMS_DSCR_TYP, KRMS_OBJ_ID, NMSPC_CD, REF_DSCR_TYP, REF_OBJ_ID, VER_NBR) VALUES ('-201407021529000000', 'N', '', 'Agenda', '-201407021529000000', 'KS-SYS', 'http://student.kuali.org/wsdl/courseOffering/CourseOfferingInfo', '0bf64f2b-f444-433c-bd32-f679ab945cdc', 1)
/
INSERT INTO KRMS_TERM_T (TERM_ID, DESC_TXT, TERM_SPEC_ID, VER_NBR) VALUES ('-201407021529000000', '', 'KS-KRMS-TERM-SPEC-10007', 1)
/
INSERT INTO KRMS_TERM_PARM_T (TERM_PARM_ID, NM, VAL, VER_NBR, TERM_ID) VALUES ('-201407021529000000', 'kuali.term.parameter.type.course.cluSet.id', '53076672-1639-4a3c-bba8-1043d8743ba2', 1, '-201407021529000000')
/
INSERT INTO KRMS_PROP_T (PROP_ID, CMPND_OP_CD, CMPND_SEQ_NO, DESC_TXT, DSCRM_TYP_CD, RULE_ID, TYP_ID, VER_NBR) VALUES ('-201407021529000000', '', '', '', 'S', '-201407021529000000', '10018', 1)
/
INSERT INTO KRMS_PROP_PARM_T (PROP_PARM_ID, PARM_TYP_CD, SEQ_NO, PARM_VAL, VER_NBR, PROP_ID) VALUES ('-201407021529000002', 'O', 2, '=', 1, '-201407021529000000')
/
INSERT INTO KRMS_PROP_PARM_T (PROP_PARM_ID, PARM_TYP_CD, SEQ_NO, PARM_VAL, VER_NBR, PROP_ID) VALUES ('-201407021529000001', 'C', 1, 'true', 1, '-201407021529000000')
/
INSERT INTO KRMS_PROP_PARM_T (PROP_PARM_ID, PARM_TYP_CD, SEQ_NO, PARM_VAL, VER_NBR, PROP_ID) VALUES ('-201407021529000000', 'T', 0, '-201407021529000000', 1, '-201407021529000000')
/
INSERT INTO KRMS_RULE_T (RULE_ID, ACTV, DESC_TXT, NM, NMSPC_CD, TYP_ID, VER_NBR, PROP_ID) VALUES ('-201407021529000000', 'Y', '', '0bf64f2b-f444-433c-bd32-f679ab945cdc:10010:1', 'KS-SYS', '10010', 1, '-201407021529000000')
/
INSERT INTO KRMS_AGENDA_ITM_T (AGENDA_ITM_ID, AGENDA_ID, ALWAYS, RULE_ID, SUB_AGENDA_ID, VER_NBR, WHEN_FALSE, WHEN_TRUE) VALUES ('-201407021529000000', '-201407021529000000', '', '-201407021529000000', '', 1, '', '')
/
UPDATE KRMS_AGENDA_T SET INIT_AGENDA_ITM_ID = '-201407021529000000', VER_NBR = 2 WHERE ((AGENDA_ID = '-201407021529000000') AND (VER_NBR = 1))
/
insert into KSLU_CLU_SET (OBJ_ID, VER_NBR, createId, createTime, updateId, updateTime, ADMIN_ORG_ID, RT_DESCR_ID, EFF_DT, EXPIR_DT, REFERENCEABLE, REUSABLE, MEM_QUERY_ID, NAME, ST, TYPE, ID) values ('3f68504d-bde5-4615-a9d7-bcaa733b515d', 0, 'admin', TIMESTAMP '2014-07-02 21:37:51.264', 'admin', TIMESTAMP '2014-07-02 21:37:51.264', '', '', TIMESTAMP '2014-07-02 21:37:51.216', '', 0, 0, '', 'AdHock', 'Active', 'kuali.cluSet.type.CreditCourse', '362c05cd-541c-4e91-bb4a-f9d31bef55f3')
/
insert into KSLU_CLU_SET_JN_CLU (OBJ_ID, VER_NBR, CLU_SET_ID, CLU_VER_IND_ID, ID) values ('59070c6a-c79e-4bd7-8ba2-1416178f0d4b', 0, '362c05cd-541c-4e91-bb4a-f9d31bef55f3', '4c1056a0-8ac2-489d-8457-986c6f419eca', '5e3ee4e9-9215-41d5-a7b5-489d05118875')
/
insert into KSLU_CLU_SET_JN_CLU (OBJ_ID, VER_NBR, CLU_SET_ID, CLU_VER_IND_ID, ID) values ('f1a7ab5a-0d1e-48aa-a9dc-22aacf4c291b', 0, '362c05cd-541c-4e91-bb4a-f9d31bef55f3', '4960877d-ddcc-4f8e-851e-d576d290f4c8', '2c94c698-f1c5-442a-a4be-55082daf7833')
/
insert into KSLU_CLU_SET (OBJ_ID, VER_NBR, createId, createTime, updateId, updateTime, ADMIN_ORG_ID, RT_DESCR_ID, EFF_DT, EXPIR_DT, REFERENCEABLE, REUSABLE, MEM_QUERY_ID, NAME, ST, TYPE, ID) values ('51eebf83-63ad-4595-9a18-77eda175f039', 0, 'admin', TIMESTAMP '2014-07-02 21:37:51.29', 'admin', TIMESTAMP '2014-07-02 21:37:51.29', '', '', TIMESTAMP '2014-07-02 21:37:51.216', '', 1, 0, '', 'AdHock', 'Active', 'kuali.cluSet.type.CreditCourse', '53076672-1639-4a3c-bba8-1043d8743ba2')
/
insert into KSLU_CLU_SET_JN_CLU_SET (CLU_SET_PARENT_ID, CLU_SET_CHILD_ID) values ('53076672-1639-4a3c-bba8-1043d8743ba2', '362c05cd-541c-4e91-bb4a-f9d31bef55f3')
/
INSERT INTO KRMS_AGENDA_T (AGENDA_ID, ACTV, CNTXT_ID, INIT_AGENDA_ITM_ID, NM, TYP_ID, VER_NBR) VALUES ('-201407021529000001', 'Y', '10000', '', '70b17334-cc22-46f6-b2aa-6608d234b381:10002:1', '10002', 1)
/
INSERT INTO KRMS_REF_OBJ_KRMS_OBJ_T (REF_OBJ_KRMS_OBJ_ID, ACTV, COLLECTION_NM, KRMS_DSCR_TYP, KRMS_OBJ_ID, NMSPC_CD, REF_DSCR_TYP, REF_OBJ_ID, VER_NBR) VALUES ('-201407021529000001', 'N', '', 'Agenda', '-201407021529000001', 'KS-SYS', 'http://student.kuali.org/wsdl/courseOffering/CourseOfferingInfo', '70b17334-cc22-46f6-b2aa-6608d234b381', 1)
/
INSERT INTO KRMS_TERM_T (TERM_ID, DESC_TXT, TERM_SPEC_ID, VER_NBR) VALUES ('-201407021529000001', '', 'KS-KRMS-TERM-SPEC-10007', 1)
/
INSERT INTO KRMS_TERM_PARM_T (TERM_PARM_ID, NM, VAL, VER_NBR, TERM_ID) VALUES ('-201407021529000001', 'kuali.term.parameter.type.course.cluSet.id', '6e0bc82f-7758-48b0-b906-15b6cfe058ef', 1, '-201407021529000001')
/
INSERT INTO KRMS_PROP_T (PROP_ID, CMPND_OP_CD, CMPND_SEQ_NO, DESC_TXT, DSCRM_TYP_CD, RULE_ID, TYP_ID, VER_NBR) VALUES ('-201407021529000001', '', '', '', 'S', '-201407021529000001', '10018', 1)
/
INSERT INTO KRMS_PROP_PARM_T (PROP_PARM_ID, PARM_TYP_CD, SEQ_NO, PARM_VAL, VER_NBR, PROP_ID) VALUES ('-201407021529000004', 'C', 1, 'true', 1, '-201407021529000001')
/
INSERT INTO KRMS_PROP_PARM_T (PROP_PARM_ID, PARM_TYP_CD, SEQ_NO, PARM_VAL, VER_NBR, PROP_ID) VALUES ('-201407021529000005', 'O', 2, '=', 1, '-201407021529000001')
/
INSERT INTO KRMS_PROP_PARM_T (PROP_PARM_ID, PARM_TYP_CD, SEQ_NO, PARM_VAL, VER_NBR, PROP_ID) VALUES ('-201407021529000003', 'T', 0, '-201407021529000001', 1, '-201407021529000001')
/
INSERT INTO KRMS_RULE_T (RULE_ID, ACTV, DESC_TXT, NM, NMSPC_CD, TYP_ID, VER_NBR, PROP_ID) VALUES ('-201407021529000001', 'Y', '', '70b17334-cc22-46f6-b2aa-6608d234b381:10010:1', 'KS-SYS', '10010', 1, '-201407021529000001')
/
INSERT INTO KRMS_TERM_T (TERM_ID, DESC_TXT, TERM_SPEC_ID, VER_NBR) VALUES ('-201407021529000002', '', 'KS-KRMS-TERM-SPEC-10014', 1)
/
INSERT INTO KRMS_TERM_PARM_T (TERM_PARM_ID, NM, VAL, VER_NBR, TERM_ID) VALUES ('-201407021529000002', 'kuali.term.parameter.type.course.clu.id', 'd16f1ecb-d793-4520-91f4-b4c4b7357c54', 1, '-201407021529000002')
/
INSERT INTO KRMS_PROP_T (PROP_ID, CMPND_OP_CD, CMPND_SEQ_NO, DESC_TXT, DSCRM_TYP_CD, RULE_ID, TYP_ID, VER_NBR) VALUES ('-201407021529000002', '', '', '', 'S', '-201407021529000002', '10030', 1)
/
INSERT INTO KRMS_PROP_PARM_T (PROP_PARM_ID, PARM_TYP_CD, SEQ_NO, PARM_VAL, VER_NBR, PROP_ID) VALUES ('-201407021529000007', 'C', 1, 'true', 1, '-201407021529000002')
/
INSERT INTO KRMS_PROP_PARM_T (PROP_PARM_ID, PARM_TYP_CD, SEQ_NO, PARM_VAL, VER_NBR, PROP_ID) VALUES ('-201407021529000008', 'O', 2, '=', 1, '-201407021529000002')
/
INSERT INTO KRMS_PROP_PARM_T (PROP_PARM_ID, PARM_TYP_CD, SEQ_NO, PARM_VAL, VER_NBR, PROP_ID) VALUES ('-201407021529000006', 'T', 0, '-201407021529000002', 1, '-201407021529000002')
/
INSERT INTO KRMS_RULE_T (RULE_ID, ACTV, DESC_TXT, NM, NMSPC_CD, TYP_ID, VER_NBR, PROP_ID) VALUES ('-201407021529000002', 'Y', '', '70b17334-cc22-46f6-b2aa-6608d234b381:10006:1', 'KS-SYS', '10006', 1, '-201407021529000002')
/
INSERT INTO KRMS_TERM_T (TERM_ID, DESC_TXT, TERM_SPEC_ID, VER_NBR) VALUES ('-201407021529000003', '', 'KS-KRMS-TERM-SPEC-10008', 1)
/
INSERT INTO KRMS_TERM_PARM_T (TERM_PARM_ID, NM, VAL, VER_NBR, TERM_ID) VALUES ('-201407021529000003', 'kuali.term.parameter.type.course.clu.id', 'ca1a89d8-075f-4f48-af30-e7775602b3e7', 1, '-201407021529000003')
/
INSERT INTO KRMS_PROP_T (PROP_ID, CMPND_OP_CD, CMPND_SEQ_NO, DESC_TXT, DSCRM_TYP_CD, RULE_ID, TYP_ID, VER_NBR) VALUES ('-201407021529000003', '', '', '', 'S', '-201407021529000003', '10032', 1)
/
INSERT INTO KRMS_PROP_PARM_T (PROP_PARM_ID, PARM_TYP_CD, SEQ_NO, PARM_VAL, VER_NBR, PROP_ID) VALUES ('-201407021529000010', 'C', 1, 'false', 1, '-201407021529000003')
/
INSERT INTO KRMS_PROP_PARM_T (PROP_PARM_ID, PARM_TYP_CD, SEQ_NO, PARM_VAL, VER_NBR, PROP_ID) VALUES ('-201407021529000009', 'T', 0, '-201407021529000003', 1, '-201407021529000003')
/
INSERT INTO KRMS_PROP_PARM_T (PROP_PARM_ID, PARM_TYP_CD, SEQ_NO, PARM_VAL, VER_NBR, PROP_ID) VALUES ('-201407021529000011', 'O', 2, '=', 1, '-201407021529000003')
/
INSERT INTO KRMS_RULE_T (RULE_ID, ACTV, DESC_TXT, NM, NMSPC_CD, TYP_ID, VER_NBR, PROP_ID) VALUES ('-201407021529000003', 'Y', '', '70b17334-cc22-46f6-b2aa-6608d234b381:10005:1', 'KS-SYS', '10005', 1, '-201407021529000003')
/
INSERT INTO KRMS_AGENDA_ITM_T (AGENDA_ITM_ID, AGENDA_ID, ALWAYS, RULE_ID, SUB_AGENDA_ID, VER_NBR, WHEN_FALSE, WHEN_TRUE) VALUES ('-201407021529000001', '-201407021529000001', '', '-201407021529000003', '', 1, '', '')
/
INSERT INTO KRMS_AGENDA_ITM_T (AGENDA_ITM_ID, AGENDA_ID, ALWAYS, RULE_ID, SUB_AGENDA_ID, VER_NBR, WHEN_FALSE, WHEN_TRUE) VALUES ('-201407021529000002', '-201407021529000001', '', '-201407021529000002', '', 1, '', '-201407021529000001')
/
INSERT INTO KRMS_AGENDA_ITM_T (AGENDA_ITM_ID, AGENDA_ID, ALWAYS, RULE_ID, SUB_AGENDA_ID, VER_NBR, WHEN_FALSE, WHEN_TRUE) VALUES ('-201407021529000003', '-201407021529000001', '', '-201407021529000001', '', 1, '', '-201407021529000002')
/
UPDATE KRMS_AGENDA_T SET INIT_AGENDA_ITM_ID = '-201407021529000003', VER_NBR = 2 WHERE ((AGENDA_ID = '-201407021529000001') AND (VER_NBR = 1))
/
insert into KSLU_CLU_SET (OBJ_ID, VER_NBR, createId, createTime, updateId, updateTime, ADMIN_ORG_ID, RT_DESCR_ID, EFF_DT, EXPIR_DT, REFERENCEABLE, REUSABLE, MEM_QUERY_ID, NAME, ST, TYPE, ID) values ('7cad5930-17a5-4fe3-89e5-fc5c20d5dbe9', 0, 'admin', TIMESTAMP '2014-07-02 21:41:09.13', 'admin', TIMESTAMP '2014-07-02 21:41:09.13', '', '', TIMESTAMP '2014-07-02 21:41:09.129', '', 0, 0, '', 'AdHock', 'Active', 'kuali.cluSet.type.CreditCourse', '25256d88-d52a-46e3-b912-af146629012d')
/
insert into KSLU_CLU_SET_JN_CLU (OBJ_ID, VER_NBR, CLU_SET_ID, CLU_VER_IND_ID, ID) values ('6103834a-eccd-4e70-8f0d-60b0c495d6a1', 0, '25256d88-d52a-46e3-b912-af146629012d', '4c1056a0-8ac2-489d-8457-986c6f419eca', 'd158a4f2-8998-4173-9503-f95e132bd909')
/
insert into KSLU_CLU_SET_JN_CLU (OBJ_ID, VER_NBR, CLU_SET_ID, CLU_VER_IND_ID, ID) values ('6e2139c6-7a01-442b-8093-e7eb19479e16', 0, '25256d88-d52a-46e3-b912-af146629012d', '4960877d-ddcc-4f8e-851e-d576d290f4c8', '0c5f79dc-93cb-4cce-82ac-dffb014572ce')
/
insert into KSLU_CLU_SET (OBJ_ID, VER_NBR, createId, createTime, updateId, updateTime, ADMIN_ORG_ID, RT_DESCR_ID, EFF_DT, EXPIR_DT, REFERENCEABLE, REUSABLE, MEM_QUERY_ID, NAME, ST, TYPE, ID) values ('b7dfae40-a317-4e45-b1a5-e080eb024ce5', 0, 'admin', TIMESTAMP '2014-07-02 21:41:09.13', 'admin', TIMESTAMP '2014-07-02 21:41:09.13', '', '', TIMESTAMP '2014-07-02 21:41:09.129', '', 1, 0, '', 'AdHock', 'Active', 'kuali.cluSet.type.CreditCourse', '6e0bc82f-7758-48b0-b906-15b6cfe058ef')
/
insert into KSLU_CLU_SET_JN_CLU_SET (CLU_SET_PARENT_ID, CLU_SET_CHILD_ID) values ('6e0bc82f-7758-48b0-b906-15b6cfe058ef', '25256d88-d52a-46e3-b912-af146629012d')
/
INSERT INTO KRMS_AGENDA_T (AGENDA_ID, ACTV, CNTXT_ID, INIT_AGENDA_ITM_ID, NM, TYP_ID, VER_NBR) VALUES ('-201407021529000002', 'Y', '10000', '', 'f5fa039c-35b4-4b1e-bdae-289b55b1dfa1:10002:1', '10002', 1)
/
INSERT INTO KRMS_REF_OBJ_KRMS_OBJ_T (REF_OBJ_KRMS_OBJ_ID, ACTV, COLLECTION_NM, KRMS_DSCR_TYP, KRMS_OBJ_ID, NMSPC_CD, REF_DSCR_TYP, REF_OBJ_ID, VER_NBR) VALUES ('-201407021529000002', 'N', '', 'Agenda', '-201407021529000002', 'KS-SYS', 'http://student.kuali.org/wsdl/courseOffering/CourseOfferingInfo', 'f5fa039c-35b4-4b1e-bdae-289b55b1dfa1', 1)
/
INSERT INTO KRMS_TERM_T (TERM_ID, DESC_TXT, TERM_SPEC_ID, VER_NBR) VALUES ('-201407021529000004', '', 'KS-KRMS-TERM-SPEC-10013', 1)
/
INSERT INTO KRMS_PROP_T (PROP_ID, CMPND_OP_CD, CMPND_SEQ_NO, DESC_TXT, DSCRM_TYP_CD, RULE_ID, TYP_ID, VER_NBR) VALUES ('-201407021529000004', '', '', '', 'S', '-201407021529000004', '10039', 1)
/
INSERT INTO KRMS_PROP_PARM_T (PROP_PARM_ID, PARM_TYP_CD, SEQ_NO, PARM_VAL, VER_NBR, PROP_ID) VALUES ('-201407021529000014', 'O', 2, '>=', 1, '-201407021529000004')
/
INSERT INTO KRMS_PROP_PARM_T (PROP_PARM_ID, PARM_TYP_CD, SEQ_NO, PARM_VAL, VER_NBR, PROP_ID) VALUES ('-201407021529000012', 'T', 0, '-201407021529000004', 1, '-201407021529000004')
/
INSERT INTO KRMS_PROP_PARM_T (PROP_PARM_ID, PARM_TYP_CD, SEQ_NO, PARM_VAL, VER_NBR, PROP_ID) VALUES ('-201407021529000013', 'C', 1, '60', 1, '-201407021529000004')
/
INSERT INTO KRMS_RULE_T (RULE_ID, ACTV, DESC_TXT, NM, NMSPC_CD, TYP_ID, VER_NBR, PROP_ID) VALUES ('-201407021529000004', 'Y', '', 'f5fa039c-35b4-4b1e-bdae-289b55b1dfa1:10010:1', 'KS-SYS', '10010', 1, '-201407021529000004')
/
INSERT INTO KRMS_TERM_T (TERM_ID, DESC_TXT, TERM_SPEC_ID, VER_NBR) VALUES ('-201407021529000005', '', 'KS-KRMS-TERM-SPEC-10014', 1)
/
INSERT INTO KRMS_TERM_PARM_T (TERM_PARM_ID, NM, VAL, VER_NBR, TERM_ID) VALUES ('-201407021529000004', 'kuali.term.parameter.type.course.clu.id', '5217203e-2fed-44fb-94ed-bf879cf3c44d', 1, '-201407021529000005')
/
INSERT INTO KRMS_PROP_T (PROP_ID, CMPND_OP_CD, CMPND_SEQ_NO, DESC_TXT, DSCRM_TYP_CD, RULE_ID, TYP_ID, VER_NBR) VALUES ('-201407021529000005', '', '', '', 'S', '-201407021529000005', '10030', 1)
/
INSERT INTO KRMS_PROP_PARM_T (PROP_PARM_ID, PARM_TYP_CD, SEQ_NO, PARM_VAL, VER_NBR, PROP_ID) VALUES ('-201407021529000015', 'T', 0, '-201407021529000005', 1, '-201407021529000005')
/
INSERT INTO KRMS_PROP_PARM_T (PROP_PARM_ID, PARM_TYP_CD, SEQ_NO, PARM_VAL, VER_NBR, PROP_ID) VALUES ('-201407021529000016', 'C', 1, 'true', 1, '-201407021529000005')
/
INSERT INTO KRMS_PROP_PARM_T (PROP_PARM_ID, PARM_TYP_CD, SEQ_NO, PARM_VAL, VER_NBR, PROP_ID) VALUES ('-201407021529000017', 'O', 2, '=', 1, '-201407021529000005')
/
INSERT INTO KRMS_RULE_T (RULE_ID, ACTV, DESC_TXT, NM, NMSPC_CD, TYP_ID, VER_NBR, PROP_ID) VALUES ('-201407021529000005', 'Y', '', 'f5fa039c-35b4-4b1e-bdae-289b55b1dfa1:10006:1', 'KS-SYS', '10006', 1, '-201407021529000005')
/
INSERT INTO KRMS_TERM_T (TERM_ID, DESC_TXT, TERM_SPEC_ID, VER_NBR) VALUES ('-201407021529000006', '', 'KS-KRMS-TERM-SPEC-10008', 1)
/
INSERT INTO KRMS_TERM_PARM_T (TERM_PARM_ID, NM, VAL, VER_NBR, TERM_ID) VALUES ('-201407021529000005', 'kuali.term.parameter.type.course.clu.id', '4c1056a0-8ac2-489d-8457-986c6f419eca', 1, '-201407021529000006')
/
INSERT INTO KRMS_PROP_T (PROP_ID, CMPND_OP_CD, CMPND_SEQ_NO, DESC_TXT, DSCRM_TYP_CD, RULE_ID, TYP_ID, VER_NBR) VALUES ('-201407021529000006', '', '', '', 'S', '-201407021529000006', '10032', 1)
/
INSERT INTO KRMS_PROP_PARM_T (PROP_PARM_ID, PARM_TYP_CD, SEQ_NO, PARM_VAL, VER_NBR, PROP_ID) VALUES ('-201407021529000019', 'C', 1, 'false', 1, '-201407021529000006')
/
INSERT INTO KRMS_PROP_PARM_T (PROP_PARM_ID, PARM_TYP_CD, SEQ_NO, PARM_VAL, VER_NBR, PROP_ID) VALUES ('-201407021529000020', 'O', 2, '=', 1, '-201407021529000006')
/
INSERT INTO KRMS_PROP_PARM_T (PROP_PARM_ID, PARM_TYP_CD, SEQ_NO, PARM_VAL, VER_NBR, PROP_ID) VALUES ('-201407021529000018', 'T', 0, '-201407021529000006', 1, '-201407021529000006')
/
INSERT INTO KRMS_RULE_T (RULE_ID, ACTV, DESC_TXT, NM, NMSPC_CD, TYP_ID, VER_NBR, PROP_ID) VALUES ('-201407021529000006', 'Y', '', 'f5fa039c-35b4-4b1e-bdae-289b55b1dfa1:10005:1', 'KS-SYS', '10005', 1, '-201407021529000006')
/
INSERT INTO KRMS_AGENDA_ITM_T (AGENDA_ITM_ID, AGENDA_ID, ALWAYS, RULE_ID, SUB_AGENDA_ID, VER_NBR, WHEN_FALSE, WHEN_TRUE) VALUES ('-201407021529000004', '-201407021529000002', '', '-201407021529000006', '', 1, '', '')
/
INSERT INTO KRMS_AGENDA_ITM_T (AGENDA_ITM_ID, AGENDA_ID, ALWAYS, RULE_ID, SUB_AGENDA_ID, VER_NBR, WHEN_FALSE, WHEN_TRUE) VALUES ('-201407021529000005', '-201407021529000002', '', '-201407021529000005', '', 1, '', '-201407021529000004')
/
INSERT INTO KRMS_AGENDA_ITM_T (AGENDA_ITM_ID, AGENDA_ID, ALWAYS, RULE_ID, SUB_AGENDA_ID, VER_NBR, WHEN_FALSE, WHEN_TRUE) VALUES ('-201407021529000006', '-201407021529000002', '', '-201407021529000004', '', 1, '', '-201407021529000005')
/
UPDATE KRMS_AGENDA_T SET INIT_AGENDA_ITM_ID = '-201407021529000006', VER_NBR = 2 WHERE ((AGENDA_ID = '-201407021529000002') AND (VER_NBR = 1))
/
INSERT INTO KRMS_AGENDA_T (AGENDA_ID, ACTV, CNTXT_ID, INIT_AGENDA_ITM_ID, NM, TYP_ID, VER_NBR) VALUES ('-201407021529000003', 'Y', '10000', '', 'cf1f256f-bed9-439f-b3e4-ed136ac58895:10002:1', '10002', 1)
/
INSERT INTO KRMS_REF_OBJ_KRMS_OBJ_T (REF_OBJ_KRMS_OBJ_ID, ACTV, COLLECTION_NM, KRMS_DSCR_TYP, KRMS_OBJ_ID, NMSPC_CD, REF_DSCR_TYP, REF_OBJ_ID, VER_NBR) VALUES ('-201407021529000003', 'N', '', 'Agenda', '-201407021529000003', 'KS-SYS', 'http://student.kuali.org/wsdl/courseOffering/CourseOfferingInfo', 'cf1f256f-bed9-439f-b3e4-ed136ac58895', 1)
/
INSERT INTO KRMS_TERM_T (TERM_ID, DESC_TXT, TERM_SPEC_ID, VER_NBR) VALUES ('-201407021529000007', '', 'KS-KRMS-TERM-SPEC-10024', 1)
/
INSERT INTO KRMS_TERM_PARM_T (TERM_PARM_ID, NM, VAL, VER_NBR, TERM_ID) VALUES ('-201407021529000006', 'kuali.term.parameter.type.course.cluSet.id', '1ce15dd9-2ae8-4f3a-b38f-09d1a8e43c28', 1, '-201407021529000007')
/
INSERT INTO KRMS_PROP_T (PROP_ID, CMPND_OP_CD, CMPND_SEQ_NO, DESC_TXT, DSCRM_TYP_CD, RULE_ID, TYP_ID, VER_NBR) VALUES ('-201407021529000007', '', '', '', 'S', '-201407021529000007', '10020', 1)
/
INSERT INTO KRMS_PROP_PARM_T (PROP_PARM_ID, PARM_TYP_CD, SEQ_NO, PARM_VAL, VER_NBR, PROP_ID) VALUES ('-201407021529000022', 'C', 1, '0', 1, '-201407021529000007')
/
INSERT INTO KRMS_PROP_PARM_T (PROP_PARM_ID, PARM_TYP_CD, SEQ_NO, PARM_VAL, VER_NBR, PROP_ID) VALUES ('-201407021529000023', 'O', 2, '=', 1, '-201407021529000007')
/
INSERT INTO KRMS_PROP_PARM_T (PROP_PARM_ID, PARM_TYP_CD, SEQ_NO, PARM_VAL, VER_NBR, PROP_ID) VALUES ('-201407021529000021', 'T', 0, '-201407021529000007', 1, '-201407021529000007')
/
INSERT INTO KRMS_RULE_T (RULE_ID, ACTV, DESC_TXT, NM, NMSPC_CD, TYP_ID, VER_NBR, PROP_ID) VALUES ('-201407021529000007', 'Y', '', 'cf1f256f-bed9-439f-b3e4-ed136ac58895:10005:1', 'KS-SYS', '10005', 1, '-201407021529000007')
/
INSERT INTO KRMS_AGENDA_ITM_T (AGENDA_ITM_ID, AGENDA_ID, ALWAYS, RULE_ID, SUB_AGENDA_ID, VER_NBR, WHEN_FALSE, WHEN_TRUE) VALUES ('-201407021529000007', '-201407021529000003', '', '-201407021529000007', '', 1, '', '')
/
UPDATE KRMS_AGENDA_T SET INIT_AGENDA_ITM_ID = '-201407021529000007', VER_NBR = 2 WHERE ((AGENDA_ID = '-201407021529000003') AND (VER_NBR = 1))
/
insert into KSLU_CLU_SET (OBJ_ID, VER_NBR, createId, createTime, updateId, updateTime, ADMIN_ORG_ID, RT_DESCR_ID, EFF_DT, EXPIR_DT, REFERENCEABLE, REUSABLE, MEM_QUERY_ID, NAME, ST, TYPE, ID) values ('400b9bcb-9208-4beb-b654-f07a433815fa', 0, 'admin', TIMESTAMP '2014-07-02 21:49:54.992', 'admin', TIMESTAMP '2014-07-02 21:49:54.992', '', '', TIMESTAMP '2014-07-02 21:49:54.99', '', 0, 0, '', 'AdHock', 'Active', 'kuali.cluSet.type.CreditCourse', '06685e9b-eb8d-4b42-8ce4-3a6b9483c559')
/
insert into KSLU_CLU_SET_JN_CLU (OBJ_ID, VER_NBR, CLU_SET_ID, CLU_VER_IND_ID, ID) values ('8cf5f327-da44-438e-9d54-1b97c6731160', 0, '06685e9b-eb8d-4b42-8ce4-3a6b9483c559', '5217203e-2fed-44fb-94ed-bf879cf3c44d', '6c690f2d-7e64-4ba0-aaff-7842fe4a7170')
/
insert into KSLU_CLU_SET_JN_CLU (OBJ_ID, VER_NBR, CLU_SET_ID, CLU_VER_IND_ID, ID) values ('d92c49fb-9731-4a9d-98ce-df5ae23858c3', 0, '06685e9b-eb8d-4b42-8ce4-3a6b9483c559', '6517c868-5b2d-48fb-bd05-6edc31be1b7e', 'd53c315d-3532-4e1c-9ed5-f591e77289c6')
/
insert into KSLU_CLU_SET (OBJ_ID, VER_NBR, createId, createTime, updateId, updateTime, ADMIN_ORG_ID, RT_DESCR_ID, EFF_DT, EXPIR_DT, REFERENCEABLE, REUSABLE, MEM_QUERY_ID, NAME, ST, TYPE, ID) values ('6dc36bd9-57c5-472b-a3d6-20d8407c7804', 0, 'admin', TIMESTAMP '2014-07-02 21:49:54.993', 'admin', TIMESTAMP '2014-07-02 21:49:54.993', '', '', TIMESTAMP '2014-07-02 21:49:54.99', '', 1, 0, '', 'AdHock', 'Active', 'kuali.cluSet.type.CreditCourse', '1ce15dd9-2ae8-4f3a-b38f-09d1a8e43c28')
/
insert into KSLU_CLU_SET_JN_CLU_SET (CLU_SET_PARENT_ID, CLU_SET_CHILD_ID) values ('1ce15dd9-2ae8-4f3a-b38f-09d1a8e43c28', '06685e9b-eb8d-4b42-8ce4-3a6b9483c559')
/
INSERT INTO KRMS_AGENDA_T (AGENDA_ID, ACTV, CNTXT_ID, INIT_AGENDA_ITM_ID, NM, TYP_ID, VER_NBR) VALUES ('-201407021529000004', 'Y', '10000', '', 'e04de2db-05f4-4845-ab36-86199e4f9ab8:10002:1', '10002', 1)
/
INSERT INTO KRMS_REF_OBJ_KRMS_OBJ_T (REF_OBJ_KRMS_OBJ_ID, ACTV, COLLECTION_NM, KRMS_DSCR_TYP, KRMS_OBJ_ID, NMSPC_CD, REF_DSCR_TYP, REF_OBJ_ID, VER_NBR) VALUES ('-201407021529000004', 'N', '', 'Agenda', '-201407021529000004', 'KS-SYS', 'http://student.kuali.org/wsdl/courseOffering/CourseOfferingInfo', 'e04de2db-05f4-4845-ab36-86199e4f9ab8', 1)
/
INSERT INTO KRMS_TERM_T (TERM_ID, DESC_TXT, TERM_SPEC_ID, VER_NBR) VALUES ('-201407021529000008', '', 'KS-KRMS-TERM-SPEC-10014', 1)
/
INSERT INTO KRMS_TERM_PARM_T (TERM_PARM_ID, NM, VAL, VER_NBR, TERM_ID) VALUES ('-201407021529000007', 'kuali.term.parameter.type.course.clu.id', '8af491cf-9c23-409e-adc8-dc184dcbced6', 1, '-201407021529000008')
/
INSERT INTO KRMS_PROP_T (PROP_ID, CMPND_OP_CD, CMPND_SEQ_NO, DESC_TXT, DSCRM_TYP_CD, RULE_ID, TYP_ID, VER_NBR) VALUES ('-201407021529000008', '', '', '', 'S', '-201407021529000008', '10030', 1)
/
INSERT INTO KRMS_PROP_PARM_T (PROP_PARM_ID, PARM_TYP_CD, SEQ_NO, PARM_VAL, VER_NBR, PROP_ID) VALUES ('-201407021529000025', 'C', 1, 'true', 1, '-201407021529000008')
/
INSERT INTO KRMS_PROP_PARM_T (PROP_PARM_ID, PARM_TYP_CD, SEQ_NO, PARM_VAL, VER_NBR, PROP_ID) VALUES ('-201407021529000026', 'O', 2, '=', 1, '-201407021529000008')
/
INSERT INTO KRMS_PROP_PARM_T (PROP_PARM_ID, PARM_TYP_CD, SEQ_NO, PARM_VAL, VER_NBR, PROP_ID) VALUES ('-201407021529000024', 'T', 0, '-201407021529000008', 1, '-201407021529000008')
/
INSERT INTO KRMS_RULE_T (RULE_ID, ACTV, DESC_TXT, NM, NMSPC_CD, TYP_ID, VER_NBR, PROP_ID) VALUES ('-201407021529000008', 'Y', '', 'e04de2db-05f4-4845-ab36-86199e4f9ab8:10006:1', 'KS-SYS', '10006', 1, '-201407021529000008')
/
INSERT INTO KRMS_TERM_T (TERM_ID, DESC_TXT, TERM_SPEC_ID, VER_NBR) VALUES ('-201407021529000009', '', 'KS-KRMS-TERM-SPEC-10008', 1)
/
INSERT INTO KRMS_TERM_PARM_T (TERM_PARM_ID, NM, VAL, VER_NBR, TERM_ID) VALUES ('-201407021529000008', 'kuali.term.parameter.type.course.clu.id', 'ebc24583-e568-4372-9f4f-825fc58e58ce', 1, '-201407021529000009')
/
INSERT INTO KRMS_PROP_T (PROP_ID, CMPND_OP_CD, CMPND_SEQ_NO, DESC_TXT, DSCRM_TYP_CD, RULE_ID, TYP_ID, VER_NBR) VALUES ('-201407021529000009', '', '', '', 'S', '-201407021529000009', '10032', 1)
/
INSERT INTO KRMS_PROP_PARM_T (PROP_PARM_ID, PARM_TYP_CD, SEQ_NO, PARM_VAL, VER_NBR, PROP_ID) VALUES ('-201407021529000029', 'O', 2, '=', 1, '-201407021529000009')
/
INSERT INTO KRMS_PROP_PARM_T (PROP_PARM_ID, PARM_TYP_CD, SEQ_NO, PARM_VAL, VER_NBR, PROP_ID) VALUES ('-201407021529000027', 'T', 0, '-201407021529000009', 1, '-201407021529000009')
/
INSERT INTO KRMS_PROP_PARM_T (PROP_PARM_ID, PARM_TYP_CD, SEQ_NO, PARM_VAL, VER_NBR, PROP_ID) VALUES ('-201407021529000028', 'C', 1, 'false', 1, '-201407021529000009')
/
INSERT INTO KRMS_RULE_T (RULE_ID, ACTV, DESC_TXT, NM, NMSPC_CD, TYP_ID, VER_NBR, PROP_ID) VALUES ('-201407021529000009', 'Y', '', 'e04de2db-05f4-4845-ab36-86199e4f9ab8:10005:1', 'KS-SYS', '10005', 1, '-201407021529000009')
/
INSERT INTO KRMS_AGENDA_ITM_T (AGENDA_ITM_ID, AGENDA_ID, ALWAYS, RULE_ID, SUB_AGENDA_ID, VER_NBR, WHEN_FALSE, WHEN_TRUE) VALUES ('-201407021529000008', '-201407021529000004', '', '-201407021529000009', '', 1, '', '')
/
INSERT INTO KRMS_AGENDA_ITM_T (AGENDA_ITM_ID, AGENDA_ID, ALWAYS, RULE_ID, SUB_AGENDA_ID, VER_NBR, WHEN_FALSE, WHEN_TRUE) VALUES ('-201407021529000009', '-201407021529000004', '', '-201407021529000008', '', 1, '', '-201407021529000008')
/
UPDATE KRMS_AGENDA_T SET INIT_AGENDA_ITM_ID = '-201407021529000009', VER_NBR = 2 WHERE ((AGENDA_ID = '-201407021529000004') AND (VER_NBR = 1))
/
INSERT INTO KRMS_AGENDA_T (AGENDA_ID, ACTV, CNTXT_ID, INIT_AGENDA_ITM_ID, NM, TYP_ID, VER_NBR) VALUES ('-201407021529000005', 'Y', '10000', '', 'cb18bd21-ddfc-4a09-88ba-3a4ed56a0e33:10002:1', '10002', 1)
/
INSERT INTO KRMS_REF_OBJ_KRMS_OBJ_T (REF_OBJ_KRMS_OBJ_ID, ACTV, COLLECTION_NM, KRMS_DSCR_TYP, KRMS_OBJ_ID, NMSPC_CD, REF_DSCR_TYP, REF_OBJ_ID, VER_NBR) VALUES ('-201407021529000005', 'N', '', 'Agenda', '-201407021529000005', 'KS-SYS', 'http://student.kuali.org/wsdl/courseOffering/CourseOfferingInfo', 'cb18bd21-ddfc-4a09-88ba-3a4ed56a0e33', 1)
/
INSERT INTO KRMS_TERM_T (TERM_ID, DESC_TXT, TERM_SPEC_ID, VER_NBR) VALUES ('-201407021529000010', '', 'KS-KRMS-TERM-SPEC-10023', 1)
/
INSERT INTO KRMS_PROP_T (PROP_ID, CMPND_OP_CD, CMPND_SEQ_NO, DESC_TXT, DSCRM_TYP_CD, RULE_ID, TYP_ID, VER_NBR) VALUES ('-201407021529000010', '', '', '', 'S', '-201407021529000010', '10034', 1)
/
INSERT INTO KRMS_PROP_PARM_T (PROP_PARM_ID, PARM_TYP_CD, SEQ_NO, PARM_VAL, VER_NBR, PROP_ID) VALUES ('-201407021529000031', 'C', 1, 'true', 1, '-201407021529000010')
/
INSERT INTO KRMS_PROP_PARM_T (PROP_PARM_ID, PARM_TYP_CD, SEQ_NO, PARM_VAL, VER_NBR, PROP_ID) VALUES ('-201407021529000030', 'T', 0, '-201407021529000010', 1, '-201407021529000010')
/
INSERT INTO KRMS_PROP_PARM_T (PROP_PARM_ID, PARM_TYP_CD, SEQ_NO, PARM_VAL, VER_NBR, PROP_ID) VALUES ('-201407021529000032', 'O', 2, '=', 1, '-201407021529000010')
/
INSERT INTO KRMS_RULE_T (RULE_ID, ACTV, DESC_TXT, NM, NMSPC_CD, TYP_ID, VER_NBR, PROP_ID) VALUES ('-201407021529000010', 'Y', '', 'cb18bd21-ddfc-4a09-88ba-3a4ed56a0e33:10010:1', 'KS-SYS', '10010', 1, '-201407021529000010')
/
INSERT INTO KRMS_TERM_T (TERM_ID, DESC_TXT, TERM_SPEC_ID, VER_NBR) VALUES ('-201407021529000011', '', 'KS-KRMS-TERM-SPEC-10008', 1)
/
INSERT INTO KRMS_TERM_PARM_T (TERM_PARM_ID, NM, VAL, VER_NBR, TERM_ID) VALUES ('-201407021529000009', 'kuali.term.parameter.type.course.clu.id', '64d318d2-15f3-4f00-aa38-8c40dee543b0', 1, '-201407021529000011')
/
INSERT INTO KRMS_PROP_T (PROP_ID, CMPND_OP_CD, CMPND_SEQ_NO, DESC_TXT, DSCRM_TYP_CD, RULE_ID, TYP_ID, VER_NBR) VALUES ('-201407021529000011', '', '', '', 'S', '-201407021529000011', '10032', 1)
/
INSERT INTO KRMS_PROP_PARM_T (PROP_PARM_ID, PARM_TYP_CD, SEQ_NO, PARM_VAL, VER_NBR, PROP_ID) VALUES ('-201407021529000034', 'C', 1, 'false', 1, '-201407021529000011')
/
INSERT INTO KRMS_PROP_PARM_T (PROP_PARM_ID, PARM_TYP_CD, SEQ_NO, PARM_VAL, VER_NBR, PROP_ID) VALUES ('-201407021529000033', 'T', 0, '-201407021529000011', 1, '-201407021529000011')
/
INSERT INTO KRMS_PROP_PARM_T (PROP_PARM_ID, PARM_TYP_CD, SEQ_NO, PARM_VAL, VER_NBR, PROP_ID) VALUES ('-201407021529000035', 'O', 2, '=', 1, '-201407021529000011')
/
INSERT INTO KRMS_RULE_T (RULE_ID, ACTV, DESC_TXT, NM, NMSPC_CD, TYP_ID, VER_NBR, PROP_ID) VALUES ('-201407021529000011', 'Y', '', 'cb18bd21-ddfc-4a09-88ba-3a4ed56a0e33:10005:1', 'KS-SYS', '10005', 1, '-201407021529000011')
/
INSERT INTO KRMS_AGENDA_ITM_T (AGENDA_ITM_ID, AGENDA_ID, ALWAYS, RULE_ID, SUB_AGENDA_ID, VER_NBR, WHEN_FALSE, WHEN_TRUE) VALUES ('-201407021529000010', '-201407021529000005', '', '-201407021529000011', '', 1, '', '')
/
INSERT INTO KRMS_AGENDA_ITM_T (AGENDA_ITM_ID, AGENDA_ID, ALWAYS, RULE_ID, SUB_AGENDA_ID, VER_NBR, WHEN_FALSE, WHEN_TRUE) VALUES ('-201407021529000011', '-201407021529000005', '', '-201407021529000010', '', 1, '', '-201407021529000010')
/
UPDATE KRMS_AGENDA_T SET INIT_AGENDA_ITM_ID = '-201407021529000011', VER_NBR = 2 WHERE ((AGENDA_ID = '-201407021529000005') AND (VER_NBR = 1))
/
INSERT INTO KRMS_AGENDA_T (AGENDA_ID, ACTV, CNTXT_ID, INIT_AGENDA_ITM_ID, NM, TYP_ID, VER_NBR) VALUES ('-201407021529000006', 'Y', '10000', '', 'b8bd3ace-2461-4b82-88a4-c113c26a2621:10002:1', '10002', 1)
/
INSERT INTO KRMS_REF_OBJ_KRMS_OBJ_T (REF_OBJ_KRMS_OBJ_ID, ACTV, COLLECTION_NM, KRMS_DSCR_TYP, KRMS_OBJ_ID, NMSPC_CD, REF_DSCR_TYP, REF_OBJ_ID, VER_NBR) VALUES ('-201407021529000006', 'N', '', 'Agenda', '-201407021529000006', 'KS-SYS', 'http://student.kuali.org/wsdl/courseOffering/CourseOfferingInfo', 'b8bd3ace-2461-4b82-88a4-c113c26a2621', 1)
/
INSERT INTO KRMS_TERM_T (TERM_ID, DESC_TXT, TERM_SPEC_ID, VER_NBR) VALUES ('-201407021529000012', '', 'KS-KRMS-TERM-SPEC-10014', 1)
/
INSERT INTO KRMS_TERM_PARM_T (TERM_PARM_ID, NM, VAL, VER_NBR, TERM_ID) VALUES ('-201407021529000010', 'kuali.term.parameter.type.course.clu.id', '8af491cf-9c23-409e-adc8-dc184dcbced6', 1, '-201407021529000012')
/
INSERT INTO KRMS_PROP_T (PROP_ID, CMPND_OP_CD, CMPND_SEQ_NO, DESC_TXT, DSCRM_TYP_CD, RULE_ID, TYP_ID, VER_NBR) VALUES ('-201407021529000012', '', '', '', 'S', '-201407021529000012', '10030', 1)
/
INSERT INTO KRMS_PROP_PARM_T (PROP_PARM_ID, PARM_TYP_CD, SEQ_NO, PARM_VAL, VER_NBR, PROP_ID) VALUES ('-201407021529000038', 'O', 2, '=', 1, '-201407021529000012')
/
INSERT INTO KRMS_PROP_PARM_T (PROP_PARM_ID, PARM_TYP_CD, SEQ_NO, PARM_VAL, VER_NBR, PROP_ID) VALUES ('-201407021529000036', 'T', 0, '-201407021529000012', 1, '-201407021529000012')
/
INSERT INTO KRMS_PROP_PARM_T (PROP_PARM_ID, PARM_TYP_CD, SEQ_NO, PARM_VAL, VER_NBR, PROP_ID) VALUES ('-201407021529000037', 'C', 1, 'true', 1, '-201407021529000012')
/
INSERT INTO KRMS_RULE_T (RULE_ID, ACTV, DESC_TXT, NM, NMSPC_CD, TYP_ID, VER_NBR, PROP_ID) VALUES ('-201407021529000012', 'Y', '', 'b8bd3ace-2461-4b82-88a4-c113c26a2621:10006:1', 'KS-SYS', '10006', 1, '-201407021529000012')
/
INSERT INTO KRMS_AGENDA_ITM_T (AGENDA_ITM_ID, AGENDA_ID, ALWAYS, RULE_ID, SUB_AGENDA_ID, VER_NBR, WHEN_FALSE, WHEN_TRUE) VALUES ('-201407021529000012', '-201407021529000006', '', '-201407021529000012', '', 1, '', '')
/
UPDATE KRMS_AGENDA_T SET INIT_AGENDA_ITM_ID = '-201407021529000012', VER_NBR = 2 WHERE ((AGENDA_ID = '-201407021529000006') AND (VER_NBR = 1))
/
INSERT INTO KRMS_AGENDA_T (AGENDA_ID, ACTV, CNTXT_ID, INIT_AGENDA_ITM_ID, NM, TYP_ID, VER_NBR) VALUES ('-201407021529000009', 'Y', '10000', '', '061b9d4a-4727-494d-be1c-a59696420025:10002:1', '10002', 1)
/
INSERT INTO KRMS_REF_OBJ_KRMS_OBJ_T (REF_OBJ_KRMS_OBJ_ID, ACTV, COLLECTION_NM, KRMS_DSCR_TYP, KRMS_OBJ_ID, NMSPC_CD, REF_DSCR_TYP, REF_OBJ_ID, VER_NBR) VALUES ('-201407021529000009', 'N', '', 'Agenda', '-201407021529000009', 'KS-SYS', 'http://student.kuali.org/wsdl/courseOffering/ActivityOfferingInfo', '061b9d4a-4727-494d-be1c-a59696420025', 1)
/
INSERT INTO KRMS_TERM_T (TERM_ID, DESC_TXT, TERM_SPEC_ID, VER_NBR) VALUES ('-201407021529000016', '', 'KS-KRMS-TERM-SPEC-10008', 1)
/
INSERT INTO KRMS_TERM_PARM_T (TERM_PARM_ID, NM, VAL, VER_NBR, TERM_ID) VALUES ('-201407021529000014', 'kuali.term.parameter.type.course.clu.id', 'ec13ba99-9ae4-4e0d-a3f5-67c7846ee039', 1, '-201407021529000016')
/
INSERT INTO KRMS_PROP_T (PROP_ID, CMPND_OP_CD, CMPND_SEQ_NO, DESC_TXT, DSCRM_TYP_CD, RULE_ID, TYP_ID, VER_NBR) VALUES ('-201407021529000016', '', '', '', 'S', '-201407021529000016', '10017', 1)
/
INSERT INTO KRMS_PROP_PARM_T (PROP_PARM_ID, PARM_TYP_CD, SEQ_NO, PARM_VAL, VER_NBR, PROP_ID) VALUES ('-201407021529000050', 'O', 2, '=', 1, '-201407021529000016')
/
INSERT INTO KRMS_PROP_PARM_T (PROP_PARM_ID, PARM_TYP_CD, SEQ_NO, PARM_VAL, VER_NBR, PROP_ID) VALUES ('-201407021529000049', 'C', 1, 'true', 1, '-201407021529000016')
/
INSERT INTO KRMS_PROP_PARM_T (PROP_PARM_ID, PARM_TYP_CD, SEQ_NO, PARM_VAL, VER_NBR, PROP_ID) VALUES ('-201407021529000048', 'T', 0, '-201407021529000016', 1, '-201407021529000016')
/
INSERT INTO KRMS_RULE_T (RULE_ID, ACTV, DESC_TXT, NM, NMSPC_CD, TYP_ID, VER_NBR, PROP_ID) VALUES ('-201407021529000016', 'Y', '', '061b9d4a-4727-494d-be1c-a59696420025:10010:1', 'KS-SYS', '10010', 1, '-201407021529000016')
/
INSERT INTO KRMS_TERM_T (TERM_ID, DESC_TXT, TERM_SPEC_ID, VER_NBR) VALUES ('-201407021529000017', '', 'KS-KRMS-TERM-SPEC-10014', 1)
/
INSERT INTO KRMS_TERM_PARM_T (TERM_PARM_ID, NM, VAL, VER_NBR, TERM_ID) VALUES ('-201407021529000015', 'kuali.term.parameter.type.course.clu.id', '0e8845d8-8e30-4633-acec-b5b0dbed530f', 1, '-201407021529000017')
/
INSERT INTO KRMS_PROP_T (PROP_ID, CMPND_OP_CD, CMPND_SEQ_NO, DESC_TXT, DSCRM_TYP_CD, RULE_ID, TYP_ID, VER_NBR) VALUES ('-201407021529000017', '', '', '', 'S', '-201407021529000017', '10030', 1)
/
INSERT INTO KRMS_PROP_PARM_T (PROP_PARM_ID, PARM_TYP_CD, SEQ_NO, PARM_VAL, VER_NBR, PROP_ID) VALUES ('-201407021529000053', 'O', 2, '=', 1, '-201407021529000017')
/
INSERT INTO KRMS_PROP_PARM_T (PROP_PARM_ID, PARM_TYP_CD, SEQ_NO, PARM_VAL, VER_NBR, PROP_ID) VALUES ('-201407021529000051', 'T', 0, '-201407021529000017', 1, '-201407021529000017')
/
INSERT INTO KRMS_PROP_PARM_T (PROP_PARM_ID, PARM_TYP_CD, SEQ_NO, PARM_VAL, VER_NBR, PROP_ID) VALUES ('-201407021529000052', 'C', 1, 'true', 1, '-201407021529000017')
/
INSERT INTO KRMS_RULE_T (RULE_ID, ACTV, DESC_TXT, NM, NMSPC_CD, TYP_ID, VER_NBR, PROP_ID) VALUES ('-201407021529000017', 'Y', '', '061b9d4a-4727-494d-be1c-a59696420025:10006:1', 'KS-SYS', '10006', 1, '-201407021529000017')
/
INSERT INTO KRMS_AGENDA_ITM_T (AGENDA_ITM_ID, AGENDA_ID, ALWAYS, RULE_ID, SUB_AGENDA_ID, VER_NBR, WHEN_FALSE, WHEN_TRUE) VALUES ('-201407021529000016', '-201407021529000009', '', '-201407021529000017', '', 1, '', '')
/
INSERT INTO KRMS_AGENDA_ITM_T (AGENDA_ITM_ID, AGENDA_ID, ALWAYS, RULE_ID, SUB_AGENDA_ID, VER_NBR, WHEN_FALSE, WHEN_TRUE) VALUES ('-201407021529000017', '-201407021529000009', '', '-201407021529000016', '', 1, '', '-201407021529000016')
/
UPDATE KRMS_AGENDA_T SET INIT_AGENDA_ITM_ID = '-201407021529000017', VER_NBR = 2 WHERE ((AGENDA_ID = '-201407021529000009') AND (VER_NBR = 1))
/
INSERT INTO KRMS_AGENDA_T (AGENDA_ID, ACTV, CNTXT_ID, INIT_AGENDA_ITM_ID, NM, TYP_ID, VER_NBR) VALUES ('-201407021529000010', 'Y', '10000', '', '3d58ba6e-407c-407f-8a11-43c5b79c38e9:10002:1', '10002', 1)
/
INSERT INTO KRMS_REF_OBJ_KRMS_OBJ_T (REF_OBJ_KRMS_OBJ_ID, ACTV, COLLECTION_NM, KRMS_DSCR_TYP, KRMS_OBJ_ID, NMSPC_CD, REF_DSCR_TYP, REF_OBJ_ID, VER_NBR) VALUES ('-201407021529000010', 'N', '', 'Agenda', '-201407021529000010', 'KS-SYS', 'http://student.kuali.org/wsdl/courseOffering/ActivityOfferingInfo', '3d58ba6e-407c-407f-8a11-43c5b79c38e9', 1)
/
INSERT INTO KRMS_TERM_T (TERM_ID, DESC_TXT, TERM_SPEC_ID, VER_NBR) VALUES ('-201407021529000018', '', 'KS-KRMS-TERM-SPEC-10014', 1)
/
INSERT INTO KRMS_TERM_PARM_T (TERM_PARM_ID, NM, VAL, VER_NBR, TERM_ID) VALUES ('-201407021529000016', 'kuali.term.parameter.type.course.clu.id', '0e8845d8-8e30-4633-acec-b5b0dbed530f', 1, '-201407021529000018')
/
INSERT INTO KRMS_PROP_T (PROP_ID, CMPND_OP_CD, CMPND_SEQ_NO, DESC_TXT, DSCRM_TYP_CD, RULE_ID, TYP_ID, VER_NBR) VALUES ('-201407021529000018', '', '', '', 'S', '-201407021529000018', '10030', 1)
/
INSERT INTO KRMS_PROP_PARM_T (PROP_PARM_ID, PARM_TYP_CD, SEQ_NO, PARM_VAL, VER_NBR, PROP_ID) VALUES ('-201407021529000056', 'O', 2, '=', 1, '-201407021529000018')
/
INSERT INTO KRMS_PROP_PARM_T (PROP_PARM_ID, PARM_TYP_CD, SEQ_NO, PARM_VAL, VER_NBR, PROP_ID) VALUES ('-201407021529000055', 'C', 1, 'true', 1, '-201407021529000018')
/
INSERT INTO KRMS_PROP_PARM_T (PROP_PARM_ID, PARM_TYP_CD, SEQ_NO, PARM_VAL, VER_NBR, PROP_ID) VALUES ('-201407021529000054', 'T', 0, '-201407021529000018', 1, '-201407021529000018')
/
INSERT INTO KRMS_RULE_T (RULE_ID, ACTV, DESC_TXT, NM, NMSPC_CD, TYP_ID, VER_NBR, PROP_ID) VALUES ('-201407021529000018', 'Y', '', '3d58ba6e-407c-407f-8a11-43c5b79c38e9:10006:1', 'KS-SYS', '10006', 1, '-201407021529000018')
/
INSERT INTO KRMS_TERM_T (TERM_ID, DESC_TXT, TERM_SPEC_ID, VER_NBR) VALUES ('-201407021529000019', '', 'KS-KRMS-TERM-SPEC-10008', 1)
/
INSERT INTO KRMS_TERM_PARM_T (TERM_PARM_ID, NM, VAL, VER_NBR, TERM_ID) VALUES ('-201407021529000017', 'kuali.term.parameter.type.course.clu.id', '8a19e520-93d8-409e-b104-fbe75b460ac1', 1, '-201407021529000019')
/
INSERT INTO KRMS_PROP_T (PROP_ID, CMPND_OP_CD, CMPND_SEQ_NO, DESC_TXT, DSCRM_TYP_CD, RULE_ID, TYP_ID, VER_NBR) VALUES ('-201407021529000019', '', '', '', 'S', '-201407021529000019', '10032', 1)
/
INSERT INTO KRMS_PROP_PARM_T (PROP_PARM_ID, PARM_TYP_CD, SEQ_NO, PARM_VAL, VER_NBR, PROP_ID) VALUES ('-201407021529000057', 'T', 0, '-201407021529000019', 1, '-201407021529000019')
/
INSERT INTO KRMS_PROP_PARM_T (PROP_PARM_ID, PARM_TYP_CD, SEQ_NO, PARM_VAL, VER_NBR, PROP_ID) VALUES ('-201407021529000058', 'C', 1, 'false', 1, '-201407021529000019')
/
INSERT INTO KRMS_PROP_PARM_T (PROP_PARM_ID, PARM_TYP_CD, SEQ_NO, PARM_VAL, VER_NBR, PROP_ID) VALUES ('-201407021529000059', 'O', 2, '=', 1, '-201407021529000019')
/
INSERT INTO KRMS_RULE_T (RULE_ID, ACTV, DESC_TXT, NM, NMSPC_CD, TYP_ID, VER_NBR, PROP_ID) VALUES ('-201407021529000019', 'Y', '', '3d58ba6e-407c-407f-8a11-43c5b79c38e9:10005:1', 'KS-SYS', '10005', 1, '-201407021529000019')
/
INSERT INTO KRMS_AGENDA_ITM_T (AGENDA_ITM_ID, AGENDA_ID, ALWAYS, RULE_ID, SUB_AGENDA_ID, VER_NBR, WHEN_FALSE, WHEN_TRUE) VALUES ('-201407021529000018', '-201407021529000010', '', '-201407021529000019', '', 1, '', '')
/
INSERT INTO KRMS_AGENDA_ITM_T (AGENDA_ITM_ID, AGENDA_ID, ALWAYS, RULE_ID, SUB_AGENDA_ID, VER_NBR, WHEN_FALSE, WHEN_TRUE) VALUES ('-201407021529000019', '-201407021529000010', '', '-201407021529000018', '', 1, '', '-201407021529000018')
/
UPDATE KRMS_AGENDA_T SET INIT_AGENDA_ITM_ID = '-201407021529000019', VER_NBR = 2 WHERE ((AGENDA_ID = '-201407021529000010') AND (VER_NBR = 1))
/
INSERT INTO KRMS_AGENDA_T (AGENDA_ID, ACTV, CNTXT_ID, INIT_AGENDA_ITM_ID, NM, TYP_ID, VER_NBR) VALUES ('-201407021529000011', 'Y', '10000', '', '1975bf0d-a601-4dd4-a2e9-dfe684ebb29f:10002:1', '10002', 1)
/
INSERT INTO KRMS_REF_OBJ_KRMS_OBJ_T (REF_OBJ_KRMS_OBJ_ID, ACTV, COLLECTION_NM, KRMS_DSCR_TYP, KRMS_OBJ_ID, NMSPC_CD, REF_DSCR_TYP, REF_OBJ_ID, VER_NBR) VALUES ('-201407021529000011', 'N', '', 'Agenda', '-201407021529000011', 'KS-SYS', 'http://student.kuali.org/wsdl/courseOffering/ActivityOfferingInfo', '1975bf0d-a601-4dd4-a2e9-dfe684ebb29f', 1)
/
INSERT INTO KRMS_TERM_T (TERM_ID, DESC_TXT, TERM_SPEC_ID, VER_NBR) VALUES ('-201407021529000020', '', 'KS-KRMS-TERM-SPEC-10008', 1)
/
INSERT INTO KRMS_TERM_PARM_T (TERM_PARM_ID, NM, VAL, VER_NBR, TERM_ID) VALUES ('-201407021529000018', 'kuali.term.parameter.type.course.clu.id', '515df57a-b171-43ed-a2c6-badaf47b348a', 1, '-201407021529000020')
/
INSERT INTO KRMS_PROP_T (PROP_ID, CMPND_OP_CD, CMPND_SEQ_NO, DESC_TXT, DSCRM_TYP_CD, RULE_ID, TYP_ID, VER_NBR) VALUES ('-201407021529000020', '', '', '', 'S', '-201407021529000020', '10017', 1)
/
INSERT INTO KRMS_PROP_PARM_T (PROP_PARM_ID, PARM_TYP_CD, SEQ_NO, PARM_VAL, VER_NBR, PROP_ID) VALUES ('-201407021529000062', 'O', 2, '=', 1, '-201407021529000020')
/
INSERT INTO KRMS_PROP_PARM_T (PROP_PARM_ID, PARM_TYP_CD, SEQ_NO, PARM_VAL, VER_NBR, PROP_ID) VALUES ('-201407021529000060', 'T', 0, '-201407021529000020', 1, '-201407021529000020')
/
INSERT INTO KRMS_PROP_PARM_T (PROP_PARM_ID, PARM_TYP_CD, SEQ_NO, PARM_VAL, VER_NBR, PROP_ID) VALUES ('-201407021529000061', 'C', 1, 'true', 1, '-201407021529000020')
/
INSERT INTO KRMS_RULE_T (RULE_ID, ACTV, DESC_TXT, NM, NMSPC_CD, TYP_ID, VER_NBR, PROP_ID) VALUES ('-201407021529000020', 'Y', '', '1975bf0d-a601-4dd4-a2e9-dfe684ebb29f:10010:1', 'KS-SYS', '10010', 1, '-201407021529000020')
/
INSERT INTO KRMS_AGENDA_ITM_T (AGENDA_ITM_ID, AGENDA_ID, ALWAYS, RULE_ID, SUB_AGENDA_ID, VER_NBR, WHEN_FALSE, WHEN_TRUE) VALUES ('-201407021529000020', '-201407021529000011', '', '-201407021529000020', '', 1, '', '')
/
UPDATE KRMS_AGENDA_T SET INIT_AGENDA_ITM_ID = '-201407021529000020', VER_NBR = 2 WHERE ((AGENDA_ID = '-201407021529000011') AND (VER_NBR = 1))
/
INSERT INTO KRMS_AGENDA_T (AGENDA_ID, ACTV, CNTXT_ID, INIT_AGENDA_ITM_ID, NM, TYP_ID, VER_NBR) VALUES ('-201407022240000000', 'Y', '10000', '', '46a787ab-83b3-4abf-bad0-27251882f7d3:10002:1', '10002', 1)
/
INSERT INTO KRMS_REF_OBJ_KRMS_OBJ_T (REF_OBJ_KRMS_OBJ_ID, ACTV, COLLECTION_NM, KRMS_DSCR_TYP, KRMS_OBJ_ID, NMSPC_CD, REF_DSCR_TYP, REF_OBJ_ID, VER_NBR) VALUES ('-201407022240000000', 'N', '', 'Agenda', '-201407022240000000', 'KS-SYS', 'http://student.kuali.org/wsdl/courseOffering/ActivityOfferingInfo', '46a787ab-83b3-4abf-bad0-27251882f7d3', 1)
/
INSERT INTO KRMS_TERM_T (TERM_ID, DESC_TXT, TERM_SPEC_ID, VER_NBR) VALUES ('-201407022240000000', '', 'KS-KRMS-TERM-SPEC-10008', 1)
/
INSERT INTO KRMS_TERM_PARM_T (TERM_PARM_ID, NM, VAL, VER_NBR, TERM_ID) VALUES ('-201407022240000000', 'kuali.term.parameter.type.course.clu.id', '4960877d-ddcc-4f8e-851e-d576d290f4c8', 1, '-201407022240000000')
/
INSERT INTO KRMS_PROP_T (PROP_ID, CMPND_OP_CD, CMPND_SEQ_NO, DESC_TXT, DSCRM_TYP_CD, RULE_ID, TYP_ID, VER_NBR) VALUES ('-201407022240000000', '', '', '', 'S', '-201407022240000000', '10017', 1)
/
INSERT INTO KRMS_PROP_PARM_T (PROP_PARM_ID, PARM_TYP_CD, SEQ_NO, PARM_VAL, VER_NBR, PROP_ID) VALUES ('-201407022240000002', 'O', 2, '=', 1, '-201407022240000000')
/
INSERT INTO KRMS_PROP_PARM_T (PROP_PARM_ID, PARM_TYP_CD, SEQ_NO, PARM_VAL, VER_NBR, PROP_ID) VALUES ('-201407022240000001', 'C', 1, 'true', 1, '-201407022240000000')
/
INSERT INTO KRMS_PROP_PARM_T (PROP_PARM_ID, PARM_TYP_CD, SEQ_NO, PARM_VAL, VER_NBR, PROP_ID) VALUES ('-201407022240000000', 'T', 0, '-201407022240000000', 1, '-201407022240000000')
/
INSERT INTO KRMS_RULE_T (RULE_ID, ACTV, DESC_TXT, NM, NMSPC_CD, TYP_ID, VER_NBR, PROP_ID) VALUES ('-201407022240000000', 'Y', '', '46a787ab-83b3-4abf-bad0-27251882f7d3:10010:1', 'KS-SYS', '10010', 1, '-201407022240000000')
/
INSERT INTO KRMS_AGENDA_ITM_T (AGENDA_ITM_ID, AGENDA_ID, ALWAYS, RULE_ID, SUB_AGENDA_ID, VER_NBR, WHEN_FALSE, WHEN_TRUE) VALUES ('-201407022240000000', '-201407022240000000', '', '-201407022240000000', '', 1, '', '')
/
UPDATE KRMS_AGENDA_T SET INIT_AGENDA_ITM_ID = '-201407022240000000', VER_NBR = 2 WHERE ((AGENDA_ID = '-201407022240000000') AND (VER_NBR = 1))
/
INSERT INTO KRMS_AGENDA_T (AGENDA_ID, ACTV, CNTXT_ID, INIT_AGENDA_ITM_ID, NM, TYP_ID, VER_NBR) VALUES ('-201407022236000001', 'Y', '10000', '', '6fc121ba-50a6-4091-a7c6-bca1df84ee37:10002:1', '10002', 1)
/
INSERT INTO KRMS_REF_OBJ_KRMS_OBJ_T (REF_OBJ_KRMS_OBJ_ID, ACTV, COLLECTION_NM, KRMS_DSCR_TYP, KRMS_OBJ_ID, NMSPC_CD, REF_DSCR_TYP, REF_OBJ_ID, VER_NBR) VALUES ('-201407022236000001', 'N', '', 'Agenda', '-201407022236000001', 'KS-SYS', 'http://student.kuali.org/wsdl/courseOffering/ActivityOfferingInfo', '6fc121ba-50a6-4091-a7c6-bca1df84ee37', 1)
/
INSERT INTO KRMS_TERM_T (TERM_ID, DESC_TXT, TERM_SPEC_ID, VER_NBR) VALUES ('-201407022236000001', '', 'KS-KRMS-TERM-SPEC-10008', 1)
/
INSERT INTO KRMS_TERM_PARM_T (TERM_PARM_ID, NM, VAL, VER_NBR, TERM_ID) VALUES ('-201407022236000001', 'kuali.term.parameter.type.course.clu.id', 'b15b4597-ffca-41a7-9827-b57378fc0d1d', 1, '-201407022236000001')
/
INSERT INTO KRMS_PROP_T (PROP_ID, CMPND_OP_CD, CMPND_SEQ_NO, DESC_TXT, DSCRM_TYP_CD, RULE_ID, TYP_ID, VER_NBR) VALUES ('-201407022236000001', '', '', '', 'S', '-201407022236000001', '10032', 1)
/
INSERT INTO KRMS_PROP_PARM_T (PROP_PARM_ID, PARM_TYP_CD, SEQ_NO, PARM_VAL, VER_NBR, PROP_ID) VALUES ('-201407022236000003', 'T', 0, '-201407022236000001', 1, '-201407022236000001')
/
INSERT INTO KRMS_PROP_PARM_T (PROP_PARM_ID, PARM_TYP_CD, SEQ_NO, PARM_VAL, VER_NBR, PROP_ID) VALUES ('-201407022236000005', 'O', 2, '=', 1, '-201407022236000001')
/
INSERT INTO KRMS_PROP_PARM_T (PROP_PARM_ID, PARM_TYP_CD, SEQ_NO, PARM_VAL, VER_NBR, PROP_ID) VALUES ('-201407022236000004', 'C', 1, 'false', 1, '-201407022236000001')
/
INSERT INTO KRMS_RULE_T (RULE_ID, ACTV, DESC_TXT, NM, NMSPC_CD, TYP_ID, VER_NBR, PROP_ID) VALUES ('-201407022236000001', 'Y', '', '6fc121ba-50a6-4091-a7c6-bca1df84ee37:10005:1', 'KS-SYS', '10005', 1, '-201407022236000001')
/
INSERT INTO KRMS_AGENDA_ITM_T (AGENDA_ITM_ID, AGENDA_ID, ALWAYS, RULE_ID, SUB_AGENDA_ID, VER_NBR, WHEN_FALSE, WHEN_TRUE) VALUES ('-201407022236000001', '-201407022236000001', '', '-201407022236000001', '', 1, '', '')
/
UPDATE KRMS_AGENDA_T SET INIT_AGENDA_ITM_ID = '-201407022236000001', VER_NBR = 2 WHERE ((AGENDA_ID = '-201407022236000001') AND (VER_NBR = 1))
/
