--This script was created using the instructions at https://wiki.kuali.org/display/STUDENT/How+to+Create+A+Sql+Script+For+Term+Rollover
--It is a "replay" of a rollover from 201200 to 201400, approval of most CO/AO's and publishing of the term:w
insert into KSEN_SOC_ROR (OBJ_ID, VER_NBR, CREATEID, CREATETIME, UPDATEID, UPDATETIME, ITEMS_EXPECTED, ITEMS_PROCESSED, MESG_FORMATTED, MESG_PLAIN, SOC_ROR_STATE, SOC_ROR_TYPE, SOURCE_SOC_ID, TARGET_SOC_ID, TARGET_TERM_ID, ID) values ('6e2a25c1-aaf9-456e-ad2f-aaedbf1d08ae', 0, 'admin', TIMESTAMP '2014-02-06 10:34:38.883', 'admin', TIMESTAMP '2014-02-06 10:34:38.883', '', '', '', '', 'kuali.soc.rollover.state.submitted', 'kuali.soc.rollover.results.type.rollover', '03192a24-765a-4b9d-b638-5158430e09c8', '59BBF768-1CB7-4C50-93AD-C6D92D6DC7A0', 'kuali.atp.2014Winter', '66f7714b-77e9-4b8b-9783-90ab342086e0')
/
insert into KSEN_SOC_ROR_ATTR (OBJ_ID, ATTR_KEY, OWNER_ID, ATTR_VALUE, ID) values ('8173285d-fc4f-4a0b-a793-e7a5c270f763', 'kuali.soc.rollover.result.dynattr.course.offerings.created', '66f7714b-77e9-4b8b-9783-90ab342086e0', '0', '976efcbe-5d4e-49e6-877d-d006f9a2bcd0')
/
insert into KSEN_SOC_ROR_ATTR (OBJ_ID, ATTR_KEY, OWNER_ID, ATTR_VALUE, ID) values ('a2e9d4d4-b8ca-4775-ab84-2ad469abf8d2', 'kuali.soc.rollover.result.dynattr.date.completed', '66f7714b-77e9-4b8b-9783-90ab342086e0', '2014 Feb 6 10:34:39 America/New_York', '57c0a482-b718-48db-9a9d-16886eb8fbfe')
/
insert into KSEN_SOC_ROR_ATTR (OBJ_ID, ATTR_KEY, OWNER_ID, ATTR_VALUE, ID) values ('d83f26bf-e89c-4659-a0a2-719f10b01739', 'kuali.soc.rollover.result.dynattr.date.initiated', '66f7714b-77e9-4b8b-9783-90ab342086e0', '2014 Feb 6 10:34:39 America/New_York', 'adac739b-5b78-446d-ae56-7762a7d33d31')
/
insert into KSEN_SOC_ROR_ATTR (OBJ_ID, ATTR_KEY, OWNER_ID, ATTR_VALUE, ID) values ('2f61882d-33ad-45be-9132-970de004afb5', 'kuali.soc.rollover.result.dynattr.course.offerings.skipped', '66f7714b-77e9-4b8b-9783-90ab342086e0', '0', '15c99cd3-1b4a-4302-9f86-ace91357edf6')
/
insert into KSEN_SOC_ROR_ATTR (OBJ_ID, ATTR_KEY, OWNER_ID, ATTR_VALUE, ID) values ('650b1912-765b-4db5-b82f-b90618df08cc', 'kuali.soc.rollover.result.dynattr.activity.offerings.created', '66f7714b-77e9-4b8b-9783-90ab342086e0', '0', 'dec12297-811f-4c92-8d5c-ce65c7620ff2')
/
insert into KSEN_SOC_ROR_ATTR (OBJ_ID, ATTR_KEY, OWNER_ID, ATTR_VALUE, ID) values ('06a0e10c-41ae-4ab6-8a82-efa68fdb3829', 'kuali.soc.rollover.result.dynattr.activity.offerings.skipped', '66f7714b-77e9-4b8b-9783-90ab342086e0', '0', '48bf0ebc-d1f5-4170-8fdd-9d57babb7331')
/
insert into KSEN_SOC_ROR_OPTION (OPTION_ID, ROR_ID, ID) values ('kuali.rollover.whatcourses.ifnonewversion', '66f7714b-77e9-4b8b-9783-90ab342086e0', '88cc9af7-7655-4505-b8a5-d9c824827ee9')
/
insert into KSEN_SOC_ROR_OPTION (OPTION_ID, ROR_ID, ID) values ('kuali.rollover.processing.log.successes', '66f7714b-77e9-4b8b-9783-90ab342086e0', '59269815-0b1a-447b-ad5a-a6a5d9cf99d7')
/
insert into KSEN_SOC_ROR_OPTION (OPTION_ID, ROR_ID, ID) values ('kuali.rollover.option.targetterm.validated', '66f7714b-77e9-4b8b-9783-90ab342086e0', '4afbd24e-ac33-4316-a7d7-2884511da5a5')
/
update KSEN_SOC_ROR set OBJ_ID='6e2a25c1-aaf9-456e-ad2f-aaedbf1d08ae', VER_NBR=1, UPDATEID='admin', UPDATETIME=TIMESTAMP '2014-02-06 10:34:38.883', ITEMS_EXPECTED='', ITEMS_PROCESSED='', MESG_FORMATTED='', MESG_PLAIN='', SOC_ROR_STATE='kuali.soc.rollover.state.running', SOC_ROR_TYPE='kuali.soc.rollover.results.type.rollover', SOURCE_SOC_ID='03192a24-765a-4b9d-b638-5158430e09c8', TARGET_SOC_ID='59BBF768-1CB7-4C50-93AD-C6D92D6DC7A0', TARGET_TERM_ID='kuali.atp.2014Winter' where ID='66f7714b-77e9-4b8b-9783-90ab342086e0' and VER_NBR=0
/
update KSEN_SOC_ROR set OBJ_ID='6e2a25c1-aaf9-456e-ad2f-aaedbf1d08ae', VER_NBR=2, UPDATEID='admin', UPDATETIME=TIMESTAMP '2014-02-06 10:34:38.883', ITEMS_EXPECTED=48, ITEMS_PROCESSED=0, MESG_FORMATTED='', MESG_PLAIN='', SOC_ROR_STATE='kuali.soc.rollover.state.running', SOC_ROR_TYPE='kuali.soc.rollover.results.type.rollover', SOURCE_SOC_ID='03192a24-765a-4b9d-b638-5158430e09c8', TARGET_SOC_ID='59BBF768-1CB7-4C50-93AD-C6D92D6DC7A0', TARGET_TERM_ID='kuali.atp.2014Winter' where ID='66f7714b-77e9-4b8b-9783-90ab342086e0' and VER_NBR=1
/
insert into KSEN_LUI (OBJ_ID, VER_NBR, CREATEID, CREATETIME, UPDATEID, UPDATETIME, ATP_ID, CLU_ID, EFF_DT, EXPIR_DT, DESCR_FORMATTED, LUI_STATE, LUI_TYPE, MAX_SEATS, MIN_SEATS, NAME, DESCR_PLAIN, REF_URL, ID) values ('a3ff0164-3eab-48e4-9524-78b080fe7538', 0, 'admin', TIMESTAMP '2014-02-06 10:34:38.883', 'admin', TIMESTAMP '2014-02-06 10:34:38.883', 'kuali.atp.2014Winter', 'CLUID-CHEM640-198708000000', TIMESTAMP '2014-01-02 00:00:00.0', '', 'A tutorial type course dealing with the basic description of the fundamentals of writing organic reaction mechanisms.', 'kuali.lui.course.offering.state.draft', 'kuali.lui.type.course.offering', '', '', 'CHEM640 CO', 'A tutorial type course dealing with the basic description of the fundamentals of writing organic reaction mechanisms.', null, '020da075-2ae1-47ca-8a8e-6d3860eb5207')
/
insert into KSEN_LUI_ATTR (OBJ_ID, ATTR_KEY, OWNER_ID, ATTR_VALUE, ID) values ('04318ace-73f7-40df-9340-f282f0942fa1', 'kuali.attribute.final.exam.indicator', '020da075-2ae1-47ca-8a8e-6d3860eb5207', 'STANDARD', 'd1838968-34bc-432e-a129-a83194a84426')
/
insert into KSEN_LUI_ATTR (OBJ_ID, ATTR_KEY, OWNER_ID, ATTR_VALUE, ID) values ('8023e142-52ab-4810-a148-a330f39d3366', 'kuali.attribute.funding.source', '020da075-2ae1-47ca-8a8e-6d3860eb5207', '', '58d6ae47-29fe-44d2-9068-ff3db54a029c')
/
insert into KSEN_LUI_ATTR (OBJ_ID, ATTR_KEY, OWNER_ID, ATTR_VALUE, ID) values ('b7873703-1a04-44d5-85b3-2e7631a3cd99', 'kuali.attribute.wait.list.type.key', '020da075-2ae1-47ca-8a8e-6d3860eb5207', null, '8b22ee50-ab08-4baf-b4c7-e85ed4dc9d8f')
/
insert into KSEN_LUI_ATTR (OBJ_ID, ATTR_KEY, OWNER_ID, ATTR_VALUE, ID) values ('0163298d-81e0-4717-b537-a4b1181a2a96', 'kuali.attribute.final.exam.driver', '020da075-2ae1-47ca-8a8e-6d3860eb5207', 'kuali.lu.exam.driver.ActivityOffering', '817f6629-d4f0-41c8-bf86-714589c19687')
/
insert into KSEN_LUI_ATTR (OBJ_ID, ATTR_KEY, OWNER_ID, ATTR_VALUE, ID) values ('ac5aab27-b92a-45d0-86c9-e6820b58d1cb', 'kuali.attribute.course.evaluation.indicator', '020da075-2ae1-47ca-8a8e-6d3860eb5207', 0, 'f6748454-7846-4215-99be-2b843c5ca00f')
/
insert into KSEN_LUI_ATTR (OBJ_ID, ATTR_KEY, OWNER_ID, ATTR_VALUE, ID) values ('97614659-bddf-47f0-9547-17708b4dabea', 'kuali.attribute.final.exam.use.matrix', '020da075-2ae1-47ca-8a8e-6d3860eb5207', 1, 'dccd850a-828f-45bf-943d-a5cca5c489ff')
/
insert into KSEN_LUI_ATTR (OBJ_ID, ATTR_KEY, OWNER_ID, ATTR_VALUE, ID) values ('99198540-c73c-4a76-bdce-a61b14e01f85', 'kuali.attribute.course.number.internal.suffix', '020da075-2ae1-47ca-8a8e-6d3860eb5207', 'A', '943154fc-ced1-4bab-b671-9a6c255fa6c7')
/
insert into KSEN_LUI_ATTR (OBJ_ID, ATTR_KEY, OWNER_ID, ATTR_VALUE, ID) values ('47732065-235d-43d8-862b-e53699bb6104', 'kuali.attribute.where.fees.attached.flag', '020da075-2ae1-47ca-8a8e-6d3860eb5207', 0, '532b06ff-3841-4d30-ae3e-04a93d9ccb71')
/
insert into KSEN_LUI_ATTR (OBJ_ID, ATTR_KEY, OWNER_ID, ATTR_VALUE, ID) values ('afee6421-aded-4f44-88d5-231daedabe54', 'kuali.attribute.wait.list.indicator', '020da075-2ae1-47ca-8a8e-6d3860eb5207', 1, '5797f482-7096-4a87-acca-612cb102e86c')
/
insert into KSEN_LUI_ATTR (OBJ_ID, ATTR_KEY, OWNER_ID, ATTR_VALUE, ID) values ('1aa7643a-06b0-447b-bd29-ba5cd8b013cc', 'kuali.attribute.wait.list.level.type.key', '020da075-2ae1-47ca-8a8e-6d3860eb5207', 'AO', '68fdfc63-76c9-4349-aab9-7c3b5c1af91d')
/
insert into KSEN_LUI_IDENT (OBJ_ID, VER_NBR, CREATEID, CREATETIME, UPDATEID, UPDATETIME, LUI_CD, DIVISION, IDENT_LEVEL, LNG_NAME, LUI_ID, ORGID, SHRT_NAME, LUI_ID_STATE, SUFX_CD, LUI_ID_TYPE, VARTN, ID) values ('0abf6fc7-bf81-4bb8-bf88-fddf2c980c3c', 0, 'admin', TIMESTAMP '2014-02-06 10:34:38.883', 'admin', TIMESTAMP '2014-02-06 10:34:38.883', 'CHEM640', 'CHEM', '', 'Problems in Organic Reaction Mechanisms', '020da075-2ae1-47ca-8a8e-6d3860eb5207', '', '', 'kuali.lui.identifier.state.active', '', 'kuali.lui.identifier.type.official', '', '2d192dfb-620b-49c7-bb1d-0161a8278046')
/
insert into KSEN_LUI_LU_CD (OBJ_ID, VER_NBR, CREATEID, CREATETIME, UPDATEID, UPDATETIME, DESCR_FORMATTED, LUI_ID, DESCR_PLAIN, LUI_LUCD_TYPE, VALUE, ID) values ('53cc0463-a133-4a5a-975a-7fecb2eeec2c', 0, 'admin', TIMESTAMP '2014-02-06 10:34:38.883', 'admin', TIMESTAMP '2014-02-06 10:34:38.883', '', '020da075-2ae1-47ca-8a8e-6d3860eb5207', '', 'kuali.lu.code.honorsOffering', '', '105f5430-6c1b-4242-a521-38988542142f')
/
insert into KSEN_LUI_UNITS_DEPLOYMENT (LUI_ID, ORG_ID, ID) values ('020da075-2ae1-47ca-8a8e-6d3860eb5207', '4284516367', '8b7d8c6c-5ec7-41ac-ab0b-8ab9a4744cd2')
/
insert into KSEN_LUI_UNITS_CONT_OWNER (LUI_ID, ORG_ID) values ('020da075-2ae1-47ca-8a8e-6d3860eb5207', '4284516367')
/
insert into KSEN_LUI_RESULT_VAL_GRP (LUI_ID, RESULT_VAL_GRP_ID) values ('020da075-2ae1-47ca-8a8e-6d3860eb5207', 'kuali.resultComponent.grade.letter')
/
insert into KSEN_LUI_RESULT_VAL_GRP (LUI_ID, RESULT_VAL_GRP_ID) values ('020da075-2ae1-47ca-8a8e-6d3860eb5207', 'kuali.resultComponent.grade.audit')
/
insert into KSEN_LUI_RESULT_VAL_GRP (LUI_ID, RESULT_VAL_GRP_ID) values ('020da075-2ae1-47ca-8a8e-6d3860eb5207', 'kuali.creditType.credit.degree.1.0')
/
insert into KSEN_LUI (OBJ_ID, VER_NBR, CREATEID, CREATETIME, UPDATEID, UPDATETIME, ATP_ID, CLU_ID, EFF_DT, EXPIR_DT, DESCR_FORMATTED, LUI_STATE, LUI_TYPE, MAX_SEATS, MIN_SEATS, NAME, DESCR_PLAIN, REF_URL, ID) values ('39a42270-da49-46bf-ad47-3ed7ae467382', 0, 'admin', TIMESTAMP '2014-02-06 10:34:38.883', 'admin', TIMESTAMP '2014-02-06 10:34:38.883', 'kuali.atp.2014Winter', '46d57760-5695-452e-9789-e0ecb8704e76', '', '', 'Courses with Lecture only', 'kuali.lui.format.offering.state.draft', 'kuali.lui.type.course.format.offering', '', '', 'Lecture Only', 'Courses with Lecture only', '', '2ec5f9d0-a2ef-4e7f-979e-8ca14eec2369')
/
insert into KSEN_LUI_ATTR (OBJ_ID, ATTR_KEY, OWNER_ID, ATTR_VALUE, ID) values ('02bb80dd-951d-4d4b-aaf6-a68d000c1760', 'kuali.attribute.final.exam.level.type', '2ec5f9d0-a2ef-4e7f-979e-8ca14eec2369', 'kuali.lu.type.activity.Lecture', '027793b0-a296-44f1-9cb9-23177a0e4ac8')
/
insert into KSEN_LUI_ATTR (OBJ_ID, ATTR_KEY, OWNER_ID, ATTR_VALUE, ID) values ('43748531-7206-430c-b3c3-0d84fc7aa97e', 'kuali.attribute.grade.roster.level.type.key', '2ec5f9d0-a2ef-4e7f-979e-8ca14eec2369', 'kuali.lui.type.activity.offering.lecture', 'b5b84f4c-d93c-4225-9491-6b9fc956a7e6')
/
insert into KSEN_LUI_ATTR (OBJ_ID, ATTR_KEY, OWNER_ID, ATTR_VALUE, ID) values ('db3a8958-548f-4233-9eff-9ff662822fc0', 'regCodePrefix', '2ec5f9d0-a2ef-4e7f-979e-8ca14eec2369', '1', '37e61fd7-d5b4-4f6b-92a2-698b1e58f1ae')
/
insert into KSEN_LUI_IDENT (OBJ_ID, VER_NBR, CREATEID, CREATETIME, UPDATEID, UPDATETIME, LUI_CD, DIVISION, IDENT_LEVEL, LNG_NAME, LUI_ID, ORGID, SHRT_NAME, LUI_ID_STATE, SUFX_CD, LUI_ID_TYPE, VARTN, ID) values ('036b9a88-d61e-460e-b208-891fff8bc746', 0, 'admin', TIMESTAMP '2014-02-06 10:34:38.883', 'admin', TIMESTAMP '2014-02-06 10:34:38.883', '', '', '', 'Lecture Only', '2ec5f9d0-a2ef-4e7f-979e-8ca14eec2369', '', 'LEC', 'kuali.lui.identifier.state.active', '', 'kuali.lui.identifier.type.official', '', '7006b0b4-2722-43ba-b534-c8df77362148')
/
insert into KSEN_LUI_RELATED_LUI_TYPES (LUI_ID, RELATED_LUI_TYPE) values ('2ec5f9d0-a2ef-4e7f-979e-8ca14eec2369', 'kuali.lui.type.activity.offering.lecture')
/
insert into KSEN_LUILUI_RELTN (OBJ_ID, VER_NBR, CREATEID, CREATETIME, UPDATEID, UPDATETIME, EFF_DT, EXPIR_DT, DESCR_FORMATTED, LUI_ID, LUILUI_RELTN_STATE, LUILUI_RELTN_TYPE, NAME, DESCR_PLAIN, RELATED_LUI_ID, ID) values ('5baaa548-151b-413c-ab70-d241d2d52acb', 0, 'admin', TIMESTAMP '2014-02-06 10:34:38.883', 'admin', TIMESTAMP '2014-02-06 10:34:38.883', TIMESTAMP '2014-02-06 10:34:46.94', '', 'CHEM640-CO-FO', '020da075-2ae1-47ca-8a8e-6d3860eb5207', 'kuali.lui.lui.relation.state.active', 'kuali.lui.lui.relation.type.deliveredvia.co2fo', 'co-fo-relation', 'CHEM640-CO-FO', '2ec5f9d0-a2ef-4e7f-979e-8ca14eec2369', 'c5e1c4ad-af2c-420c-b066-29773cf576c1')
/
insert into KSEN_LUI (OBJ_ID, VER_NBR, CREATEID, CREATETIME, UPDATEID, UPDATETIME, ATP_ID, CLU_ID, EFF_DT, EXPIR_DT, DESCR_FORMATTED, LUI_STATE, LUI_TYPE, MAX_SEATS, MIN_SEATS, NAME, DESCR_PLAIN, REF_URL, ID) values ('3e0b8fc5-a7b7-4830-9cbd-878b3254a37d', 0, 'admin', TIMESTAMP '2014-02-06 10:34:38.883', 'admin', TIMESTAMP '2014-02-06 10:34:38.883', 'kuali.atp.2014Winter', '0843b8ef-6b97-4c97-a26b-11cbfbad831f', '', '', 'Courses with lecture', 'kuali.lui.activity.offering.state.draft', 'kuali.lui.type.activity.offering.lecture', 30, 30, 'Lecture', 'Courses with lecture', null, 'd1754b4c-8254-441f-9752-a008ee4ef3a7')
/
insert into KSEN_LUI_ATTR (OBJ_ID, ATTR_KEY, OWNER_ID, ATTR_VALUE, ID) values ('466f6f79-f70f-421f-9be5-2d300f89e7e7', 'kuali.attribute.course.evaluation.indicator', 'd1754b4c-8254-441f-9752-a008ee4ef3a7', 0, 'cf08bd91-2c36-453e-ab2c-314af687f31c')
/
insert into KSEN_LUI_ATTR (OBJ_ID, ATTR_KEY, OWNER_ID, ATTR_VALUE, ID) values ('b734ec49-2356-4457-ad60-b7b8a248320b', 'kuali.attribute.nonstd.ts.indicator', 'd1754b4c-8254-441f-9752-a008ee4ef3a7', 0, 'ade5c3fc-51a0-4c7b-aea2-69361d911b73')
/
insert into KSEN_LUI_ATTR (OBJ_ID, ATTR_KEY, OWNER_ID, ATTR_VALUE, ID) values ('1d76f71f-e07c-4712-b5d5-c29d0bcbccaf', 'kuali.attribute.max.enrollment.is.estimate', 'd1754b4c-8254-441f-9752-a008ee4ef3a7', 0, 'fffea340-f1ae-42ab-87b2-516318e912c1')
/
insert into KSEN_LUI_IDENT (OBJ_ID, VER_NBR, CREATEID, CREATETIME, UPDATEID, UPDATETIME, LUI_CD, DIVISION, IDENT_LEVEL, LNG_NAME, LUI_ID, ORGID, SHRT_NAME, LUI_ID_STATE, SUFX_CD, LUI_ID_TYPE, VARTN, ID) values ('ea102bbf-9a8c-4f7b-80d4-847974434cde', 0, 'admin', TIMESTAMP '2014-02-06 10:34:38.883', 'admin', TIMESTAMP '2014-02-06 10:34:38.883', 'A', '', '', '', 'd1754b4c-8254-441f-9752-a008ee4ef3a7', '', '', 'kuali.lui.identifier.state.active', '', 'kuali.lui.identifier.type.official', '', '6e69034b-360f-419f-81cb-f77a350a814a')
/
insert into KSEN_LUI_LU_CD (OBJ_ID, VER_NBR, CREATEID, CREATETIME, UPDATEID, UPDATETIME, DESCR_FORMATTED, LUI_ID, DESCR_PLAIN, LUI_LUCD_TYPE, VALUE, ID) values ('130cb85c-2a35-461e-9faf-123427309962', 0, 'admin', TIMESTAMP '2014-02-06 10:34:38.883', 'admin', TIMESTAMP '2014-02-06 10:34:38.883', '', 'd1754b4c-8254-441f-9752-a008ee4ef3a7', '', 'kuali.lu.code.honorsOffering', 0, '1c136474-b907-41e6-a97a-c0dc1153b186')
/
insert into KSEN_LPR (OBJ_ID, VER_NBR, CREATEID, CREATETIME, UPDATEID, UPDATETIME, ATP_ID, COMMIT_PERCT, CREDITS, EFF_DT, EXPIR_DT, GRADING_OPT_ID, LUI_ID, MASTER_LUI_ID, PERS_ID, LPR_STATE, LPR_TYPE, ID) values ('e9aeb8f7-c1e1-4fd6-9348-b7dd6656a675', 0, 'admin', TIMESTAMP '2014-02-06 10:34:38.883', 'admin', TIMESTAMP '2014-02-06 10:34:38.883', '', '100.00', '', TIMESTAMP '2014-02-06 10:34:47.356', '', '', 'd1754b4c-8254-441f-9752-a008ee4ef3a7', '', 'R.JULIEP', 'kuali.lpr.state.active', 'kuali.lpr.type.instructor.main', '77db84c4-2a30-4f58-b161-b8a27149fa06')
/
insert into KSEN_LUILUI_RELTN (OBJ_ID, VER_NBR, CREATEID, CREATETIME, UPDATEID, UPDATETIME, EFF_DT, EXPIR_DT, DESCR_FORMATTED, LUI_ID, LUILUI_RELTN_STATE, LUILUI_RELTN_TYPE, NAME, DESCR_PLAIN, RELATED_LUI_ID, ID) values ('61e54384-2b91-4340-9a78-9fd2acd6c3b4', 0, 'admin', TIMESTAMP '2014-02-06 10:34:38.883', 'admin', TIMESTAMP '2014-02-06 10:34:38.883', TIMESTAMP '2014-02-06 10:34:47.57', '', 'CHEM640-FO-AO', '2ec5f9d0-a2ef-4e7f-979e-8ca14eec2369', 'kuali.lui.lui.relation.state.active', 'kuali.lui.lui.relation.type.deliveredvia.fo2ao', 'fo-ao-relation', 'CHEM640-FO-AO', 'd1754b4c-8254-441f-9752-a008ee4ef3a7', 'bcc6280f-23ec-41dd-b9b2-80e26379aa8a')
/
insert into KSEN_SCHED_RQST_SET (OBJ_ID, VER_NBR, CREATEID, CREATETIME, UPDATEID, UPDATETIME, DESCR_FORMATTED, MAX_ENRL_SHARED_IND, MAX_ENRL, NAME, DESCR_PLAIN, REF_OBJECT_TYPE, SCHED_RQST_SET_STATE, SCHED_RQST_SET_TYPE, ID) values ('67277884-1959-4aaf-871d-12a6482f4792', 0, 'admin', TIMESTAMP '2014-02-06 10:34:38.883', 'admin', TIMESTAMP '2014-02-06 10:34:38.883', '', 0, '', 'Schedule request set for CHEM640 - A', '', 'http://student.kuali.org/wsdl/courseOffering/ActivityOfferingInfo', 'kuali.scheduling.schedule.request.set.state.created', 'kuali.scheduling.schedule.request.set.type.schedule.request.set', 'aaf139d5-a2c7-40d9-9185-d6461ad98369')
/
insert into KSEN_SCHED_RQST (OBJ_ID, VER_NBR, CREATEID, CREATETIME, UPDATEID, UPDATETIME, DESCR_FORMATTED, NAME, DESCR_PLAIN, SCHED_RQST_STATE, SCHED_RQST_TYPE, SCHED_ID, SCHED_RQST_SET_ID, ID) values ('83502328-aa5d-4d8e-93e2-879f3db22f2f', 0, 'admin', TIMESTAMP '2014-02-06 10:34:38.883', 'admin', TIMESTAMP '2014-02-06 10:34:38.883', '', 'Schedule request for CHEM640 - A', '', 'kuali.scheduling.schedule.request.state.created', 'kuali.scheduling.schedule.request.type.schedule.request', '', 'aaf139d5-a2c7-40d9-9185-d6461ad98369', '7cde03ac-9b06-4d39-aaec-f228cc6c3d51')
/
insert into KSEN_SCHED_RQST_CMP (OBJ_ID, TBA_IND, SCHED_RQST_ID, ID) values ('959925fe-de3a-4858-9c0b-6514c8e92e04', 0, '7cde03ac-9b06-4d39-aaec-f228cc6c3d51', 'ae7703a6-bfe1-430b-9fbc-63c526afe7ba')
/
insert into KSEN_SCHED_REF_OBJECT (SCHED_RQST_SET_ID, REF_OBJECT_ID) values ('aaf139d5-a2c7-40d9-9185-d6461ad98369', 'd1754b4c-8254-441f-9752-a008ee4ef3a7')
/
insert into KSEN_SCHED_RQST_CMP_BLDG (CMP_ID, BUILDING_ID) values ('ae7703a6-bfe1-430b-9fbc-63c526afe7ba', '6f2e8f26-95bc-4bb1-a3d0-3206324cad4a')
/
insert into KSEN_SCHED_RQST_CMP_CAMPUS (CMP_ID, CAMPUS_ID) values ('ae7703a6-bfe1-430b-9fbc-63c526afe7ba', 'UMCP')
/
insert into KSEN_SCHED_RQST_CMP_ROOM (CMP_ID, ROOM_ID) values ('ae7703a6-bfe1-430b-9fbc-63c526afe7ba', '2246d609-9fbb-4d06-b45e-a57ef80539b7')
/
insert into KSEN_SCHED_RQST_CMP_TMSLOT (CMP_ID, TM_SLOT_ID) values ('ae7703a6-bfe1-430b-9fbc-63c526afe7ba', '86B9E87E-9A56-4A42-BC81-2F63583F387B')
/
insert into KSEN_CWL (OBJ_ID, VER_NBR, CREATEID, CREATETIME, UPDATEID, UPDATETIME, ALLOW_HOLD_UTIL_ENTRIES_IND, AUTO_PROCESSED_IND, CHECK_IN_REQ_IND, CONF_REQ_IND, EFF_DT, EXPIR_DT, MAX_SIZE, REG_IN_FIRST_AAO_IND, STD_DUR_TIME_QTY, STD_DUR_TYPE, CWL_STATE, CWL_TYPE, ID) values ('15f009af-68e5-41e3-8db5-06985fac7012', 0, 'admin', TIMESTAMP '2014-02-06 10:34:38.883', 'admin', TIMESTAMP '2014-02-06 10:34:38.883', 1, 1, 0, 1, TIMESTAMP '2013-01-02 00:00:00.0', '', '', 1, '', '', 'kuali.course.waitlist.state.active', 'kuali.course.waitlist.type.course.waitlist', 'e7a3bbf3-d318-4a52-986e-9cecf855120d')
/
insert into KSEN_CWL_ACTIV_OFFER (CWL_ID, ACTIV_OFFER_ID) values ('e7a3bbf3-d318-4a52-986e-9cecf855120d', 'd1754b4c-8254-441f-9752-a008ee4ef3a7')
/
insert into KSEN_CWL_FORMAT_OFFER (CWL_ID, FORMAT_OFFER_ID) values ('e7a3bbf3-d318-4a52-986e-9cecf855120d', '2ec5f9d0-a2ef-4e7f-979e-8ca14eec2369')
/
insert into KSEN_CO_AO_CLUSTER (OBJ_ID, VER_NBR, CREATEID, CREATETIME, UPDATEID, UPDATETIME, AO_CLUSTER_STATE, AO_CLUSTER_TYPE, DESCR_FORMATTED, DESCR_PLAIN, FORMAT_OFFERING_ID, NAME, PRIVATE_NAME, ID) values ('fff2c0fb-42cf-455a-ba27-ec66db22a1b0', 0, 'admin', TIMESTAMP '2014-02-06 10:34:38.883', 'admin', TIMESTAMP '2014-02-06 10:34:38.883', 'kuali.activity.offering.cluster.state.active', 'kuali.activity.offering.cluster.type.activity.offering.cluster', '', '', '2ec5f9d0-a2ef-4e7f-979e-8ca14eec2369', 'CL 1', 'CL 1', '896c7027-c344-4e84-af31-c125854d230a')
/
insert into KSEN_CO_AO_CLUSTER_SET (OBJ_ID, ACTIVITY_OFFERING_TYPE, AO_CLUSTER_ID, ID) values ('41b7b790-f4b3-4678-9f95-cd29b094a98c', 'kuali.lui.type.activity.offering.lecture', '896c7027-c344-4e84-af31-c125854d230a', '6ff05ae8-edcd-4dab-add2-0f44e25afbb5')
/
insert into KSEN_CO_AO_CLUSTER_SET_AO (AOC_SET_ID, ACTIVITY_OFFERING_ID) values ('6ff05ae8-edcd-4dab-add2-0f44e25afbb5', 'd1754b4c-8254-441f-9752-a008ee4ef3a7')
/
update KSEN_CO_AO_CLUSTER_SET set AO_CLUSTER_ID='896c7027-c344-4e84-af31-c125854d230a' where ID='6ff05ae8-edcd-4dab-add2-0f44e25afbb5'
/
insert into KSEN_LUI (OBJ_ID, VER_NBR, CREATEID, CREATETIME, UPDATEID, UPDATETIME, ATP_ID, CLU_ID, EFF_DT, EXPIR_DT, DESCR_FORMATTED, LUI_STATE, LUI_TYPE, MAX_SEATS, MIN_SEATS, NAME, DESCR_PLAIN, REF_URL, ID) values ('cd9b88c5-fbaa-41d4-bdb1-1b179560a593', 0, 'admin', TIMESTAMP '2014-02-06 10:34:38.883', 'admin', TIMESTAMP '2014-02-06 10:34:38.883', 'kuali.atp.2014Winter', '46d57760-5695-452e-9789-e0ecb8704e76', '', '', '1001', 'kuali.lui.registration.group.state.pending', 'kuali.lui.type.registration.group', '', '', '1001', '1001', '', 'd9de16c9-9575-468b-bd6f-6c3d7603252e')
/
insert into KSEN_LUI_ATTR (OBJ_ID, ATTR_KEY, OWNER_ID, ATTR_VALUE, ID) values ('804f25e8-031c-4d5e-8f30-98dde198c41d', 'kuali.attribute.registration.group.is.generated', 'd9de16c9-9575-468b-bd6f-6c3d7603252e', 1, 'd2428531-cef1-47f4-b14c-40b2a0cfb7e9')
/
insert into KSEN_LUI_ATTR (OBJ_ID, ATTR_KEY, OWNER_ID, ATTR_VALUE, ID) values ('25317163-b9ed-4048-96fb-408ebac16c1d', 'kuali.attribute.registration.group.aocluster.id', 'd9de16c9-9575-468b-bd6f-6c3d7603252e', '896c7027-c344-4e84-af31-c125854d230a', 'b32bb2a7-2060-4566-8281-12685245dcba')
/
insert into KSEN_LUI_IDENT (OBJ_ID, VER_NBR, CREATEID, CREATETIME, UPDATEID, UPDATETIME, LUI_CD, DIVISION, IDENT_LEVEL, LNG_NAME, LUI_ID, ORGID, SHRT_NAME, LUI_ID_STATE, SUFX_CD, LUI_ID_TYPE, VARTN, ID) values ('63059588-50bf-4653-9bda-87af7f681773', 0, 'admin', TIMESTAMP '2014-02-06 10:34:38.883', 'admin', TIMESTAMP '2014-02-06 10:34:38.883', '', '', '', '', 'd9de16c9-9575-468b-bd6f-6c3d7603252e', '', '', 'kuali.lui.identifier.state.active', '', 'kuali.lui.identifier.type.official', '', '0f7333f9-2bcf-4c38-8a60-d7e6fdbe5cb1')
/
insert into KSEN_LUILUI_RELTN (OBJ_ID, VER_NBR, CREATEID, CREATETIME, UPDATEID, UPDATETIME, EFF_DT, EXPIR_DT, DESCR_FORMATTED, LUI_ID, LUILUI_RELTN_STATE, LUILUI_RELTN_TYPE, NAME, DESCR_PLAIN, RELATED_LUI_ID, ID) values ('c59596c6-d1ff-4d10-9be8-4a0d7bc8925b', 0, 'admin', TIMESTAMP '2014-02-06 10:34:38.883', 'admin', TIMESTAMP '2014-02-06 10:34:38.883', TIMESTAMP '2014-02-06 10:34:50.602', '', 'CHEM640-FO-RG', '2ec5f9d0-a2ef-4e7f-979e-8ca14eec2369', 'kuali.lui.lui.relation.state.active', 'kuali.lui.lui.relation.type.deliveredvia.fo2rg', 'fo-rg-relation', 'CHEM640-FO-RG', 'd9de16c9-9575-468b-bd6f-6c3d7603252e', '513e67b4-fa0f-4cb4-b7d9-9a706b0d7a56')
/
insert into KSEN_LUILUI_RELTN (OBJ_ID, VER_NBR, CREATEID, CREATETIME, UPDATEID, UPDATETIME, EFF_DT, EXPIR_DT, DESCR_FORMATTED, LUI_ID, LUILUI_RELTN_STATE, LUILUI_RELTN_TYPE, NAME, DESCR_PLAIN, RELATED_LUI_ID, ID) values ('36b77cf5-f5b3-489f-a92a-6da7ab2c9d9f', 0, 'admin', TIMESTAMP '2014-02-06 10:34:38.883', 'admin', TIMESTAMP '2014-02-06 10:34:38.883', TIMESTAMP '2014-02-06 10:34:50.688', '', 'CHEM640-RG-AO', 'd9de16c9-9575-468b-bd6f-6c3d7603252e', 'kuali.lui.lui.relation.state.active', 'kuali.lui.lui.relation.type.registeredforvia.rg2ao', 'rg-ao-relation', 'CHEM640-RG-AO', 'd1754b4c-8254-441f-9752-a008ee4ef3a7', 'e2770bf3-abda-4ab8-bace-03f00f34c3cc')
/
update KSEN_SOC_ROR_ATTR set OBJ_ID='a2e9d4d4-b8ca-4775-ab84-2ad469abf8d2', ATTR_KEY='kuali.soc.rollover.result.dynattr.date.completed', OWNER_ID='66f7714b-77e9-4b8b-9783-90ab342086e0', ATTR_VALUE='2014 Feb 6 10:34:50 America/New_York' where ID='57c0a482-b718-48db-9a9d-16886eb8fbfe'
/
insert into KSEN_SOC_ROR_ITEM (OBJ_ID, VER_NBR, CREATEID, CREATETIME, UPDATEID, UPDATETIME, MESG_FORMATTED, MESG_PLAIN, ROR_ID, SOC_ROR_STATE, SOC_ROR_TYPE, SOURCE_CO_ID, TARGET_CO_ID, ID) values ('81602039-639c-4f1e-b002-3bd94e23ceee', 0, 'admin', TIMESTAMP '2014-02-06 10:34:38.883', 'admin', TIMESTAMP '2014-02-06 10:34:38.883', '', '', '66f7714b-77e9-4b8b-9783-90ab342086e0', 'kuali.soc.rollover.result.item.state.processed.created', 'kuali.soc.rollover.result.item.type.create', '0567769d-f680-464d-8f9b-adb118a53696', '020da075-2ae1-47ca-8a8e-6d3860eb5207', '6bc109ed-0074-4b5e-b4b9-67b78e8166c0')
/
insert into KSEN_SOC_ROR_ITEM_ATTR (OBJ_ID, ATTR_KEY, OWNER_ID, ATTR_VALUE, ID) values ('c371c9a5-e6fd-4d70-95a7-88cda8e738b6', 'activityOfferingsCreated', '6bc109ed-0074-4b5e-b4b9-67b78e8166c0', '1', '4430aa7d-18b7-4c74-86cc-cfeb0e52dab7')
/
insert into KSEN_LUI (OBJ_ID, VER_NBR, CREATEID, CREATETIME, UPDATEID, UPDATETIME, ATP_ID, CLU_ID, EFF_DT, EXPIR_DT, DESCR_FORMATTED, LUI_STATE, LUI_TYPE, MAX_SEATS, MIN_SEATS, NAME, DESCR_PLAIN, REF_URL, ID) values ('14407d04-e995-42f5-9801-bfdfd0f37d0d', 0, 'admin', TIMESTAMP '2014-02-06 10:34:38.883', 'admin', TIMESTAMP '2014-02-06 10:34:38.883', 'kuali.atp.2014Winter', 'CLUID-CHEM277-200608000000', TIMESTAMP '2014-01-02 00:00:00.0', '', 'Quantitative analysis, inorganic analytical chemistry, and an introduction to bio-analytical instrumentation and techniques.', 'kuali.lui.course.offering.state.draft', 'kuali.lui.type.course.offering', '', '', 'CHEM277 CO', 'Quantitative analysis, inorganic analytical chemistry, and an introduction to bio-analytical instrumentation and techniques.', null, '0d20a69b-751d-41ef-a0a6-39c5d96b98d8')
/
insert into KSEN_LUI_ATTR (OBJ_ID, ATTR_KEY, OWNER_ID, ATTR_VALUE, ID) values ('82dcb600-f932-4181-92d9-8884f49ca912', 'kuali.attribute.wait.list.type.key', '0d20a69b-751d-41ef-a0a6-39c5d96b98d8', null, '06a915a6-47d5-435e-8786-51ebc9f35547')
/
insert into KSEN_LUI_ATTR (OBJ_ID, ATTR_KEY, OWNER_ID, ATTR_VALUE, ID) values ('ba3137f9-a809-4304-a065-fc246f0468ca', 'kuali.attribute.final.exam.indicator', '0d20a69b-751d-41ef-a0a6-39c5d96b98d8', 'STANDARD', '068cf143-8ba6-4626-9bd8-02bcda16ae1b')
/
insert into KSEN_LUI_ATTR (OBJ_ID, ATTR_KEY, OWNER_ID, ATTR_VALUE, ID) values ('389320fd-01c6-442f-b1da-69a1221aaa39', 'kuali.attribute.course.evaluation.indicator', '0d20a69b-751d-41ef-a0a6-39c5d96b98d8', 0, 'f3e55a6e-a048-41b1-b88d-6d24864da69a')
/
insert into KSEN_LUI_ATTR (OBJ_ID, ATTR_KEY, OWNER_ID, ATTR_VALUE, ID) values ('bad8aba7-cda7-4694-ab0f-40f3962a11f4', 'kuali.attribute.where.fees.attached.flag', '0d20a69b-751d-41ef-a0a6-39c5d96b98d8', 0, '2c4ec114-ee05-48fc-9dc8-93b49490b090')
/
insert into KSEN_LUI_ATTR (OBJ_ID, ATTR_KEY, OWNER_ID, ATTR_VALUE, ID) values ('9f3d0f73-4379-4303-8bd1-8dc994efac68', 'kuali.attribute.final.exam.driver', '0d20a69b-751d-41ef-a0a6-39c5d96b98d8', 'kuali.lu.exam.driver.ActivityOffering', '18cde15a-9ba3-416e-b7a2-8ab49f9544a1')
/
insert into KSEN_LUI_ATTR (OBJ_ID, ATTR_KEY, OWNER_ID, ATTR_VALUE, ID) values ('1c3b144b-961f-46de-b14e-555075090ab0', 'kuali.attribute.final.exam.use.matrix', '0d20a69b-751d-41ef-a0a6-39c5d96b98d8', 1, '9ece76b1-a0f4-4529-b53a-9fde617188da')
/
insert into KSEN_LUI_ATTR (OBJ_ID, ATTR_KEY, OWNER_ID, ATTR_VALUE, ID) values ('d8123472-10fe-4b26-8547-6c1f9e3e4c8e', 'kuali.attribute.funding.source', '0d20a69b-751d-41ef-a0a6-39c5d96b98d8', '', 'abd9cf68-cb2a-4602-82dd-f8ed000e92fc')
/
insert into KSEN_LUI_ATTR (OBJ_ID, ATTR_KEY, OWNER_ID, ATTR_VALUE, ID) values ('73acf4eb-a5db-4354-a6c8-01b322e239f9', 'kuali.attribute.course.number.internal.suffix', '0d20a69b-751d-41ef-a0a6-39c5d96b98d8', 'A', 'a90c78bb-9800-4ad3-b2f7-64e9850b8106')
/
insert into KSEN_LUI_ATTR (OBJ_ID, ATTR_KEY, OWNER_ID, ATTR_VALUE, ID) values ('0cf2ed28-6ef7-42fa-8402-34de5b3bc863', 'kuali.attribute.wait.list.indicator', '0d20a69b-751d-41ef-a0a6-39c5d96b98d8', 1, 'a298a2a7-ab4f-48e4-9bd4-ab2703a09b56')
/
insert into KSEN_LUI_ATTR (OBJ_ID, ATTR_KEY, OWNER_ID, ATTR_VALUE, ID) values ('f166527f-b459-479f-bac3-753cdded6294', 'kuali.attribute.wait.list.level.type.key', '0d20a69b-751d-41ef-a0a6-39c5d96b98d8', 'AO', 'fa7f5ed3-ddc8-49d5-a4f7-14387509855a')
/
insert into KSEN_LUI_IDENT (OBJ_ID, VER_NBR, CREATEID, CREATETIME, UPDATEID, UPDATETIME, LUI_CD, DIVISION, IDENT_LEVEL, LNG_NAME, LUI_ID, ORGID, SHRT_NAME, LUI_ID_STATE, SUFX_CD, LUI_ID_TYPE, VARTN, ID) values ('82ed1ec3-3c12-424a-a897-3c6cd7e40dac', 0, 'admin', TIMESTAMP '2014-02-06 10:34:38.883', 'admin', TIMESTAMP '2014-02-06 10:34:38.883', 'CHEM277', 'CHEM', '', 'Fundamentals of Analytical and Bioanalytical Chemistry Laboratory', '0d20a69b-751d-41ef-a0a6-39c5d96b98d8', '', '', 'kuali.lui.identifier.state.active', '', 'kuali.lui.identifier.type.official', '', '0305ea00-c224-450c-8f8b-78c919fa595b')
/
insert into KSEN_LUI_LU_CD (OBJ_ID, VER_NBR, CREATEID, CREATETIME, UPDATEID, UPDATETIME, DESCR_FORMATTED, LUI_ID, DESCR_PLAIN, LUI_LUCD_TYPE, VALUE, ID) values ('bde6e15c-9a86-4e03-a6a6-6bcd9fc71fc4', 0, 'admin', TIMESTAMP '2014-02-06 10:34:38.883', 'admin', TIMESTAMP '2014-02-06 10:34:38.883', '', '0d20a69b-751d-41ef-a0a6-39c5d96b98d8', '', 'kuali.lu.code.honorsOffering', '', '2ed3816b-aeab-4c76-99fa-d16f2c8fde73')
/
insert into KSEN_LUI_UNITS_DEPLOYMENT (LUI_ID, ORG_ID, ID) values ('0d20a69b-751d-41ef-a0a6-39c5d96b98d8', '4284516367', 'd4b66cd9-b323-4273-adc0-9213a15be18d')
/
insert into KSEN_LUI_UNITS_CONT_OWNER (LUI_ID, ORG_ID) values ('0d20a69b-751d-41ef-a0a6-39c5d96b98d8', '4284516367')
/
insert into KSEN_LUI_RESULT_VAL_GRP (LUI_ID, RESULT_VAL_GRP_ID) values ('0d20a69b-751d-41ef-a0a6-39c5d96b98d8', 'kuali.resultComponent.grade.letter')
/
insert into KSEN_LUI_RESULT_VAL_GRP (LUI_ID, RESULT_VAL_GRP_ID) values ('0d20a69b-751d-41ef-a0a6-39c5d96b98d8', 'kuali.creditType.credit.degree.3.0')
/
insert into KSEN_LUI (OBJ_ID, VER_NBR, CREATEID, CREATETIME, UPDATEID, UPDATETIME, ATP_ID, CLU_ID, EFF_DT, EXPIR_DT, DESCR_FORMATTED, LUI_STATE, LUI_TYPE, MAX_SEATS, MIN_SEATS, NAME, DESCR_PLAIN, REF_URL, ID) values ('163549cb-058b-4548-9f8f-574c9789740d', 0, 'admin', TIMESTAMP '2014-02-06 10:34:38.883', 'admin', TIMESTAMP '2014-02-06 10:34:38.883', 'kuali.atp.2014Winter', '25889d4f-0612-424c-87a5-e96f60f3e096', '', '', 'Courses with Lecture/Lab', 'kuali.lui.format.offering.state.draft', 'kuali.lui.type.course.format.offering', '', '', 'Lecture/Lab', 'Courses with Lecture/Lab', '', 'e00c6bc9-8e56-4c20-ba22-dd1c3fdcc41f')
/
insert into KSEN_LUI_ATTR (OBJ_ID, ATTR_KEY, OWNER_ID, ATTR_VALUE, ID) values ('4729d4c9-6c5d-4dce-a127-b11997660cd8', 'kuali.attribute.final.exam.level.type', 'e00c6bc9-8e56-4c20-ba22-dd1c3fdcc41f', 'kuali.lu.type.activity.Lecture', '1fadc933-776f-4c40-b455-5652d853e3cc')
/
insert into KSEN_LUI_ATTR (OBJ_ID, ATTR_KEY, OWNER_ID, ATTR_VALUE, ID) values ('dc8dafb9-2d03-442d-8a92-ef36050b3c9b', 'regCodePrefix', 'e00c6bc9-8e56-4c20-ba22-dd1c3fdcc41f', '1', 'd908075f-b69e-4531-af0c-55b054d89c82')
/
insert into KSEN_LUI_ATTR (OBJ_ID, ATTR_KEY, OWNER_ID, ATTR_VALUE, ID) values ('4569f240-b5c2-4a83-9446-7c5b160905d4', 'kuali.attribute.grade.roster.level.type.key', 'e00c6bc9-8e56-4c20-ba22-dd1c3fdcc41f', 'kuali.lui.type.activity.offering.lab', '10358a0e-edc5-4ee7-9cf1-234b8741dfee')
/
insert into KSEN_LUI_IDENT (OBJ_ID, VER_NBR, CREATEID, CREATETIME, UPDATEID, UPDATETIME, LUI_CD, DIVISION, IDENT_LEVEL, LNG_NAME, LUI_ID, ORGID, SHRT_NAME, LUI_ID_STATE, SUFX_CD, LUI_ID_TYPE, VARTN, ID) values ('30775e0a-4bba-4e1b-a751-089aa6e134cb', 0, 'admin', TIMESTAMP '2014-02-06 10:34:38.883', 'admin', TIMESTAMP '2014-02-06 10:34:38.883', '', '', '', 'Lecture/Lab', 'e00c6bc9-8e56-4c20-ba22-dd1c3fdcc41f', '', 'LEC/LAB', 'kuali.lui.identifier.state.active', '', 'kuali.lui.identifier.type.official', '', 'a3af7d15-bc40-4c77-8f64-aa2e53902250')
/
insert into KSEN_LUI_RELATED_LUI_TYPES (LUI_ID, RELATED_LUI_TYPE) values ('e00c6bc9-8e56-4c20-ba22-dd1c3fdcc41f', 'kuali.lui.type.activity.offering.lab')
/
insert into KSEN_LUI_RELATED_LUI_TYPES (LUI_ID, RELATED_LUI_TYPE) values ('e00c6bc9-8e56-4c20-ba22-dd1c3fdcc41f', 'kuali.lui.type.activity.offering.lecture')
/
insert into KSEN_LUILUI_RELTN (OBJ_ID, VER_NBR, CREATEID, CREATETIME, UPDATEID, UPDATETIME, EFF_DT, EXPIR_DT, DESCR_FORMATTED, LUI_ID, LUILUI_RELTN_STATE, LUILUI_RELTN_TYPE, NAME, DESCR_PLAIN, RELATED_LUI_ID, ID) values ('bc761344-b500-4550-8189-282533a314eb', 0, 'admin', TIMESTAMP '2014-02-06 10:34:38.883', 'admin', TIMESTAMP '2014-02-06 10:34:38.883', TIMESTAMP '2014-02-06 10:34:55.76', '', 'CHEM277-CO-FO', '0d20a69b-751d-41ef-a0a6-39c5d96b98d8', 'kuali.lui.lui.relation.state.active', 'kuali.lui.lui.relation.type.deliveredvia.co2fo', 'co-fo-relation', 'CHEM277-CO-FO', 'e00c6bc9-8e56-4c20-ba22-dd1c3fdcc41f', '8759886b-837d-4cd5-8184-f6d348d74efd')
/
insert into KSEN_LUI (OBJ_ID, VER_NBR, CREATEID, CREATETIME, UPDATEID, UPDATETIME, ATP_ID, CLU_ID, EFF_DT, EXPIR_DT, DESCR_FORMATTED, LUI_STATE, LUI_TYPE, MAX_SEATS, MIN_SEATS, NAME, DESCR_PLAIN, REF_URL, ID) values ('f2adc32a-5a38-4d76-82cf-03753d7fa9a4', 0, 'admin', TIMESTAMP '2014-02-06 10:34:38.883', 'admin', TIMESTAMP '2014-02-06 10:34:38.883', 'kuali.atp.2014Winter', 'ef2963d7-9647-4ce7-ac63-9523204dd654', '', '', 'Courses with lecture', 'kuali.lui.activity.offering.state.draft', 'kuali.lui.type.activity.offering.lecture', 48, 48, 'Lecture', 'Courses with lecture', null, 'ac27b4a0-8113-400c-8572-43fb5b760b2a')
/
insert into KSEN_LUI_ATTR (OBJ_ID, ATTR_KEY, OWNER_ID, ATTR_VALUE, ID) values ('f740c743-9aa5-4b3a-add3-ca91c60b482e', 'kuali.attribute.course.evaluation.indicator', 'ac27b4a0-8113-400c-8572-43fb5b760b2a', 0, '1032afbe-f5e7-430c-8242-8821b03587bc')
/
insert into KSEN_LUI_ATTR (OBJ_ID, ATTR_KEY, OWNER_ID, ATTR_VALUE, ID) values ('86e4d848-c411-40d9-a695-5abe1ae18d52', 'kuali.attribute.nonstd.ts.indicator', 'ac27b4a0-8113-400c-8572-43fb5b760b2a', 0, 'c4c52560-f7fb-4dd7-ac2c-d0bb5b3a1bba')
/
insert into KSEN_LUI_ATTR (OBJ_ID, ATTR_KEY, OWNER_ID, ATTR_VALUE, ID) values ('32801a87-90f1-4626-86b2-0ee2b9dbf53b', 'kuali.attribute.max.enrollment.is.estimate', 'ac27b4a0-8113-400c-8572-43fb5b760b2a', 0, '4067f78a-8bd9-459c-b7cf-55b81ca79b5a')
/
insert into KSEN_LUI_IDENT (OBJ_ID, VER_NBR, CREATEID, CREATETIME, UPDATEID, UPDATETIME, LUI_CD, DIVISION, IDENT_LEVEL, LNG_NAME, LUI_ID, ORGID, SHRT_NAME, LUI_ID_STATE, SUFX_CD, LUI_ID_TYPE, VARTN, ID) values ('7120b3a0-dcad-4258-b645-88c0ae77a552', 0, 'admin', TIMESTAMP '2014-02-06 10:34:38.883', 'admin', TIMESTAMP '2014-02-06 10:34:38.883', 'A', '', '', '', 'ac27b4a0-8113-400c-8572-43fb5b760b2a', '', '', 'kuali.lui.identifier.state.active', '', 'kuali.lui.identifier.type.official', '', '72675852-74a4-48ae-a239-38ed7ca856e8')
/
insert into KSEN_LUI_LU_CD (OBJ_ID, VER_NBR, CREATEID, CREATETIME, UPDATEID, UPDATETIME, DESCR_FORMATTED, LUI_ID, DESCR_PLAIN, LUI_LUCD_TYPE, VALUE, ID) values ('08a30feb-dd0a-47b1-9ecc-aefe6b0a2aea', 0, 'admin', TIMESTAMP '2014-02-06 10:34:38.883', 'admin', TIMESTAMP '2014-02-06 10:34:38.883', '', 'ac27b4a0-8113-400c-8572-43fb5b760b2a', '', 'kuali.lu.code.honorsOffering', 0, '39fb9233-0dab-4684-a0d8-e805498b8141')
/
insert into KSEN_LPR (OBJ_ID, VER_NBR, CREATEID, CREATETIME, UPDATEID, UPDATETIME, ATP_ID, COMMIT_PERCT, CREDITS, EFF_DT, EXPIR_DT, GRADING_OPT_ID, LUI_ID, MASTER_LUI_ID, PERS_ID, LPR_STATE, LPR_TYPE, ID) values ('0b285651-9c16-430f-a916-c4297fef01de', 0, 'admin', TIMESTAMP '2014-02-06 10:34:38.883', 'admin', TIMESTAMP '2014-02-06 10:34:38.883', '', '100.00', '', TIMESTAMP '2014-02-06 10:34:56.106', '', '', 'ac27b4a0-8113-400c-8572-43fb5b760b2a', '', 'W.TIMOTHYC', 'kuali.lpr.state.active', 'kuali.lpr.type.instructor.main', 'fd0e4d43-5f03-4d04-bded-a327b9c01094')
/
insert into KSEN_LUILUI_RELTN (OBJ_ID, VER_NBR, CREATEID, CREATETIME, UPDATEID, UPDATETIME, EFF_DT, EXPIR_DT, DESCR_FORMATTED, LUI_ID, LUILUI_RELTN_STATE, LUILUI_RELTN_TYPE, NAME, DESCR_PLAIN, RELATED_LUI_ID, ID) values ('4d211b06-985e-49b4-8d60-1c2940d38742', 0, 'admin', TIMESTAMP '2014-02-06 10:34:38.883', 'admin', TIMESTAMP '2014-02-06 10:34:38.883', TIMESTAMP '2014-02-06 10:34:56.206', '', 'CHEM277-FO-AO', 'e00c6bc9-8e56-4c20-ba22-dd1c3fdcc41f', 'kuali.lui.lui.relation.state.active', 'kuali.lui.lui.relation.type.deliveredvia.fo2ao', 'fo-ao-relation', 'CHEM277-FO-AO', 'ac27b4a0-8113-400c-8572-43fb5b760b2a', '792d1ada-4bee-4f5a-a141-18785e74e2ba')
/
insert into KSEN_SCHED_RQST_SET (OBJ_ID, VER_NBR, CREATEID, CREATETIME, UPDATEID, UPDATETIME, DESCR_FORMATTED, MAX_ENRL_SHARED_IND, MAX_ENRL, NAME, DESCR_PLAIN, REF_OBJECT_TYPE, SCHED_RQST_SET_STATE, SCHED_RQST_SET_TYPE, ID) values ('7b74a805-80f3-49ce-8871-053f2bba4ab7', 0, 'admin', TIMESTAMP '2014-02-06 10:34:38.883', 'admin', TIMESTAMP '2014-02-06 10:34:38.883', '', 0, '', 'Schedule request set for CHEM277 - A', '', 'http://student.kuali.org/wsdl/courseOffering/ActivityOfferingInfo', 'kuali.scheduling.schedule.request.set.state.created', 'kuali.scheduling.schedule.request.set.type.schedule.request.set', 'f232ad50-f368-4548-ae9b-6b5a3334e493')
/
insert into KSEN_SCHED_RQST (OBJ_ID, VER_NBR, CREATEID, CREATETIME, UPDATEID, UPDATETIME, DESCR_FORMATTED, NAME, DESCR_PLAIN, SCHED_RQST_STATE, SCHED_RQST_TYPE, SCHED_ID, SCHED_RQST_SET_ID, ID) values ('7cbf3847-0583-42ce-96d7-8111f29e42ca', 0, 'admin', TIMESTAMP '2014-02-06 10:34:38.883', 'admin', TIMESTAMP '2014-02-06 10:34:38.883', '', 'Schedule reqeust for CHEM277 - A', '', 'kuali.scheduling.schedule.request.state.created', 'kuali.scheduling.schedule.request.type.schedule.request', '', 'f232ad50-f368-4548-ae9b-6b5a3334e493', '35a3537d-ceb0-4aa3-9bf1-15ec1229ec81')
/
insert into KSEN_SCHED_RQST_CMP (OBJ_ID, TBA_IND, SCHED_RQST_ID, ID) values ('d2feb1bd-650a-458e-81cd-c415823716f9', 0, '35a3537d-ceb0-4aa3-9bf1-15ec1229ec81', 'e390919e-f2f6-4b0b-a709-c5773205ab6a')
/
insert into KSEN_SCHED_REF_OBJECT (SCHED_RQST_SET_ID, REF_OBJECT_ID) values ('f232ad50-f368-4548-ae9b-6b5a3334e493', 'ac27b4a0-8113-400c-8572-43fb5b760b2a')
/
insert into KSEN_SCHED_RQST_CMP_BLDG (CMP_ID, BUILDING_ID) values ('e390919e-f2f6-4b0b-a709-c5773205ab6a', '6f2e8f26-95bc-4bb1-a3d0-3206324cad4a')
/
insert into KSEN_SCHED_RQST_CMP_CAMPUS (CMP_ID, CAMPUS_ID) values ('e390919e-f2f6-4b0b-a709-c5773205ab6a', 'UMCP')
/
insert into KSEN_SCHED_RQST_CMP_ROOM (CMP_ID, ROOM_ID) values ('e390919e-f2f6-4b0b-a709-c5773205ab6a', 'a8ce091f-4b9d-4f52-ae15-d2eaf275d76a')
/
insert into KSEN_SCHED_RQST_CMP_TMSLOT (CMP_ID, TM_SLOT_ID) values ('e390919e-f2f6-4b0b-a709-c5773205ab6a', '1FEAD087-411A-4333-81A3-84077D5413D3')
/
insert into KSEN_CWL (OBJ_ID, VER_NBR, CREATEID, CREATETIME, UPDATEID, UPDATETIME, ALLOW_HOLD_UTIL_ENTRIES_IND, AUTO_PROCESSED_IND, CHECK_IN_REQ_IND, CONF_REQ_IND, EFF_DT, EXPIR_DT, MAX_SIZE, REG_IN_FIRST_AAO_IND, STD_DUR_TIME_QTY, STD_DUR_TYPE, CWL_STATE, CWL_TYPE, ID) values ('4039ac09-ff28-4086-9703-a3b930e4362a', 0, 'admin', TIMESTAMP '2014-02-06 10:34:38.883', 'admin', TIMESTAMP '2014-02-06 10:34:38.883', 1, 1, 0, 1, '', '', '', 1, '', '', 'kuali.course.waitlist.state.active', 'kuali.course.waitlist.type.course.waitlist', '3620c5fc-1260-4122-8a30-7372ee21597a')
/
insert into KSEN_CWL_ACTIV_OFFER (CWL_ID, ACTIV_OFFER_ID) values ('3620c5fc-1260-4122-8a30-7372ee21597a', 'ac27b4a0-8113-400c-8572-43fb5b760b2a')
/
insert into KSEN_CWL_FORMAT_OFFER (CWL_ID, FORMAT_OFFER_ID) values ('3620c5fc-1260-4122-8a30-7372ee21597a', 'e00c6bc9-8e56-4c20-ba22-dd1c3fdcc41f')
/
insert into KSEN_LUI (OBJ_ID, VER_NBR, CREATEID, CREATETIME, UPDATEID, UPDATETIME, ATP_ID, CLU_ID, EFF_DT, EXPIR_DT, DESCR_FORMATTED, LUI_STATE, LUI_TYPE, MAX_SEATS, MIN_SEATS, NAME, DESCR_PLAIN, REF_URL, ID) values ('eb1d7e2e-36a1-416f-9dd4-5d3ac940e604', 0, 'admin', TIMESTAMP '2014-02-06 10:34:38.883', 'admin', TIMESTAMP '2014-02-06 10:34:38.883', 'kuali.atp.2014Winter', '9b0d7d87-31ec-498b-bfe4-31a4f1e92021', '', '', 'Courses with lab', 'kuali.lui.activity.offering.state.draft', 'kuali.lui.type.activity.offering.lab', 20, 24, 'Lab', 'Courses with lab', null, '3f2b35c3-3d19-4b90-ae31-8fdc4b8e8b49')
/
insert into KSEN_LUI_ATTR (OBJ_ID, ATTR_KEY, OWNER_ID, ATTR_VALUE, ID) values ('860bd9d0-3dde-4c6b-befa-757ce1bef0a7', 'kuali.attribute.nonstd.ts.indicator', '3f2b35c3-3d19-4b90-ae31-8fdc4b8e8b49', 0, '4527eade-ff11-41d6-a927-7a72531dd4f4')
/
insert into KSEN_LUI_ATTR (OBJ_ID, ATTR_KEY, OWNER_ID, ATTR_VALUE, ID) values ('c2f3e68c-df64-409d-92cb-d9e9e88dcc7c', 'kuali.attribute.max.enrollment.is.estimate', '3f2b35c3-3d19-4b90-ae31-8fdc4b8e8b49', 0, '256360d7-e61a-4bbb-9308-8f2a3a301f57')
/
insert into KSEN_LUI_ATTR (OBJ_ID, ATTR_KEY, OWNER_ID, ATTR_VALUE, ID) values ('20094cdb-8d23-4319-bfff-8686eb9247e5', 'kuali.attribute.course.evaluation.indicator', '3f2b35c3-3d19-4b90-ae31-8fdc4b8e8b49', 0, '9942bd7c-70fe-4059-b135-a86ed53e7d79')
/
insert into KSEN_LUI_IDENT (OBJ_ID, VER_NBR, CREATEID, CREATETIME, UPDATEID, UPDATETIME, LUI_CD, DIVISION, IDENT_LEVEL, LNG_NAME, LUI_ID, ORGID, SHRT_NAME, LUI_ID_STATE, SUFX_CD, LUI_ID_TYPE, VARTN, ID) values ('f04d35b0-6ec4-4037-b773-774aef54685d', 0, 'admin', TIMESTAMP '2014-02-06 10:34:38.883', 'admin', TIMESTAMP '2014-02-06 10:34:38.883', 'B', '', '', '', '3f2b35c3-3d19-4b90-ae31-8fdc4b8e8b49', '', '', 'kuali.lui.identifier.state.active', '', 'kuali.lui.identifier.type.official', '', '0114e517-5fd8-4bce-89a7-fc29bc63f861')
/
insert into KSEN_LUI_LU_CD (OBJ_ID, VER_NBR, CREATEID, CREATETIME, UPDATEID, UPDATETIME, DESCR_FORMATTED, LUI_ID, DESCR_PLAIN, LUI_LUCD_TYPE, VALUE, ID) values ('7a8f3b02-d25d-4193-b4da-c82b00ea8940', 0, 'admin', TIMESTAMP '2014-02-06 10:34:38.883', 'admin', TIMESTAMP '2014-02-06 10:34:38.883', '', '3f2b35c3-3d19-4b90-ae31-8fdc4b8e8b49', '', 'kuali.lu.code.honorsOffering', 0, 'f2394422-349d-4fb5-9be7-73a9a14a0639')
/
insert into KSEN_LPR (OBJ_ID, VER_NBR, CREATEID, CREATETIME, UPDATEID, UPDATETIME, ATP_ID, COMMIT_PERCT, CREDITS, EFF_DT, EXPIR_DT, GRADING_OPT_ID, LUI_ID, MASTER_LUI_ID, PERS_ID, LPR_STATE, LPR_TYPE, ID) values ('7630b758-4abe-49f6-b40a-f65eb2776fdf', 0, 'admin', TIMESTAMP '2014-02-06 10:34:38.883', 'admin', TIMESTAMP '2014-02-06 10:34:38.883', '', '100.00', '', TIMESTAMP '2014-02-06 10:34:57.208', '', '', '3f2b35c3-3d19-4b90-ae31-8fdc4b8e8b49', '', 'J.JRH', 'kuali.lpr.state.active', 'kuali.lpr.type.instructor.main', 'c1504167-8446-4553-a8be-8be05f0c8a49')
/
insert into KSEN_LUILUI_RELTN (OBJ_ID, VER_NBR, CREATEID, CREATETIME, UPDATEID, UPDATETIME, EFF_DT, EXPIR_DT, DESCR_FORMATTED, LUI_ID, LUILUI_RELTN_STATE, LUILUI_RELTN_TYPE, NAME, DESCR_PLAIN, RELATED_LUI_ID, ID) values ('8a79b5de-71a1-4479-b909-f1c16a252d4b', 0, 'admin', TIMESTAMP '2014-02-06 10:34:38.883', 'admin', TIMESTAMP '2014-02-06 10:34:38.883', TIMESTAMP '2014-02-06 10:34:57.285', '', 'CHEM277-FO-AO', 'e00c6bc9-8e56-4c20-ba22-dd1c3fdcc41f', 'kuali.lui.lui.relation.state.active', 'kuali.lui.lui.relation.type.deliveredvia.fo2ao', 'fo-ao-relation', 'CHEM277-FO-AO', '3f2b35c3-3d19-4b90-ae31-8fdc4b8e8b49', '3873dfa1-2f3c-4f15-a932-963f82a5531c')
/
insert into KSEN_SCHED_RQST_SET (OBJ_ID, VER_NBR, CREATEID, CREATETIME, UPDATEID, UPDATETIME, DESCR_FORMATTED, MAX_ENRL_SHARED_IND, MAX_ENRL, NAME, DESCR_PLAIN, REF_OBJECT_TYPE, SCHED_RQST_SET_STATE, SCHED_RQST_SET_TYPE, ID) values ('be96aa41-e31d-4b3c-a3e1-be914027cb20', 0, 'admin', TIMESTAMP '2014-02-06 10:34:38.883', 'admin', TIMESTAMP '2014-02-06 10:34:38.883', '', 0, '', 'Schedule request set for CHEM277 - B', '', 'http://student.kuali.org/wsdl/courseOffering/ActivityOfferingInfo', 'kuali.scheduling.schedule.request.set.state.created', 'kuali.scheduling.schedule.request.set.type.schedule.request.set', 'd42b67f9-52aa-403b-b3ba-05f6b1fbff50')
/
insert into KSEN_SCHED_RQST (OBJ_ID, VER_NBR, CREATEID, CREATETIME, UPDATEID, UPDATETIME, DESCR_FORMATTED, NAME, DESCR_PLAIN, SCHED_RQST_STATE, SCHED_RQST_TYPE, SCHED_ID, SCHED_RQST_SET_ID, ID) values ('3fffeaf3-8dc8-4d36-b593-ad5547dd5fd3', 1, 'admin', TIMESTAMP '2014-02-06 10:34:38.883', 'admin', TIMESTAMP '2014-02-06 10:34:38.883', '', 'Schedule request for CHEM277 - B', '', 'kuali.scheduling.schedule.request.state.created', 'kuali.scheduling.schedule.request.type.schedule.request', '', 'd42b67f9-52aa-403b-b3ba-05f6b1fbff50', 'f72a935b-aba3-4c6d-b7a8-5b75bccd3bfa')
/
insert into KSEN_SCHED_RQST_CMP (OBJ_ID, TBA_IND, SCHED_RQST_ID, ID) values ('74db3cc7-23bc-47ba-bab8-a809140193b0', 0, 'f72a935b-aba3-4c6d-b7a8-5b75bccd3bfa', 'd31d320d-c766-4000-a20e-4328aeedb778')
/
insert into KSEN_SCHED_REF_OBJECT (SCHED_RQST_SET_ID, REF_OBJECT_ID) values ('d42b67f9-52aa-403b-b3ba-05f6b1fbff50', '3f2b35c3-3d19-4b90-ae31-8fdc4b8e8b49')
/
insert into KSEN_SCHED_RQST_CMP_BLDG (CMP_ID, BUILDING_ID) values ('d31d320d-c766-4000-a20e-4328aeedb778', '6f2e8f26-95bc-4bb1-a3d0-3206324cad4a')
/
insert into KSEN_SCHED_RQST_CMP_CAMPUS (CMP_ID, CAMPUS_ID) values ('d31d320d-c766-4000-a20e-4328aeedb778', 'UMCP')
/
insert into KSEN_SCHED_RQST_CMP_ROOM (CMP_ID, ROOM_ID) values ('d31d320d-c766-4000-a20e-4328aeedb778', '5fcaeba7-a010-40dc-a069-568c197f0809')
/
insert into KSEN_SCHED_RQST_CMP_TMSLOT (CMP_ID, TM_SLOT_ID) values ('d31d320d-c766-4000-a20e-4328aeedb778', '9CE29948-5A4B-4E03-A065-40BF27861CDE')
/
insert into KSEN_CWL (OBJ_ID, VER_NBR, CREATEID, CREATETIME, UPDATEID, UPDATETIME, ALLOW_HOLD_UTIL_ENTRIES_IND, AUTO_PROCESSED_IND, CHECK_IN_REQ_IND, CONF_REQ_IND, EFF_DT, EXPIR_DT, MAX_SIZE, REG_IN_FIRST_AAO_IND, STD_DUR_TIME_QTY, STD_DUR_TYPE, CWL_STATE, CWL_TYPE, ID) values ('d8b7a711-da46-438a-b400-90ed1c6e5ae1', 0, 'admin', TIMESTAMP '2014-02-06 10:34:38.883', 'admin', TIMESTAMP '2014-02-06 10:34:38.883', 1, 1, 0, 1, '', '', '', 1, '', '', 'kuali.course.waitlist.state.active', 'kuali.course.waitlist.type.course.waitlist', '46fc8937-0ee3-4a8a-b4ae-dd8cf8686c03')
/
insert into KSEN_CWL_ACTIV_OFFER (CWL_ID, ACTIV_OFFER_ID) values ('46fc8937-0ee3-4a8a-b4ae-dd8cf8686c03', '3f2b35c3-3d19-4b90-ae31-8fdc4b8e8b49')
/
insert into KSEN_CWL_FORMAT_OFFER (CWL_ID, FORMAT_OFFER_ID) values ('46fc8937-0ee3-4a8a-b4ae-dd8cf8686c03', 'e00c6bc9-8e56-4c20-ba22-dd1c3fdcc41f')
/
insert into KSEN_LUI (OBJ_ID, VER_NBR, CREATEID, CREATETIME, UPDATEID, UPDATETIME, ATP_ID, CLU_ID, EFF_DT, EXPIR_DT, DESCR_FORMATTED, LUI_STATE, LUI_TYPE, MAX_SEATS, MIN_SEATS, NAME, DESCR_PLAIN, REF_URL, ID) values ('3dcf6961-cd3d-44a8-b1e4-a6ea7173f5da', 0, 'admin', TIMESTAMP '2014-02-06 10:34:38.883', 'admin', TIMESTAMP '2014-02-06 10:34:38.883', 'kuali.atp.2014Winter', '6138a014-70d6-4716-a817-d096d4c79371', '', '', 'Courses with lab', 'kuali.lui.activity.offering.state.draft', 'kuali.lui.type.activity.offering.lab', 24, 24, 'Lab', 'Courses with lab', null, '642b0242-f6f8-4ee7-85fa-636374ca1358')
/
insert into KSEN_LUI_ATTR (OBJ_ID, ATTR_KEY, OWNER_ID, ATTR_VALUE, ID) values ('25cc0b15-6392-4bcc-b9ca-75e3a9c460c3', 'kuali.attribute.course.evaluation.indicator', '642b0242-f6f8-4ee7-85fa-636374ca1358', 0, '3db1bd9e-4b46-4292-9b33-09737d722b6d')
/
insert into KSEN_LUI_ATTR (OBJ_ID, ATTR_KEY, OWNER_ID, ATTR_VALUE, ID) values ('6938def5-c39e-4fef-97f3-4af5fb00ca0d', 'kuali.attribute.nonstd.ts.indicator', '642b0242-f6f8-4ee7-85fa-636374ca1358', 0, '4ba80784-53ab-4edb-9ed1-cf78a54b22e4')
/
insert into KSEN_LUI_ATTR (OBJ_ID, ATTR_KEY, OWNER_ID, ATTR_VALUE, ID) values ('0a2af950-7abd-4301-98a6-3a1f6d137b63', 'kuali.attribute.max.enrollment.is.estimate', '642b0242-f6f8-4ee7-85fa-636374ca1358', 0, '601edb8f-1807-4329-a245-06840a0a8bfe')
/
insert into KSEN_LUI_IDENT (OBJ_ID, VER_NBR, CREATEID, CREATETIME, UPDATEID, UPDATETIME, LUI_CD, DIVISION, IDENT_LEVEL, LNG_NAME, LUI_ID, ORGID, SHRT_NAME, LUI_ID_STATE, SUFX_CD, LUI_ID_TYPE, VARTN, ID) values ('761f314f-f113-488e-933e-9aecd6bf191d', 0, 'admin', TIMESTAMP '2014-02-06 10:34:38.883', 'admin', TIMESTAMP '2014-02-06 10:34:38.883', 'C', '', '', '', '642b0242-f6f8-4ee7-85fa-636374ca1358', '', '', 'kuali.lui.identifier.state.active', '', 'kuali.lui.identifier.type.official', '', '812904a3-6736-4e35-8121-caabd35400e4')
/
insert into KSEN_LUI_LU_CD (OBJ_ID, VER_NBR, CREATEID, CREATETIME, UPDATEID, UPDATETIME, DESCR_FORMATTED, LUI_ID, DESCR_PLAIN, LUI_LUCD_TYPE, VALUE, ID) values ('2dcbbed7-2ff8-4475-a62f-34cacabf80ab', 0, 'admin', TIMESTAMP '2014-02-06 10:34:38.883', 'admin', TIMESTAMP '2014-02-06 10:34:38.883', '', '642b0242-f6f8-4ee7-85fa-636374ca1358', '', 'kuali.lu.code.honorsOffering', 0, 'c1fd20b5-31ea-45d4-a797-65d5dd159866')
/
insert into KSEN_LPR (OBJ_ID, VER_NBR, CREATEID, CREATETIME, UPDATEID, UPDATETIME, ATP_ID, COMMIT_PERCT, CREDITS, EFF_DT, EXPIR_DT, GRADING_OPT_ID, LUI_ID, MASTER_LUI_ID, PERS_ID, LPR_STATE, LPR_TYPE, ID) values ('527c207e-774c-43c6-8ae2-08e4ac6d77b5', 0, 'admin', TIMESTAMP '2014-02-06 10:34:38.883', 'admin', TIMESTAMP '2014-02-06 10:34:38.883', '', '100.00', '', TIMESTAMP '2014-02-06 10:34:58.149', '', '', '642b0242-f6f8-4ee7-85fa-636374ca1358', '', 'C.PHILIPPES', 'kuali.lpr.state.active', 'kuali.lpr.type.instructor.main', '764ce37b-60c0-4f5f-a8c1-9f83ccdadf39')
/
insert into KSEN_LUILUI_RELTN (OBJ_ID, VER_NBR, CREATEID, CREATETIME, UPDATEID, UPDATETIME, EFF_DT, EXPIR_DT, DESCR_FORMATTED, LUI_ID, LUILUI_RELTN_STATE, LUILUI_RELTN_TYPE, NAME, DESCR_PLAIN, RELATED_LUI_ID, ID) values ('e486cc84-f0d7-4a9e-b517-3482038471f5', 0, 'admin', TIMESTAMP '2014-02-06 10:34:38.883', 'admin', TIMESTAMP '2014-02-06 10:34:38.883', TIMESTAMP '2014-02-06 10:34:58.298', '', 'CHEM277-FO-AO', 'e00c6bc9-8e56-4c20-ba22-dd1c3fdcc41f', 'kuali.lui.lui.relation.state.active', 'kuali.lui.lui.relation.type.deliveredvia.fo2ao', 'fo-ao-relation', 'CHEM277-FO-AO', '642b0242-f6f8-4ee7-85fa-636374ca1358', '0e211c84-171d-449c-ad6b-1695f9838692')
/
insert into KSEN_SCHED_RQST_SET (OBJ_ID, VER_NBR, CREATEID, CREATETIME, UPDATEID, UPDATETIME, DESCR_FORMATTED, MAX_ENRL_SHARED_IND, MAX_ENRL, NAME, DESCR_PLAIN, REF_OBJECT_TYPE, SCHED_RQST_SET_STATE, SCHED_RQST_SET_TYPE, ID) values ('461b8e66-a25e-4fff-ace5-0b2457c3e189', 0, 'admin', TIMESTAMP '2014-02-06 10:34:38.883', 'admin', TIMESTAMP '2014-02-06 10:34:38.883', '', 0, '', 'Schedule request set for CHEM277 - C', '', 'http://student.kuali.org/wsdl/courseOffering/ActivityOfferingInfo', 'kuali.scheduling.schedule.request.set.state.created', 'kuali.scheduling.schedule.request.set.type.schedule.request.set', '38b6b9a2-231e-4e40-97b1-2b3a8c96ddea')
/
insert into KSEN_SCHED_RQST (OBJ_ID, VER_NBR, CREATEID, CREATETIME, UPDATEID, UPDATETIME, DESCR_FORMATTED, NAME, DESCR_PLAIN, SCHED_RQST_STATE, SCHED_RQST_TYPE, SCHED_ID, SCHED_RQST_SET_ID, ID) values ('7affefb2-e72d-40a8-8fd4-f10315317764', 0, 'admin', TIMESTAMP '2014-02-06 10:34:38.883', 'admin', TIMESTAMP '2014-02-06 10:34:38.883', '', 'Schedule reqeust for CHEM277 - C', '', 'kuali.scheduling.schedule.request.state.created', 'kuali.scheduling.schedule.request.type.schedule.request', '', '38b6b9a2-231e-4e40-97b1-2b3a8c96ddea', 'd9e68e16-2037-4458-9e7f-2670b284d6a8')
/
insert into KSEN_SCHED_RQST_CMP (OBJ_ID, TBA_IND, SCHED_RQST_ID, ID) values ('c454b888-caa3-440f-912b-190aa7f95350', 0, 'd9e68e16-2037-4458-9e7f-2670b284d6a8', '72713f72-c33c-48c9-a2cf-1b19b28aa22e')
/
insert into KSEN_SCHED_REF_OBJECT (SCHED_RQST_SET_ID, REF_OBJECT_ID) values ('38b6b9a2-231e-4e40-97b1-2b3a8c96ddea', '642b0242-f6f8-4ee7-85fa-636374ca1358')
/
insert into KSEN_SCHED_RQST_CMP_BLDG (CMP_ID, BUILDING_ID) values ('72713f72-c33c-48c9-a2cf-1b19b28aa22e', '6f2e8f26-95bc-4bb1-a3d0-3206324cad4a')
/
insert into KSEN_SCHED_RQST_CMP_CAMPUS (CMP_ID, CAMPUS_ID) values ('72713f72-c33c-48c9-a2cf-1b19b28aa22e', 'UMCP')
/
insert into KSEN_SCHED_RQST_CMP_ROOM (CMP_ID, ROOM_ID) values ('72713f72-c33c-48c9-a2cf-1b19b28aa22e', '5fcaeba7-a010-40dc-a069-568c197f0809')
/
insert into KSEN_SCHED_RQST_CMP_TMSLOT (CMP_ID, TM_SLOT_ID) values ('72713f72-c33c-48c9-a2cf-1b19b28aa22e', 'B095DAC8-1848-4966-BB2C-4691F505BCD4')
/
insert into KSEN_CWL (OBJ_ID, VER_NBR, CREATEID, CREATETIME, UPDATEID, UPDATETIME, ALLOW_HOLD_UTIL_ENTRIES_IND, AUTO_PROCESSED_IND, CHECK_IN_REQ_IND, CONF_REQ_IND, EFF_DT, EXPIR_DT, MAX_SIZE, REG_IN_FIRST_AAO_IND, STD_DUR_TIME_QTY, STD_DUR_TYPE, CWL_STATE, CWL_TYPE, ID) values ('1f73714c-cfec-4d79-9bef-4dd082cd1211', 0, 'admin', TIMESTAMP '2014-02-06 10:34:38.883', 'admin', TIMESTAMP '2014-02-06 10:34:38.883', 1, 1, 0, 1, '', '', '', 1, '', '', 'kuali.course.waitlist.state.active', 'kuali.course.waitlist.type.course.waitlist', 'c8a992f8-b3ed-4a3b-99c5-723be7723a21')
/
insert into KSEN_CWL_ACTIV_OFFER (CWL_ID, ACTIV_OFFER_ID) values ('c8a992f8-b3ed-4a3b-99c5-723be7723a21', '642b0242-f6f8-4ee7-85fa-636374ca1358')
/
insert into KSEN_CWL_FORMAT_OFFER (CWL_ID, FORMAT_OFFER_ID) values ('c8a992f8-b3ed-4a3b-99c5-723be7723a21', 'e00c6bc9-8e56-4c20-ba22-dd1c3fdcc41f')
/
insert into KSEN_LUI (OBJ_ID, VER_NBR, CREATEID, CREATETIME, UPDATEID, UPDATETIME, ATP_ID, CLU_ID, EFF_DT, EXPIR_DT, DESCR_FORMATTED, LUI_STATE, LUI_TYPE, MAX_SEATS, MIN_SEATS, NAME, DESCR_PLAIN, REF_URL, ID) values ('7a0c4a59-188c-4ef3-a49a-1a0054a31215', 0, 'admin', TIMESTAMP '2014-02-06 10:34:38.883', 'admin', TIMESTAMP '2014-02-06 10:34:38.883', 'kuali.atp.2014Winter', 'ef2963d7-9647-4ce7-ac63-9523204dd654', '', '', 'Courses with lecture', 'kuali.lui.activity.offering.state.draft', 'kuali.lui.type.activity.offering.lecture', 48, 48, 'Lecture', 'Courses with lecture', null, '25670acd-78ce-4cb6-a1df-38b49d8fb248')
/
insert into KSEN_LUI_ATTR (OBJ_ID, ATTR_KEY, OWNER_ID, ATTR_VALUE, ID) values ('2cc0a264-3d1a-4f87-945f-d6bc06f89e59', 'kuali.attribute.max.enrollment.is.estimate', '25670acd-78ce-4cb6-a1df-38b49d8fb248', 0, '4082c279-e9ca-4665-a196-c7a15b78b4bc')
/
insert into KSEN_LUI_ATTR (OBJ_ID, ATTR_KEY, OWNER_ID, ATTR_VALUE, ID) values ('e87343e9-419e-4399-adda-f1afb5365b32', 'kuali.attribute.course.evaluation.indicator', '25670acd-78ce-4cb6-a1df-38b49d8fb248', 0, '3f48f3d5-e10d-4b2c-8731-bc87121ef7d9')
/
insert into KSEN_LUI_ATTR (OBJ_ID, ATTR_KEY, OWNER_ID, ATTR_VALUE, ID) values ('21edc5f7-8331-4667-b033-25983bf16426', 'kuali.attribute.nonstd.ts.indicator', '25670acd-78ce-4cb6-a1df-38b49d8fb248', 0, '10c30fac-0581-47e3-9b18-f8d9cb39198f')
/
insert into KSEN_LUI_IDENT (OBJ_ID, VER_NBR, CREATEID, CREATETIME, UPDATEID, UPDATETIME, LUI_CD, DIVISION, IDENT_LEVEL, LNG_NAME, LUI_ID, ORGID, SHRT_NAME, LUI_ID_STATE, SUFX_CD, LUI_ID_TYPE, VARTN, ID) values ('b28b95ff-b681-49f8-a88d-b6ade631d6d8', 0, 'admin', TIMESTAMP '2014-02-06 10:34:38.883', 'admin', TIMESTAMP '2014-02-06 10:34:38.883', 'D', '', '', '', '25670acd-78ce-4cb6-a1df-38b49d8fb248', '', '', 'kuali.lui.identifier.state.active', '', 'kuali.lui.identifier.type.official', '', '3c76b744-0e08-4a43-a9a4-8cd3275227cb')
/
insert into KSEN_LUI_LU_CD (OBJ_ID, VER_NBR, CREATEID, CREATETIME, UPDATEID, UPDATETIME, DESCR_FORMATTED, LUI_ID, DESCR_PLAIN, LUI_LUCD_TYPE, VALUE, ID) values ('2f022f46-8696-4478-8db4-c929a4b90d89', 0, 'admin', TIMESTAMP '2014-02-06 10:34:38.883', 'admin', TIMESTAMP '2014-02-06 10:34:38.883', '', '25670acd-78ce-4cb6-a1df-38b49d8fb248', '', 'kuali.lu.code.honorsOffering', 0, '2c412a3a-ec95-4fa2-9cf5-e800c8959b66')
/
insert into KSEN_LPR (OBJ_ID, VER_NBR, CREATEID, CREATETIME, UPDATEID, UPDATETIME, ATP_ID, COMMIT_PERCT, CREDITS, EFF_DT, EXPIR_DT, GRADING_OPT_ID, LUI_ID, MASTER_LUI_ID, PERS_ID, LPR_STATE, LPR_TYPE, ID) values ('95acea11-a036-4561-b681-e0b02811f2be', 0, 'admin', TIMESTAMP '2014-02-06 10:34:38.883', 'admin', TIMESTAMP '2014-02-06 10:34:38.883', '', '100.00', '', TIMESTAMP '2014-02-06 10:34:58.915', '', '', '25670acd-78ce-4cb6-a1df-38b49d8fb248', '', 'W.TIMOTHYC', 'kuali.lpr.state.active', 'kuali.lpr.type.instructor.main', '66a72539-8dc0-40a9-97d4-3001da736b34')
/
insert into KSEN_LUILUI_RELTN (OBJ_ID, VER_NBR, CREATEID, CREATETIME, UPDATEID, UPDATETIME, EFF_DT, EXPIR_DT, DESCR_FORMATTED, LUI_ID, LUILUI_RELTN_STATE, LUILUI_RELTN_TYPE, NAME, DESCR_PLAIN, RELATED_LUI_ID, ID) values ('f61217d2-c785-4bc5-aa18-e821e09845aa', 0, 'admin', TIMESTAMP '2014-02-06 10:34:38.883', 'admin', TIMESTAMP '2014-02-06 10:34:38.883', TIMESTAMP '2014-02-06 10:34:58.936', '', 'CHEM277-FO-AO', 'e00c6bc9-8e56-4c20-ba22-dd1c3fdcc41f', 'kuali.lui.lui.relation.state.active', 'kuali.lui.lui.relation.type.deliveredvia.fo2ao', 'fo-ao-relation', 'CHEM277-FO-AO', '25670acd-78ce-4cb6-a1df-38b49d8fb248', 'bc227638-4034-42c9-ad19-1afacda3fbc7')
/
insert into KSEN_SCHED_RQST_SET (OBJ_ID, VER_NBR, CREATEID, CREATETIME, UPDATEID, UPDATETIME, DESCR_FORMATTED, MAX_ENRL_SHARED_IND, MAX_ENRL, NAME, DESCR_PLAIN, REF_OBJECT_TYPE, SCHED_RQST_SET_STATE, SCHED_RQST_SET_TYPE, ID) values ('97e528d3-4d39-4ca2-924b-50b835c2deed', 0, 'admin', TIMESTAMP '2014-02-06 10:34:38.883', 'admin', TIMESTAMP '2014-02-06 10:34:38.883', '', 0, '', 'Schedule request set for CHEM277 - D', '', 'http://student.kuali.org/wsdl/courseOffering/ActivityOfferingInfo', 'kuali.scheduling.schedule.request.set.state.created', 'kuali.scheduling.schedule.request.set.type.schedule.request.set', 'aecbe27d-3848-4287-8c16-79a53affe09b')
/
insert into KSEN_SCHED_RQST (OBJ_ID, VER_NBR, CREATEID, CREATETIME, UPDATEID, UPDATETIME, DESCR_FORMATTED, NAME, DESCR_PLAIN, SCHED_RQST_STATE, SCHED_RQST_TYPE, SCHED_ID, SCHED_RQST_SET_ID, ID) values ('66195790-e9ef-45ec-909e-1c1a6948e463', 1, 'admin', TIMESTAMP '2014-02-06 10:34:38.883', 'admin', TIMESTAMP '2014-02-06 10:34:38.883', '', 'Schedule request for CHEM277 - D', '', 'kuali.scheduling.schedule.request.state.created', 'kuali.scheduling.schedule.request.type.schedule.request', '', 'aecbe27d-3848-4287-8c16-79a53affe09b', 'f60ea31e-bdcd-4248-8c21-b3dc0416e59d')
/
insert into KSEN_SCHED_RQST_CMP (OBJ_ID, TBA_IND, SCHED_RQST_ID, ID) values ('c27b2f2b-863a-458c-9d6b-8e527531f038', 0, 'f60ea31e-bdcd-4248-8c21-b3dc0416e59d', 'a54d1dd0-8d81-48db-aff5-0e8e5b5077a0')
/
insert into KSEN_SCHED_REF_OBJECT (SCHED_RQST_SET_ID, REF_OBJECT_ID) values ('aecbe27d-3848-4287-8c16-79a53affe09b', '25670acd-78ce-4cb6-a1df-38b49d8fb248')
/
insert into KSEN_SCHED_RQST_CMP_ROOM (CMP_ID, ROOM_ID) values ('a54d1dd0-8d81-48db-aff5-0e8e5b5077a0', '000134ee-051b-403a-940e-eff45c3a987b')
/
insert into KSEN_SCHED_RQST_CMP_TMSLOT (CMP_ID, TM_SLOT_ID) values ('a54d1dd0-8d81-48db-aff5-0e8e5b5077a0', 'B1E89493-F841-4FC9-B415-96BA42FC42C6')
/
insert into KSEN_CWL (OBJ_ID, VER_NBR, CREATEID, CREATETIME, UPDATEID, UPDATETIME, ALLOW_HOLD_UTIL_ENTRIES_IND, AUTO_PROCESSED_IND, CHECK_IN_REQ_IND, CONF_REQ_IND, EFF_DT, EXPIR_DT, MAX_SIZE, REG_IN_FIRST_AAO_IND, STD_DUR_TIME_QTY, STD_DUR_TYPE, CWL_STATE, CWL_TYPE, ID) values ('e2008773-fa47-45c4-8388-dce305870368', 0, 'admin', TIMESTAMP '2014-02-06 10:34:38.883', 'admin', TIMESTAMP '2014-02-06 10:34:38.883', 1, 1, 0, 1, '', '', '', 1, '', '', 'kuali.course.waitlist.state.active', 'kuali.course.waitlist.type.course.waitlist', '12d87313-17fb-4ec0-b696-671efdc58a4e')
/
insert into KSEN_CWL_ACTIV_OFFER (CWL_ID, ACTIV_OFFER_ID) values ('12d87313-17fb-4ec0-b696-671efdc58a4e', '25670acd-78ce-4cb6-a1df-38b49d8fb248')
/
insert into KSEN_CWL_FORMAT_OFFER (CWL_ID, FORMAT_OFFER_ID) values ('12d87313-17fb-4ec0-b696-671efdc58a4e', 'e00c6bc9-8e56-4c20-ba22-dd1c3fdcc41f')
/
insert into KSEN_LUI (OBJ_ID, VER_NBR, CREATEID, CREATETIME, UPDATEID, UPDATETIME, ATP_ID, CLU_ID, EFF_DT, EXPIR_DT, DESCR_FORMATTED, LUI_STATE, LUI_TYPE, MAX_SEATS, MIN_SEATS, NAME, DESCR_PLAIN, REF_URL, ID) values ('dab0993d-6205-4729-86e4-769c1e1bce95', 0, 'admin', TIMESTAMP '2014-02-06 10:34:38.883', 'admin', TIMESTAMP '2014-02-06 10:34:38.883', 'kuali.atp.2014Winter', '9b0d7d87-31ec-498b-bfe4-31a4f1e92021', '', '', 'Courses with lab', 'kuali.lui.activity.offering.state.draft', 'kuali.lui.type.activity.offering.lab', 24, 24, 'Lab', 'Courses with lab', null, 'f0d02aae-0538-4d1c-a46b-a8e7ec019f10')
/
insert into KSEN_LUI_ATTR (OBJ_ID, ATTR_KEY, OWNER_ID, ATTR_VALUE, ID) values ('a2331262-1813-4e6b-a6a3-8093ff92c8bf', 'kuali.attribute.nonstd.ts.indicator', 'f0d02aae-0538-4d1c-a46b-a8e7ec019f10', 0, '9cd00550-6c2e-4bf0-a6a6-9d4e65f35614')
/
insert into KSEN_LUI_ATTR (OBJ_ID, ATTR_KEY, OWNER_ID, ATTR_VALUE, ID) values ('fead3806-5e6a-4d11-9010-44e091bb55f6', 'kuali.attribute.course.evaluation.indicator', 'f0d02aae-0538-4d1c-a46b-a8e7ec019f10', 0, '76c55aba-5ad9-4dfe-b2e1-e4f24df53e36')
/
insert into KSEN_LUI_ATTR (OBJ_ID, ATTR_KEY, OWNER_ID, ATTR_VALUE, ID) values ('4d917be9-f6c6-4ec5-b93e-ac43addc371d', 'kuali.attribute.max.enrollment.is.estimate', 'f0d02aae-0538-4d1c-a46b-a8e7ec019f10', 0, '2b86561d-43a3-4458-99b0-4a6674eaf2d8')
/
insert into KSEN_LUI_IDENT (OBJ_ID, VER_NBR, CREATEID, CREATETIME, UPDATEID, UPDATETIME, LUI_CD, DIVISION, IDENT_LEVEL, LNG_NAME, LUI_ID, ORGID, SHRT_NAME, LUI_ID_STATE, SUFX_CD, LUI_ID_TYPE, VARTN, ID) values ('a25f34b4-7b3c-400f-b4a3-cc33113e37d8', 0, 'admin', TIMESTAMP '2014-02-06 10:34:38.883', 'admin', TIMESTAMP '2014-02-06 10:34:38.883', 'E', '', '', '', 'f0d02aae-0538-4d1c-a46b-a8e7ec019f10', '', '', 'kuali.lui.identifier.state.active', '', 'kuali.lui.identifier.type.official', '', '594f3a8d-fc77-4433-b32f-a62dd3b45589')
/
insert into KSEN_LUI_LU_CD (OBJ_ID, VER_NBR, CREATEID, CREATETIME, UPDATEID, UPDATETIME, DESCR_FORMATTED, LUI_ID, DESCR_PLAIN, LUI_LUCD_TYPE, VALUE, ID) values ('58acaf6e-ee80-48a9-97fa-3449bdb2ac3b', 0, 'admin', TIMESTAMP '2014-02-06 10:34:38.883', 'admin', TIMESTAMP '2014-02-06 10:34:38.883', '', 'f0d02aae-0538-4d1c-a46b-a8e7ec019f10', '', 'kuali.lu.code.honorsOffering', 0, '24831478-e5ab-41ce-a324-20857c3c1c87')
/
insert into KSEN_LPR (OBJ_ID, VER_NBR, CREATEID, CREATETIME, UPDATEID, UPDATETIME, ATP_ID, COMMIT_PERCT, CREDITS, EFF_DT, EXPIR_DT, GRADING_OPT_ID, LUI_ID, MASTER_LUI_ID, PERS_ID, LPR_STATE, LPR_TYPE, ID) values ('c801ffd8-8510-4524-a2c6-e1cec90012db', 0, 'admin', TIMESTAMP '2014-02-06 10:34:38.883', 'admin', TIMESTAMP '2014-02-06 10:34:38.883', '', '100.00', '', TIMESTAMP '2014-02-06 10:35:01.457', '', '', 'f0d02aae-0538-4d1c-a46b-a8e7ec019f10', '', 'J.JRH', 'kuali.lpr.state.active', 'kuali.lpr.type.instructor.main', 'ade53109-8af3-4686-a18a-bf888acdf290')
/
insert into KSEN_LUILUI_RELTN (OBJ_ID, VER_NBR, CREATEID, CREATETIME, UPDATEID, UPDATETIME, EFF_DT, EXPIR_DT, DESCR_FORMATTED, LUI_ID, LUILUI_RELTN_STATE, LUILUI_RELTN_TYPE, NAME, DESCR_PLAIN, RELATED_LUI_ID, ID) values ('49578c09-3c55-446d-a89e-ee77a0b53b43', 0, 'admin', TIMESTAMP '2014-02-06 10:34:38.883', 'admin', TIMESTAMP '2014-02-06 10:34:38.883', TIMESTAMP '2014-02-06 10:35:01.495', '', 'CHEM277-FO-AO', 'e00c6bc9-8e56-4c20-ba22-dd1c3fdcc41f', 'kuali.lui.lui.relation.state.active', 'kuali.lui.lui.relation.type.deliveredvia.fo2ao', 'fo-ao-relation', 'CHEM277-FO-AO', 'f0d02aae-0538-4d1c-a46b-a8e7ec019f10', 'a0839037-bd0a-456f-a81a-8cf01c48e6cc')
/
insert into KSEN_SCHED_RQST_SET (OBJ_ID, VER_NBR, CREATEID, CREATETIME, UPDATEID, UPDATETIME, DESCR_FORMATTED, MAX_ENRL_SHARED_IND, MAX_ENRL, NAME, DESCR_PLAIN, REF_OBJECT_TYPE, SCHED_RQST_SET_STATE, SCHED_RQST_SET_TYPE, ID) values ('c0395dee-fe42-415b-b228-402547503a86', 0, 'admin', TIMESTAMP '2014-02-06 10:34:38.883', 'admin', TIMESTAMP '2014-02-06 10:34:38.883', '', 0, '', 'Schedule request set for CHEM277 - E', '', 'http://student.kuali.org/wsdl/courseOffering/ActivityOfferingInfo', 'kuali.scheduling.schedule.request.set.state.created', 'kuali.scheduling.schedule.request.set.type.schedule.request.set', 'ce977b74-1235-4188-807b-c094ace4ecda')
/
insert into KSEN_SCHED_RQST (OBJ_ID, VER_NBR, CREATEID, CREATETIME, UPDATEID, UPDATETIME, DESCR_FORMATTED, NAME, DESCR_PLAIN, SCHED_RQST_STATE, SCHED_RQST_TYPE, SCHED_ID, SCHED_RQST_SET_ID, ID) values ('89147921-7947-4e55-ac2a-78905e148a96', 0, 'admin', TIMESTAMP '2014-02-06 10:34:38.883', 'admin', TIMESTAMP '2014-02-06 10:34:38.883', '', 'Schedule reqeust for CHEM277 - E', '', 'kuali.scheduling.schedule.request.state.created', 'kuali.scheduling.schedule.request.type.schedule.request', '', 'ce977b74-1235-4188-807b-c094ace4ecda', '3c9d223c-0771-4283-9933-302345ae6eb5')
/
insert into KSEN_SCHED_RQST_CMP (OBJ_ID, TBA_IND, SCHED_RQST_ID, ID) values ('ede9722a-a57e-4bb1-91f7-652f7c7cdd77', 0, '3c9d223c-0771-4283-9933-302345ae6eb5', '08cdea40-a325-46c9-ba1b-1cda4c490b4a')
/
insert into KSEN_SCHED_REF_OBJECT (SCHED_RQST_SET_ID, REF_OBJECT_ID) values ('ce977b74-1235-4188-807b-c094ace4ecda', 'f0d02aae-0538-4d1c-a46b-a8e7ec019f10')
/
insert into KSEN_SCHED_RQST_CMP_BLDG (CMP_ID, BUILDING_ID) values ('08cdea40-a325-46c9-ba1b-1cda4c490b4a', '6f2e8f26-95bc-4bb1-a3d0-3206324cad4a')
/
insert into KSEN_SCHED_RQST_CMP_CAMPUS (CMP_ID, CAMPUS_ID) values ('08cdea40-a325-46c9-ba1b-1cda4c490b4a', 'UMCP')
/
insert into KSEN_SCHED_RQST_CMP_ROOM (CMP_ID, ROOM_ID) values ('08cdea40-a325-46c9-ba1b-1cda4c490b4a', '5fcaeba7-a010-40dc-a069-568c197f0809')
/
insert into KSEN_SCHED_RQST_CMP_TMSLOT (CMP_ID, TM_SLOT_ID) values ('08cdea40-a325-46c9-ba1b-1cda4c490b4a', '9CE29948-5A4B-4E03-A065-40BF27861CDE')
/
insert into KSEN_CWL (OBJ_ID, VER_NBR, CREATEID, CREATETIME, UPDATEID, UPDATETIME, ALLOW_HOLD_UTIL_ENTRIES_IND, AUTO_PROCESSED_IND, CHECK_IN_REQ_IND, CONF_REQ_IND, EFF_DT, EXPIR_DT, MAX_SIZE, REG_IN_FIRST_AAO_IND, STD_DUR_TIME_QTY, STD_DUR_TYPE, CWL_STATE, CWL_TYPE, ID) values ('b6dacf42-0625-4e1b-878b-080a5bac5478', 0, 'admin', TIMESTAMP '2014-02-06 10:34:38.883', 'admin', TIMESTAMP '2014-02-06 10:34:38.883', 1, 1, 0, 1, '', '', '', 1, '', '', 'kuali.course.waitlist.state.active', 'kuali.course.waitlist.type.course.waitlist', '9941fffa-7754-4e7e-beb3-c936395c52e4')
/
insert into KSEN_CWL_ACTIV_OFFER (CWL_ID, ACTIV_OFFER_ID) values ('9941fffa-7754-4e7e-beb3-c936395c52e4', 'f0d02aae-0538-4d1c-a46b-a8e7ec019f10')
/
insert into KSEN_CWL_FORMAT_OFFER (CWL_ID, FORMAT_OFFER_ID) values ('9941fffa-7754-4e7e-beb3-c936395c52e4', 'e00c6bc9-8e56-4c20-ba22-dd1c3fdcc41f')
/
insert into KSEN_LUI (OBJ_ID, VER_NBR, CREATEID, CREATETIME, UPDATEID, UPDATETIME, ATP_ID, CLU_ID, EFF_DT, EXPIR_DT, DESCR_FORMATTED, LUI_STATE, LUI_TYPE, MAX_SEATS, MIN_SEATS, NAME, DESCR_PLAIN, REF_URL, ID) values ('d419624a-1c4d-4708-9fbf-c2e932de7711', 0, 'admin', TIMESTAMP '2014-02-06 10:34:38.883', 'admin', TIMESTAMP '2014-02-06 10:34:38.883', 'kuali.atp.2014Winter', '6138a014-70d6-4716-a817-d096d4c79371', '', '', 'Courses with lab', 'kuali.lui.activity.offering.state.draft', 'kuali.lui.type.activity.offering.lab', 24, 24, 'Lab', 'Courses with lab', null, '301d5a33-c0b0-43ec-8eca-8d42fdcd540c')
/
insert into KSEN_LUI_ATTR (OBJ_ID, ATTR_KEY, OWNER_ID, ATTR_VALUE, ID) values ('e8595cca-4785-450d-9b6f-9c4b1b25408c', 'kuali.attribute.max.enrollment.is.estimate', '301d5a33-c0b0-43ec-8eca-8d42fdcd540c', 0, '8b24bc7a-4ce8-418f-afce-5c6d6bfa5d74')
/
insert into KSEN_LUI_ATTR (OBJ_ID, ATTR_KEY, OWNER_ID, ATTR_VALUE, ID) values ('ea49ae84-8776-4047-aa17-945daea6a1c2', 'kuali.attribute.course.evaluation.indicator', '301d5a33-c0b0-43ec-8eca-8d42fdcd540c', 0, 'd6bcb4ab-f5b9-43ed-8983-bafdb95ecae7')
/
insert into KSEN_LUI_ATTR (OBJ_ID, ATTR_KEY, OWNER_ID, ATTR_VALUE, ID) values ('f8f40d8a-6995-43d3-aaf0-05f1222d09c7', 'kuali.attribute.nonstd.ts.indicator', '301d5a33-c0b0-43ec-8eca-8d42fdcd540c', 0, 'c4438ce0-e03a-4ad8-a969-f1d598d68562')
/
insert into KSEN_LUI_IDENT (OBJ_ID, VER_NBR, CREATEID, CREATETIME, UPDATEID, UPDATETIME, LUI_CD, DIVISION, IDENT_LEVEL, LNG_NAME, LUI_ID, ORGID, SHRT_NAME, LUI_ID_STATE, SUFX_CD, LUI_ID_TYPE, VARTN, ID) values ('fcee7858-b5fe-4757-a86e-f61ed82581c1', 0, 'admin', TIMESTAMP '2014-02-06 10:34:38.883', 'admin', TIMESTAMP '2014-02-06 10:34:38.883', 'F', '', '', '', '301d5a33-c0b0-43ec-8eca-8d42fdcd540c', '', '', 'kuali.lui.identifier.state.active', '', 'kuali.lui.identifier.type.official', '', '1713f705-b738-4fe8-9fe2-8727fd387591')
/
insert into KSEN_LUI_LU_CD (OBJ_ID, VER_NBR, CREATEID, CREATETIME, UPDATEID, UPDATETIME, DESCR_FORMATTED, LUI_ID, DESCR_PLAIN, LUI_LUCD_TYPE, VALUE, ID) values ('400e269d-2233-494f-ab22-87ffe8f1b24e', 0, 'admin', TIMESTAMP '2014-02-06 10:34:38.883', 'admin', TIMESTAMP '2014-02-06 10:34:38.883', '', '301d5a33-c0b0-43ec-8eca-8d42fdcd540c', '', 'kuali.lu.code.honorsOffering', 0, '8893c511-79b7-4e98-a00c-e03157fb0565')
/
insert into KSEN_LPR (OBJ_ID, VER_NBR, CREATEID, CREATETIME, UPDATEID, UPDATETIME, ATP_ID, COMMIT_PERCT, CREDITS, EFF_DT, EXPIR_DT, GRADING_OPT_ID, LUI_ID, MASTER_LUI_ID, PERS_ID, LPR_STATE, LPR_TYPE, ID) values ('8851dca1-11ef-4ee4-a7e9-d4dac85a2aad', 0, 'admin', TIMESTAMP '2014-02-06 10:34:38.883', 'admin', TIMESTAMP '2014-02-06 10:34:38.883', '', '100.00', '', TIMESTAMP '2014-02-06 10:35:02.28', '', '', '301d5a33-c0b0-43ec-8eca-8d42fdcd540c', '', 'J.JRH', 'kuali.lpr.state.tentative', 'kuali.lpr.type.instructor.main', '4ccf6e9b-abaf-480b-8ed5-6c284d9b8478')
/
insert into KSEN_LUILUI_RELTN (OBJ_ID, VER_NBR, CREATEID, CREATETIME, UPDATEID, UPDATETIME, EFF_DT, EXPIR_DT, DESCR_FORMATTED, LUI_ID, LUILUI_RELTN_STATE, LUILUI_RELTN_TYPE, NAME, DESCR_PLAIN, RELATED_LUI_ID, ID) values ('1d43980f-46f5-4057-a353-308915193fb3', 0, 'admin', TIMESTAMP '2014-02-06 10:34:38.883', 'admin', TIMESTAMP '2014-02-06 10:34:38.883', TIMESTAMP '2014-02-06 10:35:02.311', '', 'CHEM277-FO-AO', 'e00c6bc9-8e56-4c20-ba22-dd1c3fdcc41f', 'kuali.lui.lui.relation.state.active', 'kuali.lui.lui.relation.type.deliveredvia.fo2ao', 'fo-ao-relation', 'CHEM277-FO-AO', '301d5a33-c0b0-43ec-8eca-8d42fdcd540c', 'cbe1dc4e-4bdc-449b-83ad-ca7c15f9834a')
/
insert into KSEN_SCHED_RQST_SET (OBJ_ID, VER_NBR, CREATEID, CREATETIME, UPDATEID, UPDATETIME, DESCR_FORMATTED, MAX_ENRL_SHARED_IND, MAX_ENRL, NAME, DESCR_PLAIN, REF_OBJECT_TYPE, SCHED_RQST_SET_STATE, SCHED_RQST_SET_TYPE, ID) values ('b9a356fb-23d6-4179-83b3-53e5258bc59b', 0, 'admin', TIMESTAMP '2014-02-06 10:34:38.883', 'admin', TIMESTAMP '2014-02-06 10:34:38.883', '', 0, '', 'Schedule request set for CHEM277 - F', '', 'http://student.kuali.org/wsdl/courseOffering/ActivityOfferingInfo', 'kuali.scheduling.schedule.request.set.state.created', 'kuali.scheduling.schedule.request.set.type.schedule.request.set', 'd3370682-f71e-4fc4-8d89-cad4ae7d2dd0')
/
insert into KSEN_SCHED_RQST (OBJ_ID, VER_NBR, CREATEID, CREATETIME, UPDATEID, UPDATETIME, DESCR_FORMATTED, NAME, DESCR_PLAIN, SCHED_RQST_STATE, SCHED_RQST_TYPE, SCHED_ID, SCHED_RQST_SET_ID, ID) values ('27b06f87-540c-48d5-91a7-c2b0a68586d4', 1, 'admin', TIMESTAMP '2014-02-06 10:34:38.883', 'admin', TIMESTAMP '2014-02-06 10:34:38.883', '', 'Schedule request for CHEM277 - F', '', 'kuali.scheduling.schedule.request.state.created', 'kuali.scheduling.schedule.request.type.schedule.request', '', 'd3370682-f71e-4fc4-8d89-cad4ae7d2dd0', 'a924ca54-af7a-490f-ba58-e2a9144f7e76')
/
insert into KSEN_SCHED_RQST_CMP (OBJ_ID, TBA_IND, SCHED_RQST_ID, ID) values ('34f715f2-b053-42ec-a08a-c1e1b3da415e', 0, 'a924ca54-af7a-490f-ba58-e2a9144f7e76', 'd737d2c3-a1d2-4cdc-ad23-7b1936ade58f')
/
insert into KSEN_SCHED_REF_OBJECT (SCHED_RQST_SET_ID, REF_OBJECT_ID) values ('d3370682-f71e-4fc4-8d89-cad4ae7d2dd0', '301d5a33-c0b0-43ec-8eca-8d42fdcd540c')
/
insert into KSEN_SCHED_RQST_CMP_ROOM (CMP_ID, ROOM_ID) values ('d737d2c3-a1d2-4cdc-ad23-7b1936ade58f', '5fcaeba7-a010-40dc-a069-568c197f0809')
/
insert into KSEN_SCHED_RQST_CMP_TMSLOT (CMP_ID, TM_SLOT_ID) values ('d737d2c3-a1d2-4cdc-ad23-7b1936ade58f', '9CE29948-5A4B-4E03-A065-40BF27861CDE')
/
insert into KSEN_CWL (OBJ_ID, VER_NBR, CREATEID, CREATETIME, UPDATEID, UPDATETIME, ALLOW_HOLD_UTIL_ENTRIES_IND, AUTO_PROCESSED_IND, CHECK_IN_REQ_IND, CONF_REQ_IND, EFF_DT, EXPIR_DT, MAX_SIZE, REG_IN_FIRST_AAO_IND, STD_DUR_TIME_QTY, STD_DUR_TYPE, CWL_STATE, CWL_TYPE, ID) values ('b0d96912-91a0-4aa2-ac75-d0d4eace3651', 0, 'admin', TIMESTAMP '2014-02-06 10:34:38.883', 'admin', TIMESTAMP '2014-02-06 10:34:38.883', 1, 1, 0, 1, '', '', '', 1, '', '', 'kuali.course.waitlist.state.active', 'kuali.course.waitlist.type.course.waitlist', '32676d95-e004-420f-8ce9-b1a8630ca662')
/
insert into KSEN_CWL_ACTIV_OFFER (CWL_ID, ACTIV_OFFER_ID) values ('32676d95-e004-420f-8ce9-b1a8630ca662', '301d5a33-c0b0-43ec-8eca-8d42fdcd540c')
/
insert into KSEN_CWL_FORMAT_OFFER (CWL_ID, FORMAT_OFFER_ID) values ('32676d95-e004-420f-8ce9-b1a8630ca662', 'e00c6bc9-8e56-4c20-ba22-dd1c3fdcc41f')
/
insert into KSEN_CO_AO_CLUSTER (OBJ_ID, VER_NBR, CREATEID, CREATETIME, UPDATEID, UPDATETIME, AO_CLUSTER_STATE, AO_CLUSTER_TYPE, DESCR_FORMATTED, DESCR_PLAIN, FORMAT_OFFERING_ID, NAME, PRIVATE_NAME, ID) values ('edb29d32-31ae-4283-b7d1-1476c53e36ab', 0, 'admin', TIMESTAMP '2014-02-06 10:34:38.883', 'admin', TIMESTAMP '2014-02-06 10:34:38.883', 'kuali.activity.offering.cluster.state.active', 'kuali.activity.offering.cluster.type.activity.offering.cluster', '', '', 'e00c6bc9-8e56-4c20-ba22-dd1c3fdcc41f', 'CL 1 Conflict', 'CL 1 Conflict', 'c725f27c-e6d0-4e72-83ad-7fb51826591e')
/
insert into KSEN_CO_AO_CLUSTER_SET (OBJ_ID, ACTIVITY_OFFERING_TYPE, AO_CLUSTER_ID, ID) values ('282e156e-3ced-462f-89eb-f14b31503da7', 'kuali.lui.type.activity.offering.lab', 'c725f27c-e6d0-4e72-83ad-7fb51826591e', '8897830d-4ef7-4ff1-b24e-d82a2bfd2282')
/
insert into KSEN_CO_AO_CLUSTER_SET (OBJ_ID, ACTIVITY_OFFERING_TYPE, AO_CLUSTER_ID, ID) values ('a0bb3344-6697-4a52-89ac-936f7cf81ab5', 'kuali.lui.type.activity.offering.lecture', 'c725f27c-e6d0-4e72-83ad-7fb51826591e', '68b1c474-1c8b-4f67-9a59-fc76d23c7872')
/
insert into KSEN_CO_AO_CLUSTER_SET_AO (AOC_SET_ID, ACTIVITY_OFFERING_ID) values ('8897830d-4ef7-4ff1-b24e-d82a2bfd2282', 'f0d02aae-0538-4d1c-a46b-a8e7ec019f10')
/
insert into KSEN_CO_AO_CLUSTER_SET_AO (AOC_SET_ID, ACTIVITY_OFFERING_ID) values ('8897830d-4ef7-4ff1-b24e-d82a2bfd2282', '301d5a33-c0b0-43ec-8eca-8d42fdcd540c')
/
insert into KSEN_CO_AO_CLUSTER_SET_AO (AOC_SET_ID, ACTIVITY_OFFERING_ID) values ('68b1c474-1c8b-4f67-9a59-fc76d23c7872', '25670acd-78ce-4cb6-a1df-38b49d8fb248')
/
update KSEN_CO_AO_CLUSTER_SET set AO_CLUSTER_ID='c725f27c-e6d0-4e72-83ad-7fb51826591e' where ID='8897830d-4ef7-4ff1-b24e-d82a2bfd2282'
/
update KSEN_CO_AO_CLUSTER_SET set AO_CLUSTER_ID='c725f27c-e6d0-4e72-83ad-7fb51826591e' where ID='68b1c474-1c8b-4f67-9a59-fc76d23c7872'
/
insert into KSEN_CO_AO_CLUSTER (OBJ_ID, VER_NBR, CREATEID, CREATETIME, UPDATEID, UPDATETIME, AO_CLUSTER_STATE, AO_CLUSTER_TYPE, DESCR_FORMATTED, DESCR_PLAIN, FORMAT_OFFERING_ID, NAME, PRIVATE_NAME, ID) values ('d1320a61-75c6-483a-a2ed-9bd72138cee7', 0, 'admin', TIMESTAMP '2014-02-06 10:34:38.883', 'admin', TIMESTAMP '2014-02-06 10:34:38.883', 'kuali.activity.offering.cluster.state.active', 'kuali.activity.offering.cluster.type.activity.offering.cluster', '', '', 'e00c6bc9-8e56-4c20-ba22-dd1c3fdcc41f', 'CL 1', 'CL 1', '3de719e5-d92d-4115-b164-46e70e729bdc')
/
insert into KSEN_CO_AO_CLUSTER_SET (OBJ_ID, ACTIVITY_OFFERING_TYPE, AO_CLUSTER_ID, ID) values ('3f955748-4de7-4dd6-967f-6791578bd729', 'kuali.lui.type.activity.offering.lecture', '3de719e5-d92d-4115-b164-46e70e729bdc', '5dd1f822-79ed-4315-8767-c67e82ae8362')
/
insert into KSEN_CO_AO_CLUSTER_SET (OBJ_ID, ACTIVITY_OFFERING_TYPE, AO_CLUSTER_ID, ID) values ('33d3fc55-1340-45bd-9f8d-e1ca0e836d5a', 'kuali.lui.type.activity.offering.lab', '3de719e5-d92d-4115-b164-46e70e729bdc', 'a2257f75-8b83-409c-a60a-c729f147476f')
/
insert into KSEN_CO_AO_CLUSTER_SET_AO (AOC_SET_ID, ACTIVITY_OFFERING_ID) values ('5dd1f822-79ed-4315-8767-c67e82ae8362', 'ac27b4a0-8113-400c-8572-43fb5b760b2a')
/
insert into KSEN_CO_AO_CLUSTER_SET_AO (AOC_SET_ID, ACTIVITY_OFFERING_ID) values ('a2257f75-8b83-409c-a60a-c729f147476f', '3f2b35c3-3d19-4b90-ae31-8fdc4b8e8b49')
/
insert into KSEN_CO_AO_CLUSTER_SET_AO (AOC_SET_ID, ACTIVITY_OFFERING_ID) values ('a2257f75-8b83-409c-a60a-c729f147476f', '642b0242-f6f8-4ee7-85fa-636374ca1358')
/
update KSEN_CO_AO_CLUSTER_SET set AO_CLUSTER_ID='3de719e5-d92d-4115-b164-46e70e729bdc' where ID='5dd1f822-79ed-4315-8767-c67e82ae8362'
/
update KSEN_CO_AO_CLUSTER_SET set AO_CLUSTER_ID='3de719e5-d92d-4115-b164-46e70e729bdc' where ID='a2257f75-8b83-409c-a60a-c729f147476f'
/
insert into KSEN_LUI (OBJ_ID, VER_NBR, CREATEID, CREATETIME, UPDATEID, UPDATETIME, ATP_ID, CLU_ID, EFF_DT, EXPIR_DT, DESCR_FORMATTED, LUI_STATE, LUI_TYPE, MAX_SEATS, MIN_SEATS, NAME, DESCR_PLAIN, REF_URL, ID) values ('c1b3b6c7-20b6-4840-b905-e45429d1dc37', 0, 'admin', TIMESTAMP '2014-02-06 10:34:38.883', 'admin', TIMESTAMP '2014-02-06 10:34:38.883', 'kuali.atp.2014Winter', '25889d4f-0612-424c-87a5-e96f60f3e096', '', '', '1001', 'kuali.lui.registration.group.state.pending', 'kuali.lui.type.registration.group', '', '', '1001', '1001', '', '801cb5c5-75b3-4f2d-be90-af1aa30e5d92')
/
insert into KSEN_LUI_ATTR (OBJ_ID, ATTR_KEY, OWNER_ID, ATTR_VALUE, ID) values ('40d380e2-99dd-4174-8925-67ec6af88c2c', 'kuali.attribute.registration.group.aocluster.id', '801cb5c5-75b3-4f2d-be90-af1aa30e5d92', 'c725f27c-e6d0-4e72-83ad-7fb51826591e', '83ed428b-626e-47c2-ac8f-3190692c88c7')
/
insert into KSEN_LUI_ATTR (OBJ_ID, ATTR_KEY, OWNER_ID, ATTR_VALUE, ID) values ('9383604a-b064-401a-baff-9d2af846d2bc', 'kuali.attribute.registration.group.is.generated', '801cb5c5-75b3-4f2d-be90-af1aa30e5d92', 1, '43a34447-0bba-4241-9d27-6066c261d560')
/
insert into KSEN_LUI_IDENT (OBJ_ID, VER_NBR, CREATEID, CREATETIME, UPDATEID, UPDATETIME, LUI_CD, DIVISION, IDENT_LEVEL, LNG_NAME, LUI_ID, ORGID, SHRT_NAME, LUI_ID_STATE, SUFX_CD, LUI_ID_TYPE, VARTN, ID) values ('a6bfe72b-f2d5-4edf-a82f-78d490d37de3', 0, 'admin', TIMESTAMP '2014-02-06 10:34:38.883', 'admin', TIMESTAMP '2014-02-06 10:34:38.883', '', '', '', '', '801cb5c5-75b3-4f2d-be90-af1aa30e5d92', '', '', 'kuali.lui.identifier.state.active', '', 'kuali.lui.identifier.type.official', '', '4e0f6a98-bcd8-4aef-aa02-46c817369114')
/
insert into KSEN_LUILUI_RELTN (OBJ_ID, VER_NBR, CREATEID, CREATETIME, UPDATEID, UPDATETIME, EFF_DT, EXPIR_DT, DESCR_FORMATTED, LUI_ID, LUILUI_RELTN_STATE, LUILUI_RELTN_TYPE, NAME, DESCR_PLAIN, RELATED_LUI_ID, ID) values ('7705a5d6-8b4b-42d0-b237-0b386848d7a6', 0, 'admin', TIMESTAMP '2014-02-06 10:34:38.883', 'admin', TIMESTAMP '2014-02-06 10:34:38.883', TIMESTAMP '2014-02-06 10:35:03.301', '', 'CHEM277-FO-RG', 'e00c6bc9-8e56-4c20-ba22-dd1c3fdcc41f', 'kuali.lui.lui.relation.state.active', 'kuali.lui.lui.relation.type.deliveredvia.fo2rg', 'fo-rg-relation', 'CHEM277-FO-RG', '801cb5c5-75b3-4f2d-be90-af1aa30e5d92', '88d8e7e7-72bc-405a-bf13-950e26a0568e')
/
insert into KSEN_LUILUI_RELTN (OBJ_ID, VER_NBR, CREATEID, CREATETIME, UPDATEID, UPDATETIME, EFF_DT, EXPIR_DT, DESCR_FORMATTED, LUI_ID, LUILUI_RELTN_STATE, LUILUI_RELTN_TYPE, NAME, DESCR_PLAIN, RELATED_LUI_ID, ID) values ('a3ee7297-0d52-4ae6-932c-9052753a07a8', 0, 'admin', TIMESTAMP '2014-02-06 10:34:38.883', 'admin', TIMESTAMP '2014-02-06 10:34:38.883', TIMESTAMP '2014-02-06 10:35:03.357', '', 'CHEM277-RG-AO', '801cb5c5-75b3-4f2d-be90-af1aa30e5d92', 'kuali.lui.lui.relation.state.active', 'kuali.lui.lui.relation.type.registeredforvia.rg2ao', 'rg-ao-relation', 'CHEM277-RG-AO', '25670acd-78ce-4cb6-a1df-38b49d8fb248', '20afcb4b-3836-4513-8010-97036d888cbb')
/
insert into KSEN_LUILUI_RELTN (OBJ_ID, VER_NBR, CREATEID, CREATETIME, UPDATEID, UPDATETIME, EFF_DT, EXPIR_DT, DESCR_FORMATTED, LUI_ID, LUILUI_RELTN_STATE, LUILUI_RELTN_TYPE, NAME, DESCR_PLAIN, RELATED_LUI_ID, ID) values ('513f9f3d-f5f2-4d7e-b007-a3034258f911', 0, 'admin', TIMESTAMP '2014-02-06 10:34:38.883', 'admin', TIMESTAMP '2014-02-06 10:34:38.883', TIMESTAMP '2014-02-06 10:35:03.383', '', 'CHEM277-RG-AO', '801cb5c5-75b3-4f2d-be90-af1aa30e5d92', 'kuali.lui.lui.relation.state.active', 'kuali.lui.lui.relation.type.registeredforvia.rg2ao', 'rg-ao-relation', 'CHEM277-RG-AO', 'f0d02aae-0538-4d1c-a46b-a8e7ec019f10', 'fae3494e-3572-4ddf-ae9b-2b032035bcd3')
/
update KSEN_LUI set OBJ_ID='c1b3b6c7-20b6-4840-b905-e45429d1dc37', VER_NBR=1, UPDATEID='admin', UPDATETIME=TIMESTAMP '2014-02-06 10:34:38.883', ATP_ID='kuali.atp.2014Winter', CLU_ID='25889d4f-0612-424c-87a5-e96f60f3e096', EFF_DT='', EXPIR_DT='', DESCR_FORMATTED='1001', LUI_STATE='kuali.lui.registration.group.state.invalid', LUI_TYPE='kuali.lui.type.registration.group', MAX_SEATS='', MIN_SEATS='', NAME='1001', DESCR_PLAIN='1001', REF_URL='' where ID='801cb5c5-75b3-4f2d-be90-af1aa30e5d92' and VER_NBR=0
/
insert into KSEN_LUI (OBJ_ID, VER_NBR, CREATEID, CREATETIME, UPDATEID, UPDATETIME, ATP_ID, CLU_ID, EFF_DT, EXPIR_DT, DESCR_FORMATTED, LUI_STATE, LUI_TYPE, MAX_SEATS, MIN_SEATS, NAME, DESCR_PLAIN, REF_URL, ID) values ('08ccb031-b484-456e-95f4-726f306acc1a', 0, 'admin', TIMESTAMP '2014-02-06 10:34:38.883', 'admin', TIMESTAMP '2014-02-06 10:34:38.883', 'kuali.atp.2014Winter', '25889d4f-0612-424c-87a5-e96f60f3e096', '', '', '1002', 'kuali.lui.registration.group.state.pending', 'kuali.lui.type.registration.group', '', '', '1002', '1002', '', 'cd25dd53-b814-4cd8-b39b-52ab3106b1a2')
/
insert into KSEN_LUI_ATTR (OBJ_ID, ATTR_KEY, OWNER_ID, ATTR_VALUE, ID) values ('b128c499-f93f-4d83-9a73-5508d91e99ab', 'kuali.attribute.registration.group.aocluster.id', 'cd25dd53-b814-4cd8-b39b-52ab3106b1a2', 'c725f27c-e6d0-4e72-83ad-7fb51826591e', '8e42e0b3-0fea-4431-95ec-3229ca5caa77')
/
insert into KSEN_LUI_ATTR (OBJ_ID, ATTR_KEY, OWNER_ID, ATTR_VALUE, ID) values ('2fb61795-6894-4e02-840c-2853a9d3980e', 'kuali.attribute.registration.group.is.generated', 'cd25dd53-b814-4cd8-b39b-52ab3106b1a2', 1, 'f3c8953e-52ba-48a9-8f7d-a375c5041c9e')
/
insert into KSEN_LUI_IDENT (OBJ_ID, VER_NBR, CREATEID, CREATETIME, UPDATEID, UPDATETIME, LUI_CD, DIVISION, IDENT_LEVEL, LNG_NAME, LUI_ID, ORGID, SHRT_NAME, LUI_ID_STATE, SUFX_CD, LUI_ID_TYPE, VARTN, ID) values ('83e37ad7-3369-4c2b-9e4e-22a566115f45', 0, 'admin', TIMESTAMP '2014-02-06 10:34:38.883', 'admin', TIMESTAMP '2014-02-06 10:34:38.883', '', '', '', '', 'cd25dd53-b814-4cd8-b39b-52ab3106b1a2', '', '', 'kuali.lui.identifier.state.active', '', 'kuali.lui.identifier.type.official', '', '70e77cbf-9686-4529-b888-ecce0e8b89f9')
/
insert into KSEN_LUILUI_RELTN (OBJ_ID, VER_NBR, CREATEID, CREATETIME, UPDATEID, UPDATETIME, EFF_DT, EXPIR_DT, DESCR_FORMATTED, LUI_ID, LUILUI_RELTN_STATE, LUILUI_RELTN_TYPE, NAME, DESCR_PLAIN, RELATED_LUI_ID, ID) values ('9c9c86c9-ad6e-46a4-85d1-0580e213dba2', 0, 'admin', TIMESTAMP '2014-02-06 10:34:38.883', 'admin', TIMESTAMP '2014-02-06 10:34:38.883', TIMESTAMP '2014-02-06 10:35:06.026', '', 'CHEM277-FO-RG', 'e00c6bc9-8e56-4c20-ba22-dd1c3fdcc41f', 'kuali.lui.lui.relation.state.active', 'kuali.lui.lui.relation.type.deliveredvia.fo2rg', 'fo-rg-relation', 'CHEM277-FO-RG', 'cd25dd53-b814-4cd8-b39b-52ab3106b1a2', '2886aaf1-f370-4fab-9a9d-709c9fd98331')
/
insert into KSEN_LUILUI_RELTN (OBJ_ID, VER_NBR, CREATEID, CREATETIME, UPDATEID, UPDATETIME, EFF_DT, EXPIR_DT, DESCR_FORMATTED, LUI_ID, LUILUI_RELTN_STATE, LUILUI_RELTN_TYPE, NAME, DESCR_PLAIN, RELATED_LUI_ID, ID) values ('05b84ab7-ad47-4009-810d-139483973d1a', 0, 'admin', TIMESTAMP '2014-02-06 10:34:38.883', 'admin', TIMESTAMP '2014-02-06 10:34:38.883', TIMESTAMP '2014-02-06 10:35:06.044', '', 'CHEM277-RG-AO', 'cd25dd53-b814-4cd8-b39b-52ab3106b1a2', 'kuali.lui.lui.relation.state.active', 'kuali.lui.lui.relation.type.registeredforvia.rg2ao', 'rg-ao-relation', 'CHEM277-RG-AO', '25670acd-78ce-4cb6-a1df-38b49d8fb248', 'a7286849-5bf9-43cf-bb7e-c00f98432737')
/
insert into KSEN_LUILUI_RELTN (OBJ_ID, VER_NBR, CREATEID, CREATETIME, UPDATEID, UPDATETIME, EFF_DT, EXPIR_DT, DESCR_FORMATTED, LUI_ID, LUILUI_RELTN_STATE, LUILUI_RELTN_TYPE, NAME, DESCR_PLAIN, RELATED_LUI_ID, ID) values ('7b2089c3-a164-4cb7-ad23-77c981947316', 0, 'admin', TIMESTAMP '2014-02-06 10:34:38.883', 'admin', TIMESTAMP '2014-02-06 10:34:38.883', TIMESTAMP '2014-02-06 10:35:06.074', '', 'CHEM277-RG-AO', 'cd25dd53-b814-4cd8-b39b-52ab3106b1a2', 'kuali.lui.lui.relation.state.active', 'kuali.lui.lui.relation.type.registeredforvia.rg2ao', 'rg-ao-relation', 'CHEM277-RG-AO', '301d5a33-c0b0-43ec-8eca-8d42fdcd540c', '2d993cd5-c38a-4eed-95b5-c06049a015e5')
/
update KSEN_LUI set OBJ_ID='08ccb031-b484-456e-95f4-726f306acc1a', VER_NBR=1, UPDATEID='admin', UPDATETIME=TIMESTAMP '2014-02-06 10:34:38.883', ATP_ID='kuali.atp.2014Winter', CLU_ID='25889d4f-0612-424c-87a5-e96f60f3e096', EFF_DT='', EXPIR_DT='', DESCR_FORMATTED='1002', LUI_STATE='kuali.lui.registration.group.state.invalid', LUI_TYPE='kuali.lui.type.registration.group', MAX_SEATS='', MIN_SEATS='', NAME='1002', DESCR_PLAIN='1002', REF_URL='' where ID='cd25dd53-b814-4cd8-b39b-52ab3106b1a2' and VER_NBR=0
/
insert into KSEN_LUI (OBJ_ID, VER_NBR, CREATEID, CREATETIME, UPDATEID, UPDATETIME, ATP_ID, CLU_ID, EFF_DT, EXPIR_DT, DESCR_FORMATTED, LUI_STATE, LUI_TYPE, MAX_SEATS, MIN_SEATS, NAME, DESCR_PLAIN, REF_URL, ID) values ('2567a145-f024-4daf-bc05-1300b6787040', 0, 'admin', TIMESTAMP '2014-02-06 10:34:38.883', 'admin', TIMESTAMP '2014-02-06 10:34:38.883', 'kuali.atp.2014Winter', '25889d4f-0612-424c-87a5-e96f60f3e096', '', '', '1003', 'kuali.lui.registration.group.state.pending', 'kuali.lui.type.registration.group', '', '', '1003', '1003', '', '7a070a39-7dc8-4402-b3d3-16c78f98131d')
/
insert into KSEN_LUI_ATTR (OBJ_ID, ATTR_KEY, OWNER_ID, ATTR_VALUE, ID) values ('d74d1046-d04d-4ca4-8376-bf7f942fd925', 'kuali.attribute.registration.group.aocluster.id', '7a070a39-7dc8-4402-b3d3-16c78f98131d', '3de719e5-d92d-4115-b164-46e70e729bdc', '64f3228f-eae3-43ca-a7c3-214e633584bd')
/
insert into KSEN_LUI_ATTR (OBJ_ID, ATTR_KEY, OWNER_ID, ATTR_VALUE, ID) values ('f4e333f1-a444-43a8-9672-99ab04d9247f', 'kuali.attribute.registration.group.is.generated', '7a070a39-7dc8-4402-b3d3-16c78f98131d', 1, 'f0a9d9b5-d069-4f7c-9041-408375a8cdfc')
/
insert into KSEN_LUI_IDENT (OBJ_ID, VER_NBR, CREATEID, CREATETIME, UPDATEID, UPDATETIME, LUI_CD, DIVISION, IDENT_LEVEL, LNG_NAME, LUI_ID, ORGID, SHRT_NAME, LUI_ID_STATE, SUFX_CD, LUI_ID_TYPE, VARTN, ID) values ('86ea1d8e-717c-425d-90f3-9aa19297abc0', 0, 'admin', TIMESTAMP '2014-02-06 10:34:38.883', 'admin', TIMESTAMP '2014-02-06 10:34:38.883', '', '', '', '', '7a070a39-7dc8-4402-b3d3-16c78f98131d', '', '', 'kuali.lui.identifier.state.active', '', 'kuali.lui.identifier.type.official', '', 'b7459a37-e7cc-4c3f-bf00-e1c527027394')
/
insert into KSEN_LUILUI_RELTN (OBJ_ID, VER_NBR, CREATEID, CREATETIME, UPDATEID, UPDATETIME, EFF_DT, EXPIR_DT, DESCR_FORMATTED, LUI_ID, LUILUI_RELTN_STATE, LUILUI_RELTN_TYPE, NAME, DESCR_PLAIN, RELATED_LUI_ID, ID) values ('c8b76109-dfed-4925-9af4-f4c6ac107aa2', 0, 'admin', TIMESTAMP '2014-02-06 10:34:38.883', 'admin', TIMESTAMP '2014-02-06 10:34:38.883', TIMESTAMP '2014-02-06 10:35:06.405', '', 'CHEM277-FO-RG', 'e00c6bc9-8e56-4c20-ba22-dd1c3fdcc41f', 'kuali.lui.lui.relation.state.active', 'kuali.lui.lui.relation.type.deliveredvia.fo2rg', 'fo-rg-relation', 'CHEM277-FO-RG', '7a070a39-7dc8-4402-b3d3-16c78f98131d', '8256a01c-87e8-4e19-aff8-a86540eed467')
/
insert into KSEN_LUILUI_RELTN (OBJ_ID, VER_NBR, CREATEID, CREATETIME, UPDATEID, UPDATETIME, EFF_DT, EXPIR_DT, DESCR_FORMATTED, LUI_ID, LUILUI_RELTN_STATE, LUILUI_RELTN_TYPE, NAME, DESCR_PLAIN, RELATED_LUI_ID, ID) values ('c3ce5250-6e43-49b7-bd02-5c2f04fbbb54', 0, 'admin', TIMESTAMP '2014-02-06 10:34:38.883', 'admin', TIMESTAMP '2014-02-06 10:34:38.883', TIMESTAMP '2014-02-06 10:35:06.423', '', 'CHEM277-RG-AO', '7a070a39-7dc8-4402-b3d3-16c78f98131d', 'kuali.lui.lui.relation.state.active', 'kuali.lui.lui.relation.type.registeredforvia.rg2ao', 'rg-ao-relation', 'CHEM277-RG-AO', 'ac27b4a0-8113-400c-8572-43fb5b760b2a', 'c215acb1-a37c-467a-ba81-969323b686cb')
/
insert into KSEN_LUILUI_RELTN (OBJ_ID, VER_NBR, CREATEID, CREATETIME, UPDATEID, UPDATETIME, EFF_DT, EXPIR_DT, DESCR_FORMATTED, LUI_ID, LUILUI_RELTN_STATE, LUILUI_RELTN_TYPE, NAME, DESCR_PLAIN, RELATED_LUI_ID, ID) values ('5955942f-408c-4f95-a368-2a366ef7b219', 0, 'admin', TIMESTAMP '2014-02-06 10:34:38.883', 'admin', TIMESTAMP '2014-02-06 10:34:38.883', TIMESTAMP '2014-02-06 10:35:06.435', '', 'CHEM277-RG-AO', '7a070a39-7dc8-4402-b3d3-16c78f98131d', 'kuali.lui.lui.relation.state.active', 'kuali.lui.lui.relation.type.registeredforvia.rg2ao', 'rg-ao-relation', 'CHEM277-RG-AO', '3f2b35c3-3d19-4b90-ae31-8fdc4b8e8b49', '83b5d4ca-71fe-4a83-9e28-8254358533ec')
/
insert into KSEN_LUI (OBJ_ID, VER_NBR, CREATEID, CREATETIME, UPDATEID, UPDATETIME, ATP_ID, CLU_ID, EFF_DT, EXPIR_DT, DESCR_FORMATTED, LUI_STATE, LUI_TYPE, MAX_SEATS, MIN_SEATS, NAME, DESCR_PLAIN, REF_URL, ID) values ('8e473483-dc0f-4920-800a-66dae7a7fd98', 0, 'admin', TIMESTAMP '2014-02-06 10:34:38.883', 'admin', TIMESTAMP '2014-02-06 10:34:38.883', 'kuali.atp.2014Winter', '25889d4f-0612-424c-87a5-e96f60f3e096', '', '', '1004', 'kuali.lui.registration.group.state.pending', 'kuali.lui.type.registration.group', '', '', '1004', '1004', '', '408a2392-0fcc-43b4-85b1-afe0b96a24fa')
/
insert into KSEN_LUI_ATTR (OBJ_ID, ATTR_KEY, OWNER_ID, ATTR_VALUE, ID) values ('1e99189e-da07-49f5-897e-ada33b6d03bb', 'kuali.attribute.registration.group.is.generated', '408a2392-0fcc-43b4-85b1-afe0b96a24fa', 1, '05c96338-f1eb-4dbc-96d2-5c6b297c62eb')
/
insert into KSEN_LUI_ATTR (OBJ_ID, ATTR_KEY, OWNER_ID, ATTR_VALUE, ID) values ('2cb16866-7cc2-4aa3-a336-305a0edbfe6e', 'kuali.attribute.registration.group.aocluster.id', '408a2392-0fcc-43b4-85b1-afe0b96a24fa', '3de719e5-d92d-4115-b164-46e70e729bdc', '1886039c-1bc0-4df1-aa13-6ee2787d6df9')
/
insert into KSEN_LUI_IDENT (OBJ_ID, VER_NBR, CREATEID, CREATETIME, UPDATEID, UPDATETIME, LUI_CD, DIVISION, IDENT_LEVEL, LNG_NAME, LUI_ID, ORGID, SHRT_NAME, LUI_ID_STATE, SUFX_CD, LUI_ID_TYPE, VARTN, ID) values ('5a9bddf4-47a3-48fb-bbf3-1a6d9e45d2f9', 0, 'admin', TIMESTAMP '2014-02-06 10:34:38.883', 'admin', TIMESTAMP '2014-02-06 10:34:38.883', '', '', '', '', '408a2392-0fcc-43b4-85b1-afe0b96a24fa', '', '', 'kuali.lui.identifier.state.active', '', 'kuali.lui.identifier.type.official', '', '686aeba0-f5b1-4ad8-83ba-28c65f8f31ab')
/
insert into KSEN_LUILUI_RELTN (OBJ_ID, VER_NBR, CREATEID, CREATETIME, UPDATEID, UPDATETIME, EFF_DT, EXPIR_DT, DESCR_FORMATTED, LUI_ID, LUILUI_RELTN_STATE, LUILUI_RELTN_TYPE, NAME, DESCR_PLAIN, RELATED_LUI_ID, ID) values ('f28aa2ce-610c-4705-84ea-73446ed0b244', 0, 'admin', TIMESTAMP '2014-02-06 10:34:38.883', 'admin', TIMESTAMP '2014-02-06 10:34:38.883', TIMESTAMP '2014-02-06 10:35:06.586', '', 'CHEM277-FO-RG', 'e00c6bc9-8e56-4c20-ba22-dd1c3fdcc41f', 'kuali.lui.lui.relation.state.active', 'kuali.lui.lui.relation.type.deliveredvia.fo2rg', 'fo-rg-relation', 'CHEM277-FO-RG', '408a2392-0fcc-43b4-85b1-afe0b96a24fa', 'dab56fc2-ae94-46df-ab71-f95f11774882')
/
insert into KSEN_LUILUI_RELTN (OBJ_ID, VER_NBR, CREATEID, CREATETIME, UPDATEID, UPDATETIME, EFF_DT, EXPIR_DT, DESCR_FORMATTED, LUI_ID, LUILUI_RELTN_STATE, LUILUI_RELTN_TYPE, NAME, DESCR_PLAIN, RELATED_LUI_ID, ID) values ('5a7e595a-7d13-492a-a38d-c8463b58c64a', 0, 'admin', TIMESTAMP '2014-02-06 10:34:38.883', 'admin', TIMESTAMP '2014-02-06 10:34:38.883', TIMESTAMP '2014-02-06 10:35:06.6', '', 'CHEM277-RG-AO', '408a2392-0fcc-43b4-85b1-afe0b96a24fa', 'kuali.lui.lui.relation.state.active', 'kuali.lui.lui.relation.type.registeredforvia.rg2ao', 'rg-ao-relation', 'CHEM277-RG-AO', 'ac27b4a0-8113-400c-8572-43fb5b760b2a', 'f398cacb-a60b-4584-8858-3ec268c86350')
/
insert into KSEN_LUILUI_RELTN (OBJ_ID, VER_NBR, CREATEID, CREATETIME, UPDATEID, UPDATETIME, EFF_DT, EXPIR_DT, DESCR_FORMATTED, LUI_ID, LUILUI_RELTN_STATE, LUILUI_RELTN_TYPE, NAME, DESCR_PLAIN, RELATED_LUI_ID, ID) values ('6a451513-c2eb-46e5-9fe7-92136dc959e8', 0, 'admin', TIMESTAMP '2014-02-06 10:34:38.883', 'admin', TIMESTAMP '2014-02-06 10:34:38.883', TIMESTAMP '2014-02-06 10:35:06.617', '', 'CHEM277-RG-AO', '408a2392-0fcc-43b4-85b1-afe0b96a24fa', 'kuali.lui.lui.relation.state.active', 'kuali.lui.lui.relation.type.registeredforvia.rg2ao', 'rg-ao-relation', 'CHEM277-RG-AO', '642b0242-f6f8-4ee7-85fa-636374ca1358', '98cd76fe-a06a-4ca9-8719-266f7269da58')
/
insert into KSEN_LUI (OBJ_ID, VER_NBR, CREATEID, CREATETIME, UPDATEID, UPDATETIME, ATP_ID, CLU_ID, EFF_DT, EXPIR_DT, DESCR_FORMATTED, LUI_STATE, LUI_TYPE, MAX_SEATS, MIN_SEATS, NAME, DESCR_PLAIN, REF_URL, ID) values ('d1bea1e6-0d5d-4743-9d1e-e30c017a04f5', 0, 'admin', TIMESTAMP '2014-02-06 10:34:38.883', 'admin', TIMESTAMP '2014-02-06 10:34:38.883', 'kuali.atp.2014Winter', '5dac01fa-f1c8-4f8d-a6be-70adf6889e2b', TIMESTAMP '2014-01-02 00:00:00.0', '', 'An argument for the broad continuity between the revolutionary and Napoleonic wars.', 'kuali.lui.course.offering.state.draft', 'kuali.lui.type.course.offering', '', '', 'HIST436 CO', 'An argument for the broad continuity between the revolutionary and Napoleonic wars.', null, '7f877ebc-04ce-440e-a44e-e9a3fe677cd3')
/
insert into KSEN_LUI_ATTR (OBJ_ID, ATTR_KEY, OWNER_ID, ATTR_VALUE, ID) values ('0c613051-019f-4a96-ae7c-e73f3fe6f556', 'kuali.attribute.course.number.internal.suffix', '7f877ebc-04ce-440e-a44e-e9a3fe677cd3', 'A', '95b5f0c1-0dce-49e3-9f30-f0a25a501b68')
/
insert into KSEN_LUI_ATTR (OBJ_ID, ATTR_KEY, OWNER_ID, ATTR_VALUE, ID) values ('f7921479-3ee2-40a3-9aa6-d970cb1eb529', 'kuali.attribute.funding.source', '7f877ebc-04ce-440e-a44e-e9a3fe677cd3', '', '6a3d82b2-ed6e-4d5b-9e3b-33793de82467')
/
insert into KSEN_LUI_ATTR (OBJ_ID, ATTR_KEY, OWNER_ID, ATTR_VALUE, ID) values ('75d1f038-7360-4165-ab9a-b628aa334852', 'kuali.attribute.wait.list.indicator', '7f877ebc-04ce-440e-a44e-e9a3fe677cd3', 1, 'e4499578-0603-4b00-8996-8e624f5c5e86')
/
insert into KSEN_LUI_ATTR (OBJ_ID, ATTR_KEY, OWNER_ID, ATTR_VALUE, ID) values ('efaf6d6a-577d-40b1-9344-04de5882258e', 'kuali.attribute.final.exam.driver', '7f877ebc-04ce-440e-a44e-e9a3fe677cd3', 'kuali.lu.exam.driver.ActivityOffering', 'c8622f21-f6db-441d-a5df-e109ac6b31c2')
/
insert into KSEN_LUI_ATTR (OBJ_ID, ATTR_KEY, OWNER_ID, ATTR_VALUE, ID) values ('b73bec8e-9aff-4941-93cb-8c552466ca1a', 'kuali.attribute.final.exam.indicator', '7f877ebc-04ce-440e-a44e-e9a3fe677cd3', 'STANDARD', 'abe58133-683c-45c6-abcd-fe3d62ae3d8b')
/
insert into KSEN_LUI_ATTR (OBJ_ID, ATTR_KEY, OWNER_ID, ATTR_VALUE, ID) values ('eddc31f0-c547-4247-96b6-c1eb13d409a1', 'kuali.attribute.wait.list.type.key', '7f877ebc-04ce-440e-a44e-e9a3fe677cd3', null, '6b0b9b8b-220c-4b35-b0c7-00573772bad0')
/
insert into KSEN_LUI_ATTR (OBJ_ID, ATTR_KEY, OWNER_ID, ATTR_VALUE, ID) values ('ee4712ef-bf23-4d27-a0b9-1f6bbc66637b', 'kuali.attribute.course.evaluation.indicator', '7f877ebc-04ce-440e-a44e-e9a3fe677cd3', 0, '4913d659-f391-4524-ae8c-f0ba3eafee12')
/
insert into KSEN_LUI_ATTR (OBJ_ID, ATTR_KEY, OWNER_ID, ATTR_VALUE, ID) values ('91c2d03f-132a-4bc0-80ec-142006caf44e', 'kuali.attribute.wait.list.level.type.key', '7f877ebc-04ce-440e-a44e-e9a3fe677cd3', 'AO', 'c7b5d7e7-1977-4d31-9658-48785d460597')
/
insert into KSEN_LUI_ATTR (OBJ_ID, ATTR_KEY, OWNER_ID, ATTR_VALUE, ID) values ('c8be1451-8cb9-4452-9504-a8cb9e51a47c', 'kuali.attribute.where.fees.attached.flag', '7f877ebc-04ce-440e-a44e-e9a3fe677cd3', 0, '905ebe62-bd42-437c-b0b4-59d37d60bf21')
/
insert into KSEN_LUI_ATTR (OBJ_ID, ATTR_KEY, OWNER_ID, ATTR_VALUE, ID) values ('69ce061c-0acf-4db7-810e-6c9a08ac98fe', 'kuali.attribute.final.exam.use.matrix', '7f877ebc-04ce-440e-a44e-e9a3fe677cd3', 1, '171fe0c7-b775-4754-8053-5ba763caab31')
/
insert into KSEN_LUI_IDENT (OBJ_ID, VER_NBR, CREATEID, CREATETIME, UPDATEID, UPDATETIME, LUI_CD, DIVISION, IDENT_LEVEL, LNG_NAME, LUI_ID, ORGID, SHRT_NAME, LUI_ID_STATE, SUFX_CD, LUI_ID_TYPE, VARTN, ID) values ('d05e7829-4ac4-43ee-905b-d76d677e1161', 0, 'admin', TIMESTAMP '2014-02-06 10:34:38.883', 'admin', TIMESTAMP '2014-02-06 10:34:38.883', 'HIST436', 'HIST', '', 'Napoleon, the French Revolution and the World', '7f877ebc-04ce-440e-a44e-e9a3fe677cd3', '', '', 'kuali.lui.identifier.state.active', '', 'kuali.lui.identifier.type.official', '', '5203c99a-df0c-4363-94d5-879beb915d1c')
/
insert into KSEN_LUI_LU_CD (OBJ_ID, VER_NBR, CREATEID, CREATETIME, UPDATEID, UPDATETIME, DESCR_FORMATTED, LUI_ID, DESCR_PLAIN, LUI_LUCD_TYPE, VALUE, ID) values ('6f62b3ab-f93d-4ff3-907e-ee71de9fdd67', 0, 'admin', TIMESTAMP '2014-02-06 10:34:38.883', 'admin', TIMESTAMP '2014-02-06 10:34:38.883', '', '7f877ebc-04ce-440e-a44e-e9a3fe677cd3', '', 'kuali.lu.code.honorsOffering', '', 'dcd1d84a-c08b-4c6b-b093-0ba7fe8ca230')
/
insert into KSEN_LUI_UNITS_DEPLOYMENT (LUI_ID, ORG_ID, ID) values ('7f877ebc-04ce-440e-a44e-e9a3fe677cd3', '3213375036', '94450c57-cc8c-4217-a791-aa54da614278')
/
insert into KSEN_LUI_UNITS_CONT_OWNER (LUI_ID, ORG_ID) values ('7f877ebc-04ce-440e-a44e-e9a3fe677cd3', '3213375036')
/
insert into KSEN_LUI_RESULT_VAL_GRP (LUI_ID, RESULT_VAL_GRP_ID) values ('7f877ebc-04ce-440e-a44e-e9a3fe677cd3', 'kuali.resultComponent.grade.letter')
/
insert into KSEN_LUI_RESULT_VAL_GRP (LUI_ID, RESULT_VAL_GRP_ID) values ('7f877ebc-04ce-440e-a44e-e9a3fe677cd3', 'kuali.resultComponent.grade.audit')
/
insert into KSEN_LUI_RESULT_VAL_GRP (LUI_ID, RESULT_VAL_GRP_ID) values ('7f877ebc-04ce-440e-a44e-e9a3fe677cd3', 'kuali.resultComponent.grade.passFail')
/
insert into KSEN_LUI_RESULT_VAL_GRP (LUI_ID, RESULT_VAL_GRP_ID) values ('7f877ebc-04ce-440e-a44e-e9a3fe677cd3', 'kuali.creditType.credit.degree.3.0')
/
insert into KSEN_LUI (OBJ_ID, VER_NBR, CREATEID, CREATETIME, UPDATEID, UPDATETIME, ATP_ID, CLU_ID, EFF_DT, EXPIR_DT, DESCR_FORMATTED, LUI_STATE, LUI_TYPE, MAX_SEATS, MIN_SEATS, NAME, DESCR_PLAIN, REF_URL, ID) values ('bd53e154-80bf-42aa-8160-eda999fb247e', 0, 'admin', TIMESTAMP '2014-02-06 10:34:38.883', 'admin', TIMESTAMP '2014-02-06 10:34:38.883', 'kuali.atp.2014Winter', 'f0d82d9c-9834-4aa8-bb79-ee89d58eb8c9', '', '', 'Courses with Lecture only', 'kuali.lui.format.offering.state.draft', 'kuali.lui.type.course.format.offering', '', '', 'Lecture Only', 'Courses with Lecture only', '', '6711630d-96e3-420d-9b16-f175df1f381c')
/
insert into KSEN_LUI_ATTR (OBJ_ID, ATTR_KEY, OWNER_ID, ATTR_VALUE, ID) values ('32b5b422-e5bb-428c-9290-3b04c1e6ddc8', 'regCodePrefix', '6711630d-96e3-420d-9b16-f175df1f381c', '1', '3c4c2645-b4ac-4151-b112-f8c7be1a546d')
/
insert into KSEN_LUI_ATTR (OBJ_ID, ATTR_KEY, OWNER_ID, ATTR_VALUE, ID) values ('010d491a-a983-4ce7-aa27-130deab9777d', 'kuali.attribute.grade.roster.level.type.key', '6711630d-96e3-420d-9b16-f175df1f381c', 'kuali.lui.type.activity.offering.lecture', '678eece7-d5ed-41a2-9368-e36dfaafecde')
/
insert into KSEN_LUI_ATTR (OBJ_ID, ATTR_KEY, OWNER_ID, ATTR_VALUE, ID) values ('38bf2d53-ce1f-4e6d-a4e7-538c8ab185cb', 'kuali.attribute.final.exam.level.type', '6711630d-96e3-420d-9b16-f175df1f381c', 'kuali.lu.type.activity.Lecture', '5cb20fb2-e034-4cb9-aa7a-0223bf747d2b')
/
insert into KSEN_LUI_IDENT (OBJ_ID, VER_NBR, CREATEID, CREATETIME, UPDATEID, UPDATETIME, LUI_CD, DIVISION, IDENT_LEVEL, LNG_NAME, LUI_ID, ORGID, SHRT_NAME, LUI_ID_STATE, SUFX_CD, LUI_ID_TYPE, VARTN, ID) values ('2f915f5a-c53e-4fcf-b2cf-2028825519d1', 0, 'admin', TIMESTAMP '2014-02-06 10:34:38.883', 'admin', TIMESTAMP '2014-02-06 10:34:38.883', '', '', '', 'Lecture Only', '6711630d-96e3-420d-9b16-f175df1f381c', '', 'LEC', 'kuali.lui.identifier.state.active', '', 'kuali.lui.identifier.type.official', '', 'd6e88d52-8516-42cc-b7ab-c0a84fd7296f')
/
insert into KSEN_LUI_RELATED_LUI_TYPES (LUI_ID, RELATED_LUI_TYPE) values ('6711630d-96e3-420d-9b16-f175df1f381c', 'kuali.lui.type.activity.offering.lecture')
/
insert into KSEN_LUILUI_RELTN (OBJ_ID, VER_NBR, CREATEID, CREATETIME, UPDATEID, UPDATETIME, EFF_DT, EXPIR_DT, DESCR_FORMATTED, LUI_ID, LUILUI_RELTN_STATE, LUILUI_RELTN_TYPE, NAME, DESCR_PLAIN, RELATED_LUI_ID, ID) values ('8d0600d8-5eb9-4abe-8b4a-b13d14257b14', 0, 'admin', TIMESTAMP '2014-02-06 10:34:38.883', 'admin', TIMESTAMP '2014-02-06 10:34:38.883', TIMESTAMP '2014-02-06 10:35:13.739', '', 'HIST436-CO-FO', '7f877ebc-04ce-440e-a44e-e9a3fe677cd3', 'kuali.lui.lui.relation.state.active', 'kuali.lui.lui.relation.type.deliveredvia.co2fo', 'co-fo-relation', 'HIST436-CO-FO', '6711630d-96e3-420d-9b16-f175df1f381c', 'afa1a8cd-0025-42a0-9662-401d917e07f7')
/
insert into KSEN_LUI (OBJ_ID, VER_NBR, CREATEID, CREATETIME, UPDATEID, UPDATETIME, ATP_ID, CLU_ID, EFF_DT, EXPIR_DT, DESCR_FORMATTED, LUI_STATE, LUI_TYPE, MAX_SEATS, MIN_SEATS, NAME, DESCR_PLAIN, REF_URL, ID) values ('aa6e5489-f15b-418e-aea2-4336314c1b18', 0, 'admin', TIMESTAMP '2014-02-06 10:34:38.883', 'admin', TIMESTAMP '2014-02-06 10:34:38.883', 'kuali.atp.2014Winter', '3764a8ad-49ec-4cc0-8481-9ab0663491ac', '', '', 'Courses with lecture', 'kuali.lui.activity.offering.state.draft', 'kuali.lui.type.activity.offering.lecture', 40, 40, 'Lecture', 'Courses with lecture', null, 'ae059ef2-e458-41b0-8583-696d2affb9d9')
/
insert into KSEN_LUI_ATTR (OBJ_ID, ATTR_KEY, OWNER_ID, ATTR_VALUE, ID) values ('51b90398-9feb-4fb6-adfe-cd25b883fdec', 'kuali.attribute.nonstd.ts.indicator', 'ae059ef2-e458-41b0-8583-696d2affb9d9', 0, 'e0b395ee-6167-48eb-8d36-bdffbe3a8a91')
/
insert into KSEN_LUI_ATTR (OBJ_ID, ATTR_KEY, OWNER_ID, ATTR_VALUE, ID) values ('46f93dff-64ec-4837-be6e-063c431bcbaa', 'kuali.attribute.max.enrollment.is.estimate', 'ae059ef2-e458-41b0-8583-696d2affb9d9', 0, 'b0b2c20f-6ae5-4166-8d08-c18e70bec2e3')
/
insert into KSEN_LUI_ATTR (OBJ_ID, ATTR_KEY, OWNER_ID, ATTR_VALUE, ID) values ('597c6795-ca15-4fa5-8ef1-dcb32b6a0bca', 'kuali.attribute.course.evaluation.indicator', 'ae059ef2-e458-41b0-8583-696d2affb9d9', 0, '8d9528ec-aaf3-40c6-b7f8-9e9419676be7')
/
insert into KSEN_LUI_IDENT (OBJ_ID, VER_NBR, CREATEID, CREATETIME, UPDATEID, UPDATETIME, LUI_CD, DIVISION, IDENT_LEVEL, LNG_NAME, LUI_ID, ORGID, SHRT_NAME, LUI_ID_STATE, SUFX_CD, LUI_ID_TYPE, VARTN, ID) values ('78b7b6a2-4d40-46f0-89ec-1e3bdf3bb944', 0, 'admin', TIMESTAMP '2014-02-06 10:34:38.883', 'admin', TIMESTAMP '2014-02-06 10:34:38.883', 'A', '', '', '', 'ae059ef2-e458-41b0-8583-696d2affb9d9', '', '', 'kuali.lui.identifier.state.active', '', 'kuali.lui.identifier.type.official', '', 'a45cf0ff-2847-4eea-8a45-b4f560f10cbf')
/
insert into KSEN_LUI_LU_CD (OBJ_ID, VER_NBR, CREATEID, CREATETIME, UPDATEID, UPDATETIME, DESCR_FORMATTED, LUI_ID, DESCR_PLAIN, LUI_LUCD_TYPE, VALUE, ID) values ('e7b50c16-8622-4fe6-bee9-a6d0be182dc8', 0, 'admin', TIMESTAMP '2014-02-06 10:34:38.883', 'admin', TIMESTAMP '2014-02-06 10:34:38.883', '', 'ae059ef2-e458-41b0-8583-696d2affb9d9', '', 'kuali.lu.code.honorsOffering', 0, '6f897b01-556f-4b70-afb4-4a99b1553e03')
/
insert into KSEN_LPR (OBJ_ID, VER_NBR, CREATEID, CREATETIME, UPDATEID, UPDATETIME, ATP_ID, COMMIT_PERCT, CREDITS, EFF_DT, EXPIR_DT, GRADING_OPT_ID, LUI_ID, MASTER_LUI_ID, PERS_ID, LPR_STATE, LPR_TYPE, ID) values ('26b8b78f-1a7f-400d-a48d-a8b68cc29e56', 0, 'admin', TIMESTAMP '2014-02-06 10:34:38.883', 'admin', TIMESTAMP '2014-02-06 10:34:38.883', '', '100.00', '', TIMESTAMP '2014-02-06 10:35:13.914', '', '', 'ae059ef2-e458-41b0-8583-696d2affb9d9', '', 'K.HECTORR', 'kuali.lpr.state.active', 'kuali.lpr.type.instructor.main', 'd9a47006-0cc0-4616-b801-22a2c05a2041')
/
insert into KSEN_LUILUI_RELTN (OBJ_ID, VER_NBR, CREATEID, CREATETIME, UPDATEID, UPDATETIME, EFF_DT, EXPIR_DT, DESCR_FORMATTED, LUI_ID, LUILUI_RELTN_STATE, LUILUI_RELTN_TYPE, NAME, DESCR_PLAIN, RELATED_LUI_ID, ID) values ('17d515e3-7716-463e-b07d-d53238ea1e1e', 0, 'admin', TIMESTAMP '2014-02-06 10:34:38.883', 'admin', TIMESTAMP '2014-02-06 10:34:38.883', TIMESTAMP '2014-02-06 10:35:13.957', '', 'HIST436-FO-AO', '6711630d-96e3-420d-9b16-f175df1f381c', 'kuali.lui.lui.relation.state.active', 'kuali.lui.lui.relation.type.deliveredvia.fo2ao', 'fo-ao-relation', 'HIST436-FO-AO', 'ae059ef2-e458-41b0-8583-696d2affb9d9', '45f6277b-6241-44d5-a1d2-8498d8751547')
/
insert into KSEN_SCHED_RQST_SET (OBJ_ID, VER_NBR, CREATEID, CREATETIME, UPDATEID, UPDATETIME, DESCR_FORMATTED, MAX_ENRL_SHARED_IND, MAX_ENRL, NAME, DESCR_PLAIN, REF_OBJECT_TYPE, SCHED_RQST_SET_STATE, SCHED_RQST_SET_TYPE, ID) values ('7bfd3d40-fafe-45a6-898d-8dc948519787', 0, 'admin', TIMESTAMP '2014-02-06 10:34:38.883', 'admin', TIMESTAMP '2014-02-06 10:34:38.883', '', 0, '', 'Schedule request set for HIST436 - A', '', 'http://student.kuali.org/wsdl/courseOffering/ActivityOfferingInfo', 'kuali.scheduling.schedule.request.set.state.created', 'kuali.scheduling.schedule.request.set.type.schedule.request.set', '9bcba69e-06d8-4bc0-ba17-cd7aba9cd832')
/
insert into KSEN_SCHED_RQST (OBJ_ID, VER_NBR, CREATEID, CREATETIME, UPDATEID, UPDATETIME, DESCR_FORMATTED, NAME, DESCR_PLAIN, SCHED_RQST_STATE, SCHED_RQST_TYPE, SCHED_ID, SCHED_RQST_SET_ID, ID) values ('baed63fa-d18c-4e13-9bd6-a016d47a76bc', 0, 'admin', TIMESTAMP '2014-02-06 10:34:38.883', 'admin', TIMESTAMP '2014-02-06 10:34:38.883', '', 'Schedule request for HIST436 - A', '', 'kuali.scheduling.schedule.request.state.created', 'kuali.scheduling.schedule.request.type.schedule.request', '', '9bcba69e-06d8-4bc0-ba17-cd7aba9cd832', '67a2542a-9f11-4bcb-a399-bf044c628ed4')
/
insert into KSEN_SCHED_RQST_CMP (OBJ_ID, TBA_IND, SCHED_RQST_ID, ID) values ('a066e420-04b5-4173-9ba4-ea01817d534c', 0, '67a2542a-9f11-4bcb-a399-bf044c628ed4', '623f3a9c-1d36-4235-967e-342de50f8a3d')
/
insert into KSEN_SCHED_REF_OBJECT (SCHED_RQST_SET_ID, REF_OBJECT_ID) values ('9bcba69e-06d8-4bc0-ba17-cd7aba9cd832', 'ae059ef2-e458-41b0-8583-696d2affb9d9')
/
insert into KSEN_SCHED_RQST_CMP_BLDG (CMP_ID, BUILDING_ID) values ('623f3a9c-1d36-4235-967e-342de50f8a3d', 'd5138c2b-01ee-4e81-b526-38ed2a7c60a3')
/
insert into KSEN_SCHED_RQST_CMP_CAMPUS (CMP_ID, CAMPUS_ID) values ('623f3a9c-1d36-4235-967e-342de50f8a3d', 'UMCP')
/
insert into KSEN_SCHED_RQST_CMP_ROOM (CMP_ID, ROOM_ID) values ('623f3a9c-1d36-4235-967e-342de50f8a3d', '6dd715ea-cc9b-4cd1-9a34-f96628650406')
/
insert into KSEN_SCHED_RQST_CMP_TMSLOT (CMP_ID, TM_SLOT_ID) values ('623f3a9c-1d36-4235-967e-342de50f8a3d', '4A6971D2-447D-4359-B949-F4EDF104A0AA')
/
insert into KSEN_CO_SEAT_POOL_DEFN (OBJ_ID, VER_NBR, CREATEID, CREATETIME, UPDATEID, UPDATETIME, ACTIVITY_OFFERING_ID, EXPIR_MSTONE_TYPE, PERCENTAGE_IND, NAME, POPULATION_ID, PROCESSING_PRIORITY, SEAT_LIMIT, SEAT_POOL_DEFN_STATE, SEAT_POOL_DEFN_TYPE, ID) values ('91abea8c-e4a1-4ce8-b515-f25756e7e975', 1, 'admin', TIMESTAMP '2014-02-06 10:34:38.883', 'admin', TIMESTAMP '2014-02-06 10:34:38.883', '', 'kuali.atp.milestone.firstdayofclasses', 0, '400-level Athlete Seatpool', '1c2e7786-a2ab-4778-8e81-ea540c60b9b2', 1, 2, 'kuali.lui.capacity.state.active', 'kuali.lui.capacity.type.seatpool', 'cde43e1b-cb62-4758-b547-0e620fe36888')
/
insert into KSEN_CO_SEAT_POOL_DEFN (OBJ_ID, VER_NBR, CREATEID, CREATETIME, UPDATEID, UPDATETIME, ACTIVITY_OFFERING_ID, EXPIR_MSTONE_TYPE, PERCENTAGE_IND, NAME, POPULATION_ID, PROCESSING_PRIORITY, SEAT_LIMIT, SEAT_POOL_DEFN_STATE, SEAT_POOL_DEFN_TYPE, ID) values ('259aa8ac-bbc5-4f62-97ba-6799d463297e', 1, 'admin', TIMESTAMP '2014-02-06 10:34:38.883', 'admin', TIMESTAMP '2014-02-06 10:34:38.883', '', 'kuali.atp.milestone.firstdayofclasses', 0, '400-level Junior Seatpool', '4bae9f12-5901-4db9-b4a8-4dcc20781db5', 2, 4, 'kuali.lui.capacity.state.active', 'kuali.lui.capacity.type.seatpool', 'd5f81813-1376-4633-a52c-790b3fffbfa7')
/
update KSEN_CO_SEAT_POOL_DEFN set OBJ_ID='91abea8c-e4a1-4ce8-b515-f25756e7e975', VER_NBR=2, UPDATEID='admin', UPDATETIME=TIMESTAMP '2014-02-06 10:34:38.883', ACTIVITY_OFFERING_ID='ae059ef2-e458-41b0-8583-696d2affb9d9', EXPIR_MSTONE_TYPE='kuali.atp.milestone.firstdayofclasses', PERCENTAGE_IND=0, NAME='400-level Athlete Seatpool', POPULATION_ID='1c2e7786-a2ab-4778-8e81-ea540c60b9b2', PROCESSING_PRIORITY=1, SEAT_LIMIT=2, SEAT_POOL_DEFN_STATE='kuali.lui.capacity.state.active', SEAT_POOL_DEFN_TYPE='kuali.lui.capacity.type.seatpool' where ID='cde43e1b-cb62-4758-b547-0e620fe36888' and VER_NBR=1
/
insert into KSEN_CWL (OBJ_ID, VER_NBR, CREATEID, CREATETIME, UPDATEID, UPDATETIME, ALLOW_HOLD_UTIL_ENTRIES_IND, AUTO_PROCESSED_IND, CHECK_IN_REQ_IND, CONF_REQ_IND, EFF_DT, EXPIR_DT, MAX_SIZE, REG_IN_FIRST_AAO_IND, STD_DUR_TIME_QTY, STD_DUR_TYPE, CWL_STATE, CWL_TYPE, ID) values ('ddd4e805-5445-40e7-a94a-d8c2f185fbb3', 0, 'admin', TIMESTAMP '2014-02-06 10:34:38.883', 'admin', TIMESTAMP '2014-02-06 10:34:38.883', 1, 1, 0, 1, TIMESTAMP '2013-01-02 00:00:00.0', '', '', 1, '', '', 'kuali.course.waitlist.state.active', 'kuali.course.waitlist.type.course.waitlist', '6d11f93d-db9b-4fa8-9b26-240d1ff938ed')
/
update KSEN_CO_SEAT_POOL_DEFN set OBJ_ID='259aa8ac-bbc5-4f62-97ba-6799d463297e', VER_NBR=2, UPDATEID='admin', UPDATETIME=TIMESTAMP '2014-02-06 10:34:38.883', ACTIVITY_OFFERING_ID='ae059ef2-e458-41b0-8583-696d2affb9d9', EXPIR_MSTONE_TYPE='kuali.atp.milestone.firstdayofclasses', PERCENTAGE_IND=0, NAME='400-level Junior Seatpool', POPULATION_ID='4bae9f12-5901-4db9-b4a8-4dcc20781db5', PROCESSING_PRIORITY=2, SEAT_LIMIT=4, SEAT_POOL_DEFN_STATE='kuali.lui.capacity.state.active', SEAT_POOL_DEFN_TYPE='kuali.lui.capacity.type.seatpool' where ID='d5f81813-1376-4633-a52c-790b3fffbfa7' and VER_NBR=1
/
insert into KSEN_CWL_ACTIV_OFFER (CWL_ID, ACTIV_OFFER_ID) values ('6d11f93d-db9b-4fa8-9b26-240d1ff938ed', 'ae059ef2-e458-41b0-8583-696d2affb9d9')
/
insert into KSEN_CWL_FORMAT_OFFER (CWL_ID, FORMAT_OFFER_ID) values ('6d11f93d-db9b-4fa8-9b26-240d1ff938ed', '6711630d-96e3-420d-9b16-f175df1f381c')
/
insert into KSEN_CO_AO_CLUSTER (OBJ_ID, VER_NBR, CREATEID, CREATETIME, UPDATEID, UPDATETIME, AO_CLUSTER_STATE, AO_CLUSTER_TYPE, DESCR_FORMATTED, DESCR_PLAIN, FORMAT_OFFERING_ID, NAME, PRIVATE_NAME, ID) values ('672048fe-e211-46f9-994f-6dac0869de59', 0, 'admin', TIMESTAMP '2014-02-06 10:34:38.883', 'admin', TIMESTAMP '2014-02-06 10:34:38.883', 'kuali.activity.offering.cluster.state.active', 'kuali.activity.offering.cluster.type.activity.offering.cluster', '', '', '6711630d-96e3-420d-9b16-f175df1f381c', 'CL 1', 'CL 1', '7945c287-6575-4593-a0a6-1a1f0f27a8fe')
/
insert into KSEN_CO_AO_CLUSTER_SET (OBJ_ID, ACTIVITY_OFFERING_TYPE, AO_CLUSTER_ID, ID) values ('bcc711c2-9922-4af1-8303-b30be957c3bf', 'kuali.lui.type.activity.offering.lecture', '7945c287-6575-4593-a0a6-1a1f0f27a8fe', '81e6df3f-75df-426d-9dbf-3426e326eaec')
/
insert into KSEN_CO_AO_CLUSTER_SET_AO (AOC_SET_ID, ACTIVITY_OFFERING_ID) values ('81e6df3f-75df-426d-9dbf-3426e326eaec', 'ae059ef2-e458-41b0-8583-696d2affb9d9')
/
update KSEN_CO_AO_CLUSTER_SET set AO_CLUSTER_ID='7945c287-6575-4593-a0a6-1a1f0f27a8fe' where ID='81e6df3f-75df-426d-9dbf-3426e326eaec'
/
insert into KSEN_LUI (OBJ_ID, VER_NBR, CREATEID, CREATETIME, UPDATEID, UPDATETIME, ATP_ID, CLU_ID, EFF_DT, EXPIR_DT, DESCR_FORMATTED, LUI_STATE, LUI_TYPE, MAX_SEATS, MIN_SEATS, NAME, DESCR_PLAIN, REF_URL, ID) values ('e0068077-220c-4343-990f-ebfbb4b56c8f', 0, 'admin', TIMESTAMP '2014-02-06 10:34:38.883', 'admin', TIMESTAMP '2014-02-06 10:34:38.883', 'kuali.atp.2014Winter', 'f0d82d9c-9834-4aa8-bb79-ee89d58eb8c9', '', '', '1001', 'kuali.lui.registration.group.state.pending', 'kuali.lui.type.registration.group', '', '', '1001', '1001', '', '8d4dda14-e8ff-49b5-ac29-ab33ddf1c14c')
/
insert into KSEN_LUI_ATTR (OBJ_ID, ATTR_KEY, OWNER_ID, ATTR_VALUE, ID) values ('b189b05c-bbfc-4d7e-b70c-56d8a25463df', 'kuali.attribute.registration.group.is.generated', '8d4dda14-e8ff-49b5-ac29-ab33ddf1c14c', 1, '010f4608-792d-4299-b7bd-b1b02343cfa2')
/
insert into KSEN_LUI_ATTR (OBJ_ID, ATTR_KEY, OWNER_ID, ATTR_VALUE, ID) values ('b33cc79c-2535-4477-9301-04a4bfe2cd0e', 'kuali.attribute.registration.group.aocluster.id', '8d4dda14-e8ff-49b5-ac29-ab33ddf1c14c', '7945c287-6575-4593-a0a6-1a1f0f27a8fe', '55b61134-0156-4c71-9b0d-b2697d6f9117')
/
insert into KSEN_LUI_IDENT (OBJ_ID, VER_NBR, CREATEID, CREATETIME, UPDATEID, UPDATETIME, LUI_CD, DIVISION, IDENT_LEVEL, LNG_NAME, LUI_ID, ORGID, SHRT_NAME, LUI_ID_STATE, SUFX_CD, LUI_ID_TYPE, VARTN, ID) values ('9b021fd6-2774-4e69-9914-235631dbc83a', 0, 'admin', TIMESTAMP '2014-02-06 10:34:38.883', 'admin', TIMESTAMP '2014-02-06 10:34:38.883', '', '', '', '', '8d4dda14-e8ff-49b5-ac29-ab33ddf1c14c', '', '', 'kuali.lui.identifier.state.active', '', 'kuali.lui.identifier.type.official', '', '3dd638c2-16fe-44d3-b19b-e3e1faa1a549')
/
insert into KSEN_LUILUI_RELTN (OBJ_ID, VER_NBR, CREATEID, CREATETIME, UPDATEID, UPDATETIME, EFF_DT, EXPIR_DT, DESCR_FORMATTED, LUI_ID, LUILUI_RELTN_STATE, LUILUI_RELTN_TYPE, NAME, DESCR_PLAIN, RELATED_LUI_ID, ID) values ('0ed2bab0-8ada-4b35-99c0-aaa98f6e2d50', 0, 'admin', TIMESTAMP '2014-02-06 10:34:38.883', 'admin', TIMESTAMP '2014-02-06 10:34:38.883', TIMESTAMP '2014-02-06 10:35:14.943', '', 'HIST436-FO-RG', '6711630d-96e3-420d-9b16-f175df1f381c', 'kuali.lui.lui.relation.state.active', 'kuali.lui.lui.relation.type.deliveredvia.fo2rg', 'fo-rg-relation', 'HIST436-FO-RG', '8d4dda14-e8ff-49b5-ac29-ab33ddf1c14c', 'cb951c83-4db9-4eb4-ad34-028bf4b5d38d')
/
insert into KSEN_LUILUI_RELTN (OBJ_ID, VER_NBR, CREATEID, CREATETIME, UPDATEID, UPDATETIME, EFF_DT, EXPIR_DT, DESCR_FORMATTED, LUI_ID, LUILUI_RELTN_STATE, LUILUI_RELTN_TYPE, NAME, DESCR_PLAIN, RELATED_LUI_ID, ID) values ('433f208c-0bb5-4688-bd7f-44c8dc9cace9', 0, 'admin', TIMESTAMP '2014-02-06 10:34:38.883', 'admin', TIMESTAMP '2014-02-06 10:34:38.883', TIMESTAMP '2014-02-06 10:35:14.963', '', 'HIST436-RG-AO', '8d4dda14-e8ff-49b5-ac29-ab33ddf1c14c', 'kuali.lui.lui.relation.state.active', 'kuali.lui.lui.relation.type.registeredforvia.rg2ao', 'rg-ao-relation', 'HIST436-RG-AO', 'ae059ef2-e458-41b0-8583-696d2affb9d9', '8d395a9e-2b62-4a05-a761-80f612de9905')
/
insert into KSEN_LUI (OBJ_ID, VER_NBR, CREATEID, CREATETIME, UPDATEID, UPDATETIME, ATP_ID, CLU_ID, EFF_DT, EXPIR_DT, DESCR_FORMATTED, LUI_STATE, LUI_TYPE, MAX_SEATS, MIN_SEATS, NAME, DESCR_PLAIN, REF_URL, ID) values ('140992d2-0b29-4a2c-86c2-e1b12504c9f0', 0, 'admin', TIMESTAMP '2014-02-06 10:34:38.883', 'admin', TIMESTAMP '2014-02-06 10:34:38.883', 'kuali.atp.2014Winter', 'CLUID-ENGL329-201008000000', TIMESTAMP '2014-01-02 00:00:00.0', '', 'Studies in various periods and genres of film.', 'kuali.lui.course.offering.state.draft', 'kuali.lui.type.course.offering', '', '', 'ENGL329B CO', 'Studies in various periods and genres of film.', null, '2819488d-0c08-4070-bb3d-b9bf7d78001c')
/
insert into KSEN_LUI_ATTR (OBJ_ID, ATTR_KEY, OWNER_ID, ATTR_VALUE, ID) values ('522ccbb9-099c-40db-97bd-40b2973f020b', 'kuali.attribute.final.exam.use.matrix', '2819488d-0c08-4070-bb3d-b9bf7d78001c', 1, 'afa9ff5b-ad58-4db8-997c-028973f8602d')
/
insert into KSEN_LUI_ATTR (OBJ_ID, ATTR_KEY, OWNER_ID, ATTR_VALUE, ID) values ('afff4eaa-a79a-4e4d-9f37-5f329d78adda', 'kuali.attribute.funding.source', '2819488d-0c08-4070-bb3d-b9bf7d78001c', '', 'aa7d3531-0222-4b23-91a0-a98df440a6ef')
/
insert into KSEN_LUI_ATTR (OBJ_ID, ATTR_KEY, OWNER_ID, ATTR_VALUE, ID) values ('b6f5af2f-5e48-4f5c-8713-e124d2af7887', 'kuali.attribute.final.exam.indicator', '2819488d-0c08-4070-bb3d-b9bf7d78001c', 'STANDARD', '2f0dcc3f-b840-44b8-992e-d9e0d045b531')
/
insert into KSEN_LUI_ATTR (OBJ_ID, ATTR_KEY, OWNER_ID, ATTR_VALUE, ID) values ('7a49a63b-e520-4a39-861c-bd115c4f2715', 'kuali.attribute.where.fees.attached.flag', '2819488d-0c08-4070-bb3d-b9bf7d78001c', 0, '6816ffd4-0303-4576-8b2c-55ca9012086a')
/
insert into KSEN_LUI_ATTR (OBJ_ID, ATTR_KEY, OWNER_ID, ATTR_VALUE, ID) values ('12273e1d-4304-436c-a659-2fa915c05d0e', 'kuali.attribute.course.evaluation.indicator', '2819488d-0c08-4070-bb3d-b9bf7d78001c', 0, '79050fc6-93be-4c8c-ba28-95ffedaeb6f8')
/
insert into KSEN_LUI_ATTR (OBJ_ID, ATTR_KEY, OWNER_ID, ATTR_VALUE, ID) values ('7fd52fb5-8715-4fc9-826f-2e13d16494f6', 'kuali.attribute.final.exam.driver', '2819488d-0c08-4070-bb3d-b9bf7d78001c', 'kuali.lu.exam.driver.ActivityOffering', '09bc3859-b370-4fb8-a2b1-cf8f3a778770')
/
insert into KSEN_LUI_ATTR (OBJ_ID, ATTR_KEY, OWNER_ID, ATTR_VALUE, ID) values ('b9924223-700d-482f-989c-b66236a6dfd9', 'kuali.attribute.course.number.internal.suffix', '2819488d-0c08-4070-bb3d-b9bf7d78001c', 'A', 'b1af9bd9-26d8-410a-9f25-aa299ca3766d')
/
insert into KSEN_LUI_ATTR (OBJ_ID, ATTR_KEY, OWNER_ID, ATTR_VALUE, ID) values ('ddcd2fbe-120a-4e5f-910d-fe04f1c36e2f', 'kuali.attribute.wait.list.type.key', '2819488d-0c08-4070-bb3d-b9bf7d78001c', null, 'e1456e4a-9fbf-40d3-8d32-5cc325c7bb0d')
/
insert into KSEN_LUI_ATTR (OBJ_ID, ATTR_KEY, OWNER_ID, ATTR_VALUE, ID) values ('0f440e59-2674-42d0-bd87-e6a1a87514ad', 'kuali.attribute.wait.list.indicator', '2819488d-0c08-4070-bb3d-b9bf7d78001c', 1, '346d06fa-5449-48f4-8424-22dd0861020a')
/
insert into KSEN_LUI_ATTR (OBJ_ID, ATTR_KEY, OWNER_ID, ATTR_VALUE, ID) values ('d63586db-7c7b-4d90-8207-f408350f40a8', 'kuali.attribute.wait.list.level.type.key', '2819488d-0c08-4070-bb3d-b9bf7d78001c', 'AO', 'e1dcbb0c-0d75-41e3-86c1-1e1956c2bffe')
/
insert into KSEN_LUI_IDENT (OBJ_ID, VER_NBR, CREATEID, CREATETIME, UPDATEID, UPDATETIME, LUI_CD, DIVISION, IDENT_LEVEL, LNG_NAME, LUI_ID, ORGID, SHRT_NAME, LUI_ID_STATE, SUFX_CD, LUI_ID_TYPE, VARTN, ID) values ('4fefb974-e0b9-458f-b044-e64064b65d45', 0, 'admin', TIMESTAMP '2014-02-06 10:34:38.883', 'admin', TIMESTAMP '2014-02-06 10:34:38.883', 'ENGL329B', 'ENGL', '', 'Special Topics in Film Studies', '2819488d-0c08-4070-bb3d-b9bf7d78001c', '', '', 'kuali.lui.identifier.state.active', 'B', 'kuali.lui.identifier.type.official', '', 'bc42d9d7-8e22-459f-a5bb-277db7aa68e3')
/
insert into KSEN_LUI_LU_CD (OBJ_ID, VER_NBR, CREATEID, CREATETIME, UPDATEID, UPDATETIME, DESCR_FORMATTED, LUI_ID, DESCR_PLAIN, LUI_LUCD_TYPE, VALUE, ID) values ('aa8f3c95-2e9b-4ba2-9f08-69607aef0086', 0, 'admin', TIMESTAMP '2014-02-06 10:34:38.883', 'admin', TIMESTAMP '2014-02-06 10:34:38.883', '', '2819488d-0c08-4070-bb3d-b9bf7d78001c', '', 'kuali.lu.code.honorsOffering', '', '87415f3d-0ed2-4fee-a7ec-cbfe7b03943a')
/
insert into KSEN_LUI_UNITS_DEPLOYMENT (LUI_ID, ORG_ID, ID) values ('2819488d-0c08-4070-bb3d-b9bf7d78001c', '2677933260', '62962cd4-d5c5-4d05-8e40-73f77425650d')
/
insert into KSEN_LUI_UNITS_CONT_OWNER (LUI_ID, ORG_ID) values ('2819488d-0c08-4070-bb3d-b9bf7d78001c', '2677933260')
/
insert into KSEN_LUI_RESULT_VAL_GRP (LUI_ID, RESULT_VAL_GRP_ID) values ('2819488d-0c08-4070-bb3d-b9bf7d78001c', 'kuali.resultComponent.grade.letter')
/
insert into KSEN_LUI_RESULT_VAL_GRP (LUI_ID, RESULT_VAL_GRP_ID) values ('2819488d-0c08-4070-bb3d-b9bf7d78001c', 'kuali.resultComponent.grade.audit')
/
insert into KSEN_LUI_RESULT_VAL_GRP (LUI_ID, RESULT_VAL_GRP_ID) values ('2819488d-0c08-4070-bb3d-b9bf7d78001c', 'kuali.resultComponent.grade.passFail')
/
insert into KSEN_LUI_RESULT_VAL_GRP (LUI_ID, RESULT_VAL_GRP_ID) values ('2819488d-0c08-4070-bb3d-b9bf7d78001c', 'kuali.creditType.credit.degree.3.0')
/
insert into KSEN_LUI (OBJ_ID, VER_NBR, CREATEID, CREATETIME, UPDATEID, UPDATETIME, ATP_ID, CLU_ID, EFF_DT, EXPIR_DT, DESCR_FORMATTED, LUI_STATE, LUI_TYPE, MAX_SEATS, MIN_SEATS, NAME, DESCR_PLAIN, REF_URL, ID) values ('1fdb8d9f-1ff6-4990-b7d4-147f265f8b91', 0, 'admin', TIMESTAMP '2014-02-06 10:34:38.883', 'admin', TIMESTAMP '2014-02-06 10:34:38.883', 'kuali.atp.2014Winter', '190b475a-475d-4246-a23d-6e260996a916', '', '', 'Courses with Lecture only', 'kuali.lui.format.offering.state.draft', 'kuali.lui.type.course.format.offering', '', '', 'Lecture Only', 'Courses with Lecture only', '', 'cec45179-aae4-49f6-ae90-253cd147590d')
/
insert into KSEN_LUI_ATTR (OBJ_ID, ATTR_KEY, OWNER_ID, ATTR_VALUE, ID) values ('b94f0743-27c0-4605-8477-f48035d4e31b', 'regCodePrefix', 'cec45179-aae4-49f6-ae90-253cd147590d', '1', 'de0648ff-41e4-4bd2-ae2b-805e04544f93')
/
insert into KSEN_LUI_ATTR (OBJ_ID, ATTR_KEY, OWNER_ID, ATTR_VALUE, ID) values ('b14058ba-940a-43b1-a38b-260698b9bb12', 'kuali.attribute.grade.roster.level.type.key', 'cec45179-aae4-49f6-ae90-253cd147590d', 'kuali.lui.type.activity.offering.lecture', '24f49399-cf63-4a47-96c9-0e8cec3db926')
/
insert into KSEN_LUI_ATTR (OBJ_ID, ATTR_KEY, OWNER_ID, ATTR_VALUE, ID) values ('321e1b2b-21fb-4deb-b674-2502fdaf4e5a', 'kuali.attribute.final.exam.level.type', 'cec45179-aae4-49f6-ae90-253cd147590d', 'kuali.lu.type.activity.Lecture', '740da82a-045f-4709-bbb2-5a5b8786788c')
/
insert into KSEN_LUI_IDENT (OBJ_ID, VER_NBR, CREATEID, CREATETIME, UPDATEID, UPDATETIME, LUI_CD, DIVISION, IDENT_LEVEL, LNG_NAME, LUI_ID, ORGID, SHRT_NAME, LUI_ID_STATE, SUFX_CD, LUI_ID_TYPE, VARTN, ID) values ('70336594-6595-4c8d-a586-1360e23d7296', 0, 'admin', TIMESTAMP '2014-02-06 10:34:38.883', 'admin', TIMESTAMP '2014-02-06 10:34:38.883', '', '', '', 'Lecture Only', 'cec45179-aae4-49f6-ae90-253cd147590d', '', 'LEC', 'kuali.lui.identifier.state.active', '', 'kuali.lui.identifier.type.official', '', 'e9c06a3b-e102-4df3-aad3-ed8953bc0da9')
/
insert into KSEN_LUI_RELATED_LUI_TYPES (LUI_ID, RELATED_LUI_TYPE) values ('cec45179-aae4-49f6-ae90-253cd147590d', 'kuali.lui.type.activity.offering.lecture')
/
insert into KSEN_LUILUI_RELTN (OBJ_ID, VER_NBR, CREATEID, CREATETIME, UPDATEID, UPDATETIME, EFF_DT, EXPIR_DT, DESCR_FORMATTED, LUI_ID, LUILUI_RELTN_STATE, LUILUI_RELTN_TYPE, NAME, DESCR_PLAIN, RELATED_LUI_ID, ID) values ('c3119aa2-825f-4c25-a1c1-778db9c99b9c', 0, 'admin', TIMESTAMP '2014-02-06 10:34:38.883', 'admin', TIMESTAMP '2014-02-06 10:34:38.883', TIMESTAMP '2014-02-06 10:35:18.392', '', 'ENGL329B-CO-FO', '2819488d-0c08-4070-bb3d-b9bf7d78001c', 'kuali.lui.lui.relation.state.active', 'kuali.lui.lui.relation.type.deliveredvia.co2fo', 'co-fo-relation', 'ENGL329B-CO-FO', 'cec45179-aae4-49f6-ae90-253cd147590d', '9c34ff83-3a73-4beb-ad86-37aba19b2709')
/
insert into KSEN_LUI (OBJ_ID, VER_NBR, CREATEID, CREATETIME, UPDATEID, UPDATETIME, ATP_ID, CLU_ID, EFF_DT, EXPIR_DT, DESCR_FORMATTED, LUI_STATE, LUI_TYPE, MAX_SEATS, MIN_SEATS, NAME, DESCR_PLAIN, REF_URL, ID) values ('bb6d3d6e-7bec-4eb1-b953-b433f5afe233', 0, 'admin', TIMESTAMP '2014-02-06 10:34:38.883', 'admin', TIMESTAMP '2014-02-06 10:34:38.883', 'kuali.atp.2014Winter', '4134e3cc-9ba5-47e0-a834-99ae05582b4f', '', '', 'Courses with lecture', 'kuali.lui.activity.offering.state.draft', 'kuali.lui.type.activity.offering.lecture', 25, 25, 'Lecture', 'Courses with lecture', null, '8fc82803-b15e-4519-8401-a91c7586abd0')
/
insert into KSEN_LUI_ATTR (OBJ_ID, ATTR_KEY, OWNER_ID, ATTR_VALUE, ID) values ('152b960d-be24-451c-9b9d-43ac406c5d68', 'kuali.attribute.max.enrollment.is.estimate', '8fc82803-b15e-4519-8401-a91c7586abd0', 0, '6a59e90f-ac3e-43c1-94b5-315495bc2f27')
/
insert into KSEN_LUI_ATTR (OBJ_ID, ATTR_KEY, OWNER_ID, ATTR_VALUE, ID) values ('4917c4cf-5943-41ba-8f6f-2917abd5cc8d', 'kuali.attribute.nonstd.ts.indicator', '8fc82803-b15e-4519-8401-a91c7586abd0', 0, '7612fca8-6427-417e-8637-c2ff629a66d2')
/
insert into KSEN_LUI_ATTR (OBJ_ID, ATTR_KEY, OWNER_ID, ATTR_VALUE, ID) values ('c11a6df9-dcd4-407d-8f43-8c9ddb062052', 'kuali.attribute.course.evaluation.indicator', '8fc82803-b15e-4519-8401-a91c7586abd0', 0, '5cabdda2-1be2-450d-9cb8-337d5a70d5a8')
/
insert into KSEN_LUI_IDENT (OBJ_ID, VER_NBR, CREATEID, CREATETIME, UPDATEID, UPDATETIME, LUI_CD, DIVISION, IDENT_LEVEL, LNG_NAME, LUI_ID, ORGID, SHRT_NAME, LUI_ID_STATE, SUFX_CD, LUI_ID_TYPE, VARTN, ID) values ('1648f096-4807-48d8-bc05-9c6a3283130b', 0, 'admin', TIMESTAMP '2014-02-06 10:34:38.883', 'admin', TIMESTAMP '2014-02-06 10:34:38.883', 'A', '', '', '', '8fc82803-b15e-4519-8401-a91c7586abd0', '', '', 'kuali.lui.identifier.state.active', '', 'kuali.lui.identifier.type.official', '', 'e166be65-6cee-4786-b7c7-f0286370693b')
/
insert into KSEN_LUI_LU_CD (OBJ_ID, VER_NBR, CREATEID, CREATETIME, UPDATEID, UPDATETIME, DESCR_FORMATTED, LUI_ID, DESCR_PLAIN, LUI_LUCD_TYPE, VALUE, ID) values ('a63c6058-9ac5-466f-a220-7cb7760e4582', 0, 'admin', TIMESTAMP '2014-02-06 10:34:38.883', 'admin', TIMESTAMP '2014-02-06 10:34:38.883', '', '8fc82803-b15e-4519-8401-a91c7586abd0', '', 'kuali.lu.code.honorsOffering', 0, 'd2ee0fac-bb5b-43ef-b1ab-46693e833d39')
/
insert into KSEN_LPR (OBJ_ID, VER_NBR, CREATEID, CREATETIME, UPDATEID, UPDATETIME, ATP_ID, COMMIT_PERCT, CREDITS, EFF_DT, EXPIR_DT, GRADING_OPT_ID, LUI_ID, MASTER_LUI_ID, PERS_ID, LPR_STATE, LPR_TYPE, ID) values ('c00e3abc-2132-4eb2-bf4c-7ceed125259e', 0, 'admin', TIMESTAMP '2014-02-06 10:34:38.883', 'admin', TIMESTAMP '2014-02-06 10:34:38.883', '', '100.00', '', TIMESTAMP '2014-02-06 10:35:18.462', '', '', '8fc82803-b15e-4519-8401-a91c7586abd0', '', 'C.GUOZHONGC', 'kuali.lpr.state.active', 'kuali.lpr.type.instructor.main', '5a2e4c62-738c-4187-a09a-e4769f357189')
/
insert into KSEN_LUILUI_RELTN (OBJ_ID, VER_NBR, CREATEID, CREATETIME, UPDATEID, UPDATETIME, EFF_DT, EXPIR_DT, DESCR_FORMATTED, LUI_ID, LUILUI_RELTN_STATE, LUILUI_RELTN_TYPE, NAME, DESCR_PLAIN, RELATED_LUI_ID, ID) values ('3197fb7f-9d3d-4dc0-b2a4-97fe84e93981', 0, 'admin', TIMESTAMP '2014-02-06 10:34:38.883', 'admin', TIMESTAMP '2014-02-06 10:34:38.883', TIMESTAMP '2014-02-06 10:35:18.498', '', 'ENGL329B-FO-AO', 'cec45179-aae4-49f6-ae90-253cd147590d', 'kuali.lui.lui.relation.state.active', 'kuali.lui.lui.relation.type.deliveredvia.fo2ao', 'fo-ao-relation', 'ENGL329B-FO-AO', '8fc82803-b15e-4519-8401-a91c7586abd0', '1a382aa7-50ee-47ff-8ac8-ab7eddd4893f')
/
insert into KSEN_SCHED_RQST_SET (OBJ_ID, VER_NBR, CREATEID, CREATETIME, UPDATEID, UPDATETIME, DESCR_FORMATTED, MAX_ENRL_SHARED_IND, MAX_ENRL, NAME, DESCR_PLAIN, REF_OBJECT_TYPE, SCHED_RQST_SET_STATE, SCHED_RQST_SET_TYPE, ID) values ('ee360862-642e-4b1a-9392-679484e0827a', 0, 'admin', TIMESTAMP '2014-02-06 10:34:38.883', 'admin', TIMESTAMP '2014-02-06 10:34:38.883', '', 0, '', 'Schedule request set for ENGL329B - A', '', 'http://student.kuali.org/wsdl/courseOffering/ActivityOfferingInfo', 'kuali.scheduling.schedule.request.set.state.created', 'kuali.scheduling.schedule.request.set.type.schedule.request.set', '1fd48fe1-de0e-49de-8bc2-77441897c869')
/
insert into KSEN_SCHED_RQST (OBJ_ID, VER_NBR, CREATEID, CREATETIME, UPDATEID, UPDATETIME, DESCR_FORMATTED, NAME, DESCR_PLAIN, SCHED_RQST_STATE, SCHED_RQST_TYPE, SCHED_ID, SCHED_RQST_SET_ID, ID) values ('2870ecdc-4891-447d-8f12-92b02d6e7c9e', 0, 'admin', TIMESTAMP '2014-02-06 10:34:38.883', 'admin', TIMESTAMP '2014-02-06 10:34:38.883', '', 'Schedule request for ENGL329B - A', '', 'kuali.scheduling.schedule.request.state.created', 'kuali.scheduling.schedule.request.type.schedule.request', '', '1fd48fe1-de0e-49de-8bc2-77441897c869', '3601157c-9fec-4c1b-81f6-3dffea57a84d')
/
insert into KSEN_SCHED_RQST_CMP (OBJ_ID, TBA_IND, SCHED_RQST_ID, ID) values ('520a8c6d-8ff9-4ee6-8192-e19d081f85c3', 0, '3601157c-9fec-4c1b-81f6-3dffea57a84d', 'ee2b08f6-917b-4962-a940-07ad6f3ab4ed')
/
insert into KSEN_SCHED_REF_OBJECT (SCHED_RQST_SET_ID, REF_OBJECT_ID) values ('1fd48fe1-de0e-49de-8bc2-77441897c869', '8fc82803-b15e-4519-8401-a91c7586abd0')
/
insert into KSEN_SCHED_RQST_CMP_BLDG (CMP_ID, BUILDING_ID) values ('ee2b08f6-917b-4962-a940-07ad6f3ab4ed', 'd5138c2b-01ee-4e81-b526-38ed2a7c60a3')
/
insert into KSEN_SCHED_RQST_CMP_CAMPUS (CMP_ID, CAMPUS_ID) values ('ee2b08f6-917b-4962-a940-07ad6f3ab4ed', 'UMCP')
/
insert into KSEN_SCHED_RQST_CMP_ROOM (CMP_ID, ROOM_ID) values ('ee2b08f6-917b-4962-a940-07ad6f3ab4ed', '6dd715ea-cc9b-4cd1-9a34-f96628650406')
/
insert into KSEN_SCHED_RQST_CMP_TMSLOT (CMP_ID, TM_SLOT_ID) values ('ee2b08f6-917b-4962-a940-07ad6f3ab4ed', '4A6971D2-447D-4359-B949-F4EDF104A0AA')
/
insert into KSEN_CO_SEAT_POOL_DEFN (OBJ_ID, VER_NBR, CREATEID, CREATETIME, UPDATEID, UPDATETIME, ACTIVITY_OFFERING_ID, EXPIR_MSTONE_TYPE, PERCENTAGE_IND, NAME, POPULATION_ID, PROCESSING_PRIORITY, SEAT_LIMIT, SEAT_POOL_DEFN_STATE, SEAT_POOL_DEFN_TYPE, ID) values ('411ff4d6-ab5a-4d8d-b128-912ceeff7f83', 1, 'admin', TIMESTAMP '2014-02-06 10:34:38.883', 'admin', TIMESTAMP '2014-02-06 10:34:38.883', '', 'kuali.atp.milestone.firstdayofclasses', 0, '300-level Senior Seatpool', '4160a52b-d353-4ab3-b72d-a3c2f9969783', 1, 5, 'kuali.lui.capacity.state.active', 'kuali.lui.capacity.type.seatpool', 'e3fa3c68-b9b5-4d41-8b7e-4290ce6000a1')
/
insert into KSEN_CWL (OBJ_ID, VER_NBR, CREATEID, CREATETIME, UPDATEID, UPDATETIME, ALLOW_HOLD_UTIL_ENTRIES_IND, AUTO_PROCESSED_IND, CHECK_IN_REQ_IND, CONF_REQ_IND, EFF_DT, EXPIR_DT, MAX_SIZE, REG_IN_FIRST_AAO_IND, STD_DUR_TIME_QTY, STD_DUR_TYPE, CWL_STATE, CWL_TYPE, ID) values ('92063fd5-a2a7-4019-9193-b8954e4d49f1', 0, 'admin', TIMESTAMP '2014-02-06 10:34:38.883', 'admin', TIMESTAMP '2014-02-06 10:34:38.883', 1, 1, 0, 1, TIMESTAMP '2013-01-02 00:00:00.0', '', '', 1, '', '', 'kuali.course.waitlist.state.active', 'kuali.course.waitlist.type.course.waitlist', '86fbe98d-a033-44cf-af98-e1cddd5ba9fc')
/
update KSEN_CO_SEAT_POOL_DEFN set OBJ_ID='411ff4d6-ab5a-4d8d-b128-912ceeff7f83', VER_NBR=2, UPDATEID='admin', UPDATETIME=TIMESTAMP '2014-02-06 10:34:38.883', ACTIVITY_OFFERING_ID='8fc82803-b15e-4519-8401-a91c7586abd0', EXPIR_MSTONE_TYPE='kuali.atp.milestone.firstdayofclasses', PERCENTAGE_IND=0, NAME='300-level Senior Seatpool', POPULATION_ID='4160a52b-d353-4ab3-b72d-a3c2f9969783', PROCESSING_PRIORITY=1, SEAT_LIMIT=5, SEAT_POOL_DEFN_STATE='kuali.lui.capacity.state.active', SEAT_POOL_DEFN_TYPE='kuali.lui.capacity.type.seatpool' where ID='e3fa3c68-b9b5-4d41-8b7e-4290ce6000a1' and VER_NBR=1
/
insert into KSEN_CWL_ACTIV_OFFER (CWL_ID, ACTIV_OFFER_ID) values ('86fbe98d-a033-44cf-af98-e1cddd5ba9fc', '8fc82803-b15e-4519-8401-a91c7586abd0')
/
insert into KSEN_CWL_FORMAT_OFFER (CWL_ID, FORMAT_OFFER_ID) values ('86fbe98d-a033-44cf-af98-e1cddd5ba9fc', 'cec45179-aae4-49f6-ae90-253cd147590d')
/
insert into KSEN_CO_AO_CLUSTER (OBJ_ID, VER_NBR, CREATEID, CREATETIME, UPDATEID, UPDATETIME, AO_CLUSTER_STATE, AO_CLUSTER_TYPE, DESCR_FORMATTED, DESCR_PLAIN, FORMAT_OFFERING_ID, NAME, PRIVATE_NAME, ID) values ('cbf04524-7385-4bc9-bebe-6e6ca460732d', 0, 'admin', TIMESTAMP '2014-02-06 10:34:38.883', 'admin', TIMESTAMP '2014-02-06 10:34:38.883', 'kuali.activity.offering.cluster.state.active', 'kuali.activity.offering.cluster.type.activity.offering.cluster', '', '', 'cec45179-aae4-49f6-ae90-253cd147590d', 'CL 1', 'CL 1', 'da2e0262-6b40-4929-95b2-7d14c1c9b631')
/
insert into KSEN_CO_AO_CLUSTER_SET (OBJ_ID, ACTIVITY_OFFERING_TYPE, AO_CLUSTER_ID, ID) values ('a5557f2d-d436-4074-87f9-fdf3abddad79', 'kuali.lui.type.activity.offering.lecture', 'da2e0262-6b40-4929-95b2-7d14c1c9b631', '902bb89b-3405-47c5-99db-537a861d4294')
/
insert into KSEN_CO_AO_CLUSTER_SET_AO (AOC_SET_ID, ACTIVITY_OFFERING_ID) values ('902bb89b-3405-47c5-99db-537a861d4294', '8fc82803-b15e-4519-8401-a91c7586abd0')
/
update KSEN_CO_AO_CLUSTER_SET set AO_CLUSTER_ID='da2e0262-6b40-4929-95b2-7d14c1c9b631' where ID='902bb89b-3405-47c5-99db-537a861d4294'
/
insert into KSEN_LUI (OBJ_ID, VER_NBR, CREATEID, CREATETIME, UPDATEID, UPDATETIME, ATP_ID, CLU_ID, EFF_DT, EXPIR_DT, DESCR_FORMATTED, LUI_STATE, LUI_TYPE, MAX_SEATS, MIN_SEATS, NAME, DESCR_PLAIN, REF_URL, ID) values ('66528460-5bad-400e-aa87-f1724e21d8f3', 0, 'admin', TIMESTAMP '2014-02-06 10:34:38.883', 'admin', TIMESTAMP '2014-02-06 10:34:38.883', 'kuali.atp.2014Winter', '190b475a-475d-4246-a23d-6e260996a916', '', '', '1001', 'kuali.lui.registration.group.state.pending', 'kuali.lui.type.registration.group', '', '', '1001', '1001', '', '8216b022-7dd0-415d-bd63-0454862a56f7')
/
insert into KSEN_LUI_ATTR (OBJ_ID, ATTR_KEY, OWNER_ID, ATTR_VALUE, ID) values ('71b443c1-7fbb-4a8a-b92e-f6423737203e', 'kuali.attribute.registration.group.is.generated', '8216b022-7dd0-415d-bd63-0454862a56f7', 1, '8041283c-106d-4f8f-916f-1343e102e4c4')
/
insert into KSEN_LUI_ATTR (OBJ_ID, ATTR_KEY, OWNER_ID, ATTR_VALUE, ID) values ('6d87422d-ac5f-451b-8f38-4e8209bbdf5d', 'kuali.attribute.registration.group.aocluster.id', '8216b022-7dd0-415d-bd63-0454862a56f7', 'da2e0262-6b40-4929-95b2-7d14c1c9b631', '490b382d-19ad-455d-9168-345bd37b26bc')
/
insert into KSEN_LUI_IDENT (OBJ_ID, VER_NBR, CREATEID, CREATETIME, UPDATEID, UPDATETIME, LUI_CD, DIVISION, IDENT_LEVEL, LNG_NAME, LUI_ID, ORGID, SHRT_NAME, LUI_ID_STATE, SUFX_CD, LUI_ID_TYPE, VARTN, ID) values ('e032a87d-2f77-45be-9795-b0267848cb55', 0, 'admin', TIMESTAMP '2014-02-06 10:34:38.883', 'admin', TIMESTAMP '2014-02-06 10:34:38.883', '', '', '', '', '8216b022-7dd0-415d-bd63-0454862a56f7', '', '', 'kuali.lui.identifier.state.active', '', 'kuali.lui.identifier.type.official', '', 'a4bb1b08-7efd-4ebc-8a48-4e71a05239c1')
/
insert into KSEN_LUILUI_RELTN (OBJ_ID, VER_NBR, CREATEID, CREATETIME, UPDATEID, UPDATETIME, EFF_DT, EXPIR_DT, DESCR_FORMATTED, LUI_ID, LUILUI_RELTN_STATE, LUILUI_RELTN_TYPE, NAME, DESCR_PLAIN, RELATED_LUI_ID, ID) values ('127960a1-001d-41d7-876f-eda1aa4a252b', 0, 'admin', TIMESTAMP '2014-02-06 10:34:38.883', 'admin', TIMESTAMP '2014-02-06 10:34:38.883', TIMESTAMP '2014-02-06 10:35:19.115', '', 'ENGL329B-FO-RG', 'cec45179-aae4-49f6-ae90-253cd147590d', 'kuali.lui.lui.relation.state.active', 'kuali.lui.lui.relation.type.deliveredvia.fo2rg', 'fo-rg-relation', 'ENGL329B-FO-RG', '8216b022-7dd0-415d-bd63-0454862a56f7', '84feb24c-f9a4-4149-bf2d-c0a29c76f3d6')
/
insert into KSEN_LUILUI_RELTN (OBJ_ID, VER_NBR, CREATEID, CREATETIME, UPDATEID, UPDATETIME, EFF_DT, EXPIR_DT, DESCR_FORMATTED, LUI_ID, LUILUI_RELTN_STATE, LUILUI_RELTN_TYPE, NAME, DESCR_PLAIN, RELATED_LUI_ID, ID) values ('7d7e9008-b85a-4818-808c-57ef2a16f482', 0, 'admin', TIMESTAMP '2014-02-06 10:34:38.883', 'admin', TIMESTAMP '2014-02-06 10:34:38.883', TIMESTAMP '2014-02-06 10:35:19.133', '', 'ENGL329B-RG-AO', '8216b022-7dd0-415d-bd63-0454862a56f7', 'kuali.lui.lui.relation.state.active', 'kuali.lui.lui.relation.type.registeredforvia.rg2ao', 'rg-ao-relation', 'ENGL329B-RG-AO', '8fc82803-b15e-4519-8401-a91c7586abd0', '6c246f58-51ac-464a-be3f-cfe04113ae04')
/
insert into KSEN_LUI (OBJ_ID, VER_NBR, CREATEID, CREATETIME, UPDATEID, UPDATETIME, ATP_ID, CLU_ID, EFF_DT, EXPIR_DT, DESCR_FORMATTED, LUI_STATE, LUI_TYPE, MAX_SEATS, MIN_SEATS, NAME, DESCR_PLAIN, REF_URL, ID) values ('4ca1c886-e510-42e0-a469-884e9519a4f0', 0, 'admin', TIMESTAMP '2014-02-06 10:34:38.883', 'admin', TIMESTAMP '2014-02-06 10:34:38.883', 'kuali.atp.2014Winter', '974c7253-0198-40ab-9e50-35a5ba2f98e5', TIMESTAMP '2014-01-02 00:00:00.0', '', 'Special topics course taken as part of an approved study abroad program', 'kuali.lui.course.offering.state.draft', 'kuali.lui.type.course.offering', '', '', 'ENGL369D CO', 'Special topics course taken as part of an approved study abroad program', null, '9e46f1e8-2176-4f59-9b59-fc3b8f7236f7')
/
insert into KSEN_LUI_ATTR (OBJ_ID, ATTR_KEY, OWNER_ID, ATTR_VALUE, ID) values ('ef8f4b2c-379c-4904-9abd-16c2002f35c9', 'kuali.attribute.wait.list.level.type.key', '9e46f1e8-2176-4f59-9b59-fc3b8f7236f7', 'AO', 'd17b274b-0b46-49c6-93ed-5b9b9889461e')
/
insert into KSEN_LUI_ATTR (OBJ_ID, ATTR_KEY, OWNER_ID, ATTR_VALUE, ID) values ('9b1cda76-ce3e-48f7-a68d-f5d311517910', 'kuali.attribute.course.number.internal.suffix', '9e46f1e8-2176-4f59-9b59-fc3b8f7236f7', 'A', 'a3596729-541f-4ee6-9f03-71a4775a5b64')
/
insert into KSEN_LUI_ATTR (OBJ_ID, ATTR_KEY, OWNER_ID, ATTR_VALUE, ID) values ('b02b958d-e329-48e8-9596-6a428723763e', 'kuali.attribute.final.exam.driver', '9e46f1e8-2176-4f59-9b59-fc3b8f7236f7', 'kuali.lu.exam.driver.ActivityOffering', '0ac39450-58c9-4821-9efb-4cd79109cb61')
/
insert into KSEN_LUI_ATTR (OBJ_ID, ATTR_KEY, OWNER_ID, ATTR_VALUE, ID) values ('04e8b835-1c98-403a-8b72-8a883e387994', 'kuali.attribute.funding.source', '9e46f1e8-2176-4f59-9b59-fc3b8f7236f7', '', 'cc4c920c-b32c-4951-811d-7398545e4c2e')
/
insert into KSEN_LUI_ATTR (OBJ_ID, ATTR_KEY, OWNER_ID, ATTR_VALUE, ID) values ('24bd40fe-c827-4b07-a9b7-704cfdbed26e', 'kuali.attribute.wait.list.indicator', '9e46f1e8-2176-4f59-9b59-fc3b8f7236f7', 1, '20b06bba-e101-44d1-9124-30d16c8c7cbb')
/
insert into KSEN_LUI_ATTR (OBJ_ID, ATTR_KEY, OWNER_ID, ATTR_VALUE, ID) values ('5fa76f7c-b5c7-498c-8838-23d8431ce0ec', 'kuali.attribute.final.exam.use.matrix', '9e46f1e8-2176-4f59-9b59-fc3b8f7236f7', 1, '266059cc-ab85-4760-83e7-9f67bb30cf52')
/
insert into KSEN_LUI_ATTR (OBJ_ID, ATTR_KEY, OWNER_ID, ATTR_VALUE, ID) values ('6d9382b5-004c-4958-a62f-9b6d0e453ffe', 'kuali.attribute.where.fees.attached.flag', '9e46f1e8-2176-4f59-9b59-fc3b8f7236f7', 0, 'bc193050-595b-433b-b606-5ad051c60b11')
/
insert into KSEN_LUI_ATTR (OBJ_ID, ATTR_KEY, OWNER_ID, ATTR_VALUE, ID) values ('a4f92bee-332d-4e55-b757-05f21f96f74f', 'kuali.attribute.wait.list.type.key', '9e46f1e8-2176-4f59-9b59-fc3b8f7236f7', null, '0dda2fd4-66c6-486a-9699-33ef24220007')
/
insert into KSEN_LUI_ATTR (OBJ_ID, ATTR_KEY, OWNER_ID, ATTR_VALUE, ID) values ('158bb53f-33ce-45f2-a471-260b13b510f4', 'kuali.attribute.final.exam.indicator', '9e46f1e8-2176-4f59-9b59-fc3b8f7236f7', 'STANDARD', 'beb0decd-4e4f-4140-8e3d-531dd1305d32')
/
insert into KSEN_LUI_ATTR (OBJ_ID, ATTR_KEY, OWNER_ID, ATTR_VALUE, ID) values ('32b219b6-1184-493e-92e5-51e9e0f1d4e8', 'kuali.attribute.course.evaluation.indicator', '9e46f1e8-2176-4f59-9b59-fc3b8f7236f7', 0, '52ccdc57-c945-4383-a78b-17d7ec0b0afd')
/
insert into KSEN_LUI_IDENT (OBJ_ID, VER_NBR, CREATEID, CREATETIME, UPDATEID, UPDATETIME, LUI_CD, DIVISION, IDENT_LEVEL, LNG_NAME, LUI_ID, ORGID, SHRT_NAME, LUI_ID_STATE, SUFX_CD, LUI_ID_TYPE, VARTN, ID) values ('cba5b686-80c4-414c-9caa-f5e2b0eb5a59', 0, 'admin', TIMESTAMP '2014-02-06 10:34:38.883', 'admin', TIMESTAMP '2014-02-06 10:34:38.883', 'ENGL369D', 'ENGL', '', 'Special Topics in Study Abroad III', '9e46f1e8-2176-4f59-9b59-fc3b8f7236f7', '', '', 'kuali.lui.identifier.state.active', 'D', 'kuali.lui.identifier.type.official', '', '69945ac8-be62-433a-8275-020e322cd087')
/
insert into KSEN_LUI_LU_CD (OBJ_ID, VER_NBR, CREATEID, CREATETIME, UPDATEID, UPDATETIME, DESCR_FORMATTED, LUI_ID, DESCR_PLAIN, LUI_LUCD_TYPE, VALUE, ID) values ('7a7b2a53-c8d4-4780-996e-4feac9cbe37d', 0, 'admin', TIMESTAMP '2014-02-06 10:34:38.883', 'admin', TIMESTAMP '2014-02-06 10:34:38.883', '', '9e46f1e8-2176-4f59-9b59-fc3b8f7236f7', '', 'kuali.lu.code.honorsOffering', '', '4c5c8a29-a5f1-45cc-bcfa-d207285aaa4c')
/
insert into KSEN_LUI_UNITS_DEPLOYMENT (LUI_ID, ORG_ID, ID) values ('9e46f1e8-2176-4f59-9b59-fc3b8f7236f7', '2677933260', '78577ee6-3130-4fb4-b3f1-33329579325d')
/
insert into KSEN_LUI_UNITS_CONT_OWNER (LUI_ID, ORG_ID) values ('9e46f1e8-2176-4f59-9b59-fc3b8f7236f7', '2677933260')
/
insert into KSEN_LUI_RESULT_VAL_GRP (LUI_ID, RESULT_VAL_GRP_ID) values ('9e46f1e8-2176-4f59-9b59-fc3b8f7236f7', 'kuali.resultComponent.grade.letter')
/
insert into KSEN_LUI_RESULT_VAL_GRP (LUI_ID, RESULT_VAL_GRP_ID) values ('9e46f1e8-2176-4f59-9b59-fc3b8f7236f7', 'kuali.resultComponent.grade.audit')
/
insert into KSEN_LUI_RESULT_VAL_GRP (LUI_ID, RESULT_VAL_GRP_ID) values ('9e46f1e8-2176-4f59-9b59-fc3b8f7236f7', 'kuali.resultComponent.grade.passFail')
/
insert into KSEN_LUI_RESULT_VAL_GRP (LUI_ID, RESULT_VAL_GRP_ID) values ('9e46f1e8-2176-4f59-9b59-fc3b8f7236f7', 'kuali.creditType.credit.degree.1-6.by.0.5')
/
insert into KSEN_LUI (OBJ_ID, VER_NBR, CREATEID, CREATETIME, UPDATEID, UPDATETIME, ATP_ID, CLU_ID, EFF_DT, EXPIR_DT, DESCR_FORMATTED, LUI_STATE, LUI_TYPE, MAX_SEATS, MIN_SEATS, NAME, DESCR_PLAIN, REF_URL, ID) values ('857e27e7-376d-41ce-a9ce-dbaadbc5ca89', 0, 'admin', TIMESTAMP '2014-02-06 10:34:38.883', 'admin', TIMESTAMP '2014-02-06 10:34:38.883', 'kuali.atp.2014Winter', 'ce6b6491-798d-4fb9-b0e2-ae2f725a5188', '', '', 'Courses with Lecture only', 'kuali.lui.format.offering.state.draft', 'kuali.lui.type.course.format.offering', '', '', 'Lecture Only', 'Courses with Lecture only', '', 'de118eac-c4f9-4d12-b170-a66af9092923')
/
insert into KSEN_LUI_ATTR (OBJ_ID, ATTR_KEY, OWNER_ID, ATTR_VALUE, ID) values ('4ec0f6f5-1487-4500-8771-9bdcd53639dd', 'kuali.attribute.final.exam.level.type', 'de118eac-c4f9-4d12-b170-a66af9092923', 'kuali.lu.type.activity.Lecture', '2953a576-246a-4dfe-83f4-4db903e79c1f')
/
insert into KSEN_LUI_ATTR (OBJ_ID, ATTR_KEY, OWNER_ID, ATTR_VALUE, ID) values ('e9eb99a3-4084-4696-b8dc-716b8e09a9dd', 'kuali.attribute.grade.roster.level.type.key', 'de118eac-c4f9-4d12-b170-a66af9092923', 'kuali.lui.type.activity.offering.lecture', 'dfe15dae-17f0-4f60-abee-770a15a50aa7')
/
insert into KSEN_LUI_ATTR (OBJ_ID, ATTR_KEY, OWNER_ID, ATTR_VALUE, ID) values ('25201b3e-f57e-4be7-90e3-69f5c1b169c3', 'regCodePrefix', 'de118eac-c4f9-4d12-b170-a66af9092923', '1', 'da689bda-11d0-478a-918a-fda25211160c')
/
insert into KSEN_LUI_IDENT (OBJ_ID, VER_NBR, CREATEID, CREATETIME, UPDATEID, UPDATETIME, LUI_CD, DIVISION, IDENT_LEVEL, LNG_NAME, LUI_ID, ORGID, SHRT_NAME, LUI_ID_STATE, SUFX_CD, LUI_ID_TYPE, VARTN, ID) values ('b1086fa3-11d5-49f8-b16a-57b24be29672', 0, 'admin', TIMESTAMP '2014-02-06 10:34:38.883', 'admin', TIMESTAMP '2014-02-06 10:34:38.883', '', '', '', 'Lecture Only', 'de118eac-c4f9-4d12-b170-a66af9092923', '', 'LEC', 'kuali.lui.identifier.state.active', '', 'kuali.lui.identifier.type.official', '', 'c7703f1a-42f4-4856-be9c-b86086f98648')
/
insert into KSEN_LUI_RELATED_LUI_TYPES (LUI_ID, RELATED_LUI_TYPE) values ('de118eac-c4f9-4d12-b170-a66af9092923', 'kuali.lui.type.activity.offering.lecture')
/
insert into KSEN_LUILUI_RELTN (OBJ_ID, VER_NBR, CREATEID, CREATETIME, UPDATEID, UPDATETIME, EFF_DT, EXPIR_DT, DESCR_FORMATTED, LUI_ID, LUILUI_RELTN_STATE, LUILUI_RELTN_TYPE, NAME, DESCR_PLAIN, RELATED_LUI_ID, ID) values ('a8e2decf-c18a-49f9-8418-5b51b865e82e', 0, 'admin', TIMESTAMP '2014-02-06 10:34:38.883', 'admin', TIMESTAMP '2014-02-06 10:34:38.883', TIMESTAMP '2014-02-06 10:35:21.82', '', 'ENGL369D-CO-FO', '9e46f1e8-2176-4f59-9b59-fc3b8f7236f7', 'kuali.lui.lui.relation.state.active', 'kuali.lui.lui.relation.type.deliveredvia.co2fo', 'co-fo-relation', 'ENGL369D-CO-FO', 'de118eac-c4f9-4d12-b170-a66af9092923', '9123aa17-16d8-4e60-96ef-fcb7184f67e2')
/
insert into KSEN_LUI (OBJ_ID, VER_NBR, CREATEID, CREATETIME, UPDATEID, UPDATETIME, ATP_ID, CLU_ID, EFF_DT, EXPIR_DT, DESCR_FORMATTED, LUI_STATE, LUI_TYPE, MAX_SEATS, MIN_SEATS, NAME, DESCR_PLAIN, REF_URL, ID) values ('73419d6b-16ac-4586-b028-d6c03fdf7ca8', 0, 'admin', TIMESTAMP '2014-02-06 10:34:38.883', 'admin', TIMESTAMP '2014-02-06 10:34:38.883', 'kuali.atp.2014Winter', 'a6f69c11-b55f-4cb0-bcf6-3e8fab0e0019', '', '', 'Courses with lecture', 'kuali.lui.activity.offering.state.draft', 'kuali.lui.type.activity.offering.lecture', 1, 1, 'Lecture', 'Courses with lecture', null, '4bc02406-ddaa-491e-a761-1c9c5048c4d8')
/
insert into KSEN_LUI_ATTR (OBJ_ID, ATTR_KEY, OWNER_ID, ATTR_VALUE, ID) values ('fcf2980f-c475-4868-86d1-41fb9dcf99e9', 'kuali.attribute.course.evaluation.indicator', '4bc02406-ddaa-491e-a761-1c9c5048c4d8', 0, '05f01b51-56f5-4895-b8d7-cfa367f73633')
/
insert into KSEN_LUI_ATTR (OBJ_ID, ATTR_KEY, OWNER_ID, ATTR_VALUE, ID) values ('aa93fbff-a7c9-4a5d-b563-ee1a4b5e07da', 'kuali.attribute.nonstd.ts.indicator', '4bc02406-ddaa-491e-a761-1c9c5048c4d8', 0, '564bcaf8-dff9-4481-8a96-afbc427b8602')
/
insert into KSEN_LUI_ATTR (OBJ_ID, ATTR_KEY, OWNER_ID, ATTR_VALUE, ID) values ('da837309-88f9-41e3-aa82-a5a3832ebda2', 'kuali.attribute.max.enrollment.is.estimate', '4bc02406-ddaa-491e-a761-1c9c5048c4d8', 0, '48398ebe-5ebd-46b0-ac93-a102f35c5311')
/
insert into KSEN_LUI_IDENT (OBJ_ID, VER_NBR, CREATEID, CREATETIME, UPDATEID, UPDATETIME, LUI_CD, DIVISION, IDENT_LEVEL, LNG_NAME, LUI_ID, ORGID, SHRT_NAME, LUI_ID_STATE, SUFX_CD, LUI_ID_TYPE, VARTN, ID) values ('36f6dc4a-eb0c-4739-bbd4-34ccbcc8b935', 0, 'admin', TIMESTAMP '2014-02-06 10:34:38.883', 'admin', TIMESTAMP '2014-02-06 10:34:38.883', 'A', '', '', '', '4bc02406-ddaa-491e-a761-1c9c5048c4d8', '', '', 'kuali.lui.identifier.state.active', '', 'kuali.lui.identifier.type.official', '', 'cbfd1c39-169b-457e-a79a-c4928610ddc9')
/
insert into KSEN_LUI_LU_CD (OBJ_ID, VER_NBR, CREATEID, CREATETIME, UPDATEID, UPDATETIME, DESCR_FORMATTED, LUI_ID, DESCR_PLAIN, LUI_LUCD_TYPE, VALUE, ID) values ('c661f68c-4f82-4e7d-a0ad-d3fc30320028', 0, 'admin', TIMESTAMP '2014-02-06 10:34:38.883', 'admin', TIMESTAMP '2014-02-06 10:34:38.883', '', '4bc02406-ddaa-491e-a761-1c9c5048c4d8', '', 'kuali.lu.code.honorsOffering', 0, '9b6f94f3-4466-4a5f-9eac-464baba36f4f')
/
insert into KSEN_LPR (OBJ_ID, VER_NBR, CREATEID, CREATETIME, UPDATEID, UPDATETIME, ATP_ID, COMMIT_PERCT, CREDITS, EFF_DT, EXPIR_DT, GRADING_OPT_ID, LUI_ID, MASTER_LUI_ID, PERS_ID, LPR_STATE, LPR_TYPE, ID) values ('7320af2c-9878-4506-8189-c11769088334', 0, 'admin', TIMESTAMP '2014-02-06 10:34:38.883', 'admin', TIMESTAMP '2014-02-06 10:34:38.883', '', '100.00', '', TIMESTAMP '2014-02-06 10:35:21.974', '', '', '4bc02406-ddaa-491e-a761-1c9c5048c4d8', '', 'M.INDREB', 'kuali.lpr.state.active', 'kuali.lpr.type.instructor.main', 'dd3d986b-b387-4e2a-9f21-14543faee469')
/
insert into KSEN_LUILUI_RELTN (OBJ_ID, VER_NBR, CREATEID, CREATETIME, UPDATEID, UPDATETIME, EFF_DT, EXPIR_DT, DESCR_FORMATTED, LUI_ID, LUILUI_RELTN_STATE, LUILUI_RELTN_TYPE, NAME, DESCR_PLAIN, RELATED_LUI_ID, ID) values ('a0cfdd08-87e8-4ccb-a5f9-cd66e4671862', 0, 'admin', TIMESTAMP '2014-02-06 10:34:38.883', 'admin', TIMESTAMP '2014-02-06 10:34:38.883', TIMESTAMP '2014-02-06 10:35:22.036', '', 'ENGL369D-FO-AO', 'de118eac-c4f9-4d12-b170-a66af9092923', 'kuali.lui.lui.relation.state.active', 'kuali.lui.lui.relation.type.deliveredvia.fo2ao', 'fo-ao-relation', 'ENGL369D-FO-AO', '4bc02406-ddaa-491e-a761-1c9c5048c4d8', 'f149cfdc-4728-426e-b9f5-c6ecad6da6a2')
/
insert into KSEN_SCHED_RQST_SET (OBJ_ID, VER_NBR, CREATEID, CREATETIME, UPDATEID, UPDATETIME, DESCR_FORMATTED, MAX_ENRL_SHARED_IND, MAX_ENRL, NAME, DESCR_PLAIN, REF_OBJECT_TYPE, SCHED_RQST_SET_STATE, SCHED_RQST_SET_TYPE, ID) values ('e177cbbf-8711-47fe-a5b6-2bf7b73aa90e', 0, 'admin', TIMESTAMP '2014-02-06 10:34:38.883', 'admin', TIMESTAMP '2014-02-06 10:34:38.883', '', 0, '', 'Schedule request set for ENGL369D - A', '', 'http://student.kuali.org/wsdl/courseOffering/ActivityOfferingInfo', 'kuali.scheduling.schedule.request.set.state.created', 'kuali.scheduling.schedule.request.set.type.schedule.request.set', '5ac57455-1205-4593-926e-06a6094cc0a9')
/
insert into KSEN_SCHED_RQST (OBJ_ID, VER_NBR, CREATEID, CREATETIME, UPDATEID, UPDATETIME, DESCR_FORMATTED, NAME, DESCR_PLAIN, SCHED_RQST_STATE, SCHED_RQST_TYPE, SCHED_ID, SCHED_RQST_SET_ID, ID) values ('5f502c56-e7ff-4499-bb2b-d88cd25a1f1f', 0, 'admin', TIMESTAMP '2014-02-06 10:34:38.883', 'admin', TIMESTAMP '2014-02-06 10:34:38.883', '', 'Schedule request for ENGL369D - A', '', 'kuali.scheduling.schedule.request.state.created', 'kuali.scheduling.schedule.request.type.schedule.request', '', '5ac57455-1205-4593-926e-06a6094cc0a9', 'cd8506a4-41ed-485b-b328-c87b44518e2e')
/
insert into KSEN_SCHED_RQST_CMP (OBJ_ID, TBA_IND, SCHED_RQST_ID, ID) values ('6bedf0c9-fa65-4d5a-a518-6f2c1e80a5d9', 1, 'cd8506a4-41ed-485b-b328-c87b44518e2e', '21e9ddd8-d21b-441c-9055-eadc7e3fc9b9')
/
insert into KSEN_SCHED_REF_OBJECT (SCHED_RQST_SET_ID, REF_OBJECT_ID) values ('5ac57455-1205-4593-926e-06a6094cc0a9', '4bc02406-ddaa-491e-a761-1c9c5048c4d8')
/
insert into KSEN_SCHED_RQST_CMP_TMSLOT (CMP_ID, TM_SLOT_ID) values ('21e9ddd8-d21b-441c-9055-eadc7e3fc9b9', '4A6971D2-447D-4359-B949-F4EDF104A0AA')
/
insert into KSEN_CO_SEAT_POOL_DEFN (OBJ_ID, VER_NBR, CREATEID, CREATETIME, UPDATEID, UPDATETIME, ACTIVITY_OFFERING_ID, EXPIR_MSTONE_TYPE, PERCENTAGE_IND, NAME, POPULATION_ID, PROCESSING_PRIORITY, SEAT_LIMIT, SEAT_POOL_DEFN_STATE, SEAT_POOL_DEFN_TYPE, ID) values ('e6b5e05f-a0e7-402b-ad37-cb25e51f685c', 1, 'admin', TIMESTAMP '2014-02-06 10:34:38.883', 'admin', TIMESTAMP '2014-02-06 10:34:38.883', '', 'kuali.atp.milestone.firstdayofclasses', 0, '300-level Senior Seatpool', '4160a52b-d353-4ab3-b72d-a3c2f9969783', 1, 5, 'kuali.lui.capacity.state.active', 'kuali.lui.capacity.type.seatpool', 'ceb7e49c-73f2-4222-84e4-12a981764226')
/
insert into KSEN_CWL (OBJ_ID, VER_NBR, CREATEID, CREATETIME, UPDATEID, UPDATETIME, ALLOW_HOLD_UTIL_ENTRIES_IND, AUTO_PROCESSED_IND, CHECK_IN_REQ_IND, CONF_REQ_IND, EFF_DT, EXPIR_DT, MAX_SIZE, REG_IN_FIRST_AAO_IND, STD_DUR_TIME_QTY, STD_DUR_TYPE, CWL_STATE, CWL_TYPE, ID) values ('2c3de6f5-a851-4966-8d51-55e79844143a', 0, 'admin', TIMESTAMP '2014-02-06 10:34:38.883', 'admin', TIMESTAMP '2014-02-06 10:34:38.883', 1, 1, 0, 1, TIMESTAMP '2013-01-02 00:00:00.0', '', '', 1, '', '', 'kuali.course.waitlist.state.active', 'kuali.course.waitlist.type.course.waitlist', '7459036c-d7de-4cc6-9265-688d1493bfb2')
/
update KSEN_CO_SEAT_POOL_DEFN set OBJ_ID='e6b5e05f-a0e7-402b-ad37-cb25e51f685c', VER_NBR=2, UPDATEID='admin', UPDATETIME=TIMESTAMP '2014-02-06 10:34:38.883', ACTIVITY_OFFERING_ID='4bc02406-ddaa-491e-a761-1c9c5048c4d8', EXPIR_MSTONE_TYPE='kuali.atp.milestone.firstdayofclasses', PERCENTAGE_IND=0, NAME='300-level Senior Seatpool', POPULATION_ID='4160a52b-d353-4ab3-b72d-a3c2f9969783', PROCESSING_PRIORITY=1, SEAT_LIMIT=5, SEAT_POOL_DEFN_STATE='kuali.lui.capacity.state.active', SEAT_POOL_DEFN_TYPE='kuali.lui.capacity.type.seatpool' where ID='ceb7e49c-73f2-4222-84e4-12a981764226' and VER_NBR=1
/
insert into KSEN_CWL_ACTIV_OFFER (CWL_ID, ACTIV_OFFER_ID) values ('7459036c-d7de-4cc6-9265-688d1493bfb2', '4bc02406-ddaa-491e-a761-1c9c5048c4d8')
/
insert into KSEN_CWL_FORMAT_OFFER (CWL_ID, FORMAT_OFFER_ID) values ('7459036c-d7de-4cc6-9265-688d1493bfb2', 'de118eac-c4f9-4d12-b170-a66af9092923')
/
insert into KSEN_CO_AO_CLUSTER (OBJ_ID, VER_NBR, CREATEID, CREATETIME, UPDATEID, UPDATETIME, AO_CLUSTER_STATE, AO_CLUSTER_TYPE, DESCR_FORMATTED, DESCR_PLAIN, FORMAT_OFFERING_ID, NAME, PRIVATE_NAME, ID) values ('078c634e-0858-4fda-98bd-7eada580e9f7', 0, 'admin', TIMESTAMP '2014-02-06 10:34:38.883', 'admin', TIMESTAMP '2014-02-06 10:34:38.883', 'kuali.activity.offering.cluster.state.active', 'kuali.activity.offering.cluster.type.activity.offering.cluster', '', '', 'de118eac-c4f9-4d12-b170-a66af9092923', 'CL 1', 'CL 1', '1856b03b-4a0d-4ce3-9458-eac2363bd941')
/
insert into KSEN_CO_AO_CLUSTER_SET (OBJ_ID, ACTIVITY_OFFERING_TYPE, AO_CLUSTER_ID, ID) values ('77b98ec4-fa8b-4e91-bbeb-8df15d673e25', 'kuali.lui.type.activity.offering.lecture', '1856b03b-4a0d-4ce3-9458-eac2363bd941', 'f4f4220b-aa30-49e3-99bd-5116b759b4cb')
/
insert into KSEN_CO_AO_CLUSTER_SET_AO (AOC_SET_ID, ACTIVITY_OFFERING_ID) values ('f4f4220b-aa30-49e3-99bd-5116b759b4cb', '4bc02406-ddaa-491e-a761-1c9c5048c4d8')
/
update KSEN_CO_AO_CLUSTER_SET set AO_CLUSTER_ID='1856b03b-4a0d-4ce3-9458-eac2363bd941' where ID='f4f4220b-aa30-49e3-99bd-5116b759b4cb'
/
insert into KSEN_LUI (OBJ_ID, VER_NBR, CREATEID, CREATETIME, UPDATEID, UPDATETIME, ATP_ID, CLU_ID, EFF_DT, EXPIR_DT, DESCR_FORMATTED, LUI_STATE, LUI_TYPE, MAX_SEATS, MIN_SEATS, NAME, DESCR_PLAIN, REF_URL, ID) values ('6a9b5d70-a67a-4174-be42-52b3ec899cba', 0, 'admin', TIMESTAMP '2014-02-06 10:34:38.883', 'admin', TIMESTAMP '2014-02-06 10:34:38.883', 'kuali.atp.2014Winter', 'ce6b6491-798d-4fb9-b0e2-ae2f725a5188', '', '', '1001', 'kuali.lui.registration.group.state.pending', 'kuali.lui.type.registration.group', '', '', '1001', '1001', '', 'f334c831-212a-469a-9762-60a2409314fc')
/
insert into KSEN_LUI_ATTR (OBJ_ID, ATTR_KEY, OWNER_ID, ATTR_VALUE, ID) values ('8cd92bb2-bd58-423a-b247-9eb5a263d02b', 'kuali.attribute.registration.group.is.generated', 'f334c831-212a-469a-9762-60a2409314fc', 1, '9304a33a-92cf-46b4-91ab-3c5eb0355afd')
/
insert into KSEN_LUI_ATTR (OBJ_ID, ATTR_KEY, OWNER_ID, ATTR_VALUE, ID) values ('4d823415-2433-4136-a681-65b6119b5cbf', 'kuali.attribute.registration.group.aocluster.id', 'f334c831-212a-469a-9762-60a2409314fc', '1856b03b-4a0d-4ce3-9458-eac2363bd941', '36acbbd8-81ed-4d6f-8817-fe5a53df223c')
/
insert into KSEN_LUI_IDENT (OBJ_ID, VER_NBR, CREATEID, CREATETIME, UPDATEID, UPDATETIME, LUI_CD, DIVISION, IDENT_LEVEL, LNG_NAME, LUI_ID, ORGID, SHRT_NAME, LUI_ID_STATE, SUFX_CD, LUI_ID_TYPE, VARTN, ID) values ('1980943b-e6f7-4240-ad39-a5435178c870', 0, 'admin', TIMESTAMP '2014-02-06 10:34:38.883', 'admin', TIMESTAMP '2014-02-06 10:34:38.883', '', '', '', '', 'f334c831-212a-469a-9762-60a2409314fc', '', '', 'kuali.lui.identifier.state.active', '', 'kuali.lui.identifier.type.official', '', 'a7ba2a58-e6eb-43e8-bc0e-f5aecaf8ef1b')
/
insert into KSEN_LUILUI_RELTN (OBJ_ID, VER_NBR, CREATEID, CREATETIME, UPDATEID, UPDATETIME, EFF_DT, EXPIR_DT, DESCR_FORMATTED, LUI_ID, LUILUI_RELTN_STATE, LUILUI_RELTN_TYPE, NAME, DESCR_PLAIN, RELATED_LUI_ID, ID) values ('38dea68c-1438-4052-9c82-3218f358163b', 0, 'admin', TIMESTAMP '2014-02-06 10:34:38.883', 'admin', TIMESTAMP '2014-02-06 10:34:38.883', TIMESTAMP '2014-02-06 10:35:22.959', '', 'ENGL369D-FO-RG', 'de118eac-c4f9-4d12-b170-a66af9092923', 'kuali.lui.lui.relation.state.active', 'kuali.lui.lui.relation.type.deliveredvia.fo2rg', 'fo-rg-relation', 'ENGL369D-FO-RG', 'f334c831-212a-469a-9762-60a2409314fc', '4840bf4d-df37-49b9-9ba0-0840a5cc12a7')
/
insert into KSEN_LUILUI_RELTN (OBJ_ID, VER_NBR, CREATEID, CREATETIME, UPDATEID, UPDATETIME, EFF_DT, EXPIR_DT, DESCR_FORMATTED, LUI_ID, LUILUI_RELTN_STATE, LUILUI_RELTN_TYPE, NAME, DESCR_PLAIN, RELATED_LUI_ID, ID) values ('e8c98d84-6916-4702-9b9c-c3d9e821b9b4', 0, 'admin', TIMESTAMP '2014-02-06 10:34:38.883', 'admin', TIMESTAMP '2014-02-06 10:34:38.883', TIMESTAMP '2014-02-06 10:35:22.968', '', 'ENGL369D-RG-AO', 'f334c831-212a-469a-9762-60a2409314fc', 'kuali.lui.lui.relation.state.active', 'kuali.lui.lui.relation.type.registeredforvia.rg2ao', 'rg-ao-relation', 'ENGL369D-RG-AO', '4bc02406-ddaa-491e-a761-1c9c5048c4d8', 'e0978117-5a1f-4d4b-bbd9-392f15015829')
/
insert into KSEN_LUI (OBJ_ID, VER_NBR, CREATEID, CREATETIME, UPDATEID, UPDATETIME, ATP_ID, CLU_ID, EFF_DT, EXPIR_DT, DESCR_FORMATTED, LUI_STATE, LUI_TYPE, MAX_SEATS, MIN_SEATS, NAME, DESCR_PLAIN, REF_URL, ID) values ('e96041c2-0fad-4f12-ab1c-90230eddccd9', 0, 'admin', TIMESTAMP '2014-02-06 10:34:38.883', 'admin', TIMESTAMP '2014-02-06 10:34:38.883', 'kuali.atp.2014Winter', '88e00da8-c4df-42b6-be3b-51ad25a919f3', TIMESTAMP '2014-01-02 00:00:00.0', '', 'Surveys American writing from the Civil War through the Cold War. Authors such as Clemens, Frost, Hurston, Bellow.', 'kuali.lui.course.offering.state.draft', 'kuali.lui.type.course.offering', '', '', 'ENGL222 CO', 'Surveys American writing from the Civil War through the Cold War. Authors such as Clemens, Frost, Hurston, Bellow.', null, '094b3f6e-5e6b-46f0-8bb0-2bccb4bfd7c3')
/
insert into KSEN_LUI_ATTR (OBJ_ID, ATTR_KEY, OWNER_ID, ATTR_VALUE, ID) values ('5c3cb5d4-f644-44e0-87d3-e154d3107b3c', 'kuali.attribute.final.exam.indicator', '094b3f6e-5e6b-46f0-8bb0-2bccb4bfd7c3', 'STANDARD', 'fa2c79cc-503b-4c3c-af8d-ed86ab604be0')
/
insert into KSEN_LUI_ATTR (OBJ_ID, ATTR_KEY, OWNER_ID, ATTR_VALUE, ID) values ('5abeba29-d862-4ed9-86ce-924cd9d4eb22', 'kuali.attribute.course.number.internal.suffix', '094b3f6e-5e6b-46f0-8bb0-2bccb4bfd7c3', 'A', '4faeb022-6895-4f01-92b3-67c8f47d430f')
/
insert into KSEN_LUI_ATTR (OBJ_ID, ATTR_KEY, OWNER_ID, ATTR_VALUE, ID) values ('c467ef91-bf9b-4fb2-a699-19ec5d1e5abe', 'kuali.attribute.where.fees.attached.flag', '094b3f6e-5e6b-46f0-8bb0-2bccb4bfd7c3', 0, 'ca1b401b-62d9-46f6-96d7-9f5394d2cdf3')
/
insert into KSEN_LUI_ATTR (OBJ_ID, ATTR_KEY, OWNER_ID, ATTR_VALUE, ID) values ('9df015c1-6fd9-468c-a623-199937ccff26', 'kuali.attribute.course.evaluation.indicator', '094b3f6e-5e6b-46f0-8bb0-2bccb4bfd7c3', 0, '476b8e20-c027-476b-ac25-394f384c1184')
/
insert into KSEN_LUI_ATTR (OBJ_ID, ATTR_KEY, OWNER_ID, ATTR_VALUE, ID) values ('01977559-1411-48ca-85f2-788b07e4c3aa', 'kuali.attribute.wait.list.indicator', '094b3f6e-5e6b-46f0-8bb0-2bccb4bfd7c3', 1, '22afa710-52cd-499c-ae39-512b580c8705')
/
insert into KSEN_LUI_ATTR (OBJ_ID, ATTR_KEY, OWNER_ID, ATTR_VALUE, ID) values ('fab9ee97-906c-4752-9fd5-41952a1b049f', 'kuali.attribute.wait.list.level.type.key', '094b3f6e-5e6b-46f0-8bb0-2bccb4bfd7c3', 'AO', 'a435cd92-27fb-4da4-bd8c-4b9124c89742')
/
insert into KSEN_LUI_ATTR (OBJ_ID, ATTR_KEY, OWNER_ID, ATTR_VALUE, ID) values ('9fe17fcd-96e7-4838-93da-f3e9d48d45c7', 'kuali.attribute.funding.source', '094b3f6e-5e6b-46f0-8bb0-2bccb4bfd7c3', '', 'ac8374a1-d28e-45dc-a244-1a1c8094139d')
/
insert into KSEN_LUI_ATTR (OBJ_ID, ATTR_KEY, OWNER_ID, ATTR_VALUE, ID) values ('f6575be4-d776-456d-897f-b340f0cc8912', 'kuali.attribute.wait.list.type.key', '094b3f6e-5e6b-46f0-8bb0-2bccb4bfd7c3', null, 'eef919c5-a0b1-4970-9eb3-6784857ea520')
/
insert into KSEN_LUI_ATTR (OBJ_ID, ATTR_KEY, OWNER_ID, ATTR_VALUE, ID) values ('375e0b54-7f65-4e46-bb39-2bcffbcca42c', 'kuali.attribute.final.exam.driver', '094b3f6e-5e6b-46f0-8bb0-2bccb4bfd7c3', 'kuali.lu.exam.driver.ActivityOffering', '842b7335-8ee0-411d-ba9c-e430c3291d62')
/
insert into KSEN_LUI_ATTR (OBJ_ID, ATTR_KEY, OWNER_ID, ATTR_VALUE, ID) values ('2809b062-83ce-4536-b7d6-9d92a6d8cd63', 'kuali.attribute.final.exam.use.matrix', '094b3f6e-5e6b-46f0-8bb0-2bccb4bfd7c3', 1, 'b67433c3-48a5-4327-9beb-eebb6c952fb9')
/
insert into KSEN_LUI_IDENT (OBJ_ID, VER_NBR, CREATEID, CREATETIME, UPDATEID, UPDATETIME, LUI_CD, DIVISION, IDENT_LEVEL, LNG_NAME, LUI_ID, ORGID, SHRT_NAME, LUI_ID_STATE, SUFX_CD, LUI_ID_TYPE, VARTN, ID) values ('c8377d79-2ef8-4f1c-b82f-872822d86929', 0, 'admin', TIMESTAMP '2014-02-06 10:34:38.883', 'admin', TIMESTAMP '2014-02-06 10:34:38.883', 'ENGL222', 'ENGL', '', 'American Literature: 1865 to Present', '094b3f6e-5e6b-46f0-8bb0-2bccb4bfd7c3', '', '', 'kuali.lui.identifier.state.active', '', 'kuali.lui.identifier.type.official', '', '936623ba-903b-4257-94e4-11ec2eb20912')
/
insert into KSEN_LUI_LU_CD (OBJ_ID, VER_NBR, CREATEID, CREATETIME, UPDATEID, UPDATETIME, DESCR_FORMATTED, LUI_ID, DESCR_PLAIN, LUI_LUCD_TYPE, VALUE, ID) values ('01bc5b50-3185-4e7b-a9a2-2008fae7886f', 0, 'admin', TIMESTAMP '2014-02-06 10:34:38.883', 'admin', TIMESTAMP '2014-02-06 10:34:38.883', '', '094b3f6e-5e6b-46f0-8bb0-2bccb4bfd7c3', '', 'kuali.lu.code.honorsOffering', '', 'ebf37d88-4d29-457a-8aff-c97140a6328a')
/
insert into KSEN_LUI_UNITS_DEPLOYMENT (LUI_ID, ORG_ID, ID) values ('094b3f6e-5e6b-46f0-8bb0-2bccb4bfd7c3', '2677933260', '6a7c6467-559d-40d1-a987-dcdbe41b1976')
/
insert into KSEN_LUI_UNITS_CONT_OWNER (LUI_ID, ORG_ID) values ('094b3f6e-5e6b-46f0-8bb0-2bccb4bfd7c3', '2677933260')
/
insert into KSEN_LUI_RESULT_VAL_GRP (LUI_ID, RESULT_VAL_GRP_ID) values ('094b3f6e-5e6b-46f0-8bb0-2bccb4bfd7c3', 'kuali.resultComponent.grade.letter')
/
insert into KSEN_LUI_RESULT_VAL_GRP (LUI_ID, RESULT_VAL_GRP_ID) values ('094b3f6e-5e6b-46f0-8bb0-2bccb4bfd7c3', 'kuali.resultComponent.grade.audit')
/
insert into KSEN_LUI_RESULT_VAL_GRP (LUI_ID, RESULT_VAL_GRP_ID) values ('094b3f6e-5e6b-46f0-8bb0-2bccb4bfd7c3', 'kuali.resultComponent.grade.passFail')
/
insert into KSEN_LUI_RESULT_VAL_GRP (LUI_ID, RESULT_VAL_GRP_ID) values ('094b3f6e-5e6b-46f0-8bb0-2bccb4bfd7c3', 'kuali.creditType.credit.degree.3.0')
/
insert into KSEN_LUI (OBJ_ID, VER_NBR, CREATEID, CREATETIME, UPDATEID, UPDATETIME, ATP_ID, CLU_ID, EFF_DT, EXPIR_DT, DESCR_FORMATTED, LUI_STATE, LUI_TYPE, MAX_SEATS, MIN_SEATS, NAME, DESCR_PLAIN, REF_URL, ID) values ('be6acb82-76f2-4118-b58e-fa446dc5e13a', 0, 'admin', TIMESTAMP '2014-02-06 10:34:38.883', 'admin', TIMESTAMP '2014-02-06 10:34:38.883', 'kuali.atp.2014Winter', 'db9a6986-9b28-47e9-b1f1-9fdb5f4562df', '', '', 'Courses with Lecture only', 'kuali.lui.format.offering.state.draft', 'kuali.lui.type.course.format.offering', '', '', 'Lecture Only', 'Courses with Lecture only', '', '1221284a-f433-4845-a573-afa80289379f')
/
insert into KSEN_LUI_ATTR (OBJ_ID, ATTR_KEY, OWNER_ID, ATTR_VALUE, ID) values ('ae5a54fe-cac2-442c-a7f6-b884f1eebfec', 'regCodePrefix', '1221284a-f433-4845-a573-afa80289379f', '1', '723b722f-097f-4db7-aaf6-8ead4e2e61b7')
/
insert into KSEN_LUI_ATTR (OBJ_ID, ATTR_KEY, OWNER_ID, ATTR_VALUE, ID) values ('124389bd-9142-466c-bf1c-39f2ce2e93e3', 'kuali.attribute.final.exam.level.type', '1221284a-f433-4845-a573-afa80289379f', 'kuali.lu.type.activity.Lecture', '656ea1d2-f46b-4d8a-924c-392c66eeb96d')
/
insert into KSEN_LUI_ATTR (OBJ_ID, ATTR_KEY, OWNER_ID, ATTR_VALUE, ID) values ('c5800fdb-f9b9-41c5-bdd8-b5685be34dfa', 'kuali.attribute.grade.roster.level.type.key', '1221284a-f433-4845-a573-afa80289379f', 'kuali.lui.type.activity.offering.lecture', '0daa730b-be34-4b12-ba33-ffdcda58d645')
/
insert into KSEN_LUI_IDENT (OBJ_ID, VER_NBR, CREATEID, CREATETIME, UPDATEID, UPDATETIME, LUI_CD, DIVISION, IDENT_LEVEL, LNG_NAME, LUI_ID, ORGID, SHRT_NAME, LUI_ID_STATE, SUFX_CD, LUI_ID_TYPE, VARTN, ID) values ('90b43023-9b81-4d29-becf-79d446d94cf1', 0, 'admin', TIMESTAMP '2014-02-06 10:34:38.883', 'admin', TIMESTAMP '2014-02-06 10:34:38.883', '', '', '', 'Lecture Only', '1221284a-f433-4845-a573-afa80289379f', '', 'LEC', 'kuali.lui.identifier.state.active', '', 'kuali.lui.identifier.type.official', '', '27e5ab69-6b88-41f5-9af0-62f0d04607ee')
/
insert into KSEN_LUI_RELATED_LUI_TYPES (LUI_ID, RELATED_LUI_TYPE) values ('1221284a-f433-4845-a573-afa80289379f', 'kuali.lui.type.activity.offering.lecture')
/
insert into KSEN_LUILUI_RELTN (OBJ_ID, VER_NBR, CREATEID, CREATETIME, UPDATEID, UPDATETIME, EFF_DT, EXPIR_DT, DESCR_FORMATTED, LUI_ID, LUILUI_RELTN_STATE, LUILUI_RELTN_TYPE, NAME, DESCR_PLAIN, RELATED_LUI_ID, ID) values ('29692825-7ca6-4cbf-ad6b-57ab7cd5ebc6', 0, 'admin', TIMESTAMP '2014-02-06 10:34:38.883', 'admin', TIMESTAMP '2014-02-06 10:34:38.883', TIMESTAMP '2014-02-06 10:35:27.276', '', 'ENGL222-CO-FO', '094b3f6e-5e6b-46f0-8bb0-2bccb4bfd7c3', 'kuali.lui.lui.relation.state.active', 'kuali.lui.lui.relation.type.deliveredvia.co2fo', 'co-fo-relation', 'ENGL222-CO-FO', '1221284a-f433-4845-a573-afa80289379f', '6f426d57-ccbf-4194-b9e9-9da049d70114')
/
insert into KSEN_LUI (OBJ_ID, VER_NBR, CREATEID, CREATETIME, UPDATEID, UPDATETIME, ATP_ID, CLU_ID, EFF_DT, EXPIR_DT, DESCR_FORMATTED, LUI_STATE, LUI_TYPE, MAX_SEATS, MIN_SEATS, NAME, DESCR_PLAIN, REF_URL, ID) values ('48215189-0993-41a7-beb5-d886aafe5fe8', 0, 'admin', TIMESTAMP '2014-02-06 10:34:38.883', 'admin', TIMESTAMP '2014-02-06 10:34:38.883', 'kuali.atp.2014Winter', '9194e508-3a2b-4429-9a62-852dfc612977', '', '', 'Courses with lecture', 'kuali.lui.activity.offering.state.draft', 'kuali.lui.type.activity.offering.lecture', 25, 25, 'Lecture', 'Courses with lecture', null, '99644eb5-d6b6-4893-84c9-c209be58d633')
/
insert into KSEN_LUI_ATTR (OBJ_ID, ATTR_KEY, OWNER_ID, ATTR_VALUE, ID) values ('e1f2074d-2aa4-4b67-aa64-82676803a0f8', 'kuali.attribute.course.evaluation.indicator', '99644eb5-d6b6-4893-84c9-c209be58d633', 0, '63a90d7f-732c-405d-97e0-5902be09b344')
/
insert into KSEN_LUI_ATTR (OBJ_ID, ATTR_KEY, OWNER_ID, ATTR_VALUE, ID) values ('7ca45889-a4b7-48d8-a8ae-b2f3062756cf', 'kuali.attribute.max.enrollment.is.estimate', '99644eb5-d6b6-4893-84c9-c209be58d633', 0, '16188959-32db-4436-aee0-9d1de5ea26fc')
/
insert into KSEN_LUI_ATTR (OBJ_ID, ATTR_KEY, OWNER_ID, ATTR_VALUE, ID) values ('284b98cb-cf71-4754-b496-4b9521fe8a08', 'kuali.attribute.nonstd.ts.indicator', '99644eb5-d6b6-4893-84c9-c209be58d633', 0, '2503d852-183a-4ee1-acce-e8322c97aea2')
/
insert into KSEN_LUI_IDENT (OBJ_ID, VER_NBR, CREATEID, CREATETIME, UPDATEID, UPDATETIME, LUI_CD, DIVISION, IDENT_LEVEL, LNG_NAME, LUI_ID, ORGID, SHRT_NAME, LUI_ID_STATE, SUFX_CD, LUI_ID_TYPE, VARTN, ID) values ('aa543992-7bb3-4e62-a74a-c44a31613ea5', 0, 'admin', TIMESTAMP '2014-02-06 10:34:38.883', 'admin', TIMESTAMP '2014-02-06 10:34:38.883', 'A', '', '', '', '99644eb5-d6b6-4893-84c9-c209be58d633', '', '', 'kuali.lui.identifier.state.active', '', 'kuali.lui.identifier.type.official', '', 'c2aafe33-ba40-4eef-b973-c44064fdd799')
/
insert into KSEN_LUI_LU_CD (OBJ_ID, VER_NBR, CREATEID, CREATETIME, UPDATEID, UPDATETIME, DESCR_FORMATTED, LUI_ID, DESCR_PLAIN, LUI_LUCD_TYPE, VALUE, ID) values ('18fd81a5-89f6-4cc9-965c-5d03e8ea7032', 0, 'admin', TIMESTAMP '2014-02-06 10:34:38.883', 'admin', TIMESTAMP '2014-02-06 10:34:38.883', '', '99644eb5-d6b6-4893-84c9-c209be58d633', '', 'kuali.lu.code.honorsOffering', 0, 'ad9323d1-5f07-4d32-99f7-617f7cca131c')
/
insert into KSEN_LPR (OBJ_ID, VER_NBR, CREATEID, CREATETIME, UPDATEID, UPDATETIME, ATP_ID, COMMIT_PERCT, CREDITS, EFF_DT, EXPIR_DT, GRADING_OPT_ID, LUI_ID, MASTER_LUI_ID, PERS_ID, LPR_STATE, LPR_TYPE, ID) values ('5224d2eb-f5d4-490d-83da-03e4c3132d4b', 0, 'admin', TIMESTAMP '2014-02-06 10:34:38.883', 'admin', TIMESTAMP '2014-02-06 10:34:38.883', '', '100.00', '', TIMESTAMP '2014-02-06 10:35:27.342', '', '', '99644eb5-d6b6-4893-84c9-c209be58d633', '', 'R.BRADLEYM', 'kuali.lpr.state.active', 'kuali.lpr.type.instructor.main', 'ff577f99-cc62-46d2-93c7-a37ba92da8b3')
/
insert into KSEN_LUILUI_RELTN (OBJ_ID, VER_NBR, CREATEID, CREATETIME, UPDATEID, UPDATETIME, EFF_DT, EXPIR_DT, DESCR_FORMATTED, LUI_ID, LUILUI_RELTN_STATE, LUILUI_RELTN_TYPE, NAME, DESCR_PLAIN, RELATED_LUI_ID, ID) values ('e643f606-31e5-4f71-9ab4-5aae2399b5c5', 0, 'admin', TIMESTAMP '2014-02-06 10:34:38.883', 'admin', TIMESTAMP '2014-02-06 10:34:38.883', TIMESTAMP '2014-02-06 10:35:27.377', '', 'ENGL222-FO-AO', '1221284a-f433-4845-a573-afa80289379f', 'kuali.lui.lui.relation.state.active', 'kuali.lui.lui.relation.type.deliveredvia.fo2ao', 'fo-ao-relation', 'ENGL222-FO-AO', '99644eb5-d6b6-4893-84c9-c209be58d633', 'ef4b1f05-8a67-4aec-a8fb-9fd5714e8f91')
/
insert into KSEN_SCHED_RQST_SET (OBJ_ID, VER_NBR, CREATEID, CREATETIME, UPDATEID, UPDATETIME, DESCR_FORMATTED, MAX_ENRL_SHARED_IND, MAX_ENRL, NAME, DESCR_PLAIN, REF_OBJECT_TYPE, SCHED_RQST_SET_STATE, SCHED_RQST_SET_TYPE, ID) values ('be3ff106-b0f3-47b4-a159-e1086738ac48', 0, 'admin', TIMESTAMP '2014-02-06 10:34:38.883', 'admin', TIMESTAMP '2014-02-06 10:34:38.883', '', 0, '', 'Schedule request set for ENGL222 - A', '', 'http://student.kuali.org/wsdl/courseOffering/ActivityOfferingInfo', 'kuali.scheduling.schedule.request.set.state.created', 'kuali.scheduling.schedule.request.set.type.schedule.request.set', '32d26cea-3648-40b5-90c0-0b9633b797e3')
/
insert into KSEN_SCHED_RQST (OBJ_ID, VER_NBR, CREATEID, CREATETIME, UPDATEID, UPDATETIME, DESCR_FORMATTED, NAME, DESCR_PLAIN, SCHED_RQST_STATE, SCHED_RQST_TYPE, SCHED_ID, SCHED_RQST_SET_ID, ID) values ('c806d033-d316-41f4-9606-c7ff5eb69074', 0, 'admin', TIMESTAMP '2014-02-06 10:34:38.883', 'admin', TIMESTAMP '2014-02-06 10:34:38.883', '', 'Schedule request for ENGL222 - A', '', 'kuali.scheduling.schedule.request.state.created', 'kuali.scheduling.schedule.request.type.schedule.request', '', '32d26cea-3648-40b5-90c0-0b9633b797e3', '53132781-8228-4d20-89c9-25d12dbaaac1')
/
insert into KSEN_SCHED_RQST_CMP (OBJ_ID, TBA_IND, SCHED_RQST_ID, ID) values ('c00034b8-aafd-42b0-8728-7f73e5788e9a', 0, '53132781-8228-4d20-89c9-25d12dbaaac1', 'b5b5fbef-434a-4357-8517-7449db746a68')
/
insert into KSEN_SCHED_REF_OBJECT (SCHED_RQST_SET_ID, REF_OBJECT_ID) values ('32d26cea-3648-40b5-90c0-0b9633b797e3', '99644eb5-d6b6-4893-84c9-c209be58d633')
/
insert into KSEN_SCHED_RQST_CMP_BLDG (CMP_ID, BUILDING_ID) values ('b5b5fbef-434a-4357-8517-7449db746a68', 'd5138c2b-01ee-4e81-b526-38ed2a7c60a3')
/
insert into KSEN_SCHED_RQST_CMP_CAMPUS (CMP_ID, CAMPUS_ID) values ('b5b5fbef-434a-4357-8517-7449db746a68', 'UMCP')
/
insert into KSEN_SCHED_RQST_CMP_ROOM (CMP_ID, ROOM_ID) values ('b5b5fbef-434a-4357-8517-7449db746a68', '6dd715ea-cc9b-4cd1-9a34-f96628650406')
/
insert into KSEN_SCHED_RQST_CMP_TMSLOT (CMP_ID, TM_SLOT_ID) values ('b5b5fbef-434a-4357-8517-7449db746a68', '4A6971D2-447D-4359-B949-F4EDF104A0AA')
/
insert into KSEN_CWL (OBJ_ID, VER_NBR, CREATEID, CREATETIME, UPDATEID, UPDATETIME, ALLOW_HOLD_UTIL_ENTRIES_IND, AUTO_PROCESSED_IND, CHECK_IN_REQ_IND, CONF_REQ_IND, EFF_DT, EXPIR_DT, MAX_SIZE, REG_IN_FIRST_AAO_IND, STD_DUR_TIME_QTY, STD_DUR_TYPE, CWL_STATE, CWL_TYPE, ID) values ('12d7a1a5-bea1-4eda-b035-6ef3a63d969b', 0, 'admin', TIMESTAMP '2014-02-06 10:34:38.883', 'admin', TIMESTAMP '2014-02-06 10:34:38.883', 1, 1, 0, 1, TIMESTAMP '2013-01-02 00:00:00.0', '', '', 1, '', '', 'kuali.course.waitlist.state.active', 'kuali.course.waitlist.type.course.waitlist', '54b237c3-47fe-43ee-98ba-1227c92f4f31')
/
insert into KSEN_CWL_ACTIV_OFFER (CWL_ID, ACTIV_OFFER_ID) values ('54b237c3-47fe-43ee-98ba-1227c92f4f31', '99644eb5-d6b6-4893-84c9-c209be58d633')
/
insert into KSEN_CWL_FORMAT_OFFER (CWL_ID, FORMAT_OFFER_ID) values ('54b237c3-47fe-43ee-98ba-1227c92f4f31', '1221284a-f433-4845-a573-afa80289379f')
/
insert into KSEN_CO_AO_CLUSTER (OBJ_ID, VER_NBR, CREATEID, CREATETIME, UPDATEID, UPDATETIME, AO_CLUSTER_STATE, AO_CLUSTER_TYPE, DESCR_FORMATTED, DESCR_PLAIN, FORMAT_OFFERING_ID, NAME, PRIVATE_NAME, ID) values ('f84f3876-f4dd-4e7f-b444-c2fff7d9c13e', 0, 'admin', TIMESTAMP '2014-02-06 10:34:38.883', 'admin', TIMESTAMP '2014-02-06 10:34:38.883', 'kuali.activity.offering.cluster.state.active', 'kuali.activity.offering.cluster.type.activity.offering.cluster', '', '', '1221284a-f433-4845-a573-afa80289379f', 'CL 1', 'CL 1', 'ee63f52d-926f-4bad-b4e8-d7825559c962')
/
insert into KSEN_CO_AO_CLUSTER_SET (OBJ_ID, ACTIVITY_OFFERING_TYPE, AO_CLUSTER_ID, ID) values ('b37015ad-f1d0-4bcb-bba6-572832421ba3', 'kuali.lui.type.activity.offering.lecture', 'ee63f52d-926f-4bad-b4e8-d7825559c962', '396b19a3-7c73-48a9-afa9-119324750095')
/
insert into KSEN_CO_AO_CLUSTER_SET_AO (AOC_SET_ID, ACTIVITY_OFFERING_ID) values ('396b19a3-7c73-48a9-afa9-119324750095', '99644eb5-d6b6-4893-84c9-c209be58d633')
/
update KSEN_CO_AO_CLUSTER_SET set AO_CLUSTER_ID='ee63f52d-926f-4bad-b4e8-d7825559c962' where ID='396b19a3-7c73-48a9-afa9-119324750095'
/
insert into KSEN_LUI (OBJ_ID, VER_NBR, CREATEID, CREATETIME, UPDATEID, UPDATETIME, ATP_ID, CLU_ID, EFF_DT, EXPIR_DT, DESCR_FORMATTED, LUI_STATE, LUI_TYPE, MAX_SEATS, MIN_SEATS, NAME, DESCR_PLAIN, REF_URL, ID) values ('79f671be-836b-4011-abf4-d9eb4b6beef6', 0, 'admin', TIMESTAMP '2014-02-06 10:34:38.883', 'admin', TIMESTAMP '2014-02-06 10:34:38.883', 'kuali.atp.2014Winter', 'db9a6986-9b28-47e9-b1f1-9fdb5f4562df', '', '', '1001', 'kuali.lui.registration.group.state.pending', 'kuali.lui.type.registration.group', '', '', '1001', '1001', '', '1aa2bd6a-d14a-4698-8872-fddb6afe1056')
/
insert into KSEN_LUI_ATTR (OBJ_ID, ATTR_KEY, OWNER_ID, ATTR_VALUE, ID) values ('c982fccf-2b3d-4ef3-b3b2-f487f1cd8ede', 'kuali.attribute.registration.group.is.generated', '1aa2bd6a-d14a-4698-8872-fddb6afe1056', 1, 'c905069c-7399-49bc-8377-da8b52a37607')
/
insert into KSEN_LUI_ATTR (OBJ_ID, ATTR_KEY, OWNER_ID, ATTR_VALUE, ID) values ('5b6adf1e-7da5-4609-9b51-914380bdf783', 'kuali.attribute.registration.group.aocluster.id', '1aa2bd6a-d14a-4698-8872-fddb6afe1056', 'ee63f52d-926f-4bad-b4e8-d7825559c962', '2f100b0c-5975-49c2-9ce6-5545df4bce07')
/
insert into KSEN_LUI_IDENT (OBJ_ID, VER_NBR, CREATEID, CREATETIME, UPDATEID, UPDATETIME, LUI_CD, DIVISION, IDENT_LEVEL, LNG_NAME, LUI_ID, ORGID, SHRT_NAME, LUI_ID_STATE, SUFX_CD, LUI_ID_TYPE, VARTN, ID) values ('73738650-3003-4d7e-926d-0a6503ce7994', 0, 'admin', TIMESTAMP '2014-02-06 10:34:38.883', 'admin', TIMESTAMP '2014-02-06 10:34:38.883', '', '', '', '', '1aa2bd6a-d14a-4698-8872-fddb6afe1056', '', '', 'kuali.lui.identifier.state.active', '', 'kuali.lui.identifier.type.official', '', '09d94d88-211d-41dc-8ee9-23c790668aa2')
/
insert into KSEN_LUILUI_RELTN (OBJ_ID, VER_NBR, CREATEID, CREATETIME, UPDATEID, UPDATETIME, EFF_DT, EXPIR_DT, DESCR_FORMATTED, LUI_ID, LUILUI_RELTN_STATE, LUILUI_RELTN_TYPE, NAME, DESCR_PLAIN, RELATED_LUI_ID, ID) values ('066067b3-7efc-498f-97ed-8b987dc6a785', 0, 'admin', TIMESTAMP '2014-02-06 10:34:38.883', 'admin', TIMESTAMP '2014-02-06 10:34:38.883', TIMESTAMP '2014-02-06 10:35:27.889', '', 'ENGL222-FO-RG', '1221284a-f433-4845-a573-afa80289379f', 'kuali.lui.lui.relation.state.active', 'kuali.lui.lui.relation.type.deliveredvia.fo2rg', 'fo-rg-relation', 'ENGL222-FO-RG', '1aa2bd6a-d14a-4698-8872-fddb6afe1056', '1df6e2ce-f199-4370-bb5f-c34327e46611')
/
insert into KSEN_LUILUI_RELTN (OBJ_ID, VER_NBR, CREATEID, CREATETIME, UPDATEID, UPDATETIME, EFF_DT, EXPIR_DT, DESCR_FORMATTED, LUI_ID, LUILUI_RELTN_STATE, LUILUI_RELTN_TYPE, NAME, DESCR_PLAIN, RELATED_LUI_ID, ID) values ('59cbfeb0-2252-4d00-ac88-9989d91a9ad8', 0, 'admin', TIMESTAMP '2014-02-06 10:34:38.883', 'admin', TIMESTAMP '2014-02-06 10:34:38.883', TIMESTAMP '2014-02-06 10:35:27.905', '', 'ENGL222-RG-AO', '1aa2bd6a-d14a-4698-8872-fddb6afe1056', 'kuali.lui.lui.relation.state.active', 'kuali.lui.lui.relation.type.registeredforvia.rg2ao', 'rg-ao-relation', 'ENGL222-RG-AO', '99644eb5-d6b6-4893-84c9-c209be58d633', '8fd883aa-546d-4355-a37d-f62eb70de816')
/
insert into KSEN_LUI (OBJ_ID, VER_NBR, CREATEID, CREATETIME, UPDATEID, UPDATETIME, ATP_ID, CLU_ID, EFF_DT, EXPIR_DT, DESCR_FORMATTED, LUI_STATE, LUI_TYPE, MAX_SEATS, MIN_SEATS, NAME, DESCR_PLAIN, REF_URL, ID) values ('770d687f-a8fa-4e71-9deb-457cfc784295', 0, 'admin', TIMESTAMP '2014-02-06 10:34:38.883', 'admin', TIMESTAMP '2014-02-06 10:34:38.883', 'kuali.atp.2014Winter', '9fb75593-9445-44ce-8d82-53e1634ae52d', TIMESTAMP '2014-01-02 00:00:00.0', '', '', 'kuali.lui.course.offering.state.draft', 'kuali.lui.type.course.offering', '', '', 'WMST498M CO', '.', null, '76779892-5167-478d-9187-e5b7b824c6a9')
/
insert into KSEN_LUI_ATTR (OBJ_ID, ATTR_KEY, OWNER_ID, ATTR_VALUE, ID) values ('1092cb31-4032-433c-9626-abe715dc3451', 'kuali.attribute.where.fees.attached.flag', '76779892-5167-478d-9187-e5b7b824c6a9', 0, 'f5a5536a-75c3-41dc-b6fe-a6f9830ab5e3')
/
insert into KSEN_LUI_ATTR (OBJ_ID, ATTR_KEY, OWNER_ID, ATTR_VALUE, ID) values ('80eb43ee-04dd-4679-8da8-47c784b3fe52', 'kuali.attribute.course.number.internal.suffix', '76779892-5167-478d-9187-e5b7b824c6a9', 'A', '080d9fa5-9f53-4dd9-b520-25af8f499314')
/
insert into KSEN_LUI_ATTR (OBJ_ID, ATTR_KEY, OWNER_ID, ATTR_VALUE, ID) values ('ba27ecf7-54a6-44fb-acef-a4f5aeb0f4cc', 'kuali.attribute.wait.list.indicator', '76779892-5167-478d-9187-e5b7b824c6a9', 1, '40162bd8-9820-4556-b93a-603853cc22ed')
/
insert into KSEN_LUI_ATTR (OBJ_ID, ATTR_KEY, OWNER_ID, ATTR_VALUE, ID) values ('cf110c31-b0e3-4ca9-aedf-7f2cdaf04a0a', 'kuali.attribute.funding.source', '76779892-5167-478d-9187-e5b7b824c6a9', '', 'b0fbcbe1-cae4-4cf6-b7b9-272e67d8378d')
/
insert into KSEN_LUI_ATTR (OBJ_ID, ATTR_KEY, OWNER_ID, ATTR_VALUE, ID) values ('36afbf4c-4f44-4166-a21c-e75930ce0a5e', 'kuali.attribute.final.exam.use.matrix', '76779892-5167-478d-9187-e5b7b824c6a9', 1, 'df497c88-434e-48dd-830f-ac9becac0d7f')
/
insert into KSEN_LUI_ATTR (OBJ_ID, ATTR_KEY, OWNER_ID, ATTR_VALUE, ID) values ('5d0f5f95-fd2b-4bda-895a-79a366bdfa73', 'kuali.attribute.wait.list.type.key', '76779892-5167-478d-9187-e5b7b824c6a9', null, '3ce2a341-73fe-4275-b2e1-fe0bbb26bf3e')
/
insert into KSEN_LUI_ATTR (OBJ_ID, ATTR_KEY, OWNER_ID, ATTR_VALUE, ID) values ('52f97a3d-0558-4887-a041-67992f624962', 'kuali.attribute.final.exam.driver', '76779892-5167-478d-9187-e5b7b824c6a9', 'kuali.lu.exam.driver.ActivityOffering', '3cdac865-8482-4763-883f-15d816987db2')
/
insert into KSEN_LUI_ATTR (OBJ_ID, ATTR_KEY, OWNER_ID, ATTR_VALUE, ID) values ('81f3d2ec-9860-42f6-9309-026259fe8a9f', 'kuali.attribute.final.exam.indicator', '76779892-5167-478d-9187-e5b7b824c6a9', 'STANDARD', 'eab64a22-5a3a-4cd4-866b-acf4020a7352')
/
insert into KSEN_LUI_ATTR (OBJ_ID, ATTR_KEY, OWNER_ID, ATTR_VALUE, ID) values ('717dbc9a-e3cb-462a-89f0-7123484b582c', 'kuali.attribute.wait.list.level.type.key', '76779892-5167-478d-9187-e5b7b824c6a9', 'AO', '5f779d6a-192d-4abd-a9ac-e3481fba24ca')
/
insert into KSEN_LUI_ATTR (OBJ_ID, ATTR_KEY, OWNER_ID, ATTR_VALUE, ID) values ('e7c28d51-d651-4446-bfbc-cfc2e1b0bd6e', 'kuali.attribute.course.evaluation.indicator', '76779892-5167-478d-9187-e5b7b824c6a9', 0, '8920ed5b-90c4-4bf5-95c2-d3e7bd8029f8')
/
insert into KSEN_LUI_IDENT (OBJ_ID, VER_NBR, CREATEID, CREATETIME, UPDATEID, UPDATETIME, LUI_CD, DIVISION, IDENT_LEVEL, LNG_NAME, LUI_ID, ORGID, SHRT_NAME, LUI_ID_STATE, SUFX_CD, LUI_ID_TYPE, VARTN, ID) values ('876e9fbf-4758-40b0-b284-bcf1e0cf2381', 0, 'admin', TIMESTAMP '2014-02-06 10:34:38.883', 'admin', TIMESTAMP '2014-02-06 10:34:38.883', 'WMST498M', 'WMST', '', 'Advanced Special Topics in Women''s Studies', '76779892-5167-478d-9187-e5b7b824c6a9', '', '', 'kuali.lui.identifier.state.active', 'M', 'kuali.lui.identifier.type.official', '', '2e862515-0a95-4381-8fd9-57b3969227d7')
/
insert into KSEN_LUI_LU_CD (OBJ_ID, VER_NBR, CREATEID, CREATETIME, UPDATEID, UPDATETIME, DESCR_FORMATTED, LUI_ID, DESCR_PLAIN, LUI_LUCD_TYPE, VALUE, ID) values ('d939c3c4-bc15-41db-bb79-9a91f6cc83c7', 0, 'admin', TIMESTAMP '2014-02-06 10:34:38.883', 'admin', TIMESTAMP '2014-02-06 10:34:38.883', '', '76779892-5167-478d-9187-e5b7b824c6a9', '', 'kuali.lu.code.honorsOffering', '', '7b8c0ca9-aeae-4324-8325-ba28f390a209')
/
insert into KSEN_LUI_UNITS_DEPLOYMENT (LUI_ID, ORG_ID, ID) values ('76779892-5167-478d-9187-e5b7b824c6a9', '4014660630', 'ddb0389a-4903-4f48-905d-0bb23fb6aa4c')
/
insert into KSEN_LUI_UNITS_CONT_OWNER (LUI_ID, ORG_ID) values ('76779892-5167-478d-9187-e5b7b824c6a9', '4014660630')
/
insert into KSEN_LUI_RESULT_VAL_GRP (LUI_ID, RESULT_VAL_GRP_ID) values ('76779892-5167-478d-9187-e5b7b824c6a9', 'kuali.resultComponent.grade.letter')
/
insert into KSEN_LUI_RESULT_VAL_GRP (LUI_ID, RESULT_VAL_GRP_ID) values ('76779892-5167-478d-9187-e5b7b824c6a9', 'kuali.resultComponent.grade.audit')
/
insert into KSEN_LUI_RESULT_VAL_GRP (LUI_ID, RESULT_VAL_GRP_ID) values ('76779892-5167-478d-9187-e5b7b824c6a9', 'kuali.resultComponent.grade.passFail')
/
insert into KSEN_LUI_RESULT_VAL_GRP (LUI_ID, RESULT_VAL_GRP_ID) values ('76779892-5167-478d-9187-e5b7b824c6a9', 'kuali.creditType.credit.degree.1.0,1.5,2.0,2.5,3.0')
/
insert into KSEN_LUI (OBJ_ID, VER_NBR, CREATEID, CREATETIME, UPDATEID, UPDATETIME, ATP_ID, CLU_ID, EFF_DT, EXPIR_DT, DESCR_FORMATTED, LUI_STATE, LUI_TYPE, MAX_SEATS, MIN_SEATS, NAME, DESCR_PLAIN, REF_URL, ID) values ('44d74789-1cc9-4c98-833a-67ef7f7d7b29', 0, 'admin', TIMESTAMP '2014-02-06 10:34:38.883', 'admin', TIMESTAMP '2014-02-06 10:34:38.883', 'kuali.atp.2014Winter', '4ddd26da-68e3-406f-b62f-1b36beb96f0f', '', '', 'Courses with Lecture only', 'kuali.lui.format.offering.state.draft', 'kuali.lui.type.course.format.offering', '', '', 'Lecture Only', 'Courses with Lecture only', '', '7da7fcd6-51b2-4526-a425-5a5767170e10')
/
insert into KSEN_LUI_ATTR (OBJ_ID, ATTR_KEY, OWNER_ID, ATTR_VALUE, ID) values ('a25f6a8a-2350-4694-bde7-29cb8b531d83', 'kuali.attribute.final.exam.level.type', '7da7fcd6-51b2-4526-a425-5a5767170e10', 'kuali.lu.type.activity.Lecture', '821ee4c3-c8e6-46e7-8638-16fa61463177')
/
insert into KSEN_LUI_ATTR (OBJ_ID, ATTR_KEY, OWNER_ID, ATTR_VALUE, ID) values ('78cc1ae0-5234-4220-aa60-c7f427535248', 'kuali.attribute.grade.roster.level.type.key', '7da7fcd6-51b2-4526-a425-5a5767170e10', 'kuali.lui.type.activity.offering.lecture', '84b7a10e-7084-4c20-8076-e38fbba3149e')
/
insert into KSEN_LUI_ATTR (OBJ_ID, ATTR_KEY, OWNER_ID, ATTR_VALUE, ID) values ('42d13471-614f-48c1-ade9-184afcc44b90', 'regCodePrefix', '7da7fcd6-51b2-4526-a425-5a5767170e10', '1', 'ec8719ac-89b6-443d-81b7-b8f524110b91')
/
insert into KSEN_LUI_IDENT (OBJ_ID, VER_NBR, CREATEID, CREATETIME, UPDATEID, UPDATETIME, LUI_CD, DIVISION, IDENT_LEVEL, LNG_NAME, LUI_ID, ORGID, SHRT_NAME, LUI_ID_STATE, SUFX_CD, LUI_ID_TYPE, VARTN, ID) values ('4e16dbda-e64d-42f2-929c-8e5f60b05c58', 0, 'admin', TIMESTAMP '2014-02-06 10:34:38.883', 'admin', TIMESTAMP '2014-02-06 10:34:38.883', '', '', '', 'Lecture Only', '7da7fcd6-51b2-4526-a425-5a5767170e10', '', 'LEC', 'kuali.lui.identifier.state.active', '', 'kuali.lui.identifier.type.official', '', '5126dc33-29f9-497e-b3b2-bee3a4a20cdb')
/
insert into KSEN_LUI_RELATED_LUI_TYPES (LUI_ID, RELATED_LUI_TYPE) values ('7da7fcd6-51b2-4526-a425-5a5767170e10', 'kuali.lui.type.activity.offering.lecture')
/
insert into KSEN_LUILUI_RELTN (OBJ_ID, VER_NBR, CREATEID, CREATETIME, UPDATEID, UPDATETIME, EFF_DT, EXPIR_DT, DESCR_FORMATTED, LUI_ID, LUILUI_RELTN_STATE, LUILUI_RELTN_TYPE, NAME, DESCR_PLAIN, RELATED_LUI_ID, ID) values ('bd462678-28ba-413d-b35a-bd70c6f055f2', 0, 'admin', TIMESTAMP '2014-02-06 10:34:38.883', 'admin', TIMESTAMP '2014-02-06 10:34:38.883', TIMESTAMP '2014-02-06 10:35:31.331', '', 'WMST498M-CO-FO', '76779892-5167-478d-9187-e5b7b824c6a9', 'kuali.lui.lui.relation.state.active', 'kuali.lui.lui.relation.type.deliveredvia.co2fo', 'co-fo-relation', 'WMST498M-CO-FO', '7da7fcd6-51b2-4526-a425-5a5767170e10', 'd8e51ae0-108a-4ac4-9ea5-384876d038bc')
/
insert into KSEN_LUI (OBJ_ID, VER_NBR, CREATEID, CREATETIME, UPDATEID, UPDATETIME, ATP_ID, CLU_ID, EFF_DT, EXPIR_DT, DESCR_FORMATTED, LUI_STATE, LUI_TYPE, MAX_SEATS, MIN_SEATS, NAME, DESCR_PLAIN, REF_URL, ID) values ('c7ef680b-05f1-4ca7-ad52-e4f8e42c4ff5', 0, 'admin', TIMESTAMP '2014-02-06 10:34:38.883', 'admin', TIMESTAMP '2014-02-06 10:34:38.883', 'kuali.atp.2014Winter', '44ad3dfb-8855-4c58-ab14-33afc312293b', '', '', 'Courses with lecture', 'kuali.lui.activity.offering.state.draft', 'kuali.lui.type.activity.offering.lecture', 40, 40, 'Lecture', 'Courses with lecture', null, '5915bd76-1cf9-49f2-836b-6ee9ffc62d3f')
/
insert into KSEN_LUI_ATTR (OBJ_ID, ATTR_KEY, OWNER_ID, ATTR_VALUE, ID) values ('bd43031f-8064-4710-8378-c30e84979731', 'kuali.attribute.nonstd.ts.indicator', '5915bd76-1cf9-49f2-836b-6ee9ffc62d3f', 0, '52fcb535-eadb-43a9-9998-54a814077d90')
/
insert into KSEN_LUI_ATTR (OBJ_ID, ATTR_KEY, OWNER_ID, ATTR_VALUE, ID) values ('3d3a0f4f-b052-4407-9def-a4f4e1da6797', 'kuali.attribute.course.evaluation.indicator', '5915bd76-1cf9-49f2-836b-6ee9ffc62d3f', 0, '3f42b316-a410-4dc7-ab94-47081e101bb7')
/
insert into KSEN_LUI_ATTR (OBJ_ID, ATTR_KEY, OWNER_ID, ATTR_VALUE, ID) values ('f60f15d8-e104-4e22-aacd-374e8bcdbca2', 'kuali.attribute.max.enrollment.is.estimate', '5915bd76-1cf9-49f2-836b-6ee9ffc62d3f', 0, '04c20bdd-1e3b-4840-b082-a179659969d2')
/
insert into KSEN_LUI_IDENT (OBJ_ID, VER_NBR, CREATEID, CREATETIME, UPDATEID, UPDATETIME, LUI_CD, DIVISION, IDENT_LEVEL, LNG_NAME, LUI_ID, ORGID, SHRT_NAME, LUI_ID_STATE, SUFX_CD, LUI_ID_TYPE, VARTN, ID) values ('bf8a2eaf-fd61-45b9-bada-97e315c58be3', 0, 'admin', TIMESTAMP '2014-02-06 10:34:38.883', 'admin', TIMESTAMP '2014-02-06 10:34:38.883', 'A', '', '', '', '5915bd76-1cf9-49f2-836b-6ee9ffc62d3f', '', '', 'kuali.lui.identifier.state.active', '', 'kuali.lui.identifier.type.official', '', '69fabd79-e8d9-418a-88a1-fdf1d08e5ee2')
/
insert into KSEN_LUI_LU_CD (OBJ_ID, VER_NBR, CREATEID, CREATETIME, UPDATEID, UPDATETIME, DESCR_FORMATTED, LUI_ID, DESCR_PLAIN, LUI_LUCD_TYPE, VALUE, ID) values ('5c893fe8-7d83-48c9-a92b-d1843a7da81c', 0, 'admin', TIMESTAMP '2014-02-06 10:34:38.883', 'admin', TIMESTAMP '2014-02-06 10:34:38.883', '', '5915bd76-1cf9-49f2-836b-6ee9ffc62d3f', '', 'kuali.lu.code.honorsOffering', 0, '067231a4-712e-46fb-8aa0-f85036c15820')
/
insert into KSEN_LPR (OBJ_ID, VER_NBR, CREATEID, CREATETIME, UPDATEID, UPDATETIME, ATP_ID, COMMIT_PERCT, CREDITS, EFF_DT, EXPIR_DT, GRADING_OPT_ID, LUI_ID, MASTER_LUI_ID, PERS_ID, LPR_STATE, LPR_TYPE, ID) values ('009d0de4-adcf-4d53-bdae-2471b6164f87', 0, 'admin', TIMESTAMP '2014-02-06 10:34:38.883', 'admin', TIMESTAMP '2014-02-06 10:34:38.883', '', '100.00', '', TIMESTAMP '2014-02-06 10:35:31.412', '', '', '5915bd76-1cf9-49f2-836b-6ee9ffc62d3f', '', 'N.ANNED', 'kuali.lpr.state.active', 'kuali.lpr.type.instructor.main', '2ed8317e-668e-4080-aa8f-d9030ef21a2d')
/
insert into KSEN_LUILUI_RELTN (OBJ_ID, VER_NBR, CREATEID, CREATETIME, UPDATEID, UPDATETIME, EFF_DT, EXPIR_DT, DESCR_FORMATTED, LUI_ID, LUILUI_RELTN_STATE, LUILUI_RELTN_TYPE, NAME, DESCR_PLAIN, RELATED_LUI_ID, ID) values ('ced5fd62-d002-4f3c-a56d-3ea28264860a', 0, 'admin', TIMESTAMP '2014-02-06 10:34:38.883', 'admin', TIMESTAMP '2014-02-06 10:34:38.883', TIMESTAMP '2014-02-06 10:35:31.477', '', 'WMST498M-FO-AO', '7da7fcd6-51b2-4526-a425-5a5767170e10', 'kuali.lui.lui.relation.state.active', 'kuali.lui.lui.relation.type.deliveredvia.fo2ao', 'fo-ao-relation', 'WMST498M-FO-AO', '5915bd76-1cf9-49f2-836b-6ee9ffc62d3f', '97f8c0f5-94a8-4efc-be29-ccd5fc565218')
/
insert into KSEN_SCHED_RQST_SET (OBJ_ID, VER_NBR, CREATEID, CREATETIME, UPDATEID, UPDATETIME, DESCR_FORMATTED, MAX_ENRL_SHARED_IND, MAX_ENRL, NAME, DESCR_PLAIN, REF_OBJECT_TYPE, SCHED_RQST_SET_STATE, SCHED_RQST_SET_TYPE, ID) values ('1db304a9-846d-4157-bd41-54ffb6a6f010', 0, 'admin', TIMESTAMP '2014-02-06 10:34:38.883', 'admin', TIMESTAMP '2014-02-06 10:34:38.883', '', 0, '', 'Schedule request set for WMST498M - A', '', 'http://student.kuali.org/wsdl/courseOffering/ActivityOfferingInfo', 'kuali.scheduling.schedule.request.set.state.created', 'kuali.scheduling.schedule.request.set.type.schedule.request.set', 'd56d25d2-bb53-45d7-9ca0-0e41daa202c3')
/
insert into KSEN_SCHED_RQST (OBJ_ID, VER_NBR, CREATEID, CREATETIME, UPDATEID, UPDATETIME, DESCR_FORMATTED, NAME, DESCR_PLAIN, SCHED_RQST_STATE, SCHED_RQST_TYPE, SCHED_ID, SCHED_RQST_SET_ID, ID) values ('fd2a0b2e-ffa4-4a69-a2b0-44fccee1fc7f', 0, 'admin', TIMESTAMP '2014-02-06 10:34:38.883', 'admin', TIMESTAMP '2014-02-06 10:34:38.883', '', 'Schedule request for WMST498M - A', '', 'kuali.scheduling.schedule.request.state.created', 'kuali.scheduling.schedule.request.type.schedule.request', '', 'd56d25d2-bb53-45d7-9ca0-0e41daa202c3', '37e32d2c-e745-47f1-925b-975ccfb4ebf5')
/
insert into KSEN_SCHED_RQST_CMP (OBJ_ID, TBA_IND, SCHED_RQST_ID, ID) values ('46b578a1-9219-488d-a2eb-db243b387d6a', 0, '37e32d2c-e745-47f1-925b-975ccfb4ebf5', '2b714c8f-fae2-4d70-9ae9-37fed389353f')
/
insert into KSEN_SCHED_REF_OBJECT (SCHED_RQST_SET_ID, REF_OBJECT_ID) values ('d56d25d2-bb53-45d7-9ca0-0e41daa202c3', '5915bd76-1cf9-49f2-836b-6ee9ffc62d3f')
/
insert into KSEN_SCHED_RQST_CMP_BLDG (CMP_ID, BUILDING_ID) values ('2b714c8f-fae2-4d70-9ae9-37fed389353f', 'd5138c2b-01ee-4e81-b526-38ed2a7c60a3')
/
insert into KSEN_SCHED_RQST_CMP_CAMPUS (CMP_ID, CAMPUS_ID) values ('2b714c8f-fae2-4d70-9ae9-37fed389353f', 'UMCP')
/
insert into KSEN_SCHED_RQST_CMP_ROOM (CMP_ID, ROOM_ID) values ('2b714c8f-fae2-4d70-9ae9-37fed389353f', '6dd715ea-cc9b-4cd1-9a34-f96628650406')
/
insert into KSEN_SCHED_RQST_CMP_TMSLOT (CMP_ID, TM_SLOT_ID) values ('2b714c8f-fae2-4d70-9ae9-37fed389353f', '4A6971D2-447D-4359-B949-F4EDF104A0AA')
/
insert into KSEN_CO_SEAT_POOL_DEFN (OBJ_ID, VER_NBR, CREATEID, CREATETIME, UPDATEID, UPDATETIME, ACTIVITY_OFFERING_ID, EXPIR_MSTONE_TYPE, PERCENTAGE_IND, NAME, POPULATION_ID, PROCESSING_PRIORITY, SEAT_LIMIT, SEAT_POOL_DEFN_STATE, SEAT_POOL_DEFN_TYPE, ID) values ('8bbd34db-0c25-4460-9cac-cb592db468bb', 1, 'admin', TIMESTAMP '2014-02-06 10:34:38.883', 'admin', TIMESTAMP '2014-02-06 10:34:38.883', '', 'kuali.atp.milestone.firstdayofclasses', 0, '400-level Athlete Seatpool', '1c2e7786-a2ab-4778-8e81-ea540c60b9b2', 1, 2, 'kuali.lui.capacity.state.active', 'kuali.lui.capacity.type.seatpool', 'd0477eb0-487d-46ac-bfea-2232a4c0b246')
/
insert into KSEN_CO_SEAT_POOL_DEFN (OBJ_ID, VER_NBR, CREATEID, CREATETIME, UPDATEID, UPDATETIME, ACTIVITY_OFFERING_ID, EXPIR_MSTONE_TYPE, PERCENTAGE_IND, NAME, POPULATION_ID, PROCESSING_PRIORITY, SEAT_LIMIT, SEAT_POOL_DEFN_STATE, SEAT_POOL_DEFN_TYPE, ID) values ('271aaa8b-f7b6-40ae-83b8-906e702b76f0', 1, 'admin', TIMESTAMP '2014-02-06 10:34:38.883', 'admin', TIMESTAMP '2014-02-06 10:34:38.883', '', 'kuali.atp.milestone.firstdayofclasses', 0, '400-level Junior Seatpool', '4bae9f12-5901-4db9-b4a8-4dcc20781db5', 2, 4, 'kuali.lui.capacity.state.active', 'kuali.lui.capacity.type.seatpool', 'd3e8fb9e-ae84-4335-ad31-94d7743106ea')
/
update KSEN_CO_SEAT_POOL_DEFN set OBJ_ID='8bbd34db-0c25-4460-9cac-cb592db468bb', VER_NBR=2, UPDATEID='admin', UPDATETIME=TIMESTAMP '2014-02-06 10:34:38.883', ACTIVITY_OFFERING_ID='5915bd76-1cf9-49f2-836b-6ee9ffc62d3f', EXPIR_MSTONE_TYPE='kuali.atp.milestone.firstdayofclasses', PERCENTAGE_IND=0, NAME='400-level Athlete Seatpool', POPULATION_ID='1c2e7786-a2ab-4778-8e81-ea540c60b9b2', PROCESSING_PRIORITY=1, SEAT_LIMIT=2, SEAT_POOL_DEFN_STATE='kuali.lui.capacity.state.active', SEAT_POOL_DEFN_TYPE='kuali.lui.capacity.type.seatpool' where ID='d0477eb0-487d-46ac-bfea-2232a4c0b246' and VER_NBR=1
/
insert into KSEN_CWL (OBJ_ID, VER_NBR, CREATEID, CREATETIME, UPDATEID, UPDATETIME, ALLOW_HOLD_UTIL_ENTRIES_IND, AUTO_PROCESSED_IND, CHECK_IN_REQ_IND, CONF_REQ_IND, EFF_DT, EXPIR_DT, MAX_SIZE, REG_IN_FIRST_AAO_IND, STD_DUR_TIME_QTY, STD_DUR_TYPE, CWL_STATE, CWL_TYPE, ID) values ('7de0c9e2-0769-42e9-ba87-9e5f8c716817', 0, 'admin', TIMESTAMP '2014-02-06 10:34:38.883', 'admin', TIMESTAMP '2014-02-06 10:34:38.883', 1, 1, 0, 1, TIMESTAMP '2013-01-02 00:00:00.0', '', '', 1, '', '', 'kuali.course.waitlist.state.active', 'kuali.course.waitlist.type.course.waitlist', 'f12b9934-0aeb-467f-bfc4-1c51a9fdcbb6')
/
update KSEN_CO_SEAT_POOL_DEFN set OBJ_ID='271aaa8b-f7b6-40ae-83b8-906e702b76f0', VER_NBR=2, UPDATEID='admin', UPDATETIME=TIMESTAMP '2014-02-06 10:34:38.883', ACTIVITY_OFFERING_ID='5915bd76-1cf9-49f2-836b-6ee9ffc62d3f', EXPIR_MSTONE_TYPE='kuali.atp.milestone.firstdayofclasses', PERCENTAGE_IND=0, NAME='400-level Junior Seatpool', POPULATION_ID='4bae9f12-5901-4db9-b4a8-4dcc20781db5', PROCESSING_PRIORITY=2, SEAT_LIMIT=4, SEAT_POOL_DEFN_STATE='kuali.lui.capacity.state.active', SEAT_POOL_DEFN_TYPE='kuali.lui.capacity.type.seatpool' where ID='d3e8fb9e-ae84-4335-ad31-94d7743106ea' and VER_NBR=1
/
insert into KSEN_CWL_ACTIV_OFFER (CWL_ID, ACTIV_OFFER_ID) values ('f12b9934-0aeb-467f-bfc4-1c51a9fdcbb6', '5915bd76-1cf9-49f2-836b-6ee9ffc62d3f')
/
insert into KSEN_CWL_FORMAT_OFFER (CWL_ID, FORMAT_OFFER_ID) values ('f12b9934-0aeb-467f-bfc4-1c51a9fdcbb6', '7da7fcd6-51b2-4526-a425-5a5767170e10')
/
insert into KSEN_CO_AO_CLUSTER (OBJ_ID, VER_NBR, CREATEID, CREATETIME, UPDATEID, UPDATETIME, AO_CLUSTER_STATE, AO_CLUSTER_TYPE, DESCR_FORMATTED, DESCR_PLAIN, FORMAT_OFFERING_ID, NAME, PRIVATE_NAME, ID) values ('a381aaee-2949-44f2-a092-e5c94bcfe152', 0, 'admin', TIMESTAMP '2014-02-06 10:34:38.883', 'admin', TIMESTAMP '2014-02-06 10:34:38.883', 'kuali.activity.offering.cluster.state.active', 'kuali.activity.offering.cluster.type.activity.offering.cluster', '', '', '7da7fcd6-51b2-4526-a425-5a5767170e10', 'CL 1', 'CL 1', '6a287e43-dd81-41e4-a982-7a7730519716')
/
insert into KSEN_CO_AO_CLUSTER_SET (OBJ_ID, ACTIVITY_OFFERING_TYPE, AO_CLUSTER_ID, ID) values ('49e66848-0e48-465f-a8c1-50712b113a9b', 'kuali.lui.type.activity.offering.lecture', '6a287e43-dd81-41e4-a982-7a7730519716', '05419708-cddb-44da-9c70-8970e3848b21')
/
insert into KSEN_CO_AO_CLUSTER_SET_AO (AOC_SET_ID, ACTIVITY_OFFERING_ID) values ('05419708-cddb-44da-9c70-8970e3848b21', '5915bd76-1cf9-49f2-836b-6ee9ffc62d3f')
/
update KSEN_CO_AO_CLUSTER_SET set AO_CLUSTER_ID='6a287e43-dd81-41e4-a982-7a7730519716' where ID='05419708-cddb-44da-9c70-8970e3848b21'
/
insert into KSEN_LUI (OBJ_ID, VER_NBR, CREATEID, CREATETIME, UPDATEID, UPDATETIME, ATP_ID, CLU_ID, EFF_DT, EXPIR_DT, DESCR_FORMATTED, LUI_STATE, LUI_TYPE, MAX_SEATS, MIN_SEATS, NAME, DESCR_PLAIN, REF_URL, ID) values ('301b4be4-8bad-4b62-882a-cf72446ef7f8', 0, 'admin', TIMESTAMP '2014-02-06 10:34:38.883', 'admin', TIMESTAMP '2014-02-06 10:34:38.883', 'kuali.atp.2014Winter', '4ddd26da-68e3-406f-b62f-1b36beb96f0f', '', '', '1001', 'kuali.lui.registration.group.state.pending', 'kuali.lui.type.registration.group', '', '', '1001', '1001', '', '2d3f2f6f-7d9f-4eb5-973b-42659284348d')
/
insert into KSEN_LUI_ATTR (OBJ_ID, ATTR_KEY, OWNER_ID, ATTR_VALUE, ID) values ('bbd979fe-7b66-40b3-87d1-e092a75584cc', 'kuali.attribute.registration.group.aocluster.id', '2d3f2f6f-7d9f-4eb5-973b-42659284348d', '6a287e43-dd81-41e4-a982-7a7730519716', '84d8801e-9caf-431b-8a3f-a77c0cf0c826')
/
insert into KSEN_LUI_ATTR (OBJ_ID, ATTR_KEY, OWNER_ID, ATTR_VALUE, ID) values ('9f345812-fa6e-4030-8e57-e36a5c00f25d', 'kuali.attribute.registration.group.is.generated', '2d3f2f6f-7d9f-4eb5-973b-42659284348d', 1, 'd5397329-d1e9-4577-9d89-fb59cf0812d3')
/
insert into KSEN_LUI_IDENT (OBJ_ID, VER_NBR, CREATEID, CREATETIME, UPDATEID, UPDATETIME, LUI_CD, DIVISION, IDENT_LEVEL, LNG_NAME, LUI_ID, ORGID, SHRT_NAME, LUI_ID_STATE, SUFX_CD, LUI_ID_TYPE, VARTN, ID) values ('42d79c65-7b68-4f55-be89-cde4e6930aea', 0, 'admin', TIMESTAMP '2014-02-06 10:34:38.883', 'admin', TIMESTAMP '2014-02-06 10:34:38.883', '', '', '', '', '2d3f2f6f-7d9f-4eb5-973b-42659284348d', '', '', 'kuali.lui.identifier.state.active', '', 'kuali.lui.identifier.type.official', '', '2ce5215f-c383-4867-828c-bb33669d0172')
/
insert into KSEN_LUILUI_RELTN (OBJ_ID, VER_NBR, CREATEID, CREATETIME, UPDATEID, UPDATETIME, EFF_DT, EXPIR_DT, DESCR_FORMATTED, LUI_ID, LUILUI_RELTN_STATE, LUILUI_RELTN_TYPE, NAME, DESCR_PLAIN, RELATED_LUI_ID, ID) values ('0550ab97-7dfa-4137-8566-3ab2f841b1c4', 0, 'admin', TIMESTAMP '2014-02-06 10:34:38.883', 'admin', TIMESTAMP '2014-02-06 10:34:38.883', TIMESTAMP '2014-02-06 10:35:32.443', '', 'WMST498M-FO-RG', '7da7fcd6-51b2-4526-a425-5a5767170e10', 'kuali.lui.lui.relation.state.active', 'kuali.lui.lui.relation.type.deliveredvia.fo2rg', 'fo-rg-relation', 'WMST498M-FO-RG', '2d3f2f6f-7d9f-4eb5-973b-42659284348d', '5bbdd019-f677-42ee-a79a-e02b29ea546f')
/
insert into KSEN_LUILUI_RELTN (OBJ_ID, VER_NBR, CREATEID, CREATETIME, UPDATEID, UPDATETIME, EFF_DT, EXPIR_DT, DESCR_FORMATTED, LUI_ID, LUILUI_RELTN_STATE, LUILUI_RELTN_TYPE, NAME, DESCR_PLAIN, RELATED_LUI_ID, ID) values ('067cffd6-2536-47f0-92c6-ea74dae3a887', 0, 'admin', TIMESTAMP '2014-02-06 10:34:38.883', 'admin', TIMESTAMP '2014-02-06 10:34:38.883', TIMESTAMP '2014-02-06 10:35:32.468', '', 'WMST498M-RG-AO', '2d3f2f6f-7d9f-4eb5-973b-42659284348d', 'kuali.lui.lui.relation.state.active', 'kuali.lui.lui.relation.type.registeredforvia.rg2ao', 'rg-ao-relation', 'WMST498M-RG-AO', '5915bd76-1cf9-49f2-836b-6ee9ffc62d3f', '79eb8921-c6d4-4094-a4a9-76980205979c')
/
insert into KSEN_LUI (OBJ_ID, VER_NBR, CREATEID, CREATETIME, UPDATEID, UPDATETIME, ATP_ID, CLU_ID, EFF_DT, EXPIR_DT, DESCR_FORMATTED, LUI_STATE, LUI_TYPE, MAX_SEATS, MIN_SEATS, NAME, DESCR_PLAIN, REF_URL, ID) values ('e5d4878f-fb99-42ba-b1fc-2b3d92f85c70', 0, 'admin', TIMESTAMP '2014-02-06 10:34:38.883', 'admin', TIMESTAMP '2014-02-06 10:34:38.883', 'kuali.atp.2014Winter', 'CLUID-ENGL278-198001000000', TIMESTAMP '2014-01-02 00:00:00.0', '', '', 'kuali.lui.course.offering.state.draft', 'kuali.lui.type.course.offering', '', '', 'ENGL278E CO', '.', null, '60e9df8a-4c3c-44eb-8995-35b365be7f39')
/
insert into KSEN_LUI_ATTR (OBJ_ID, ATTR_KEY, OWNER_ID, ATTR_VALUE, ID) values ('59852f9e-671c-4f70-84da-aa73a19610b4', 'kuali.attribute.final.exam.use.matrix', '60e9df8a-4c3c-44eb-8995-35b365be7f39', 1, '32862c1a-d9b5-489b-a18e-8018ea2c308c')
/
insert into KSEN_LUI_ATTR (OBJ_ID, ATTR_KEY, OWNER_ID, ATTR_VALUE, ID) values ('c56b9d7a-efbb-419b-9c69-25cec8560128', 'kuali.attribute.funding.source', '60e9df8a-4c3c-44eb-8995-35b365be7f39', '', '52f31308-6293-4320-b7ab-88f9b4e13df3')
/
insert into KSEN_LUI_ATTR (OBJ_ID, ATTR_KEY, OWNER_ID, ATTR_VALUE, ID) values ('ae9b3e83-436a-47a3-a71e-57dee51611ba', 'kuali.attribute.final.exam.driver', '60e9df8a-4c3c-44eb-8995-35b365be7f39', 'kuali.lu.exam.driver.ActivityOffering', 'ab6e5045-fc4b-48b6-8942-9dccecf94ad5')
/
insert into KSEN_LUI_ATTR (OBJ_ID, ATTR_KEY, OWNER_ID, ATTR_VALUE, ID) values ('84eae877-b6e5-4111-a3bc-0d71567a30b9', 'kuali.attribute.where.fees.attached.flag', '60e9df8a-4c3c-44eb-8995-35b365be7f39', 0, 'bd1693c1-af24-4982-a1db-7ccf0d0c8487')
/
insert into KSEN_LUI_ATTR (OBJ_ID, ATTR_KEY, OWNER_ID, ATTR_VALUE, ID) values ('ff1982ee-c50f-48d1-af7e-f6f39b52c378', 'kuali.attribute.wait.list.level.type.key', '60e9df8a-4c3c-44eb-8995-35b365be7f39', 'AO', 'b98fcb16-57cc-4c9b-8d09-ac12b0f2ae64')
/
insert into KSEN_LUI_ATTR (OBJ_ID, ATTR_KEY, OWNER_ID, ATTR_VALUE, ID) values ('e528576f-b204-4868-a44c-6115747fef0a', 'kuali.attribute.course.number.internal.suffix', '60e9df8a-4c3c-44eb-8995-35b365be7f39', 'A', '9c358db1-a151-4c0e-99c2-d837e5ded2d5')
/
insert into KSEN_LUI_ATTR (OBJ_ID, ATTR_KEY, OWNER_ID, ATTR_VALUE, ID) values ('4a08e88d-8d98-46e3-9481-a5bf2b9d47db', 'kuali.attribute.course.evaluation.indicator', '60e9df8a-4c3c-44eb-8995-35b365be7f39', 0, '046fc82a-aac8-470f-9509-d307950541d5')
/
insert into KSEN_LUI_ATTR (OBJ_ID, ATTR_KEY, OWNER_ID, ATTR_VALUE, ID) values ('d16a9a0c-045d-466e-a92c-6c24421b2ef4', 'kuali.attribute.final.exam.indicator', '60e9df8a-4c3c-44eb-8995-35b365be7f39', 'STANDARD', 'fdf26e4f-54f3-46aa-99c0-28c7e2dfa0ec')
/
insert into KSEN_LUI_ATTR (OBJ_ID, ATTR_KEY, OWNER_ID, ATTR_VALUE, ID) values ('302934f1-6abf-405b-a4c3-e2dcb1a6e511', 'kuali.attribute.wait.list.type.key', '60e9df8a-4c3c-44eb-8995-35b365be7f39', null, '1d98b01e-de72-4981-bbb6-5ab753f0454b')
/
insert into KSEN_LUI_ATTR (OBJ_ID, ATTR_KEY, OWNER_ID, ATTR_VALUE, ID) values ('0107e4c3-a2ba-4abd-9170-c42a43c9cde7', 'kuali.attribute.wait.list.indicator', '60e9df8a-4c3c-44eb-8995-35b365be7f39', 1, 'fe080534-73ee-4c94-8822-9e754d19ff5f')
/
insert into KSEN_LUI_IDENT (OBJ_ID, VER_NBR, CREATEID, CREATETIME, UPDATEID, UPDATETIME, LUI_CD, DIVISION, IDENT_LEVEL, LNG_NAME, LUI_ID, ORGID, SHRT_NAME, LUI_ID_STATE, SUFX_CD, LUI_ID_TYPE, VARTN, ID) values ('49ec8a40-4374-441c-986b-0a9cd2b8fe37', 0, 'admin', TIMESTAMP '2014-02-06 10:34:38.883', 'admin', TIMESTAMP '2014-02-06 10:34:38.883', 'ENGL278E', 'ENGL', '', 'Special Topics in Literature', '60e9df8a-4c3c-44eb-8995-35b365be7f39', '', '', 'kuali.lui.identifier.state.active', 'E', 'kuali.lui.identifier.type.official', '', 'bcb99509-a2b0-400c-81f1-e6c239a6c896')
/
insert into KSEN_LUI_LU_CD (OBJ_ID, VER_NBR, CREATEID, CREATETIME, UPDATEID, UPDATETIME, DESCR_FORMATTED, LUI_ID, DESCR_PLAIN, LUI_LUCD_TYPE, VALUE, ID) values ('2d583fce-3ffa-47ae-9293-8a64e4e6a024', 0, 'admin', TIMESTAMP '2014-02-06 10:34:38.883', 'admin', TIMESTAMP '2014-02-06 10:34:38.883', '', '60e9df8a-4c3c-44eb-8995-35b365be7f39', '', 'kuali.lu.code.honorsOffering', '', 'cd997327-8f92-4b00-9d29-63a07fa881c9')
/
insert into KSEN_LUI_UNITS_DEPLOYMENT (LUI_ID, ORG_ID, ID) values ('60e9df8a-4c3c-44eb-8995-35b365be7f39', '2677933260', '0aeac7f1-3402-41d1-adaa-a22addd6d5bd')
/
insert into KSEN_LUI_UNITS_CONT_OWNER (LUI_ID, ORG_ID) values ('60e9df8a-4c3c-44eb-8995-35b365be7f39', '2677933260')
/
insert into KSEN_LUI_RESULT_VAL_GRP (LUI_ID, RESULT_VAL_GRP_ID) values ('60e9df8a-4c3c-44eb-8995-35b365be7f39', 'kuali.resultComponent.grade.letter')
/
insert into KSEN_LUI_RESULT_VAL_GRP (LUI_ID, RESULT_VAL_GRP_ID) values ('60e9df8a-4c3c-44eb-8995-35b365be7f39', 'kuali.resultComponent.grade.audit')
/
insert into KSEN_LUI_RESULT_VAL_GRP (LUI_ID, RESULT_VAL_GRP_ID) values ('60e9df8a-4c3c-44eb-8995-35b365be7f39', 'kuali.resultComponent.grade.passFail')
/
insert into KSEN_LUI_RESULT_VAL_GRP (LUI_ID, RESULT_VAL_GRP_ID) values ('60e9df8a-4c3c-44eb-8995-35b365be7f39', 'kuali.creditType.credit.degree.3.0')
/
insert into KSEN_LUI (OBJ_ID, VER_NBR, CREATEID, CREATETIME, UPDATEID, UPDATETIME, ATP_ID, CLU_ID, EFF_DT, EXPIR_DT, DESCR_FORMATTED, LUI_STATE, LUI_TYPE, MAX_SEATS, MIN_SEATS, NAME, DESCR_PLAIN, REF_URL, ID) values ('2b5e05e7-32d9-4f18-ac96-374bfec7a3e6', 0, 'admin', TIMESTAMP '2014-02-06 10:34:38.883', 'admin', TIMESTAMP '2014-02-06 10:34:38.883', 'kuali.atp.2014Winter', 'ed9e10ff-8739-40d0-83da-a2b92489e055', '', '', 'Courses with Lecture only', 'kuali.lui.format.offering.state.draft', 'kuali.lui.type.course.format.offering', '', '', 'Lecture Only', 'Courses with Lecture only', '', '6083fa0e-1c79-4e16-b46d-989f3f2e2c56')
/
insert into KSEN_LUI_ATTR (OBJ_ID, ATTR_KEY, OWNER_ID, ATTR_VALUE, ID) values ('d5de15f7-eed3-4757-b5e1-88fd820cef94', 'regCodePrefix', '6083fa0e-1c79-4e16-b46d-989f3f2e2c56', '1', '0e0a7ced-a172-4e0e-92a0-8449dec10ee7')
/
insert into KSEN_LUI_ATTR (OBJ_ID, ATTR_KEY, OWNER_ID, ATTR_VALUE, ID) values ('50b73194-1a4c-4806-9bb8-6c0b142c7358', 'kuali.attribute.final.exam.level.type', '6083fa0e-1c79-4e16-b46d-989f3f2e2c56', 'kuali.lu.type.activity.Lecture', '917bc1cc-9d10-46c6-99e6-62c23c08bf27')
/
insert into KSEN_LUI_ATTR (OBJ_ID, ATTR_KEY, OWNER_ID, ATTR_VALUE, ID) values ('95a9e6bf-8375-4586-b32b-c4fac2827bed', 'kuali.attribute.grade.roster.level.type.key', '6083fa0e-1c79-4e16-b46d-989f3f2e2c56', 'kuali.lui.type.activity.offering.lecture', '9e04a515-8e7e-413d-ad8f-2e938cf9b06d')
/
insert into KSEN_LUI_IDENT (OBJ_ID, VER_NBR, CREATEID, CREATETIME, UPDATEID, UPDATETIME, LUI_CD, DIVISION, IDENT_LEVEL, LNG_NAME, LUI_ID, ORGID, SHRT_NAME, LUI_ID_STATE, SUFX_CD, LUI_ID_TYPE, VARTN, ID) values ('0aed0685-4495-4d9f-b311-ffb68715b008', 0, 'admin', TIMESTAMP '2014-02-06 10:34:38.883', 'admin', TIMESTAMP '2014-02-06 10:34:38.883', '', '', '', 'Lecture Only', '6083fa0e-1c79-4e16-b46d-989f3f2e2c56', '', 'LEC', 'kuali.lui.identifier.state.active', '', 'kuali.lui.identifier.type.official', '', '293977e2-7292-4a34-b2b9-7c5f08bab206')
/
insert into KSEN_LUI_RELATED_LUI_TYPES (LUI_ID, RELATED_LUI_TYPE) values ('6083fa0e-1c79-4e16-b46d-989f3f2e2c56', 'kuali.lui.type.activity.offering.lecture')
/
insert into KSEN_LUILUI_RELTN (OBJ_ID, VER_NBR, CREATEID, CREATETIME, UPDATEID, UPDATETIME, EFF_DT, EXPIR_DT, DESCR_FORMATTED, LUI_ID, LUILUI_RELTN_STATE, LUILUI_RELTN_TYPE, NAME, DESCR_PLAIN, RELATED_LUI_ID, ID) values ('790897ca-0268-42cc-9225-13383b644dab', 0, 'admin', TIMESTAMP '2014-02-06 10:34:38.883', 'admin', TIMESTAMP '2014-02-06 10:34:38.883', TIMESTAMP '2014-02-06 10:35:35.236', '', 'ENGL278E-CO-FO', '60e9df8a-4c3c-44eb-8995-35b365be7f39', 'kuali.lui.lui.relation.state.active', 'kuali.lui.lui.relation.type.deliveredvia.co2fo', 'co-fo-relation', 'ENGL278E-CO-FO', '6083fa0e-1c79-4e16-b46d-989f3f2e2c56', 'd1130189-1acf-45fd-9aae-85c5356b9ccf')
/
insert into KSEN_LUI (OBJ_ID, VER_NBR, CREATEID, CREATETIME, UPDATEID, UPDATETIME, ATP_ID, CLU_ID, EFF_DT, EXPIR_DT, DESCR_FORMATTED, LUI_STATE, LUI_TYPE, MAX_SEATS, MIN_SEATS, NAME, DESCR_PLAIN, REF_URL, ID) values ('cb302722-3e25-4409-9898-60cf13e4c2bb', 0, 'admin', TIMESTAMP '2014-02-06 10:34:38.883', 'admin', TIMESTAMP '2014-02-06 10:34:38.883', 'kuali.atp.2014Winter', 'c4eab8f6-4f3e-4561-ae1c-b40dd59c517f', '', '', 'Courses with lecture', 'kuali.lui.activity.offering.state.draft', 'kuali.lui.type.activity.offering.lecture', 25, 25, 'Lecture', 'Courses with lecture', null, '215c94dd-b78f-4086-83ba-a35636a1c292')
/
insert into KSEN_LUI_ATTR (OBJ_ID, ATTR_KEY, OWNER_ID, ATTR_VALUE, ID) values ('dc322eab-e18c-46d1-9d85-7b9145771417', 'kuali.attribute.nonstd.ts.indicator', '215c94dd-b78f-4086-83ba-a35636a1c292', 0, '3e05e791-7fdb-4194-9c78-2e0ac2b018de')
/
insert into KSEN_LUI_ATTR (OBJ_ID, ATTR_KEY, OWNER_ID, ATTR_VALUE, ID) values ('87659290-16c0-43a6-847b-e1f235d22917', 'kuali.attribute.course.evaluation.indicator', '215c94dd-b78f-4086-83ba-a35636a1c292', 0, '38be1b54-f9a8-4f04-93dc-1f1a354b4221')
/
insert into KSEN_LUI_ATTR (OBJ_ID, ATTR_KEY, OWNER_ID, ATTR_VALUE, ID) values ('142728cc-c1c7-4617-9dfb-31fb6e0e16cc', 'kuali.attribute.max.enrollment.is.estimate', '215c94dd-b78f-4086-83ba-a35636a1c292', 0, '065e4684-f0cd-47d1-bd52-eac41f70fd4b')
/
insert into KSEN_LUI_IDENT (OBJ_ID, VER_NBR, CREATEID, CREATETIME, UPDATEID, UPDATETIME, LUI_CD, DIVISION, IDENT_LEVEL, LNG_NAME, LUI_ID, ORGID, SHRT_NAME, LUI_ID_STATE, SUFX_CD, LUI_ID_TYPE, VARTN, ID) values ('2b854300-83e9-4ba7-953b-7daad02a25fe', 0, 'admin', TIMESTAMP '2014-02-06 10:34:38.883', 'admin', TIMESTAMP '2014-02-06 10:34:38.883', 'A', '', '', '', '215c94dd-b78f-4086-83ba-a35636a1c292', '', '', 'kuali.lui.identifier.state.active', '', 'kuali.lui.identifier.type.official', '', '2f1961cf-6641-41de-9b28-85b5a2252f39')
/
insert into KSEN_LUI_LU_CD (OBJ_ID, VER_NBR, CREATEID, CREATETIME, UPDATEID, UPDATETIME, DESCR_FORMATTED, LUI_ID, DESCR_PLAIN, LUI_LUCD_TYPE, VALUE, ID) values ('ea6a80e7-c9d6-46d3-bb38-d5c7d9defed3', 0, 'admin', TIMESTAMP '2014-02-06 10:34:38.883', 'admin', TIMESTAMP '2014-02-06 10:34:38.883', '', '215c94dd-b78f-4086-83ba-a35636a1c292', '', 'kuali.lu.code.honorsOffering', 0, 'c11bbb69-5968-4ac9-bdc2-9f3b34782508')
/
insert into KSEN_LPR (OBJ_ID, VER_NBR, CREATEID, CREATETIME, UPDATEID, UPDATETIME, ATP_ID, COMMIT_PERCT, CREDITS, EFF_DT, EXPIR_DT, GRADING_OPT_ID, LUI_ID, MASTER_LUI_ID, PERS_ID, LPR_STATE, LPR_TYPE, ID) values ('435dd17f-d87c-439a-beee-0c39a0222029', 0, 'admin', TIMESTAMP '2014-02-06 10:34:38.883', 'admin', TIMESTAMP '2014-02-06 10:34:38.883', '', '100.00', '', TIMESTAMP '2014-02-06 10:35:35.324', '', '', '215c94dd-b78f-4086-83ba-a35636a1c292', '', 'O.DUANES', 'kuali.lpr.state.active', 'kuali.lpr.type.instructor.main', '07fd9462-c100-43d7-86ad-3b2249f3da41')
/
insert into KSEN_LUILUI_RELTN (OBJ_ID, VER_NBR, CREATEID, CREATETIME, UPDATEID, UPDATETIME, EFF_DT, EXPIR_DT, DESCR_FORMATTED, LUI_ID, LUILUI_RELTN_STATE, LUILUI_RELTN_TYPE, NAME, DESCR_PLAIN, RELATED_LUI_ID, ID) values ('0d5f61bb-75f4-4785-84fd-41bcec98b381', 0, 'admin', TIMESTAMP '2014-02-06 10:34:38.883', 'admin', TIMESTAMP '2014-02-06 10:34:38.883', TIMESTAMP '2014-02-06 10:35:35.357', '', 'ENGL278E-FO-AO', '6083fa0e-1c79-4e16-b46d-989f3f2e2c56', 'kuali.lui.lui.relation.state.active', 'kuali.lui.lui.relation.type.deliveredvia.fo2ao', 'fo-ao-relation', 'ENGL278E-FO-AO', '215c94dd-b78f-4086-83ba-a35636a1c292', 'f9954c89-fbef-429b-9358-5057c29b7bbe')
/
insert into KSEN_SCHED_RQST_SET (OBJ_ID, VER_NBR, CREATEID, CREATETIME, UPDATEID, UPDATETIME, DESCR_FORMATTED, MAX_ENRL_SHARED_IND, MAX_ENRL, NAME, DESCR_PLAIN, REF_OBJECT_TYPE, SCHED_RQST_SET_STATE, SCHED_RQST_SET_TYPE, ID) values ('861de65e-8011-4270-ad1b-42f29109ac22', 0, 'admin', TIMESTAMP '2014-02-06 10:34:38.883', 'admin', TIMESTAMP '2014-02-06 10:34:38.883', '', 0, '', 'Schedule request set for ENGL278E - A', '', 'http://student.kuali.org/wsdl/courseOffering/ActivityOfferingInfo', 'kuali.scheduling.schedule.request.set.state.created', 'kuali.scheduling.schedule.request.set.type.schedule.request.set', '62135ae0-312b-4957-8bce-0a7db447c452')
/
insert into KSEN_SCHED_RQST (OBJ_ID, VER_NBR, CREATEID, CREATETIME, UPDATEID, UPDATETIME, DESCR_FORMATTED, NAME, DESCR_PLAIN, SCHED_RQST_STATE, SCHED_RQST_TYPE, SCHED_ID, SCHED_RQST_SET_ID, ID) values ('7b985ffe-c897-427a-a9ec-b51a999d2fe6', 0, 'admin', TIMESTAMP '2014-02-06 10:34:38.883', 'admin', TIMESTAMP '2014-02-06 10:34:38.883', 'A Schedule Request for ENGL278E section WB11', 'A Schedule Request for ENGL278E section WB11', 'A Schedule Request for ENGL278E section WB11', 'kuali.scheduling.schedule.request.state.created', 'kuali.scheduling.schedule.request.type.schedule.request', 'ba5e092f-0bfd-493e-810f-a982f43b44e4', '62135ae0-312b-4957-8bce-0a7db447c452', '90ccbcdc-7bd2-4579-a428-c7e314ad9688')
/
insert into KSEN_SCHED_RQST_CMP (OBJ_ID, TBA_IND, SCHED_RQST_ID, ID) values ('3465aeb8-7402-4a3f-b009-47632e593299', 0, '90ccbcdc-7bd2-4579-a428-c7e314ad9688', '4b15c53f-b7d9-4967-b010-5061f2fd7671')
/
insert into KSEN_SCHED_REF_OBJECT (SCHED_RQST_SET_ID, REF_OBJECT_ID) values ('62135ae0-312b-4957-8bce-0a7db447c452', '215c94dd-b78f-4086-83ba-a35636a1c292')
/
insert into KSEN_SCHED_RQST_CMP_BLDG (CMP_ID, BUILDING_ID) values ('4b15c53f-b7d9-4967-b010-5061f2fd7671', 'd5138c2b-01ee-4e81-b526-38ed2a7c60a3')
/
insert into KSEN_SCHED_RQST_CMP_ROOM (CMP_ID, ROOM_ID) values ('4b15c53f-b7d9-4967-b010-5061f2fd7671', '6dd715ea-cc9b-4cd1-9a34-f96628650406')
/
insert into KSEN_SCHED_RQST_CMP_TMSLOT (CMP_ID, TM_SLOT_ID) values ('4b15c53f-b7d9-4967-b010-5061f2fd7671', '4A6971D2-447D-4359-B949-F4EDF104A0AA')
/
insert into KSEN_CWL (OBJ_ID, VER_NBR, CREATEID, CREATETIME, UPDATEID, UPDATETIME, ALLOW_HOLD_UTIL_ENTRIES_IND, AUTO_PROCESSED_IND, CHECK_IN_REQ_IND, CONF_REQ_IND, EFF_DT, EXPIR_DT, MAX_SIZE, REG_IN_FIRST_AAO_IND, STD_DUR_TIME_QTY, STD_DUR_TYPE, CWL_STATE, CWL_TYPE, ID) values ('cd4d466c-a96e-4b0a-8d00-ded2583282b0', 0, 'admin', TIMESTAMP '2014-02-06 10:34:38.883', 'admin', TIMESTAMP '2014-02-06 10:34:38.883', 1, 1, 0, 1, TIMESTAMP '2013-01-02 00:00:00.0', '', '', 1, '', '', 'kuali.course.waitlist.state.active', 'kuali.course.waitlist.type.course.waitlist', '9f754792-ca10-4ffe-b314-732bd92201d8')
/
insert into KSEN_CWL_ACTIV_OFFER (CWL_ID, ACTIV_OFFER_ID) values ('9f754792-ca10-4ffe-b314-732bd92201d8', '215c94dd-b78f-4086-83ba-a35636a1c292')
/
insert into KSEN_CWL_FORMAT_OFFER (CWL_ID, FORMAT_OFFER_ID) values ('9f754792-ca10-4ffe-b314-732bd92201d8', '6083fa0e-1c79-4e16-b46d-989f3f2e2c56')
/
insert into KSEN_CO_AO_CLUSTER (OBJ_ID, VER_NBR, CREATEID, CREATETIME, UPDATEID, UPDATETIME, AO_CLUSTER_STATE, AO_CLUSTER_TYPE, DESCR_FORMATTED, DESCR_PLAIN, FORMAT_OFFERING_ID, NAME, PRIVATE_NAME, ID) values ('ea44bc59-9ab3-44ba-b5a0-6757beb63a48', 0, 'admin', TIMESTAMP '2014-02-06 10:34:38.883', 'admin', TIMESTAMP '2014-02-06 10:34:38.883', 'kuali.activity.offering.cluster.state.active', 'kuali.activity.offering.cluster.type.activity.offering.cluster', '', '', '6083fa0e-1c79-4e16-b46d-989f3f2e2c56', 'CL 1', 'CL 1', '35dfc150-fded-42ac-b2e4-c544f767a619')
/
insert into KSEN_CO_AO_CLUSTER_SET (OBJ_ID, ACTIVITY_OFFERING_TYPE, AO_CLUSTER_ID, ID) values ('441f5d74-3a14-415b-96ec-dbdb7b5fbe88', 'kuali.lui.type.activity.offering.lecture', '35dfc150-fded-42ac-b2e4-c544f767a619', 'e92663be-7e25-4a29-9a0c-fe82ad647cf5')
/
insert into KSEN_CO_AO_CLUSTER_SET_AO (AOC_SET_ID, ACTIVITY_OFFERING_ID) values ('e92663be-7e25-4a29-9a0c-fe82ad647cf5', '215c94dd-b78f-4086-83ba-a35636a1c292')
/
update KSEN_CO_AO_CLUSTER_SET set AO_CLUSTER_ID='35dfc150-fded-42ac-b2e4-c544f767a619' where ID='e92663be-7e25-4a29-9a0c-fe82ad647cf5'
/
insert into KSEN_LUI (OBJ_ID, VER_NBR, CREATEID, CREATETIME, UPDATEID, UPDATETIME, ATP_ID, CLU_ID, EFF_DT, EXPIR_DT, DESCR_FORMATTED, LUI_STATE, LUI_TYPE, MAX_SEATS, MIN_SEATS, NAME, DESCR_PLAIN, REF_URL, ID) values ('2cbd44e8-f857-4026-bf92-97c67e29329c', 0, 'admin', TIMESTAMP '2014-02-06 10:34:38.883', 'admin', TIMESTAMP '2014-02-06 10:34:38.883', 'kuali.atp.2014Winter', 'ed9e10ff-8739-40d0-83da-a2b92489e055', '', '', '1001', 'kuali.lui.registration.group.state.pending', 'kuali.lui.type.registration.group', '', '', '1001', '1001', '', '5727f00f-0149-40fd-bd59-37cfb0e5329c')
/
insert into KSEN_LUI_ATTR (OBJ_ID, ATTR_KEY, OWNER_ID, ATTR_VALUE, ID) values ('4e4165be-81d2-4d2f-aadd-67b6149317b9', 'kuali.attribute.registration.group.aocluster.id', '5727f00f-0149-40fd-bd59-37cfb0e5329c', '35dfc150-fded-42ac-b2e4-c544f767a619', 'f0a1b946-a52f-4788-afe1-b5670dd0407b')
/
insert into KSEN_LUI_ATTR (OBJ_ID, ATTR_KEY, OWNER_ID, ATTR_VALUE, ID) values ('388bb708-ea4c-43c1-b0e5-48e3a87ae9f6', 'kuali.attribute.registration.group.is.generated', '5727f00f-0149-40fd-bd59-37cfb0e5329c', 1, '9a806142-117a-4c5b-88c6-c25817ac383f')
/
insert into KSEN_LUI_IDENT (OBJ_ID, VER_NBR, CREATEID, CREATETIME, UPDATEID, UPDATETIME, LUI_CD, DIVISION, IDENT_LEVEL, LNG_NAME, LUI_ID, ORGID, SHRT_NAME, LUI_ID_STATE, SUFX_CD, LUI_ID_TYPE, VARTN, ID) values ('a7de31f3-e400-49f9-bb48-f9afd24fe00e', 0, 'admin', TIMESTAMP '2014-02-06 10:34:38.883', 'admin', TIMESTAMP '2014-02-06 10:34:38.883', '', '', '', '', '5727f00f-0149-40fd-bd59-37cfb0e5329c', '', '', 'kuali.lui.identifier.state.active', '', 'kuali.lui.identifier.type.official', '', '9402ff51-840a-4abf-b79a-e26b530c78e2')
/
insert into KSEN_LUILUI_RELTN (OBJ_ID, VER_NBR, CREATEID, CREATETIME, UPDATEID, UPDATETIME, EFF_DT, EXPIR_DT, DESCR_FORMATTED, LUI_ID, LUILUI_RELTN_STATE, LUILUI_RELTN_TYPE, NAME, DESCR_PLAIN, RELATED_LUI_ID, ID) values ('01de1b5e-71a5-4b26-805a-a842e5b88430', 0, 'admin', TIMESTAMP '2014-02-06 10:34:38.883', 'admin', TIMESTAMP '2014-02-06 10:34:38.883', TIMESTAMP '2014-02-06 10:35:35.915', '', 'ENGL278E-FO-RG', '6083fa0e-1c79-4e16-b46d-989f3f2e2c56', 'kuali.lui.lui.relation.state.active', 'kuali.lui.lui.relation.type.deliveredvia.fo2rg', 'fo-rg-relation', 'ENGL278E-FO-RG', '5727f00f-0149-40fd-bd59-37cfb0e5329c', '74837585-6e51-48b3-a232-65db9097853c')
/
insert into KSEN_LUILUI_RELTN (OBJ_ID, VER_NBR, CREATEID, CREATETIME, UPDATEID, UPDATETIME, EFF_DT, EXPIR_DT, DESCR_FORMATTED, LUI_ID, LUILUI_RELTN_STATE, LUILUI_RELTN_TYPE, NAME, DESCR_PLAIN, RELATED_LUI_ID, ID) values ('1ce00c6a-f52c-453e-a33b-ef2a8ec4b731', 0, 'admin', TIMESTAMP '2014-02-06 10:34:38.883', 'admin', TIMESTAMP '2014-02-06 10:34:38.883', TIMESTAMP '2014-02-06 10:35:35.927', '', 'ENGL278E-RG-AO', '5727f00f-0149-40fd-bd59-37cfb0e5329c', 'kuali.lui.lui.relation.state.active', 'kuali.lui.lui.relation.type.registeredforvia.rg2ao', 'rg-ao-relation', 'ENGL278E-RG-AO', '215c94dd-b78f-4086-83ba-a35636a1c292', '2b3518a0-8916-4ec5-a510-c106f0a35d2d')
/
insert into KSEN_LUI (OBJ_ID, VER_NBR, CREATEID, CREATETIME, UPDATEID, UPDATETIME, ATP_ID, CLU_ID, EFF_DT, EXPIR_DT, DESCR_FORMATTED, LUI_STATE, LUI_TYPE, MAX_SEATS, MIN_SEATS, NAME, DESCR_PLAIN, REF_URL, ID) values ('ea3b4fdb-64e6-41b5-b626-bd4d35b08556', 0, 'admin', TIMESTAMP '2014-02-06 10:34:38.883', 'admin', TIMESTAMP '2014-02-06 10:34:38.883', 'kuali.atp.2014Winter', '6f72557a-cd52-4af3-9f7d-93aef829c882', TIMESTAMP '2014-01-02 00:00:00.0', '', 'Introduction to changing nature of books, texts, and narrative in Information Age. Role of book in relation to other media, history of computers and writing, influence of computing on contemporary literature and culture, emerging forms of digital narrative and reading. Practical skills taught range from how to find digital literature and other texts online to using Web media to create literary works.', 'kuali.lui.course.offering.state.draft', 'kuali.lui.type.course.offering', '', '', 'ENGL295 CO', 'Introduction to changing nature of books, texts, and narrative in Information Age. Role of book in relation to other media, history of computers and writing, influence of computing on contemporary literature and culture, emerging forms of digital narrative and reading. Practical skills taught range from how to find digital literature and other texts online to using Web media to create literary works.', null, '5c4a993d-0b7d-4611-b17f-681a6a3607ed')
/
insert into KSEN_LUI_ATTR (OBJ_ID, ATTR_KEY, OWNER_ID, ATTR_VALUE, ID) values ('b1c8e0bc-3a20-49ed-ae10-844342f341f4', 'kuali.attribute.wait.list.level.type.key', '5c4a993d-0b7d-4611-b17f-681a6a3607ed', 'AO', 'cb8dd173-011a-4af8-ad3b-e3e3b0380704')
/
insert into KSEN_LUI_ATTR (OBJ_ID, ATTR_KEY, OWNER_ID, ATTR_VALUE, ID) values ('19e8b3a9-5810-43b3-a718-f83600c6d1b5', 'kuali.attribute.final.exam.indicator', '5c4a993d-0b7d-4611-b17f-681a6a3607ed', 'STANDARD', 'e99ff48e-fb6e-43ef-b9a6-0421d67d842a')
/
insert into KSEN_LUI_ATTR (OBJ_ID, ATTR_KEY, OWNER_ID, ATTR_VALUE, ID) values ('1a6584eb-976b-4f1f-bafc-b1f363cb9b91', 'kuali.attribute.course.evaluation.indicator', '5c4a993d-0b7d-4611-b17f-681a6a3607ed', 0, '4a629dc3-f91a-46a3-95f2-bc9f2bd4dbf0')
/
insert into KSEN_LUI_ATTR (OBJ_ID, ATTR_KEY, OWNER_ID, ATTR_VALUE, ID) values ('2eb090b5-4686-417d-8ad1-984166f95ca4', 'kuali.attribute.wait.list.type.key', '5c4a993d-0b7d-4611-b17f-681a6a3607ed', null, 'd16e6f33-5ccd-4691-bc76-e590096b1fe2')
/
insert into KSEN_LUI_ATTR (OBJ_ID, ATTR_KEY, OWNER_ID, ATTR_VALUE, ID) values ('ebb05ac4-d6db-471b-b539-9ac8fc395780', 'kuali.attribute.course.number.internal.suffix', '5c4a993d-0b7d-4611-b17f-681a6a3607ed', 'A', 'ba64f34f-f25e-40d6-9ed8-14e0da990b41')
/
insert into KSEN_LUI_ATTR (OBJ_ID, ATTR_KEY, OWNER_ID, ATTR_VALUE, ID) values ('9f043c06-6983-4e8a-8d50-1c9eab67f9e2', 'kuali.attribute.wait.list.indicator', '5c4a993d-0b7d-4611-b17f-681a6a3607ed', 1, '6066d773-f582-4fb4-9802-c060c9087a58')
/
insert into KSEN_LUI_ATTR (OBJ_ID, ATTR_KEY, OWNER_ID, ATTR_VALUE, ID) values ('2f85dd98-1f00-4dce-8b7a-38701bd62648', 'kuali.attribute.final.exam.driver', '5c4a993d-0b7d-4611-b17f-681a6a3607ed', 'kuali.lu.exam.driver.ActivityOffering', '77403d81-c23a-4cf4-a538-6412972e5f9d')
/
insert into KSEN_LUI_ATTR (OBJ_ID, ATTR_KEY, OWNER_ID, ATTR_VALUE, ID) values ('a9b28399-b0bc-42f6-ad50-90a3471a6144', 'kuali.attribute.funding.source', '5c4a993d-0b7d-4611-b17f-681a6a3607ed', '', '486fc374-ba41-48be-8df4-d9d0fe8afe5e')
/
insert into KSEN_LUI_ATTR (OBJ_ID, ATTR_KEY, OWNER_ID, ATTR_VALUE, ID) values ('6da6a343-3c83-4fba-89e0-6a6dfbd55071', 'kuali.attribute.where.fees.attached.flag', '5c4a993d-0b7d-4611-b17f-681a6a3607ed', 0, '4476b8ee-7572-4230-84a8-41ceaaffac92')
/
insert into KSEN_LUI_ATTR (OBJ_ID, ATTR_KEY, OWNER_ID, ATTR_VALUE, ID) values ('5a225dde-01ac-45fc-a366-a1b0347c7b0d', 'kuali.attribute.final.exam.use.matrix', '5c4a993d-0b7d-4611-b17f-681a6a3607ed', 1, '06f29c0c-fd64-46a3-8a8e-58fc9daa645e')
/
insert into KSEN_LUI_IDENT (OBJ_ID, VER_NBR, CREATEID, CREATETIME, UPDATEID, UPDATETIME, LUI_CD, DIVISION, IDENT_LEVEL, LNG_NAME, LUI_ID, ORGID, SHRT_NAME, LUI_ID_STATE, SUFX_CD, LUI_ID_TYPE, VARTN, ID) values ('f1bcd959-ff1f-46f8-89ec-57507b805eef', 0, 'admin', TIMESTAMP '2014-02-06 10:34:38.883', 'admin', TIMESTAMP '2014-02-06 10:34:38.883', 'ENGL295', 'ENGL', '', 'Literature in a Wired World', '5c4a993d-0b7d-4611-b17f-681a6a3607ed', '', '', 'kuali.lui.identifier.state.active', '', 'kuali.lui.identifier.type.official', '', '5f0f0922-1061-45f7-96b6-dc2250cdb4b2')
/
insert into KSEN_LUI_LU_CD (OBJ_ID, VER_NBR, CREATEID, CREATETIME, UPDATEID, UPDATETIME, DESCR_FORMATTED, LUI_ID, DESCR_PLAIN, LUI_LUCD_TYPE, VALUE, ID) values ('dc8157b1-0780-4caa-a605-5a88697a79e9', 0, 'admin', TIMESTAMP '2014-02-06 10:34:38.883', 'admin', TIMESTAMP '2014-02-06 10:34:38.883', '', '5c4a993d-0b7d-4611-b17f-681a6a3607ed', '', 'kuali.lu.code.honorsOffering', '', 'c0d0a722-489a-4db8-8863-935b05fe97cc')
/
insert into KSEN_LUI_UNITS_DEPLOYMENT (LUI_ID, ORG_ID, ID) values ('5c4a993d-0b7d-4611-b17f-681a6a3607ed', '2677933260', 'f2ac9dd0-21d3-466c-ad15-c58834d5ae3c')
/
insert into KSEN_LUI_UNITS_CONT_OWNER (LUI_ID, ORG_ID) values ('5c4a993d-0b7d-4611-b17f-681a6a3607ed', '2677933260')
/
insert into KSEN_LUI_RESULT_VAL_GRP (LUI_ID, RESULT_VAL_GRP_ID) values ('5c4a993d-0b7d-4611-b17f-681a6a3607ed', 'kuali.resultComponent.grade.letter')
/
insert into KSEN_LUI_RESULT_VAL_GRP (LUI_ID, RESULT_VAL_GRP_ID) values ('5c4a993d-0b7d-4611-b17f-681a6a3607ed', 'kuali.resultComponent.grade.audit')
/
insert into KSEN_LUI_RESULT_VAL_GRP (LUI_ID, RESULT_VAL_GRP_ID) values ('5c4a993d-0b7d-4611-b17f-681a6a3607ed', 'kuali.resultComponent.grade.passFail')
/
insert into KSEN_LUI_RESULT_VAL_GRP (LUI_ID, RESULT_VAL_GRP_ID) values ('5c4a993d-0b7d-4611-b17f-681a6a3607ed', 'kuali.creditType.credit.degree.3.0')
/
insert into KSEN_LUI (OBJ_ID, VER_NBR, CREATEID, CREATETIME, UPDATEID, UPDATETIME, ATP_ID, CLU_ID, EFF_DT, EXPIR_DT, DESCR_FORMATTED, LUI_STATE, LUI_TYPE, MAX_SEATS, MIN_SEATS, NAME, DESCR_PLAIN, REF_URL, ID) values ('1543c6f6-3a60-4981-9da9-94f4115e7f6f', 0, 'admin', TIMESTAMP '2014-02-06 10:34:38.883', 'admin', TIMESTAMP '2014-02-06 10:34:38.883', 'kuali.atp.2014Winter', '1af2eff3-2602-4e67-9e64-9f62ae7f932e', '', '', 'Courses with Lecture only', 'kuali.lui.format.offering.state.draft', 'kuali.lui.type.course.format.offering', '', '', 'Lecture Only', 'Courses with Lecture only', '', 'e030e0d5-3419-49a7-a98f-0e53d74cae96')
/
insert into KSEN_LUI_ATTR (OBJ_ID, ATTR_KEY, OWNER_ID, ATTR_VALUE, ID) values ('547e1ea8-fec2-47f9-aba3-b71d6d946fa7', 'regCodePrefix', 'e030e0d5-3419-49a7-a98f-0e53d74cae96', '1', '9c0245a4-4fd2-4701-8190-ebaa1938282d')
/
insert into KSEN_LUI_ATTR (OBJ_ID, ATTR_KEY, OWNER_ID, ATTR_VALUE, ID) values ('9ebec1d1-3e4d-40ec-8ffd-0bba96e3cbd1', 'kuali.attribute.final.exam.level.type', 'e030e0d5-3419-49a7-a98f-0e53d74cae96', 'kuali.lu.type.activity.Lecture', 'db1eff97-d468-4e8a-874d-e6640f1f28b9')
/
insert into KSEN_LUI_ATTR (OBJ_ID, ATTR_KEY, OWNER_ID, ATTR_VALUE, ID) values ('3131d2ee-4a24-483b-868c-9cbacca07999', 'kuali.attribute.grade.roster.level.type.key', 'e030e0d5-3419-49a7-a98f-0e53d74cae96', 'kuali.lui.type.activity.offering.lecture', '1368ce57-3cf3-44f9-bde0-bf65fb00be74')
/
insert into KSEN_LUI_IDENT (OBJ_ID, VER_NBR, CREATEID, CREATETIME, UPDATEID, UPDATETIME, LUI_CD, DIVISION, IDENT_LEVEL, LNG_NAME, LUI_ID, ORGID, SHRT_NAME, LUI_ID_STATE, SUFX_CD, LUI_ID_TYPE, VARTN, ID) values ('22bcf9cd-102f-448f-8500-89be343268fe', 0, 'admin', TIMESTAMP '2014-02-06 10:34:38.883', 'admin', TIMESTAMP '2014-02-06 10:34:38.883', '', '', '', 'Lecture Only', 'e030e0d5-3419-49a7-a98f-0e53d74cae96', '', 'LEC', 'kuali.lui.identifier.state.active', '', 'kuali.lui.identifier.type.official', '', '0b197b9a-d69e-4895-8530-752fdf498ef9')
/
insert into KSEN_LUI_RELATED_LUI_TYPES (LUI_ID, RELATED_LUI_TYPE) values ('e030e0d5-3419-49a7-a98f-0e53d74cae96', 'kuali.lui.type.activity.offering.lecture')
/
insert into KSEN_LUILUI_RELTN (OBJ_ID, VER_NBR, CREATEID, CREATETIME, UPDATEID, UPDATETIME, EFF_DT, EXPIR_DT, DESCR_FORMATTED, LUI_ID, LUILUI_RELTN_STATE, LUILUI_RELTN_TYPE, NAME, DESCR_PLAIN, RELATED_LUI_ID, ID) values ('43070dfa-1b22-428d-98e4-63d9c85eea44', 0, 'admin', TIMESTAMP '2014-02-06 10:34:38.883', 'admin', TIMESTAMP '2014-02-06 10:34:38.883', TIMESTAMP '2014-02-06 10:35:40.003', '', 'ENGL295-CO-FO', '5c4a993d-0b7d-4611-b17f-681a6a3607ed', 'kuali.lui.lui.relation.state.active', 'kuali.lui.lui.relation.type.deliveredvia.co2fo', 'co-fo-relation', 'ENGL295-CO-FO', 'e030e0d5-3419-49a7-a98f-0e53d74cae96', 'd840fef7-9ece-42f5-882b-222cad267ad9')
/
insert into KSEN_LUI (OBJ_ID, VER_NBR, CREATEID, CREATETIME, UPDATEID, UPDATETIME, ATP_ID, CLU_ID, EFF_DT, EXPIR_DT, DESCR_FORMATTED, LUI_STATE, LUI_TYPE, MAX_SEATS, MIN_SEATS, NAME, DESCR_PLAIN, REF_URL, ID) values ('7bb9c19a-ac30-4cef-99ce-a3bd17789e76', 0, 'admin', TIMESTAMP '2014-02-06 10:34:38.883', 'admin', TIMESTAMP '2014-02-06 10:34:38.883', 'kuali.atp.2014Winter', 'ac92256a-2100-48b4-a938-b2c614a8ebce', '', '', 'Courses with lecture', 'kuali.lui.activity.offering.state.draft', 'kuali.lui.type.activity.offering.lecture', 25, 25, 'Lecture', 'Courses with lecture', null, '0e25f556-7452-41ab-9318-2b3368867e85')
/
insert into KSEN_LUI_ATTR (OBJ_ID, ATTR_KEY, OWNER_ID, ATTR_VALUE, ID) values ('47376357-5aa2-4fde-84c2-9bf45befc91d', 'kuali.attribute.nonstd.ts.indicator', '0e25f556-7452-41ab-9318-2b3368867e85', 0, 'ddd15ccd-5f0d-457c-867c-cb0a906ae92c')
/
insert into KSEN_LUI_ATTR (OBJ_ID, ATTR_KEY, OWNER_ID, ATTR_VALUE, ID) values ('bb00f5d6-360f-471f-a8de-a7c70bf5cb54', 'kuali.attribute.max.enrollment.is.estimate', '0e25f556-7452-41ab-9318-2b3368867e85', 0, '13eccc23-a995-48d8-adb7-2262590c3fd9')
/
insert into KSEN_LUI_ATTR (OBJ_ID, ATTR_KEY, OWNER_ID, ATTR_VALUE, ID) values ('eeb5670a-6824-4a64-8b34-9553c86f0c13', 'kuali.attribute.course.evaluation.indicator', '0e25f556-7452-41ab-9318-2b3368867e85', 0, 'aeccdc7e-07b5-4d94-9f0f-f444b9d0e822')
/
insert into KSEN_LUI_IDENT (OBJ_ID, VER_NBR, CREATEID, CREATETIME, UPDATEID, UPDATETIME, LUI_CD, DIVISION, IDENT_LEVEL, LNG_NAME, LUI_ID, ORGID, SHRT_NAME, LUI_ID_STATE, SUFX_CD, LUI_ID_TYPE, VARTN, ID) values ('1c0b37c0-44e7-4ec3-b783-000dea1370e4', 0, 'admin', TIMESTAMP '2014-02-06 10:34:38.883', 'admin', TIMESTAMP '2014-02-06 10:34:38.883', 'A', '', '', '', '0e25f556-7452-41ab-9318-2b3368867e85', '', '', 'kuali.lui.identifier.state.active', '', 'kuali.lui.identifier.type.official', '', '3091875f-30c8-4c30-aa31-c5feac9ec11c')
/
insert into KSEN_LUI_LU_CD (OBJ_ID, VER_NBR, CREATEID, CREATETIME, UPDATEID, UPDATETIME, DESCR_FORMATTED, LUI_ID, DESCR_PLAIN, LUI_LUCD_TYPE, VALUE, ID) values ('7080d856-a85d-4bc3-8417-f2f2766787b3', 0, 'admin', TIMESTAMP '2014-02-06 10:34:38.883', 'admin', TIMESTAMP '2014-02-06 10:34:38.883', '', '0e25f556-7452-41ab-9318-2b3368867e85', '', 'kuali.lu.code.honorsOffering', 0, '76cf97ff-b40a-4635-ad92-0135d39d0bd1')
/
insert into KSEN_LPR (OBJ_ID, VER_NBR, CREATEID, CREATETIME, UPDATEID, UPDATETIME, ATP_ID, COMMIT_PERCT, CREDITS, EFF_DT, EXPIR_DT, GRADING_OPT_ID, LUI_ID, MASTER_LUI_ID, PERS_ID, LPR_STATE, LPR_TYPE, ID) values ('1031449d-b603-4259-885f-bd66ff9343e4', 0, 'admin', TIMESTAMP '2014-02-06 10:34:38.883', 'admin', TIMESTAMP '2014-02-06 10:34:38.883', '', '100.00', '', TIMESTAMP '2014-02-06 10:35:40.139', '', '', '0e25f556-7452-41ab-9318-2b3368867e85', '', 'S.JULIAG', 'kuali.lpr.state.active', 'kuali.lpr.type.instructor.main', '29391d4f-fea2-4a0f-95b2-50d33c6d3ea1')
/
insert into KSEN_LUILUI_RELTN (OBJ_ID, VER_NBR, CREATEID, CREATETIME, UPDATEID, UPDATETIME, EFF_DT, EXPIR_DT, DESCR_FORMATTED, LUI_ID, LUILUI_RELTN_STATE, LUILUI_RELTN_TYPE, NAME, DESCR_PLAIN, RELATED_LUI_ID, ID) values ('f7e93445-c6cc-48ce-83f7-ff684d5ddc1d', 0, 'admin', TIMESTAMP '2014-02-06 10:34:38.883', 'admin', TIMESTAMP '2014-02-06 10:34:38.883', TIMESTAMP '2014-02-06 10:35:40.169', '', 'ENGL295-FO-AO', 'e030e0d5-3419-49a7-a98f-0e53d74cae96', 'kuali.lui.lui.relation.state.active', 'kuali.lui.lui.relation.type.deliveredvia.fo2ao', 'fo-ao-relation', 'ENGL295-FO-AO', '0e25f556-7452-41ab-9318-2b3368867e85', '64e4c2c8-5761-497e-af68-ebfebefbb273')
/
insert into KSEN_SCHED_RQST_SET (OBJ_ID, VER_NBR, CREATEID, CREATETIME, UPDATEID, UPDATETIME, DESCR_FORMATTED, MAX_ENRL_SHARED_IND, MAX_ENRL, NAME, DESCR_PLAIN, REF_OBJECT_TYPE, SCHED_RQST_SET_STATE, SCHED_RQST_SET_TYPE, ID) values ('e359b03a-f7b2-4696-90f3-c6adb6aa66b7', 0, 'admin', TIMESTAMP '2014-02-06 10:34:38.883', 'admin', TIMESTAMP '2014-02-06 10:34:38.883', '', 0, '', 'Schedule request set for ENGL295 - A', '', 'http://student.kuali.org/wsdl/courseOffering/ActivityOfferingInfo', 'kuali.scheduling.schedule.request.set.state.created', 'kuali.scheduling.schedule.request.set.type.schedule.request.set', 'a1c17695-2a51-4a41-9090-245c19310065')
/
insert into KSEN_SCHED_RQST (OBJ_ID, VER_NBR, CREATEID, CREATETIME, UPDATEID, UPDATETIME, DESCR_FORMATTED, NAME, DESCR_PLAIN, SCHED_RQST_STATE, SCHED_RQST_TYPE, SCHED_ID, SCHED_RQST_SET_ID, ID) values ('b1068a85-6839-4b2c-a4a9-fd41cbaaa7bf', 0, 'admin', TIMESTAMP '2014-02-06 10:34:38.883', 'admin', TIMESTAMP '2014-02-06 10:34:38.883', 'A Schedule Request for ENGL295 section WB11', 'A Schedule Request for ENGL295 section WB11', 'A Schedule Request for ENGL295 section WB11', 'kuali.scheduling.schedule.request.state.created', 'kuali.scheduling.schedule.request.type.schedule.request', 'd6e3e821-aae5-43f7-a9ea-63f5351c59d8', 'a1c17695-2a51-4a41-9090-245c19310065', '41ed71bd-73ed-46cf-91c7-fd5bd470af84')
/
insert into KSEN_SCHED_RQST_CMP (OBJ_ID, TBA_IND, SCHED_RQST_ID, ID) values ('0d9be93a-286f-40ac-81ab-81ce4e133c24', 0, '41ed71bd-73ed-46cf-91c7-fd5bd470af84', '24589019-dfbf-435f-87ce-841c34b173d1')
/
insert into KSEN_SCHED_REF_OBJECT (SCHED_RQST_SET_ID, REF_OBJECT_ID) values ('a1c17695-2a51-4a41-9090-245c19310065', '0e25f556-7452-41ab-9318-2b3368867e85')
/
insert into KSEN_SCHED_RQST_CMP_BLDG (CMP_ID, BUILDING_ID) values ('24589019-dfbf-435f-87ce-841c34b173d1', 'd5138c2b-01ee-4e81-b526-38ed2a7c60a3')
/
insert into KSEN_SCHED_RQST_CMP_ROOM (CMP_ID, ROOM_ID) values ('24589019-dfbf-435f-87ce-841c34b173d1', '6dd715ea-cc9b-4cd1-9a34-f96628650406')
/
insert into KSEN_SCHED_RQST_CMP_TMSLOT (CMP_ID, TM_SLOT_ID) values ('24589019-dfbf-435f-87ce-841c34b173d1', '4A6971D2-447D-4359-B949-F4EDF104A0AA')
/
insert into KSEN_CWL (OBJ_ID, VER_NBR, CREATEID, CREATETIME, UPDATEID, UPDATETIME, ALLOW_HOLD_UTIL_ENTRIES_IND, AUTO_PROCESSED_IND, CHECK_IN_REQ_IND, CONF_REQ_IND, EFF_DT, EXPIR_DT, MAX_SIZE, REG_IN_FIRST_AAO_IND, STD_DUR_TIME_QTY, STD_DUR_TYPE, CWL_STATE, CWL_TYPE, ID) values ('d5c19bd5-9ca5-4bea-9b0d-1854457f7e33', 0, 'admin', TIMESTAMP '2014-02-06 10:34:38.883', 'admin', TIMESTAMP '2014-02-06 10:34:38.883', 1, 1, 0, 1, TIMESTAMP '2013-01-02 00:00:00.0', '', '', 1, '', '', 'kuali.course.waitlist.state.active', 'kuali.course.waitlist.type.course.waitlist', 'b345c868-0eb0-4f45-8480-689c5e556e6e')
/
insert into KSEN_CWL_ACTIV_OFFER (CWL_ID, ACTIV_OFFER_ID) values ('b345c868-0eb0-4f45-8480-689c5e556e6e', '0e25f556-7452-41ab-9318-2b3368867e85')
/
insert into KSEN_CWL_FORMAT_OFFER (CWL_ID, FORMAT_OFFER_ID) values ('b345c868-0eb0-4f45-8480-689c5e556e6e', 'e030e0d5-3419-49a7-a98f-0e53d74cae96')
/
insert into KSEN_LUI (OBJ_ID, VER_NBR, CREATEID, CREATETIME, UPDATEID, UPDATETIME, ATP_ID, CLU_ID, EFF_DT, EXPIR_DT, DESCR_FORMATTED, LUI_STATE, LUI_TYPE, MAX_SEATS, MIN_SEATS, NAME, DESCR_PLAIN, REF_URL, ID) values ('54117cbb-63e9-40be-8e0c-5468defba4ae', 0, 'admin', TIMESTAMP '2014-02-06 10:34:38.883', 'admin', TIMESTAMP '2014-02-06 10:34:38.883', 'kuali.atp.2014Winter', '074091f2-c391-4e95-9784-950f2ca7770b', '', '', 'Courses with lecture', 'kuali.lui.activity.offering.state.draft', 'kuali.lui.type.activity.offering.lecture', 25, 25, 'Lecture', 'Courses with lecture', null, 'b4275bd1-d59e-4f9a-9ffa-40bf605756b1')
/
insert into KSEN_LUI_ATTR (OBJ_ID, ATTR_KEY, OWNER_ID, ATTR_VALUE, ID) values ('c4615154-e10f-48da-a921-1f74dd74cfa7', 'kuali.attribute.nonstd.ts.indicator', 'b4275bd1-d59e-4f9a-9ffa-40bf605756b1', 0, '3dc4affb-6688-47eb-9b89-302fea2f5c2b')
/
insert into KSEN_LUI_ATTR (OBJ_ID, ATTR_KEY, OWNER_ID, ATTR_VALUE, ID) values ('ba633386-6bc7-4c2c-9212-658385921b64', 'kuali.attribute.course.evaluation.indicator', 'b4275bd1-d59e-4f9a-9ffa-40bf605756b1', 0, 'a74f4897-252e-433e-bb9d-4b49832d4e85')
/
insert into KSEN_LUI_ATTR (OBJ_ID, ATTR_KEY, OWNER_ID, ATTR_VALUE, ID) values ('19ff31aa-d67c-4145-8ca3-c652fdc9549f', 'kuali.attribute.max.enrollment.is.estimate', 'b4275bd1-d59e-4f9a-9ffa-40bf605756b1', 0, '6cb40b51-db19-4c34-9cb9-d37c8d9a27af')
/
insert into KSEN_LUI_IDENT (OBJ_ID, VER_NBR, CREATEID, CREATETIME, UPDATEID, UPDATETIME, LUI_CD, DIVISION, IDENT_LEVEL, LNG_NAME, LUI_ID, ORGID, SHRT_NAME, LUI_ID_STATE, SUFX_CD, LUI_ID_TYPE, VARTN, ID) values ('9990aa54-26d3-4719-918f-b77109c1ec65', 0, 'admin', TIMESTAMP '2014-02-06 10:34:38.883', 'admin', TIMESTAMP '2014-02-06 10:34:38.883', 'B', '', '', '', 'b4275bd1-d59e-4f9a-9ffa-40bf605756b1', '', '', 'kuali.lui.identifier.state.active', '', 'kuali.lui.identifier.type.official', '', 'f431040a-ee21-4c9b-b95c-a0af35f086fd')
/
insert into KSEN_LUI_LU_CD (OBJ_ID, VER_NBR, CREATEID, CREATETIME, UPDATEID, UPDATETIME, DESCR_FORMATTED, LUI_ID, DESCR_PLAIN, LUI_LUCD_TYPE, VALUE, ID) values ('fd1506fd-2344-4d03-9af9-a694db036df7', 0, 'admin', TIMESTAMP '2014-02-06 10:34:38.883', 'admin', TIMESTAMP '2014-02-06 10:34:38.883', '', 'b4275bd1-d59e-4f9a-9ffa-40bf605756b1', '', 'kuali.lu.code.honorsOffering', 0, 'df3d5a45-27e1-48a9-a2d5-062e282469ea')
/
insert into KSEN_LPR (OBJ_ID, VER_NBR, CREATEID, CREATETIME, UPDATEID, UPDATETIME, ATP_ID, COMMIT_PERCT, CREDITS, EFF_DT, EXPIR_DT, GRADING_OPT_ID, LUI_ID, MASTER_LUI_ID, PERS_ID, LPR_STATE, LPR_TYPE, ID) values ('7d69fe3a-0573-4936-b89c-8a795c191da2', 0, 'admin', TIMESTAMP '2014-02-06 10:34:38.883', 'admin', TIMESTAMP '2014-02-06 10:34:38.883', '', '100.00', '', TIMESTAMP '2014-02-06 10:35:40.578', '', '', 'b4275bd1-d59e-4f9a-9ffa-40bf605756b1', '', 'C.CORNELISB', 'kuali.lpr.state.active', 'kuali.lpr.type.instructor.main', '789d2dd2-9880-4eed-a0e5-face2aefcd5d')
/
insert into KSEN_LUILUI_RELTN (OBJ_ID, VER_NBR, CREATEID, CREATETIME, UPDATEID, UPDATETIME, EFF_DT, EXPIR_DT, DESCR_FORMATTED, LUI_ID, LUILUI_RELTN_STATE, LUILUI_RELTN_TYPE, NAME, DESCR_PLAIN, RELATED_LUI_ID, ID) values ('d926a46a-939f-4fa7-9d02-0f674e7d4996', 0, 'admin', TIMESTAMP '2014-02-06 10:34:38.883', 'admin', TIMESTAMP '2014-02-06 10:34:38.883', TIMESTAMP '2014-02-06 10:35:40.618', '', 'ENGL295-FO-AO', 'e030e0d5-3419-49a7-a98f-0e53d74cae96', 'kuali.lui.lui.relation.state.active', 'kuali.lui.lui.relation.type.deliveredvia.fo2ao', 'fo-ao-relation', 'ENGL295-FO-AO', 'b4275bd1-d59e-4f9a-9ffa-40bf605756b1', 'ed405b1b-7050-465d-8886-7159056e9bef')
/
insert into KSEN_SCHED_RQST_SET (OBJ_ID, VER_NBR, CREATEID, CREATETIME, UPDATEID, UPDATETIME, DESCR_FORMATTED, MAX_ENRL_SHARED_IND, MAX_ENRL, NAME, DESCR_PLAIN, REF_OBJECT_TYPE, SCHED_RQST_SET_STATE, SCHED_RQST_SET_TYPE, ID) values ('1c18f9ff-5263-4e5e-a932-79fdc6b1261b', 0, 'admin', TIMESTAMP '2014-02-06 10:34:38.883', 'admin', TIMESTAMP '2014-02-06 10:34:38.883', '', 0, '', 'Schedule request set for ENGL295 - B', '', 'http://student.kuali.org/wsdl/courseOffering/ActivityOfferingInfo', 'kuali.scheduling.schedule.request.set.state.created', 'kuali.scheduling.schedule.request.set.type.schedule.request.set', '908270c6-2a46-4baf-b136-69958b62095f')
/
insert into KSEN_SCHED_RQST (OBJ_ID, VER_NBR, CREATEID, CREATETIME, UPDATEID, UPDATETIME, DESCR_FORMATTED, NAME, DESCR_PLAIN, SCHED_RQST_STATE, SCHED_RQST_TYPE, SCHED_ID, SCHED_RQST_SET_ID, ID) values ('cd469e00-aeda-43df-a58f-bec311b2f11b', 0, 'admin', TIMESTAMP '2014-02-06 10:34:38.883', 'admin', TIMESTAMP '2014-02-06 10:34:38.883', '', 'Schedule request for ENGL295 - B', '', 'kuali.scheduling.schedule.request.state.created', 'kuali.scheduling.schedule.request.type.schedule.request', '', '908270c6-2a46-4baf-b136-69958b62095f', '46a261fa-0568-43c5-9b05-fdd89e24e73c')
/
insert into KSEN_SCHED_RQST_CMP (OBJ_ID, TBA_IND, SCHED_RQST_ID, ID) values ('b2f55647-b118-4280-9bac-744acfd6b2e2', 0, '46a261fa-0568-43c5-9b05-fdd89e24e73c', 'b2afd161-077c-49c9-8d88-a1c575fcadac')
/
insert into KSEN_SCHED_REF_OBJECT (SCHED_RQST_SET_ID, REF_OBJECT_ID) values ('908270c6-2a46-4baf-b136-69958b62095f', 'b4275bd1-d59e-4f9a-9ffa-40bf605756b1')
/
insert into KSEN_SCHED_RQST_CMP_BLDG (CMP_ID, BUILDING_ID) values ('b2afd161-077c-49c9-8d88-a1c575fcadac', 'd5138c2b-01ee-4e81-b526-38ed2a7c60a3')
/
insert into KSEN_SCHED_RQST_CMP_CAMPUS (CMP_ID, CAMPUS_ID) values ('b2afd161-077c-49c9-8d88-a1c575fcadac', 'UMCP')
/
insert into KSEN_SCHED_RQST_CMP_ROOM (CMP_ID, ROOM_ID) values ('b2afd161-077c-49c9-8d88-a1c575fcadac', '6dd715ea-cc9b-4cd1-9a34-f96628650406')
/
insert into KSEN_SCHED_RQST_CMP_TMSLOT (CMP_ID, TM_SLOT_ID) values ('b2afd161-077c-49c9-8d88-a1c575fcadac', '4A6971D2-447D-4359-B949-F4EDF104A0AA')
/
insert into KSEN_CWL (OBJ_ID, VER_NBR, CREATEID, CREATETIME, UPDATEID, UPDATETIME, ALLOW_HOLD_UTIL_ENTRIES_IND, AUTO_PROCESSED_IND, CHECK_IN_REQ_IND, CONF_REQ_IND, EFF_DT, EXPIR_DT, MAX_SIZE, REG_IN_FIRST_AAO_IND, STD_DUR_TIME_QTY, STD_DUR_TYPE, CWL_STATE, CWL_TYPE, ID) values ('9e4f0a06-e578-42d7-9136-aa69bc809a36', 0, 'admin', TIMESTAMP '2014-02-06 10:34:38.883', 'admin', TIMESTAMP '2014-02-06 10:34:38.883', 1, 1, 0, 1, TIMESTAMP '2013-01-02 00:00:00.0', '', '', 1, '', '', 'kuali.course.waitlist.state.active', 'kuali.course.waitlist.type.course.waitlist', '4be19e6f-94d8-45eb-8373-a759f74f8cb4')
/
insert into KSEN_CWL_ACTIV_OFFER (CWL_ID, ACTIV_OFFER_ID) values ('4be19e6f-94d8-45eb-8373-a759f74f8cb4', 'b4275bd1-d59e-4f9a-9ffa-40bf605756b1')
/
insert into KSEN_CWL_FORMAT_OFFER (CWL_ID, FORMAT_OFFER_ID) values ('4be19e6f-94d8-45eb-8373-a759f74f8cb4', 'e030e0d5-3419-49a7-a98f-0e53d74cae96')
/
insert into KSEN_CO_AO_CLUSTER (OBJ_ID, VER_NBR, CREATEID, CREATETIME, UPDATEID, UPDATETIME, AO_CLUSTER_STATE, AO_CLUSTER_TYPE, DESCR_FORMATTED, DESCR_PLAIN, FORMAT_OFFERING_ID, NAME, PRIVATE_NAME, ID) values ('6b08dd2e-1cc4-4510-8124-33529bbff983', 0, 'admin', TIMESTAMP '2014-02-06 10:34:38.883', 'admin', TIMESTAMP '2014-02-06 10:34:38.883', 'kuali.activity.offering.cluster.state.active', 'kuali.activity.offering.cluster.type.activity.offering.cluster', '', '', 'e030e0d5-3419-49a7-a98f-0e53d74cae96', 'CL 1', 'CL 1', 'f8335e23-5398-486f-aa49-693a2be00b73')
/
insert into KSEN_CO_AO_CLUSTER_SET (OBJ_ID, ACTIVITY_OFFERING_TYPE, AO_CLUSTER_ID, ID) values ('4efd7604-4751-45de-a1a9-e22ae46539cf', 'kuali.lui.type.activity.offering.lecture', 'f8335e23-5398-486f-aa49-693a2be00b73', '0c1ba041-0533-4d13-9e26-ab51faf6186e')
/
insert into KSEN_CO_AO_CLUSTER_SET_AO (AOC_SET_ID, ACTIVITY_OFFERING_ID) values ('0c1ba041-0533-4d13-9e26-ab51faf6186e', '0e25f556-7452-41ab-9318-2b3368867e85')
/
insert into KSEN_CO_AO_CLUSTER_SET_AO (AOC_SET_ID, ACTIVITY_OFFERING_ID) values ('0c1ba041-0533-4d13-9e26-ab51faf6186e', 'b4275bd1-d59e-4f9a-9ffa-40bf605756b1')
/
update KSEN_CO_AO_CLUSTER_SET set AO_CLUSTER_ID='f8335e23-5398-486f-aa49-693a2be00b73' where ID='0c1ba041-0533-4d13-9e26-ab51faf6186e'
/
insert into KSEN_LUI (OBJ_ID, VER_NBR, CREATEID, CREATETIME, UPDATEID, UPDATETIME, ATP_ID, CLU_ID, EFF_DT, EXPIR_DT, DESCR_FORMATTED, LUI_STATE, LUI_TYPE, MAX_SEATS, MIN_SEATS, NAME, DESCR_PLAIN, REF_URL, ID) values ('1d322ca1-38ef-42c8-89dc-8ca7269a57b7', 0, 'admin', TIMESTAMP '2014-02-06 10:34:38.883', 'admin', TIMESTAMP '2014-02-06 10:34:38.883', 'kuali.atp.2014Winter', '1af2eff3-2602-4e67-9e64-9f62ae7f932e', '', '', '1001', 'kuali.lui.registration.group.state.pending', 'kuali.lui.type.registration.group', '', '', '1001', '1001', '', '1682e3db-ef72-4876-8dd2-f64ea6977b34')
/
insert into KSEN_LUI_ATTR (OBJ_ID, ATTR_KEY, OWNER_ID, ATTR_VALUE, ID) values ('507deaff-14db-48bd-bc2d-ff9811741d56', 'kuali.attribute.registration.group.aocluster.id', '1682e3db-ef72-4876-8dd2-f64ea6977b34', 'f8335e23-5398-486f-aa49-693a2be00b73', '13dfd630-0212-43c1-8294-d8028383ff33')
/
insert into KSEN_LUI_ATTR (OBJ_ID, ATTR_KEY, OWNER_ID, ATTR_VALUE, ID) values ('7943a280-c760-44bd-a683-4e34f7cfa1f2', 'kuali.attribute.registration.group.is.generated', '1682e3db-ef72-4876-8dd2-f64ea6977b34', 1, 'ebf9abac-5997-4fbe-9159-ea62636f4a7f')
/
insert into KSEN_LUI_IDENT (OBJ_ID, VER_NBR, CREATEID, CREATETIME, UPDATEID, UPDATETIME, LUI_CD, DIVISION, IDENT_LEVEL, LNG_NAME, LUI_ID, ORGID, SHRT_NAME, LUI_ID_STATE, SUFX_CD, LUI_ID_TYPE, VARTN, ID) values ('66e4c567-d0f0-42a6-9102-6ad117e7ddc7', 0, 'admin', TIMESTAMP '2014-02-06 10:34:38.883', 'admin', TIMESTAMP '2014-02-06 10:34:38.883', '', '', '', '', '1682e3db-ef72-4876-8dd2-f64ea6977b34', '', '', 'kuali.lui.identifier.state.active', '', 'kuali.lui.identifier.type.official', '', 'fb40736f-7f81-4803-8183-bb85cc3abd51')
/
insert into KSEN_LUILUI_RELTN (OBJ_ID, VER_NBR, CREATEID, CREATETIME, UPDATEID, UPDATETIME, EFF_DT, EXPIR_DT, DESCR_FORMATTED, LUI_ID, LUILUI_RELTN_STATE, LUILUI_RELTN_TYPE, NAME, DESCR_PLAIN, RELATED_LUI_ID, ID) values ('5548cd39-2fb4-4668-9821-7cda7396674e', 0, 'admin', TIMESTAMP '2014-02-06 10:34:38.883', 'admin', TIMESTAMP '2014-02-06 10:34:38.883', TIMESTAMP '2014-02-06 10:35:41.281', '', 'ENGL295-FO-RG', 'e030e0d5-3419-49a7-a98f-0e53d74cae96', 'kuali.lui.lui.relation.state.active', 'kuali.lui.lui.relation.type.deliveredvia.fo2rg', 'fo-rg-relation', 'ENGL295-FO-RG', '1682e3db-ef72-4876-8dd2-f64ea6977b34', '7894978b-d234-4d08-9ae6-3ea29e63b0b8')
/
insert into KSEN_LUILUI_RELTN (OBJ_ID, VER_NBR, CREATEID, CREATETIME, UPDATEID, UPDATETIME, EFF_DT, EXPIR_DT, DESCR_FORMATTED, LUI_ID, LUILUI_RELTN_STATE, LUILUI_RELTN_TYPE, NAME, DESCR_PLAIN, RELATED_LUI_ID, ID) values ('aba0b79f-2c5f-4d52-b63b-fe66c6b74ea7', 0, 'admin', TIMESTAMP '2014-02-06 10:34:38.883', 'admin', TIMESTAMP '2014-02-06 10:34:38.883', TIMESTAMP '2014-02-06 10:35:41.293', '', 'ENGL295-RG-AO', '1682e3db-ef72-4876-8dd2-f64ea6977b34', 'kuali.lui.lui.relation.state.active', 'kuali.lui.lui.relation.type.registeredforvia.rg2ao', 'rg-ao-relation', 'ENGL295-RG-AO', '0e25f556-7452-41ab-9318-2b3368867e85', '1d6833dd-a04e-4a50-ab1c-4b75e43f8043')
/
insert into KSEN_LUI (OBJ_ID, VER_NBR, CREATEID, CREATETIME, UPDATEID, UPDATETIME, ATP_ID, CLU_ID, EFF_DT, EXPIR_DT, DESCR_FORMATTED, LUI_STATE, LUI_TYPE, MAX_SEATS, MIN_SEATS, NAME, DESCR_PLAIN, REF_URL, ID) values ('cc258b83-9dde-4b11-9dda-077c8acccb51', 0, 'admin', TIMESTAMP '2014-02-06 10:34:38.883', 'admin', TIMESTAMP '2014-02-06 10:34:38.883', 'kuali.atp.2014Winter', '1af2eff3-2602-4e67-9e64-9f62ae7f932e', '', '', '1002', 'kuali.lui.registration.group.state.pending', 'kuali.lui.type.registration.group', '', '', '1002', '1002', '', '028082ab-e529-48f0-a347-830b0c8345ad')
/
insert into KSEN_LUI_ATTR (OBJ_ID, ATTR_KEY, OWNER_ID, ATTR_VALUE, ID) values ('5eeb728f-6500-4e42-8664-6c87704162dc', 'kuali.attribute.registration.group.is.generated', '028082ab-e529-48f0-a347-830b0c8345ad', 1, 'c323b734-3b34-46bd-9954-193595632557')
/
insert into KSEN_LUI_ATTR (OBJ_ID, ATTR_KEY, OWNER_ID, ATTR_VALUE, ID) values ('e7cdc461-8808-4d06-91b3-18bc39e88427', 'kuali.attribute.registration.group.aocluster.id', '028082ab-e529-48f0-a347-830b0c8345ad', 'f8335e23-5398-486f-aa49-693a2be00b73', 'a6f26728-57f8-4833-8004-25ac79113221')
/
insert into KSEN_LUI_IDENT (OBJ_ID, VER_NBR, CREATEID, CREATETIME, UPDATEID, UPDATETIME, LUI_CD, DIVISION, IDENT_LEVEL, LNG_NAME, LUI_ID, ORGID, SHRT_NAME, LUI_ID_STATE, SUFX_CD, LUI_ID_TYPE, VARTN, ID) values ('89c2331b-daac-46d2-9148-d9d1710a9373', 0, 'admin', TIMESTAMP '2014-02-06 10:34:38.883', 'admin', TIMESTAMP '2014-02-06 10:34:38.883', '', '', '', '', '028082ab-e529-48f0-a347-830b0c8345ad', '', '', 'kuali.lui.identifier.state.active', '', 'kuali.lui.identifier.type.official', '', 'a02be090-a941-4948-8a6d-7e35056e7be3')
/
insert into KSEN_LUILUI_RELTN (OBJ_ID, VER_NBR, CREATEID, CREATETIME, UPDATEID, UPDATETIME, EFF_DT, EXPIR_DT, DESCR_FORMATTED, LUI_ID, LUILUI_RELTN_STATE, LUILUI_RELTN_TYPE, NAME, DESCR_PLAIN, RELATED_LUI_ID, ID) values ('a88eacf0-06a8-4709-9b13-6e498d8a6e9f', 0, 'admin', TIMESTAMP '2014-02-06 10:34:38.883', 'admin', TIMESTAMP '2014-02-06 10:34:38.883', TIMESTAMP '2014-02-06 10:35:41.402', '', 'ENGL295-FO-RG', 'e030e0d5-3419-49a7-a98f-0e53d74cae96', 'kuali.lui.lui.relation.state.active', 'kuali.lui.lui.relation.type.deliveredvia.fo2rg', 'fo-rg-relation', 'ENGL295-FO-RG', '028082ab-e529-48f0-a347-830b0c8345ad', '1c21c9cd-50d9-4792-a30a-de24504b6359')
/
insert into KSEN_LUILUI_RELTN (OBJ_ID, VER_NBR, CREATEID, CREATETIME, UPDATEID, UPDATETIME, EFF_DT, EXPIR_DT, DESCR_FORMATTED, LUI_ID, LUILUI_RELTN_STATE, LUILUI_RELTN_TYPE, NAME, DESCR_PLAIN, RELATED_LUI_ID, ID) values ('c543d509-ec9a-42f7-bd29-8fe693a294be', 0, 'admin', TIMESTAMP '2014-02-06 10:34:38.883', 'admin', TIMESTAMP '2014-02-06 10:34:38.883', TIMESTAMP '2014-02-06 10:35:41.415', '', 'ENGL295-RG-AO', '028082ab-e529-48f0-a347-830b0c8345ad', 'kuali.lui.lui.relation.state.active', 'kuali.lui.lui.relation.type.registeredforvia.rg2ao', 'rg-ao-relation', 'ENGL295-RG-AO', 'b4275bd1-d59e-4f9a-9ffa-40bf605756b1', '4a4d026b-9ad6-4a9c-8561-f9dd9dc40e0c')
/
update KSEN_SOC_ROR set OBJ_ID='6e2a25c1-aaf9-456e-ad2f-aaedbf1d08ae', VER_NBR=3, UPDATEID='admin', UPDATETIME=TIMESTAMP '2014-02-06 10:34:38.883', ITEMS_EXPECTED=48, ITEMS_PROCESSED=10, MESG_FORMATTED='', MESG_PLAIN='', SOC_ROR_STATE='kuali.soc.rollover.state.running', SOC_ROR_TYPE='kuali.soc.rollover.results.type.rollover', SOURCE_SOC_ID='03192a24-765a-4b9d-b638-5158430e09c8', TARGET_SOC_ID='59BBF768-1CB7-4C50-93AD-C6D92D6DC7A0', TARGET_TERM_ID='kuali.atp.2014Winter' where ID='66f7714b-77e9-4b8b-9783-90ab342086e0' and VER_NBR=2
/
update KSEN_SOC_ROR_ATTR set OBJ_ID='a2e9d4d4-b8ca-4775-ab84-2ad469abf8d2', ATTR_KEY='kuali.soc.rollover.result.dynattr.date.completed', OWNER_ID='66f7714b-77e9-4b8b-9783-90ab342086e0', ATTR_VALUE='2014 Feb 6 10:35:41 America/New_York' where ID='57c0a482-b718-48db-9a9d-16886eb8fbfe'
/
insert into KSEN_SOC_ROR_ITEM (OBJ_ID, VER_NBR, CREATEID, CREATETIME, UPDATEID, UPDATETIME, MESG_FORMATTED, MESG_PLAIN, ROR_ID, SOC_ROR_STATE, SOC_ROR_TYPE, SOURCE_CO_ID, TARGET_CO_ID, ID) values ('e1674e61-d622-4659-9238-53656e7e1dd4', 0, 'admin', TIMESTAMP '2014-02-06 10:34:38.883', 'admin', TIMESTAMP '2014-02-06 10:34:38.883', '', '', '66f7714b-77e9-4b8b-9783-90ab342086e0', 'kuali.soc.rollover.result.item.state.processed.created', 'kuali.soc.rollover.result.item.type.create', '08345864-2994-4101-aedd-a1ead352f249', '0d20a69b-751d-41ef-a0a6-39c5d96b98d8', '40614e3e-d51e-4d91-bbb1-d8d124dd22ff')
/
insert into KSEN_SOC_ROR_ITEM_ATTR (OBJ_ID, ATTR_KEY, OWNER_ID, ATTR_VALUE, ID) values ('a4992c69-d01c-4150-b004-3e7f5499f7bb', 'activityOfferingsCreated', '40614e3e-d51e-4d91-bbb1-d8d124dd22ff', '6', '80397b2f-69f6-47fc-877a-054a41ff6e0a')
/
insert into KSEN_SOC_ROR_ITEM (OBJ_ID, VER_NBR, CREATEID, CREATETIME, UPDATEID, UPDATETIME, MESG_FORMATTED, MESG_PLAIN, ROR_ID, SOC_ROR_STATE, SOC_ROR_TYPE, SOURCE_CO_ID, TARGET_CO_ID, ID) values ('83052c10-e82b-44c7-916b-6dbeee5c48fa', 0, 'admin', TIMESTAMP '2014-02-06 10:34:38.883', 'admin', TIMESTAMP '2014-02-06 10:34:38.883', 'Skipped because there is a new version of the canonical course', 'Skipped because there is a new version of the canonical course', '66f7714b-77e9-4b8b-9783-90ab342086e0', 'kuali.soc.rollover.result.item.state.error', 'kuali.soc.rollover.result.item.type.create', '0bc105c1-ce4b-4f15-9594-36a8adbaaf37', '', 'c344bf73-19f2-4103-873f-30bdc8891ccb')
/
insert into KSEN_SOC_ROR_ITEM (OBJ_ID, VER_NBR, CREATEID, CREATETIME, UPDATEID, UPDATETIME, MESG_FORMATTED, MESG_PLAIN, ROR_ID, SOC_ROR_STATE, SOC_ROR_TYPE, SOURCE_CO_ID, TARGET_CO_ID, ID) values ('32d9a5c9-fb01-4ad0-8aa1-833e6cd7533b', 0, 'admin', TIMESTAMP '2014-02-06 10:34:38.883', 'admin', TIMESTAMP '2014-02-06 10:34:38.883', '', '', '66f7714b-77e9-4b8b-9783-90ab342086e0', 'kuali.soc.rollover.result.item.state.processed.created', 'kuali.soc.rollover.result.item.type.create', '0e638164-54b0-48f5-8e6d-b43fc908ccad', '7f877ebc-04ce-440e-a44e-e9a3fe677cd3', '5239015b-0a60-43ca-b9df-4e427d9aeeac')
/
insert into KSEN_SOC_ROR_ITEM_ATTR (OBJ_ID, ATTR_KEY, OWNER_ID, ATTR_VALUE, ID) values ('7766413d-2497-498a-820f-eaf51b072414', 'activityOfferingsCreated', '5239015b-0a60-43ca-b9df-4e427d9aeeac', '1', '5acf0d25-f736-4348-8acf-42869c55367f')
/
insert into KSEN_SOC_ROR_ITEM (OBJ_ID, VER_NBR, CREATEID, CREATETIME, UPDATEID, UPDATETIME, MESG_FORMATTED, MESG_PLAIN, ROR_ID, SOC_ROR_STATE, SOC_ROR_TYPE, SOURCE_CO_ID, TARGET_CO_ID, ID) values ('292be2dc-7a90-49ba-813f-ad6c5593d7ec', 0, 'admin', TIMESTAMP '2014-02-06 10:34:38.883', 'admin', TIMESTAMP '2014-02-06 10:34:38.883', 'Skipped because there is a new version of the canonical course', 'Skipped because there is a new version of the canonical course', '66f7714b-77e9-4b8b-9783-90ab342086e0', 'kuali.soc.rollover.result.item.state.error', 'kuali.soc.rollover.result.item.type.create', '1046086a-9448-4fc8-b8ea-f0c39a0d44c8', '', '53f3686d-c3af-407c-a23f-5873b6ab2c3d')
/
insert into KSEN_SOC_ROR_ITEM (OBJ_ID, VER_NBR, CREATEID, CREATETIME, UPDATEID, UPDATETIME, MESG_FORMATTED, MESG_PLAIN, ROR_ID, SOC_ROR_STATE, SOC_ROR_TYPE, SOURCE_CO_ID, TARGET_CO_ID, ID) values ('6470e36f-9990-4ea4-aeaa-33f3d08dca6f', 0, 'admin', TIMESTAMP '2014-02-06 10:34:38.883', 'admin', TIMESTAMP '2014-02-06 10:34:38.883', '', '', '66f7714b-77e9-4b8b-9783-90ab342086e0', 'kuali.soc.rollover.result.item.state.processed.created', 'kuali.soc.rollover.result.item.type.create', '104cf59f-09d0-46e4-839a-10b3d03bd99a', '2819488d-0c08-4070-bb3d-b9bf7d78001c', '1480cbe8-2228-4c74-b85d-0872712d6ca8')
/
insert into KSEN_SOC_ROR_ITEM_ATTR (OBJ_ID, ATTR_KEY, OWNER_ID, ATTR_VALUE, ID) values ('e006a51a-67e1-48d0-b94f-89bbae9c3bce', 'activityOfferingsCreated', '1480cbe8-2228-4c74-b85d-0872712d6ca8', '1', '268b9d8e-fda8-42b1-81d5-b3639b4e412a')
/
insert into KSEN_SOC_ROR_ITEM (OBJ_ID, VER_NBR, CREATEID, CREATETIME, UPDATEID, UPDATETIME, MESG_FORMATTED, MESG_PLAIN, ROR_ID, SOC_ROR_STATE, SOC_ROR_TYPE, SOURCE_CO_ID, TARGET_CO_ID, ID) values ('d942f349-2b66-4e46-90f5-ea9494a194fc', 0, 'admin', TIMESTAMP '2014-02-06 10:34:38.883', 'admin', TIMESTAMP '2014-02-06 10:34:38.883', '', '', '66f7714b-77e9-4b8b-9783-90ab342086e0', 'kuali.soc.rollover.result.item.state.processed.created', 'kuali.soc.rollover.result.item.type.create', '21c36421-1317-4c9a-bd25-1badb0fc7322', '9e46f1e8-2176-4f59-9b59-fc3b8f7236f7', 'c975a048-1272-4584-b80f-75cf944086f8')
/
insert into KSEN_SOC_ROR_ITEM_ATTR (OBJ_ID, ATTR_KEY, OWNER_ID, ATTR_VALUE, ID) values ('18231660-4f76-4786-a65c-3884c8e73046', 'activityOfferingsCreated', 'c975a048-1272-4584-b80f-75cf944086f8', '1', 'dff0cd42-3c54-40c7-b96b-80c07943a1f0')
/
insert into KSEN_SOC_ROR_ITEM (OBJ_ID, VER_NBR, CREATEID, CREATETIME, UPDATEID, UPDATETIME, MESG_FORMATTED, MESG_PLAIN, ROR_ID, SOC_ROR_STATE, SOC_ROR_TYPE, SOURCE_CO_ID, TARGET_CO_ID, ID) values ('57577460-fada-4685-a585-4e6488d620e7', 0, 'admin', TIMESTAMP '2014-02-06 10:34:38.883', 'admin', TIMESTAMP '2014-02-06 10:34:38.883', '', '', '66f7714b-77e9-4b8b-9783-90ab342086e0', 'kuali.soc.rollover.result.item.state.processed.created', 'kuali.soc.rollover.result.item.type.create', '257c1c89-c045-4818-a6a0-8b7862bffc65', '094b3f6e-5e6b-46f0-8bb0-2bccb4bfd7c3', '76c9a3bf-b1e9-4053-a34b-12b0a9d8f0c0')
/
insert into KSEN_SOC_ROR_ITEM_ATTR (OBJ_ID, ATTR_KEY, OWNER_ID, ATTR_VALUE, ID) values ('40562907-4dc4-441f-b64a-05649330fbfd', 'activityOfferingsCreated', '76c9a3bf-b1e9-4053-a34b-12b0a9d8f0c0', '1', 'f3db92f3-d9c1-47a7-8aa3-2fb62174bd60')
/
insert into KSEN_SOC_ROR_ITEM (OBJ_ID, VER_NBR, CREATEID, CREATETIME, UPDATEID, UPDATETIME, MESG_FORMATTED, MESG_PLAIN, ROR_ID, SOC_ROR_STATE, SOC_ROR_TYPE, SOURCE_CO_ID, TARGET_CO_ID, ID) values ('8d7f5460-f7c2-4a57-a931-950b1c1c47f9', 0, 'admin', TIMESTAMP '2014-02-06 10:34:38.883', 'admin', TIMESTAMP '2014-02-06 10:34:38.883', '', '', '66f7714b-77e9-4b8b-9783-90ab342086e0', 'kuali.soc.rollover.result.item.state.processed.created', 'kuali.soc.rollover.result.item.type.create', '2d71a80b-edf3-42f2-bafd-bba2cf9bdcbc', '76779892-5167-478d-9187-e5b7b824c6a9', '9662f9e3-e761-4526-a99e-dc7586eb3cc1')
/
insert into KSEN_SOC_ROR_ITEM_ATTR (OBJ_ID, ATTR_KEY, OWNER_ID, ATTR_VALUE, ID) values ('4b5d0dcc-4fa8-4d31-b281-be100f471122', 'activityOfferingsCreated', '9662f9e3-e761-4526-a99e-dc7586eb3cc1', '1', '35b85956-3f9e-4c0f-b319-4e9d23b50cfd')
/
insert into KSEN_SOC_ROR_ITEM (OBJ_ID, VER_NBR, CREATEID, CREATETIME, UPDATEID, UPDATETIME, MESG_FORMATTED, MESG_PLAIN, ROR_ID, SOC_ROR_STATE, SOC_ROR_TYPE, SOURCE_CO_ID, TARGET_CO_ID, ID) values ('b0e784df-d073-402d-8217-00e6433dabf9', 0, 'admin', TIMESTAMP '2014-02-06 10:34:38.883', 'admin', TIMESTAMP '2014-02-06 10:34:38.883', '', '', '66f7714b-77e9-4b8b-9783-90ab342086e0', 'kuali.soc.rollover.result.item.state.processed.created', 'kuali.soc.rollover.result.item.type.create', '2f94897d-75c7-49b3-a3fc-2484abc38dc7', '60e9df8a-4c3c-44eb-8995-35b365be7f39', 'c4051f69-eae5-496d-874e-429d378dc86c')
/
insert into KSEN_SOC_ROR_ITEM_ATTR (OBJ_ID, ATTR_KEY, OWNER_ID, ATTR_VALUE, ID) values ('3c76c1a3-53bb-478f-b8c3-64229e34bfd1', 'activityOfferingsCreated', 'c4051f69-eae5-496d-874e-429d378dc86c', '1', '3874e04f-3c03-41b8-9947-1f8b0237b641')
/
insert into KSEN_SOC_ROR_ITEM (OBJ_ID, VER_NBR, CREATEID, CREATETIME, UPDATEID, UPDATETIME, MESG_FORMATTED, MESG_PLAIN, ROR_ID, SOC_ROR_STATE, SOC_ROR_TYPE, SOURCE_CO_ID, TARGET_CO_ID, ID) values ('f8025ee3-fe62-405c-add9-fc6b20db81ac', 0, 'admin', TIMESTAMP '2014-02-06 10:34:38.883', 'admin', TIMESTAMP '2014-02-06 10:34:38.883', '', '', '66f7714b-77e9-4b8b-9783-90ab342086e0', 'kuali.soc.rollover.result.item.state.processed.created', 'kuali.soc.rollover.result.item.type.create', '2ff43080-cf67-4ff4-b4ae-2fd62b5a72f1', '5c4a993d-0b7d-4611-b17f-681a6a3607ed', '6d0300f9-6bc1-4f63-9271-f23f6014912f')
/
insert into KSEN_SOC_ROR_ITEM_ATTR (OBJ_ID, ATTR_KEY, OWNER_ID, ATTR_VALUE, ID) values ('4ab09715-1fcc-4ee9-9762-7bd268aad12d', 'activityOfferingsCreated', '6d0300f9-6bc1-4f63-9271-f23f6014912f', '2', '3e0d5599-f225-4a93-af6d-4e67fc24996f')
/
insert into KSEN_LUI (OBJ_ID, VER_NBR, CREATEID, CREATETIME, UPDATEID, UPDATETIME, ATP_ID, CLU_ID, EFF_DT, EXPIR_DT, DESCR_FORMATTED, LUI_STATE, LUI_TYPE, MAX_SEATS, MIN_SEATS, NAME, DESCR_PLAIN, REF_URL, ID) values ('a51c5be6-bcdc-41d2-9b7f-328660ea8fe2', 0, 'admin', TIMESTAMP '2014-02-06 10:34:38.883', 'admin', TIMESTAMP '2014-02-06 10:34:38.883', 'kuali.atp.2014Winter', '8149aa68-9bfa-4d95-bcfe-b17b2d36d763', TIMESTAMP '2014-01-02 00:00:00.0', '', 'An exploration of arguably the most complex, profound, and ubiquitous expression of human experience. Study through close reading of significant forms and conventions of Western poetic tradition. Poetry''s roots in oral and folk traditions and connections to popular song forms.', 'kuali.lui.course.offering.state.draft', 'kuali.lui.type.course.offering', '', '', 'ENGL243 CO', 'An exploration of arguably the most complex, profound, and ubiquitous expression of human experience. Study through close reading of significant forms and conventions of Western poetic tradition. Poetry''s roots in oral and folk traditions and connections to popular song forms.', null, 'b5a1b977-b4f7-4639-9eca-3deaf51bc26b')
/
insert into KSEN_LUI_ATTR (OBJ_ID, ATTR_KEY, OWNER_ID, ATTR_VALUE, ID) values ('e08690ff-5fb6-47d7-9805-876a57c07d76', 'kuali.attribute.final.exam.driver', 'b5a1b977-b4f7-4639-9eca-3deaf51bc26b', 'kuali.lu.exam.driver.ActivityOffering', 'ee7d4a4b-ddfb-484f-b6fd-af5af3485424')
/
insert into KSEN_LUI_ATTR (OBJ_ID, ATTR_KEY, OWNER_ID, ATTR_VALUE, ID) values ('4e4bc846-da4b-4b74-b208-e0af9b6a18f0', 'kuali.attribute.wait.list.level.type.key', 'b5a1b977-b4f7-4639-9eca-3deaf51bc26b', 'AO', 'ed3c5e6b-e687-431b-a130-b3d7d20fc670')
/
insert into KSEN_LUI_ATTR (OBJ_ID, ATTR_KEY, OWNER_ID, ATTR_VALUE, ID) values ('cf9b4423-d008-4c1d-bfe9-74f5698dd429', 'kuali.attribute.final.exam.indicator', 'b5a1b977-b4f7-4639-9eca-3deaf51bc26b', 'STANDARD', '50d5cadf-ab85-4717-af3d-9d3a875771c2')
/
insert into KSEN_LUI_ATTR (OBJ_ID, ATTR_KEY, OWNER_ID, ATTR_VALUE, ID) values ('8e3ea93f-ee38-47dc-af7c-c55ffc1f0fed', 'kuali.attribute.where.fees.attached.flag', 'b5a1b977-b4f7-4639-9eca-3deaf51bc26b', 0, '7e23e17c-8cde-4a9b-a08f-4faa2442b3ad')
/
insert into KSEN_LUI_ATTR (OBJ_ID, ATTR_KEY, OWNER_ID, ATTR_VALUE, ID) values ('c66b52d9-3bf2-4486-9957-64b4ab19a7a0', 'kuali.attribute.final.exam.use.matrix', 'b5a1b977-b4f7-4639-9eca-3deaf51bc26b', 1, '5af934e0-b387-4c48-8df8-32a224c4bc6f')
/
insert into KSEN_LUI_ATTR (OBJ_ID, ATTR_KEY, OWNER_ID, ATTR_VALUE, ID) values ('c9f67dfa-5e7b-433f-89e5-b0fd58f98027', 'kuali.attribute.funding.source', 'b5a1b977-b4f7-4639-9eca-3deaf51bc26b', '', '1cf6ed2f-55dd-4912-b502-e738536f8579')
/
insert into KSEN_LUI_ATTR (OBJ_ID, ATTR_KEY, OWNER_ID, ATTR_VALUE, ID) values ('58c3901c-55f2-410d-801e-be09445d6aaa', 'kuali.attribute.course.evaluation.indicator', 'b5a1b977-b4f7-4639-9eca-3deaf51bc26b', 0, '1484bb4d-9f21-4524-8289-4509d9ca0304')
/
insert into KSEN_LUI_ATTR (OBJ_ID, ATTR_KEY, OWNER_ID, ATTR_VALUE, ID) values ('d13a4ae5-0e9b-4044-a115-3af3d9f5f103', 'kuali.attribute.wait.list.indicator', 'b5a1b977-b4f7-4639-9eca-3deaf51bc26b', 0, 'fb77a426-0ff5-44e3-bc76-ba53ee45d350')
/
insert into KSEN_LUI_ATTR (OBJ_ID, ATTR_KEY, OWNER_ID, ATTR_VALUE, ID) values ('a9357c95-7303-41e7-aa7d-9ab223ad6462', 'kuali.attribute.course.number.internal.suffix', 'b5a1b977-b4f7-4639-9eca-3deaf51bc26b', 'A', '90625055-ad92-48a2-97fa-945bc6e7135e')
/
insert into KSEN_LUI_ATTR (OBJ_ID, ATTR_KEY, OWNER_ID, ATTR_VALUE, ID) values ('8d7718a0-f979-4677-8762-efa4af8da28f', 'kuali.attribute.wait.list.type.key', 'b5a1b977-b4f7-4639-9eca-3deaf51bc26b', null, '4d1332d6-d558-4594-95c9-56236ae6dedf')
/
insert into KSEN_LUI_IDENT (OBJ_ID, VER_NBR, CREATEID, CREATETIME, UPDATEID, UPDATETIME, LUI_CD, DIVISION, IDENT_LEVEL, LNG_NAME, LUI_ID, ORGID, SHRT_NAME, LUI_ID_STATE, SUFX_CD, LUI_ID_TYPE, VARTN, ID) values ('6f7f1131-e0aa-4ae3-adb4-4ee04c367b55', 0, 'admin', TIMESTAMP '2014-02-06 10:34:38.883', 'admin', TIMESTAMP '2014-02-06 10:34:38.883', 'ENGL243', 'ENGL', '', 'What is Poetry?', 'b5a1b977-b4f7-4639-9eca-3deaf51bc26b', '', '', 'kuali.lui.identifier.state.active', '', 'kuali.lui.identifier.type.official', '', '2598751a-e49a-4759-810c-7ebcb4c1597a')
/
insert into KSEN_LUI_LU_CD (OBJ_ID, VER_NBR, CREATEID, CREATETIME, UPDATEID, UPDATETIME, DESCR_FORMATTED, LUI_ID, DESCR_PLAIN, LUI_LUCD_TYPE, VALUE, ID) values ('d075cf04-696d-4a0b-8f1e-551c8a8bcfb8', 0, 'admin', TIMESTAMP '2014-02-06 10:34:38.883', 'admin', TIMESTAMP '2014-02-06 10:34:38.883', '', 'b5a1b977-b4f7-4639-9eca-3deaf51bc26b', '', 'kuali.lu.code.honorsOffering', '', 'b1a80bdd-d03e-4627-8988-47d30e8d7524')
/
insert into KSEN_LUI_UNITS_DEPLOYMENT (LUI_ID, ORG_ID, ID) values ('b5a1b977-b4f7-4639-9eca-3deaf51bc26b', '2677933260', 'bd06811f-7f66-4610-8524-44abb2d6c9b6')
/
insert into KSEN_LUI_UNITS_CONT_OWNER (LUI_ID, ORG_ID) values ('b5a1b977-b4f7-4639-9eca-3deaf51bc26b', '2677933260')
/
insert into KSEN_LUI_RESULT_VAL_GRP (LUI_ID, RESULT_VAL_GRP_ID) values ('b5a1b977-b4f7-4639-9eca-3deaf51bc26b', 'kuali.resultComponent.grade.letter')
/
insert into KSEN_LUI_RESULT_VAL_GRP (LUI_ID, RESULT_VAL_GRP_ID) values ('b5a1b977-b4f7-4639-9eca-3deaf51bc26b', 'kuali.resultComponent.grade.audit')
/
insert into KSEN_LUI_RESULT_VAL_GRP (LUI_ID, RESULT_VAL_GRP_ID) values ('b5a1b977-b4f7-4639-9eca-3deaf51bc26b', 'kuali.resultComponent.grade.passFail')
/
insert into KSEN_LUI_RESULT_VAL_GRP (LUI_ID, RESULT_VAL_GRP_ID) values ('b5a1b977-b4f7-4639-9eca-3deaf51bc26b', 'kuali.creditType.credit.degree.3.0')
/
insert into KSEN_LUI (OBJ_ID, VER_NBR, CREATEID, CREATETIME, UPDATEID, UPDATETIME, ATP_ID, CLU_ID, EFF_DT, EXPIR_DT, DESCR_FORMATTED, LUI_STATE, LUI_TYPE, MAX_SEATS, MIN_SEATS, NAME, DESCR_PLAIN, REF_URL, ID) values ('b6112555-f5d4-4b02-8a10-a3a787a6144a', 0, 'admin', TIMESTAMP '2014-02-06 10:34:38.883', 'admin', TIMESTAMP '2014-02-06 10:34:38.883', 'kuali.atp.2014Winter', 'b3d8efe2-cbe7-4e50-a72f-8f4b2b4ea8ad', '', '', 'Courses with Lecture only', 'kuali.lui.format.offering.state.draft', 'kuali.lui.type.course.format.offering', '', '', 'Lecture Only', 'Courses with Lecture only', '', '7ee65da4-ca74-4d3a-a820-a1abd718f9bf')
/
insert into KSEN_LUI_ATTR (OBJ_ID, ATTR_KEY, OWNER_ID, ATTR_VALUE, ID) values ('be129897-9ac8-46eb-a1f2-743607f31ccc', 'regCodePrefix', '7ee65da4-ca74-4d3a-a820-a1abd718f9bf', '1', 'a6ba2783-2028-4991-99bc-a7ba13ff8b4e')
/
insert into KSEN_LUI_ATTR (OBJ_ID, ATTR_KEY, OWNER_ID, ATTR_VALUE, ID) values ('e523c4f3-0600-4916-8946-188aa1c5e0ab', 'kuali.attribute.grade.roster.level.type.key', '7ee65da4-ca74-4d3a-a820-a1abd718f9bf', 'kuali.lui.type.activity.offering.lecture', 'eb2b9d03-d051-4df1-932a-c355924cc7fa')
/
insert into KSEN_LUI_ATTR (OBJ_ID, ATTR_KEY, OWNER_ID, ATTR_VALUE, ID) values ('ab4f202e-7e7a-454f-93ff-8f794b77629a', 'kuali.attribute.final.exam.level.type', '7ee65da4-ca74-4d3a-a820-a1abd718f9bf', 'kuali.lu.type.activity.Lecture', '61b09fdd-c526-4749-a79c-de5ebcfaeec4')
/
insert into KSEN_LUI_IDENT (OBJ_ID, VER_NBR, CREATEID, CREATETIME, UPDATEID, UPDATETIME, LUI_CD, DIVISION, IDENT_LEVEL, LNG_NAME, LUI_ID, ORGID, SHRT_NAME, LUI_ID_STATE, SUFX_CD, LUI_ID_TYPE, VARTN, ID) values ('72b68324-fc23-47fa-a933-694c81c0b822', 0, 'admin', TIMESTAMP '2014-02-06 10:34:38.883', 'admin', TIMESTAMP '2014-02-06 10:34:38.883', '', '', '', 'Lecture Only', '7ee65da4-ca74-4d3a-a820-a1abd718f9bf', '', 'LEC', 'kuali.lui.identifier.state.active', '', 'kuali.lui.identifier.type.official', '', 'f67366b3-e3d4-42f3-9bc2-90b43e4618bb')
/
insert into KSEN_LUI_RELATED_LUI_TYPES (LUI_ID, RELATED_LUI_TYPE) values ('7ee65da4-ca74-4d3a-a820-a1abd718f9bf', 'kuali.lui.type.activity.offering.lecture')
/
insert into KSEN_LUILUI_RELTN (OBJ_ID, VER_NBR, CREATEID, CREATETIME, UPDATEID, UPDATETIME, EFF_DT, EXPIR_DT, DESCR_FORMATTED, LUI_ID, LUILUI_RELTN_STATE, LUILUI_RELTN_TYPE, NAME, DESCR_PLAIN, RELATED_LUI_ID, ID) values ('441f2ef0-6e09-4bd9-9c07-d8747351b08d', 0, 'admin', TIMESTAMP '2014-02-06 10:34:38.883', 'admin', TIMESTAMP '2014-02-06 10:34:38.883', TIMESTAMP '2014-02-06 10:35:46.128', '', 'ENGL243-CO-FO', 'b5a1b977-b4f7-4639-9eca-3deaf51bc26b', 'kuali.lui.lui.relation.state.active', 'kuali.lui.lui.relation.type.deliveredvia.co2fo', 'co-fo-relation', 'ENGL243-CO-FO', '7ee65da4-ca74-4d3a-a820-a1abd718f9bf', '7a182a4b-b819-4aa9-8c73-497e5a6f5f07')
/
insert into KSEN_LUI (OBJ_ID, VER_NBR, CREATEID, CREATETIME, UPDATEID, UPDATETIME, ATP_ID, CLU_ID, EFF_DT, EXPIR_DT, DESCR_FORMATTED, LUI_STATE, LUI_TYPE, MAX_SEATS, MIN_SEATS, NAME, DESCR_PLAIN, REF_URL, ID) values ('9042def1-4522-4933-9d60-c96853533704', 0, 'admin', TIMESTAMP '2014-02-06 10:34:38.883', 'admin', TIMESTAMP '2014-02-06 10:34:38.883', 'kuali.atp.2014Winter', '69f87d52-5ab8-4c76-85d1-d753266cbeca', '', '', 'Courses with lecture', 'kuali.lui.activity.offering.state.draft', 'kuali.lui.type.activity.offering.lecture', 30, 30, 'Lecture', 'Courses with lecture', null, '0f39c165-ef25-4e91-a78f-75991bac1142')
/
insert into KSEN_LUI_ATTR (OBJ_ID, ATTR_KEY, OWNER_ID, ATTR_VALUE, ID) values ('7f464125-6ec6-446c-b325-cd9d3beae37f', 'kuali.attribute.nonstd.ts.indicator', '0f39c165-ef25-4e91-a78f-75991bac1142', 0, 'e7ffe54b-defc-4d41-a6b1-0bcd2f079dde')
/
insert into KSEN_LUI_ATTR (OBJ_ID, ATTR_KEY, OWNER_ID, ATTR_VALUE, ID) values ('25b844e6-ec8d-45ad-a57a-202460e9038c', 'kuali.attribute.max.enrollment.is.estimate', '0f39c165-ef25-4e91-a78f-75991bac1142', 0, '11f3ebd5-3b46-4463-8362-8855b25b87f9')
/
insert into KSEN_LUI_ATTR (OBJ_ID, ATTR_KEY, OWNER_ID, ATTR_VALUE, ID) values ('d7b57f7a-27f5-4f78-83ec-aa29ec71b9fa', 'kuali.attribute.course.evaluation.indicator', '0f39c165-ef25-4e91-a78f-75991bac1142', 0, '3cac3d21-8351-44d2-97e6-282aedbeef50')
/
insert into KSEN_LUI_IDENT (OBJ_ID, VER_NBR, CREATEID, CREATETIME, UPDATEID, UPDATETIME, LUI_CD, DIVISION, IDENT_LEVEL, LNG_NAME, LUI_ID, ORGID, SHRT_NAME, LUI_ID_STATE, SUFX_CD, LUI_ID_TYPE, VARTN, ID) values ('bb187559-9ff4-41ab-b8f9-7808cef710cd', 0, 'admin', TIMESTAMP '2014-02-06 10:34:38.883', 'admin', TIMESTAMP '2014-02-06 10:34:38.883', 'A', '', '', '', '0f39c165-ef25-4e91-a78f-75991bac1142', '', '', 'kuali.lui.identifier.state.active', '', 'kuali.lui.identifier.type.official', '', 'a057f29b-bc1f-4d8f-b6b4-3b10db1d26cc')
/
insert into KSEN_LUI_LU_CD (OBJ_ID, VER_NBR, CREATEID, CREATETIME, UPDATEID, UPDATETIME, DESCR_FORMATTED, LUI_ID, DESCR_PLAIN, LUI_LUCD_TYPE, VALUE, ID) values ('2c2fac8f-75bb-4d03-9784-fe6e915ac8ee', 0, 'admin', TIMESTAMP '2014-02-06 10:34:38.883', 'admin', TIMESTAMP '2014-02-06 10:34:38.883', '', '0f39c165-ef25-4e91-a78f-75991bac1142', '', 'kuali.lu.code.honorsOffering', 0, '90d53443-23ed-4eb8-ab1e-ddc3497d55dd')
/
insert into KSEN_LPR (OBJ_ID, VER_NBR, CREATEID, CREATETIME, UPDATEID, UPDATETIME, ATP_ID, COMMIT_PERCT, CREDITS, EFF_DT, EXPIR_DT, GRADING_OPT_ID, LUI_ID, MASTER_LUI_ID, PERS_ID, LPR_STATE, LPR_TYPE, ID) values ('c21d6d51-c4e2-4bd7-97c5-ecb33193f8ee', 0, 'admin', TIMESTAMP '2014-02-06 10:34:38.883', 'admin', TIMESTAMP '2014-02-06 10:34:38.883', '', '100.00', '', TIMESTAMP '2014-02-06 10:35:46.238', '', '', '0f39c165-ef25-4e91-a78f-75991bac1142', '', 'C.TERRYE', 'kuali.lpr.state.active', 'kuali.lpr.type.instructor.main', '8b6e7f4f-2341-4791-82b2-5f55f61179e7')
/
insert into KSEN_LUILUI_RELTN (OBJ_ID, VER_NBR, CREATEID, CREATETIME, UPDATEID, UPDATETIME, EFF_DT, EXPIR_DT, DESCR_FORMATTED, LUI_ID, LUILUI_RELTN_STATE, LUILUI_RELTN_TYPE, NAME, DESCR_PLAIN, RELATED_LUI_ID, ID) values ('e02b146c-e205-47e4-b9b7-725e84083240', 0, 'admin', TIMESTAMP '2014-02-06 10:34:38.883', 'admin', TIMESTAMP '2014-02-06 10:34:38.883', TIMESTAMP '2014-02-06 10:35:46.256', '', 'ENGL243-FO-AO', '7ee65da4-ca74-4d3a-a820-a1abd718f9bf', 'kuali.lui.lui.relation.state.active', 'kuali.lui.lui.relation.type.deliveredvia.fo2ao', 'fo-ao-relation', 'ENGL243-FO-AO', '0f39c165-ef25-4e91-a78f-75991bac1142', '473dc5bb-9016-4012-8847-18efbdbfeb35')
/
insert into KSEN_SCHED_RQST_SET (OBJ_ID, VER_NBR, CREATEID, CREATETIME, UPDATEID, UPDATETIME, DESCR_FORMATTED, MAX_ENRL_SHARED_IND, MAX_ENRL, NAME, DESCR_PLAIN, REF_OBJECT_TYPE, SCHED_RQST_SET_STATE, SCHED_RQST_SET_TYPE, ID) values ('d66bfcf0-f2e1-4f44-a183-31b5ed296f67', 0, 'admin', TIMESTAMP '2014-02-06 10:34:38.883', 'admin', TIMESTAMP '2014-02-06 10:34:38.883', '', 0, '', 'Schedule request set for ENGL243 - A', '', 'http://student.kuali.org/wsdl/courseOffering/ActivityOfferingInfo', 'kuali.scheduling.schedule.request.set.state.created', 'kuali.scheduling.schedule.request.set.type.schedule.request.set', '7c272800-2b3a-4669-a7db-fddce0b0c131')
/
insert into KSEN_SCHED_RQST (OBJ_ID, VER_NBR, CREATEID, CREATETIME, UPDATEID, UPDATETIME, DESCR_FORMATTED, NAME, DESCR_PLAIN, SCHED_RQST_STATE, SCHED_RQST_TYPE, SCHED_ID, SCHED_RQST_SET_ID, ID) values ('5af47f2b-af4a-4b15-9eba-dd9b1c479fbd', 0, 'admin', TIMESTAMP '2014-02-06 10:34:38.883', 'admin', TIMESTAMP '2014-02-06 10:34:38.883', 'A Schedule Request for ENGL243 section 0102', 'A Schedule Request for ENGL243 section 0102', 'A Schedule Request for ENGL243 section 0102', 'kuali.scheduling.schedule.request.state.created', 'kuali.scheduling.schedule.request.type.schedule.request', 'acecda74-05ea-49e1-8504-058e6e954d37', '7c272800-2b3a-4669-a7db-fddce0b0c131', '67e8ffc7-330f-49df-b939-78f0bd50f7d0')
/
insert into KSEN_SCHED_RQST_CMP (OBJ_ID, TBA_IND, SCHED_RQST_ID, ID) values ('acae40b6-499f-4a83-ba0e-e7c09f443405', 0, '67e8ffc7-330f-49df-b939-78f0bd50f7d0', '5ee00981-31ea-4cf2-b0f8-2817e1561971')
/
insert into KSEN_SCHED_REF_OBJECT (SCHED_RQST_SET_ID, REF_OBJECT_ID) values ('7c272800-2b3a-4669-a7db-fddce0b0c131', '0f39c165-ef25-4e91-a78f-75991bac1142')
/
insert into KSEN_SCHED_RQST_CMP_BLDG (CMP_ID, BUILDING_ID) values ('5ee00981-31ea-4cf2-b0f8-2817e1561971', '84e53b2a-f39a-4b7a-8916-731087cff42d')
/
insert into KSEN_SCHED_RQST_CMP_ROOM (CMP_ID, ROOM_ID) values ('5ee00981-31ea-4cf2-b0f8-2817e1561971', 'e26b7710-1faa-4f4e-ad57-52caec27baa9')
/
insert into KSEN_SCHED_RQST_CMP_TMSLOT (CMP_ID, TM_SLOT_ID) values ('5ee00981-31ea-4cf2-b0f8-2817e1561971', '1262EF67-1E77-4CB0-96C8-BB0B69A2B131')
/
insert into KSEN_CWL (OBJ_ID, VER_NBR, CREATEID, CREATETIME, UPDATEID, UPDATETIME, ALLOW_HOLD_UTIL_ENTRIES_IND, AUTO_PROCESSED_IND, CHECK_IN_REQ_IND, CONF_REQ_IND, EFF_DT, EXPIR_DT, MAX_SIZE, REG_IN_FIRST_AAO_IND, STD_DUR_TIME_QTY, STD_DUR_TYPE, CWL_STATE, CWL_TYPE, ID) values ('67873529-5e08-4eb7-a589-757d71e49a97', 0, 'admin', TIMESTAMP '2014-02-06 10:34:38.883', 'admin', TIMESTAMP '2014-02-06 10:34:38.883', 1, 1, 0, 1, TIMESTAMP '2013-01-02 00:00:00.0', '', '', 1, '', '', 'kuali.course.waitlist.state.inactive', 'kuali.course.waitlist.type.course.waitlist', '3982a662-64d6-4c3c-a489-7b2e23d16bfe')
/
insert into KSEN_CWL_ACTIV_OFFER (CWL_ID, ACTIV_OFFER_ID) values ('3982a662-64d6-4c3c-a489-7b2e23d16bfe', '0f39c165-ef25-4e91-a78f-75991bac1142')
/
insert into KSEN_CWL_FORMAT_OFFER (CWL_ID, FORMAT_OFFER_ID) values ('3982a662-64d6-4c3c-a489-7b2e23d16bfe', '7ee65da4-ca74-4d3a-a820-a1abd718f9bf')
/
insert into KSEN_LUI (OBJ_ID, VER_NBR, CREATEID, CREATETIME, UPDATEID, UPDATETIME, ATP_ID, CLU_ID, EFF_DT, EXPIR_DT, DESCR_FORMATTED, LUI_STATE, LUI_TYPE, MAX_SEATS, MIN_SEATS, NAME, DESCR_PLAIN, REF_URL, ID) values ('98681baa-9888-4fa8-b5a3-a86ec05dde42', 0, 'admin', TIMESTAMP '2014-02-06 10:34:38.883', 'admin', TIMESTAMP '2014-02-06 10:34:38.883', 'kuali.atp.2014Winter', '668d892b-5335-490e-8883-b913c8c4818f', '', '', 'Courses with lecture', 'kuali.lui.activity.offering.state.draft', 'kuali.lui.type.activity.offering.lecture', 30, 30, 'Lecture', 'Courses with lecture', null, '5c76e4a3-9da1-4093-8196-650ae13ec631')
/
insert into KSEN_LUI_ATTR (OBJ_ID, ATTR_KEY, OWNER_ID, ATTR_VALUE, ID) values ('7cad94b0-017a-403f-b26c-c892fb9fac57', 'kuali.attribute.max.enrollment.is.estimate', '5c76e4a3-9da1-4093-8196-650ae13ec631', 0, 'b8f4bf2f-c5cf-45a8-bd16-1571d9370e11')
/
insert into KSEN_LUI_ATTR (OBJ_ID, ATTR_KEY, OWNER_ID, ATTR_VALUE, ID) values ('b419b44c-0c60-4ddb-a921-02014afa5a19', 'kuali.attribute.course.evaluation.indicator', '5c76e4a3-9da1-4093-8196-650ae13ec631', 0, '6464dc6d-a74e-43be-9645-85797c9a5e78')
/
insert into KSEN_LUI_ATTR (OBJ_ID, ATTR_KEY, OWNER_ID, ATTR_VALUE, ID) values ('c690603c-6a80-46b5-90f9-ba81080295b3', 'kuali.attribute.nonstd.ts.indicator', '5c76e4a3-9da1-4093-8196-650ae13ec631', 0, '26e0fd9a-9eb3-4a5a-8125-69279c22372c')
/
insert into KSEN_LUI_IDENT (OBJ_ID, VER_NBR, CREATEID, CREATETIME, UPDATEID, UPDATETIME, LUI_CD, DIVISION, IDENT_LEVEL, LNG_NAME, LUI_ID, ORGID, SHRT_NAME, LUI_ID_STATE, SUFX_CD, LUI_ID_TYPE, VARTN, ID) values ('af7b58a2-68ea-47e3-92a1-e44e5a1c3163', 0, 'admin', TIMESTAMP '2014-02-06 10:34:38.883', 'admin', TIMESTAMP '2014-02-06 10:34:38.883', 'B', '', '', '', '5c76e4a3-9da1-4093-8196-650ae13ec631', '', '', 'kuali.lui.identifier.state.active', '', 'kuali.lui.identifier.type.official', '', '930803e7-a2ee-4b42-a171-dbbd69680d38')
/
insert into KSEN_LUI_LU_CD (OBJ_ID, VER_NBR, CREATEID, CREATETIME, UPDATEID, UPDATETIME, DESCR_FORMATTED, LUI_ID, DESCR_PLAIN, LUI_LUCD_TYPE, VALUE, ID) values ('9f8899bf-1975-48da-9ef1-f316578a2b85', 0, 'admin', TIMESTAMP '2014-02-06 10:34:38.883', 'admin', TIMESTAMP '2014-02-06 10:34:38.883', '', '5c76e4a3-9da1-4093-8196-650ae13ec631', '', 'kuali.lu.code.honorsOffering', 0, 'a7b79265-18bb-4e64-874e-b893e8ebb8ff')
/
insert into KSEN_LPR (OBJ_ID, VER_NBR, CREATEID, CREATETIME, UPDATEID, UPDATETIME, ATP_ID, COMMIT_PERCT, CREDITS, EFF_DT, EXPIR_DT, GRADING_OPT_ID, LUI_ID, MASTER_LUI_ID, PERS_ID, LPR_STATE, LPR_TYPE, ID) values ('785c499b-4d30-4464-a96f-dbe5222689c5', 0, 'admin', TIMESTAMP '2014-02-06 10:34:38.883', 'admin', TIMESTAMP '2014-02-06 10:34:38.883', '', '100.00', '', TIMESTAMP '2014-02-06 10:35:46.727', '', '', '5c76e4a3-9da1-4093-8196-650ae13ec631', '', 'H.VICKIP', 'kuali.lpr.state.active', 'kuali.lpr.type.instructor.main', 'ee90e8fc-d958-49ca-beb1-a9ef0dea0dc5')
/
insert into KSEN_LUILUI_RELTN (OBJ_ID, VER_NBR, CREATEID, CREATETIME, UPDATEID, UPDATETIME, EFF_DT, EXPIR_DT, DESCR_FORMATTED, LUI_ID, LUILUI_RELTN_STATE, LUILUI_RELTN_TYPE, NAME, DESCR_PLAIN, RELATED_LUI_ID, ID) values ('0e340893-a14f-49cb-ad9a-33aa2750d198', 0, 'admin', TIMESTAMP '2014-02-06 10:34:38.883', 'admin', TIMESTAMP '2014-02-06 10:34:38.883', TIMESTAMP '2014-02-06 10:35:46.879', '', 'ENGL243-FO-AO', '7ee65da4-ca74-4d3a-a820-a1abd718f9bf', 'kuali.lui.lui.relation.state.active', 'kuali.lui.lui.relation.type.deliveredvia.fo2ao', 'fo-ao-relation', 'ENGL243-FO-AO', '5c76e4a3-9da1-4093-8196-650ae13ec631', '8a5fa183-ed5a-4c8e-9337-1435855dcbd7')
/
insert into KSEN_SCHED_RQST_SET (OBJ_ID, VER_NBR, CREATEID, CREATETIME, UPDATEID, UPDATETIME, DESCR_FORMATTED, MAX_ENRL_SHARED_IND, MAX_ENRL, NAME, DESCR_PLAIN, REF_OBJECT_TYPE, SCHED_RQST_SET_STATE, SCHED_RQST_SET_TYPE, ID) values ('6404eace-9797-454e-a7d4-039a62e233c0', 0, 'admin', TIMESTAMP '2014-02-06 10:34:38.883', 'admin', TIMESTAMP '2014-02-06 10:34:38.883', '', 0, '', 'Schedule request set for ENGL243 - B', '', 'http://student.kuali.org/wsdl/courseOffering/ActivityOfferingInfo', 'kuali.scheduling.schedule.request.set.state.created', 'kuali.scheduling.schedule.request.set.type.schedule.request.set', 'cf8a1411-5dde-46e8-b474-14a096359e9e')
/
insert into KSEN_SCHED_RQST (OBJ_ID, VER_NBR, CREATEID, CREATETIME, UPDATEID, UPDATETIME, DESCR_FORMATTED, NAME, DESCR_PLAIN, SCHED_RQST_STATE, SCHED_RQST_TYPE, SCHED_ID, SCHED_RQST_SET_ID, ID) values ('c90fb6b1-ff54-4613-af74-840e8a7c9bdb', 0, 'admin', TIMESTAMP '2014-02-06 10:34:38.883', 'admin', TIMESTAMP '2014-02-06 10:34:38.883', '', 'Schedule request for ENGL243 - B', '', 'kuali.scheduling.schedule.request.state.created', 'kuali.scheduling.schedule.request.type.schedule.request', '', 'cf8a1411-5dde-46e8-b474-14a096359e9e', '23afac54-8c27-4496-abc7-d62fa0205347')
/
insert into KSEN_SCHED_RQST_CMP (OBJ_ID, TBA_IND, SCHED_RQST_ID, ID) values ('af4a208d-2997-40c1-9d5f-adfdb92f259a', 0, '23afac54-8c27-4496-abc7-d62fa0205347', '7b7082b6-4dc6-4cb4-976f-956e16945995')
/
insert into KSEN_SCHED_REF_OBJECT (SCHED_RQST_SET_ID, REF_OBJECT_ID) values ('cf8a1411-5dde-46e8-b474-14a096359e9e', '5c76e4a3-9da1-4093-8196-650ae13ec631')
/
insert into KSEN_SCHED_RQST_CMP_BLDG (CMP_ID, BUILDING_ID) values ('7b7082b6-4dc6-4cb4-976f-956e16945995', 'd5138c2b-01ee-4e81-b526-38ed2a7c60a3')
/
insert into KSEN_SCHED_RQST_CMP_CAMPUS (CMP_ID, CAMPUS_ID) values ('7b7082b6-4dc6-4cb4-976f-956e16945995', 'UMCP')
/
insert into KSEN_SCHED_RQST_CMP_ROOM (CMP_ID, ROOM_ID) values ('7b7082b6-4dc6-4cb4-976f-956e16945995', '6dd715ea-cc9b-4cd1-9a34-f96628650406')
/
insert into KSEN_SCHED_RQST_CMP_TMSLOT (CMP_ID, TM_SLOT_ID) values ('7b7082b6-4dc6-4cb4-976f-956e16945995', '4A6971D2-447D-4359-B949-F4EDF104A0AA')
/
insert into KSEN_CWL (OBJ_ID, VER_NBR, CREATEID, CREATETIME, UPDATEID, UPDATETIME, ALLOW_HOLD_UTIL_ENTRIES_IND, AUTO_PROCESSED_IND, CHECK_IN_REQ_IND, CONF_REQ_IND, EFF_DT, EXPIR_DT, MAX_SIZE, REG_IN_FIRST_AAO_IND, STD_DUR_TIME_QTY, STD_DUR_TYPE, CWL_STATE, CWL_TYPE, ID) values ('531cea85-be39-45d4-951b-bacc8dae06d1', 0, 'admin', TIMESTAMP '2014-02-06 10:34:38.883', 'admin', TIMESTAMP '2014-02-06 10:34:38.883', 1, 1, 0, 1, TIMESTAMP '2013-01-02 00:00:00.0', '', '', 1, '', '', 'kuali.course.waitlist.state.inactive', 'kuali.course.waitlist.type.course.waitlist', '83756e22-64db-4a60-a107-a5ad96592cf5')
/
insert into KSEN_CWL_ACTIV_OFFER (CWL_ID, ACTIV_OFFER_ID) values ('83756e22-64db-4a60-a107-a5ad96592cf5', '5c76e4a3-9da1-4093-8196-650ae13ec631')
/
insert into KSEN_CWL_FORMAT_OFFER (CWL_ID, FORMAT_OFFER_ID) values ('83756e22-64db-4a60-a107-a5ad96592cf5', '7ee65da4-ca74-4d3a-a820-a1abd718f9bf')
/
insert into KSEN_CO_AO_CLUSTER (OBJ_ID, VER_NBR, CREATEID, CREATETIME, UPDATEID, UPDATETIME, AO_CLUSTER_STATE, AO_CLUSTER_TYPE, DESCR_FORMATTED, DESCR_PLAIN, FORMAT_OFFERING_ID, NAME, PRIVATE_NAME, ID) values ('95c8f04f-9b11-41d1-9b5a-227a8b328ae1', 0, 'admin', TIMESTAMP '2014-02-06 10:34:38.883', 'admin', TIMESTAMP '2014-02-06 10:34:38.883', 'kuali.activity.offering.cluster.state.active', 'kuali.activity.offering.cluster.type.activity.offering.cluster', '', '', '7ee65da4-ca74-4d3a-a820-a1abd718f9bf', 'CL 1', 'CL 1', 'e259fbae-80fc-463b-a41b-7dd5a67b668d')
/
insert into KSEN_CO_AO_CLUSTER_SET (OBJ_ID, ACTIVITY_OFFERING_TYPE, AO_CLUSTER_ID, ID) values ('1e7e4b9e-160b-40e1-b34a-846280546571', 'kuali.lui.type.activity.offering.lecture', 'e259fbae-80fc-463b-a41b-7dd5a67b668d', 'f56d49a8-7308-488f-83d6-02cc65780002')
/
insert into KSEN_CO_AO_CLUSTER_SET_AO (AOC_SET_ID, ACTIVITY_OFFERING_ID) values ('f56d49a8-7308-488f-83d6-02cc65780002', '5c76e4a3-9da1-4093-8196-650ae13ec631')
/
insert into KSEN_CO_AO_CLUSTER_SET_AO (AOC_SET_ID, ACTIVITY_OFFERING_ID) values ('f56d49a8-7308-488f-83d6-02cc65780002', '0f39c165-ef25-4e91-a78f-75991bac1142')
/
update KSEN_CO_AO_CLUSTER_SET set AO_CLUSTER_ID='e259fbae-80fc-463b-a41b-7dd5a67b668d' where ID='f56d49a8-7308-488f-83d6-02cc65780002'
/
insert into KSEN_LUI (OBJ_ID, VER_NBR, CREATEID, CREATETIME, UPDATEID, UPDATETIME, ATP_ID, CLU_ID, EFF_DT, EXPIR_DT, DESCR_FORMATTED, LUI_STATE, LUI_TYPE, MAX_SEATS, MIN_SEATS, NAME, DESCR_PLAIN, REF_URL, ID) values ('00e8fba3-ab44-4d5e-bbfc-d86e82c6e82d', 0, 'admin', TIMESTAMP '2014-02-06 10:34:38.883', 'admin', TIMESTAMP '2014-02-06 10:34:38.883', 'kuali.atp.2014Winter', 'b3d8efe2-cbe7-4e50-a72f-8f4b2b4ea8ad', '', '', '1001', 'kuali.lui.registration.group.state.pending', 'kuali.lui.type.registration.group', '', '', '1001', '1001', '', '76fb40e0-bd4a-4c04-9e11-0fbaf43cb7a8')
/
insert into KSEN_LUI_ATTR (OBJ_ID, ATTR_KEY, OWNER_ID, ATTR_VALUE, ID) values ('f9a1efed-5ce8-4dfb-9e5d-c58ffc9ed540', 'kuali.attribute.registration.group.is.generated', '76fb40e0-bd4a-4c04-9e11-0fbaf43cb7a8', 1, '27e21962-26cb-4c78-a747-9ed0737aae7d')
/
insert into KSEN_LUI_ATTR (OBJ_ID, ATTR_KEY, OWNER_ID, ATTR_VALUE, ID) values ('fcb6b0ff-e16c-4cf5-8470-fec9d9d8b301', 'kuali.attribute.registration.group.aocluster.id', '76fb40e0-bd4a-4c04-9e11-0fbaf43cb7a8', 'e259fbae-80fc-463b-a41b-7dd5a67b668d', 'a3f1aad4-add7-4922-b39b-998da4e45f68')
/
insert into KSEN_LUI_IDENT (OBJ_ID, VER_NBR, CREATEID, CREATETIME, UPDATEID, UPDATETIME, LUI_CD, DIVISION, IDENT_LEVEL, LNG_NAME, LUI_ID, ORGID, SHRT_NAME, LUI_ID_STATE, SUFX_CD, LUI_ID_TYPE, VARTN, ID) values ('0c73774f-424b-4d8b-9e6c-8f612dbb30fe', 0, 'admin', TIMESTAMP '2014-02-06 10:34:38.883', 'admin', TIMESTAMP '2014-02-06 10:34:38.883', '', '', '', '', '76fb40e0-bd4a-4c04-9e11-0fbaf43cb7a8', '', '', 'kuali.lui.identifier.state.active', '', 'kuali.lui.identifier.type.official', '', '41c35e24-fb3c-4a75-a18f-a213e26411a3')
/
insert into KSEN_LUILUI_RELTN (OBJ_ID, VER_NBR, CREATEID, CREATETIME, UPDATEID, UPDATETIME, EFF_DT, EXPIR_DT, DESCR_FORMATTED, LUI_ID, LUILUI_RELTN_STATE, LUILUI_RELTN_TYPE, NAME, DESCR_PLAIN, RELATED_LUI_ID, ID) values ('61aa4a63-c92c-4b41-b4db-055702e661b2', 0, 'admin', TIMESTAMP '2014-02-06 10:34:38.883', 'admin', TIMESTAMP '2014-02-06 10:34:38.883', TIMESTAMP '2014-02-06 10:35:47.599', '', 'ENGL243-FO-RG', '7ee65da4-ca74-4d3a-a820-a1abd718f9bf', 'kuali.lui.lui.relation.state.active', 'kuali.lui.lui.relation.type.deliveredvia.fo2rg', 'fo-rg-relation', 'ENGL243-FO-RG', '76fb40e0-bd4a-4c04-9e11-0fbaf43cb7a8', '099c0dc1-df70-429d-833b-39b03039d764')
/
insert into KSEN_LUILUI_RELTN (OBJ_ID, VER_NBR, CREATEID, CREATETIME, UPDATEID, UPDATETIME, EFF_DT, EXPIR_DT, DESCR_FORMATTED, LUI_ID, LUILUI_RELTN_STATE, LUILUI_RELTN_TYPE, NAME, DESCR_PLAIN, RELATED_LUI_ID, ID) values ('02315d2e-6def-44b6-8e32-3137b7a12410', 0, 'admin', TIMESTAMP '2014-02-06 10:34:38.883', 'admin', TIMESTAMP '2014-02-06 10:34:38.883', TIMESTAMP '2014-02-06 10:35:47.627', '', 'ENGL243-RG-AO', '76fb40e0-bd4a-4c04-9e11-0fbaf43cb7a8', 'kuali.lui.lui.relation.state.active', 'kuali.lui.lui.relation.type.registeredforvia.rg2ao', 'rg-ao-relation', 'ENGL243-RG-AO', '0f39c165-ef25-4e91-a78f-75991bac1142', '4ace225c-6e1e-41be-8fa0-409d1beede43')
/
insert into KSEN_LUI (OBJ_ID, VER_NBR, CREATEID, CREATETIME, UPDATEID, UPDATETIME, ATP_ID, CLU_ID, EFF_DT, EXPIR_DT, DESCR_FORMATTED, LUI_STATE, LUI_TYPE, MAX_SEATS, MIN_SEATS, NAME, DESCR_PLAIN, REF_URL, ID) values ('d7f3d2ec-bf12-4093-b7b6-b7836bb36525', 0, 'admin', TIMESTAMP '2014-02-06 10:34:38.883', 'admin', TIMESTAMP '2014-02-06 10:34:38.883', 'kuali.atp.2014Winter', 'b3d8efe2-cbe7-4e50-a72f-8f4b2b4ea8ad', '', '', '1002', 'kuali.lui.registration.group.state.pending', 'kuali.lui.type.registration.group', '', '', '1002', '1002', '', '6ea35038-aa3d-4ad7-bcc7-9238e3a999f2')
/
insert into KSEN_LUI_ATTR (OBJ_ID, ATTR_KEY, OWNER_ID, ATTR_VALUE, ID) values ('f04dea4a-9596-4ec5-8fa3-5b509107f9ea', 'kuali.attribute.registration.group.aocluster.id', '6ea35038-aa3d-4ad7-bcc7-9238e3a999f2', 'e259fbae-80fc-463b-a41b-7dd5a67b668d', '1c3a3775-e0eb-47ec-aa67-303259735c12')
/
insert into KSEN_LUI_ATTR (OBJ_ID, ATTR_KEY, OWNER_ID, ATTR_VALUE, ID) values ('cff48dcd-704d-4cc2-858e-ac41606234de', 'kuali.attribute.registration.group.is.generated', '6ea35038-aa3d-4ad7-bcc7-9238e3a999f2', 1, '283ed826-89f1-48e2-b8f9-24a6f26dbb65')
/
insert into KSEN_LUI_IDENT (OBJ_ID, VER_NBR, CREATEID, CREATETIME, UPDATEID, UPDATETIME, LUI_CD, DIVISION, IDENT_LEVEL, LNG_NAME, LUI_ID, ORGID, SHRT_NAME, LUI_ID_STATE, SUFX_CD, LUI_ID_TYPE, VARTN, ID) values ('37fafafc-c840-4a36-91fa-4e42ae8e1b72', 0, 'admin', TIMESTAMP '2014-02-06 10:34:38.883', 'admin', TIMESTAMP '2014-02-06 10:34:38.883', '', '', '', '', '6ea35038-aa3d-4ad7-bcc7-9238e3a999f2', '', '', 'kuali.lui.identifier.state.active', '', 'kuali.lui.identifier.type.official', '', '98265dd9-b6e0-448e-940a-4e98903510be')
/
insert into KSEN_LUILUI_RELTN (OBJ_ID, VER_NBR, CREATEID, CREATETIME, UPDATEID, UPDATETIME, EFF_DT, EXPIR_DT, DESCR_FORMATTED, LUI_ID, LUILUI_RELTN_STATE, LUILUI_RELTN_TYPE, NAME, DESCR_PLAIN, RELATED_LUI_ID, ID) values ('3ec50aa8-ba0a-4a1f-b8de-63803661eb9d', 0, 'admin', TIMESTAMP '2014-02-06 10:34:38.883', 'admin', TIMESTAMP '2014-02-06 10:34:38.883', TIMESTAMP '2014-02-06 10:35:47.771', '', 'ENGL243-FO-RG', '7ee65da4-ca74-4d3a-a820-a1abd718f9bf', 'kuali.lui.lui.relation.state.active', 'kuali.lui.lui.relation.type.deliveredvia.fo2rg', 'fo-rg-relation', 'ENGL243-FO-RG', '6ea35038-aa3d-4ad7-bcc7-9238e3a999f2', 'd2aae9f8-bb0b-4fc3-8fd2-badbfae25253')
/
insert into KSEN_LUILUI_RELTN (OBJ_ID, VER_NBR, CREATEID, CREATETIME, UPDATEID, UPDATETIME, EFF_DT, EXPIR_DT, DESCR_FORMATTED, LUI_ID, LUILUI_RELTN_STATE, LUILUI_RELTN_TYPE, NAME, DESCR_PLAIN, RELATED_LUI_ID, ID) values ('0bd81838-2e4e-46fd-9151-a2102326af9c', 0, 'admin', TIMESTAMP '2014-02-06 10:34:38.883', 'admin', TIMESTAMP '2014-02-06 10:34:38.883', TIMESTAMP '2014-02-06 10:35:47.774', '', 'ENGL243-RG-AO', '6ea35038-aa3d-4ad7-bcc7-9238e3a999f2', 'kuali.lui.lui.relation.state.active', 'kuali.lui.lui.relation.type.registeredforvia.rg2ao', 'rg-ao-relation', 'ENGL243-RG-AO', '5c76e4a3-9da1-4093-8196-650ae13ec631', 'be83946d-b96f-46ca-8567-eaf50e9a0bb7')
/
insert into KSEN_LUI (OBJ_ID, VER_NBR, CREATEID, CREATETIME, UPDATEID, UPDATETIME, ATP_ID, CLU_ID, EFF_DT, EXPIR_DT, DESCR_FORMATTED, LUI_STATE, LUI_TYPE, MAX_SEATS, MIN_SEATS, NAME, DESCR_PLAIN, REF_URL, ID) values ('dfb224f4-9587-4bb5-b1ba-5dd62dedd589', 0, 'admin', TIMESTAMP '2014-02-06 10:34:38.883', 'admin', TIMESTAMP '2014-02-06 10:34:38.883', 'kuali.atp.2014Winter', 'CLUID-WMST469-201008000000', TIMESTAMP '2014-01-02 00:00:00.0', '', 'Special topics course taken as part of an approved study abroad program', 'kuali.lui.course.offering.state.draft', 'kuali.lui.type.course.offering', '', '', 'WMST469T CO', 'Special topics course taken as part of an approved study abroad program', null, '199de9cd-6c17-4ed6-bb57-1263fd0cf830')
/
insert into KSEN_LUI_ATTR (OBJ_ID, ATTR_KEY, OWNER_ID, ATTR_VALUE, ID) values ('a14c7b00-1517-4712-89cb-e7d748db5099', 'kuali.attribute.where.fees.attached.flag', '199de9cd-6c17-4ed6-bb57-1263fd0cf830', 0, 'e82a0f92-8ef7-4920-94c2-35284faf679a')
/
insert into KSEN_LUI_ATTR (OBJ_ID, ATTR_KEY, OWNER_ID, ATTR_VALUE, ID) values ('2dd915f5-f3f3-40fc-b1fc-5a52c70a8f23', 'kuali.attribute.final.exam.driver', '199de9cd-6c17-4ed6-bb57-1263fd0cf830', 'kuali.lu.exam.driver.ActivityOffering', '64257cfe-d2ca-4ed8-bdc3-5c5e5b0b5656')
/
insert into KSEN_LUI_ATTR (OBJ_ID, ATTR_KEY, OWNER_ID, ATTR_VALUE, ID) values ('b57c34e8-4259-477f-891a-420da3b22c6b', 'kuali.attribute.wait.list.indicator', '199de9cd-6c17-4ed6-bb57-1263fd0cf830', 1, 'a3d3ab10-75f8-459b-93a2-098898710aeb')
/
insert into KSEN_LUI_ATTR (OBJ_ID, ATTR_KEY, OWNER_ID, ATTR_VALUE, ID) values ('da086b1e-8af9-4221-a846-b093d0182436', 'kuali.attribute.final.exam.use.matrix', '199de9cd-6c17-4ed6-bb57-1263fd0cf830', 1, '078e579a-8323-4e53-9949-949f81686545')
/
insert into KSEN_LUI_ATTR (OBJ_ID, ATTR_KEY, OWNER_ID, ATTR_VALUE, ID) values ('6a079a1b-e8c0-420f-8677-9a8734a89621', 'kuali.attribute.course.number.internal.suffix', '199de9cd-6c17-4ed6-bb57-1263fd0cf830', 'A', 'ff5b8050-cc0b-40da-bbcd-bef9b5600c9f')
/
insert into KSEN_LUI_ATTR (OBJ_ID, ATTR_KEY, OWNER_ID, ATTR_VALUE, ID) values ('4c65980c-ed26-435b-bc5a-fcbe90c1c373', 'kuali.attribute.final.exam.indicator', '199de9cd-6c17-4ed6-bb57-1263fd0cf830', 'STANDARD', '8680c087-87da-4d03-8a7d-2a2289eac699')
/
insert into KSEN_LUI_ATTR (OBJ_ID, ATTR_KEY, OWNER_ID, ATTR_VALUE, ID) values ('2001b6cf-644b-4a14-b817-9b24d151475b', 'kuali.attribute.course.evaluation.indicator', '199de9cd-6c17-4ed6-bb57-1263fd0cf830', 0, 'e00e4075-c11f-4bad-97e7-347a0eb6679c')
/
insert into KSEN_LUI_ATTR (OBJ_ID, ATTR_KEY, OWNER_ID, ATTR_VALUE, ID) values ('92463f23-fbfc-4580-b691-252d62df9af9', 'kuali.attribute.wait.list.level.type.key', '199de9cd-6c17-4ed6-bb57-1263fd0cf830', 'AO', '185e5901-4f6a-4b32-a35a-e516fe13de2b')
/
insert into KSEN_LUI_ATTR (OBJ_ID, ATTR_KEY, OWNER_ID, ATTR_VALUE, ID) values ('7e7bd91d-58d8-438f-a72a-35e87e22c85f', 'kuali.attribute.funding.source', '199de9cd-6c17-4ed6-bb57-1263fd0cf830', '', 'd72e61e2-d81b-4a24-be49-baca0bbf34ba')
/
insert into KSEN_LUI_ATTR (OBJ_ID, ATTR_KEY, OWNER_ID, ATTR_VALUE, ID) values ('3613dc2a-69a0-49d9-977c-c11270140b66', 'kuali.attribute.wait.list.type.key', '199de9cd-6c17-4ed6-bb57-1263fd0cf830', null, 'e5a818be-c8cf-4641-945d-127718317a37')
/
insert into KSEN_LUI_IDENT (OBJ_ID, VER_NBR, CREATEID, CREATETIME, UPDATEID, UPDATETIME, LUI_CD, DIVISION, IDENT_LEVEL, LNG_NAME, LUI_ID, ORGID, SHRT_NAME, LUI_ID_STATE, SUFX_CD, LUI_ID_TYPE, VARTN, ID) values ('ab79b441-abf1-4bfb-88b4-c2b6ab35709d', 0, 'admin', TIMESTAMP '2014-02-06 10:34:38.883', 'admin', TIMESTAMP '2014-02-06 10:34:38.883', 'WMST469T', 'WMST', '', 'Study Abroad Special Topics IV', '199de9cd-6c17-4ed6-bb57-1263fd0cf830', '', '', 'kuali.lui.identifier.state.active', 'T', 'kuali.lui.identifier.type.official', '', '4990fc41-678d-4e88-8c86-1cce71ca17fc')
/
insert into KSEN_LUI_LU_CD (OBJ_ID, VER_NBR, CREATEID, CREATETIME, UPDATEID, UPDATETIME, DESCR_FORMATTED, LUI_ID, DESCR_PLAIN, LUI_LUCD_TYPE, VALUE, ID) values ('d259e69c-d75d-46b8-8a88-8043e6a8361c', 0, 'admin', TIMESTAMP '2014-02-06 10:34:38.883', 'admin', TIMESTAMP '2014-02-06 10:34:38.883', '', '199de9cd-6c17-4ed6-bb57-1263fd0cf830', '', 'kuali.lu.code.honorsOffering', '', 'a21b149b-13c2-44d0-8ef4-d4fe457a1c80')
/
insert into KSEN_LUI_UNITS_DEPLOYMENT (LUI_ID, ORG_ID, ID) values ('199de9cd-6c17-4ed6-bb57-1263fd0cf830', '4014660630', '33a0464a-c21a-447e-bedb-3a892fc9b11c')
/
insert into KSEN_LUI_UNITS_CONT_OWNER (LUI_ID, ORG_ID) values ('199de9cd-6c17-4ed6-bb57-1263fd0cf830', '4014660630')
/
insert into KSEN_LUI_RESULT_VAL_GRP (LUI_ID, RESULT_VAL_GRP_ID) values ('199de9cd-6c17-4ed6-bb57-1263fd0cf830', 'kuali.resultComponent.grade.letter')
/
insert into KSEN_LUI_RESULT_VAL_GRP (LUI_ID, RESULT_VAL_GRP_ID) values ('199de9cd-6c17-4ed6-bb57-1263fd0cf830', 'kuali.resultComponent.grade.audit')
/
insert into KSEN_LUI_RESULT_VAL_GRP (LUI_ID, RESULT_VAL_GRP_ID) values ('199de9cd-6c17-4ed6-bb57-1263fd0cf830', 'kuali.resultComponent.grade.passFail')
/
insert into KSEN_LUI_RESULT_VAL_GRP (LUI_ID, RESULT_VAL_GRP_ID) values ('199de9cd-6c17-4ed6-bb57-1263fd0cf830', 'kuali.creditType.credit.degree.1-6.by.0.5')
/
insert into KSEN_LUI (OBJ_ID, VER_NBR, CREATEID, CREATETIME, UPDATEID, UPDATETIME, ATP_ID, CLU_ID, EFF_DT, EXPIR_DT, DESCR_FORMATTED, LUI_STATE, LUI_TYPE, MAX_SEATS, MIN_SEATS, NAME, DESCR_PLAIN, REF_URL, ID) values ('6e6d9460-8bcb-4214-be16-6e45e01f6f42', 0, 'admin', TIMESTAMP '2014-02-06 10:34:38.883', 'admin', TIMESTAMP '2014-02-06 10:34:38.883', 'kuali.atp.2014Winter', '4f5e5387-81cb-46b6-8b3f-fef5aeb90638', '', '', 'Courses with Lecture only', 'kuali.lui.format.offering.state.draft', 'kuali.lui.type.course.format.offering', '', '', 'Lecture Only', 'Courses with Lecture only', '', '75f3dd4f-8744-41ce-9d18-a90b3b06058f')
/
insert into KSEN_LUI_ATTR (OBJ_ID, ATTR_KEY, OWNER_ID, ATTR_VALUE, ID) values ('710853a4-da62-46f1-b330-94807f4f95d1', 'kuali.attribute.grade.roster.level.type.key', '75f3dd4f-8744-41ce-9d18-a90b3b06058f', 'kuali.lui.type.activity.offering.lecture', 'de9b1c82-336f-44a1-b1ab-257bc86e22d4')
/
insert into KSEN_LUI_ATTR (OBJ_ID, ATTR_KEY, OWNER_ID, ATTR_VALUE, ID) values ('4faacbb0-2b43-4a86-89f7-72cfc01ee261', 'kuali.attribute.final.exam.level.type', '75f3dd4f-8744-41ce-9d18-a90b3b06058f', 'kuali.lu.type.activity.Lecture', '156bc04d-e19f-4b29-8bb8-0d1a53fdd283')
/
insert into KSEN_LUI_ATTR (OBJ_ID, ATTR_KEY, OWNER_ID, ATTR_VALUE, ID) values ('daddee1d-8323-470b-8176-01a2fb27c460', 'regCodePrefix', '75f3dd4f-8744-41ce-9d18-a90b3b06058f', '1', 'a48a2e20-1224-4930-95dc-6573051a727e')
/
insert into KSEN_LUI_IDENT (OBJ_ID, VER_NBR, CREATEID, CREATETIME, UPDATEID, UPDATETIME, LUI_CD, DIVISION, IDENT_LEVEL, LNG_NAME, LUI_ID, ORGID, SHRT_NAME, LUI_ID_STATE, SUFX_CD, LUI_ID_TYPE, VARTN, ID) values ('90873298-076f-45c0-bb23-0e3fcd0fe0c1', 0, 'admin', TIMESTAMP '2014-02-06 10:34:38.883', 'admin', TIMESTAMP '2014-02-06 10:34:38.883', '', '', '', 'Lecture Only', '75f3dd4f-8744-41ce-9d18-a90b3b06058f', '', 'LEC', 'kuali.lui.identifier.state.active', '', 'kuali.lui.identifier.type.official', '', '2b14449e-ae61-4d60-92fc-a985068ac468')
/
insert into KSEN_LUI_RELATED_LUI_TYPES (LUI_ID, RELATED_LUI_TYPE) values ('75f3dd4f-8744-41ce-9d18-a90b3b06058f', 'kuali.lui.type.activity.offering.lecture')
/
insert into KSEN_LUILUI_RELTN (OBJ_ID, VER_NBR, CREATEID, CREATETIME, UPDATEID, UPDATETIME, EFF_DT, EXPIR_DT, DESCR_FORMATTED, LUI_ID, LUILUI_RELTN_STATE, LUILUI_RELTN_TYPE, NAME, DESCR_PLAIN, RELATED_LUI_ID, ID) values ('f7e9101d-65a8-46b6-aafe-6c5cf8507dd5', 0, 'admin', TIMESTAMP '2014-02-06 10:34:38.883', 'admin', TIMESTAMP '2014-02-06 10:34:38.883', TIMESTAMP '2014-02-06 10:35:50.767', '', 'WMST469T-CO-FO', '199de9cd-6c17-4ed6-bb57-1263fd0cf830', 'kuali.lui.lui.relation.state.active', 'kuali.lui.lui.relation.type.deliveredvia.co2fo', 'co-fo-relation', 'WMST469T-CO-FO', '75f3dd4f-8744-41ce-9d18-a90b3b06058f', 'e129dddb-6a5c-47c1-acad-372084b6fb16')
/
insert into KSEN_LUI (OBJ_ID, VER_NBR, CREATEID, CREATETIME, UPDATEID, UPDATETIME, ATP_ID, CLU_ID, EFF_DT, EXPIR_DT, DESCR_FORMATTED, LUI_STATE, LUI_TYPE, MAX_SEATS, MIN_SEATS, NAME, DESCR_PLAIN, REF_URL, ID) values ('45a11ffe-e28a-41fb-8b50-a46910b15337', 0, 'admin', TIMESTAMP '2014-02-06 10:34:38.883', 'admin', TIMESTAMP '2014-02-06 10:34:38.883', 'kuali.atp.2014Winter', '0b5c76ff-9f50-41d6-a505-bc39ccba5f8c', '', '', 'Courses with lecture', 'kuali.lui.activity.offering.state.draft', 'kuali.lui.type.activity.offering.lecture', 1, '', 'Lecture', 'Courses with lecture', null, '54ed5416-7190-4da7-8031-103142f250c6')
/
insert into KSEN_LUI_ATTR (OBJ_ID, ATTR_KEY, OWNER_ID, ATTR_VALUE, ID) values ('115f6423-bb6d-4d1f-949e-37bd338d8136', 'kuali.attribute.max.enrollment.is.estimate', '54ed5416-7190-4da7-8031-103142f250c6', 0, '0990677e-ae25-4d6c-8dbb-6ed3a24df5f6')
/
insert into KSEN_LUI_ATTR (OBJ_ID, ATTR_KEY, OWNER_ID, ATTR_VALUE, ID) values ('bef8da3a-8e59-44c1-a75b-03d5e83ee0a8', 'kuali.attribute.course.evaluation.indicator', '54ed5416-7190-4da7-8031-103142f250c6', 0, '863e82bd-395a-4cf3-bc8c-a24f8f769524')
/
insert into KSEN_LUI_ATTR (OBJ_ID, ATTR_KEY, OWNER_ID, ATTR_VALUE, ID) values ('9b03f47e-7cfe-4abf-bbcc-0d0aa4a8ae04', 'kuali.attribute.nonstd.ts.indicator', '54ed5416-7190-4da7-8031-103142f250c6', 0, '79212cc4-9879-418a-96e3-c06930b01cec')
/
insert into KSEN_LUI_IDENT (OBJ_ID, VER_NBR, CREATEID, CREATETIME, UPDATEID, UPDATETIME, LUI_CD, DIVISION, IDENT_LEVEL, LNG_NAME, LUI_ID, ORGID, SHRT_NAME, LUI_ID_STATE, SUFX_CD, LUI_ID_TYPE, VARTN, ID) values ('30c02e05-acd3-4c81-8a06-8a02422968b7', 0, 'admin', TIMESTAMP '2014-02-06 10:34:38.883', 'admin', TIMESTAMP '2014-02-06 10:34:38.883', 'A', '', '', '', '54ed5416-7190-4da7-8031-103142f250c6', '', '', 'kuali.lui.identifier.state.active', '', 'kuali.lui.identifier.type.official', '', '4cba38a3-e26e-4fe3-b3e2-29ca9f760049')
/
insert into KSEN_LUI_LU_CD (OBJ_ID, VER_NBR, CREATEID, CREATETIME, UPDATEID, UPDATETIME, DESCR_FORMATTED, LUI_ID, DESCR_PLAIN, LUI_LUCD_TYPE, VALUE, ID) values ('68bfab0e-cac3-4097-a6dc-ed2a51d75e2f', 0, 'admin', TIMESTAMP '2014-02-06 10:34:38.883', 'admin', TIMESTAMP '2014-02-06 10:34:38.883', '', '54ed5416-7190-4da7-8031-103142f250c6', '', 'kuali.lu.code.honorsOffering', 0, '50cb7b77-d305-4190-a080-840e43cfbf25')
/
insert into KSEN_LPR (OBJ_ID, VER_NBR, CREATEID, CREATETIME, UPDATEID, UPDATETIME, ATP_ID, COMMIT_PERCT, CREDITS, EFF_DT, EXPIR_DT, GRADING_OPT_ID, LUI_ID, MASTER_LUI_ID, PERS_ID, LPR_STATE, LPR_TYPE, ID) values ('e1298a71-e0cf-426e-80ea-94a4ab2809ee', 0, 'admin', TIMESTAMP '2014-02-06 10:34:38.883', 'admin', TIMESTAMP '2014-02-06 10:34:38.883', '', '100.00', '', TIMESTAMP '2014-02-06 10:35:50.923', '', '', '54ed5416-7190-4da7-8031-103142f250c6', '', 'D.ALEXD', 'kuali.lpr.state.active', 'kuali.lpr.type.instructor.main', '4f7673bc-67dd-40da-a885-4529eb2c03bd')
/
insert into KSEN_LUILUI_RELTN (OBJ_ID, VER_NBR, CREATEID, CREATETIME, UPDATEID, UPDATETIME, EFF_DT, EXPIR_DT, DESCR_FORMATTED, LUI_ID, LUILUI_RELTN_STATE, LUILUI_RELTN_TYPE, NAME, DESCR_PLAIN, RELATED_LUI_ID, ID) values ('885b0579-c46f-4479-a63c-48e58db51b93', 0, 'admin', TIMESTAMP '2014-02-06 10:34:38.883', 'admin', TIMESTAMP '2014-02-06 10:34:38.883', TIMESTAMP '2014-02-06 10:35:51.008', '', 'WMST469T-FO-AO', '75f3dd4f-8744-41ce-9d18-a90b3b06058f', 'kuali.lui.lui.relation.state.active', 'kuali.lui.lui.relation.type.deliveredvia.fo2ao', 'fo-ao-relation', 'WMST469T-FO-AO', '54ed5416-7190-4da7-8031-103142f250c6', '56cdfd76-1b19-4936-8f83-4d204d1150db')
/
insert into KSEN_SCHED_RQST_SET (OBJ_ID, VER_NBR, CREATEID, CREATETIME, UPDATEID, UPDATETIME, DESCR_FORMATTED, MAX_ENRL_SHARED_IND, MAX_ENRL, NAME, DESCR_PLAIN, REF_OBJECT_TYPE, SCHED_RQST_SET_STATE, SCHED_RQST_SET_TYPE, ID) values ('b046052c-e807-4504-8ec1-0146209202e0', 0, 'admin', TIMESTAMP '2014-02-06 10:34:38.883', 'admin', TIMESTAMP '2014-02-06 10:34:38.883', '', 0, '', 'Schedule request set for WMST469T - A', '', 'http://student.kuali.org/wsdl/courseOffering/ActivityOfferingInfo', 'kuali.scheduling.schedule.request.set.state.created', 'kuali.scheduling.schedule.request.set.type.schedule.request.set', '2a6ec3b6-8c46-4ee5-8a26-5917a28007b1')
/
insert into KSEN_SCHED_RQST (OBJ_ID, VER_NBR, CREATEID, CREATETIME, UPDATEID, UPDATETIME, DESCR_FORMATTED, NAME, DESCR_PLAIN, SCHED_RQST_STATE, SCHED_RQST_TYPE, SCHED_ID, SCHED_RQST_SET_ID, ID) values ('aca14dc5-d082-4a77-8e28-37f4da11ccf1', 0, 'admin', TIMESTAMP '2014-02-06 10:34:38.883', 'admin', TIMESTAMP '2014-02-06 10:34:38.883', '', 'Schedule request for WMST469T - A', '', 'kuali.scheduling.schedule.request.state.created', 'kuali.scheduling.schedule.request.type.schedule.request', '', '2a6ec3b6-8c46-4ee5-8a26-5917a28007b1', 'a9f4579e-92c1-4f57-bbbc-b3a016faf853')
/
insert into KSEN_SCHED_RQST_CMP (OBJ_ID, TBA_IND, SCHED_RQST_ID, ID) values ('3ea80c13-b183-4d01-8113-51d2c8bf971a', 1, 'a9f4579e-92c1-4f57-bbbc-b3a016faf853', 'b20a87c3-5212-4b9b-b6c8-d858c7f01937')
/
insert into KSEN_SCHED_REF_OBJECT (SCHED_RQST_SET_ID, REF_OBJECT_ID) values ('2a6ec3b6-8c46-4ee5-8a26-5917a28007b1', '54ed5416-7190-4da7-8031-103142f250c6')
/
insert into KSEN_SCHED_RQST_CMP_TMSLOT (CMP_ID, TM_SLOT_ID) values ('b20a87c3-5212-4b9b-b6c8-d858c7f01937', '4A6971D2-447D-4359-B949-F4EDF104A0AA')
/
insert into KSEN_CO_SEAT_POOL_DEFN (OBJ_ID, VER_NBR, CREATEID, CREATETIME, UPDATEID, UPDATETIME, ACTIVITY_OFFERING_ID, EXPIR_MSTONE_TYPE, PERCENTAGE_IND, NAME, POPULATION_ID, PROCESSING_PRIORITY, SEAT_LIMIT, SEAT_POOL_DEFN_STATE, SEAT_POOL_DEFN_TYPE, ID) values ('eca88be8-257e-4963-93f3-c0a6a3c30b33', 1, 'admin', TIMESTAMP '2014-02-06 10:34:38.883', 'admin', TIMESTAMP '2014-02-06 10:34:38.883', '', 'kuali.atp.milestone.firstdayofclasses', 0, '400-level Athlete Seatpool', '1c2e7786-a2ab-4778-8e81-ea540c60b9b2', 1, 2, 'kuali.lui.capacity.state.active', 'kuali.lui.capacity.type.seatpool', 'e7c22721-240b-4b73-a79e-fbb7a94f470f')
/
insert into KSEN_CO_SEAT_POOL_DEFN (OBJ_ID, VER_NBR, CREATEID, CREATETIME, UPDATEID, UPDATETIME, ACTIVITY_OFFERING_ID, EXPIR_MSTONE_TYPE, PERCENTAGE_IND, NAME, POPULATION_ID, PROCESSING_PRIORITY, SEAT_LIMIT, SEAT_POOL_DEFN_STATE, SEAT_POOL_DEFN_TYPE, ID) values ('092533ec-fd81-4b6c-b813-2a030251c902', 1, 'admin', TIMESTAMP '2014-02-06 10:34:38.883', 'admin', TIMESTAMP '2014-02-06 10:34:38.883', '', 'kuali.atp.milestone.firstdayofclasses', 0, '400-level Junior Seatpool', '4bae9f12-5901-4db9-b4a8-4dcc20781db5', 2, 4, 'kuali.lui.capacity.state.active', 'kuali.lui.capacity.type.seatpool', '3c84e182-938c-4d8c-8f24-e803f02a2247')
/
update KSEN_CO_SEAT_POOL_DEFN set OBJ_ID='eca88be8-257e-4963-93f3-c0a6a3c30b33', VER_NBR=2, UPDATEID='admin', UPDATETIME=TIMESTAMP '2014-02-06 10:34:38.883', ACTIVITY_OFFERING_ID='54ed5416-7190-4da7-8031-103142f250c6', EXPIR_MSTONE_TYPE='kuali.atp.milestone.firstdayofclasses', PERCENTAGE_IND=0, NAME='400-level Athlete Seatpool', POPULATION_ID='1c2e7786-a2ab-4778-8e81-ea540c60b9b2', PROCESSING_PRIORITY=1, SEAT_LIMIT=2, SEAT_POOL_DEFN_STATE='kuali.lui.capacity.state.active', SEAT_POOL_DEFN_TYPE='kuali.lui.capacity.type.seatpool' where ID='e7c22721-240b-4b73-a79e-fbb7a94f470f' and VER_NBR=1
/
insert into KSEN_CWL (OBJ_ID, VER_NBR, CREATEID, CREATETIME, UPDATEID, UPDATETIME, ALLOW_HOLD_UTIL_ENTRIES_IND, AUTO_PROCESSED_IND, CHECK_IN_REQ_IND, CONF_REQ_IND, EFF_DT, EXPIR_DT, MAX_SIZE, REG_IN_FIRST_AAO_IND, STD_DUR_TIME_QTY, STD_DUR_TYPE, CWL_STATE, CWL_TYPE, ID) values ('9c8e443e-34ae-4541-9e6f-477d55b0a506', 0, 'admin', TIMESTAMP '2014-02-06 10:34:38.883', 'admin', TIMESTAMP '2014-02-06 10:34:38.883', 1, 1, 0, 1, TIMESTAMP '2013-01-02 00:00:00.0', '', '', 1, '', '', 'kuali.course.waitlist.state.active', 'kuali.course.waitlist.type.course.waitlist', '828aa11d-4126-4884-94c8-b12412338437')
/
update KSEN_CO_SEAT_POOL_DEFN set OBJ_ID='092533ec-fd81-4b6c-b813-2a030251c902', VER_NBR=2, UPDATEID='admin', UPDATETIME=TIMESTAMP '2014-02-06 10:34:38.883', ACTIVITY_OFFERING_ID='54ed5416-7190-4da7-8031-103142f250c6', EXPIR_MSTONE_TYPE='kuali.atp.milestone.firstdayofclasses', PERCENTAGE_IND=0, NAME='400-level Junior Seatpool', POPULATION_ID='4bae9f12-5901-4db9-b4a8-4dcc20781db5', PROCESSING_PRIORITY=2, SEAT_LIMIT=4, SEAT_POOL_DEFN_STATE='kuali.lui.capacity.state.active', SEAT_POOL_DEFN_TYPE='kuali.lui.capacity.type.seatpool' where ID='3c84e182-938c-4d8c-8f24-e803f02a2247' and VER_NBR=1
/
insert into KSEN_CWL_ACTIV_OFFER (CWL_ID, ACTIV_OFFER_ID) values ('828aa11d-4126-4884-94c8-b12412338437', '54ed5416-7190-4da7-8031-103142f250c6')
/
insert into KSEN_CWL_FORMAT_OFFER (CWL_ID, FORMAT_OFFER_ID) values ('828aa11d-4126-4884-94c8-b12412338437', '75f3dd4f-8744-41ce-9d18-a90b3b06058f')
/
insert into KSEN_CO_AO_CLUSTER (OBJ_ID, VER_NBR, CREATEID, CREATETIME, UPDATEID, UPDATETIME, AO_CLUSTER_STATE, AO_CLUSTER_TYPE, DESCR_FORMATTED, DESCR_PLAIN, FORMAT_OFFERING_ID, NAME, PRIVATE_NAME, ID) values ('0650806c-dd3f-40ea-8721-6270ab2189f5', 0, 'admin', TIMESTAMP '2014-02-06 10:34:38.883', 'admin', TIMESTAMP '2014-02-06 10:34:38.883', 'kuali.activity.offering.cluster.state.active', 'kuali.activity.offering.cluster.type.activity.offering.cluster', '', '', '75f3dd4f-8744-41ce-9d18-a90b3b06058f', 'CL 1', 'CL 1', '74d957a1-2889-4631-96e3-ddef6c5213b6')
/
insert into KSEN_CO_AO_CLUSTER_SET (OBJ_ID, ACTIVITY_OFFERING_TYPE, AO_CLUSTER_ID, ID) values ('bd814899-1f2f-4dcb-a0a4-99b44e207f73', 'kuali.lui.type.activity.offering.lecture', '74d957a1-2889-4631-96e3-ddef6c5213b6', '8aa246f7-5450-430c-8111-d156477e0628')
/
insert into KSEN_CO_AO_CLUSTER_SET_AO (AOC_SET_ID, ACTIVITY_OFFERING_ID) values ('8aa246f7-5450-430c-8111-d156477e0628', '54ed5416-7190-4da7-8031-103142f250c6')
/
update KSEN_CO_AO_CLUSTER_SET set AO_CLUSTER_ID='74d957a1-2889-4631-96e3-ddef6c5213b6' where ID='8aa246f7-5450-430c-8111-d156477e0628'
/
insert into KSEN_LUI (OBJ_ID, VER_NBR, CREATEID, CREATETIME, UPDATEID, UPDATETIME, ATP_ID, CLU_ID, EFF_DT, EXPIR_DT, DESCR_FORMATTED, LUI_STATE, LUI_TYPE, MAX_SEATS, MIN_SEATS, NAME, DESCR_PLAIN, REF_URL, ID) values ('76ad4628-c993-47a6-8487-4eb3b560dbcd', 0, 'admin', TIMESTAMP '2014-02-06 10:34:38.883', 'admin', TIMESTAMP '2014-02-06 10:34:38.883', 'kuali.atp.2014Winter', '4f5e5387-81cb-46b6-8b3f-fef5aeb90638', '', '', '1001', 'kuali.lui.registration.group.state.pending', 'kuali.lui.type.registration.group', '', '', '1001', '1001', '', 'c22e0858-c130-447f-bb1f-1ce322473d21')
/
insert into KSEN_LUI_ATTR (OBJ_ID, ATTR_KEY, OWNER_ID, ATTR_VALUE, ID) values ('8d5fe9ec-acc3-44fa-aa14-4f7bcf423dda', 'kuali.attribute.registration.group.is.generated', 'c22e0858-c130-447f-bb1f-1ce322473d21', 1, 'f51d4dd0-7a76-4e13-953f-fcbeaf1b8beb')
/
insert into KSEN_LUI_ATTR (OBJ_ID, ATTR_KEY, OWNER_ID, ATTR_VALUE, ID) values ('76421a81-61b5-43c9-b0c5-f8a2a3b194f2', 'kuali.attribute.registration.group.aocluster.id', 'c22e0858-c130-447f-bb1f-1ce322473d21', '74d957a1-2889-4631-96e3-ddef6c5213b6', '5b1f9580-5ff5-40f5-bf38-1d6c30c986fd')
/
insert into KSEN_LUI_IDENT (OBJ_ID, VER_NBR, CREATEID, CREATETIME, UPDATEID, UPDATETIME, LUI_CD, DIVISION, IDENT_LEVEL, LNG_NAME, LUI_ID, ORGID, SHRT_NAME, LUI_ID_STATE, SUFX_CD, LUI_ID_TYPE, VARTN, ID) values ('d2fe5225-a682-4f21-900b-04959f9fb044', 0, 'admin', TIMESTAMP '2014-02-06 10:34:38.883', 'admin', TIMESTAMP '2014-02-06 10:34:38.883', '', '', '', '', 'c22e0858-c130-447f-bb1f-1ce322473d21', '', '', 'kuali.lui.identifier.state.active', '', 'kuali.lui.identifier.type.official', '', 'f3f501ab-40d9-4d11-91cf-05f5708070a5')
/
insert into KSEN_LUILUI_RELTN (OBJ_ID, VER_NBR, CREATEID, CREATETIME, UPDATEID, UPDATETIME, EFF_DT, EXPIR_DT, DESCR_FORMATTED, LUI_ID, LUILUI_RELTN_STATE, LUILUI_RELTN_TYPE, NAME, DESCR_PLAIN, RELATED_LUI_ID, ID) values ('7491bcac-8240-4bfd-b3ca-01b43a2eefb9', 0, 'admin', TIMESTAMP '2014-02-06 10:34:38.883', 'admin', TIMESTAMP '2014-02-06 10:34:38.883', TIMESTAMP '2014-02-06 10:35:51.836', '', 'WMST469T-FO-RG', '75f3dd4f-8744-41ce-9d18-a90b3b06058f', 'kuali.lui.lui.relation.state.active', 'kuali.lui.lui.relation.type.deliveredvia.fo2rg', 'fo-rg-relation', 'WMST469T-FO-RG', 'c22e0858-c130-447f-bb1f-1ce322473d21', '66d89c8d-ebf9-40bd-a0db-d6f7d6056be8')
/
insert into KSEN_LUILUI_RELTN (OBJ_ID, VER_NBR, CREATEID, CREATETIME, UPDATEID, UPDATETIME, EFF_DT, EXPIR_DT, DESCR_FORMATTED, LUI_ID, LUILUI_RELTN_STATE, LUILUI_RELTN_TYPE, NAME, DESCR_PLAIN, RELATED_LUI_ID, ID) values ('01f90971-6dfe-4bc4-bd99-2d84eff95e73', 0, 'admin', TIMESTAMP '2014-02-06 10:34:38.883', 'admin', TIMESTAMP '2014-02-06 10:34:38.883', TIMESTAMP '2014-02-06 10:35:51.862', '', 'WMST469T-RG-AO', 'c22e0858-c130-447f-bb1f-1ce322473d21', 'kuali.lui.lui.relation.state.active', 'kuali.lui.lui.relation.type.registeredforvia.rg2ao', 'rg-ao-relation', 'WMST469T-RG-AO', '54ed5416-7190-4da7-8031-103142f250c6', '5af33d35-8696-4dd8-aa81-57ba5b3825e3')
/
insert into KSEN_LUI (OBJ_ID, VER_NBR, CREATEID, CREATETIME, UPDATEID, UPDATETIME, ATP_ID, CLU_ID, EFF_DT, EXPIR_DT, DESCR_FORMATTED, LUI_STATE, LUI_TYPE, MAX_SEATS, MIN_SEATS, NAME, DESCR_PLAIN, REF_URL, ID) values ('a8aaffc8-21f7-412c-b31e-ffb61f7946f1', 0, 'admin', TIMESTAMP '2014-02-06 10:34:38.883', 'admin', TIMESTAMP '2014-02-06 10:34:38.883', 'kuali.atp.2014Winter', 'fbaef52c-442b-4761-85e7-5ab3b238c627', TIMESTAMP '2014-01-02 00:00:00.0', '', 'Introduction to film as art form and how films create meaning. Basic film terminology; fundamental principles of film form, film narrative, and film history. Examination of film technique and style over past one hundred years. Social and economic functions of film within broader institutional, economic, and cultural contexts.', 'kuali.lui.course.offering.state.draft', 'kuali.lui.type.course.offering', '', '', 'ENGL245 CO', 'Introduction to film as art form and how films create meaning. Basic film terminology; fundamental principles of film form, film narrative, and film history. Examination of film technique and style over past one hundred years. Social and economic functions of film within broader institutional, economic, and cultural contexts.', null, 'a73deca1-cd0f-408a-a120-079da612ffbb')
/
insert into KSEN_LUI_ATTR (OBJ_ID, ATTR_KEY, OWNER_ID, ATTR_VALUE, ID) values ('8c25b7a2-4281-453e-86de-9b45d2c536d6', 'kuali.attribute.final.exam.driver', 'a73deca1-cd0f-408a-a120-079da612ffbb', 'kuali.lu.exam.driver.ActivityOffering', '1ef611df-c947-4ced-ae64-c0fbc9b9e48e')
/
insert into KSEN_LUI_ATTR (OBJ_ID, ATTR_KEY, OWNER_ID, ATTR_VALUE, ID) values ('4057ce6f-b1bf-4b4e-adac-f81bf612f870', 'kuali.attribute.wait.list.level.type.key', 'a73deca1-cd0f-408a-a120-079da612ffbb', 'AO', '80a3fa94-ba98-49b0-bd81-dee7fe24de2f')
/
insert into KSEN_LUI_ATTR (OBJ_ID, ATTR_KEY, OWNER_ID, ATTR_VALUE, ID) values ('633b573d-0686-488f-ae04-ed49c5c57c6a', 'kuali.attribute.wait.list.indicator', 'a73deca1-cd0f-408a-a120-079da612ffbb', 0, '7234cff7-49d4-40a1-9db6-eec6bbec699d')
/
insert into KSEN_LUI_ATTR (OBJ_ID, ATTR_KEY, OWNER_ID, ATTR_VALUE, ID) values ('de37b28d-8e8c-475c-87e7-02f0f5bce812', 'kuali.attribute.final.exam.indicator', 'a73deca1-cd0f-408a-a120-079da612ffbb', 'STANDARD', 'af197d90-ae2d-4274-9b25-99797ff0a3a7')
/
insert into KSEN_LUI_ATTR (OBJ_ID, ATTR_KEY, OWNER_ID, ATTR_VALUE, ID) values ('0b0db7fb-9e0c-43e1-9a32-21b1d898d9ef', 'kuali.attribute.funding.source', 'a73deca1-cd0f-408a-a120-079da612ffbb', '', 'baae7080-6b23-4be5-ba4b-bfd1e91fb3ac')
/
insert into KSEN_LUI_ATTR (OBJ_ID, ATTR_KEY, OWNER_ID, ATTR_VALUE, ID) values ('eb69b304-af23-4110-af75-96b6b554f739', 'kuali.attribute.where.fees.attached.flag', 'a73deca1-cd0f-408a-a120-079da612ffbb', 0, '8a91b4c4-cf05-438e-95d9-35b790c4e4e1')
/
insert into KSEN_LUI_ATTR (OBJ_ID, ATTR_KEY, OWNER_ID, ATTR_VALUE, ID) values ('de7230f5-c5e5-41e2-8ed4-4d522156b956', 'kuali.attribute.course.number.internal.suffix', 'a73deca1-cd0f-408a-a120-079da612ffbb', 'A', 'edacf561-402b-4adf-852f-c3a0b7cee7f5')
/
insert into KSEN_LUI_ATTR (OBJ_ID, ATTR_KEY, OWNER_ID, ATTR_VALUE, ID) values ('a2b0901b-eb21-4f13-8d48-8e7f8c5729fe', 'kuali.attribute.course.evaluation.indicator', 'a73deca1-cd0f-408a-a120-079da612ffbb', 0, 'a679bdd5-2896-4e2d-a5fc-53264371e40a')
/
insert into KSEN_LUI_ATTR (OBJ_ID, ATTR_KEY, OWNER_ID, ATTR_VALUE, ID) values ('cb4b52ce-9620-4f4e-abaf-72271acefc01', 'kuali.attribute.final.exam.use.matrix', 'a73deca1-cd0f-408a-a120-079da612ffbb', 1, '18cf7d5f-c2bf-47b0-a76e-70d9d8e3b27a')
/
insert into KSEN_LUI_ATTR (OBJ_ID, ATTR_KEY, OWNER_ID, ATTR_VALUE, ID) values ('515d0cb9-d298-404a-8bbe-4f3308019caf', 'kuali.attribute.wait.list.type.key', 'a73deca1-cd0f-408a-a120-079da612ffbb', null, '0442a470-f92f-476f-b90a-d94e368eb40d')
/
insert into KSEN_LUI_IDENT (OBJ_ID, VER_NBR, CREATEID, CREATETIME, UPDATEID, UPDATETIME, LUI_CD, DIVISION, IDENT_LEVEL, LNG_NAME, LUI_ID, ORGID, SHRT_NAME, LUI_ID_STATE, SUFX_CD, LUI_ID_TYPE, VARTN, ID) values ('181435a6-48e3-48b7-9c76-d20dfa9cde1b', 0, 'admin', TIMESTAMP '2014-02-06 10:34:38.883', 'admin', TIMESTAMP '2014-02-06 10:34:38.883', 'ENGL245', 'ENGL', '', 'Film Form and Culture', 'a73deca1-cd0f-408a-a120-079da612ffbb', '', '', 'kuali.lui.identifier.state.active', '', 'kuali.lui.identifier.type.official', '', '00ba3e25-c470-4047-ae44-b653504e19a5')
/
insert into KSEN_LUI_LU_CD (OBJ_ID, VER_NBR, CREATEID, CREATETIME, UPDATEID, UPDATETIME, DESCR_FORMATTED, LUI_ID, DESCR_PLAIN, LUI_LUCD_TYPE, VALUE, ID) values ('70218b98-b49d-4740-a23e-b85f6a54eb63', 0, 'admin', TIMESTAMP '2014-02-06 10:34:38.883', 'admin', TIMESTAMP '2014-02-06 10:34:38.883', '', 'a73deca1-cd0f-408a-a120-079da612ffbb', '', 'kuali.lu.code.honorsOffering', '', '4d84b030-79ae-455a-ae75-96c60d3ee1ac')
/
insert into KSEN_LUI_UNITS_DEPLOYMENT (LUI_ID, ORG_ID, ID) values ('a73deca1-cd0f-408a-a120-079da612ffbb', '2677933260', '0cbb239d-3629-4ac3-91a6-549be4a15118')
/
insert into KSEN_LUI_UNITS_CONT_OWNER (LUI_ID, ORG_ID) values ('a73deca1-cd0f-408a-a120-079da612ffbb', '2677933260')
/
insert into KSEN_LUI_RESULT_VAL_GRP (LUI_ID, RESULT_VAL_GRP_ID) values ('a73deca1-cd0f-408a-a120-079da612ffbb', 'kuali.resultComponent.grade.letter')
/
insert into KSEN_LUI_RESULT_VAL_GRP (LUI_ID, RESULT_VAL_GRP_ID) values ('a73deca1-cd0f-408a-a120-079da612ffbb', 'kuali.resultComponent.grade.audit')
/
insert into KSEN_LUI_RESULT_VAL_GRP (LUI_ID, RESULT_VAL_GRP_ID) values ('a73deca1-cd0f-408a-a120-079da612ffbb', 'kuali.resultComponent.grade.passFail')
/
insert into KSEN_LUI_RESULT_VAL_GRP (LUI_ID, RESULT_VAL_GRP_ID) values ('a73deca1-cd0f-408a-a120-079da612ffbb', 'kuali.creditType.credit.degree.3.0')
/
insert into KSEN_LUI (OBJ_ID, VER_NBR, CREATEID, CREATETIME, UPDATEID, UPDATETIME, ATP_ID, CLU_ID, EFF_DT, EXPIR_DT, DESCR_FORMATTED, LUI_STATE, LUI_TYPE, MAX_SEATS, MIN_SEATS, NAME, DESCR_PLAIN, REF_URL, ID) values ('8f3d26fc-2276-47a9-85a9-019c77c648f1', 0, 'admin', TIMESTAMP '2014-02-06 10:34:38.883', 'admin', TIMESTAMP '2014-02-06 10:34:38.883', 'kuali.atp.2014Winter', '2fb81cbf-36e1-4096-ae43-541d964af238', '', '', 'Courses with Lecture only', 'kuali.lui.format.offering.state.draft', 'kuali.lui.type.course.format.offering', '', '', 'Lecture Only', 'Courses with Lecture only', '', '9d9b4962-1e6a-41d5-979f-8c254a0098fc')
/
insert into KSEN_LUI_ATTR (OBJ_ID, ATTR_KEY, OWNER_ID, ATTR_VALUE, ID) values ('8b47d410-7b9e-44f8-87f6-743b8715b020', 'kuali.attribute.grade.roster.level.type.key', '9d9b4962-1e6a-41d5-979f-8c254a0098fc', 'kuali.lui.type.activity.offering.lecture', '100acf64-1f77-407f-aecd-27ea5a7bf89b')
/
insert into KSEN_LUI_ATTR (OBJ_ID, ATTR_KEY, OWNER_ID, ATTR_VALUE, ID) values ('24a54fc1-c25f-4199-9f34-b3bb06daa4c9', 'regCodePrefix', '9d9b4962-1e6a-41d5-979f-8c254a0098fc', '1', '777dfeb3-48d1-4bb5-ba57-4c336cc3af5d')
/
insert into KSEN_LUI_ATTR (OBJ_ID, ATTR_KEY, OWNER_ID, ATTR_VALUE, ID) values ('b8a2d88b-bdfe-4232-b35d-7c21769ba66d', 'kuali.attribute.final.exam.level.type', '9d9b4962-1e6a-41d5-979f-8c254a0098fc', 'kuali.lu.type.activity.Lecture', '8eedb59a-6c6b-4301-9e97-cca7542b65c8')
/
insert into KSEN_LUI_IDENT (OBJ_ID, VER_NBR, CREATEID, CREATETIME, UPDATEID, UPDATETIME, LUI_CD, DIVISION, IDENT_LEVEL, LNG_NAME, LUI_ID, ORGID, SHRT_NAME, LUI_ID_STATE, SUFX_CD, LUI_ID_TYPE, VARTN, ID) values ('8832f23d-8e9e-42aa-9096-7dcdb27a4053', 0, 'admin', TIMESTAMP '2014-02-06 10:34:38.883', 'admin', TIMESTAMP '2014-02-06 10:34:38.883', '', '', '', 'Lecture Only', '9d9b4962-1e6a-41d5-979f-8c254a0098fc', '', 'LEC', 'kuali.lui.identifier.state.active', '', 'kuali.lui.identifier.type.official', '', '9056315e-2ff7-46ef-9a0a-5917b75d8f86')
/
insert into KSEN_LUI_RELATED_LUI_TYPES (LUI_ID, RELATED_LUI_TYPE) values ('9d9b4962-1e6a-41d5-979f-8c254a0098fc', 'kuali.lui.type.activity.offering.lecture')
/
insert into KSEN_LUILUI_RELTN (OBJ_ID, VER_NBR, CREATEID, CREATETIME, UPDATEID, UPDATETIME, EFF_DT, EXPIR_DT, DESCR_FORMATTED, LUI_ID, LUILUI_RELTN_STATE, LUILUI_RELTN_TYPE, NAME, DESCR_PLAIN, RELATED_LUI_ID, ID) values ('0a6c8c35-1222-4409-8fc8-f02138158a9a', 0, 'admin', TIMESTAMP '2014-02-06 10:34:38.883', 'admin', TIMESTAMP '2014-02-06 10:34:38.883', TIMESTAMP '2014-02-06 10:35:55.773', '', 'ENGL245-CO-FO', 'a73deca1-cd0f-408a-a120-079da612ffbb', 'kuali.lui.lui.relation.state.active', 'kuali.lui.lui.relation.type.deliveredvia.co2fo', 'co-fo-relation', 'ENGL245-CO-FO', '9d9b4962-1e6a-41d5-979f-8c254a0098fc', '71baff70-0d79-42d4-b86b-60beeb0d9dc6')
/
insert into KSEN_LUI (OBJ_ID, VER_NBR, CREATEID, CREATETIME, UPDATEID, UPDATETIME, ATP_ID, CLU_ID, EFF_DT, EXPIR_DT, DESCR_FORMATTED, LUI_STATE, LUI_TYPE, MAX_SEATS, MIN_SEATS, NAME, DESCR_PLAIN, REF_URL, ID) values ('95bb06bb-bc83-4f10-8913-dfe99b4c3978', 0, 'admin', TIMESTAMP '2014-02-06 10:34:38.883', 'admin', TIMESTAMP '2014-02-06 10:34:38.883', 'kuali.atp.2014Winter', '3853b95e-b7b9-49f7-b981-10a1202d9c49', '', '', 'Courses with lecture', 'kuali.lui.activity.offering.state.draft', 'kuali.lui.type.activity.offering.lecture', 25, 25, 'Lecture', 'Courses with lecture', null, '473a5742-3d8d-439e-8478-dba85a8ee47e')
/
insert into KSEN_LUI_ATTR (OBJ_ID, ATTR_KEY, OWNER_ID, ATTR_VALUE, ID) values ('ecf89063-ecc6-4494-a819-a74cb5e08659', 'kuali.attribute.course.evaluation.indicator', '473a5742-3d8d-439e-8478-dba85a8ee47e', 0, 'c456a64d-f926-445c-ada9-e906ac7c6002')
/
insert into KSEN_LUI_ATTR (OBJ_ID, ATTR_KEY, OWNER_ID, ATTR_VALUE, ID) values ('32441463-bf41-4510-8001-908200689db9', 'kuali.attribute.max.enrollment.is.estimate', '473a5742-3d8d-439e-8478-dba85a8ee47e', 0, 'fe48824a-f39d-4c71-8bb6-1e7f2a7bf350')
/
insert into KSEN_LUI_ATTR (OBJ_ID, ATTR_KEY, OWNER_ID, ATTR_VALUE, ID) values ('ee97e541-ca30-451d-9cdf-38a2f45b1fff', 'kuali.attribute.nonstd.ts.indicator', '473a5742-3d8d-439e-8478-dba85a8ee47e', 0, 'c8a8588c-0840-4c41-a713-b3c30f8e0a47')
/
insert into KSEN_LUI_IDENT (OBJ_ID, VER_NBR, CREATEID, CREATETIME, UPDATEID, UPDATETIME, LUI_CD, DIVISION, IDENT_LEVEL, LNG_NAME, LUI_ID, ORGID, SHRT_NAME, LUI_ID_STATE, SUFX_CD, LUI_ID_TYPE, VARTN, ID) values ('e39c5d2c-716b-4caa-8100-886d0fc5b2b4', 0, 'admin', TIMESTAMP '2014-02-06 10:34:38.883', 'admin', TIMESTAMP '2014-02-06 10:34:38.883', 'A', '', '', '', '473a5742-3d8d-439e-8478-dba85a8ee47e', '', '', 'kuali.lui.identifier.state.active', '', 'kuali.lui.identifier.type.official', '', '3f187d5b-f797-4ef3-b3cb-ca2c9064fe2c')
/
insert into KSEN_LUI_LU_CD (OBJ_ID, VER_NBR, CREATEID, CREATETIME, UPDATEID, UPDATETIME, DESCR_FORMATTED, LUI_ID, DESCR_PLAIN, LUI_LUCD_TYPE, VALUE, ID) values ('9b220dab-914d-4591-a077-aafa88d70ba4', 0, 'admin', TIMESTAMP '2014-02-06 10:34:38.883', 'admin', TIMESTAMP '2014-02-06 10:34:38.883', '', '473a5742-3d8d-439e-8478-dba85a8ee47e', '', 'kuali.lu.code.honorsOffering', 0, 'f4fe64ee-440d-4af8-b196-5a14c1abdad8')
/
insert into KSEN_LPR (OBJ_ID, VER_NBR, CREATEID, CREATETIME, UPDATEID, UPDATETIME, ATP_ID, COMMIT_PERCT, CREDITS, EFF_DT, EXPIR_DT, GRADING_OPT_ID, LUI_ID, MASTER_LUI_ID, PERS_ID, LPR_STATE, LPR_TYPE, ID) values ('9ee9146a-45ac-47a7-9391-f4e851fb7995', 0, 'admin', TIMESTAMP '2014-02-06 10:34:38.883', 'admin', TIMESTAMP '2014-02-06 10:34:38.883', '', '100.00', '', TIMESTAMP '2014-02-06 10:35:56.021', '', '', '473a5742-3d8d-439e-8478-dba85a8ee47e', '', 'H.KEITHN', 'kuali.lpr.state.active', 'kuali.lpr.type.instructor.main', 'f0747950-2758-44fe-a122-f472c42e05d8')
/
insert into KSEN_LUILUI_RELTN (OBJ_ID, VER_NBR, CREATEID, CREATETIME, UPDATEID, UPDATETIME, EFF_DT, EXPIR_DT, DESCR_FORMATTED, LUI_ID, LUILUI_RELTN_STATE, LUILUI_RELTN_TYPE, NAME, DESCR_PLAIN, RELATED_LUI_ID, ID) values ('379e4ae8-2d12-405d-ae56-fedaad9da5da', 0, 'admin', TIMESTAMP '2014-02-06 10:34:38.883', 'admin', TIMESTAMP '2014-02-06 10:34:38.883', TIMESTAMP '2014-02-06 10:35:56.05', '', 'ENGL245-FO-AO', '9d9b4962-1e6a-41d5-979f-8c254a0098fc', 'kuali.lui.lui.relation.state.active', 'kuali.lui.lui.relation.type.deliveredvia.fo2ao', 'fo-ao-relation', 'ENGL245-FO-AO', '473a5742-3d8d-439e-8478-dba85a8ee47e', '756060ea-1e39-41c6-9938-ae908ce373f7')
/
insert into KSEN_SCHED_RQST_SET (OBJ_ID, VER_NBR, CREATEID, CREATETIME, UPDATEID, UPDATETIME, DESCR_FORMATTED, MAX_ENRL_SHARED_IND, MAX_ENRL, NAME, DESCR_PLAIN, REF_OBJECT_TYPE, SCHED_RQST_SET_STATE, SCHED_RQST_SET_TYPE, ID) values ('1327c67b-ee30-4d94-8de0-65af1314c0cb', 0, 'admin', TIMESTAMP '2014-02-06 10:34:38.883', 'admin', TIMESTAMP '2014-02-06 10:34:38.883', '', 0, '', 'Schedule request set for ENGL245 - A', '', 'http://student.kuali.org/wsdl/courseOffering/ActivityOfferingInfo', 'kuali.scheduling.schedule.request.set.state.created', 'kuali.scheduling.schedule.request.set.type.schedule.request.set', 'b210bd11-7414-4c36-9255-bcba48444919')
/
insert into KSEN_SCHED_RQST (OBJ_ID, VER_NBR, CREATEID, CREATETIME, UPDATEID, UPDATETIME, DESCR_FORMATTED, NAME, DESCR_PLAIN, SCHED_RQST_STATE, SCHED_RQST_TYPE, SCHED_ID, SCHED_RQST_SET_ID, ID) values ('84cd039c-fa57-455e-bab6-4466472ef2e2', 0, 'admin', TIMESTAMP '2014-02-06 10:34:38.883', 'admin', TIMESTAMP '2014-02-06 10:34:38.883', '', 'Schedule request for ENGL245 - A', '', 'kuali.scheduling.schedule.request.state.created', 'kuali.scheduling.schedule.request.type.schedule.request', '', 'b210bd11-7414-4c36-9255-bcba48444919', '0827027b-8b5f-4e67-9364-f706d64bd3d7')
/
insert into KSEN_SCHED_RQST_CMP (OBJ_ID, TBA_IND, SCHED_RQST_ID, ID) values ('6b556040-89f4-4596-91fd-54c07a8fd63d', 0, '0827027b-8b5f-4e67-9364-f706d64bd3d7', '4cb1f1bd-7031-4e1b-817d-944dd063feb0')
/
insert into KSEN_SCHED_REF_OBJECT (SCHED_RQST_SET_ID, REF_OBJECT_ID) values ('b210bd11-7414-4c36-9255-bcba48444919', '473a5742-3d8d-439e-8478-dba85a8ee47e')
/
insert into KSEN_SCHED_RQST_CMP_BLDG (CMP_ID, BUILDING_ID) values ('4cb1f1bd-7031-4e1b-817d-944dd063feb0', 'd5138c2b-01ee-4e81-b526-38ed2a7c60a3')
/
insert into KSEN_SCHED_RQST_CMP_CAMPUS (CMP_ID, CAMPUS_ID) values ('4cb1f1bd-7031-4e1b-817d-944dd063feb0', 'UMCP')
/
insert into KSEN_SCHED_RQST_CMP_ROOM (CMP_ID, ROOM_ID) values ('4cb1f1bd-7031-4e1b-817d-944dd063feb0', '6dd715ea-cc9b-4cd1-9a34-f96628650406')
/
insert into KSEN_SCHED_RQST_CMP_TMSLOT (CMP_ID, TM_SLOT_ID) values ('4cb1f1bd-7031-4e1b-817d-944dd063feb0', '4A6971D2-447D-4359-B949-F4EDF104A0AA')
/
insert into KSEN_CWL (OBJ_ID, VER_NBR, CREATEID, CREATETIME, UPDATEID, UPDATETIME, ALLOW_HOLD_UTIL_ENTRIES_IND, AUTO_PROCESSED_IND, CHECK_IN_REQ_IND, CONF_REQ_IND, EFF_DT, EXPIR_DT, MAX_SIZE, REG_IN_FIRST_AAO_IND, STD_DUR_TIME_QTY, STD_DUR_TYPE, CWL_STATE, CWL_TYPE, ID) values ('fb870253-93b4-4673-97b7-718ceab4cf8c', 0, 'admin', TIMESTAMP '2014-02-06 10:34:38.883', 'admin', TIMESTAMP '2014-02-06 10:34:38.883', 1, 1, 0, 1, TIMESTAMP '2013-01-02 00:00:00.0', '', '', 1, '', '', 'kuali.course.waitlist.state.inactive', 'kuali.course.waitlist.type.course.waitlist', '1b3a000f-730c-4226-ba90-8101c20d873b')
/
insert into KSEN_CWL_ACTIV_OFFER (CWL_ID, ACTIV_OFFER_ID) values ('1b3a000f-730c-4226-ba90-8101c20d873b', '473a5742-3d8d-439e-8478-dba85a8ee47e')
/
insert into KSEN_CWL_FORMAT_OFFER (CWL_ID, FORMAT_OFFER_ID) values ('1b3a000f-730c-4226-ba90-8101c20d873b', '9d9b4962-1e6a-41d5-979f-8c254a0098fc')
/
insert into KSEN_LUI (OBJ_ID, VER_NBR, CREATEID, CREATETIME, UPDATEID, UPDATETIME, ATP_ID, CLU_ID, EFF_DT, EXPIR_DT, DESCR_FORMATTED, LUI_STATE, LUI_TYPE, MAX_SEATS, MIN_SEATS, NAME, DESCR_PLAIN, REF_URL, ID) values ('4614cb33-61bb-449b-b1b4-e14c56cb52e4', 0, 'admin', TIMESTAMP '2014-02-06 10:34:38.883', 'admin', TIMESTAMP '2014-02-06 10:34:38.883', 'kuali.atp.2014Winter', '46190799-c191-458f-a242-7084e92ec5da', '', '', 'Courses with lecture', 'kuali.lui.activity.offering.state.draft', 'kuali.lui.type.activity.offering.lecture', 20, 20, 'Lecture', 'Courses with lecture', null, '7e907718-2675-4264-a758-4a20a8ee8155')
/
insert into KSEN_LUI_ATTR (OBJ_ID, ATTR_KEY, OWNER_ID, ATTR_VALUE, ID) values ('762e8a2b-7319-441a-ad79-bcdce413d104', 'kuali.attribute.max.enrollment.is.estimate', '7e907718-2675-4264-a758-4a20a8ee8155', 0, '523a8ed6-9636-4cae-8d36-d39931528047')
/
insert into KSEN_LUI_ATTR (OBJ_ID, ATTR_KEY, OWNER_ID, ATTR_VALUE, ID) values ('990b9ffe-a0a6-4743-a391-162935ff2281', 'kuali.attribute.nonstd.ts.indicator', '7e907718-2675-4264-a758-4a20a8ee8155', 0, 'f45eb837-7a4d-4c6e-95e1-090529e95651')
/
insert into KSEN_LUI_ATTR (OBJ_ID, ATTR_KEY, OWNER_ID, ATTR_VALUE, ID) values ('88750794-cc09-4a0b-9dfe-95c2bd9fb5ed', 'kuali.attribute.course.evaluation.indicator', '7e907718-2675-4264-a758-4a20a8ee8155', 0, '30dbde3b-dc03-422c-8077-3d78e3bf64ae')
/
insert into KSEN_LUI_IDENT (OBJ_ID, VER_NBR, CREATEID, CREATETIME, UPDATEID, UPDATETIME, LUI_CD, DIVISION, IDENT_LEVEL, LNG_NAME, LUI_ID, ORGID, SHRT_NAME, LUI_ID_STATE, SUFX_CD, LUI_ID_TYPE, VARTN, ID) values ('9b63ba50-72a8-4bc8-9267-7db11f82fee2', 0, 'admin', TIMESTAMP '2014-02-06 10:34:38.883', 'admin', TIMESTAMP '2014-02-06 10:34:38.883', 'B', '', '', '', '7e907718-2675-4264-a758-4a20a8ee8155', '', '', 'kuali.lui.identifier.state.active', '', 'kuali.lui.identifier.type.official', '', '9eb0f904-5667-4e8d-bb71-98b14ec42418')
/
insert into KSEN_LUI_LU_CD (OBJ_ID, VER_NBR, CREATEID, CREATETIME, UPDATEID, UPDATETIME, DESCR_FORMATTED, LUI_ID, DESCR_PLAIN, LUI_LUCD_TYPE, VALUE, ID) values ('f9d56990-229e-475d-9f31-2b9cd99033a8', 0, 'admin', TIMESTAMP '2014-02-06 10:34:38.883', 'admin', TIMESTAMP '2014-02-06 10:34:38.883', '', '7e907718-2675-4264-a758-4a20a8ee8155', '', 'kuali.lu.code.honorsOffering', 0, 'c1f93e6b-edc6-4d64-945c-d2deafe643f8')
/
insert into KSEN_LPR (OBJ_ID, VER_NBR, CREATEID, CREATETIME, UPDATEID, UPDATETIME, ATP_ID, COMMIT_PERCT, CREDITS, EFF_DT, EXPIR_DT, GRADING_OPT_ID, LUI_ID, MASTER_LUI_ID, PERS_ID, LPR_STATE, LPR_TYPE, ID) values ('a47e8319-d5d8-4cb9-aacf-59c90ddc7421', 0, 'admin', TIMESTAMP '2014-02-06 10:34:38.883', 'admin', TIMESTAMP '2014-02-06 10:34:38.883', '', '100.00', '', TIMESTAMP '2014-02-06 10:35:56.62', '', '', '7e907718-2675-4264-a758-4a20a8ee8155', '', 'F.SYDNEYL', 'kuali.lpr.state.active', 'kuali.lpr.type.instructor.main', '755ae7c8-6513-47ce-be37-00451966e8bd')
/
insert into KSEN_LUILUI_RELTN (OBJ_ID, VER_NBR, CREATEID, CREATETIME, UPDATEID, UPDATETIME, EFF_DT, EXPIR_DT, DESCR_FORMATTED, LUI_ID, LUILUI_RELTN_STATE, LUILUI_RELTN_TYPE, NAME, DESCR_PLAIN, RELATED_LUI_ID, ID) values ('4c6d602a-8ea7-44d3-85eb-537d9ceb9954', 0, 'admin', TIMESTAMP '2014-02-06 10:34:38.883', 'admin', TIMESTAMP '2014-02-06 10:34:38.883', TIMESTAMP '2014-02-06 10:35:56.659', '', 'ENGL245-FO-AO', '9d9b4962-1e6a-41d5-979f-8c254a0098fc', 'kuali.lui.lui.relation.state.active', 'kuali.lui.lui.relation.type.deliveredvia.fo2ao', 'fo-ao-relation', 'ENGL245-FO-AO', '7e907718-2675-4264-a758-4a20a8ee8155', '2d2f60b2-e0f0-4dd0-b655-44dd3772a867')
/
insert into KSEN_SCHED_RQST_SET (OBJ_ID, VER_NBR, CREATEID, CREATETIME, UPDATEID, UPDATETIME, DESCR_FORMATTED, MAX_ENRL_SHARED_IND, MAX_ENRL, NAME, DESCR_PLAIN, REF_OBJECT_TYPE, SCHED_RQST_SET_STATE, SCHED_RQST_SET_TYPE, ID) values ('2aa2ec10-0171-4d4b-9316-4beeded54174', 0, 'admin', TIMESTAMP '2014-02-06 10:34:38.883', 'admin', TIMESTAMP '2014-02-06 10:34:38.883', '', 0, '', 'Schedule request set for ENGL245 - B', '', 'http://student.kuali.org/wsdl/courseOffering/ActivityOfferingInfo', 'kuali.scheduling.schedule.request.set.state.created', 'kuali.scheduling.schedule.request.set.type.schedule.request.set', '862037f8-c5c5-4cfd-bf5f-22bf813dea09')
/
insert into KSEN_SCHED_RQST (OBJ_ID, VER_NBR, CREATEID, CREATETIME, UPDATEID, UPDATETIME, DESCR_FORMATTED, NAME, DESCR_PLAIN, SCHED_RQST_STATE, SCHED_RQST_TYPE, SCHED_ID, SCHED_RQST_SET_ID, ID) values ('5de9245b-8d88-43e0-af20-ae079cf7c0d5', 0, 'admin', TIMESTAMP '2014-02-06 10:34:38.883', 'admin', TIMESTAMP '2014-02-06 10:34:38.883', '', 'Schedule request for ENGL245 - B', '', 'kuali.scheduling.schedule.request.state.created', 'kuali.scheduling.schedule.request.type.schedule.request', '', '862037f8-c5c5-4cfd-bf5f-22bf813dea09', '6d45b41d-a1c4-4167-a5c6-76000bea01f5')
/
insert into KSEN_SCHED_RQST_CMP (OBJ_ID, TBA_IND, SCHED_RQST_ID, ID) values ('9fc0e30f-1d39-4426-80a9-c4ccdaaee2a4', 0, '6d45b41d-a1c4-4167-a5c6-76000bea01f5', '5b0fd4fe-86c2-493d-8fd4-03ce341587a4')
/
insert into KSEN_SCHED_REF_OBJECT (SCHED_RQST_SET_ID, REF_OBJECT_ID) values ('862037f8-c5c5-4cfd-bf5f-22bf813dea09', '7e907718-2675-4264-a758-4a20a8ee8155')
/
insert into KSEN_SCHED_RQST_CMP_BLDG (CMP_ID, BUILDING_ID) values ('5b0fd4fe-86c2-493d-8fd4-03ce341587a4', 'd5138c2b-01ee-4e81-b526-38ed2a7c60a3')
/
insert into KSEN_SCHED_RQST_CMP_CAMPUS (CMP_ID, CAMPUS_ID) values ('5b0fd4fe-86c2-493d-8fd4-03ce341587a4', 'UMCP')
/
insert into KSEN_SCHED_RQST_CMP_ROOM (CMP_ID, ROOM_ID) values ('5b0fd4fe-86c2-493d-8fd4-03ce341587a4', '6dd715ea-cc9b-4cd1-9a34-f96628650406')
/
insert into KSEN_SCHED_RQST_CMP_TMSLOT (CMP_ID, TM_SLOT_ID) values ('5b0fd4fe-86c2-493d-8fd4-03ce341587a4', '4A6971D2-447D-4359-B949-F4EDF104A0AA')
/
insert into KSEN_CWL (OBJ_ID, VER_NBR, CREATEID, CREATETIME, UPDATEID, UPDATETIME, ALLOW_HOLD_UTIL_ENTRIES_IND, AUTO_PROCESSED_IND, CHECK_IN_REQ_IND, CONF_REQ_IND, EFF_DT, EXPIR_DT, MAX_SIZE, REG_IN_FIRST_AAO_IND, STD_DUR_TIME_QTY, STD_DUR_TYPE, CWL_STATE, CWL_TYPE, ID) values ('05a026bd-02bd-411b-9f74-66fbb8d78d59', 0, 'admin', TIMESTAMP '2014-02-06 10:34:38.883', 'admin', TIMESTAMP '2014-02-06 10:34:38.883', 1, 1, 0, 1, TIMESTAMP '2013-01-02 00:00:00.0', '', '', 1, '', '', 'kuali.course.waitlist.state.inactive', 'kuali.course.waitlist.type.course.waitlist', '7983a9ee-334d-493f-8d7b-d855cbd1176b')
/
insert into KSEN_CWL_ACTIV_OFFER (CWL_ID, ACTIV_OFFER_ID) values ('7983a9ee-334d-493f-8d7b-d855cbd1176b', '7e907718-2675-4264-a758-4a20a8ee8155')
/
insert into KSEN_CWL_FORMAT_OFFER (CWL_ID, FORMAT_OFFER_ID) values ('7983a9ee-334d-493f-8d7b-d855cbd1176b', '9d9b4962-1e6a-41d5-979f-8c254a0098fc')
/
insert into KSEN_CO_AO_CLUSTER (OBJ_ID, VER_NBR, CREATEID, CREATETIME, UPDATEID, UPDATETIME, AO_CLUSTER_STATE, AO_CLUSTER_TYPE, DESCR_FORMATTED, DESCR_PLAIN, FORMAT_OFFERING_ID, NAME, PRIVATE_NAME, ID) values ('23086a68-8082-4553-828c-25c44eac72d4', 0, 'admin', TIMESTAMP '2014-02-06 10:34:38.883', 'admin', TIMESTAMP '2014-02-06 10:34:38.883', 'kuali.activity.offering.cluster.state.active', 'kuali.activity.offering.cluster.type.activity.offering.cluster', '', '', '9d9b4962-1e6a-41d5-979f-8c254a0098fc', 'CL 1', 'CL 1', '0008af75-63eb-40cb-97ee-1bfa79d00d04')
/
insert into KSEN_CO_AO_CLUSTER_SET (OBJ_ID, ACTIVITY_OFFERING_TYPE, AO_CLUSTER_ID, ID) values ('02be0795-43ba-4e04-8ddf-375c7ec44fcb', 'kuali.lui.type.activity.offering.lecture', '0008af75-63eb-40cb-97ee-1bfa79d00d04', 'd79ba70a-47b4-4ec2-91fe-52c6238236b5')
/
insert into KSEN_CO_AO_CLUSTER_SET_AO (AOC_SET_ID, ACTIVITY_OFFERING_ID) values ('d79ba70a-47b4-4ec2-91fe-52c6238236b5', '473a5742-3d8d-439e-8478-dba85a8ee47e')
/
insert into KSEN_CO_AO_CLUSTER_SET_AO (AOC_SET_ID, ACTIVITY_OFFERING_ID) values ('d79ba70a-47b4-4ec2-91fe-52c6238236b5', '7e907718-2675-4264-a758-4a20a8ee8155')
/
update KSEN_CO_AO_CLUSTER_SET set AO_CLUSTER_ID='0008af75-63eb-40cb-97ee-1bfa79d00d04' where ID='d79ba70a-47b4-4ec2-91fe-52c6238236b5'
/
insert into KSEN_LUI (OBJ_ID, VER_NBR, CREATEID, CREATETIME, UPDATEID, UPDATETIME, ATP_ID, CLU_ID, EFF_DT, EXPIR_DT, DESCR_FORMATTED, LUI_STATE, LUI_TYPE, MAX_SEATS, MIN_SEATS, NAME, DESCR_PLAIN, REF_URL, ID) values ('e0336237-77cd-44eb-b4fa-e2c08fad5d44', 0, 'admin', TIMESTAMP '2014-02-06 10:34:38.883', 'admin', TIMESTAMP '2014-02-06 10:34:38.883', 'kuali.atp.2014Winter', '2fb81cbf-36e1-4096-ae43-541d964af238', '', '', '1001', 'kuali.lui.registration.group.state.pending', 'kuali.lui.type.registration.group', '', '', '1001', '1001', '', '43deb3d2-9604-4597-9531-8d048a66bfa9')
/
insert into KSEN_LUI_ATTR (OBJ_ID, ATTR_KEY, OWNER_ID, ATTR_VALUE, ID) values ('888eaf06-071f-4762-97e8-d564aa56505e', 'kuali.attribute.registration.group.aocluster.id', '43deb3d2-9604-4597-9531-8d048a66bfa9', '0008af75-63eb-40cb-97ee-1bfa79d00d04', 'f1cb1268-e25a-4c3b-a092-803579648a9b')
/
insert into KSEN_LUI_ATTR (OBJ_ID, ATTR_KEY, OWNER_ID, ATTR_VALUE, ID) values ('cad6d564-8f87-4300-bc1d-380fb5f846d0', 'kuali.attribute.registration.group.is.generated', '43deb3d2-9604-4597-9531-8d048a66bfa9', 1, '7dc42e52-571a-4872-bf38-d1be30e2d74d')
/
insert into KSEN_LUI_IDENT (OBJ_ID, VER_NBR, CREATEID, CREATETIME, UPDATEID, UPDATETIME, LUI_CD, DIVISION, IDENT_LEVEL, LNG_NAME, LUI_ID, ORGID, SHRT_NAME, LUI_ID_STATE, SUFX_CD, LUI_ID_TYPE, VARTN, ID) values ('45051f83-c27f-4318-9e9b-2f11ab783617', 0, 'admin', TIMESTAMP '2014-02-06 10:34:38.883', 'admin', TIMESTAMP '2014-02-06 10:34:38.883', '', '', '', '', '43deb3d2-9604-4597-9531-8d048a66bfa9', '', '', 'kuali.lui.identifier.state.active', '', 'kuali.lui.identifier.type.official', '', '5404a564-5a3a-4c28-a596-4c523bf52e91')
/
insert into KSEN_LUILUI_RELTN (OBJ_ID, VER_NBR, CREATEID, CREATETIME, UPDATEID, UPDATETIME, EFF_DT, EXPIR_DT, DESCR_FORMATTED, LUI_ID, LUILUI_RELTN_STATE, LUILUI_RELTN_TYPE, NAME, DESCR_PLAIN, RELATED_LUI_ID, ID) values ('1a9c182a-3e7c-4dd5-9826-91b0157b10ef', 0, 'admin', TIMESTAMP '2014-02-06 10:34:38.883', 'admin', TIMESTAMP '2014-02-06 10:34:38.883', TIMESTAMP '2014-02-06 10:35:57.799', '', 'ENGL245-FO-RG', '9d9b4962-1e6a-41d5-979f-8c254a0098fc', 'kuali.lui.lui.relation.state.active', 'kuali.lui.lui.relation.type.deliveredvia.fo2rg', 'fo-rg-relation', 'ENGL245-FO-RG', '43deb3d2-9604-4597-9531-8d048a66bfa9', 'af810e5e-31ca-4219-8b53-2c610da66bfb')
/
insert into KSEN_LUILUI_RELTN (OBJ_ID, VER_NBR, CREATEID, CREATETIME, UPDATEID, UPDATETIME, EFF_DT, EXPIR_DT, DESCR_FORMATTED, LUI_ID, LUILUI_RELTN_STATE, LUILUI_RELTN_TYPE, NAME, DESCR_PLAIN, RELATED_LUI_ID, ID) values ('15b908eb-fc1c-4ed9-a5fc-4748afa64f32', 0, 'admin', TIMESTAMP '2014-02-06 10:34:38.883', 'admin', TIMESTAMP '2014-02-06 10:34:38.883', TIMESTAMP '2014-02-06 10:35:57.812', '', 'ENGL245-RG-AO', '43deb3d2-9604-4597-9531-8d048a66bfa9', 'kuali.lui.lui.relation.state.active', 'kuali.lui.lui.relation.type.registeredforvia.rg2ao', 'rg-ao-relation', 'ENGL245-RG-AO', '473a5742-3d8d-439e-8478-dba85a8ee47e', 'ff0b1d12-2317-4a1b-9803-1d96021d3f75')
/
insert into KSEN_LUI (OBJ_ID, VER_NBR, CREATEID, CREATETIME, UPDATEID, UPDATETIME, ATP_ID, CLU_ID, EFF_DT, EXPIR_DT, DESCR_FORMATTED, LUI_STATE, LUI_TYPE, MAX_SEATS, MIN_SEATS, NAME, DESCR_PLAIN, REF_URL, ID) values ('51c6909b-2536-49f3-a7c8-63a6d22de914', 0, 'admin', TIMESTAMP '2014-02-06 10:34:38.883', 'admin', TIMESTAMP '2014-02-06 10:34:38.883', 'kuali.atp.2014Winter', '2fb81cbf-36e1-4096-ae43-541d964af238', '', '', '1002', 'kuali.lui.registration.group.state.pending', 'kuali.lui.type.registration.group', '', '', '1002', '1002', '', '26fcd9ac-2906-4e0f-b5f5-5f884f75265c')
/
insert into KSEN_LUI_ATTR (OBJ_ID, ATTR_KEY, OWNER_ID, ATTR_VALUE, ID) values ('7b052cd3-0f21-4127-ac7e-6a9fb5780ef3', 'kuali.attribute.registration.group.is.generated', '26fcd9ac-2906-4e0f-b5f5-5f884f75265c', 1, '7089da44-d7f1-44d9-b966-d6f3a452a8e7')
/
insert into KSEN_LUI_ATTR (OBJ_ID, ATTR_KEY, OWNER_ID, ATTR_VALUE, ID) values ('d7a68301-40e8-4eed-9ff0-59d4d3e85447', 'kuali.attribute.registration.group.aocluster.id', '26fcd9ac-2906-4e0f-b5f5-5f884f75265c', '0008af75-63eb-40cb-97ee-1bfa79d00d04', '9804d819-56fe-432c-8a5d-6fed3edf3342')
/
insert into KSEN_LUI_IDENT (OBJ_ID, VER_NBR, CREATEID, CREATETIME, UPDATEID, UPDATETIME, LUI_CD, DIVISION, IDENT_LEVEL, LNG_NAME, LUI_ID, ORGID, SHRT_NAME, LUI_ID_STATE, SUFX_CD, LUI_ID_TYPE, VARTN, ID) values ('18040f13-8cd2-463e-bcbb-46cc767623ea', 0, 'admin', TIMESTAMP '2014-02-06 10:34:38.883', 'admin', TIMESTAMP '2014-02-06 10:34:38.883', '', '', '', '', '26fcd9ac-2906-4e0f-b5f5-5f884f75265c', '', '', 'kuali.lui.identifier.state.active', '', 'kuali.lui.identifier.type.official', '', '5197198e-86b0-4510-b7cb-389e76d1d72e')
/
insert into KSEN_LUILUI_RELTN (OBJ_ID, VER_NBR, CREATEID, CREATETIME, UPDATEID, UPDATETIME, EFF_DT, EXPIR_DT, DESCR_FORMATTED, LUI_ID, LUILUI_RELTN_STATE, LUILUI_RELTN_TYPE, NAME, DESCR_PLAIN, RELATED_LUI_ID, ID) values ('61f743f1-92f5-426a-9240-cb19dce00e85', 0, 'admin', TIMESTAMP '2014-02-06 10:34:38.883', 'admin', TIMESTAMP '2014-02-06 10:34:38.883', TIMESTAMP '2014-02-06 10:35:57.918', '', 'ENGL245-FO-RG', '9d9b4962-1e6a-41d5-979f-8c254a0098fc', 'kuali.lui.lui.relation.state.active', 'kuali.lui.lui.relation.type.deliveredvia.fo2rg', 'fo-rg-relation', 'ENGL245-FO-RG', '26fcd9ac-2906-4e0f-b5f5-5f884f75265c', '0c95df60-4595-473a-82a1-1d49c43b376c')
/
insert into KSEN_LUILUI_RELTN (OBJ_ID, VER_NBR, CREATEID, CREATETIME, UPDATEID, UPDATETIME, EFF_DT, EXPIR_DT, DESCR_FORMATTED, LUI_ID, LUILUI_RELTN_STATE, LUILUI_RELTN_TYPE, NAME, DESCR_PLAIN, RELATED_LUI_ID, ID) values ('6361e49d-e49f-4657-b46e-5a68d9aebaa2', 0, 'admin', TIMESTAMP '2014-02-06 10:34:38.883', 'admin', TIMESTAMP '2014-02-06 10:34:38.883', TIMESTAMP '2014-02-06 10:35:57.966', '', 'ENGL245-RG-AO', '26fcd9ac-2906-4e0f-b5f5-5f884f75265c', 'kuali.lui.lui.relation.state.active', 'kuali.lui.lui.relation.type.registeredforvia.rg2ao', 'rg-ao-relation', 'ENGL245-RG-AO', '7e907718-2675-4264-a758-4a20a8ee8155', '93e08b3a-d512-4601-8e65-2d2c66d29f0d')
/
insert into KSEN_LUI (OBJ_ID, VER_NBR, CREATEID, CREATETIME, UPDATEID, UPDATETIME, ATP_ID, CLU_ID, EFF_DT, EXPIR_DT, DESCR_FORMATTED, LUI_STATE, LUI_TYPE, MAX_SEATS, MIN_SEATS, NAME, DESCR_PLAIN, REF_URL, ID) values ('665463bd-8b91-44e5-b5f4-88b0a9c9cf35', 0, 'admin', TIMESTAMP '2014-02-06 10:34:38.883', 'admin', TIMESTAMP '2014-02-06 10:34:38.883', 'kuali.atp.2014Winter', 'CLUID-HIST619-198101000000', TIMESTAMP '2014-01-02 00:00:00.0', '', '', 'kuali.lui.course.offering.state.draft', 'kuali.lui.type.course.offering', '', '', 'HIST619A CO', '.', null, '303fba6c-a9c7-4b10-948e-5bea899d7dc6')
/
insert into KSEN_LUI_ATTR (OBJ_ID, ATTR_KEY, OWNER_ID, ATTR_VALUE, ID) values ('d49ff439-4bee-408c-9deb-c765b35ba61d', 'kuali.attribute.where.fees.attached.flag', '303fba6c-a9c7-4b10-948e-5bea899d7dc6', 0, 'cb1aa6a4-bb41-4f06-915b-07e4d79b7dba')
/
insert into KSEN_LUI_ATTR (OBJ_ID, ATTR_KEY, OWNER_ID, ATTR_VALUE, ID) values ('a6724c98-e404-4cc5-a63c-42487ad4aa06', 'kuali.attribute.course.evaluation.indicator', '303fba6c-a9c7-4b10-948e-5bea899d7dc6', 0, '21ca7795-d4ff-4cfc-8a35-cc4f699640d0')
/
insert into KSEN_LUI_ATTR (OBJ_ID, ATTR_KEY, OWNER_ID, ATTR_VALUE, ID) values ('238a9698-6381-4d30-8cb1-2f4f004ad4fe', 'kuali.attribute.wait.list.indicator', '303fba6c-a9c7-4b10-948e-5bea899d7dc6', 1, '413a5a44-bd3c-4d67-90c5-f63e3c9a5d04')
/
insert into KSEN_LUI_ATTR (OBJ_ID, ATTR_KEY, OWNER_ID, ATTR_VALUE, ID) values ('e72cca31-2d0b-40a3-bce0-d1c3d697f556', 'kuali.attribute.final.exam.indicator', '303fba6c-a9c7-4b10-948e-5bea899d7dc6', 'STANDARD', 'aad5328d-3c29-4a7b-bb9d-cdc9a4095954')
/
insert into KSEN_LUI_ATTR (OBJ_ID, ATTR_KEY, OWNER_ID, ATTR_VALUE, ID) values ('7df5882d-843a-49b2-97f2-52f58ae18777', 'kuali.attribute.final.exam.driver', '303fba6c-a9c7-4b10-948e-5bea899d7dc6', 'kuali.lu.exam.driver.ActivityOffering', 'a03618be-933e-416d-a561-ae0b226d9df7')
/
insert into KSEN_LUI_ATTR (OBJ_ID, ATTR_KEY, OWNER_ID, ATTR_VALUE, ID) values ('13cb9740-b1a2-45f3-b624-7866f6a46f22', 'kuali.attribute.wait.list.type.key', '303fba6c-a9c7-4b10-948e-5bea899d7dc6', null, '8e6aa0ed-b362-4fef-a9b1-d6cb458f2e2f')
/
insert into KSEN_LUI_ATTR (OBJ_ID, ATTR_KEY, OWNER_ID, ATTR_VALUE, ID) values ('6e6e8b18-6439-482e-8fda-9c8c80c3a46d', 'kuali.attribute.funding.source', '303fba6c-a9c7-4b10-948e-5bea899d7dc6', '', '7b0c37fc-5ac3-49bc-829e-3386ecdcce5d')
/
insert into KSEN_LUI_ATTR (OBJ_ID, ATTR_KEY, OWNER_ID, ATTR_VALUE, ID) values ('a303e733-c8c2-4a63-90a7-70b77961632d', 'kuali.attribute.wait.list.level.type.key', '303fba6c-a9c7-4b10-948e-5bea899d7dc6', 'AO', 'a810e84d-6dbc-4b4c-96c5-567dc02798e2')
/
insert into KSEN_LUI_ATTR (OBJ_ID, ATTR_KEY, OWNER_ID, ATTR_VALUE, ID) values ('7a01afc8-860f-4de0-ac74-d19bcc1d8901', 'kuali.attribute.final.exam.use.matrix', '303fba6c-a9c7-4b10-948e-5bea899d7dc6', 1, '473b036b-42b4-41c9-b877-4ace8e75ed0c')
/
insert into KSEN_LUI_ATTR (OBJ_ID, ATTR_KEY, OWNER_ID, ATTR_VALUE, ID) values ('1dbe2e34-f206-4d73-a452-5c19b697053c', 'kuali.attribute.course.number.internal.suffix', '303fba6c-a9c7-4b10-948e-5bea899d7dc6', 'A', '46c1b656-9cad-4d06-8ccc-2579f924cd17')
/
insert into KSEN_LUI_IDENT (OBJ_ID, VER_NBR, CREATEID, CREATETIME, UPDATEID, UPDATETIME, LUI_CD, DIVISION, IDENT_LEVEL, LNG_NAME, LUI_ID, ORGID, SHRT_NAME, LUI_ID_STATE, SUFX_CD, LUI_ID_TYPE, VARTN, ID) values ('bdf1f239-ff46-4894-b030-8ecc5d06e2a8', 0, 'admin', TIMESTAMP '2014-02-06 10:34:38.883', 'admin', TIMESTAMP '2014-02-06 10:34:38.883', 'HIST619A', 'HIST', '', 'Special Topics in History', '303fba6c-a9c7-4b10-948e-5bea899d7dc6', '', '', 'kuali.lui.identifier.state.active', 'A', 'kuali.lui.identifier.type.official', '', 'e6320fcc-7807-4bc2-b2a8-406a7bfc6553')
/
insert into KSEN_LUI_LU_CD (OBJ_ID, VER_NBR, CREATEID, CREATETIME, UPDATEID, UPDATETIME, DESCR_FORMATTED, LUI_ID, DESCR_PLAIN, LUI_LUCD_TYPE, VALUE, ID) values ('52de3467-3b59-4194-ac95-f02831482547', 0, 'admin', TIMESTAMP '2014-02-06 10:34:38.883', 'admin', TIMESTAMP '2014-02-06 10:34:38.883', '', '303fba6c-a9c7-4b10-948e-5bea899d7dc6', '', 'kuali.lu.code.honorsOffering', '', 'fdc293c4-c11f-49c1-928d-32f576cf5fe6')
/
insert into KSEN_LUI_UNITS_DEPLOYMENT (LUI_ID, ORG_ID, ID) values ('303fba6c-a9c7-4b10-948e-5bea899d7dc6', '3213375036', 'a4e136b9-bf6f-4700-81dd-a50f87d2683c')
/
insert into KSEN_LUI_UNITS_CONT_OWNER (LUI_ID, ORG_ID) values ('303fba6c-a9c7-4b10-948e-5bea899d7dc6', '3213375036')
/
insert into KSEN_LUI_RESULT_VAL_GRP (LUI_ID, RESULT_VAL_GRP_ID) values ('303fba6c-a9c7-4b10-948e-5bea899d7dc6', 'kuali.resultComponent.grade.letter')
/
insert into KSEN_LUI_RESULT_VAL_GRP (LUI_ID, RESULT_VAL_GRP_ID) values ('303fba6c-a9c7-4b10-948e-5bea899d7dc6', 'kuali.resultComponent.grade.audit')
/
insert into KSEN_LUI_RESULT_VAL_GRP (LUI_ID, RESULT_VAL_GRP_ID) values ('303fba6c-a9c7-4b10-948e-5bea899d7dc6', 'kuali.creditType.credit.degree.1.0,1.5,2.0,2.5,3.0')
/
insert into KSEN_LUI (OBJ_ID, VER_NBR, CREATEID, CREATETIME, UPDATEID, UPDATETIME, ATP_ID, CLU_ID, EFF_DT, EXPIR_DT, DESCR_FORMATTED, LUI_STATE, LUI_TYPE, MAX_SEATS, MIN_SEATS, NAME, DESCR_PLAIN, REF_URL, ID) values ('557885b5-6bac-487c-93ea-8aaa08c72720', 0, 'admin', TIMESTAMP '2014-02-06 10:34:38.883', 'admin', TIMESTAMP '2014-02-06 10:34:38.883', 'kuali.atp.2014Winter', '0daac3c5-3477-401a-b7ca-8a1968eab2f7', '', '', 'Courses with Lecture only', 'kuali.lui.format.offering.state.draft', 'kuali.lui.type.course.format.offering', '', '', 'Lecture Only', 'Courses with Lecture only', '', '44286290-add7-423d-832b-d8ead34f10c1')
/
insert into KSEN_LUI_ATTR (OBJ_ID, ATTR_KEY, OWNER_ID, ATTR_VALUE, ID) values ('60cdf128-f2c1-4538-bf61-b12e9ecbf8a1', 'kuali.attribute.final.exam.level.type', '44286290-add7-423d-832b-d8ead34f10c1', 'kuali.lu.type.activity.Lecture', 'd03e19db-0cd5-4d46-b368-9215c84af619')
/
insert into KSEN_LUI_ATTR (OBJ_ID, ATTR_KEY, OWNER_ID, ATTR_VALUE, ID) values ('8e149bbc-6f81-4134-87f4-0d289a767b5f', 'kuali.attribute.grade.roster.level.type.key', '44286290-add7-423d-832b-d8ead34f10c1', 'kuali.lui.type.activity.offering.lecture', 'a62cb818-9242-4aa4-b95d-11ee01799041')
/
insert into KSEN_LUI_ATTR (OBJ_ID, ATTR_KEY, OWNER_ID, ATTR_VALUE, ID) values ('0f0261b2-63d5-4546-be1e-451093bce736', 'regCodePrefix', '44286290-add7-423d-832b-d8ead34f10c1', '1', 'c3cf3d73-d244-48f3-942c-6f6fc09cda65')
/
insert into KSEN_LUI_IDENT (OBJ_ID, VER_NBR, CREATEID, CREATETIME, UPDATEID, UPDATETIME, LUI_CD, DIVISION, IDENT_LEVEL, LNG_NAME, LUI_ID, ORGID, SHRT_NAME, LUI_ID_STATE, SUFX_CD, LUI_ID_TYPE, VARTN, ID) values ('3e592fcf-188d-4552-a0c5-b88eedcb004b', 0, 'admin', TIMESTAMP '2014-02-06 10:34:38.883', 'admin', TIMESTAMP '2014-02-06 10:34:38.883', '', '', '', 'Lecture Only', '44286290-add7-423d-832b-d8ead34f10c1', '', 'LEC', 'kuali.lui.identifier.state.active', '', 'kuali.lui.identifier.type.official', '', 'f35b2700-f9a9-4884-be3b-fa0b06cc6c52')
/
insert into KSEN_LUI_RELATED_LUI_TYPES (LUI_ID, RELATED_LUI_TYPE) values ('44286290-add7-423d-832b-d8ead34f10c1', 'kuali.lui.type.activity.offering.lecture')
/
insert into KSEN_LUILUI_RELTN (OBJ_ID, VER_NBR, CREATEID, CREATETIME, UPDATEID, UPDATETIME, EFF_DT, EXPIR_DT, DESCR_FORMATTED, LUI_ID, LUILUI_RELTN_STATE, LUILUI_RELTN_TYPE, NAME, DESCR_PLAIN, RELATED_LUI_ID, ID) values ('6aebdd04-783d-42ed-a5fc-84d83fedff69', 0, 'admin', TIMESTAMP '2014-02-06 10:34:38.883', 'admin', TIMESTAMP '2014-02-06 10:34:38.883', TIMESTAMP '2014-02-06 10:36:01.276', '', 'HIST619A-CO-FO', '303fba6c-a9c7-4b10-948e-5bea899d7dc6', 'kuali.lui.lui.relation.state.active', 'kuali.lui.lui.relation.type.deliveredvia.co2fo', 'co-fo-relation', 'HIST619A-CO-FO', '44286290-add7-423d-832b-d8ead34f10c1', '159a6c96-494f-48ca-b3c8-2be67de95380')
/
insert into KSEN_LUI (OBJ_ID, VER_NBR, CREATEID, CREATETIME, UPDATEID, UPDATETIME, ATP_ID, CLU_ID, EFF_DT, EXPIR_DT, DESCR_FORMATTED, LUI_STATE, LUI_TYPE, MAX_SEATS, MIN_SEATS, NAME, DESCR_PLAIN, REF_URL, ID) values ('20405d3b-234a-4218-9b90-9add1de37a9c', 0, 'admin', TIMESTAMP '2014-02-06 10:34:38.883', 'admin', TIMESTAMP '2014-02-06 10:34:38.883', 'kuali.atp.2014Winter', '82a1e5ca-81ac-4a6b-8fc1-5f4cb0000660', '', '', 'Courses with lecture', 'kuali.lui.activity.offering.state.draft', 'kuali.lui.type.activity.offering.lecture', 10, 10, 'Lecture', 'Courses with lecture', null, '2b0fc2e2-b2db-4b13-968d-9f4036471a73')
/
insert into KSEN_LUI_ATTR (OBJ_ID, ATTR_KEY, OWNER_ID, ATTR_VALUE, ID) values ('1d6d02a1-efc7-4142-a67b-749cce66ee8d', 'kuali.attribute.nonstd.ts.indicator', '2b0fc2e2-b2db-4b13-968d-9f4036471a73', 0, '80fced51-e22b-4abd-964f-7f8d4a228467')
/
insert into KSEN_LUI_ATTR (OBJ_ID, ATTR_KEY, OWNER_ID, ATTR_VALUE, ID) values ('11051bf8-2cc6-40d4-a5b1-4f4e20f4b0f5', 'kuali.attribute.max.enrollment.is.estimate', '2b0fc2e2-b2db-4b13-968d-9f4036471a73', 0, '23052954-d476-4608-8628-577f26c8b73a')
/
insert into KSEN_LUI_ATTR (OBJ_ID, ATTR_KEY, OWNER_ID, ATTR_VALUE, ID) values ('2c14c73e-664c-4f6f-9633-0e8c272e89db', 'kuali.attribute.course.evaluation.indicator', '2b0fc2e2-b2db-4b13-968d-9f4036471a73', 0, 'd3266d4f-691f-4f56-a255-09ce749449c5')
/
insert into KSEN_LUI_IDENT (OBJ_ID, VER_NBR, CREATEID, CREATETIME, UPDATEID, UPDATETIME, LUI_CD, DIVISION, IDENT_LEVEL, LNG_NAME, LUI_ID, ORGID, SHRT_NAME, LUI_ID_STATE, SUFX_CD, LUI_ID_TYPE, VARTN, ID) values ('7933b676-6059-468c-8d77-d3590d692b94', 0, 'admin', TIMESTAMP '2014-02-06 10:34:38.883', 'admin', TIMESTAMP '2014-02-06 10:34:38.883', 'A', '', '', '', '2b0fc2e2-b2db-4b13-968d-9f4036471a73', '', '', 'kuali.lui.identifier.state.active', '', 'kuali.lui.identifier.type.official', '', 'cb702da7-738c-4dc9-bda5-99997492b5f7')
/
insert into KSEN_LUI_LU_CD (OBJ_ID, VER_NBR, CREATEID, CREATETIME, UPDATEID, UPDATETIME, DESCR_FORMATTED, LUI_ID, DESCR_PLAIN, LUI_LUCD_TYPE, VALUE, ID) values ('d03b7c5c-46b5-48bc-9518-2390de0474e7', 0, 'admin', TIMESTAMP '2014-02-06 10:34:38.883', 'admin', TIMESTAMP '2014-02-06 10:34:38.883', '', '2b0fc2e2-b2db-4b13-968d-9f4036471a73', '', 'kuali.lu.code.honorsOffering', 0, '7df0d2d9-adc8-4efc-9a98-4b15916fd4db')
/
insert into KSEN_LPR (OBJ_ID, VER_NBR, CREATEID, CREATETIME, UPDATEID, UPDATETIME, ATP_ID, COMMIT_PERCT, CREDITS, EFF_DT, EXPIR_DT, GRADING_OPT_ID, LUI_ID, MASTER_LUI_ID, PERS_ID, LPR_STATE, LPR_TYPE, ID) values ('8d4dce78-bb80-48f8-821d-c669c01208b7', 0, 'admin', TIMESTAMP '2014-02-06 10:34:38.883', 'admin', TIMESTAMP '2014-02-06 10:34:38.883', '', '100.00', '', TIMESTAMP '2014-02-06 10:36:01.477', '', '', '2b0fc2e2-b2db-4b13-968d-9f4036471a73', '', 'S.KENNETHI', 'kuali.lpr.state.active', 'kuali.lpr.type.instructor.main', '4fcd0332-7fa8-45f8-a5fe-7041a4f09abe')
/
insert into KSEN_LUILUI_RELTN (OBJ_ID, VER_NBR, CREATEID, CREATETIME, UPDATEID, UPDATETIME, EFF_DT, EXPIR_DT, DESCR_FORMATTED, LUI_ID, LUILUI_RELTN_STATE, LUILUI_RELTN_TYPE, NAME, DESCR_PLAIN, RELATED_LUI_ID, ID) values ('e8c1d7ff-b16b-4efb-93c4-b42b839dce7c', 0, 'admin', TIMESTAMP '2014-02-06 10:34:38.883', 'admin', TIMESTAMP '2014-02-06 10:34:38.883', TIMESTAMP '2014-02-06 10:36:01.527', '', 'HIST619A-FO-AO', '44286290-add7-423d-832b-d8ead34f10c1', 'kuali.lui.lui.relation.state.active', 'kuali.lui.lui.relation.type.deliveredvia.fo2ao', 'fo-ao-relation', 'HIST619A-FO-AO', '2b0fc2e2-b2db-4b13-968d-9f4036471a73', '69518acf-0c02-457e-800a-9bbf44779925')
/
insert into KSEN_SCHED_RQST_SET (OBJ_ID, VER_NBR, CREATEID, CREATETIME, UPDATEID, UPDATETIME, DESCR_FORMATTED, MAX_ENRL_SHARED_IND, MAX_ENRL, NAME, DESCR_PLAIN, REF_OBJECT_TYPE, SCHED_RQST_SET_STATE, SCHED_RQST_SET_TYPE, ID) values ('47fbcaf6-b4d7-4e23-89d1-5aa8763b60a8', 0, 'admin', TIMESTAMP '2014-02-06 10:34:38.883', 'admin', TIMESTAMP '2014-02-06 10:34:38.883', '', 0, '', 'Schedule request set for HIST619A - A', '', 'http://student.kuali.org/wsdl/courseOffering/ActivityOfferingInfo', 'kuali.scheduling.schedule.request.set.state.created', 'kuali.scheduling.schedule.request.set.type.schedule.request.set', '2c81b671-99e7-4234-af20-04fa07654941')
/
insert into KSEN_SCHED_RQST (OBJ_ID, VER_NBR, CREATEID, CREATETIME, UPDATEID, UPDATETIME, DESCR_FORMATTED, NAME, DESCR_PLAIN, SCHED_RQST_STATE, SCHED_RQST_TYPE, SCHED_ID, SCHED_RQST_SET_ID, ID) values ('7d9c5a48-0de6-440e-8190-cd58a8d79f2f', 0, 'admin', TIMESTAMP '2014-02-06 10:34:38.883', 'admin', TIMESTAMP '2014-02-06 10:34:38.883', '', 'Schedule request for HIST619A - A', '', 'kuali.scheduling.schedule.request.state.created', 'kuali.scheduling.schedule.request.type.schedule.request', '', '2c81b671-99e7-4234-af20-04fa07654941', 'eecc9c84-b48d-494e-b246-f92d66db48a5')
/
insert into KSEN_SCHED_RQST_CMP (OBJ_ID, TBA_IND, SCHED_RQST_ID, ID) values ('6b9ec4f2-f967-4d7c-ba00-34af8c946fbe', 1, 'eecc9c84-b48d-494e-b246-f92d66db48a5', '0abfb889-c32e-4b6b-a623-a4be5c41721c')
/
insert into KSEN_SCHED_REF_OBJECT (SCHED_RQST_SET_ID, REF_OBJECT_ID) values ('2c81b671-99e7-4234-af20-04fa07654941', '2b0fc2e2-b2db-4b13-968d-9f4036471a73')
/
insert into KSEN_SCHED_RQST_CMP_TMSLOT (CMP_ID, TM_SLOT_ID) values ('0abfb889-c32e-4b6b-a623-a4be5c41721c', '4A6971D2-447D-4359-B949-F4EDF104A0AA')
/
insert into KSEN_CWL (OBJ_ID, VER_NBR, CREATEID, CREATETIME, UPDATEID, UPDATETIME, ALLOW_HOLD_UTIL_ENTRIES_IND, AUTO_PROCESSED_IND, CHECK_IN_REQ_IND, CONF_REQ_IND, EFF_DT, EXPIR_DT, MAX_SIZE, REG_IN_FIRST_AAO_IND, STD_DUR_TIME_QTY, STD_DUR_TYPE, CWL_STATE, CWL_TYPE, ID) values ('1a7a38e9-2d2e-48bd-88a2-0dc62edf4d82', 0, 'admin', TIMESTAMP '2014-02-06 10:34:38.883', 'admin', TIMESTAMP '2014-02-06 10:34:38.883', 1, 1, 0, 1, TIMESTAMP '2013-01-02 00:00:00.0', '', '', 1, '', '', 'kuali.course.waitlist.state.active', 'kuali.course.waitlist.type.course.waitlist', '75f6cb2f-190e-4e1a-b21c-8ddc8890be4a')
/
insert into KSEN_CWL_ACTIV_OFFER (CWL_ID, ACTIV_OFFER_ID) values ('75f6cb2f-190e-4e1a-b21c-8ddc8890be4a', '2b0fc2e2-b2db-4b13-968d-9f4036471a73')
/
insert into KSEN_CWL_FORMAT_OFFER (CWL_ID, FORMAT_OFFER_ID) values ('75f6cb2f-190e-4e1a-b21c-8ddc8890be4a', '44286290-add7-423d-832b-d8ead34f10c1')
/
insert into KSEN_CO_AO_CLUSTER (OBJ_ID, VER_NBR, CREATEID, CREATETIME, UPDATEID, UPDATETIME, AO_CLUSTER_STATE, AO_CLUSTER_TYPE, DESCR_FORMATTED, DESCR_PLAIN, FORMAT_OFFERING_ID, NAME, PRIVATE_NAME, ID) values ('fda9ece5-00b5-420c-86d2-93001dd696b9', 0, 'admin', TIMESTAMP '2014-02-06 10:34:38.883', 'admin', TIMESTAMP '2014-02-06 10:34:38.883', 'kuali.activity.offering.cluster.state.active', 'kuali.activity.offering.cluster.type.activity.offering.cluster', '', '', '44286290-add7-423d-832b-d8ead34f10c1', 'CL 1', 'CL 1', '1e59b17b-38c5-4455-af8a-0db376b7c383')
/
insert into KSEN_CO_AO_CLUSTER_SET (OBJ_ID, ACTIVITY_OFFERING_TYPE, AO_CLUSTER_ID, ID) values ('2279d658-400c-4a49-a65b-668edb422ee0', 'kuali.lui.type.activity.offering.lecture', '1e59b17b-38c5-4455-af8a-0db376b7c383', 'ef629eab-ccb2-4e1b-a4d9-bfdf58160b00')
/
insert into KSEN_CO_AO_CLUSTER_SET_AO (AOC_SET_ID, ACTIVITY_OFFERING_ID) values ('ef629eab-ccb2-4e1b-a4d9-bfdf58160b00', '2b0fc2e2-b2db-4b13-968d-9f4036471a73')
/
update KSEN_CO_AO_CLUSTER_SET set AO_CLUSTER_ID='1e59b17b-38c5-4455-af8a-0db376b7c383' where ID='ef629eab-ccb2-4e1b-a4d9-bfdf58160b00'
/
insert into KSEN_LUI (OBJ_ID, VER_NBR, CREATEID, CREATETIME, UPDATEID, UPDATETIME, ATP_ID, CLU_ID, EFF_DT, EXPIR_DT, DESCR_FORMATTED, LUI_STATE, LUI_TYPE, MAX_SEATS, MIN_SEATS, NAME, DESCR_PLAIN, REF_URL, ID) values ('de76223b-27ae-4847-aea7-0d3c0040db7d', 0, 'admin', TIMESTAMP '2014-02-06 10:34:38.883', 'admin', TIMESTAMP '2014-02-06 10:34:38.883', 'kuali.atp.2014Winter', '0daac3c5-3477-401a-b7ca-8a1968eab2f7', '', '', '1001', 'kuali.lui.registration.group.state.pending', 'kuali.lui.type.registration.group', '', '', '1001', '1001', '', '08140eef-5335-45b4-b9f0-bec5e1b4345d')
/
insert into KSEN_LUI_ATTR (OBJ_ID, ATTR_KEY, OWNER_ID, ATTR_VALUE, ID) values ('47c9197c-6d32-4cb3-b872-d4f29a66cb78', 'kuali.attribute.registration.group.aocluster.id', '08140eef-5335-45b4-b9f0-bec5e1b4345d', '1e59b17b-38c5-4455-af8a-0db376b7c383', 'fb518b82-6813-4bfb-910b-861059ffd4e7')
/
insert into KSEN_LUI_ATTR (OBJ_ID, ATTR_KEY, OWNER_ID, ATTR_VALUE, ID) values ('3d177d2e-ef3d-44b1-99c1-ac09cf5dc629', 'kuali.attribute.registration.group.is.generated', '08140eef-5335-45b4-b9f0-bec5e1b4345d', 1, '87324494-9da2-43d1-9e38-9d0a935b19a9')
/
insert into KSEN_LUI_IDENT (OBJ_ID, VER_NBR, CREATEID, CREATETIME, UPDATEID, UPDATETIME, LUI_CD, DIVISION, IDENT_LEVEL, LNG_NAME, LUI_ID, ORGID, SHRT_NAME, LUI_ID_STATE, SUFX_CD, LUI_ID_TYPE, VARTN, ID) values ('94f1a0d9-5c43-43c5-b87f-a875df1f8059', 0, 'admin', TIMESTAMP '2014-02-06 10:34:38.883', 'admin', TIMESTAMP '2014-02-06 10:34:38.883', '', '', '', '', '08140eef-5335-45b4-b9f0-bec5e1b4345d', '', '', 'kuali.lui.identifier.state.active', '', 'kuali.lui.identifier.type.official', '', 'c83f5e2d-5607-44be-b8cf-42db10620098')
/
insert into KSEN_LUILUI_RELTN (OBJ_ID, VER_NBR, CREATEID, CREATETIME, UPDATEID, UPDATETIME, EFF_DT, EXPIR_DT, DESCR_FORMATTED, LUI_ID, LUILUI_RELTN_STATE, LUILUI_RELTN_TYPE, NAME, DESCR_PLAIN, RELATED_LUI_ID, ID) values ('b9e9b54f-bf3f-4284-98ed-ef2c6a4e11d3', 0, 'admin', TIMESTAMP '2014-02-06 10:34:38.883', 'admin', TIMESTAMP '2014-02-06 10:34:38.883', TIMESTAMP '2014-02-06 10:36:02.162', '', 'HIST619A-FO-RG', '44286290-add7-423d-832b-d8ead34f10c1', 'kuali.lui.lui.relation.state.active', 'kuali.lui.lui.relation.type.deliveredvia.fo2rg', 'fo-rg-relation', 'HIST619A-FO-RG', '08140eef-5335-45b4-b9f0-bec5e1b4345d', 'c27ea12c-2ce5-4269-8cec-b24a41fe0a97')
/
insert into KSEN_LUILUI_RELTN (OBJ_ID, VER_NBR, CREATEID, CREATETIME, UPDATEID, UPDATETIME, EFF_DT, EXPIR_DT, DESCR_FORMATTED, LUI_ID, LUILUI_RELTN_STATE, LUILUI_RELTN_TYPE, NAME, DESCR_PLAIN, RELATED_LUI_ID, ID) values ('059a4fea-d79e-443c-8788-8067fd25bac3', 0, 'admin', TIMESTAMP '2014-02-06 10:34:38.883', 'admin', TIMESTAMP '2014-02-06 10:34:38.883', TIMESTAMP '2014-02-06 10:36:02.179', '', 'HIST619A-RG-AO', '08140eef-5335-45b4-b9f0-bec5e1b4345d', 'kuali.lui.lui.relation.state.active', 'kuali.lui.lui.relation.type.registeredforvia.rg2ao', 'rg-ao-relation', 'HIST619A-RG-AO', '2b0fc2e2-b2db-4b13-968d-9f4036471a73', '994bd93b-92f5-42fc-8d7f-430916cfb8af')
/
insert into KSEN_LUI (OBJ_ID, VER_NBR, CREATEID, CREATETIME, UPDATEID, UPDATETIME, ATP_ID, CLU_ID, EFF_DT, EXPIR_DT, DESCR_FORMATTED, LUI_STATE, LUI_TYPE, MAX_SEATS, MIN_SEATS, NAME, DESCR_PLAIN, REF_URL, ID) values ('b21c7e2d-602b-4990-8b05-e16627546509', 0, 'admin', TIMESTAMP '2014-02-06 10:34:38.883', 'admin', TIMESTAMP '2014-02-06 10:34:38.883', 'kuali.atp.2014Winter', 'CLUID-HIST357-199501000000', TIMESTAMP '2014-01-02 00:00:00.0', '', 'American history from the inauguration of Harry S. Truman to the presen with emphasis upon politics and foreign relations, but with consideration of special topics such as radicalism, conservatism, and labor.', 'kuali.lui.course.offering.state.draft', 'kuali.lui.type.course.offering', '', '', 'HIST357 CO', 'American history from the inauguration of Harry S. Truman to the presen with emphasis upon politics and foreign relations, but with consideration of special topics such as radicalism, conservatism, and labor.', null, 'f902dc5a-0036-4542-b5cc-d5bc82a7f281')
/
insert into KSEN_LUI_ATTR (OBJ_ID, ATTR_KEY, OWNER_ID, ATTR_VALUE, ID) values ('0d66087d-fb67-4034-9384-5528fde7900c', 'kuali.attribute.final.exam.indicator', 'f902dc5a-0036-4542-b5cc-d5bc82a7f281', 'STANDARD', 'b9eeed78-4eb9-4ee4-89f1-b25d9a64e2ab')
/
insert into KSEN_LUI_ATTR (OBJ_ID, ATTR_KEY, OWNER_ID, ATTR_VALUE, ID) values ('1e1b6c68-7c8d-4d2e-a8cf-80733ae16410', 'kuali.attribute.course.number.internal.suffix', 'f902dc5a-0036-4542-b5cc-d5bc82a7f281', 'A', '9cec1152-b864-45f6-9615-be553af1f37d')
/
insert into KSEN_LUI_ATTR (OBJ_ID, ATTR_KEY, OWNER_ID, ATTR_VALUE, ID) values ('b6bad78e-6508-47e6-9d7f-1bdc7b1e3c1c', 'kuali.attribute.wait.list.indicator', 'f902dc5a-0036-4542-b5cc-d5bc82a7f281', 1, 'a013a2ac-df3a-48ca-923f-909037f51353')
/
insert into KSEN_LUI_ATTR (OBJ_ID, ATTR_KEY, OWNER_ID, ATTR_VALUE, ID) values ('88e64384-d48b-4d93-baea-9ad3b50025af', 'kuali.attribute.wait.list.level.type.key', 'f902dc5a-0036-4542-b5cc-d5bc82a7f281', 'AO', '0f32f060-289c-4c34-8452-153b8c0d10f3')
/
insert into KSEN_LUI_ATTR (OBJ_ID, ATTR_KEY, OWNER_ID, ATTR_VALUE, ID) values ('8f5d8e4e-c020-44fc-b69b-8fb6767accb5', 'kuali.attribute.funding.source', 'f902dc5a-0036-4542-b5cc-d5bc82a7f281', '', '381ddf0e-f78f-420b-9e6a-5f26d0e65200')
/
insert into KSEN_LUI_ATTR (OBJ_ID, ATTR_KEY, OWNER_ID, ATTR_VALUE, ID) values ('5015b8ad-77de-447b-bae5-37d5d7d8910b', 'kuali.attribute.final.exam.use.matrix', 'f902dc5a-0036-4542-b5cc-d5bc82a7f281', 1, '361248c5-83ef-4d7c-8197-6bc72c6e0d4a')
/
insert into KSEN_LUI_ATTR (OBJ_ID, ATTR_KEY, OWNER_ID, ATTR_VALUE, ID) values ('04fe6433-c8e3-4549-a84a-6f8bf1ba5e26', 'kuali.attribute.where.fees.attached.flag', 'f902dc5a-0036-4542-b5cc-d5bc82a7f281', 0, '869ae6cc-5680-432d-9016-ce2cbae32a24')
/
insert into KSEN_LUI_ATTR (OBJ_ID, ATTR_KEY, OWNER_ID, ATTR_VALUE, ID) values ('394a2425-c179-41dc-b96c-f192e335b7f2', 'kuali.attribute.final.exam.driver', 'f902dc5a-0036-4542-b5cc-d5bc82a7f281', 'kuali.lu.exam.driver.ActivityOffering', '702105cb-aa6e-4b8c-aaa7-386a17a21438')
/
insert into KSEN_LUI_ATTR (OBJ_ID, ATTR_KEY, OWNER_ID, ATTR_VALUE, ID) values ('2de4e0c5-0bd2-4cc9-ba6e-b68a9c5d700c', 'kuali.attribute.course.evaluation.indicator', 'f902dc5a-0036-4542-b5cc-d5bc82a7f281', 0, '6772b2f2-a128-4299-8d88-02a49d03abbc')
/
insert into KSEN_LUI_ATTR (OBJ_ID, ATTR_KEY, OWNER_ID, ATTR_VALUE, ID) values ('2a2e75e4-a8ab-4399-98b5-40a611fb470a', 'kuali.attribute.wait.list.type.key', 'f902dc5a-0036-4542-b5cc-d5bc82a7f281', null, '978fcf45-706e-435c-b950-df8d98579467')
/
insert into KSEN_LUI_IDENT (OBJ_ID, VER_NBR, CREATEID, CREATETIME, UPDATEID, UPDATETIME, LUI_CD, DIVISION, IDENT_LEVEL, LNG_NAME, LUI_ID, ORGID, SHRT_NAME, LUI_ID_STATE, SUFX_CD, LUI_ID_TYPE, VARTN, ID) values ('e48bcbf2-cb10-449d-b05c-7c890e70e671', 0, 'admin', TIMESTAMP '2014-02-06 10:34:38.883', 'admin', TIMESTAMP '2014-02-06 10:34:38.883', 'HIST357', 'HIST', '', 'Recent America: 1945-Present', 'f902dc5a-0036-4542-b5cc-d5bc82a7f281', '', '', 'kuali.lui.identifier.state.active', '', 'kuali.lui.identifier.type.official', '', '7e35cfe9-dc65-40aa-993e-d8e36ecc58d7')
/
insert into KSEN_LUI_LU_CD (OBJ_ID, VER_NBR, CREATEID, CREATETIME, UPDATEID, UPDATETIME, DESCR_FORMATTED, LUI_ID, DESCR_PLAIN, LUI_LUCD_TYPE, VALUE, ID) values ('c74c67fb-668d-4997-be10-023c693c370d', 0, 'admin', TIMESTAMP '2014-02-06 10:34:38.883', 'admin', TIMESTAMP '2014-02-06 10:34:38.883', '', 'f902dc5a-0036-4542-b5cc-d5bc82a7f281', '', 'kuali.lu.code.honorsOffering', '', 'e8c2e818-ef61-4c42-8fef-ddc368dde1b5')
/
insert into KSEN_LUI_UNITS_DEPLOYMENT (LUI_ID, ORG_ID, ID) values ('f902dc5a-0036-4542-b5cc-d5bc82a7f281', '3213375036', '62631b29-0e4f-49e5-8064-97810012b9c8')
/
insert into KSEN_LUI_UNITS_CONT_OWNER (LUI_ID, ORG_ID) values ('f902dc5a-0036-4542-b5cc-d5bc82a7f281', '3213375036')
/
insert into KSEN_LUI_RESULT_VAL_GRP (LUI_ID, RESULT_VAL_GRP_ID) values ('f902dc5a-0036-4542-b5cc-d5bc82a7f281', 'kuali.resultComponent.grade.letter')
/
insert into KSEN_LUI_RESULT_VAL_GRP (LUI_ID, RESULT_VAL_GRP_ID) values ('f902dc5a-0036-4542-b5cc-d5bc82a7f281', 'kuali.resultComponent.grade.audit')
/
insert into KSEN_LUI_RESULT_VAL_GRP (LUI_ID, RESULT_VAL_GRP_ID) values ('f902dc5a-0036-4542-b5cc-d5bc82a7f281', 'kuali.resultComponent.grade.passFail')
/
insert into KSEN_LUI_RESULT_VAL_GRP (LUI_ID, RESULT_VAL_GRP_ID) values ('f902dc5a-0036-4542-b5cc-d5bc82a7f281', 'kuali.creditType.credit.degree.3.0')
/
insert into KSEN_LUI (OBJ_ID, VER_NBR, CREATEID, CREATETIME, UPDATEID, UPDATETIME, ATP_ID, CLU_ID, EFF_DT, EXPIR_DT, DESCR_FORMATTED, LUI_STATE, LUI_TYPE, MAX_SEATS, MIN_SEATS, NAME, DESCR_PLAIN, REF_URL, ID) values ('cb2e843d-f211-4064-9cb9-b539e0ae0877', 0, 'admin', TIMESTAMP '2014-02-06 10:34:38.883', 'admin', TIMESTAMP '2014-02-06 10:34:38.883', 'kuali.atp.2014Winter', 'd48e4b15-08ca-494a-a187-4647da1d2b27', '', '', 'Courses with Lecture only', 'kuali.lui.format.offering.state.draft', 'kuali.lui.type.course.format.offering', '', '', 'Lecture Only', 'Courses with Lecture only', '', '996e5aed-07be-4269-aa87-680ba8310d5e')
/
insert into KSEN_LUI_ATTR (OBJ_ID, ATTR_KEY, OWNER_ID, ATTR_VALUE, ID) values ('efb95f11-106c-4166-9392-8cd096357d96', 'kuali.attribute.grade.roster.level.type.key', '996e5aed-07be-4269-aa87-680ba8310d5e', 'kuali.lui.type.activity.offering.lecture', 'b194a32f-6a3d-45c5-be5d-6f496f33b88c')
/
insert into KSEN_LUI_ATTR (OBJ_ID, ATTR_KEY, OWNER_ID, ATTR_VALUE, ID) values ('212c84f4-683e-417e-9c57-f507dcf06529', 'regCodePrefix', '996e5aed-07be-4269-aa87-680ba8310d5e', '1', 'ca8f887f-7d95-4ea4-9e52-dd4eb3b405e8')
/
insert into KSEN_LUI_ATTR (OBJ_ID, ATTR_KEY, OWNER_ID, ATTR_VALUE, ID) values ('ad9ee6a7-1155-4947-a0c2-b225d592bfa4', 'kuali.attribute.final.exam.level.type', '996e5aed-07be-4269-aa87-680ba8310d5e', 'kuali.lu.type.activity.Lecture', '22b64641-3a15-4129-a54f-665ecc9e9b9c')
/
insert into KSEN_LUI_IDENT (OBJ_ID, VER_NBR, CREATEID, CREATETIME, UPDATEID, UPDATETIME, LUI_CD, DIVISION, IDENT_LEVEL, LNG_NAME, LUI_ID, ORGID, SHRT_NAME, LUI_ID_STATE, SUFX_CD, LUI_ID_TYPE, VARTN, ID) values ('5ebcc9a1-a741-4f1c-bbec-2f5aed4f5948', 0, 'admin', TIMESTAMP '2014-02-06 10:34:38.883', 'admin', TIMESTAMP '2014-02-06 10:34:38.883', '', '', '', 'Lecture Only', '996e5aed-07be-4269-aa87-680ba8310d5e', '', 'LEC', 'kuali.lui.identifier.state.active', '', 'kuali.lui.identifier.type.official', '', 'd2be6386-33d0-422b-b387-1e256acd2e1f')
/
insert into KSEN_LUI_RELATED_LUI_TYPES (LUI_ID, RELATED_LUI_TYPE) values ('996e5aed-07be-4269-aa87-680ba8310d5e', 'kuali.lui.type.activity.offering.lecture')
/
insert into KSEN_LUILUI_RELTN (OBJ_ID, VER_NBR, CREATEID, CREATETIME, UPDATEID, UPDATETIME, EFF_DT, EXPIR_DT, DESCR_FORMATTED, LUI_ID, LUILUI_RELTN_STATE, LUILUI_RELTN_TYPE, NAME, DESCR_PLAIN, RELATED_LUI_ID, ID) values ('4f21e160-a075-404f-9cf6-210d3deb4e42', 0, 'admin', TIMESTAMP '2014-02-06 10:34:38.883', 'admin', TIMESTAMP '2014-02-06 10:34:38.883', TIMESTAMP '2014-02-06 10:36:04.614', '', 'HIST357-CO-FO', 'f902dc5a-0036-4542-b5cc-d5bc82a7f281', 'kuali.lui.lui.relation.state.active', 'kuali.lui.lui.relation.type.deliveredvia.co2fo', 'co-fo-relation', 'HIST357-CO-FO', '996e5aed-07be-4269-aa87-680ba8310d5e', '20ad1767-78df-4a82-bfa7-93e9a632ffff')
/
insert into KSEN_LUI (OBJ_ID, VER_NBR, CREATEID, CREATETIME, UPDATEID, UPDATETIME, ATP_ID, CLU_ID, EFF_DT, EXPIR_DT, DESCR_FORMATTED, LUI_STATE, LUI_TYPE, MAX_SEATS, MIN_SEATS, NAME, DESCR_PLAIN, REF_URL, ID) values ('6145ddb4-f936-44fc-b690-a50e6220a707', 0, 'admin', TIMESTAMP '2014-02-06 10:34:38.883', 'admin', TIMESTAMP '2014-02-06 10:34:38.883', 'kuali.atp.2014Winter', '156c39bd-7086-40a5-8158-8402f885b33b', '', '', 'Courses with lecture', 'kuali.lui.activity.offering.state.draft', 'kuali.lui.type.activity.offering.lecture', 40, 40, 'Lecture', 'Courses with lecture', null, '2fa6f6a9-8a25-4f04-945f-1444579f5000')
/
insert into KSEN_LUI_ATTR (OBJ_ID, ATTR_KEY, OWNER_ID, ATTR_VALUE, ID) values ('702b5b8d-0556-4de2-8d0b-2e84729548c8', 'kuali.attribute.max.enrollment.is.estimate', '2fa6f6a9-8a25-4f04-945f-1444579f5000', 0, 'cacfa759-874d-465a-b783-45970f4b4075')
/
insert into KSEN_LUI_ATTR (OBJ_ID, ATTR_KEY, OWNER_ID, ATTR_VALUE, ID) values ('5a13aa7b-6049-4224-a085-5ade023f2ad0', 'kuali.attribute.nonstd.ts.indicator', '2fa6f6a9-8a25-4f04-945f-1444579f5000', 0, '79a23821-69ed-4a5a-b530-b2f803d717af')
/
insert into KSEN_LUI_ATTR (OBJ_ID, ATTR_KEY, OWNER_ID, ATTR_VALUE, ID) values ('5784c3a3-1a83-4b96-b682-bf6e419dc78e', 'kuali.attribute.course.evaluation.indicator', '2fa6f6a9-8a25-4f04-945f-1444579f5000', 0, 'd485d704-6b86-4ffc-998a-6b5b31c8efdd')
/
insert into KSEN_LUI_IDENT (OBJ_ID, VER_NBR, CREATEID, CREATETIME, UPDATEID, UPDATETIME, LUI_CD, DIVISION, IDENT_LEVEL, LNG_NAME, LUI_ID, ORGID, SHRT_NAME, LUI_ID_STATE, SUFX_CD, LUI_ID_TYPE, VARTN, ID) values ('9bbe96bd-5e94-4eb4-ad83-f2fd69aef72d', 0, 'admin', TIMESTAMP '2014-02-06 10:34:38.883', 'admin', TIMESTAMP '2014-02-06 10:34:38.883', 'A', '', '', '', '2fa6f6a9-8a25-4f04-945f-1444579f5000', '', '', 'kuali.lui.identifier.state.active', '', 'kuali.lui.identifier.type.official', '', '417b4ab9-d0ea-4169-bbfc-9faf399405b6')
/
insert into KSEN_LUI_LU_CD (OBJ_ID, VER_NBR, CREATEID, CREATETIME, UPDATEID, UPDATETIME, DESCR_FORMATTED, LUI_ID, DESCR_PLAIN, LUI_LUCD_TYPE, VALUE, ID) values ('a158b60c-e6ce-4bf2-8c87-c9494fd1d5e4', 0, 'admin', TIMESTAMP '2014-02-06 10:34:38.883', 'admin', TIMESTAMP '2014-02-06 10:34:38.883', '', '2fa6f6a9-8a25-4f04-945f-1444579f5000', '', 'kuali.lu.code.honorsOffering', 0, 'd7dd4669-79a6-444a-a22c-c191694eba2a')
/
insert into KSEN_LPR (OBJ_ID, VER_NBR, CREATEID, CREATETIME, UPDATEID, UPDATETIME, ATP_ID, COMMIT_PERCT, CREDITS, EFF_DT, EXPIR_DT, GRADING_OPT_ID, LUI_ID, MASTER_LUI_ID, PERS_ID, LPR_STATE, LPR_TYPE, ID) values ('f59c63ce-c184-4970-9e3d-da377d4ff3aa', 0, 'admin', TIMESTAMP '2014-02-06 10:34:38.883', 'admin', TIMESTAMP '2014-02-06 10:34:38.883', '', '100.00', '', TIMESTAMP '2014-02-06 10:36:04.692', '', '', '2fa6f6a9-8a25-4f04-945f-1444579f5000', '', 'B.WESLEYM', 'kuali.lpr.state.active', 'kuali.lpr.type.instructor.main', '13924210-0ca5-418c-ab98-1777fb71adaf')
/
insert into KSEN_LUILUI_RELTN (OBJ_ID, VER_NBR, CREATEID, CREATETIME, UPDATEID, UPDATETIME, EFF_DT, EXPIR_DT, DESCR_FORMATTED, LUI_ID, LUILUI_RELTN_STATE, LUILUI_RELTN_TYPE, NAME, DESCR_PLAIN, RELATED_LUI_ID, ID) values ('ead05055-aaf4-4d67-894d-1b9141524a62', 0, 'admin', TIMESTAMP '2014-02-06 10:34:38.883', 'admin', TIMESTAMP '2014-02-06 10:34:38.883', TIMESTAMP '2014-02-06 10:36:04.746', '', 'HIST357-FO-AO', '996e5aed-07be-4269-aa87-680ba8310d5e', 'kuali.lui.lui.relation.state.active', 'kuali.lui.lui.relation.type.deliveredvia.fo2ao', 'fo-ao-relation', 'HIST357-FO-AO', '2fa6f6a9-8a25-4f04-945f-1444579f5000', 'd3b3b8c2-429d-40d7-9c0f-fb63e2d2d9c0')
/
insert into KSEN_SCHED_RQST_SET (OBJ_ID, VER_NBR, CREATEID, CREATETIME, UPDATEID, UPDATETIME, DESCR_FORMATTED, MAX_ENRL_SHARED_IND, MAX_ENRL, NAME, DESCR_PLAIN, REF_OBJECT_TYPE, SCHED_RQST_SET_STATE, SCHED_RQST_SET_TYPE, ID) values ('bb14d9ca-2682-45a7-a894-5d644539120e', 0, 'admin', TIMESTAMP '2014-02-06 10:34:38.883', 'admin', TIMESTAMP '2014-02-06 10:34:38.883', '', 0, '', 'Schedule request set for HIST357 - A', '', 'http://student.kuali.org/wsdl/courseOffering/ActivityOfferingInfo', 'kuali.scheduling.schedule.request.set.state.created', 'kuali.scheduling.schedule.request.set.type.schedule.request.set', '57a05953-82c1-49ed-a03b-3e785f62521d')
/
insert into KSEN_SCHED_RQST (OBJ_ID, VER_NBR, CREATEID, CREATETIME, UPDATEID, UPDATETIME, DESCR_FORMATTED, NAME, DESCR_PLAIN, SCHED_RQST_STATE, SCHED_RQST_TYPE, SCHED_ID, SCHED_RQST_SET_ID, ID) values ('73daaa2a-f254-4701-9878-7ab88bddee31', 0, 'admin', TIMESTAMP '2014-02-06 10:34:38.883', 'admin', TIMESTAMP '2014-02-06 10:34:38.883', '', 'Schedule request for HIST357 - A', '', 'kuali.scheduling.schedule.request.state.created', 'kuali.scheduling.schedule.request.type.schedule.request', '', '57a05953-82c1-49ed-a03b-3e785f62521d', '7d306de8-e7f5-49a2-81d8-64ccb83393c7')
/
insert into KSEN_SCHED_RQST_CMP (OBJ_ID, TBA_IND, SCHED_RQST_ID, ID) values ('6388793f-f27a-4c0e-9aa6-634cf54fc0a0', 0, '7d306de8-e7f5-49a2-81d8-64ccb83393c7', 'b3a062bd-7800-434e-a688-f4b190862b74')
/
insert into KSEN_SCHED_REF_OBJECT (SCHED_RQST_SET_ID, REF_OBJECT_ID) values ('57a05953-82c1-49ed-a03b-3e785f62521d', '2fa6f6a9-8a25-4f04-945f-1444579f5000')
/
insert into KSEN_SCHED_RQST_CMP_BLDG (CMP_ID, BUILDING_ID) values ('b3a062bd-7800-434e-a688-f4b190862b74', 'd5138c2b-01ee-4e81-b526-38ed2a7c60a3')
/
insert into KSEN_SCHED_RQST_CMP_CAMPUS (CMP_ID, CAMPUS_ID) values ('b3a062bd-7800-434e-a688-f4b190862b74', 'UMCP')
/
insert into KSEN_SCHED_RQST_CMP_ROOM (CMP_ID, ROOM_ID) values ('b3a062bd-7800-434e-a688-f4b190862b74', '6dd715ea-cc9b-4cd1-9a34-f96628650406')
/
insert into KSEN_SCHED_RQST_CMP_TMSLOT (CMP_ID, TM_SLOT_ID) values ('b3a062bd-7800-434e-a688-f4b190862b74', '4A6971D2-447D-4359-B949-F4EDF104A0AA')
/
insert into KSEN_CO_SEAT_POOL_DEFN (OBJ_ID, VER_NBR, CREATEID, CREATETIME, UPDATEID, UPDATETIME, ACTIVITY_OFFERING_ID, EXPIR_MSTONE_TYPE, PERCENTAGE_IND, NAME, POPULATION_ID, PROCESSING_PRIORITY, SEAT_LIMIT, SEAT_POOL_DEFN_STATE, SEAT_POOL_DEFN_TYPE, ID) values ('e008aa11-0369-44c6-8b7e-78c3fb141071', 1, 'admin', TIMESTAMP '2014-02-06 10:34:38.883', 'admin', TIMESTAMP '2014-02-06 10:34:38.883', '', 'kuali.atp.milestone.firstdayofclasses', 0, '300-level Senior Seatpool', '4160a52b-d353-4ab3-b72d-a3c2f9969783', 1, 5, 'kuali.lui.capacity.state.active', 'kuali.lui.capacity.type.seatpool', 'ec659581-b331-4f70-9dc4-7b38bf6a24e8')
/
insert into KSEN_CWL (OBJ_ID, VER_NBR, CREATEID, CREATETIME, UPDATEID, UPDATETIME, ALLOW_HOLD_UTIL_ENTRIES_IND, AUTO_PROCESSED_IND, CHECK_IN_REQ_IND, CONF_REQ_IND, EFF_DT, EXPIR_DT, MAX_SIZE, REG_IN_FIRST_AAO_IND, STD_DUR_TIME_QTY, STD_DUR_TYPE, CWL_STATE, CWL_TYPE, ID) values ('e058b31f-6dda-4197-b259-08abf21d46ec', 0, 'admin', TIMESTAMP '2014-02-06 10:34:38.883', 'admin', TIMESTAMP '2014-02-06 10:34:38.883', 1, 1, 0, 1, TIMESTAMP '2013-01-02 00:00:00.0', '', '', 1, '', '', 'kuali.course.waitlist.state.active', 'kuali.course.waitlist.type.course.waitlist', '24fbf214-24c2-4c42-899a-e5e94ef56032')
/
update KSEN_CO_SEAT_POOL_DEFN set OBJ_ID='e008aa11-0369-44c6-8b7e-78c3fb141071', VER_NBR=2, UPDATEID='admin', UPDATETIME=TIMESTAMP '2014-02-06 10:34:38.883', ACTIVITY_OFFERING_ID='2fa6f6a9-8a25-4f04-945f-1444579f5000', EXPIR_MSTONE_TYPE='kuali.atp.milestone.firstdayofclasses', PERCENTAGE_IND=0, NAME='300-level Senior Seatpool', POPULATION_ID='4160a52b-d353-4ab3-b72d-a3c2f9969783', PROCESSING_PRIORITY=1, SEAT_LIMIT=5, SEAT_POOL_DEFN_STATE='kuali.lui.capacity.state.active', SEAT_POOL_DEFN_TYPE='kuali.lui.capacity.type.seatpool' where ID='ec659581-b331-4f70-9dc4-7b38bf6a24e8' and VER_NBR=1
/
insert into KSEN_CWL_ACTIV_OFFER (CWL_ID, ACTIV_OFFER_ID) values ('24fbf214-24c2-4c42-899a-e5e94ef56032', '2fa6f6a9-8a25-4f04-945f-1444579f5000')
/
insert into KSEN_CWL_FORMAT_OFFER (CWL_ID, FORMAT_OFFER_ID) values ('24fbf214-24c2-4c42-899a-e5e94ef56032', '996e5aed-07be-4269-aa87-680ba8310d5e')
/
insert into KSEN_CO_AO_CLUSTER (OBJ_ID, VER_NBR, CREATEID, CREATETIME, UPDATEID, UPDATETIME, AO_CLUSTER_STATE, AO_CLUSTER_TYPE, DESCR_FORMATTED, DESCR_PLAIN, FORMAT_OFFERING_ID, NAME, PRIVATE_NAME, ID) values ('9d2f5635-a144-4ba7-98a2-2ea8ac3ffd2a', 0, 'admin', TIMESTAMP '2014-02-06 10:34:38.883', 'admin', TIMESTAMP '2014-02-06 10:34:38.883', 'kuali.activity.offering.cluster.state.active', 'kuali.activity.offering.cluster.type.activity.offering.cluster', '', '', '996e5aed-07be-4269-aa87-680ba8310d5e', 'CL 1', 'CL 1', '53d3bf82-5aa7-42c0-bd77-5cb13bbd8f01')
/
insert into KSEN_CO_AO_CLUSTER_SET (OBJ_ID, ACTIVITY_OFFERING_TYPE, AO_CLUSTER_ID, ID) values ('f809b74a-a7d5-4961-967c-d32f1643999f', 'kuali.lui.type.activity.offering.lecture', '53d3bf82-5aa7-42c0-bd77-5cb13bbd8f01', '3cc8e32d-d08c-430d-a8bf-bafb0f81f919')
/
insert into KSEN_CO_AO_CLUSTER_SET_AO (AOC_SET_ID, ACTIVITY_OFFERING_ID) values ('3cc8e32d-d08c-430d-a8bf-bafb0f81f919', '2fa6f6a9-8a25-4f04-945f-1444579f5000')
/
update KSEN_CO_AO_CLUSTER_SET set AO_CLUSTER_ID='53d3bf82-5aa7-42c0-bd77-5cb13bbd8f01' where ID='3cc8e32d-d08c-430d-a8bf-bafb0f81f919'
/
insert into KSEN_LUI (OBJ_ID, VER_NBR, CREATEID, CREATETIME, UPDATEID, UPDATETIME, ATP_ID, CLU_ID, EFF_DT, EXPIR_DT, DESCR_FORMATTED, LUI_STATE, LUI_TYPE, MAX_SEATS, MIN_SEATS, NAME, DESCR_PLAIN, REF_URL, ID) values ('5bc5ab71-4220-4a6c-a4b4-e23755bdf796', 0, 'admin', TIMESTAMP '2014-02-06 10:34:38.883', 'admin', TIMESTAMP '2014-02-06 10:34:38.883', 'kuali.atp.2014Winter', 'd48e4b15-08ca-494a-a187-4647da1d2b27', '', '', '1001', 'kuali.lui.registration.group.state.pending', 'kuali.lui.type.registration.group', '', '', '1001', '1001', '', '56c88559-d2b9-4e3c-9472-c58e69a8f4b3')
/
insert into KSEN_LUI_ATTR (OBJ_ID, ATTR_KEY, OWNER_ID, ATTR_VALUE, ID) values ('528729df-28ba-4fa4-bc52-dbe05e59633e', 'kuali.attribute.registration.group.aocluster.id', '56c88559-d2b9-4e3c-9472-c58e69a8f4b3', '53d3bf82-5aa7-42c0-bd77-5cb13bbd8f01', '91ed0fdc-b14e-428b-a80f-f9ef2c137d8b')
/
insert into KSEN_LUI_ATTR (OBJ_ID, ATTR_KEY, OWNER_ID, ATTR_VALUE, ID) values ('84897174-1cff-4264-a27d-488f68636e75', 'kuali.attribute.registration.group.is.generated', '56c88559-d2b9-4e3c-9472-c58e69a8f4b3', 1, '332eb476-61c3-42f1-b180-e8d9254a3bf9')
/
insert into KSEN_LUI_IDENT (OBJ_ID, VER_NBR, CREATEID, CREATETIME, UPDATEID, UPDATETIME, LUI_CD, DIVISION, IDENT_LEVEL, LNG_NAME, LUI_ID, ORGID, SHRT_NAME, LUI_ID_STATE, SUFX_CD, LUI_ID_TYPE, VARTN, ID) values ('b74194e8-92c6-41b0-90ce-d81b4d86553d', 0, 'admin', TIMESTAMP '2014-02-06 10:34:38.883', 'admin', TIMESTAMP '2014-02-06 10:34:38.883', '', '', '', '', '56c88559-d2b9-4e3c-9472-c58e69a8f4b3', '', '', 'kuali.lui.identifier.state.active', '', 'kuali.lui.identifier.type.official', '', 'd4f0980f-ac62-4096-8bee-e227921c10bd')
/
insert into KSEN_LUILUI_RELTN (OBJ_ID, VER_NBR, CREATEID, CREATETIME, UPDATEID, UPDATETIME, EFF_DT, EXPIR_DT, DESCR_FORMATTED, LUI_ID, LUILUI_RELTN_STATE, LUILUI_RELTN_TYPE, NAME, DESCR_PLAIN, RELATED_LUI_ID, ID) values ('947283e8-4258-45ed-ad44-9ccbadbb4019', 0, 'admin', TIMESTAMP '2014-02-06 10:34:38.883', 'admin', TIMESTAMP '2014-02-06 10:34:38.883', TIMESTAMP '2014-02-06 10:36:05.255', '', 'HIST357-FO-RG', '996e5aed-07be-4269-aa87-680ba8310d5e', 'kuali.lui.lui.relation.state.active', 'kuali.lui.lui.relation.type.deliveredvia.fo2rg', 'fo-rg-relation', 'HIST357-FO-RG', '56c88559-d2b9-4e3c-9472-c58e69a8f4b3', 'd2c9170e-6f78-4f73-94e7-72c8e4b830b8')
/
insert into KSEN_LUILUI_RELTN (OBJ_ID, VER_NBR, CREATEID, CREATETIME, UPDATEID, UPDATETIME, EFF_DT, EXPIR_DT, DESCR_FORMATTED, LUI_ID, LUILUI_RELTN_STATE, LUILUI_RELTN_TYPE, NAME, DESCR_PLAIN, RELATED_LUI_ID, ID) values ('75665534-39b1-4873-9d95-78a31b810204', 0, 'admin', TIMESTAMP '2014-02-06 10:34:38.883', 'admin', TIMESTAMP '2014-02-06 10:34:38.883', TIMESTAMP '2014-02-06 10:36:05.27', '', 'HIST357-RG-AO', '56c88559-d2b9-4e3c-9472-c58e69a8f4b3', 'kuali.lui.lui.relation.state.active', 'kuali.lui.lui.relation.type.registeredforvia.rg2ao', 'rg-ao-relation', 'HIST357-RG-AO', '2fa6f6a9-8a25-4f04-945f-1444579f5000', 'df420efe-5ff2-4200-bda8-b8f406f06026')
/
insert into KSEN_LUI (OBJ_ID, VER_NBR, CREATEID, CREATETIME, UPDATEID, UPDATETIME, ATP_ID, CLU_ID, EFF_DT, EXPIR_DT, DESCR_FORMATTED, LUI_STATE, LUI_TYPE, MAX_SEATS, MIN_SEATS, NAME, DESCR_PLAIN, REF_URL, ID) values ('36b584dd-00fe-437d-a4e0-9d4237136365', 0, 'admin', TIMESTAMP '2014-02-06 10:34:38.883', 'admin', TIMESTAMP '2014-02-06 10:34:38.883', 'kuali.atp.2014Winter', 'CLUID-HIST319-198001000000', TIMESTAMP '2014-01-02 00:00:00.0', '', '', 'kuali.lui.course.offering.state.draft', 'kuali.lui.type.course.offering', '', '', 'HIST319D CO', '.', null, '7890d38f-c690-4730-971e-94a000251b49')
/
insert into KSEN_LUI_ATTR (OBJ_ID, ATTR_KEY, OWNER_ID, ATTR_VALUE, ID) values ('cc5c1195-4348-4169-9dfb-39978307752a', 'kuali.attribute.where.fees.attached.flag', '7890d38f-c690-4730-971e-94a000251b49', 0, 'ce9aecac-7f81-45c9-87d1-f015feeaaeb4')
/
insert into KSEN_LUI_ATTR (OBJ_ID, ATTR_KEY, OWNER_ID, ATTR_VALUE, ID) values ('188bf0b8-34f6-4c53-a21c-736193a3a551', 'kuali.attribute.course.number.internal.suffix', '7890d38f-c690-4730-971e-94a000251b49', 'A', 'f9ddedae-89a7-4d02-99bb-d96a85d3474d')
/
insert into KSEN_LUI_ATTR (OBJ_ID, ATTR_KEY, OWNER_ID, ATTR_VALUE, ID) values ('9fea6dc5-b3d3-4f0a-a2df-172980bbb0c3', 'kuali.attribute.course.evaluation.indicator', '7890d38f-c690-4730-971e-94a000251b49', 0, '5e6ef2f9-ab32-4f0d-873b-18e16f412319')
/
insert into KSEN_LUI_ATTR (OBJ_ID, ATTR_KEY, OWNER_ID, ATTR_VALUE, ID) values ('1e6fb680-0eaa-4888-a1f6-9176436305e6', 'kuali.attribute.wait.list.indicator', '7890d38f-c690-4730-971e-94a000251b49', 1, '04ed87f0-639b-49a3-bdae-c3204b9896de')
/
insert into KSEN_LUI_ATTR (OBJ_ID, ATTR_KEY, OWNER_ID, ATTR_VALUE, ID) values ('a4c37fd1-f5ea-41a1-83b1-f98dcf0b04a7', 'kuali.attribute.final.exam.indicator', '7890d38f-c690-4730-971e-94a000251b49', 'STANDARD', '778d99a3-2f35-4994-8a8e-ed18353f330b')
/
insert into KSEN_LUI_ATTR (OBJ_ID, ATTR_KEY, OWNER_ID, ATTR_VALUE, ID) values ('e2f8c4b8-8e9f-48d1-8027-6142fe013801', 'kuali.attribute.wait.list.type.key', '7890d38f-c690-4730-971e-94a000251b49', null, '40d8ce4d-f2ec-4c53-82af-b1e01ba7a8cb')
/
insert into KSEN_LUI_ATTR (OBJ_ID, ATTR_KEY, OWNER_ID, ATTR_VALUE, ID) values ('f07a0c55-6496-4fe5-82b1-04e9ec520932', 'kuali.attribute.wait.list.level.type.key', '7890d38f-c690-4730-971e-94a000251b49', 'AO', 'e28e64ce-35c8-461c-b8ff-3ebad49b9b32')
/
insert into KSEN_LUI_ATTR (OBJ_ID, ATTR_KEY, OWNER_ID, ATTR_VALUE, ID) values ('28e32d06-f499-4801-889b-99e9507288a1', 'kuali.attribute.final.exam.use.matrix', '7890d38f-c690-4730-971e-94a000251b49', 1, 'e18ef3c5-81cb-423e-a67b-c6cb0d4b85f3')
/
insert into KSEN_LUI_ATTR (OBJ_ID, ATTR_KEY, OWNER_ID, ATTR_VALUE, ID) values ('7e6023b5-1ea7-4288-afbf-aacb9f14b2bb', 'kuali.attribute.final.exam.driver', '7890d38f-c690-4730-971e-94a000251b49', 'kuali.lu.exam.driver.ActivityOffering', '84f6d657-44d7-4f0a-8af3-599cf78a8d8c')
/
insert into KSEN_LUI_ATTR (OBJ_ID, ATTR_KEY, OWNER_ID, ATTR_VALUE, ID) values ('c1b315b3-0131-4ab9-8f4c-8b68bbe1ca78', 'kuali.attribute.funding.source', '7890d38f-c690-4730-971e-94a000251b49', '', 'a9f254de-13b6-405f-a31c-23fea3e61d31')
/
insert into KSEN_LUI_IDENT (OBJ_ID, VER_NBR, CREATEID, CREATETIME, UPDATEID, UPDATETIME, LUI_CD, DIVISION, IDENT_LEVEL, LNG_NAME, LUI_ID, ORGID, SHRT_NAME, LUI_ID_STATE, SUFX_CD, LUI_ID_TYPE, VARTN, ID) values ('5c5d899c-e8a7-4cdd-bd49-df4a2aa60bc4', 0, 'admin', TIMESTAMP '2014-02-06 10:34:38.883', 'admin', TIMESTAMP '2014-02-06 10:34:38.883', 'HIST319D', 'HIST', '', 'Special Topics in History', '7890d38f-c690-4730-971e-94a000251b49', '', '', 'kuali.lui.identifier.state.active', 'D', 'kuali.lui.identifier.type.official', '', '80738d7c-7083-4a9b-abdd-2fe785d7ae72')
/
insert into KSEN_LUI_LU_CD (OBJ_ID, VER_NBR, CREATEID, CREATETIME, UPDATEID, UPDATETIME, DESCR_FORMATTED, LUI_ID, DESCR_PLAIN, LUI_LUCD_TYPE, VALUE, ID) values ('25822667-08bd-4c07-8fc0-5e5465329c2e', 0, 'admin', TIMESTAMP '2014-02-06 10:34:38.883', 'admin', TIMESTAMP '2014-02-06 10:34:38.883', '', '7890d38f-c690-4730-971e-94a000251b49', '', 'kuali.lu.code.honorsOffering', '', 'ab924e4e-f246-48d6-8d76-4d0fd7a66d69')
/
insert into KSEN_LUI_UNITS_DEPLOYMENT (LUI_ID, ORG_ID, ID) values ('7890d38f-c690-4730-971e-94a000251b49', '3213375036', '95011e40-a8e2-4b34-a344-4b416915cf3b')
/
insert into KSEN_LUI_UNITS_CONT_OWNER (LUI_ID, ORG_ID) values ('7890d38f-c690-4730-971e-94a000251b49', '3213375036')
/
insert into KSEN_LUI_RESULT_VAL_GRP (LUI_ID, RESULT_VAL_GRP_ID) values ('7890d38f-c690-4730-971e-94a000251b49', 'kuali.resultComponent.grade.letter')
/
insert into KSEN_LUI_RESULT_VAL_GRP (LUI_ID, RESULT_VAL_GRP_ID) values ('7890d38f-c690-4730-971e-94a000251b49', 'kuali.resultComponent.grade.audit')
/
insert into KSEN_LUI_RESULT_VAL_GRP (LUI_ID, RESULT_VAL_GRP_ID) values ('7890d38f-c690-4730-971e-94a000251b49', 'kuali.resultComponent.grade.passFail')
/
insert into KSEN_LUI_RESULT_VAL_GRP (LUI_ID, RESULT_VAL_GRP_ID) values ('7890d38f-c690-4730-971e-94a000251b49', 'kuali.creditType.credit.degree.3.0')
/
insert into KSEN_LUI (OBJ_ID, VER_NBR, CREATEID, CREATETIME, UPDATEID, UPDATETIME, ATP_ID, CLU_ID, EFF_DT, EXPIR_DT, DESCR_FORMATTED, LUI_STATE, LUI_TYPE, MAX_SEATS, MIN_SEATS, NAME, DESCR_PLAIN, REF_URL, ID) values ('e6c5ec72-afcc-4bce-bb23-6b17402ac2a4', 0, 'admin', TIMESTAMP '2014-02-06 10:34:38.883', 'admin', TIMESTAMP '2014-02-06 10:34:38.883', 'kuali.atp.2014Winter', 'ccb3c17e-6eaf-4095-85b7-648120717da9', '', '', 'Courses with Lecture only', 'kuali.lui.format.offering.state.draft', 'kuali.lui.type.course.format.offering', '', '', 'Lecture Only', 'Courses with Lecture only', '', '1bda6691-e75f-4282-a3bc-eec2660ed51e')
/
insert into KSEN_LUI_ATTR (OBJ_ID, ATTR_KEY, OWNER_ID, ATTR_VALUE, ID) values ('f7f300a6-9eac-4425-ac9d-981ea1e7118f', 'kuali.attribute.final.exam.level.type', '1bda6691-e75f-4282-a3bc-eec2660ed51e', 'kuali.lu.type.activity.Lecture', '5d7d77dc-1356-437d-8e18-9f39e62f79fc')
/
insert into KSEN_LUI_ATTR (OBJ_ID, ATTR_KEY, OWNER_ID, ATTR_VALUE, ID) values ('a6c350a4-eb9c-4691-904e-837d311fdc8d', 'kuali.attribute.grade.roster.level.type.key', '1bda6691-e75f-4282-a3bc-eec2660ed51e', 'kuali.lui.type.activity.offering.lecture', '63826979-8f03-4138-a94b-ff40f6a72f8f')
/
insert into KSEN_LUI_ATTR (OBJ_ID, ATTR_KEY, OWNER_ID, ATTR_VALUE, ID) values ('d7159b02-129c-4248-88f4-e9e08e3fd4a8', 'regCodePrefix', '1bda6691-e75f-4282-a3bc-eec2660ed51e', '1', 'e34e3f70-6804-43ba-ae2f-9552cb325ce3')
/
insert into KSEN_LUI_IDENT (OBJ_ID, VER_NBR, CREATEID, CREATETIME, UPDATEID, UPDATETIME, LUI_CD, DIVISION, IDENT_LEVEL, LNG_NAME, LUI_ID, ORGID, SHRT_NAME, LUI_ID_STATE, SUFX_CD, LUI_ID_TYPE, VARTN, ID) values ('772968b9-d9f4-4161-b51a-7699735107b6', 0, 'admin', TIMESTAMP '2014-02-06 10:34:38.883', 'admin', TIMESTAMP '2014-02-06 10:34:38.883', '', '', '', 'Lecture Only', '1bda6691-e75f-4282-a3bc-eec2660ed51e', '', 'LEC', 'kuali.lui.identifier.state.active', '', 'kuali.lui.identifier.type.official', '', '4a031c56-76ec-48e0-987a-3286a40bef14')
/
insert into KSEN_LUI_RELATED_LUI_TYPES (LUI_ID, RELATED_LUI_TYPE) values ('1bda6691-e75f-4282-a3bc-eec2660ed51e', 'kuali.lui.type.activity.offering.lecture')
/
insert into KSEN_LUILUI_RELTN (OBJ_ID, VER_NBR, CREATEID, CREATETIME, UPDATEID, UPDATETIME, EFF_DT, EXPIR_DT, DESCR_FORMATTED, LUI_ID, LUILUI_RELTN_STATE, LUILUI_RELTN_TYPE, NAME, DESCR_PLAIN, RELATED_LUI_ID, ID) values ('1640dd98-5aa4-4423-98dc-9b4d85362cab', 0, 'admin', TIMESTAMP '2014-02-06 10:34:38.883', 'admin', TIMESTAMP '2014-02-06 10:34:38.883', TIMESTAMP '2014-02-06 10:36:07.72', '', 'HIST319D-CO-FO', '7890d38f-c690-4730-971e-94a000251b49', 'kuali.lui.lui.relation.state.active', 'kuali.lui.lui.relation.type.deliveredvia.co2fo', 'co-fo-relation', 'HIST319D-CO-FO', '1bda6691-e75f-4282-a3bc-eec2660ed51e', '07d9dd09-1a34-446b-a0fc-4b7d53c57b91')
/
insert into KSEN_LUI (OBJ_ID, VER_NBR, CREATEID, CREATETIME, UPDATEID, UPDATETIME, ATP_ID, CLU_ID, EFF_DT, EXPIR_DT, DESCR_FORMATTED, LUI_STATE, LUI_TYPE, MAX_SEATS, MIN_SEATS, NAME, DESCR_PLAIN, REF_URL, ID) values ('309a86fa-c4e3-45f7-a4c4-22d09884a3e1', 0, 'admin', TIMESTAMP '2014-02-06 10:34:38.883', 'admin', TIMESTAMP '2014-02-06 10:34:38.883', 'kuali.atp.2014Winter', 'dc4eb45c-86c1-439b-9b36-78c9f97bb5a2', '', '', 'Courses with lecture', 'kuali.lui.activity.offering.state.draft', 'kuali.lui.type.activity.offering.lecture', 40, 40, 'Lecture', 'Courses with lecture', null, '8f84e182-32bc-4999-9082-685bad7ef067')
/
insert into KSEN_LUI_ATTR (OBJ_ID, ATTR_KEY, OWNER_ID, ATTR_VALUE, ID) values ('bfd14c3d-6aef-4739-aca6-03eb5ddaefac', 'kuali.attribute.course.evaluation.indicator', '8f84e182-32bc-4999-9082-685bad7ef067', 0, '609eb551-1c0e-4409-82a6-4a0a4b8607f9')
/
insert into KSEN_LUI_ATTR (OBJ_ID, ATTR_KEY, OWNER_ID, ATTR_VALUE, ID) values ('e0ac31b5-9b39-45a0-979e-55351de6865c', 'kuali.attribute.nonstd.ts.indicator', '8f84e182-32bc-4999-9082-685bad7ef067', 0, '5cf8965c-3604-4e5b-84ce-2b054c2c193e')
/
insert into KSEN_LUI_ATTR (OBJ_ID, ATTR_KEY, OWNER_ID, ATTR_VALUE, ID) values ('811ee254-4011-45d6-a5da-2e70515e43a6', 'kuali.attribute.max.enrollment.is.estimate', '8f84e182-32bc-4999-9082-685bad7ef067', 0, '31c86ea9-bad4-4e42-90e4-0d21e45f7f83')
/
insert into KSEN_LUI_IDENT (OBJ_ID, VER_NBR, CREATEID, CREATETIME, UPDATEID, UPDATETIME, LUI_CD, DIVISION, IDENT_LEVEL, LNG_NAME, LUI_ID, ORGID, SHRT_NAME, LUI_ID_STATE, SUFX_CD, LUI_ID_TYPE, VARTN, ID) values ('ab63224b-b086-4dae-a5b4-233ab2693398', 0, 'admin', TIMESTAMP '2014-02-06 10:34:38.883', 'admin', TIMESTAMP '2014-02-06 10:34:38.883', 'A', '', '', '', '8f84e182-32bc-4999-9082-685bad7ef067', '', '', 'kuali.lui.identifier.state.active', '', 'kuali.lui.identifier.type.official', '', 'cd4bfdf2-684c-4ea0-978f-f479cbcea425')
/
insert into KSEN_LUI_LU_CD (OBJ_ID, VER_NBR, CREATEID, CREATETIME, UPDATEID, UPDATETIME, DESCR_FORMATTED, LUI_ID, DESCR_PLAIN, LUI_LUCD_TYPE, VALUE, ID) values ('758ac625-9dee-4c39-9b4b-73d9e0b2129f', 0, 'admin', TIMESTAMP '2014-02-06 10:34:38.883', 'admin', TIMESTAMP '2014-02-06 10:34:38.883', '', '8f84e182-32bc-4999-9082-685bad7ef067', '', 'kuali.lu.code.honorsOffering', 0, 'e0544994-7f66-4864-af1e-524523ce6cd8')
/
insert into KSEN_LPR (OBJ_ID, VER_NBR, CREATEID, CREATETIME, UPDATEID, UPDATETIME, ATP_ID, COMMIT_PERCT, CREDITS, EFF_DT, EXPIR_DT, GRADING_OPT_ID, LUI_ID, MASTER_LUI_ID, PERS_ID, LPR_STATE, LPR_TYPE, ID) values ('498a3ff6-1bc7-4b13-8fe5-2999df11faff', 0, 'admin', TIMESTAMP '2014-02-06 10:34:38.883', 'admin', TIMESTAMP '2014-02-06 10:34:38.883', '', '100.00', '', TIMESTAMP '2014-02-06 10:36:07.82', '', '', '8f84e182-32bc-4999-9082-685bad7ef067', '', 'D.ALEXD', 'kuali.lpr.state.active', 'kuali.lpr.type.instructor.main', 'fa7a1e5e-494e-4f81-829a-b6697143e758')
/
insert into KSEN_LUILUI_RELTN (OBJ_ID, VER_NBR, CREATEID, CREATETIME, UPDATEID, UPDATETIME, EFF_DT, EXPIR_DT, DESCR_FORMATTED, LUI_ID, LUILUI_RELTN_STATE, LUILUI_RELTN_TYPE, NAME, DESCR_PLAIN, RELATED_LUI_ID, ID) values ('ddc4686a-81d1-4ca6-97ca-e0ee50b5ad3a', 0, 'admin', TIMESTAMP '2014-02-06 10:34:38.883', 'admin', TIMESTAMP '2014-02-06 10:34:38.883', TIMESTAMP '2014-02-06 10:36:07.839', '', 'HIST319D-FO-AO', '1bda6691-e75f-4282-a3bc-eec2660ed51e', 'kuali.lui.lui.relation.state.active', 'kuali.lui.lui.relation.type.deliveredvia.fo2ao', 'fo-ao-relation', 'HIST319D-FO-AO', '8f84e182-32bc-4999-9082-685bad7ef067', 'f1dff411-1aff-4384-bb72-6e7495940870')
/
insert into KSEN_SCHED_RQST_SET (OBJ_ID, VER_NBR, CREATEID, CREATETIME, UPDATEID, UPDATETIME, DESCR_FORMATTED, MAX_ENRL_SHARED_IND, MAX_ENRL, NAME, DESCR_PLAIN, REF_OBJECT_TYPE, SCHED_RQST_SET_STATE, SCHED_RQST_SET_TYPE, ID) values ('b79cbb6a-ee25-4852-9e0c-5bdf8e460595', 0, 'admin', TIMESTAMP '2014-02-06 10:34:38.883', 'admin', TIMESTAMP '2014-02-06 10:34:38.883', '', 0, '', 'Schedule request set for HIST319D - A', '', 'http://student.kuali.org/wsdl/courseOffering/ActivityOfferingInfo', 'kuali.scheduling.schedule.request.set.state.created', 'kuali.scheduling.schedule.request.set.type.schedule.request.set', '3b705ee5-6376-4837-8fa0-b70e43cf1b83')
/
insert into KSEN_SCHED_RQST (OBJ_ID, VER_NBR, CREATEID, CREATETIME, UPDATEID, UPDATETIME, DESCR_FORMATTED, NAME, DESCR_PLAIN, SCHED_RQST_STATE, SCHED_RQST_TYPE, SCHED_ID, SCHED_RQST_SET_ID, ID) values ('237f0c59-f0e9-4e2b-b0d2-67a4ff84907b', 0, 'admin', TIMESTAMP '2014-02-06 10:34:38.883', 'admin', TIMESTAMP '2014-02-06 10:34:38.883', 'A Schedule Request for HIST319D section 0101', 'A Schedule Request for HIST319D section 0101', 'A Schedule Request for HIST319D section 0101', 'kuali.scheduling.schedule.request.state.created', 'kuali.scheduling.schedule.request.type.schedule.request', 'd2b2aed2-8360-4f0d-a151-4ff438c60253', '3b705ee5-6376-4837-8fa0-b70e43cf1b83', 'aec1c6c1-86ba-490e-9c56-2a28a05f2827')
/
insert into KSEN_SCHED_RQST_CMP (OBJ_ID, TBA_IND, SCHED_RQST_ID, ID) values ('99bc5302-86fc-4007-a67b-6f86d59c6906', 0, 'aec1c6c1-86ba-490e-9c56-2a28a05f2827', 'a844f251-1fc5-401f-86c1-434e88fb7ae3')
/
insert into KSEN_SCHED_REF_OBJECT (SCHED_RQST_SET_ID, REF_OBJECT_ID) values ('3b705ee5-6376-4837-8fa0-b70e43cf1b83', '8f84e182-32bc-4999-9082-685bad7ef067')
/
insert into KSEN_SCHED_RQST_CMP_BLDG (CMP_ID, BUILDING_ID) values ('a844f251-1fc5-401f-86c1-434e88fb7ae3', 'af22fa59-42ab-4d09-9a5b-6980f8b4ae7d')
/
insert into KSEN_SCHED_RQST_CMP_ROOM (CMP_ID, ROOM_ID) values ('a844f251-1fc5-401f-86c1-434e88fb7ae3', 'b4a5b349-cdc0-4d40-992d-41a07f1cbc2c')
/
insert into KSEN_SCHED_RQST_CMP_TMSLOT (CMP_ID, TM_SLOT_ID) values ('a844f251-1fc5-401f-86c1-434e88fb7ae3', '2FB83E39-D6B1-496F-93C6-DC51A0B3DCAB')
/
insert into KSEN_CO_SEAT_POOL_DEFN (OBJ_ID, VER_NBR, CREATEID, CREATETIME, UPDATEID, UPDATETIME, ACTIVITY_OFFERING_ID, EXPIR_MSTONE_TYPE, PERCENTAGE_IND, NAME, POPULATION_ID, PROCESSING_PRIORITY, SEAT_LIMIT, SEAT_POOL_DEFN_STATE, SEAT_POOL_DEFN_TYPE, ID) values ('27901338-a382-40b8-b83e-50a8b98283e2', 1, 'admin', TIMESTAMP '2014-02-06 10:34:38.883', 'admin', TIMESTAMP '2014-02-06 10:34:38.883', '', 'kuali.atp.milestone.firstdayofclasses', 0, '300-level Senior Seatpool', '4160a52b-d353-4ab3-b72d-a3c2f9969783', 1, 5, 'kuali.lui.capacity.state.active', 'kuali.lui.capacity.type.seatpool', '45692b0f-53ae-4e39-8395-95cd5963ead8')
/
insert into KSEN_CWL (OBJ_ID, VER_NBR, CREATEID, CREATETIME, UPDATEID, UPDATETIME, ALLOW_HOLD_UTIL_ENTRIES_IND, AUTO_PROCESSED_IND, CHECK_IN_REQ_IND, CONF_REQ_IND, EFF_DT, EXPIR_DT, MAX_SIZE, REG_IN_FIRST_AAO_IND, STD_DUR_TIME_QTY, STD_DUR_TYPE, CWL_STATE, CWL_TYPE, ID) values ('9fdcef3f-9f17-4c22-a23a-f9c19842f480', 0, 'admin', TIMESTAMP '2014-02-06 10:34:38.883', 'admin', TIMESTAMP '2014-02-06 10:34:38.883', 1, 1, 0, 1, TIMESTAMP '2013-01-02 00:00:00.0', '', '', 1, '', '', 'kuali.course.waitlist.state.active', 'kuali.course.waitlist.type.course.waitlist', '5f1c7363-f62d-4acd-828e-9ad359f40101')
/
update KSEN_CO_SEAT_POOL_DEFN set OBJ_ID='27901338-a382-40b8-b83e-50a8b98283e2', VER_NBR=2, UPDATEID='admin', UPDATETIME=TIMESTAMP '2014-02-06 10:34:38.883', ACTIVITY_OFFERING_ID='8f84e182-32bc-4999-9082-685bad7ef067', EXPIR_MSTONE_TYPE='kuali.atp.milestone.firstdayofclasses', PERCENTAGE_IND=0, NAME='300-level Senior Seatpool', POPULATION_ID='4160a52b-d353-4ab3-b72d-a3c2f9969783', PROCESSING_PRIORITY=1, SEAT_LIMIT=5, SEAT_POOL_DEFN_STATE='kuali.lui.capacity.state.active', SEAT_POOL_DEFN_TYPE='kuali.lui.capacity.type.seatpool' where ID='45692b0f-53ae-4e39-8395-95cd5963ead8' and VER_NBR=1
/
insert into KSEN_CWL_ACTIV_OFFER (CWL_ID, ACTIV_OFFER_ID) values ('5f1c7363-f62d-4acd-828e-9ad359f40101', '8f84e182-32bc-4999-9082-685bad7ef067')
/
insert into KSEN_CWL_FORMAT_OFFER (CWL_ID, FORMAT_OFFER_ID) values ('5f1c7363-f62d-4acd-828e-9ad359f40101', '1bda6691-e75f-4282-a3bc-eec2660ed51e')
/
insert into KSEN_CO_AO_CLUSTER (OBJ_ID, VER_NBR, CREATEID, CREATETIME, UPDATEID, UPDATETIME, AO_CLUSTER_STATE, AO_CLUSTER_TYPE, DESCR_FORMATTED, DESCR_PLAIN, FORMAT_OFFERING_ID, NAME, PRIVATE_NAME, ID) values ('5f543c2a-4f7b-4b4d-8047-097a0183deb1', 0, 'admin', TIMESTAMP '2014-02-06 10:34:38.883', 'admin', TIMESTAMP '2014-02-06 10:34:38.883', 'kuali.activity.offering.cluster.state.active', 'kuali.activity.offering.cluster.type.activity.offering.cluster', '', '', '1bda6691-e75f-4282-a3bc-eec2660ed51e', 'CL 1', 'CL 1', 'ea86fcc1-86c6-46f8-b9d6-15a46aa85e34')
/
insert into KSEN_CO_AO_CLUSTER_SET (OBJ_ID, ACTIVITY_OFFERING_TYPE, AO_CLUSTER_ID, ID) values ('ea06b0b7-d96a-44b0-9a00-b77cced9d7d0', 'kuali.lui.type.activity.offering.lecture', 'ea86fcc1-86c6-46f8-b9d6-15a46aa85e34', '70c38bd7-0f08-46fa-b5cf-5b13d22ac9f2')
/
insert into KSEN_CO_AO_CLUSTER_SET_AO (AOC_SET_ID, ACTIVITY_OFFERING_ID) values ('70c38bd7-0f08-46fa-b5cf-5b13d22ac9f2', '8f84e182-32bc-4999-9082-685bad7ef067')
/
update KSEN_CO_AO_CLUSTER_SET set AO_CLUSTER_ID='ea86fcc1-86c6-46f8-b9d6-15a46aa85e34' where ID='70c38bd7-0f08-46fa-b5cf-5b13d22ac9f2'
/
insert into KSEN_LUI (OBJ_ID, VER_NBR, CREATEID, CREATETIME, UPDATEID, UPDATETIME, ATP_ID, CLU_ID, EFF_DT, EXPIR_DT, DESCR_FORMATTED, LUI_STATE, LUI_TYPE, MAX_SEATS, MIN_SEATS, NAME, DESCR_PLAIN, REF_URL, ID) values ('445d85f1-14ed-4118-8b70-728761089a07', 0, 'admin', TIMESTAMP '2014-02-06 10:34:38.883', 'admin', TIMESTAMP '2014-02-06 10:34:38.883', 'kuali.atp.2014Winter', 'ccb3c17e-6eaf-4095-85b7-648120717da9', '', '', '1001', 'kuali.lui.registration.group.state.pending', 'kuali.lui.type.registration.group', '', '', '1001', '1001', '', '281f047f-3c37-48ea-a948-18f497735521')
/
insert into KSEN_LUI_ATTR (OBJ_ID, ATTR_KEY, OWNER_ID, ATTR_VALUE, ID) values ('bb3d561f-6a54-411f-9f02-8366f0fefbc6', 'kuali.attribute.registration.group.is.generated', '281f047f-3c37-48ea-a948-18f497735521', 1, 'ced87712-c7c9-47d1-a30f-2862a0fce4f4')
/
insert into KSEN_LUI_ATTR (OBJ_ID, ATTR_KEY, OWNER_ID, ATTR_VALUE, ID) values ('5478dc9c-8f6e-49a2-80fc-787f1a0367e5', 'kuali.attribute.registration.group.aocluster.id', '281f047f-3c37-48ea-a948-18f497735521', 'ea86fcc1-86c6-46f8-b9d6-15a46aa85e34', '8b510b62-666f-45f6-953b-4a2c56459c1a')
/
insert into KSEN_LUI_IDENT (OBJ_ID, VER_NBR, CREATEID, CREATETIME, UPDATEID, UPDATETIME, LUI_CD, DIVISION, IDENT_LEVEL, LNG_NAME, LUI_ID, ORGID, SHRT_NAME, LUI_ID_STATE, SUFX_CD, LUI_ID_TYPE, VARTN, ID) values ('10fdaec5-0de6-4b19-8d3c-1ed78d7af4c2', 0, 'admin', TIMESTAMP '2014-02-06 10:34:38.883', 'admin', TIMESTAMP '2014-02-06 10:34:38.883', '', '', '', '', '281f047f-3c37-48ea-a948-18f497735521', '', '', 'kuali.lui.identifier.state.active', '', 'kuali.lui.identifier.type.official', '', '5f7ac700-d902-4c6d-8ccf-b5880aa5affb')
/
insert into KSEN_LUILUI_RELTN (OBJ_ID, VER_NBR, CREATEID, CREATETIME, UPDATEID, UPDATETIME, EFF_DT, EXPIR_DT, DESCR_FORMATTED, LUI_ID, LUILUI_RELTN_STATE, LUILUI_RELTN_TYPE, NAME, DESCR_PLAIN, RELATED_LUI_ID, ID) values ('cd81ea28-e9e8-45df-a3bb-185ff36ac5f8', 0, 'admin', TIMESTAMP '2014-02-06 10:34:38.883', 'admin', TIMESTAMP '2014-02-06 10:34:38.883', TIMESTAMP '2014-02-06 10:36:08.33', '', 'HIST319D-FO-RG', '1bda6691-e75f-4282-a3bc-eec2660ed51e', 'kuali.lui.lui.relation.state.active', 'kuali.lui.lui.relation.type.deliveredvia.fo2rg', 'fo-rg-relation', 'HIST319D-FO-RG', '281f047f-3c37-48ea-a948-18f497735521', '5935e67c-b544-4b89-ba1c-1f5da2b9b57c')
/
insert into KSEN_LUILUI_RELTN (OBJ_ID, VER_NBR, CREATEID, CREATETIME, UPDATEID, UPDATETIME, EFF_DT, EXPIR_DT, DESCR_FORMATTED, LUI_ID, LUILUI_RELTN_STATE, LUILUI_RELTN_TYPE, NAME, DESCR_PLAIN, RELATED_LUI_ID, ID) values ('3f9b82ac-d240-4fa1-a51c-44d5742b5d6a', 0, 'admin', TIMESTAMP '2014-02-06 10:34:38.883', 'admin', TIMESTAMP '2014-02-06 10:34:38.883', TIMESTAMP '2014-02-06 10:36:08.347', '', 'HIST319D-RG-AO', '281f047f-3c37-48ea-a948-18f497735521', 'kuali.lui.lui.relation.state.active', 'kuali.lui.lui.relation.type.registeredforvia.rg2ao', 'rg-ao-relation', 'HIST319D-RG-AO', '8f84e182-32bc-4999-9082-685bad7ef067', '427f42b4-6deb-4915-b991-e0ace4f5e0c3')
/
insert into KSEN_LUI (OBJ_ID, VER_NBR, CREATEID, CREATETIME, UPDATEID, UPDATETIME, ATP_ID, CLU_ID, EFF_DT, EXPIR_DT, DESCR_FORMATTED, LUI_STATE, LUI_TYPE, MAX_SEATS, MIN_SEATS, NAME, DESCR_PLAIN, REF_URL, ID) values ('e43b3ef6-b680-4e99-9ce4-d7617aa8f09f', 0, 'admin', TIMESTAMP '2014-02-06 10:34:38.883', 'admin', TIMESTAMP '2014-02-06 10:34:38.883', 'kuali.atp.2014Winter', 'edc7c6fb-651a-4c4e-a905-fcacf3a04c76', TIMESTAMP '2014-01-02 00:00:00.0', '', 'Twentieth century U.S. civil rights movement from the vantage point of women, considering both women''s involvement in the legal campaigns and political protests and the impact of civil rights struggles on women''s condiition, status, and identity.', 'kuali.lui.course.offering.state.draft', 'kuali.lui.type.course.offering', '', '', 'HIST360 CO', 'Twentieth century U.S. civil rights movement from the vantage point of women, considering both women''s involvement in the legal campaigns and political protests and the impact of civil rights struggles on women''s condiition, status, and identity.', null, '65e0984c-a736-4572-b2b4-da7cb7d9530b')
/
insert into KSEN_LUI_ATTR (OBJ_ID, ATTR_KEY, OWNER_ID, ATTR_VALUE, ID) values ('623e45bd-2d1d-4c50-8ef0-7aba115ba586', 'kuali.attribute.final.exam.use.matrix', '65e0984c-a736-4572-b2b4-da7cb7d9530b', 1, 'd435e311-3c0b-4501-bf21-20105793c637')
/
insert into KSEN_LUI_ATTR (OBJ_ID, ATTR_KEY, OWNER_ID, ATTR_VALUE, ID) values ('112014a0-7bb5-4d0b-a09a-0e54d6515e02', 'kuali.attribute.wait.list.type.key', '65e0984c-a736-4572-b2b4-da7cb7d9530b', null, '01bf9dff-797e-4471-b329-ee6ec4850f0d')
/
insert into KSEN_LUI_ATTR (OBJ_ID, ATTR_KEY, OWNER_ID, ATTR_VALUE, ID) values ('95853e57-ae05-4768-a072-45c3a2265049', 'kuali.attribute.final.exam.driver', '65e0984c-a736-4572-b2b4-da7cb7d9530b', 'kuali.lu.exam.driver.ActivityOffering', 'bcc937b1-8181-495d-b8ab-732fb128512a')
/
insert into KSEN_LUI_ATTR (OBJ_ID, ATTR_KEY, OWNER_ID, ATTR_VALUE, ID) values ('5939092b-1e78-4db8-adb3-2d7627d43525', 'kuali.attribute.wait.list.indicator', '65e0984c-a736-4572-b2b4-da7cb7d9530b', 1, '7684062b-1371-47e8-98e0-b8b5762f6c03')
/
insert into KSEN_LUI_ATTR (OBJ_ID, ATTR_KEY, OWNER_ID, ATTR_VALUE, ID) values ('223df98f-2f78-4f1e-b165-d00c5e59c94e', 'kuali.attribute.course.evaluation.indicator', '65e0984c-a736-4572-b2b4-da7cb7d9530b', 0, '8c38635c-b598-4bca-a6da-38085a6ba943')
/
insert into KSEN_LUI_ATTR (OBJ_ID, ATTR_KEY, OWNER_ID, ATTR_VALUE, ID) values ('59e0d550-82e7-484a-8e02-090a3ec13f50', 'kuali.attribute.course.number.internal.suffix', '65e0984c-a736-4572-b2b4-da7cb7d9530b', 'A', 'f05c46c6-1cf7-4438-bf48-d29654ef333b')
/
insert into KSEN_LUI_ATTR (OBJ_ID, ATTR_KEY, OWNER_ID, ATTR_VALUE, ID) values ('1aa68545-3811-4ebf-9349-1fca6f574dc1', 'kuali.attribute.wait.list.level.type.key', '65e0984c-a736-4572-b2b4-da7cb7d9530b', 'AO', '96cab110-9ef7-453b-aef9-272462940914')
/
insert into KSEN_LUI_ATTR (OBJ_ID, ATTR_KEY, OWNER_ID, ATTR_VALUE, ID) values ('ba7779a6-434f-405c-b580-631f980b5451', 'kuali.attribute.where.fees.attached.flag', '65e0984c-a736-4572-b2b4-da7cb7d9530b', 0, '6ecf3722-8a4f-43d7-9451-7b2b312036da')
/
insert into KSEN_LUI_ATTR (OBJ_ID, ATTR_KEY, OWNER_ID, ATTR_VALUE, ID) values ('d200c54f-0d61-48fe-bcdd-1e0c1aa8f7cc', 'kuali.attribute.funding.source', '65e0984c-a736-4572-b2b4-da7cb7d9530b', '', 'da47a4c8-46f0-4f7e-92e7-af1b69cd5d97')
/
insert into KSEN_LUI_ATTR (OBJ_ID, ATTR_KEY, OWNER_ID, ATTR_VALUE, ID) values ('ed280dee-2000-4676-b81e-5b7fae26d7f6', 'kuali.attribute.final.exam.indicator', '65e0984c-a736-4572-b2b4-da7cb7d9530b', 'STANDARD', '92e71ec3-b722-4a57-afd4-69d2fdfca115')
/
insert into KSEN_LUI_IDENT (OBJ_ID, VER_NBR, CREATEID, CREATETIME, UPDATEID, UPDATETIME, LUI_CD, DIVISION, IDENT_LEVEL, LNG_NAME, LUI_ID, ORGID, SHRT_NAME, LUI_ID_STATE, SUFX_CD, LUI_ID_TYPE, VARTN, ID) values ('a7e37936-9519-4d7c-a316-33d6c7644c80', 0, 'admin', TIMESTAMP '2014-02-06 10:34:38.883', 'admin', TIMESTAMP '2014-02-06 10:34:38.883', 'HIST360', 'HIST', '', 'Women and the Civil Rights Movement', '65e0984c-a736-4572-b2b4-da7cb7d9530b', '', '', 'kuali.lui.identifier.state.active', '', 'kuali.lui.identifier.type.official', '', '413a1af3-2e6b-45e7-9098-846ee085d25d')
/
insert into KSEN_LUI_LU_CD (OBJ_ID, VER_NBR, CREATEID, CREATETIME, UPDATEID, UPDATETIME, DESCR_FORMATTED, LUI_ID, DESCR_PLAIN, LUI_LUCD_TYPE, VALUE, ID) values ('d978bd3a-9cd9-4db4-9fbb-4852e21d1d4c', 0, 'admin', TIMESTAMP '2014-02-06 10:34:38.883', 'admin', TIMESTAMP '2014-02-06 10:34:38.883', '', '65e0984c-a736-4572-b2b4-da7cb7d9530b', '', 'kuali.lu.code.honorsOffering', '', '5b9264b7-c336-4a72-882e-c273dfe0add9')
/
insert into KSEN_LUI_UNITS_DEPLOYMENT (LUI_ID, ORG_ID, ID) values ('65e0984c-a736-4572-b2b4-da7cb7d9530b', '3213375036', 'd27bc8c0-b388-4559-a406-8dc62e626edd')
/
insert into KSEN_LUI_UNITS_CONT_OWNER (LUI_ID, ORG_ID) values ('65e0984c-a736-4572-b2b4-da7cb7d9530b', '3213375036')
/
insert into KSEN_LUI_RESULT_VAL_GRP (LUI_ID, RESULT_VAL_GRP_ID) values ('65e0984c-a736-4572-b2b4-da7cb7d9530b', 'kuali.resultComponent.grade.letter')
/
insert into KSEN_LUI_RESULT_VAL_GRP (LUI_ID, RESULT_VAL_GRP_ID) values ('65e0984c-a736-4572-b2b4-da7cb7d9530b', 'kuali.resultComponent.grade.audit')
/
insert into KSEN_LUI_RESULT_VAL_GRP (LUI_ID, RESULT_VAL_GRP_ID) values ('65e0984c-a736-4572-b2b4-da7cb7d9530b', 'kuali.resultComponent.grade.passFail')
/
insert into KSEN_LUI_RESULT_VAL_GRP (LUI_ID, RESULT_VAL_GRP_ID) values ('65e0984c-a736-4572-b2b4-da7cb7d9530b', 'kuali.creditType.credit.degree.3.0')
/
insert into KSEN_LUI (OBJ_ID, VER_NBR, CREATEID, CREATETIME, UPDATEID, UPDATETIME, ATP_ID, CLU_ID, EFF_DT, EXPIR_DT, DESCR_FORMATTED, LUI_STATE, LUI_TYPE, MAX_SEATS, MIN_SEATS, NAME, DESCR_PLAIN, REF_URL, ID) values ('f96b38f0-f5e8-4913-af29-1d006cb19276', 0, 'admin', TIMESTAMP '2014-02-06 10:34:38.883', 'admin', TIMESTAMP '2014-02-06 10:34:38.883', 'kuali.atp.2014Winter', 'f534f531-03b9-418f-996c-8eb89a2e1af8', '', '', 'Courses with Lecture only', 'kuali.lui.format.offering.state.draft', 'kuali.lui.type.course.format.offering', '', '', 'Lecture Only', 'Courses with Lecture only', '', '8117be8a-38b8-4e6c-adec-690dd41b31c7')
/
insert into KSEN_LUI_ATTR (OBJ_ID, ATTR_KEY, OWNER_ID, ATTR_VALUE, ID) values ('fe3bd9f4-3a6d-40e8-a3ac-47824eeb6e75', 'kuali.attribute.grade.roster.level.type.key', '8117be8a-38b8-4e6c-adec-690dd41b31c7', 'kuali.lui.type.activity.offering.lecture', 'bb5ba2fa-e268-4ae8-ab30-14435c9429df')
/
insert into KSEN_LUI_ATTR (OBJ_ID, ATTR_KEY, OWNER_ID, ATTR_VALUE, ID) values ('a42b3d3e-f0b0-4ef7-9f38-8a34427a9f12', 'kuali.attribute.final.exam.level.type', '8117be8a-38b8-4e6c-adec-690dd41b31c7', 'kuali.lu.type.activity.Lecture', '90950164-2d59-429e-9ae3-c81fecaa852d')
/
insert into KSEN_LUI_ATTR (OBJ_ID, ATTR_KEY, OWNER_ID, ATTR_VALUE, ID) values ('55aa9db5-4def-4751-ac0c-43d4a83fc188', 'regCodePrefix', '8117be8a-38b8-4e6c-adec-690dd41b31c7', '1', '0d89fb03-eb36-4a11-911d-31767ed1eb9e')
/
insert into KSEN_LUI_IDENT (OBJ_ID, VER_NBR, CREATEID, CREATETIME, UPDATEID, UPDATETIME, LUI_CD, DIVISION, IDENT_LEVEL, LNG_NAME, LUI_ID, ORGID, SHRT_NAME, LUI_ID_STATE, SUFX_CD, LUI_ID_TYPE, VARTN, ID) values ('b6507807-1d25-427d-a2e7-ca2aa96d928f', 0, 'admin', TIMESTAMP '2014-02-06 10:34:38.883', 'admin', TIMESTAMP '2014-02-06 10:34:38.883', '', '', '', 'Lecture Only', '8117be8a-38b8-4e6c-adec-690dd41b31c7', '', 'LEC', 'kuali.lui.identifier.state.active', '', 'kuali.lui.identifier.type.official', '', '71a0c8b6-650e-4f59-a1ba-3d943d459cf8')
/
insert into KSEN_LUI_RELATED_LUI_TYPES (LUI_ID, RELATED_LUI_TYPE) values ('8117be8a-38b8-4e6c-adec-690dd41b31c7', 'kuali.lui.type.activity.offering.lecture')
/
insert into KSEN_LUILUI_RELTN (OBJ_ID, VER_NBR, CREATEID, CREATETIME, UPDATEID, UPDATETIME, EFF_DT, EXPIR_DT, DESCR_FORMATTED, LUI_ID, LUILUI_RELTN_STATE, LUILUI_RELTN_TYPE, NAME, DESCR_PLAIN, RELATED_LUI_ID, ID) values ('bd079d31-d987-4fc7-ba75-cc7ec410741d', 0, 'admin', TIMESTAMP '2014-02-06 10:34:38.883', 'admin', TIMESTAMP '2014-02-06 10:34:38.883', TIMESTAMP '2014-02-06 10:36:11.236', '', 'HIST360-CO-FO', '65e0984c-a736-4572-b2b4-da7cb7d9530b', 'kuali.lui.lui.relation.state.active', 'kuali.lui.lui.relation.type.deliveredvia.co2fo', 'co-fo-relation', 'HIST360-CO-FO', '8117be8a-38b8-4e6c-adec-690dd41b31c7', '55bed685-47c7-4851-83bc-5ba9563bfa07')
/
insert into KSEN_LUI (OBJ_ID, VER_NBR, CREATEID, CREATETIME, UPDATEID, UPDATETIME, ATP_ID, CLU_ID, EFF_DT, EXPIR_DT, DESCR_FORMATTED, LUI_STATE, LUI_TYPE, MAX_SEATS, MIN_SEATS, NAME, DESCR_PLAIN, REF_URL, ID) values ('26c968e5-e626-480f-b73d-1578a97f2b0d', 0, 'admin', TIMESTAMP '2014-02-06 10:34:38.883', 'admin', TIMESTAMP '2014-02-06 10:34:38.883', 'kuali.atp.2014Winter', '9a7b3050-799a-43e0-8a19-535717f3e32d', '', '', 'Courses with lecture', 'kuali.lui.activity.offering.state.draft', 'kuali.lui.type.activity.offering.lecture', 40, 40, 'Lecture', 'Courses with lecture', null, '4a7b5a65-94ee-4e46-8555-2d4dd0b8bec6')
/
insert into KSEN_LUI_ATTR (OBJ_ID, ATTR_KEY, OWNER_ID, ATTR_VALUE, ID) values ('c6b4edd9-62ba-459d-97b5-7e8ed1e13bad', 'kuali.attribute.max.enrollment.is.estimate', '4a7b5a65-94ee-4e46-8555-2d4dd0b8bec6', 0, '9804b458-f2d6-445c-adc6-b43c2a005dcc')
/
insert into KSEN_LUI_ATTR (OBJ_ID, ATTR_KEY, OWNER_ID, ATTR_VALUE, ID) values ('99120240-b21a-4c71-b3b9-b557c8349fc8', 'kuali.attribute.nonstd.ts.indicator', '4a7b5a65-94ee-4e46-8555-2d4dd0b8bec6', 0, 'f2b6b9f0-6745-4489-bdaf-62fe65e6b517')
/
insert into KSEN_LUI_ATTR (OBJ_ID, ATTR_KEY, OWNER_ID, ATTR_VALUE, ID) values ('2019a760-bf24-40ad-af35-3c0db29a9440', 'kuali.attribute.course.evaluation.indicator', '4a7b5a65-94ee-4e46-8555-2d4dd0b8bec6', 0, 'bfedeb79-7572-4cdf-95a5-f12e1b0f08c4')
/
insert into KSEN_LUI_IDENT (OBJ_ID, VER_NBR, CREATEID, CREATETIME, UPDATEID, UPDATETIME, LUI_CD, DIVISION, IDENT_LEVEL, LNG_NAME, LUI_ID, ORGID, SHRT_NAME, LUI_ID_STATE, SUFX_CD, LUI_ID_TYPE, VARTN, ID) values ('f19d5b57-0083-4574-8c1c-84c58a4f5172', 0, 'admin', TIMESTAMP '2014-02-06 10:34:38.883', 'admin', TIMESTAMP '2014-02-06 10:34:38.883', 'A', '', '', '', '4a7b5a65-94ee-4e46-8555-2d4dd0b8bec6', '', '', 'kuali.lui.identifier.state.active', '', 'kuali.lui.identifier.type.official', '', '03da5cde-bba3-4aab-a7b9-a18da4a869e8')
/
insert into KSEN_LUI_LU_CD (OBJ_ID, VER_NBR, CREATEID, CREATETIME, UPDATEID, UPDATETIME, DESCR_FORMATTED, LUI_ID, DESCR_PLAIN, LUI_LUCD_TYPE, VALUE, ID) values ('ad1d358f-b006-4a1d-86cc-ede778e16308', 0, 'admin', TIMESTAMP '2014-02-06 10:34:38.883', 'admin', TIMESTAMP '2014-02-06 10:34:38.883', '', '4a7b5a65-94ee-4e46-8555-2d4dd0b8bec6', '', 'kuali.lu.code.honorsOffering', 0, '4307bada-3f20-47ac-898b-abc552bd94b3')
/
insert into KSEN_LPR (OBJ_ID, VER_NBR, CREATEID, CREATETIME, UPDATEID, UPDATETIME, ATP_ID, COMMIT_PERCT, CREDITS, EFF_DT, EXPIR_DT, GRADING_OPT_ID, LUI_ID, MASTER_LUI_ID, PERS_ID, LPR_STATE, LPR_TYPE, ID) values ('1e6a89ca-e4b6-4e51-8fae-ca6a422e3850', 0, 'admin', TIMESTAMP '2014-02-06 10:34:38.883', 'admin', TIMESTAMP '2014-02-06 10:34:38.883', '', '100.00', '', TIMESTAMP '2014-02-06 10:36:11.316', '', '', '4a7b5a65-94ee-4e46-8555-2d4dd0b8bec6', '', 'S.CLANCYW', 'kuali.lpr.state.active', 'kuali.lpr.type.instructor.main', 'c325b515-19ef-45ff-ac00-ee55d1a68652')
/
insert into KSEN_LUILUI_RELTN (OBJ_ID, VER_NBR, CREATEID, CREATETIME, UPDATEID, UPDATETIME, EFF_DT, EXPIR_DT, DESCR_FORMATTED, LUI_ID, LUILUI_RELTN_STATE, LUILUI_RELTN_TYPE, NAME, DESCR_PLAIN, RELATED_LUI_ID, ID) values ('f64587a3-03af-4517-a5bb-828cb441aa24', 0, 'admin', TIMESTAMP '2014-02-06 10:34:38.883', 'admin', TIMESTAMP '2014-02-06 10:34:38.883', TIMESTAMP '2014-02-06 10:36:11.353', '', 'HIST360-FO-AO', '8117be8a-38b8-4e6c-adec-690dd41b31c7', 'kuali.lui.lui.relation.state.active', 'kuali.lui.lui.relation.type.deliveredvia.fo2ao', 'fo-ao-relation', 'HIST360-FO-AO', '4a7b5a65-94ee-4e46-8555-2d4dd0b8bec6', 'fa3d8934-0268-433c-928c-7a94b389ffb3')
/
insert into KSEN_SCHED_RQST_SET (OBJ_ID, VER_NBR, CREATEID, CREATETIME, UPDATEID, UPDATETIME, DESCR_FORMATTED, MAX_ENRL_SHARED_IND, MAX_ENRL, NAME, DESCR_PLAIN, REF_OBJECT_TYPE, SCHED_RQST_SET_STATE, SCHED_RQST_SET_TYPE, ID) values ('b527064d-ecc4-45ec-9324-dce513f3e7c1', 0, 'admin', TIMESTAMP '2014-02-06 10:34:38.883', 'admin', TIMESTAMP '2014-02-06 10:34:38.883', '', 0, '', 'Schedule request set for HIST360 - A', '', 'http://student.kuali.org/wsdl/courseOffering/ActivityOfferingInfo', 'kuali.scheduling.schedule.request.set.state.created', 'kuali.scheduling.schedule.request.set.type.schedule.request.set', '9871b24e-8bab-4c66-97c9-3701a48f7626')
/
insert into KSEN_SCHED_RQST (OBJ_ID, VER_NBR, CREATEID, CREATETIME, UPDATEID, UPDATETIME, DESCR_FORMATTED, NAME, DESCR_PLAIN, SCHED_RQST_STATE, SCHED_RQST_TYPE, SCHED_ID, SCHED_RQST_SET_ID, ID) values ('27d3be8e-3f62-4917-a860-0e6611252f61', 0, 'admin', TIMESTAMP '2014-02-06 10:34:38.883', 'admin', TIMESTAMP '2014-02-06 10:34:38.883', '', 'Schedule request for HIST360 - A', '', 'kuali.scheduling.schedule.request.state.created', 'kuali.scheduling.schedule.request.type.schedule.request', '', '9871b24e-8bab-4c66-97c9-3701a48f7626', '795a568c-74d2-478c-93fb-7a3ddb225318')
/
insert into KSEN_SCHED_RQST_CMP (OBJ_ID, TBA_IND, SCHED_RQST_ID, ID) values ('5f353faa-f280-4030-a63b-2b1316a68447', 0, '795a568c-74d2-478c-93fb-7a3ddb225318', '27b7a671-e63a-43e2-ac2b-8206241eff12')
/
insert into KSEN_SCHED_REF_OBJECT (SCHED_RQST_SET_ID, REF_OBJECT_ID) values ('9871b24e-8bab-4c66-97c9-3701a48f7626', '4a7b5a65-94ee-4e46-8555-2d4dd0b8bec6')
/
insert into KSEN_SCHED_RQST_CMP_BLDG (CMP_ID, BUILDING_ID) values ('27b7a671-e63a-43e2-ac2b-8206241eff12', 'd5138c2b-01ee-4e81-b526-38ed2a7c60a3')
/
insert into KSEN_SCHED_RQST_CMP_CAMPUS (CMP_ID, CAMPUS_ID) values ('27b7a671-e63a-43e2-ac2b-8206241eff12', 'UMCP')
/
insert into KSEN_SCHED_RQST_CMP_ROOM (CMP_ID, ROOM_ID) values ('27b7a671-e63a-43e2-ac2b-8206241eff12', '6dd715ea-cc9b-4cd1-9a34-f96628650406')
/
insert into KSEN_SCHED_RQST_CMP_TMSLOT (CMP_ID, TM_SLOT_ID) values ('27b7a671-e63a-43e2-ac2b-8206241eff12', '4A6971D2-447D-4359-B949-F4EDF104A0AA')
/
insert into KSEN_CO_SEAT_POOL_DEFN (OBJ_ID, VER_NBR, CREATEID, CREATETIME, UPDATEID, UPDATETIME, ACTIVITY_OFFERING_ID, EXPIR_MSTONE_TYPE, PERCENTAGE_IND, NAME, POPULATION_ID, PROCESSING_PRIORITY, SEAT_LIMIT, SEAT_POOL_DEFN_STATE, SEAT_POOL_DEFN_TYPE, ID) values ('2a430506-e1bd-45c5-b896-92ca39bfe058', 1, 'admin', TIMESTAMP '2014-02-06 10:34:38.883', 'admin', TIMESTAMP '2014-02-06 10:34:38.883', '', 'kuali.atp.milestone.firstdayofclasses', 0, '300-level Senior Seatpool', '4160a52b-d353-4ab3-b72d-a3c2f9969783', 1, 5, 'kuali.lui.capacity.state.active', 'kuali.lui.capacity.type.seatpool', '6a86bb79-e141-4f6c-a532-ab651a2b1834')
/
insert into KSEN_CWL (OBJ_ID, VER_NBR, CREATEID, CREATETIME, UPDATEID, UPDATETIME, ALLOW_HOLD_UTIL_ENTRIES_IND, AUTO_PROCESSED_IND, CHECK_IN_REQ_IND, CONF_REQ_IND, EFF_DT, EXPIR_DT, MAX_SIZE, REG_IN_FIRST_AAO_IND, STD_DUR_TIME_QTY, STD_DUR_TYPE, CWL_STATE, CWL_TYPE, ID) values ('a0da05dd-22d9-4972-87a4-fa5cd3c33c2a', 0, 'admin', TIMESTAMP '2014-02-06 10:34:38.883', 'admin', TIMESTAMP '2014-02-06 10:34:38.883', 1, 1, 0, 1, TIMESTAMP '2013-01-02 00:00:00.0', '', '', 1, '', '', 'kuali.course.waitlist.state.active', 'kuali.course.waitlist.type.course.waitlist', 'a999f6b0-9166-41cf-9f25-6474c542a0fe')
/
update KSEN_CO_SEAT_POOL_DEFN set OBJ_ID='2a430506-e1bd-45c5-b896-92ca39bfe058', VER_NBR=2, UPDATEID='admin', UPDATETIME=TIMESTAMP '2014-02-06 10:34:38.883', ACTIVITY_OFFERING_ID='4a7b5a65-94ee-4e46-8555-2d4dd0b8bec6', EXPIR_MSTONE_TYPE='kuali.atp.milestone.firstdayofclasses', PERCENTAGE_IND=0, NAME='300-level Senior Seatpool', POPULATION_ID='4160a52b-d353-4ab3-b72d-a3c2f9969783', PROCESSING_PRIORITY=1, SEAT_LIMIT=5, SEAT_POOL_DEFN_STATE='kuali.lui.capacity.state.active', SEAT_POOL_DEFN_TYPE='kuali.lui.capacity.type.seatpool' where ID='6a86bb79-e141-4f6c-a532-ab651a2b1834' and VER_NBR=1
/
insert into KSEN_CWL_ACTIV_OFFER (CWL_ID, ACTIV_OFFER_ID) values ('a999f6b0-9166-41cf-9f25-6474c542a0fe', '4a7b5a65-94ee-4e46-8555-2d4dd0b8bec6')
/
insert into KSEN_CWL_FORMAT_OFFER (CWL_ID, FORMAT_OFFER_ID) values ('a999f6b0-9166-41cf-9f25-6474c542a0fe', '8117be8a-38b8-4e6c-adec-690dd41b31c7')
/
insert into KSEN_CO_AO_CLUSTER (OBJ_ID, VER_NBR, CREATEID, CREATETIME, UPDATEID, UPDATETIME, AO_CLUSTER_STATE, AO_CLUSTER_TYPE, DESCR_FORMATTED, DESCR_PLAIN, FORMAT_OFFERING_ID, NAME, PRIVATE_NAME, ID) values ('4f966245-b68c-473e-a02a-d7e1a270a062', 0, 'admin', TIMESTAMP '2014-02-06 10:34:38.883', 'admin', TIMESTAMP '2014-02-06 10:34:38.883', 'kuali.activity.offering.cluster.state.active', 'kuali.activity.offering.cluster.type.activity.offering.cluster', '', '', '8117be8a-38b8-4e6c-adec-690dd41b31c7', 'CL 1', 'CL 1', 'a9dd0622-9e4b-4dd3-9b42-ce313b1d201c')
/
insert into KSEN_CO_AO_CLUSTER_SET (OBJ_ID, ACTIVITY_OFFERING_TYPE, AO_CLUSTER_ID, ID) values ('512962f2-815e-4395-a2e3-40cad7108e07', 'kuali.lui.type.activity.offering.lecture', 'a9dd0622-9e4b-4dd3-9b42-ce313b1d201c', '14d9ccc5-5a6e-4ef4-af37-cfc236926e71')
/
insert into KSEN_CO_AO_CLUSTER_SET_AO (AOC_SET_ID, ACTIVITY_OFFERING_ID) values ('14d9ccc5-5a6e-4ef4-af37-cfc236926e71', '4a7b5a65-94ee-4e46-8555-2d4dd0b8bec6')
/
update KSEN_CO_AO_CLUSTER_SET set AO_CLUSTER_ID='a9dd0622-9e4b-4dd3-9b42-ce313b1d201c' where ID='14d9ccc5-5a6e-4ef4-af37-cfc236926e71'
/
insert into KSEN_LUI (OBJ_ID, VER_NBR, CREATEID, CREATETIME, UPDATEID, UPDATETIME, ATP_ID, CLU_ID, EFF_DT, EXPIR_DT, DESCR_FORMATTED, LUI_STATE, LUI_TYPE, MAX_SEATS, MIN_SEATS, NAME, DESCR_PLAIN, REF_URL, ID) values ('8fdea443-c01b-41bf-b74e-306a25335942', 0, 'admin', TIMESTAMP '2014-02-06 10:34:38.883', 'admin', TIMESTAMP '2014-02-06 10:34:38.883', 'kuali.atp.2014Winter', 'f534f531-03b9-418f-996c-8eb89a2e1af8', '', '', '1001', 'kuali.lui.registration.group.state.pending', 'kuali.lui.type.registration.group', '', '', '1001', '1001', '', '2ace01f4-a796-49fb-aba5-666b5db1dc2c')
/
insert into KSEN_LUI_ATTR (OBJ_ID, ATTR_KEY, OWNER_ID, ATTR_VALUE, ID) values ('1f7e7402-65b8-4498-92fc-16ef96147240', 'kuali.attribute.registration.group.is.generated', '2ace01f4-a796-49fb-aba5-666b5db1dc2c', 1, 'bf4e0592-252c-4bb1-a40f-ae8e6c84bf34')
/
insert into KSEN_LUI_ATTR (OBJ_ID, ATTR_KEY, OWNER_ID, ATTR_VALUE, ID) values ('47ffefa9-3f0a-4e75-92c8-83ba46217cd5', 'kuali.attribute.registration.group.aocluster.id', '2ace01f4-a796-49fb-aba5-666b5db1dc2c', 'a9dd0622-9e4b-4dd3-9b42-ce313b1d201c', '76e2d98a-05e8-4582-bd56-8e9f7dff2bd3')
/
insert into KSEN_LUI_IDENT (OBJ_ID, VER_NBR, CREATEID, CREATETIME, UPDATEID, UPDATETIME, LUI_CD, DIVISION, IDENT_LEVEL, LNG_NAME, LUI_ID, ORGID, SHRT_NAME, LUI_ID_STATE, SUFX_CD, LUI_ID_TYPE, VARTN, ID) values ('e5b4e9ba-5704-47bb-b5c4-fd7c6d6f2d67', 0, 'admin', TIMESTAMP '2014-02-06 10:34:38.883', 'admin', TIMESTAMP '2014-02-06 10:34:38.883', '', '', '', '', '2ace01f4-a796-49fb-aba5-666b5db1dc2c', '', '', 'kuali.lui.identifier.state.active', '', 'kuali.lui.identifier.type.official', '', '90969b3f-a2f0-40e0-a582-0552984d7784')
/
insert into KSEN_LUILUI_RELTN (OBJ_ID, VER_NBR, CREATEID, CREATETIME, UPDATEID, UPDATETIME, EFF_DT, EXPIR_DT, DESCR_FORMATTED, LUI_ID, LUILUI_RELTN_STATE, LUILUI_RELTN_TYPE, NAME, DESCR_PLAIN, RELATED_LUI_ID, ID) values ('66f40f9b-13ae-4347-807c-111abe3750ec', 0, 'admin', TIMESTAMP '2014-02-06 10:34:38.883', 'admin', TIMESTAMP '2014-02-06 10:34:38.883', TIMESTAMP '2014-02-06 10:36:11.827', '', 'HIST360-FO-RG', '8117be8a-38b8-4e6c-adec-690dd41b31c7', 'kuali.lui.lui.relation.state.active', 'kuali.lui.lui.relation.type.deliveredvia.fo2rg', 'fo-rg-relation', 'HIST360-FO-RG', '2ace01f4-a796-49fb-aba5-666b5db1dc2c', '7f0ae1e4-1a15-4562-aef2-18d546f2c6f4')
/
insert into KSEN_LUILUI_RELTN (OBJ_ID, VER_NBR, CREATEID, CREATETIME, UPDATEID, UPDATETIME, EFF_DT, EXPIR_DT, DESCR_FORMATTED, LUI_ID, LUILUI_RELTN_STATE, LUILUI_RELTN_TYPE, NAME, DESCR_PLAIN, RELATED_LUI_ID, ID) values ('f2b549dc-0847-4464-80d2-192c74a91401', 0, 'admin', TIMESTAMP '2014-02-06 10:34:38.883', 'admin', TIMESTAMP '2014-02-06 10:34:38.883', TIMESTAMP '2014-02-06 10:36:11.83', '', 'HIST360-RG-AO', '2ace01f4-a796-49fb-aba5-666b5db1dc2c', 'kuali.lui.lui.relation.state.active', 'kuali.lui.lui.relation.type.registeredforvia.rg2ao', 'rg-ao-relation', 'HIST360-RG-AO', '4a7b5a65-94ee-4e46-8555-2d4dd0b8bec6', '4bfc3a81-fa67-47a1-a13a-c3b758965cf5')
/
insert into KSEN_LUI (OBJ_ID, VER_NBR, CREATEID, CREATETIME, UPDATEID, UPDATETIME, ATP_ID, CLU_ID, EFF_DT, EXPIR_DT, DESCR_FORMATTED, LUI_STATE, LUI_TYPE, MAX_SEATS, MIN_SEATS, NAME, DESCR_PLAIN, REF_URL, ID) values ('3cec236f-ce9d-41f5-99d2-966d61321c83', 0, 'admin', TIMESTAMP '2014-02-06 10:34:38.883', 'admin', TIMESTAMP '2014-02-06 10:34:38.883', 'kuali.atp.2014Winter', 'a1e31e75-3d71-4ebf-96c5-12a25d55d23a', TIMESTAMP '2014-01-02 00:00:00.0', '', 'Covers a wide range of topics in professional development for new graduate students.', 'kuali.lui.course.offering.state.draft', 'kuali.lui.type.course.offering', '', '', 'CHEM611 CO', 'Covers a wide range of topics in professional development for new graduate students.', null, '804de014-9243-4801-b390-792a2cd23200')
/
insert into KSEN_LUI_ATTR (OBJ_ID, ATTR_KEY, OWNER_ID, ATTR_VALUE, ID) values ('bf64c1ae-ada4-487d-81e6-1aa6f134cb26', 'kuali.attribute.final.exam.indicator', '804de014-9243-4801-b390-792a2cd23200', 'STANDARD', '34acc5e6-ecf7-468c-b6eb-9138b51efce7')
/
insert into KSEN_LUI_ATTR (OBJ_ID, ATTR_KEY, OWNER_ID, ATTR_VALUE, ID) values ('dcfb1833-0e5b-439f-b86a-baf9eda42a85', 'kuali.attribute.where.fees.attached.flag', '804de014-9243-4801-b390-792a2cd23200', 0, '80157cce-5c82-4dcc-8c71-3c3c32fb9fb6')
/
insert into KSEN_LUI_ATTR (OBJ_ID, ATTR_KEY, OWNER_ID, ATTR_VALUE, ID) values ('06f8be77-874b-4f9d-933b-37236060b69f', 'kuali.attribute.wait.list.level.type.key', '804de014-9243-4801-b390-792a2cd23200', 'AO', 'cf66199f-5082-4262-ab13-2f076d57821e')
/
insert into KSEN_LUI_ATTR (OBJ_ID, ATTR_KEY, OWNER_ID, ATTR_VALUE, ID) values ('9725fb5f-1f6f-472b-8ded-964d2e196e26', 'kuali.attribute.course.number.internal.suffix', '804de014-9243-4801-b390-792a2cd23200', 'A', '9a0ae0b2-b8ba-4328-a41b-ed7ecf2de468')
/
insert into KSEN_LUI_ATTR (OBJ_ID, ATTR_KEY, OWNER_ID, ATTR_VALUE, ID) values ('068bfd2d-9b87-42e0-9fbb-5bdf161773bf', 'kuali.attribute.final.exam.driver', '804de014-9243-4801-b390-792a2cd23200', 'kuali.lu.exam.driver.ActivityOffering', 'e6e427b7-07e9-4aff-86c7-8167e8085335')
/
insert into KSEN_LUI_ATTR (OBJ_ID, ATTR_KEY, OWNER_ID, ATTR_VALUE, ID) values ('69b331a2-ca89-4086-b75c-c386f5247218', 'kuali.attribute.wait.list.type.key', '804de014-9243-4801-b390-792a2cd23200', null, '255bb342-dc69-4d0c-b3b6-b72b3746cce5')
/
insert into KSEN_LUI_ATTR (OBJ_ID, ATTR_KEY, OWNER_ID, ATTR_VALUE, ID) values ('91ba2e61-03e3-46ce-970b-49cf521f172e', 'kuali.attribute.final.exam.use.matrix', '804de014-9243-4801-b390-792a2cd23200', 1, '143872e3-c3e3-4917-8662-59b2dcd3c5fa')
/
insert into KSEN_LUI_ATTR (OBJ_ID, ATTR_KEY, OWNER_ID, ATTR_VALUE, ID) values ('3212d3a4-09b8-4dd4-881c-9057d4ae7b0c', 'kuali.attribute.wait.list.indicator', '804de014-9243-4801-b390-792a2cd23200', 1, 'f25347f7-0ec9-4077-b23e-019559b4572d')
/
insert into KSEN_LUI_ATTR (OBJ_ID, ATTR_KEY, OWNER_ID, ATTR_VALUE, ID) values ('56765004-9b5f-408e-b917-f0e365ac1a16', 'kuali.attribute.funding.source', '804de014-9243-4801-b390-792a2cd23200', '', '106d7b55-bdf5-407b-9201-791b82cf8616')
/
insert into KSEN_LUI_ATTR (OBJ_ID, ATTR_KEY, OWNER_ID, ATTR_VALUE, ID) values ('8c60dd41-1a82-4dbd-aa6d-80851fc966fc', 'kuali.attribute.course.evaluation.indicator', '804de014-9243-4801-b390-792a2cd23200', 0, '76651411-e5f9-4f60-9ebd-caf22f24ee16')
/
insert into KSEN_LUI_IDENT (OBJ_ID, VER_NBR, CREATEID, CREATETIME, UPDATEID, UPDATETIME, LUI_CD, DIVISION, IDENT_LEVEL, LNG_NAME, LUI_ID, ORGID, SHRT_NAME, LUI_ID_STATE, SUFX_CD, LUI_ID_TYPE, VARTN, ID) values ('8f30535a-3f0c-4476-8dac-3b3d3fdea95b', 0, 'admin', TIMESTAMP '2014-02-06 10:34:38.883', 'admin', TIMESTAMP '2014-02-06 10:34:38.883', 'CHEM611', 'CHEM', '', 'Professional Skills for New Graduate Students', '804de014-9243-4801-b390-792a2cd23200', '', '', 'kuali.lui.identifier.state.active', '', 'kuali.lui.identifier.type.official', '', 'c38a4da5-baa9-4e8c-8364-844af82cca5c')
/
insert into KSEN_LUI_LU_CD (OBJ_ID, VER_NBR, CREATEID, CREATETIME, UPDATEID, UPDATETIME, DESCR_FORMATTED, LUI_ID, DESCR_PLAIN, LUI_LUCD_TYPE, VALUE, ID) values ('ac9ea899-0b1e-4ea3-b6c7-fe6a905c575f', 0, 'admin', TIMESTAMP '2014-02-06 10:34:38.883', 'admin', TIMESTAMP '2014-02-06 10:34:38.883', '', '804de014-9243-4801-b390-792a2cd23200', '', 'kuali.lu.code.honorsOffering', '', '0a902bd5-b4e8-4199-893b-6a6bb52b7e60')
/
insert into KSEN_LUI_UNITS_DEPLOYMENT (LUI_ID, ORG_ID, ID) values ('804de014-9243-4801-b390-792a2cd23200', '4284516367', '4531057d-763e-4fad-bb86-f7ec7af8ad7c')
/
insert into KSEN_LUI_UNITS_CONT_OWNER (LUI_ID, ORG_ID) values ('804de014-9243-4801-b390-792a2cd23200', '4284516367')
/
insert into KSEN_LUI_RESULT_VAL_GRP (LUI_ID, RESULT_VAL_GRP_ID) values ('804de014-9243-4801-b390-792a2cd23200', 'kuali.resultComponent.grade.letter')
/
insert into KSEN_LUI_RESULT_VAL_GRP (LUI_ID, RESULT_VAL_GRP_ID) values ('804de014-9243-4801-b390-792a2cd23200', 'kuali.resultComponent.grade.audit')
/
insert into KSEN_LUI_RESULT_VAL_GRP (LUI_ID, RESULT_VAL_GRP_ID) values ('804de014-9243-4801-b390-792a2cd23200', 'kuali.creditType.credit.degree.1.0')
/
insert into KSEN_LUI (OBJ_ID, VER_NBR, CREATEID, CREATETIME, UPDATEID, UPDATETIME, ATP_ID, CLU_ID, EFF_DT, EXPIR_DT, DESCR_FORMATTED, LUI_STATE, LUI_TYPE, MAX_SEATS, MIN_SEATS, NAME, DESCR_PLAIN, REF_URL, ID) values ('3e6955bf-1993-46f0-8f26-15857edaf0a8', 0, 'admin', TIMESTAMP '2014-02-06 10:34:38.883', 'admin', TIMESTAMP '2014-02-06 10:34:38.883', 'kuali.atp.2014Winter', 'c5ce342e-1099-4eb7-9d13-3eb727150060', '', '', 'Courses with Lecture only', 'kuali.lui.format.offering.state.draft', 'kuali.lui.type.course.format.offering', '', '', 'Lecture Only', 'Courses with Lecture only', '', 'cba18934-f3d2-45c3-bd3c-66177903eee2')
/
insert into KSEN_LUI_ATTR (OBJ_ID, ATTR_KEY, OWNER_ID, ATTR_VALUE, ID) values ('0a4b28a2-12f6-48e4-9daa-c275b6502afe', 'kuali.attribute.grade.roster.level.type.key', 'cba18934-f3d2-45c3-bd3c-66177903eee2', 'kuali.lui.type.activity.offering.lecture', '611c5662-e7f7-4d46-8702-55bf20619f37')
/
insert into KSEN_LUI_ATTR (OBJ_ID, ATTR_KEY, OWNER_ID, ATTR_VALUE, ID) values ('c06583ca-8308-4501-8998-5fed7b650001', 'regCodePrefix', 'cba18934-f3d2-45c3-bd3c-66177903eee2', '1', '3847fbb6-6191-4cb1-bf20-177a6e0b13a7')
/
insert into KSEN_LUI_ATTR (OBJ_ID, ATTR_KEY, OWNER_ID, ATTR_VALUE, ID) values ('cf91f5c9-e182-43a0-89df-c29fe91783fd', 'kuali.attribute.final.exam.level.type', 'cba18934-f3d2-45c3-bd3c-66177903eee2', 'kuali.lu.type.activity.Lecture', '1cb70938-ca70-4b11-990a-46d6bddcf10a')
/
insert into KSEN_LUI_IDENT (OBJ_ID, VER_NBR, CREATEID, CREATETIME, UPDATEID, UPDATETIME, LUI_CD, DIVISION, IDENT_LEVEL, LNG_NAME, LUI_ID, ORGID, SHRT_NAME, LUI_ID_STATE, SUFX_CD, LUI_ID_TYPE, VARTN, ID) values ('2142fd11-fb8c-4d80-a32e-f9d51f1551a3', 0, 'admin', TIMESTAMP '2014-02-06 10:34:38.883', 'admin', TIMESTAMP '2014-02-06 10:34:38.883', '', '', '', 'Lecture Only', 'cba18934-f3d2-45c3-bd3c-66177903eee2', '', 'LEC', 'kuali.lui.identifier.state.active', '', 'kuali.lui.identifier.type.official', '', '406d5ae3-b728-4592-970e-21c9738dbab0')
/
insert into KSEN_LUI_RELATED_LUI_TYPES (LUI_ID, RELATED_LUI_TYPE) values ('cba18934-f3d2-45c3-bd3c-66177903eee2', 'kuali.lui.type.activity.offering.lecture')
/
insert into KSEN_LUILUI_RELTN (OBJ_ID, VER_NBR, CREATEID, CREATETIME, UPDATEID, UPDATETIME, EFF_DT, EXPIR_DT, DESCR_FORMATTED, LUI_ID, LUILUI_RELTN_STATE, LUILUI_RELTN_TYPE, NAME, DESCR_PLAIN, RELATED_LUI_ID, ID) values ('1a3a9207-95a0-4135-948a-5547b6324538', 0, 'admin', TIMESTAMP '2014-02-06 10:34:38.883', 'admin', TIMESTAMP '2014-02-06 10:34:38.883', TIMESTAMP '2014-02-06 10:36:15.686', '', 'CHEM611-CO-FO', '804de014-9243-4801-b390-792a2cd23200', 'kuali.lui.lui.relation.state.active', 'kuali.lui.lui.relation.type.deliveredvia.co2fo', 'co-fo-relation', 'CHEM611-CO-FO', 'cba18934-f3d2-45c3-bd3c-66177903eee2', 'cd9c1f47-b12b-4242-9b29-2486e9e6d750')
/
insert into KSEN_LUI (OBJ_ID, VER_NBR, CREATEID, CREATETIME, UPDATEID, UPDATETIME, ATP_ID, CLU_ID, EFF_DT, EXPIR_DT, DESCR_FORMATTED, LUI_STATE, LUI_TYPE, MAX_SEATS, MIN_SEATS, NAME, DESCR_PLAIN, REF_URL, ID) values ('92fa26b6-9d7b-4442-a2ef-bd55b7dcf822', 0, 'admin', TIMESTAMP '2014-02-06 10:34:38.883', 'admin', TIMESTAMP '2014-02-06 10:34:38.883', 'kuali.atp.2014Winter', '3c719070-e600-425e-befc-1eb4b5aa3b08', '', '', 'Courses with lecture', 'kuali.lui.activity.offering.state.draft', 'kuali.lui.type.activity.offering.lecture', 10, 10, 'Lecture', 'Courses with lecture', null, '45b23b0f-a11f-42c9-bf47-48895836ac48')
/
insert into KSEN_LUI_ATTR (OBJ_ID, ATTR_KEY, OWNER_ID, ATTR_VALUE, ID) values ('8d1fbfb1-332a-4592-b0e1-39f4289f43de', 'kuali.attribute.nonstd.ts.indicator', '45b23b0f-a11f-42c9-bf47-48895836ac48', 0, 'efc0073b-07d1-4c36-9ded-8677057c8ed3')
/
insert into KSEN_LUI_ATTR (OBJ_ID, ATTR_KEY, OWNER_ID, ATTR_VALUE, ID) values ('ade4d818-835e-4409-b6d3-85b98f408770', 'kuali.attribute.course.evaluation.indicator', '45b23b0f-a11f-42c9-bf47-48895836ac48', 0, '2d4f596c-111b-4845-83e0-be3341a507db')
/
insert into KSEN_LUI_ATTR (OBJ_ID, ATTR_KEY, OWNER_ID, ATTR_VALUE, ID) values ('5374d80c-a9cf-4cc1-be15-8d7df4f91faf', 'kuali.attribute.max.enrollment.is.estimate', '45b23b0f-a11f-42c9-bf47-48895836ac48', 0, '5a7cba0f-616d-4fba-bea2-523e286926a4')
/
insert into KSEN_LUI_IDENT (OBJ_ID, VER_NBR, CREATEID, CREATETIME, UPDATEID, UPDATETIME, LUI_CD, DIVISION, IDENT_LEVEL, LNG_NAME, LUI_ID, ORGID, SHRT_NAME, LUI_ID_STATE, SUFX_CD, LUI_ID_TYPE, VARTN, ID) values ('83385d0e-b86a-455b-84f4-c8a40baf8f16', 0, 'admin', TIMESTAMP '2014-02-06 10:34:38.883', 'admin', TIMESTAMP '2014-02-06 10:34:38.883', 'A', '', '', '', '45b23b0f-a11f-42c9-bf47-48895836ac48', '', '', 'kuali.lui.identifier.state.active', '', 'kuali.lui.identifier.type.official', '', '61c13b0e-48e3-4e25-8dd7-46ca871f886e')
/
insert into KSEN_LUI_LU_CD (OBJ_ID, VER_NBR, CREATEID, CREATETIME, UPDATEID, UPDATETIME, DESCR_FORMATTED, LUI_ID, DESCR_PLAIN, LUI_LUCD_TYPE, VALUE, ID) values ('14cf8d2e-5d7a-4a2d-a864-1bcdbc14fa0a', 0, 'admin', TIMESTAMP '2014-02-06 10:34:38.883', 'admin', TIMESTAMP '2014-02-06 10:34:38.883', '', '45b23b0f-a11f-42c9-bf47-48895836ac48', '', 'kuali.lu.code.honorsOffering', 0, 'a05aaa09-5713-4e64-ac54-992806d036c9')
/
insert into KSEN_LPR (OBJ_ID, VER_NBR, CREATEID, CREATETIME, UPDATEID, UPDATETIME, ATP_ID, COMMIT_PERCT, CREDITS, EFF_DT, EXPIR_DT, GRADING_OPT_ID, LUI_ID, MASTER_LUI_ID, PERS_ID, LPR_STATE, LPR_TYPE, ID) values ('d471b104-27cc-40ec-83fd-54a3a1497950', 0, 'admin', TIMESTAMP '2014-02-06 10:34:38.883', 'admin', TIMESTAMP '2014-02-06 10:34:38.883', '', '100.00', '', TIMESTAMP '2014-02-06 10:36:15.766', '', '', '45b23b0f-a11f-42c9-bf47-48895836ac48', '', 'L.ALPHAD', 'kuali.lpr.state.active', 'kuali.lpr.type.instructor.main', '35fc5364-ccdc-4fa9-9d92-51f926dfafb3')
/
insert into KSEN_LUILUI_RELTN (OBJ_ID, VER_NBR, CREATEID, CREATETIME, UPDATEID, UPDATETIME, EFF_DT, EXPIR_DT, DESCR_FORMATTED, LUI_ID, LUILUI_RELTN_STATE, LUILUI_RELTN_TYPE, NAME, DESCR_PLAIN, RELATED_LUI_ID, ID) values ('56b9b1ef-0a20-4e2c-bd44-20826f2d58cc', 0, 'admin', TIMESTAMP '2014-02-06 10:34:38.883', 'admin', TIMESTAMP '2014-02-06 10:34:38.883', TIMESTAMP '2014-02-06 10:36:15.811', '', 'CHEM611-FO-AO', 'cba18934-f3d2-45c3-bd3c-66177903eee2', 'kuali.lui.lui.relation.state.active', 'kuali.lui.lui.relation.type.deliveredvia.fo2ao', 'fo-ao-relation', 'CHEM611-FO-AO', '45b23b0f-a11f-42c9-bf47-48895836ac48', 'b4e575e3-005e-4e8a-b30c-81011fa5566e')
/
insert into KSEN_SCHED_RQST_SET (OBJ_ID, VER_NBR, CREATEID, CREATETIME, UPDATEID, UPDATETIME, DESCR_FORMATTED, MAX_ENRL_SHARED_IND, MAX_ENRL, NAME, DESCR_PLAIN, REF_OBJECT_TYPE, SCHED_RQST_SET_STATE, SCHED_RQST_SET_TYPE, ID) values ('29f017e1-2268-4355-b00b-2ef7ee8a3bb7', 0, 'admin', TIMESTAMP '2014-02-06 10:34:38.883', 'admin', TIMESTAMP '2014-02-06 10:34:38.883', '', 0, '', 'Schedule request set for CHEM611 - A', '', 'http://student.kuali.org/wsdl/courseOffering/ActivityOfferingInfo', 'kuali.scheduling.schedule.request.set.state.created', 'kuali.scheduling.schedule.request.set.type.schedule.request.set', 'a6414ed1-654b-4bba-8ae7-cb4055107d2b')
/
insert into KSEN_SCHED_RQST (OBJ_ID, VER_NBR, CREATEID, CREATETIME, UPDATEID, UPDATETIME, DESCR_FORMATTED, NAME, DESCR_PLAIN, SCHED_RQST_STATE, SCHED_RQST_TYPE, SCHED_ID, SCHED_RQST_SET_ID, ID) values ('f516fc01-7739-4a4e-a0cf-256be45108d2', 0, 'admin', TIMESTAMP '2014-02-06 10:34:38.883', 'admin', TIMESTAMP '2014-02-06 10:34:38.883', '', 'Schedule request for CHEM611 - A', '', 'kuali.scheduling.schedule.request.state.created', 'kuali.scheduling.schedule.request.type.schedule.request', '', 'a6414ed1-654b-4bba-8ae7-cb4055107d2b', 'cf33c8af-b63e-4237-afa9-68449cf41c02')
/
insert into KSEN_SCHED_RQST_CMP (OBJ_ID, TBA_IND, SCHED_RQST_ID, ID) values ('9e3bde74-b3e2-4ac8-bd9b-bf9eb3c9a970', 0, 'cf33c8af-b63e-4237-afa9-68449cf41c02', '003d91dd-46f3-4da5-a134-5efa666a77ab')
/
insert into KSEN_SCHED_REF_OBJECT (SCHED_RQST_SET_ID, REF_OBJECT_ID) values ('a6414ed1-654b-4bba-8ae7-cb4055107d2b', '45b23b0f-a11f-42c9-bf47-48895836ac48')
/
insert into KSEN_SCHED_RQST_CMP_BLDG (CMP_ID, BUILDING_ID) values ('003d91dd-46f3-4da5-a134-5efa666a77ab', '6f2e8f26-95bc-4bb1-a3d0-3206324cad4a')
/
insert into KSEN_SCHED_RQST_CMP_CAMPUS (CMP_ID, CAMPUS_ID) values ('003d91dd-46f3-4da5-a134-5efa666a77ab', 'UMCP')
/
insert into KSEN_SCHED_RQST_CMP_ROOM (CMP_ID, ROOM_ID) values ('003d91dd-46f3-4da5-a134-5efa666a77ab', '2246d609-9fbb-4d06-b45e-a57ef80539b7')
/
insert into KSEN_SCHED_RQST_CMP_TMSLOT (CMP_ID, TM_SLOT_ID) values ('003d91dd-46f3-4da5-a134-5efa666a77ab', '9F6ED052-F84D-4882-A329-DFF794C668CB')
/
insert into KSEN_CWL (OBJ_ID, VER_NBR, CREATEID, CREATETIME, UPDATEID, UPDATETIME, ALLOW_HOLD_UTIL_ENTRIES_IND, AUTO_PROCESSED_IND, CHECK_IN_REQ_IND, CONF_REQ_IND, EFF_DT, EXPIR_DT, MAX_SIZE, REG_IN_FIRST_AAO_IND, STD_DUR_TIME_QTY, STD_DUR_TYPE, CWL_STATE, CWL_TYPE, ID) values ('7b9b4e08-6da1-4458-ac0f-1633d96fd825', 0, 'admin', TIMESTAMP '2014-02-06 10:34:38.883', 'admin', TIMESTAMP '2014-02-06 10:34:38.883', 1, 1, 0, 1, TIMESTAMP '2013-01-02 00:00:00.0', '', '', 1, '', '', 'kuali.course.waitlist.state.active', 'kuali.course.waitlist.type.course.waitlist', 'c244df57-f6a2-40e3-b8d4-ec9b04024fc4')
/
insert into KSEN_CWL_ACTIV_OFFER (CWL_ID, ACTIV_OFFER_ID) values ('c244df57-f6a2-40e3-b8d4-ec9b04024fc4', '45b23b0f-a11f-42c9-bf47-48895836ac48')
/
insert into KSEN_CWL_FORMAT_OFFER (CWL_ID, FORMAT_OFFER_ID) values ('c244df57-f6a2-40e3-b8d4-ec9b04024fc4', 'cba18934-f3d2-45c3-bd3c-66177903eee2')
/
insert into KSEN_CO_AO_CLUSTER (OBJ_ID, VER_NBR, CREATEID, CREATETIME, UPDATEID, UPDATETIME, AO_CLUSTER_STATE, AO_CLUSTER_TYPE, DESCR_FORMATTED, DESCR_PLAIN, FORMAT_OFFERING_ID, NAME, PRIVATE_NAME, ID) values ('7fd99ce9-3760-4123-8058-dca2f271c2ea', 0, 'admin', TIMESTAMP '2014-02-06 10:34:38.883', 'admin', TIMESTAMP '2014-02-06 10:34:38.883', 'kuali.activity.offering.cluster.state.active', 'kuali.activity.offering.cluster.type.activity.offering.cluster', '', '', 'cba18934-f3d2-45c3-bd3c-66177903eee2', 'CL 1', 'CL 1', '4c2b4422-0be0-4f3d-81ae-bdd63da10ba5')
/
insert into KSEN_CO_AO_CLUSTER_SET (OBJ_ID, ACTIVITY_OFFERING_TYPE, AO_CLUSTER_ID, ID) values ('69d55988-c814-4546-8248-82a6b5d0ad11', 'kuali.lui.type.activity.offering.lecture', '4c2b4422-0be0-4f3d-81ae-bdd63da10ba5', 'c56531c1-3b48-43c3-b36b-420b64117ca4')
/
insert into KSEN_CO_AO_CLUSTER_SET_AO (AOC_SET_ID, ACTIVITY_OFFERING_ID) values ('c56531c1-3b48-43c3-b36b-420b64117ca4', '45b23b0f-a11f-42c9-bf47-48895836ac48')
/
update KSEN_CO_AO_CLUSTER_SET set AO_CLUSTER_ID='4c2b4422-0be0-4f3d-81ae-bdd63da10ba5' where ID='c56531c1-3b48-43c3-b36b-420b64117ca4'
/
insert into KSEN_LUI (OBJ_ID, VER_NBR, CREATEID, CREATETIME, UPDATEID, UPDATETIME, ATP_ID, CLU_ID, EFF_DT, EXPIR_DT, DESCR_FORMATTED, LUI_STATE, LUI_TYPE, MAX_SEATS, MIN_SEATS, NAME, DESCR_PLAIN, REF_URL, ID) values ('88aa8daf-a375-4013-b3b2-e894a997dd4d', 0, 'admin', TIMESTAMP '2014-02-06 10:34:38.883', 'admin', TIMESTAMP '2014-02-06 10:34:38.883', 'kuali.atp.2014Winter', 'c5ce342e-1099-4eb7-9d13-3eb727150060', '', '', '1001', 'kuali.lui.registration.group.state.pending', 'kuali.lui.type.registration.group', '', '', '1001', '1001', '', 'fd1da6af-e2b9-4cdc-9e60-492d0d957b5f')
/
insert into KSEN_LUI_ATTR (OBJ_ID, ATTR_KEY, OWNER_ID, ATTR_VALUE, ID) values ('18635492-dead-409b-823d-49f9024396eb', 'kuali.attribute.registration.group.aocluster.id', 'fd1da6af-e2b9-4cdc-9e60-492d0d957b5f', '4c2b4422-0be0-4f3d-81ae-bdd63da10ba5', 'ce945327-49c8-4f2a-a318-55ae9fc55b05')
/
insert into KSEN_LUI_ATTR (OBJ_ID, ATTR_KEY, OWNER_ID, ATTR_VALUE, ID) values ('b0581775-e68f-420d-99a4-a517cc843556', 'kuali.attribute.registration.group.is.generated', 'fd1da6af-e2b9-4cdc-9e60-492d0d957b5f', 1, '8a08b1d1-44c1-4e0a-91d2-44b65e4e4686')
/
insert into KSEN_LUI_IDENT (OBJ_ID, VER_NBR, CREATEID, CREATETIME, UPDATEID, UPDATETIME, LUI_CD, DIVISION, IDENT_LEVEL, LNG_NAME, LUI_ID, ORGID, SHRT_NAME, LUI_ID_STATE, SUFX_CD, LUI_ID_TYPE, VARTN, ID) values ('6b818cb6-2c13-404b-986a-942cf84dd4fe', 0, 'admin', TIMESTAMP '2014-02-06 10:34:38.883', 'admin', TIMESTAMP '2014-02-06 10:34:38.883', '', '', '', '', 'fd1da6af-e2b9-4cdc-9e60-492d0d957b5f', '', '', 'kuali.lui.identifier.state.active', '', 'kuali.lui.identifier.type.official', '', '9ef33b1c-7205-4b0e-b0c5-9a93c5e79781')
/
insert into KSEN_LUILUI_RELTN (OBJ_ID, VER_NBR, CREATEID, CREATETIME, UPDATEID, UPDATETIME, EFF_DT, EXPIR_DT, DESCR_FORMATTED, LUI_ID, LUILUI_RELTN_STATE, LUILUI_RELTN_TYPE, NAME, DESCR_PLAIN, RELATED_LUI_ID, ID) values ('8cdb2f6a-1e23-41a5-acda-48ec5679685d', 0, 'admin', TIMESTAMP '2014-02-06 10:34:38.883', 'admin', TIMESTAMP '2014-02-06 10:34:38.883', TIMESTAMP '2014-02-06 10:36:16.274', '', 'CHEM611-FO-RG', 'cba18934-f3d2-45c3-bd3c-66177903eee2', 'kuali.lui.lui.relation.state.active', 'kuali.lui.lui.relation.type.deliveredvia.fo2rg', 'fo-rg-relation', 'CHEM611-FO-RG', 'fd1da6af-e2b9-4cdc-9e60-492d0d957b5f', '09ca1185-dc7e-441c-98dc-e71c6649dae8')
/
insert into KSEN_LUILUI_RELTN (OBJ_ID, VER_NBR, CREATEID, CREATETIME, UPDATEID, UPDATETIME, EFF_DT, EXPIR_DT, DESCR_FORMATTED, LUI_ID, LUILUI_RELTN_STATE, LUILUI_RELTN_TYPE, NAME, DESCR_PLAIN, RELATED_LUI_ID, ID) values ('8ccd3bdd-8761-4938-b62a-86a6e76c029c', 0, 'admin', TIMESTAMP '2014-02-06 10:34:38.883', 'admin', TIMESTAMP '2014-02-06 10:34:38.883', TIMESTAMP '2014-02-06 10:36:16.302', '', 'CHEM611-RG-AO', 'fd1da6af-e2b9-4cdc-9e60-492d0d957b5f', 'kuali.lui.lui.relation.state.active', 'kuali.lui.lui.relation.type.registeredforvia.rg2ao', 'rg-ao-relation', 'CHEM611-RG-AO', '45b23b0f-a11f-42c9-bf47-48895836ac48', 'ad9d9161-3539-4116-a555-ec03e813545f')
/
update KSEN_SOC_ROR set OBJ_ID='6e2a25c1-aaf9-456e-ad2f-aaedbf1d08ae', VER_NBR=4, UPDATEID='admin', UPDATETIME=TIMESTAMP '2014-02-06 10:34:38.883', ITEMS_EXPECTED=48, ITEMS_PROCESSED=20, MESG_FORMATTED='', MESG_PLAIN='', SOC_ROR_STATE='kuali.soc.rollover.state.running', SOC_ROR_TYPE='kuali.soc.rollover.results.type.rollover', SOURCE_SOC_ID='03192a24-765a-4b9d-b638-5158430e09c8', TARGET_SOC_ID='59BBF768-1CB7-4C50-93AD-C6D92D6DC7A0', TARGET_TERM_ID='kuali.atp.2014Winter' where ID='66f7714b-77e9-4b8b-9783-90ab342086e0' and VER_NBR=3
/
update KSEN_SOC_ROR_ATTR set OBJ_ID='a2e9d4d4-b8ca-4775-ab84-2ad469abf8d2', ATTR_KEY='kuali.soc.rollover.result.dynattr.date.completed', OWNER_ID='66f7714b-77e9-4b8b-9783-90ab342086e0', ATTR_VALUE='2014 Feb 6 10:36:16 America/New_York' where ID='57c0a482-b718-48db-9a9d-16886eb8fbfe'
/
insert into KSEN_SOC_ROR_ITEM (OBJ_ID, VER_NBR, CREATEID, CREATETIME, UPDATEID, UPDATETIME, MESG_FORMATTED, MESG_PLAIN, ROR_ID, SOC_ROR_STATE, SOC_ROR_TYPE, SOURCE_CO_ID, TARGET_CO_ID, ID) values ('db9efdae-ae4a-4906-afa8-07d57f0146d5', 0, 'admin', TIMESTAMP '2014-02-06 10:34:38.883', 'admin', TIMESTAMP '2014-02-06 10:34:38.883', '', '', '66f7714b-77e9-4b8b-9783-90ab342086e0', 'kuali.soc.rollover.result.item.state.processed.created', 'kuali.soc.rollover.result.item.type.create', '36f41c50-1321-4f93-aa8a-e5440943aeb2', 'b5a1b977-b4f7-4639-9eca-3deaf51bc26b', '9eec8f05-356e-4c93-ba8a-f8318eebcb09')
/
insert into KSEN_SOC_ROR_ITEM_ATTR (OBJ_ID, ATTR_KEY, OWNER_ID, ATTR_VALUE, ID) values ('3f9a1381-d7e4-4879-b984-6e50d018ac95', 'activityOfferingsCreated', '9eec8f05-356e-4c93-ba8a-f8318eebcb09', '2', '810d82b9-3696-43d3-ba94-93081109e117')
/
insert into KSEN_SOC_ROR_ITEM (OBJ_ID, VER_NBR, CREATEID, CREATETIME, UPDATEID, UPDATETIME, MESG_FORMATTED, MESG_PLAIN, ROR_ID, SOC_ROR_STATE, SOC_ROR_TYPE, SOURCE_CO_ID, TARGET_CO_ID, ID) values ('f78ae991-2405-490e-a43b-98503c3c1040', 0, 'admin', TIMESTAMP '2014-02-06 10:34:38.883', 'admin', TIMESTAMP '2014-02-06 10:34:38.883', '', '', '66f7714b-77e9-4b8b-9783-90ab342086e0', 'kuali.soc.rollover.result.item.state.processed.created', 'kuali.soc.rollover.result.item.type.create', '36819558-e390-4681-9d8e-5eed0642c03a', '199de9cd-6c17-4ed6-bb57-1263fd0cf830', '5050d6a7-1e7b-4c81-bee5-5dee32188434')
/
insert into KSEN_SOC_ROR_ITEM_ATTR (OBJ_ID, ATTR_KEY, OWNER_ID, ATTR_VALUE, ID) values ('5b07e2d0-700d-4d2f-b44d-95a58fccc841', 'activityOfferingsCreated', '5050d6a7-1e7b-4c81-bee5-5dee32188434', '1', '20129c75-42e2-4ce2-9d30-2dfa76302c9c')
/
insert into KSEN_SOC_ROR_ITEM (OBJ_ID, VER_NBR, CREATEID, CREATETIME, UPDATEID, UPDATETIME, MESG_FORMATTED, MESG_PLAIN, ROR_ID, SOC_ROR_STATE, SOC_ROR_TYPE, SOURCE_CO_ID, TARGET_CO_ID, ID) values ('9911d5fe-298f-450d-bb55-996f70c1bee5', 0, 'admin', TIMESTAMP '2014-02-06 10:34:38.883', 'admin', TIMESTAMP '2014-02-06 10:34:38.883', '', '', '66f7714b-77e9-4b8b-9783-90ab342086e0', 'kuali.soc.rollover.result.item.state.processed.created', 'kuali.soc.rollover.result.item.type.create', '41172f6c-3925-4d40-acb3-9024c817e168', 'a73deca1-cd0f-408a-a120-079da612ffbb', '0a237429-6c3b-4759-96e4-66c80838b31b')
/
insert into KSEN_SOC_ROR_ITEM_ATTR (OBJ_ID, ATTR_KEY, OWNER_ID, ATTR_VALUE, ID) values ('b52b49e4-9314-44dd-897b-71cc7c9a5f4c', 'activityOfferingsCreated', '0a237429-6c3b-4759-96e4-66c80838b31b', '2', 'f330b611-43ec-4a94-8c1d-2515ef98a518')
/
insert into KSEN_SOC_ROR_ITEM (OBJ_ID, VER_NBR, CREATEID, CREATETIME, UPDATEID, UPDATETIME, MESG_FORMATTED, MESG_PLAIN, ROR_ID, SOC_ROR_STATE, SOC_ROR_TYPE, SOURCE_CO_ID, TARGET_CO_ID, ID) values ('622fda3c-4a30-427e-8a63-0daf51e27d29', 0, 'admin', TIMESTAMP '2014-02-06 10:34:38.883', 'admin', TIMESTAMP '2014-02-06 10:34:38.883', 'Skipped because there is a new version of the canonical course', 'Skipped because there is a new version of the canonical course', '66f7714b-77e9-4b8b-9783-90ab342086e0', 'kuali.soc.rollover.result.item.state.error', 'kuali.soc.rollover.result.item.type.create', '4db733fc-b8cc-46f2-acc1-b82dc5803334', '', '95b2896f-8b6d-45fa-b12f-8755d33ca992')
/
insert into KSEN_SOC_ROR_ITEM (OBJ_ID, VER_NBR, CREATEID, CREATETIME, UPDATEID, UPDATETIME, MESG_FORMATTED, MESG_PLAIN, ROR_ID, SOC_ROR_STATE, SOC_ROR_TYPE, SOURCE_CO_ID, TARGET_CO_ID, ID) values ('c71ccc59-f86b-48bb-9e53-c272d5fd2252', 0, 'admin', TIMESTAMP '2014-02-06 10:34:38.883', 'admin', TIMESTAMP '2014-02-06 10:34:38.883', '', '', '66f7714b-77e9-4b8b-9783-90ab342086e0', 'kuali.soc.rollover.result.item.state.processed.created', 'kuali.soc.rollover.result.item.type.create', '4edb69b1-b2e6-4ee4-a5a9-3c4f4a965b0f', '303fba6c-a9c7-4b10-948e-5bea899d7dc6', '198ea9f3-4380-4e74-805b-2963f2dab957')
/
insert into KSEN_SOC_ROR_ITEM_ATTR (OBJ_ID, ATTR_KEY, OWNER_ID, ATTR_VALUE, ID) values ('24ba46ca-2bfd-4144-a42f-0e0180c326ad', 'activityOfferingsCreated', '198ea9f3-4380-4e74-805b-2963f2dab957', '1', '2eef875c-9ef6-4bb7-a8a0-6f159f2c1915')
/
insert into KSEN_SOC_ROR_ITEM (OBJ_ID, VER_NBR, CREATEID, CREATETIME, UPDATEID, UPDATETIME, MESG_FORMATTED, MESG_PLAIN, ROR_ID, SOC_ROR_STATE, SOC_ROR_TYPE, SOURCE_CO_ID, TARGET_CO_ID, ID) values ('5587c94d-3bb4-4006-a2b2-6851e48216a0', 0, 'admin', TIMESTAMP '2014-02-06 10:34:38.883', 'admin', TIMESTAMP '2014-02-06 10:34:38.883', '', '', '66f7714b-77e9-4b8b-9783-90ab342086e0', 'kuali.soc.rollover.result.item.state.processed.created', 'kuali.soc.rollover.result.item.type.create', '56cd1552-174e-4a30-8420-0dab3c8a9aa2', 'f902dc5a-0036-4542-b5cc-d5bc82a7f281', 'a3ff69eb-8fb1-43ba-86ad-a63c1f359053')
/
insert into KSEN_SOC_ROR_ITEM_ATTR (OBJ_ID, ATTR_KEY, OWNER_ID, ATTR_VALUE, ID) values ('e148f191-794a-484b-98fd-5fa3090686ff', 'activityOfferingsCreated', 'a3ff69eb-8fb1-43ba-86ad-a63c1f359053', '1', 'dd815447-10fc-4f87-85e3-f092980dcd25')
/
insert into KSEN_SOC_ROR_ITEM (OBJ_ID, VER_NBR, CREATEID, CREATETIME, UPDATEID, UPDATETIME, MESG_FORMATTED, MESG_PLAIN, ROR_ID, SOC_ROR_STATE, SOC_ROR_TYPE, SOURCE_CO_ID, TARGET_CO_ID, ID) values ('d2a6635a-579b-428e-9455-c4ed9613d9b0', 0, 'admin', TIMESTAMP '2014-02-06 10:34:38.883', 'admin', TIMESTAMP '2014-02-06 10:34:38.883', '', '', '66f7714b-77e9-4b8b-9783-90ab342086e0', 'kuali.soc.rollover.result.item.state.processed.created', 'kuali.soc.rollover.result.item.type.create', '5931b2d4-b41c-499e-b45e-f8baafc0aa3a', '7890d38f-c690-4730-971e-94a000251b49', '7a7f5acf-1c43-49ca-9658-c6b0c92abc6b')
/
insert into KSEN_SOC_ROR_ITEM_ATTR (OBJ_ID, ATTR_KEY, OWNER_ID, ATTR_VALUE, ID) values ('b2f8d6a7-b33f-4156-886d-aa6966ff7842', 'activityOfferingsCreated', '7a7f5acf-1c43-49ca-9658-c6b0c92abc6b', '1', '9cba6a88-6094-43d2-ac7f-5178c919af85')
/
insert into KSEN_SOC_ROR_ITEM (OBJ_ID, VER_NBR, CREATEID, CREATETIME, UPDATEID, UPDATETIME, MESG_FORMATTED, MESG_PLAIN, ROR_ID, SOC_ROR_STATE, SOC_ROR_TYPE, SOURCE_CO_ID, TARGET_CO_ID, ID) values ('4a8c5e84-88c1-4aa1-82fa-71d2f0399da5', 0, 'admin', TIMESTAMP '2014-02-06 10:34:38.883', 'admin', TIMESTAMP '2014-02-06 10:34:38.883', '', '', '66f7714b-77e9-4b8b-9783-90ab342086e0', 'kuali.soc.rollover.result.item.state.processed.created', 'kuali.soc.rollover.result.item.type.create', '5e8b6fff-a478-4720-b8f1-2df0746434ce', '65e0984c-a736-4572-b2b4-da7cb7d9530b', '744ed75b-741b-44c7-b058-c09cc1f5320a')
/
insert into KSEN_SOC_ROR_ITEM_ATTR (OBJ_ID, ATTR_KEY, OWNER_ID, ATTR_VALUE, ID) values ('f5bb3ed9-a816-473e-b2a8-022bf3483cd6', 'activityOfferingsCreated', '744ed75b-741b-44c7-b058-c09cc1f5320a', '1', 'b27926c4-be8e-41d3-a0a9-7dc792a2f6fb')
/
insert into KSEN_SOC_ROR_ITEM (OBJ_ID, VER_NBR, CREATEID, CREATETIME, UPDATEID, UPDATETIME, MESG_FORMATTED, MESG_PLAIN, ROR_ID, SOC_ROR_STATE, SOC_ROR_TYPE, SOURCE_CO_ID, TARGET_CO_ID, ID) values ('b4cd17db-cf49-4720-bc50-d83415ee6a70', 0, 'admin', TIMESTAMP '2014-02-06 10:34:38.883', 'admin', TIMESTAMP '2014-02-06 10:34:38.883', 'Skipped because there is a new version of the canonical course', 'Skipped because there is a new version of the canonical course', '66f7714b-77e9-4b8b-9783-90ab342086e0', 'kuali.soc.rollover.result.item.state.error', 'kuali.soc.rollover.result.item.type.create', '64ef7564-6c70-41ad-b41a-fdbc613f36d9', '', '5abf4a15-b9f7-4610-90e6-5883a91fb06d')
/
insert into KSEN_SOC_ROR_ITEM (OBJ_ID, VER_NBR, CREATEID, CREATETIME, UPDATEID, UPDATETIME, MESG_FORMATTED, MESG_PLAIN, ROR_ID, SOC_ROR_STATE, SOC_ROR_TYPE, SOURCE_CO_ID, TARGET_CO_ID, ID) values ('b514ecf3-3587-464e-8e43-2644053db55e', 0, 'admin', TIMESTAMP '2014-02-06 10:34:38.883', 'admin', TIMESTAMP '2014-02-06 10:34:38.883', '', '', '66f7714b-77e9-4b8b-9783-90ab342086e0', 'kuali.soc.rollover.result.item.state.processed.created', 'kuali.soc.rollover.result.item.type.create', '6f8aeb25-965f-4f68-a9b8-68e821e98117', '804de014-9243-4801-b390-792a2cd23200', '2e8ebc4a-c6db-439e-973d-b2827fe9cc1e')
/
insert into KSEN_SOC_ROR_ITEM_ATTR (OBJ_ID, ATTR_KEY, OWNER_ID, ATTR_VALUE, ID) values ('80a8beef-32e4-44cc-9a6b-5757298e0084', 'activityOfferingsCreated', '2e8ebc4a-c6db-439e-973d-b2827fe9cc1e', '1', '47847821-ae3f-4946-983d-0d6be3a63197')
/
insert into KSEN_LUI (OBJ_ID, VER_NBR, CREATEID, CREATETIME, UPDATEID, UPDATETIME, ATP_ID, CLU_ID, EFF_DT, EXPIR_DT, DESCR_FORMATTED, LUI_STATE, LUI_TYPE, MAX_SEATS, MIN_SEATS, NAME, DESCR_PLAIN, REF_URL, ID) values ('5601bdfb-1b22-4fce-a1de-009a932e0aab', 0, 'admin', TIMESTAMP '2014-02-06 10:34:38.883', 'admin', TIMESTAMP '2014-02-06 10:34:38.883', 'kuali.atp.2014Winter', 'CLUID-HIST429-200801000000', TIMESTAMP '2014-01-02 00:00:00.0', '', '', 'kuali.lui.course.offering.state.draft', 'kuali.lui.type.course.offering', '', '', 'HIST429G CO', '.', null, 'd3c8b8a7-a130-46f3-bbf8-1a9dab619c10')
/
insert into KSEN_LUI_ATTR (OBJ_ID, ATTR_KEY, OWNER_ID, ATTR_VALUE, ID) values ('0f3e6fa7-7358-4830-a6e3-27af30043d25', 'kuali.attribute.wait.list.level.type.key', 'd3c8b8a7-a130-46f3-bbf8-1a9dab619c10', 'AO', '293ca3ea-e40f-433a-8dac-e07339c43f23')
/
insert into KSEN_LUI_ATTR (OBJ_ID, ATTR_KEY, OWNER_ID, ATTR_VALUE, ID) values ('867cdb24-0b13-4ba0-83c5-dd8dde129423', 'kuali.attribute.wait.list.type.key', 'd3c8b8a7-a130-46f3-bbf8-1a9dab619c10', null, '0e636fbc-77af-4612-99a0-f7f9d5f185d7')
/
insert into KSEN_LUI_ATTR (OBJ_ID, ATTR_KEY, OWNER_ID, ATTR_VALUE, ID) values ('3aa33808-3ac0-430a-93b8-e2d0f0ba2996', 'kuali.attribute.final.exam.indicator', 'd3c8b8a7-a130-46f3-bbf8-1a9dab619c10', 'STANDARD', '3d5d32cf-8c5e-4f7b-9d30-dc24392a9e2c')
/
insert into KSEN_LUI_ATTR (OBJ_ID, ATTR_KEY, OWNER_ID, ATTR_VALUE, ID) values ('6c68a2f4-9670-4753-b24b-c4774721f8ff', 'kuali.attribute.course.number.internal.suffix', 'd3c8b8a7-a130-46f3-bbf8-1a9dab619c10', 'A', 'e35f5365-b279-46b2-bbf7-344e0981354f')
/
insert into KSEN_LUI_ATTR (OBJ_ID, ATTR_KEY, OWNER_ID, ATTR_VALUE, ID) values ('e4cb8088-308a-4817-bd72-c973abb509e9', 'kuali.attribute.final.exam.use.matrix', 'd3c8b8a7-a130-46f3-bbf8-1a9dab619c10', 1, 'f52e7c7e-9f5b-4c0f-af73-866c5800b171')
/
insert into KSEN_LUI_ATTR (OBJ_ID, ATTR_KEY, OWNER_ID, ATTR_VALUE, ID) values ('ec4176f1-156c-48eb-bb18-de19ad94e107', 'kuali.attribute.wait.list.indicator', 'd3c8b8a7-a130-46f3-bbf8-1a9dab619c10', 1, '2788deb0-b91d-4247-a92e-8e835eb3c659')
/
insert into KSEN_LUI_ATTR (OBJ_ID, ATTR_KEY, OWNER_ID, ATTR_VALUE, ID) values ('fceee4bf-4937-4e5f-a5d1-b2c67e6b14e6', 'kuali.attribute.course.evaluation.indicator', 'd3c8b8a7-a130-46f3-bbf8-1a9dab619c10', 0, 'a3d32b53-dcbe-4085-8368-1b750d532e28')
/
insert into KSEN_LUI_ATTR (OBJ_ID, ATTR_KEY, OWNER_ID, ATTR_VALUE, ID) values ('b05a5d9e-adf0-4321-ad77-e685414a861c', 'kuali.attribute.funding.source', 'd3c8b8a7-a130-46f3-bbf8-1a9dab619c10', '', 'f79cc4ea-9823-4eb6-b6c2-4583a9763184')
/
insert into KSEN_LUI_ATTR (OBJ_ID, ATTR_KEY, OWNER_ID, ATTR_VALUE, ID) values ('b1cb7f3a-7067-42c3-9c69-098d8d198434', 'kuali.attribute.where.fees.attached.flag', 'd3c8b8a7-a130-46f3-bbf8-1a9dab619c10', 0, '7c27e91d-b8b0-425d-ab14-ea903c0ac5dc')
/
insert into KSEN_LUI_ATTR (OBJ_ID, ATTR_KEY, OWNER_ID, ATTR_VALUE, ID) values ('bf70944b-8fb4-4550-b9f9-50e0704460cc', 'kuali.attribute.final.exam.driver', 'd3c8b8a7-a130-46f3-bbf8-1a9dab619c10', 'kuali.lu.exam.driver.ActivityOffering', '3e07bdc2-dee6-4628-8060-216fb88270e2')
/
insert into KSEN_LUI_IDENT (OBJ_ID, VER_NBR, CREATEID, CREATETIME, UPDATEID, UPDATETIME, LUI_CD, DIVISION, IDENT_LEVEL, LNG_NAME, LUI_ID, ORGID, SHRT_NAME, LUI_ID_STATE, SUFX_CD, LUI_ID_TYPE, VARTN, ID) values ('47da0b88-7487-4c27-bca3-1693aafac11c', 0, 'admin', TIMESTAMP '2014-02-06 10:34:38.883', 'admin', TIMESTAMP '2014-02-06 10:34:38.883', 'HIST429G', 'HIST', '', 'Special Topics in History', 'd3c8b8a7-a130-46f3-bbf8-1a9dab619c10', '', '', 'kuali.lui.identifier.state.active', 'G', 'kuali.lui.identifier.type.official', '', 'fa349626-2c80-4138-95e4-ec3efbf246ce')
/
insert into KSEN_LUI_LU_CD (OBJ_ID, VER_NBR, CREATEID, CREATETIME, UPDATEID, UPDATETIME, DESCR_FORMATTED, LUI_ID, DESCR_PLAIN, LUI_LUCD_TYPE, VALUE, ID) values ('d5391059-d638-4860-ba3e-61aeeba63e69', 0, 'admin', TIMESTAMP '2014-02-06 10:34:38.883', 'admin', TIMESTAMP '2014-02-06 10:34:38.883', '', 'd3c8b8a7-a130-46f3-bbf8-1a9dab619c10', '', 'kuali.lu.code.honorsOffering', '', 'bb4533b9-b6ec-4392-84bf-cdd54b8b16f3')
/
insert into KSEN_LUI_UNITS_DEPLOYMENT (LUI_ID, ORG_ID, ID) values ('d3c8b8a7-a130-46f3-bbf8-1a9dab619c10', '3213375036', '084503fd-b6f3-4fd5-b907-d61e70223dab')
/
insert into KSEN_LUI_UNITS_CONT_OWNER (LUI_ID, ORG_ID) values ('d3c8b8a7-a130-46f3-bbf8-1a9dab619c10', '3213375036')
/
insert into KSEN_LUI_RESULT_VAL_GRP (LUI_ID, RESULT_VAL_GRP_ID) values ('d3c8b8a7-a130-46f3-bbf8-1a9dab619c10', 'kuali.resultComponent.grade.letter')
/
insert into KSEN_LUI_RESULT_VAL_GRP (LUI_ID, RESULT_VAL_GRP_ID) values ('d3c8b8a7-a130-46f3-bbf8-1a9dab619c10', 'kuali.resultComponent.grade.audit')
/
insert into KSEN_LUI_RESULT_VAL_GRP (LUI_ID, RESULT_VAL_GRP_ID) values ('d3c8b8a7-a130-46f3-bbf8-1a9dab619c10', 'kuali.resultComponent.grade.passFail')
/
insert into KSEN_LUI_RESULT_VAL_GRP (LUI_ID, RESULT_VAL_GRP_ID) values ('d3c8b8a7-a130-46f3-bbf8-1a9dab619c10', 'kuali.creditType.credit.degree.3.0')
/
insert into KSEN_LUI (OBJ_ID, VER_NBR, CREATEID, CREATETIME, UPDATEID, UPDATETIME, ATP_ID, CLU_ID, EFF_DT, EXPIR_DT, DESCR_FORMATTED, LUI_STATE, LUI_TYPE, MAX_SEATS, MIN_SEATS, NAME, DESCR_PLAIN, REF_URL, ID) values ('e044230e-4bec-4a85-a3f4-1696dae745f3', 0, 'admin', TIMESTAMP '2014-02-06 10:34:38.883', 'admin', TIMESTAMP '2014-02-06 10:34:38.883', 'kuali.atp.2014Winter', '2acda501-2afd-4b9e-b08f-76d97c038024', '', '', 'Courses with Lecture only', 'kuali.lui.format.offering.state.draft', 'kuali.lui.type.course.format.offering', '', '', 'Lecture Only', 'Courses with Lecture only', '', 'bb98a3ed-cf52-4068-bb2d-e3d3179ade28')
/
insert into KSEN_LUI_ATTR (OBJ_ID, ATTR_KEY, OWNER_ID, ATTR_VALUE, ID) values ('ab2d224e-6241-4bd0-a5a6-373f55ccc9f4', 'regCodePrefix', 'bb98a3ed-cf52-4068-bb2d-e3d3179ade28', '1', '29b57969-1abe-40f9-b191-faeba97da555')
/
insert into KSEN_LUI_ATTR (OBJ_ID, ATTR_KEY, OWNER_ID, ATTR_VALUE, ID) values ('5ee911da-ec8e-4ff1-b21c-dbaf747adc92', 'kuali.attribute.final.exam.level.type', 'bb98a3ed-cf52-4068-bb2d-e3d3179ade28', 'kuali.lu.type.activity.Lecture', '5108d58e-113c-4caa-adb4-254caeded95a')
/
insert into KSEN_LUI_ATTR (OBJ_ID, ATTR_KEY, OWNER_ID, ATTR_VALUE, ID) values ('718cd35a-bfd0-4dc5-a0fb-f91d36d7e26f', 'kuali.attribute.grade.roster.level.type.key', 'bb98a3ed-cf52-4068-bb2d-e3d3179ade28', 'kuali.lui.type.activity.offering.lecture', 'cf19bd59-034f-4efc-8fd6-01ae7a0c0f3f')
/
insert into KSEN_LUI_IDENT (OBJ_ID, VER_NBR, CREATEID, CREATETIME, UPDATEID, UPDATETIME, LUI_CD, DIVISION, IDENT_LEVEL, LNG_NAME, LUI_ID, ORGID, SHRT_NAME, LUI_ID_STATE, SUFX_CD, LUI_ID_TYPE, VARTN, ID) values ('cd43eb8f-4565-4324-9870-546141f34c6d', 0, 'admin', TIMESTAMP '2014-02-06 10:34:38.883', 'admin', TIMESTAMP '2014-02-06 10:34:38.883', '', '', '', 'Lecture Only', 'bb98a3ed-cf52-4068-bb2d-e3d3179ade28', '', 'LEC', 'kuali.lui.identifier.state.active', '', 'kuali.lui.identifier.type.official', '', '4dfff8f3-47cb-4ab4-8e1d-d3a2252f1b04')
/
insert into KSEN_LUI_RELATED_LUI_TYPES (LUI_ID, RELATED_LUI_TYPE) values ('bb98a3ed-cf52-4068-bb2d-e3d3179ade28', 'kuali.lui.type.activity.offering.lecture')
/
insert into KSEN_LUILUI_RELTN (OBJ_ID, VER_NBR, CREATEID, CREATETIME, UPDATEID, UPDATETIME, EFF_DT, EXPIR_DT, DESCR_FORMATTED, LUI_ID, LUILUI_RELTN_STATE, LUILUI_RELTN_TYPE, NAME, DESCR_PLAIN, RELATED_LUI_ID, ID) values ('bc84b8bc-8a29-40be-be42-37607b568052', 0, 'admin', TIMESTAMP '2014-02-06 10:34:38.883', 'admin', TIMESTAMP '2014-02-06 10:34:38.883', TIMESTAMP '2014-02-06 10:36:19.121', '', 'HIST429G-CO-FO', 'd3c8b8a7-a130-46f3-bbf8-1a9dab619c10', 'kuali.lui.lui.relation.state.active', 'kuali.lui.lui.relation.type.deliveredvia.co2fo', 'co-fo-relation', 'HIST429G-CO-FO', 'bb98a3ed-cf52-4068-bb2d-e3d3179ade28', 'e3c65ea1-e4e7-4fb9-9d66-7f8ba6660a90')
/
insert into KSEN_LUI (OBJ_ID, VER_NBR, CREATEID, CREATETIME, UPDATEID, UPDATETIME, ATP_ID, CLU_ID, EFF_DT, EXPIR_DT, DESCR_FORMATTED, LUI_STATE, LUI_TYPE, MAX_SEATS, MIN_SEATS, NAME, DESCR_PLAIN, REF_URL, ID) values ('809b3b6d-01be-47b1-b330-966985e09a4e', 0, 'admin', TIMESTAMP '2014-02-06 10:34:38.883', 'admin', TIMESTAMP '2014-02-06 10:34:38.883', 'kuali.atp.2014Winter', 'b924f9c0-90f0-4eb0-a19e-ca064dc891e4', '', '', 'Courses with lecture', 'kuali.lui.activity.offering.state.draft', 'kuali.lui.type.activity.offering.lecture', 40, 40, 'Lecture', 'Courses with lecture', null, '3cd5edbf-9d61-461d-a7a6-6482d78a7c37')
/
insert into KSEN_LUI_ATTR (OBJ_ID, ATTR_KEY, OWNER_ID, ATTR_VALUE, ID) values ('f9aeab2a-f00f-4751-985f-5b458359067c', 'kuali.attribute.max.enrollment.is.estimate', '3cd5edbf-9d61-461d-a7a6-6482d78a7c37', 0, '4c40b4fe-e1cb-4441-a2eb-eea8b5f6765c')
/
insert into KSEN_LUI_ATTR (OBJ_ID, ATTR_KEY, OWNER_ID, ATTR_VALUE, ID) values ('9f4b64ec-53e5-4568-b8c6-563ec1fa8d98', 'kuali.attribute.nonstd.ts.indicator', '3cd5edbf-9d61-461d-a7a6-6482d78a7c37', 0, '14b255e4-e13d-4a0b-8004-b6ba9689809b')
/
insert into KSEN_LUI_ATTR (OBJ_ID, ATTR_KEY, OWNER_ID, ATTR_VALUE, ID) values ('1124a986-5cb7-42f5-b2d5-82bef151eec5', 'kuali.attribute.course.evaluation.indicator', '3cd5edbf-9d61-461d-a7a6-6482d78a7c37', 0, '903d4a27-b3ef-4813-95a4-d93ee9081963')
/
insert into KSEN_LUI_IDENT (OBJ_ID, VER_NBR, CREATEID, CREATETIME, UPDATEID, UPDATETIME, LUI_CD, DIVISION, IDENT_LEVEL, LNG_NAME, LUI_ID, ORGID, SHRT_NAME, LUI_ID_STATE, SUFX_CD, LUI_ID_TYPE, VARTN, ID) values ('878f4bc8-c995-4489-b3d7-b91dc08e71a5', 0, 'admin', TIMESTAMP '2014-02-06 10:34:38.883', 'admin', TIMESTAMP '2014-02-06 10:34:38.883', 'A', '', '', '', '3cd5edbf-9d61-461d-a7a6-6482d78a7c37', '', '', 'kuali.lui.identifier.state.active', '', 'kuali.lui.identifier.type.official', '', '485de95d-eb8e-4424-84d2-19e5e577ec6c')
/
insert into KSEN_LUI_LU_CD (OBJ_ID, VER_NBR, CREATEID, CREATETIME, UPDATEID, UPDATETIME, DESCR_FORMATTED, LUI_ID, DESCR_PLAIN, LUI_LUCD_TYPE, VALUE, ID) values ('095ffcd6-aa36-485a-8ac8-8f437fe15071', 0, 'admin', TIMESTAMP '2014-02-06 10:34:38.883', 'admin', TIMESTAMP '2014-02-06 10:34:38.883', '', '3cd5edbf-9d61-461d-a7a6-6482d78a7c37', '', 'kuali.lu.code.honorsOffering', 0, 'd6188218-bdc5-4443-b26d-9b17ac673f7d')
/
insert into KSEN_LPR (OBJ_ID, VER_NBR, CREATEID, CREATETIME, UPDATEID, UPDATETIME, ATP_ID, COMMIT_PERCT, CREDITS, EFF_DT, EXPIR_DT, GRADING_OPT_ID, LUI_ID, MASTER_LUI_ID, PERS_ID, LPR_STATE, LPR_TYPE, ID) values ('85a34213-5ec8-4261-a4ad-8da716bf187e', 0, 'admin', TIMESTAMP '2014-02-06 10:34:38.883', 'admin', TIMESTAMP '2014-02-06 10:34:38.883', '', '100.00', '', TIMESTAMP '2014-02-06 10:36:19.2', '', '', '3cd5edbf-9d61-461d-a7a6-6482d78a7c37', '', 'L.REALD', 'kuali.lpr.state.active', 'kuali.lpr.type.instructor.main', 'c0333cbe-b5c8-4b1b-8a7a-cda1a391422a')
/
insert into KSEN_LUILUI_RELTN (OBJ_ID, VER_NBR, CREATEID, CREATETIME, UPDATEID, UPDATETIME, EFF_DT, EXPIR_DT, DESCR_FORMATTED, LUI_ID, LUILUI_RELTN_STATE, LUILUI_RELTN_TYPE, NAME, DESCR_PLAIN, RELATED_LUI_ID, ID) values ('0a8f93c0-a77a-4e42-8aec-547ec10225ba', 0, 'admin', TIMESTAMP '2014-02-06 10:34:38.883', 'admin', TIMESTAMP '2014-02-06 10:34:38.883', TIMESTAMP '2014-02-06 10:36:19.252', '', 'HIST429G-FO-AO', 'bb98a3ed-cf52-4068-bb2d-e3d3179ade28', 'kuali.lui.lui.relation.state.active', 'kuali.lui.lui.relation.type.deliveredvia.fo2ao', 'fo-ao-relation', 'HIST429G-FO-AO', '3cd5edbf-9d61-461d-a7a6-6482d78a7c37', '24b9a56a-e4e5-491a-b625-28a91ed5ae6e')
/
insert into KSEN_SCHED_RQST_SET (OBJ_ID, VER_NBR, CREATEID, CREATETIME, UPDATEID, UPDATETIME, DESCR_FORMATTED, MAX_ENRL_SHARED_IND, MAX_ENRL, NAME, DESCR_PLAIN, REF_OBJECT_TYPE, SCHED_RQST_SET_STATE, SCHED_RQST_SET_TYPE, ID) values ('04f61233-f7c0-419c-bb35-39245ae4bb36', 0, 'admin', TIMESTAMP '2014-02-06 10:34:38.883', 'admin', TIMESTAMP '2014-02-06 10:34:38.883', '', 0, '', 'Schedule request set for HIST429G - A', '', 'http://student.kuali.org/wsdl/courseOffering/ActivityOfferingInfo', 'kuali.scheduling.schedule.request.set.state.created', 'kuali.scheduling.schedule.request.set.type.schedule.request.set', 'f9ed2311-1078-4919-9fe1-c99681fb1dfe')
/
insert into KSEN_SCHED_RQST (OBJ_ID, VER_NBR, CREATEID, CREATETIME, UPDATEID, UPDATETIME, DESCR_FORMATTED, NAME, DESCR_PLAIN, SCHED_RQST_STATE, SCHED_RQST_TYPE, SCHED_ID, SCHED_RQST_SET_ID, ID) values ('679d16e5-b158-4368-ae09-3bd1bc57be2d', 0, 'admin', TIMESTAMP '2014-02-06 10:34:38.883', 'admin', TIMESTAMP '2014-02-06 10:34:38.883', 'A Schedule Request for HIST429G section 0101', 'A Schedule Request for HIST429G section 0101', 'A Schedule Request for HIST429G section 0101', 'kuali.scheduling.schedule.request.state.created', 'kuali.scheduling.schedule.request.type.schedule.request', 'd2c71028-c2dc-443d-b51d-9426441b0111', 'f9ed2311-1078-4919-9fe1-c99681fb1dfe', 'dec08603-ef31-4022-b2b4-a0b4736e7b43')
/
insert into KSEN_SCHED_RQST_CMP (OBJ_ID, TBA_IND, SCHED_RQST_ID, ID) values ('68538062-6e57-4471-a140-8ba17964fc5d', 0, 'dec08603-ef31-4022-b2b4-a0b4736e7b43', '046706f4-dc45-4136-b35c-3ba0be4f3f5e')
/
insert into KSEN_SCHED_REF_OBJECT (SCHED_RQST_SET_ID, REF_OBJECT_ID) values ('f9ed2311-1078-4919-9fe1-c99681fb1dfe', '3cd5edbf-9d61-461d-a7a6-6482d78a7c37')
/
insert into KSEN_SCHED_RQST_CMP_BLDG (CMP_ID, BUILDING_ID) values ('046706f4-dc45-4136-b35c-3ba0be4f3f5e', 'ee115d93-579f-4c14-b3b1-917b820d14e1')
/
insert into KSEN_SCHED_RQST_CMP_ROOM (CMP_ID, ROOM_ID) values ('046706f4-dc45-4136-b35c-3ba0be4f3f5e', 'bde3fd74-77ee-4de2-9d55-7b4b1fb0f3ce')
/
insert into KSEN_SCHED_RQST_CMP_TMSLOT (CMP_ID, TM_SLOT_ID) values ('046706f4-dc45-4136-b35c-3ba0be4f3f5e', 'D101490C-1838-4029-A503-D8996C32093B')
/
insert into KSEN_CO_SEAT_POOL_DEFN (OBJ_ID, VER_NBR, CREATEID, CREATETIME, UPDATEID, UPDATETIME, ACTIVITY_OFFERING_ID, EXPIR_MSTONE_TYPE, PERCENTAGE_IND, NAME, POPULATION_ID, PROCESSING_PRIORITY, SEAT_LIMIT, SEAT_POOL_DEFN_STATE, SEAT_POOL_DEFN_TYPE, ID) values ('42a97708-33f1-48d3-a8da-deaebc2951c8', 1, 'admin', TIMESTAMP '2014-02-06 10:34:38.883', 'admin', TIMESTAMP '2014-02-06 10:34:38.883', '', 'kuali.atp.milestone.firstdayofclasses', 0, '400-level Athlete Seatpool', '1c2e7786-a2ab-4778-8e81-ea540c60b9b2', 1, 2, 'kuali.lui.capacity.state.active', 'kuali.lui.capacity.type.seatpool', '147e38c1-53a1-4e38-9fd4-b26cb332a7fd')
/
insert into KSEN_CO_SEAT_POOL_DEFN (OBJ_ID, VER_NBR, CREATEID, CREATETIME, UPDATEID, UPDATETIME, ACTIVITY_OFFERING_ID, EXPIR_MSTONE_TYPE, PERCENTAGE_IND, NAME, POPULATION_ID, PROCESSING_PRIORITY, SEAT_LIMIT, SEAT_POOL_DEFN_STATE, SEAT_POOL_DEFN_TYPE, ID) values ('237832ed-f797-4506-8e58-bb8fbae3756b', 1, 'admin', TIMESTAMP '2014-02-06 10:34:38.883', 'admin', TIMESTAMP '2014-02-06 10:34:38.883', '', 'kuali.atp.milestone.firstdayofclasses', 0, '400-level Junior Seatpool', '4bae9f12-5901-4db9-b4a8-4dcc20781db5', 2, 4, 'kuali.lui.capacity.state.active', 'kuali.lui.capacity.type.seatpool', '9e632203-35d5-444c-ad13-c7c972ef13b4')
/
update KSEN_CO_SEAT_POOL_DEFN set OBJ_ID='42a97708-33f1-48d3-a8da-deaebc2951c8', VER_NBR=2, UPDATEID='admin', UPDATETIME=TIMESTAMP '2014-02-06 10:34:38.883', ACTIVITY_OFFERING_ID='3cd5edbf-9d61-461d-a7a6-6482d78a7c37', EXPIR_MSTONE_TYPE='kuali.atp.milestone.firstdayofclasses', PERCENTAGE_IND=0, NAME='400-level Athlete Seatpool', POPULATION_ID='1c2e7786-a2ab-4778-8e81-ea540c60b9b2', PROCESSING_PRIORITY=1, SEAT_LIMIT=2, SEAT_POOL_DEFN_STATE='kuali.lui.capacity.state.active', SEAT_POOL_DEFN_TYPE='kuali.lui.capacity.type.seatpool' where ID='147e38c1-53a1-4e38-9fd4-b26cb332a7fd' and VER_NBR=1
/
insert into KSEN_CWL (OBJ_ID, VER_NBR, CREATEID, CREATETIME, UPDATEID, UPDATETIME, ALLOW_HOLD_UTIL_ENTRIES_IND, AUTO_PROCESSED_IND, CHECK_IN_REQ_IND, CONF_REQ_IND, EFF_DT, EXPIR_DT, MAX_SIZE, REG_IN_FIRST_AAO_IND, STD_DUR_TIME_QTY, STD_DUR_TYPE, CWL_STATE, CWL_TYPE, ID) values ('7965d859-24b7-4987-9670-d9d21b9556bc', 0, 'admin', TIMESTAMP '2014-02-06 10:34:38.883', 'admin', TIMESTAMP '2014-02-06 10:34:38.883', 1, 1, 0, 1, TIMESTAMP '2013-01-02 00:00:00.0', '', '', 1, '', '', 'kuali.course.waitlist.state.active', 'kuali.course.waitlist.type.course.waitlist', 'b1f47ea2-c0ae-47d3-88bd-12e98e651579')
/
update KSEN_CO_SEAT_POOL_DEFN set OBJ_ID='237832ed-f797-4506-8e58-bb8fbae3756b', VER_NBR=2, UPDATEID='admin', UPDATETIME=TIMESTAMP '2014-02-06 10:34:38.883', ACTIVITY_OFFERING_ID='3cd5edbf-9d61-461d-a7a6-6482d78a7c37', EXPIR_MSTONE_TYPE='kuali.atp.milestone.firstdayofclasses', PERCENTAGE_IND=0, NAME='400-level Junior Seatpool', POPULATION_ID='4bae9f12-5901-4db9-b4a8-4dcc20781db5', PROCESSING_PRIORITY=2, SEAT_LIMIT=4, SEAT_POOL_DEFN_STATE='kuali.lui.capacity.state.active', SEAT_POOL_DEFN_TYPE='kuali.lui.capacity.type.seatpool' where ID='9e632203-35d5-444c-ad13-c7c972ef13b4' and VER_NBR=1
/
insert into KSEN_CWL_ACTIV_OFFER (CWL_ID, ACTIV_OFFER_ID) values ('b1f47ea2-c0ae-47d3-88bd-12e98e651579', '3cd5edbf-9d61-461d-a7a6-6482d78a7c37')
/
insert into KSEN_CWL_FORMAT_OFFER (CWL_ID, FORMAT_OFFER_ID) values ('b1f47ea2-c0ae-47d3-88bd-12e98e651579', 'bb98a3ed-cf52-4068-bb2d-e3d3179ade28')
/
insert into KSEN_CO_AO_CLUSTER (OBJ_ID, VER_NBR, CREATEID, CREATETIME, UPDATEID, UPDATETIME, AO_CLUSTER_STATE, AO_CLUSTER_TYPE, DESCR_FORMATTED, DESCR_PLAIN, FORMAT_OFFERING_ID, NAME, PRIVATE_NAME, ID) values ('aa34411c-b54d-4631-8510-9d4df46aabb3', 0, 'admin', TIMESTAMP '2014-02-06 10:34:38.883', 'admin', TIMESTAMP '2014-02-06 10:34:38.883', 'kuali.activity.offering.cluster.state.active', 'kuali.activity.offering.cluster.type.activity.offering.cluster', '', '', 'bb98a3ed-cf52-4068-bb2d-e3d3179ade28', 'CL 1', 'CL 1', '0de7e8a9-cd8b-4d8e-bd24-11f8b6a523a6')
/
insert into KSEN_CO_AO_CLUSTER_SET (OBJ_ID, ACTIVITY_OFFERING_TYPE, AO_CLUSTER_ID, ID) values ('cbba11a8-0f19-49aa-b920-367ac8a10635', 'kuali.lui.type.activity.offering.lecture', '0de7e8a9-cd8b-4d8e-bd24-11f8b6a523a6', '66b46366-fd0d-4956-b90d-bed7dd1247ba')
/
insert into KSEN_CO_AO_CLUSTER_SET_AO (AOC_SET_ID, ACTIVITY_OFFERING_ID) values ('66b46366-fd0d-4956-b90d-bed7dd1247ba', '3cd5edbf-9d61-461d-a7a6-6482d78a7c37')
/
update KSEN_CO_AO_CLUSTER_SET set AO_CLUSTER_ID='0de7e8a9-cd8b-4d8e-bd24-11f8b6a523a6' where ID='66b46366-fd0d-4956-b90d-bed7dd1247ba'
/
insert into KSEN_LUI (OBJ_ID, VER_NBR, CREATEID, CREATETIME, UPDATEID, UPDATETIME, ATP_ID, CLU_ID, EFF_DT, EXPIR_DT, DESCR_FORMATTED, LUI_STATE, LUI_TYPE, MAX_SEATS, MIN_SEATS, NAME, DESCR_PLAIN, REF_URL, ID) values ('e6587a77-e55f-4836-96bf-1ea277d7bc63', 0, 'admin', TIMESTAMP '2014-02-06 10:34:38.883', 'admin', TIMESTAMP '2014-02-06 10:34:38.883', 'kuali.atp.2014Winter', '2acda501-2afd-4b9e-b08f-76d97c038024', '', '', '1001', 'kuali.lui.registration.group.state.pending', 'kuali.lui.type.registration.group', '', '', '1001', '1001', '', '1bb04cae-adf5-43d6-aa49-ce29716a9351')
/
insert into KSEN_LUI_ATTR (OBJ_ID, ATTR_KEY, OWNER_ID, ATTR_VALUE, ID) values ('783b058b-0eb7-4c41-addd-0788f502a99a', 'kuali.attribute.registration.group.aocluster.id', '1bb04cae-adf5-43d6-aa49-ce29716a9351', '0de7e8a9-cd8b-4d8e-bd24-11f8b6a523a6', '7bac3cac-ea04-4ceb-943b-5240f9681d28')
/
insert into KSEN_LUI_ATTR (OBJ_ID, ATTR_KEY, OWNER_ID, ATTR_VALUE, ID) values ('b2f1de32-59b0-42d5-92d4-628c20eb8ecb', 'kuali.attribute.registration.group.is.generated', '1bb04cae-adf5-43d6-aa49-ce29716a9351', 1, '8adf9a0a-c10b-4698-8ff3-a7d0a67067e6')
/
insert into KSEN_LUI_IDENT (OBJ_ID, VER_NBR, CREATEID, CREATETIME, UPDATEID, UPDATETIME, LUI_CD, DIVISION, IDENT_LEVEL, LNG_NAME, LUI_ID, ORGID, SHRT_NAME, LUI_ID_STATE, SUFX_CD, LUI_ID_TYPE, VARTN, ID) values ('07f27db6-7816-48b5-977d-de7e337ae05d', 0, 'admin', TIMESTAMP '2014-02-06 10:34:38.883', 'admin', TIMESTAMP '2014-02-06 10:34:38.883', '', '', '', '', '1bb04cae-adf5-43d6-aa49-ce29716a9351', '', '', 'kuali.lui.identifier.state.active', '', 'kuali.lui.identifier.type.official', '', '627e1d67-1afc-4053-a2e5-3da28d392538')
/
insert into KSEN_LUILUI_RELTN (OBJ_ID, VER_NBR, CREATEID, CREATETIME, UPDATEID, UPDATETIME, EFF_DT, EXPIR_DT, DESCR_FORMATTED, LUI_ID, LUILUI_RELTN_STATE, LUILUI_RELTN_TYPE, NAME, DESCR_PLAIN, RELATED_LUI_ID, ID) values ('07cb01bb-ecf8-4262-a628-db099ae439d2', 0, 'admin', TIMESTAMP '2014-02-06 10:34:38.883', 'admin', TIMESTAMP '2014-02-06 10:34:38.883', TIMESTAMP '2014-02-06 10:36:19.719', '', 'HIST429G-FO-RG', 'bb98a3ed-cf52-4068-bb2d-e3d3179ade28', 'kuali.lui.lui.relation.state.active', 'kuali.lui.lui.relation.type.deliveredvia.fo2rg', 'fo-rg-relation', 'HIST429G-FO-RG', '1bb04cae-adf5-43d6-aa49-ce29716a9351', '126a79d2-2873-43dc-8aa9-4c1630fd6b61')
/
insert into KSEN_LUILUI_RELTN (OBJ_ID, VER_NBR, CREATEID, CREATETIME, UPDATEID, UPDATETIME, EFF_DT, EXPIR_DT, DESCR_FORMATTED, LUI_ID, LUILUI_RELTN_STATE, LUILUI_RELTN_TYPE, NAME, DESCR_PLAIN, RELATED_LUI_ID, ID) values ('98d16921-1c23-4f9d-a72b-2e7a03baa547', 0, 'admin', TIMESTAMP '2014-02-06 10:34:38.883', 'admin', TIMESTAMP '2014-02-06 10:34:38.883', TIMESTAMP '2014-02-06 10:36:19.729', '', 'HIST429G-RG-AO', '1bb04cae-adf5-43d6-aa49-ce29716a9351', 'kuali.lui.lui.relation.state.active', 'kuali.lui.lui.relation.type.registeredforvia.rg2ao', 'rg-ao-relation', 'HIST429G-RG-AO', '3cd5edbf-9d61-461d-a7a6-6482d78a7c37', '36f163c7-3ac0-408f-9dbf-240fd0ed7637')
/
insert into KSEN_LUI (OBJ_ID, VER_NBR, CREATEID, CREATETIME, UPDATEID, UPDATETIME, ATP_ID, CLU_ID, EFF_DT, EXPIR_DT, DESCR_FORMATTED, LUI_STATE, LUI_TYPE, MAX_SEATS, MIN_SEATS, NAME, DESCR_PLAIN, REF_URL, ID) values ('742bf137-4b9f-4b76-9d43-a12417f7fad9', 0, 'admin', TIMESTAMP '2014-02-06 10:34:38.883', 'admin', TIMESTAMP '2014-02-06 10:34:38.883', 'kuali.atp.2014Winter', 'CLUID-WMST698-199008000000', TIMESTAMP '2014-01-02 00:00:00.0', '', 'Advanced worik in selected topics in Women''s Studies.', 'kuali.lui.course.offering.state.draft', 'kuali.lui.type.course.offering', '', '', 'WMST698R CO', 'Advanced worik in selected topics in Women''s Studies.', null, 'dc1fce7a-f700-496e-9ee2-dbcc0b7d3fd8')
/
insert into KSEN_LUI_ATTR (OBJ_ID, ATTR_KEY, OWNER_ID, ATTR_VALUE, ID) values ('11bccd18-8302-4780-aee3-4498d34e7be8', 'kuali.attribute.wait.list.type.key', 'dc1fce7a-f700-496e-9ee2-dbcc0b7d3fd8', null, '46703940-71b3-412a-b09f-f50803b5a89f')
/
insert into KSEN_LUI_ATTR (OBJ_ID, ATTR_KEY, OWNER_ID, ATTR_VALUE, ID) values ('ffbe7f5e-c48b-4995-9e84-aba92c96ab63', 'kuali.attribute.course.number.internal.suffix', 'dc1fce7a-f700-496e-9ee2-dbcc0b7d3fd8', 'A', '0e754805-c2f2-49ed-b667-d6007d7b1be4')
/
insert into KSEN_LUI_ATTR (OBJ_ID, ATTR_KEY, OWNER_ID, ATTR_VALUE, ID) values ('22ee178e-471c-40c3-a335-c4763b3a6d26', 'kuali.attribute.wait.list.indicator', 'dc1fce7a-f700-496e-9ee2-dbcc0b7d3fd8', 1, 'a41e09df-c8af-4ea9-b44d-53682d0b3fce')
/
insert into KSEN_LUI_ATTR (OBJ_ID, ATTR_KEY, OWNER_ID, ATTR_VALUE, ID) values ('e1f5e739-8d1a-4ebc-a8c9-fa79cf46cd32', 'kuali.attribute.final.exam.use.matrix', 'dc1fce7a-f700-496e-9ee2-dbcc0b7d3fd8', 1, '12434315-5e0a-42de-96c1-4ee3f8db9b0f')
/
insert into KSEN_LUI_ATTR (OBJ_ID, ATTR_KEY, OWNER_ID, ATTR_VALUE, ID) values ('ea881368-9963-46cd-b373-a82e24250e90', 'kuali.attribute.final.exam.driver', 'dc1fce7a-f700-496e-9ee2-dbcc0b7d3fd8', 'kuali.lu.exam.driver.ActivityOffering', '96b62742-c599-4def-88ec-8208a75e92d0')
/
insert into KSEN_LUI_ATTR (OBJ_ID, ATTR_KEY, OWNER_ID, ATTR_VALUE, ID) values ('2408f517-a1fb-43bc-86b4-f0b20180fa8a', 'kuali.attribute.wait.list.level.type.key', 'dc1fce7a-f700-496e-9ee2-dbcc0b7d3fd8', 'AO', '2b850f12-2f22-482f-acb2-21927a099628')
/
insert into KSEN_LUI_ATTR (OBJ_ID, ATTR_KEY, OWNER_ID, ATTR_VALUE, ID) values ('af0915cb-2a1f-424a-8827-2e4c6455b736', 'kuali.attribute.where.fees.attached.flag', 'dc1fce7a-f700-496e-9ee2-dbcc0b7d3fd8', 0, 'f0ad9dae-e5d9-44a9-b1b4-8dcc0063064c')
/
insert into KSEN_LUI_ATTR (OBJ_ID, ATTR_KEY, OWNER_ID, ATTR_VALUE, ID) values ('1650b464-4872-412e-9c7f-e2b06976937d', 'kuali.attribute.funding.source', 'dc1fce7a-f700-496e-9ee2-dbcc0b7d3fd8', '', '161c3019-b17e-46b1-bcc8-90f4026e8a42')
/
insert into KSEN_LUI_ATTR (OBJ_ID, ATTR_KEY, OWNER_ID, ATTR_VALUE, ID) values ('0a4c1a20-6394-4cfb-95c5-c09717df3fbb', 'kuali.attribute.final.exam.indicator', 'dc1fce7a-f700-496e-9ee2-dbcc0b7d3fd8', 'STANDARD', '049f456d-5daf-49b4-9262-96e1d53aafd1')
/
insert into KSEN_LUI_ATTR (OBJ_ID, ATTR_KEY, OWNER_ID, ATTR_VALUE, ID) values ('4d2fb431-3bf4-4b19-91b0-5eab44400fd4', 'kuali.attribute.course.evaluation.indicator', 'dc1fce7a-f700-496e-9ee2-dbcc0b7d3fd8', 0, '44ef7c2e-8ef8-4a8d-8815-e545447a0afe')
/
insert into KSEN_LUI_IDENT (OBJ_ID, VER_NBR, CREATEID, CREATETIME, UPDATEID, UPDATETIME, LUI_CD, DIVISION, IDENT_LEVEL, LNG_NAME, LUI_ID, ORGID, SHRT_NAME, LUI_ID_STATE, SUFX_CD, LUI_ID_TYPE, VARTN, ID) values ('7dd1a34c-b413-4144-85d5-686c2fb0ca01', 0, 'admin', TIMESTAMP '2014-02-06 10:34:38.883', 'admin', TIMESTAMP '2014-02-06 10:34:38.883', 'WMST698R', 'WMST', '', 'Special Topics in Women''s Studies', 'dc1fce7a-f700-496e-9ee2-dbcc0b7d3fd8', '', '', 'kuali.lui.identifier.state.active', 'R', 'kuali.lui.identifier.type.official', '', 'eb6e0660-09aa-4e3d-bfe4-32d23d8355c7')
/
insert into KSEN_LUI_LU_CD (OBJ_ID, VER_NBR, CREATEID, CREATETIME, UPDATEID, UPDATETIME, DESCR_FORMATTED, LUI_ID, DESCR_PLAIN, LUI_LUCD_TYPE, VALUE, ID) values ('c7fdc319-3a64-4000-8616-be7d3e21e4c6', 0, 'admin', TIMESTAMP '2014-02-06 10:34:38.883', 'admin', TIMESTAMP '2014-02-06 10:34:38.883', '', 'dc1fce7a-f700-496e-9ee2-dbcc0b7d3fd8', '', 'kuali.lu.code.honorsOffering', '', '279c34de-abe6-4c41-bc32-4a09f65044be')
/
insert into KSEN_LUI_UNITS_DEPLOYMENT (LUI_ID, ORG_ID, ID) values ('dc1fce7a-f700-496e-9ee2-dbcc0b7d3fd8', '4014660630', 'b076ede8-b2e5-4d78-952b-d7d80f1cbc2c')
/
insert into KSEN_LUI_UNITS_CONT_OWNER (LUI_ID, ORG_ID) values ('dc1fce7a-f700-496e-9ee2-dbcc0b7d3fd8', '4014660630')
/
insert into KSEN_LUI_RESULT_VAL_GRP (LUI_ID, RESULT_VAL_GRP_ID) values ('dc1fce7a-f700-496e-9ee2-dbcc0b7d3fd8', 'kuali.resultComponent.grade.letter')
/
insert into KSEN_LUI_RESULT_VAL_GRP (LUI_ID, RESULT_VAL_GRP_ID) values ('dc1fce7a-f700-496e-9ee2-dbcc0b7d3fd8', 'kuali.resultComponent.grade.audit')
/
insert into KSEN_LUI_RESULT_VAL_GRP (LUI_ID, RESULT_VAL_GRP_ID) values ('dc1fce7a-f700-496e-9ee2-dbcc0b7d3fd8', 'kuali.creditType.credit.degree.1.0,1.5,2.0,2.5,3.0')
/
insert into KSEN_LUI (OBJ_ID, VER_NBR, CREATEID, CREATETIME, UPDATEID, UPDATETIME, ATP_ID, CLU_ID, EFF_DT, EXPIR_DT, DESCR_FORMATTED, LUI_STATE, LUI_TYPE, MAX_SEATS, MIN_SEATS, NAME, DESCR_PLAIN, REF_URL, ID) values ('abdc7581-7eec-4b6b-b247-d97ba22f4cf4', 0, 'admin', TIMESTAMP '2014-02-06 10:34:38.883', 'admin', TIMESTAMP '2014-02-06 10:34:38.883', 'kuali.atp.2014Winter', 'c0e2e9e4-ef2c-40c1-8a69-6b8a268207c2', '', '', 'Courses with Lecture only', 'kuali.lui.format.offering.state.draft', 'kuali.lui.type.course.format.offering', '', '', 'Lecture Only', 'Courses with Lecture only', '', '21e393c2-910a-4cb7-9b81-5387a43ec610')
/
insert into KSEN_LUI_ATTR (OBJ_ID, ATTR_KEY, OWNER_ID, ATTR_VALUE, ID) values ('c9dbbda9-2f10-4b04-9cfc-57f9d3f1330a', 'regCodePrefix', '21e393c2-910a-4cb7-9b81-5387a43ec610', '1', 'd85d898f-efc5-490f-b8f4-174d8324372c')
/
insert into KSEN_LUI_ATTR (OBJ_ID, ATTR_KEY, OWNER_ID, ATTR_VALUE, ID) values ('60229b5f-16a5-422a-af94-5069a02336a5', 'kuali.attribute.grade.roster.level.type.key', '21e393c2-910a-4cb7-9b81-5387a43ec610', 'kuali.lui.type.activity.offering.lecture', '9fd241ed-63c2-4891-b452-28f6e1f1f396')
/
insert into KSEN_LUI_ATTR (OBJ_ID, ATTR_KEY, OWNER_ID, ATTR_VALUE, ID) values ('29b039b6-31ba-4092-b15a-9b252ff3e664', 'kuali.attribute.final.exam.level.type', '21e393c2-910a-4cb7-9b81-5387a43ec610', 'kuali.lu.type.activity.Lecture', 'c5d2b515-d99a-4200-8a5d-9eccd25fbe55')
/
insert into KSEN_LUI_IDENT (OBJ_ID, VER_NBR, CREATEID, CREATETIME, UPDATEID, UPDATETIME, LUI_CD, DIVISION, IDENT_LEVEL, LNG_NAME, LUI_ID, ORGID, SHRT_NAME, LUI_ID_STATE, SUFX_CD, LUI_ID_TYPE, VARTN, ID) values ('50fa445a-aeb4-4cba-829d-0bc262549205', 0, 'admin', TIMESTAMP '2014-02-06 10:34:38.883', 'admin', TIMESTAMP '2014-02-06 10:34:38.883', '', '', '', 'Lecture Only', '21e393c2-910a-4cb7-9b81-5387a43ec610', '', 'LEC', 'kuali.lui.identifier.state.active', '', 'kuali.lui.identifier.type.official', '', 'd675561f-4963-4853-8772-00ba34cc74e7')
/
insert into KSEN_LUI_RELATED_LUI_TYPES (LUI_ID, RELATED_LUI_TYPE) values ('21e393c2-910a-4cb7-9b81-5387a43ec610', 'kuali.lui.type.activity.offering.lecture')
/
insert into KSEN_LUILUI_RELTN (OBJ_ID, VER_NBR, CREATEID, CREATETIME, UPDATEID, UPDATETIME, EFF_DT, EXPIR_DT, DESCR_FORMATTED, LUI_ID, LUILUI_RELTN_STATE, LUILUI_RELTN_TYPE, NAME, DESCR_PLAIN, RELATED_LUI_ID, ID) values ('94cc4faf-5d7d-4042-8dbc-62679214b435', 0, 'admin', TIMESTAMP '2014-02-06 10:34:38.883', 'admin', TIMESTAMP '2014-02-06 10:34:38.883', TIMESTAMP '2014-02-06 10:36:22.11', '', 'WMST698R-CO-FO', 'dc1fce7a-f700-496e-9ee2-dbcc0b7d3fd8', 'kuali.lui.lui.relation.state.active', 'kuali.lui.lui.relation.type.deliveredvia.co2fo', 'co-fo-relation', 'WMST698R-CO-FO', '21e393c2-910a-4cb7-9b81-5387a43ec610', 'f9c67d25-5f3b-465c-b9a1-89bb0d6379cd')
/
insert into KSEN_LUI (OBJ_ID, VER_NBR, CREATEID, CREATETIME, UPDATEID, UPDATETIME, ATP_ID, CLU_ID, EFF_DT, EXPIR_DT, DESCR_FORMATTED, LUI_STATE, LUI_TYPE, MAX_SEATS, MIN_SEATS, NAME, DESCR_PLAIN, REF_URL, ID) values ('f42061a7-dff8-4092-ac28-0189cb8b1df4', 0, 'admin', TIMESTAMP '2014-02-06 10:34:38.883', 'admin', TIMESTAMP '2014-02-06 10:34:38.883', 'kuali.atp.2014Winter', '23b9ac95-4555-4d33-a802-97a6206bcd83', '', '', 'Courses with lecture', 'kuali.lui.activity.offering.state.draft', 'kuali.lui.type.activity.offering.lecture', 15, 15, 'Lecture', 'Courses with lecture', null, '245228f6-e6b8-4031-8794-38de26458d26')
/
insert into KSEN_LUI_ATTR (OBJ_ID, ATTR_KEY, OWNER_ID, ATTR_VALUE, ID) values ('c96f9dbe-d9fd-4ce6-bb3c-aae530bef0d5', 'kuali.attribute.course.evaluation.indicator', '245228f6-e6b8-4031-8794-38de26458d26', 0, '39458474-a165-42a1-ad9f-d429ccee6e3c')
/
insert into KSEN_LUI_ATTR (OBJ_ID, ATTR_KEY, OWNER_ID, ATTR_VALUE, ID) values ('80394e9f-c30e-4c93-b8d9-60209dcbd27d', 'kuali.attribute.max.enrollment.is.estimate', '245228f6-e6b8-4031-8794-38de26458d26', 0, '014b402f-419f-472c-8acb-4e8af620e363')
/
insert into KSEN_LUI_ATTR (OBJ_ID, ATTR_KEY, OWNER_ID, ATTR_VALUE, ID) values ('5881421a-9aee-49c1-9b64-01acb559d7c6', 'kuali.attribute.nonstd.ts.indicator', '245228f6-e6b8-4031-8794-38de26458d26', 0, '5e1f8de6-32fa-4d1c-8402-2b1fa23dd3eb')
/
insert into KSEN_LUI_IDENT (OBJ_ID, VER_NBR, CREATEID, CREATETIME, UPDATEID, UPDATETIME, LUI_CD, DIVISION, IDENT_LEVEL, LNG_NAME, LUI_ID, ORGID, SHRT_NAME, LUI_ID_STATE, SUFX_CD, LUI_ID_TYPE, VARTN, ID) values ('17b20c25-75a3-43e9-82b7-404a018ab081', 0, 'admin', TIMESTAMP '2014-02-06 10:34:38.883', 'admin', TIMESTAMP '2014-02-06 10:34:38.883', 'A', '', '', '', '245228f6-e6b8-4031-8794-38de26458d26', '', '', 'kuali.lui.identifier.state.active', '', 'kuali.lui.identifier.type.official', '', '3afc64d8-2413-463d-a680-835b1b0474a2')
/
insert into KSEN_LUI_LU_CD (OBJ_ID, VER_NBR, CREATEID, CREATETIME, UPDATEID, UPDATETIME, DESCR_FORMATTED, LUI_ID, DESCR_PLAIN, LUI_LUCD_TYPE, VALUE, ID) values ('a0f0316a-c245-435c-ad84-998faedb1950', 0, 'admin', TIMESTAMP '2014-02-06 10:34:38.883', 'admin', TIMESTAMP '2014-02-06 10:34:38.883', '', '245228f6-e6b8-4031-8794-38de26458d26', '', 'kuali.lu.code.honorsOffering', 0, 'df25e0cf-bb54-4fee-8d28-9e95b7a10665')
/
insert into KSEN_LPR (OBJ_ID, VER_NBR, CREATEID, CREATETIME, UPDATEID, UPDATETIME, ATP_ID, COMMIT_PERCT, CREDITS, EFF_DT, EXPIR_DT, GRADING_OPT_ID, LUI_ID, MASTER_LUI_ID, PERS_ID, LPR_STATE, LPR_TYPE, ID) values ('ca314cf0-a234-4c5c-9d18-579fc6d0485f', 0, 'admin', TIMESTAMP '2014-02-06 10:34:38.883', 'admin', TIMESTAMP '2014-02-06 10:34:38.883', '', '100.00', '', TIMESTAMP '2014-02-06 10:36:22.211', '', '', '245228f6-e6b8-4031-8794-38de26458d26', '', 'B.LOUISG', 'kuali.lpr.state.active', 'kuali.lpr.type.instructor.main', 'bdf75c0a-bf21-41de-a7aa-5d7abbcd2a03')
/
insert into KSEN_LUILUI_RELTN (OBJ_ID, VER_NBR, CREATEID, CREATETIME, UPDATEID, UPDATETIME, EFF_DT, EXPIR_DT, DESCR_FORMATTED, LUI_ID, LUILUI_RELTN_STATE, LUILUI_RELTN_TYPE, NAME, DESCR_PLAIN, RELATED_LUI_ID, ID) values ('c3849671-4d71-4556-aded-a3d157850b7a', 0, 'admin', TIMESTAMP '2014-02-06 10:34:38.883', 'admin', TIMESTAMP '2014-02-06 10:34:38.883', TIMESTAMP '2014-02-06 10:36:22.263', '', 'WMST698R-FO-AO', '21e393c2-910a-4cb7-9b81-5387a43ec610', 'kuali.lui.lui.relation.state.active', 'kuali.lui.lui.relation.type.deliveredvia.fo2ao', 'fo-ao-relation', 'WMST698R-FO-AO', '245228f6-e6b8-4031-8794-38de26458d26', '1e4503ac-913b-4e50-9f4c-0e00a83295f9')
/
insert into KSEN_SCHED_RQST_SET (OBJ_ID, VER_NBR, CREATEID, CREATETIME, UPDATEID, UPDATETIME, DESCR_FORMATTED, MAX_ENRL_SHARED_IND, MAX_ENRL, NAME, DESCR_PLAIN, REF_OBJECT_TYPE, SCHED_RQST_SET_STATE, SCHED_RQST_SET_TYPE, ID) values ('6d6c11c2-b6e8-4f36-a097-bc104ed5721c', 0, 'admin', TIMESTAMP '2014-02-06 10:34:38.883', 'admin', TIMESTAMP '2014-02-06 10:34:38.883', '', 0, '', 'Schedule request set for WMST698R - A', '', 'http://student.kuali.org/wsdl/courseOffering/ActivityOfferingInfo', 'kuali.scheduling.schedule.request.set.state.created', 'kuali.scheduling.schedule.request.set.type.schedule.request.set', '7428bc5d-7f60-4172-a4cb-99bc89645def')
/
insert into KSEN_SCHED_RQST (OBJ_ID, VER_NBR, CREATEID, CREATETIME, UPDATEID, UPDATETIME, DESCR_FORMATTED, NAME, DESCR_PLAIN, SCHED_RQST_STATE, SCHED_RQST_TYPE, SCHED_ID, SCHED_RQST_SET_ID, ID) values ('be4b738e-9d5f-4be5-8474-05842bd64f8e', 0, 'admin', TIMESTAMP '2014-02-06 10:34:38.883', 'admin', TIMESTAMP '2014-02-06 10:34:38.883', 'A Schedule Request for WMST698R section HY11', 'A Schedule Request for WMST698R section HY11', 'A Schedule Request for WMST698R section HY11', 'kuali.scheduling.schedule.request.state.created', 'kuali.scheduling.schedule.request.type.schedule.request', 'a689f63c-bbb8-4117-995f-f1e932fc42ff', '7428bc5d-7f60-4172-a4cb-99bc89645def', '39610113-60fd-4b68-8e84-4ff9a667094b')
/
insert into KSEN_SCHED_RQST_CMP (OBJ_ID, TBA_IND, SCHED_RQST_ID, ID) values ('f82e0c85-b8bd-468d-8ce1-7f5c3f158388', 0, '39610113-60fd-4b68-8e84-4ff9a667094b', '115d4141-ce00-401d-b53f-672083771c55')
/
insert into KSEN_SCHED_REF_OBJECT (SCHED_RQST_SET_ID, REF_OBJECT_ID) values ('7428bc5d-7f60-4172-a4cb-99bc89645def', '245228f6-e6b8-4031-8794-38de26458d26')
/
insert into KSEN_SCHED_RQST_CMP_BLDG (CMP_ID, BUILDING_ID) values ('115d4141-ce00-401d-b53f-672083771c55', '9a171e1e-dde4-4095-8fc9-b8fde0da485e')
/
insert into KSEN_SCHED_RQST_CMP_ROOM (CMP_ID, ROOM_ID) values ('115d4141-ce00-401d-b53f-672083771c55', '3228d416-6a16-4c95-9fa6-ab16a1599b01')
/
insert into KSEN_SCHED_RQST_CMP_TMSLOT (CMP_ID, TM_SLOT_ID) values ('115d4141-ce00-401d-b53f-672083771c55', '1F460F72-20C3-4DED-8289-95F23D2AB4F2')
/
insert into KSEN_CWL (OBJ_ID, VER_NBR, CREATEID, CREATETIME, UPDATEID, UPDATETIME, ALLOW_HOLD_UTIL_ENTRIES_IND, AUTO_PROCESSED_IND, CHECK_IN_REQ_IND, CONF_REQ_IND, EFF_DT, EXPIR_DT, MAX_SIZE, REG_IN_FIRST_AAO_IND, STD_DUR_TIME_QTY, STD_DUR_TYPE, CWL_STATE, CWL_TYPE, ID) values ('5290983a-7734-4120-ad7a-51c36fdf62d0', 0, 'admin', TIMESTAMP '2014-02-06 10:34:38.883', 'admin', TIMESTAMP '2014-02-06 10:34:38.883', 1, 1, 0, 1, TIMESTAMP '2013-01-02 00:00:00.0', '', '', 1, '', '', 'kuali.course.waitlist.state.active', 'kuali.course.waitlist.type.course.waitlist', '5382215f-c177-4c6e-a31c-6b29cfa91daa')
/
insert into KSEN_CWL_ACTIV_OFFER (CWL_ID, ACTIV_OFFER_ID) values ('5382215f-c177-4c6e-a31c-6b29cfa91daa', '245228f6-e6b8-4031-8794-38de26458d26')
/
insert into KSEN_CWL_FORMAT_OFFER (CWL_ID, FORMAT_OFFER_ID) values ('5382215f-c177-4c6e-a31c-6b29cfa91daa', '21e393c2-910a-4cb7-9b81-5387a43ec610')
/
insert into KSEN_LUI (OBJ_ID, VER_NBR, CREATEID, CREATETIME, UPDATEID, UPDATETIME, ATP_ID, CLU_ID, EFF_DT, EXPIR_DT, DESCR_FORMATTED, LUI_STATE, LUI_TYPE, MAX_SEATS, MIN_SEATS, NAME, DESCR_PLAIN, REF_URL, ID) values ('4ff3aad3-8185-4030-885a-ca1ea62735de', 0, 'admin', TIMESTAMP '2014-02-06 10:34:38.883', 'admin', TIMESTAMP '2014-02-06 10:34:38.883', 'kuali.atp.2014Winter', '62008487-a82a-4149-8660-3a1579a662f6', '', '', 'Courses with lecture', 'kuali.lui.activity.offering.state.draft', 'kuali.lui.type.activity.offering.lecture', 15, 15, 'Lecture', 'Courses with lecture', null, '488a5b52-3a1e-4952-8797-bc65b4d17c70')
/
insert into KSEN_LUI_ATTR (OBJ_ID, ATTR_KEY, OWNER_ID, ATTR_VALUE, ID) values ('cfe3e474-48f1-4336-9866-6b1605274994', 'kuali.attribute.course.evaluation.indicator', '488a5b52-3a1e-4952-8797-bc65b4d17c70', 0, '595981f2-2faf-4994-9757-a14cf62fca87')
/
insert into KSEN_LUI_ATTR (OBJ_ID, ATTR_KEY, OWNER_ID, ATTR_VALUE, ID) values ('10e36006-1118-4e76-9182-1dd19ee1d847', 'kuali.attribute.nonstd.ts.indicator', '488a5b52-3a1e-4952-8797-bc65b4d17c70', 0, '73904979-3f72-4ee9-9f3c-54a15af25ce4')
/
insert into KSEN_LUI_ATTR (OBJ_ID, ATTR_KEY, OWNER_ID, ATTR_VALUE, ID) values ('658704f4-ad50-4db1-b2b8-aa3e6429819e', 'kuali.attribute.max.enrollment.is.estimate', '488a5b52-3a1e-4952-8797-bc65b4d17c70', 0, '74790498-b537-451c-b715-bb0c72e9e8a6')
/
insert into KSEN_LUI_IDENT (OBJ_ID, VER_NBR, CREATEID, CREATETIME, UPDATEID, UPDATETIME, LUI_CD, DIVISION, IDENT_LEVEL, LNG_NAME, LUI_ID, ORGID, SHRT_NAME, LUI_ID_STATE, SUFX_CD, LUI_ID_TYPE, VARTN, ID) values ('8b58a187-ff7a-4155-bd66-2ec8b9959a11', 0, 'admin', TIMESTAMP '2014-02-06 10:34:38.883', 'admin', TIMESTAMP '2014-02-06 10:34:38.883', 'B', '', '', '', '488a5b52-3a1e-4952-8797-bc65b4d17c70', '', '', 'kuali.lui.identifier.state.active', '', 'kuali.lui.identifier.type.official', '', 'a92f55ee-a70b-430c-8223-6cee9555f728')
/
insert into KSEN_LUI_LU_CD (OBJ_ID, VER_NBR, CREATEID, CREATETIME, UPDATEID, UPDATETIME, DESCR_FORMATTED, LUI_ID, DESCR_PLAIN, LUI_LUCD_TYPE, VALUE, ID) values ('250bab86-dc32-4bda-8190-97618549b29e', 0, 'admin', TIMESTAMP '2014-02-06 10:34:38.883', 'admin', TIMESTAMP '2014-02-06 10:34:38.883', '', '488a5b52-3a1e-4952-8797-bc65b4d17c70', '', 'kuali.lu.code.honorsOffering', 0, '45e1cc75-7660-4a7e-b7d5-851cf238e3a8')
/
insert into KSEN_LPR (OBJ_ID, VER_NBR, CREATEID, CREATETIME, UPDATEID, UPDATETIME, ATP_ID, COMMIT_PERCT, CREDITS, EFF_DT, EXPIR_DT, GRADING_OPT_ID, LUI_ID, MASTER_LUI_ID, PERS_ID, LPR_STATE, LPR_TYPE, ID) values ('3b418f7e-d98f-4aad-87d6-e831af351341', 0, 'admin', TIMESTAMP '2014-02-06 10:34:38.883', 'admin', TIMESTAMP '2014-02-06 10:34:38.883', '', '100.00', '', TIMESTAMP '2014-02-06 10:36:22.664', '', '', '488a5b52-3a1e-4952-8797-bc65b4d17c70', '', 'H.DONALDC', 'kuali.lpr.state.active', 'kuali.lpr.type.instructor.main', 'f124d4c0-83c1-40bb-a579-69c888aad04a')
/
insert into KSEN_LUILUI_RELTN (OBJ_ID, VER_NBR, CREATEID, CREATETIME, UPDATEID, UPDATETIME, EFF_DT, EXPIR_DT, DESCR_FORMATTED, LUI_ID, LUILUI_RELTN_STATE, LUILUI_RELTN_TYPE, NAME, DESCR_PLAIN, RELATED_LUI_ID, ID) values ('b09e8f19-cd69-4a79-b672-3e90158b9701', 0, 'admin', TIMESTAMP '2014-02-06 10:34:38.883', 'admin', TIMESTAMP '2014-02-06 10:34:38.883', TIMESTAMP '2014-02-06 10:36:22.693', '', 'WMST698R-FO-AO', '21e393c2-910a-4cb7-9b81-5387a43ec610', 'kuali.lui.lui.relation.state.active', 'kuali.lui.lui.relation.type.deliveredvia.fo2ao', 'fo-ao-relation', 'WMST698R-FO-AO', '488a5b52-3a1e-4952-8797-bc65b4d17c70', '5fd24a31-ce0a-4fc4-9b16-c94f88227e1d')
/
insert into KSEN_SCHED_RQST_SET (OBJ_ID, VER_NBR, CREATEID, CREATETIME, UPDATEID, UPDATETIME, DESCR_FORMATTED, MAX_ENRL_SHARED_IND, MAX_ENRL, NAME, DESCR_PLAIN, REF_OBJECT_TYPE, SCHED_RQST_SET_STATE, SCHED_RQST_SET_TYPE, ID) values ('6294c3bf-c86a-4d3c-9c6a-eb244e7dc7f6', 0, 'admin', TIMESTAMP '2014-02-06 10:34:38.883', 'admin', TIMESTAMP '2014-02-06 10:34:38.883', '', 0, '', 'Schedule request set for WMST698R - B', '', 'http://student.kuali.org/wsdl/courseOffering/ActivityOfferingInfo', 'kuali.scheduling.schedule.request.set.state.created', 'kuali.scheduling.schedule.request.set.type.schedule.request.set', 'acc6496e-0c49-496b-af1a-76504f3167a7')
/
insert into KSEN_SCHED_RQST (OBJ_ID, VER_NBR, CREATEID, CREATETIME, UPDATEID, UPDATETIME, DESCR_FORMATTED, NAME, DESCR_PLAIN, SCHED_RQST_STATE, SCHED_RQST_TYPE, SCHED_ID, SCHED_RQST_SET_ID, ID) values ('4c3b83e3-3dc3-494c-a6f1-ce548d833336', 0, 'admin', TIMESTAMP '2014-02-06 10:34:38.883', 'admin', TIMESTAMP '2014-02-06 10:34:38.883', 'A Schedule Request for WMST698R section HY11', 'A Schedule Request for WMST698R section HY11', 'A Schedule Request for WMST698R section HY11', 'kuali.scheduling.schedule.request.state.created', 'kuali.scheduling.schedule.request.type.schedule.request', '6cb01cdc-7a72-40b6-ab14-797afd4fe61b', 'acc6496e-0c49-496b-af1a-76504f3167a7', 'da5a8d49-005e-4972-888a-8147c7858b9e')
/
insert into KSEN_SCHED_RQST_CMP (OBJ_ID, TBA_IND, SCHED_RQST_ID, ID) values ('6f93b50f-339f-4bce-8a06-8f0eaecd3e95', 0, 'da5a8d49-005e-4972-888a-8147c7858b9e', '6942ccdf-d3ae-4ff1-b891-b5c9cacd6f49')
/
insert into KSEN_SCHED_REF_OBJECT (SCHED_RQST_SET_ID, REF_OBJECT_ID) values ('acc6496e-0c49-496b-af1a-76504f3167a7', '488a5b52-3a1e-4952-8797-bc65b4d17c70')
/
insert into KSEN_SCHED_RQST_CMP_BLDG (CMP_ID, BUILDING_ID) values ('6942ccdf-d3ae-4ff1-b891-b5c9cacd6f49', 'd5138c2b-01ee-4e81-b526-38ed2a7c60a3')
/
insert into KSEN_SCHED_RQST_CMP_ROOM (CMP_ID, ROOM_ID) values ('6942ccdf-d3ae-4ff1-b891-b5c9cacd6f49', '6dd715ea-cc9b-4cd1-9a34-f96628650406')
/
insert into KSEN_SCHED_RQST_CMP_TMSLOT (CMP_ID, TM_SLOT_ID) values ('6942ccdf-d3ae-4ff1-b891-b5c9cacd6f49', '4A6971D2-447D-4359-B949-F4EDF104A0AA')
/
insert into KSEN_CWL (OBJ_ID, VER_NBR, CREATEID, CREATETIME, UPDATEID, UPDATETIME, ALLOW_HOLD_UTIL_ENTRIES_IND, AUTO_PROCESSED_IND, CHECK_IN_REQ_IND, CONF_REQ_IND, EFF_DT, EXPIR_DT, MAX_SIZE, REG_IN_FIRST_AAO_IND, STD_DUR_TIME_QTY, STD_DUR_TYPE, CWL_STATE, CWL_TYPE, ID) values ('53593808-de77-405e-b83e-c34908b0c3ec', 0, 'admin', TIMESTAMP '2014-02-06 10:34:38.883', 'admin', TIMESTAMP '2014-02-06 10:34:38.883', 1, 1, 0, 1, TIMESTAMP '2013-01-02 00:00:00.0', '', '', 1, '', '', 'kuali.course.waitlist.state.active', 'kuali.course.waitlist.type.course.waitlist', '0399ae69-bed4-4296-8c24-9d68f5e5ebf2')
/
insert into KSEN_CWL_ACTIV_OFFER (CWL_ID, ACTIV_OFFER_ID) values ('0399ae69-bed4-4296-8c24-9d68f5e5ebf2', '488a5b52-3a1e-4952-8797-bc65b4d17c70')
/
insert into KSEN_CWL_FORMAT_OFFER (CWL_ID, FORMAT_OFFER_ID) values ('0399ae69-bed4-4296-8c24-9d68f5e5ebf2', '21e393c2-910a-4cb7-9b81-5387a43ec610')
/
insert into KSEN_CO_AO_CLUSTER (OBJ_ID, VER_NBR, CREATEID, CREATETIME, UPDATEID, UPDATETIME, AO_CLUSTER_STATE, AO_CLUSTER_TYPE, DESCR_FORMATTED, DESCR_PLAIN, FORMAT_OFFERING_ID, NAME, PRIVATE_NAME, ID) values ('8a9bed36-5d49-47ee-a8cb-5b26a2d18810', 0, 'admin', TIMESTAMP '2014-02-06 10:34:38.883', 'admin', TIMESTAMP '2014-02-06 10:34:38.883', 'kuali.activity.offering.cluster.state.active', 'kuali.activity.offering.cluster.type.activity.offering.cluster', '', '', '21e393c2-910a-4cb7-9b81-5387a43ec610', 'CL 1', 'CL 1', 'f994eb25-59ed-46bf-aa0a-f8d84357ab08')
/
insert into KSEN_CO_AO_CLUSTER_SET (OBJ_ID, ACTIVITY_OFFERING_TYPE, AO_CLUSTER_ID, ID) values ('cf88f54d-7daf-4a7e-a771-1d3a10ce0823', 'kuali.lui.type.activity.offering.lecture', 'f994eb25-59ed-46bf-aa0a-f8d84357ab08', '2114da3b-8529-452d-b341-3eb193c78e95')
/
insert into KSEN_CO_AO_CLUSTER_SET_AO (AOC_SET_ID, ACTIVITY_OFFERING_ID) values ('2114da3b-8529-452d-b341-3eb193c78e95', '245228f6-e6b8-4031-8794-38de26458d26')
/
insert into KSEN_CO_AO_CLUSTER_SET_AO (AOC_SET_ID, ACTIVITY_OFFERING_ID) values ('2114da3b-8529-452d-b341-3eb193c78e95', '488a5b52-3a1e-4952-8797-bc65b4d17c70')
/
update KSEN_CO_AO_CLUSTER_SET set AO_CLUSTER_ID='f994eb25-59ed-46bf-aa0a-f8d84357ab08' where ID='2114da3b-8529-452d-b341-3eb193c78e95'
/
insert into KSEN_LUI (OBJ_ID, VER_NBR, CREATEID, CREATETIME, UPDATEID, UPDATETIME, ATP_ID, CLU_ID, EFF_DT, EXPIR_DT, DESCR_FORMATTED, LUI_STATE, LUI_TYPE, MAX_SEATS, MIN_SEATS, NAME, DESCR_PLAIN, REF_URL, ID) values ('d25adb3e-709e-428b-8b45-43902cbb8317', 0, 'admin', TIMESTAMP '2014-02-06 10:34:38.883', 'admin', TIMESTAMP '2014-02-06 10:34:38.883', 'kuali.atp.2014Winter', 'c0e2e9e4-ef2c-40c1-8a69-6b8a268207c2', '', '', '1001', 'kuali.lui.registration.group.state.pending', 'kuali.lui.type.registration.group', '', '', '1001', '1001', '', 'e190fd79-a5c4-4c5c-a34f-862ac23b5caf')
/
insert into KSEN_LUI_ATTR (OBJ_ID, ATTR_KEY, OWNER_ID, ATTR_VALUE, ID) values ('bb7171b1-5d9c-4c01-8fd7-7b189135f27a', 'kuali.attribute.registration.group.aocluster.id', 'e190fd79-a5c4-4c5c-a34f-862ac23b5caf', 'f994eb25-59ed-46bf-aa0a-f8d84357ab08', '1cc52f9f-2e30-4411-9221-9cbc92f4a14f')
/
insert into KSEN_LUI_ATTR (OBJ_ID, ATTR_KEY, OWNER_ID, ATTR_VALUE, ID) values ('85d868f9-d7a3-45db-a2f8-97f2d9dcd705', 'kuali.attribute.registration.group.is.generated', 'e190fd79-a5c4-4c5c-a34f-862ac23b5caf', 1, '91665bda-9a06-43db-8332-19d13c0580d7')
/
insert into KSEN_LUI_IDENT (OBJ_ID, VER_NBR, CREATEID, CREATETIME, UPDATEID, UPDATETIME, LUI_CD, DIVISION, IDENT_LEVEL, LNG_NAME, LUI_ID, ORGID, SHRT_NAME, LUI_ID_STATE, SUFX_CD, LUI_ID_TYPE, VARTN, ID) values ('a327a9ec-4cb7-44e9-bc42-7622637e81db', 0, 'admin', TIMESTAMP '2014-02-06 10:34:38.883', 'admin', TIMESTAMP '2014-02-06 10:34:38.883', '', '', '', '', 'e190fd79-a5c4-4c5c-a34f-862ac23b5caf', '', '', 'kuali.lui.identifier.state.active', '', 'kuali.lui.identifier.type.official', '', '3dcde231-32ea-4eb6-80e4-d7e2f0eb77d3')
/
insert into KSEN_LUILUI_RELTN (OBJ_ID, VER_NBR, CREATEID, CREATETIME, UPDATEID, UPDATETIME, EFF_DT, EXPIR_DT, DESCR_FORMATTED, LUI_ID, LUILUI_RELTN_STATE, LUILUI_RELTN_TYPE, NAME, DESCR_PLAIN, RELATED_LUI_ID, ID) values ('bdf89250-8635-4b5d-89a9-b60771f971b7', 0, 'admin', TIMESTAMP '2014-02-06 10:34:38.883', 'admin', TIMESTAMP '2014-02-06 10:34:38.883', TIMESTAMP '2014-02-06 10:36:23.213', '', 'WMST698R-FO-RG', '21e393c2-910a-4cb7-9b81-5387a43ec610', 'kuali.lui.lui.relation.state.active', 'kuali.lui.lui.relation.type.deliveredvia.fo2rg', 'fo-rg-relation', 'WMST698R-FO-RG', 'e190fd79-a5c4-4c5c-a34f-862ac23b5caf', '18b99a3c-f379-4ba7-94b1-bea9df93d906')
/
insert into KSEN_LUILUI_RELTN (OBJ_ID, VER_NBR, CREATEID, CREATETIME, UPDATEID, UPDATETIME, EFF_DT, EXPIR_DT, DESCR_FORMATTED, LUI_ID, LUILUI_RELTN_STATE, LUILUI_RELTN_TYPE, NAME, DESCR_PLAIN, RELATED_LUI_ID, ID) values ('8c1be1e4-e632-4ddc-9a43-200287c6ae62', 0, 'admin', TIMESTAMP '2014-02-06 10:34:38.883', 'admin', TIMESTAMP '2014-02-06 10:34:38.883', TIMESTAMP '2014-02-06 10:36:23.221', '', 'WMST698R-RG-AO', 'e190fd79-a5c4-4c5c-a34f-862ac23b5caf', 'kuali.lui.lui.relation.state.active', 'kuali.lui.lui.relation.type.registeredforvia.rg2ao', 'rg-ao-relation', 'WMST698R-RG-AO', '245228f6-e6b8-4031-8794-38de26458d26', '63ff302c-df54-4942-9aa9-9c8f1cd766f7')
/
insert into KSEN_LUI (OBJ_ID, VER_NBR, CREATEID, CREATETIME, UPDATEID, UPDATETIME, ATP_ID, CLU_ID, EFF_DT, EXPIR_DT, DESCR_FORMATTED, LUI_STATE, LUI_TYPE, MAX_SEATS, MIN_SEATS, NAME, DESCR_PLAIN, REF_URL, ID) values ('9264323a-5b1f-4666-a375-aaf8ada0c568', 0, 'admin', TIMESTAMP '2014-02-06 10:34:38.883', 'admin', TIMESTAMP '2014-02-06 10:34:38.883', 'kuali.atp.2014Winter', 'c0e2e9e4-ef2c-40c1-8a69-6b8a268207c2', '', '', '1002', 'kuali.lui.registration.group.state.pending', 'kuali.lui.type.registration.group', '', '', '1002', '1002', '', 'f433135a-0316-415b-9245-212df53d3da8')
/
insert into KSEN_LUI_ATTR (OBJ_ID, ATTR_KEY, OWNER_ID, ATTR_VALUE, ID) values ('a70f1d90-755f-45b3-8e0d-c505d8ab5b37', 'kuali.attribute.registration.group.aocluster.id', 'f433135a-0316-415b-9245-212df53d3da8', 'f994eb25-59ed-46bf-aa0a-f8d84357ab08', '58b40522-772f-42fb-b817-f690cd773a54')
/
insert into KSEN_LUI_ATTR (OBJ_ID, ATTR_KEY, OWNER_ID, ATTR_VALUE, ID) values ('9db180c6-9735-418e-9068-1337bf63ba1f', 'kuali.attribute.registration.group.is.generated', 'f433135a-0316-415b-9245-212df53d3da8', 1, 'bfa8f23b-fa5d-4c32-a998-7c89555880d2')
/
insert into KSEN_LUI_IDENT (OBJ_ID, VER_NBR, CREATEID, CREATETIME, UPDATEID, UPDATETIME, LUI_CD, DIVISION, IDENT_LEVEL, LNG_NAME, LUI_ID, ORGID, SHRT_NAME, LUI_ID_STATE, SUFX_CD, LUI_ID_TYPE, VARTN, ID) values ('ea6e26ae-b587-4a6b-b865-de83fcec1327', 0, 'admin', TIMESTAMP '2014-02-06 10:34:38.883', 'admin', TIMESTAMP '2014-02-06 10:34:38.883', '', '', '', '', 'f433135a-0316-415b-9245-212df53d3da8', '', '', 'kuali.lui.identifier.state.active', '', 'kuali.lui.identifier.type.official', '', '056a4046-f143-4e1f-b572-b6cf03305e10')
/
insert into KSEN_LUILUI_RELTN (OBJ_ID, VER_NBR, CREATEID, CREATETIME, UPDATEID, UPDATETIME, EFF_DT, EXPIR_DT, DESCR_FORMATTED, LUI_ID, LUILUI_RELTN_STATE, LUILUI_RELTN_TYPE, NAME, DESCR_PLAIN, RELATED_LUI_ID, ID) values ('91654fd9-1e2d-499b-b5cc-d7bc9bcf4e89', 0, 'admin', TIMESTAMP '2014-02-06 10:34:38.883', 'admin', TIMESTAMP '2014-02-06 10:34:38.883', TIMESTAMP '2014-02-06 10:36:23.314', '', 'WMST698R-FO-RG', '21e393c2-910a-4cb7-9b81-5387a43ec610', 'kuali.lui.lui.relation.state.active', 'kuali.lui.lui.relation.type.deliveredvia.fo2rg', 'fo-rg-relation', 'WMST698R-FO-RG', 'f433135a-0316-415b-9245-212df53d3da8', 'b1e5e9c3-4444-4fa3-822e-e27e9acb6359')
/
insert into KSEN_LUILUI_RELTN (OBJ_ID, VER_NBR, CREATEID, CREATETIME, UPDATEID, UPDATETIME, EFF_DT, EXPIR_DT, DESCR_FORMATTED, LUI_ID, LUILUI_RELTN_STATE, LUILUI_RELTN_TYPE, NAME, DESCR_PLAIN, RELATED_LUI_ID, ID) values ('da2823a8-933f-4b73-bcd7-1bf145a3d818', 0, 'admin', TIMESTAMP '2014-02-06 10:34:38.883', 'admin', TIMESTAMP '2014-02-06 10:34:38.883', TIMESTAMP '2014-02-06 10:36:23.729', '', 'WMST698R-RG-AO', 'f433135a-0316-415b-9245-212df53d3da8', 'kuali.lui.lui.relation.state.active', 'kuali.lui.lui.relation.type.registeredforvia.rg2ao', 'rg-ao-relation', 'WMST698R-RG-AO', '488a5b52-3a1e-4952-8797-bc65b4d17c70', 'fec23714-141f-48e8-b2a0-e78fe1e5df14')
/
insert into KSEN_LUI (OBJ_ID, VER_NBR, CREATEID, CREATETIME, UPDATEID, UPDATETIME, ATP_ID, CLU_ID, EFF_DT, EXPIR_DT, DESCR_FORMATTED, LUI_STATE, LUI_TYPE, MAX_SEATS, MIN_SEATS, NAME, DESCR_PLAIN, REF_URL, ID) values ('1cd363e5-76ff-443e-bca5-1218f6a41c0f', 0, 'admin', TIMESTAMP '2014-02-06 10:34:38.883', 'admin', TIMESTAMP '2014-02-06 10:34:38.883', 'kuali.atp.2014Winter', '73acba95-b7ab-494c-a726-6accd2de5257', TIMESTAMP '2014-01-02 00:00:00.0', '', 'Basic (chemical) research conducted under the supervision of a faculty member.', 'kuali.lui.course.offering.state.draft', 'kuali.lui.type.course.offering', '', '', 'CHEM399B CO', 'Basic (chemical) research conducted under the supervision of a faculty member.', null, '83f2ec7f-4b64-4ed9-936b-d22528c46538')
/
insert into KSEN_LUI_ATTR (OBJ_ID, ATTR_KEY, OWNER_ID, ATTR_VALUE, ID) values ('4656b491-a621-4480-852a-47da9e40a120', 'kuali.attribute.final.exam.driver', '83f2ec7f-4b64-4ed9-936b-d22528c46538', 'kuali.lu.exam.driver.ActivityOffering', 'ea32246c-d672-4937-9c60-cc5d8d70cb69')
/
insert into KSEN_LUI_ATTR (OBJ_ID, ATTR_KEY, OWNER_ID, ATTR_VALUE, ID) values ('196694ff-d07c-4b0f-b567-dd211ae0af75', 'kuali.attribute.course.number.internal.suffix', '83f2ec7f-4b64-4ed9-936b-d22528c46538', 'A', 'd03822e4-0391-4a7b-ad80-773dee735a5c')
/
insert into KSEN_LUI_ATTR (OBJ_ID, ATTR_KEY, OWNER_ID, ATTR_VALUE, ID) values ('bc199838-ba17-4fca-88bd-3ca28a68dd25', 'kuali.attribute.final.exam.indicator', '83f2ec7f-4b64-4ed9-936b-d22528c46538', 'STANDARD', '482cf1b7-00e8-4f35-ac01-36aeb200932b')
/
insert into KSEN_LUI_ATTR (OBJ_ID, ATTR_KEY, OWNER_ID, ATTR_VALUE, ID) values ('c392a13e-984f-4e5e-a7ce-0dbca997ae65', 'kuali.attribute.where.fees.attached.flag', '83f2ec7f-4b64-4ed9-936b-d22528c46538', 0, '4f6a35d3-dc8f-4f12-abb9-d0c41ac1993f')
/
insert into KSEN_LUI_ATTR (OBJ_ID, ATTR_KEY, OWNER_ID, ATTR_VALUE, ID) values ('395bf63b-528a-44df-8467-2d31ae9af6cf', 'kuali.attribute.wait.list.indicator', '83f2ec7f-4b64-4ed9-936b-d22528c46538', 1, '4679ab8c-658c-4aa9-a14a-6ecd799b5536')
/
insert into KSEN_LUI_ATTR (OBJ_ID, ATTR_KEY, OWNER_ID, ATTR_VALUE, ID) values ('a29dc99b-353e-4e8b-8b7f-0d1918e05cf7', 'kuali.attribute.wait.list.type.key', '83f2ec7f-4b64-4ed9-936b-d22528c46538', null, '6f69deea-6e78-4f97-ad34-9ab016b7d030')
/
insert into KSEN_LUI_ATTR (OBJ_ID, ATTR_KEY, OWNER_ID, ATTR_VALUE, ID) values ('00a40acf-6336-475c-821b-0f5acc3cf309', 'kuali.attribute.funding.source', '83f2ec7f-4b64-4ed9-936b-d22528c46538', '', 'dfeeed9b-08cf-4417-a54f-057b2fa028cc')
/
insert into KSEN_LUI_ATTR (OBJ_ID, ATTR_KEY, OWNER_ID, ATTR_VALUE, ID) values ('2f8127c4-5836-4bdc-b283-6737e3d126d8', 'kuali.attribute.course.evaluation.indicator', '83f2ec7f-4b64-4ed9-936b-d22528c46538', 0, 'c3fa9e87-e305-43f8-9848-eade05802f53')
/
insert into KSEN_LUI_ATTR (OBJ_ID, ATTR_KEY, OWNER_ID, ATTR_VALUE, ID) values ('174d8d58-66f8-4fd9-bb91-066cc497f5ec', 'kuali.attribute.wait.list.level.type.key', '83f2ec7f-4b64-4ed9-936b-d22528c46538', 'AO', '17695809-e387-4a27-8d5a-0e8124c7fb1f')
/
insert into KSEN_LUI_ATTR (OBJ_ID, ATTR_KEY, OWNER_ID, ATTR_VALUE, ID) values ('2eb7bf5a-3d95-4c54-a32b-cd758f9b663a', 'kuali.attribute.final.exam.use.matrix', '83f2ec7f-4b64-4ed9-936b-d22528c46538', 1, 'a1889e74-3f30-4ec4-acb1-0b92e9439046')
/
insert into KSEN_LUI_IDENT (OBJ_ID, VER_NBR, CREATEID, CREATETIME, UPDATEID, UPDATETIME, LUI_CD, DIVISION, IDENT_LEVEL, LNG_NAME, LUI_ID, ORGID, SHRT_NAME, LUI_ID_STATE, SUFX_CD, LUI_ID_TYPE, VARTN, ID) values ('8f35fb5c-db6b-4944-9970-a2211a1c973f', 0, 'admin', TIMESTAMP '2014-02-06 10:34:38.883', 'admin', TIMESTAMP '2014-02-06 10:34:38.883', 'CHEM399B', 'CHEM', '', 'Introduction to Chemical Research', '83f2ec7f-4b64-4ed9-936b-d22528c46538', '', '', 'kuali.lui.identifier.state.active', 'B', 'kuali.lui.identifier.type.official', '', '68d6fecd-8dfa-4562-a2e3-189553fb1896')
/
insert into KSEN_LUI_LU_CD (OBJ_ID, VER_NBR, CREATEID, CREATETIME, UPDATEID, UPDATETIME, DESCR_FORMATTED, LUI_ID, DESCR_PLAIN, LUI_LUCD_TYPE, VALUE, ID) values ('1fc24641-13c8-47dd-8a33-cbedd5d54aad', 0, 'admin', TIMESTAMP '2014-02-06 10:34:38.883', 'admin', TIMESTAMP '2014-02-06 10:34:38.883', '', '83f2ec7f-4b64-4ed9-936b-d22528c46538', '', 'kuali.lu.code.honorsOffering', '', '524c1601-ea2d-433d-b595-58632c42ec4c')
/
insert into KSEN_LUI_UNITS_DEPLOYMENT (LUI_ID, ORG_ID, ID) values ('83f2ec7f-4b64-4ed9-936b-d22528c46538', '4284516367', 'df6c9c06-0f99-4765-b5d8-150579872d06')
/
insert into KSEN_LUI_UNITS_CONT_OWNER (LUI_ID, ORG_ID) values ('83f2ec7f-4b64-4ed9-936b-d22528c46538', '4284516367')
/
insert into KSEN_LUI_RESULT_VAL_GRP (LUI_ID, RESULT_VAL_GRP_ID) values ('83f2ec7f-4b64-4ed9-936b-d22528c46538', 'kuali.resultComponent.grade.letter')
/
insert into KSEN_LUI_RESULT_VAL_GRP (LUI_ID, RESULT_VAL_GRP_ID) values ('83f2ec7f-4b64-4ed9-936b-d22528c46538', 'kuali.resultComponent.grade.audit')
/
insert into KSEN_LUI_RESULT_VAL_GRP (LUI_ID, RESULT_VAL_GRP_ID) values ('83f2ec7f-4b64-4ed9-936b-d22528c46538', 'kuali.resultComponent.grade.passFail')
/
insert into KSEN_LUI_RESULT_VAL_GRP (LUI_ID, RESULT_VAL_GRP_ID) values ('83f2ec7f-4b64-4ed9-936b-d22528c46538', 'kuali.creditType.credit.degree.1.0,1.5,2.0,2.5,3.0')
/
insert into KSEN_LUI (OBJ_ID, VER_NBR, CREATEID, CREATETIME, UPDATEID, UPDATETIME, ATP_ID, CLU_ID, EFF_DT, EXPIR_DT, DESCR_FORMATTED, LUI_STATE, LUI_TYPE, MAX_SEATS, MIN_SEATS, NAME, DESCR_PLAIN, REF_URL, ID) values ('dd662627-e074-43c1-97a6-c9a2b7ad6c50', 0, 'admin', TIMESTAMP '2014-02-06 10:34:38.883', 'admin', TIMESTAMP '2014-02-06 10:34:38.883', 'kuali.atp.2014Winter', '0ae12d77-775c-499c-ade2-a4e2b60984a9', '', '', 'Courses with Lecture only', 'kuali.lui.format.offering.state.draft', 'kuali.lui.type.course.format.offering', '', '', 'Lecture Only', 'Courses with Lecture only', '', 'c6d01863-94f7-4c81-b7b6-2cedef0aea67')
/
insert into KSEN_LUI_ATTR (OBJ_ID, ATTR_KEY, OWNER_ID, ATTR_VALUE, ID) values ('e3cb0c7f-22ca-420f-acf6-3947af0455ac', 'regCodePrefix', 'c6d01863-94f7-4c81-b7b6-2cedef0aea67', '1', '10670294-4b6a-4109-aa82-8b5b3d5a9ae8')
/
insert into KSEN_LUI_ATTR (OBJ_ID, ATTR_KEY, OWNER_ID, ATTR_VALUE, ID) values ('55e4e85c-3da9-4347-841e-2c17b43a5154', 'kuali.attribute.grade.roster.level.type.key', 'c6d01863-94f7-4c81-b7b6-2cedef0aea67', 'kuali.lui.type.activity.offering.lecture', 'f519460d-d3ba-4dc7-badd-8d4a3de46b5a')
/
insert into KSEN_LUI_ATTR (OBJ_ID, ATTR_KEY, OWNER_ID, ATTR_VALUE, ID) values ('2efd9bec-5757-40ff-8539-66f7a2c89671', 'kuali.attribute.final.exam.level.type', 'c6d01863-94f7-4c81-b7b6-2cedef0aea67', 'kuali.lu.type.activity.Lecture', 'f3223322-06c1-43f7-9723-f64ed13d7f66')
/
insert into KSEN_LUI_IDENT (OBJ_ID, VER_NBR, CREATEID, CREATETIME, UPDATEID, UPDATETIME, LUI_CD, DIVISION, IDENT_LEVEL, LNG_NAME, LUI_ID, ORGID, SHRT_NAME, LUI_ID_STATE, SUFX_CD, LUI_ID_TYPE, VARTN, ID) values ('d7bebbfe-f8ff-4c9d-8604-613602d6d894', 0, 'admin', TIMESTAMP '2014-02-06 10:34:38.883', 'admin', TIMESTAMP '2014-02-06 10:34:38.883', '', '', '', 'Lecture Only', 'c6d01863-94f7-4c81-b7b6-2cedef0aea67', '', 'LEC', 'kuali.lui.identifier.state.active', '', 'kuali.lui.identifier.type.official', '', 'c387f699-19f4-408c-913c-b49a657f4429')
/
insert into KSEN_LUI_RELATED_LUI_TYPES (LUI_ID, RELATED_LUI_TYPE) values ('c6d01863-94f7-4c81-b7b6-2cedef0aea67', 'kuali.lui.type.activity.offering.lecture')
/
insert into KSEN_LUILUI_RELTN (OBJ_ID, VER_NBR, CREATEID, CREATETIME, UPDATEID, UPDATETIME, EFF_DT, EXPIR_DT, DESCR_FORMATTED, LUI_ID, LUILUI_RELTN_STATE, LUILUI_RELTN_TYPE, NAME, DESCR_PLAIN, RELATED_LUI_ID, ID) values ('06bb8391-2295-44d7-b785-68773ccdd937', 0, 'admin', TIMESTAMP '2014-02-06 10:34:38.883', 'admin', TIMESTAMP '2014-02-06 10:34:38.883', TIMESTAMP '2014-02-06 10:36:26.375', '', 'CHEM399B-CO-FO', '83f2ec7f-4b64-4ed9-936b-d22528c46538', 'kuali.lui.lui.relation.state.active', 'kuali.lui.lui.relation.type.deliveredvia.co2fo', 'co-fo-relation', 'CHEM399B-CO-FO', 'c6d01863-94f7-4c81-b7b6-2cedef0aea67', 'ee141321-2ec5-463d-8cec-19e5d833a4ea')
/
insert into KSEN_LUI (OBJ_ID, VER_NBR, CREATEID, CREATETIME, UPDATEID, UPDATETIME, ATP_ID, CLU_ID, EFF_DT, EXPIR_DT, DESCR_FORMATTED, LUI_STATE, LUI_TYPE, MAX_SEATS, MIN_SEATS, NAME, DESCR_PLAIN, REF_URL, ID) values ('fe5af48e-1168-465a-ac34-e6ae13778105', 0, 'admin', TIMESTAMP '2014-02-06 10:34:38.883', 'admin', TIMESTAMP '2014-02-06 10:34:38.883', 'kuali.atp.2014Winter', '020b3c6c-20f2-42f0-b1aa-fe16d1530339', '', '', 'Courses with lecture', 'kuali.lui.activity.offering.state.draft', 'kuali.lui.type.activity.offering.lecture', 5, 5, 'Lecture', 'Courses with lecture', null, '6564de5a-f5f0-47a3-909c-6d1954218763')
/
insert into KSEN_LUI_ATTR (OBJ_ID, ATTR_KEY, OWNER_ID, ATTR_VALUE, ID) values ('b81b9cf5-1ee8-4a77-9c7d-88d7f4aa9482', 'kuali.attribute.nonstd.ts.indicator', '6564de5a-f5f0-47a3-909c-6d1954218763', 0, '942e7641-bfa8-4689-8150-f7ad6d8eb03c')
/
insert into KSEN_LUI_ATTR (OBJ_ID, ATTR_KEY, OWNER_ID, ATTR_VALUE, ID) values ('f89f7f12-ad35-4667-8b4d-dd4c960fc024', 'kuali.attribute.max.enrollment.is.estimate', '6564de5a-f5f0-47a3-909c-6d1954218763', 0, '17536506-0afa-4985-89ae-fcb5680b7ba4')
/
insert into KSEN_LUI_ATTR (OBJ_ID, ATTR_KEY, OWNER_ID, ATTR_VALUE, ID) values ('1a6f61a0-a3cb-4c85-a937-85ceb7167ed5', 'kuali.attribute.course.evaluation.indicator', '6564de5a-f5f0-47a3-909c-6d1954218763', 0, '026207da-ae35-4d99-868d-fba92668111d')
/
insert into KSEN_LUI_IDENT (OBJ_ID, VER_NBR, CREATEID, CREATETIME, UPDATEID, UPDATETIME, LUI_CD, DIVISION, IDENT_LEVEL, LNG_NAME, LUI_ID, ORGID, SHRT_NAME, LUI_ID_STATE, SUFX_CD, LUI_ID_TYPE, VARTN, ID) values ('03f2b400-e843-45fe-8037-25fb2ccd83dc', 0, 'admin', TIMESTAMP '2014-02-06 10:34:38.883', 'admin', TIMESTAMP '2014-02-06 10:34:38.883', 'A', '', '', '', '6564de5a-f5f0-47a3-909c-6d1954218763', '', '', 'kuali.lui.identifier.state.active', '', 'kuali.lui.identifier.type.official', '', '1fe30cce-4166-4e09-b0fc-f0049fed9288')
/
insert into KSEN_LUI_LU_CD (OBJ_ID, VER_NBR, CREATEID, CREATETIME, UPDATEID, UPDATETIME, DESCR_FORMATTED, LUI_ID, DESCR_PLAIN, LUI_LUCD_TYPE, VALUE, ID) values ('0d828eea-92f7-40dc-a73c-fc3337c8f2d7', 0, 'admin', TIMESTAMP '2014-02-06 10:34:38.883', 'admin', TIMESTAMP '2014-02-06 10:34:38.883', '', '6564de5a-f5f0-47a3-909c-6d1954218763', '', 'kuali.lu.code.honorsOffering', 0, '6afdabad-7024-4892-a95e-a8e11e9e29e2')
/
insert into KSEN_LPR (OBJ_ID, VER_NBR, CREATEID, CREATETIME, UPDATEID, UPDATETIME, ATP_ID, COMMIT_PERCT, CREDITS, EFF_DT, EXPIR_DT, GRADING_OPT_ID, LUI_ID, MASTER_LUI_ID, PERS_ID, LPR_STATE, LPR_TYPE, ID) values ('5250fe11-ad8d-4ccd-8516-735b97a5755c', 0, 'admin', TIMESTAMP '2014-02-06 10:34:38.883', 'admin', TIMESTAMP '2014-02-06 10:34:38.883', '', '100.00', '', TIMESTAMP '2014-02-06 10:36:26.456', '', '', '6564de5a-f5f0-47a3-909c-6d1954218763', '', 'B.GOUGHM', 'kuali.lpr.state.active', 'kuali.lpr.type.instructor.main', 'bcd2d516-c328-4765-a14e-fcb058350a21')
/
insert into KSEN_LUILUI_RELTN (OBJ_ID, VER_NBR, CREATEID, CREATETIME, UPDATEID, UPDATETIME, EFF_DT, EXPIR_DT, DESCR_FORMATTED, LUI_ID, LUILUI_RELTN_STATE, LUILUI_RELTN_TYPE, NAME, DESCR_PLAIN, RELATED_LUI_ID, ID) values ('17ed1fff-39eb-4b4b-ae0c-dc29f60836a5', 0, 'admin', TIMESTAMP '2014-02-06 10:34:38.883', 'admin', TIMESTAMP '2014-02-06 10:34:38.883', TIMESTAMP '2014-02-06 10:36:26.484', '', 'CHEM399B-FO-AO', 'c6d01863-94f7-4c81-b7b6-2cedef0aea67', 'kuali.lui.lui.relation.state.active', 'kuali.lui.lui.relation.type.deliveredvia.fo2ao', 'fo-ao-relation', 'CHEM399B-FO-AO', '6564de5a-f5f0-47a3-909c-6d1954218763', 'f236c25d-3473-4e8f-a82c-c7e3245f4061')
/
insert into KSEN_SCHED_RQST_SET (OBJ_ID, VER_NBR, CREATEID, CREATETIME, UPDATEID, UPDATETIME, DESCR_FORMATTED, MAX_ENRL_SHARED_IND, MAX_ENRL, NAME, DESCR_PLAIN, REF_OBJECT_TYPE, SCHED_RQST_SET_STATE, SCHED_RQST_SET_TYPE, ID) values ('b218612b-1b89-43e6-ae88-6271ef2f9aeb', 0, 'admin', TIMESTAMP '2014-02-06 10:34:38.883', 'admin', TIMESTAMP '2014-02-06 10:34:38.883', '', 0, '', 'Schedule request set for CHEM399B - A', '', 'http://student.kuali.org/wsdl/courseOffering/ActivityOfferingInfo', 'kuali.scheduling.schedule.request.set.state.created', 'kuali.scheduling.schedule.request.set.type.schedule.request.set', 'f846782a-0666-4c4f-8465-7aebc24b5551')
/
insert into KSEN_SCHED_RQST (OBJ_ID, VER_NBR, CREATEID, CREATETIME, UPDATEID, UPDATETIME, DESCR_FORMATTED, NAME, DESCR_PLAIN, SCHED_RQST_STATE, SCHED_RQST_TYPE, SCHED_ID, SCHED_RQST_SET_ID, ID) values ('e365383e-92e6-4e04-90bc-0946a02a00cf', 0, 'admin', TIMESTAMP '2014-02-06 10:34:38.883', 'admin', TIMESTAMP '2014-02-06 10:34:38.883', '', 'Schedule request for CHEM399B - A', '', 'kuali.scheduling.schedule.request.state.created', 'kuali.scheduling.schedule.request.type.schedule.request', '', 'f846782a-0666-4c4f-8465-7aebc24b5551', '010d727f-78c5-45e9-ab8e-85ce8d44efff')
/
insert into KSEN_SCHED_RQST_CMP (OBJ_ID, TBA_IND, SCHED_RQST_ID, ID) values ('0a331c59-838d-4ca4-9831-550b68387327', 1, '010d727f-78c5-45e9-ab8e-85ce8d44efff', 'b74d4f78-0bf8-421d-9a79-c976f22e81b6')
/
insert into KSEN_SCHED_REF_OBJECT (SCHED_RQST_SET_ID, REF_OBJECT_ID) values ('f846782a-0666-4c4f-8465-7aebc24b5551', '6564de5a-f5f0-47a3-909c-6d1954218763')
/
insert into KSEN_SCHED_RQST_CMP_TMSLOT (CMP_ID, TM_SLOT_ID) values ('b74d4f78-0bf8-421d-9a79-c976f22e81b6', '4A6971D2-447D-4359-B949-F4EDF104A0AA')
/
insert into KSEN_CO_SEAT_POOL_DEFN (OBJ_ID, VER_NBR, CREATEID, CREATETIME, UPDATEID, UPDATETIME, ACTIVITY_OFFERING_ID, EXPIR_MSTONE_TYPE, PERCENTAGE_IND, NAME, POPULATION_ID, PROCESSING_PRIORITY, SEAT_LIMIT, SEAT_POOL_DEFN_STATE, SEAT_POOL_DEFN_TYPE, ID) values ('2b962c60-0c41-40a5-97cc-20fead2c8716', 1, 'admin', TIMESTAMP '2014-02-06 10:34:38.883', 'admin', TIMESTAMP '2014-02-06 10:34:38.883', '', 'kuali.atp.milestone.firstdayofclasses', 0, '300-level Senior Seatpool', '4160a52b-d353-4ab3-b72d-a3c2f9969783', 1, 5, 'kuali.lui.capacity.state.active', 'kuali.lui.capacity.type.seatpool', '92b1ea89-880b-4033-ac8e-9606a89a0e24')
/
insert into KSEN_CWL (OBJ_ID, VER_NBR, CREATEID, CREATETIME, UPDATEID, UPDATETIME, ALLOW_HOLD_UTIL_ENTRIES_IND, AUTO_PROCESSED_IND, CHECK_IN_REQ_IND, CONF_REQ_IND, EFF_DT, EXPIR_DT, MAX_SIZE, REG_IN_FIRST_AAO_IND, STD_DUR_TIME_QTY, STD_DUR_TYPE, CWL_STATE, CWL_TYPE, ID) values ('20092c42-02f1-40f7-80f0-ca04f166ace2', 0, 'admin', TIMESTAMP '2014-02-06 10:34:38.883', 'admin', TIMESTAMP '2014-02-06 10:34:38.883', 1, 1, 0, 1, TIMESTAMP '2013-01-02 00:00:00.0', '', '', 1, '', '', 'kuali.course.waitlist.state.active', 'kuali.course.waitlist.type.course.waitlist', 'e62f0a36-5f31-41b2-87c0-72ceee337774')
/
update KSEN_CO_SEAT_POOL_DEFN set OBJ_ID='2b962c60-0c41-40a5-97cc-20fead2c8716', VER_NBR=2, UPDATEID='admin', UPDATETIME=TIMESTAMP '2014-02-06 10:34:38.883', ACTIVITY_OFFERING_ID='6564de5a-f5f0-47a3-909c-6d1954218763', EXPIR_MSTONE_TYPE='kuali.atp.milestone.firstdayofclasses', PERCENTAGE_IND=0, NAME='300-level Senior Seatpool', POPULATION_ID='4160a52b-d353-4ab3-b72d-a3c2f9969783', PROCESSING_PRIORITY=1, SEAT_LIMIT=5, SEAT_POOL_DEFN_STATE='kuali.lui.capacity.state.active', SEAT_POOL_DEFN_TYPE='kuali.lui.capacity.type.seatpool' where ID='92b1ea89-880b-4033-ac8e-9606a89a0e24' and VER_NBR=1
/
insert into KSEN_CWL_ACTIV_OFFER (CWL_ID, ACTIV_OFFER_ID) values ('e62f0a36-5f31-41b2-87c0-72ceee337774', '6564de5a-f5f0-47a3-909c-6d1954218763')
/
insert into KSEN_CWL_FORMAT_OFFER (CWL_ID, FORMAT_OFFER_ID) values ('e62f0a36-5f31-41b2-87c0-72ceee337774', 'c6d01863-94f7-4c81-b7b6-2cedef0aea67')
/
insert into KSEN_CO_AO_CLUSTER (OBJ_ID, VER_NBR, CREATEID, CREATETIME, UPDATEID, UPDATETIME, AO_CLUSTER_STATE, AO_CLUSTER_TYPE, DESCR_FORMATTED, DESCR_PLAIN, FORMAT_OFFERING_ID, NAME, PRIVATE_NAME, ID) values ('feb2cdaa-4598-4b6a-965d-3d03132d3628', 0, 'admin', TIMESTAMP '2014-02-06 10:34:38.883', 'admin', TIMESTAMP '2014-02-06 10:34:38.883', 'kuali.activity.offering.cluster.state.active', 'kuali.activity.offering.cluster.type.activity.offering.cluster', '', '', 'c6d01863-94f7-4c81-b7b6-2cedef0aea67', 'CL 1', 'CL 1', 'f4ca8420-1cd1-4e85-b8eb-a9018fce55ed')
/
insert into KSEN_CO_AO_CLUSTER_SET (OBJ_ID, ACTIVITY_OFFERING_TYPE, AO_CLUSTER_ID, ID) values ('9b2b9a40-f4f9-479b-9d5a-7a5a825c3af7', 'kuali.lui.type.activity.offering.lecture', 'f4ca8420-1cd1-4e85-b8eb-a9018fce55ed', '0fd7bff8-abb7-46c6-b791-21308c6f0908')
/
insert into KSEN_CO_AO_CLUSTER_SET_AO (AOC_SET_ID, ACTIVITY_OFFERING_ID) values ('0fd7bff8-abb7-46c6-b791-21308c6f0908', '6564de5a-f5f0-47a3-909c-6d1954218763')
/
update KSEN_CO_AO_CLUSTER_SET set AO_CLUSTER_ID='f4ca8420-1cd1-4e85-b8eb-a9018fce55ed' where ID='0fd7bff8-abb7-46c6-b791-21308c6f0908'
/
insert into KSEN_LUI (OBJ_ID, VER_NBR, CREATEID, CREATETIME, UPDATEID, UPDATETIME, ATP_ID, CLU_ID, EFF_DT, EXPIR_DT, DESCR_FORMATTED, LUI_STATE, LUI_TYPE, MAX_SEATS, MIN_SEATS, NAME, DESCR_PLAIN, REF_URL, ID) values ('2af7f507-2670-45e4-b3a1-60b540a7252f', 0, 'admin', TIMESTAMP '2014-02-06 10:34:38.883', 'admin', TIMESTAMP '2014-02-06 10:34:38.883', 'kuali.atp.2014Winter', '0ae12d77-775c-499c-ade2-a4e2b60984a9', '', '', '1001', 'kuali.lui.registration.group.state.pending', 'kuali.lui.type.registration.group', '', '', '1001', '1001', '', '7b5c11d5-8774-4115-9477-3fbdc53f83e8')
/
insert into KSEN_LUI_ATTR (OBJ_ID, ATTR_KEY, OWNER_ID, ATTR_VALUE, ID) values ('f23a9d15-a137-4054-b075-6d508f8f8cb7', 'kuali.attribute.registration.group.aocluster.id', '7b5c11d5-8774-4115-9477-3fbdc53f83e8', 'f4ca8420-1cd1-4e85-b8eb-a9018fce55ed', 'd3db7a19-1efd-4b93-98e5-278e1f929a62')
/
insert into KSEN_LUI_ATTR (OBJ_ID, ATTR_KEY, OWNER_ID, ATTR_VALUE, ID) values ('ab265c6c-0d64-4304-93a9-1d439341ca0e', 'kuali.attribute.registration.group.is.generated', '7b5c11d5-8774-4115-9477-3fbdc53f83e8', 1, 'afddecd8-6e9a-43e3-aced-9483fd4f47b8')
/
insert into KSEN_LUI_IDENT (OBJ_ID, VER_NBR, CREATEID, CREATETIME, UPDATEID, UPDATETIME, LUI_CD, DIVISION, IDENT_LEVEL, LNG_NAME, LUI_ID, ORGID, SHRT_NAME, LUI_ID_STATE, SUFX_CD, LUI_ID_TYPE, VARTN, ID) values ('2aab3493-12f7-4943-abcd-7d9a26412729', 0, 'admin', TIMESTAMP '2014-02-06 10:34:38.883', 'admin', TIMESTAMP '2014-02-06 10:34:38.883', '', '', '', '', '7b5c11d5-8774-4115-9477-3fbdc53f83e8', '', '', 'kuali.lui.identifier.state.active', '', 'kuali.lui.identifier.type.official', '', 'ead72714-e296-49a3-a44a-f0eba91d38fd')
/
insert into KSEN_LUILUI_RELTN (OBJ_ID, VER_NBR, CREATEID, CREATETIME, UPDATEID, UPDATETIME, EFF_DT, EXPIR_DT, DESCR_FORMATTED, LUI_ID, LUILUI_RELTN_STATE, LUILUI_RELTN_TYPE, NAME, DESCR_PLAIN, RELATED_LUI_ID, ID) values ('56120cc3-df16-44f5-bda9-cf3769627ac2', 0, 'admin', TIMESTAMP '2014-02-06 10:34:38.883', 'admin', TIMESTAMP '2014-02-06 10:34:38.883', TIMESTAMP '2014-02-06 10:36:26.924', '', 'CHEM399B-FO-RG', 'c6d01863-94f7-4c81-b7b6-2cedef0aea67', 'kuali.lui.lui.relation.state.active', 'kuali.lui.lui.relation.type.deliveredvia.fo2rg', 'fo-rg-relation', 'CHEM399B-FO-RG', '7b5c11d5-8774-4115-9477-3fbdc53f83e8', '2bee1b6c-8aa6-4f85-95ac-7437004e3900')
/
insert into KSEN_LUILUI_RELTN (OBJ_ID, VER_NBR, CREATEID, CREATETIME, UPDATEID, UPDATETIME, EFF_DT, EXPIR_DT, DESCR_FORMATTED, LUI_ID, LUILUI_RELTN_STATE, LUILUI_RELTN_TYPE, NAME, DESCR_PLAIN, RELATED_LUI_ID, ID) values ('c2e362ee-5438-42a0-8de2-c6ba56bb89d6', 0, 'admin', TIMESTAMP '2014-02-06 10:34:38.883', 'admin', TIMESTAMP '2014-02-06 10:34:38.883', TIMESTAMP '2014-02-06 10:36:26.963', '', 'CHEM399B-RG-AO', '7b5c11d5-8774-4115-9477-3fbdc53f83e8', 'kuali.lui.lui.relation.state.active', 'kuali.lui.lui.relation.type.registeredforvia.rg2ao', 'rg-ao-relation', 'CHEM399B-RG-AO', '6564de5a-f5f0-47a3-909c-6d1954218763', '50ed3387-479c-48b7-8e25-5118d653e2d8')
/
insert into KSEN_LUI (OBJ_ID, VER_NBR, CREATEID, CREATETIME, UPDATEID, UPDATETIME, ATP_ID, CLU_ID, EFF_DT, EXPIR_DT, DESCR_FORMATTED, LUI_STATE, LUI_TYPE, MAX_SEATS, MIN_SEATS, NAME, DESCR_PLAIN, REF_URL, ID) values ('aa48d695-141a-4ce0-b3b1-f0b230772dea', 0, 'admin', TIMESTAMP '2014-02-06 10:34:38.883', 'admin', TIMESTAMP '2014-02-06 10:34:38.883', 'kuali.atp.2014Winter', '303bf3d1-e960-42bf-843b-4d5bff305a7b', TIMESTAMP '2014-01-02 00:00:00.0', '', 'Political, cultural and economic developments in 20th-century Europe.', 'kuali.lui.course.offering.state.draft', 'kuali.lui.type.course.offering', '', '', 'HIST240 CO', 'Political, cultural and economic developments in 20th-century Europe.', null, 'a789e4a7-9b3f-4274-b2dc-f3808969e560')
/
insert into KSEN_LUI_ATTR (OBJ_ID, ATTR_KEY, OWNER_ID, ATTR_VALUE, ID) values ('10a794b2-8a12-48db-a2c9-f19900d1b1b8', 'kuali.attribute.final.exam.use.matrix', 'a789e4a7-9b3f-4274-b2dc-f3808969e560', 1, 'ee97bb9b-85c0-41cc-920e-997d691ee301')
/
insert into KSEN_LUI_ATTR (OBJ_ID, ATTR_KEY, OWNER_ID, ATTR_VALUE, ID) values ('009d4b1a-efd1-4878-8a15-70293d062a18', 'kuali.attribute.wait.list.indicator', 'a789e4a7-9b3f-4274-b2dc-f3808969e560', 1, '3601b493-da21-470e-b6e8-bf64954ce2e1')
/
insert into KSEN_LUI_ATTR (OBJ_ID, ATTR_KEY, OWNER_ID, ATTR_VALUE, ID) values ('53db70f8-9fac-4b6b-8d51-c719f28d8375', 'kuali.attribute.where.fees.attached.flag', 'a789e4a7-9b3f-4274-b2dc-f3808969e560', 0, 'ca150e31-3862-4126-b00a-aea594fc2ac7')
/
insert into KSEN_LUI_ATTR (OBJ_ID, ATTR_KEY, OWNER_ID, ATTR_VALUE, ID) values ('56737920-1f9d-43fb-bea2-40196bb7a909', 'kuali.attribute.funding.source', 'a789e4a7-9b3f-4274-b2dc-f3808969e560', '', '03927871-eeba-4a43-ad12-2ac160483484')
/
insert into KSEN_LUI_ATTR (OBJ_ID, ATTR_KEY, OWNER_ID, ATTR_VALUE, ID) values ('d6ff870a-0e66-4540-8220-5b977e48d9d1', 'kuali.attribute.wait.list.type.key', 'a789e4a7-9b3f-4274-b2dc-f3808969e560', null, '2de04fa6-46ec-4425-8bb7-f1d481f4d561')
/
insert into KSEN_LUI_ATTR (OBJ_ID, ATTR_KEY, OWNER_ID, ATTR_VALUE, ID) values ('09724dbd-bf3c-4e04-ad18-1bc9a222b489', 'kuali.attribute.final.exam.driver', 'a789e4a7-9b3f-4274-b2dc-f3808969e560', 'kuali.lu.exam.driver.ActivityOffering', '996b47c3-61d7-4b87-bf36-b616bcec33df')
/
insert into KSEN_LUI_ATTR (OBJ_ID, ATTR_KEY, OWNER_ID, ATTR_VALUE, ID) values ('0df7a7c9-cf3c-4d30-bb29-013a5113128e', 'kuali.attribute.wait.list.level.type.key', 'a789e4a7-9b3f-4274-b2dc-f3808969e560', 'AO', 'a79f514f-e011-413f-8247-89c4ec8c4924')
/
insert into KSEN_LUI_ATTR (OBJ_ID, ATTR_KEY, OWNER_ID, ATTR_VALUE, ID) values ('b3761538-4b3c-45de-b319-dbbfa8cdf3b0', 'kuali.attribute.course.evaluation.indicator', 'a789e4a7-9b3f-4274-b2dc-f3808969e560', 0, '15f77639-1fa9-4d03-9ade-4692f4e43aad')
/
insert into KSEN_LUI_ATTR (OBJ_ID, ATTR_KEY, OWNER_ID, ATTR_VALUE, ID) values ('6504323a-0ed7-495f-a253-b91f9da4ed87', 'kuali.attribute.final.exam.indicator', 'a789e4a7-9b3f-4274-b2dc-f3808969e560', 'STANDARD', '8ec351a3-5dad-49a9-a9c2-056f40b778b8')
/
insert into KSEN_LUI_ATTR (OBJ_ID, ATTR_KEY, OWNER_ID, ATTR_VALUE, ID) values ('834a5cc5-64df-4e42-b696-0e412f250c7e', 'kuali.attribute.course.number.internal.suffix', 'a789e4a7-9b3f-4274-b2dc-f3808969e560', 'A', '7d200dda-46a7-4ea9-88df-ceff91b77b74')
/
insert into KSEN_LUI_IDENT (OBJ_ID, VER_NBR, CREATEID, CREATETIME, UPDATEID, UPDATETIME, LUI_CD, DIVISION, IDENT_LEVEL, LNG_NAME, LUI_ID, ORGID, SHRT_NAME, LUI_ID_STATE, SUFX_CD, LUI_ID_TYPE, VARTN, ID) values ('ec172587-d52f-4e23-bfc2-9e0283b9d605', 0, 'admin', TIMESTAMP '2014-02-06 10:34:38.883', 'admin', TIMESTAMP '2014-02-06 10:34:38.883', 'HIST240', 'HIST', '', 'Europe in the Twentieth Century', 'a789e4a7-9b3f-4274-b2dc-f3808969e560', '', '', 'kuali.lui.identifier.state.active', '', 'kuali.lui.identifier.type.official', '', 'd4a6c1aa-525f-4aa0-98af-e4d3f5561dd7')
/
insert into KSEN_LUI_LU_CD (OBJ_ID, VER_NBR, CREATEID, CREATETIME, UPDATEID, UPDATETIME, DESCR_FORMATTED, LUI_ID, DESCR_PLAIN, LUI_LUCD_TYPE, VALUE, ID) values ('3d1ab94f-b530-491b-8db9-5db9a1a54f1f', 0, 'admin', TIMESTAMP '2014-02-06 10:34:38.883', 'admin', TIMESTAMP '2014-02-06 10:34:38.883', '', 'a789e4a7-9b3f-4274-b2dc-f3808969e560', '', 'kuali.lu.code.honorsOffering', '', '96103141-1d7b-47f6-aa55-432ef9aac6ea')
/
insert into KSEN_LUI_UNITS_DEPLOYMENT (LUI_ID, ORG_ID, ID) values ('a789e4a7-9b3f-4274-b2dc-f3808969e560', '3213375036', '383f36a0-0a3d-462c-b359-3ef241c070e8')
/
insert into KSEN_LUI_UNITS_CONT_OWNER (LUI_ID, ORG_ID) values ('a789e4a7-9b3f-4274-b2dc-f3808969e560', '3213375036')
/
insert into KSEN_LUI_RESULT_VAL_GRP (LUI_ID, RESULT_VAL_GRP_ID) values ('a789e4a7-9b3f-4274-b2dc-f3808969e560', 'kuali.resultComponent.grade.letter')
/
insert into KSEN_LUI_RESULT_VAL_GRP (LUI_ID, RESULT_VAL_GRP_ID) values ('a789e4a7-9b3f-4274-b2dc-f3808969e560', 'kuali.resultComponent.grade.audit')
/
insert into KSEN_LUI_RESULT_VAL_GRP (LUI_ID, RESULT_VAL_GRP_ID) values ('a789e4a7-9b3f-4274-b2dc-f3808969e560', 'kuali.resultComponent.grade.passFail')
/
insert into KSEN_LUI_RESULT_VAL_GRP (LUI_ID, RESULT_VAL_GRP_ID) values ('a789e4a7-9b3f-4274-b2dc-f3808969e560', 'kuali.creditType.credit.degree.3.0')
/
insert into KSEN_LUI (OBJ_ID, VER_NBR, CREATEID, CREATETIME, UPDATEID, UPDATETIME, ATP_ID, CLU_ID, EFF_DT, EXPIR_DT, DESCR_FORMATTED, LUI_STATE, LUI_TYPE, MAX_SEATS, MIN_SEATS, NAME, DESCR_PLAIN, REF_URL, ID) values ('9a883e94-f64a-4789-9d56-58fe713dc78d', 0, 'admin', TIMESTAMP '2014-02-06 10:34:38.883', 'admin', TIMESTAMP '2014-02-06 10:34:38.883', 'kuali.atp.2014Winter', 'e9b70810-8160-4c01-917b-6cd011536a5a', '', '', 'Courses with Lecture only', 'kuali.lui.format.offering.state.draft', 'kuali.lui.type.course.format.offering', '', '', 'Lecture Only', 'Courses with Lecture only', '', 'd89336c5-b0cc-487f-bc90-3fb7e49e648a')
/
insert into KSEN_LUI_ATTR (OBJ_ID, ATTR_KEY, OWNER_ID, ATTR_VALUE, ID) values ('575f0db4-7558-402b-a9e5-2d74de672d0b', 'kuali.attribute.grade.roster.level.type.key', 'd89336c5-b0cc-487f-bc90-3fb7e49e648a', 'kuali.lui.type.activity.offering.lecture', '5c752b70-f051-4477-bb27-9ba8c9b16b8f')
/
insert into KSEN_LUI_ATTR (OBJ_ID, ATTR_KEY, OWNER_ID, ATTR_VALUE, ID) values ('0c8fe895-a494-4b23-91f4-215f8c8634ce', 'regCodePrefix', 'd89336c5-b0cc-487f-bc90-3fb7e49e648a', '1', '4931a3c9-fe83-4a0a-af5b-032ca248a239')
/
insert into KSEN_LUI_ATTR (OBJ_ID, ATTR_KEY, OWNER_ID, ATTR_VALUE, ID) values ('bd848c81-80a2-40d5-84a3-44fdd6abcb76', 'kuali.attribute.final.exam.level.type', 'd89336c5-b0cc-487f-bc90-3fb7e49e648a', 'kuali.lu.type.activity.Lecture', 'd608e9a0-9cc6-4c85-96dd-7cddfed24167')
/
insert into KSEN_LUI_IDENT (OBJ_ID, VER_NBR, CREATEID, CREATETIME, UPDATEID, UPDATETIME, LUI_CD, DIVISION, IDENT_LEVEL, LNG_NAME, LUI_ID, ORGID, SHRT_NAME, LUI_ID_STATE, SUFX_CD, LUI_ID_TYPE, VARTN, ID) values ('b7e86dde-12ff-4509-98c9-59887fc8bcc8', 0, 'admin', TIMESTAMP '2014-02-06 10:34:38.883', 'admin', TIMESTAMP '2014-02-06 10:34:38.883', '', '', '', 'Lecture Only', 'd89336c5-b0cc-487f-bc90-3fb7e49e648a', '', 'LEC', 'kuali.lui.identifier.state.active', '', 'kuali.lui.identifier.type.official', '', '8962d9ec-4f27-49f3-8d3d-fa4b30b267d2')
/
insert into KSEN_LUI_RELATED_LUI_TYPES (LUI_ID, RELATED_LUI_TYPE) values ('d89336c5-b0cc-487f-bc90-3fb7e49e648a', 'kuali.lui.type.activity.offering.lecture')
/
insert into KSEN_LUILUI_RELTN (OBJ_ID, VER_NBR, CREATEID, CREATETIME, UPDATEID, UPDATETIME, EFF_DT, EXPIR_DT, DESCR_FORMATTED, LUI_ID, LUILUI_RELTN_STATE, LUILUI_RELTN_TYPE, NAME, DESCR_PLAIN, RELATED_LUI_ID, ID) values ('53dcf45d-5be2-4bde-ba95-647a24fc4628', 0, 'admin', TIMESTAMP '2014-02-06 10:34:38.883', 'admin', TIMESTAMP '2014-02-06 10:34:38.883', TIMESTAMP '2014-02-06 10:36:30.135', '', 'HIST240-CO-FO', 'a789e4a7-9b3f-4274-b2dc-f3808969e560', 'kuali.lui.lui.relation.state.active', 'kuali.lui.lui.relation.type.deliveredvia.co2fo', 'co-fo-relation', 'HIST240-CO-FO', 'd89336c5-b0cc-487f-bc90-3fb7e49e648a', 'f06b7b16-6e37-48ce-a143-2cd5ddd65883')
/
insert into KSEN_LUI (OBJ_ID, VER_NBR, CREATEID, CREATETIME, UPDATEID, UPDATETIME, ATP_ID, CLU_ID, EFF_DT, EXPIR_DT, DESCR_FORMATTED, LUI_STATE, LUI_TYPE, MAX_SEATS, MIN_SEATS, NAME, DESCR_PLAIN, REF_URL, ID) values ('e6daa616-b97e-4a4b-ac26-87ddbc2b1235', 0, 'admin', TIMESTAMP '2014-02-06 10:34:38.883', 'admin', TIMESTAMP '2014-02-06 10:34:38.883', 'kuali.atp.2014Winter', '2ed3cb96-4219-4f5f-8825-b410addbfa5c', '', '', 'Courses with lecture', 'kuali.lui.activity.offering.state.draft', 'kuali.lui.type.activity.offering.lecture', 40, 40, 'Lecture', 'Courses with lecture', null, '7552f83f-8fab-46fc-9847-4a7b1cf88542')
/
insert into KSEN_LUI_ATTR (OBJ_ID, ATTR_KEY, OWNER_ID, ATTR_VALUE, ID) values ('e9ce5ad8-20bd-4ebb-8f10-6968d140859f', 'kuali.attribute.max.enrollment.is.estimate', '7552f83f-8fab-46fc-9847-4a7b1cf88542', 0, 'b12da073-0738-4c42-95c8-a4263982b6a3')
/
insert into KSEN_LUI_ATTR (OBJ_ID, ATTR_KEY, OWNER_ID, ATTR_VALUE, ID) values ('6fc396ea-5d1a-452a-8bbc-75fe020c3c64', 'kuali.attribute.course.evaluation.indicator', '7552f83f-8fab-46fc-9847-4a7b1cf88542', 0, '613fb4d6-1a78-49be-b19d-5273ab20a3c5')
/
insert into KSEN_LUI_ATTR (OBJ_ID, ATTR_KEY, OWNER_ID, ATTR_VALUE, ID) values ('c283efed-73a8-44ab-b160-4d6276d7206a', 'kuali.attribute.nonstd.ts.indicator', '7552f83f-8fab-46fc-9847-4a7b1cf88542', 0, '1d36aa83-2110-4506-aa1e-ad9d77f55095')
/
insert into KSEN_LUI_IDENT (OBJ_ID, VER_NBR, CREATEID, CREATETIME, UPDATEID, UPDATETIME, LUI_CD, DIVISION, IDENT_LEVEL, LNG_NAME, LUI_ID, ORGID, SHRT_NAME, LUI_ID_STATE, SUFX_CD, LUI_ID_TYPE, VARTN, ID) values ('2bba15b3-7165-4118-abc2-870a9c3ea767', 0, 'admin', TIMESTAMP '2014-02-06 10:34:38.883', 'admin', TIMESTAMP '2014-02-06 10:34:38.883', 'A', '', '', '', '7552f83f-8fab-46fc-9847-4a7b1cf88542', '', '', 'kuali.lui.identifier.state.active', '', 'kuali.lui.identifier.type.official', '', 'dc24ecc6-0f1a-4454-8a01-6175437047c9')
/
insert into KSEN_LUI_LU_CD (OBJ_ID, VER_NBR, CREATEID, CREATETIME, UPDATEID, UPDATETIME, DESCR_FORMATTED, LUI_ID, DESCR_PLAIN, LUI_LUCD_TYPE, VALUE, ID) values ('54d8961f-6a9c-4985-9dea-b7895a30167b', 0, 'admin', TIMESTAMP '2014-02-06 10:34:38.883', 'admin', TIMESTAMP '2014-02-06 10:34:38.883', '', '7552f83f-8fab-46fc-9847-4a7b1cf88542', '', 'kuali.lu.code.honorsOffering', 0, '9b8ade9f-3cf3-40d3-ab0a-6ba30436882d')
/
insert into KSEN_LPR (OBJ_ID, VER_NBR, CREATEID, CREATETIME, UPDATEID, UPDATETIME, ATP_ID, COMMIT_PERCT, CREDITS, EFF_DT, EXPIR_DT, GRADING_OPT_ID, LUI_ID, MASTER_LUI_ID, PERS_ID, LPR_STATE, LPR_TYPE, ID) values ('9f406d03-5bcf-4fea-9063-c8313cd358a2', 0, 'admin', TIMESTAMP '2014-02-06 10:34:38.883', 'admin', TIMESTAMP '2014-02-06 10:34:38.883', '', '100.00', '', TIMESTAMP '2014-02-06 10:36:30.266', '', '', '7552f83f-8fab-46fc-9847-4a7b1cf88542', '', 'S.PHILIPW', 'kuali.lpr.state.active', 'kuali.lpr.type.instructor.main', '5b0dc900-cbf6-429a-a43e-d80e9d16eb0e')
/
insert into KSEN_LUILUI_RELTN (OBJ_ID, VER_NBR, CREATEID, CREATETIME, UPDATEID, UPDATETIME, EFF_DT, EXPIR_DT, DESCR_FORMATTED, LUI_ID, LUILUI_RELTN_STATE, LUILUI_RELTN_TYPE, NAME, DESCR_PLAIN, RELATED_LUI_ID, ID) values ('fefdb681-0d3b-455b-b6dd-418956280926', 0, 'admin', TIMESTAMP '2014-02-06 10:34:38.883', 'admin', TIMESTAMP '2014-02-06 10:34:38.883', TIMESTAMP '2014-02-06 10:36:30.301', '', 'HIST240-FO-AO', 'd89336c5-b0cc-487f-bc90-3fb7e49e648a', 'kuali.lui.lui.relation.state.active', 'kuali.lui.lui.relation.type.deliveredvia.fo2ao', 'fo-ao-relation', 'HIST240-FO-AO', '7552f83f-8fab-46fc-9847-4a7b1cf88542', 'f1891f96-5214-44e8-8aab-405ee4b53f2b')
/
insert into KSEN_SCHED_RQST_SET (OBJ_ID, VER_NBR, CREATEID, CREATETIME, UPDATEID, UPDATETIME, DESCR_FORMATTED, MAX_ENRL_SHARED_IND, MAX_ENRL, NAME, DESCR_PLAIN, REF_OBJECT_TYPE, SCHED_RQST_SET_STATE, SCHED_RQST_SET_TYPE, ID) values ('c5fcac7d-4e37-48fc-812c-1496cc587df0', 0, 'admin', TIMESTAMP '2014-02-06 10:34:38.883', 'admin', TIMESTAMP '2014-02-06 10:34:38.883', '', 0, '', 'Schedule request set for HIST240 - A', '', 'http://student.kuali.org/wsdl/courseOffering/ActivityOfferingInfo', 'kuali.scheduling.schedule.request.set.state.created', 'kuali.scheduling.schedule.request.set.type.schedule.request.set', '5997e84b-89a8-4fbb-9660-71482c0b060e')
/
insert into KSEN_SCHED_RQST (OBJ_ID, VER_NBR, CREATEID, CREATETIME, UPDATEID, UPDATETIME, DESCR_FORMATTED, NAME, DESCR_PLAIN, SCHED_RQST_STATE, SCHED_RQST_TYPE, SCHED_ID, SCHED_RQST_SET_ID, ID) values ('fd05b7b3-77d7-45c2-8e72-626bdd210045', 0, 'admin', TIMESTAMP '2014-02-06 10:34:38.883', 'admin', TIMESTAMP '2014-02-06 10:34:38.883', '', 'Schedule request for HIST240 - A', '', 'kuali.scheduling.schedule.request.state.created', 'kuali.scheduling.schedule.request.type.schedule.request', '', '5997e84b-89a8-4fbb-9660-71482c0b060e', '2592ef80-2f50-4e62-87d7-dd13b228b716')
/
insert into KSEN_SCHED_RQST_CMP (OBJ_ID, TBA_IND, SCHED_RQST_ID, ID) values ('0467334f-0d91-4bc9-aa8b-c4ca29976afd', 0, '2592ef80-2f50-4e62-87d7-dd13b228b716', '1760e15d-2985-43ba-842b-854b46c22874')
/
insert into KSEN_SCHED_REF_OBJECT (SCHED_RQST_SET_ID, REF_OBJECT_ID) values ('5997e84b-89a8-4fbb-9660-71482c0b060e', '7552f83f-8fab-46fc-9847-4a7b1cf88542')
/
insert into KSEN_SCHED_RQST_CMP_BLDG (CMP_ID, BUILDING_ID) values ('1760e15d-2985-43ba-842b-854b46c22874', 'd5138c2b-01ee-4e81-b526-38ed2a7c60a3')
/
insert into KSEN_SCHED_RQST_CMP_CAMPUS (CMP_ID, CAMPUS_ID) values ('1760e15d-2985-43ba-842b-854b46c22874', 'UMCP')
/
insert into KSEN_SCHED_RQST_CMP_ROOM (CMP_ID, ROOM_ID) values ('1760e15d-2985-43ba-842b-854b46c22874', '6dd715ea-cc9b-4cd1-9a34-f96628650406')
/
insert into KSEN_SCHED_RQST_CMP_TMSLOT (CMP_ID, TM_SLOT_ID) values ('1760e15d-2985-43ba-842b-854b46c22874', '4A6971D2-447D-4359-B949-F4EDF104A0AA')
/
insert into KSEN_CWL (OBJ_ID, VER_NBR, CREATEID, CREATETIME, UPDATEID, UPDATETIME, ALLOW_HOLD_UTIL_ENTRIES_IND, AUTO_PROCESSED_IND, CHECK_IN_REQ_IND, CONF_REQ_IND, EFF_DT, EXPIR_DT, MAX_SIZE, REG_IN_FIRST_AAO_IND, STD_DUR_TIME_QTY, STD_DUR_TYPE, CWL_STATE, CWL_TYPE, ID) values ('0a06be38-365b-4512-93bc-ca8eac5a9f0c', 0, 'admin', TIMESTAMP '2014-02-06 10:34:38.883', 'admin', TIMESTAMP '2014-02-06 10:34:38.883', 1, 1, 0, 1, TIMESTAMP '2013-01-02 00:00:00.0', '', '', 1, '', '', 'kuali.course.waitlist.state.active', 'kuali.course.waitlist.type.course.waitlist', '676a81e2-7cc7-4556-9e0d-da5fdd1a2a10')
/
insert into KSEN_CWL_ACTIV_OFFER (CWL_ID, ACTIV_OFFER_ID) values ('676a81e2-7cc7-4556-9e0d-da5fdd1a2a10', '7552f83f-8fab-46fc-9847-4a7b1cf88542')
/
insert into KSEN_CWL_FORMAT_OFFER (CWL_ID, FORMAT_OFFER_ID) values ('676a81e2-7cc7-4556-9e0d-da5fdd1a2a10', 'd89336c5-b0cc-487f-bc90-3fb7e49e648a')
/
insert into KSEN_CO_AO_CLUSTER (OBJ_ID, VER_NBR, CREATEID, CREATETIME, UPDATEID, UPDATETIME, AO_CLUSTER_STATE, AO_CLUSTER_TYPE, DESCR_FORMATTED, DESCR_PLAIN, FORMAT_OFFERING_ID, NAME, PRIVATE_NAME, ID) values ('9ccac70e-29aa-46a3-81ea-c056f8baa4c9', 0, 'admin', TIMESTAMP '2014-02-06 10:34:38.883', 'admin', TIMESTAMP '2014-02-06 10:34:38.883', 'kuali.activity.offering.cluster.state.active', 'kuali.activity.offering.cluster.type.activity.offering.cluster', '', '', 'd89336c5-b0cc-487f-bc90-3fb7e49e648a', 'CL 1', 'CL 1', '43013a50-0a09-4713-b77f-460f6d4ce7c1')
/
insert into KSEN_CO_AO_CLUSTER_SET (OBJ_ID, ACTIVITY_OFFERING_TYPE, AO_CLUSTER_ID, ID) values ('c8674620-12e8-460d-a20f-e9a6c5937712', 'kuali.lui.type.activity.offering.lecture', '43013a50-0a09-4713-b77f-460f6d4ce7c1', '682fcba3-b5a8-4d01-9ace-ee5330bc19e8')
/
insert into KSEN_CO_AO_CLUSTER_SET_AO (AOC_SET_ID, ACTIVITY_OFFERING_ID) values ('682fcba3-b5a8-4d01-9ace-ee5330bc19e8', '7552f83f-8fab-46fc-9847-4a7b1cf88542')
/
update KSEN_CO_AO_CLUSTER_SET set AO_CLUSTER_ID='43013a50-0a09-4713-b77f-460f6d4ce7c1' where ID='682fcba3-b5a8-4d01-9ace-ee5330bc19e8'
/
insert into KSEN_LUI (OBJ_ID, VER_NBR, CREATEID, CREATETIME, UPDATEID, UPDATETIME, ATP_ID, CLU_ID, EFF_DT, EXPIR_DT, DESCR_FORMATTED, LUI_STATE, LUI_TYPE, MAX_SEATS, MIN_SEATS, NAME, DESCR_PLAIN, REF_URL, ID) values ('c00d92f9-c48b-44a4-8ecb-331582eccc31', 0, 'admin', TIMESTAMP '2014-02-06 10:34:38.883', 'admin', TIMESTAMP '2014-02-06 10:34:38.883', 'kuali.atp.2014Winter', 'e9b70810-8160-4c01-917b-6cd011536a5a', '', '', '1001', 'kuali.lui.registration.group.state.pending', 'kuali.lui.type.registration.group', '', '', '1001', '1001', '', '652ea143-7fb2-4315-acfa-4b69d2a60bc2')
/
insert into KSEN_LUI_ATTR (OBJ_ID, ATTR_KEY, OWNER_ID, ATTR_VALUE, ID) values ('533f745b-ffda-4649-836e-99f36fb7b61b', 'kuali.attribute.registration.group.aocluster.id', '652ea143-7fb2-4315-acfa-4b69d2a60bc2', '43013a50-0a09-4713-b77f-460f6d4ce7c1', '49c07c2e-0994-46b2-8ebc-66cb3af0afe6')
/
insert into KSEN_LUI_ATTR (OBJ_ID, ATTR_KEY, OWNER_ID, ATTR_VALUE, ID) values ('a22bf4a9-c0b6-4683-b8f4-b3f99f4627d4', 'kuali.attribute.registration.group.is.generated', '652ea143-7fb2-4315-acfa-4b69d2a60bc2', 1, 'cd943011-3140-4e62-bb07-8e8f1c770d07')
/
insert into KSEN_LUI_IDENT (OBJ_ID, VER_NBR, CREATEID, CREATETIME, UPDATEID, UPDATETIME, LUI_CD, DIVISION, IDENT_LEVEL, LNG_NAME, LUI_ID, ORGID, SHRT_NAME, LUI_ID_STATE, SUFX_CD, LUI_ID_TYPE, VARTN, ID) values ('c9e5ed35-9b76-4b23-bbdf-fa32bb5436f2', 0, 'admin', TIMESTAMP '2014-02-06 10:34:38.883', 'admin', TIMESTAMP '2014-02-06 10:34:38.883', '', '', '', '', '652ea143-7fb2-4315-acfa-4b69d2a60bc2', '', '', 'kuali.lui.identifier.state.active', '', 'kuali.lui.identifier.type.official', '', 'fd47642d-1d48-4f45-80e3-a5acdbb1c068')
/
insert into KSEN_LUILUI_RELTN (OBJ_ID, VER_NBR, CREATEID, CREATETIME, UPDATEID, UPDATETIME, EFF_DT, EXPIR_DT, DESCR_FORMATTED, LUI_ID, LUILUI_RELTN_STATE, LUILUI_RELTN_TYPE, NAME, DESCR_PLAIN, RELATED_LUI_ID, ID) values ('b95404a9-abf8-49d1-996f-5a20d059f7c4', 0, 'admin', TIMESTAMP '2014-02-06 10:34:38.883', 'admin', TIMESTAMP '2014-02-06 10:34:38.883', TIMESTAMP '2014-02-06 10:36:31.128', '', 'HIST240-FO-RG', 'd89336c5-b0cc-487f-bc90-3fb7e49e648a', 'kuali.lui.lui.relation.state.active', 'kuali.lui.lui.relation.type.deliveredvia.fo2rg', 'fo-rg-relation', 'HIST240-FO-RG', '652ea143-7fb2-4315-acfa-4b69d2a60bc2', 'c3acab38-4dd5-49f9-ad13-405220dd37e7')
/
insert into KSEN_LUILUI_RELTN (OBJ_ID, VER_NBR, CREATEID, CREATETIME, UPDATEID, UPDATETIME, EFF_DT, EXPIR_DT, DESCR_FORMATTED, LUI_ID, LUILUI_RELTN_STATE, LUILUI_RELTN_TYPE, NAME, DESCR_PLAIN, RELATED_LUI_ID, ID) values ('336d5120-7d10-48b4-8457-9b6728f60dc7', 0, 'admin', TIMESTAMP '2014-02-06 10:34:38.883', 'admin', TIMESTAMP '2014-02-06 10:34:38.883', TIMESTAMP '2014-02-06 10:36:31.158', '', 'HIST240-RG-AO', '652ea143-7fb2-4315-acfa-4b69d2a60bc2', 'kuali.lui.lui.relation.state.active', 'kuali.lui.lui.relation.type.registeredforvia.rg2ao', 'rg-ao-relation', 'HIST240-RG-AO', '7552f83f-8fab-46fc-9847-4a7b1cf88542', 'aac4e836-6d3d-4925-8195-46c2fe5bc30b')
/
insert into KSEN_LUI (OBJ_ID, VER_NBR, CREATEID, CREATETIME, UPDATEID, UPDATETIME, ATP_ID, CLU_ID, EFF_DT, EXPIR_DT, DESCR_FORMATTED, LUI_STATE, LUI_TYPE, MAX_SEATS, MIN_SEATS, NAME, DESCR_PLAIN, REF_URL, ID) values ('a7a3ef0f-97fb-4289-95e9-8a9611260307', 0, 'admin', TIMESTAMP '2014-02-06 10:34:38.883', 'admin', TIMESTAMP '2014-02-06 10:34:38.883', 'kuali.atp.2014Winter', '0d58db7f-de33-4ab1-8d4a-7d8d9a7fce2b', TIMESTAMP '2014-01-02 00:00:00.0', '', 'A cross-section of American folk and popular songs in their cultural contexts; artists from Bill Monroe to Robert Johnson.', 'kuali.lui.course.offering.state.draft', 'kuali.lui.type.course.offering', '', '', 'ENGL462 CO', 'A cross-section of American folk and popular songs in their cultural contexts; artists from Bill Monroe to Robert Johnson.', null, 'cccc982e-567b-49ae-bc77-afcfd9d99886')
/
insert into KSEN_LUI_ATTR (OBJ_ID, ATTR_KEY, OWNER_ID, ATTR_VALUE, ID) values ('a28e16b4-1630-497b-88a5-7b058958d48f', 'kuali.attribute.course.number.internal.suffix', 'cccc982e-567b-49ae-bc77-afcfd9d99886', 'A', 'd306d470-e348-42c0-837a-bc61299f7513')
/
insert into KSEN_LUI_ATTR (OBJ_ID, ATTR_KEY, OWNER_ID, ATTR_VALUE, ID) values ('df352243-d1e4-4749-a52c-8e3a58143ab0', 'kuali.attribute.final.exam.use.matrix', 'cccc982e-567b-49ae-bc77-afcfd9d99886', 1, 'fd34914d-871f-487a-9acd-a08f4ee3209f')
/
insert into KSEN_LUI_ATTR (OBJ_ID, ATTR_KEY, OWNER_ID, ATTR_VALUE, ID) values ('3416a084-4a84-4903-b925-8b1a7828e602', 'kuali.attribute.wait.list.level.type.key', 'cccc982e-567b-49ae-bc77-afcfd9d99886', 'AO', '1776e88f-6bd0-4fcc-9888-c2095cb26f22')
/
insert into KSEN_LUI_ATTR (OBJ_ID, ATTR_KEY, OWNER_ID, ATTR_VALUE, ID) values ('8239f3ba-c155-4ec7-a379-b52384133e55', 'kuali.attribute.funding.source', 'cccc982e-567b-49ae-bc77-afcfd9d99886', '', '08c772cf-8312-456a-9826-6e1b1ed0ccda')
/
insert into KSEN_LUI_ATTR (OBJ_ID, ATTR_KEY, OWNER_ID, ATTR_VALUE, ID) values ('5db734fd-11a9-42fb-97a1-0d437a25f18b', 'kuali.attribute.wait.list.indicator', 'cccc982e-567b-49ae-bc77-afcfd9d99886', 1, 'fe4a85e4-0247-4134-a271-79d3864743eb')
/
insert into KSEN_LUI_ATTR (OBJ_ID, ATTR_KEY, OWNER_ID, ATTR_VALUE, ID) values ('b06a0474-d6b7-450c-9020-2182b7316627', 'kuali.attribute.final.exam.driver', 'cccc982e-567b-49ae-bc77-afcfd9d99886', 'kuali.lu.exam.driver.ActivityOffering', 'e1f07413-7b30-4a46-a096-08b292fb3049')
/
insert into KSEN_LUI_ATTR (OBJ_ID, ATTR_KEY, OWNER_ID, ATTR_VALUE, ID) values ('3330eeed-ad33-403f-906c-41c9b858b718', 'kuali.attribute.final.exam.indicator', 'cccc982e-567b-49ae-bc77-afcfd9d99886', 'STANDARD', '676bd162-f048-4bdf-821e-0bbe42ee09d6')
/
insert into KSEN_LUI_ATTR (OBJ_ID, ATTR_KEY, OWNER_ID, ATTR_VALUE, ID) values ('e616daf0-a243-4b71-9f6c-ea02c89a5171', 'kuali.attribute.where.fees.attached.flag', 'cccc982e-567b-49ae-bc77-afcfd9d99886', 0, '0654ad26-caad-4439-81fe-fb95b5f7dbbe')
/
insert into KSEN_LUI_ATTR (OBJ_ID, ATTR_KEY, OWNER_ID, ATTR_VALUE, ID) values ('f03fec18-64a0-4b03-91f4-75bcf0167451', 'kuali.attribute.course.evaluation.indicator', 'cccc982e-567b-49ae-bc77-afcfd9d99886', 0, 'c08b477f-aac6-45eb-a795-43b4fca9828d')
/
insert into KSEN_LUI_ATTR (OBJ_ID, ATTR_KEY, OWNER_ID, ATTR_VALUE, ID) values ('a8b48139-bd4e-4622-93e2-27d74decb59d', 'kuali.attribute.wait.list.type.key', 'cccc982e-567b-49ae-bc77-afcfd9d99886', null, 'fdb35157-c55e-4f44-898b-1ae769dcce32')
/
insert into KSEN_LUI_IDENT (OBJ_ID, VER_NBR, CREATEID, CREATETIME, UPDATEID, UPDATETIME, LUI_CD, DIVISION, IDENT_LEVEL, LNG_NAME, LUI_ID, ORGID, SHRT_NAME, LUI_ID_STATE, SUFX_CD, LUI_ID_TYPE, VARTN, ID) values ('fa7b05cc-0277-46ff-a520-2dfb219921e7', 0, 'admin', TIMESTAMP '2014-02-06 10:34:38.883', 'admin', TIMESTAMP '2014-02-06 10:34:38.883', 'ENGL462', 'ENGL', '', 'Folksong and Ballad', 'cccc982e-567b-49ae-bc77-afcfd9d99886', '', '', 'kuali.lui.identifier.state.active', '', 'kuali.lui.identifier.type.official', '', '92c7159d-4170-4d86-ad10-2693cd18cacc')
/
insert into KSEN_LUI_LU_CD (OBJ_ID, VER_NBR, CREATEID, CREATETIME, UPDATEID, UPDATETIME, DESCR_FORMATTED, LUI_ID, DESCR_PLAIN, LUI_LUCD_TYPE, VALUE, ID) values ('9d08cdac-1235-4d60-92cd-7dfdd70b2e39', 0, 'admin', TIMESTAMP '2014-02-06 10:34:38.883', 'admin', TIMESTAMP '2014-02-06 10:34:38.883', '', 'cccc982e-567b-49ae-bc77-afcfd9d99886', '', 'kuali.lu.code.honorsOffering', '', '5fb18400-5597-4650-85fc-894ed9d1f4dd')
/
insert into KSEN_LUI_UNITS_DEPLOYMENT (LUI_ID, ORG_ID, ID) values ('cccc982e-567b-49ae-bc77-afcfd9d99886', '2677933260', '0ab79e43-0ef6-44ef-8c18-8634ed6832ea')
/
insert into KSEN_LUI_UNITS_CONT_OWNER (LUI_ID, ORG_ID) values ('cccc982e-567b-49ae-bc77-afcfd9d99886', '2677933260')
/
insert into KSEN_LUI_RESULT_VAL_GRP (LUI_ID, RESULT_VAL_GRP_ID) values ('cccc982e-567b-49ae-bc77-afcfd9d99886', 'kuali.resultComponent.grade.letter')
/
insert into KSEN_LUI_RESULT_VAL_GRP (LUI_ID, RESULT_VAL_GRP_ID) values ('cccc982e-567b-49ae-bc77-afcfd9d99886', 'kuali.resultComponent.grade.audit')
/
insert into KSEN_LUI_RESULT_VAL_GRP (LUI_ID, RESULT_VAL_GRP_ID) values ('cccc982e-567b-49ae-bc77-afcfd9d99886', 'kuali.resultComponent.grade.passFail')
/
insert into KSEN_LUI_RESULT_VAL_GRP (LUI_ID, RESULT_VAL_GRP_ID) values ('cccc982e-567b-49ae-bc77-afcfd9d99886', 'kuali.creditType.credit.degree.3.0')
/
insert into KSEN_LUI (OBJ_ID, VER_NBR, CREATEID, CREATETIME, UPDATEID, UPDATETIME, ATP_ID, CLU_ID, EFF_DT, EXPIR_DT, DESCR_FORMATTED, LUI_STATE, LUI_TYPE, MAX_SEATS, MIN_SEATS, NAME, DESCR_PLAIN, REF_URL, ID) values ('38114ce4-a26e-41bd-b2ba-a042cc77874d', 0, 'admin', TIMESTAMP '2014-02-06 10:34:38.883', 'admin', TIMESTAMP '2014-02-06 10:34:38.883', 'kuali.atp.2014Winter', '85d23c02-4b65-44bd-8718-3e0f409a7015', '', '', 'Courses with Lecture only', 'kuali.lui.format.offering.state.draft', 'kuali.lui.type.course.format.offering', '', '', 'Lecture Only', 'Courses with Lecture only', '', '3d2a61bd-2465-484e-88a9-c2cf891cdf2b')
/
insert into KSEN_LUI_ATTR (OBJ_ID, ATTR_KEY, OWNER_ID, ATTR_VALUE, ID) values ('ac6fd3f8-d6db-4335-bab3-6db021f3877d', 'kuali.attribute.final.exam.level.type', '3d2a61bd-2465-484e-88a9-c2cf891cdf2b', 'kuali.lu.type.activity.Lecture', '7cc4d0c1-425d-4cc3-97fc-dda13dfbd97d')
/
insert into KSEN_LUI_ATTR (OBJ_ID, ATTR_KEY, OWNER_ID, ATTR_VALUE, ID) values ('7005bd82-a4e0-4949-8587-5ebd52b4c1e2', 'kuali.attribute.grade.roster.level.type.key', '3d2a61bd-2465-484e-88a9-c2cf891cdf2b', 'kuali.lui.type.activity.offering.lecture', 'c572dc52-61fe-4e5f-9d95-d897290bb3a6')
/
insert into KSEN_LUI_ATTR (OBJ_ID, ATTR_KEY, OWNER_ID, ATTR_VALUE, ID) values ('5c9550ce-3a8b-4f82-843c-f86905a9a530', 'regCodePrefix', '3d2a61bd-2465-484e-88a9-c2cf891cdf2b', '1', 'e6c6d4d2-0996-4f5b-9282-135f180be150')
/
insert into KSEN_LUI_IDENT (OBJ_ID, VER_NBR, CREATEID, CREATETIME, UPDATEID, UPDATETIME, LUI_CD, DIVISION, IDENT_LEVEL, LNG_NAME, LUI_ID, ORGID, SHRT_NAME, LUI_ID_STATE, SUFX_CD, LUI_ID_TYPE, VARTN, ID) values ('2da8adcd-5f79-49c6-ae5d-554a8fbe822c', 0, 'admin', TIMESTAMP '2014-02-06 10:34:38.883', 'admin', TIMESTAMP '2014-02-06 10:34:38.883', '', '', '', 'Lecture Only', '3d2a61bd-2465-484e-88a9-c2cf891cdf2b', '', 'LEC', 'kuali.lui.identifier.state.active', '', 'kuali.lui.identifier.type.official', '', '2a8ee320-4e7e-497c-a403-0a4e9f5a4e99')
/
insert into KSEN_LUI_RELATED_LUI_TYPES (LUI_ID, RELATED_LUI_TYPE) values ('3d2a61bd-2465-484e-88a9-c2cf891cdf2b', 'kuali.lui.type.activity.offering.lecture')
/
insert into KSEN_LUILUI_RELTN (OBJ_ID, VER_NBR, CREATEID, CREATETIME, UPDATEID, UPDATETIME, EFF_DT, EXPIR_DT, DESCR_FORMATTED, LUI_ID, LUILUI_RELTN_STATE, LUILUI_RELTN_TYPE, NAME, DESCR_PLAIN, RELATED_LUI_ID, ID) values ('6c49d4b3-6c0d-43ba-86c8-cf4148370609', 0, 'admin', TIMESTAMP '2014-02-06 10:34:38.883', 'admin', TIMESTAMP '2014-02-06 10:34:38.883', TIMESTAMP '2014-02-06 10:36:33.578', '', 'ENGL462-CO-FO', 'cccc982e-567b-49ae-bc77-afcfd9d99886', 'kuali.lui.lui.relation.state.active', 'kuali.lui.lui.relation.type.deliveredvia.co2fo', 'co-fo-relation', 'ENGL462-CO-FO', '3d2a61bd-2465-484e-88a9-c2cf891cdf2b', 'a03e5608-cb1b-4b67-bd17-7e2837ce12a1')
/
insert into KSEN_LUI (OBJ_ID, VER_NBR, CREATEID, CREATETIME, UPDATEID, UPDATETIME, ATP_ID, CLU_ID, EFF_DT, EXPIR_DT, DESCR_FORMATTED, LUI_STATE, LUI_TYPE, MAX_SEATS, MIN_SEATS, NAME, DESCR_PLAIN, REF_URL, ID) values ('b72f273e-162e-4dda-8725-a625bebbf43b', 0, 'admin', TIMESTAMP '2014-02-06 10:34:38.883', 'admin', TIMESTAMP '2014-02-06 10:34:38.883', 'kuali.atp.2014Winter', '702e6aba-fe80-4713-9ec7-caa1759a74e8', '', '', 'Courses with lecture', 'kuali.lui.activity.offering.state.draft', 'kuali.lui.type.activity.offering.lecture', 25, 25, 'Lecture', 'Courses with lecture', null, 'b480f7fc-c07b-4eec-8daa-130e7868394c')
/
insert into KSEN_LUI_ATTR (OBJ_ID, ATTR_KEY, OWNER_ID, ATTR_VALUE, ID) values ('0f99155b-6ef1-4e11-bc78-d0fcd24cb196', 'kuali.attribute.max.enrollment.is.estimate', 'b480f7fc-c07b-4eec-8daa-130e7868394c', 0, 'c452d773-8bf0-4f93-87cb-5a7397765ac8')
/
insert into KSEN_LUI_ATTR (OBJ_ID, ATTR_KEY, OWNER_ID, ATTR_VALUE, ID) values ('9c9e1ef9-d248-4061-a4ff-6de46ad25a1f', 'kuali.attribute.course.evaluation.indicator', 'b480f7fc-c07b-4eec-8daa-130e7868394c', 0, 'bef0b67e-0054-4629-9c21-d65ebeb31d9b')
/
insert into KSEN_LUI_ATTR (OBJ_ID, ATTR_KEY, OWNER_ID, ATTR_VALUE, ID) values ('1c99acfe-bc6f-4522-8be3-cd43c66e0867', 'kuali.attribute.nonstd.ts.indicator', 'b480f7fc-c07b-4eec-8daa-130e7868394c', 0, '776a2ca0-5e3a-4a8a-8dc5-5c340f3e4880')
/
insert into KSEN_LUI_IDENT (OBJ_ID, VER_NBR, CREATEID, CREATETIME, UPDATEID, UPDATETIME, LUI_CD, DIVISION, IDENT_LEVEL, LNG_NAME, LUI_ID, ORGID, SHRT_NAME, LUI_ID_STATE, SUFX_CD, LUI_ID_TYPE, VARTN, ID) values ('cc3981cc-2de6-4b71-944f-3adf5bf3be1f', 0, 'admin', TIMESTAMP '2014-02-06 10:34:38.883', 'admin', TIMESTAMP '2014-02-06 10:34:38.883', 'A', '', '', '', 'b480f7fc-c07b-4eec-8daa-130e7868394c', '', '', 'kuali.lui.identifier.state.active', '', 'kuali.lui.identifier.type.official', '', '41348993-d9c4-4d77-abb8-cfce8c74ea4c')
/
insert into KSEN_LUI_LU_CD (OBJ_ID, VER_NBR, CREATEID, CREATETIME, UPDATEID, UPDATETIME, DESCR_FORMATTED, LUI_ID, DESCR_PLAIN, LUI_LUCD_TYPE, VALUE, ID) values ('5e283f0a-3393-46ed-916a-28edb4eae9f6', 0, 'admin', TIMESTAMP '2014-02-06 10:34:38.883', 'admin', TIMESTAMP '2014-02-06 10:34:38.883', '', 'b480f7fc-c07b-4eec-8daa-130e7868394c', '', 'kuali.lu.code.honorsOffering', 0, 'd81250cb-a62b-43fb-96f9-0ecf432415e4')
/
insert into KSEN_LPR (OBJ_ID, VER_NBR, CREATEID, CREATETIME, UPDATEID, UPDATETIME, ATP_ID, COMMIT_PERCT, CREDITS, EFF_DT, EXPIR_DT, GRADING_OPT_ID, LUI_ID, MASTER_LUI_ID, PERS_ID, LPR_STATE, LPR_TYPE, ID) values ('06ccf17b-d75f-4ef6-a1bb-7cb579009414', 0, 'admin', TIMESTAMP '2014-02-06 10:34:38.883', 'admin', TIMESTAMP '2014-02-06 10:34:38.883', '', '100.00', '', TIMESTAMP '2014-02-06 10:36:33.649', '', '', 'b480f7fc-c07b-4eec-8daa-130e7868394c', '', 'P.BENJAMINS', 'kuali.lpr.state.active', 'kuali.lpr.type.instructor.main', '8d800dfd-57d9-4b0f-a744-4b480cb53e82')
/
insert into KSEN_LUILUI_RELTN (OBJ_ID, VER_NBR, CREATEID, CREATETIME, UPDATEID, UPDATETIME, EFF_DT, EXPIR_DT, DESCR_FORMATTED, LUI_ID, LUILUI_RELTN_STATE, LUILUI_RELTN_TYPE, NAME, DESCR_PLAIN, RELATED_LUI_ID, ID) values ('c7a87ce0-5590-4b97-bd87-ee30fa701258', 0, 'admin', TIMESTAMP '2014-02-06 10:34:38.883', 'admin', TIMESTAMP '2014-02-06 10:34:38.883', TIMESTAMP '2014-02-06 10:36:33.691', '', 'ENGL462-FO-AO', '3d2a61bd-2465-484e-88a9-c2cf891cdf2b', 'kuali.lui.lui.relation.state.active', 'kuali.lui.lui.relation.type.deliveredvia.fo2ao', 'fo-ao-relation', 'ENGL462-FO-AO', 'b480f7fc-c07b-4eec-8daa-130e7868394c', 'bd82ba7b-70bc-439f-bed5-9782a338145b')
/
insert into KSEN_SCHED_RQST_SET (OBJ_ID, VER_NBR, CREATEID, CREATETIME, UPDATEID, UPDATETIME, DESCR_FORMATTED, MAX_ENRL_SHARED_IND, MAX_ENRL, NAME, DESCR_PLAIN, REF_OBJECT_TYPE, SCHED_RQST_SET_STATE, SCHED_RQST_SET_TYPE, ID) values ('8630b014-1191-475c-8a60-4197ea0cdc3a', 0, 'admin', TIMESTAMP '2014-02-06 10:34:38.883', 'admin', TIMESTAMP '2014-02-06 10:34:38.883', '', 0, '', 'Schedule request set for ENGL462 - A', '', 'http://student.kuali.org/wsdl/courseOffering/ActivityOfferingInfo', 'kuali.scheduling.schedule.request.set.state.created', 'kuali.scheduling.schedule.request.set.type.schedule.request.set', '1a7bfc66-4efe-4fb2-8b1b-ca20bdd979c0')
/
insert into KSEN_SCHED_RQST (OBJ_ID, VER_NBR, CREATEID, CREATETIME, UPDATEID, UPDATETIME, DESCR_FORMATTED, NAME, DESCR_PLAIN, SCHED_RQST_STATE, SCHED_RQST_TYPE, SCHED_ID, SCHED_RQST_SET_ID, ID) values ('9b39eb90-6c99-4892-bd07-66a812778e6c', 0, 'admin', TIMESTAMP '2014-02-06 10:34:38.883', 'admin', TIMESTAMP '2014-02-06 10:34:38.883', '', 'Schedule request for ENGL462 - A', '', 'kuali.scheduling.schedule.request.state.created', 'kuali.scheduling.schedule.request.type.schedule.request', '', '1a7bfc66-4efe-4fb2-8b1b-ca20bdd979c0', 'df71dbc6-3cd4-458e-a929-9b31338e7166')
/
insert into KSEN_SCHED_RQST_CMP (OBJ_ID, TBA_IND, SCHED_RQST_ID, ID) values ('768a0d82-fed1-408c-af90-dbe3907e9275', 0, 'df71dbc6-3cd4-458e-a929-9b31338e7166', '2226b1a2-01bd-4442-b758-487149a0c9b1')
/
insert into KSEN_SCHED_REF_OBJECT (SCHED_RQST_SET_ID, REF_OBJECT_ID) values ('1a7bfc66-4efe-4fb2-8b1b-ca20bdd979c0', 'b480f7fc-c07b-4eec-8daa-130e7868394c')
/
insert into KSEN_SCHED_RQST_CMP_BLDG (CMP_ID, BUILDING_ID) values ('2226b1a2-01bd-4442-b758-487149a0c9b1', '84e53b2a-f39a-4b7a-8916-731087cff42d')
/
insert into KSEN_SCHED_RQST_CMP_CAMPUS (CMP_ID, CAMPUS_ID) values ('2226b1a2-01bd-4442-b758-487149a0c9b1', 'UMCP')
/
insert into KSEN_SCHED_RQST_CMP_ROOM (CMP_ID, ROOM_ID) values ('2226b1a2-01bd-4442-b758-487149a0c9b1', 'f0c251ff-584a-434f-8cf3-9e4e71a9254d')
/
insert into KSEN_SCHED_RQST_CMP_TMSLOT (CMP_ID, TM_SLOT_ID) values ('2226b1a2-01bd-4442-b758-487149a0c9b1', '898360DF-53D6-456E-AF60-DE71CEE9738F')
/
insert into KSEN_CO_SEAT_POOL_DEFN (OBJ_ID, VER_NBR, CREATEID, CREATETIME, UPDATEID, UPDATETIME, ACTIVITY_OFFERING_ID, EXPIR_MSTONE_TYPE, PERCENTAGE_IND, NAME, POPULATION_ID, PROCESSING_PRIORITY, SEAT_LIMIT, SEAT_POOL_DEFN_STATE, SEAT_POOL_DEFN_TYPE, ID) values ('da0b024d-82c0-45b5-8ec1-b75772dd5ef2', 1, 'admin', TIMESTAMP '2014-02-06 10:34:38.883', 'admin', TIMESTAMP '2014-02-06 10:34:38.883', '', 'kuali.atp.milestone.firstdayofclasses', 0, '400-level Athlete Seatpool', '1c2e7786-a2ab-4778-8e81-ea540c60b9b2', 1, 2, 'kuali.lui.capacity.state.active', 'kuali.lui.capacity.type.seatpool', '8c8d8e11-c8e4-4938-a444-55e3172007da')
/
insert into KSEN_CO_SEAT_POOL_DEFN (OBJ_ID, VER_NBR, CREATEID, CREATETIME, UPDATEID, UPDATETIME, ACTIVITY_OFFERING_ID, EXPIR_MSTONE_TYPE, PERCENTAGE_IND, NAME, POPULATION_ID, PROCESSING_PRIORITY, SEAT_LIMIT, SEAT_POOL_DEFN_STATE, SEAT_POOL_DEFN_TYPE, ID) values ('d9f247b2-e8b9-47eb-b166-b6579aa6d76c', 1, 'admin', TIMESTAMP '2014-02-06 10:34:38.883', 'admin', TIMESTAMP '2014-02-06 10:34:38.883', '', 'kuali.atp.milestone.firstdayofclasses', 0, '400-level Junior Seatpool', '4bae9f12-5901-4db9-b4a8-4dcc20781db5', 2, 4, 'kuali.lui.capacity.state.active', 'kuali.lui.capacity.type.seatpool', '8ffd17a5-baac-4e2c-b8cf-113890d9e2bb')
/
update KSEN_CO_SEAT_POOL_DEFN set OBJ_ID='da0b024d-82c0-45b5-8ec1-b75772dd5ef2', VER_NBR=2, UPDATEID='admin', UPDATETIME=TIMESTAMP '2014-02-06 10:34:38.883', ACTIVITY_OFFERING_ID='b480f7fc-c07b-4eec-8daa-130e7868394c', EXPIR_MSTONE_TYPE='kuali.atp.milestone.firstdayofclasses', PERCENTAGE_IND=0, NAME='400-level Athlete Seatpool', POPULATION_ID='1c2e7786-a2ab-4778-8e81-ea540c60b9b2', PROCESSING_PRIORITY=1, SEAT_LIMIT=2, SEAT_POOL_DEFN_STATE='kuali.lui.capacity.state.active', SEAT_POOL_DEFN_TYPE='kuali.lui.capacity.type.seatpool' where ID='8c8d8e11-c8e4-4938-a444-55e3172007da' and VER_NBR=1
/
insert into KSEN_CWL (OBJ_ID, VER_NBR, CREATEID, CREATETIME, UPDATEID, UPDATETIME, ALLOW_HOLD_UTIL_ENTRIES_IND, AUTO_PROCESSED_IND, CHECK_IN_REQ_IND, CONF_REQ_IND, EFF_DT, EXPIR_DT, MAX_SIZE, REG_IN_FIRST_AAO_IND, STD_DUR_TIME_QTY, STD_DUR_TYPE, CWL_STATE, CWL_TYPE, ID) values ('7ba3ab6f-498a-4e5a-8e3e-b94589862d5b', 0, 'admin', TIMESTAMP '2014-02-06 10:34:38.883', 'admin', TIMESTAMP '2014-02-06 10:34:38.883', 1, 1, 0, 1, TIMESTAMP '2013-01-02 00:00:00.0', '', '', 1, '', '', 'kuali.course.waitlist.state.active', 'kuali.course.waitlist.type.course.waitlist', 'e20798fb-f727-4810-aec7-74257e695937')
/
update KSEN_CO_SEAT_POOL_DEFN set OBJ_ID='d9f247b2-e8b9-47eb-b166-b6579aa6d76c', VER_NBR=2, UPDATEID='admin', UPDATETIME=TIMESTAMP '2014-02-06 10:34:38.883', ACTIVITY_OFFERING_ID='b480f7fc-c07b-4eec-8daa-130e7868394c', EXPIR_MSTONE_TYPE='kuali.atp.milestone.firstdayofclasses', PERCENTAGE_IND=0, NAME='400-level Junior Seatpool', POPULATION_ID='4bae9f12-5901-4db9-b4a8-4dcc20781db5', PROCESSING_PRIORITY=2, SEAT_LIMIT=4, SEAT_POOL_DEFN_STATE='kuali.lui.capacity.state.active', SEAT_POOL_DEFN_TYPE='kuali.lui.capacity.type.seatpool' where ID='8ffd17a5-baac-4e2c-b8cf-113890d9e2bb' and VER_NBR=1
/
insert into KSEN_CWL_ACTIV_OFFER (CWL_ID, ACTIV_OFFER_ID) values ('e20798fb-f727-4810-aec7-74257e695937', 'b480f7fc-c07b-4eec-8daa-130e7868394c')
/
insert into KSEN_CWL_FORMAT_OFFER (CWL_ID, FORMAT_OFFER_ID) values ('e20798fb-f727-4810-aec7-74257e695937', '3d2a61bd-2465-484e-88a9-c2cf891cdf2b')
/
insert into KSEN_CO_AO_CLUSTER (OBJ_ID, VER_NBR, CREATEID, CREATETIME, UPDATEID, UPDATETIME, AO_CLUSTER_STATE, AO_CLUSTER_TYPE, DESCR_FORMATTED, DESCR_PLAIN, FORMAT_OFFERING_ID, NAME, PRIVATE_NAME, ID) values ('6bd6651f-fa80-48ae-aad8-7e96d41403da', 0, 'admin', TIMESTAMP '2014-02-06 10:34:38.883', 'admin', TIMESTAMP '2014-02-06 10:34:38.883', 'kuali.activity.offering.cluster.state.active', 'kuali.activity.offering.cluster.type.activity.offering.cluster', '', '', '3d2a61bd-2465-484e-88a9-c2cf891cdf2b', 'CL 1', 'CL 1', 'ca2bc3ba-5951-468f-b76d-b10a0bef9561')
/
insert into KSEN_CO_AO_CLUSTER_SET (OBJ_ID, ACTIVITY_OFFERING_TYPE, AO_CLUSTER_ID, ID) values ('1677f458-8960-4e9c-bd00-d03dad2a7763', 'kuali.lui.type.activity.offering.lecture', 'ca2bc3ba-5951-468f-b76d-b10a0bef9561', '9f04f423-b9aa-477d-995e-bcd52ab6e842')
/
insert into KSEN_CO_AO_CLUSTER_SET_AO (AOC_SET_ID, ACTIVITY_OFFERING_ID) values ('9f04f423-b9aa-477d-995e-bcd52ab6e842', 'b480f7fc-c07b-4eec-8daa-130e7868394c')
/
update KSEN_CO_AO_CLUSTER_SET set AO_CLUSTER_ID='ca2bc3ba-5951-468f-b76d-b10a0bef9561' where ID='9f04f423-b9aa-477d-995e-bcd52ab6e842'
/
insert into KSEN_LUI (OBJ_ID, VER_NBR, CREATEID, CREATETIME, UPDATEID, UPDATETIME, ATP_ID, CLU_ID, EFF_DT, EXPIR_DT, DESCR_FORMATTED, LUI_STATE, LUI_TYPE, MAX_SEATS, MIN_SEATS, NAME, DESCR_PLAIN, REF_URL, ID) values ('c60a6f63-b1c9-4fa6-aed0-84b1f6db222c', 0, 'admin', TIMESTAMP '2014-02-06 10:34:38.883', 'admin', TIMESTAMP '2014-02-06 10:34:38.883', 'kuali.atp.2014Winter', '85d23c02-4b65-44bd-8718-3e0f409a7015', '', '', '1001', 'kuali.lui.registration.group.state.pending', 'kuali.lui.type.registration.group', '', '', '1001', '1001', '', 'c3a8855d-6109-4649-9c8c-c6f576b19a5b')
/
insert into KSEN_LUI_ATTR (OBJ_ID, ATTR_KEY, OWNER_ID, ATTR_VALUE, ID) values ('5d1436dd-7944-4bd8-8de4-8889058cebcb', 'kuali.attribute.registration.group.aocluster.id', 'c3a8855d-6109-4649-9c8c-c6f576b19a5b', 'ca2bc3ba-5951-468f-b76d-b10a0bef9561', '05ceddc9-6f13-4d76-8595-c95c78d336f0')
/
insert into KSEN_LUI_ATTR (OBJ_ID, ATTR_KEY, OWNER_ID, ATTR_VALUE, ID) values ('3e4ffb69-f1c0-4c50-a134-1af5f57b6d41', 'kuali.attribute.registration.group.is.generated', 'c3a8855d-6109-4649-9c8c-c6f576b19a5b', 1, 'e908442a-3632-4517-8f8c-0a65a9b5e9fc')
/
insert into KSEN_LUI_IDENT (OBJ_ID, VER_NBR, CREATEID, CREATETIME, UPDATEID, UPDATETIME, LUI_CD, DIVISION, IDENT_LEVEL, LNG_NAME, LUI_ID, ORGID, SHRT_NAME, LUI_ID_STATE, SUFX_CD, LUI_ID_TYPE, VARTN, ID) values ('dce393ab-1a57-477e-87fe-9c427e78edd3', 0, 'admin', TIMESTAMP '2014-02-06 10:34:38.883', 'admin', TIMESTAMP '2014-02-06 10:34:38.883', '', '', '', '', 'c3a8855d-6109-4649-9c8c-c6f576b19a5b', '', '', 'kuali.lui.identifier.state.active', '', 'kuali.lui.identifier.type.official', '', 'c1820ba3-48e9-4a3e-b24f-c227fff758be')
/
insert into KSEN_LUILUI_RELTN (OBJ_ID, VER_NBR, CREATEID, CREATETIME, UPDATEID, UPDATETIME, EFF_DT, EXPIR_DT, DESCR_FORMATTED, LUI_ID, LUILUI_RELTN_STATE, LUILUI_RELTN_TYPE, NAME, DESCR_PLAIN, RELATED_LUI_ID, ID) values ('ee2d7a8b-d287-4b32-aa71-29e4d371ce06', 0, 'admin', TIMESTAMP '2014-02-06 10:34:38.883', 'admin', TIMESTAMP '2014-02-06 10:34:38.883', TIMESTAMP '2014-02-06 10:36:34.52', '', 'ENGL462-FO-RG', '3d2a61bd-2465-484e-88a9-c2cf891cdf2b', 'kuali.lui.lui.relation.state.active', 'kuali.lui.lui.relation.type.deliveredvia.fo2rg', 'fo-rg-relation', 'ENGL462-FO-RG', 'c3a8855d-6109-4649-9c8c-c6f576b19a5b', '78dd6bd5-3cc5-44ab-ab84-8b807243366e')
/
insert into KSEN_LUILUI_RELTN (OBJ_ID, VER_NBR, CREATEID, CREATETIME, UPDATEID, UPDATETIME, EFF_DT, EXPIR_DT, DESCR_FORMATTED, LUI_ID, LUILUI_RELTN_STATE, LUILUI_RELTN_TYPE, NAME, DESCR_PLAIN, RELATED_LUI_ID, ID) values ('695649db-d948-411a-96c0-d97fe80e87f3', 0, 'admin', TIMESTAMP '2014-02-06 10:34:38.883', 'admin', TIMESTAMP '2014-02-06 10:34:38.883', TIMESTAMP '2014-02-06 10:36:34.524', '', 'ENGL462-RG-AO', 'c3a8855d-6109-4649-9c8c-c6f576b19a5b', 'kuali.lui.lui.relation.state.active', 'kuali.lui.lui.relation.type.registeredforvia.rg2ao', 'rg-ao-relation', 'ENGL462-RG-AO', 'b480f7fc-c07b-4eec-8daa-130e7868394c', '6850d98e-ae1e-41cc-9eac-f322e92fac80')
/
insert into KSEN_LUI (OBJ_ID, VER_NBR, CREATEID, CREATETIME, UPDATEID, UPDATETIME, ATP_ID, CLU_ID, EFF_DT, EXPIR_DT, DESCR_FORMATTED, LUI_STATE, LUI_TYPE, MAX_SEATS, MIN_SEATS, NAME, DESCR_PLAIN, REF_URL, ID) values ('93943e06-aefa-497b-b114-5010db9840e2', 0, 'admin', TIMESTAMP '2014-02-06 10:34:38.883', 'admin', TIMESTAMP '2014-02-06 10:34:38.883', 'kuali.atp.2014Winter', 'CLUID-HIST329-200801000000', TIMESTAMP '2014-01-02 00:00:00.0', '', '', 'kuali.lui.course.offering.state.draft', 'kuali.lui.type.course.offering', '', '', 'HIST329N CO', '.', null, '8fff6eac-c5e5-4f8e-876f-02d39efa5b48')
/
insert into KSEN_LUI_ATTR (OBJ_ID, ATTR_KEY, OWNER_ID, ATTR_VALUE, ID) values ('dbe67c93-5ed6-4e5a-bb32-d0eb68629bc7', 'kuali.attribute.course.evaluation.indicator', '8fff6eac-c5e5-4f8e-876f-02d39efa5b48', 0, 'ade394ee-8ac3-4dde-84ac-165b168e680a')
/
insert into KSEN_LUI_ATTR (OBJ_ID, ATTR_KEY, OWNER_ID, ATTR_VALUE, ID) values ('c90c8fcf-45f8-4300-b767-2fa71e069376', 'kuali.attribute.wait.list.type.key', '8fff6eac-c5e5-4f8e-876f-02d39efa5b48', null, '7515f4ac-b0a3-4468-9d83-1030a2a44d0c')
/
insert into KSEN_LUI_ATTR (OBJ_ID, ATTR_KEY, OWNER_ID, ATTR_VALUE, ID) values ('c3859273-7ddd-4c13-a8de-732f9fe855b1', 'kuali.attribute.wait.list.indicator', '8fff6eac-c5e5-4f8e-876f-02d39efa5b48', 1, 'd6eb9ef3-7a08-4772-a636-5f7101a1241f')
/
insert into KSEN_LUI_ATTR (OBJ_ID, ATTR_KEY, OWNER_ID, ATTR_VALUE, ID) values ('d87afd41-ce31-46c0-822e-5d30a82caf85', 'kuali.attribute.funding.source', '8fff6eac-c5e5-4f8e-876f-02d39efa5b48', '', '2c5ee23a-f630-4114-8bbe-f49933c38367')
/
insert into KSEN_LUI_ATTR (OBJ_ID, ATTR_KEY, OWNER_ID, ATTR_VALUE, ID) values ('44e65b72-eafb-4d2e-bc12-3c4d8846342f', 'kuali.attribute.final.exam.driver', '8fff6eac-c5e5-4f8e-876f-02d39efa5b48', 'kuali.lu.exam.driver.ActivityOffering', '0878118b-dd64-4e54-aba3-a889ee08b148')
/
insert into KSEN_LUI_ATTR (OBJ_ID, ATTR_KEY, OWNER_ID, ATTR_VALUE, ID) values ('52a4426a-db20-4a5e-bf0b-0fd39f9e7af2', 'kuali.attribute.final.exam.indicator', '8fff6eac-c5e5-4f8e-876f-02d39efa5b48', 'STANDARD', '440d3e2e-0a6b-4f5a-afdf-9f1483e5785e')
/
insert into KSEN_LUI_ATTR (OBJ_ID, ATTR_KEY, OWNER_ID, ATTR_VALUE, ID) values ('69275cae-a2d4-4ec0-beae-6a3bfe548aa3', 'kuali.attribute.course.number.internal.suffix', '8fff6eac-c5e5-4f8e-876f-02d39efa5b48', 'A', '90db9cce-4826-4ef4-b2f2-38f33a0f59e9')
/
insert into KSEN_LUI_ATTR (OBJ_ID, ATTR_KEY, OWNER_ID, ATTR_VALUE, ID) values ('1b937abb-c673-4fb4-89ac-58cb1e24591c', 'kuali.attribute.wait.list.level.type.key', '8fff6eac-c5e5-4f8e-876f-02d39efa5b48', 'AO', 'e03f3224-5720-44e0-9a90-8178bdc4c3e3')
/
insert into KSEN_LUI_ATTR (OBJ_ID, ATTR_KEY, OWNER_ID, ATTR_VALUE, ID) values ('4b232bb1-94c7-4ec5-a272-a440f9522702', 'kuali.attribute.where.fees.attached.flag', '8fff6eac-c5e5-4f8e-876f-02d39efa5b48', 0, 'ca066f11-63fd-42bc-8079-f13a10e54c25')
/
insert into KSEN_LUI_ATTR (OBJ_ID, ATTR_KEY, OWNER_ID, ATTR_VALUE, ID) values ('981d51b2-3e23-423b-8f22-c999862053ee', 'kuali.attribute.final.exam.use.matrix', '8fff6eac-c5e5-4f8e-876f-02d39efa5b48', 1, '7fcacb46-cb38-4dc7-b2f6-3bba356e975c')
/
insert into KSEN_LUI_IDENT (OBJ_ID, VER_NBR, CREATEID, CREATETIME, UPDATEID, UPDATETIME, LUI_CD, DIVISION, IDENT_LEVEL, LNG_NAME, LUI_ID, ORGID, SHRT_NAME, LUI_ID_STATE, SUFX_CD, LUI_ID_TYPE, VARTN, ID) values ('61282d09-90eb-40f5-a8f3-a4f7183de566', 0, 'admin', TIMESTAMP '2014-02-06 10:34:38.883', 'admin', TIMESTAMP '2014-02-06 10:34:38.883', 'HIST329N', 'HIST', '', 'Special Topics in History', '8fff6eac-c5e5-4f8e-876f-02d39efa5b48', '', '', 'kuali.lui.identifier.state.active', 'N', 'kuali.lui.identifier.type.official', '', '1575b41d-35f9-459d-b4e1-acb72328df07')
/
insert into KSEN_LUI_LU_CD (OBJ_ID, VER_NBR, CREATEID, CREATETIME, UPDATEID, UPDATETIME, DESCR_FORMATTED, LUI_ID, DESCR_PLAIN, LUI_LUCD_TYPE, VALUE, ID) values ('1813e39e-782f-43db-a8a3-7a1579ece285', 0, 'admin', TIMESTAMP '2014-02-06 10:34:38.883', 'admin', TIMESTAMP '2014-02-06 10:34:38.883', '', '8fff6eac-c5e5-4f8e-876f-02d39efa5b48', '', 'kuali.lu.code.honorsOffering', '', 'c2a7633e-367c-46ec-8ab6-680d59560103')
/
insert into KSEN_LUI_UNITS_DEPLOYMENT (LUI_ID, ORG_ID, ID) values ('8fff6eac-c5e5-4f8e-876f-02d39efa5b48', '3213375036', '9e22332a-adab-4201-ae5e-2e5b8619e65d')
/
insert into KSEN_LUI_UNITS_CONT_OWNER (LUI_ID, ORG_ID) values ('8fff6eac-c5e5-4f8e-876f-02d39efa5b48', '3213375036')
/
insert into KSEN_LUI_RESULT_VAL_GRP (LUI_ID, RESULT_VAL_GRP_ID) values ('8fff6eac-c5e5-4f8e-876f-02d39efa5b48', 'kuali.resultComponent.grade.letter')
/
insert into KSEN_LUI_RESULT_VAL_GRP (LUI_ID, RESULT_VAL_GRP_ID) values ('8fff6eac-c5e5-4f8e-876f-02d39efa5b48', 'kuali.resultComponent.grade.audit')
/
insert into KSEN_LUI_RESULT_VAL_GRP (LUI_ID, RESULT_VAL_GRP_ID) values ('8fff6eac-c5e5-4f8e-876f-02d39efa5b48', 'kuali.resultComponent.grade.passFail')
/
insert into KSEN_LUI_RESULT_VAL_GRP (LUI_ID, RESULT_VAL_GRP_ID) values ('8fff6eac-c5e5-4f8e-876f-02d39efa5b48', 'kuali.creditType.credit.degree.1.0,1.5,2.0,2.5,3.0')
/
insert into KSEN_LUI (OBJ_ID, VER_NBR, CREATEID, CREATETIME, UPDATEID, UPDATETIME, ATP_ID, CLU_ID, EFF_DT, EXPIR_DT, DESCR_FORMATTED, LUI_STATE, LUI_TYPE, MAX_SEATS, MIN_SEATS, NAME, DESCR_PLAIN, REF_URL, ID) values ('b65e7a22-8603-4131-8982-0ca607bb3bfa', 0, 'admin', TIMESTAMP '2014-02-06 10:34:38.883', 'admin', TIMESTAMP '2014-02-06 10:34:38.883', 'kuali.atp.2014Winter', 'cd1c5479-a556-45c2-a267-e3738132babe', '', '', 'Courses with Lecture only', 'kuali.lui.format.offering.state.draft', 'kuali.lui.type.course.format.offering', '', '', 'Lecture Only', 'Courses with Lecture only', '', '68db039b-ad69-43b3-ac2f-cb17f9e8a286')
/
insert into KSEN_LUI_ATTR (OBJ_ID, ATTR_KEY, OWNER_ID, ATTR_VALUE, ID) values ('38744b7c-f948-453a-9024-25e52e2b6be8', 'kuali.attribute.final.exam.level.type', '68db039b-ad69-43b3-ac2f-cb17f9e8a286', 'kuali.lu.type.activity.Lecture', '923343b4-bf62-43ca-ae3a-a07082836afa')
/
insert into KSEN_LUI_ATTR (OBJ_ID, ATTR_KEY, OWNER_ID, ATTR_VALUE, ID) values ('892eec16-5ed1-4c05-9ea4-bd97efa7fb07', 'regCodePrefix', '68db039b-ad69-43b3-ac2f-cb17f9e8a286', '1', '2d63463d-7a06-438b-a3d3-7dd557fcff39')
/
insert into KSEN_LUI_ATTR (OBJ_ID, ATTR_KEY, OWNER_ID, ATTR_VALUE, ID) values ('e1f232f5-e374-4d82-b8c9-09499c036c33', 'kuali.attribute.grade.roster.level.type.key', '68db039b-ad69-43b3-ac2f-cb17f9e8a286', 'kuali.lui.type.activity.offering.lecture', '67b4b0c1-a148-4e1c-b19d-066257553d02')
/
insert into KSEN_LUI_IDENT (OBJ_ID, VER_NBR, CREATEID, CREATETIME, UPDATEID, UPDATETIME, LUI_CD, DIVISION, IDENT_LEVEL, LNG_NAME, LUI_ID, ORGID, SHRT_NAME, LUI_ID_STATE, SUFX_CD, LUI_ID_TYPE, VARTN, ID) values ('8f3fa007-8a27-4757-b368-44f9793f07c6', 0, 'admin', TIMESTAMP '2014-02-06 10:34:38.883', 'admin', TIMESTAMP '2014-02-06 10:34:38.883', '', '', '', 'Lecture Only', '68db039b-ad69-43b3-ac2f-cb17f9e8a286', '', 'LEC', 'kuali.lui.identifier.state.active', '', 'kuali.lui.identifier.type.official', '', '26bb52e2-b4c1-45f8-a189-822938297ea0')
/
insert into KSEN_LUI_RELATED_LUI_TYPES (LUI_ID, RELATED_LUI_TYPE) values ('68db039b-ad69-43b3-ac2f-cb17f9e8a286', 'kuali.lui.type.activity.offering.lecture')
/
insert into KSEN_LUILUI_RELTN (OBJ_ID, VER_NBR, CREATEID, CREATETIME, UPDATEID, UPDATETIME, EFF_DT, EXPIR_DT, DESCR_FORMATTED, LUI_ID, LUILUI_RELTN_STATE, LUILUI_RELTN_TYPE, NAME, DESCR_PLAIN, RELATED_LUI_ID, ID) values ('9d18635b-932d-4643-84da-bcdbcbd27c0f', 0, 'admin', TIMESTAMP '2014-02-06 10:34:38.883', 'admin', TIMESTAMP '2014-02-06 10:34:38.883', TIMESTAMP '2014-02-06 10:36:38.861', '', 'HIST329N-CO-FO', '8fff6eac-c5e5-4f8e-876f-02d39efa5b48', 'kuali.lui.lui.relation.state.active', 'kuali.lui.lui.relation.type.deliveredvia.co2fo', 'co-fo-relation', 'HIST329N-CO-FO', '68db039b-ad69-43b3-ac2f-cb17f9e8a286', '706522d0-074e-4984-817e-cdc4c7c94c4a')
/
insert into KSEN_LUI (OBJ_ID, VER_NBR, CREATEID, CREATETIME, UPDATEID, UPDATETIME, ATP_ID, CLU_ID, EFF_DT, EXPIR_DT, DESCR_FORMATTED, LUI_STATE, LUI_TYPE, MAX_SEATS, MIN_SEATS, NAME, DESCR_PLAIN, REF_URL, ID) values ('fd58c347-c276-4ea5-8ce4-f247c987fa20', 0, 'admin', TIMESTAMP '2014-02-06 10:34:38.883', 'admin', TIMESTAMP '2014-02-06 10:34:38.883', 'kuali.atp.2014Winter', 'ce5a1d8e-ab44-4a98-a3bc-73e328376eea', '', '', 'Courses with lecture', 'kuali.lui.activity.offering.state.draft', 'kuali.lui.type.activity.offering.lecture', 1, 1, 'Lecture', 'Courses with lecture', null, '5c4b07d1-1234-4ae3-b269-765539d14396')
/
insert into KSEN_LUI_ATTR (OBJ_ID, ATTR_KEY, OWNER_ID, ATTR_VALUE, ID) values ('060d4599-e227-4599-ba6a-0e8bb55652f6', 'kuali.attribute.max.enrollment.is.estimate', '5c4b07d1-1234-4ae3-b269-765539d14396', 0, '7f3e7e5e-9c92-49f8-b8a0-106aa813550c')
/
insert into KSEN_LUI_ATTR (OBJ_ID, ATTR_KEY, OWNER_ID, ATTR_VALUE, ID) values ('545e2879-391a-45a3-a29c-f9fd3a4f2763', 'kuali.attribute.nonstd.ts.indicator', '5c4b07d1-1234-4ae3-b269-765539d14396', 0, 'c77bccbb-ad1c-41d4-bc47-979d76e2ad84')
/
insert into KSEN_LUI_ATTR (OBJ_ID, ATTR_KEY, OWNER_ID, ATTR_VALUE, ID) values ('3e63df65-fd9b-4659-9b38-fca229970192', 'kuali.attribute.course.evaluation.indicator', '5c4b07d1-1234-4ae3-b269-765539d14396', 0, '878d9e24-76d0-4be4-bdc0-12147b3c6ef7')
/
insert into KSEN_LUI_IDENT (OBJ_ID, VER_NBR, CREATEID, CREATETIME, UPDATEID, UPDATETIME, LUI_CD, DIVISION, IDENT_LEVEL, LNG_NAME, LUI_ID, ORGID, SHRT_NAME, LUI_ID_STATE, SUFX_CD, LUI_ID_TYPE, VARTN, ID) values ('7cbec38f-7ce3-4369-b402-d53367da0d67', 0, 'admin', TIMESTAMP '2014-02-06 10:34:38.883', 'admin', TIMESTAMP '2014-02-06 10:34:38.883', 'A', '', '', '', '5c4b07d1-1234-4ae3-b269-765539d14396', '', '', 'kuali.lui.identifier.state.active', '', 'kuali.lui.identifier.type.official', '', 'fa64a67a-468c-4670-9e1c-fefc8b73b9b3')
/
insert into KSEN_LUI_LU_CD (OBJ_ID, VER_NBR, CREATEID, CREATETIME, UPDATEID, UPDATETIME, DESCR_FORMATTED, LUI_ID, DESCR_PLAIN, LUI_LUCD_TYPE, VALUE, ID) values ('5097c004-f8be-4eac-a714-a30bc2df0ed7', 0, 'admin', TIMESTAMP '2014-02-06 10:34:38.883', 'admin', TIMESTAMP '2014-02-06 10:34:38.883', '', '5c4b07d1-1234-4ae3-b269-765539d14396', '', 'kuali.lu.code.honorsOffering', 0, 'f7aa8e13-34de-4713-a6e3-929b90e3b168')
/
insert into KSEN_LPR (OBJ_ID, VER_NBR, CREATEID, CREATETIME, UPDATEID, UPDATETIME, ATP_ID, COMMIT_PERCT, CREDITS, EFF_DT, EXPIR_DT, GRADING_OPT_ID, LUI_ID, MASTER_LUI_ID, PERS_ID, LPR_STATE, LPR_TYPE, ID) values ('714d0c00-2480-4dad-9eb7-71f7208420e7', 0, 'admin', TIMESTAMP '2014-02-06 10:34:38.883', 'admin', TIMESTAMP '2014-02-06 10:34:38.883', '', '100.00', '', TIMESTAMP '2014-02-06 10:36:38.945', '', '', '5c4b07d1-1234-4ae3-b269-765539d14396', '', 'P.FRANKJ', 'kuali.lpr.state.active', 'kuali.lpr.type.instructor.main', '13529b5f-99c3-44cd-aace-8e434344b344')
/
insert into KSEN_LUILUI_RELTN (OBJ_ID, VER_NBR, CREATEID, CREATETIME, UPDATEID, UPDATETIME, EFF_DT, EXPIR_DT, DESCR_FORMATTED, LUI_ID, LUILUI_RELTN_STATE, LUILUI_RELTN_TYPE, NAME, DESCR_PLAIN, RELATED_LUI_ID, ID) values ('1573a810-702d-4e2b-9963-17d9cf4fd0cb', 0, 'admin', TIMESTAMP '2014-02-06 10:34:38.883', 'admin', TIMESTAMP '2014-02-06 10:34:38.883', TIMESTAMP '2014-02-06 10:36:38.967', '', 'HIST329N-FO-AO', '68db039b-ad69-43b3-ac2f-cb17f9e8a286', 'kuali.lui.lui.relation.state.active', 'kuali.lui.lui.relation.type.deliveredvia.fo2ao', 'fo-ao-relation', 'HIST329N-FO-AO', '5c4b07d1-1234-4ae3-b269-765539d14396', '35d7422a-b425-4f67-bede-eace5e2025e1')
/
insert into KSEN_SCHED_RQST_SET (OBJ_ID, VER_NBR, CREATEID, CREATETIME, UPDATEID, UPDATETIME, DESCR_FORMATTED, MAX_ENRL_SHARED_IND, MAX_ENRL, NAME, DESCR_PLAIN, REF_OBJECT_TYPE, SCHED_RQST_SET_STATE, SCHED_RQST_SET_TYPE, ID) values ('64016b3e-44b7-4832-895b-598e550e78fa', 0, 'admin', TIMESTAMP '2014-02-06 10:34:38.883', 'admin', TIMESTAMP '2014-02-06 10:34:38.883', '', 0, '', 'Schedule request set for HIST329N - A', '', 'http://student.kuali.org/wsdl/courseOffering/ActivityOfferingInfo', 'kuali.scheduling.schedule.request.set.state.created', 'kuali.scheduling.schedule.request.set.type.schedule.request.set', '7508bd81-eafd-4959-a592-819fe62d433e')
/
insert into KSEN_SCHED_RQST (OBJ_ID, VER_NBR, CREATEID, CREATETIME, UPDATEID, UPDATETIME, DESCR_FORMATTED, NAME, DESCR_PLAIN, SCHED_RQST_STATE, SCHED_RQST_TYPE, SCHED_ID, SCHED_RQST_SET_ID, ID) values ('18a5f69d-ae6f-4023-be52-a4bb7a123b5a', 0, 'admin', TIMESTAMP '2014-02-06 10:34:38.883', 'admin', TIMESTAMP '2014-02-06 10:34:38.883', '', 'Schedule request for HIST329N - A', '', 'kuali.scheduling.schedule.request.state.created', 'kuali.scheduling.schedule.request.type.schedule.request', '', '7508bd81-eafd-4959-a592-819fe62d433e', '45383565-820a-4d76-b5f6-e8b4295df2d6')
/
insert into KSEN_SCHED_RQST_CMP (OBJ_ID, TBA_IND, SCHED_RQST_ID, ID) values ('36562531-3391-4af3-acff-becc349c5e02', 1, '45383565-820a-4d76-b5f6-e8b4295df2d6', '0724dfb0-2896-493a-b20d-ca07c6c19535')
/
insert into KSEN_SCHED_REF_OBJECT (SCHED_RQST_SET_ID, REF_OBJECT_ID) values ('7508bd81-eafd-4959-a592-819fe62d433e', '5c4b07d1-1234-4ae3-b269-765539d14396')
/
insert into KSEN_SCHED_RQST_CMP_TMSLOT (CMP_ID, TM_SLOT_ID) values ('0724dfb0-2896-493a-b20d-ca07c6c19535', '4A6971D2-447D-4359-B949-F4EDF104A0AA')
/
insert into KSEN_CO_SEAT_POOL_DEFN (OBJ_ID, VER_NBR, CREATEID, CREATETIME, UPDATEID, UPDATETIME, ACTIVITY_OFFERING_ID, EXPIR_MSTONE_TYPE, PERCENTAGE_IND, NAME, POPULATION_ID, PROCESSING_PRIORITY, SEAT_LIMIT, SEAT_POOL_DEFN_STATE, SEAT_POOL_DEFN_TYPE, ID) values ('72b48c58-516f-4bd3-b235-f575439ff755', 1, 'admin', TIMESTAMP '2014-02-06 10:34:38.883', 'admin', TIMESTAMP '2014-02-06 10:34:38.883', '', 'kuali.atp.milestone.firstdayofclasses', 0, '300-level Senior Seatpool', '4160a52b-d353-4ab3-b72d-a3c2f9969783', 1, 5, 'kuali.lui.capacity.state.active', 'kuali.lui.capacity.type.seatpool', '3b019186-aa6f-4878-8f45-3d4ddc0998ca')
/
insert into KSEN_CWL (OBJ_ID, VER_NBR, CREATEID, CREATETIME, UPDATEID, UPDATETIME, ALLOW_HOLD_UTIL_ENTRIES_IND, AUTO_PROCESSED_IND, CHECK_IN_REQ_IND, CONF_REQ_IND, EFF_DT, EXPIR_DT, MAX_SIZE, REG_IN_FIRST_AAO_IND, STD_DUR_TIME_QTY, STD_DUR_TYPE, CWL_STATE, CWL_TYPE, ID) values ('d5abfaf5-5455-47b0-b1de-b5a46ebcda03', 0, 'admin', TIMESTAMP '2014-02-06 10:34:38.883', 'admin', TIMESTAMP '2014-02-06 10:34:38.883', 1, 1, 0, 1, TIMESTAMP '2013-01-02 00:00:00.0', '', '', 1, '', '', 'kuali.course.waitlist.state.active', 'kuali.course.waitlist.type.course.waitlist', '7b2aea22-bd5b-4b2d-a0be-53979bac4f34')
/
update KSEN_CO_SEAT_POOL_DEFN set OBJ_ID='72b48c58-516f-4bd3-b235-f575439ff755', VER_NBR=2, UPDATEID='admin', UPDATETIME=TIMESTAMP '2014-02-06 10:34:38.883', ACTIVITY_OFFERING_ID='5c4b07d1-1234-4ae3-b269-765539d14396', EXPIR_MSTONE_TYPE='kuali.atp.milestone.firstdayofclasses', PERCENTAGE_IND=0, NAME='300-level Senior Seatpool', POPULATION_ID='4160a52b-d353-4ab3-b72d-a3c2f9969783', PROCESSING_PRIORITY=1, SEAT_LIMIT=5, SEAT_POOL_DEFN_STATE='kuali.lui.capacity.state.active', SEAT_POOL_DEFN_TYPE='kuali.lui.capacity.type.seatpool' where ID='3b019186-aa6f-4878-8f45-3d4ddc0998ca' and VER_NBR=1
/
insert into KSEN_CWL_ACTIV_OFFER (CWL_ID, ACTIV_OFFER_ID) values ('7b2aea22-bd5b-4b2d-a0be-53979bac4f34', '5c4b07d1-1234-4ae3-b269-765539d14396')
/
insert into KSEN_CWL_FORMAT_OFFER (CWL_ID, FORMAT_OFFER_ID) values ('7b2aea22-bd5b-4b2d-a0be-53979bac4f34', '68db039b-ad69-43b3-ac2f-cb17f9e8a286')
/
insert into KSEN_CO_AO_CLUSTER (OBJ_ID, VER_NBR, CREATEID, CREATETIME, UPDATEID, UPDATETIME, AO_CLUSTER_STATE, AO_CLUSTER_TYPE, DESCR_FORMATTED, DESCR_PLAIN, FORMAT_OFFERING_ID, NAME, PRIVATE_NAME, ID) values ('6e977582-f044-4e23-9173-b5eb4ceb2a77', 0, 'admin', TIMESTAMP '2014-02-06 10:34:38.883', 'admin', TIMESTAMP '2014-02-06 10:34:38.883', 'kuali.activity.offering.cluster.state.active', 'kuali.activity.offering.cluster.type.activity.offering.cluster', '', '', '68db039b-ad69-43b3-ac2f-cb17f9e8a286', 'CL 1', 'CL 1', '5e619bd2-8189-4013-ae47-ce5ff9cf1004')
/
insert into KSEN_CO_AO_CLUSTER_SET (OBJ_ID, ACTIVITY_OFFERING_TYPE, AO_CLUSTER_ID, ID) values ('9b160279-87b1-4f32-b68e-c7c7603cf24d', 'kuali.lui.type.activity.offering.lecture', '5e619bd2-8189-4013-ae47-ce5ff9cf1004', '9702b596-5431-43e4-a9d6-2c89d2732359')
/
insert into KSEN_CO_AO_CLUSTER_SET_AO (AOC_SET_ID, ACTIVITY_OFFERING_ID) values ('9702b596-5431-43e4-a9d6-2c89d2732359', '5c4b07d1-1234-4ae3-b269-765539d14396')
/
update KSEN_CO_AO_CLUSTER_SET set AO_CLUSTER_ID='5e619bd2-8189-4013-ae47-ce5ff9cf1004' where ID='9702b596-5431-43e4-a9d6-2c89d2732359'
/
insert into KSEN_LUI (OBJ_ID, VER_NBR, CREATEID, CREATETIME, UPDATEID, UPDATETIME, ATP_ID, CLU_ID, EFF_DT, EXPIR_DT, DESCR_FORMATTED, LUI_STATE, LUI_TYPE, MAX_SEATS, MIN_SEATS, NAME, DESCR_PLAIN, REF_URL, ID) values ('dbd40671-ba7a-4084-8142-21082fa2fd48', 0, 'admin', TIMESTAMP '2014-02-06 10:34:38.883', 'admin', TIMESTAMP '2014-02-06 10:34:38.883', 'kuali.atp.2014Winter', 'cd1c5479-a556-45c2-a267-e3738132babe', '', '', '1001', 'kuali.lui.registration.group.state.pending', 'kuali.lui.type.registration.group', '', '', '1001', '1001', '', 'aa62342c-554c-4621-9423-1df11a12ec75')
/
insert into KSEN_LUI_ATTR (OBJ_ID, ATTR_KEY, OWNER_ID, ATTR_VALUE, ID) values ('269de8e8-05bf-4b2b-8fe3-5e17744296a7', 'kuali.attribute.registration.group.aocluster.id', 'aa62342c-554c-4621-9423-1df11a12ec75', '5e619bd2-8189-4013-ae47-ce5ff9cf1004', 'ef8a3559-5231-488a-a2a8-8b45a7b7fb90')
/
insert into KSEN_LUI_ATTR (OBJ_ID, ATTR_KEY, OWNER_ID, ATTR_VALUE, ID) values ('5d16b23c-f88d-4c99-af96-2cab10f8b783', 'kuali.attribute.registration.group.is.generated', 'aa62342c-554c-4621-9423-1df11a12ec75', 1, '627a9fb3-9ee9-418f-836f-0734347b5006')
/
insert into KSEN_LUI_IDENT (OBJ_ID, VER_NBR, CREATEID, CREATETIME, UPDATEID, UPDATETIME, LUI_CD, DIVISION, IDENT_LEVEL, LNG_NAME, LUI_ID, ORGID, SHRT_NAME, LUI_ID_STATE, SUFX_CD, LUI_ID_TYPE, VARTN, ID) values ('f6e317ef-b78a-4d62-866b-a46e025cf25b', 0, 'admin', TIMESTAMP '2014-02-06 10:34:38.883', 'admin', TIMESTAMP '2014-02-06 10:34:38.883', '', '', '', '', 'aa62342c-554c-4621-9423-1df11a12ec75', '', '', 'kuali.lui.identifier.state.active', '', 'kuali.lui.identifier.type.official', '', 'e3663ba0-960d-40df-8c80-eaa0846249bb')
/
insert into KSEN_LUILUI_RELTN (OBJ_ID, VER_NBR, CREATEID, CREATETIME, UPDATEID, UPDATETIME, EFF_DT, EXPIR_DT, DESCR_FORMATTED, LUI_ID, LUILUI_RELTN_STATE, LUILUI_RELTN_TYPE, NAME, DESCR_PLAIN, RELATED_LUI_ID, ID) values ('95184f41-c34c-4aaa-8183-eb7d425f54f1', 0, 'admin', TIMESTAMP '2014-02-06 10:34:38.883', 'admin', TIMESTAMP '2014-02-06 10:34:38.883', TIMESTAMP '2014-02-06 10:36:39.673', '', 'HIST329N-FO-RG', '68db039b-ad69-43b3-ac2f-cb17f9e8a286', 'kuali.lui.lui.relation.state.active', 'kuali.lui.lui.relation.type.deliveredvia.fo2rg', 'fo-rg-relation', 'HIST329N-FO-RG', 'aa62342c-554c-4621-9423-1df11a12ec75', '8d8f9711-b7c1-4a0f-ac0f-92c9e189c5ce')
/
insert into KSEN_LUILUI_RELTN (OBJ_ID, VER_NBR, CREATEID, CREATETIME, UPDATEID, UPDATETIME, EFF_DT, EXPIR_DT, DESCR_FORMATTED, LUI_ID, LUILUI_RELTN_STATE, LUILUI_RELTN_TYPE, NAME, DESCR_PLAIN, RELATED_LUI_ID, ID) values ('7992054e-04ce-4656-95d3-2b8af81c3f6f', 0, 'admin', TIMESTAMP '2014-02-06 10:34:38.883', 'admin', TIMESTAMP '2014-02-06 10:34:38.883', TIMESTAMP '2014-02-06 10:36:39.704', '', 'HIST329N-RG-AO', 'aa62342c-554c-4621-9423-1df11a12ec75', 'kuali.lui.lui.relation.state.active', 'kuali.lui.lui.relation.type.registeredforvia.rg2ao', 'rg-ao-relation', 'HIST329N-RG-AO', '5c4b07d1-1234-4ae3-b269-765539d14396', '1f1ff584-c866-4907-a481-6656791c2d2c')
/
insert into KSEN_CODE_GENERATOR_LOCKS (OBJ_ID, CODE, NAMESPACE, UNIQUE_KEY, ID) values ('9eb34dbe-ed4c-4698-9539-2bd39a97e42e', '8539e453-d979-471e-b00b-a26eb8706507', 'courseOfferingCode', 'CHEM399B-P', '08a53a94-2a3c-4a4a-b578-f87529956e84')
/
insert into KSEN_CODE_GENERATOR_LOCKS (OBJ_ID, CODE, NAMESPACE, UNIQUE_KEY, ID) values ('5a938ee2-7b1f-4487-9ad8-c0dbe24d56c8', 'A', 'courseOfferingCode', 'CHEM399B', 'f2b22ac8-c5d4-48d8-963d-2d2da336b036')
/
delete from KSEN_CODE_GENERATOR_LOCKS where CODE='8539e453-d979-471e-b00b-a26eb8706507' and UNIQUE_KEY='CHEM399B-P' and NAMESPACE='courseOfferingCode'
/
delete from KSEN_CODE_GENERATOR_LOCKS where UNIQUE_KEY='CHEM399B' and NAMESPACE='courseOfferingCode' and 0=(select count(*) from KSEN_CODE_GENERATOR_LOCKS codegenera1_ where codegenera1_.UNIQUE_KEY='CHEM399B-P' and codegenera1_.NAMESPACE='courseOfferingCode')
/
insert into KSEN_LUI (OBJ_ID, VER_NBR, CREATEID, CREATETIME, UPDATEID, UPDATETIME, ATP_ID, CLU_ID, EFF_DT, EXPIR_DT, DESCR_FORMATTED, LUI_STATE, LUI_TYPE, MAX_SEATS, MIN_SEATS, NAME, DESCR_PLAIN, REF_URL, ID) values ('23bc6472-3b52-4ab6-bf07-9232061b3cd0', 0, 'admin', TIMESTAMP '2014-02-06 10:34:38.883', 'admin', TIMESTAMP '2014-02-06 10:34:38.883', 'kuali.atp.2014Winter', '73acba95-b7ab-494c-a726-6accd2de5257', TIMESTAMP '2014-01-02 00:00:00.0', '', 'Basic (chemical) research conducted under the supervision of a faculty member.', 'kuali.lui.course.offering.state.draft', 'kuali.lui.type.course.offering', '', '', 'CHEM399A CO', 'Basic (chemical) research conducted under the supervision of a faculty member.', null, 'd7f38e60-86b2-49e2-a988-c3477dae97cb')
/
insert into KSEN_LUI_ATTR (OBJ_ID, ATTR_KEY, OWNER_ID, ATTR_VALUE, ID) values ('020b4270-3fd3-43b3-9415-d979b1666ef0', 'kuali.attribute.course.number.internal.suffix', 'd7f38e60-86b2-49e2-a988-c3477dae97cb', 'A', 'a91a0562-301a-446c-bf91-86e0db42fc96')
/
insert into KSEN_LUI_ATTR (OBJ_ID, ATTR_KEY, OWNER_ID, ATTR_VALUE, ID) values ('0cb7547a-731a-420d-b321-ef03bc76a64d', 'kuali.attribute.wait.list.type.key', 'd7f38e60-86b2-49e2-a988-c3477dae97cb', null, 'f23636a3-a1b7-44c3-94d3-647907fb8abb')
/
insert into KSEN_LUI_ATTR (OBJ_ID, ATTR_KEY, OWNER_ID, ATTR_VALUE, ID) values ('ba87e432-57f8-462b-8f96-72d4a291d94b', 'kuali.attribute.final.exam.use.matrix', 'd7f38e60-86b2-49e2-a988-c3477dae97cb', 1, '6dcbc83f-61e3-4b1e-b957-b7b6d78979e8')
/
insert into KSEN_LUI_ATTR (OBJ_ID, ATTR_KEY, OWNER_ID, ATTR_VALUE, ID) values ('a42c3817-a24d-4d2e-89b1-11bfe9486ceb', 'kuali.attribute.final.exam.driver', 'd7f38e60-86b2-49e2-a988-c3477dae97cb', 'kuali.lu.exam.driver.ActivityOffering', 'de0008b9-b59d-42f0-9316-fa409fbda65b')
/
insert into KSEN_LUI_ATTR (OBJ_ID, ATTR_KEY, OWNER_ID, ATTR_VALUE, ID) values ('69c43de4-ff85-43b7-a438-31efa2d26983', 'kuali.attribute.course.evaluation.indicator', 'd7f38e60-86b2-49e2-a988-c3477dae97cb', 0, '8efc5de9-845b-42f7-bad9-21723810c71a')
/
insert into KSEN_LUI_ATTR (OBJ_ID, ATTR_KEY, OWNER_ID, ATTR_VALUE, ID) values ('5c4fa2a1-36b3-4d33-b79f-401a0b058ad7', 'kuali.attribute.funding.source', 'd7f38e60-86b2-49e2-a988-c3477dae97cb', '', '90c8457a-09cf-4ff1-8550-5b767afbf59e')
/
insert into KSEN_LUI_ATTR (OBJ_ID, ATTR_KEY, OWNER_ID, ATTR_VALUE, ID) values ('8968c25c-6124-42c4-a22d-b1c6762c070c', 'kuali.attribute.wait.list.indicator', 'd7f38e60-86b2-49e2-a988-c3477dae97cb', 1, 'ad05a377-532b-4501-b83f-d35c06b29327')
/
insert into KSEN_LUI_ATTR (OBJ_ID, ATTR_KEY, OWNER_ID, ATTR_VALUE, ID) values ('8fd12bc5-faa1-42d7-a23b-9957a4391b89', 'kuali.attribute.where.fees.attached.flag', 'd7f38e60-86b2-49e2-a988-c3477dae97cb', 0, '7789abda-4721-467e-acb2-6069f3635ad9')
/
insert into KSEN_LUI_ATTR (OBJ_ID, ATTR_KEY, OWNER_ID, ATTR_VALUE, ID) values ('54f5eb81-cadb-41d6-9316-ea02df07863f', 'kuali.attribute.wait.list.level.type.key', 'd7f38e60-86b2-49e2-a988-c3477dae97cb', 'AO', '2ab095e9-8b54-4ce6-84f8-d7543c38e3f0')
/
insert into KSEN_LUI_ATTR (OBJ_ID, ATTR_KEY, OWNER_ID, ATTR_VALUE, ID) values ('1b7d1254-9dda-4fa9-8d17-d74ab8512292', 'kuali.attribute.final.exam.indicator', 'd7f38e60-86b2-49e2-a988-c3477dae97cb', 'STANDARD', '4e2fe159-28ef-4fb9-b084-5d280f8395fa')
/
insert into KSEN_LUI_IDENT (OBJ_ID, VER_NBR, CREATEID, CREATETIME, UPDATEID, UPDATETIME, LUI_CD, DIVISION, IDENT_LEVEL, LNG_NAME, LUI_ID, ORGID, SHRT_NAME, LUI_ID_STATE, SUFX_CD, LUI_ID_TYPE, VARTN, ID) values ('864cda05-4fc2-40e9-9004-376cd1c4768e', 0, 'admin', TIMESTAMP '2014-02-06 10:34:38.883', 'admin', TIMESTAMP '2014-02-06 10:34:38.883', 'CHEM399A', 'CHEM', '', 'Introduction to Chemical Research', 'd7f38e60-86b2-49e2-a988-c3477dae97cb', '', '', 'kuali.lui.identifier.state.active', 'A', 'kuali.lui.identifier.type.official', '', 'a25699bc-0d47-4b24-b10e-7745be3e05c3')
/
insert into KSEN_LUI_LU_CD (OBJ_ID, VER_NBR, CREATEID, CREATETIME, UPDATEID, UPDATETIME, DESCR_FORMATTED, LUI_ID, DESCR_PLAIN, LUI_LUCD_TYPE, VALUE, ID) values ('6cc36a3a-4c5f-4ee9-9647-feae42444c4b', 0, 'admin', TIMESTAMP '2014-02-06 10:34:38.883', 'admin', TIMESTAMP '2014-02-06 10:34:38.883', '', 'd7f38e60-86b2-49e2-a988-c3477dae97cb', '', 'kuali.lu.code.honorsOffering', '', '75652a36-cc1b-481b-b9c6-6e60f3abac90')
/
insert into KSEN_LUI_UNITS_DEPLOYMENT (LUI_ID, ORG_ID, ID) values ('d7f38e60-86b2-49e2-a988-c3477dae97cb', '4284516367', 'd5e77c57-982b-4829-b5cb-b5bf4745bd3f')
/
insert into KSEN_LUI_UNITS_CONT_OWNER (LUI_ID, ORG_ID) values ('d7f38e60-86b2-49e2-a988-c3477dae97cb', '4284516367')
/
insert into KSEN_LUI_RESULT_VAL_GRP (LUI_ID, RESULT_VAL_GRP_ID) values ('d7f38e60-86b2-49e2-a988-c3477dae97cb', 'kuali.resultComponent.grade.letter')
/
insert into KSEN_LUI_RESULT_VAL_GRP (LUI_ID, RESULT_VAL_GRP_ID) values ('d7f38e60-86b2-49e2-a988-c3477dae97cb', 'kuali.resultComponent.grade.audit')
/
insert into KSEN_LUI_RESULT_VAL_GRP (LUI_ID, RESULT_VAL_GRP_ID) values ('d7f38e60-86b2-49e2-a988-c3477dae97cb', 'kuali.resultComponent.grade.passFail')
/
insert into KSEN_LUI_RESULT_VAL_GRP (LUI_ID, RESULT_VAL_GRP_ID) values ('d7f38e60-86b2-49e2-a988-c3477dae97cb', 'kuali.creditType.credit.degree.1.0,1.5,2.0,2.5,3.0')
/
insert into KSEN_LUI (OBJ_ID, VER_NBR, CREATEID, CREATETIME, UPDATEID, UPDATETIME, ATP_ID, CLU_ID, EFF_DT, EXPIR_DT, DESCR_FORMATTED, LUI_STATE, LUI_TYPE, MAX_SEATS, MIN_SEATS, NAME, DESCR_PLAIN, REF_URL, ID) values ('05bfbded-07d5-4d17-8c8c-6c19d148873d', 0, 'admin', TIMESTAMP '2014-02-06 10:34:38.883', 'admin', TIMESTAMP '2014-02-06 10:34:38.883', 'kuali.atp.2014Winter', '0ae12d77-775c-499c-ade2-a4e2b60984a9', '', '', 'Courses with Lecture only', 'kuali.lui.format.offering.state.draft', 'kuali.lui.type.course.format.offering', '', '', 'Lecture Only', 'Courses with Lecture only', '', 'c3c5c227-db8b-4519-b1e5-369a28f46ff1')
/
insert into KSEN_LUI_ATTR (OBJ_ID, ATTR_KEY, OWNER_ID, ATTR_VALUE, ID) values ('202cb40a-a59d-4d6b-b4b1-84b81029cbfc', 'kuali.attribute.final.exam.level.type', 'c3c5c227-db8b-4519-b1e5-369a28f46ff1', 'kuali.lu.type.activity.Lecture', 'cfd47bcb-3b8c-4ae9-9e5d-c87f2756bc2c')
/
insert into KSEN_LUI_ATTR (OBJ_ID, ATTR_KEY, OWNER_ID, ATTR_VALUE, ID) values ('49db4d4d-15b2-4ead-bda9-4453d63ca784', 'kuali.attribute.grade.roster.level.type.key', 'c3c5c227-db8b-4519-b1e5-369a28f46ff1', 'kuali.lui.type.activity.offering.lecture', 'ccea3622-3635-4263-9cb8-fc228e9e7d7b')
/
insert into KSEN_LUI_ATTR (OBJ_ID, ATTR_KEY, OWNER_ID, ATTR_VALUE, ID) values ('fb4a4e6e-4f61-45bc-86f1-0b55e1b97020', 'regCodePrefix', 'c3c5c227-db8b-4519-b1e5-369a28f46ff1', '1', '1075279c-fe87-47d3-ae4c-cf73325e4a60')
/
insert into KSEN_LUI_IDENT (OBJ_ID, VER_NBR, CREATEID, CREATETIME, UPDATEID, UPDATETIME, LUI_CD, DIVISION, IDENT_LEVEL, LNG_NAME, LUI_ID, ORGID, SHRT_NAME, LUI_ID_STATE, SUFX_CD, LUI_ID_TYPE, VARTN, ID) values ('274a1265-10b7-4af7-af0d-14cd5fa9f80b', 0, 'admin', TIMESTAMP '2014-02-06 10:34:38.883', 'admin', TIMESTAMP '2014-02-06 10:34:38.883', '', '', '', 'Lecture Only', 'c3c5c227-db8b-4519-b1e5-369a28f46ff1', '', 'LEC', 'kuali.lui.identifier.state.active', '', 'kuali.lui.identifier.type.official', '', 'c5e0a770-629c-46ef-8431-769bdb80ab17')
/
insert into KSEN_LUI_RELATED_LUI_TYPES (LUI_ID, RELATED_LUI_TYPE) values ('c3c5c227-db8b-4519-b1e5-369a28f46ff1', 'kuali.lui.type.activity.offering.lecture')
/
insert into KSEN_LUILUI_RELTN (OBJ_ID, VER_NBR, CREATEID, CREATETIME, UPDATEID, UPDATETIME, EFF_DT, EXPIR_DT, DESCR_FORMATTED, LUI_ID, LUILUI_RELTN_STATE, LUILUI_RELTN_TYPE, NAME, DESCR_PLAIN, RELATED_LUI_ID, ID) values ('45aba22e-a076-48da-8297-1304080ce35b', 0, 'admin', TIMESTAMP '2014-02-06 10:34:38.883', 'admin', TIMESTAMP '2014-02-06 10:34:38.883', TIMESTAMP '2014-02-06 10:36:42.457', '', 'CHEM399A-CO-FO', 'd7f38e60-86b2-49e2-a988-c3477dae97cb', 'kuali.lui.lui.relation.state.active', 'kuali.lui.lui.relation.type.deliveredvia.co2fo', 'co-fo-relation', 'CHEM399A-CO-FO', 'c3c5c227-db8b-4519-b1e5-369a28f46ff1', '7ce18919-fa3e-42f0-a600-73d5e43b29fd')
/
insert into KSEN_LUI (OBJ_ID, VER_NBR, CREATEID, CREATETIME, UPDATEID, UPDATETIME, ATP_ID, CLU_ID, EFF_DT, EXPIR_DT, DESCR_FORMATTED, LUI_STATE, LUI_TYPE, MAX_SEATS, MIN_SEATS, NAME, DESCR_PLAIN, REF_URL, ID) values ('83cd08e4-607a-4dd8-b65a-e0ab8aed85c1', 0, 'admin', TIMESTAMP '2014-02-06 10:34:38.883', 'admin', TIMESTAMP '2014-02-06 10:34:38.883', 'kuali.atp.2014Winter', 'adb8910d-8560-46b5-8306-540e4d3cf0a8', '', '', 'Courses with lecture', 'kuali.lui.activity.offering.state.draft', 'kuali.lui.type.activity.offering.lecture', 5, 5, 'Lecture', 'Courses with lecture', null, 'e2cdea6a-56b9-4ca3-99d4-1abe445753bf')
/
insert into KSEN_LUI_ATTR (OBJ_ID, ATTR_KEY, OWNER_ID, ATTR_VALUE, ID) values ('19a48bb1-fff4-4f1c-a8c8-54d07cfd1db5', 'kuali.attribute.max.enrollment.is.estimate', 'e2cdea6a-56b9-4ca3-99d4-1abe445753bf', 0, 'fd6fdcfb-32fb-4d50-9d01-e3ee8c74c85e')
/
insert into KSEN_LUI_ATTR (OBJ_ID, ATTR_KEY, OWNER_ID, ATTR_VALUE, ID) values ('edd604b5-4c09-4af2-a367-b71326b8a5ae', 'kuali.attribute.course.evaluation.indicator', 'e2cdea6a-56b9-4ca3-99d4-1abe445753bf', 0, '4fbf56a3-b81a-446a-b9c6-ec655c030d25')
/
insert into KSEN_LUI_ATTR (OBJ_ID, ATTR_KEY, OWNER_ID, ATTR_VALUE, ID) values ('7f6bd69c-c4f5-4aa9-909e-9e319b10b5ae', 'kuali.attribute.nonstd.ts.indicator', 'e2cdea6a-56b9-4ca3-99d4-1abe445753bf', 0, 'b5a7bfda-4506-4b66-a179-ec78c6770a1a')
/
insert into KSEN_LUI_IDENT (OBJ_ID, VER_NBR, CREATEID, CREATETIME, UPDATEID, UPDATETIME, LUI_CD, DIVISION, IDENT_LEVEL, LNG_NAME, LUI_ID, ORGID, SHRT_NAME, LUI_ID_STATE, SUFX_CD, LUI_ID_TYPE, VARTN, ID) values ('46d51ec1-5383-4684-bb24-1003d315ba7c', 0, 'admin', TIMESTAMP '2014-02-06 10:34:38.883', 'admin', TIMESTAMP '2014-02-06 10:34:38.883', 'A', '', '', '', 'e2cdea6a-56b9-4ca3-99d4-1abe445753bf', '', '', 'kuali.lui.identifier.state.active', '', 'kuali.lui.identifier.type.official', '', 'fdd84a49-eefa-4a10-8db5-a3b5873a4c45')
/
insert into KSEN_LUI_LU_CD (OBJ_ID, VER_NBR, CREATEID, CREATETIME, UPDATEID, UPDATETIME, DESCR_FORMATTED, LUI_ID, DESCR_PLAIN, LUI_LUCD_TYPE, VALUE, ID) values ('b0d0c67f-9c4a-45c1-a3ad-4b0281a71d48', 0, 'admin', TIMESTAMP '2014-02-06 10:34:38.883', 'admin', TIMESTAMP '2014-02-06 10:34:38.883', '', 'e2cdea6a-56b9-4ca3-99d4-1abe445753bf', '', 'kuali.lu.code.honorsOffering', 0, '2172bbbe-1c25-4dff-b91b-ddbfe0a12bfa')
/
insert into KSEN_LPR (OBJ_ID, VER_NBR, CREATEID, CREATETIME, UPDATEID, UPDATETIME, ATP_ID, COMMIT_PERCT, CREDITS, EFF_DT, EXPIR_DT, GRADING_OPT_ID, LUI_ID, MASTER_LUI_ID, PERS_ID, LPR_STATE, LPR_TYPE, ID) values ('460fa789-fff3-488a-a048-ee330e82f3cf', 0, 'admin', TIMESTAMP '2014-02-06 10:34:38.883', 'admin', TIMESTAMP '2014-02-06 10:34:38.883', '', '100.00', '', TIMESTAMP '2014-02-06 10:36:42.6', '', '', 'e2cdea6a-56b9-4ca3-99d4-1abe445753bf', '', 'J.PATRICIAT', 'kuali.lpr.state.active', 'kuali.lpr.type.instructor.main', '0a75e897-3e85-4c02-8c2e-c10f1896255a')
/
insert into KSEN_LUILUI_RELTN (OBJ_ID, VER_NBR, CREATEID, CREATETIME, UPDATEID, UPDATETIME, EFF_DT, EXPIR_DT, DESCR_FORMATTED, LUI_ID, LUILUI_RELTN_STATE, LUILUI_RELTN_TYPE, NAME, DESCR_PLAIN, RELATED_LUI_ID, ID) values ('48720cec-9ff2-460b-98a6-5621f5b34eef', 0, 'admin', TIMESTAMP '2014-02-06 10:34:38.883', 'admin', TIMESTAMP '2014-02-06 10:34:38.883', TIMESTAMP '2014-02-06 10:36:42.641', '', 'CHEM399A-FO-AO', 'c3c5c227-db8b-4519-b1e5-369a28f46ff1', 'kuali.lui.lui.relation.state.active', 'kuali.lui.lui.relation.type.deliveredvia.fo2ao', 'fo-ao-relation', 'CHEM399A-FO-AO', 'e2cdea6a-56b9-4ca3-99d4-1abe445753bf', 'ef8a37f0-0f6c-4d03-9bcf-7f1114576ad0')
/
insert into KSEN_SCHED_RQST_SET (OBJ_ID, VER_NBR, CREATEID, CREATETIME, UPDATEID, UPDATETIME, DESCR_FORMATTED, MAX_ENRL_SHARED_IND, MAX_ENRL, NAME, DESCR_PLAIN, REF_OBJECT_TYPE, SCHED_RQST_SET_STATE, SCHED_RQST_SET_TYPE, ID) values ('d5ee3eb9-a0a4-4b62-9665-c6793d171f97', 0, 'admin', TIMESTAMP '2014-02-06 10:34:38.883', 'admin', TIMESTAMP '2014-02-06 10:34:38.883', '', 0, '', 'Schedule request set for CHEM399A - A', '', 'http://student.kuali.org/wsdl/courseOffering/ActivityOfferingInfo', 'kuali.scheduling.schedule.request.set.state.created', 'kuali.scheduling.schedule.request.set.type.schedule.request.set', '9779053a-8b6b-44bc-94d4-8d13b1c66fe2')
/
insert into KSEN_SCHED_RQST (OBJ_ID, VER_NBR, CREATEID, CREATETIME, UPDATEID, UPDATETIME, DESCR_FORMATTED, NAME, DESCR_PLAIN, SCHED_RQST_STATE, SCHED_RQST_TYPE, SCHED_ID, SCHED_RQST_SET_ID, ID) values ('329a1237-01a9-47b7-95c0-0bdf3ec896d5', 0, 'admin', TIMESTAMP '2014-02-06 10:34:38.883', 'admin', TIMESTAMP '2014-02-06 10:34:38.883', '', 'Schedule request for CHEM399A - A', '', 'kuali.scheduling.schedule.request.state.created', 'kuali.scheduling.schedule.request.type.schedule.request', '', '9779053a-8b6b-44bc-94d4-8d13b1c66fe2', '019b5151-0435-4acc-ad04-152c15fd6a33')
/
insert into KSEN_SCHED_RQST_CMP (OBJ_ID, TBA_IND, SCHED_RQST_ID, ID) values ('a09c682e-23c2-493d-ac5c-fdb38481ee23', 1, '019b5151-0435-4acc-ad04-152c15fd6a33', 'f7e3c9b9-c27c-46d3-aed3-6dbe92391c6e')
/
insert into KSEN_SCHED_REF_OBJECT (SCHED_RQST_SET_ID, REF_OBJECT_ID) values ('9779053a-8b6b-44bc-94d4-8d13b1c66fe2', 'e2cdea6a-56b9-4ca3-99d4-1abe445753bf')
/
insert into KSEN_SCHED_RQST_CMP_TMSLOT (CMP_ID, TM_SLOT_ID) values ('f7e3c9b9-c27c-46d3-aed3-6dbe92391c6e', '4A6971D2-447D-4359-B949-F4EDF104A0AA')
/
insert into KSEN_CO_SEAT_POOL_DEFN (OBJ_ID, VER_NBR, CREATEID, CREATETIME, UPDATEID, UPDATETIME, ACTIVITY_OFFERING_ID, EXPIR_MSTONE_TYPE, PERCENTAGE_IND, NAME, POPULATION_ID, PROCESSING_PRIORITY, SEAT_LIMIT, SEAT_POOL_DEFN_STATE, SEAT_POOL_DEFN_TYPE, ID) values ('2b76bd83-403e-4f83-844e-59420650c3fa', 1, 'admin', TIMESTAMP '2014-02-06 10:34:38.883', 'admin', TIMESTAMP '2014-02-06 10:34:38.883', '', 'kuali.atp.milestone.firstdayofclasses', 0, '300-level Senior Seatpool', '4160a52b-d353-4ab3-b72d-a3c2f9969783', 1, 5, 'kuali.lui.capacity.state.active', 'kuali.lui.capacity.type.seatpool', '1875e439-0f0d-4eb2-9c94-3eac1314d3e5')
/
insert into KSEN_CWL (OBJ_ID, VER_NBR, CREATEID, CREATETIME, UPDATEID, UPDATETIME, ALLOW_HOLD_UTIL_ENTRIES_IND, AUTO_PROCESSED_IND, CHECK_IN_REQ_IND, CONF_REQ_IND, EFF_DT, EXPIR_DT, MAX_SIZE, REG_IN_FIRST_AAO_IND, STD_DUR_TIME_QTY, STD_DUR_TYPE, CWL_STATE, CWL_TYPE, ID) values ('fdef843f-72bd-4849-90da-fd2953d4abba', 0, 'admin', TIMESTAMP '2014-02-06 10:34:38.883', 'admin', TIMESTAMP '2014-02-06 10:34:38.883', 1, 1, 0, 1, TIMESTAMP '2013-01-02 00:00:00.0', '', '', 1, '', '', 'kuali.course.waitlist.state.active', 'kuali.course.waitlist.type.course.waitlist', 'b16dd4b3-c203-4d98-bf76-9bc0684dfcec')
/
update KSEN_CO_SEAT_POOL_DEFN set OBJ_ID='2b76bd83-403e-4f83-844e-59420650c3fa', VER_NBR=2, UPDATEID='admin', UPDATETIME=TIMESTAMP '2014-02-06 10:34:38.883', ACTIVITY_OFFERING_ID='e2cdea6a-56b9-4ca3-99d4-1abe445753bf', EXPIR_MSTONE_TYPE='kuali.atp.milestone.firstdayofclasses', PERCENTAGE_IND=0, NAME='300-level Senior Seatpool', POPULATION_ID='4160a52b-d353-4ab3-b72d-a3c2f9969783', PROCESSING_PRIORITY=1, SEAT_LIMIT=5, SEAT_POOL_DEFN_STATE='kuali.lui.capacity.state.active', SEAT_POOL_DEFN_TYPE='kuali.lui.capacity.type.seatpool' where ID='1875e439-0f0d-4eb2-9c94-3eac1314d3e5' and VER_NBR=1
/
insert into KSEN_CWL_ACTIV_OFFER (CWL_ID, ACTIV_OFFER_ID) values ('b16dd4b3-c203-4d98-bf76-9bc0684dfcec', 'e2cdea6a-56b9-4ca3-99d4-1abe445753bf')
/
insert into KSEN_CWL_FORMAT_OFFER (CWL_ID, FORMAT_OFFER_ID) values ('b16dd4b3-c203-4d98-bf76-9bc0684dfcec', 'c3c5c227-db8b-4519-b1e5-369a28f46ff1')
/
insert into KSEN_CO_AO_CLUSTER (OBJ_ID, VER_NBR, CREATEID, CREATETIME, UPDATEID, UPDATETIME, AO_CLUSTER_STATE, AO_CLUSTER_TYPE, DESCR_FORMATTED, DESCR_PLAIN, FORMAT_OFFERING_ID, NAME, PRIVATE_NAME, ID) values ('7eea0cbb-d748-4b48-b1d3-6a45bb05a3e2', 0, 'admin', TIMESTAMP '2014-02-06 10:34:38.883', 'admin', TIMESTAMP '2014-02-06 10:34:38.883', 'kuali.activity.offering.cluster.state.active', 'kuali.activity.offering.cluster.type.activity.offering.cluster', '', '', 'c3c5c227-db8b-4519-b1e5-369a28f46ff1', 'CL 1', 'CL 1', '15140d44-4966-4c96-83f6-d5e8c966579e')
/
insert into KSEN_CO_AO_CLUSTER_SET (OBJ_ID, ACTIVITY_OFFERING_TYPE, AO_CLUSTER_ID, ID) values ('060f3ea8-44dd-4c6c-afb5-fb81ad73e3f8', 'kuali.lui.type.activity.offering.lecture', '15140d44-4966-4c96-83f6-d5e8c966579e', 'ee665f27-f401-4573-a03f-b5d231c74bd4')
/
insert into KSEN_CO_AO_CLUSTER_SET_AO (AOC_SET_ID, ACTIVITY_OFFERING_ID) values ('ee665f27-f401-4573-a03f-b5d231c74bd4', 'e2cdea6a-56b9-4ca3-99d4-1abe445753bf')
/
update KSEN_CO_AO_CLUSTER_SET set AO_CLUSTER_ID='15140d44-4966-4c96-83f6-d5e8c966579e' where ID='ee665f27-f401-4573-a03f-b5d231c74bd4'
/
insert into KSEN_LUI (OBJ_ID, VER_NBR, CREATEID, CREATETIME, UPDATEID, UPDATETIME, ATP_ID, CLU_ID, EFF_DT, EXPIR_DT, DESCR_FORMATTED, LUI_STATE, LUI_TYPE, MAX_SEATS, MIN_SEATS, NAME, DESCR_PLAIN, REF_URL, ID) values ('e2912a08-f746-4bd9-9017-a964c40bb9fe', 0, 'admin', TIMESTAMP '2014-02-06 10:34:38.883', 'admin', TIMESTAMP '2014-02-06 10:34:38.883', 'kuali.atp.2014Winter', '0ae12d77-775c-499c-ade2-a4e2b60984a9', '', '', '1001', 'kuali.lui.registration.group.state.pending', 'kuali.lui.type.registration.group', '', '', '1001', '1001', '', '256e36dc-05e9-4745-9ce7-79b2ef005222')
/
insert into KSEN_LUI_ATTR (OBJ_ID, ATTR_KEY, OWNER_ID, ATTR_VALUE, ID) values ('f20921d5-830f-4bf9-aab1-4a722354625c', 'kuali.attribute.registration.group.is.generated', '256e36dc-05e9-4745-9ce7-79b2ef005222', 1, '367309e8-548f-4e78-ba7f-36a14c69d912')
/
insert into KSEN_LUI_ATTR (OBJ_ID, ATTR_KEY, OWNER_ID, ATTR_VALUE, ID) values ('71de3c28-dd10-4010-bc77-415261f19eb5', 'kuali.attribute.registration.group.aocluster.id', '256e36dc-05e9-4745-9ce7-79b2ef005222', '15140d44-4966-4c96-83f6-d5e8c966579e', '4b86e801-b46f-4f05-a9f8-4ccfb9468d8e')
/
insert into KSEN_LUI_IDENT (OBJ_ID, VER_NBR, CREATEID, CREATETIME, UPDATEID, UPDATETIME, LUI_CD, DIVISION, IDENT_LEVEL, LNG_NAME, LUI_ID, ORGID, SHRT_NAME, LUI_ID_STATE, SUFX_CD, LUI_ID_TYPE, VARTN, ID) values ('c022dd9a-ed91-4752-be30-e3481176e0dd', 0, 'admin', TIMESTAMP '2014-02-06 10:34:38.883', 'admin', TIMESTAMP '2014-02-06 10:34:38.883', '', '', '', '', '256e36dc-05e9-4745-9ce7-79b2ef005222', '', '', 'kuali.lui.identifier.state.active', '', 'kuali.lui.identifier.type.official', '', '970c6e75-c207-4a8f-a4ae-3ff6f49a95ff')
/
insert into KSEN_LUILUI_RELTN (OBJ_ID, VER_NBR, CREATEID, CREATETIME, UPDATEID, UPDATETIME, EFF_DT, EXPIR_DT, DESCR_FORMATTED, LUI_ID, LUILUI_RELTN_STATE, LUILUI_RELTN_TYPE, NAME, DESCR_PLAIN, RELATED_LUI_ID, ID) values ('6bd3e492-19cd-4a80-8e4c-dc065e3c4c90', 0, 'admin', TIMESTAMP '2014-02-06 10:34:38.883', 'admin', TIMESTAMP '2014-02-06 10:34:38.883', TIMESTAMP '2014-02-06 10:36:43.149', '', 'CHEM399A-FO-RG', 'c3c5c227-db8b-4519-b1e5-369a28f46ff1', 'kuali.lui.lui.relation.state.active', 'kuali.lui.lui.relation.type.deliveredvia.fo2rg', 'fo-rg-relation', 'CHEM399A-FO-RG', '256e36dc-05e9-4745-9ce7-79b2ef005222', 'e33aefd6-badb-488e-a093-86738d7afb1e')
/
insert into KSEN_LUILUI_RELTN (OBJ_ID, VER_NBR, CREATEID, CREATETIME, UPDATEID, UPDATETIME, EFF_DT, EXPIR_DT, DESCR_FORMATTED, LUI_ID, LUILUI_RELTN_STATE, LUILUI_RELTN_TYPE, NAME, DESCR_PLAIN, RELATED_LUI_ID, ID) values ('dcc3f05b-2222-4d46-8d36-6fa90db6820a', 0, 'admin', TIMESTAMP '2014-02-06 10:34:38.883', 'admin', TIMESTAMP '2014-02-06 10:34:38.883', TIMESTAMP '2014-02-06 10:36:43.153', '', 'CHEM399A-RG-AO', '256e36dc-05e9-4745-9ce7-79b2ef005222', 'kuali.lui.lui.relation.state.active', 'kuali.lui.lui.relation.type.registeredforvia.rg2ao', 'rg-ao-relation', 'CHEM399A-RG-AO', 'e2cdea6a-56b9-4ca3-99d4-1abe445753bf', '9ddf7114-b51a-4225-be84-30e23935b6a3')
/
insert into KSEN_CODE_GENERATOR_LOCKS (OBJ_ID, CODE, NAMESPACE, UNIQUE_KEY, ID) values ('914ab501-0cd9-4674-851b-9ed4d622cfeb', '7d8d1cdb-f1d9-4758-a136-5fb75d93ac08', 'courseOfferingCode', 'HIST329N-P', '67d184ae-1c9b-4305-9ba3-2df8e3c78373')
/
insert into KSEN_CODE_GENERATOR_LOCKS (OBJ_ID, CODE, NAMESPACE, UNIQUE_KEY, ID) values ('4d74364a-41b4-4a01-ba60-e72df3184c79', 'A', 'courseOfferingCode', 'HIST329N', 'cf4a2ea3-9738-4a7e-8c4a-482759c0ce45')
/
delete from KSEN_CODE_GENERATOR_LOCKS where CODE='7d8d1cdb-f1d9-4758-a136-5fb75d93ac08' and UNIQUE_KEY='HIST329N-P' and NAMESPACE='courseOfferingCode'
/
delete from KSEN_CODE_GENERATOR_LOCKS where UNIQUE_KEY='HIST329N' and NAMESPACE='courseOfferingCode' and 0=(select count(*) from KSEN_CODE_GENERATOR_LOCKS codegenera1_ where codegenera1_.UNIQUE_KEY='HIST329N-P' and codegenera1_.NAMESPACE='courseOfferingCode')
/
insert into KSEN_LUI (OBJ_ID, VER_NBR, CREATEID, CREATETIME, UPDATEID, UPDATETIME, ATP_ID, CLU_ID, EFF_DT, EXPIR_DT, DESCR_FORMATTED, LUI_STATE, LUI_TYPE, MAX_SEATS, MIN_SEATS, NAME, DESCR_PLAIN, REF_URL, ID) values ('7595eeed-9e05-4cd2-a7b4-c47a7bb6056e', 0, 'admin', TIMESTAMP '2014-02-06 10:34:38.883', 'admin', TIMESTAMP '2014-02-06 10:34:38.883', 'kuali.atp.2014Winter', 'CLUID-HIST329-200801000000', TIMESTAMP '2014-01-02 00:00:00.0', '', '', 'kuali.lui.course.offering.state.draft', 'kuali.lui.type.course.offering', '', '', 'HIST329K CO', '.', null, 'd91c139b-8080-433c-816d-d4c877520788')
/
insert into KSEN_LUI_ATTR (OBJ_ID, ATTR_KEY, OWNER_ID, ATTR_VALUE, ID) values ('f61ea5de-77d3-4f7a-b849-fcd382a010d0', 'kuali.attribute.wait.list.indicator', 'd91c139b-8080-433c-816d-d4c877520788', 1, 'd582de8b-747d-40ab-b06d-678ecd18b1ca')
/
insert into KSEN_LUI_ATTR (OBJ_ID, ATTR_KEY, OWNER_ID, ATTR_VALUE, ID) values ('c62ec760-b4f8-4279-973f-9fca0fe60429', 'kuali.attribute.wait.list.level.type.key', 'd91c139b-8080-433c-816d-d4c877520788', 'AO', '6265070a-4b79-438c-843f-0465b94eee94')
/
insert into KSEN_LUI_ATTR (OBJ_ID, ATTR_KEY, OWNER_ID, ATTR_VALUE, ID) values ('3f0f7921-bb06-40a1-afc9-4dfd8617584b', 'kuali.attribute.final.exam.driver', 'd91c139b-8080-433c-816d-d4c877520788', 'kuali.lu.exam.driver.ActivityOffering', '877e189f-8e2a-4f11-9df5-a16ee569fe42')
/
insert into KSEN_LUI_ATTR (OBJ_ID, ATTR_KEY, OWNER_ID, ATTR_VALUE, ID) values ('ee62d850-f111-48c3-870d-8232bf77fa91', 'kuali.attribute.wait.list.type.key', 'd91c139b-8080-433c-816d-d4c877520788', null, 'ef467f04-ca0d-4c44-81fc-919aceebd48b')
/
insert into KSEN_LUI_ATTR (OBJ_ID, ATTR_KEY, OWNER_ID, ATTR_VALUE, ID) values ('72521ab1-ba24-428e-9c28-191d5b8fffc5', 'kuali.attribute.where.fees.attached.flag', 'd91c139b-8080-433c-816d-d4c877520788', 0, '0ac8ce58-0c99-4ad3-ad5f-487c1c4fc9a3')
/
insert into KSEN_LUI_ATTR (OBJ_ID, ATTR_KEY, OWNER_ID, ATTR_VALUE, ID) values ('8e41518d-4fd3-4a3d-8ed6-8b95855a771a', 'kuali.attribute.funding.source', 'd91c139b-8080-433c-816d-d4c877520788', '', '5a4703b7-92fe-4bba-9244-7e563d269b6e')
/
insert into KSEN_LUI_ATTR (OBJ_ID, ATTR_KEY, OWNER_ID, ATTR_VALUE, ID) values ('c4d1aef4-441a-45d8-acb3-1b89133999f5', 'kuali.attribute.course.evaluation.indicator', 'd91c139b-8080-433c-816d-d4c877520788', 0, '9bdeb8dd-0740-413d-a692-be27e520a22d')
/
insert into KSEN_LUI_ATTR (OBJ_ID, ATTR_KEY, OWNER_ID, ATTR_VALUE, ID) values ('e27615c0-d84e-4816-9fb2-4aaec4f033de', 'kuali.attribute.course.number.internal.suffix', 'd91c139b-8080-433c-816d-d4c877520788', 'A', '615f421c-5df7-49f2-9b41-3ff003b355ed')
/
insert into KSEN_LUI_ATTR (OBJ_ID, ATTR_KEY, OWNER_ID, ATTR_VALUE, ID) values ('ab2eee69-2e1d-4e74-80f6-001b225af55d', 'kuali.attribute.final.exam.indicator', 'd91c139b-8080-433c-816d-d4c877520788', 'STANDARD', 'a0af0897-bfd7-46ad-b01e-3847c4bd383d')
/
insert into KSEN_LUI_ATTR (OBJ_ID, ATTR_KEY, OWNER_ID, ATTR_VALUE, ID) values ('5de318f3-c701-41cb-83ef-7436c745c0ec', 'kuali.attribute.final.exam.use.matrix', 'd91c139b-8080-433c-816d-d4c877520788', 1, '797baaac-2ffe-4292-b84d-3264d35bd9dc')
/
insert into KSEN_LUI_IDENT (OBJ_ID, VER_NBR, CREATEID, CREATETIME, UPDATEID, UPDATETIME, LUI_CD, DIVISION, IDENT_LEVEL, LNG_NAME, LUI_ID, ORGID, SHRT_NAME, LUI_ID_STATE, SUFX_CD, LUI_ID_TYPE, VARTN, ID) values ('640e84ff-7b23-45d3-93d6-d27bffe5ec87', 0, 'admin', TIMESTAMP '2014-02-06 10:34:38.883', 'admin', TIMESTAMP '2014-02-06 10:34:38.883', 'HIST329K', 'HIST', '', 'Special Topics in History', 'd91c139b-8080-433c-816d-d4c877520788', '', '', 'kuali.lui.identifier.state.active', 'K', 'kuali.lui.identifier.type.official', '', 'dde2178a-8b37-4943-bc33-61d9bfaf82fb')
/
insert into KSEN_LUI_LU_CD (OBJ_ID, VER_NBR, CREATEID, CREATETIME, UPDATEID, UPDATETIME, DESCR_FORMATTED, LUI_ID, DESCR_PLAIN, LUI_LUCD_TYPE, VALUE, ID) values ('09bcb320-ef59-4ece-a9b0-867833baa7bb', 0, 'admin', TIMESTAMP '2014-02-06 10:34:38.883', 'admin', TIMESTAMP '2014-02-06 10:34:38.883', '', 'd91c139b-8080-433c-816d-d4c877520788', '', 'kuali.lu.code.honorsOffering', '', '18b38783-201a-425c-9808-ba40d51395e3')
/
insert into KSEN_LUI_UNITS_DEPLOYMENT (LUI_ID, ORG_ID, ID) values ('d91c139b-8080-433c-816d-d4c877520788', '3213375036', '27691897-1638-4a5b-b29e-7517e45e8814')
/
insert into KSEN_LUI_UNITS_CONT_OWNER (LUI_ID, ORG_ID) values ('d91c139b-8080-433c-816d-d4c877520788', '3213375036')
/
insert into KSEN_LUI_RESULT_VAL_GRP (LUI_ID, RESULT_VAL_GRP_ID) values ('d91c139b-8080-433c-816d-d4c877520788', 'kuali.resultComponent.grade.letter')
/
insert into KSEN_LUI_RESULT_VAL_GRP (LUI_ID, RESULT_VAL_GRP_ID) values ('d91c139b-8080-433c-816d-d4c877520788', 'kuali.resultComponent.grade.audit')
/
insert into KSEN_LUI_RESULT_VAL_GRP (LUI_ID, RESULT_VAL_GRP_ID) values ('d91c139b-8080-433c-816d-d4c877520788', 'kuali.resultComponent.grade.passFail')
/
insert into KSEN_LUI_RESULT_VAL_GRP (LUI_ID, RESULT_VAL_GRP_ID) values ('d91c139b-8080-433c-816d-d4c877520788', 'kuali.creditType.credit.degree.1.0,1.5,2.0,2.5,3.0')
/
insert into KSEN_LUI (OBJ_ID, VER_NBR, CREATEID, CREATETIME, UPDATEID, UPDATETIME, ATP_ID, CLU_ID, EFF_DT, EXPIR_DT, DESCR_FORMATTED, LUI_STATE, LUI_TYPE, MAX_SEATS, MIN_SEATS, NAME, DESCR_PLAIN, REF_URL, ID) values ('e35bed7a-eb87-444c-be1b-6ab50ac948e9', 0, 'admin', TIMESTAMP '2014-02-06 10:34:38.883', 'admin', TIMESTAMP '2014-02-06 10:34:38.883', 'kuali.atp.2014Winter', 'cd1c5479-a556-45c2-a267-e3738132babe', '', '', 'Courses with Lecture only', 'kuali.lui.format.offering.state.draft', 'kuali.lui.type.course.format.offering', '', '', 'Lecture Only', 'Courses with Lecture only', '', '4ea7ded7-d0dd-4470-92c4-378aff50e4d4')
/
insert into KSEN_LUI_ATTR (OBJ_ID, ATTR_KEY, OWNER_ID, ATTR_VALUE, ID) values ('79700256-717c-422b-9171-c06c3fe6d73d', 'regCodePrefix', '4ea7ded7-d0dd-4470-92c4-378aff50e4d4', '1', 'cc81a1ad-6edd-4c02-988d-23f42201fbd7')
/
insert into KSEN_LUI_ATTR (OBJ_ID, ATTR_KEY, OWNER_ID, ATTR_VALUE, ID) values ('c49ae203-8105-4361-945e-12a40f2a22ff', 'kuali.attribute.final.exam.level.type', '4ea7ded7-d0dd-4470-92c4-378aff50e4d4', 'kuali.lu.type.activity.Lecture', '80f1c82e-d8b3-4203-96e7-3a53fcc24cea')
/
insert into KSEN_LUI_ATTR (OBJ_ID, ATTR_KEY, OWNER_ID, ATTR_VALUE, ID) values ('0bb59174-c3fd-432a-a124-5f798508fc90', 'kuali.attribute.grade.roster.level.type.key', '4ea7ded7-d0dd-4470-92c4-378aff50e4d4', 'kuali.lui.type.activity.offering.lecture', 'd0eed68a-742a-4a61-b7a9-d3f4c603ffa5')
/
insert into KSEN_LUI_IDENT (OBJ_ID, VER_NBR, CREATEID, CREATETIME, UPDATEID, UPDATETIME, LUI_CD, DIVISION, IDENT_LEVEL, LNG_NAME, LUI_ID, ORGID, SHRT_NAME, LUI_ID_STATE, SUFX_CD, LUI_ID_TYPE, VARTN, ID) values ('7ba51eaa-9c64-4063-a95d-ef5624193914', 0, 'admin', TIMESTAMP '2014-02-06 10:34:38.883', 'admin', TIMESTAMP '2014-02-06 10:34:38.883', '', '', '', 'Lecture Only', '4ea7ded7-d0dd-4470-92c4-378aff50e4d4', '', 'LEC', 'kuali.lui.identifier.state.active', '', 'kuali.lui.identifier.type.official', '', 'fc328420-9482-447e-9d34-41f94199cf42')
/
insert into KSEN_LUI_RELATED_LUI_TYPES (LUI_ID, RELATED_LUI_TYPE) values ('4ea7ded7-d0dd-4470-92c4-378aff50e4d4', 'kuali.lui.type.activity.offering.lecture')
/
insert into KSEN_LUILUI_RELTN (OBJ_ID, VER_NBR, CREATEID, CREATETIME, UPDATEID, UPDATETIME, EFF_DT, EXPIR_DT, DESCR_FORMATTED, LUI_ID, LUILUI_RELTN_STATE, LUILUI_RELTN_TYPE, NAME, DESCR_PLAIN, RELATED_LUI_ID, ID) values ('8f4a2621-ad83-4367-a8fe-07b96f2ae5bc', 0, 'admin', TIMESTAMP '2014-02-06 10:34:38.883', 'admin', TIMESTAMP '2014-02-06 10:34:38.883', TIMESTAMP '2014-02-06 10:36:45.336', '', 'HIST329K-CO-FO', 'd91c139b-8080-433c-816d-d4c877520788', 'kuali.lui.lui.relation.state.active', 'kuali.lui.lui.relation.type.deliveredvia.co2fo', 'co-fo-relation', 'HIST329K-CO-FO', '4ea7ded7-d0dd-4470-92c4-378aff50e4d4', '299c762c-1a07-458b-abc7-8b8ba2ea9313')
/
insert into KSEN_LUI (OBJ_ID, VER_NBR, CREATEID, CREATETIME, UPDATEID, UPDATETIME, ATP_ID, CLU_ID, EFF_DT, EXPIR_DT, DESCR_FORMATTED, LUI_STATE, LUI_TYPE, MAX_SEATS, MIN_SEATS, NAME, DESCR_PLAIN, REF_URL, ID) values ('16863f3a-1395-4b99-a79d-ce01a32cf961', 0, 'admin', TIMESTAMP '2014-02-06 10:34:38.883', 'admin', TIMESTAMP '2014-02-06 10:34:38.883', 'kuali.atp.2014Winter', 'e4d0b217-a16e-4efe-96c7-87e307bfffc4', '', '', 'Courses with lecture', 'kuali.lui.activity.offering.state.draft', 'kuali.lui.type.activity.offering.lecture', 40, 40, 'Lecture', 'Courses with lecture', null, '99e403ca-b19e-4b1f-bcae-5903869be887')
/
insert into KSEN_LUI_ATTR (OBJ_ID, ATTR_KEY, OWNER_ID, ATTR_VALUE, ID) values ('75b2d487-4e50-46ff-8a1d-8659a6420f15', 'kuali.attribute.course.evaluation.indicator', '99e403ca-b19e-4b1f-bcae-5903869be887', 0, 'dcf19aff-2628-4ba0-848a-91ef8b303b73')
/
insert into KSEN_LUI_ATTR (OBJ_ID, ATTR_KEY, OWNER_ID, ATTR_VALUE, ID) values ('8973fba2-7446-428d-84b7-120ce0f21531', 'kuali.attribute.nonstd.ts.indicator', '99e403ca-b19e-4b1f-bcae-5903869be887', 0, '196412d0-7a1b-47d9-a10b-240199880061')
/
insert into KSEN_LUI_ATTR (OBJ_ID, ATTR_KEY, OWNER_ID, ATTR_VALUE, ID) values ('d8af10aa-1fd2-456a-a788-c24a24300863', 'kuali.attribute.max.enrollment.is.estimate', '99e403ca-b19e-4b1f-bcae-5903869be887', 0, 'd167306a-f6a5-41e2-bd2c-d18e35de6240')
/
insert into KSEN_LUI_IDENT (OBJ_ID, VER_NBR, CREATEID, CREATETIME, UPDATEID, UPDATETIME, LUI_CD, DIVISION, IDENT_LEVEL, LNG_NAME, LUI_ID, ORGID, SHRT_NAME, LUI_ID_STATE, SUFX_CD, LUI_ID_TYPE, VARTN, ID) values ('67fa7c47-981f-4b1b-a173-d257fb938395', 0, 'admin', TIMESTAMP '2014-02-06 10:34:38.883', 'admin', TIMESTAMP '2014-02-06 10:34:38.883', 'A', '', '', '', '99e403ca-b19e-4b1f-bcae-5903869be887', '', '', 'kuali.lui.identifier.state.active', '', 'kuali.lui.identifier.type.official', '', 'a3ead727-ba68-48f9-87bd-f8d87875fe02')
/
insert into KSEN_LUI_LU_CD (OBJ_ID, VER_NBR, CREATEID, CREATETIME, UPDATEID, UPDATETIME, DESCR_FORMATTED, LUI_ID, DESCR_PLAIN, LUI_LUCD_TYPE, VALUE, ID) values ('57e5b600-72fa-4861-9e6e-c7aec950fc42', 0, 'admin', TIMESTAMP '2014-02-06 10:34:38.883', 'admin', TIMESTAMP '2014-02-06 10:34:38.883', '', '99e403ca-b19e-4b1f-bcae-5903869be887', '', 'kuali.lu.code.honorsOffering', 0, '00afb6d2-3655-4a97-bb8b-731d7c8f629e')
/
insert into KSEN_LPR (OBJ_ID, VER_NBR, CREATEID, CREATETIME, UPDATEID, UPDATETIME, ATP_ID, COMMIT_PERCT, CREDITS, EFF_DT, EXPIR_DT, GRADING_OPT_ID, LUI_ID, MASTER_LUI_ID, PERS_ID, LPR_STATE, LPR_TYPE, ID) values ('5accb3aa-e5d1-49f4-a902-34dc0c212d84', 0, 'admin', TIMESTAMP '2014-02-06 10:34:38.883', 'admin', TIMESTAMP '2014-02-06 10:34:38.883', '', '100.00', '', TIMESTAMP '2014-02-06 10:36:45.748', '', '', '99e403ca-b19e-4b1f-bcae-5903869be887', '', 'L.GEJ', 'kuali.lpr.state.active', 'kuali.lpr.type.instructor.main', 'ae28033a-01c2-4f7e-8628-6dc5a1ca8057')
/
insert into KSEN_LUILUI_RELTN (OBJ_ID, VER_NBR, CREATEID, CREATETIME, UPDATEID, UPDATETIME, EFF_DT, EXPIR_DT, DESCR_FORMATTED, LUI_ID, LUILUI_RELTN_STATE, LUILUI_RELTN_TYPE, NAME, DESCR_PLAIN, RELATED_LUI_ID, ID) values ('95e92a89-4a91-41ed-8a6a-c5d285e6abbd', 0, 'admin', TIMESTAMP '2014-02-06 10:34:38.883', 'admin', TIMESTAMP '2014-02-06 10:34:38.883', TIMESTAMP '2014-02-06 10:36:45.789', '', 'HIST329K-FO-AO', '4ea7ded7-d0dd-4470-92c4-378aff50e4d4', 'kuali.lui.lui.relation.state.active', 'kuali.lui.lui.relation.type.deliveredvia.fo2ao', 'fo-ao-relation', 'HIST329K-FO-AO', '99e403ca-b19e-4b1f-bcae-5903869be887', '5017244b-a3eb-4d15-b3b8-40bd1a7cf9fb')
/
insert into KSEN_SCHED_RQST_SET (OBJ_ID, VER_NBR, CREATEID, CREATETIME, UPDATEID, UPDATETIME, DESCR_FORMATTED, MAX_ENRL_SHARED_IND, MAX_ENRL, NAME, DESCR_PLAIN, REF_OBJECT_TYPE, SCHED_RQST_SET_STATE, SCHED_RQST_SET_TYPE, ID) values ('7b61701f-c95d-4a50-93a7-dba089a9b7d4', 0, 'admin', TIMESTAMP '2014-02-06 10:34:38.883', 'admin', TIMESTAMP '2014-02-06 10:34:38.883', '', 0, '', 'Schedule request set for HIST329K - A', '', 'http://student.kuali.org/wsdl/courseOffering/ActivityOfferingInfo', 'kuali.scheduling.schedule.request.set.state.created', 'kuali.scheduling.schedule.request.set.type.schedule.request.set', '84a597ec-4dcd-4359-8002-820b885f2892')
/
insert into KSEN_SCHED_RQST (OBJ_ID, VER_NBR, CREATEID, CREATETIME, UPDATEID, UPDATETIME, DESCR_FORMATTED, NAME, DESCR_PLAIN, SCHED_RQST_STATE, SCHED_RQST_TYPE, SCHED_ID, SCHED_RQST_SET_ID, ID) values ('9c48189a-8241-479c-acc0-05b81f5226ee', 0, 'admin', TIMESTAMP '2014-02-06 10:34:38.883', 'admin', TIMESTAMP '2014-02-06 10:34:38.883', '', 'Schedule request for HIST329K - A', '', 'kuali.scheduling.schedule.request.state.created', 'kuali.scheduling.schedule.request.type.schedule.request', '', '84a597ec-4dcd-4359-8002-820b885f2892', 'a1b8ef83-4d9c-4fd5-910c-c90f4241946e')
/
insert into KSEN_SCHED_RQST_CMP (OBJ_ID, TBA_IND, SCHED_RQST_ID, ID) values ('b8ec9752-5521-4758-81ab-f3cb82dfd007', 0, 'a1b8ef83-4d9c-4fd5-910c-c90f4241946e', '4d0df0da-0f2d-4fbf-9b53-20b0481aa0bf')
/
insert into KSEN_SCHED_REF_OBJECT (SCHED_RQST_SET_ID, REF_OBJECT_ID) values ('84a597ec-4dcd-4359-8002-820b885f2892', '99e403ca-b19e-4b1f-bcae-5903869be887')
/
insert into KSEN_SCHED_RQST_CMP_BLDG (CMP_ID, BUILDING_ID) values ('4d0df0da-0f2d-4fbf-9b53-20b0481aa0bf', 'd5138c2b-01ee-4e81-b526-38ed2a7c60a3')
/
insert into KSEN_SCHED_RQST_CMP_CAMPUS (CMP_ID, CAMPUS_ID) values ('4d0df0da-0f2d-4fbf-9b53-20b0481aa0bf', 'UMCP')
/
insert into KSEN_SCHED_RQST_CMP_ROOM (CMP_ID, ROOM_ID) values ('4d0df0da-0f2d-4fbf-9b53-20b0481aa0bf', '6dd715ea-cc9b-4cd1-9a34-f96628650406')
/
insert into KSEN_SCHED_RQST_CMP_TMSLOT (CMP_ID, TM_SLOT_ID) values ('4d0df0da-0f2d-4fbf-9b53-20b0481aa0bf', '4A6971D2-447D-4359-B949-F4EDF104A0AA')
/
insert into KSEN_CO_SEAT_POOL_DEFN (OBJ_ID, VER_NBR, CREATEID, CREATETIME, UPDATEID, UPDATETIME, ACTIVITY_OFFERING_ID, EXPIR_MSTONE_TYPE, PERCENTAGE_IND, NAME, POPULATION_ID, PROCESSING_PRIORITY, SEAT_LIMIT, SEAT_POOL_DEFN_STATE, SEAT_POOL_DEFN_TYPE, ID) values ('0fcb027d-5c40-4ecd-9ea5-9545a09c9612', 1, 'admin', TIMESTAMP '2014-02-06 10:34:38.883', 'admin', TIMESTAMP '2014-02-06 10:34:38.883', '', 'kuali.atp.milestone.firstdayofclasses', 0, '300-level Senior Seatpool', '4160a52b-d353-4ab3-b72d-a3c2f9969783', 1, 5, 'kuali.lui.capacity.state.active', 'kuali.lui.capacity.type.seatpool', '4607b962-7312-4d88-8fd9-c3167e54efb4')
/
insert into KSEN_CWL (OBJ_ID, VER_NBR, CREATEID, CREATETIME, UPDATEID, UPDATETIME, ALLOW_HOLD_UTIL_ENTRIES_IND, AUTO_PROCESSED_IND, CHECK_IN_REQ_IND, CONF_REQ_IND, EFF_DT, EXPIR_DT, MAX_SIZE, REG_IN_FIRST_AAO_IND, STD_DUR_TIME_QTY, STD_DUR_TYPE, CWL_STATE, CWL_TYPE, ID) values ('e40b96e5-70e8-46f2-a7fc-50ebccc1c9bc', 0, 'admin', TIMESTAMP '2014-02-06 10:34:38.883', 'admin', TIMESTAMP '2014-02-06 10:34:38.883', 1, 1, 0, 1, TIMESTAMP '2013-01-02 00:00:00.0', '', '', 1, '', '', 'kuali.course.waitlist.state.active', 'kuali.course.waitlist.type.course.waitlist', '3f44297b-4819-436d-9a7b-dd26df57798c')
/
update KSEN_CO_SEAT_POOL_DEFN set OBJ_ID='0fcb027d-5c40-4ecd-9ea5-9545a09c9612', VER_NBR=2, UPDATEID='admin', UPDATETIME=TIMESTAMP '2014-02-06 10:34:38.883', ACTIVITY_OFFERING_ID='99e403ca-b19e-4b1f-bcae-5903869be887', EXPIR_MSTONE_TYPE='kuali.atp.milestone.firstdayofclasses', PERCENTAGE_IND=0, NAME='300-level Senior Seatpool', POPULATION_ID='4160a52b-d353-4ab3-b72d-a3c2f9969783', PROCESSING_PRIORITY=1, SEAT_LIMIT=5, SEAT_POOL_DEFN_STATE='kuali.lui.capacity.state.active', SEAT_POOL_DEFN_TYPE='kuali.lui.capacity.type.seatpool' where ID='4607b962-7312-4d88-8fd9-c3167e54efb4' and VER_NBR=1
/
insert into KSEN_CWL_ACTIV_OFFER (CWL_ID, ACTIV_OFFER_ID) values ('3f44297b-4819-436d-9a7b-dd26df57798c', '99e403ca-b19e-4b1f-bcae-5903869be887')
/
insert into KSEN_CWL_FORMAT_OFFER (CWL_ID, FORMAT_OFFER_ID) values ('3f44297b-4819-436d-9a7b-dd26df57798c', '4ea7ded7-d0dd-4470-92c4-378aff50e4d4')
/
insert into KSEN_CO_AO_CLUSTER (OBJ_ID, VER_NBR, CREATEID, CREATETIME, UPDATEID, UPDATETIME, AO_CLUSTER_STATE, AO_CLUSTER_TYPE, DESCR_FORMATTED, DESCR_PLAIN, FORMAT_OFFERING_ID, NAME, PRIVATE_NAME, ID) values ('fb3b963b-9c8c-4472-9c3b-ed3b0c6632aa', 0, 'admin', TIMESTAMP '2014-02-06 10:34:38.883', 'admin', TIMESTAMP '2014-02-06 10:34:38.883', 'kuali.activity.offering.cluster.state.active', 'kuali.activity.offering.cluster.type.activity.offering.cluster', '', '', '4ea7ded7-d0dd-4470-92c4-378aff50e4d4', 'CL 1', 'CL 1', '585d4f4c-8531-487f-a30d-80e89db5fc0b')
/
insert into KSEN_CO_AO_CLUSTER_SET (OBJ_ID, ACTIVITY_OFFERING_TYPE, AO_CLUSTER_ID, ID) values ('4bb9494f-de2e-4a12-9119-4ff67de8c2cf', 'kuali.lui.type.activity.offering.lecture', '585d4f4c-8531-487f-a30d-80e89db5fc0b', '028a5a28-1f3f-4309-9bbc-bedc08b0e83a')
/
insert into KSEN_CO_AO_CLUSTER_SET_AO (AOC_SET_ID, ACTIVITY_OFFERING_ID) values ('028a5a28-1f3f-4309-9bbc-bedc08b0e83a', '99e403ca-b19e-4b1f-bcae-5903869be887')
/
update KSEN_CO_AO_CLUSTER_SET set AO_CLUSTER_ID='585d4f4c-8531-487f-a30d-80e89db5fc0b' where ID='028a5a28-1f3f-4309-9bbc-bedc08b0e83a'
/
insert into KSEN_LUI (OBJ_ID, VER_NBR, CREATEID, CREATETIME, UPDATEID, UPDATETIME, ATP_ID, CLU_ID, EFF_DT, EXPIR_DT, DESCR_FORMATTED, LUI_STATE, LUI_TYPE, MAX_SEATS, MIN_SEATS, NAME, DESCR_PLAIN, REF_URL, ID) values ('cb9894f0-fdf2-4483-9c8d-a8836ed93df1', 0, 'admin', TIMESTAMP '2014-02-06 10:34:38.883', 'admin', TIMESTAMP '2014-02-06 10:34:38.883', 'kuali.atp.2014Winter', 'cd1c5479-a556-45c2-a267-e3738132babe', '', '', '1001', 'kuali.lui.registration.group.state.pending', 'kuali.lui.type.registration.group', '', '', '1001', '1001', '', '2de9b9a6-9a8e-497d-9731-026f34546cc7')
/
insert into KSEN_LUI_ATTR (OBJ_ID, ATTR_KEY, OWNER_ID, ATTR_VALUE, ID) values ('a2e25c01-d51d-4c24-bf67-4c3a07480350', 'kuali.attribute.registration.group.aocluster.id', '2de9b9a6-9a8e-497d-9731-026f34546cc7', '585d4f4c-8531-487f-a30d-80e89db5fc0b', '4641b276-43f1-4cf3-a591-58ee09a3d966')
/
insert into KSEN_LUI_ATTR (OBJ_ID, ATTR_KEY, OWNER_ID, ATTR_VALUE, ID) values ('8b70eb6e-386b-426d-86af-b6c4c16c8d9e', 'kuali.attribute.registration.group.is.generated', '2de9b9a6-9a8e-497d-9731-026f34546cc7', 1, 'ae7e9ab3-16ea-4fd2-ac76-8a4630e576e2')
/
insert into KSEN_LUI_IDENT (OBJ_ID, VER_NBR, CREATEID, CREATETIME, UPDATEID, UPDATETIME, LUI_CD, DIVISION, IDENT_LEVEL, LNG_NAME, LUI_ID, ORGID, SHRT_NAME, LUI_ID_STATE, SUFX_CD, LUI_ID_TYPE, VARTN, ID) values ('22fc4783-add4-4ebe-9180-bbb01977364b', 0, 'admin', TIMESTAMP '2014-02-06 10:34:38.883', 'admin', TIMESTAMP '2014-02-06 10:34:38.883', '', '', '', '', '2de9b9a6-9a8e-497d-9731-026f34546cc7', '', '', 'kuali.lui.identifier.state.active', '', 'kuali.lui.identifier.type.official', '', 'cd9103dc-3043-47b5-98ef-95f4b1aa6980')
/
insert into KSEN_LUILUI_RELTN (OBJ_ID, VER_NBR, CREATEID, CREATETIME, UPDATEID, UPDATETIME, EFF_DT, EXPIR_DT, DESCR_FORMATTED, LUI_ID, LUILUI_RELTN_STATE, LUILUI_RELTN_TYPE, NAME, DESCR_PLAIN, RELATED_LUI_ID, ID) values ('3e30320d-7086-46c1-967a-ed87e76dc602', 0, 'admin', TIMESTAMP '2014-02-06 10:34:38.883', 'admin', TIMESTAMP '2014-02-06 10:34:38.883', TIMESTAMP '2014-02-06 10:36:46.352', '', 'HIST329K-FO-RG', '4ea7ded7-d0dd-4470-92c4-378aff50e4d4', 'kuali.lui.lui.relation.state.active', 'kuali.lui.lui.relation.type.deliveredvia.fo2rg', 'fo-rg-relation', 'HIST329K-FO-RG', '2de9b9a6-9a8e-497d-9731-026f34546cc7', 'b5030236-5157-477a-a1f4-1e04a9b35c9e')
/
insert into KSEN_LUILUI_RELTN (OBJ_ID, VER_NBR, CREATEID, CREATETIME, UPDATEID, UPDATETIME, EFF_DT, EXPIR_DT, DESCR_FORMATTED, LUI_ID, LUILUI_RELTN_STATE, LUILUI_RELTN_TYPE, NAME, DESCR_PLAIN, RELATED_LUI_ID, ID) values ('accbffa9-9c53-495d-9601-f69705034caa', 0, 'admin', TIMESTAMP '2014-02-06 10:34:38.883', 'admin', TIMESTAMP '2014-02-06 10:34:38.883', TIMESTAMP '2014-02-06 10:36:46.355', '', 'HIST329K-RG-AO', '2de9b9a6-9a8e-497d-9731-026f34546cc7', 'kuali.lui.lui.relation.state.active', 'kuali.lui.lui.relation.type.registeredforvia.rg2ao', 'rg-ao-relation', 'HIST329K-RG-AO', '99e403ca-b19e-4b1f-bcae-5903869be887', '8cd3b8f4-6e34-4b99-84b6-3a6572305be8')
/
insert into KSEN_LUI (OBJ_ID, VER_NBR, CREATEID, CREATETIME, UPDATEID, UPDATETIME, ATP_ID, CLU_ID, EFF_DT, EXPIR_DT, DESCR_FORMATTED, LUI_STATE, LUI_TYPE, MAX_SEATS, MIN_SEATS, NAME, DESCR_PLAIN, REF_URL, ID) values ('fe7afc12-abe6-4e7b-95bb-a6e33b276feb', 0, 'admin', TIMESTAMP '2014-02-06 10:34:38.883', 'admin', TIMESTAMP '2014-02-06 10:34:38.883', 'kuali.atp.2014Winter', 'CLUID-HIST219-198001000000', TIMESTAMP '2014-01-02 00:00:00.0', '', '', 'kuali.lui.course.offering.state.draft', 'kuali.lui.type.course.offering', '', '', 'HIST219K CO', '.', null, '4ad0ada3-398e-4baf-a0ab-5e59a05eddd2')
/
insert into KSEN_LUI_ATTR (OBJ_ID, ATTR_KEY, OWNER_ID, ATTR_VALUE, ID) values ('b8f3b384-1285-4e04-98a1-f28970606d3f', 'kuali.attribute.funding.source', '4ad0ada3-398e-4baf-a0ab-5e59a05eddd2', '', '0c536a85-3e06-43a4-b53a-0b1b5087a9b8')
/
insert into KSEN_LUI_ATTR (OBJ_ID, ATTR_KEY, OWNER_ID, ATTR_VALUE, ID) values ('75c579b3-c590-4fbc-afde-be4df1b897a1', 'kuali.attribute.final.exam.use.matrix', '4ad0ada3-398e-4baf-a0ab-5e59a05eddd2', 1, 'fb59f411-4af6-49d5-9681-ecd8c57c933d')
/
insert into KSEN_LUI_ATTR (OBJ_ID, ATTR_KEY, OWNER_ID, ATTR_VALUE, ID) values ('66ef4763-f5b1-4277-87be-2b8b12496fb3', 'kuali.attribute.wait.list.level.type.key', '4ad0ada3-398e-4baf-a0ab-5e59a05eddd2', 'AO', '5329f86c-f439-42dc-8305-8f7c16ed4e19')
/
insert into KSEN_LUI_ATTR (OBJ_ID, ATTR_KEY, OWNER_ID, ATTR_VALUE, ID) values ('b8e3e229-769a-4d86-b397-bd09beb8e801', 'kuali.attribute.wait.list.type.key', '4ad0ada3-398e-4baf-a0ab-5e59a05eddd2', null, '38a96610-8913-4bf4-8e13-8b924d5973b5')
/
insert into KSEN_LUI_ATTR (OBJ_ID, ATTR_KEY, OWNER_ID, ATTR_VALUE, ID) values ('33fa851a-3a10-42ad-b4b5-eb5c00b79e2b', 'kuali.attribute.course.number.internal.suffix', '4ad0ada3-398e-4baf-a0ab-5e59a05eddd2', 'A', '5cb1b1e0-e621-4631-956b-386682b4a08f')
/
insert into KSEN_LUI_ATTR (OBJ_ID, ATTR_KEY, OWNER_ID, ATTR_VALUE, ID) values ('c17d8714-c4c9-43b5-9518-e9e03fe6d808', 'kuali.attribute.wait.list.indicator', '4ad0ada3-398e-4baf-a0ab-5e59a05eddd2', 1, '686a836b-5c6e-44ab-9322-4395b7657322')
/
insert into KSEN_LUI_ATTR (OBJ_ID, ATTR_KEY, OWNER_ID, ATTR_VALUE, ID) values ('50c2a543-eaf1-40bd-8e47-fcac7a926c32', 'kuali.attribute.final.exam.driver', '4ad0ada3-398e-4baf-a0ab-5e59a05eddd2', 'kuali.lu.exam.driver.ActivityOffering', '0387b806-1cf6-4863-a755-c637e7d68c6a')
/
insert into KSEN_LUI_ATTR (OBJ_ID, ATTR_KEY, OWNER_ID, ATTR_VALUE, ID) values ('56684de9-e87f-42be-814c-383e78c58172', 'kuali.attribute.where.fees.attached.flag', '4ad0ada3-398e-4baf-a0ab-5e59a05eddd2', 0, '24ef12e4-d7c4-4d02-9701-e6d2cb671370')
/
insert into KSEN_LUI_ATTR (OBJ_ID, ATTR_KEY, OWNER_ID, ATTR_VALUE, ID) values ('a80d9c01-d353-4e1d-b1da-cd8090cfb94e', 'kuali.attribute.course.evaluation.indicator', '4ad0ada3-398e-4baf-a0ab-5e59a05eddd2', 0, '4cd0390d-b05e-41df-8333-487db23e30e3')
/
insert into KSEN_LUI_ATTR (OBJ_ID, ATTR_KEY, OWNER_ID, ATTR_VALUE, ID) values ('e80312c5-936c-4856-9136-729b93fde3ce', 'kuali.attribute.final.exam.indicator', '4ad0ada3-398e-4baf-a0ab-5e59a05eddd2', 'STANDARD', '3e793b8e-75f0-41d5-a921-4e0a41aa092a')
/
insert into KSEN_LUI_IDENT (OBJ_ID, VER_NBR, CREATEID, CREATETIME, UPDATEID, UPDATETIME, LUI_CD, DIVISION, IDENT_LEVEL, LNG_NAME, LUI_ID, ORGID, SHRT_NAME, LUI_ID_STATE, SUFX_CD, LUI_ID_TYPE, VARTN, ID) values ('1215eafc-33af-4d46-9fe8-31eec4d34604', 0, 'admin', TIMESTAMP '2014-02-06 10:34:38.883', 'admin', TIMESTAMP '2014-02-06 10:34:38.883', 'HIST219K', 'HIST', '', 'Special Topics in History', '4ad0ada3-398e-4baf-a0ab-5e59a05eddd2', '', '', 'kuali.lui.identifier.state.active', 'K', 'kuali.lui.identifier.type.official', '', '56c7b809-e3fc-42dc-94fa-1179e43ec1eb')
/
insert into KSEN_LUI_LU_CD (OBJ_ID, VER_NBR, CREATEID, CREATETIME, UPDATEID, UPDATETIME, DESCR_FORMATTED, LUI_ID, DESCR_PLAIN, LUI_LUCD_TYPE, VALUE, ID) values ('ef2eae2a-7de9-4f13-a478-e850aadf67a5', 0, 'admin', TIMESTAMP '2014-02-06 10:34:38.883', 'admin', TIMESTAMP '2014-02-06 10:34:38.883', '', '4ad0ada3-398e-4baf-a0ab-5e59a05eddd2', '', 'kuali.lu.code.honorsOffering', '', 'b9a1d9c3-b6cc-4fde-ac2d-7b250e60957d')
/
insert into KSEN_LUI_UNITS_DEPLOYMENT (LUI_ID, ORG_ID, ID) values ('4ad0ada3-398e-4baf-a0ab-5e59a05eddd2', '3213375036', 'f9e77c24-53bb-4c5d-9cda-d7676ac40ae2')
/
insert into KSEN_LUI_UNITS_CONT_OWNER (LUI_ID, ORG_ID) values ('4ad0ada3-398e-4baf-a0ab-5e59a05eddd2', '3213375036')
/
insert into KSEN_LUI_RESULT_VAL_GRP (LUI_ID, RESULT_VAL_GRP_ID) values ('4ad0ada3-398e-4baf-a0ab-5e59a05eddd2', 'kuali.resultComponent.grade.letter')
/
insert into KSEN_LUI_RESULT_VAL_GRP (LUI_ID, RESULT_VAL_GRP_ID) values ('4ad0ada3-398e-4baf-a0ab-5e59a05eddd2', 'kuali.resultComponent.grade.audit')
/
insert into KSEN_LUI_RESULT_VAL_GRP (LUI_ID, RESULT_VAL_GRP_ID) values ('4ad0ada3-398e-4baf-a0ab-5e59a05eddd2', 'kuali.resultComponent.grade.passFail')
/
insert into KSEN_LUI_RESULT_VAL_GRP (LUI_ID, RESULT_VAL_GRP_ID) values ('4ad0ada3-398e-4baf-a0ab-5e59a05eddd2', 'kuali.creditType.credit.degree.3.0')
/
insert into KSEN_LUI (OBJ_ID, VER_NBR, CREATEID, CREATETIME, UPDATEID, UPDATETIME, ATP_ID, CLU_ID, EFF_DT, EXPIR_DT, DESCR_FORMATTED, LUI_STATE, LUI_TYPE, MAX_SEATS, MIN_SEATS, NAME, DESCR_PLAIN, REF_URL, ID) values ('d6ca2e80-5a86-49ea-953c-13b070c43839', 0, 'admin', TIMESTAMP '2014-02-06 10:34:38.883', 'admin', TIMESTAMP '2014-02-06 10:34:38.883', 'kuali.atp.2014Winter', '0d8fb0a0-2053-4b0a-a7b8-354463deb594', '', '', 'Courses with Lecture only', 'kuali.lui.format.offering.state.draft', 'kuali.lui.type.course.format.offering', '', '', 'Lecture Only', 'Courses with Lecture only', '', '0fb07b46-a34f-43c3-93b3-c1e087b2aa76')
/
insert into KSEN_LUI_ATTR (OBJ_ID, ATTR_KEY, OWNER_ID, ATTR_VALUE, ID) values ('5a7b8ccf-2eb9-4ea6-af94-21897edd03a5', 'regCodePrefix', '0fb07b46-a34f-43c3-93b3-c1e087b2aa76', '1', '3ea1210c-2faf-4e44-a449-5dd02a6c4cc1')
/
insert into KSEN_LUI_ATTR (OBJ_ID, ATTR_KEY, OWNER_ID, ATTR_VALUE, ID) values ('c9b11b21-ed81-4bf1-ae23-614b89286960', 'kuali.attribute.grade.roster.level.type.key', '0fb07b46-a34f-43c3-93b3-c1e087b2aa76', 'kuali.lui.type.activity.offering.lecture', 'b54b4027-9e60-44fb-bace-76744310433f')
/
insert into KSEN_LUI_ATTR (OBJ_ID, ATTR_KEY, OWNER_ID, ATTR_VALUE, ID) values ('8b57f991-6623-4776-9e25-8c9440652dc3', 'kuali.attribute.final.exam.level.type', '0fb07b46-a34f-43c3-93b3-c1e087b2aa76', 'kuali.lu.type.activity.Lecture', 'abefe01c-7bc6-4887-bc31-89a6250c8332')
/
insert into KSEN_LUI_IDENT (OBJ_ID, VER_NBR, CREATEID, CREATETIME, UPDATEID, UPDATETIME, LUI_CD, DIVISION, IDENT_LEVEL, LNG_NAME, LUI_ID, ORGID, SHRT_NAME, LUI_ID_STATE, SUFX_CD, LUI_ID_TYPE, VARTN, ID) values ('44e4e6e0-1a5c-4f69-afad-dbaf5dcd4294', 0, 'admin', TIMESTAMP '2014-02-06 10:34:38.883', 'admin', TIMESTAMP '2014-02-06 10:34:38.883', '', '', '', 'Lecture Only', '0fb07b46-a34f-43c3-93b3-c1e087b2aa76', '', 'LEC', 'kuali.lui.identifier.state.active', '', 'kuali.lui.identifier.type.official', '', 'd9788881-065a-49ff-88f3-0c4cf3e9b5e6')
/
insert into KSEN_LUI_RELATED_LUI_TYPES (LUI_ID, RELATED_LUI_TYPE) values ('0fb07b46-a34f-43c3-93b3-c1e087b2aa76', 'kuali.lui.type.activity.offering.lecture')
/
insert into KSEN_LUILUI_RELTN (OBJ_ID, VER_NBR, CREATEID, CREATETIME, UPDATEID, UPDATETIME, EFF_DT, EXPIR_DT, DESCR_FORMATTED, LUI_ID, LUILUI_RELTN_STATE, LUILUI_RELTN_TYPE, NAME, DESCR_PLAIN, RELATED_LUI_ID, ID) values ('b395d713-749e-4a89-a0ac-8d1b824a3ed0', 0, 'admin', TIMESTAMP '2014-02-06 10:34:38.883', 'admin', TIMESTAMP '2014-02-06 10:34:38.883', TIMESTAMP '2014-02-06 10:36:49.441', '', 'HIST219K-CO-FO', '4ad0ada3-398e-4baf-a0ab-5e59a05eddd2', 'kuali.lui.lui.relation.state.active', 'kuali.lui.lui.relation.type.deliveredvia.co2fo', 'co-fo-relation', 'HIST219K-CO-FO', '0fb07b46-a34f-43c3-93b3-c1e087b2aa76', '90f04f7e-17f5-41f4-b0c8-d9b75298d8da')
/
insert into KSEN_LUI (OBJ_ID, VER_NBR, CREATEID, CREATETIME, UPDATEID, UPDATETIME, ATP_ID, CLU_ID, EFF_DT, EXPIR_DT, DESCR_FORMATTED, LUI_STATE, LUI_TYPE, MAX_SEATS, MIN_SEATS, NAME, DESCR_PLAIN, REF_URL, ID) values ('5f728bd3-b03a-4f9f-aacc-bf4a42610127', 0, 'admin', TIMESTAMP '2014-02-06 10:34:38.883', 'admin', TIMESTAMP '2014-02-06 10:34:38.883', 'kuali.atp.2014Winter', '315f56ce-d69d-44a2-a745-5a611e4ac066', '', '', 'Courses with lecture', 'kuali.lui.activity.offering.state.draft', 'kuali.lui.type.activity.offering.lecture', 1, '', 'Lecture', 'Courses with lecture', null, 'e4344fb8-e8e3-43d5-95e1-e4e1eeaa93d7')
/
insert into KSEN_LUI_ATTR (OBJ_ID, ATTR_KEY, OWNER_ID, ATTR_VALUE, ID) values ('5765c731-2303-4eb3-96ec-af366670519a', 'kuali.attribute.nonstd.ts.indicator', 'e4344fb8-e8e3-43d5-95e1-e4e1eeaa93d7', 0, 'bc8a0fbd-9971-4275-a67f-2f577fdcc82d')
/
insert into KSEN_LUI_ATTR (OBJ_ID, ATTR_KEY, OWNER_ID, ATTR_VALUE, ID) values ('0b313721-a82a-4a9f-9524-93be6241ebdc', 'kuali.attribute.course.evaluation.indicator', 'e4344fb8-e8e3-43d5-95e1-e4e1eeaa93d7', 0, '974dbaf3-802c-4d27-8f90-f77c26789db4')
/
insert into KSEN_LUI_ATTR (OBJ_ID, ATTR_KEY, OWNER_ID, ATTR_VALUE, ID) values ('644063f9-7b72-40aa-9d65-306b9ad125a8', 'kuali.attribute.max.enrollment.is.estimate', 'e4344fb8-e8e3-43d5-95e1-e4e1eeaa93d7', 0, '3e143509-d93d-401f-84cc-b6ee15a5e5b5')
/
insert into KSEN_LUI_IDENT (OBJ_ID, VER_NBR, CREATEID, CREATETIME, UPDATEID, UPDATETIME, LUI_CD, DIVISION, IDENT_LEVEL, LNG_NAME, LUI_ID, ORGID, SHRT_NAME, LUI_ID_STATE, SUFX_CD, LUI_ID_TYPE, VARTN, ID) values ('4f514b63-8c3e-4ada-9b12-06ca5591ca67', 0, 'admin', TIMESTAMP '2014-02-06 10:34:38.883', 'admin', TIMESTAMP '2014-02-06 10:34:38.883', 'A', '', '', '', 'e4344fb8-e8e3-43d5-95e1-e4e1eeaa93d7', '', '', 'kuali.lui.identifier.state.active', '', 'kuali.lui.identifier.type.official', '', '3cc250d7-d1d7-4dfc-af90-24b487d3682c')
/
insert into KSEN_LUI_LU_CD (OBJ_ID, VER_NBR, CREATEID, CREATETIME, UPDATEID, UPDATETIME, DESCR_FORMATTED, LUI_ID, DESCR_PLAIN, LUI_LUCD_TYPE, VALUE, ID) values ('3ab8ac0c-1d00-4922-8b59-f1ac96bfde5e', 0, 'admin', TIMESTAMP '2014-02-06 10:34:38.883', 'admin', TIMESTAMP '2014-02-06 10:34:38.883', '', 'e4344fb8-e8e3-43d5-95e1-e4e1eeaa93d7', '', 'kuali.lu.code.honorsOffering', 0, 'b5888e0b-bc7b-4e2f-82b9-bb6b63c0ab52')
/
insert into KSEN_LPR (OBJ_ID, VER_NBR, CREATEID, CREATETIME, UPDATEID, UPDATETIME, ATP_ID, COMMIT_PERCT, CREDITS, EFF_DT, EXPIR_DT, GRADING_OPT_ID, LUI_ID, MASTER_LUI_ID, PERS_ID, LPR_STATE, LPR_TYPE, ID) values ('c085cdaa-0587-4823-99ae-25a7ca190192', 0, 'admin', TIMESTAMP '2014-02-06 10:34:38.883', 'admin', TIMESTAMP '2014-02-06 10:34:38.883', '', '100.00', '', TIMESTAMP '2014-02-06 10:36:49.523', '', '', 'e4344fb8-e8e3-43d5-95e1-e4e1eeaa93d7', '', 'P.MARYH', 'kuali.lpr.state.active', 'kuali.lpr.type.instructor.main', '136341b8-a2b6-456c-b7b2-350f478b8689')
/
insert into KSEN_LUILUI_RELTN (OBJ_ID, VER_NBR, CREATEID, CREATETIME, UPDATEID, UPDATETIME, EFF_DT, EXPIR_DT, DESCR_FORMATTED, LUI_ID, LUILUI_RELTN_STATE, LUILUI_RELTN_TYPE, NAME, DESCR_PLAIN, RELATED_LUI_ID, ID) values ('d8d07e66-db5d-4e2f-8b49-fa6ce1520ef4', 0, 'admin', TIMESTAMP '2014-02-06 10:34:38.883', 'admin', TIMESTAMP '2014-02-06 10:34:38.883', TIMESTAMP '2014-02-06 10:36:49.536', '', 'HIST219K-FO-AO', '0fb07b46-a34f-43c3-93b3-c1e087b2aa76', 'kuali.lui.lui.relation.state.active', 'kuali.lui.lui.relation.type.deliveredvia.fo2ao', 'fo-ao-relation', 'HIST219K-FO-AO', 'e4344fb8-e8e3-43d5-95e1-e4e1eeaa93d7', '6524dab8-c549-4071-8c8b-0782888890c2')
/
insert into KSEN_SCHED_RQST_SET (OBJ_ID, VER_NBR, CREATEID, CREATETIME, UPDATEID, UPDATETIME, DESCR_FORMATTED, MAX_ENRL_SHARED_IND, MAX_ENRL, NAME, DESCR_PLAIN, REF_OBJECT_TYPE, SCHED_RQST_SET_STATE, SCHED_RQST_SET_TYPE, ID) values ('39ec972c-d5f4-4a41-9e02-1aafd0e3466f', 0, 'admin', TIMESTAMP '2014-02-06 10:34:38.883', 'admin', TIMESTAMP '2014-02-06 10:34:38.883', '', 0, '', 'Schedule request set for HIST219K - A', '', 'http://student.kuali.org/wsdl/courseOffering/ActivityOfferingInfo', 'kuali.scheduling.schedule.request.set.state.created', 'kuali.scheduling.schedule.request.set.type.schedule.request.set', '73a8448d-7ae1-495d-afee-282f7bbef297')
/
insert into KSEN_SCHED_RQST (OBJ_ID, VER_NBR, CREATEID, CREATETIME, UPDATEID, UPDATETIME, DESCR_FORMATTED, NAME, DESCR_PLAIN, SCHED_RQST_STATE, SCHED_RQST_TYPE, SCHED_ID, SCHED_RQST_SET_ID, ID) values ('e40261f9-648e-4918-a88f-ff719add1e08', 0, 'admin', TIMESTAMP '2014-02-06 10:34:38.883', 'admin', TIMESTAMP '2014-02-06 10:34:38.883', '', 'Schedule request for HIST219K - A', '', 'kuali.scheduling.schedule.request.state.created', 'kuali.scheduling.schedule.request.type.schedule.request', '', '73a8448d-7ae1-495d-afee-282f7bbef297', '28a95345-60a8-46c9-97fb-d6a3875ba1a7')
/
insert into KSEN_SCHED_RQST_CMP (OBJ_ID, TBA_IND, SCHED_RQST_ID, ID) values ('f3b0a17f-5b7f-49ef-97dc-3966d05e0c69', 1, '28a95345-60a8-46c9-97fb-d6a3875ba1a7', 'a26bef7c-6717-450f-bad2-cc69b5f08a87')
/
insert into KSEN_SCHED_REF_OBJECT (SCHED_RQST_SET_ID, REF_OBJECT_ID) values ('73a8448d-7ae1-495d-afee-282f7bbef297', 'e4344fb8-e8e3-43d5-95e1-e4e1eeaa93d7')
/
insert into KSEN_SCHED_RQST_CMP_TMSLOT (CMP_ID, TM_SLOT_ID) values ('a26bef7c-6717-450f-bad2-cc69b5f08a87', '4A6971D2-447D-4359-B949-F4EDF104A0AA')
/
insert into KSEN_CWL (OBJ_ID, VER_NBR, CREATEID, CREATETIME, UPDATEID, UPDATETIME, ALLOW_HOLD_UTIL_ENTRIES_IND, AUTO_PROCESSED_IND, CHECK_IN_REQ_IND, CONF_REQ_IND, EFF_DT, EXPIR_DT, MAX_SIZE, REG_IN_FIRST_AAO_IND, STD_DUR_TIME_QTY, STD_DUR_TYPE, CWL_STATE, CWL_TYPE, ID) values ('4d69318a-39c0-4f58-8e08-6606db9a330c', 0, 'admin', TIMESTAMP '2014-02-06 10:34:38.883', 'admin', TIMESTAMP '2014-02-06 10:34:38.883', 1, 1, 0, 1, TIMESTAMP '2013-01-02 00:00:00.0', '', '', 1, '', '', 'kuali.course.waitlist.state.active', 'kuali.course.waitlist.type.course.waitlist', '4ccfa398-88c2-4e64-a2da-417e9ba2c250')
/
insert into KSEN_CWL_ACTIV_OFFER (CWL_ID, ACTIV_OFFER_ID) values ('4ccfa398-88c2-4e64-a2da-417e9ba2c250', 'e4344fb8-e8e3-43d5-95e1-e4e1eeaa93d7')
/
insert into KSEN_CWL_FORMAT_OFFER (CWL_ID, FORMAT_OFFER_ID) values ('4ccfa398-88c2-4e64-a2da-417e9ba2c250', '0fb07b46-a34f-43c3-93b3-c1e087b2aa76')
/
insert into KSEN_CO_AO_CLUSTER (OBJ_ID, VER_NBR, CREATEID, CREATETIME, UPDATEID, UPDATETIME, AO_CLUSTER_STATE, AO_CLUSTER_TYPE, DESCR_FORMATTED, DESCR_PLAIN, FORMAT_OFFERING_ID, NAME, PRIVATE_NAME, ID) values ('f71bf564-23ed-489f-b201-168877fd0bdd', 0, 'admin', TIMESTAMP '2014-02-06 10:34:38.883', 'admin', TIMESTAMP '2014-02-06 10:34:38.883', 'kuali.activity.offering.cluster.state.active', 'kuali.activity.offering.cluster.type.activity.offering.cluster', '', '', '0fb07b46-a34f-43c3-93b3-c1e087b2aa76', 'CL 1', 'CL 1', 'da723cba-4b4a-4517-80b5-a80ffe3f742a')
/
insert into KSEN_CO_AO_CLUSTER_SET (OBJ_ID, ACTIVITY_OFFERING_TYPE, AO_CLUSTER_ID, ID) values ('db43afa7-0f59-41d6-af3c-e7786837c551', 'kuali.lui.type.activity.offering.lecture', 'da723cba-4b4a-4517-80b5-a80ffe3f742a', 'c3caa230-e1df-452f-8cd3-437b4c342b81')
/
insert into KSEN_CO_AO_CLUSTER_SET_AO (AOC_SET_ID, ACTIVITY_OFFERING_ID) values ('c3caa230-e1df-452f-8cd3-437b4c342b81', 'e4344fb8-e8e3-43d5-95e1-e4e1eeaa93d7')
/
update KSEN_CO_AO_CLUSTER_SET set AO_CLUSTER_ID='da723cba-4b4a-4517-80b5-a80ffe3f742a' where ID='c3caa230-e1df-452f-8cd3-437b4c342b81'
/
insert into KSEN_LUI (OBJ_ID, VER_NBR, CREATEID, CREATETIME, UPDATEID, UPDATETIME, ATP_ID, CLU_ID, EFF_DT, EXPIR_DT, DESCR_FORMATTED, LUI_STATE, LUI_TYPE, MAX_SEATS, MIN_SEATS, NAME, DESCR_PLAIN, REF_URL, ID) values ('68d45b27-a644-44d2-bcc9-1cdd7f41e02b', 0, 'admin', TIMESTAMP '2014-02-06 10:34:38.883', 'admin', TIMESTAMP '2014-02-06 10:34:38.883', 'kuali.atp.2014Winter', '0d8fb0a0-2053-4b0a-a7b8-354463deb594', '', '', '1001', 'kuali.lui.registration.group.state.pending', 'kuali.lui.type.registration.group', '', '', '1001', '1001', '', '44e22dd1-e7f5-4b1e-b1bf-7fba53e66c14')
/
insert into KSEN_LUI_ATTR (OBJ_ID, ATTR_KEY, OWNER_ID, ATTR_VALUE, ID) values ('28b07cbf-d366-4772-8b11-77638c6e22ab', 'kuali.attribute.registration.group.is.generated', '44e22dd1-e7f5-4b1e-b1bf-7fba53e66c14', 1, '21a81b22-7c51-4dca-8a60-5a5bceb18432')
/
insert into KSEN_LUI_ATTR (OBJ_ID, ATTR_KEY, OWNER_ID, ATTR_VALUE, ID) values ('78661271-f972-4809-88b4-bd6fc6a8b2b6', 'kuali.attribute.registration.group.aocluster.id', '44e22dd1-e7f5-4b1e-b1bf-7fba53e66c14', 'da723cba-4b4a-4517-80b5-a80ffe3f742a', 'c53eab97-9dcf-47c6-9895-47a9a422b4f2')
/
insert into KSEN_LUI_IDENT (OBJ_ID, VER_NBR, CREATEID, CREATETIME, UPDATEID, UPDATETIME, LUI_CD, DIVISION, IDENT_LEVEL, LNG_NAME, LUI_ID, ORGID, SHRT_NAME, LUI_ID_STATE, SUFX_CD, LUI_ID_TYPE, VARTN, ID) values ('26d7b47b-2d18-4e20-a52a-82559bf8d529', 0, 'admin', TIMESTAMP '2014-02-06 10:34:38.883', 'admin', TIMESTAMP '2014-02-06 10:34:38.883', '', '', '', '', '44e22dd1-e7f5-4b1e-b1bf-7fba53e66c14', '', '', 'kuali.lui.identifier.state.active', '', 'kuali.lui.identifier.type.official', '', '22f9bf7f-f0cf-48cf-a18d-70baeddd0642')
/
insert into KSEN_LUILUI_RELTN (OBJ_ID, VER_NBR, CREATEID, CREATETIME, UPDATEID, UPDATETIME, EFF_DT, EXPIR_DT, DESCR_FORMATTED, LUI_ID, LUILUI_RELTN_STATE, LUILUI_RELTN_TYPE, NAME, DESCR_PLAIN, RELATED_LUI_ID, ID) values ('79795374-c14d-441e-93e4-6fe1475c0506', 0, 'admin', TIMESTAMP '2014-02-06 10:34:38.883', 'admin', TIMESTAMP '2014-02-06 10:34:38.883', TIMESTAMP '2014-02-06 10:36:49.989', '', 'HIST219K-FO-RG', '0fb07b46-a34f-43c3-93b3-c1e087b2aa76', 'kuali.lui.lui.relation.state.active', 'kuali.lui.lui.relation.type.deliveredvia.fo2rg', 'fo-rg-relation', 'HIST219K-FO-RG', '44e22dd1-e7f5-4b1e-b1bf-7fba53e66c14', '28c68167-b2ae-4fa4-9f29-f9a9f56dac99')
/
insert into KSEN_LUILUI_RELTN (OBJ_ID, VER_NBR, CREATEID, CREATETIME, UPDATEID, UPDATETIME, EFF_DT, EXPIR_DT, DESCR_FORMATTED, LUI_ID, LUILUI_RELTN_STATE, LUILUI_RELTN_TYPE, NAME, DESCR_PLAIN, RELATED_LUI_ID, ID) values ('b403e397-6ea5-423b-b83d-f9415fd3ff1e', 0, 'admin', TIMESTAMP '2014-02-06 10:34:38.883', 'admin', TIMESTAMP '2014-02-06 10:34:38.883', TIMESTAMP '2014-02-06 10:36:50.007', '', 'HIST219K-RG-AO', '44e22dd1-e7f5-4b1e-b1bf-7fba53e66c14', 'kuali.lui.lui.relation.state.active', 'kuali.lui.lui.relation.type.registeredforvia.rg2ao', 'rg-ao-relation', 'HIST219K-RG-AO', 'e4344fb8-e8e3-43d5-95e1-e4e1eeaa93d7', 'a7382c29-c1e1-4a95-b26e-4117ab061a34')
/
update KSEN_SOC_ROR set OBJ_ID='6e2a25c1-aaf9-456e-ad2f-aaedbf1d08ae', VER_NBR=5, UPDATEID='admin', UPDATETIME=TIMESTAMP '2014-02-06 10:34:38.883', ITEMS_EXPECTED=48, ITEMS_PROCESSED=30, MESG_FORMATTED='', MESG_PLAIN='', SOC_ROR_STATE='kuali.soc.rollover.state.running', SOC_ROR_TYPE='kuali.soc.rollover.results.type.rollover', SOURCE_SOC_ID='03192a24-765a-4b9d-b638-5158430e09c8', TARGET_SOC_ID='59BBF768-1CB7-4C50-93AD-C6D92D6DC7A0', TARGET_TERM_ID='kuali.atp.2014Winter' where ID='66f7714b-77e9-4b8b-9783-90ab342086e0' and VER_NBR=4
/
update KSEN_SOC_ROR_ATTR set OBJ_ID='a2e9d4d4-b8ca-4775-ab84-2ad469abf8d2', ATTR_KEY='kuali.soc.rollover.result.dynattr.date.completed', OWNER_ID='66f7714b-77e9-4b8b-9783-90ab342086e0', ATTR_VALUE='2014 Feb 6 10:36:50 America/New_York' where ID='57c0a482-b718-48db-9a9d-16886eb8fbfe'
/
insert into KSEN_SOC_ROR_ITEM (OBJ_ID, VER_NBR, CREATEID, CREATETIME, UPDATEID, UPDATETIME, MESG_FORMATTED, MESG_PLAIN, ROR_ID, SOC_ROR_STATE, SOC_ROR_TYPE, SOURCE_CO_ID, TARGET_CO_ID, ID) values ('87ca279e-6d1d-4f7f-ad75-e902f9e7db9d', 0, 'admin', TIMESTAMP '2014-02-06 10:34:38.883', 'admin', TIMESTAMP '2014-02-06 10:34:38.883', '', '', '66f7714b-77e9-4b8b-9783-90ab342086e0', 'kuali.soc.rollover.result.item.state.processed.created', 'kuali.soc.rollover.result.item.type.create', '761a3a32-2eb9-4816-a93b-444bd13003ac', 'd3c8b8a7-a130-46f3-bbf8-1a9dab619c10', 'd59eaa54-f6bb-4672-9b3e-a56af53816d2')
/
insert into KSEN_SOC_ROR_ITEM_ATTR (OBJ_ID, ATTR_KEY, OWNER_ID, ATTR_VALUE, ID) values ('13e3ac14-5186-44a1-9234-a037d6bc1798', 'activityOfferingsCreated', 'd59eaa54-f6bb-4672-9b3e-a56af53816d2', '1', '7428ca2f-41bc-4ebe-85ff-5b07598ce059')
/
insert into KSEN_SOC_ROR_ITEM (OBJ_ID, VER_NBR, CREATEID, CREATETIME, UPDATEID, UPDATETIME, MESG_FORMATTED, MESG_PLAIN, ROR_ID, SOC_ROR_STATE, SOC_ROR_TYPE, SOURCE_CO_ID, TARGET_CO_ID, ID) values ('49188493-9a66-4982-8d29-7206bcc49d3f', 0, 'admin', TIMESTAMP '2014-02-06 10:34:38.883', 'admin', TIMESTAMP '2014-02-06 10:34:38.883', '', '', '66f7714b-77e9-4b8b-9783-90ab342086e0', 'kuali.soc.rollover.result.item.state.processed.created', 'kuali.soc.rollover.result.item.type.create', '78e93646-38b3-4784-8e80-99f705d86b82', 'dc1fce7a-f700-496e-9ee2-dbcc0b7d3fd8', 'ee742fbb-2922-463f-830d-a92259db586c')
/
insert into KSEN_SOC_ROR_ITEM_ATTR (OBJ_ID, ATTR_KEY, OWNER_ID, ATTR_VALUE, ID) values ('bc4a3fe3-a6b0-416f-91f8-a01c0e1b7398', 'activityOfferingsCreated', 'ee742fbb-2922-463f-830d-a92259db586c', '2', 'c80e3b27-de37-45aa-936f-51a442c88c65')
/
insert into KSEN_SOC_ROR_ITEM (OBJ_ID, VER_NBR, CREATEID, CREATETIME, UPDATEID, UPDATETIME, MESG_FORMATTED, MESG_PLAIN, ROR_ID, SOC_ROR_STATE, SOC_ROR_TYPE, SOURCE_CO_ID, TARGET_CO_ID, ID) values ('4486a007-0036-4b23-92ed-bb5e68f78e6b', 0, 'admin', TIMESTAMP '2014-02-06 10:34:38.883', 'admin', TIMESTAMP '2014-02-06 10:34:38.883', '', '', '66f7714b-77e9-4b8b-9783-90ab342086e0', 'kuali.soc.rollover.result.item.state.processed.created', 'kuali.soc.rollover.result.item.type.create', '89d88bce-f84d-49bb-bc99-e66a73e76010', '83f2ec7f-4b64-4ed9-936b-d22528c46538', '8053484f-7994-48b3-a692-0d9f500b58a7')
/
insert into KSEN_SOC_ROR_ITEM_ATTR (OBJ_ID, ATTR_KEY, OWNER_ID, ATTR_VALUE, ID) values ('401081d3-5a9b-4d4c-a1b4-922d7de88b79', 'activityOfferingsCreated', '8053484f-7994-48b3-a692-0d9f500b58a7', '1', '622f85d8-0ee7-4945-9532-b1e4dc48b10d')
/
insert into KSEN_SOC_ROR_ITEM (OBJ_ID, VER_NBR, CREATEID, CREATETIME, UPDATEID, UPDATETIME, MESG_FORMATTED, MESG_PLAIN, ROR_ID, SOC_ROR_STATE, SOC_ROR_TYPE, SOURCE_CO_ID, TARGET_CO_ID, ID) values ('fac9a000-eed5-4194-9807-edc5c53ff70b', 0, 'admin', TIMESTAMP '2014-02-06 10:34:38.883', 'admin', TIMESTAMP '2014-02-06 10:34:38.883', '', '', '66f7714b-77e9-4b8b-9783-90ab342086e0', 'kuali.soc.rollover.result.item.state.processed.created', 'kuali.soc.rollover.result.item.type.create', '89e1b4c8-e6df-4090-ae1c-5dee44dda61c', 'a789e4a7-9b3f-4274-b2dc-f3808969e560', '19c12cf7-1b0d-4c07-ab07-22a418736a4a')
/
insert into KSEN_SOC_ROR_ITEM_ATTR (OBJ_ID, ATTR_KEY, OWNER_ID, ATTR_VALUE, ID) values ('baf4005d-1995-4929-954f-dce570dbe9eb', 'activityOfferingsCreated', '19c12cf7-1b0d-4c07-ab07-22a418736a4a', '1', 'c68a8f7b-5697-4c68-9d59-7f84e7b6bcb8')
/
insert into KSEN_SOC_ROR_ITEM (OBJ_ID, VER_NBR, CREATEID, CREATETIME, UPDATEID, UPDATETIME, MESG_FORMATTED, MESG_PLAIN, ROR_ID, SOC_ROR_STATE, SOC_ROR_TYPE, SOURCE_CO_ID, TARGET_CO_ID, ID) values ('c5ee1da1-dcc0-4643-9770-405673edbd22', 0, 'admin', TIMESTAMP '2014-02-06 10:34:38.883', 'admin', TIMESTAMP '2014-02-06 10:34:38.883', '', '', '66f7714b-77e9-4b8b-9783-90ab342086e0', 'kuali.soc.rollover.result.item.state.processed.created', 'kuali.soc.rollover.result.item.type.create', '8dc6e8ff-6003-4b81-975c-5e620ab58eb2', 'cccc982e-567b-49ae-bc77-afcfd9d99886', '76a403c4-ec66-4a49-a14f-9ff72ce8a935')
/
insert into KSEN_SOC_ROR_ITEM_ATTR (OBJ_ID, ATTR_KEY, OWNER_ID, ATTR_VALUE, ID) values ('c9bd5834-9810-470c-9d66-fc07b7da8817', 'activityOfferingsCreated', '76a403c4-ec66-4a49-a14f-9ff72ce8a935', '1', '513c8095-48a3-4b00-a53f-35f61f247582')
/
insert into KSEN_SOC_ROR_ITEM (OBJ_ID, VER_NBR, CREATEID, CREATETIME, UPDATEID, UPDATETIME, MESG_FORMATTED, MESG_PLAIN, ROR_ID, SOC_ROR_STATE, SOC_ROR_TYPE, SOURCE_CO_ID, TARGET_CO_ID, ID) values ('db09f0ab-5d36-4833-bee4-979c739e4612', 0, 'admin', TIMESTAMP '2014-02-06 10:34:38.883', 'admin', TIMESTAMP '2014-02-06 10:34:38.883', '', '', '66f7714b-77e9-4b8b-9783-90ab342086e0', 'kuali.soc.rollover.result.item.state.processed.created', 'kuali.soc.rollover.result.item.type.create', '9172e0c7-853f-44ca-a345-c478416eec71', '8fff6eac-c5e5-4f8e-876f-02d39efa5b48', '657b9c17-bb7f-4d61-90be-5c74cdd97483')
/
insert into KSEN_SOC_ROR_ITEM_ATTR (OBJ_ID, ATTR_KEY, OWNER_ID, ATTR_VALUE, ID) values ('513bbe82-bac1-468f-8e99-cc587877432d', 'activityOfferingsCreated', '657b9c17-bb7f-4d61-90be-5c74cdd97483', '1', 'f8182624-be9e-4206-a064-4f4efa1ef6b1')
/
insert into KSEN_SOC_ROR_ITEM (OBJ_ID, VER_NBR, CREATEID, CREATETIME, UPDATEID, UPDATETIME, MESG_FORMATTED, MESG_PLAIN, ROR_ID, SOC_ROR_STATE, SOC_ROR_TYPE, SOURCE_CO_ID, TARGET_CO_ID, ID) values ('7e0cb440-b21e-4721-9831-1de196656df5', 0, 'admin', TIMESTAMP '2014-02-06 10:34:38.883', 'admin', TIMESTAMP '2014-02-06 10:34:38.883', '', '', '66f7714b-77e9-4b8b-9783-90ab342086e0', 'kuali.soc.rollover.result.item.state.processed.created', 'kuali.soc.rollover.result.item.type.create', '95f644a2-ed1a-4b12-b07e-725000413f9b', 'd7f38e60-86b2-49e2-a988-c3477dae97cb', '42fdd062-7850-4e0d-9802-59fa25864d22')
/
insert into KSEN_SOC_ROR_ITEM_ATTR (OBJ_ID, ATTR_KEY, OWNER_ID, ATTR_VALUE, ID) values ('0e2ecc74-439d-4fc3-b9c4-b36d60853225', 'activityOfferingsCreated', '42fdd062-7850-4e0d-9802-59fa25864d22', '1', '3bb6b155-56ef-4fda-9b6e-0cf46fea1090')
/
insert into KSEN_SOC_ROR_ITEM (OBJ_ID, VER_NBR, CREATEID, CREATETIME, UPDATEID, UPDATETIME, MESG_FORMATTED, MESG_PLAIN, ROR_ID, SOC_ROR_STATE, SOC_ROR_TYPE, SOURCE_CO_ID, TARGET_CO_ID, ID) values ('4f5bb8a4-d9a0-4743-ab66-e6c345b45186', 0, 'admin', TIMESTAMP '2014-02-06 10:34:38.883', 'admin', TIMESTAMP '2014-02-06 10:34:38.883', '', '', '66f7714b-77e9-4b8b-9783-90ab342086e0', 'kuali.soc.rollover.result.item.state.processed.created', 'kuali.soc.rollover.result.item.type.create', '983dcf89-3d39-442e-8983-453012736170', 'd91c139b-8080-433c-816d-d4c877520788', '5531456e-bb5f-45a4-bca2-e63992c6c487')
/
insert into KSEN_SOC_ROR_ITEM_ATTR (OBJ_ID, ATTR_KEY, OWNER_ID, ATTR_VALUE, ID) values ('e2c73d94-01bf-4147-b2bd-1c62829a2f6c', 'activityOfferingsCreated', '5531456e-bb5f-45a4-bca2-e63992c6c487', '1', '226914b4-20d9-4195-851f-7757fa1fe23b')
/
insert into KSEN_SOC_ROR_ITEM (OBJ_ID, VER_NBR, CREATEID, CREATETIME, UPDATEID, UPDATETIME, MESG_FORMATTED, MESG_PLAIN, ROR_ID, SOC_ROR_STATE, SOC_ROR_TYPE, SOURCE_CO_ID, TARGET_CO_ID, ID) values ('707f8e00-cd33-4de4-86a7-018d0fcdba9f', 0, 'admin', TIMESTAMP '2014-02-06 10:34:38.883', 'admin', TIMESTAMP '2014-02-06 10:34:38.883', 'Skipped because there is a new version of the canonical course', 'Skipped because there is a new version of the canonical course', '66f7714b-77e9-4b8b-9783-90ab342086e0', 'kuali.soc.rollover.result.item.state.error', 'kuali.soc.rollover.result.item.type.create', '9bfa392a-e3f2-4a5e-ac8f-2f4f8278a805', '', '160d6d97-1780-4ee3-870b-e33d26465f31')
/
insert into KSEN_SOC_ROR_ITEM (OBJ_ID, VER_NBR, CREATEID, CREATETIME, UPDATEID, UPDATETIME, MESG_FORMATTED, MESG_PLAIN, ROR_ID, SOC_ROR_STATE, SOC_ROR_TYPE, SOURCE_CO_ID, TARGET_CO_ID, ID) values ('32cbc36a-cc67-4ef1-bc88-a9b913e36ce3', 0, 'admin', TIMESTAMP '2014-02-06 10:34:38.883', 'admin', TIMESTAMP '2014-02-06 10:34:38.883', '', '', '66f7714b-77e9-4b8b-9783-90ab342086e0', 'kuali.soc.rollover.result.item.state.processed.created', 'kuali.soc.rollover.result.item.type.create', 'a0cd7b8f-3da7-404b-809f-9ed9c17501be', '4ad0ada3-398e-4baf-a0ab-5e59a05eddd2', 'e841d515-f952-41ea-bf73-975dfcce7e51')
/
insert into KSEN_SOC_ROR_ITEM_ATTR (OBJ_ID, ATTR_KEY, OWNER_ID, ATTR_VALUE, ID) values ('6dc1bb4d-744b-4a35-bac1-190915ee072f', 'activityOfferingsCreated', 'e841d515-f952-41ea-bf73-975dfcce7e51', '1', '84405672-ec0d-4a3e-808f-2ac1801c317b')
/
insert into KSEN_LUI (OBJ_ID, VER_NBR, CREATEID, CREATETIME, UPDATEID, UPDATETIME, ATP_ID, CLU_ID, EFF_DT, EXPIR_DT, DESCR_FORMATTED, LUI_STATE, LUI_TYPE, MAX_SEATS, MIN_SEATS, NAME, DESCR_PLAIN, REF_URL, ID) values ('8567711e-62b1-4d5b-a051-7b7a4e471ff5', 0, 'admin', TIMESTAMP '2014-02-06 10:34:38.883', 'admin', TIMESTAMP '2014-02-06 10:34:38.883', 'kuali.atp.2014Winter', 'fb83fb33-973f-420d-aa79-252c47bcbf21', TIMESTAMP '2014-01-02 00:00:00.0', '', 'An examination of women''s creative powers as expressed in selected examples of music, film, art, drama, poetry, fiction, and other literature. Explores women''s creativity in relation to families, religion, education, ethnicity, class, sexuality, and within a cultural tradition shaped by women.', 'kuali.lui.course.offering.state.draft', 'kuali.lui.type.course.offering', '', '', 'WMST250 CO', 'An examination of women''s creative powers as expressed in selected examples of music, film, art, drama, poetry, fiction, and other literature. Explores women''s creativity in relation to families, religion, education, ethnicity, class, sexuality, and within a cultural tradition shaped by women.', null, '05508b3d-3fdc-4763-a6a0-e1c1ba0f91d3')
/
insert into KSEN_LUI_ATTR (OBJ_ID, ATTR_KEY, OWNER_ID, ATTR_VALUE, ID) values ('c7e62172-30c7-45d5-8573-d0fd3e14dc4d', 'kuali.attribute.wait.list.indicator', '05508b3d-3fdc-4763-a6a0-e1c1ba0f91d3', 1, 'abeb47f5-f6d3-4fa4-8bbe-6f3522027552')
/
insert into KSEN_LUI_ATTR (OBJ_ID, ATTR_KEY, OWNER_ID, ATTR_VALUE, ID) values ('ff3e212f-66f4-4e3d-9dd6-a2369a849427', 'kuali.attribute.course.evaluation.indicator', '05508b3d-3fdc-4763-a6a0-e1c1ba0f91d3', 0, '43e0cfbf-f9c1-43cd-b226-7f6e1bb4aeae')
/
insert into KSEN_LUI_ATTR (OBJ_ID, ATTR_KEY, OWNER_ID, ATTR_VALUE, ID) values ('d41373c0-52ee-4a49-9385-b654f39d368b', 'kuali.attribute.wait.list.level.type.key', '05508b3d-3fdc-4763-a6a0-e1c1ba0f91d3', 'AO', '619e70cd-4528-410d-8cc1-7425130d2694')
/
insert into KSEN_LUI_ATTR (OBJ_ID, ATTR_KEY, OWNER_ID, ATTR_VALUE, ID) values ('a34701d8-95f3-42e1-a251-e5a61704b3ee', 'kuali.attribute.wait.list.type.key', '05508b3d-3fdc-4763-a6a0-e1c1ba0f91d3', null, '96c4f1c8-e65b-4da2-9032-f351ba2e0324')
/
insert into KSEN_LUI_ATTR (OBJ_ID, ATTR_KEY, OWNER_ID, ATTR_VALUE, ID) values ('c28ef18d-e403-4fda-a401-d6c26dc192e4', 'kuali.attribute.final.exam.use.matrix', '05508b3d-3fdc-4763-a6a0-e1c1ba0f91d3', 1, 'af5b300c-ec53-4c90-86ee-80fd26e57444')
/
insert into KSEN_LUI_ATTR (OBJ_ID, ATTR_KEY, OWNER_ID, ATTR_VALUE, ID) values ('948fc4a9-7993-4979-a055-407dfb8ffbe8', 'kuali.attribute.course.number.internal.suffix', '05508b3d-3fdc-4763-a6a0-e1c1ba0f91d3', 'A', 'a79cf24a-bb5c-4af4-ad79-d2dccd33131f')
/
insert into KSEN_LUI_ATTR (OBJ_ID, ATTR_KEY, OWNER_ID, ATTR_VALUE, ID) values ('d6d0205d-b4bd-45d0-8b72-66e5a294295a', 'kuali.attribute.final.exam.indicator', '05508b3d-3fdc-4763-a6a0-e1c1ba0f91d3', 'STANDARD', '4c27d655-2870-4569-8f84-70b0843172d7')
/
insert into KSEN_LUI_ATTR (OBJ_ID, ATTR_KEY, OWNER_ID, ATTR_VALUE, ID) values ('85735bbc-f2e9-431c-89d4-19d3d0d1f93c', 'kuali.attribute.funding.source', '05508b3d-3fdc-4763-a6a0-e1c1ba0f91d3', '', 'd5e2fe91-50c6-413f-a23d-03d7b20e7ace')
/
insert into KSEN_LUI_ATTR (OBJ_ID, ATTR_KEY, OWNER_ID, ATTR_VALUE, ID) values ('8198f63b-a8d7-490a-96b7-4154f6842bac', 'kuali.attribute.where.fees.attached.flag', '05508b3d-3fdc-4763-a6a0-e1c1ba0f91d3', 0, '770e4d77-340e-4fc1-91aa-fe18dd775b31')
/
insert into KSEN_LUI_ATTR (OBJ_ID, ATTR_KEY, OWNER_ID, ATTR_VALUE, ID) values ('698cf61c-d97c-47ec-b556-939898b46bbb', 'kuali.attribute.final.exam.driver', '05508b3d-3fdc-4763-a6a0-e1c1ba0f91d3', 'kuali.lu.exam.driver.ActivityOffering', 'd303a3f5-d9f3-4aba-be23-c22bb6aa0533')
/
insert into KSEN_LUI_IDENT (OBJ_ID, VER_NBR, CREATEID, CREATETIME, UPDATEID, UPDATETIME, LUI_CD, DIVISION, IDENT_LEVEL, LNG_NAME, LUI_ID, ORGID, SHRT_NAME, LUI_ID_STATE, SUFX_CD, LUI_ID_TYPE, VARTN, ID) values ('ad0cfce9-b785-438d-b36b-819f148e67e8', 0, 'admin', TIMESTAMP '2014-02-06 10:34:38.883', 'admin', TIMESTAMP '2014-02-06 10:34:38.883', 'WMST250', 'WMST', '', 'Introduction to Women''s Studies:  Women, Art and Culture', '05508b3d-3fdc-4763-a6a0-e1c1ba0f91d3', '', '', 'kuali.lui.identifier.state.active', '', 'kuali.lui.identifier.type.official', '', '710c9cec-d4af-4005-a70c-3465e6e5d3d1')
/
insert into KSEN_LUI_LU_CD (OBJ_ID, VER_NBR, CREATEID, CREATETIME, UPDATEID, UPDATETIME, DESCR_FORMATTED, LUI_ID, DESCR_PLAIN, LUI_LUCD_TYPE, VALUE, ID) values ('a6b71bb4-1dad-4832-9be0-fd4eb5eafd4b', 0, 'admin', TIMESTAMP '2014-02-06 10:34:38.883', 'admin', TIMESTAMP '2014-02-06 10:34:38.883', '', '05508b3d-3fdc-4763-a6a0-e1c1ba0f91d3', '', 'kuali.lu.code.honorsOffering', '', 'e79c46b2-0797-4654-af91-69c51e976c04')
/
insert into KSEN_LUI_UNITS_DEPLOYMENT (LUI_ID, ORG_ID, ID) values ('05508b3d-3fdc-4763-a6a0-e1c1ba0f91d3', '4014660630', '4467ddb8-c190-49da-ae15-7b47ddfb8a24')
/
insert into KSEN_LUI_UNITS_CONT_OWNER (LUI_ID, ORG_ID) values ('05508b3d-3fdc-4763-a6a0-e1c1ba0f91d3', '4014660630')
/
insert into KSEN_LUI_RESULT_VAL_GRP (LUI_ID, RESULT_VAL_GRP_ID) values ('05508b3d-3fdc-4763-a6a0-e1c1ba0f91d3', 'kuali.resultComponent.grade.letter')
/
insert into KSEN_LUI_RESULT_VAL_GRP (LUI_ID, RESULT_VAL_GRP_ID) values ('05508b3d-3fdc-4763-a6a0-e1c1ba0f91d3', 'kuali.resultComponent.grade.audit')
/
insert into KSEN_LUI_RESULT_VAL_GRP (LUI_ID, RESULT_VAL_GRP_ID) values ('05508b3d-3fdc-4763-a6a0-e1c1ba0f91d3', 'kuali.resultComponent.grade.passFail')
/
insert into KSEN_LUI_RESULT_VAL_GRP (LUI_ID, RESULT_VAL_GRP_ID) values ('05508b3d-3fdc-4763-a6a0-e1c1ba0f91d3', 'kuali.creditType.credit.degree.3.0')
/
insert into KSEN_LUI (OBJ_ID, VER_NBR, CREATEID, CREATETIME, UPDATEID, UPDATETIME, ATP_ID, CLU_ID, EFF_DT, EXPIR_DT, DESCR_FORMATTED, LUI_STATE, LUI_TYPE, MAX_SEATS, MIN_SEATS, NAME, DESCR_PLAIN, REF_URL, ID) values ('fccd0e35-3f98-4584-b94e-a748da8a702f', 0, 'admin', TIMESTAMP '2014-02-06 10:34:38.883', 'admin', TIMESTAMP '2014-02-06 10:34:38.883', 'kuali.atp.2014Winter', '53f70802-c152-40a6-bbc8-51e9c0851622', '', '', 'Courses with Lecture only', 'kuali.lui.format.offering.state.draft', 'kuali.lui.type.course.format.offering', '', '', 'Lecture Only', 'Courses with Lecture only', '', '92cc41d8-c61f-47ca-aa3a-0c5fb91d5060')
/
insert into KSEN_LUI_ATTR (OBJ_ID, ATTR_KEY, OWNER_ID, ATTR_VALUE, ID) values ('36d678d8-d021-4387-baa8-de53130407c3', 'regCodePrefix', '92cc41d8-c61f-47ca-aa3a-0c5fb91d5060', '1', '6287a577-a15b-4884-9dcc-a9196092d65d')
/
insert into KSEN_LUI_ATTR (OBJ_ID, ATTR_KEY, OWNER_ID, ATTR_VALUE, ID) values ('fce63807-20e7-4f8b-b6a9-74de3be55914', 'kuali.attribute.grade.roster.level.type.key', '92cc41d8-c61f-47ca-aa3a-0c5fb91d5060', 'kuali.lui.type.activity.offering.lecture', 'f002f343-dd2f-4644-958d-ad055e59c329')
/
insert into KSEN_LUI_ATTR (OBJ_ID, ATTR_KEY, OWNER_ID, ATTR_VALUE, ID) values ('5e84a512-5243-4924-aa36-1d9677fad11c', 'kuali.attribute.final.exam.level.type', '92cc41d8-c61f-47ca-aa3a-0c5fb91d5060', 'kuali.lu.type.activity.Lecture', 'db1e7002-e1ad-4226-b75a-bc6d4f540474')
/
insert into KSEN_LUI_IDENT (OBJ_ID, VER_NBR, CREATEID, CREATETIME, UPDATEID, UPDATETIME, LUI_CD, DIVISION, IDENT_LEVEL, LNG_NAME, LUI_ID, ORGID, SHRT_NAME, LUI_ID_STATE, SUFX_CD, LUI_ID_TYPE, VARTN, ID) values ('abd77c02-b329-4bde-b48b-942affcd49a6', 0, 'admin', TIMESTAMP '2014-02-06 10:34:38.883', 'admin', TIMESTAMP '2014-02-06 10:34:38.883', '', '', '', 'Lecture Only', '92cc41d8-c61f-47ca-aa3a-0c5fb91d5060', '', 'LEC', 'kuali.lui.identifier.state.active', '', 'kuali.lui.identifier.type.official', '', '1686d4f2-cff7-488d-b941-52dc9d0f562e')
/
insert into KSEN_LUI_RELATED_LUI_TYPES (LUI_ID, RELATED_LUI_TYPE) values ('92cc41d8-c61f-47ca-aa3a-0c5fb91d5060', 'kuali.lui.type.activity.offering.lecture')
/
insert into KSEN_LUILUI_RELTN (OBJ_ID, VER_NBR, CREATEID, CREATETIME, UPDATEID, UPDATETIME, EFF_DT, EXPIR_DT, DESCR_FORMATTED, LUI_ID, LUILUI_RELTN_STATE, LUILUI_RELTN_TYPE, NAME, DESCR_PLAIN, RELATED_LUI_ID, ID) values ('1ad05c5a-f4a3-4d31-9cc5-c803d21fade7', 0, 'admin', TIMESTAMP '2014-02-06 10:34:38.883', 'admin', TIMESTAMP '2014-02-06 10:34:38.883', TIMESTAMP '2014-02-06 10:36:53.647', '', 'WMST250-CO-FO', '05508b3d-3fdc-4763-a6a0-e1c1ba0f91d3', 'kuali.lui.lui.relation.state.active', 'kuali.lui.lui.relation.type.deliveredvia.co2fo', 'co-fo-relation', 'WMST250-CO-FO', '92cc41d8-c61f-47ca-aa3a-0c5fb91d5060', '9da68876-37c1-4cfd-8a08-c904ad4c86a0')
/
insert into KSEN_LUI (OBJ_ID, VER_NBR, CREATEID, CREATETIME, UPDATEID, UPDATETIME, ATP_ID, CLU_ID, EFF_DT, EXPIR_DT, DESCR_FORMATTED, LUI_STATE, LUI_TYPE, MAX_SEATS, MIN_SEATS, NAME, DESCR_PLAIN, REF_URL, ID) values ('062c42d9-fc0a-4503-a99a-50275a169951', 0, 'admin', TIMESTAMP '2014-02-06 10:34:38.883', 'admin', TIMESTAMP '2014-02-06 10:34:38.883', 'kuali.atp.2014Winter', 'ef9d80d1-2429-49b7-af3c-ecadab6eb60f', '', '', 'Courses with lecture', 'kuali.lui.activity.offering.state.draft', 'kuali.lui.type.activity.offering.lecture', 25, 25, 'Lecture', 'Courses with lecture', null, 'c9f58383-7171-4217-b9d1-1e3d0a33fb54')
/
insert into KSEN_LUI_ATTR (OBJ_ID, ATTR_KEY, OWNER_ID, ATTR_VALUE, ID) values ('b3fd8e12-31d7-4625-9fe9-77f36f3af216', 'kuali.attribute.course.evaluation.indicator', 'c9f58383-7171-4217-b9d1-1e3d0a33fb54', 0, '842547ba-f2f4-4b2b-84ce-e9784c558cbe')
/
insert into KSEN_LUI_ATTR (OBJ_ID, ATTR_KEY, OWNER_ID, ATTR_VALUE, ID) values ('aab31c2f-7c44-451e-a8b3-1eecfa4407b0', 'kuali.attribute.nonstd.ts.indicator', 'c9f58383-7171-4217-b9d1-1e3d0a33fb54', 0, '33e7386d-56e3-4a5b-a8e0-6ad19d039a47')
/
insert into KSEN_LUI_ATTR (OBJ_ID, ATTR_KEY, OWNER_ID, ATTR_VALUE, ID) values ('104ab2fc-7b6c-4dc9-ba47-d1dd6d6421d6', 'kuali.attribute.max.enrollment.is.estimate', 'c9f58383-7171-4217-b9d1-1e3d0a33fb54', 0, 'e9167545-dcfa-4460-bd4f-5ee509ead08b')
/
insert into KSEN_LUI_IDENT (OBJ_ID, VER_NBR, CREATEID, CREATETIME, UPDATEID, UPDATETIME, LUI_CD, DIVISION, IDENT_LEVEL, LNG_NAME, LUI_ID, ORGID, SHRT_NAME, LUI_ID_STATE, SUFX_CD, LUI_ID_TYPE, VARTN, ID) values ('a9b6c020-2297-4561-9de4-a5ae26590c9c', 0, 'admin', TIMESTAMP '2014-02-06 10:34:38.883', 'admin', TIMESTAMP '2014-02-06 10:34:38.883', 'A', '', '', '', 'c9f58383-7171-4217-b9d1-1e3d0a33fb54', '', '', 'kuali.lui.identifier.state.active', '', 'kuali.lui.identifier.type.official', '', 'b5676713-9c56-49b4-bf61-063870ad798d')
/
insert into KSEN_LUI_LU_CD (OBJ_ID, VER_NBR, CREATEID, CREATETIME, UPDATEID, UPDATETIME, DESCR_FORMATTED, LUI_ID, DESCR_PLAIN, LUI_LUCD_TYPE, VALUE, ID) values ('81941f15-0153-4667-8d55-0521eed32ef1', 0, 'admin', TIMESTAMP '2014-02-06 10:34:38.883', 'admin', TIMESTAMP '2014-02-06 10:34:38.883', '', 'c9f58383-7171-4217-b9d1-1e3d0a33fb54', '', 'kuali.lu.code.honorsOffering', 0, '4bc10db5-d706-42ec-89e0-3ee4603f0567')
/
insert into KSEN_LPR (OBJ_ID, VER_NBR, CREATEID, CREATETIME, UPDATEID, UPDATETIME, ATP_ID, COMMIT_PERCT, CREDITS, EFF_DT, EXPIR_DT, GRADING_OPT_ID, LUI_ID, MASTER_LUI_ID, PERS_ID, LPR_STATE, LPR_TYPE, ID) values ('2cca3969-255d-4c9c-94b5-288f6bd156ed', 0, 'admin', TIMESTAMP '2014-02-06 10:34:38.883', 'admin', TIMESTAMP '2014-02-06 10:34:38.883', '', '100.00', '', TIMESTAMP '2014-02-06 10:36:53.72', '', '', 'c9f58383-7171-4217-b9d1-1e3d0a33fb54', '', 'C.SUSANB', 'kuali.lpr.state.active', 'kuali.lpr.type.instructor.main', '92030515-da46-4672-a70e-1064d3e7183e')
/
insert into KSEN_LUILUI_RELTN (OBJ_ID, VER_NBR, CREATEID, CREATETIME, UPDATEID, UPDATETIME, EFF_DT, EXPIR_DT, DESCR_FORMATTED, LUI_ID, LUILUI_RELTN_STATE, LUILUI_RELTN_TYPE, NAME, DESCR_PLAIN, RELATED_LUI_ID, ID) values ('5ea20eb7-8939-4c48-bf0d-43348c9e0259', 0, 'admin', TIMESTAMP '2014-02-06 10:34:38.883', 'admin', TIMESTAMP '2014-02-06 10:34:38.883', TIMESTAMP '2014-02-06 10:36:53.75', '', 'WMST250-FO-AO', '92cc41d8-c61f-47ca-aa3a-0c5fb91d5060', 'kuali.lui.lui.relation.state.active', 'kuali.lui.lui.relation.type.deliveredvia.fo2ao', 'fo-ao-relation', 'WMST250-FO-AO', 'c9f58383-7171-4217-b9d1-1e3d0a33fb54', '8be08da9-09fa-436a-8a40-281aff60bd6c')
/
insert into KSEN_SCHED_RQST_SET (OBJ_ID, VER_NBR, CREATEID, CREATETIME, UPDATEID, UPDATETIME, DESCR_FORMATTED, MAX_ENRL_SHARED_IND, MAX_ENRL, NAME, DESCR_PLAIN, REF_OBJECT_TYPE, SCHED_RQST_SET_STATE, SCHED_RQST_SET_TYPE, ID) values ('ecdbeb4c-efcd-465b-b007-d591a2c60031', 0, 'admin', TIMESTAMP '2014-02-06 10:34:38.883', 'admin', TIMESTAMP '2014-02-06 10:34:38.883', '', 0, '', 'Schedule request set for WMST250 - A', '', 'http://student.kuali.org/wsdl/courseOffering/ActivityOfferingInfo', 'kuali.scheduling.schedule.request.set.state.created', 'kuali.scheduling.schedule.request.set.type.schedule.request.set', '0f77adaa-16ab-4ca1-ad83-4770d5aea8ed')
/
insert into KSEN_SCHED_RQST (OBJ_ID, VER_NBR, CREATEID, CREATETIME, UPDATEID, UPDATETIME, DESCR_FORMATTED, NAME, DESCR_PLAIN, SCHED_RQST_STATE, SCHED_RQST_TYPE, SCHED_ID, SCHED_RQST_SET_ID, ID) values ('63e2bcc1-5d9d-469d-a4bf-38833736717b', 0, 'admin', TIMESTAMP '2014-02-06 10:34:38.883', 'admin', TIMESTAMP '2014-02-06 10:34:38.883', '', 'Schedule request for WMST250 - A', '', 'kuali.scheduling.schedule.request.state.created', 'kuali.scheduling.schedule.request.type.schedule.request', '', '0f77adaa-16ab-4ca1-ad83-4770d5aea8ed', 'd544b7c4-1db6-4a68-826d-be393af17b3d')
/
insert into KSEN_SCHED_RQST_CMP (OBJ_ID, TBA_IND, SCHED_RQST_ID, ID) values ('b9f07adf-0fb0-4a6a-a611-3fe816c92f30', 0, 'd544b7c4-1db6-4a68-826d-be393af17b3d', '33d4c99b-9070-45a4-98b7-8383f3162007')
/
insert into KSEN_SCHED_REF_OBJECT (SCHED_RQST_SET_ID, REF_OBJECT_ID) values ('0f77adaa-16ab-4ca1-ad83-4770d5aea8ed', 'c9f58383-7171-4217-b9d1-1e3d0a33fb54')
/
insert into KSEN_SCHED_RQST_CMP_BLDG (CMP_ID, BUILDING_ID) values ('33d4c99b-9070-45a4-98b7-8383f3162007', 'd5138c2b-01ee-4e81-b526-38ed2a7c60a3')
/
insert into KSEN_SCHED_RQST_CMP_CAMPUS (CMP_ID, CAMPUS_ID) values ('33d4c99b-9070-45a4-98b7-8383f3162007', 'UMCP')
/
insert into KSEN_SCHED_RQST_CMP_ROOM (CMP_ID, ROOM_ID) values ('33d4c99b-9070-45a4-98b7-8383f3162007', '6dd715ea-cc9b-4cd1-9a34-f96628650406')
/
insert into KSEN_SCHED_RQST_CMP_TMSLOT (CMP_ID, TM_SLOT_ID) values ('33d4c99b-9070-45a4-98b7-8383f3162007', '4A6971D2-447D-4359-B949-F4EDF104A0AA')
/
insert into KSEN_CWL (OBJ_ID, VER_NBR, CREATEID, CREATETIME, UPDATEID, UPDATETIME, ALLOW_HOLD_UTIL_ENTRIES_IND, AUTO_PROCESSED_IND, CHECK_IN_REQ_IND, CONF_REQ_IND, EFF_DT, EXPIR_DT, MAX_SIZE, REG_IN_FIRST_AAO_IND, STD_DUR_TIME_QTY, STD_DUR_TYPE, CWL_STATE, CWL_TYPE, ID) values ('800095af-a20e-45a3-856c-bd8549147823', 0, 'admin', TIMESTAMP '2014-02-06 10:34:38.883', 'admin', TIMESTAMP '2014-02-06 10:34:38.883', 1, 1, 0, 1, TIMESTAMP '2013-01-02 00:00:00.0', '', '', 1, '', '', 'kuali.course.waitlist.state.active', 'kuali.course.waitlist.type.course.waitlist', 'f732fdd5-1448-485b-89e2-81464344bdf6')
/
insert into KSEN_CWL_ACTIV_OFFER (CWL_ID, ACTIV_OFFER_ID) values ('f732fdd5-1448-485b-89e2-81464344bdf6', 'c9f58383-7171-4217-b9d1-1e3d0a33fb54')
/
insert into KSEN_CWL_FORMAT_OFFER (CWL_ID, FORMAT_OFFER_ID) values ('f732fdd5-1448-485b-89e2-81464344bdf6', '92cc41d8-c61f-47ca-aa3a-0c5fb91d5060')
/
insert into KSEN_CO_AO_CLUSTER (OBJ_ID, VER_NBR, CREATEID, CREATETIME, UPDATEID, UPDATETIME, AO_CLUSTER_STATE, AO_CLUSTER_TYPE, DESCR_FORMATTED, DESCR_PLAIN, FORMAT_OFFERING_ID, NAME, PRIVATE_NAME, ID) values ('d0418448-eb37-47b7-b624-cf26db19eab6', 0, 'admin', TIMESTAMP '2014-02-06 10:34:38.883', 'admin', TIMESTAMP '2014-02-06 10:34:38.883', 'kuali.activity.offering.cluster.state.active', 'kuali.activity.offering.cluster.type.activity.offering.cluster', '', '', '92cc41d8-c61f-47ca-aa3a-0c5fb91d5060', 'CL 1', 'CL 1', '311f5b43-7aa5-440f-94d0-e64246d7a668')
/
insert into KSEN_CO_AO_CLUSTER_SET (OBJ_ID, ACTIVITY_OFFERING_TYPE, AO_CLUSTER_ID, ID) values ('d1b5318b-40fa-46a6-9fb3-5c59175e288a', 'kuali.lui.type.activity.offering.lecture', '311f5b43-7aa5-440f-94d0-e64246d7a668', 'f5c5ff26-ea91-4d62-ab8c-b0af9506ca30')
/
insert into KSEN_CO_AO_CLUSTER_SET_AO (AOC_SET_ID, ACTIVITY_OFFERING_ID) values ('f5c5ff26-ea91-4d62-ab8c-b0af9506ca30', 'c9f58383-7171-4217-b9d1-1e3d0a33fb54')
/
update KSEN_CO_AO_CLUSTER_SET set AO_CLUSTER_ID='311f5b43-7aa5-440f-94d0-e64246d7a668' where ID='f5c5ff26-ea91-4d62-ab8c-b0af9506ca30'
/
insert into KSEN_LUI (OBJ_ID, VER_NBR, CREATEID, CREATETIME, UPDATEID, UPDATETIME, ATP_ID, CLU_ID, EFF_DT, EXPIR_DT, DESCR_FORMATTED, LUI_STATE, LUI_TYPE, MAX_SEATS, MIN_SEATS, NAME, DESCR_PLAIN, REF_URL, ID) values ('e158d9d0-e0a5-4122-b5a8-9eeeb1729d27', 0, 'admin', TIMESTAMP '2014-02-06 10:34:38.883', 'admin', TIMESTAMP '2014-02-06 10:34:38.883', 'kuali.atp.2014Winter', '53f70802-c152-40a6-bbc8-51e9c0851622', '', '', '1001', 'kuali.lui.registration.group.state.pending', 'kuali.lui.type.registration.group', '', '', '1001', '1001', '', '6f4c8642-c781-45f3-a1c9-dee28e8ba4dc')
/
insert into KSEN_LUI_ATTR (OBJ_ID, ATTR_KEY, OWNER_ID, ATTR_VALUE, ID) values ('2bff9145-fc67-4223-aca7-be1ceb83b659', 'kuali.attribute.registration.group.aocluster.id', '6f4c8642-c781-45f3-a1c9-dee28e8ba4dc', '311f5b43-7aa5-440f-94d0-e64246d7a668', 'd2cdc02b-bdea-4464-abc5-2ccfa9e9f88c')
/
insert into KSEN_LUI_ATTR (OBJ_ID, ATTR_KEY, OWNER_ID, ATTR_VALUE, ID) values ('1b79da79-85ef-456b-a8f8-f6f6cd9f92ef', 'kuali.attribute.registration.group.is.generated', '6f4c8642-c781-45f3-a1c9-dee28e8ba4dc', 1, '0fdde529-1fc1-42b3-8bfd-18b025744e0a')
/
insert into KSEN_LUI_IDENT (OBJ_ID, VER_NBR, CREATEID, CREATETIME, UPDATEID, UPDATETIME, LUI_CD, DIVISION, IDENT_LEVEL, LNG_NAME, LUI_ID, ORGID, SHRT_NAME, LUI_ID_STATE, SUFX_CD, LUI_ID_TYPE, VARTN, ID) values ('2a705d4a-cc54-4b2c-ae10-16ac663c7bfc', 0, 'admin', TIMESTAMP '2014-02-06 10:34:38.883', 'admin', TIMESTAMP '2014-02-06 10:34:38.883', '', '', '', '', '6f4c8642-c781-45f3-a1c9-dee28e8ba4dc', '', '', 'kuali.lui.identifier.state.active', '', 'kuali.lui.identifier.type.official', '', 'fdf95525-4820-4fc6-a911-6e11475f7027')
/
insert into KSEN_LUILUI_RELTN (OBJ_ID, VER_NBR, CREATEID, CREATETIME, UPDATEID, UPDATETIME, EFF_DT, EXPIR_DT, DESCR_FORMATTED, LUI_ID, LUILUI_RELTN_STATE, LUILUI_RELTN_TYPE, NAME, DESCR_PLAIN, RELATED_LUI_ID, ID) values ('9a66ff96-1374-4e81-bba2-91a25d248ebd', 0, 'admin', TIMESTAMP '2014-02-06 10:34:38.883', 'admin', TIMESTAMP '2014-02-06 10:34:38.883', TIMESTAMP '2014-02-06 10:36:54.573', '', 'WMST250-FO-RG', '92cc41d8-c61f-47ca-aa3a-0c5fb91d5060', 'kuali.lui.lui.relation.state.active', 'kuali.lui.lui.relation.type.deliveredvia.fo2rg', 'fo-rg-relation', 'WMST250-FO-RG', '6f4c8642-c781-45f3-a1c9-dee28e8ba4dc', '79bc53df-f41f-4e2a-ba64-285fef452340')
/
insert into KSEN_LUILUI_RELTN (OBJ_ID, VER_NBR, CREATEID, CREATETIME, UPDATEID, UPDATETIME, EFF_DT, EXPIR_DT, DESCR_FORMATTED, LUI_ID, LUILUI_RELTN_STATE, LUILUI_RELTN_TYPE, NAME, DESCR_PLAIN, RELATED_LUI_ID, ID) values ('40997177-7da9-4649-abac-6d0264afc3bd', 0, 'admin', TIMESTAMP '2014-02-06 10:34:38.883', 'admin', TIMESTAMP '2014-02-06 10:34:38.883', TIMESTAMP '2014-02-06 10:36:54.587', '', 'WMST250-RG-AO', '6f4c8642-c781-45f3-a1c9-dee28e8ba4dc', 'kuali.lui.lui.relation.state.active', 'kuali.lui.lui.relation.type.registeredforvia.rg2ao', 'rg-ao-relation', 'WMST250-RG-AO', 'c9f58383-7171-4217-b9d1-1e3d0a33fb54', '1c637d4e-aa97-42f3-9fab-d79c81b32abe')
/
insert into KSEN_CODE_GENERATOR_LOCKS (OBJ_ID, CODE, NAMESPACE, UNIQUE_KEY, ID) values ('9482d50c-5d19-4399-a405-2aa608a9defd', '356dae52-9505-4302-a7a2-2a0471306672', 'courseOfferingCode', 'HIST319D-P', '4efc1f3e-2c58-47be-b0ed-6fbbbb721fd2')
/
insert into KSEN_CODE_GENERATOR_LOCKS (OBJ_ID, CODE, NAMESPACE, UNIQUE_KEY, ID) values ('1ebb3bf0-6562-4b8e-aaa2-5d96ae648dcd', 'A', 'courseOfferingCode', 'HIST319D', '788bec62-3aef-4221-b6e7-6d011316bd8b')
/
delete from KSEN_CODE_GENERATOR_LOCKS where CODE='356dae52-9505-4302-a7a2-2a0471306672' and UNIQUE_KEY='HIST319D-P' and NAMESPACE='courseOfferingCode'
/
delete from KSEN_CODE_GENERATOR_LOCKS where UNIQUE_KEY='HIST319D' and NAMESPACE='courseOfferingCode' and 0=(select count(*) from KSEN_CODE_GENERATOR_LOCKS codegenera1_ where codegenera1_.UNIQUE_KEY='HIST319D-P' and codegenera1_.NAMESPACE='courseOfferingCode')
/
insert into KSEN_LUI (OBJ_ID, VER_NBR, CREATEID, CREATETIME, UPDATEID, UPDATETIME, ATP_ID, CLU_ID, EFF_DT, EXPIR_DT, DESCR_FORMATTED, LUI_STATE, LUI_TYPE, MAX_SEATS, MIN_SEATS, NAME, DESCR_PLAIN, REF_URL, ID) values ('1dbbab5a-17ea-4793-8814-66a75d4333c8', 0, 'admin', TIMESTAMP '2014-02-06 10:34:38.883', 'admin', TIMESTAMP '2014-02-06 10:34:38.883', 'kuali.atp.2014Winter', 'CLUID-HIST319-198001000000', TIMESTAMP '2014-01-02 00:00:00.0', '', '', 'kuali.lui.course.offering.state.draft', 'kuali.lui.type.course.offering', '', '', 'HIST319O CO', '.', null, '780d9c3d-7e32-45b1-a936-1791a1ab87b8')
/
insert into KSEN_LUI_ATTR (OBJ_ID, ATTR_KEY, OWNER_ID, ATTR_VALUE, ID) values ('c8c2d07f-0497-4cdc-b938-5efa84c38bd9', 'kuali.attribute.where.fees.attached.flag', '780d9c3d-7e32-45b1-a936-1791a1ab87b8', 0, '73a9b822-d5e8-40c8-b764-2f4251b2b061')
/
insert into KSEN_LUI_ATTR (OBJ_ID, ATTR_KEY, OWNER_ID, ATTR_VALUE, ID) values ('1598a5dc-b2da-473c-8b6d-44f2c37fec22', 'kuali.attribute.final.exam.indicator', '780d9c3d-7e32-45b1-a936-1791a1ab87b8', 'STANDARD', '75b8acb5-d2c1-4749-848d-b26bc1c8ca0a')
/
insert into KSEN_LUI_ATTR (OBJ_ID, ATTR_KEY, OWNER_ID, ATTR_VALUE, ID) values ('b9e889a2-745a-476e-a91b-27025985ffbe', 'kuali.attribute.final.exam.driver', '780d9c3d-7e32-45b1-a936-1791a1ab87b8', 'kuali.lu.exam.driver.ActivityOffering', 'e995190e-60ed-48b4-8b43-a07101a96524')
/
insert into KSEN_LUI_ATTR (OBJ_ID, ATTR_KEY, OWNER_ID, ATTR_VALUE, ID) values ('f7625a91-eca0-492f-8ae4-916668e1bcc1', 'kuali.attribute.wait.list.indicator', '780d9c3d-7e32-45b1-a936-1791a1ab87b8', 1, '24aaeb87-d4b6-4185-9ad9-e7d15d29ea85')
/
insert into KSEN_LUI_ATTR (OBJ_ID, ATTR_KEY, OWNER_ID, ATTR_VALUE, ID) values ('49495398-9089-4992-9c69-d5102fff488c', 'kuali.attribute.course.number.internal.suffix', '780d9c3d-7e32-45b1-a936-1791a1ab87b8', 'A', '286e30df-3f04-4f89-83df-3e19745f167d')
/
insert into KSEN_LUI_ATTR (OBJ_ID, ATTR_KEY, OWNER_ID, ATTR_VALUE, ID) values ('3a9ffd39-9612-417b-bf76-f57a97825640', 'kuali.attribute.course.evaluation.indicator', '780d9c3d-7e32-45b1-a936-1791a1ab87b8', 0, 'b2612151-f2a0-4fb5-a18c-e3d984c7808d')
/
insert into KSEN_LUI_ATTR (OBJ_ID, ATTR_KEY, OWNER_ID, ATTR_VALUE, ID) values ('bf16d705-eb0e-4111-82b2-0353c09aec05', 'kuali.attribute.funding.source', '780d9c3d-7e32-45b1-a936-1791a1ab87b8', '', 'de064d5a-bf1d-4888-849d-1c8c83ffd378')
/
insert into KSEN_LUI_ATTR (OBJ_ID, ATTR_KEY, OWNER_ID, ATTR_VALUE, ID) values ('e439a942-c39f-40c1-af77-1ac2895ddc7f', 'kuali.attribute.wait.list.level.type.key', '780d9c3d-7e32-45b1-a936-1791a1ab87b8', 'AO', 'bc44a9a1-99ce-425e-ad79-e7229444b9da')
/
insert into KSEN_LUI_ATTR (OBJ_ID, ATTR_KEY, OWNER_ID, ATTR_VALUE, ID) values ('6dead644-918d-4891-8c58-8a923fc6ed42', 'kuali.attribute.wait.list.type.key', '780d9c3d-7e32-45b1-a936-1791a1ab87b8', null, '6eb86a7c-72b4-4b7f-ab0c-a7e8024ca707')
/
insert into KSEN_LUI_ATTR (OBJ_ID, ATTR_KEY, OWNER_ID, ATTR_VALUE, ID) values ('e006364d-5363-4e27-a594-30a75b11ac7c', 'kuali.attribute.final.exam.use.matrix', '780d9c3d-7e32-45b1-a936-1791a1ab87b8', 1, '0c517139-0297-4fc4-9d75-8e3b1e4244e6')
/
insert into KSEN_LUI_IDENT (OBJ_ID, VER_NBR, CREATEID, CREATETIME, UPDATEID, UPDATETIME, LUI_CD, DIVISION, IDENT_LEVEL, LNG_NAME, LUI_ID, ORGID, SHRT_NAME, LUI_ID_STATE, SUFX_CD, LUI_ID_TYPE, VARTN, ID) values ('ba536f0d-c376-4307-87cb-fb1ef3fae926', 0, 'admin', TIMESTAMP '2014-02-06 10:34:38.883', 'admin', TIMESTAMP '2014-02-06 10:34:38.883', 'HIST319O', 'HIST', '', 'Special Topics in History', '780d9c3d-7e32-45b1-a936-1791a1ab87b8', '', '', 'kuali.lui.identifier.state.active', 'O', 'kuali.lui.identifier.type.official', '', '0cc703b9-5fb9-44db-94a5-35fb2585ebaa')
/
insert into KSEN_LUI_LU_CD (OBJ_ID, VER_NBR, CREATEID, CREATETIME, UPDATEID, UPDATETIME, DESCR_FORMATTED, LUI_ID, DESCR_PLAIN, LUI_LUCD_TYPE, VALUE, ID) values ('2e1c6989-eb4a-48c5-ab3a-fd6d65c2b308', 0, 'admin', TIMESTAMP '2014-02-06 10:34:38.883', 'admin', TIMESTAMP '2014-02-06 10:34:38.883', '', '780d9c3d-7e32-45b1-a936-1791a1ab87b8', '', 'kuali.lu.code.honorsOffering', '', 'fa92dc74-d148-44cf-a642-5c93c6cdea29')
/
insert into KSEN_LUI_UNITS_DEPLOYMENT (LUI_ID, ORG_ID, ID) values ('780d9c3d-7e32-45b1-a936-1791a1ab87b8', '3213375036', '1320833a-a593-4485-a79f-453eedbc4b12')
/
insert into KSEN_LUI_UNITS_CONT_OWNER (LUI_ID, ORG_ID) values ('780d9c3d-7e32-45b1-a936-1791a1ab87b8', '3213375036')
/
insert into KSEN_LUI_RESULT_VAL_GRP (LUI_ID, RESULT_VAL_GRP_ID) values ('780d9c3d-7e32-45b1-a936-1791a1ab87b8', 'kuali.resultComponent.grade.letter')
/
insert into KSEN_LUI_RESULT_VAL_GRP (LUI_ID, RESULT_VAL_GRP_ID) values ('780d9c3d-7e32-45b1-a936-1791a1ab87b8', 'kuali.resultComponent.grade.audit')
/
insert into KSEN_LUI_RESULT_VAL_GRP (LUI_ID, RESULT_VAL_GRP_ID) values ('780d9c3d-7e32-45b1-a936-1791a1ab87b8', 'kuali.resultComponent.grade.passFail')
/
insert into KSEN_LUI_RESULT_VAL_GRP (LUI_ID, RESULT_VAL_GRP_ID) values ('780d9c3d-7e32-45b1-a936-1791a1ab87b8', 'kuali.creditType.credit.degree.3.0')
/
insert into KSEN_LUI (OBJ_ID, VER_NBR, CREATEID, CREATETIME, UPDATEID, UPDATETIME, ATP_ID, CLU_ID, EFF_DT, EXPIR_DT, DESCR_FORMATTED, LUI_STATE, LUI_TYPE, MAX_SEATS, MIN_SEATS, NAME, DESCR_PLAIN, REF_URL, ID) values ('f2d542b3-6a5a-40de-857d-f0c4f18626d6', 0, 'admin', TIMESTAMP '2014-02-06 10:34:38.883', 'admin', TIMESTAMP '2014-02-06 10:34:38.883', 'kuali.atp.2014Winter', 'ccb3c17e-6eaf-4095-85b7-648120717da9', '', '', 'Courses with Lecture only', 'kuali.lui.format.offering.state.draft', 'kuali.lui.type.course.format.offering', '', '', 'Lecture Only', 'Courses with Lecture only', '', '10b64416-b04f-4037-90b2-9041fbb1572b')
/
insert into KSEN_LUI_ATTR (OBJ_ID, ATTR_KEY, OWNER_ID, ATTR_VALUE, ID) values ('ef86c0d9-2b1b-4f51-a4cc-11a7acc4ab68', 'kuali.attribute.final.exam.level.type', '10b64416-b04f-4037-90b2-9041fbb1572b', 'kuali.lu.type.activity.Lecture', '22bb8c64-ec73-4efa-8534-6609bcc67800')
/
insert into KSEN_LUI_ATTR (OBJ_ID, ATTR_KEY, OWNER_ID, ATTR_VALUE, ID) values ('6dacf601-9ed3-4917-9dff-4e506fc94fef', 'kuali.attribute.grade.roster.level.type.key', '10b64416-b04f-4037-90b2-9041fbb1572b', 'kuali.lui.type.activity.offering.lecture', 'eab7a77f-edec-43b8-bf18-d2bac3ba72c7')
/
insert into KSEN_LUI_ATTR (OBJ_ID, ATTR_KEY, OWNER_ID, ATTR_VALUE, ID) values ('60fb64cf-0a3f-43a9-8593-7610486b99cd', 'regCodePrefix', '10b64416-b04f-4037-90b2-9041fbb1572b', '1', '1dfb7243-b0a4-40d8-98c0-107410f20179')
/
insert into KSEN_LUI_IDENT (OBJ_ID, VER_NBR, CREATEID, CREATETIME, UPDATEID, UPDATETIME, LUI_CD, DIVISION, IDENT_LEVEL, LNG_NAME, LUI_ID, ORGID, SHRT_NAME, LUI_ID_STATE, SUFX_CD, LUI_ID_TYPE, VARTN, ID) values ('25049d64-31f6-466f-801c-20388156fdd9', 0, 'admin', TIMESTAMP '2014-02-06 10:34:38.883', 'admin', TIMESTAMP '2014-02-06 10:34:38.883', '', '', '', 'Lecture Only', '10b64416-b04f-4037-90b2-9041fbb1572b', '', 'LEC', 'kuali.lui.identifier.state.active', '', 'kuali.lui.identifier.type.official', '', '04f40b6f-ffba-4596-9245-cf6203f8e2c5')
/
insert into KSEN_LUI_RELATED_LUI_TYPES (LUI_ID, RELATED_LUI_TYPE) values ('10b64416-b04f-4037-90b2-9041fbb1572b', 'kuali.lui.type.activity.offering.lecture')
/
insert into KSEN_LUILUI_RELTN (OBJ_ID, VER_NBR, CREATEID, CREATETIME, UPDATEID, UPDATETIME, EFF_DT, EXPIR_DT, DESCR_FORMATTED, LUI_ID, LUILUI_RELTN_STATE, LUILUI_RELTN_TYPE, NAME, DESCR_PLAIN, RELATED_LUI_ID, ID) values ('296b7514-0df7-4487-94fd-0de0f688437e', 0, 'admin', TIMESTAMP '2014-02-06 10:34:38.883', 'admin', TIMESTAMP '2014-02-06 10:34:38.883', TIMESTAMP '2014-02-06 10:36:56.394', '', 'HIST319O-CO-FO', '780d9c3d-7e32-45b1-a936-1791a1ab87b8', 'kuali.lui.lui.relation.state.active', 'kuali.lui.lui.relation.type.deliveredvia.co2fo', 'co-fo-relation', 'HIST319O-CO-FO', '10b64416-b04f-4037-90b2-9041fbb1572b', '46b2765d-a500-46b3-a22a-e9fc8fbcadad')
/
insert into KSEN_LUI (OBJ_ID, VER_NBR, CREATEID, CREATETIME, UPDATEID, UPDATETIME, ATP_ID, CLU_ID, EFF_DT, EXPIR_DT, DESCR_FORMATTED, LUI_STATE, LUI_TYPE, MAX_SEATS, MIN_SEATS, NAME, DESCR_PLAIN, REF_URL, ID) values ('d99e04cb-21ca-4e9f-8d88-ba3adbf137d8', 0, 'admin', TIMESTAMP '2014-02-06 10:34:38.883', 'admin', TIMESTAMP '2014-02-06 10:34:38.883', 'kuali.atp.2014Winter', '55fda0fc-cb22-4b3b-a7e0-5a0ceeaaf89d', '', '', 'Courses with lecture', 'kuali.lui.activity.offering.state.draft', 'kuali.lui.type.activity.offering.lecture', 40, 40, 'Lecture', 'Courses with lecture', null, 'a8528ca0-55a0-4167-987b-10396c2d76b4')
/
insert into KSEN_LUI_ATTR (OBJ_ID, ATTR_KEY, OWNER_ID, ATTR_VALUE, ID) values ('a7a1e0a0-77ee-4026-abd3-633eee5cb234', 'kuali.attribute.course.evaluation.indicator', 'a8528ca0-55a0-4167-987b-10396c2d76b4', 0, '9e1a054b-e7de-44a6-90a3-9c0dc2f28232')
/
insert into KSEN_LUI_ATTR (OBJ_ID, ATTR_KEY, OWNER_ID, ATTR_VALUE, ID) values ('a654e328-0baf-4518-b1da-15cf020181e7', 'kuali.attribute.max.enrollment.is.estimate', 'a8528ca0-55a0-4167-987b-10396c2d76b4', 0, '11d88ab3-2cbf-455c-9827-adbe4c534dc6')
/
insert into KSEN_LUI_ATTR (OBJ_ID, ATTR_KEY, OWNER_ID, ATTR_VALUE, ID) values ('836069dd-3a27-48ca-afe1-8587503090b1', 'kuali.attribute.nonstd.ts.indicator', 'a8528ca0-55a0-4167-987b-10396c2d76b4', 0, 'db959758-5b3d-48d2-ba89-e2dda52a203f')
/
insert into KSEN_LUI_IDENT (OBJ_ID, VER_NBR, CREATEID, CREATETIME, UPDATEID, UPDATETIME, LUI_CD, DIVISION, IDENT_LEVEL, LNG_NAME, LUI_ID, ORGID, SHRT_NAME, LUI_ID_STATE, SUFX_CD, LUI_ID_TYPE, VARTN, ID) values ('1e6c7d35-f9d3-419e-9388-af0ee0dedcbf', 0, 'admin', TIMESTAMP '2014-02-06 10:34:38.883', 'admin', TIMESTAMP '2014-02-06 10:34:38.883', 'A', '', '', '', 'a8528ca0-55a0-4167-987b-10396c2d76b4', '', '', 'kuali.lui.identifier.state.active', '', 'kuali.lui.identifier.type.official', '', '628a7cb6-998e-4bda-9f65-bf4b916a46ae')
/
insert into KSEN_LUI_LU_CD (OBJ_ID, VER_NBR, CREATEID, CREATETIME, UPDATEID, UPDATETIME, DESCR_FORMATTED, LUI_ID, DESCR_PLAIN, LUI_LUCD_TYPE, VALUE, ID) values ('47e054e7-a99e-4298-97da-fc7dd80e33a5', 0, 'admin', TIMESTAMP '2014-02-06 10:34:38.883', 'admin', TIMESTAMP '2014-02-06 10:34:38.883', '', 'a8528ca0-55a0-4167-987b-10396c2d76b4', '', 'kuali.lu.code.honorsOffering', 0, '81ebc5b9-1464-422f-b9d1-2f500b63f56a')
/
insert into KSEN_LPR (OBJ_ID, VER_NBR, CREATEID, CREATETIME, UPDATEID, UPDATETIME, ATP_ID, COMMIT_PERCT, CREDITS, EFF_DT, EXPIR_DT, GRADING_OPT_ID, LUI_ID, MASTER_LUI_ID, PERS_ID, LPR_STATE, LPR_TYPE, ID) values ('a2a51d57-aab8-436b-a627-5972ca95335f', 0, 'admin', TIMESTAMP '2014-02-06 10:34:38.883', 'admin', TIMESTAMP '2014-02-06 10:34:38.883', '', '100.00', '', TIMESTAMP '2014-02-06 10:36:56.501', '', '', 'a8528ca0-55a0-4167-987b-10396c2d76b4', '', 'S.JOSEPHE', 'kuali.lpr.state.active', 'kuali.lpr.type.instructor.main', '26060c3a-31a6-464b-83f7-603fd894d87c')
/
insert into KSEN_LUILUI_RELTN (OBJ_ID, VER_NBR, CREATEID, CREATETIME, UPDATEID, UPDATETIME, EFF_DT, EXPIR_DT, DESCR_FORMATTED, LUI_ID, LUILUI_RELTN_STATE, LUILUI_RELTN_TYPE, NAME, DESCR_PLAIN, RELATED_LUI_ID, ID) values ('d6f26f8f-ea21-4831-ad3e-4f4058e798f0', 0, 'admin', TIMESTAMP '2014-02-06 10:34:38.883', 'admin', TIMESTAMP '2014-02-06 10:34:38.883', TIMESTAMP '2014-02-06 10:36:56.527', '', 'HIST319O-FO-AO', '10b64416-b04f-4037-90b2-9041fbb1572b', 'kuali.lui.lui.relation.state.active', 'kuali.lui.lui.relation.type.deliveredvia.fo2ao', 'fo-ao-relation', 'HIST319O-FO-AO', 'a8528ca0-55a0-4167-987b-10396c2d76b4', 'a8b0a5cf-1bf6-464f-b816-6f9f7aa76a51')
/
insert into KSEN_SCHED_RQST_SET (OBJ_ID, VER_NBR, CREATEID, CREATETIME, UPDATEID, UPDATETIME, DESCR_FORMATTED, MAX_ENRL_SHARED_IND, MAX_ENRL, NAME, DESCR_PLAIN, REF_OBJECT_TYPE, SCHED_RQST_SET_STATE, SCHED_RQST_SET_TYPE, ID) values ('17b8f2b3-8398-489c-9c47-ee6a97398ca6', 0, 'admin', TIMESTAMP '2014-02-06 10:34:38.883', 'admin', TIMESTAMP '2014-02-06 10:34:38.883', '', 0, '', 'Schedule request set for HIST319O - A', '', 'http://student.kuali.org/wsdl/courseOffering/ActivityOfferingInfo', 'kuali.scheduling.schedule.request.set.state.created', 'kuali.scheduling.schedule.request.set.type.schedule.request.set', '6e4129ce-f8d5-4197-b931-e76ed98f9c43')
/
insert into KSEN_SCHED_RQST (OBJ_ID, VER_NBR, CREATEID, CREATETIME, UPDATEID, UPDATETIME, DESCR_FORMATTED, NAME, DESCR_PLAIN, SCHED_RQST_STATE, SCHED_RQST_TYPE, SCHED_ID, SCHED_RQST_SET_ID, ID) values ('a583cb7e-d63c-41e1-bbe2-73aa3b3802a0', 0, 'admin', TIMESTAMP '2014-02-06 10:34:38.883', 'admin', TIMESTAMP '2014-02-06 10:34:38.883', '', 'Schedule request for HIST319O - A', '', 'kuali.scheduling.schedule.request.state.created', 'kuali.scheduling.schedule.request.type.schedule.request', '', '6e4129ce-f8d5-4197-b931-e76ed98f9c43', 'e954990f-e75c-434b-b3e7-e5cbabd4826a')
/
insert into KSEN_SCHED_RQST_CMP (OBJ_ID, TBA_IND, SCHED_RQST_ID, ID) values ('5a432a93-14f8-4d23-81bd-545000e076b8', 0, 'e954990f-e75c-434b-b3e7-e5cbabd4826a', '8213f595-fd79-4c5e-94a1-abe021709151')
/
insert into KSEN_SCHED_REF_OBJECT (SCHED_RQST_SET_ID, REF_OBJECT_ID) values ('6e4129ce-f8d5-4197-b931-e76ed98f9c43', 'a8528ca0-55a0-4167-987b-10396c2d76b4')
/
insert into KSEN_SCHED_RQST_CMP_BLDG (CMP_ID, BUILDING_ID) values ('8213f595-fd79-4c5e-94a1-abe021709151', 'af22fa59-42ab-4d09-9a5b-6980f8b4ae7d')
/
insert into KSEN_SCHED_RQST_CMP_CAMPUS (CMP_ID, CAMPUS_ID) values ('8213f595-fd79-4c5e-94a1-abe021709151', 'UMCP')
/
insert into KSEN_SCHED_RQST_CMP_ROOM (CMP_ID, ROOM_ID) values ('8213f595-fd79-4c5e-94a1-abe021709151', 'fdd1e716-7c99-4cc9-afbe-d8fa2e44ec66')
/
insert into KSEN_SCHED_RQST_CMP_TMSLOT (CMP_ID, TM_SLOT_ID) values ('8213f595-fd79-4c5e-94a1-abe021709151', '331B1984-0170-4F3B-A02B-D480FE59DB2E')
/
insert into KSEN_CO_SEAT_POOL_DEFN (OBJ_ID, VER_NBR, CREATEID, CREATETIME, UPDATEID, UPDATETIME, ACTIVITY_OFFERING_ID, EXPIR_MSTONE_TYPE, PERCENTAGE_IND, NAME, POPULATION_ID, PROCESSING_PRIORITY, SEAT_LIMIT, SEAT_POOL_DEFN_STATE, SEAT_POOL_DEFN_TYPE, ID) values ('34137660-d162-4212-a884-a06d6140c061', 1, 'admin', TIMESTAMP '2014-02-06 10:34:38.883', 'admin', TIMESTAMP '2014-02-06 10:34:38.883', '', 'kuali.atp.milestone.firstdayofclasses', 0, '300-level Senior Seatpool', '4160a52b-d353-4ab3-b72d-a3c2f9969783', 1, 5, 'kuali.lui.capacity.state.active', 'kuali.lui.capacity.type.seatpool', '07fa269e-f64f-414b-8045-5f962c2d5d1c')
/
insert into KSEN_CWL (OBJ_ID, VER_NBR, CREATEID, CREATETIME, UPDATEID, UPDATETIME, ALLOW_HOLD_UTIL_ENTRIES_IND, AUTO_PROCESSED_IND, CHECK_IN_REQ_IND, CONF_REQ_IND, EFF_DT, EXPIR_DT, MAX_SIZE, REG_IN_FIRST_AAO_IND, STD_DUR_TIME_QTY, STD_DUR_TYPE, CWL_STATE, CWL_TYPE, ID) values ('f5193d98-0bdf-4bca-bddf-809bfdf222c4', 0, 'admin', TIMESTAMP '2014-02-06 10:34:38.883', 'admin', TIMESTAMP '2014-02-06 10:34:38.883', 1, 1, 0, 1, TIMESTAMP '2013-01-02 00:00:00.0', '', '', 1, '', '', 'kuali.course.waitlist.state.active', 'kuali.course.waitlist.type.course.waitlist', '9c66c98f-108b-40f6-a1a2-dbd301d2a0e2')
/
update KSEN_CO_SEAT_POOL_DEFN set OBJ_ID='34137660-d162-4212-a884-a06d6140c061', VER_NBR=2, UPDATEID='admin', UPDATETIME=TIMESTAMP '2014-02-06 10:34:38.883', ACTIVITY_OFFERING_ID='a8528ca0-55a0-4167-987b-10396c2d76b4', EXPIR_MSTONE_TYPE='kuali.atp.milestone.firstdayofclasses', PERCENTAGE_IND=0, NAME='300-level Senior Seatpool', POPULATION_ID='4160a52b-d353-4ab3-b72d-a3c2f9969783', PROCESSING_PRIORITY=1, SEAT_LIMIT=5, SEAT_POOL_DEFN_STATE='kuali.lui.capacity.state.active', SEAT_POOL_DEFN_TYPE='kuali.lui.capacity.type.seatpool' where ID='07fa269e-f64f-414b-8045-5f962c2d5d1c' and VER_NBR=1
/
insert into KSEN_CWL_ACTIV_OFFER (CWL_ID, ACTIV_OFFER_ID) values ('9c66c98f-108b-40f6-a1a2-dbd301d2a0e2', 'a8528ca0-55a0-4167-987b-10396c2d76b4')
/
insert into KSEN_CWL_FORMAT_OFFER (CWL_ID, FORMAT_OFFER_ID) values ('9c66c98f-108b-40f6-a1a2-dbd301d2a0e2', '10b64416-b04f-4037-90b2-9041fbb1572b')
/
insert into KSEN_CO_AO_CLUSTER (OBJ_ID, VER_NBR, CREATEID, CREATETIME, UPDATEID, UPDATETIME, AO_CLUSTER_STATE, AO_CLUSTER_TYPE, DESCR_FORMATTED, DESCR_PLAIN, FORMAT_OFFERING_ID, NAME, PRIVATE_NAME, ID) values ('cc430fa3-7745-485e-9243-288249584e5f', 0, 'admin', TIMESTAMP '2014-02-06 10:34:38.883', 'admin', TIMESTAMP '2014-02-06 10:34:38.883', 'kuali.activity.offering.cluster.state.active', 'kuali.activity.offering.cluster.type.activity.offering.cluster', '', '', '10b64416-b04f-4037-90b2-9041fbb1572b', 'CL 1', 'CL 1', 'c4db8ee6-8e97-442d-b6ff-991092afb6a1')
/
insert into KSEN_CO_AO_CLUSTER_SET (OBJ_ID, ACTIVITY_OFFERING_TYPE, AO_CLUSTER_ID, ID) values ('2e8584c7-3463-4c25-9eda-1a5e2a1fb3f0', 'kuali.lui.type.activity.offering.lecture', 'c4db8ee6-8e97-442d-b6ff-991092afb6a1', 'b1367c3a-b90f-4071-89c6-836d3f705813')
/
insert into KSEN_CO_AO_CLUSTER_SET_AO (AOC_SET_ID, ACTIVITY_OFFERING_ID) values ('b1367c3a-b90f-4071-89c6-836d3f705813', 'a8528ca0-55a0-4167-987b-10396c2d76b4')
/
update KSEN_CO_AO_CLUSTER_SET set AO_CLUSTER_ID='c4db8ee6-8e97-442d-b6ff-991092afb6a1' where ID='b1367c3a-b90f-4071-89c6-836d3f705813'
/
insert into KSEN_LUI (OBJ_ID, VER_NBR, CREATEID, CREATETIME, UPDATEID, UPDATETIME, ATP_ID, CLU_ID, EFF_DT, EXPIR_DT, DESCR_FORMATTED, LUI_STATE, LUI_TYPE, MAX_SEATS, MIN_SEATS, NAME, DESCR_PLAIN, REF_URL, ID) values ('86cffd88-7659-457b-a2b1-e076eeed9fd3', 0, 'admin', TIMESTAMP '2014-02-06 10:34:38.883', 'admin', TIMESTAMP '2014-02-06 10:34:38.883', 'kuali.atp.2014Winter', 'ccb3c17e-6eaf-4095-85b7-648120717da9', '', '', '1001', 'kuali.lui.registration.group.state.pending', 'kuali.lui.type.registration.group', '', '', '1001', '1001', '', '2452b3b9-9380-4956-9c11-ce9bfcc1e31d')
/
insert into KSEN_LUI_ATTR (OBJ_ID, ATTR_KEY, OWNER_ID, ATTR_VALUE, ID) values ('c044a329-e17f-466b-b793-c0f682b033bc', 'kuali.attribute.registration.group.aocluster.id', '2452b3b9-9380-4956-9c11-ce9bfcc1e31d', 'c4db8ee6-8e97-442d-b6ff-991092afb6a1', 'd07d7cdf-3ee9-4c06-b43b-fedef215d862')
/
insert into KSEN_LUI_ATTR (OBJ_ID, ATTR_KEY, OWNER_ID, ATTR_VALUE, ID) values ('d30f1500-284a-40e8-abc3-0eb9e877cd47', 'kuali.attribute.registration.group.is.generated', '2452b3b9-9380-4956-9c11-ce9bfcc1e31d', 1, 'd986618b-1373-4567-a02f-f73479c8b90d')
/
insert into KSEN_LUI_IDENT (OBJ_ID, VER_NBR, CREATEID, CREATETIME, UPDATEID, UPDATETIME, LUI_CD, DIVISION, IDENT_LEVEL, LNG_NAME, LUI_ID, ORGID, SHRT_NAME, LUI_ID_STATE, SUFX_CD, LUI_ID_TYPE, VARTN, ID) values ('e04408d2-77b3-4d50-b248-9215b0c041ed', 0, 'admin', TIMESTAMP '2014-02-06 10:34:38.883', 'admin', TIMESTAMP '2014-02-06 10:34:38.883', '', '', '', '', '2452b3b9-9380-4956-9c11-ce9bfcc1e31d', '', '', 'kuali.lui.identifier.state.active', '', 'kuali.lui.identifier.type.official', '', 'cef4c696-031f-47af-a6bc-26f76ec4363b')
/
insert into KSEN_LUILUI_RELTN (OBJ_ID, VER_NBR, CREATEID, CREATETIME, UPDATEID, UPDATETIME, EFF_DT, EXPIR_DT, DESCR_FORMATTED, LUI_ID, LUILUI_RELTN_STATE, LUILUI_RELTN_TYPE, NAME, DESCR_PLAIN, RELATED_LUI_ID, ID) values ('f420e99c-5d04-4103-a5ff-a6b3d08bcc53', 0, 'admin', TIMESTAMP '2014-02-06 10:34:38.883', 'admin', TIMESTAMP '2014-02-06 10:34:38.883', TIMESTAMP '2014-02-06 10:36:57.007', '', 'HIST319O-FO-RG', '10b64416-b04f-4037-90b2-9041fbb1572b', 'kuali.lui.lui.relation.state.active', 'kuali.lui.lui.relation.type.deliveredvia.fo2rg', 'fo-rg-relation', 'HIST319O-FO-RG', '2452b3b9-9380-4956-9c11-ce9bfcc1e31d', 'b268ad43-0e2d-4ca9-81e8-48296886468b')
/
insert into KSEN_LUILUI_RELTN (OBJ_ID, VER_NBR, CREATEID, CREATETIME, UPDATEID, UPDATETIME, EFF_DT, EXPIR_DT, DESCR_FORMATTED, LUI_ID, LUILUI_RELTN_STATE, LUILUI_RELTN_TYPE, NAME, DESCR_PLAIN, RELATED_LUI_ID, ID) values ('ba79fb24-8fae-48c6-9e24-e4d092086814', 0, 'admin', TIMESTAMP '2014-02-06 10:34:38.883', 'admin', TIMESTAMP '2014-02-06 10:34:38.883', TIMESTAMP '2014-02-06 10:36:57.021', '', 'HIST319O-RG-AO', '2452b3b9-9380-4956-9c11-ce9bfcc1e31d', 'kuali.lui.lui.relation.state.active', 'kuali.lui.lui.relation.type.registeredforvia.rg2ao', 'rg-ao-relation', 'HIST319O-RG-AO', 'a8528ca0-55a0-4167-987b-10396c2d76b4', '19e4236b-d4c4-4de8-baa8-171d226fa3aa')
/
insert into KSEN_LUI (OBJ_ID, VER_NBR, CREATEID, CREATETIME, UPDATEID, UPDATETIME, ATP_ID, CLU_ID, EFF_DT, EXPIR_DT, DESCR_FORMATTED, LUI_STATE, LUI_TYPE, MAX_SEATS, MIN_SEATS, NAME, DESCR_PLAIN, REF_URL, ID) values ('e6aeb4da-d108-457c-a28e-dbd78c628f14', 0, 'admin', TIMESTAMP '2014-02-06 10:34:38.883', 'admin', TIMESTAMP '2014-02-06 10:34:38.883', 'kuali.atp.2014Winter', 'CLUID-WMST326-199501000000', TIMESTAMP '2014-01-02 00:00:00.0', '', 'The biology of the reproductive system with emphasis on mammals and, in particular, on human reproduction. Hormone actions, sperm production, ovulation, sexual differentiation, sexual behavior, contraception, pregnancy, lactation, maternal behavior and menopause.', 'kuali.lui.course.offering.state.draft', 'kuali.lui.type.course.offering', '', '', 'WMST326 CO', 'The biology of the reproductive system with emphasis on mammals and, in particular, on human reproduction. Hormone actions, sperm production, ovulation, sexual differentiation, sexual behavior, contraception, pregnancy, lactation, maternal behavior and menopause.', null, '4fc45d81-e0ce-4025-bf95-73b8eb1d4469')
/
insert into KSEN_LUI_ATTR (OBJ_ID, ATTR_KEY, OWNER_ID, ATTR_VALUE, ID) values ('0b45eaf0-b90e-4e75-a390-969368fd29be', 'kuali.attribute.course.number.internal.suffix', '4fc45d81-e0ce-4025-bf95-73b8eb1d4469', 'A', 'dcde59cb-393b-4692-a8fa-3c16d53a10c5')
/
insert into KSEN_LUI_ATTR (OBJ_ID, ATTR_KEY, OWNER_ID, ATTR_VALUE, ID) values ('70c608c9-4111-4521-8001-f6b1cfd350c4', 'kuali.attribute.wait.list.indicator', '4fc45d81-e0ce-4025-bf95-73b8eb1d4469', 1, 'c1beb87c-c0fa-4b3f-bb6a-66258cd6f68c')
/
insert into KSEN_LUI_ATTR (OBJ_ID, ATTR_KEY, OWNER_ID, ATTR_VALUE, ID) values ('d85b4887-4f5e-4ad8-9f64-6c8abd9cf45e', 'kuali.attribute.where.fees.attached.flag', '4fc45d81-e0ce-4025-bf95-73b8eb1d4469', 0, 'e51dfa54-118c-4743-9309-2889cf9ddd6a')
/
insert into KSEN_LUI_ATTR (OBJ_ID, ATTR_KEY, OWNER_ID, ATTR_VALUE, ID) values ('973a6e77-a63c-46a8-9ad7-038d616d7486', 'kuali.attribute.final.exam.indicator', '4fc45d81-e0ce-4025-bf95-73b8eb1d4469', 'STANDARD', '5cdb5bef-7fc4-46f5-8a86-c6f5a72698f6')
/
insert into KSEN_LUI_ATTR (OBJ_ID, ATTR_KEY, OWNER_ID, ATTR_VALUE, ID) values ('d6a1badb-c4b4-408c-8071-e2d9a07a0976', 'kuali.attribute.funding.source', '4fc45d81-e0ce-4025-bf95-73b8eb1d4469', '', '32fbcacf-4e34-4d88-a07c-030138245549')
/
insert into KSEN_LUI_ATTR (OBJ_ID, ATTR_KEY, OWNER_ID, ATTR_VALUE, ID) values ('262aba65-2938-47d6-acb1-8cd2146ece7f', 'kuali.attribute.final.exam.use.matrix', '4fc45d81-e0ce-4025-bf95-73b8eb1d4469', 1, '669bc2ed-5033-4d4d-ac37-9b0ccf802e54')
/
insert into KSEN_LUI_ATTR (OBJ_ID, ATTR_KEY, OWNER_ID, ATTR_VALUE, ID) values ('c8fc6cee-f6b9-44ed-8599-d079478abe7f', 'kuali.attribute.wait.list.type.key', '4fc45d81-e0ce-4025-bf95-73b8eb1d4469', null, 'c14d551d-97dc-48b9-ae69-1397067e6937')
/
insert into KSEN_LUI_ATTR (OBJ_ID, ATTR_KEY, OWNER_ID, ATTR_VALUE, ID) values ('28b3c32f-0608-43c0-ab39-e2b51eef5537', 'kuali.attribute.course.evaluation.indicator', '4fc45d81-e0ce-4025-bf95-73b8eb1d4469', 0, '04cdc06f-203d-443a-84ee-3ff3640294bc')
/
insert into KSEN_LUI_ATTR (OBJ_ID, ATTR_KEY, OWNER_ID, ATTR_VALUE, ID) values ('e4df6389-3b17-44c9-a6ee-fd46625917a1', 'kuali.attribute.final.exam.driver', '4fc45d81-e0ce-4025-bf95-73b8eb1d4469', 'kuali.lu.exam.driver.ActivityOffering', 'ad99f29d-c4c6-4b59-a81a-08bfabe1b4cb')
/
insert into KSEN_LUI_ATTR (OBJ_ID, ATTR_KEY, OWNER_ID, ATTR_VALUE, ID) values ('e4790721-106a-4bb7-bcc3-bf940390dbf7', 'kuali.attribute.wait.list.level.type.key', '4fc45d81-e0ce-4025-bf95-73b8eb1d4469', 'AO', '26e25be3-5626-405f-99df-fd7ada66fb39')
/
insert into KSEN_LUI_IDENT (OBJ_ID, VER_NBR, CREATEID, CREATETIME, UPDATEID, UPDATETIME, LUI_CD, DIVISION, IDENT_LEVEL, LNG_NAME, LUI_ID, ORGID, SHRT_NAME, LUI_ID_STATE, SUFX_CD, LUI_ID_TYPE, VARTN, ID) values ('46aabca5-d921-4496-a834-0a4f30db9e59', 0, 'admin', TIMESTAMP '2014-02-06 10:34:38.883', 'admin', TIMESTAMP '2014-02-06 10:34:38.883', 'WMST326', 'WMST', '', 'Biology of Reproduction', '4fc45d81-e0ce-4025-bf95-73b8eb1d4469', '', '', 'kuali.lui.identifier.state.active', '', 'kuali.lui.identifier.type.official', '', '728611e6-4d99-4b14-bdda-f09a69cef82a')
/
insert into KSEN_LUI_LU_CD (OBJ_ID, VER_NBR, CREATEID, CREATETIME, UPDATEID, UPDATETIME, DESCR_FORMATTED, LUI_ID, DESCR_PLAIN, LUI_LUCD_TYPE, VALUE, ID) values ('504816b6-b01e-4ba4-b529-56165d3cea64', 0, 'admin', TIMESTAMP '2014-02-06 10:34:38.883', 'admin', TIMESTAMP '2014-02-06 10:34:38.883', '', '4fc45d81-e0ce-4025-bf95-73b8eb1d4469', '', 'kuali.lu.code.honorsOffering', '', 'f08bf3d9-593e-4432-a274-31191d85109f')
/
insert into KSEN_LUI_UNITS_DEPLOYMENT (LUI_ID, ORG_ID, ID) values ('4fc45d81-e0ce-4025-bf95-73b8eb1d4469', '4014660630', '2a42f172-7612-4dee-8a8f-0188413764e2')
/
insert into KSEN_LUI_UNITS_CONT_OWNER (LUI_ID, ORG_ID) values ('4fc45d81-e0ce-4025-bf95-73b8eb1d4469', '4014660630')
/
insert into KSEN_LUI_RESULT_VAL_GRP (LUI_ID, RESULT_VAL_GRP_ID) values ('4fc45d81-e0ce-4025-bf95-73b8eb1d4469', 'kuali.resultComponent.grade.letter')
/
insert into KSEN_LUI_RESULT_VAL_GRP (LUI_ID, RESULT_VAL_GRP_ID) values ('4fc45d81-e0ce-4025-bf95-73b8eb1d4469', 'kuali.resultComponent.grade.audit')
/
insert into KSEN_LUI_RESULT_VAL_GRP (LUI_ID, RESULT_VAL_GRP_ID) values ('4fc45d81-e0ce-4025-bf95-73b8eb1d4469', 'kuali.resultComponent.grade.passFail')
/
insert into KSEN_LUI_RESULT_VAL_GRP (LUI_ID, RESULT_VAL_GRP_ID) values ('4fc45d81-e0ce-4025-bf95-73b8eb1d4469', 'kuali.creditType.credit.degree.3.0')
/
insert into KSEN_LUI (OBJ_ID, VER_NBR, CREATEID, CREATETIME, UPDATEID, UPDATETIME, ATP_ID, CLU_ID, EFF_DT, EXPIR_DT, DESCR_FORMATTED, LUI_STATE, LUI_TYPE, MAX_SEATS, MIN_SEATS, NAME, DESCR_PLAIN, REF_URL, ID) values ('0bb00f2d-c9c9-4c8a-bf0a-f1b8c47740b6', 0, 'admin', TIMESTAMP '2014-02-06 10:34:38.883', 'admin', TIMESTAMP '2014-02-06 10:34:38.883', 'kuali.atp.2014Winter', '365c3c5f-8422-4b70-8bd7-949a708229d8', '', '', 'Courses with Lecture only', 'kuali.lui.format.offering.state.draft', 'kuali.lui.type.course.format.offering', '', '', 'Lecture Only', 'Courses with Lecture only', '', 'b3871c12-634b-4d54-9faf-499b8686c688')
/
insert into KSEN_LUI_ATTR (OBJ_ID, ATTR_KEY, OWNER_ID, ATTR_VALUE, ID) values ('530eae85-3897-4f0c-89c8-8493037d9687', 'kuali.attribute.grade.roster.level.type.key', 'b3871c12-634b-4d54-9faf-499b8686c688', 'kuali.lui.type.activity.offering.lecture', '4512b708-b30d-46ac-8e7c-3708882bfc48')
/
insert into KSEN_LUI_ATTR (OBJ_ID, ATTR_KEY, OWNER_ID, ATTR_VALUE, ID) values ('7b97ced7-39bc-4db8-a72b-e5bd02db69d9', 'regCodePrefix', 'b3871c12-634b-4d54-9faf-499b8686c688', '1', '572a1d39-07cf-4ddd-88f3-263b739aa248')
/
insert into KSEN_LUI_ATTR (OBJ_ID, ATTR_KEY, OWNER_ID, ATTR_VALUE, ID) values ('cb190603-4754-49ff-8fed-fbc08d85ccae', 'kuali.attribute.final.exam.level.type', 'b3871c12-634b-4d54-9faf-499b8686c688', 'kuali.lu.type.activity.Lecture', '699f3a04-19e5-40bc-b441-1ea4dcfb7dc1')
/
insert into KSEN_LUI_IDENT (OBJ_ID, VER_NBR, CREATEID, CREATETIME, UPDATEID, UPDATETIME, LUI_CD, DIVISION, IDENT_LEVEL, LNG_NAME, LUI_ID, ORGID, SHRT_NAME, LUI_ID_STATE, SUFX_CD, LUI_ID_TYPE, VARTN, ID) values ('c446d0e8-e160-4b4b-bae0-10c331ead367', 0, 'admin', TIMESTAMP '2014-02-06 10:34:38.883', 'admin', TIMESTAMP '2014-02-06 10:34:38.883', '', '', '', 'Lecture Only', 'b3871c12-634b-4d54-9faf-499b8686c688', '', 'LEC', 'kuali.lui.identifier.state.active', '', 'kuali.lui.identifier.type.official', '', '85f391e0-a5dc-4ba0-b7b8-46d5f586bb42')
/
insert into KSEN_LUI_RELATED_LUI_TYPES (LUI_ID, RELATED_LUI_TYPE) values ('b3871c12-634b-4d54-9faf-499b8686c688', 'kuali.lui.type.activity.offering.lecture')
/
insert into KSEN_LUILUI_RELTN (OBJ_ID, VER_NBR, CREATEID, CREATETIME, UPDATEID, UPDATETIME, EFF_DT, EXPIR_DT, DESCR_FORMATTED, LUI_ID, LUILUI_RELTN_STATE, LUILUI_RELTN_TYPE, NAME, DESCR_PLAIN, RELATED_LUI_ID, ID) values ('0cc64802-6ece-4df0-b05d-cd959f5b9dea', 0, 'admin', TIMESTAMP '2014-02-06 10:34:38.883', 'admin', TIMESTAMP '2014-02-06 10:34:38.883', TIMESTAMP '2014-02-06 10:37:03.459', '', 'WMST326-CO-FO', '4fc45d81-e0ce-4025-bf95-73b8eb1d4469', 'kuali.lui.lui.relation.state.active', 'kuali.lui.lui.relation.type.deliveredvia.co2fo', 'co-fo-relation', 'WMST326-CO-FO', 'b3871c12-634b-4d54-9faf-499b8686c688', 'cad947ea-35b8-4e20-829f-b1b9d4cddc24')
/
insert into KSEN_LUI (OBJ_ID, VER_NBR, CREATEID, CREATETIME, UPDATEID, UPDATETIME, ATP_ID, CLU_ID, EFF_DT, EXPIR_DT, DESCR_FORMATTED, LUI_STATE, LUI_TYPE, MAX_SEATS, MIN_SEATS, NAME, DESCR_PLAIN, REF_URL, ID) values ('b025e0ff-8ba9-43c0-a71f-94400d44ae75', 0, 'admin', TIMESTAMP '2014-02-06 10:34:38.883', 'admin', TIMESTAMP '2014-02-06 10:34:38.883', 'kuali.atp.2014Winter', '90813efb-60bf-4b2d-90fd-1866376bbffa', '', '', 'Courses with lecture', 'kuali.lui.activity.offering.state.draft', 'kuali.lui.type.activity.offering.lecture', 75, 75, 'Lecture', 'Courses with lecture', null, '91542c71-413f-44d5-bc7e-eaa956e66526')
/
insert into KSEN_LUI_ATTR (OBJ_ID, ATTR_KEY, OWNER_ID, ATTR_VALUE, ID) values ('fbd86fbf-ac92-4a43-b3ae-ea1c126987aa', 'kuali.attribute.course.evaluation.indicator', '91542c71-413f-44d5-bc7e-eaa956e66526', 0, '6d8ea960-c8e2-4b4d-9401-9142ac8e52d6')
/
insert into KSEN_LUI_ATTR (OBJ_ID, ATTR_KEY, OWNER_ID, ATTR_VALUE, ID) values ('b58a2502-01cb-4d8c-bf0b-7a4b9a8643c3', 'kuali.attribute.nonstd.ts.indicator', '91542c71-413f-44d5-bc7e-eaa956e66526', 0, 'a86aa4ad-d51d-4218-a885-1fe60cf0dc8b')
/
insert into KSEN_LUI_ATTR (OBJ_ID, ATTR_KEY, OWNER_ID, ATTR_VALUE, ID) values ('5eb88aed-cedc-4b4b-b8e6-54679f70c963', 'kuali.attribute.max.enrollment.is.estimate', '91542c71-413f-44d5-bc7e-eaa956e66526', 0, '837939c3-1024-4937-b0b3-aa3ae000e3b8')
/
insert into KSEN_LUI_IDENT (OBJ_ID, VER_NBR, CREATEID, CREATETIME, UPDATEID, UPDATETIME, LUI_CD, DIVISION, IDENT_LEVEL, LNG_NAME, LUI_ID, ORGID, SHRT_NAME, LUI_ID_STATE, SUFX_CD, LUI_ID_TYPE, VARTN, ID) values ('2d95c1e5-4ef0-44c4-a6f7-f1dc19223ee7', 0, 'admin', TIMESTAMP '2014-02-06 10:34:38.883', 'admin', TIMESTAMP '2014-02-06 10:34:38.883', 'A', '', '', '', '91542c71-413f-44d5-bc7e-eaa956e66526', '', '', 'kuali.lui.identifier.state.active', '', 'kuali.lui.identifier.type.official', '', 'ef3c2437-7836-4e94-88b9-d3dd1cbf1c20')
/
insert into KSEN_LUI_LU_CD (OBJ_ID, VER_NBR, CREATEID, CREATETIME, UPDATEID, UPDATETIME, DESCR_FORMATTED, LUI_ID, DESCR_PLAIN, LUI_LUCD_TYPE, VALUE, ID) values ('1eef387b-3b11-4956-88d0-b9f65c918c1d', 0, 'admin', TIMESTAMP '2014-02-06 10:34:38.883', 'admin', TIMESTAMP '2014-02-06 10:34:38.883', '', '91542c71-413f-44d5-bc7e-eaa956e66526', '', 'kuali.lu.code.honorsOffering', 0, '1ac91e13-7845-4075-99e1-be43f4001848')
/
insert into KSEN_LPR (OBJ_ID, VER_NBR, CREATEID, CREATETIME, UPDATEID, UPDATETIME, ATP_ID, COMMIT_PERCT, CREDITS, EFF_DT, EXPIR_DT, GRADING_OPT_ID, LUI_ID, MASTER_LUI_ID, PERS_ID, LPR_STATE, LPR_TYPE, ID) values ('dfdbfe88-99f7-4979-9dfc-8288b45672ee', 0, 'admin', TIMESTAMP '2014-02-06 10:34:38.883', 'admin', TIMESTAMP '2014-02-06 10:34:38.883', '', '100.00', '', TIMESTAMP '2014-02-06 10:37:03.586', '', '', '91542c71-413f-44d5-bc7e-eaa956e66526', '', 'H.HONGYANZ', 'kuali.lpr.state.active', 'kuali.lpr.type.instructor.main', 'e7ba0473-f366-4527-acb4-2e2b6a3042ed')
/
insert into KSEN_LUILUI_RELTN (OBJ_ID, VER_NBR, CREATEID, CREATETIME, UPDATEID, UPDATETIME, EFF_DT, EXPIR_DT, DESCR_FORMATTED, LUI_ID, LUILUI_RELTN_STATE, LUILUI_RELTN_TYPE, NAME, DESCR_PLAIN, RELATED_LUI_ID, ID) values ('d0ffaced-db70-4cac-8114-1291876420c3', 0, 'admin', TIMESTAMP '2014-02-06 10:34:38.883', 'admin', TIMESTAMP '2014-02-06 10:34:38.883', TIMESTAMP '2014-02-06 10:37:03.633', '', 'WMST326-FO-AO', 'b3871c12-634b-4d54-9faf-499b8686c688', 'kuali.lui.lui.relation.state.active', 'kuali.lui.lui.relation.type.deliveredvia.fo2ao', 'fo-ao-relation', 'WMST326-FO-AO', '91542c71-413f-44d5-bc7e-eaa956e66526', '40817f43-7b23-4e78-b866-bafbacefc189')
/
insert into KSEN_SCHED_RQST_SET (OBJ_ID, VER_NBR, CREATEID, CREATETIME, UPDATEID, UPDATETIME, DESCR_FORMATTED, MAX_ENRL_SHARED_IND, MAX_ENRL, NAME, DESCR_PLAIN, REF_OBJECT_TYPE, SCHED_RQST_SET_STATE, SCHED_RQST_SET_TYPE, ID) values ('877c2229-e053-4a56-b996-2039a4d10398', 0, 'admin', TIMESTAMP '2014-02-06 10:34:38.883', 'admin', TIMESTAMP '2014-02-06 10:34:38.883', '', 0, '', 'Schedule request set for WMST326 - A', '', 'http://student.kuali.org/wsdl/courseOffering/ActivityOfferingInfo', 'kuali.scheduling.schedule.request.set.state.created', 'kuali.scheduling.schedule.request.set.type.schedule.request.set', '626513ac-a624-4d5d-abbf-e0583d221d75')
/
insert into KSEN_SCHED_RQST (OBJ_ID, VER_NBR, CREATEID, CREATETIME, UPDATEID, UPDATETIME, DESCR_FORMATTED, NAME, DESCR_PLAIN, SCHED_RQST_STATE, SCHED_RQST_TYPE, SCHED_ID, SCHED_RQST_SET_ID, ID) values ('e8d9d0f2-2d64-48bf-b324-9f695c959c35', 0, 'admin', TIMESTAMP '2014-02-06 10:34:38.883', 'admin', TIMESTAMP '2014-02-06 10:34:38.883', '', 'Schedule request for WMST326 - A', '', 'kuali.scheduling.schedule.request.state.created', 'kuali.scheduling.schedule.request.type.schedule.request', '', '626513ac-a624-4d5d-abbf-e0583d221d75', '15501a3f-9de2-4512-a380-72dda39bc4c9')
/
insert into KSEN_SCHED_RQST_CMP (OBJ_ID, TBA_IND, SCHED_RQST_ID, ID) values ('dad3b90c-f603-4fbf-9ae1-b6a262578b8a', 0, '15501a3f-9de2-4512-a380-72dda39bc4c9', '09fc1348-0b23-4e8c-af70-8555fbfd398b')
/
insert into KSEN_SCHED_REF_OBJECT (SCHED_RQST_SET_ID, REF_OBJECT_ID) values ('626513ac-a624-4d5d-abbf-e0583d221d75', '91542c71-413f-44d5-bc7e-eaa956e66526')
/
insert into KSEN_SCHED_RQST_CMP_BLDG (CMP_ID, BUILDING_ID) values ('09fc1348-0b23-4e8c-af70-8555fbfd398b', '89929ead-579b-4f51-bf64-2797f963848b')
/
insert into KSEN_SCHED_RQST_CMP_CAMPUS (CMP_ID, CAMPUS_ID) values ('09fc1348-0b23-4e8c-af70-8555fbfd398b', 'UMCP')
/
insert into KSEN_SCHED_RQST_CMP_ROOM (CMP_ID, ROOM_ID) values ('09fc1348-0b23-4e8c-af70-8555fbfd398b', 'b8e731ee-f0c0-4479-8413-1e0cc483071d')
/
insert into KSEN_SCHED_RQST_CMP_TMSLOT (CMP_ID, TM_SLOT_ID) values ('09fc1348-0b23-4e8c-af70-8555fbfd398b', '481A1B56-CD4F-465D-945D-61DA69EAB68D')
/
insert into KSEN_CO_SEAT_POOL_DEFN (OBJ_ID, VER_NBR, CREATEID, CREATETIME, UPDATEID, UPDATETIME, ACTIVITY_OFFERING_ID, EXPIR_MSTONE_TYPE, PERCENTAGE_IND, NAME, POPULATION_ID, PROCESSING_PRIORITY, SEAT_LIMIT, SEAT_POOL_DEFN_STATE, SEAT_POOL_DEFN_TYPE, ID) values ('068bc485-ac1f-45a3-b24e-c7ae211daec4', 1, 'admin', TIMESTAMP '2014-02-06 10:34:38.883', 'admin', TIMESTAMP '2014-02-06 10:34:38.883', '', 'kuali.atp.milestone.firstdayofclasses', 0, '300-level Senior Seatpool', '4160a52b-d353-4ab3-b72d-a3c2f9969783', 1, 5, 'kuali.lui.capacity.state.active', 'kuali.lui.capacity.type.seatpool', '7c397dfc-8ca6-478e-937f-80abbb06ece3')
/
insert into KSEN_CWL (OBJ_ID, VER_NBR, CREATEID, CREATETIME, UPDATEID, UPDATETIME, ALLOW_HOLD_UTIL_ENTRIES_IND, AUTO_PROCESSED_IND, CHECK_IN_REQ_IND, CONF_REQ_IND, EFF_DT, EXPIR_DT, MAX_SIZE, REG_IN_FIRST_AAO_IND, STD_DUR_TIME_QTY, STD_DUR_TYPE, CWL_STATE, CWL_TYPE, ID) values ('6c69b68f-648c-46f0-a3c7-2e3b2ea3751e', 0, 'admin', TIMESTAMP '2014-02-06 10:34:38.883', 'admin', TIMESTAMP '2014-02-06 10:34:38.883', 1, 1, 0, 1, TIMESTAMP '2013-01-02 00:00:00.0', '', '', 1, '', '', 'kuali.course.waitlist.state.active', 'kuali.course.waitlist.type.course.waitlist', 'ea052b65-2c43-41a1-965a-0eeb372463f3')
/
update KSEN_CO_SEAT_POOL_DEFN set OBJ_ID='068bc485-ac1f-45a3-b24e-c7ae211daec4', VER_NBR=2, UPDATEID='admin', UPDATETIME=TIMESTAMP '2014-02-06 10:34:38.883', ACTIVITY_OFFERING_ID='91542c71-413f-44d5-bc7e-eaa956e66526', EXPIR_MSTONE_TYPE='kuali.atp.milestone.firstdayofclasses', PERCENTAGE_IND=0, NAME='300-level Senior Seatpool', POPULATION_ID='4160a52b-d353-4ab3-b72d-a3c2f9969783', PROCESSING_PRIORITY=1, SEAT_LIMIT=5, SEAT_POOL_DEFN_STATE='kuali.lui.capacity.state.active', SEAT_POOL_DEFN_TYPE='kuali.lui.capacity.type.seatpool' where ID='7c397dfc-8ca6-478e-937f-80abbb06ece3' and VER_NBR=1
/
insert into KSEN_CWL_ACTIV_OFFER (CWL_ID, ACTIV_OFFER_ID) values ('ea052b65-2c43-41a1-965a-0eeb372463f3', '91542c71-413f-44d5-bc7e-eaa956e66526')
/
insert into KSEN_CWL_FORMAT_OFFER (CWL_ID, FORMAT_OFFER_ID) values ('ea052b65-2c43-41a1-965a-0eeb372463f3', 'b3871c12-634b-4d54-9faf-499b8686c688')
/
insert into KSEN_CO_AO_CLUSTER (OBJ_ID, VER_NBR, CREATEID, CREATETIME, UPDATEID, UPDATETIME, AO_CLUSTER_STATE, AO_CLUSTER_TYPE, DESCR_FORMATTED, DESCR_PLAIN, FORMAT_OFFERING_ID, NAME, PRIVATE_NAME, ID) values ('567caad2-5a6c-4fcf-9037-5777e1fe6d5a', 0, 'admin', TIMESTAMP '2014-02-06 10:34:38.883', 'admin', TIMESTAMP '2014-02-06 10:34:38.883', 'kuali.activity.offering.cluster.state.active', 'kuali.activity.offering.cluster.type.activity.offering.cluster', '', '', 'b3871c12-634b-4d54-9faf-499b8686c688', 'CL 1', 'CL 1', 'c9f23f5a-dc72-4448-9d53-93712cf76cf7')
/
insert into KSEN_CO_AO_CLUSTER_SET (OBJ_ID, ACTIVITY_OFFERING_TYPE, AO_CLUSTER_ID, ID) values ('8ed3d690-80bc-4604-b0c0-d005ac07a569', 'kuali.lui.type.activity.offering.lecture', 'c9f23f5a-dc72-4448-9d53-93712cf76cf7', 'cf04f8ed-2874-4e2e-8898-f9f142e0e6a1')
/
insert into KSEN_CO_AO_CLUSTER_SET_AO (AOC_SET_ID, ACTIVITY_OFFERING_ID) values ('cf04f8ed-2874-4e2e-8898-f9f142e0e6a1', '91542c71-413f-44d5-bc7e-eaa956e66526')
/
update KSEN_CO_AO_CLUSTER_SET set AO_CLUSTER_ID='c9f23f5a-dc72-4448-9d53-93712cf76cf7' where ID='cf04f8ed-2874-4e2e-8898-f9f142e0e6a1'
/
insert into KSEN_LUI (OBJ_ID, VER_NBR, CREATEID, CREATETIME, UPDATEID, UPDATETIME, ATP_ID, CLU_ID, EFF_DT, EXPIR_DT, DESCR_FORMATTED, LUI_STATE, LUI_TYPE, MAX_SEATS, MIN_SEATS, NAME, DESCR_PLAIN, REF_URL, ID) values ('4644ddd2-01d8-4cae-a713-7c67ddffe3c2', 0, 'admin', TIMESTAMP '2014-02-06 10:34:38.883', 'admin', TIMESTAMP '2014-02-06 10:34:38.883', 'kuali.atp.2014Winter', '365c3c5f-8422-4b70-8bd7-949a708229d8', '', '', '1001', 'kuali.lui.registration.group.state.pending', 'kuali.lui.type.registration.group', '', '', '1001', '1001', '', 'd559c79a-bd64-4644-a496-21d8b5a0a89e')
/
insert into KSEN_LUI_ATTR (OBJ_ID, ATTR_KEY, OWNER_ID, ATTR_VALUE, ID) values ('6334c412-b5b2-47f4-989b-62111a72752b', 'kuali.attribute.registration.group.is.generated', 'd559c79a-bd64-4644-a496-21d8b5a0a89e', 1, 'f4268354-2ada-44ba-ac68-6c970089aa11')
/
insert into KSEN_LUI_ATTR (OBJ_ID, ATTR_KEY, OWNER_ID, ATTR_VALUE, ID) values ('f811e428-055d-412b-8ba5-837b7aba6615', 'kuali.attribute.registration.group.aocluster.id', 'd559c79a-bd64-4644-a496-21d8b5a0a89e', 'c9f23f5a-dc72-4448-9d53-93712cf76cf7', 'd942b54e-045a-41fd-a0f5-e92bd7bdc22c')
/
insert into KSEN_LUI_IDENT (OBJ_ID, VER_NBR, CREATEID, CREATETIME, UPDATEID, UPDATETIME, LUI_CD, DIVISION, IDENT_LEVEL, LNG_NAME, LUI_ID, ORGID, SHRT_NAME, LUI_ID_STATE, SUFX_CD, LUI_ID_TYPE, VARTN, ID) values ('9e69c868-5f75-4fc7-9f0b-8af889d34174', 0, 'admin', TIMESTAMP '2014-02-06 10:34:38.883', 'admin', TIMESTAMP '2014-02-06 10:34:38.883', '', '', '', '', 'd559c79a-bd64-4644-a496-21d8b5a0a89e', '', '', 'kuali.lui.identifier.state.active', '', 'kuali.lui.identifier.type.official', '', '6873e3d6-7e04-4cc9-ac2f-51ffa2aa27c6')
/
insert into KSEN_LUILUI_RELTN (OBJ_ID, VER_NBR, CREATEID, CREATETIME, UPDATEID, UPDATETIME, EFF_DT, EXPIR_DT, DESCR_FORMATTED, LUI_ID, LUILUI_RELTN_STATE, LUILUI_RELTN_TYPE, NAME, DESCR_PLAIN, RELATED_LUI_ID, ID) values ('fe187fb2-f54a-49cc-b99b-f46e4caa1971', 0, 'admin', TIMESTAMP '2014-02-06 10:34:38.883', 'admin', TIMESTAMP '2014-02-06 10:34:38.883', TIMESTAMP '2014-02-06 10:37:04.25', '', 'WMST326-FO-RG', 'b3871c12-634b-4d54-9faf-499b8686c688', 'kuali.lui.lui.relation.state.active', 'kuali.lui.lui.relation.type.deliveredvia.fo2rg', 'fo-rg-relation', 'WMST326-FO-RG', 'd559c79a-bd64-4644-a496-21d8b5a0a89e', '0ba02672-8de6-4764-ba36-943d9d5466c3')
/
insert into KSEN_LUILUI_RELTN (OBJ_ID, VER_NBR, CREATEID, CREATETIME, UPDATEID, UPDATETIME, EFF_DT, EXPIR_DT, DESCR_FORMATTED, LUI_ID, LUILUI_RELTN_STATE, LUILUI_RELTN_TYPE, NAME, DESCR_PLAIN, RELATED_LUI_ID, ID) values ('6f78b418-4f82-4f9a-8abc-e16d289784c6', 0, 'admin', TIMESTAMP '2014-02-06 10:34:38.883', 'admin', TIMESTAMP '2014-02-06 10:34:38.883', TIMESTAMP '2014-02-06 10:37:04.279', '', 'WMST326-RG-AO', 'd559c79a-bd64-4644-a496-21d8b5a0a89e', 'kuali.lui.lui.relation.state.active', 'kuali.lui.lui.relation.type.registeredforvia.rg2ao', 'rg-ao-relation', 'WMST326-RG-AO', '91542c71-413f-44d5-bc7e-eaa956e66526', '11991c1c-26b1-4c11-b265-746a9a343ee6')
/
insert into KSEN_LUI (OBJ_ID, VER_NBR, CREATEID, CREATETIME, UPDATEID, UPDATETIME, ATP_ID, CLU_ID, EFF_DT, EXPIR_DT, DESCR_FORMATTED, LUI_STATE, LUI_TYPE, MAX_SEATS, MIN_SEATS, NAME, DESCR_PLAIN, REF_URL, ID) values ('3fff04ed-fbd9-4c3a-b0cd-f80e66889edf', 0, 'admin', TIMESTAMP '2014-02-06 10:34:38.883', 'admin', TIMESTAMP '2014-02-06 10:34:38.883', 'kuali.atp.2014Winter', 'd1c291df-38c6-4bb7-9c62-fec470897c8d', TIMESTAMP '2014-01-02 00:00:00.0', '', 'Workshops will cover all aspects of giving scientific presentations. Each student will give a presentation based oon the topic of his/her final paper in CHEM611. Presentations will be critiqued by peers and faculty members.', 'kuali.lui.course.offering.state.draft', 'kuali.lui.type.course.offering', '', '', 'CHEM612 CO', 'Workshops will cover all aspects of giving scientific presentations. Each student will give a presentation based oon the topic of his/her final paper in CHEM611. Presentations will be critiqued by peers and faculty members.', null, '270dd9a0-80ac-46ba-8a8a-3b281c3f702d')
/
insert into KSEN_LUI_ATTR (OBJ_ID, ATTR_KEY, OWNER_ID, ATTR_VALUE, ID) values ('11c8aa60-4228-4f9d-9dcf-517c42b0474e', 'kuali.attribute.course.evaluation.indicator', '270dd9a0-80ac-46ba-8a8a-3b281c3f702d', 0, '63fe32d3-b5f1-4fea-9b92-324082fe6ae0')
/
insert into KSEN_LUI_ATTR (OBJ_ID, ATTR_KEY, OWNER_ID, ATTR_VALUE, ID) values ('9d4e1903-8df1-4195-a644-fc05d2efbcf8', 'kuali.attribute.wait.list.indicator', '270dd9a0-80ac-46ba-8a8a-3b281c3f702d', 1, '91c56089-ef80-4afb-9c22-eae327a4153b')
/
insert into KSEN_LUI_ATTR (OBJ_ID, ATTR_KEY, OWNER_ID, ATTR_VALUE, ID) values ('002c7ef0-ddc8-4abe-9d47-37c29d661511', 'kuali.attribute.funding.source', '270dd9a0-80ac-46ba-8a8a-3b281c3f702d', '', '7ba64eb8-bb6a-4be6-b9c1-95b2ad7264ef')
/
insert into KSEN_LUI_ATTR (OBJ_ID, ATTR_KEY, OWNER_ID, ATTR_VALUE, ID) values ('56d67e54-64db-4e12-b2c6-15a49cf5be06', 'kuali.attribute.final.exam.use.matrix', '270dd9a0-80ac-46ba-8a8a-3b281c3f702d', 1, '79bce333-1127-4744-a4fb-e5532cf8e846')
/
insert into KSEN_LUI_ATTR (OBJ_ID, ATTR_KEY, OWNER_ID, ATTR_VALUE, ID) values ('51429b9b-4da1-45e6-8287-2cf1114e6f26', 'kuali.attribute.where.fees.attached.flag', '270dd9a0-80ac-46ba-8a8a-3b281c3f702d', 0, 'cf4fdac8-8a44-48f6-ab91-e3ffc2db1a2a')
/
insert into KSEN_LUI_ATTR (OBJ_ID, ATTR_KEY, OWNER_ID, ATTR_VALUE, ID) values ('406d4633-e376-40d5-9a3d-315b9f904841', 'kuali.attribute.wait.list.type.key', '270dd9a0-80ac-46ba-8a8a-3b281c3f702d', null, '4ae7b038-4f3b-4775-88b4-319e879fc449')
/
insert into KSEN_LUI_ATTR (OBJ_ID, ATTR_KEY, OWNER_ID, ATTR_VALUE, ID) values ('49926dff-de17-48cd-9b21-cd62f46d95ab', 'kuali.attribute.final.exam.indicator', '270dd9a0-80ac-46ba-8a8a-3b281c3f702d', 'STANDARD', '157d3c20-e98e-4598-9b15-4a72d638e9e7')
/
insert into KSEN_LUI_ATTR (OBJ_ID, ATTR_KEY, OWNER_ID, ATTR_VALUE, ID) values ('2c4cf034-f8fb-4957-90b8-7056a3818a1c', 'kuali.attribute.final.exam.driver', '270dd9a0-80ac-46ba-8a8a-3b281c3f702d', 'kuali.lu.exam.driver.ActivityOffering', 'a492e22e-9258-4465-b64c-f7cfada91108')
/
insert into KSEN_LUI_ATTR (OBJ_ID, ATTR_KEY, OWNER_ID, ATTR_VALUE, ID) values ('d16b8e32-c19b-41dd-a043-096dacb857f5', 'kuali.attribute.wait.list.level.type.key', '270dd9a0-80ac-46ba-8a8a-3b281c3f702d', 'AO', '8a99113e-9ae1-48e7-820d-34832e73516e')
/
insert into KSEN_LUI_ATTR (OBJ_ID, ATTR_KEY, OWNER_ID, ATTR_VALUE, ID) values ('2a22f9f2-a5d1-400c-b34f-74ad26046947', 'kuali.attribute.course.number.internal.suffix', '270dd9a0-80ac-46ba-8a8a-3b281c3f702d', 'A', '94a211c2-cdc6-476c-93b4-7030ab6d8941')
/
insert into KSEN_LUI_IDENT (OBJ_ID, VER_NBR, CREATEID, CREATETIME, UPDATEID, UPDATETIME, LUI_CD, DIVISION, IDENT_LEVEL, LNG_NAME, LUI_ID, ORGID, SHRT_NAME, LUI_ID_STATE, SUFX_CD, LUI_ID_TYPE, VARTN, ID) values ('ac3a2f8c-2521-4928-ac65-104cf136204c', 0, 'admin', TIMESTAMP '2014-02-06 10:34:38.883', 'admin', TIMESTAMP '2014-02-06 10:34:38.883', 'CHEM612', 'CHEM', '', 'Scientific Presentations', '270dd9a0-80ac-46ba-8a8a-3b281c3f702d', '', '', 'kuali.lui.identifier.state.active', '', 'kuali.lui.identifier.type.official', '', '9d40a961-8919-4a8f-8280-8439368b39d1')
/
insert into KSEN_LUI_LU_CD (OBJ_ID, VER_NBR, CREATEID, CREATETIME, UPDATEID, UPDATETIME, DESCR_FORMATTED, LUI_ID, DESCR_PLAIN, LUI_LUCD_TYPE, VALUE, ID) values ('b44da693-a207-4202-85b1-3ef9c2509c62', 0, 'admin', TIMESTAMP '2014-02-06 10:34:38.883', 'admin', TIMESTAMP '2014-02-06 10:34:38.883', '', '270dd9a0-80ac-46ba-8a8a-3b281c3f702d', '', 'kuali.lu.code.honorsOffering', '', 'b47145ef-df82-4a6f-a6f3-8053ea6a1106')
/
insert into KSEN_LUI_UNITS_DEPLOYMENT (LUI_ID, ORG_ID, ID) values ('270dd9a0-80ac-46ba-8a8a-3b281c3f702d', '4284516367', '1ea9415b-d282-43e2-8951-86ee65ecedaf')
/
insert into KSEN_LUI_UNITS_CONT_OWNER (LUI_ID, ORG_ID) values ('270dd9a0-80ac-46ba-8a8a-3b281c3f702d', '4284516367')
/
insert into KSEN_LUI_RESULT_VAL_GRP (LUI_ID, RESULT_VAL_GRP_ID) values ('270dd9a0-80ac-46ba-8a8a-3b281c3f702d', 'kuali.resultComponent.grade.satisfactory')
/
insert into KSEN_LUI_RESULT_VAL_GRP (LUI_ID, RESULT_VAL_GRP_ID) values ('270dd9a0-80ac-46ba-8a8a-3b281c3f702d', 'kuali.creditType.credit.degree.1.0')
/
insert into KSEN_LUI (OBJ_ID, VER_NBR, CREATEID, CREATETIME, UPDATEID, UPDATETIME, ATP_ID, CLU_ID, EFF_DT, EXPIR_DT, DESCR_FORMATTED, LUI_STATE, LUI_TYPE, MAX_SEATS, MIN_SEATS, NAME, DESCR_PLAIN, REF_URL, ID) values ('ee1ff32b-8dfa-460a-91c5-be4017dd94cb', 0, 'admin', TIMESTAMP '2014-02-06 10:34:38.883', 'admin', TIMESTAMP '2014-02-06 10:34:38.883', 'kuali.atp.2014Winter', '76f029e8-5b80-46ae-b984-6e770aa6ff6a', '', '', 'Courses with Lecture only', 'kuali.lui.format.offering.state.draft', 'kuali.lui.type.course.format.offering', '', '', 'Lecture Only', 'Courses with Lecture only', '', 'ad017599-f434-4ffe-854a-0d5beac74d63')
/
insert into KSEN_LUI_ATTR (OBJ_ID, ATTR_KEY, OWNER_ID, ATTR_VALUE, ID) values ('728f0a04-09ac-4ae7-a35b-8d13a83d4f15', 'kuali.attribute.final.exam.level.type', 'ad017599-f434-4ffe-854a-0d5beac74d63', 'kuali.lu.type.activity.Lecture', '2c42afc5-a3c0-479c-b488-c7a742db2a84')
/
insert into KSEN_LUI_ATTR (OBJ_ID, ATTR_KEY, OWNER_ID, ATTR_VALUE, ID) values ('318a4dbc-6ec6-4dc5-ab55-9afa221cafdf', 'regCodePrefix', 'ad017599-f434-4ffe-854a-0d5beac74d63', '1', 'a40fc87a-d727-4434-a71e-68f50f3c397d')
/
insert into KSEN_LUI_ATTR (OBJ_ID, ATTR_KEY, OWNER_ID, ATTR_VALUE, ID) values ('c59c3295-c8eb-4aa8-b745-aecf6ab07654', 'kuali.attribute.grade.roster.level.type.key', 'ad017599-f434-4ffe-854a-0d5beac74d63', 'kuali.lui.type.activity.offering.lecture', '2ea402e9-3aa5-434b-a3fd-00c962b37134')
/
insert into KSEN_LUI_IDENT (OBJ_ID, VER_NBR, CREATEID, CREATETIME, UPDATEID, UPDATETIME, LUI_CD, DIVISION, IDENT_LEVEL, LNG_NAME, LUI_ID, ORGID, SHRT_NAME, LUI_ID_STATE, SUFX_CD, LUI_ID_TYPE, VARTN, ID) values ('634aaed8-172a-47a3-927a-220fd9b46900', 0, 'admin', TIMESTAMP '2014-02-06 10:34:38.883', 'admin', TIMESTAMP '2014-02-06 10:34:38.883', '', '', '', 'Lecture Only', 'ad017599-f434-4ffe-854a-0d5beac74d63', '', 'LEC', 'kuali.lui.identifier.state.active', '', 'kuali.lui.identifier.type.official', '', '5ee96bab-c35f-4850-8f2f-045dd45d5f8b')
/
insert into KSEN_LUI_RELATED_LUI_TYPES (LUI_ID, RELATED_LUI_TYPE) values ('ad017599-f434-4ffe-854a-0d5beac74d63', 'kuali.lui.type.activity.offering.lecture')
/
insert into KSEN_LUILUI_RELTN (OBJ_ID, VER_NBR, CREATEID, CREATETIME, UPDATEID, UPDATETIME, EFF_DT, EXPIR_DT, DESCR_FORMATTED, LUI_ID, LUILUI_RELTN_STATE, LUILUI_RELTN_TYPE, NAME, DESCR_PLAIN, RELATED_LUI_ID, ID) values ('ea1a3032-7e35-49e1-9ffc-cadddc619fc6', 0, 'admin', TIMESTAMP '2014-02-06 10:34:38.883', 'admin', TIMESTAMP '2014-02-06 10:34:38.883', TIMESTAMP '2014-02-06 10:37:10.375', '', 'CHEM612-CO-FO', '270dd9a0-80ac-46ba-8a8a-3b281c3f702d', 'kuali.lui.lui.relation.state.active', 'kuali.lui.lui.relation.type.deliveredvia.co2fo', 'co-fo-relation', 'CHEM612-CO-FO', 'ad017599-f434-4ffe-854a-0d5beac74d63', '3f7a4be4-27f7-40be-beeb-98d4ab0fbea3')
/
insert into KSEN_LUI (OBJ_ID, VER_NBR, CREATEID, CREATETIME, UPDATEID, UPDATETIME, ATP_ID, CLU_ID, EFF_DT, EXPIR_DT, DESCR_FORMATTED, LUI_STATE, LUI_TYPE, MAX_SEATS, MIN_SEATS, NAME, DESCR_PLAIN, REF_URL, ID) values ('0be570c1-7f81-4257-8bc0-af935dfbe4df', 0, 'admin', TIMESTAMP '2014-02-06 10:34:38.883', 'admin', TIMESTAMP '2014-02-06 10:34:38.883', 'kuali.atp.2014Winter', 'ee17574c-1834-4c17-bf27-85d0da160d61', '', '', 'Courses with lecture', 'kuali.lui.activity.offering.state.draft', 'kuali.lui.type.activity.offering.lecture', 40, 40, 'Lecture', 'Courses with lecture', null, '1e78345e-9baf-4f20-b22a-3acb9ef0debc')
/
insert into KSEN_LUI_ATTR (OBJ_ID, ATTR_KEY, OWNER_ID, ATTR_VALUE, ID) values ('cfe34b67-f67c-467c-85b4-64e943b1707b', 'kuali.attribute.course.evaluation.indicator', '1e78345e-9baf-4f20-b22a-3acb9ef0debc', 0, 'e463d563-af97-4718-a531-54c67cf79bf2')
/
insert into KSEN_LUI_ATTR (OBJ_ID, ATTR_KEY, OWNER_ID, ATTR_VALUE, ID) values ('fb726716-ca6a-4e52-b293-342451a052e2', 'kuali.attribute.nonstd.ts.indicator', '1e78345e-9baf-4f20-b22a-3acb9ef0debc', 0, 'a4437727-d7b8-45a7-897d-990999ec3483')
/
insert into KSEN_LUI_ATTR (OBJ_ID, ATTR_KEY, OWNER_ID, ATTR_VALUE, ID) values ('8c3cdb4b-91b2-4f7c-90a8-03a6e68f9a28', 'kuali.attribute.max.enrollment.is.estimate', '1e78345e-9baf-4f20-b22a-3acb9ef0debc', 0, 'efd99619-5528-47c0-8391-52eca51269ef')
/
insert into KSEN_LUI_IDENT (OBJ_ID, VER_NBR, CREATEID, CREATETIME, UPDATEID, UPDATETIME, LUI_CD, DIVISION, IDENT_LEVEL, LNG_NAME, LUI_ID, ORGID, SHRT_NAME, LUI_ID_STATE, SUFX_CD, LUI_ID_TYPE, VARTN, ID) values ('0bfcf09f-ba61-4539-85a9-0a2f191e746d', 0, 'admin', TIMESTAMP '2014-02-06 10:34:38.883', 'admin', TIMESTAMP '2014-02-06 10:34:38.883', 'A', '', '', '', '1e78345e-9baf-4f20-b22a-3acb9ef0debc', '', '', 'kuali.lui.identifier.state.active', '', 'kuali.lui.identifier.type.official', '', '762dc38f-a8dd-4a99-9212-f3bab5b0ae68')
/
insert into KSEN_LUI_LU_CD (OBJ_ID, VER_NBR, CREATEID, CREATETIME, UPDATEID, UPDATETIME, DESCR_FORMATTED, LUI_ID, DESCR_PLAIN, LUI_LUCD_TYPE, VALUE, ID) values ('df8a5005-023f-464a-9b76-b06947f0496c', 0, 'admin', TIMESTAMP '2014-02-06 10:34:38.883', 'admin', TIMESTAMP '2014-02-06 10:34:38.883', '', '1e78345e-9baf-4f20-b22a-3acb9ef0debc', '', 'kuali.lu.code.honorsOffering', 0, '84a32339-6779-4832-9b1a-40127e0523c8')
/
insert into KSEN_LPR (OBJ_ID, VER_NBR, CREATEID, CREATETIME, UPDATEID, UPDATETIME, ATP_ID, COMMIT_PERCT, CREDITS, EFF_DT, EXPIR_DT, GRADING_OPT_ID, LUI_ID, MASTER_LUI_ID, PERS_ID, LPR_STATE, LPR_TYPE, ID) values ('4014c95e-729e-484a-87cb-ff733b87db01', 0, 'admin', TIMESTAMP '2014-02-06 10:34:38.883', 'admin', TIMESTAMP '2014-02-06 10:34:38.883', '', '100.00', '', TIMESTAMP '2014-02-06 10:37:11.146', '', '', '1e78345e-9baf-4f20-b22a-3acb9ef0debc', '', 'B.JAMESJ', 'kuali.lpr.state.active', 'kuali.lpr.type.instructor.main', '4f71525f-4660-43e4-9437-95110f44cf08')
/
insert into KSEN_LUILUI_RELTN (OBJ_ID, VER_NBR, CREATEID, CREATETIME, UPDATEID, UPDATETIME, EFF_DT, EXPIR_DT, DESCR_FORMATTED, LUI_ID, LUILUI_RELTN_STATE, LUILUI_RELTN_TYPE, NAME, DESCR_PLAIN, RELATED_LUI_ID, ID) values ('062c30ed-5c03-4652-8fab-f6749caf696c', 0, 'admin', TIMESTAMP '2014-02-06 10:34:38.883', 'admin', TIMESTAMP '2014-02-06 10:34:38.883', TIMESTAMP '2014-02-06 10:37:11.235', '', 'CHEM612-FO-AO', 'ad017599-f434-4ffe-854a-0d5beac74d63', 'kuali.lui.lui.relation.state.active', 'kuali.lui.lui.relation.type.deliveredvia.fo2ao', 'fo-ao-relation', 'CHEM612-FO-AO', '1e78345e-9baf-4f20-b22a-3acb9ef0debc', 'f6373c16-5b8b-4a0a-8f4c-402a342d5ca9')
/
insert into KSEN_SCHED_RQST_SET (OBJ_ID, VER_NBR, CREATEID, CREATETIME, UPDATEID, UPDATETIME, DESCR_FORMATTED, MAX_ENRL_SHARED_IND, MAX_ENRL, NAME, DESCR_PLAIN, REF_OBJECT_TYPE, SCHED_RQST_SET_STATE, SCHED_RQST_SET_TYPE, ID) values ('905a52e7-659c-4b68-8972-98193198f135', 0, 'admin', TIMESTAMP '2014-02-06 10:34:38.883', 'admin', TIMESTAMP '2014-02-06 10:34:38.883', '', 0, '', 'Schedule request set for CHEM612 - A', '', 'http://student.kuali.org/wsdl/courseOffering/ActivityOfferingInfo', 'kuali.scheduling.schedule.request.set.state.created', 'kuali.scheduling.schedule.request.set.type.schedule.request.set', 'a245677b-e24b-4035-8f2e-1edb22173871')
/
insert into KSEN_SCHED_RQST (OBJ_ID, VER_NBR, CREATEID, CREATETIME, UPDATEID, UPDATETIME, DESCR_FORMATTED, NAME, DESCR_PLAIN, SCHED_RQST_STATE, SCHED_RQST_TYPE, SCHED_ID, SCHED_RQST_SET_ID, ID) values ('1ce57bab-2129-4a06-9b09-e7d0b381c548', 0, 'admin', TIMESTAMP '2014-02-06 10:34:38.883', 'admin', TIMESTAMP '2014-02-06 10:34:38.883', '', 'Schedule request for CHEM612 - A', '', 'kuali.scheduling.schedule.request.state.created', 'kuali.scheduling.schedule.request.type.schedule.request', '', 'a245677b-e24b-4035-8f2e-1edb22173871', 'f38edbf7-bcff-427d-ac6a-5df6c37383a1')
/
insert into KSEN_SCHED_RQST_CMP (OBJ_ID, TBA_IND, SCHED_RQST_ID, ID) values ('c9a22bf3-6553-47cb-af96-0dc1c47c5a19', 0, 'f38edbf7-bcff-427d-ac6a-5df6c37383a1', 'ef41853d-6c56-426b-a54b-116da1a8ca80')
/
insert into KSEN_SCHED_REF_OBJECT (SCHED_RQST_SET_ID, REF_OBJECT_ID) values ('a245677b-e24b-4035-8f2e-1edb22173871', '1e78345e-9baf-4f20-b22a-3acb9ef0debc')
/
insert into KSEN_SCHED_RQST_CMP_BLDG (CMP_ID, BUILDING_ID) values ('ef41853d-6c56-426b-a54b-116da1a8ca80', '6f2e8f26-95bc-4bb1-a3d0-3206324cad4a')
/
insert into KSEN_SCHED_RQST_CMP_CAMPUS (CMP_ID, CAMPUS_ID) values ('ef41853d-6c56-426b-a54b-116da1a8ca80', 'UMCP')
/
insert into KSEN_SCHED_RQST_CMP_ROOM (CMP_ID, ROOM_ID) values ('ef41853d-6c56-426b-a54b-116da1a8ca80', '2246d609-9fbb-4d06-b45e-a57ef80539b7')
/
insert into KSEN_SCHED_RQST_CMP_TMSLOT (CMP_ID, TM_SLOT_ID) values ('ef41853d-6c56-426b-a54b-116da1a8ca80', '86A05DB6-74F4-4DD1-911C-81FE9C88B7B9')
/
insert into KSEN_CWL (OBJ_ID, VER_NBR, CREATEID, CREATETIME, UPDATEID, UPDATETIME, ALLOW_HOLD_UTIL_ENTRIES_IND, AUTO_PROCESSED_IND, CHECK_IN_REQ_IND, CONF_REQ_IND, EFF_DT, EXPIR_DT, MAX_SIZE, REG_IN_FIRST_AAO_IND, STD_DUR_TIME_QTY, STD_DUR_TYPE, CWL_STATE, CWL_TYPE, ID) values ('b8edc6ca-f237-4525-aec8-01d7b5c664b7', 0, 'admin', TIMESTAMP '2014-02-06 10:34:38.883', 'admin', TIMESTAMP '2014-02-06 10:34:38.883', 1, 1, 0, 1, TIMESTAMP '2013-01-02 00:00:00.0', '', '', 1, '', '', 'kuali.course.waitlist.state.active', 'kuali.course.waitlist.type.course.waitlist', '6f727e1d-5112-4b6a-ae08-37df97594071')
/
insert into KSEN_CWL_ACTIV_OFFER (CWL_ID, ACTIV_OFFER_ID) values ('6f727e1d-5112-4b6a-ae08-37df97594071', '1e78345e-9baf-4f20-b22a-3acb9ef0debc')
/
insert into KSEN_CWL_FORMAT_OFFER (CWL_ID, FORMAT_OFFER_ID) values ('6f727e1d-5112-4b6a-ae08-37df97594071', 'ad017599-f434-4ffe-854a-0d5beac74d63')
/
insert into KSEN_CO_AO_CLUSTER (OBJ_ID, VER_NBR, CREATEID, CREATETIME, UPDATEID, UPDATETIME, AO_CLUSTER_STATE, AO_CLUSTER_TYPE, DESCR_FORMATTED, DESCR_PLAIN, FORMAT_OFFERING_ID, NAME, PRIVATE_NAME, ID) values ('653da00f-b2c3-49f6-8fe9-f7e57303af6e', 0, 'admin', TIMESTAMP '2014-02-06 10:34:38.883', 'admin', TIMESTAMP '2014-02-06 10:34:38.883', 'kuali.activity.offering.cluster.state.active', 'kuali.activity.offering.cluster.type.activity.offering.cluster', '', '', 'ad017599-f434-4ffe-854a-0d5beac74d63', 'CL 1', 'CL 1', '473d9adb-cedc-47c5-bef2-70e56e955bf2')
/
insert into KSEN_CO_AO_CLUSTER_SET (OBJ_ID, ACTIVITY_OFFERING_TYPE, AO_CLUSTER_ID, ID) values ('339cf219-8c68-4466-9921-0351a329822a', 'kuali.lui.type.activity.offering.lecture', '473d9adb-cedc-47c5-bef2-70e56e955bf2', 'a1dddeb2-a1e9-48c2-adb8-5f64b54eb3f1')
/
insert into KSEN_CO_AO_CLUSTER_SET_AO (AOC_SET_ID, ACTIVITY_OFFERING_ID) values ('a1dddeb2-a1e9-48c2-adb8-5f64b54eb3f1', '1e78345e-9baf-4f20-b22a-3acb9ef0debc')
/
update KSEN_CO_AO_CLUSTER_SET set AO_CLUSTER_ID='473d9adb-cedc-47c5-bef2-70e56e955bf2' where ID='a1dddeb2-a1e9-48c2-adb8-5f64b54eb3f1'
/
insert into KSEN_LUI (OBJ_ID, VER_NBR, CREATEID, CREATETIME, UPDATEID, UPDATETIME, ATP_ID, CLU_ID, EFF_DT, EXPIR_DT, DESCR_FORMATTED, LUI_STATE, LUI_TYPE, MAX_SEATS, MIN_SEATS, NAME, DESCR_PLAIN, REF_URL, ID) values ('6a3c9956-66b6-4654-87c4-39d8cd645b1d', 0, 'admin', TIMESTAMP '2014-02-06 10:34:38.883', 'admin', TIMESTAMP '2014-02-06 10:34:38.883', 'kuali.atp.2014Winter', '76f029e8-5b80-46ae-b984-6e770aa6ff6a', '', '', '1001', 'kuali.lui.registration.group.state.pending', 'kuali.lui.type.registration.group', '', '', '1001', '1001', '', '9810610a-99bf-4c61-8d6a-ccce5e5f989c')
/
insert into KSEN_LUI_ATTR (OBJ_ID, ATTR_KEY, OWNER_ID, ATTR_VALUE, ID) values ('58d4dc1e-4911-495e-b4a7-9c7a78a9aaf5', 'kuali.attribute.registration.group.aocluster.id', '9810610a-99bf-4c61-8d6a-ccce5e5f989c', '473d9adb-cedc-47c5-bef2-70e56e955bf2', '730043c0-1e00-46bd-a353-a0879628ce9d')
/
insert into KSEN_LUI_ATTR (OBJ_ID, ATTR_KEY, OWNER_ID, ATTR_VALUE, ID) values ('8ee36015-f607-4a96-9934-a191052c8bfc', 'kuali.attribute.registration.group.is.generated', '9810610a-99bf-4c61-8d6a-ccce5e5f989c', 1, '11619fa1-611b-4c8a-8725-80a2d7b08d0d')
/
insert into KSEN_LUI_IDENT (OBJ_ID, VER_NBR, CREATEID, CREATETIME, UPDATEID, UPDATETIME, LUI_CD, DIVISION, IDENT_LEVEL, LNG_NAME, LUI_ID, ORGID, SHRT_NAME, LUI_ID_STATE, SUFX_CD, LUI_ID_TYPE, VARTN, ID) values ('a2f896c1-4b2d-42b6-a6b9-0d1a3dadda38', 0, 'admin', TIMESTAMP '2014-02-06 10:34:38.883', 'admin', TIMESTAMP '2014-02-06 10:34:38.883', '', '', '', '', '9810610a-99bf-4c61-8d6a-ccce5e5f989c', '', '', 'kuali.lui.identifier.state.active', '', 'kuali.lui.identifier.type.official', '', '555e7a69-9d62-4727-a0b4-7f0f38ba7126')
/
insert into KSEN_LUILUI_RELTN (OBJ_ID, VER_NBR, CREATEID, CREATETIME, UPDATEID, UPDATETIME, EFF_DT, EXPIR_DT, DESCR_FORMATTED, LUI_ID, LUILUI_RELTN_STATE, LUILUI_RELTN_TYPE, NAME, DESCR_PLAIN, RELATED_LUI_ID, ID) values ('de7ee401-c57d-4955-bdc3-5f04ba3a914f', 0, 'admin', TIMESTAMP '2014-02-06 10:34:38.883', 'admin', TIMESTAMP '2014-02-06 10:34:38.883', TIMESTAMP '2014-02-06 10:37:13.666', '', 'CHEM612-FO-RG', 'ad017599-f434-4ffe-854a-0d5beac74d63', 'kuali.lui.lui.relation.state.active', 'kuali.lui.lui.relation.type.deliveredvia.fo2rg', 'fo-rg-relation', 'CHEM612-FO-RG', '9810610a-99bf-4c61-8d6a-ccce5e5f989c', '82d33909-b6ac-4e99-b6e7-cae57360a700')
/
insert into KSEN_LUILUI_RELTN (OBJ_ID, VER_NBR, CREATEID, CREATETIME, UPDATEID, UPDATETIME, EFF_DT, EXPIR_DT, DESCR_FORMATTED, LUI_ID, LUILUI_RELTN_STATE, LUILUI_RELTN_TYPE, NAME, DESCR_PLAIN, RELATED_LUI_ID, ID) values ('f3bbd2eb-783e-44b1-97b2-aa58e582fe64', 0, 'admin', TIMESTAMP '2014-02-06 10:34:38.883', 'admin', TIMESTAMP '2014-02-06 10:34:38.883', TIMESTAMP '2014-02-06 10:37:13.678', '', 'CHEM612-RG-AO', '9810610a-99bf-4c61-8d6a-ccce5e5f989c', 'kuali.lui.lui.relation.state.active', 'kuali.lui.lui.relation.type.registeredforvia.rg2ao', 'rg-ao-relation', 'CHEM612-RG-AO', '1e78345e-9baf-4f20-b22a-3acb9ef0debc', 'a43ea4b0-5b5a-48e7-8374-66f4b4514ad1')
/
update KSEN_SOC_ROR set OBJ_ID='6e2a25c1-aaf9-456e-ad2f-aaedbf1d08ae', VER_NBR=6, UPDATEID='admin', UPDATETIME=TIMESTAMP '2014-02-06 10:34:38.883', ITEMS_EXPECTED=48, ITEMS_PROCESSED=40, MESG_FORMATTED='', MESG_PLAIN='', SOC_ROR_STATE='kuali.soc.rollover.state.running', SOC_ROR_TYPE='kuali.soc.rollover.results.type.rollover', SOURCE_SOC_ID='03192a24-765a-4b9d-b638-5158430e09c8', TARGET_SOC_ID='59BBF768-1CB7-4C50-93AD-C6D92D6DC7A0', TARGET_TERM_ID='kuali.atp.2014Winter' where ID='66f7714b-77e9-4b8b-9783-90ab342086e0' and VER_NBR=5
/
update KSEN_SOC_ROR_ATTR set OBJ_ID='a2e9d4d4-b8ca-4775-ab84-2ad469abf8d2', ATTR_KEY='kuali.soc.rollover.result.dynattr.date.completed', OWNER_ID='66f7714b-77e9-4b8b-9783-90ab342086e0', ATTR_VALUE='2014 Feb 6 10:37:13 America/New_York' where ID='57c0a482-b718-48db-9a9d-16886eb8fbfe'
/
insert into KSEN_SOC_ROR_ITEM (OBJ_ID, VER_NBR, CREATEID, CREATETIME, UPDATEID, UPDATETIME, MESG_FORMATTED, MESG_PLAIN, ROR_ID, SOC_ROR_STATE, SOC_ROR_TYPE, SOURCE_CO_ID, TARGET_CO_ID, ID) values ('e5097935-264c-4530-b6a4-c0e2643e72e8', 0, 'admin', TIMESTAMP '2014-02-06 10:34:38.883', 'admin', TIMESTAMP '2014-02-06 10:34:38.883', '', '', '66f7714b-77e9-4b8b-9783-90ab342086e0', 'kuali.soc.rollover.result.item.state.processed.created', 'kuali.soc.rollover.result.item.type.create', 'a3051367-d387-4e58-92cd-6409dd8b83ab', '05508b3d-3fdc-4763-a6a0-e1c1ba0f91d3', '1389d012-c679-4d9f-9e53-c27f55a38334')
/
insert into KSEN_SOC_ROR_ITEM_ATTR (OBJ_ID, ATTR_KEY, OWNER_ID, ATTR_VALUE, ID) values ('fa170853-5cb6-4a11-95ce-aa1e2a805ad4', 'activityOfferingsCreated', '1389d012-c679-4d9f-9e53-c27f55a38334', '1', '3041d4ad-f178-470e-842d-af5bc21cdd76')
/
insert into KSEN_SOC_ROR_ITEM (OBJ_ID, VER_NBR, CREATEID, CREATETIME, UPDATEID, UPDATETIME, MESG_FORMATTED, MESG_PLAIN, ROR_ID, SOC_ROR_STATE, SOC_ROR_TYPE, SOURCE_CO_ID, TARGET_CO_ID, ID) values ('3a0a14b9-289d-4282-a346-50f053700819', 0, 'admin', TIMESTAMP '2014-02-06 10:34:38.883', 'admin', TIMESTAMP '2014-02-06 10:34:38.883', '', '', '66f7714b-77e9-4b8b-9783-90ab342086e0', 'kuali.soc.rollover.result.item.state.processed.created', 'kuali.soc.rollover.result.item.type.create', 'aa2a3f73-98d9-4131-9a3d-df5663792212', '780d9c3d-7e32-45b1-a936-1791a1ab87b8', '26dcf4ff-cecd-4d78-ade1-4073527debf7')
/
insert into KSEN_SOC_ROR_ITEM_ATTR (OBJ_ID, ATTR_KEY, OWNER_ID, ATTR_VALUE, ID) values ('8879be59-b4f9-43c4-bc6e-808af9f33b3d', 'activityOfferingsCreated', '26dcf4ff-cecd-4d78-ade1-4073527debf7', '1', '663a3e36-e0e1-4d69-9b64-50c002e434b5')
/
insert into KSEN_SOC_ROR_ITEM (OBJ_ID, VER_NBR, CREATEID, CREATETIME, UPDATEID, UPDATETIME, MESG_FORMATTED, MESG_PLAIN, ROR_ID, SOC_ROR_STATE, SOC_ROR_TYPE, SOURCE_CO_ID, TARGET_CO_ID, ID) values ('848d68f9-baa1-4e9d-ab0b-e5e7906aabf6', 0, 'admin', TIMESTAMP '2014-02-06 10:34:38.883', 'admin', TIMESTAMP '2014-02-06 10:34:38.883', 'Skipped because there is a new version of the canonical course', 'Skipped because there is a new version of the canonical course', '66f7714b-77e9-4b8b-9783-90ab342086e0', 'kuali.soc.rollover.result.item.state.error', 'kuali.soc.rollover.result.item.type.create', 'a832e862-04bc-4924-8789-ffb5be5242f5', '', '782e0305-48da-4989-bada-886eed29d8ff')
/
insert into KSEN_SOC_ROR_ITEM (OBJ_ID, VER_NBR, CREATEID, CREATETIME, UPDATEID, UPDATETIME, MESG_FORMATTED, MESG_PLAIN, ROR_ID, SOC_ROR_STATE, SOC_ROR_TYPE, SOURCE_CO_ID, TARGET_CO_ID, ID) values ('dcdb1514-2c74-42b1-b226-337fd6252e6f', 0, 'admin', TIMESTAMP '2014-02-06 10:34:38.883', 'admin', TIMESTAMP '2014-02-06 10:34:38.883', 'Skipped because there is a new version of the canonical course', 'Skipped because there is a new version of the canonical course', '66f7714b-77e9-4b8b-9783-90ab342086e0', 'kuali.soc.rollover.result.item.state.error', 'kuali.soc.rollover.result.item.type.create', 'b2123e45-d226-4b55-9779-8b1666d2eb58', '', '794f085b-1985-47e0-b1e9-71d97c05dfc6')
/
insert into KSEN_SOC_ROR_ITEM (OBJ_ID, VER_NBR, CREATEID, CREATETIME, UPDATEID, UPDATETIME, MESG_FORMATTED, MESG_PLAIN, ROR_ID, SOC_ROR_STATE, SOC_ROR_TYPE, SOURCE_CO_ID, TARGET_CO_ID, ID) values ('db13b04d-8eae-4136-ba7b-230797665245', 0, 'admin', TIMESTAMP '2014-02-06 10:34:38.883', 'admin', TIMESTAMP '2014-02-06 10:34:38.883', 'Skipped because there is a new version of the canonical course', 'Skipped because there is a new version of the canonical course', '66f7714b-77e9-4b8b-9783-90ab342086e0', 'kuali.soc.rollover.result.item.state.error', 'kuali.soc.rollover.result.item.type.create', 'b2610a4f-953d-48e7-9aa3-7415dd032e73', '', 'fef86450-0219-4c8f-ac0a-b387ae6ab05d')
/
insert into KSEN_SOC_ROR_ITEM (OBJ_ID, VER_NBR, CREATEID, CREATETIME, UPDATEID, UPDATETIME, MESG_FORMATTED, MESG_PLAIN, ROR_ID, SOC_ROR_STATE, SOC_ROR_TYPE, SOURCE_CO_ID, TARGET_CO_ID, ID) values ('96dd8ee6-320b-4915-9f8c-8dd33b3ebe37', 0, 'admin', TIMESTAMP '2014-02-06 10:34:38.883', 'admin', TIMESTAMP '2014-02-06 10:34:38.883', 'Skipped because there is a new version of the canonical course', 'Skipped because there is a new version of the canonical course', '66f7714b-77e9-4b8b-9783-90ab342086e0', 'kuali.soc.rollover.result.item.state.error', 'kuali.soc.rollover.result.item.type.create', 'c995d3e9-ba68-4f87-b9c2-62214e192781', '', '23ceb8f7-1ff2-4aa8-af76-bb08a24239dc')
/
insert into KSEN_SOC_ROR_ITEM (OBJ_ID, VER_NBR, CREATEID, CREATETIME, UPDATEID, UPDATETIME, MESG_FORMATTED, MESG_PLAIN, ROR_ID, SOC_ROR_STATE, SOC_ROR_TYPE, SOURCE_CO_ID, TARGET_CO_ID, ID) values ('2666bfc2-a5d3-407b-bee1-2f020d92320e', 0, 'admin', TIMESTAMP '2014-02-06 10:34:38.883', 'admin', TIMESTAMP '2014-02-06 10:34:38.883', 'Skipped because there is a new version of the canonical course', 'Skipped because there is a new version of the canonical course', '66f7714b-77e9-4b8b-9783-90ab342086e0', 'kuali.soc.rollover.result.item.state.error', 'kuali.soc.rollover.result.item.type.create', 'c7974cf4-5d32-4af2-a8e3-a9727cf04960', '', 'a7b52cda-9d9f-4306-9df7-4b90de728fc6')
/
insert into KSEN_SOC_ROR_ITEM (OBJ_ID, VER_NBR, CREATEID, CREATETIME, UPDATEID, UPDATETIME, MESG_FORMATTED, MESG_PLAIN, ROR_ID, SOC_ROR_STATE, SOC_ROR_TYPE, SOURCE_CO_ID, TARGET_CO_ID, ID) values ('99538eac-7b0e-46e6-b138-f085587550e8', 0, 'admin', TIMESTAMP '2014-02-06 10:34:38.883', 'admin', TIMESTAMP '2014-02-06 10:34:38.883', '', '', '66f7714b-77e9-4b8b-9783-90ab342086e0', 'kuali.soc.rollover.result.item.state.processed.created', 'kuali.soc.rollover.result.item.type.create', 'cc8d76a8-448e-493c-904f-0924319a3818', '4fc45d81-e0ce-4025-bf95-73b8eb1d4469', 'bcbfb792-7501-4c4d-8187-5723a8bf133d')
/
insert into KSEN_SOC_ROR_ITEM_ATTR (OBJ_ID, ATTR_KEY, OWNER_ID, ATTR_VALUE, ID) values ('ed92c030-e70f-4e08-9078-493fb0761f4d', 'activityOfferingsCreated', 'bcbfb792-7501-4c4d-8187-5723a8bf133d', '1', '736b5f11-a60f-4997-80da-e8ebf60cf3ea')
/
insert into KSEN_SOC_ROR_ITEM (OBJ_ID, VER_NBR, CREATEID, CREATETIME, UPDATEID, UPDATETIME, MESG_FORMATTED, MESG_PLAIN, ROR_ID, SOC_ROR_STATE, SOC_ROR_TYPE, SOURCE_CO_ID, TARGET_CO_ID, ID) values ('7bddd223-6f15-41c9-af65-f9db49eac168', 0, 'admin', TIMESTAMP '2014-02-06 10:34:38.883', 'admin', TIMESTAMP '2014-02-06 10:34:38.883', 'Skipped because there is a new version of the canonical course', 'Skipped because there is a new version of the canonical course', '66f7714b-77e9-4b8b-9783-90ab342086e0', 'kuali.soc.rollover.result.item.state.error', 'kuali.soc.rollover.result.item.type.create', 'cc3f9686-4ff8-4521-a1cc-0d2031ebed8e', '', 'aa6edf87-23b7-4824-aa6d-526252b6ff7d')
/
insert into KSEN_SOC_ROR_ITEM (OBJ_ID, VER_NBR, CREATEID, CREATETIME, UPDATEID, UPDATETIME, MESG_FORMATTED, MESG_PLAIN, ROR_ID, SOC_ROR_STATE, SOC_ROR_TYPE, SOURCE_CO_ID, TARGET_CO_ID, ID) values ('1db5cf7a-897f-4c46-b091-e6afe993173c', 0, 'admin', TIMESTAMP '2014-02-06 10:34:38.883', 'admin', TIMESTAMP '2014-02-06 10:34:38.883', '', '', '66f7714b-77e9-4b8b-9783-90ab342086e0', 'kuali.soc.rollover.result.item.state.processed.created', 'kuali.soc.rollover.result.item.type.create', 'd8bb13c5-c97f-4df3-97d2-5e945631129c', '270dd9a0-80ac-46ba-8a8a-3b281c3f702d', 'c65954cd-d6f3-434f-bb73-3d1503461c24')
/
insert into KSEN_SOC_ROR_ITEM_ATTR (OBJ_ID, ATTR_KEY, OWNER_ID, ATTR_VALUE, ID) values ('dd15de9f-2dc1-40e2-a7fb-b9ff56f5305a', 'activityOfferingsCreated', 'c65954cd-d6f3-434f-bb73-3d1503461c24', '1', '80c0bea1-7dbc-4d31-9f0e-db28ef21630f')
/
insert into KSEN_LUI (OBJ_ID, VER_NBR, CREATEID, CREATETIME, UPDATEID, UPDATETIME, ATP_ID, CLU_ID, EFF_DT, EXPIR_DT, DESCR_FORMATTED, LUI_STATE, LUI_TYPE, MAX_SEATS, MIN_SEATS, NAME, DESCR_PLAIN, REF_URL, ID) values ('be63d1ad-6a9e-4fdb-bd6d-2fadea6323ee', 0, 'admin', TIMESTAMP '2014-02-06 10:34:38.883', 'admin', TIMESTAMP '2014-02-06 10:34:38.883', 'kuali.atp.2014Winter', 'CLUID-BSCI379-199908000000', TIMESTAMP '2014-01-02 00:00:00.0', '', 'This course is arranged to provide qualified majors an opportunity to pursue research problems under the supervision of a member of the department.', 'kuali.lui.course.offering.state.draft', 'kuali.lui.type.course.offering', '', '', 'BSCI379G CO', 'This course is arranged to provide qualified majors an opportunity to pursue research problems under the supervision of a member of the department.', null, '66216792-3cc3-4ed3-9d24-ebb38c8ceae3')
/
insert into KSEN_LUI_ATTR (OBJ_ID, ATTR_KEY, OWNER_ID, ATTR_VALUE, ID) values ('53a1e4ea-7e62-431b-b19b-faa02b9997bb', 'kuali.attribute.wait.list.indicator', '66216792-3cc3-4ed3-9d24-ebb38c8ceae3', 1, '3662910a-611f-4ea9-8798-36d48b0c3883')
/
insert into KSEN_LUI_ATTR (OBJ_ID, ATTR_KEY, OWNER_ID, ATTR_VALUE, ID) values ('3422383d-6ebf-4103-8824-7b181f029d74', 'kuali.attribute.wait.list.type.key', '66216792-3cc3-4ed3-9d24-ebb38c8ceae3', null, '316f25a5-1165-4c1a-b36f-2b3d2f4c113b')
/
insert into KSEN_LUI_ATTR (OBJ_ID, ATTR_KEY, OWNER_ID, ATTR_VALUE, ID) values ('86f80d71-242c-4058-a7ab-6758b68012fa', 'kuali.attribute.course.evaluation.indicator', '66216792-3cc3-4ed3-9d24-ebb38c8ceae3', 0, 'bb3778d7-864e-4994-912d-5eaba31a1b13')
/
insert into KSEN_LUI_ATTR (OBJ_ID, ATTR_KEY, OWNER_ID, ATTR_VALUE, ID) values ('2273da18-ca14-49da-9145-83b255ea4c50', 'kuali.attribute.funding.source', '66216792-3cc3-4ed3-9d24-ebb38c8ceae3', '', '20038378-4923-45d7-b382-bc881d68d5ce')
/
insert into KSEN_LUI_ATTR (OBJ_ID, ATTR_KEY, OWNER_ID, ATTR_VALUE, ID) values ('67058290-ec61-4874-a4bd-5099204d339e', 'kuali.attribute.final.exam.driver', '66216792-3cc3-4ed3-9d24-ebb38c8ceae3', 'kuali.lu.exam.driver.ActivityOffering', 'da269ab9-2c2e-4845-a8d4-344f858b1d51')
/
insert into KSEN_LUI_ATTR (OBJ_ID, ATTR_KEY, OWNER_ID, ATTR_VALUE, ID) values ('50b389d2-eb1a-4013-a271-6f8c7b116841', 'kuali.attribute.wait.list.level.type.key', '66216792-3cc3-4ed3-9d24-ebb38c8ceae3', 'AO', '8c80520b-0543-45ab-bb02-48d113c30bd5')
/
insert into KSEN_LUI_ATTR (OBJ_ID, ATTR_KEY, OWNER_ID, ATTR_VALUE, ID) values ('c0d3e333-58fa-4195-bc7f-a550e6b67ab2', 'kuali.attribute.final.exam.use.matrix', '66216792-3cc3-4ed3-9d24-ebb38c8ceae3', 1, '6586c86c-df28-4cc0-b509-31c5af5883fd')
/
insert into KSEN_LUI_ATTR (OBJ_ID, ATTR_KEY, OWNER_ID, ATTR_VALUE, ID) values ('cc6333db-bd17-479c-a102-ac832343e370', 'kuali.attribute.final.exam.indicator', '66216792-3cc3-4ed3-9d24-ebb38c8ceae3', 'STANDARD', 'cd462c85-2a0c-4112-9cdc-7233d8d2ae3a')
/
insert into KSEN_LUI_ATTR (OBJ_ID, ATTR_KEY, OWNER_ID, ATTR_VALUE, ID) values ('2659dd6d-b518-4216-8c31-f5097e2f74bc', 'kuali.attribute.course.number.internal.suffix', '66216792-3cc3-4ed3-9d24-ebb38c8ceae3', 'A', '02409de6-3f30-42d8-b60c-26c8f3bec831')
/
insert into KSEN_LUI_ATTR (OBJ_ID, ATTR_KEY, OWNER_ID, ATTR_VALUE, ID) values ('93e42148-7470-4661-b971-658752915622', 'kuali.attribute.where.fees.attached.flag', '66216792-3cc3-4ed3-9d24-ebb38c8ceae3', 0, '03adfdc1-9535-4d93-a414-2e75620b014d')
/
insert into KSEN_LUI_IDENT (OBJ_ID, VER_NBR, CREATEID, CREATETIME, UPDATEID, UPDATETIME, LUI_CD, DIVISION, IDENT_LEVEL, LNG_NAME, LUI_ID, ORGID, SHRT_NAME, LUI_ID_STATE, SUFX_CD, LUI_ID_TYPE, VARTN, ID) values ('67280072-193e-49e7-824b-15d1dcfbdffa', 0, 'admin', TIMESTAMP '2014-02-06 10:34:38.883', 'admin', TIMESTAMP '2014-02-06 10:34:38.883', 'BSCI379G', 'BSCI', '', 'Cell Biology and Molecular Genetics Department Research', '66216792-3cc3-4ed3-9d24-ebb38c8ceae3', '', '', 'kuali.lui.identifier.state.active', 'G', 'kuali.lui.identifier.type.official', '', '42c80da3-0959-4c88-91b1-6eed4137b575')
/
insert into KSEN_LUI_LU_CD (OBJ_ID, VER_NBR, CREATEID, CREATETIME, UPDATEID, UPDATETIME, DESCR_FORMATTED, LUI_ID, DESCR_PLAIN, LUI_LUCD_TYPE, VALUE, ID) values ('4a070a0c-82cb-40b9-82a5-58e1b5826494', 0, 'admin', TIMESTAMP '2014-02-06 10:34:38.883', 'admin', TIMESTAMP '2014-02-06 10:34:38.883', '', '66216792-3cc3-4ed3-9d24-ebb38c8ceae3', '', 'kuali.lu.code.honorsOffering', '', 'e8b8f2ee-a5f0-4eb9-9e23-90f0941be633')
/
insert into KSEN_LUI_UNITS_DEPLOYMENT (LUI_ID, ORG_ID, ID) values ('66216792-3cc3-4ed3-9d24-ebb38c8ceae3', '576639460', 'b50b99bf-4fda-40fc-9570-371dd15da7ae')
/
insert into KSEN_LUI_UNITS_CONT_OWNER (LUI_ID, ORG_ID) values ('66216792-3cc3-4ed3-9d24-ebb38c8ceae3', '576639460')
/
insert into KSEN_LUI_RESULT_VAL_GRP (LUI_ID, RESULT_VAL_GRP_ID) values ('66216792-3cc3-4ed3-9d24-ebb38c8ceae3', 'kuali.resultComponent.grade.letter')
/
insert into KSEN_LUI_RESULT_VAL_GRP (LUI_ID, RESULT_VAL_GRP_ID) values ('66216792-3cc3-4ed3-9d24-ebb38c8ceae3', 'kuali.resultComponent.grade.audit')
/
insert into KSEN_LUI_RESULT_VAL_GRP (LUI_ID, RESULT_VAL_GRP_ID) values ('66216792-3cc3-4ed3-9d24-ebb38c8ceae3', 'kuali.resultComponent.grade.passFail')
/
insert into KSEN_LUI_RESULT_VAL_GRP (LUI_ID, RESULT_VAL_GRP_ID) values ('66216792-3cc3-4ed3-9d24-ebb38c8ceae3', 'kuali.creditType.credit.degree.1.0,1.5,2.0,2.5,3.0')
/
insert into KSEN_LUI (OBJ_ID, VER_NBR, CREATEID, CREATETIME, UPDATEID, UPDATETIME, ATP_ID, CLU_ID, EFF_DT, EXPIR_DT, DESCR_FORMATTED, LUI_STATE, LUI_TYPE, MAX_SEATS, MIN_SEATS, NAME, DESCR_PLAIN, REF_URL, ID) values ('145ac0a4-b864-48a3-8bd4-68995ef25e84', 0, 'admin', TIMESTAMP '2014-02-06 10:34:38.883', 'admin', TIMESTAMP '2014-02-06 10:34:38.883', 'kuali.atp.2014Winter', '4838b255-888b-4946-b32a-b168313b5e7f', '', '', 'Courses with Lecture only', 'kuali.lui.format.offering.state.draft', 'kuali.lui.type.course.format.offering', '', '', 'Lecture Only', 'Courses with Lecture only', '', '4fa0452b-d5f2-4872-8513-8c64ef8e4a8a')
/
insert into KSEN_LUI_ATTR (OBJ_ID, ATTR_KEY, OWNER_ID, ATTR_VALUE, ID) values ('93a18cc2-c1eb-4fb2-815d-4d37c4a316e2', 'kuali.attribute.final.exam.level.type', '4fa0452b-d5f2-4872-8513-8c64ef8e4a8a', 'kuali.lu.type.activity.Lecture', '9c0be09d-e423-455b-8c0b-390b29f6c28c')
/
insert into KSEN_LUI_ATTR (OBJ_ID, ATTR_KEY, OWNER_ID, ATTR_VALUE, ID) values ('4da566ae-9edc-4db6-b7ee-852d75d43570', 'kuali.attribute.grade.roster.level.type.key', '4fa0452b-d5f2-4872-8513-8c64ef8e4a8a', 'kuali.lui.type.activity.offering.lecture', 'ef6c2f84-236f-4f2d-a197-8f1394676040')
/
insert into KSEN_LUI_ATTR (OBJ_ID, ATTR_KEY, OWNER_ID, ATTR_VALUE, ID) values ('d27112a7-ba53-4926-a2fa-a5c40a1c5b0f', 'regCodePrefix', '4fa0452b-d5f2-4872-8513-8c64ef8e4a8a', '1', 'b889be55-2d97-4b9f-86ab-1e608621dadb')
/
insert into KSEN_LUI_IDENT (OBJ_ID, VER_NBR, CREATEID, CREATETIME, UPDATEID, UPDATETIME, LUI_CD, DIVISION, IDENT_LEVEL, LNG_NAME, LUI_ID, ORGID, SHRT_NAME, LUI_ID_STATE, SUFX_CD, LUI_ID_TYPE, VARTN, ID) values ('52197bd7-d6d3-4f00-a15a-6b4cab2aa3fb', 0, 'admin', TIMESTAMP '2014-02-06 10:34:38.883', 'admin', TIMESTAMP '2014-02-06 10:34:38.883', '', '', '', 'Lecture Only', '4fa0452b-d5f2-4872-8513-8c64ef8e4a8a', '', 'LEC', 'kuali.lui.identifier.state.active', '', 'kuali.lui.identifier.type.official', '', '858fc894-f400-49f9-97e0-f1bdc9e21e38')
/
insert into KSEN_LUI_RELATED_LUI_TYPES (LUI_ID, RELATED_LUI_TYPE) values ('4fa0452b-d5f2-4872-8513-8c64ef8e4a8a', 'kuali.lui.type.activity.offering.lecture')
/
insert into KSEN_LUILUI_RELTN (OBJ_ID, VER_NBR, CREATEID, CREATETIME, UPDATEID, UPDATETIME, EFF_DT, EXPIR_DT, DESCR_FORMATTED, LUI_ID, LUILUI_RELTN_STATE, LUILUI_RELTN_TYPE, NAME, DESCR_PLAIN, RELATED_LUI_ID, ID) values ('15059b6d-90d6-44a2-b5f5-b021064cb354', 0, 'admin', TIMESTAMP '2014-02-06 10:34:38.883', 'admin', TIMESTAMP '2014-02-06 10:34:38.883', TIMESTAMP '2014-02-06 10:37:15.812', '', 'BSCI379G-CO-FO', '66216792-3cc3-4ed3-9d24-ebb38c8ceae3', 'kuali.lui.lui.relation.state.active', 'kuali.lui.lui.relation.type.deliveredvia.co2fo', 'co-fo-relation', 'BSCI379G-CO-FO', '4fa0452b-d5f2-4872-8513-8c64ef8e4a8a', 'b36c5c5e-9e94-4ad2-bfe3-3c7896d12b13')
/
insert into KSEN_LUI (OBJ_ID, VER_NBR, CREATEID, CREATETIME, UPDATEID, UPDATETIME, ATP_ID, CLU_ID, EFF_DT, EXPIR_DT, DESCR_FORMATTED, LUI_STATE, LUI_TYPE, MAX_SEATS, MIN_SEATS, NAME, DESCR_PLAIN, REF_URL, ID) values ('83c5d577-9706-4ee7-b556-9eb4f54b8940', 0, 'admin', TIMESTAMP '2014-02-06 10:34:38.883', 'admin', TIMESTAMP '2014-02-06 10:34:38.883', 'kuali.atp.2014Winter', 'f0ce3b8b-062f-4fd0-91d0-bf99659d3b2c', '', '', 'Courses with lecture', 'kuali.lui.activity.offering.state.draft', 'kuali.lui.type.activity.offering.lecture', 5, 5, 'Lecture', 'Courses with lecture', null, '81d6c6d0-cb19-4b8f-8f71-b4dc7e399f2e')
/
insert into KSEN_LUI_ATTR (OBJ_ID, ATTR_KEY, OWNER_ID, ATTR_VALUE, ID) values ('5a22a19a-cbc8-4aaf-83a0-cba0666fcfd0', 'kuali.attribute.course.evaluation.indicator', '81d6c6d0-cb19-4b8f-8f71-b4dc7e399f2e', 0, '8328743c-def1-4fd2-9e4a-d53b633a75f5')
/
insert into KSEN_LUI_ATTR (OBJ_ID, ATTR_KEY, OWNER_ID, ATTR_VALUE, ID) values ('8567f7f7-452c-4dff-9775-8ac1e07439f5', 'kuali.attribute.nonstd.ts.indicator', '81d6c6d0-cb19-4b8f-8f71-b4dc7e399f2e', 0, 'fc888289-24e0-40d6-9db2-6b4a8ec3971f')
/
insert into KSEN_LUI_ATTR (OBJ_ID, ATTR_KEY, OWNER_ID, ATTR_VALUE, ID) values ('652f8064-535f-4503-8225-fbb41712b044', 'kuali.attribute.max.enrollment.is.estimate', '81d6c6d0-cb19-4b8f-8f71-b4dc7e399f2e', 0, 'fb31c989-3023-4540-8312-b73e6a2b6827')
/
insert into KSEN_LUI_IDENT (OBJ_ID, VER_NBR, CREATEID, CREATETIME, UPDATEID, UPDATETIME, LUI_CD, DIVISION, IDENT_LEVEL, LNG_NAME, LUI_ID, ORGID, SHRT_NAME, LUI_ID_STATE, SUFX_CD, LUI_ID_TYPE, VARTN, ID) values ('4b93f0f2-c79e-478a-90a2-16bcc47d3a86', 0, 'admin', TIMESTAMP '2014-02-06 10:34:38.883', 'admin', TIMESTAMP '2014-02-06 10:34:38.883', 'A', '', '', '', '81d6c6d0-cb19-4b8f-8f71-b4dc7e399f2e', '', '', 'kuali.lui.identifier.state.active', '', 'kuali.lui.identifier.type.official', '', '6e9a2f8e-bb75-45b5-99ee-fe39fcb3802b')
/
insert into KSEN_LUI_LU_CD (OBJ_ID, VER_NBR, CREATEID, CREATETIME, UPDATEID, UPDATETIME, DESCR_FORMATTED, LUI_ID, DESCR_PLAIN, LUI_LUCD_TYPE, VALUE, ID) values ('c98737ab-a3ed-4cf2-af1c-45ac8b2c7265', 0, 'admin', TIMESTAMP '2014-02-06 10:34:38.883', 'admin', TIMESTAMP '2014-02-06 10:34:38.883', '', '81d6c6d0-cb19-4b8f-8f71-b4dc7e399f2e', '', 'kuali.lu.code.honorsOffering', 0, 'a9af18a0-4224-4ce4-a70e-108dde7d5522')
/
insert into KSEN_LPR (OBJ_ID, VER_NBR, CREATEID, CREATETIME, UPDATEID, UPDATETIME, ATP_ID, COMMIT_PERCT, CREDITS, EFF_DT, EXPIR_DT, GRADING_OPT_ID, LUI_ID, MASTER_LUI_ID, PERS_ID, LPR_STATE, LPR_TYPE, ID) values ('84a3d516-2a70-4a30-b039-1f1b5e6ada5f', 0, 'admin', TIMESTAMP '2014-02-06 10:34:38.883', 'admin', TIMESTAMP '2014-02-06 10:34:38.883', '', '100.00', '', TIMESTAMP '2014-02-06 10:37:16.04', '', '', '81d6c6d0-cb19-4b8f-8f71-b4dc7e399f2e', '', 'C.SANDRAS', 'kuali.lpr.state.active', 'kuali.lpr.type.instructor.main', 'e42f9191-e0f4-4a5a-9ceb-9d67194c1bcc')
/
insert into KSEN_LUILUI_RELTN (OBJ_ID, VER_NBR, CREATEID, CREATETIME, UPDATEID, UPDATETIME, EFF_DT, EXPIR_DT, DESCR_FORMATTED, LUI_ID, LUILUI_RELTN_STATE, LUILUI_RELTN_TYPE, NAME, DESCR_PLAIN, RELATED_LUI_ID, ID) values ('17150259-cfa1-4058-ab0e-f3a10bc69366', 0, 'admin', TIMESTAMP '2014-02-06 10:34:38.883', 'admin', TIMESTAMP '2014-02-06 10:34:38.883', TIMESTAMP '2014-02-06 10:37:16.133', '', 'BSCI379G-FO-AO', '4fa0452b-d5f2-4872-8513-8c64ef8e4a8a', 'kuali.lui.lui.relation.state.active', 'kuali.lui.lui.relation.type.deliveredvia.fo2ao', 'fo-ao-relation', 'BSCI379G-FO-AO', '81d6c6d0-cb19-4b8f-8f71-b4dc7e399f2e', '752bc7cd-12ae-4e47-a27c-d4a53f5bd985')
/
insert into KSEN_SCHED_RQST_SET (OBJ_ID, VER_NBR, CREATEID, CREATETIME, UPDATEID, UPDATETIME, DESCR_FORMATTED, MAX_ENRL_SHARED_IND, MAX_ENRL, NAME, DESCR_PLAIN, REF_OBJECT_TYPE, SCHED_RQST_SET_STATE, SCHED_RQST_SET_TYPE, ID) values ('1bfd6568-e623-428a-aefa-3116438e4469', 0, 'admin', TIMESTAMP '2014-02-06 10:34:38.883', 'admin', TIMESTAMP '2014-02-06 10:34:38.883', '', 0, '', 'Schedule request set for BSCI379G - A', '', 'http://student.kuali.org/wsdl/courseOffering/ActivityOfferingInfo', 'kuali.scheduling.schedule.request.set.state.created', 'kuali.scheduling.schedule.request.set.type.schedule.request.set', '94c00363-f91d-4645-885f-5dcc340c1915')
/
insert into KSEN_SCHED_RQST (OBJ_ID, VER_NBR, CREATEID, CREATETIME, UPDATEID, UPDATETIME, DESCR_FORMATTED, NAME, DESCR_PLAIN, SCHED_RQST_STATE, SCHED_RQST_TYPE, SCHED_ID, SCHED_RQST_SET_ID, ID) values ('96c246b9-df48-4d74-a36e-e516507a7ba4', 0, 'admin', TIMESTAMP '2014-02-06 10:34:38.883', 'admin', TIMESTAMP '2014-02-06 10:34:38.883', '', 'Schedule request for BSCI379G - A', '', 'kuali.scheduling.schedule.request.state.created', 'kuali.scheduling.schedule.request.type.schedule.request', '', '94c00363-f91d-4645-885f-5dcc340c1915', '719ba0e9-85fb-4df6-a1ee-d2ff16733b8a')
/
insert into KSEN_SCHED_RQST_CMP (OBJ_ID, TBA_IND, SCHED_RQST_ID, ID) values ('6ace162f-f22a-48c7-857f-b610cf34495c', 1, '719ba0e9-85fb-4df6-a1ee-d2ff16733b8a', 'd5ffde2e-62c8-4151-b6ce-4fb4aab76f6d')
/
insert into KSEN_SCHED_REF_OBJECT (SCHED_RQST_SET_ID, REF_OBJECT_ID) values ('94c00363-f91d-4645-885f-5dcc340c1915', '81d6c6d0-cb19-4b8f-8f71-b4dc7e399f2e')
/
insert into KSEN_SCHED_RQST_CMP_TMSLOT (CMP_ID, TM_SLOT_ID) values ('d5ffde2e-62c8-4151-b6ce-4fb4aab76f6d', '4A6971D2-447D-4359-B949-F4EDF104A0AA')
/
insert into KSEN_CO_SEAT_POOL_DEFN (OBJ_ID, VER_NBR, CREATEID, CREATETIME, UPDATEID, UPDATETIME, ACTIVITY_OFFERING_ID, EXPIR_MSTONE_TYPE, PERCENTAGE_IND, NAME, POPULATION_ID, PROCESSING_PRIORITY, SEAT_LIMIT, SEAT_POOL_DEFN_STATE, SEAT_POOL_DEFN_TYPE, ID) values ('6e510e54-fe52-48b4-b1ba-57766307e7f4', 1, 'admin', TIMESTAMP '2014-02-06 10:34:38.883', 'admin', TIMESTAMP '2014-02-06 10:34:38.883', '', 'kuali.atp.milestone.firstdayofclasses', 0, '300-level Senior Seatpool', '4160a52b-d353-4ab3-b72d-a3c2f9969783', 1, 5, 'kuali.lui.capacity.state.active', 'kuali.lui.capacity.type.seatpool', 'c2d6ba63-d548-464b-b2ba-5bf8864ed42b')
/
insert into KSEN_CWL (OBJ_ID, VER_NBR, CREATEID, CREATETIME, UPDATEID, UPDATETIME, ALLOW_HOLD_UTIL_ENTRIES_IND, AUTO_PROCESSED_IND, CHECK_IN_REQ_IND, CONF_REQ_IND, EFF_DT, EXPIR_DT, MAX_SIZE, REG_IN_FIRST_AAO_IND, STD_DUR_TIME_QTY, STD_DUR_TYPE, CWL_STATE, CWL_TYPE, ID) values ('bbe0987e-0e2b-48a5-89ca-fe965dea8bad', 0, 'admin', TIMESTAMP '2014-02-06 10:34:38.883', 'admin', TIMESTAMP '2014-02-06 10:34:38.883', 1, 1, 0, 1, TIMESTAMP '2013-01-02 00:00:00.0', '', '', 1, '', '', 'kuali.course.waitlist.state.active', 'kuali.course.waitlist.type.course.waitlist', '3beb9554-2c2d-4335-ada0-3ae999119866')
/
update KSEN_CO_SEAT_POOL_DEFN set OBJ_ID='6e510e54-fe52-48b4-b1ba-57766307e7f4', VER_NBR=2, UPDATEID='admin', UPDATETIME=TIMESTAMP '2014-02-06 10:34:38.883', ACTIVITY_OFFERING_ID='81d6c6d0-cb19-4b8f-8f71-b4dc7e399f2e', EXPIR_MSTONE_TYPE='kuali.atp.milestone.firstdayofclasses', PERCENTAGE_IND=0, NAME='300-level Senior Seatpool', POPULATION_ID='4160a52b-d353-4ab3-b72d-a3c2f9969783', PROCESSING_PRIORITY=1, SEAT_LIMIT=5, SEAT_POOL_DEFN_STATE='kuali.lui.capacity.state.active', SEAT_POOL_DEFN_TYPE='kuali.lui.capacity.type.seatpool' where ID='c2d6ba63-d548-464b-b2ba-5bf8864ed42b' and VER_NBR=1
/
insert into KSEN_CWL_ACTIV_OFFER (CWL_ID, ACTIV_OFFER_ID) values ('3beb9554-2c2d-4335-ada0-3ae999119866', '81d6c6d0-cb19-4b8f-8f71-b4dc7e399f2e')
/
insert into KSEN_CWL_FORMAT_OFFER (CWL_ID, FORMAT_OFFER_ID) values ('3beb9554-2c2d-4335-ada0-3ae999119866', '4fa0452b-d5f2-4872-8513-8c64ef8e4a8a')
/
insert into KSEN_CO_AO_CLUSTER (OBJ_ID, VER_NBR, CREATEID, CREATETIME, UPDATEID, UPDATETIME, AO_CLUSTER_STATE, AO_CLUSTER_TYPE, DESCR_FORMATTED, DESCR_PLAIN, FORMAT_OFFERING_ID, NAME, PRIVATE_NAME, ID) values ('62d30a15-7773-4ba9-836d-94f457ae27ed', 0, 'admin', TIMESTAMP '2014-02-06 10:34:38.883', 'admin', TIMESTAMP '2014-02-06 10:34:38.883', 'kuali.activity.offering.cluster.state.active', 'kuali.activity.offering.cluster.type.activity.offering.cluster', '', '', '4fa0452b-d5f2-4872-8513-8c64ef8e4a8a', 'CL 1', 'CL 1', '0576e14a-3d8b-44bb-b1d3-c170582f96b5')
/
insert into KSEN_CO_AO_CLUSTER_SET (OBJ_ID, ACTIVITY_OFFERING_TYPE, AO_CLUSTER_ID, ID) values ('4882d71e-1111-46ec-a0b9-35cc1831215c', 'kuali.lui.type.activity.offering.lecture', '0576e14a-3d8b-44bb-b1d3-c170582f96b5', '5e94a778-006e-4528-890e-e2a79f21a07e')
/
insert into KSEN_CO_AO_CLUSTER_SET_AO (AOC_SET_ID, ACTIVITY_OFFERING_ID) values ('5e94a778-006e-4528-890e-e2a79f21a07e', '81d6c6d0-cb19-4b8f-8f71-b4dc7e399f2e')
/
update KSEN_CO_AO_CLUSTER_SET set AO_CLUSTER_ID='0576e14a-3d8b-44bb-b1d3-c170582f96b5' where ID='5e94a778-006e-4528-890e-e2a79f21a07e'
/
insert into KSEN_LUI (OBJ_ID, VER_NBR, CREATEID, CREATETIME, UPDATEID, UPDATETIME, ATP_ID, CLU_ID, EFF_DT, EXPIR_DT, DESCR_FORMATTED, LUI_STATE, LUI_TYPE, MAX_SEATS, MIN_SEATS, NAME, DESCR_PLAIN, REF_URL, ID) values ('0f81c153-e403-4039-a38c-8d184c6f6adf', 0, 'admin', TIMESTAMP '2014-02-06 10:34:38.883', 'admin', TIMESTAMP '2014-02-06 10:34:38.883', 'kuali.atp.2014Winter', '4838b255-888b-4946-b32a-b168313b5e7f', '', '', '1001', 'kuali.lui.registration.group.state.pending', 'kuali.lui.type.registration.group', '', '', '1001', '1001', '', '9936abc5-6275-4fb5-bd7a-8be1e033a951')
/
insert into KSEN_LUI_ATTR (OBJ_ID, ATTR_KEY, OWNER_ID, ATTR_VALUE, ID) values ('95d6df03-5538-4725-93ac-f5b87063f2c8', 'kuali.attribute.registration.group.aocluster.id', '9936abc5-6275-4fb5-bd7a-8be1e033a951', '0576e14a-3d8b-44bb-b1d3-c170582f96b5', 'e14c2254-f85d-46ff-a7ac-c9b6be5b5a1b')
/
insert into KSEN_LUI_ATTR (OBJ_ID, ATTR_KEY, OWNER_ID, ATTR_VALUE, ID) values ('9b146057-8ab2-490f-bf7e-109affd94755', 'kuali.attribute.registration.group.is.generated', '9936abc5-6275-4fb5-bd7a-8be1e033a951', 1, 'c8f77fac-687a-4752-aaa0-0bc06f915c2d')
/
insert into KSEN_LUI_IDENT (OBJ_ID, VER_NBR, CREATEID, CREATETIME, UPDATEID, UPDATETIME, LUI_CD, DIVISION, IDENT_LEVEL, LNG_NAME, LUI_ID, ORGID, SHRT_NAME, LUI_ID_STATE, SUFX_CD, LUI_ID_TYPE, VARTN, ID) values ('ad5af437-8009-4c3e-a3a5-e84af87fe92d', 0, 'admin', TIMESTAMP '2014-02-06 10:34:38.883', 'admin', TIMESTAMP '2014-02-06 10:34:38.883', '', '', '', '', '9936abc5-6275-4fb5-bd7a-8be1e033a951', '', '', 'kuali.lui.identifier.state.active', '', 'kuali.lui.identifier.type.official', '', '052ebe5d-1a56-4370-b553-352b4b1a1a49')
/
insert into KSEN_LUILUI_RELTN (OBJ_ID, VER_NBR, CREATEID, CREATETIME, UPDATEID, UPDATETIME, EFF_DT, EXPIR_DT, DESCR_FORMATTED, LUI_ID, LUILUI_RELTN_STATE, LUILUI_RELTN_TYPE, NAME, DESCR_PLAIN, RELATED_LUI_ID, ID) values ('19aec42e-ade1-4d02-9971-8f01753b1a42', 0, 'admin', TIMESTAMP '2014-02-06 10:34:38.883', 'admin', TIMESTAMP '2014-02-06 10:34:38.883', TIMESTAMP '2014-02-06 10:37:16.55', '', 'BSCI379G-FO-RG', '4fa0452b-d5f2-4872-8513-8c64ef8e4a8a', 'kuali.lui.lui.relation.state.active', 'kuali.lui.lui.relation.type.deliveredvia.fo2rg', 'fo-rg-relation', 'BSCI379G-FO-RG', '9936abc5-6275-4fb5-bd7a-8be1e033a951', '9e4f2d48-2ffd-4336-8fa5-be91ade1f131')
/
insert into KSEN_LUILUI_RELTN (OBJ_ID, VER_NBR, CREATEID, CREATETIME, UPDATEID, UPDATETIME, EFF_DT, EXPIR_DT, DESCR_FORMATTED, LUI_ID, LUILUI_RELTN_STATE, LUILUI_RELTN_TYPE, NAME, DESCR_PLAIN, RELATED_LUI_ID, ID) values ('8ff49bdd-6bce-43ce-b37d-602532160506', 0, 'admin', TIMESTAMP '2014-02-06 10:34:38.883', 'admin', TIMESTAMP '2014-02-06 10:34:38.883', TIMESTAMP '2014-02-06 10:37:16.598', '', 'BSCI379G-RG-AO', '9936abc5-6275-4fb5-bd7a-8be1e033a951', 'kuali.lui.lui.relation.state.active', 'kuali.lui.lui.relation.type.registeredforvia.rg2ao', 'rg-ao-relation', 'BSCI379G-RG-AO', '81d6c6d0-cb19-4b8f-8f71-b4dc7e399f2e', 'd6caa900-d77f-4d64-9ac7-d95a1e93e65f')
/
insert into KSEN_LUI (OBJ_ID, VER_NBR, CREATEID, CREATETIME, UPDATEID, UPDATETIME, ATP_ID, CLU_ID, EFF_DT, EXPIR_DT, DESCR_FORMATTED, LUI_STATE, LUI_TYPE, MAX_SEATS, MIN_SEATS, NAME, DESCR_PLAIN, REF_URL, ID) values ('e3523973-ad7f-4c90-a7c0-99812b0a642a', 0, 'admin', TIMESTAMP '2014-02-06 10:34:38.883', 'admin', TIMESTAMP '2014-02-06 10:34:38.883', 'kuali.atp.2014Winter', '9f1f9e6e-e87e-4646-b25f-723b313339f9', TIMESTAMP '2014-01-02 00:00:00.0', '', 'A history of religion, religious movements, and churches in America from the early Colonial period to the present, with special attention to the relation between church and society.', 'kuali.lui.course.offering.state.draft', 'kuali.lui.type.course.offering', '', '', 'HIST306 CO', 'A history of religion, religious movements, and churches in America from the early Colonial period to the present, with special attention to the relation between church and society.', null, 'f0287014-44fb-47ee-973d-7f189ea5f363')
/
insert into KSEN_LUI_ATTR (OBJ_ID, ATTR_KEY, OWNER_ID, ATTR_VALUE, ID) values ('4725bc60-aa24-42a6-834b-fef106c8c718', 'kuali.attribute.wait.list.type.key', 'f0287014-44fb-47ee-973d-7f189ea5f363', null, '471d2ec6-c709-4275-a5cf-8280ba06a645')
/
insert into KSEN_LUI_ATTR (OBJ_ID, ATTR_KEY, OWNER_ID, ATTR_VALUE, ID) values ('80becf08-82ef-4f94-af6e-293706b2b333', 'kuali.attribute.final.exam.use.matrix', 'f0287014-44fb-47ee-973d-7f189ea5f363', 1, 'f065be2d-bc2e-4e4d-a0f5-4236558927b2')
/
insert into KSEN_LUI_ATTR (OBJ_ID, ATTR_KEY, OWNER_ID, ATTR_VALUE, ID) values ('37ef08b7-504c-4721-9d84-c5bdf61d2d6b', 'kuali.attribute.course.number.internal.suffix', 'f0287014-44fb-47ee-973d-7f189ea5f363', 'A', '9a544367-a727-4f49-b124-eb6d5070480e')
/
insert into KSEN_LUI_ATTR (OBJ_ID, ATTR_KEY, OWNER_ID, ATTR_VALUE, ID) values ('7fd8ac5b-3b76-4d39-8cae-1ac6852fe41f', 'kuali.attribute.final.exam.driver', 'f0287014-44fb-47ee-973d-7f189ea5f363', 'kuali.lu.exam.driver.ActivityOffering', '1a667377-5cec-4204-bc4c-5cbb3d7f0d8a')
/
insert into KSEN_LUI_ATTR (OBJ_ID, ATTR_KEY, OWNER_ID, ATTR_VALUE, ID) values ('32f302a0-a453-4265-9e0c-60fa33f1b835', 'kuali.attribute.final.exam.indicator', 'f0287014-44fb-47ee-973d-7f189ea5f363', 'STANDARD', 'eb14881d-6428-488b-a693-c16a56780ac6')
/
insert into KSEN_LUI_ATTR (OBJ_ID, ATTR_KEY, OWNER_ID, ATTR_VALUE, ID) values ('cb3e4787-1517-4a77-8239-c5160d3a3c52', 'kuali.attribute.wait.list.indicator', 'f0287014-44fb-47ee-973d-7f189ea5f363', 1, '712d1149-378c-4d87-b6ad-c2b187b1bd89')
/
insert into KSEN_LUI_ATTR (OBJ_ID, ATTR_KEY, OWNER_ID, ATTR_VALUE, ID) values ('cd22d614-a3ee-4d48-9d04-2f806f359d7e', 'kuali.attribute.wait.list.level.type.key', 'f0287014-44fb-47ee-973d-7f189ea5f363', 'AO', '00f0e3b6-cbeb-443f-870a-7a19ccee3d21')
/
insert into KSEN_LUI_ATTR (OBJ_ID, ATTR_KEY, OWNER_ID, ATTR_VALUE, ID) values ('1457a85c-f3d0-4e0c-8f5f-90884e2f79f7', 'kuali.attribute.where.fees.attached.flag', 'f0287014-44fb-47ee-973d-7f189ea5f363', 0, '309bdbce-694d-4e82-8d4f-a4b08a0cdfdb')
/
insert into KSEN_LUI_ATTR (OBJ_ID, ATTR_KEY, OWNER_ID, ATTR_VALUE, ID) values ('e77388ee-3f35-44d3-abec-19d0b86b80ed', 'kuali.attribute.course.evaluation.indicator', 'f0287014-44fb-47ee-973d-7f189ea5f363', 0, '1f2abe36-ad4f-4f92-82e0-78b267337b49')
/
insert into KSEN_LUI_ATTR (OBJ_ID, ATTR_KEY, OWNER_ID, ATTR_VALUE, ID) values ('c0d25975-96fe-4607-a669-e4191c92e6ff', 'kuali.attribute.funding.source', 'f0287014-44fb-47ee-973d-7f189ea5f363', '', '595af761-04d7-4e5b-aa37-59d5b97b05ee')
/
insert into KSEN_LUI_IDENT (OBJ_ID, VER_NBR, CREATEID, CREATETIME, UPDATEID, UPDATETIME, LUI_CD, DIVISION, IDENT_LEVEL, LNG_NAME, LUI_ID, ORGID, SHRT_NAME, LUI_ID_STATE, SUFX_CD, LUI_ID_TYPE, VARTN, ID) values ('98bfcced-ac29-40f3-94e1-52d2c0c258b4', 0, 'admin', TIMESTAMP '2014-02-06 10:34:38.883', 'admin', TIMESTAMP '2014-02-06 10:34:38.883', 'HIST306', 'HIST', '', 'History of Religion in America', 'f0287014-44fb-47ee-973d-7f189ea5f363', '', '', 'kuali.lui.identifier.state.active', '', 'kuali.lui.identifier.type.official', '', 'c1d0c433-47d8-4f6a-b8cb-65a5aceebfd2')
/
insert into KSEN_LUI_LU_CD (OBJ_ID, VER_NBR, CREATEID, CREATETIME, UPDATEID, UPDATETIME, DESCR_FORMATTED, LUI_ID, DESCR_PLAIN, LUI_LUCD_TYPE, VALUE, ID) values ('66770b1e-5936-4278-9433-ca2e340954ac', 0, 'admin', TIMESTAMP '2014-02-06 10:34:38.883', 'admin', TIMESTAMP '2014-02-06 10:34:38.883', '', 'f0287014-44fb-47ee-973d-7f189ea5f363', '', 'kuali.lu.code.honorsOffering', '', 'e487bb48-e1a2-4981-a5ed-79eaab340a1d')
/
insert into KSEN_LUI_UNITS_DEPLOYMENT (LUI_ID, ORG_ID, ID) values ('f0287014-44fb-47ee-973d-7f189ea5f363', '3213375036', 'fc863d07-0f87-4fc1-a983-f4cce1bdc42a')
/
insert into KSEN_LUI_UNITS_CONT_OWNER (LUI_ID, ORG_ID) values ('f0287014-44fb-47ee-973d-7f189ea5f363', '3213375036')
/
insert into KSEN_LUI_RESULT_VAL_GRP (LUI_ID, RESULT_VAL_GRP_ID) values ('f0287014-44fb-47ee-973d-7f189ea5f363', 'kuali.resultComponent.grade.letter')
/
insert into KSEN_LUI_RESULT_VAL_GRP (LUI_ID, RESULT_VAL_GRP_ID) values ('f0287014-44fb-47ee-973d-7f189ea5f363', 'kuali.resultComponent.grade.audit')
/
insert into KSEN_LUI_RESULT_VAL_GRP (LUI_ID, RESULT_VAL_GRP_ID) values ('f0287014-44fb-47ee-973d-7f189ea5f363', 'kuali.resultComponent.grade.passFail')
/
insert into KSEN_LUI_RESULT_VAL_GRP (LUI_ID, RESULT_VAL_GRP_ID) values ('f0287014-44fb-47ee-973d-7f189ea5f363', 'kuali.creditType.credit.degree.3.0')
/
insert into KSEN_LUI (OBJ_ID, VER_NBR, CREATEID, CREATETIME, UPDATEID, UPDATETIME, ATP_ID, CLU_ID, EFF_DT, EXPIR_DT, DESCR_FORMATTED, LUI_STATE, LUI_TYPE, MAX_SEATS, MIN_SEATS, NAME, DESCR_PLAIN, REF_URL, ID) values ('5a403897-d587-41ef-b463-bd7d0c82b275', 0, 'admin', TIMESTAMP '2014-02-06 10:34:38.883', 'admin', TIMESTAMP '2014-02-06 10:34:38.883', 'kuali.atp.2014Winter', 'c0a7ccc8-be5f-404f-8e26-7fe95ef917b6', '', '', 'Courses with Lecture only', 'kuali.lui.format.offering.state.draft', 'kuali.lui.type.course.format.offering', '', '', 'Lecture Only', 'Courses with Lecture only', '', '452e27e5-62b4-4540-a910-566e4e2a827d')
/
insert into KSEN_LUI_ATTR (OBJ_ID, ATTR_KEY, OWNER_ID, ATTR_VALUE, ID) values ('88faaac2-0d9a-4d94-9937-d23f7370bb69', 'kuali.attribute.final.exam.level.type', '452e27e5-62b4-4540-a910-566e4e2a827d', 'kuali.lu.type.activity.Lecture', '9240b8bd-e2ac-4266-9f3e-e878c871da79')
/
insert into KSEN_LUI_ATTR (OBJ_ID, ATTR_KEY, OWNER_ID, ATTR_VALUE, ID) values ('32cee409-6f2f-4637-81e6-177ce67194e7', 'kuali.attribute.grade.roster.level.type.key', '452e27e5-62b4-4540-a910-566e4e2a827d', 'kuali.lui.type.activity.offering.lecture', '3b7a7888-1f27-4d9d-a1da-d6dec3532cea')
/
insert into KSEN_LUI_ATTR (OBJ_ID, ATTR_KEY, OWNER_ID, ATTR_VALUE, ID) values ('c6be232b-1ebd-44a8-bc9c-43f67a5fa788', 'regCodePrefix', '452e27e5-62b4-4540-a910-566e4e2a827d', '1', 'a867f0ed-1b9d-464d-aa5e-cbcaf3886da0')
/
insert into KSEN_LUI_IDENT (OBJ_ID, VER_NBR, CREATEID, CREATETIME, UPDATEID, UPDATETIME, LUI_CD, DIVISION, IDENT_LEVEL, LNG_NAME, LUI_ID, ORGID, SHRT_NAME, LUI_ID_STATE, SUFX_CD, LUI_ID_TYPE, VARTN, ID) values ('3ddf854e-0c8b-4abb-90ea-daf65a76b4a4', 0, 'admin', TIMESTAMP '2014-02-06 10:34:38.883', 'admin', TIMESTAMP '2014-02-06 10:34:38.883', '', '', '', 'Lecture Only', '452e27e5-62b4-4540-a910-566e4e2a827d', '', 'LEC', 'kuali.lui.identifier.state.active', '', 'kuali.lui.identifier.type.official', '', 'cd768213-4cbf-46ba-a422-d5b797439a98')
/
insert into KSEN_LUI_RELATED_LUI_TYPES (LUI_ID, RELATED_LUI_TYPE) values ('452e27e5-62b4-4540-a910-566e4e2a827d', 'kuali.lui.type.activity.offering.lecture')
/
insert into KSEN_LUILUI_RELTN (OBJ_ID, VER_NBR, CREATEID, CREATETIME, UPDATEID, UPDATETIME, EFF_DT, EXPIR_DT, DESCR_FORMATTED, LUI_ID, LUILUI_RELTN_STATE, LUILUI_RELTN_TYPE, NAME, DESCR_PLAIN, RELATED_LUI_ID, ID) values ('aacfd209-f3d3-43dd-98af-dcc9570854d6', 0, 'admin', TIMESTAMP '2014-02-06 10:34:38.883', 'admin', TIMESTAMP '2014-02-06 10:34:38.883', TIMESTAMP '2014-02-06 10:37:19.965', '', 'HIST306-CO-FO', 'f0287014-44fb-47ee-973d-7f189ea5f363', 'kuali.lui.lui.relation.state.active', 'kuali.lui.lui.relation.type.deliveredvia.co2fo', 'co-fo-relation', 'HIST306-CO-FO', '452e27e5-62b4-4540-a910-566e4e2a827d', '33398865-3d75-4470-aa4f-54582041e48c')
/
insert into KSEN_LUI (OBJ_ID, VER_NBR, CREATEID, CREATETIME, UPDATEID, UPDATETIME, ATP_ID, CLU_ID, EFF_DT, EXPIR_DT, DESCR_FORMATTED, LUI_STATE, LUI_TYPE, MAX_SEATS, MIN_SEATS, NAME, DESCR_PLAIN, REF_URL, ID) values ('b5ad6186-d5f1-447b-bb3b-22c0a94e28b0', 0, 'admin', TIMESTAMP '2014-02-06 10:34:38.883', 'admin', TIMESTAMP '2014-02-06 10:34:38.883', 'kuali.atp.2014Winter', '9dfb4813-ad36-4549-9292-1375ddc7c8c1', '', '', 'Courses with lecture', 'kuali.lui.activity.offering.state.draft', 'kuali.lui.type.activity.offering.lecture', 40, 40, 'Lecture', 'Courses with lecture', null, '6078bb1e-0cc5-4b57-9dc9-570b44f6662e')
/
insert into KSEN_LUI_ATTR (OBJ_ID, ATTR_KEY, OWNER_ID, ATTR_VALUE, ID) values ('dd30a231-1474-4766-8e20-279b944c957e', 'kuali.attribute.course.evaluation.indicator', '6078bb1e-0cc5-4b57-9dc9-570b44f6662e', 0, 'd7c47b24-04b5-4162-85d2-729de38c4cb3')
/
insert into KSEN_LUI_ATTR (OBJ_ID, ATTR_KEY, OWNER_ID, ATTR_VALUE, ID) values ('4c54efdb-b7f5-4b57-b395-c0942419027b', 'kuali.attribute.nonstd.ts.indicator', '6078bb1e-0cc5-4b57-9dc9-570b44f6662e', 0, '5cd42a14-f0e1-46a7-991c-223c5763ce7a')
/
insert into KSEN_LUI_ATTR (OBJ_ID, ATTR_KEY, OWNER_ID, ATTR_VALUE, ID) values ('0e3f3028-8ab0-4a17-a0f6-b63827e338cc', 'kuali.attribute.max.enrollment.is.estimate', '6078bb1e-0cc5-4b57-9dc9-570b44f6662e', 0, '0b93340c-fe2b-46f6-88fa-87eeb46c37fb')
/
insert into KSEN_LUI_IDENT (OBJ_ID, VER_NBR, CREATEID, CREATETIME, UPDATEID, UPDATETIME, LUI_CD, DIVISION, IDENT_LEVEL, LNG_NAME, LUI_ID, ORGID, SHRT_NAME, LUI_ID_STATE, SUFX_CD, LUI_ID_TYPE, VARTN, ID) values ('a73afc02-5329-4e42-8733-f9047b8c5c2f', 0, 'admin', TIMESTAMP '2014-02-06 10:34:38.883', 'admin', TIMESTAMP '2014-02-06 10:34:38.883', 'A', '', '', '', '6078bb1e-0cc5-4b57-9dc9-570b44f6662e', '', '', 'kuali.lui.identifier.state.active', '', 'kuali.lui.identifier.type.official', '', '349bd802-930a-49c5-a5e7-ee7a026b617b')
/
insert into KSEN_LUI_LU_CD (OBJ_ID, VER_NBR, CREATEID, CREATETIME, UPDATEID, UPDATETIME, DESCR_FORMATTED, LUI_ID, DESCR_PLAIN, LUI_LUCD_TYPE, VALUE, ID) values ('ae044385-1fdd-423d-befc-0b52badc8aac', 0, 'admin', TIMESTAMP '2014-02-06 10:34:38.883', 'admin', TIMESTAMP '2014-02-06 10:34:38.883', '', '6078bb1e-0cc5-4b57-9dc9-570b44f6662e', '', 'kuali.lu.code.honorsOffering', 0, '24a419fb-9fa0-4423-b46a-4dacb03ab8ef')
/
insert into KSEN_LPR (OBJ_ID, VER_NBR, CREATEID, CREATETIME, UPDATEID, UPDATETIME, ATP_ID, COMMIT_PERCT, CREDITS, EFF_DT, EXPIR_DT, GRADING_OPT_ID, LUI_ID, MASTER_LUI_ID, PERS_ID, LPR_STATE, LPR_TYPE, ID) values ('3e6dccbe-b471-4481-80dd-e5d95b4115c2', 0, 'admin', TIMESTAMP '2014-02-06 10:34:38.883', 'admin', TIMESTAMP '2014-02-06 10:34:38.883', '', '100.00', '', TIMESTAMP '2014-02-06 10:37:20.053', '', '', '6078bb1e-0cc5-4b57-9dc9-570b44f6662e', '', 'G.ERICK', 'kuali.lpr.state.active', 'kuali.lpr.type.instructor.main', '35e499d4-d2de-4958-b39f-08cc8f2ae9f9')
/
insert into KSEN_LUILUI_RELTN (OBJ_ID, VER_NBR, CREATEID, CREATETIME, UPDATEID, UPDATETIME, EFF_DT, EXPIR_DT, DESCR_FORMATTED, LUI_ID, LUILUI_RELTN_STATE, LUILUI_RELTN_TYPE, NAME, DESCR_PLAIN, RELATED_LUI_ID, ID) values ('dfd52c32-b17a-4b28-aeb4-52654e3c9269', 0, 'admin', TIMESTAMP '2014-02-06 10:34:38.883', 'admin', TIMESTAMP '2014-02-06 10:34:38.883', TIMESTAMP '2014-02-06 10:37:20.078', '', 'HIST306-FO-AO', '452e27e5-62b4-4540-a910-566e4e2a827d', 'kuali.lui.lui.relation.state.active', 'kuali.lui.lui.relation.type.deliveredvia.fo2ao', 'fo-ao-relation', 'HIST306-FO-AO', '6078bb1e-0cc5-4b57-9dc9-570b44f6662e', '0374c369-5e1c-40a5-9a47-dcf16eb4f2aa')
/
insert into KSEN_SCHED_RQST_SET (OBJ_ID, VER_NBR, CREATEID, CREATETIME, UPDATEID, UPDATETIME, DESCR_FORMATTED, MAX_ENRL_SHARED_IND, MAX_ENRL, NAME, DESCR_PLAIN, REF_OBJECT_TYPE, SCHED_RQST_SET_STATE, SCHED_RQST_SET_TYPE, ID) values ('8c115836-5029-4790-8418-999bebf2475b', 0, 'admin', TIMESTAMP '2014-02-06 10:34:38.883', 'admin', TIMESTAMP '2014-02-06 10:34:38.883', '', 0, '', 'Schedule request set for HIST306 - A', '', 'http://student.kuali.org/wsdl/courseOffering/ActivityOfferingInfo', 'kuali.scheduling.schedule.request.set.state.created', 'kuali.scheduling.schedule.request.set.type.schedule.request.set', '7ce996ab-cccd-4126-a17d-ffdf1c5ad4fe')
/
insert into KSEN_SCHED_RQST (OBJ_ID, VER_NBR, CREATEID, CREATETIME, UPDATEID, UPDATETIME, DESCR_FORMATTED, NAME, DESCR_PLAIN, SCHED_RQST_STATE, SCHED_RQST_TYPE, SCHED_ID, SCHED_RQST_SET_ID, ID) values ('3614e210-04da-46bf-b8ba-2906b55b0a0a', 0, 'admin', TIMESTAMP '2014-02-06 10:34:38.883', 'admin', TIMESTAMP '2014-02-06 10:34:38.883', '', 'Schedule request for HIST306 - A', '', 'kuali.scheduling.schedule.request.state.created', 'kuali.scheduling.schedule.request.type.schedule.request', '', '7ce996ab-cccd-4126-a17d-ffdf1c5ad4fe', '4584ded4-ea13-434f-8daf-2809d3881abb')
/
insert into KSEN_SCHED_RQST_CMP (OBJ_ID, TBA_IND, SCHED_RQST_ID, ID) values ('d9050e83-afb0-4fc2-97be-240d8190596b', 0, '4584ded4-ea13-434f-8daf-2809d3881abb', 'fb2dc6f7-795d-4e4d-abd5-1cc0c2d137fa')
/
insert into KSEN_SCHED_REF_OBJECT (SCHED_RQST_SET_ID, REF_OBJECT_ID) values ('7ce996ab-cccd-4126-a17d-ffdf1c5ad4fe', '6078bb1e-0cc5-4b57-9dc9-570b44f6662e')
/
insert into KSEN_SCHED_RQST_CMP_BLDG (CMP_ID, BUILDING_ID) values ('fb2dc6f7-795d-4e4d-abd5-1cc0c2d137fa', 'd5138c2b-01ee-4e81-b526-38ed2a7c60a3')
/
insert into KSEN_SCHED_RQST_CMP_CAMPUS (CMP_ID, CAMPUS_ID) values ('fb2dc6f7-795d-4e4d-abd5-1cc0c2d137fa', 'UMCP')
/
insert into KSEN_SCHED_RQST_CMP_ROOM (CMP_ID, ROOM_ID) values ('fb2dc6f7-795d-4e4d-abd5-1cc0c2d137fa', '6dd715ea-cc9b-4cd1-9a34-f96628650406')
/
insert into KSEN_SCHED_RQST_CMP_TMSLOT (CMP_ID, TM_SLOT_ID) values ('fb2dc6f7-795d-4e4d-abd5-1cc0c2d137fa', '4A6971D2-447D-4359-B949-F4EDF104A0AA')
/
insert into KSEN_CO_SEAT_POOL_DEFN (OBJ_ID, VER_NBR, CREATEID, CREATETIME, UPDATEID, UPDATETIME, ACTIVITY_OFFERING_ID, EXPIR_MSTONE_TYPE, PERCENTAGE_IND, NAME, POPULATION_ID, PROCESSING_PRIORITY, SEAT_LIMIT, SEAT_POOL_DEFN_STATE, SEAT_POOL_DEFN_TYPE, ID) values ('c082c7b3-08e3-4145-8c4d-a32dcd5b1af4', 1, 'admin', TIMESTAMP '2014-02-06 10:34:38.883', 'admin', TIMESTAMP '2014-02-06 10:34:38.883', '', 'kuali.atp.milestone.firstdayofclasses', 0, '300-level Senior Seatpool', '4160a52b-d353-4ab3-b72d-a3c2f9969783', 1, 5, 'kuali.lui.capacity.state.active', 'kuali.lui.capacity.type.seatpool', '4a9e6270-f650-462b-9075-abd75e2cccab')
/
insert into KSEN_CWL (OBJ_ID, VER_NBR, CREATEID, CREATETIME, UPDATEID, UPDATETIME, ALLOW_HOLD_UTIL_ENTRIES_IND, AUTO_PROCESSED_IND, CHECK_IN_REQ_IND, CONF_REQ_IND, EFF_DT, EXPIR_DT, MAX_SIZE, REG_IN_FIRST_AAO_IND, STD_DUR_TIME_QTY, STD_DUR_TYPE, CWL_STATE, CWL_TYPE, ID) values ('9805aba1-1ecd-4d2a-ae88-d9a3c84c0dc3', 0, 'admin', TIMESTAMP '2014-02-06 10:34:38.883', 'admin', TIMESTAMP '2014-02-06 10:34:38.883', 1, 1, 0, 1, TIMESTAMP '2013-01-02 00:00:00.0', '', '', 1, '', '', 'kuali.course.waitlist.state.active', 'kuali.course.waitlist.type.course.waitlist', 'dabfdbe8-1176-4dcc-af93-919a4e40588d')
/
update KSEN_CO_SEAT_POOL_DEFN set OBJ_ID='c082c7b3-08e3-4145-8c4d-a32dcd5b1af4', VER_NBR=2, UPDATEID='admin', UPDATETIME=TIMESTAMP '2014-02-06 10:34:38.883', ACTIVITY_OFFERING_ID='6078bb1e-0cc5-4b57-9dc9-570b44f6662e', EXPIR_MSTONE_TYPE='kuali.atp.milestone.firstdayofclasses', PERCENTAGE_IND=0, NAME='300-level Senior Seatpool', POPULATION_ID='4160a52b-d353-4ab3-b72d-a3c2f9969783', PROCESSING_PRIORITY=1, SEAT_LIMIT=5, SEAT_POOL_DEFN_STATE='kuali.lui.capacity.state.active', SEAT_POOL_DEFN_TYPE='kuali.lui.capacity.type.seatpool' where ID='4a9e6270-f650-462b-9075-abd75e2cccab' and VER_NBR=1
/
insert into KSEN_CWL_ACTIV_OFFER (CWL_ID, ACTIV_OFFER_ID) values ('dabfdbe8-1176-4dcc-af93-919a4e40588d', '6078bb1e-0cc5-4b57-9dc9-570b44f6662e')
/
insert into KSEN_CWL_FORMAT_OFFER (CWL_ID, FORMAT_OFFER_ID) values ('dabfdbe8-1176-4dcc-af93-919a4e40588d', '452e27e5-62b4-4540-a910-566e4e2a827d')
/
insert into KSEN_CO_AO_CLUSTER (OBJ_ID, VER_NBR, CREATEID, CREATETIME, UPDATEID, UPDATETIME, AO_CLUSTER_STATE, AO_CLUSTER_TYPE, DESCR_FORMATTED, DESCR_PLAIN, FORMAT_OFFERING_ID, NAME, PRIVATE_NAME, ID) values ('357aa013-e162-4250-aab9-cc43762d96e5', 0, 'admin', TIMESTAMP '2014-02-06 10:34:38.883', 'admin', TIMESTAMP '2014-02-06 10:34:38.883', 'kuali.activity.offering.cluster.state.active', 'kuali.activity.offering.cluster.type.activity.offering.cluster', '', '', '452e27e5-62b4-4540-a910-566e4e2a827d', 'CL 1', 'CL 1', '4f948bc7-2646-496f-af70-e503b9f86b32')
/
insert into KSEN_CO_AO_CLUSTER_SET (OBJ_ID, ACTIVITY_OFFERING_TYPE, AO_CLUSTER_ID, ID) values ('55145ac0-2b95-48df-a51e-a8204c6722d4', 'kuali.lui.type.activity.offering.lecture', '4f948bc7-2646-496f-af70-e503b9f86b32', 'e2de1eba-2ab1-43ec-8e09-925e6b375d84')
/
insert into KSEN_CO_AO_CLUSTER_SET_AO (AOC_SET_ID, ACTIVITY_OFFERING_ID) values ('e2de1eba-2ab1-43ec-8e09-925e6b375d84', '6078bb1e-0cc5-4b57-9dc9-570b44f6662e')
/
update KSEN_CO_AO_CLUSTER_SET set AO_CLUSTER_ID='4f948bc7-2646-496f-af70-e503b9f86b32' where ID='e2de1eba-2ab1-43ec-8e09-925e6b375d84'
/
insert into KSEN_LUI (OBJ_ID, VER_NBR, CREATEID, CREATETIME, UPDATEID, UPDATETIME, ATP_ID, CLU_ID, EFF_DT, EXPIR_DT, DESCR_FORMATTED, LUI_STATE, LUI_TYPE, MAX_SEATS, MIN_SEATS, NAME, DESCR_PLAIN, REF_URL, ID) values ('835ac5a4-4d04-4b40-9158-bebab5dfc7da', 0, 'admin', TIMESTAMP '2014-02-06 10:34:38.883', 'admin', TIMESTAMP '2014-02-06 10:34:38.883', 'kuali.atp.2014Winter', 'c0a7ccc8-be5f-404f-8e26-7fe95ef917b6', '', '', '1001', 'kuali.lui.registration.group.state.pending', 'kuali.lui.type.registration.group', '', '', '1001', '1001', '', '22eb4ca4-ca43-4b62-bb6b-5a9886d967a1')
/
insert into KSEN_LUI_ATTR (OBJ_ID, ATTR_KEY, OWNER_ID, ATTR_VALUE, ID) values ('5a148bb4-9c6b-4579-942f-58ab3ee81deb', 'kuali.attribute.registration.group.aocluster.id', '22eb4ca4-ca43-4b62-bb6b-5a9886d967a1', '4f948bc7-2646-496f-af70-e503b9f86b32', '9da6c2e9-5564-4122-98cd-6dcd87837360')
/
insert into KSEN_LUI_ATTR (OBJ_ID, ATTR_KEY, OWNER_ID, ATTR_VALUE, ID) values ('13f24020-7460-4152-b346-4ec353948b55', 'kuali.attribute.registration.group.is.generated', '22eb4ca4-ca43-4b62-bb6b-5a9886d967a1', 1, '06b613fe-eb5a-486b-8f64-729a1e8b6430')
/
insert into KSEN_LUI_IDENT (OBJ_ID, VER_NBR, CREATEID, CREATETIME, UPDATEID, UPDATETIME, LUI_CD, DIVISION, IDENT_LEVEL, LNG_NAME, LUI_ID, ORGID, SHRT_NAME, LUI_ID_STATE, SUFX_CD, LUI_ID_TYPE, VARTN, ID) values ('cc410a02-ab3b-4d2f-9ca7-919471fc1c8c', 0, 'admin', TIMESTAMP '2014-02-06 10:34:38.883', 'admin', TIMESTAMP '2014-02-06 10:34:38.883', '', '', '', '', '22eb4ca4-ca43-4b62-bb6b-5a9886d967a1', '', '', 'kuali.lui.identifier.state.active', '', 'kuali.lui.identifier.type.official', '', '13dfbae9-f3be-48e6-a4e2-513d891226aa')
/
insert into KSEN_LUILUI_RELTN (OBJ_ID, VER_NBR, CREATEID, CREATETIME, UPDATEID, UPDATETIME, EFF_DT, EXPIR_DT, DESCR_FORMATTED, LUI_ID, LUILUI_RELTN_STATE, LUILUI_RELTN_TYPE, NAME, DESCR_PLAIN, RELATED_LUI_ID, ID) values ('69150d3b-1f08-450a-9793-cafba7eacdb8', 0, 'admin', TIMESTAMP '2014-02-06 10:34:38.883', 'admin', TIMESTAMP '2014-02-06 10:34:38.883', TIMESTAMP '2014-02-06 10:37:20.594', '', 'HIST306-FO-RG', '452e27e5-62b4-4540-a910-566e4e2a827d', 'kuali.lui.lui.relation.state.active', 'kuali.lui.lui.relation.type.deliveredvia.fo2rg', 'fo-rg-relation', 'HIST306-FO-RG', '22eb4ca4-ca43-4b62-bb6b-5a9886d967a1', 'c0e78b62-8faa-4684-94dc-e4a38395aed5')
/
insert into KSEN_LUILUI_RELTN (OBJ_ID, VER_NBR, CREATEID, CREATETIME, UPDATEID, UPDATETIME, EFF_DT, EXPIR_DT, DESCR_FORMATTED, LUI_ID, LUILUI_RELTN_STATE, LUILUI_RELTN_TYPE, NAME, DESCR_PLAIN, RELATED_LUI_ID, ID) values ('d3b1909c-32ff-4319-9b24-e75573b9fbba', 0, 'admin', TIMESTAMP '2014-02-06 10:34:38.883', 'admin', TIMESTAMP '2014-02-06 10:34:38.883', TIMESTAMP '2014-02-06 10:37:20.628', '', 'HIST306-RG-AO', '22eb4ca4-ca43-4b62-bb6b-5a9886d967a1', 'kuali.lui.lui.relation.state.active', 'kuali.lui.lui.relation.type.registeredforvia.rg2ao', 'rg-ao-relation', 'HIST306-RG-AO', '6078bb1e-0cc5-4b57-9dc9-570b44f6662e', '918d75e7-01f6-4654-ab18-b7dc5877dbfd')
/
insert into KSEN_LUI (OBJ_ID, VER_NBR, CREATEID, CREATETIME, UPDATEID, UPDATETIME, ATP_ID, CLU_ID, EFF_DT, EXPIR_DT, DESCR_FORMATTED, LUI_STATE, LUI_TYPE, MAX_SEATS, MIN_SEATS, NAME, DESCR_PLAIN, REF_URL, ID) values ('d3431e5f-0a8c-4371-92a7-71431eedd101', 0, 'admin', TIMESTAMP '2014-02-06 10:34:38.883', 'admin', TIMESTAMP '2014-02-06 10:34:38.883', 'kuali.atp.2014Winter', 'e9a4e168-0dfe-4e19-a88c-c9b9999e27d9', TIMESTAMP '2014-01-02 00:00:00.0', '', 'Political and literary traditions that intersect in the fiction, poetry, and drama written in English by Caribbean writers, primarily during the 20th century.', 'kuali.lui.course.offering.state.draft', 'kuali.lui.type.course.offering', '', '', 'ENGL362 CO', 'Political and literary traditions that intersect in the fiction, poetry, and drama written in English by Caribbean writers, primarily during the 20th century.', null, 'dc26ea48-e0be-4c86-87b8-5ffd75e410d6')
/
insert into KSEN_LUI_ATTR (OBJ_ID, ATTR_KEY, OWNER_ID, ATTR_VALUE, ID) values ('1873ce49-d2b4-4217-bf2e-0f3c37bdd2fd', 'kuali.attribute.course.number.internal.suffix', 'dc26ea48-e0be-4c86-87b8-5ffd75e410d6', 'A', '241843cb-7df3-41bc-8634-f5b5f8c74081')
/
insert into KSEN_LUI_ATTR (OBJ_ID, ATTR_KEY, OWNER_ID, ATTR_VALUE, ID) values ('57e1afff-6700-46ae-b92b-fe1ac7882a82', 'kuali.attribute.final.exam.indicator', 'dc26ea48-e0be-4c86-87b8-5ffd75e410d6', 'STANDARD', '1d1881dd-9bda-4f64-b02d-bc9c562392e5')
/
insert into KSEN_LUI_ATTR (OBJ_ID, ATTR_KEY, OWNER_ID, ATTR_VALUE, ID) values ('8604e797-f29b-4054-a7f6-c051f11b524b', 'kuali.attribute.final.exam.use.matrix', 'dc26ea48-e0be-4c86-87b8-5ffd75e410d6', 1, '084484aa-94d1-4b83-a799-319382f73133')
/
insert into KSEN_LUI_ATTR (OBJ_ID, ATTR_KEY, OWNER_ID, ATTR_VALUE, ID) values ('6b0d28b0-2f45-4783-b359-2041131a8865', 'kuali.attribute.funding.source', 'dc26ea48-e0be-4c86-87b8-5ffd75e410d6', '', '6f4f6162-129e-4483-8386-58c5ebf51d22')
/
insert into KSEN_LUI_ATTR (OBJ_ID, ATTR_KEY, OWNER_ID, ATTR_VALUE, ID) values ('76e58905-d686-4577-b17f-97ae39b38d20', 'kuali.attribute.final.exam.driver', 'dc26ea48-e0be-4c86-87b8-5ffd75e410d6', 'kuali.lu.exam.driver.ActivityOffering', '229b8b04-9faa-4278-99d2-9f263f6b9721')
/
insert into KSEN_LUI_ATTR (OBJ_ID, ATTR_KEY, OWNER_ID, ATTR_VALUE, ID) values ('a674a8f2-0774-40cb-a3af-bd4f88523649', 'kuali.attribute.course.evaluation.indicator', 'dc26ea48-e0be-4c86-87b8-5ffd75e410d6', 0, '9cf09b6d-31a6-486a-857f-8e7c4ba2622d')
/
insert into KSEN_LUI_ATTR (OBJ_ID, ATTR_KEY, OWNER_ID, ATTR_VALUE, ID) values ('c356aa16-8f09-49a8-ac2c-801dc65a8660', 'kuali.attribute.where.fees.attached.flag', 'dc26ea48-e0be-4c86-87b8-5ffd75e410d6', 0, 'ba21c90c-ef7c-4d89-bae0-5480abf0ed22')
/
insert into KSEN_LUI_ATTR (OBJ_ID, ATTR_KEY, OWNER_ID, ATTR_VALUE, ID) values ('95bcc1b9-9220-4d19-baf2-b8560c77ef57', 'kuali.attribute.wait.list.type.key', 'dc26ea48-e0be-4c86-87b8-5ffd75e410d6', null, '577d02b9-d06a-4a79-933a-8db45625825e')
/
insert into KSEN_LUI_ATTR (OBJ_ID, ATTR_KEY, OWNER_ID, ATTR_VALUE, ID) values ('85e79fcb-feb0-4271-a0a2-0f308892e472', 'kuali.attribute.wait.list.level.type.key', 'dc26ea48-e0be-4c86-87b8-5ffd75e410d6', 'AO', '7ec5bf21-65f3-4a4b-9647-592143a53b7a')
/
insert into KSEN_LUI_ATTR (OBJ_ID, ATTR_KEY, OWNER_ID, ATTR_VALUE, ID) values ('bb6f2ad4-aaae-4088-8514-e8295a487244', 'kuali.attribute.wait.list.indicator', 'dc26ea48-e0be-4c86-87b8-5ffd75e410d6', 1, 'e27523ca-667f-4780-98f3-17e9e1699101')
/
insert into KSEN_LUI_IDENT (OBJ_ID, VER_NBR, CREATEID, CREATETIME, UPDATEID, UPDATETIME, LUI_CD, DIVISION, IDENT_LEVEL, LNG_NAME, LUI_ID, ORGID, SHRT_NAME, LUI_ID_STATE, SUFX_CD, LUI_ID_TYPE, VARTN, ID) values ('0c88c868-e4f9-46e0-aa4d-4be85e864c81', 0, 'admin', TIMESTAMP '2014-02-06 10:34:38.883', 'admin', TIMESTAMP '2014-02-06 10:34:38.883', 'ENGL362', 'ENGL', '', 'Caribbean Literature in English', 'dc26ea48-e0be-4c86-87b8-5ffd75e410d6', '', '', 'kuali.lui.identifier.state.active', '', 'kuali.lui.identifier.type.official', '', '9401a078-9d92-4d4d-9817-e65685e164a7')
/
insert into KSEN_LUI_LU_CD (OBJ_ID, VER_NBR, CREATEID, CREATETIME, UPDATEID, UPDATETIME, DESCR_FORMATTED, LUI_ID, DESCR_PLAIN, LUI_LUCD_TYPE, VALUE, ID) values ('bf78ed39-ca59-4428-aa7e-aba1040803fb', 0, 'admin', TIMESTAMP '2014-02-06 10:34:38.883', 'admin', TIMESTAMP '2014-02-06 10:34:38.883', '', 'dc26ea48-e0be-4c86-87b8-5ffd75e410d6', '', 'kuali.lu.code.honorsOffering', '', '5140c086-69ce-4b27-91e0-bd392258d611')
/
insert into KSEN_LUI_UNITS_DEPLOYMENT (LUI_ID, ORG_ID, ID) values ('dc26ea48-e0be-4c86-87b8-5ffd75e410d6', '2677933260', '35ae868b-b615-48ce-bb00-632928e8a28a')
/
insert into KSEN_LUI_UNITS_CONT_OWNER (LUI_ID, ORG_ID) values ('dc26ea48-e0be-4c86-87b8-5ffd75e410d6', '2677933260')
/
insert into KSEN_LUI_RESULT_VAL_GRP (LUI_ID, RESULT_VAL_GRP_ID) values ('dc26ea48-e0be-4c86-87b8-5ffd75e410d6', 'kuali.resultComponent.grade.letter')
/
insert into KSEN_LUI_RESULT_VAL_GRP (LUI_ID, RESULT_VAL_GRP_ID) values ('dc26ea48-e0be-4c86-87b8-5ffd75e410d6', 'kuali.resultComponent.grade.audit')
/
insert into KSEN_LUI_RESULT_VAL_GRP (LUI_ID, RESULT_VAL_GRP_ID) values ('dc26ea48-e0be-4c86-87b8-5ffd75e410d6', 'kuali.resultComponent.grade.passFail')
/
insert into KSEN_LUI_RESULT_VAL_GRP (LUI_ID, RESULT_VAL_GRP_ID) values ('dc26ea48-e0be-4c86-87b8-5ffd75e410d6', 'kuali.creditType.credit.degree.3.0')
/
insert into KSEN_LUI (OBJ_ID, VER_NBR, CREATEID, CREATETIME, UPDATEID, UPDATETIME, ATP_ID, CLU_ID, EFF_DT, EXPIR_DT, DESCR_FORMATTED, LUI_STATE, LUI_TYPE, MAX_SEATS, MIN_SEATS, NAME, DESCR_PLAIN, REF_URL, ID) values ('d6761da5-5098-4b5b-b316-1f1686fe9b6f', 0, 'admin', TIMESTAMP '2014-02-06 10:34:38.883', 'admin', TIMESTAMP '2014-02-06 10:34:38.883', 'kuali.atp.2014Winter', 'e0246130-0245-420e-8771-ef8b6bebf6b0', '', '', 'Courses with Lecture only', 'kuali.lui.format.offering.state.draft', 'kuali.lui.type.course.format.offering', '', '', 'Lecture Only', 'Courses with Lecture only', '', 'a0738b1c-1a03-4728-9d0d-da82098c6389')
/
insert into KSEN_LUI_ATTR (OBJ_ID, ATTR_KEY, OWNER_ID, ATTR_VALUE, ID) values ('9e8976e8-5ddc-4879-ade4-ab1406616d90', 'regCodePrefix', 'a0738b1c-1a03-4728-9d0d-da82098c6389', '1', 'db645999-0d01-4f17-9a18-68a54917b352')
/
insert into KSEN_LUI_ATTR (OBJ_ID, ATTR_KEY, OWNER_ID, ATTR_VALUE, ID) values ('699c4043-2a5e-42de-aa0d-8e8eac20a773', 'kuali.attribute.final.exam.level.type', 'a0738b1c-1a03-4728-9d0d-da82098c6389', 'kuali.lu.type.activity.Lecture', 'fe063954-80c3-4a53-9956-5fca36503464')
/
insert into KSEN_LUI_ATTR (OBJ_ID, ATTR_KEY, OWNER_ID, ATTR_VALUE, ID) values ('88479b7e-3655-440c-8bb6-6467c0f1b8ae', 'kuali.attribute.grade.roster.level.type.key', 'a0738b1c-1a03-4728-9d0d-da82098c6389', 'kuali.lui.type.activity.offering.lecture', 'f79e368b-5e05-41e3-bfdf-2564c11bfbe4')
/
insert into KSEN_LUI_IDENT (OBJ_ID, VER_NBR, CREATEID, CREATETIME, UPDATEID, UPDATETIME, LUI_CD, DIVISION, IDENT_LEVEL, LNG_NAME, LUI_ID, ORGID, SHRT_NAME, LUI_ID_STATE, SUFX_CD, LUI_ID_TYPE, VARTN, ID) values ('15a9bae4-e853-425f-9028-9c5326518844', 0, 'admin', TIMESTAMP '2014-02-06 10:34:38.883', 'admin', TIMESTAMP '2014-02-06 10:34:38.883', '', '', '', 'Lecture Only', 'a0738b1c-1a03-4728-9d0d-da82098c6389', '', 'LEC', 'kuali.lui.identifier.state.active', '', 'kuali.lui.identifier.type.official', '', '38478792-d320-4439-ac22-d491446c2daf')
/
insert into KSEN_LUI_RELATED_LUI_TYPES (LUI_ID, RELATED_LUI_TYPE) values ('a0738b1c-1a03-4728-9d0d-da82098c6389', 'kuali.lui.type.activity.offering.lecture')
/
insert into KSEN_LUILUI_RELTN (OBJ_ID, VER_NBR, CREATEID, CREATETIME, UPDATEID, UPDATETIME, EFF_DT, EXPIR_DT, DESCR_FORMATTED, LUI_ID, LUILUI_RELTN_STATE, LUILUI_RELTN_TYPE, NAME, DESCR_PLAIN, RELATED_LUI_ID, ID) values ('27256f7f-0187-4e52-a102-15b7d2bfe3db', 0, 'admin', TIMESTAMP '2014-02-06 10:34:38.883', 'admin', TIMESTAMP '2014-02-06 10:34:38.883', TIMESTAMP '2014-02-06 10:37:24.037', '', 'ENGL362-CO-FO', 'dc26ea48-e0be-4c86-87b8-5ffd75e410d6', 'kuali.lui.lui.relation.state.active', 'kuali.lui.lui.relation.type.deliveredvia.co2fo', 'co-fo-relation', 'ENGL362-CO-FO', 'a0738b1c-1a03-4728-9d0d-da82098c6389', '095cd1d5-0d1a-498d-87bc-bf5016e237e6')
/
insert into KSEN_LUI (OBJ_ID, VER_NBR, CREATEID, CREATETIME, UPDATEID, UPDATETIME, ATP_ID, CLU_ID, EFF_DT, EXPIR_DT, DESCR_FORMATTED, LUI_STATE, LUI_TYPE, MAX_SEATS, MIN_SEATS, NAME, DESCR_PLAIN, REF_URL, ID) values ('7734a6be-b5ff-4bef-be07-9ac67fbe3a56', 0, 'admin', TIMESTAMP '2014-02-06 10:34:38.883', 'admin', TIMESTAMP '2014-02-06 10:34:38.883', 'kuali.atp.2014Winter', '193c61ab-4faf-403e-a3d8-dbea6af59cc6', '', '', 'Courses with lecture', 'kuali.lui.activity.offering.state.draft', 'kuali.lui.type.activity.offering.lecture', 25, 25, 'Lecture', 'Courses with lecture', null, '61aafef3-196b-4092-aad5-8f7a45a876db')
/
insert into KSEN_LUI_ATTR (OBJ_ID, ATTR_KEY, OWNER_ID, ATTR_VALUE, ID) values ('057843ad-cd2d-42e4-b373-d706ec65be02', 'kuali.attribute.course.evaluation.indicator', '61aafef3-196b-4092-aad5-8f7a45a876db', 0, 'dbe192e6-7f19-4a31-bd74-f0788e82ca55')
/
insert into KSEN_LUI_ATTR (OBJ_ID, ATTR_KEY, OWNER_ID, ATTR_VALUE, ID) values ('0aa57cf6-6223-4266-9b03-9ddf3f564718', 'kuali.attribute.max.enrollment.is.estimate', '61aafef3-196b-4092-aad5-8f7a45a876db', 0, '1fc9f729-8e40-4667-8d26-31c1027b635f')
/
insert into KSEN_LUI_ATTR (OBJ_ID, ATTR_KEY, OWNER_ID, ATTR_VALUE, ID) values ('0b1eebcb-d3ae-427e-814b-ccb0a3b3a5cf', 'kuali.attribute.nonstd.ts.indicator', '61aafef3-196b-4092-aad5-8f7a45a876db', 0, '083a9152-6a04-4fde-8b71-7c564597c8e6')
/
insert into KSEN_LUI_IDENT (OBJ_ID, VER_NBR, CREATEID, CREATETIME, UPDATEID, UPDATETIME, LUI_CD, DIVISION, IDENT_LEVEL, LNG_NAME, LUI_ID, ORGID, SHRT_NAME, LUI_ID_STATE, SUFX_CD, LUI_ID_TYPE, VARTN, ID) values ('e8b95306-d54f-4e3c-bb25-b70be69f7c48', 0, 'admin', TIMESTAMP '2014-02-06 10:34:38.883', 'admin', TIMESTAMP '2014-02-06 10:34:38.883', 'A', '', '', '', '61aafef3-196b-4092-aad5-8f7a45a876db', '', '', 'kuali.lui.identifier.state.active', '', 'kuali.lui.identifier.type.official', '', 'b7d835b7-569e-4d0c-8fad-a203a08642b6')
/
insert into KSEN_LUI_LU_CD (OBJ_ID, VER_NBR, CREATEID, CREATETIME, UPDATEID, UPDATETIME, DESCR_FORMATTED, LUI_ID, DESCR_PLAIN, LUI_LUCD_TYPE, VALUE, ID) values ('8d05476c-c01e-46b9-9a09-c4b4be0ba80c', 0, 'admin', TIMESTAMP '2014-02-06 10:34:38.883', 'admin', TIMESTAMP '2014-02-06 10:34:38.883', '', '61aafef3-196b-4092-aad5-8f7a45a876db', '', 'kuali.lu.code.honorsOffering', 0, 'bab4f34a-73ed-45f8-8b4b-4bc9748d18e8')
/
insert into KSEN_LPR (OBJ_ID, VER_NBR, CREATEID, CREATETIME, UPDATEID, UPDATETIME, ATP_ID, COMMIT_PERCT, CREDITS, EFF_DT, EXPIR_DT, GRADING_OPT_ID, LUI_ID, MASTER_LUI_ID, PERS_ID, LPR_STATE, LPR_TYPE, ID) values ('2c66d683-b47f-412d-a595-5013298c0b9f', 0, 'admin', TIMESTAMP '2014-02-06 10:34:38.883', 'admin', TIMESTAMP '2014-02-06 10:34:38.883', '', '100.00', '', TIMESTAMP '2014-02-06 10:37:24.113', '', '', '61aafef3-196b-4092-aad5-8f7a45a876db', '', 'M.THEODOREK', 'kuali.lpr.state.active', 'kuali.lpr.type.instructor.main', 'be9f4494-d50c-4959-89da-105bcfdd775b')
/
insert into KSEN_LUILUI_RELTN (OBJ_ID, VER_NBR, CREATEID, CREATETIME, UPDATEID, UPDATETIME, EFF_DT, EXPIR_DT, DESCR_FORMATTED, LUI_ID, LUILUI_RELTN_STATE, LUILUI_RELTN_TYPE, NAME, DESCR_PLAIN, RELATED_LUI_ID, ID) values ('2f4f6f59-8dbf-471f-9feb-b072e4273722', 0, 'admin', TIMESTAMP '2014-02-06 10:34:38.883', 'admin', TIMESTAMP '2014-02-06 10:34:38.883', TIMESTAMP '2014-02-06 10:37:24.148', '', 'ENGL362-FO-AO', 'a0738b1c-1a03-4728-9d0d-da82098c6389', 'kuali.lui.lui.relation.state.active', 'kuali.lui.lui.relation.type.deliveredvia.fo2ao', 'fo-ao-relation', 'ENGL362-FO-AO', '61aafef3-196b-4092-aad5-8f7a45a876db', '715ad433-6e99-44b8-9cec-1e79b7d8894c')
/
insert into KSEN_SCHED_RQST_SET (OBJ_ID, VER_NBR, CREATEID, CREATETIME, UPDATEID, UPDATETIME, DESCR_FORMATTED, MAX_ENRL_SHARED_IND, MAX_ENRL, NAME, DESCR_PLAIN, REF_OBJECT_TYPE, SCHED_RQST_SET_STATE, SCHED_RQST_SET_TYPE, ID) values ('f50d586b-4b6d-452f-abef-9a37445e49af', 0, 'admin', TIMESTAMP '2014-02-06 10:34:38.883', 'admin', TIMESTAMP '2014-02-06 10:34:38.883', '', 0, '', 'Schedule request set for ENGL362 - A', '', 'http://student.kuali.org/wsdl/courseOffering/ActivityOfferingInfo', 'kuali.scheduling.schedule.request.set.state.created', 'kuali.scheduling.schedule.request.set.type.schedule.request.set', '872349f1-7889-4c8a-b074-989a8f307a0a')
/
insert into KSEN_SCHED_RQST (OBJ_ID, VER_NBR, CREATEID, CREATETIME, UPDATEID, UPDATETIME, DESCR_FORMATTED, NAME, DESCR_PLAIN, SCHED_RQST_STATE, SCHED_RQST_TYPE, SCHED_ID, SCHED_RQST_SET_ID, ID) values ('43e16183-0691-4441-a348-dd3ec0e2f25d', 0, 'admin', TIMESTAMP '2014-02-06 10:34:38.883', 'admin', TIMESTAMP '2014-02-06 10:34:38.883', '', 'Schedule request for ENGL362 - A', '', 'kuali.scheduling.schedule.request.state.created', 'kuali.scheduling.schedule.request.type.schedule.request', '', '872349f1-7889-4c8a-b074-989a8f307a0a', '004dbed5-5184-42f2-b2f2-ee4cb7e3f51a')
/
insert into KSEN_SCHED_RQST_CMP (OBJ_ID, TBA_IND, SCHED_RQST_ID, ID) values ('fd725e2f-5bbb-4391-b896-f8372fb42a33', 0, '004dbed5-5184-42f2-b2f2-ee4cb7e3f51a', '05e4aed3-684f-4a55-b857-981c1e84c51a')
/
insert into KSEN_SCHED_REF_OBJECT (SCHED_RQST_SET_ID, REF_OBJECT_ID) values ('872349f1-7889-4c8a-b074-989a8f307a0a', '61aafef3-196b-4092-aad5-8f7a45a876db')
/
insert into KSEN_SCHED_RQST_CMP_BLDG (CMP_ID, BUILDING_ID) values ('05e4aed3-684f-4a55-b857-981c1e84c51a', 'd5138c2b-01ee-4e81-b526-38ed2a7c60a3')
/
insert into KSEN_SCHED_RQST_CMP_CAMPUS (CMP_ID, CAMPUS_ID) values ('05e4aed3-684f-4a55-b857-981c1e84c51a', 'UMCP')
/
insert into KSEN_SCHED_RQST_CMP_ROOM (CMP_ID, ROOM_ID) values ('05e4aed3-684f-4a55-b857-981c1e84c51a', '6dd715ea-cc9b-4cd1-9a34-f96628650406')
/
insert into KSEN_SCHED_RQST_CMP_TMSLOT (CMP_ID, TM_SLOT_ID) values ('05e4aed3-684f-4a55-b857-981c1e84c51a', '4A6971D2-447D-4359-B949-F4EDF104A0AA')
/
insert into KSEN_CO_SEAT_POOL_DEFN (OBJ_ID, VER_NBR, CREATEID, CREATETIME, UPDATEID, UPDATETIME, ACTIVITY_OFFERING_ID, EXPIR_MSTONE_TYPE, PERCENTAGE_IND, NAME, POPULATION_ID, PROCESSING_PRIORITY, SEAT_LIMIT, SEAT_POOL_DEFN_STATE, SEAT_POOL_DEFN_TYPE, ID) values ('2bddb707-0cef-4776-851f-d77dad7e7bb0', 1, 'admin', TIMESTAMP '2014-02-06 10:34:38.883', 'admin', TIMESTAMP '2014-02-06 10:34:38.883', '', 'kuali.atp.milestone.firstdayofclasses', 0, '300-level Senior Seatpool', '4160a52b-d353-4ab3-b72d-a3c2f9969783', 1, 5, 'kuali.lui.capacity.state.active', 'kuali.lui.capacity.type.seatpool', '9c07ea82-6212-4404-acee-e89e6f55e1a0')
/
insert into KSEN_CWL (OBJ_ID, VER_NBR, CREATEID, CREATETIME, UPDATEID, UPDATETIME, ALLOW_HOLD_UTIL_ENTRIES_IND, AUTO_PROCESSED_IND, CHECK_IN_REQ_IND, CONF_REQ_IND, EFF_DT, EXPIR_DT, MAX_SIZE, REG_IN_FIRST_AAO_IND, STD_DUR_TIME_QTY, STD_DUR_TYPE, CWL_STATE, CWL_TYPE, ID) values ('aeacd5ae-9f1d-4cb6-aaca-957768587cc6', 0, 'admin', TIMESTAMP '2014-02-06 10:34:38.883', 'admin', TIMESTAMP '2014-02-06 10:34:38.883', 1, 1, 0, 1, TIMESTAMP '2013-01-02 00:00:00.0', '', '', 1, '', '', 'kuali.course.waitlist.state.active', 'kuali.course.waitlist.type.course.waitlist', '9e2240bf-0d65-455c-8e2a-064d99658c99')
/
update KSEN_CO_SEAT_POOL_DEFN set OBJ_ID='2bddb707-0cef-4776-851f-d77dad7e7bb0', VER_NBR=2, UPDATEID='admin', UPDATETIME=TIMESTAMP '2014-02-06 10:34:38.883', ACTIVITY_OFFERING_ID='61aafef3-196b-4092-aad5-8f7a45a876db', EXPIR_MSTONE_TYPE='kuali.atp.milestone.firstdayofclasses', PERCENTAGE_IND=0, NAME='300-level Senior Seatpool', POPULATION_ID='4160a52b-d353-4ab3-b72d-a3c2f9969783', PROCESSING_PRIORITY=1, SEAT_LIMIT=5, SEAT_POOL_DEFN_STATE='kuali.lui.capacity.state.active', SEAT_POOL_DEFN_TYPE='kuali.lui.capacity.type.seatpool' where ID='9c07ea82-6212-4404-acee-e89e6f55e1a0' and VER_NBR=1
/
insert into KSEN_CWL_ACTIV_OFFER (CWL_ID, ACTIV_OFFER_ID) values ('9e2240bf-0d65-455c-8e2a-064d99658c99', '61aafef3-196b-4092-aad5-8f7a45a876db')
/
insert into KSEN_CWL_FORMAT_OFFER (CWL_ID, FORMAT_OFFER_ID) values ('9e2240bf-0d65-455c-8e2a-064d99658c99', 'a0738b1c-1a03-4728-9d0d-da82098c6389')
/
insert into KSEN_CO_AO_CLUSTER (OBJ_ID, VER_NBR, CREATEID, CREATETIME, UPDATEID, UPDATETIME, AO_CLUSTER_STATE, AO_CLUSTER_TYPE, DESCR_FORMATTED, DESCR_PLAIN, FORMAT_OFFERING_ID, NAME, PRIVATE_NAME, ID) values ('ccc64512-5a57-4262-8e00-2bf74786f5c7', 0, 'admin', TIMESTAMP '2014-02-06 10:34:38.883', 'admin', TIMESTAMP '2014-02-06 10:34:38.883', 'kuali.activity.offering.cluster.state.active', 'kuali.activity.offering.cluster.type.activity.offering.cluster', '', '', 'a0738b1c-1a03-4728-9d0d-da82098c6389', 'CL 1', 'CL 1', 'a7361a69-96a5-42fd-b943-27bda9d03db1')
/
insert into KSEN_CO_AO_CLUSTER_SET (OBJ_ID, ACTIVITY_OFFERING_TYPE, AO_CLUSTER_ID, ID) values ('a60efcd0-78dd-4e77-8c17-304d20e0d32a', 'kuali.lui.type.activity.offering.lecture', 'a7361a69-96a5-42fd-b943-27bda9d03db1', '57585651-68b7-44ad-91ea-730fd0d14a60')
/
insert into KSEN_CO_AO_CLUSTER_SET_AO (AOC_SET_ID, ACTIVITY_OFFERING_ID) values ('57585651-68b7-44ad-91ea-730fd0d14a60', '61aafef3-196b-4092-aad5-8f7a45a876db')
/
update KSEN_CO_AO_CLUSTER_SET set AO_CLUSTER_ID='a7361a69-96a5-42fd-b943-27bda9d03db1' where ID='57585651-68b7-44ad-91ea-730fd0d14a60'
/
insert into KSEN_LUI (OBJ_ID, VER_NBR, CREATEID, CREATETIME, UPDATEID, UPDATETIME, ATP_ID, CLU_ID, EFF_DT, EXPIR_DT, DESCR_FORMATTED, LUI_STATE, LUI_TYPE, MAX_SEATS, MIN_SEATS, NAME, DESCR_PLAIN, REF_URL, ID) values ('0ef1327d-cda3-4b88-a234-4fe44100615f', 0, 'admin', TIMESTAMP '2014-02-06 10:34:38.883', 'admin', TIMESTAMP '2014-02-06 10:34:38.883', 'kuali.atp.2014Winter', 'e0246130-0245-420e-8771-ef8b6bebf6b0', '', '', '1001', 'kuali.lui.registration.group.state.pending', 'kuali.lui.type.registration.group', '', '', '1001', '1001', '', 'e37f3299-3f4f-428c-b01a-9950b9937ccb')
/
insert into KSEN_LUI_ATTR (OBJ_ID, ATTR_KEY, OWNER_ID, ATTR_VALUE, ID) values ('2516e066-81b1-4daa-85be-f4858d06d052', 'kuali.attribute.registration.group.is.generated', 'e37f3299-3f4f-428c-b01a-9950b9937ccb', 1, 'd59edbf1-88be-4140-a2cf-70c1d20a8458')
/
insert into KSEN_LUI_ATTR (OBJ_ID, ATTR_KEY, OWNER_ID, ATTR_VALUE, ID) values ('3c6947da-0ba1-4769-9a98-46722e3690c2', 'kuali.attribute.registration.group.aocluster.id', 'e37f3299-3f4f-428c-b01a-9950b9937ccb', 'a7361a69-96a5-42fd-b943-27bda9d03db1', '2aeef6bb-bcaf-4223-b996-d26efdce9d62')
/
insert into KSEN_LUI_IDENT (OBJ_ID, VER_NBR, CREATEID, CREATETIME, UPDATEID, UPDATETIME, LUI_CD, DIVISION, IDENT_LEVEL, LNG_NAME, LUI_ID, ORGID, SHRT_NAME, LUI_ID_STATE, SUFX_CD, LUI_ID_TYPE, VARTN, ID) values ('47b1ee6c-848a-4c21-9d09-a37be16b5f74', 0, 'admin', TIMESTAMP '2014-02-06 10:34:38.883', 'admin', TIMESTAMP '2014-02-06 10:34:38.883', '', '', '', '', 'e37f3299-3f4f-428c-b01a-9950b9937ccb', '', '', 'kuali.lui.identifier.state.active', '', 'kuali.lui.identifier.type.official', '', 'df4f680e-1955-49e5-9c13-e381fd264057')
/
insert into KSEN_LUILUI_RELTN (OBJ_ID, VER_NBR, CREATEID, CREATETIME, UPDATEID, UPDATETIME, EFF_DT, EXPIR_DT, DESCR_FORMATTED, LUI_ID, LUILUI_RELTN_STATE, LUILUI_RELTN_TYPE, NAME, DESCR_PLAIN, RELATED_LUI_ID, ID) values ('0c3a3f15-c927-4493-a194-744c9ff6a772', 0, 'admin', TIMESTAMP '2014-02-06 10:34:38.883', 'admin', TIMESTAMP '2014-02-06 10:34:38.883', TIMESTAMP '2014-02-06 10:37:24.992', '', 'ENGL362-FO-RG', 'a0738b1c-1a03-4728-9d0d-da82098c6389', 'kuali.lui.lui.relation.state.active', 'kuali.lui.lui.relation.type.deliveredvia.fo2rg', 'fo-rg-relation', 'ENGL362-FO-RG', 'e37f3299-3f4f-428c-b01a-9950b9937ccb', '777bfe03-78d7-41e2-8f14-9f74149b1978')
/
insert into KSEN_LUILUI_RELTN (OBJ_ID, VER_NBR, CREATEID, CREATETIME, UPDATEID, UPDATETIME, EFF_DT, EXPIR_DT, DESCR_FORMATTED, LUI_ID, LUILUI_RELTN_STATE, LUILUI_RELTN_TYPE, NAME, DESCR_PLAIN, RELATED_LUI_ID, ID) values ('0a88c6c3-5307-4749-94bf-24aacadfd2b3', 0, 'admin', TIMESTAMP '2014-02-06 10:34:38.883', 'admin', TIMESTAMP '2014-02-06 10:34:38.883', TIMESTAMP '2014-02-06 10:37:25.021', '', 'ENGL362-RG-AO', 'e37f3299-3f4f-428c-b01a-9950b9937ccb', 'kuali.lui.lui.relation.state.active', 'kuali.lui.lui.relation.type.registeredforvia.rg2ao', 'rg-ao-relation', 'ENGL362-RG-AO', '61aafef3-196b-4092-aad5-8f7a45a876db', 'a0d2818f-eeac-40bc-8171-038db54fbc1e')
/
insert into KSEN_CODE_GENERATOR_LOCKS (OBJ_ID, CODE, NAMESPACE, UNIQUE_KEY, ID) values ('b800a651-56eb-4359-bbd5-7147ef95f2d7', '17ba22bb-527f-475b-87fc-acd07ffcc4c4', 'courseOfferingCode', 'HIST429G-P', '4b70f3b1-d58e-4015-8429-71857ad48f9f')
/
insert into KSEN_CODE_GENERATOR_LOCKS (OBJ_ID, CODE, NAMESPACE, UNIQUE_KEY, ID) values ('1c9ec0b6-592b-4af0-bc4b-1669bb69675d', 'A', 'courseOfferingCode', 'HIST429G', 'b2d8fd9c-4462-42ea-a1a3-8c6e816fd419')
/
delete from KSEN_CODE_GENERATOR_LOCKS where CODE='17ba22bb-527f-475b-87fc-acd07ffcc4c4' and UNIQUE_KEY='HIST429G-P' and NAMESPACE='courseOfferingCode'
/
delete from KSEN_CODE_GENERATOR_LOCKS where UNIQUE_KEY='HIST429G' and NAMESPACE='courseOfferingCode' and 0=(select count(*) from KSEN_CODE_GENERATOR_LOCKS codegenera1_ where codegenera1_.UNIQUE_KEY='HIST429G-P' and codegenera1_.NAMESPACE='courseOfferingCode')
/
insert into KSEN_LUI (OBJ_ID, VER_NBR, CREATEID, CREATETIME, UPDATEID, UPDATETIME, ATP_ID, CLU_ID, EFF_DT, EXPIR_DT, DESCR_FORMATTED, LUI_STATE, LUI_TYPE, MAX_SEATS, MIN_SEATS, NAME, DESCR_PLAIN, REF_URL, ID) values ('d0c68d13-9cf5-4cd7-b76e-74dde5a40cdd', 0, 'admin', TIMESTAMP '2014-02-06 10:34:38.883', 'admin', TIMESTAMP '2014-02-06 10:34:38.883', 'kuali.atp.2014Winter', 'CLUID-HIST429-200801000000', TIMESTAMP '2014-01-02 00:00:00.0', '', '', 'kuali.lui.course.offering.state.draft', 'kuali.lui.type.course.offering', '', '', 'HIST429A CO', '.', null, '76c3b6f5-4ae0-4b7a-9a33-b6baec7c71fd')
/
insert into KSEN_LUI_ATTR (OBJ_ID, ATTR_KEY, OWNER_ID, ATTR_VALUE, ID) values ('9ad855db-53a5-467f-853b-54acd3ba7a5a', 'kuali.attribute.course.number.internal.suffix', '76c3b6f5-4ae0-4b7a-9a33-b6baec7c71fd', 'A', '7398da65-2f93-4b3c-99d2-a7bc10f5dfdb')
/
insert into KSEN_LUI_ATTR (OBJ_ID, ATTR_KEY, OWNER_ID, ATTR_VALUE, ID) values ('7b2113d9-7959-49a5-bf54-74fead67f4db', 'kuali.attribute.final.exam.indicator', '76c3b6f5-4ae0-4b7a-9a33-b6baec7c71fd', 'STANDARD', '8cae588c-4309-4afc-aede-ca91630c982f')
/
insert into KSEN_LUI_ATTR (OBJ_ID, ATTR_KEY, OWNER_ID, ATTR_VALUE, ID) values ('a5af035d-7909-4b6f-873f-b1ffc46144da', 'kuali.attribute.wait.list.indicator', '76c3b6f5-4ae0-4b7a-9a33-b6baec7c71fd', 1, 'caca1736-9a70-4421-b599-896477330d51')
/
insert into KSEN_LUI_ATTR (OBJ_ID, ATTR_KEY, OWNER_ID, ATTR_VALUE, ID) values ('c8996448-c36d-448c-88ef-ed06867edde6', 'kuali.attribute.wait.list.level.type.key', '76c3b6f5-4ae0-4b7a-9a33-b6baec7c71fd', 'AO', '883135ea-d4bc-48cc-a1a5-9eb7372045ae')
/
insert into KSEN_LUI_ATTR (OBJ_ID, ATTR_KEY, OWNER_ID, ATTR_VALUE, ID) values ('a80aa96e-f6e4-416f-9607-ce8b5f220e1f', 'kuali.attribute.final.exam.use.matrix', '76c3b6f5-4ae0-4b7a-9a33-b6baec7c71fd', 1, '8dfd8d5c-1963-403b-a242-15a254372775')
/
insert into KSEN_LUI_ATTR (OBJ_ID, ATTR_KEY, OWNER_ID, ATTR_VALUE, ID) values ('99ee1d9e-33fc-4c36-9826-77e58508462d', 'kuali.attribute.course.evaluation.indicator', '76c3b6f5-4ae0-4b7a-9a33-b6baec7c71fd', 0, 'b2f3c477-b66c-4499-930d-3340f3c9eb1f')
/
insert into KSEN_LUI_ATTR (OBJ_ID, ATTR_KEY, OWNER_ID, ATTR_VALUE, ID) values ('89fc0173-a24c-422a-9840-8441816e108a', 'kuali.attribute.where.fees.attached.flag', '76c3b6f5-4ae0-4b7a-9a33-b6baec7c71fd', 0, '533a8ca1-6707-4b6d-aae0-78d7c81c1b7c')
/
insert into KSEN_LUI_ATTR (OBJ_ID, ATTR_KEY, OWNER_ID, ATTR_VALUE, ID) values ('d6a94d3a-0cc1-403d-9856-eb9619f06594', 'kuali.attribute.funding.source', '76c3b6f5-4ae0-4b7a-9a33-b6baec7c71fd', '', 'b838671a-6464-4a21-8c8b-1e8f6e461e62')
/
insert into KSEN_LUI_ATTR (OBJ_ID, ATTR_KEY, OWNER_ID, ATTR_VALUE, ID) values ('aade37e5-a0c3-45fe-80ac-2b2f9eb68832', 'kuali.attribute.wait.list.type.key', '76c3b6f5-4ae0-4b7a-9a33-b6baec7c71fd', null, 'b6dd169c-bf9e-42e6-9bff-06f704cafc8d')
/
insert into KSEN_LUI_ATTR (OBJ_ID, ATTR_KEY, OWNER_ID, ATTR_VALUE, ID) values ('d8946760-9b90-4b36-9720-a8881fa4ccd8', 'kuali.attribute.final.exam.driver', '76c3b6f5-4ae0-4b7a-9a33-b6baec7c71fd', 'kuali.lu.exam.driver.ActivityOffering', '95113856-e7fa-432e-b07f-0479fd88f118')
/
insert into KSEN_LUI_IDENT (OBJ_ID, VER_NBR, CREATEID, CREATETIME, UPDATEID, UPDATETIME, LUI_CD, DIVISION, IDENT_LEVEL, LNG_NAME, LUI_ID, ORGID, SHRT_NAME, LUI_ID_STATE, SUFX_CD, LUI_ID_TYPE, VARTN, ID) values ('61951dfb-cf13-4fb7-90dc-2e0ff06e0464', 0, 'admin', TIMESTAMP '2014-02-06 10:34:38.883', 'admin', TIMESTAMP '2014-02-06 10:34:38.883', 'HIST429A', 'HIST', '', 'Special Topics in History', '76c3b6f5-4ae0-4b7a-9a33-b6baec7c71fd', '', '', 'kuali.lui.identifier.state.active', 'A', 'kuali.lui.identifier.type.official', '', '0492a6b5-c081-4d70-aa1c-862a1fa498b1')
/
insert into KSEN_LUI_LU_CD (OBJ_ID, VER_NBR, CREATEID, CREATETIME, UPDATEID, UPDATETIME, DESCR_FORMATTED, LUI_ID, DESCR_PLAIN, LUI_LUCD_TYPE, VALUE, ID) values ('f75695c1-0698-454d-9f94-6a46ad81f619', 0, 'admin', TIMESTAMP '2014-02-06 10:34:38.883', 'admin', TIMESTAMP '2014-02-06 10:34:38.883', '', '76c3b6f5-4ae0-4b7a-9a33-b6baec7c71fd', '', 'kuali.lu.code.honorsOffering', '', '2a81c07c-f2f7-45ff-9a92-5bb43d69de13')
/
insert into KSEN_LUI_UNITS_DEPLOYMENT (LUI_ID, ORG_ID, ID) values ('76c3b6f5-4ae0-4b7a-9a33-b6baec7c71fd', '3213375036', '55e8729d-fbcc-4e79-bea8-4eb15530f9a5')
/
insert into KSEN_LUI_UNITS_CONT_OWNER (LUI_ID, ORG_ID) values ('76c3b6f5-4ae0-4b7a-9a33-b6baec7c71fd', '3213375036')
/
insert into KSEN_LUI_RESULT_VAL_GRP (LUI_ID, RESULT_VAL_GRP_ID) values ('76c3b6f5-4ae0-4b7a-9a33-b6baec7c71fd', 'kuali.resultComponent.grade.letter')
/
insert into KSEN_LUI_RESULT_VAL_GRP (LUI_ID, RESULT_VAL_GRP_ID) values ('76c3b6f5-4ae0-4b7a-9a33-b6baec7c71fd', 'kuali.resultComponent.grade.audit')
/
insert into KSEN_LUI_RESULT_VAL_GRP (LUI_ID, RESULT_VAL_GRP_ID) values ('76c3b6f5-4ae0-4b7a-9a33-b6baec7c71fd', 'kuali.resultComponent.grade.passFail')
/
insert into KSEN_LUI_RESULT_VAL_GRP (LUI_ID, RESULT_VAL_GRP_ID) values ('76c3b6f5-4ae0-4b7a-9a33-b6baec7c71fd', 'kuali.creditType.credit.degree.3.0')
/
insert into KSEN_LUI (OBJ_ID, VER_NBR, CREATEID, CREATETIME, UPDATEID, UPDATETIME, ATP_ID, CLU_ID, EFF_DT, EXPIR_DT, DESCR_FORMATTED, LUI_STATE, LUI_TYPE, MAX_SEATS, MIN_SEATS, NAME, DESCR_PLAIN, REF_URL, ID) values ('8b24a765-5acd-4a84-bc00-d9078e05d190', 0, 'admin', TIMESTAMP '2014-02-06 10:34:38.883', 'admin', TIMESTAMP '2014-02-06 10:34:38.883', 'kuali.atp.2014Winter', '2acda501-2afd-4b9e-b08f-76d97c038024', '', '', 'Courses with Lecture only', 'kuali.lui.format.offering.state.draft', 'kuali.lui.type.course.format.offering', '', '', 'Lecture Only', 'Courses with Lecture only', '', 'f532f331-b5f2-4900-838e-f6b42d9fe497')
/
insert into KSEN_LUI_ATTR (OBJ_ID, ATTR_KEY, OWNER_ID, ATTR_VALUE, ID) values ('023c0b1e-63d5-4875-a4bb-1bf25dc9186c', 'kuali.attribute.grade.roster.level.type.key', 'f532f331-b5f2-4900-838e-f6b42d9fe497', 'kuali.lui.type.activity.offering.lecture', '2bf1be72-1cc9-4fe9-90b2-ce275d8d11f2')
/
insert into KSEN_LUI_ATTR (OBJ_ID, ATTR_KEY, OWNER_ID, ATTR_VALUE, ID) values ('8c8be259-1e7d-4748-aca8-52163c27aff0', 'regCodePrefix', 'f532f331-b5f2-4900-838e-f6b42d9fe497', '1', '6325bc30-a4ad-4d27-960b-d93beab50da8')
/
insert into KSEN_LUI_ATTR (OBJ_ID, ATTR_KEY, OWNER_ID, ATTR_VALUE, ID) values ('3f6ae598-b7c6-45d7-b6a2-f96fa65f3c79', 'kuali.attribute.final.exam.level.type', 'f532f331-b5f2-4900-838e-f6b42d9fe497', 'kuali.lu.type.activity.Lecture', '415f0698-0a04-45a8-b606-0aad554193c8')
/
insert into KSEN_LUI_IDENT (OBJ_ID, VER_NBR, CREATEID, CREATETIME, UPDATEID, UPDATETIME, LUI_CD, DIVISION, IDENT_LEVEL, LNG_NAME, LUI_ID, ORGID, SHRT_NAME, LUI_ID_STATE, SUFX_CD, LUI_ID_TYPE, VARTN, ID) values ('4ac8570d-fb93-4687-a01c-2a0aff725a93', 0, 'admin', TIMESTAMP '2014-02-06 10:34:38.883', 'admin', TIMESTAMP '2014-02-06 10:34:38.883', '', '', '', 'Lecture Only', 'f532f331-b5f2-4900-838e-f6b42d9fe497', '', 'LEC', 'kuali.lui.identifier.state.active', '', 'kuali.lui.identifier.type.official', '', '739ca861-6e96-47d2-bfbb-22d2202acdce')
/
insert into KSEN_LUI_RELATED_LUI_TYPES (LUI_ID, RELATED_LUI_TYPE) values ('f532f331-b5f2-4900-838e-f6b42d9fe497', 'kuali.lui.type.activity.offering.lecture')
/
insert into KSEN_LUILUI_RELTN (OBJ_ID, VER_NBR, CREATEID, CREATETIME, UPDATEID, UPDATETIME, EFF_DT, EXPIR_DT, DESCR_FORMATTED, LUI_ID, LUILUI_RELTN_STATE, LUILUI_RELTN_TYPE, NAME, DESCR_PLAIN, RELATED_LUI_ID, ID) values ('07d03d8e-60d5-4279-8483-ac6cb8464ca9', 0, 'admin', TIMESTAMP '2014-02-06 10:34:38.883', 'admin', TIMESTAMP '2014-02-06 10:34:38.883', TIMESTAMP '2014-02-06 10:37:28.396', '', 'HIST429A-CO-FO', '76c3b6f5-4ae0-4b7a-9a33-b6baec7c71fd', 'kuali.lui.lui.relation.state.active', 'kuali.lui.lui.relation.type.deliveredvia.co2fo', 'co-fo-relation', 'HIST429A-CO-FO', 'f532f331-b5f2-4900-838e-f6b42d9fe497', '565aa414-35f8-4f30-a9ec-077f5c10d8e2')
/
insert into KSEN_LUI (OBJ_ID, VER_NBR, CREATEID, CREATETIME, UPDATEID, UPDATETIME, ATP_ID, CLU_ID, EFF_DT, EXPIR_DT, DESCR_FORMATTED, LUI_STATE, LUI_TYPE, MAX_SEATS, MIN_SEATS, NAME, DESCR_PLAIN, REF_URL, ID) values ('82984234-d44a-497f-8f20-44d8e8ae1254', 0, 'admin', TIMESTAMP '2014-02-06 10:34:38.883', 'admin', TIMESTAMP '2014-02-06 10:34:38.883', 'kuali.atp.2014Winter', 'ace106f6-cab1-4d92-96ee-00cca6d66e73', '', '', 'Courses with lecture', 'kuali.lui.activity.offering.state.draft', 'kuali.lui.type.activity.offering.lecture', 40, 40, 'Lecture', 'Courses with lecture', null, '111833b9-7007-49b9-92f7-304ef299bb1c')
/
insert into KSEN_LUI_ATTR (OBJ_ID, ATTR_KEY, OWNER_ID, ATTR_VALUE, ID) values ('b75e9b60-d7ae-4274-9a4c-7571a4f0a3c7', 'kuali.attribute.course.evaluation.indicator', '111833b9-7007-49b9-92f7-304ef299bb1c', 0, 'ee58a680-bc08-46d0-9534-a67fc4e4ed00')
/
insert into KSEN_LUI_ATTR (OBJ_ID, ATTR_KEY, OWNER_ID, ATTR_VALUE, ID) values ('2c7dc89a-ca94-410d-b04a-d23465c28eac', 'kuali.attribute.nonstd.ts.indicator', '111833b9-7007-49b9-92f7-304ef299bb1c', 0, '5e7e48e5-1518-45f5-aa7b-b14f49b03f80')
/
insert into KSEN_LUI_ATTR (OBJ_ID, ATTR_KEY, OWNER_ID, ATTR_VALUE, ID) values ('9b868ce2-9770-4cdf-b93d-85c8a6a415c0', 'kuali.attribute.max.enrollment.is.estimate', '111833b9-7007-49b9-92f7-304ef299bb1c', 0, '58488768-a58d-4d2e-805e-1463e9b5d6a1')
/
insert into KSEN_LUI_IDENT (OBJ_ID, VER_NBR, CREATEID, CREATETIME, UPDATEID, UPDATETIME, LUI_CD, DIVISION, IDENT_LEVEL, LNG_NAME, LUI_ID, ORGID, SHRT_NAME, LUI_ID_STATE, SUFX_CD, LUI_ID_TYPE, VARTN, ID) values ('42324ccf-e1b8-45b0-b19c-f11ee4fcd102', 0, 'admin', TIMESTAMP '2014-02-06 10:34:38.883', 'admin', TIMESTAMP '2014-02-06 10:34:38.883', 'A', '', '', '', '111833b9-7007-49b9-92f7-304ef299bb1c', '', '', 'kuali.lui.identifier.state.active', '', 'kuali.lui.identifier.type.official', '', '865288da-ce69-4b9f-9a62-c95c3ef94ba9')
/
insert into KSEN_LUI_LU_CD (OBJ_ID, VER_NBR, CREATEID, CREATETIME, UPDATEID, UPDATETIME, DESCR_FORMATTED, LUI_ID, DESCR_PLAIN, LUI_LUCD_TYPE, VALUE, ID) values ('abdec8a2-c494-4aee-b760-1dfcde3ec817', 0, 'admin', TIMESTAMP '2014-02-06 10:34:38.883', 'admin', TIMESTAMP '2014-02-06 10:34:38.883', '', '111833b9-7007-49b9-92f7-304ef299bb1c', '', 'kuali.lu.code.honorsOffering', 0, 'fa348cfe-019e-4d08-b997-c24a704c92b9')
/
insert into KSEN_LPR (OBJ_ID, VER_NBR, CREATEID, CREATETIME, UPDATEID, UPDATETIME, ATP_ID, COMMIT_PERCT, CREDITS, EFF_DT, EXPIR_DT, GRADING_OPT_ID, LUI_ID, MASTER_LUI_ID, PERS_ID, LPR_STATE, LPR_TYPE, ID) values ('4121fa50-2b2f-43f5-8643-cd299317b84e', 0, 'admin', TIMESTAMP '2014-02-06 10:34:38.883', 'admin', TIMESTAMP '2014-02-06 10:34:38.883', '', '100.00', '', TIMESTAMP '2014-02-06 10:37:28.498', '', '', '111833b9-7007-49b9-92f7-304ef299bb1c', '', 'M.BONNIEL', 'kuali.lpr.state.active', 'kuali.lpr.type.instructor.main', 'ea6d9366-e124-4e89-afb1-947afa4afd86')
/
insert into KSEN_LUILUI_RELTN (OBJ_ID, VER_NBR, CREATEID, CREATETIME, UPDATEID, UPDATETIME, EFF_DT, EXPIR_DT, DESCR_FORMATTED, LUI_ID, LUILUI_RELTN_STATE, LUILUI_RELTN_TYPE, NAME, DESCR_PLAIN, RELATED_LUI_ID, ID) values ('d1da8031-fa2a-42db-923c-add1a801340c', 0, 'admin', TIMESTAMP '2014-02-06 10:34:38.883', 'admin', TIMESTAMP '2014-02-06 10:34:38.883', TIMESTAMP '2014-02-06 10:37:28.687', '', 'HIST429A-FO-AO', 'f532f331-b5f2-4900-838e-f6b42d9fe497', 'kuali.lui.lui.relation.state.active', 'kuali.lui.lui.relation.type.deliveredvia.fo2ao', 'fo-ao-relation', 'HIST429A-FO-AO', '111833b9-7007-49b9-92f7-304ef299bb1c', '8f8eb5d2-93ca-4016-89bd-5792d4870991')
/
insert into KSEN_SCHED_RQST_SET (OBJ_ID, VER_NBR, CREATEID, CREATETIME, UPDATEID, UPDATETIME, DESCR_FORMATTED, MAX_ENRL_SHARED_IND, MAX_ENRL, NAME, DESCR_PLAIN, REF_OBJECT_TYPE, SCHED_RQST_SET_STATE, SCHED_RQST_SET_TYPE, ID) values ('ab59fac0-474f-4f08-8f11-4c145ea251cd', 0, 'admin', TIMESTAMP '2014-02-06 10:34:38.883', 'admin', TIMESTAMP '2014-02-06 10:34:38.883', '', 0, '', 'Schedule request set for HIST429A - A', '', 'http://student.kuali.org/wsdl/courseOffering/ActivityOfferingInfo', 'kuali.scheduling.schedule.request.set.state.created', 'kuali.scheduling.schedule.request.set.type.schedule.request.set', '7f2e9c4a-9145-4efe-b3fc-7bed604a3a42')
/
insert into KSEN_SCHED_RQST (OBJ_ID, VER_NBR, CREATEID, CREATETIME, UPDATEID, UPDATETIME, DESCR_FORMATTED, NAME, DESCR_PLAIN, SCHED_RQST_STATE, SCHED_RQST_TYPE, SCHED_ID, SCHED_RQST_SET_ID, ID) values ('ecb23ad9-02cd-412d-93a6-7c54e3129fb5', 0, 'admin', TIMESTAMP '2014-02-06 10:34:38.883', 'admin', TIMESTAMP '2014-02-06 10:34:38.883', 'A Schedule Request for HIST429A section 0101', 'A Schedule Request for HIST429A section 0101', 'A Schedule Request for HIST429A section 0101', 'kuali.scheduling.schedule.request.state.created', 'kuali.scheduling.schedule.request.type.schedule.request', 'bf7b001f-fc61-4f06-8c85-80603f06bac5', '7f2e9c4a-9145-4efe-b3fc-7bed604a3a42', '172121d8-f8ef-4b97-b4b3-499311754dac')
/
insert into KSEN_SCHED_RQST_CMP (OBJ_ID, TBA_IND, SCHED_RQST_ID, ID) values ('d4bfa9e7-b560-4b98-9e13-61e335f026c0', 0, '172121d8-f8ef-4b97-b4b3-499311754dac', 'ddac619c-1033-486b-8edd-cdc780b87d28')
/
insert into KSEN_SCHED_REF_OBJECT (SCHED_RQST_SET_ID, REF_OBJECT_ID) values ('7f2e9c4a-9145-4efe-b3fc-7bed604a3a42', '111833b9-7007-49b9-92f7-304ef299bb1c')
/
insert into KSEN_SCHED_RQST_CMP_BLDG (CMP_ID, BUILDING_ID) values ('ddac619c-1033-486b-8edd-cdc780b87d28', 'af22fa59-42ab-4d09-9a5b-6980f8b4ae7d')
/
insert into KSEN_SCHED_RQST_CMP_ROOM (CMP_ID, ROOM_ID) values ('ddac619c-1033-486b-8edd-cdc780b87d28', 'fdd1e716-7c99-4cc9-afbe-d8fa2e44ec66')
/
insert into KSEN_SCHED_RQST_CMP_TMSLOT (CMP_ID, TM_SLOT_ID) values ('ddac619c-1033-486b-8edd-cdc780b87d28', '1E2159F9-1DBF-45E0-9EF0-AF5203369BDF')
/
insert into KSEN_CO_SEAT_POOL_DEFN (OBJ_ID, VER_NBR, CREATEID, CREATETIME, UPDATEID, UPDATETIME, ACTIVITY_OFFERING_ID, EXPIR_MSTONE_TYPE, PERCENTAGE_IND, NAME, POPULATION_ID, PROCESSING_PRIORITY, SEAT_LIMIT, SEAT_POOL_DEFN_STATE, SEAT_POOL_DEFN_TYPE, ID) values ('f8fc9cad-72b2-48c9-8690-9ec548ad48d0', 1, 'admin', TIMESTAMP '2014-02-06 10:34:38.883', 'admin', TIMESTAMP '2014-02-06 10:34:38.883', '', 'kuali.atp.milestone.firstdayofclasses', 0, '400-level Athlete Seatpool', '1c2e7786-a2ab-4778-8e81-ea540c60b9b2', 1, 2, 'kuali.lui.capacity.state.active', 'kuali.lui.capacity.type.seatpool', '03090d99-7994-4819-a734-89cf29581c14')
/
insert into KSEN_CO_SEAT_POOL_DEFN (OBJ_ID, VER_NBR, CREATEID, CREATETIME, UPDATEID, UPDATETIME, ACTIVITY_OFFERING_ID, EXPIR_MSTONE_TYPE, PERCENTAGE_IND, NAME, POPULATION_ID, PROCESSING_PRIORITY, SEAT_LIMIT, SEAT_POOL_DEFN_STATE, SEAT_POOL_DEFN_TYPE, ID) values ('a432479c-262c-4783-a157-10532c76c181', 1, 'admin', TIMESTAMP '2014-02-06 10:34:38.883', 'admin', TIMESTAMP '2014-02-06 10:34:38.883', '', 'kuali.atp.milestone.firstdayofclasses', 0, '400-level Junior Seatpool', '4bae9f12-5901-4db9-b4a8-4dcc20781db5', 2, 4, 'kuali.lui.capacity.state.active', 'kuali.lui.capacity.type.seatpool', '65158b8f-5016-4117-844b-0d24ff883a9d')
/
update KSEN_CO_SEAT_POOL_DEFN set OBJ_ID='f8fc9cad-72b2-48c9-8690-9ec548ad48d0', VER_NBR=2, UPDATEID='admin', UPDATETIME=TIMESTAMP '2014-02-06 10:34:38.883', ACTIVITY_OFFERING_ID='111833b9-7007-49b9-92f7-304ef299bb1c', EXPIR_MSTONE_TYPE='kuali.atp.milestone.firstdayofclasses', PERCENTAGE_IND=0, NAME='400-level Athlete Seatpool', POPULATION_ID='1c2e7786-a2ab-4778-8e81-ea540c60b9b2', PROCESSING_PRIORITY=1, SEAT_LIMIT=2, SEAT_POOL_DEFN_STATE='kuali.lui.capacity.state.active', SEAT_POOL_DEFN_TYPE='kuali.lui.capacity.type.seatpool' where ID='03090d99-7994-4819-a734-89cf29581c14' and VER_NBR=1
/
insert into KSEN_CWL (OBJ_ID, VER_NBR, CREATEID, CREATETIME, UPDATEID, UPDATETIME, ALLOW_HOLD_UTIL_ENTRIES_IND, AUTO_PROCESSED_IND, CHECK_IN_REQ_IND, CONF_REQ_IND, EFF_DT, EXPIR_DT, MAX_SIZE, REG_IN_FIRST_AAO_IND, STD_DUR_TIME_QTY, STD_DUR_TYPE, CWL_STATE, CWL_TYPE, ID) values ('8ebf2ffd-c03d-4727-9f9c-61110b190a4f', 0, 'admin', TIMESTAMP '2014-02-06 10:34:38.883', 'admin', TIMESTAMP '2014-02-06 10:34:38.883', 1, 1, 0, 1, TIMESTAMP '2013-01-02 00:00:00.0', '', '', 1, '', '', 'kuali.course.waitlist.state.active', 'kuali.course.waitlist.type.course.waitlist', '51eab497-71bd-40c8-927a-9b31f9b0f78f')
/
update KSEN_CO_SEAT_POOL_DEFN set OBJ_ID='a432479c-262c-4783-a157-10532c76c181', VER_NBR=2, UPDATEID='admin', UPDATETIME=TIMESTAMP '2014-02-06 10:34:38.883', ACTIVITY_OFFERING_ID='111833b9-7007-49b9-92f7-304ef299bb1c', EXPIR_MSTONE_TYPE='kuali.atp.milestone.firstdayofclasses', PERCENTAGE_IND=0, NAME='400-level Junior Seatpool', POPULATION_ID='4bae9f12-5901-4db9-b4a8-4dcc20781db5', PROCESSING_PRIORITY=2, SEAT_LIMIT=4, SEAT_POOL_DEFN_STATE='kuali.lui.capacity.state.active', SEAT_POOL_DEFN_TYPE='kuali.lui.capacity.type.seatpool' where ID='65158b8f-5016-4117-844b-0d24ff883a9d' and VER_NBR=1
/
insert into KSEN_CWL_ACTIV_OFFER (CWL_ID, ACTIV_OFFER_ID) values ('51eab497-71bd-40c8-927a-9b31f9b0f78f', '111833b9-7007-49b9-92f7-304ef299bb1c')
/
insert into KSEN_CWL_FORMAT_OFFER (CWL_ID, FORMAT_OFFER_ID) values ('51eab497-71bd-40c8-927a-9b31f9b0f78f', 'f532f331-b5f2-4900-838e-f6b42d9fe497')
/
insert into KSEN_CO_AO_CLUSTER (OBJ_ID, VER_NBR, CREATEID, CREATETIME, UPDATEID, UPDATETIME, AO_CLUSTER_STATE, AO_CLUSTER_TYPE, DESCR_FORMATTED, DESCR_PLAIN, FORMAT_OFFERING_ID, NAME, PRIVATE_NAME, ID) values ('f5184620-520a-492e-8889-1c7064c6dc99', 0, 'admin', TIMESTAMP '2014-02-06 10:34:38.883', 'admin', TIMESTAMP '2014-02-06 10:34:38.883', 'kuali.activity.offering.cluster.state.active', 'kuali.activity.offering.cluster.type.activity.offering.cluster', '', '', 'f532f331-b5f2-4900-838e-f6b42d9fe497', 'CL 1', 'CL 1', '9693ffbc-152a-47a1-ac12-84fd952e4eb0')
/
insert into KSEN_CO_AO_CLUSTER_SET (OBJ_ID, ACTIVITY_OFFERING_TYPE, AO_CLUSTER_ID, ID) values ('4b95859d-3149-4d0c-824f-f40f8446876d', 'kuali.lui.type.activity.offering.lecture', '9693ffbc-152a-47a1-ac12-84fd952e4eb0', '00441625-4afc-41df-ac60-8f77fc36fe1a')
/
insert into KSEN_CO_AO_CLUSTER_SET_AO (AOC_SET_ID, ACTIVITY_OFFERING_ID) values ('00441625-4afc-41df-ac60-8f77fc36fe1a', '111833b9-7007-49b9-92f7-304ef299bb1c')
/
update KSEN_CO_AO_CLUSTER_SET set AO_CLUSTER_ID='9693ffbc-152a-47a1-ac12-84fd952e4eb0' where ID='00441625-4afc-41df-ac60-8f77fc36fe1a'
/
insert into KSEN_LUI (OBJ_ID, VER_NBR, CREATEID, CREATETIME, UPDATEID, UPDATETIME, ATP_ID, CLU_ID, EFF_DT, EXPIR_DT, DESCR_FORMATTED, LUI_STATE, LUI_TYPE, MAX_SEATS, MIN_SEATS, NAME, DESCR_PLAIN, REF_URL, ID) values ('f80ffc25-34ea-46cb-a087-352fde39387f', 0, 'admin', TIMESTAMP '2014-02-06 10:34:38.883', 'admin', TIMESTAMP '2014-02-06 10:34:38.883', 'kuali.atp.2014Winter', '2acda501-2afd-4b9e-b08f-76d97c038024', '', '', '1001', 'kuali.lui.registration.group.state.pending', 'kuali.lui.type.registration.group', '', '', '1001', '1001', '', 'bd552af2-57f7-459c-adc1-c9483bcb98cd')
/
insert into KSEN_LUI_ATTR (OBJ_ID, ATTR_KEY, OWNER_ID, ATTR_VALUE, ID) values ('8a1c805a-0ade-47f3-b6ea-02dac31d16c4', 'kuali.attribute.registration.group.is.generated', 'bd552af2-57f7-459c-adc1-c9483bcb98cd', 1, 'e593bdb9-3ced-4ed4-bffc-147899578bcd')
/
insert into KSEN_LUI_ATTR (OBJ_ID, ATTR_KEY, OWNER_ID, ATTR_VALUE, ID) values ('46b334af-a7f5-412a-ad5f-a1cf22cac7e0', 'kuali.attribute.registration.group.aocluster.id', 'bd552af2-57f7-459c-adc1-c9483bcb98cd', '9693ffbc-152a-47a1-ac12-84fd952e4eb0', 'd778bbcb-8a78-434e-8aff-860a62ab9d4f')
/
insert into KSEN_LUI_IDENT (OBJ_ID, VER_NBR, CREATEID, CREATETIME, UPDATEID, UPDATETIME, LUI_CD, DIVISION, IDENT_LEVEL, LNG_NAME, LUI_ID, ORGID, SHRT_NAME, LUI_ID_STATE, SUFX_CD, LUI_ID_TYPE, VARTN, ID) values ('db89e38f-fe48-454d-8283-d7f3224455e3', 0, 'admin', TIMESTAMP '2014-02-06 10:34:38.883', 'admin', TIMESTAMP '2014-02-06 10:34:38.883', '', '', '', '', 'bd552af2-57f7-459c-adc1-c9483bcb98cd', '', '', 'kuali.lui.identifier.state.active', '', 'kuali.lui.identifier.type.official', '', '1df11e9c-c337-4659-a34f-e4bea8374b01')
/
insert into KSEN_LUILUI_RELTN (OBJ_ID, VER_NBR, CREATEID, CREATETIME, UPDATEID, UPDATETIME, EFF_DT, EXPIR_DT, DESCR_FORMATTED, LUI_ID, LUILUI_RELTN_STATE, LUILUI_RELTN_TYPE, NAME, DESCR_PLAIN, RELATED_LUI_ID, ID) values ('0d5593ca-bb0a-478e-8878-654f204f6829', 0, 'admin', TIMESTAMP '2014-02-06 10:34:38.883', 'admin', TIMESTAMP '2014-02-06 10:34:38.883', TIMESTAMP '2014-02-06 10:37:29.427', '', 'HIST429A-FO-RG', 'f532f331-b5f2-4900-838e-f6b42d9fe497', 'kuali.lui.lui.relation.state.active', 'kuali.lui.lui.relation.type.deliveredvia.fo2rg', 'fo-rg-relation', 'HIST429A-FO-RG', 'bd552af2-57f7-459c-adc1-c9483bcb98cd', '49e36233-daa2-4fb2-a4e4-df296dd31397')
/
insert into KSEN_LUILUI_RELTN (OBJ_ID, VER_NBR, CREATEID, CREATETIME, UPDATEID, UPDATETIME, EFF_DT, EXPIR_DT, DESCR_FORMATTED, LUI_ID, LUILUI_RELTN_STATE, LUILUI_RELTN_TYPE, NAME, DESCR_PLAIN, RELATED_LUI_ID, ID) values ('39b2fca4-8721-40b3-80d3-b4449ff83b35', 0, 'admin', TIMESTAMP '2014-02-06 10:34:38.883', 'admin', TIMESTAMP '2014-02-06 10:34:38.883', TIMESTAMP '2014-02-06 10:37:29.446', '', 'HIST429A-RG-AO', 'bd552af2-57f7-459c-adc1-c9483bcb98cd', 'kuali.lui.lui.relation.state.active', 'kuali.lui.lui.relation.type.registeredforvia.rg2ao', 'rg-ao-relation', 'HIST429A-RG-AO', '111833b9-7007-49b9-92f7-304ef299bb1c', '3493f4ff-1641-4081-8349-aab2d3094469')
/
update KSEN_SOC_ROR set OBJ_ID='6e2a25c1-aaf9-456e-ad2f-aaedbf1d08ae', VER_NBR=7, UPDATEID='admin', UPDATETIME=TIMESTAMP '2014-02-06 10:34:38.883', ITEMS_EXPECTED=48, ITEMS_PROCESSED=34, MESG_FORMATTED='', MESG_PLAIN='', SOC_ROR_STATE='kuali.soc.rollover.state.running', SOC_ROR_TYPE='kuali.soc.rollover.results.type.rollover', SOURCE_SOC_ID='03192a24-765a-4b9d-b638-5158430e09c8', TARGET_SOC_ID='59BBF768-1CB7-4C50-93AD-C6D92D6DC7A0', TARGET_TERM_ID='kuali.atp.2014Winter' where ID='66f7714b-77e9-4b8b-9783-90ab342086e0' and VER_NBR=6
/
update KSEN_SOC_ROR_ATTR set OBJ_ID='a2e9d4d4-b8ca-4775-ab84-2ad469abf8d2', ATTR_KEY='kuali.soc.rollover.result.dynattr.date.completed', OWNER_ID='66f7714b-77e9-4b8b-9783-90ab342086e0', ATTR_VALUE='2014 Feb 6 10:37:29 America/New_York' where ID='57c0a482-b718-48db-9a9d-16886eb8fbfe'
/
insert into KSEN_SOC_ROR_ITEM (OBJ_ID, VER_NBR, CREATEID, CREATETIME, UPDATEID, UPDATETIME, MESG_FORMATTED, MESG_PLAIN, ROR_ID, SOC_ROR_STATE, SOC_ROR_TYPE, SOURCE_CO_ID, TARGET_CO_ID, ID) values ('a03cd816-8958-4c2c-b3cf-8096d2deb361', 0, 'admin', TIMESTAMP '2014-02-06 10:34:38.883', 'admin', TIMESTAMP '2014-02-06 10:34:38.883', '', '', '66f7714b-77e9-4b8b-9783-90ab342086e0', 'kuali.soc.rollover.result.item.state.processed.created', 'kuali.soc.rollover.result.item.type.create', 'db271f45-4aee-4d7a-b746-25398a78b3fb', '66216792-3cc3-4ed3-9d24-ebb38c8ceae3', '7ea78627-46b5-4df4-9edf-32120e9d4721')
/
insert into KSEN_SOC_ROR_ITEM_ATTR (OBJ_ID, ATTR_KEY, OWNER_ID, ATTR_VALUE, ID) values ('cbcabae0-7823-4efe-8801-cdb52e7d1102', 'activityOfferingsCreated', '7ea78627-46b5-4df4-9edf-32120e9d4721', '1', 'd6d484e2-2b76-4dbf-8be2-0be0f36fb203')
/
insert into KSEN_SOC_ROR_ITEM (OBJ_ID, VER_NBR, CREATEID, CREATETIME, UPDATEID, UPDATETIME, MESG_FORMATTED, MESG_PLAIN, ROR_ID, SOC_ROR_STATE, SOC_ROR_TYPE, SOURCE_CO_ID, TARGET_CO_ID, ID) values ('11b82b73-51fe-4354-be6d-fed3b48303b0', 0, 'admin', TIMESTAMP '2014-02-06 10:34:38.883', 'admin', TIMESTAMP '2014-02-06 10:34:38.883', '', '', '66f7714b-77e9-4b8b-9783-90ab342086e0', 'kuali.soc.rollover.result.item.state.processed.created', 'kuali.soc.rollover.result.item.type.create', 'ebd67086-fe4d-4454-a715-92175e293fcc', 'f0287014-44fb-47ee-973d-7f189ea5f363', 'bfc3123b-c2a6-47aa-8935-723638d40eca')
/
insert into KSEN_SOC_ROR_ITEM_ATTR (OBJ_ID, ATTR_KEY, OWNER_ID, ATTR_VALUE, ID) values ('b6b496f3-7742-4091-b0c3-ca937018725e', 'activityOfferingsCreated', 'bfc3123b-c2a6-47aa-8935-723638d40eca', '1', '2919f4a0-6543-4bc6-9b0d-546f1a0d72f1')
/
insert into KSEN_SOC_ROR_ITEM (OBJ_ID, VER_NBR, CREATEID, CREATETIME, UPDATEID, UPDATETIME, MESG_FORMATTED, MESG_PLAIN, ROR_ID, SOC_ROR_STATE, SOC_ROR_TYPE, SOURCE_CO_ID, TARGET_CO_ID, ID) values ('a1d5a5e7-bf64-4935-8c78-c32a92f37eb8', 0, 'admin', TIMESTAMP '2014-02-06 10:34:38.883', 'admin', TIMESTAMP '2014-02-06 10:34:38.883', 'Skipped because there is a new version of the canonical course', 'Skipped because there is a new version of the canonical course', '66f7714b-77e9-4b8b-9783-90ab342086e0', 'kuali.soc.rollover.result.item.state.error', 'kuali.soc.rollover.result.item.type.create', 'edac0ed5-af7d-4241-ac2a-80e0f7fe70a2', '', 'b5a71461-2602-4189-b82c-3b5cd814a078')
/
insert into KSEN_SOC_ROR_ITEM (OBJ_ID, VER_NBR, CREATEID, CREATETIME, UPDATEID, UPDATETIME, MESG_FORMATTED, MESG_PLAIN, ROR_ID, SOC_ROR_STATE, SOC_ROR_TYPE, SOURCE_CO_ID, TARGET_CO_ID, ID) values ('2541fbf5-f4f3-40dd-adf9-f54e7466b968', 0, 'admin', TIMESTAMP '2014-02-06 10:34:38.883', 'admin', TIMESTAMP '2014-02-06 10:34:38.883', '', '', '66f7714b-77e9-4b8b-9783-90ab342086e0', 'kuali.soc.rollover.result.item.state.processed.created', 'kuali.soc.rollover.result.item.type.create', 'efc7d4f5-12b8-4cf4-8ab2-18dc3b8b75c6', 'dc26ea48-e0be-4c86-87b8-5ffd75e410d6', '252480dc-3e98-4542-b5f3-7fc2f5116ca4')
/
insert into KSEN_SOC_ROR_ITEM_ATTR (OBJ_ID, ATTR_KEY, OWNER_ID, ATTR_VALUE, ID) values ('348d0e7d-768d-434a-91ee-10c33260e55c', 'activityOfferingsCreated', '252480dc-3e98-4542-b5f3-7fc2f5116ca4', '1', '4fb96c59-a6de-474e-880e-fd92fb22df1a')
/
insert into KSEN_SOC_ROR_ITEM (OBJ_ID, VER_NBR, CREATEID, CREATETIME, UPDATEID, UPDATETIME, MESG_FORMATTED, MESG_PLAIN, ROR_ID, SOC_ROR_STATE, SOC_ROR_TYPE, SOURCE_CO_ID, TARGET_CO_ID, ID) values ('d864ec60-721b-42ed-9daf-1ee43325ba9a', 0, 'admin', TIMESTAMP '2014-02-06 10:34:38.883', 'admin', TIMESTAMP '2014-02-06 10:34:38.883', 'Skipped because there is a new version of the canonical course', 'Skipped because there is a new version of the canonical course', '66f7714b-77e9-4b8b-9783-90ab342086e0', 'kuali.soc.rollover.result.item.state.error', 'kuali.soc.rollover.result.item.type.create', 'f970d440-1f3c-408a-bce3-73c20bfdff97', '', 'cac63697-66ae-42a2-b344-df753a595d82')
/
insert into KSEN_SOC_ROR_ITEM (OBJ_ID, VER_NBR, CREATEID, CREATETIME, UPDATEID, UPDATETIME, MESG_FORMATTED, MESG_PLAIN, ROR_ID, SOC_ROR_STATE, SOC_ROR_TYPE, SOURCE_CO_ID, TARGET_CO_ID, ID) values ('67a7d710-3d9f-42ab-a75e-5fbcaab6c83f', 0, 'admin', TIMESTAMP '2014-02-06 10:34:38.883', 'admin', TIMESTAMP '2014-02-06 10:34:38.883', '', '', '66f7714b-77e9-4b8b-9783-90ab342086e0', 'kuali.soc.rollover.result.item.state.processed.created', 'kuali.soc.rollover.result.item.type.create', 'f8e0de1e-fdc9-4a1f-bcad-9ba3d31459c3', '76c3b6f5-4ae0-4b7a-9a33-b6baec7c71fd', '3ff50ebb-c5fc-47e9-b33f-cf8aadd2143c')
/
insert into KSEN_SOC_ROR_ITEM_ATTR (OBJ_ID, ATTR_KEY, OWNER_ID, ATTR_VALUE, ID) values ('dd521097-41aa-4c8b-b937-2bfac526ae2a', 'activityOfferingsCreated', '3ff50ebb-c5fc-47e9-b33f-cf8aadd2143c', '1', 'b7099ee2-53c8-4db4-82d2-416e2ac1b408')
/
insert into KSEN_SOC_ROR_ITEM (OBJ_ID, VER_NBR, CREATEID, CREATETIME, UPDATEID, UPDATETIME, MESG_FORMATTED, MESG_PLAIN, ROR_ID, SOC_ROR_STATE, SOC_ROR_TYPE, SOURCE_CO_ID, TARGET_CO_ID, ID) values ('49659259-0678-4ea3-aef4-e34a2ee4ad6b', 0, 'admin', TIMESTAMP '2014-02-06 10:34:38.883', 'admin', TIMESTAMP '2014-02-06 10:34:38.883', 'Skipped because there is a new version of the canonical course', 'Skipped because there is a new version of the canonical course', '66f7714b-77e9-4b8b-9783-90ab342086e0', 'kuali.soc.rollover.result.item.state.error', 'kuali.soc.rollover.result.item.type.create', 'fef218cf-70cd-4dfb-9d54-6a8bc6a7dbc4', '', 'f88c3626-25fb-40ef-8d69-310355a0b255')
/
update KSEN_SOC_ROR_ATTR set OBJ_ID='8173285d-fc4f-4a0b-a793-e7a5c270f763', ATTR_KEY='kuali.soc.rollover.result.dynattr.course.offerings.created', OWNER_ID='66f7714b-77e9-4b8b-9783-90ab342086e0', ATTR_VALUE='34' where ID='976efcbe-5d4e-49e6-877d-d006f9a2bcd0'
/
update KSEN_SOC_ROR set OBJ_ID='6e2a25c1-aaf9-456e-ad2f-aaedbf1d08ae', VER_NBR=8, UPDATEID='admin', UPDATETIME=TIMESTAMP '2014-02-06 10:34:38.883', ITEMS_EXPECTED=48, ITEMS_PROCESSED=34, MESG_FORMATTED='', MESG_PLAIN='', SOC_ROR_STATE='kuali.soc.rollover.state.finished', SOC_ROR_TYPE='kuali.soc.rollover.results.type.rollover', SOURCE_SOC_ID='03192a24-765a-4b9d-b638-5158430e09c8', TARGET_SOC_ID='59BBF768-1CB7-4C50-93AD-C6D92D6DC7A0', TARGET_TERM_ID='kuali.atp.2014Winter' where ID='66f7714b-77e9-4b8b-9783-90ab342086e0' and VER_NBR=7
/
update KSEN_SOC_ROR_ATTR set OBJ_ID='2f61882d-33ad-45be-9132-970de004afb5', ATTR_KEY='kuali.soc.rollover.result.dynattr.course.offerings.skipped', OWNER_ID='66f7714b-77e9-4b8b-9783-90ab342086e0', ATTR_VALUE='14' where ID='15c99cd3-1b4a-4302-9f86-ace91357edf6'
/
update KSEN_SOC_ROR_ATTR set OBJ_ID='650b1912-765b-4db5-b82f-b90618df08cc', ATTR_KEY='kuali.soc.rollover.result.dynattr.activity.offerings.created', OWNER_ID='66f7714b-77e9-4b8b-9783-90ab342086e0', ATTR_VALUE='43' where ID='dec12297-811f-4c92-8d5c-ce65c7620ff2'
/
insert into KSEN_SOC_ATTR (OBJ_ID, ATTR_KEY, OWNER_ID, ATTR_VALUE, ID) values ('64af273d-4755-4c92-8918-fd41e36638dc', 'kuali.soc.state.open', '59BBF768-1CB7-4C50-93AD-C6D92D6DC7A0', '2014-02-06T10:38:43.109-0500', 'f8254987-36e0-41d5-8a0a-ed6e87996bef')
/
update KSEN_SOC set OBJ_ID='181AD498-CF85-43A3-AC46-EA023C8751F9', VER_NBR=1, UPDATEID='admin', UPDATETIME=TIMESTAMP '2014-02-06 10:38:43.109', DESCR_FORMATTED='', NAME='', DESCR_PLAIN='', SOC_STATE='kuali.soc.state.open', SOC_TYPE='kuali.soc.type.main', SUBJECT_AREA='', TERM_ID='kuali.atp.2014Winter', UNITS_CONTENT_OWNER_ID='' where ID='59BBF768-1CB7-4C50-93AD-C6D92D6DC7A0' and VER_NBR=0
/
update KSEN_LUI set OBJ_ID='83c5d577-9706-4ee7-b556-9eb4f54b8940', VER_NBR=1, UPDATEID='admin', UPDATETIME=TIMESTAMP '2014-02-06 10:39:46.781', ATP_ID='kuali.atp.2014Winter', CLU_ID='f0ce3b8b-062f-4fd0-91d0-bf99659d3b2c', EFF_DT='', EXPIR_DT='', DESCR_FORMATTED='Courses with lecture', LUI_STATE='kuali.lui.activity.offering.state.approved', LUI_TYPE='kuali.lui.type.activity.offering.lecture', MAX_SEATS=5, MIN_SEATS=5, NAME='Lecture', DESCR_PLAIN='Courses with lecture', REF_URL=null where ID='81d6c6d0-cb19-4b8f-8f71-b4dc7e399f2e' and VER_NBR=0
/
update KSEN_LUI_IDENT set OBJ_ID='4b93f0f2-c79e-478a-90a2-16bcc47d3a86', VER_NBR=1, UPDATEID='admin', UPDATETIME=TIMESTAMP '2014-02-06 10:39:46.781', LUI_CD='A', DIVISION='', IDENT_LEVEL='', LNG_NAME='', LUI_ID='81d6c6d0-cb19-4b8f-8f71-b4dc7e399f2e', ORGID='', SHRT_NAME='', LUI_ID_STATE='kuali.lui.identifier.state.active', SUFX_CD='', LUI_ID_TYPE='kuali.lui.identifier.type.official', VARTN='' where ID='6e9a2f8e-bb75-45b5-99ee-fe39fcb3802b' and VER_NBR=0
/
update KSEN_LUI_LU_CD set OBJ_ID='c98737ab-a3ed-4cf2-af1c-45ac8b2c7265', VER_NBR=1, UPDATEID='admin', UPDATETIME=TIMESTAMP '2014-02-06 10:39:46.781', DESCR_FORMATTED='', LUI_ID='81d6c6d0-cb19-4b8f-8f71-b4dc7e399f2e', DESCR_PLAIN='', LUI_LUCD_TYPE='kuali.lu.code.honorsOffering', VALUE=0 where ID='a9af18a0-4224-4ce4-a70e-108dde7d5522' and VER_NBR=0
/
update KSEN_LUI set OBJ_ID='145ac0a4-b864-48a3-8bd4-68995ef25e84', VER_NBR=1, UPDATEID='admin', UPDATETIME=TIMESTAMP '2014-02-06 10:39:46.781', ATP_ID='kuali.atp.2014Winter', CLU_ID='4838b255-888b-4946-b32a-b168313b5e7f', EFF_DT='', EXPIR_DT='', DESCR_FORMATTED='Courses with Lecture only', LUI_STATE='kuali.lui.format.offering.state.planned', LUI_TYPE='kuali.lui.type.course.format.offering', MAX_SEATS='', MIN_SEATS='', NAME='Lecture Only', DESCR_PLAIN='Courses with Lecture only', REF_URL='' where ID='4fa0452b-d5f2-4872-8513-8c64ef8e4a8a' and VER_NBR=0
/
update KSEN_LUI_IDENT set OBJ_ID='52197bd7-d6d3-4f00-a15a-6b4cab2aa3fb', VER_NBR=1, UPDATEID='admin', UPDATETIME=TIMESTAMP '2014-02-06 10:39:46.781', LUI_CD='', DIVISION='', IDENT_LEVEL='', LNG_NAME='Lecture Only', LUI_ID='4fa0452b-d5f2-4872-8513-8c64ef8e4a8a', ORGID='', SHRT_NAME='LEC', LUI_ID_STATE='kuali.lui.identifier.state.active', SUFX_CD='', LUI_ID_TYPE='kuali.lui.identifier.type.official', VARTN='' where ID='858fc894-f400-49f9-97e0-f1bdc9e21e38' and VER_NBR=0
/
delete from KSEN_LUI_RELATED_LUI_TYPES where LUI_ID='4fa0452b-d5f2-4872-8513-8c64ef8e4a8a'
/
insert into KSEN_LUI_RELATED_LUI_TYPES (LUI_ID, RELATED_LUI_TYPE) values ('4fa0452b-d5f2-4872-8513-8c64ef8e4a8a', 'kuali.lui.type.activity.offering.lecture')
/
update KSEN_LUI set OBJ_ID='be63d1ad-6a9e-4fdb-bd6d-2fadea6323ee', VER_NBR=1, UPDATEID='admin', UPDATETIME=TIMESTAMP '2014-02-06 10:39:46.781', ATP_ID='kuali.atp.2014Winter', CLU_ID='CLUID-BSCI379-199908000000', EFF_DT=TIMESTAMP '2014-01-02 00:00:00.0', EXPIR_DT='', DESCR_FORMATTED='This course is arranged to provide qualified majors an opportunity to pursue research problems under the supervision of a member of the department.', LUI_STATE='kuali.lui.course.offering.state.planned', LUI_TYPE='kuali.lui.type.course.offering', MAX_SEATS='', MIN_SEATS='', NAME='BSCI379G CO', DESCR_PLAIN='This course is arranged to provide qualified majors an opportunity to pursue research problems under the supervision of a member of the department.', REF_URL=null where ID='66216792-3cc3-4ed3-9d24-ebb38c8ceae3' and VER_NBR=0
/
update KSEN_LUI_IDENT set OBJ_ID='67280072-193e-49e7-824b-15d1dcfbdffa', VER_NBR=1, UPDATEID='admin', UPDATETIME=TIMESTAMP '2014-02-06 10:39:46.781', LUI_CD='BSCI379G', DIVISION='BSCI', IDENT_LEVEL='', LNG_NAME='Cell Biology and Molecular Genetics Department Research', LUI_ID='66216792-3cc3-4ed3-9d24-ebb38c8ceae3', ORGID='', SHRT_NAME='', LUI_ID_STATE='kuali.lui.identifier.state.active', SUFX_CD='G', LUI_ID_TYPE='kuali.lui.identifier.type.official', VARTN='' where ID='42c80da3-0959-4c88-91b1-6eed4137b575' and VER_NBR=0
/
update KSEN_LUI_LU_CD set OBJ_ID='4a070a0c-82cb-40b9-82a5-58e1b5826494', VER_NBR=1, UPDATEID='admin', UPDATETIME=TIMESTAMP '2014-02-06 10:39:46.781', DESCR_FORMATTED='', LUI_ID='66216792-3cc3-4ed3-9d24-ebb38c8ceae3', DESCR_PLAIN='', LUI_LUCD_TYPE='kuali.lu.code.honorsOffering', VALUE='' where ID='e8b8f2ee-a5f0-4eb9-9e23-90f0941be633' and VER_NBR=0
/
delete from KSEN_LUI_UNITS_CONT_OWNER where LUI_ID='66216792-3cc3-4ed3-9d24-ebb38c8ceae3'
/
insert into KSEN_LUI_UNITS_CONT_OWNER (LUI_ID, ORG_ID) values ('66216792-3cc3-4ed3-9d24-ebb38c8ceae3', '576639460')
/
delete from KSEN_LUI_RESULT_VAL_GRP where LUI_ID='66216792-3cc3-4ed3-9d24-ebb38c8ceae3'
/
insert into KSEN_LUI_RESULT_VAL_GRP (LUI_ID, RESULT_VAL_GRP_ID) values ('66216792-3cc3-4ed3-9d24-ebb38c8ceae3', 'kuali.resultComponent.grade.letter')
/
insert into KSEN_LUI_RESULT_VAL_GRP (LUI_ID, RESULT_VAL_GRP_ID) values ('66216792-3cc3-4ed3-9d24-ebb38c8ceae3', 'kuali.resultComponent.grade.audit')
/
insert into KSEN_LUI_RESULT_VAL_GRP (LUI_ID, RESULT_VAL_GRP_ID) values ('66216792-3cc3-4ed3-9d24-ebb38c8ceae3', 'kuali.resultComponent.grade.passFail')
/
insert into KSEN_LUI_RESULT_VAL_GRP (LUI_ID, RESULT_VAL_GRP_ID) values ('66216792-3cc3-4ed3-9d24-ebb38c8ceae3', 'kuali.creditType.credit.degree.1.0,1.5,2.0,2.5,3.0')
/
update KSEN_LUI set OBJ_ID='7a0c4a59-188c-4ef3-a49a-1a0054a31215', VER_NBR=1, UPDATEID='admin', UPDATETIME=TIMESTAMP '2014-02-06 10:41:30.246', ATP_ID='kuali.atp.2014Winter', CLU_ID='ef2963d7-9647-4ce7-ac63-9523204dd654', EFF_DT='', EXPIR_DT='', DESCR_FORMATTED='Courses with lecture', LUI_STATE='kuali.lui.activity.offering.state.approved', LUI_TYPE='kuali.lui.type.activity.offering.lecture', MAX_SEATS=48, MIN_SEATS=48, NAME='Lecture', DESCR_PLAIN='Courses with lecture', REF_URL=null where ID='25670acd-78ce-4cb6-a1df-38b49d8fb248' and VER_NBR=0
/
update KSEN_LUI_IDENT set OBJ_ID='b28b95ff-b681-49f8-a88d-b6ade631d6d8', VER_NBR=1, UPDATEID='admin', UPDATETIME=TIMESTAMP '2014-02-06 10:41:30.246', LUI_CD='D', DIVISION='', IDENT_LEVEL='', LNG_NAME='', LUI_ID='25670acd-78ce-4cb6-a1df-38b49d8fb248', ORGID='', SHRT_NAME='', LUI_ID_STATE='kuali.lui.identifier.state.active', SUFX_CD='', LUI_ID_TYPE='kuali.lui.identifier.type.official', VARTN='' where ID='3c76b744-0e08-4a43-a9a4-8cd3275227cb' and VER_NBR=0
/
update KSEN_LUI_LU_CD set OBJ_ID='2f022f46-8696-4478-8db4-c929a4b90d89', VER_NBR=1, UPDATEID='admin', UPDATETIME=TIMESTAMP '2014-02-06 10:41:30.246', DESCR_FORMATTED='', LUI_ID='25670acd-78ce-4cb6-a1df-38b49d8fb248', DESCR_PLAIN='', LUI_LUCD_TYPE='kuali.lu.code.honorsOffering', VALUE=0 where ID='2c412a3a-ec95-4fa2-9cf5-e800c8959b66' and VER_NBR=0
/
update KSEN_LUI set OBJ_ID='163549cb-058b-4548-9f8f-574c9789740d', VER_NBR=1, UPDATEID='admin', UPDATETIME=TIMESTAMP '2014-02-06 10:41:30.246', ATP_ID='kuali.atp.2014Winter', CLU_ID='25889d4f-0612-424c-87a5-e96f60f3e096', EFF_DT='', EXPIR_DT='', DESCR_FORMATTED='Courses with Lecture/Lab', LUI_STATE='kuali.lui.format.offering.state.planned', LUI_TYPE='kuali.lui.type.course.format.offering', MAX_SEATS='', MIN_SEATS='', NAME='Lecture/Lab', DESCR_PLAIN='Courses with Lecture/Lab', REF_URL='' where ID='e00c6bc9-8e56-4c20-ba22-dd1c3fdcc41f' and VER_NBR=0
/
update KSEN_LUI_IDENT set OBJ_ID='30775e0a-4bba-4e1b-a751-089aa6e134cb', VER_NBR=1, UPDATEID='admin', UPDATETIME=TIMESTAMP '2014-02-06 10:41:30.246', LUI_CD='', DIVISION='', IDENT_LEVEL='', LNG_NAME='Lecture/Lab', LUI_ID='e00c6bc9-8e56-4c20-ba22-dd1c3fdcc41f', ORGID='', SHRT_NAME='LEC/LAB', LUI_ID_STATE='kuali.lui.identifier.state.active', SUFX_CD='', LUI_ID_TYPE='kuali.lui.identifier.type.official', VARTN='' where ID='a3af7d15-bc40-4c77-8f64-aa2e53902250' and VER_NBR=0
/
delete from KSEN_LUI_RELATED_LUI_TYPES where LUI_ID='e00c6bc9-8e56-4c20-ba22-dd1c3fdcc41f'
/
insert into KSEN_LUI_RELATED_LUI_TYPES (LUI_ID, RELATED_LUI_TYPE) values ('e00c6bc9-8e56-4c20-ba22-dd1c3fdcc41f', 'kuali.lui.type.activity.offering.lab')
/
insert into KSEN_LUI_RELATED_LUI_TYPES (LUI_ID, RELATED_LUI_TYPE) values ('e00c6bc9-8e56-4c20-ba22-dd1c3fdcc41f', 'kuali.lui.type.activity.offering.lecture')
/
update KSEN_LUI set OBJ_ID='14407d04-e995-42f5-9801-bfdfd0f37d0d', VER_NBR=1, UPDATEID='admin', UPDATETIME=TIMESTAMP '2014-02-06 10:41:30.246', ATP_ID='kuali.atp.2014Winter', CLU_ID='CLUID-CHEM277-200608000000', EFF_DT=TIMESTAMP '2014-01-02 00:00:00.0', EXPIR_DT='', DESCR_FORMATTED='Quantitative analysis, inorganic analytical chemistry, and an introduction to bio-analytical instrumentation and techniques.', LUI_STATE='kuali.lui.course.offering.state.planned', LUI_TYPE='kuali.lui.type.course.offering', MAX_SEATS='', MIN_SEATS='', NAME='CHEM277 CO', DESCR_PLAIN='Quantitative analysis, inorganic analytical chemistry, and an introduction to bio-analytical instrumentation and techniques.', REF_URL=null where ID='0d20a69b-751d-41ef-a0a6-39c5d96b98d8' and VER_NBR=0
/
update KSEN_LUI_IDENT set OBJ_ID='82ed1ec3-3c12-424a-a897-3c6cd7e40dac', VER_NBR=1, UPDATEID='admin', UPDATETIME=TIMESTAMP '2014-02-06 10:41:30.246', LUI_CD='CHEM277', DIVISION='CHEM', IDENT_LEVEL='', LNG_NAME='Fundamentals of Analytical and Bioanalytical Chemistry Laboratory', LUI_ID='0d20a69b-751d-41ef-a0a6-39c5d96b98d8', ORGID='', SHRT_NAME='', LUI_ID_STATE='kuali.lui.identifier.state.active', SUFX_CD='', LUI_ID_TYPE='kuali.lui.identifier.type.official', VARTN='' where ID='0305ea00-c224-450c-8f8b-78c919fa595b' and VER_NBR=0
/
update KSEN_LUI_LU_CD set OBJ_ID='bde6e15c-9a86-4e03-a6a6-6bcd9fc71fc4', VER_NBR=1, UPDATEID='admin', UPDATETIME=TIMESTAMP '2014-02-06 10:41:30.246', DESCR_FORMATTED='', LUI_ID='0d20a69b-751d-41ef-a0a6-39c5d96b98d8', DESCR_PLAIN='', LUI_LUCD_TYPE='kuali.lu.code.honorsOffering', VALUE='' where ID='2ed3816b-aeab-4c76-99fa-d16f2c8fde73' and VER_NBR=0
/
delete from KSEN_LUI_UNITS_CONT_OWNER where LUI_ID='0d20a69b-751d-41ef-a0a6-39c5d96b98d8'
/
insert into KSEN_LUI_UNITS_CONT_OWNER (LUI_ID, ORG_ID) values ('0d20a69b-751d-41ef-a0a6-39c5d96b98d8', '4284516367')
/
delete from KSEN_LUI_RESULT_VAL_GRP where LUI_ID='0d20a69b-751d-41ef-a0a6-39c5d96b98d8'
/
insert into KSEN_LUI_RESULT_VAL_GRP (LUI_ID, RESULT_VAL_GRP_ID) values ('0d20a69b-751d-41ef-a0a6-39c5d96b98d8', 'kuali.resultComponent.grade.letter')
/
insert into KSEN_LUI_RESULT_VAL_GRP (LUI_ID, RESULT_VAL_GRP_ID) values ('0d20a69b-751d-41ef-a0a6-39c5d96b98d8', 'kuali.creditType.credit.degree.3.0')
/
update KSEN_LUI set OBJ_ID='d419624a-1c4d-4708-9fbf-c2e932de7711', VER_NBR=1, UPDATEID='admin', UPDATETIME=TIMESTAMP '2014-02-06 10:41:30.246', ATP_ID='kuali.atp.2014Winter', CLU_ID='6138a014-70d6-4716-a817-d096d4c79371', EFF_DT='', EXPIR_DT='', DESCR_FORMATTED='Courses with lab', LUI_STATE='kuali.lui.activity.offering.state.approved', LUI_TYPE='kuali.lui.type.activity.offering.lab', MAX_SEATS=24, MIN_SEATS=24, NAME='Lab', DESCR_PLAIN='Courses with lab', REF_URL=null where ID='301d5a33-c0b0-43ec-8eca-8d42fdcd540c' and VER_NBR=0
/
update KSEN_LUI_IDENT set OBJ_ID='fcee7858-b5fe-4757-a86e-f61ed82581c1', VER_NBR=1, UPDATEID='admin', UPDATETIME=TIMESTAMP '2014-02-06 10:41:30.246', LUI_CD='F', DIVISION='', IDENT_LEVEL='', LNG_NAME='', LUI_ID='301d5a33-c0b0-43ec-8eca-8d42fdcd540c', ORGID='', SHRT_NAME='', LUI_ID_STATE='kuali.lui.identifier.state.active', SUFX_CD='', LUI_ID_TYPE='kuali.lui.identifier.type.official', VARTN='' where ID='1713f705-b738-4fe8-9fe2-8727fd387591' and VER_NBR=0
/
update KSEN_LUI_LU_CD set OBJ_ID='400e269d-2233-494f-ab22-87ffe8f1b24e', VER_NBR=1, UPDATEID='admin', UPDATETIME=TIMESTAMP '2014-02-06 10:41:30.246', DESCR_FORMATTED='', LUI_ID='301d5a33-c0b0-43ec-8eca-8d42fdcd540c', DESCR_PLAIN='', LUI_LUCD_TYPE='kuali.lu.code.honorsOffering', VALUE=0 where ID='8893c511-79b7-4e98-a00c-e03157fb0565' and VER_NBR=0
/
update KSEN_LUI set OBJ_ID='eb1d7e2e-36a1-416f-9dd4-5d3ac940e604', VER_NBR=1, UPDATEID='admin', UPDATETIME=TIMESTAMP '2014-02-06 10:41:30.246', ATP_ID='kuali.atp.2014Winter', CLU_ID='9b0d7d87-31ec-498b-bfe4-31a4f1e92021', EFF_DT='', EXPIR_DT='', DESCR_FORMATTED='Courses with lab', LUI_STATE='kuali.lui.activity.offering.state.approved', LUI_TYPE='kuali.lui.type.activity.offering.lab', MAX_SEATS=20, MIN_SEATS=24, NAME='Lab', DESCR_PLAIN='Courses with lab', REF_URL=null where ID='3f2b35c3-3d19-4b90-ae31-8fdc4b8e8b49' and VER_NBR=0
/
update KSEN_LUI_IDENT set OBJ_ID='f04d35b0-6ec4-4037-b773-774aef54685d', VER_NBR=1, UPDATEID='admin', UPDATETIME=TIMESTAMP '2014-02-06 10:41:30.246', LUI_CD='B', DIVISION='', IDENT_LEVEL='', LNG_NAME='', LUI_ID='3f2b35c3-3d19-4b90-ae31-8fdc4b8e8b49', ORGID='', SHRT_NAME='', LUI_ID_STATE='kuali.lui.identifier.state.active', SUFX_CD='', LUI_ID_TYPE='kuali.lui.identifier.type.official', VARTN='' where ID='0114e517-5fd8-4bce-89a7-fc29bc63f861' and VER_NBR=0
/
update KSEN_LUI_LU_CD set OBJ_ID='7a8f3b02-d25d-4193-b4da-c82b00ea8940', VER_NBR=1, UPDATEID='admin', UPDATETIME=TIMESTAMP '2014-02-06 10:41:30.246', DESCR_FORMATTED='', LUI_ID='3f2b35c3-3d19-4b90-ae31-8fdc4b8e8b49', DESCR_PLAIN='', LUI_LUCD_TYPE='kuali.lu.code.honorsOffering', VALUE=0 where ID='f2394422-349d-4fb5-9be7-73a9a14a0639' and VER_NBR=0
/
update KSEN_LUI set OBJ_ID='3dcf6961-cd3d-44a8-b1e4-a6ea7173f5da', VER_NBR=1, UPDATEID='admin', UPDATETIME=TIMESTAMP '2014-02-06 10:41:30.246', ATP_ID='kuali.atp.2014Winter', CLU_ID='6138a014-70d6-4716-a817-d096d4c79371', EFF_DT='', EXPIR_DT='', DESCR_FORMATTED='Courses with lab', LUI_STATE='kuali.lui.activity.offering.state.approved', LUI_TYPE='kuali.lui.type.activity.offering.lab', MAX_SEATS=24, MIN_SEATS=24, NAME='Lab', DESCR_PLAIN='Courses with lab', REF_URL=null where ID='642b0242-f6f8-4ee7-85fa-636374ca1358' and VER_NBR=0
/
update KSEN_LUI_IDENT set OBJ_ID='761f314f-f113-488e-933e-9aecd6bf191d', VER_NBR=1, UPDATEID='admin', UPDATETIME=TIMESTAMP '2014-02-06 10:41:30.246', LUI_CD='C', DIVISION='', IDENT_LEVEL='', LNG_NAME='', LUI_ID='642b0242-f6f8-4ee7-85fa-636374ca1358', ORGID='', SHRT_NAME='', LUI_ID_STATE='kuali.lui.identifier.state.active', SUFX_CD='', LUI_ID_TYPE='kuali.lui.identifier.type.official', VARTN='' where ID='812904a3-6736-4e35-8121-caabd35400e4' and VER_NBR=0
/
update KSEN_LUI_LU_CD set OBJ_ID='2dcbbed7-2ff8-4475-a62f-34cacabf80ab', VER_NBR=1, UPDATEID='admin', UPDATETIME=TIMESTAMP '2014-02-06 10:41:30.246', DESCR_FORMATTED='', LUI_ID='642b0242-f6f8-4ee7-85fa-636374ca1358', DESCR_PLAIN='', LUI_LUCD_TYPE='kuali.lu.code.honorsOffering', VALUE=0 where ID='c1fd20b5-31ea-45d4-a797-65d5dd159866' and VER_NBR=0
/
update KSEN_LUI set OBJ_ID='f2adc32a-5a38-4d76-82cf-03753d7fa9a4', VER_NBR=1, UPDATEID='admin', UPDATETIME=TIMESTAMP '2014-02-06 10:41:30.246', ATP_ID='kuali.atp.2014Winter', CLU_ID='ef2963d7-9647-4ce7-ac63-9523204dd654', EFF_DT='', EXPIR_DT='', DESCR_FORMATTED='Courses with lecture', LUI_STATE='kuali.lui.activity.offering.state.approved', LUI_TYPE='kuali.lui.type.activity.offering.lecture', MAX_SEATS=48, MIN_SEATS=48, NAME='Lecture', DESCR_PLAIN='Courses with lecture', REF_URL=null where ID='ac27b4a0-8113-400c-8572-43fb5b760b2a' and VER_NBR=0
/
update KSEN_LUI_IDENT set OBJ_ID='7120b3a0-dcad-4258-b645-88c0ae77a552', VER_NBR=1, UPDATEID='admin', UPDATETIME=TIMESTAMP '2014-02-06 10:41:30.246', LUI_CD='A', DIVISION='', IDENT_LEVEL='', LNG_NAME='', LUI_ID='ac27b4a0-8113-400c-8572-43fb5b760b2a', ORGID='', SHRT_NAME='', LUI_ID_STATE='kuali.lui.identifier.state.active', SUFX_CD='', LUI_ID_TYPE='kuali.lui.identifier.type.official', VARTN='' where ID='72675852-74a4-48ae-a239-38ed7ca856e8' and VER_NBR=0
/
update KSEN_LUI_LU_CD set OBJ_ID='08a30feb-dd0a-47b1-9ecc-aefe6b0a2aea', VER_NBR=1, UPDATEID='admin', UPDATETIME=TIMESTAMP '2014-02-06 10:41:30.246', DESCR_FORMATTED='', LUI_ID='ac27b4a0-8113-400c-8572-43fb5b760b2a', DESCR_PLAIN='', LUI_LUCD_TYPE='kuali.lu.code.honorsOffering', VALUE=0 where ID='39fb9233-0dab-4684-a0d8-e805498b8141' and VER_NBR=0
/
update KSEN_LUI set OBJ_ID='dab0993d-6205-4729-86e4-769c1e1bce95', VER_NBR=1, UPDATEID='admin', UPDATETIME=TIMESTAMP '2014-02-06 10:41:30.246', ATP_ID='kuali.atp.2014Winter', CLU_ID='9b0d7d87-31ec-498b-bfe4-31a4f1e92021', EFF_DT='', EXPIR_DT='', DESCR_FORMATTED='Courses with lab', LUI_STATE='kuali.lui.activity.offering.state.approved', LUI_TYPE='kuali.lui.type.activity.offering.lab', MAX_SEATS=24, MIN_SEATS=24, NAME='Lab', DESCR_PLAIN='Courses with lab', REF_URL=null where ID='f0d02aae-0538-4d1c-a46b-a8e7ec019f10' and VER_NBR=0
/
update KSEN_LUI_IDENT set OBJ_ID='a25f34b4-7b3c-400f-b4a3-cc33113e37d8', VER_NBR=1, UPDATEID='admin', UPDATETIME=TIMESTAMP '2014-02-06 10:41:30.246', LUI_CD='E', DIVISION='', IDENT_LEVEL='', LNG_NAME='', LUI_ID='f0d02aae-0538-4d1c-a46b-a8e7ec019f10', ORGID='', SHRT_NAME='', LUI_ID_STATE='kuali.lui.identifier.state.active', SUFX_CD='', LUI_ID_TYPE='kuali.lui.identifier.type.official', VARTN='' where ID='594f3a8d-fc77-4433-b32f-a62dd3b45589' and VER_NBR=0
/
update KSEN_LUI_LU_CD set OBJ_ID='58acaf6e-ee80-48a9-97fa-3449bdb2ac3b', VER_NBR=1, UPDATEID='admin', UPDATETIME=TIMESTAMP '2014-02-06 10:41:30.246', DESCR_FORMATTED='', LUI_ID='f0d02aae-0538-4d1c-a46b-a8e7ec019f10', DESCR_PLAIN='', LUI_LUCD_TYPE='kuali.lu.code.honorsOffering', VALUE=0 where ID='24831478-e5ab-41ce-a324-20857c3c1c87' and VER_NBR=0
/
update KSEN_LUI set OBJ_ID='83cd08e4-607a-4dd8-b65a-e0ab8aed85c1', VER_NBR=1, UPDATEID='admin', UPDATETIME=TIMESTAMP '2014-02-06 10:41:30.246', ATP_ID='kuali.atp.2014Winter', CLU_ID='adb8910d-8560-46b5-8306-540e4d3cf0a8', EFF_DT='', EXPIR_DT='', DESCR_FORMATTED='Courses with lecture', LUI_STATE='kuali.lui.activity.offering.state.approved', LUI_TYPE='kuali.lui.type.activity.offering.lecture', MAX_SEATS=5, MIN_SEATS=5, NAME='Lecture', DESCR_PLAIN='Courses with lecture', REF_URL=null where ID='e2cdea6a-56b9-4ca3-99d4-1abe445753bf' and VER_NBR=0
/
update KSEN_LUI_IDENT set OBJ_ID='46d51ec1-5383-4684-bb24-1003d315ba7c', VER_NBR=1, UPDATEID='admin', UPDATETIME=TIMESTAMP '2014-02-06 10:41:30.246', LUI_CD='A', DIVISION='', IDENT_LEVEL='', LNG_NAME='', LUI_ID='e2cdea6a-56b9-4ca3-99d4-1abe445753bf', ORGID='', SHRT_NAME='', LUI_ID_STATE='kuali.lui.identifier.state.active', SUFX_CD='', LUI_ID_TYPE='kuali.lui.identifier.type.official', VARTN='' where ID='fdd84a49-eefa-4a10-8db5-a3b5873a4c45' and VER_NBR=0
/
update KSEN_LUI_LU_CD set OBJ_ID='b0d0c67f-9c4a-45c1-a3ad-4b0281a71d48', VER_NBR=1, UPDATEID='admin', UPDATETIME=TIMESTAMP '2014-02-06 10:41:30.246', DESCR_FORMATTED='', LUI_ID='e2cdea6a-56b9-4ca3-99d4-1abe445753bf', DESCR_PLAIN='', LUI_LUCD_TYPE='kuali.lu.code.honorsOffering', VALUE=0 where ID='2172bbbe-1c25-4dff-b91b-ddbfe0a12bfa' and VER_NBR=0
/
update KSEN_LUI set OBJ_ID='05bfbded-07d5-4d17-8c8c-6c19d148873d', VER_NBR=1, UPDATEID='admin', UPDATETIME=TIMESTAMP '2014-02-06 10:41:30.246', ATP_ID='kuali.atp.2014Winter', CLU_ID='0ae12d77-775c-499c-ade2-a4e2b60984a9', EFF_DT='', EXPIR_DT='', DESCR_FORMATTED='Courses with Lecture only', LUI_STATE='kuali.lui.format.offering.state.planned', LUI_TYPE='kuali.lui.type.course.format.offering', MAX_SEATS='', MIN_SEATS='', NAME='Lecture Only', DESCR_PLAIN='Courses with Lecture only', REF_URL='' where ID='c3c5c227-db8b-4519-b1e5-369a28f46ff1' and VER_NBR=0
/
update KSEN_LUI_IDENT set OBJ_ID='274a1265-10b7-4af7-af0d-14cd5fa9f80b', VER_NBR=1, UPDATEID='admin', UPDATETIME=TIMESTAMP '2014-02-06 10:41:30.246', LUI_CD='', DIVISION='', IDENT_LEVEL='', LNG_NAME='Lecture Only', LUI_ID='c3c5c227-db8b-4519-b1e5-369a28f46ff1', ORGID='', SHRT_NAME='LEC', LUI_ID_STATE='kuali.lui.identifier.state.active', SUFX_CD='', LUI_ID_TYPE='kuali.lui.identifier.type.official', VARTN='' where ID='c5e0a770-629c-46ef-8431-769bdb80ab17' and VER_NBR=0
/
delete from KSEN_LUI_RELATED_LUI_TYPES where LUI_ID='c3c5c227-db8b-4519-b1e5-369a28f46ff1'
/
insert into KSEN_LUI_RELATED_LUI_TYPES (LUI_ID, RELATED_LUI_TYPE) values ('c3c5c227-db8b-4519-b1e5-369a28f46ff1', 'kuali.lui.type.activity.offering.lecture')
/
update KSEN_LUI set OBJ_ID='23bc6472-3b52-4ab6-bf07-9232061b3cd0', VER_NBR=1, UPDATEID='admin', UPDATETIME=TIMESTAMP '2014-02-06 10:41:30.246', ATP_ID='kuali.atp.2014Winter', CLU_ID='73acba95-b7ab-494c-a726-6accd2de5257', EFF_DT=TIMESTAMP '2014-01-02 00:00:00.0', EXPIR_DT='', DESCR_FORMATTED='Basic (chemical) research conducted under the supervision of a faculty member.', LUI_STATE='kuali.lui.course.offering.state.planned', LUI_TYPE='kuali.lui.type.course.offering', MAX_SEATS='', MIN_SEATS='', NAME='CHEM399A CO', DESCR_PLAIN='Basic (chemical) research conducted under the supervision of a faculty member.', REF_URL=null where ID='d7f38e60-86b2-49e2-a988-c3477dae97cb' and VER_NBR=0
/
update KSEN_LUI_IDENT set OBJ_ID='864cda05-4fc2-40e9-9004-376cd1c4768e', VER_NBR=1, UPDATEID='admin', UPDATETIME=TIMESTAMP '2014-02-06 10:41:30.246', LUI_CD='CHEM399A', DIVISION='CHEM', IDENT_LEVEL='', LNG_NAME='Introduction to Chemical Research', LUI_ID='d7f38e60-86b2-49e2-a988-c3477dae97cb', ORGID='', SHRT_NAME='', LUI_ID_STATE='kuali.lui.identifier.state.active', SUFX_CD='A', LUI_ID_TYPE='kuali.lui.identifier.type.official', VARTN='' where ID='a25699bc-0d47-4b24-b10e-7745be3e05c3' and VER_NBR=0
/
update KSEN_LUI_LU_CD set OBJ_ID='6cc36a3a-4c5f-4ee9-9647-feae42444c4b', VER_NBR=1, UPDATEID='admin', UPDATETIME=TIMESTAMP '2014-02-06 10:41:30.246', DESCR_FORMATTED='', LUI_ID='d7f38e60-86b2-49e2-a988-c3477dae97cb', DESCR_PLAIN='', LUI_LUCD_TYPE='kuali.lu.code.honorsOffering', VALUE='' where ID='75652a36-cc1b-481b-b9c6-6e60f3abac90' and VER_NBR=0
/
delete from KSEN_LUI_UNITS_CONT_OWNER where LUI_ID='d7f38e60-86b2-49e2-a988-c3477dae97cb'
/
insert into KSEN_LUI_UNITS_CONT_OWNER (LUI_ID, ORG_ID) values ('d7f38e60-86b2-49e2-a988-c3477dae97cb', '4284516367')
/
delete from KSEN_LUI_RESULT_VAL_GRP where LUI_ID='d7f38e60-86b2-49e2-a988-c3477dae97cb'
/
insert into KSEN_LUI_RESULT_VAL_GRP (LUI_ID, RESULT_VAL_GRP_ID) values ('d7f38e60-86b2-49e2-a988-c3477dae97cb', 'kuali.resultComponent.grade.letter')
/
insert into KSEN_LUI_RESULT_VAL_GRP (LUI_ID, RESULT_VAL_GRP_ID) values ('d7f38e60-86b2-49e2-a988-c3477dae97cb', 'kuali.resultComponent.grade.audit')
/
insert into KSEN_LUI_RESULT_VAL_GRP (LUI_ID, RESULT_VAL_GRP_ID) values ('d7f38e60-86b2-49e2-a988-c3477dae97cb', 'kuali.resultComponent.grade.passFail')
/
insert into KSEN_LUI_RESULT_VAL_GRP (LUI_ID, RESULT_VAL_GRP_ID) values ('d7f38e60-86b2-49e2-a988-c3477dae97cb', 'kuali.creditType.credit.degree.1.0,1.5,2.0,2.5,3.0')
/
update KSEN_LUI set OBJ_ID='fe5af48e-1168-465a-ac34-e6ae13778105', VER_NBR=1, UPDATEID='admin', UPDATETIME=TIMESTAMP '2014-02-06 10:41:30.246', ATP_ID='kuali.atp.2014Winter', CLU_ID='020b3c6c-20f2-42f0-b1aa-fe16d1530339', EFF_DT='', EXPIR_DT='', DESCR_FORMATTED='Courses with lecture', LUI_STATE='kuali.lui.activity.offering.state.approved', LUI_TYPE='kuali.lui.type.activity.offering.lecture', MAX_SEATS=5, MIN_SEATS=5, NAME='Lecture', DESCR_PLAIN='Courses with lecture', REF_URL=null where ID='6564de5a-f5f0-47a3-909c-6d1954218763' and VER_NBR=0
/
update KSEN_LUI_IDENT set OBJ_ID='03f2b400-e843-45fe-8037-25fb2ccd83dc', VER_NBR=1, UPDATEID='admin', UPDATETIME=TIMESTAMP '2014-02-06 10:41:30.246', LUI_CD='A', DIVISION='', IDENT_LEVEL='', LNG_NAME='', LUI_ID='6564de5a-f5f0-47a3-909c-6d1954218763', ORGID='', SHRT_NAME='', LUI_ID_STATE='kuali.lui.identifier.state.active', SUFX_CD='', LUI_ID_TYPE='kuali.lui.identifier.type.official', VARTN='' where ID='1fe30cce-4166-4e09-b0fc-f0049fed9288' and VER_NBR=0
/
update KSEN_LUI_LU_CD set OBJ_ID='0d828eea-92f7-40dc-a73c-fc3337c8f2d7', VER_NBR=1, UPDATEID='admin', UPDATETIME=TIMESTAMP '2014-02-06 10:41:30.246', DESCR_FORMATTED='', LUI_ID='6564de5a-f5f0-47a3-909c-6d1954218763', DESCR_PLAIN='', LUI_LUCD_TYPE='kuali.lu.code.honorsOffering', VALUE=0 where ID='6afdabad-7024-4892-a95e-a8e11e9e29e2' and VER_NBR=0
/
update KSEN_LUI set OBJ_ID='dd662627-e074-43c1-97a6-c9a2b7ad6c50', VER_NBR=1, UPDATEID='admin', UPDATETIME=TIMESTAMP '2014-02-06 10:41:30.246', ATP_ID='kuali.atp.2014Winter', CLU_ID='0ae12d77-775c-499c-ade2-a4e2b60984a9', EFF_DT='', EXPIR_DT='', DESCR_FORMATTED='Courses with Lecture only', LUI_STATE='kuali.lui.format.offering.state.planned', LUI_TYPE='kuali.lui.type.course.format.offering', MAX_SEATS='', MIN_SEATS='', NAME='Lecture Only', DESCR_PLAIN='Courses with Lecture only', REF_URL='' where ID='c6d01863-94f7-4c81-b7b6-2cedef0aea67' and VER_NBR=0
/
update KSEN_LUI_IDENT set OBJ_ID='d7bebbfe-f8ff-4c9d-8604-613602d6d894', VER_NBR=1, UPDATEID='admin', UPDATETIME=TIMESTAMP '2014-02-06 10:41:30.246', LUI_CD='', DIVISION='', IDENT_LEVEL='', LNG_NAME='Lecture Only', LUI_ID='c6d01863-94f7-4c81-b7b6-2cedef0aea67', ORGID='', SHRT_NAME='LEC', LUI_ID_STATE='kuali.lui.identifier.state.active', SUFX_CD='', LUI_ID_TYPE='kuali.lui.identifier.type.official', VARTN='' where ID='c387f699-19f4-408c-913c-b49a657f4429' and VER_NBR=0
/
delete from KSEN_LUI_RELATED_LUI_TYPES where LUI_ID='c6d01863-94f7-4c81-b7b6-2cedef0aea67'
/
insert into KSEN_LUI_RELATED_LUI_TYPES (LUI_ID, RELATED_LUI_TYPE) values ('c6d01863-94f7-4c81-b7b6-2cedef0aea67', 'kuali.lui.type.activity.offering.lecture')
/
update KSEN_LUI set OBJ_ID='1cd363e5-76ff-443e-bca5-1218f6a41c0f', VER_NBR=1, UPDATEID='admin', UPDATETIME=TIMESTAMP '2014-02-06 10:41:30.246', ATP_ID='kuali.atp.2014Winter', CLU_ID='73acba95-b7ab-494c-a726-6accd2de5257', EFF_DT=TIMESTAMP '2014-01-02 00:00:00.0', EXPIR_DT='', DESCR_FORMATTED='Basic (chemical) research conducted under the supervision of a faculty member.', LUI_STATE='kuali.lui.course.offering.state.planned', LUI_TYPE='kuali.lui.type.course.offering', MAX_SEATS='', MIN_SEATS='', NAME='CHEM399B CO', DESCR_PLAIN='Basic (chemical) research conducted under the supervision of a faculty member.', REF_URL=null where ID='83f2ec7f-4b64-4ed9-936b-d22528c46538' and VER_NBR=0
/
update KSEN_LUI_IDENT set OBJ_ID='8f35fb5c-db6b-4944-9970-a2211a1c973f', VER_NBR=1, UPDATEID='admin', UPDATETIME=TIMESTAMP '2014-02-06 10:41:30.246', LUI_CD='CHEM399B', DIVISION='CHEM', IDENT_LEVEL='', LNG_NAME='Introduction to Chemical Research', LUI_ID='83f2ec7f-4b64-4ed9-936b-d22528c46538', ORGID='', SHRT_NAME='', LUI_ID_STATE='kuali.lui.identifier.state.active', SUFX_CD='B', LUI_ID_TYPE='kuali.lui.identifier.type.official', VARTN='' where ID='68d6fecd-8dfa-4562-a2e3-189553fb1896' and VER_NBR=0
/
update KSEN_LUI_LU_CD set OBJ_ID='1fc24641-13c8-47dd-8a33-cbedd5d54aad', VER_NBR=1, UPDATEID='admin', UPDATETIME=TIMESTAMP '2014-02-06 10:41:30.246', DESCR_FORMATTED='', LUI_ID='83f2ec7f-4b64-4ed9-936b-d22528c46538', DESCR_PLAIN='', LUI_LUCD_TYPE='kuali.lu.code.honorsOffering', VALUE='' where ID='524c1601-ea2d-433d-b595-58632c42ec4c' and VER_NBR=0
/
delete from KSEN_LUI_UNITS_CONT_OWNER where LUI_ID='83f2ec7f-4b64-4ed9-936b-d22528c46538'
/
insert into KSEN_LUI_UNITS_CONT_OWNER (LUI_ID, ORG_ID) values ('83f2ec7f-4b64-4ed9-936b-d22528c46538', '4284516367')
/
delete from KSEN_LUI_RESULT_VAL_GRP where LUI_ID='83f2ec7f-4b64-4ed9-936b-d22528c46538'
/
insert into KSEN_LUI_RESULT_VAL_GRP (LUI_ID, RESULT_VAL_GRP_ID) values ('83f2ec7f-4b64-4ed9-936b-d22528c46538', 'kuali.resultComponent.grade.letter')
/
insert into KSEN_LUI_RESULT_VAL_GRP (LUI_ID, RESULT_VAL_GRP_ID) values ('83f2ec7f-4b64-4ed9-936b-d22528c46538', 'kuali.resultComponent.grade.audit')
/
insert into KSEN_LUI_RESULT_VAL_GRP (LUI_ID, RESULT_VAL_GRP_ID) values ('83f2ec7f-4b64-4ed9-936b-d22528c46538', 'kuali.resultComponent.grade.passFail')
/
insert into KSEN_LUI_RESULT_VAL_GRP (LUI_ID, RESULT_VAL_GRP_ID) values ('83f2ec7f-4b64-4ed9-936b-d22528c46538', 'kuali.creditType.credit.degree.1.0,1.5,2.0,2.5,3.0')
/
update KSEN_LUI set OBJ_ID='92fa26b6-9d7b-4442-a2ef-bd55b7dcf822', VER_NBR=1, UPDATEID='admin', UPDATETIME=TIMESTAMP '2014-02-06 10:41:30.246', ATP_ID='kuali.atp.2014Winter', CLU_ID='3c719070-e600-425e-befc-1eb4b5aa3b08', EFF_DT='', EXPIR_DT='', DESCR_FORMATTED='Courses with lecture', LUI_STATE='kuali.lui.activity.offering.state.approved', LUI_TYPE='kuali.lui.type.activity.offering.lecture', MAX_SEATS=10, MIN_SEATS=10, NAME='Lecture', DESCR_PLAIN='Courses with lecture', REF_URL=null where ID='45b23b0f-a11f-42c9-bf47-48895836ac48' and VER_NBR=0
/
update KSEN_LUI_IDENT set OBJ_ID='83385d0e-b86a-455b-84f4-c8a40baf8f16', VER_NBR=1, UPDATEID='admin', UPDATETIME=TIMESTAMP '2014-02-06 10:41:30.246', LUI_CD='A', DIVISION='', IDENT_LEVEL='', LNG_NAME='', LUI_ID='45b23b0f-a11f-42c9-bf47-48895836ac48', ORGID='', SHRT_NAME='', LUI_ID_STATE='kuali.lui.identifier.state.active', SUFX_CD='', LUI_ID_TYPE='kuali.lui.identifier.type.official', VARTN='' where ID='61c13b0e-48e3-4e25-8dd7-46ca871f886e' and VER_NBR=0
/
update KSEN_LUI_LU_CD set OBJ_ID='14cf8d2e-5d7a-4a2d-a864-1bcdbc14fa0a', VER_NBR=1, UPDATEID='admin', UPDATETIME=TIMESTAMP '2014-02-06 10:41:30.246', DESCR_FORMATTED='', LUI_ID='45b23b0f-a11f-42c9-bf47-48895836ac48', DESCR_PLAIN='', LUI_LUCD_TYPE='kuali.lu.code.honorsOffering', VALUE=0 where ID='a05aaa09-5713-4e64-ac54-992806d036c9' and VER_NBR=0
/
update KSEN_LUI set OBJ_ID='3e6955bf-1993-46f0-8f26-15857edaf0a8', VER_NBR=1, UPDATEID='admin', UPDATETIME=TIMESTAMP '2014-02-06 10:41:30.246', ATP_ID='kuali.atp.2014Winter', CLU_ID='c5ce342e-1099-4eb7-9d13-3eb727150060', EFF_DT='', EXPIR_DT='', DESCR_FORMATTED='Courses with Lecture only', LUI_STATE='kuali.lui.format.offering.state.planned', LUI_TYPE='kuali.lui.type.course.format.offering', MAX_SEATS='', MIN_SEATS='', NAME='Lecture Only', DESCR_PLAIN='Courses with Lecture only', REF_URL='' where ID='cba18934-f3d2-45c3-bd3c-66177903eee2' and VER_NBR=0
/
update KSEN_LUI_IDENT set OBJ_ID='2142fd11-fb8c-4d80-a32e-f9d51f1551a3', VER_NBR=1, UPDATEID='admin', UPDATETIME=TIMESTAMP '2014-02-06 10:41:30.246', LUI_CD='', DIVISION='', IDENT_LEVEL='', LNG_NAME='Lecture Only', LUI_ID='cba18934-f3d2-45c3-bd3c-66177903eee2', ORGID='', SHRT_NAME='LEC', LUI_ID_STATE='kuali.lui.identifier.state.active', SUFX_CD='', LUI_ID_TYPE='kuali.lui.identifier.type.official', VARTN='' where ID='406d5ae3-b728-4592-970e-21c9738dbab0' and VER_NBR=0
/
delete from KSEN_LUI_RELATED_LUI_TYPES where LUI_ID='cba18934-f3d2-45c3-bd3c-66177903eee2'
/
insert into KSEN_LUI_RELATED_LUI_TYPES (LUI_ID, RELATED_LUI_TYPE) values ('cba18934-f3d2-45c3-bd3c-66177903eee2', 'kuali.lui.type.activity.offering.lecture')
/
update KSEN_LUI set OBJ_ID='3cec236f-ce9d-41f5-99d2-966d61321c83', VER_NBR=1, UPDATEID='admin', UPDATETIME=TIMESTAMP '2014-02-06 10:41:30.246', ATP_ID='kuali.atp.2014Winter', CLU_ID='a1e31e75-3d71-4ebf-96c5-12a25d55d23a', EFF_DT=TIMESTAMP '2014-01-02 00:00:00.0', EXPIR_DT='', DESCR_FORMATTED='Covers a wide range of topics in professional development for new graduate students.', LUI_STATE='kuali.lui.course.offering.state.planned', LUI_TYPE='kuali.lui.type.course.offering', MAX_SEATS='', MIN_SEATS='', NAME='CHEM611 CO', DESCR_PLAIN='Covers a wide range of topics in professional development for new graduate students.', REF_URL=null where ID='804de014-9243-4801-b390-792a2cd23200' and VER_NBR=0
/
update KSEN_LUI_IDENT set OBJ_ID='8f30535a-3f0c-4476-8dac-3b3d3fdea95b', VER_NBR=1, UPDATEID='admin', UPDATETIME=TIMESTAMP '2014-02-06 10:41:30.246', LUI_CD='CHEM611', DIVISION='CHEM', IDENT_LEVEL='', LNG_NAME='Professional Skills for New Graduate Students', LUI_ID='804de014-9243-4801-b390-792a2cd23200', ORGID='', SHRT_NAME='', LUI_ID_STATE='kuali.lui.identifier.state.active', SUFX_CD='', LUI_ID_TYPE='kuali.lui.identifier.type.official', VARTN='' where ID='c38a4da5-baa9-4e8c-8364-844af82cca5c' and VER_NBR=0
/
update KSEN_LUI_LU_CD set OBJ_ID='ac9ea899-0b1e-4ea3-b6c7-fe6a905c575f', VER_NBR=1, UPDATEID='admin', UPDATETIME=TIMESTAMP '2014-02-06 10:41:30.246', DESCR_FORMATTED='', LUI_ID='804de014-9243-4801-b390-792a2cd23200', DESCR_PLAIN='', LUI_LUCD_TYPE='kuali.lu.code.honorsOffering', VALUE='' where ID='0a902bd5-b4e8-4199-893b-6a6bb52b7e60' and VER_NBR=0
/
delete from KSEN_LUI_UNITS_CONT_OWNER where LUI_ID='804de014-9243-4801-b390-792a2cd23200'
/
insert into KSEN_LUI_UNITS_CONT_OWNER (LUI_ID, ORG_ID) values ('804de014-9243-4801-b390-792a2cd23200', '4284516367')
/
delete from KSEN_LUI_RESULT_VAL_GRP where LUI_ID='804de014-9243-4801-b390-792a2cd23200'
/
insert into KSEN_LUI_RESULT_VAL_GRP (LUI_ID, RESULT_VAL_GRP_ID) values ('804de014-9243-4801-b390-792a2cd23200', 'kuali.resultComponent.grade.letter')
/
insert into KSEN_LUI_RESULT_VAL_GRP (LUI_ID, RESULT_VAL_GRP_ID) values ('804de014-9243-4801-b390-792a2cd23200', 'kuali.resultComponent.grade.audit')
/
insert into KSEN_LUI_RESULT_VAL_GRP (LUI_ID, RESULT_VAL_GRP_ID) values ('804de014-9243-4801-b390-792a2cd23200', 'kuali.creditType.credit.degree.1.0')
/
update KSEN_LUI set OBJ_ID='3e0b8fc5-a7b7-4830-9cbd-878b3254a37d', VER_NBR=1, UPDATEID='admin', UPDATETIME=TIMESTAMP '2014-02-06 10:41:30.246', ATP_ID='kuali.atp.2014Winter', CLU_ID='0843b8ef-6b97-4c97-a26b-11cbfbad831f', EFF_DT='', EXPIR_DT='', DESCR_FORMATTED='Courses with lecture', LUI_STATE='kuali.lui.activity.offering.state.approved', LUI_TYPE='kuali.lui.type.activity.offering.lecture', MAX_SEATS=30, MIN_SEATS=30, NAME='Lecture', DESCR_PLAIN='Courses with lecture', REF_URL=null where ID='d1754b4c-8254-441f-9752-a008ee4ef3a7' and VER_NBR=0
/
update KSEN_LUI_IDENT set OBJ_ID='ea102bbf-9a8c-4f7b-80d4-847974434cde', VER_NBR=1, UPDATEID='admin', UPDATETIME=TIMESTAMP '2014-02-06 10:41:30.246', LUI_CD='A', DIVISION='', IDENT_LEVEL='', LNG_NAME='', LUI_ID='d1754b4c-8254-441f-9752-a008ee4ef3a7', ORGID='', SHRT_NAME='', LUI_ID_STATE='kuali.lui.identifier.state.active', SUFX_CD='', LUI_ID_TYPE='kuali.lui.identifier.type.official', VARTN='' where ID='6e69034b-360f-419f-81cb-f77a350a814a' and VER_NBR=0
/
update KSEN_LUI_LU_CD set OBJ_ID='130cb85c-2a35-461e-9faf-123427309962', VER_NBR=1, UPDATEID='admin', UPDATETIME=TIMESTAMP '2014-02-06 10:41:30.246', DESCR_FORMATTED='', LUI_ID='d1754b4c-8254-441f-9752-a008ee4ef3a7', DESCR_PLAIN='', LUI_LUCD_TYPE='kuali.lu.code.honorsOffering', VALUE=0 where ID='1c136474-b907-41e6-a97a-c0dc1153b186' and VER_NBR=0
/
update KSEN_LUI set OBJ_ID='39a42270-da49-46bf-ad47-3ed7ae467382', VER_NBR=1, UPDATEID='admin', UPDATETIME=TIMESTAMP '2014-02-06 10:41:30.246', ATP_ID='kuali.atp.2014Winter', CLU_ID='46d57760-5695-452e-9789-e0ecb8704e76', EFF_DT='', EXPIR_DT='', DESCR_FORMATTED='Courses with Lecture only', LUI_STATE='kuali.lui.format.offering.state.planned', LUI_TYPE='kuali.lui.type.course.format.offering', MAX_SEATS='', MIN_SEATS='', NAME='Lecture Only', DESCR_PLAIN='Courses with Lecture only', REF_URL='' where ID='2ec5f9d0-a2ef-4e7f-979e-8ca14eec2369' and VER_NBR=0
/
update KSEN_LUI_IDENT set OBJ_ID='036b9a88-d61e-460e-b208-891fff8bc746', VER_NBR=1, UPDATEID='admin', UPDATETIME=TIMESTAMP '2014-02-06 10:41:30.246', LUI_CD='', DIVISION='', IDENT_LEVEL='', LNG_NAME='Lecture Only', LUI_ID='2ec5f9d0-a2ef-4e7f-979e-8ca14eec2369', ORGID='', SHRT_NAME='LEC', LUI_ID_STATE='kuali.lui.identifier.state.active', SUFX_CD='', LUI_ID_TYPE='kuali.lui.identifier.type.official', VARTN='' where ID='7006b0b4-2722-43ba-b534-c8df77362148' and VER_NBR=0
/
delete from KSEN_LUI_RELATED_LUI_TYPES where LUI_ID='2ec5f9d0-a2ef-4e7f-979e-8ca14eec2369'
/
insert into KSEN_LUI_RELATED_LUI_TYPES (LUI_ID, RELATED_LUI_TYPE) values ('2ec5f9d0-a2ef-4e7f-979e-8ca14eec2369', 'kuali.lui.type.activity.offering.lecture')
/
update KSEN_LUI set OBJ_ID='a3ff0164-3eab-48e4-9524-78b080fe7538', VER_NBR=1, UPDATEID='admin', UPDATETIME=TIMESTAMP '2014-02-06 10:41:30.246', ATP_ID='kuali.atp.2014Winter', CLU_ID='CLUID-CHEM640-198708000000', EFF_DT=TIMESTAMP '2014-01-02 00:00:00.0', EXPIR_DT='', DESCR_FORMATTED='A tutorial type course dealing with the basic description of the fundamentals of writing organic reaction mechanisms.', LUI_STATE='kuali.lui.course.offering.state.planned', LUI_TYPE='kuali.lui.type.course.offering', MAX_SEATS='', MIN_SEATS='', NAME='CHEM640 CO', DESCR_PLAIN='A tutorial type course dealing with the basic description of the fundamentals of writing organic reaction mechanisms.', REF_URL=null where ID='020da075-2ae1-47ca-8a8e-6d3860eb5207' and VER_NBR=0
/
update KSEN_LUI_IDENT set OBJ_ID='0abf6fc7-bf81-4bb8-bf88-fddf2c980c3c', VER_NBR=1, UPDATEID='admin', UPDATETIME=TIMESTAMP '2014-02-06 10:41:30.246', LUI_CD='CHEM640', DIVISION='CHEM', IDENT_LEVEL='', LNG_NAME='Problems in Organic Reaction Mechanisms', LUI_ID='020da075-2ae1-47ca-8a8e-6d3860eb5207', ORGID='', SHRT_NAME='', LUI_ID_STATE='kuali.lui.identifier.state.active', SUFX_CD='', LUI_ID_TYPE='kuali.lui.identifier.type.official', VARTN='' where ID='2d192dfb-620b-49c7-bb1d-0161a8278046' and VER_NBR=0
/
update KSEN_LUI_LU_CD set OBJ_ID='53cc0463-a133-4a5a-975a-7fecb2eeec2c', VER_NBR=1, UPDATEID='admin', UPDATETIME=TIMESTAMP '2014-02-06 10:41:30.246', DESCR_FORMATTED='', LUI_ID='020da075-2ae1-47ca-8a8e-6d3860eb5207', DESCR_PLAIN='', LUI_LUCD_TYPE='kuali.lu.code.honorsOffering', VALUE='' where ID='105f5430-6c1b-4242-a521-38988542142f' and VER_NBR=0
/
delete from KSEN_LUI_UNITS_CONT_OWNER where LUI_ID='020da075-2ae1-47ca-8a8e-6d3860eb5207'
/
insert into KSEN_LUI_UNITS_CONT_OWNER (LUI_ID, ORG_ID) values ('020da075-2ae1-47ca-8a8e-6d3860eb5207', '4284516367')
/
delete from KSEN_LUI_RESULT_VAL_GRP where LUI_ID='020da075-2ae1-47ca-8a8e-6d3860eb5207'
/
insert into KSEN_LUI_RESULT_VAL_GRP (LUI_ID, RESULT_VAL_GRP_ID) values ('020da075-2ae1-47ca-8a8e-6d3860eb5207', 'kuali.resultComponent.grade.letter')
/
insert into KSEN_LUI_RESULT_VAL_GRP (LUI_ID, RESULT_VAL_GRP_ID) values ('020da075-2ae1-47ca-8a8e-6d3860eb5207', 'kuali.resultComponent.grade.audit')
/
insert into KSEN_LUI_RESULT_VAL_GRP (LUI_ID, RESULT_VAL_GRP_ID) values ('020da075-2ae1-47ca-8a8e-6d3860eb5207', 'kuali.creditType.credit.degree.1.0')
/
update KSEN_LUI set OBJ_ID='48215189-0993-41a7-beb5-d886aafe5fe8', VER_NBR=1, UPDATEID='admin', UPDATETIME=TIMESTAMP '2014-02-06 10:42:12.632', ATP_ID='kuali.atp.2014Winter', CLU_ID='9194e508-3a2b-4429-9a62-852dfc612977', EFF_DT='', EXPIR_DT='', DESCR_FORMATTED='Courses with lecture', LUI_STATE='kuali.lui.activity.offering.state.approved', LUI_TYPE='kuali.lui.type.activity.offering.lecture', MAX_SEATS=25, MIN_SEATS=25, NAME='Lecture', DESCR_PLAIN='Courses with lecture', REF_URL=null where ID='99644eb5-d6b6-4893-84c9-c209be58d633' and VER_NBR=0
/
update KSEN_LUI_IDENT set OBJ_ID='aa543992-7bb3-4e62-a74a-c44a31613ea5', VER_NBR=1, UPDATEID='admin', UPDATETIME=TIMESTAMP '2014-02-06 10:42:12.632', LUI_CD='A', DIVISION='', IDENT_LEVEL='', LNG_NAME='', LUI_ID='99644eb5-d6b6-4893-84c9-c209be58d633', ORGID='', SHRT_NAME='', LUI_ID_STATE='kuali.lui.identifier.state.active', SUFX_CD='', LUI_ID_TYPE='kuali.lui.identifier.type.official', VARTN='' where ID='c2aafe33-ba40-4eef-b973-c44064fdd799' and VER_NBR=0
/
update KSEN_LUI_LU_CD set OBJ_ID='18fd81a5-89f6-4cc9-965c-5d03e8ea7032', VER_NBR=1, UPDATEID='admin', UPDATETIME=TIMESTAMP '2014-02-06 10:42:12.632', DESCR_FORMATTED='', LUI_ID='99644eb5-d6b6-4893-84c9-c209be58d633', DESCR_PLAIN='', LUI_LUCD_TYPE='kuali.lu.code.honorsOffering', VALUE=0 where ID='ad9323d1-5f07-4d32-99f7-617f7cca131c' and VER_NBR=0
/
update KSEN_LUI set OBJ_ID='be6acb82-76f2-4118-b58e-fa446dc5e13a', VER_NBR=1, UPDATEID='admin', UPDATETIME=TIMESTAMP '2014-02-06 10:42:12.632', ATP_ID='kuali.atp.2014Winter', CLU_ID='db9a6986-9b28-47e9-b1f1-9fdb5f4562df', EFF_DT='', EXPIR_DT='', DESCR_FORMATTED='Courses with Lecture only', LUI_STATE='kuali.lui.format.offering.state.planned', LUI_TYPE='kuali.lui.type.course.format.offering', MAX_SEATS='', MIN_SEATS='', NAME='Lecture Only', DESCR_PLAIN='Courses with Lecture only', REF_URL='' where ID='1221284a-f433-4845-a573-afa80289379f' and VER_NBR=0
/
update KSEN_LUI_IDENT set OBJ_ID='90b43023-9b81-4d29-becf-79d446d94cf1', VER_NBR=1, UPDATEID='admin', UPDATETIME=TIMESTAMP '2014-02-06 10:42:12.632', LUI_CD='', DIVISION='', IDENT_LEVEL='', LNG_NAME='Lecture Only', LUI_ID='1221284a-f433-4845-a573-afa80289379f', ORGID='', SHRT_NAME='LEC', LUI_ID_STATE='kuali.lui.identifier.state.active', SUFX_CD='', LUI_ID_TYPE='kuali.lui.identifier.type.official', VARTN='' where ID='27e5ab69-6b88-41f5-9af0-62f0d04607ee' and VER_NBR=0
/
delete from KSEN_LUI_RELATED_LUI_TYPES where LUI_ID='1221284a-f433-4845-a573-afa80289379f'
/
insert into KSEN_LUI_RELATED_LUI_TYPES (LUI_ID, RELATED_LUI_TYPE) values ('1221284a-f433-4845-a573-afa80289379f', 'kuali.lui.type.activity.offering.lecture')
/
update KSEN_LUI set OBJ_ID='e96041c2-0fad-4f12-ab1c-90230eddccd9', VER_NBR=1, UPDATEID='admin', UPDATETIME=TIMESTAMP '2014-02-06 10:42:12.632', ATP_ID='kuali.atp.2014Winter', CLU_ID='88e00da8-c4df-42b6-be3b-51ad25a919f3', EFF_DT=TIMESTAMP '2014-01-02 00:00:00.0', EXPIR_DT='', DESCR_FORMATTED='Surveys American writing from the Civil War through the Cold War. Authors such as Clemens, Frost, Hurston, Bellow.', LUI_STATE='kuali.lui.course.offering.state.planned', LUI_TYPE='kuali.lui.type.course.offering', MAX_SEATS='', MIN_SEATS='', NAME='ENGL222 CO', DESCR_PLAIN='Surveys American writing from the Civil War through the Cold War. Authors such as Clemens, Frost, Hurston, Bellow.', REF_URL=null where ID='094b3f6e-5e6b-46f0-8bb0-2bccb4bfd7c3' and VER_NBR=0
/
update KSEN_LUI_IDENT set OBJ_ID='c8377d79-2ef8-4f1c-b82f-872822d86929', VER_NBR=1, UPDATEID='admin', UPDATETIME=TIMESTAMP '2014-02-06 10:42:12.632', LUI_CD='ENGL222', DIVISION='ENGL', IDENT_LEVEL='', LNG_NAME='American Literature: 1865 to Present', LUI_ID='094b3f6e-5e6b-46f0-8bb0-2bccb4bfd7c3', ORGID='', SHRT_NAME='', LUI_ID_STATE='kuali.lui.identifier.state.active', SUFX_CD='', LUI_ID_TYPE='kuali.lui.identifier.type.official', VARTN='' where ID='936623ba-903b-4257-94e4-11ec2eb20912' and VER_NBR=0
/
update KSEN_LUI_LU_CD set OBJ_ID='01bc5b50-3185-4e7b-a9a2-2008fae7886f', VER_NBR=1, UPDATEID='admin', UPDATETIME=TIMESTAMP '2014-02-06 10:42:12.632', DESCR_FORMATTED='', LUI_ID='094b3f6e-5e6b-46f0-8bb0-2bccb4bfd7c3', DESCR_PLAIN='', LUI_LUCD_TYPE='kuali.lu.code.honorsOffering', VALUE='' where ID='ebf37d88-4d29-457a-8aff-c97140a6328a' and VER_NBR=0
/
delete from KSEN_LUI_UNITS_CONT_OWNER where LUI_ID='094b3f6e-5e6b-46f0-8bb0-2bccb4bfd7c3'
/
insert into KSEN_LUI_UNITS_CONT_OWNER (LUI_ID, ORG_ID) values ('094b3f6e-5e6b-46f0-8bb0-2bccb4bfd7c3', '2677933260')
/
delete from KSEN_LUI_RESULT_VAL_GRP where LUI_ID='094b3f6e-5e6b-46f0-8bb0-2bccb4bfd7c3'
/
insert into KSEN_LUI_RESULT_VAL_GRP (LUI_ID, RESULT_VAL_GRP_ID) values ('094b3f6e-5e6b-46f0-8bb0-2bccb4bfd7c3', 'kuali.resultComponent.grade.letter')
/
insert into KSEN_LUI_RESULT_VAL_GRP (LUI_ID, RESULT_VAL_GRP_ID) values ('094b3f6e-5e6b-46f0-8bb0-2bccb4bfd7c3', 'kuali.resultComponent.grade.audit')
/
insert into KSEN_LUI_RESULT_VAL_GRP (LUI_ID, RESULT_VAL_GRP_ID) values ('094b3f6e-5e6b-46f0-8bb0-2bccb4bfd7c3', 'kuali.resultComponent.grade.passFail')
/
insert into KSEN_LUI_RESULT_VAL_GRP (LUI_ID, RESULT_VAL_GRP_ID) values ('094b3f6e-5e6b-46f0-8bb0-2bccb4bfd7c3', 'kuali.creditType.credit.degree.3.0')
/
update KSEN_LUI set OBJ_ID='9042def1-4522-4933-9d60-c96853533704', VER_NBR=1, UPDATEID='admin', UPDATETIME=TIMESTAMP '2014-02-06 10:42:12.632', ATP_ID='kuali.atp.2014Winter', CLU_ID='69f87d52-5ab8-4c76-85d1-d753266cbeca', EFF_DT='', EXPIR_DT='', DESCR_FORMATTED='Courses with lecture', LUI_STATE='kuali.lui.activity.offering.state.approved', LUI_TYPE='kuali.lui.type.activity.offering.lecture', MAX_SEATS=30, MIN_SEATS=30, NAME='Lecture', DESCR_PLAIN='Courses with lecture', REF_URL=null where ID='0f39c165-ef25-4e91-a78f-75991bac1142' and VER_NBR=0
/
update KSEN_LUI_IDENT set OBJ_ID='bb187559-9ff4-41ab-b8f9-7808cef710cd', VER_NBR=1, UPDATEID='admin', UPDATETIME=TIMESTAMP '2014-02-06 10:42:12.632', LUI_CD='A', DIVISION='', IDENT_LEVEL='', LNG_NAME='', LUI_ID='0f39c165-ef25-4e91-a78f-75991bac1142', ORGID='', SHRT_NAME='', LUI_ID_STATE='kuali.lui.identifier.state.active', SUFX_CD='', LUI_ID_TYPE='kuali.lui.identifier.type.official', VARTN='' where ID='a057f29b-bc1f-4d8f-b6b4-3b10db1d26cc' and VER_NBR=0
/
update KSEN_LUI_LU_CD set OBJ_ID='2c2fac8f-75bb-4d03-9784-fe6e915ac8ee', VER_NBR=1, UPDATEID='admin', UPDATETIME=TIMESTAMP '2014-02-06 10:42:12.632', DESCR_FORMATTED='', LUI_ID='0f39c165-ef25-4e91-a78f-75991bac1142', DESCR_PLAIN='', LUI_LUCD_TYPE='kuali.lu.code.honorsOffering', VALUE=0 where ID='90d53443-23ed-4eb8-ab1e-ddc3497d55dd' and VER_NBR=0
/
update KSEN_LUI set OBJ_ID='b6112555-f5d4-4b02-8a10-a3a787a6144a', VER_NBR=1, UPDATEID='admin', UPDATETIME=TIMESTAMP '2014-02-06 10:42:12.632', ATP_ID='kuali.atp.2014Winter', CLU_ID='b3d8efe2-cbe7-4e50-a72f-8f4b2b4ea8ad', EFF_DT='', EXPIR_DT='', DESCR_FORMATTED='Courses with Lecture only', LUI_STATE='kuali.lui.format.offering.state.planned', LUI_TYPE='kuali.lui.type.course.format.offering', MAX_SEATS='', MIN_SEATS='', NAME='Lecture Only', DESCR_PLAIN='Courses with Lecture only', REF_URL='' where ID='7ee65da4-ca74-4d3a-a820-a1abd718f9bf' and VER_NBR=0
/
update KSEN_LUI_IDENT set OBJ_ID='72b68324-fc23-47fa-a933-694c81c0b822', VER_NBR=1, UPDATEID='admin', UPDATETIME=TIMESTAMP '2014-02-06 10:42:12.632', LUI_CD='', DIVISION='', IDENT_LEVEL='', LNG_NAME='Lecture Only', LUI_ID='7ee65da4-ca74-4d3a-a820-a1abd718f9bf', ORGID='', SHRT_NAME='LEC', LUI_ID_STATE='kuali.lui.identifier.state.active', SUFX_CD='', LUI_ID_TYPE='kuali.lui.identifier.type.official', VARTN='' where ID='f67366b3-e3d4-42f3-9bc2-90b43e4618bb' and VER_NBR=0
/
delete from KSEN_LUI_RELATED_LUI_TYPES where LUI_ID='7ee65da4-ca74-4d3a-a820-a1abd718f9bf'
/
insert into KSEN_LUI_RELATED_LUI_TYPES (LUI_ID, RELATED_LUI_TYPE) values ('7ee65da4-ca74-4d3a-a820-a1abd718f9bf', 'kuali.lui.type.activity.offering.lecture')
/
update KSEN_LUI set OBJ_ID='a51c5be6-bcdc-41d2-9b7f-328660ea8fe2', VER_NBR=1, UPDATEID='admin', UPDATETIME=TIMESTAMP '2014-02-06 10:42:12.632', ATP_ID='kuali.atp.2014Winter', CLU_ID='8149aa68-9bfa-4d95-bcfe-b17b2d36d763', EFF_DT=TIMESTAMP '2014-01-02 00:00:00.0', EXPIR_DT='', DESCR_FORMATTED='An exploration of arguably the most complex, profound, and ubiquitous expression of human experience. Study through close reading of significant forms and conventions of Western poetic tradition. Poetry''s roots in oral and folk traditions and connections to popular song forms.', LUI_STATE='kuali.lui.course.offering.state.planned', LUI_TYPE='kuali.lui.type.course.offering', MAX_SEATS='', MIN_SEATS='', NAME='ENGL243 CO', DESCR_PLAIN='An exploration of arguably the most complex, profound, and ubiquitous expression of human experience. Study through close reading of significant forms and conventions of Western poetic tradition. Poetry''s roots in oral and folk traditions and connections to popular song forms.', REF_URL=null where ID='b5a1b977-b4f7-4639-9eca-3deaf51bc26b' and VER_NBR=0
/
update KSEN_LUI_IDENT set OBJ_ID='6f7f1131-e0aa-4ae3-adb4-4ee04c367b55', VER_NBR=1, UPDATEID='admin', UPDATETIME=TIMESTAMP '2014-02-06 10:42:12.632', LUI_CD='ENGL243', DIVISION='ENGL', IDENT_LEVEL='', LNG_NAME='What is Poetry?', LUI_ID='b5a1b977-b4f7-4639-9eca-3deaf51bc26b', ORGID='', SHRT_NAME='', LUI_ID_STATE='kuali.lui.identifier.state.active', SUFX_CD='', LUI_ID_TYPE='kuali.lui.identifier.type.official', VARTN='' where ID='2598751a-e49a-4759-810c-7ebcb4c1597a' and VER_NBR=0
/
update KSEN_LUI_LU_CD set OBJ_ID='d075cf04-696d-4a0b-8f1e-551c8a8bcfb8', VER_NBR=1, UPDATEID='admin', UPDATETIME=TIMESTAMP '2014-02-06 10:42:12.632', DESCR_FORMATTED='', LUI_ID='b5a1b977-b4f7-4639-9eca-3deaf51bc26b', DESCR_PLAIN='', LUI_LUCD_TYPE='kuali.lu.code.honorsOffering', VALUE='' where ID='b1a80bdd-d03e-4627-8988-47d30e8d7524' and VER_NBR=0
/
delete from KSEN_LUI_UNITS_CONT_OWNER where LUI_ID='b5a1b977-b4f7-4639-9eca-3deaf51bc26b'
/
insert into KSEN_LUI_UNITS_CONT_OWNER (LUI_ID, ORG_ID) values ('b5a1b977-b4f7-4639-9eca-3deaf51bc26b', '2677933260')
/
delete from KSEN_LUI_RESULT_VAL_GRP where LUI_ID='b5a1b977-b4f7-4639-9eca-3deaf51bc26b'
/
insert into KSEN_LUI_RESULT_VAL_GRP (LUI_ID, RESULT_VAL_GRP_ID) values ('b5a1b977-b4f7-4639-9eca-3deaf51bc26b', 'kuali.resultComponent.grade.letter')
/
insert into KSEN_LUI_RESULT_VAL_GRP (LUI_ID, RESULT_VAL_GRP_ID) values ('b5a1b977-b4f7-4639-9eca-3deaf51bc26b', 'kuali.resultComponent.grade.audit')
/
insert into KSEN_LUI_RESULT_VAL_GRP (LUI_ID, RESULT_VAL_GRP_ID) values ('b5a1b977-b4f7-4639-9eca-3deaf51bc26b', 'kuali.resultComponent.grade.passFail')
/
insert into KSEN_LUI_RESULT_VAL_GRP (LUI_ID, RESULT_VAL_GRP_ID) values ('b5a1b977-b4f7-4639-9eca-3deaf51bc26b', 'kuali.creditType.credit.degree.3.0')
/
update KSEN_LUI set OBJ_ID='98681baa-9888-4fa8-b5a3-a86ec05dde42', VER_NBR=1, UPDATEID='admin', UPDATETIME=TIMESTAMP '2014-02-06 10:42:12.632', ATP_ID='kuali.atp.2014Winter', CLU_ID='668d892b-5335-490e-8883-b913c8c4818f', EFF_DT='', EXPIR_DT='', DESCR_FORMATTED='Courses with lecture', LUI_STATE='kuali.lui.activity.offering.state.approved', LUI_TYPE='kuali.lui.type.activity.offering.lecture', MAX_SEATS=30, MIN_SEATS=30, NAME='Lecture', DESCR_PLAIN='Courses with lecture', REF_URL=null where ID='5c76e4a3-9da1-4093-8196-650ae13ec631' and VER_NBR=0
/
update KSEN_LUI_IDENT set OBJ_ID='af7b58a2-68ea-47e3-92a1-e44e5a1c3163', VER_NBR=1, UPDATEID='admin', UPDATETIME=TIMESTAMP '2014-02-06 10:42:12.632', LUI_CD='B', DIVISION='', IDENT_LEVEL='', LNG_NAME='', LUI_ID='5c76e4a3-9da1-4093-8196-650ae13ec631', ORGID='', SHRT_NAME='', LUI_ID_STATE='kuali.lui.identifier.state.active', SUFX_CD='', LUI_ID_TYPE='kuali.lui.identifier.type.official', VARTN='' where ID='930803e7-a2ee-4b42-a171-dbbd69680d38' and VER_NBR=0
/
update KSEN_LUI_LU_CD set OBJ_ID='9f8899bf-1975-48da-9ef1-f316578a2b85', VER_NBR=1, UPDATEID='admin', UPDATETIME=TIMESTAMP '2014-02-06 10:42:12.632', DESCR_FORMATTED='', LUI_ID='5c76e4a3-9da1-4093-8196-650ae13ec631', DESCR_PLAIN='', LUI_LUCD_TYPE='kuali.lu.code.honorsOffering', VALUE=0 where ID='a7b79265-18bb-4e64-874e-b893e8ebb8ff' and VER_NBR=0
/
update KSEN_LUI set OBJ_ID='95bb06bb-bc83-4f10-8913-dfe99b4c3978', VER_NBR=1, UPDATEID='admin', UPDATETIME=TIMESTAMP '2014-02-06 10:42:12.632', ATP_ID='kuali.atp.2014Winter', CLU_ID='3853b95e-b7b9-49f7-b981-10a1202d9c49', EFF_DT='', EXPIR_DT='', DESCR_FORMATTED='Courses with lecture', LUI_STATE='kuali.lui.activity.offering.state.approved', LUI_TYPE='kuali.lui.type.activity.offering.lecture', MAX_SEATS=25, MIN_SEATS=25, NAME='Lecture', DESCR_PLAIN='Courses with lecture', REF_URL=null where ID='473a5742-3d8d-439e-8478-dba85a8ee47e' and VER_NBR=0
/
update KSEN_LUI_IDENT set OBJ_ID='e39c5d2c-716b-4caa-8100-886d0fc5b2b4', VER_NBR=1, UPDATEID='admin', UPDATETIME=TIMESTAMP '2014-02-06 10:42:12.632', LUI_CD='A', DIVISION='', IDENT_LEVEL='', LNG_NAME='', LUI_ID='473a5742-3d8d-439e-8478-dba85a8ee47e', ORGID='', SHRT_NAME='', LUI_ID_STATE='kuali.lui.identifier.state.active', SUFX_CD='', LUI_ID_TYPE='kuali.lui.identifier.type.official', VARTN='' where ID='3f187d5b-f797-4ef3-b3cb-ca2c9064fe2c' and VER_NBR=0
/
update KSEN_LUI_LU_CD set OBJ_ID='9b220dab-914d-4591-a077-aafa88d70ba4', VER_NBR=1, UPDATEID='admin', UPDATETIME=TIMESTAMP '2014-02-06 10:42:12.632', DESCR_FORMATTED='', LUI_ID='473a5742-3d8d-439e-8478-dba85a8ee47e', DESCR_PLAIN='', LUI_LUCD_TYPE='kuali.lu.code.honorsOffering', VALUE=0 where ID='f4fe64ee-440d-4af8-b196-5a14c1abdad8' and VER_NBR=0
/
update KSEN_LUI set OBJ_ID='8f3d26fc-2276-47a9-85a9-019c77c648f1', VER_NBR=1, UPDATEID='admin', UPDATETIME=TIMESTAMP '2014-02-06 10:42:12.632', ATP_ID='kuali.atp.2014Winter', CLU_ID='2fb81cbf-36e1-4096-ae43-541d964af238', EFF_DT='', EXPIR_DT='', DESCR_FORMATTED='Courses with Lecture only', LUI_STATE='kuali.lui.format.offering.state.planned', LUI_TYPE='kuali.lui.type.course.format.offering', MAX_SEATS='', MIN_SEATS='', NAME='Lecture Only', DESCR_PLAIN='Courses with Lecture only', REF_URL='' where ID='9d9b4962-1e6a-41d5-979f-8c254a0098fc' and VER_NBR=0
/
update KSEN_LUI_IDENT set OBJ_ID='8832f23d-8e9e-42aa-9096-7dcdb27a4053', VER_NBR=1, UPDATEID='admin', UPDATETIME=TIMESTAMP '2014-02-06 10:42:12.632', LUI_CD='', DIVISION='', IDENT_LEVEL='', LNG_NAME='Lecture Only', LUI_ID='9d9b4962-1e6a-41d5-979f-8c254a0098fc', ORGID='', SHRT_NAME='LEC', LUI_ID_STATE='kuali.lui.identifier.state.active', SUFX_CD='', LUI_ID_TYPE='kuali.lui.identifier.type.official', VARTN='' where ID='9056315e-2ff7-46ef-9a0a-5917b75d8f86' and VER_NBR=0
/
delete from KSEN_LUI_RELATED_LUI_TYPES where LUI_ID='9d9b4962-1e6a-41d5-979f-8c254a0098fc'
/
insert into KSEN_LUI_RELATED_LUI_TYPES (LUI_ID, RELATED_LUI_TYPE) values ('9d9b4962-1e6a-41d5-979f-8c254a0098fc', 'kuali.lui.type.activity.offering.lecture')
/
update KSEN_LUI set OBJ_ID='a8aaffc8-21f7-412c-b31e-ffb61f7946f1', VER_NBR=1, UPDATEID='admin', UPDATETIME=TIMESTAMP '2014-02-06 10:42:12.632', ATP_ID='kuali.atp.2014Winter', CLU_ID='fbaef52c-442b-4761-85e7-5ab3b238c627', EFF_DT=TIMESTAMP '2014-01-02 00:00:00.0', EXPIR_DT='', DESCR_FORMATTED='Introduction to film as art form and how films create meaning. Basic film terminology; fundamental principles of film form, film narrative, and film history. Examination of film technique and style over past one hundred years. Social and economic functions of film within broader institutional, economic, and cultural contexts.', LUI_STATE='kuali.lui.course.offering.state.planned', LUI_TYPE='kuali.lui.type.course.offering', MAX_SEATS='', MIN_SEATS='', NAME='ENGL245 CO', DESCR_PLAIN='Introduction to film as art form and how films create meaning. Basic film terminology; fundamental principles of film form, film narrative, and film history. Examination of film technique and style over past one hundred years. Social and economic functions of film within broader institutional, economic, and cultural contexts.', REF_URL=null where ID='a73deca1-cd0f-408a-a120-079da612ffbb' and VER_NBR=0
/
update KSEN_LUI_IDENT set OBJ_ID='181435a6-48e3-48b7-9c76-d20dfa9cde1b', VER_NBR=1, UPDATEID='admin', UPDATETIME=TIMESTAMP '2014-02-06 10:42:12.632', LUI_CD='ENGL245', DIVISION='ENGL', IDENT_LEVEL='', LNG_NAME='Film Form and Culture', LUI_ID='a73deca1-cd0f-408a-a120-079da612ffbb', ORGID='', SHRT_NAME='', LUI_ID_STATE='kuali.lui.identifier.state.active', SUFX_CD='', LUI_ID_TYPE='kuali.lui.identifier.type.official', VARTN='' where ID='00ba3e25-c470-4047-ae44-b653504e19a5' and VER_NBR=0
/
update KSEN_LUI_LU_CD set OBJ_ID='70218b98-b49d-4740-a23e-b85f6a54eb63', VER_NBR=1, UPDATEID='admin', UPDATETIME=TIMESTAMP '2014-02-06 10:42:12.632', DESCR_FORMATTED='', LUI_ID='a73deca1-cd0f-408a-a120-079da612ffbb', DESCR_PLAIN='', LUI_LUCD_TYPE='kuali.lu.code.honorsOffering', VALUE='' where ID='4d84b030-79ae-455a-ae75-96c60d3ee1ac' and VER_NBR=0
/
delete from KSEN_LUI_UNITS_CONT_OWNER where LUI_ID='a73deca1-cd0f-408a-a120-079da612ffbb'
/
insert into KSEN_LUI_UNITS_CONT_OWNER (LUI_ID, ORG_ID) values ('a73deca1-cd0f-408a-a120-079da612ffbb', '2677933260')
/
delete from KSEN_LUI_RESULT_VAL_GRP where LUI_ID='a73deca1-cd0f-408a-a120-079da612ffbb'
/
insert into KSEN_LUI_RESULT_VAL_GRP (LUI_ID, RESULT_VAL_GRP_ID) values ('a73deca1-cd0f-408a-a120-079da612ffbb', 'kuali.resultComponent.grade.letter')
/
insert into KSEN_LUI_RESULT_VAL_GRP (LUI_ID, RESULT_VAL_GRP_ID) values ('a73deca1-cd0f-408a-a120-079da612ffbb', 'kuali.resultComponent.grade.audit')
/
insert into KSEN_LUI_RESULT_VAL_GRP (LUI_ID, RESULT_VAL_GRP_ID) values ('a73deca1-cd0f-408a-a120-079da612ffbb', 'kuali.resultComponent.grade.passFail')
/
insert into KSEN_LUI_RESULT_VAL_GRP (LUI_ID, RESULT_VAL_GRP_ID) values ('a73deca1-cd0f-408a-a120-079da612ffbb', 'kuali.creditType.credit.degree.3.0')
/
update KSEN_LUI set OBJ_ID='4614cb33-61bb-449b-b1b4-e14c56cb52e4', VER_NBR=1, UPDATEID='admin', UPDATETIME=TIMESTAMP '2014-02-06 10:42:12.632', ATP_ID='kuali.atp.2014Winter', CLU_ID='46190799-c191-458f-a242-7084e92ec5da', EFF_DT='', EXPIR_DT='', DESCR_FORMATTED='Courses with lecture', LUI_STATE='kuali.lui.activity.offering.state.approved', LUI_TYPE='kuali.lui.type.activity.offering.lecture', MAX_SEATS=20, MIN_SEATS=20, NAME='Lecture', DESCR_PLAIN='Courses with lecture', REF_URL=null where ID='7e907718-2675-4264-a758-4a20a8ee8155' and VER_NBR=0
/
update KSEN_LUI_IDENT set OBJ_ID='9b63ba50-72a8-4bc8-9267-7db11f82fee2', VER_NBR=1, UPDATEID='admin', UPDATETIME=TIMESTAMP '2014-02-06 10:42:12.632', LUI_CD='B', DIVISION='', IDENT_LEVEL='', LNG_NAME='', LUI_ID='7e907718-2675-4264-a758-4a20a8ee8155', ORGID='', SHRT_NAME='', LUI_ID_STATE='kuali.lui.identifier.state.active', SUFX_CD='', LUI_ID_TYPE='kuali.lui.identifier.type.official', VARTN='' where ID='9eb0f904-5667-4e8d-bb71-98b14ec42418' and VER_NBR=0
/
update KSEN_LUI_LU_CD set OBJ_ID='f9d56990-229e-475d-9f31-2b9cd99033a8', VER_NBR=1, UPDATEID='admin', UPDATETIME=TIMESTAMP '2014-02-06 10:42:12.632', DESCR_FORMATTED='', LUI_ID='7e907718-2675-4264-a758-4a20a8ee8155', DESCR_PLAIN='', LUI_LUCD_TYPE='kuali.lu.code.honorsOffering', VALUE=0 where ID='c1f93e6b-edc6-4d64-945c-d2deafe643f8' and VER_NBR=0
/
update KSEN_LUI set OBJ_ID='cb302722-3e25-4409-9898-60cf13e4c2bb', VER_NBR=1, UPDATEID='admin', UPDATETIME=TIMESTAMP '2014-02-06 10:42:12.632', ATP_ID='kuali.atp.2014Winter', CLU_ID='c4eab8f6-4f3e-4561-ae1c-b40dd59c517f', EFF_DT='', EXPIR_DT='', DESCR_FORMATTED='Courses with lecture', LUI_STATE='kuali.lui.activity.offering.state.approved', LUI_TYPE='kuali.lui.type.activity.offering.lecture', MAX_SEATS=25, MIN_SEATS=25, NAME='Lecture', DESCR_PLAIN='Courses with lecture', REF_URL=null where ID='215c94dd-b78f-4086-83ba-a35636a1c292' and VER_NBR=0
/
update KSEN_LUI_IDENT set OBJ_ID='2b854300-83e9-4ba7-953b-7daad02a25fe', VER_NBR=1, UPDATEID='admin', UPDATETIME=TIMESTAMP '2014-02-06 10:42:12.632', LUI_CD='A', DIVISION='', IDENT_LEVEL='', LNG_NAME='', LUI_ID='215c94dd-b78f-4086-83ba-a35636a1c292', ORGID='', SHRT_NAME='', LUI_ID_STATE='kuali.lui.identifier.state.active', SUFX_CD='', LUI_ID_TYPE='kuali.lui.identifier.type.official', VARTN='' where ID='2f1961cf-6641-41de-9b28-85b5a2252f39' and VER_NBR=0
/
update KSEN_LUI_LU_CD set OBJ_ID='ea6a80e7-c9d6-46d3-bb38-d5c7d9defed3', VER_NBR=1, UPDATEID='admin', UPDATETIME=TIMESTAMP '2014-02-06 10:42:12.632', DESCR_FORMATTED='', LUI_ID='215c94dd-b78f-4086-83ba-a35636a1c292', DESCR_PLAIN='', LUI_LUCD_TYPE='kuali.lu.code.honorsOffering', VALUE=0 where ID='c11bbb69-5968-4ac9-bdc2-9f3b34782508' and VER_NBR=0
/
update KSEN_LUI set OBJ_ID='2b5e05e7-32d9-4f18-ac96-374bfec7a3e6', VER_NBR=1, UPDATEID='admin', UPDATETIME=TIMESTAMP '2014-02-06 10:42:12.632', ATP_ID='kuali.atp.2014Winter', CLU_ID='ed9e10ff-8739-40d0-83da-a2b92489e055', EFF_DT='', EXPIR_DT='', DESCR_FORMATTED='Courses with Lecture only', LUI_STATE='kuali.lui.format.offering.state.planned', LUI_TYPE='kuali.lui.type.course.format.offering', MAX_SEATS='', MIN_SEATS='', NAME='Lecture Only', DESCR_PLAIN='Courses with Lecture only', REF_URL='' where ID='6083fa0e-1c79-4e16-b46d-989f3f2e2c56' and VER_NBR=0
/
update KSEN_LUI_IDENT set OBJ_ID='0aed0685-4495-4d9f-b311-ffb68715b008', VER_NBR=1, UPDATEID='admin', UPDATETIME=TIMESTAMP '2014-02-06 10:42:12.632', LUI_CD='', DIVISION='', IDENT_LEVEL='', LNG_NAME='Lecture Only', LUI_ID='6083fa0e-1c79-4e16-b46d-989f3f2e2c56', ORGID='', SHRT_NAME='LEC', LUI_ID_STATE='kuali.lui.identifier.state.active', SUFX_CD='', LUI_ID_TYPE='kuali.lui.identifier.type.official', VARTN='' where ID='293977e2-7292-4a34-b2b9-7c5f08bab206' and VER_NBR=0
/
delete from KSEN_LUI_RELATED_LUI_TYPES where LUI_ID='6083fa0e-1c79-4e16-b46d-989f3f2e2c56'
/
insert into KSEN_LUI_RELATED_LUI_TYPES (LUI_ID, RELATED_LUI_TYPE) values ('6083fa0e-1c79-4e16-b46d-989f3f2e2c56', 'kuali.lui.type.activity.offering.lecture')
/
update KSEN_LUI set OBJ_ID='e5d4878f-fb99-42ba-b1fc-2b3d92f85c70', VER_NBR=1, UPDATEID='admin', UPDATETIME=TIMESTAMP '2014-02-06 10:42:12.632', ATP_ID='kuali.atp.2014Winter', CLU_ID='CLUID-ENGL278-198001000000', EFF_DT=TIMESTAMP '2014-01-02 00:00:00.0', EXPIR_DT='', DESCR_FORMATTED='', LUI_STATE='kuali.lui.course.offering.state.planned', LUI_TYPE='kuali.lui.type.course.offering', MAX_SEATS='', MIN_SEATS='', NAME='ENGL278E CO', DESCR_PLAIN='.', REF_URL=null where ID='60e9df8a-4c3c-44eb-8995-35b365be7f39' and VER_NBR=0
/
update KSEN_LUI_IDENT set OBJ_ID='49ec8a40-4374-441c-986b-0a9cd2b8fe37', VER_NBR=1, UPDATEID='admin', UPDATETIME=TIMESTAMP '2014-02-06 10:42:12.632', LUI_CD='ENGL278E', DIVISION='ENGL', IDENT_LEVEL='', LNG_NAME='Special Topics in Literature', LUI_ID='60e9df8a-4c3c-44eb-8995-35b365be7f39', ORGID='', SHRT_NAME='', LUI_ID_STATE='kuali.lui.identifier.state.active', SUFX_CD='E', LUI_ID_TYPE='kuali.lui.identifier.type.official', VARTN='' where ID='bcb99509-a2b0-400c-81f1-e6c239a6c896' and VER_NBR=0
/
update KSEN_LUI_LU_CD set OBJ_ID='2d583fce-3ffa-47ae-9293-8a64e4e6a024', VER_NBR=1, UPDATEID='admin', UPDATETIME=TIMESTAMP '2014-02-06 10:42:12.632', DESCR_FORMATTED='', LUI_ID='60e9df8a-4c3c-44eb-8995-35b365be7f39', DESCR_PLAIN='', LUI_LUCD_TYPE='kuali.lu.code.honorsOffering', VALUE='' where ID='cd997327-8f92-4b00-9d29-63a07fa881c9' and VER_NBR=0
/
delete from KSEN_LUI_UNITS_CONT_OWNER where LUI_ID='60e9df8a-4c3c-44eb-8995-35b365be7f39'
/
insert into KSEN_LUI_UNITS_CONT_OWNER (LUI_ID, ORG_ID) values ('60e9df8a-4c3c-44eb-8995-35b365be7f39', '2677933260')
/
delete from KSEN_LUI_RESULT_VAL_GRP where LUI_ID='60e9df8a-4c3c-44eb-8995-35b365be7f39'
/
insert into KSEN_LUI_RESULT_VAL_GRP (LUI_ID, RESULT_VAL_GRP_ID) values ('60e9df8a-4c3c-44eb-8995-35b365be7f39', 'kuali.resultComponent.grade.letter')
/
insert into KSEN_LUI_RESULT_VAL_GRP (LUI_ID, RESULT_VAL_GRP_ID) values ('60e9df8a-4c3c-44eb-8995-35b365be7f39', 'kuali.resultComponent.grade.audit')
/
insert into KSEN_LUI_RESULT_VAL_GRP (LUI_ID, RESULT_VAL_GRP_ID) values ('60e9df8a-4c3c-44eb-8995-35b365be7f39', 'kuali.resultComponent.grade.passFail')
/
insert into KSEN_LUI_RESULT_VAL_GRP (LUI_ID, RESULT_VAL_GRP_ID) values ('60e9df8a-4c3c-44eb-8995-35b365be7f39', 'kuali.creditType.credit.degree.3.0')
/
update KSEN_LUI set OBJ_ID='7bb9c19a-ac30-4cef-99ce-a3bd17789e76', VER_NBR=1, UPDATEID='admin', UPDATETIME=TIMESTAMP '2014-02-06 10:42:12.632', ATP_ID='kuali.atp.2014Winter', CLU_ID='ac92256a-2100-48b4-a938-b2c614a8ebce', EFF_DT='', EXPIR_DT='', DESCR_FORMATTED='Courses with lecture', LUI_STATE='kuali.lui.activity.offering.state.approved', LUI_TYPE='kuali.lui.type.activity.offering.lecture', MAX_SEATS=25, MIN_SEATS=25, NAME='Lecture', DESCR_PLAIN='Courses with lecture', REF_URL=null where ID='0e25f556-7452-41ab-9318-2b3368867e85' and VER_NBR=0
/
update KSEN_LUI_IDENT set OBJ_ID='1c0b37c0-44e7-4ec3-b783-000dea1370e4', VER_NBR=1, UPDATEID='admin', UPDATETIME=TIMESTAMP '2014-02-06 10:42:12.632', LUI_CD='A', DIVISION='', IDENT_LEVEL='', LNG_NAME='', LUI_ID='0e25f556-7452-41ab-9318-2b3368867e85', ORGID='', SHRT_NAME='', LUI_ID_STATE='kuali.lui.identifier.state.active', SUFX_CD='', LUI_ID_TYPE='kuali.lui.identifier.type.official', VARTN='' where ID='3091875f-30c8-4c30-aa31-c5feac9ec11c' and VER_NBR=0
/
update KSEN_LUI_LU_CD set OBJ_ID='7080d856-a85d-4bc3-8417-f2f2766787b3', VER_NBR=1, UPDATEID='admin', UPDATETIME=TIMESTAMP '2014-02-06 10:42:12.632', DESCR_FORMATTED='', LUI_ID='0e25f556-7452-41ab-9318-2b3368867e85', DESCR_PLAIN='', LUI_LUCD_TYPE='kuali.lu.code.honorsOffering', VALUE=0 where ID='76cf97ff-b40a-4635-ad92-0135d39d0bd1' and VER_NBR=0
/
update KSEN_LUI set OBJ_ID='1543c6f6-3a60-4981-9da9-94f4115e7f6f', VER_NBR=1, UPDATEID='admin', UPDATETIME=TIMESTAMP '2014-02-06 10:42:12.632', ATP_ID='kuali.atp.2014Winter', CLU_ID='1af2eff3-2602-4e67-9e64-9f62ae7f932e', EFF_DT='', EXPIR_DT='', DESCR_FORMATTED='Courses with Lecture only', LUI_STATE='kuali.lui.format.offering.state.planned', LUI_TYPE='kuali.lui.type.course.format.offering', MAX_SEATS='', MIN_SEATS='', NAME='Lecture Only', DESCR_PLAIN='Courses with Lecture only', REF_URL='' where ID='e030e0d5-3419-49a7-a98f-0e53d74cae96' and VER_NBR=0
/
update KSEN_LUI_IDENT set OBJ_ID='22bcf9cd-102f-448f-8500-89be343268fe', VER_NBR=1, UPDATEID='admin', UPDATETIME=TIMESTAMP '2014-02-06 10:42:12.632', LUI_CD='', DIVISION='', IDENT_LEVEL='', LNG_NAME='Lecture Only', LUI_ID='e030e0d5-3419-49a7-a98f-0e53d74cae96', ORGID='', SHRT_NAME='LEC', LUI_ID_STATE='kuali.lui.identifier.state.active', SUFX_CD='', LUI_ID_TYPE='kuali.lui.identifier.type.official', VARTN='' where ID='0b197b9a-d69e-4895-8530-752fdf498ef9' and VER_NBR=0
/
delete from KSEN_LUI_RELATED_LUI_TYPES where LUI_ID='e030e0d5-3419-49a7-a98f-0e53d74cae96'
/
insert into KSEN_LUI_RELATED_LUI_TYPES (LUI_ID, RELATED_LUI_TYPE) values ('e030e0d5-3419-49a7-a98f-0e53d74cae96', 'kuali.lui.type.activity.offering.lecture')
/
update KSEN_LUI set OBJ_ID='ea3b4fdb-64e6-41b5-b626-bd4d35b08556', VER_NBR=1, UPDATEID='admin', UPDATETIME=TIMESTAMP '2014-02-06 10:42:12.632', ATP_ID='kuali.atp.2014Winter', CLU_ID='6f72557a-cd52-4af3-9f7d-93aef829c882', EFF_DT=TIMESTAMP '2014-01-02 00:00:00.0', EXPIR_DT='', DESCR_FORMATTED='Introduction to changing nature of books, texts, and narrative in Information Age. Role of book in relation to other media, history of computers and writing, influence of computing on contemporary literature and culture, emerging forms of digital narrative and reading. Practical skills taught range from how to find digital literature and other texts online to using Web media to create literary works.', LUI_STATE='kuali.lui.course.offering.state.planned', LUI_TYPE='kuali.lui.type.course.offering', MAX_SEATS='', MIN_SEATS='', NAME='ENGL295 CO', DESCR_PLAIN='Introduction to changing nature of books, texts, and narrative in Information Age. Role of book in relation to other media, history of computers and writing, influence of computing on contemporary literature and culture, emerging forms of digital narrative and reading. Practical skills taught range from how to find digital literature and other texts online to using Web media to create literary works.', REF_URL=null where ID='5c4a993d-0b7d-4611-b17f-681a6a3607ed' and VER_NBR=0
/
update KSEN_LUI_IDENT set OBJ_ID='f1bcd959-ff1f-46f8-89ec-57507b805eef', VER_NBR=1, UPDATEID='admin', UPDATETIME=TIMESTAMP '2014-02-06 10:42:12.632', LUI_CD='ENGL295', DIVISION='ENGL', IDENT_LEVEL='', LNG_NAME='Literature in a Wired World', LUI_ID='5c4a993d-0b7d-4611-b17f-681a6a3607ed', ORGID='', SHRT_NAME='', LUI_ID_STATE='kuali.lui.identifier.state.active', SUFX_CD='', LUI_ID_TYPE='kuali.lui.identifier.type.official', VARTN='' where ID='5f0f0922-1061-45f7-96b6-dc2250cdb4b2' and VER_NBR=0
/
update KSEN_LUI_LU_CD set OBJ_ID='dc8157b1-0780-4caa-a605-5a88697a79e9', VER_NBR=1, UPDATEID='admin', UPDATETIME=TIMESTAMP '2014-02-06 10:42:12.632', DESCR_FORMATTED='', LUI_ID='5c4a993d-0b7d-4611-b17f-681a6a3607ed', DESCR_PLAIN='', LUI_LUCD_TYPE='kuali.lu.code.honorsOffering', VALUE='' where ID='c0d0a722-489a-4db8-8863-935b05fe97cc' and VER_NBR=0
/
delete from KSEN_LUI_UNITS_CONT_OWNER where LUI_ID='5c4a993d-0b7d-4611-b17f-681a6a3607ed'
/
insert into KSEN_LUI_UNITS_CONT_OWNER (LUI_ID, ORG_ID) values ('5c4a993d-0b7d-4611-b17f-681a6a3607ed', '2677933260')
/
delete from KSEN_LUI_RESULT_VAL_GRP where LUI_ID='5c4a993d-0b7d-4611-b17f-681a6a3607ed'
/
insert into KSEN_LUI_RESULT_VAL_GRP (LUI_ID, RESULT_VAL_GRP_ID) values ('5c4a993d-0b7d-4611-b17f-681a6a3607ed', 'kuali.resultComponent.grade.letter')
/
insert into KSEN_LUI_RESULT_VAL_GRP (LUI_ID, RESULT_VAL_GRP_ID) values ('5c4a993d-0b7d-4611-b17f-681a6a3607ed', 'kuali.resultComponent.grade.audit')
/
insert into KSEN_LUI_RESULT_VAL_GRP (LUI_ID, RESULT_VAL_GRP_ID) values ('5c4a993d-0b7d-4611-b17f-681a6a3607ed', 'kuali.resultComponent.grade.passFail')
/
insert into KSEN_LUI_RESULT_VAL_GRP (LUI_ID, RESULT_VAL_GRP_ID) values ('5c4a993d-0b7d-4611-b17f-681a6a3607ed', 'kuali.creditType.credit.degree.3.0')
/
update KSEN_LUI set OBJ_ID='54117cbb-63e9-40be-8e0c-5468defba4ae', VER_NBR=1, UPDATEID='admin', UPDATETIME=TIMESTAMP '2014-02-06 10:42:12.632', ATP_ID='kuali.atp.2014Winter', CLU_ID='074091f2-c391-4e95-9784-950f2ca7770b', EFF_DT='', EXPIR_DT='', DESCR_FORMATTED='Courses with lecture', LUI_STATE='kuali.lui.activity.offering.state.approved', LUI_TYPE='kuali.lui.type.activity.offering.lecture', MAX_SEATS=25, MIN_SEATS=25, NAME='Lecture', DESCR_PLAIN='Courses with lecture', REF_URL=null where ID='b4275bd1-d59e-4f9a-9ffa-40bf605756b1' and VER_NBR=0
/
update KSEN_LUI_IDENT set OBJ_ID='9990aa54-26d3-4719-918f-b77109c1ec65', VER_NBR=1, UPDATEID='admin', UPDATETIME=TIMESTAMP '2014-02-06 10:42:12.632', LUI_CD='B', DIVISION='', IDENT_LEVEL='', LNG_NAME='', LUI_ID='b4275bd1-d59e-4f9a-9ffa-40bf605756b1', ORGID='', SHRT_NAME='', LUI_ID_STATE='kuali.lui.identifier.state.active', SUFX_CD='', LUI_ID_TYPE='kuali.lui.identifier.type.official', VARTN='' where ID='f431040a-ee21-4c9b-b95c-a0af35f086fd' and VER_NBR=0
/
update KSEN_LUI_LU_CD set OBJ_ID='fd1506fd-2344-4d03-9af9-a694db036df7', VER_NBR=1, UPDATEID='admin', UPDATETIME=TIMESTAMP '2014-02-06 10:42:12.632', DESCR_FORMATTED='', LUI_ID='b4275bd1-d59e-4f9a-9ffa-40bf605756b1', DESCR_PLAIN='', LUI_LUCD_TYPE='kuali.lu.code.honorsOffering', VALUE=0 where ID='df3d5a45-27e1-48a9-a2d5-062e282469ea' and VER_NBR=0
/
update KSEN_LUI set OBJ_ID='bb6d3d6e-7bec-4eb1-b953-b433f5afe233', VER_NBR=1, UPDATEID='admin', UPDATETIME=TIMESTAMP '2014-02-06 10:42:12.632', ATP_ID='kuali.atp.2014Winter', CLU_ID='4134e3cc-9ba5-47e0-a834-99ae05582b4f', EFF_DT='', EXPIR_DT='', DESCR_FORMATTED='Courses with lecture', LUI_STATE='kuali.lui.activity.offering.state.approved', LUI_TYPE='kuali.lui.type.activity.offering.lecture', MAX_SEATS=25, MIN_SEATS=25, NAME='Lecture', DESCR_PLAIN='Courses with lecture', REF_URL=null where ID='8fc82803-b15e-4519-8401-a91c7586abd0' and VER_NBR=0
/
update KSEN_LUI_IDENT set OBJ_ID='1648f096-4807-48d8-bc05-9c6a3283130b', VER_NBR=1, UPDATEID='admin', UPDATETIME=TIMESTAMP '2014-02-06 10:42:12.632', LUI_CD='A', DIVISION='', IDENT_LEVEL='', LNG_NAME='', LUI_ID='8fc82803-b15e-4519-8401-a91c7586abd0', ORGID='', SHRT_NAME='', LUI_ID_STATE='kuali.lui.identifier.state.active', SUFX_CD='', LUI_ID_TYPE='kuali.lui.identifier.type.official', VARTN='' where ID='e166be65-6cee-4786-b7c7-f0286370693b' and VER_NBR=0
/
update KSEN_LUI_LU_CD set OBJ_ID='a63c6058-9ac5-466f-a220-7cb7760e4582', VER_NBR=1, UPDATEID='admin', UPDATETIME=TIMESTAMP '2014-02-06 10:42:12.632', DESCR_FORMATTED='', LUI_ID='8fc82803-b15e-4519-8401-a91c7586abd0', DESCR_PLAIN='', LUI_LUCD_TYPE='kuali.lu.code.honorsOffering', VALUE=0 where ID='d2ee0fac-bb5b-43ef-b1ab-46693e833d39' and VER_NBR=0
/
update KSEN_LUI set OBJ_ID='1fdb8d9f-1ff6-4990-b7d4-147f265f8b91', VER_NBR=1, UPDATEID='admin', UPDATETIME=TIMESTAMP '2014-02-06 10:42:12.632', ATP_ID='kuali.atp.2014Winter', CLU_ID='190b475a-475d-4246-a23d-6e260996a916', EFF_DT='', EXPIR_DT='', DESCR_FORMATTED='Courses with Lecture only', LUI_STATE='kuali.lui.format.offering.state.planned', LUI_TYPE='kuali.lui.type.course.format.offering', MAX_SEATS='', MIN_SEATS='', NAME='Lecture Only', DESCR_PLAIN='Courses with Lecture only', REF_URL='' where ID='cec45179-aae4-49f6-ae90-253cd147590d' and VER_NBR=0
/
update KSEN_LUI_IDENT set OBJ_ID='70336594-6595-4c8d-a586-1360e23d7296', VER_NBR=1, UPDATEID='admin', UPDATETIME=TIMESTAMP '2014-02-06 10:42:12.632', LUI_CD='', DIVISION='', IDENT_LEVEL='', LNG_NAME='Lecture Only', LUI_ID='cec45179-aae4-49f6-ae90-253cd147590d', ORGID='', SHRT_NAME='LEC', LUI_ID_STATE='kuali.lui.identifier.state.active', SUFX_CD='', LUI_ID_TYPE='kuali.lui.identifier.type.official', VARTN='' where ID='e9c06a3b-e102-4df3-aad3-ed8953bc0da9' and VER_NBR=0
/
delete from KSEN_LUI_RELATED_LUI_TYPES where LUI_ID='cec45179-aae4-49f6-ae90-253cd147590d'
/
insert into KSEN_LUI_RELATED_LUI_TYPES (LUI_ID, RELATED_LUI_TYPE) values ('cec45179-aae4-49f6-ae90-253cd147590d', 'kuali.lui.type.activity.offering.lecture')
/
update KSEN_LUI set OBJ_ID='140992d2-0b29-4a2c-86c2-e1b12504c9f0', VER_NBR=1, UPDATEID='admin', UPDATETIME=TIMESTAMP '2014-02-06 10:42:12.632', ATP_ID='kuali.atp.2014Winter', CLU_ID='CLUID-ENGL329-201008000000', EFF_DT=TIMESTAMP '2014-01-02 00:00:00.0', EXPIR_DT='', DESCR_FORMATTED='Studies in various periods and genres of film.', LUI_STATE='kuali.lui.course.offering.state.planned', LUI_TYPE='kuali.lui.type.course.offering', MAX_SEATS='', MIN_SEATS='', NAME='ENGL329B CO', DESCR_PLAIN='Studies in various periods and genres of film.', REF_URL=null where ID='2819488d-0c08-4070-bb3d-b9bf7d78001c' and VER_NBR=0
/
update KSEN_LUI_IDENT set OBJ_ID='4fefb974-e0b9-458f-b044-e64064b65d45', VER_NBR=1, UPDATEID='admin', UPDATETIME=TIMESTAMP '2014-02-06 10:42:12.632', LUI_CD='ENGL329B', DIVISION='ENGL', IDENT_LEVEL='', LNG_NAME='Special Topics in Film Studies', LUI_ID='2819488d-0c08-4070-bb3d-b9bf7d78001c', ORGID='', SHRT_NAME='', LUI_ID_STATE='kuali.lui.identifier.state.active', SUFX_CD='B', LUI_ID_TYPE='kuali.lui.identifier.type.official', VARTN='' where ID='bc42d9d7-8e22-459f-a5bb-277db7aa68e3' and VER_NBR=0
/
update KSEN_LUI_LU_CD set OBJ_ID='aa8f3c95-2e9b-4ba2-9f08-69607aef0086', VER_NBR=1, UPDATEID='admin', UPDATETIME=TIMESTAMP '2014-02-06 10:42:12.632', DESCR_FORMATTED='', LUI_ID='2819488d-0c08-4070-bb3d-b9bf7d78001c', DESCR_PLAIN='', LUI_LUCD_TYPE='kuali.lu.code.honorsOffering', VALUE='' where ID='87415f3d-0ed2-4fee-a7ec-cbfe7b03943a' and VER_NBR=0
/
delete from KSEN_LUI_UNITS_CONT_OWNER where LUI_ID='2819488d-0c08-4070-bb3d-b9bf7d78001c'
/
insert into KSEN_LUI_UNITS_CONT_OWNER (LUI_ID, ORG_ID) values ('2819488d-0c08-4070-bb3d-b9bf7d78001c', '2677933260')
/
delete from KSEN_LUI_RESULT_VAL_GRP where LUI_ID='2819488d-0c08-4070-bb3d-b9bf7d78001c'
/
insert into KSEN_LUI_RESULT_VAL_GRP (LUI_ID, RESULT_VAL_GRP_ID) values ('2819488d-0c08-4070-bb3d-b9bf7d78001c', 'kuali.resultComponent.grade.letter')
/
insert into KSEN_LUI_RESULT_VAL_GRP (LUI_ID, RESULT_VAL_GRP_ID) values ('2819488d-0c08-4070-bb3d-b9bf7d78001c', 'kuali.resultComponent.grade.audit')
/
insert into KSEN_LUI_RESULT_VAL_GRP (LUI_ID, RESULT_VAL_GRP_ID) values ('2819488d-0c08-4070-bb3d-b9bf7d78001c', 'kuali.resultComponent.grade.passFail')
/
insert into KSEN_LUI_RESULT_VAL_GRP (LUI_ID, RESULT_VAL_GRP_ID) values ('2819488d-0c08-4070-bb3d-b9bf7d78001c', 'kuali.creditType.credit.degree.3.0')
/
update KSEN_LUI set OBJ_ID='73419d6b-16ac-4586-b028-d6c03fdf7ca8', VER_NBR=1, UPDATEID='admin', UPDATETIME=TIMESTAMP '2014-02-06 10:42:12.632', ATP_ID='kuali.atp.2014Winter', CLU_ID='a6f69c11-b55f-4cb0-bcf6-3e8fab0e0019', EFF_DT='', EXPIR_DT='', DESCR_FORMATTED='Courses with lecture', LUI_STATE='kuali.lui.activity.offering.state.approved', LUI_TYPE='kuali.lui.type.activity.offering.lecture', MAX_SEATS=1, MIN_SEATS=1, NAME='Lecture', DESCR_PLAIN='Courses with lecture', REF_URL=null where ID='4bc02406-ddaa-491e-a761-1c9c5048c4d8' and VER_NBR=0
/
update KSEN_LUI_IDENT set OBJ_ID='36f6dc4a-eb0c-4739-bbd4-34ccbcc8b935', VER_NBR=1, UPDATEID='admin', UPDATETIME=TIMESTAMP '2014-02-06 10:42:12.632', LUI_CD='A', DIVISION='', IDENT_LEVEL='', LNG_NAME='', LUI_ID='4bc02406-ddaa-491e-a761-1c9c5048c4d8', ORGID='', SHRT_NAME='', LUI_ID_STATE='kuali.lui.identifier.state.active', SUFX_CD='', LUI_ID_TYPE='kuali.lui.identifier.type.official', VARTN='' where ID='cbfd1c39-169b-457e-a79a-c4928610ddc9' and VER_NBR=0
/
update KSEN_LUI_LU_CD set OBJ_ID='c661f68c-4f82-4e7d-a0ad-d3fc30320028', VER_NBR=1, UPDATEID='admin', UPDATETIME=TIMESTAMP '2014-02-06 10:42:12.632', DESCR_FORMATTED='', LUI_ID='4bc02406-ddaa-491e-a761-1c9c5048c4d8', DESCR_PLAIN='', LUI_LUCD_TYPE='kuali.lu.code.honorsOffering', VALUE=0 where ID='9b6f94f3-4466-4a5f-9eac-464baba36f4f' and VER_NBR=0
/
update KSEN_LUI set OBJ_ID='857e27e7-376d-41ce-a9ce-dbaadbc5ca89', VER_NBR=1, UPDATEID='admin', UPDATETIME=TIMESTAMP '2014-02-06 10:42:12.632', ATP_ID='kuali.atp.2014Winter', CLU_ID='ce6b6491-798d-4fb9-b0e2-ae2f725a5188', EFF_DT='', EXPIR_DT='', DESCR_FORMATTED='Courses with Lecture only', LUI_STATE='kuali.lui.format.offering.state.planned', LUI_TYPE='kuali.lui.type.course.format.offering', MAX_SEATS='', MIN_SEATS='', NAME='Lecture Only', DESCR_PLAIN='Courses with Lecture only', REF_URL='' where ID='de118eac-c4f9-4d12-b170-a66af9092923' and VER_NBR=0
/
update KSEN_LUI_IDENT set OBJ_ID='b1086fa3-11d5-49f8-b16a-57b24be29672', VER_NBR=1, UPDATEID='admin', UPDATETIME=TIMESTAMP '2014-02-06 10:42:12.632', LUI_CD='', DIVISION='', IDENT_LEVEL='', LNG_NAME='Lecture Only', LUI_ID='de118eac-c4f9-4d12-b170-a66af9092923', ORGID='', SHRT_NAME='LEC', LUI_ID_STATE='kuali.lui.identifier.state.active', SUFX_CD='', LUI_ID_TYPE='kuali.lui.identifier.type.official', VARTN='' where ID='c7703f1a-42f4-4856-be9c-b86086f98648' and VER_NBR=0
/
delete from KSEN_LUI_RELATED_LUI_TYPES where LUI_ID='de118eac-c4f9-4d12-b170-a66af9092923'
/
insert into KSEN_LUI_RELATED_LUI_TYPES (LUI_ID, RELATED_LUI_TYPE) values ('de118eac-c4f9-4d12-b170-a66af9092923', 'kuali.lui.type.activity.offering.lecture')
/
update KSEN_LUI set OBJ_ID='4ca1c886-e510-42e0-a469-884e9519a4f0', VER_NBR=1, UPDATEID='admin', UPDATETIME=TIMESTAMP '2014-02-06 10:42:12.632', ATP_ID='kuali.atp.2014Winter', CLU_ID='974c7253-0198-40ab-9e50-35a5ba2f98e5', EFF_DT=TIMESTAMP '2014-01-02 00:00:00.0', EXPIR_DT='', DESCR_FORMATTED='Special topics course taken as part of an approved study abroad program', LUI_STATE='kuali.lui.course.offering.state.planned', LUI_TYPE='kuali.lui.type.course.offering', MAX_SEATS='', MIN_SEATS='', NAME='ENGL369D CO', DESCR_PLAIN='Special topics course taken as part of an approved study abroad program', REF_URL=null where ID='9e46f1e8-2176-4f59-9b59-fc3b8f7236f7' and VER_NBR=0
/
update KSEN_LUI_IDENT set OBJ_ID='cba5b686-80c4-414c-9caa-f5e2b0eb5a59', VER_NBR=1, UPDATEID='admin', UPDATETIME=TIMESTAMP '2014-02-06 10:42:12.632', LUI_CD='ENGL369D', DIVISION='ENGL', IDENT_LEVEL='', LNG_NAME='Special Topics in Study Abroad III', LUI_ID='9e46f1e8-2176-4f59-9b59-fc3b8f7236f7', ORGID='', SHRT_NAME='', LUI_ID_STATE='kuali.lui.identifier.state.active', SUFX_CD='D', LUI_ID_TYPE='kuali.lui.identifier.type.official', VARTN='' where ID='69945ac8-be62-433a-8275-020e322cd087' and VER_NBR=0
/
update KSEN_LUI_LU_CD set OBJ_ID='7a7b2a53-c8d4-4780-996e-4feac9cbe37d', VER_NBR=1, UPDATEID='admin', UPDATETIME=TIMESTAMP '2014-02-06 10:42:12.632', DESCR_FORMATTED='', LUI_ID='9e46f1e8-2176-4f59-9b59-fc3b8f7236f7', DESCR_PLAIN='', LUI_LUCD_TYPE='kuali.lu.code.honorsOffering', VALUE='' where ID='4c5c8a29-a5f1-45cc-bcfa-d207285aaa4c' and VER_NBR=0
/
delete from KSEN_LUI_UNITS_CONT_OWNER where LUI_ID='9e46f1e8-2176-4f59-9b59-fc3b8f7236f7'
/
insert into KSEN_LUI_UNITS_CONT_OWNER (LUI_ID, ORG_ID) values ('9e46f1e8-2176-4f59-9b59-fc3b8f7236f7', '2677933260')
/
delete from KSEN_LUI_RESULT_VAL_GRP where LUI_ID='9e46f1e8-2176-4f59-9b59-fc3b8f7236f7'
/
insert into KSEN_LUI_RESULT_VAL_GRP (LUI_ID, RESULT_VAL_GRP_ID) values ('9e46f1e8-2176-4f59-9b59-fc3b8f7236f7', 'kuali.resultComponent.grade.letter')
/
insert into KSEN_LUI_RESULT_VAL_GRP (LUI_ID, RESULT_VAL_GRP_ID) values ('9e46f1e8-2176-4f59-9b59-fc3b8f7236f7', 'kuali.resultComponent.grade.audit')
/
insert into KSEN_LUI_RESULT_VAL_GRP (LUI_ID, RESULT_VAL_GRP_ID) values ('9e46f1e8-2176-4f59-9b59-fc3b8f7236f7', 'kuali.resultComponent.grade.passFail')
/
insert into KSEN_LUI_RESULT_VAL_GRP (LUI_ID, RESULT_VAL_GRP_ID) values ('9e46f1e8-2176-4f59-9b59-fc3b8f7236f7', 'kuali.creditType.credit.degree.1-6.by.0.5')
/
update KSEN_LUI set OBJ_ID='b72f273e-162e-4dda-8725-a625bebbf43b', VER_NBR=1, UPDATEID='admin', UPDATETIME=TIMESTAMP '2014-02-06 10:42:12.632', ATP_ID='kuali.atp.2014Winter', CLU_ID='702e6aba-fe80-4713-9ec7-caa1759a74e8', EFF_DT='', EXPIR_DT='', DESCR_FORMATTED='Courses with lecture', LUI_STATE='kuali.lui.activity.offering.state.approved', LUI_TYPE='kuali.lui.type.activity.offering.lecture', MAX_SEATS=25, MIN_SEATS=25, NAME='Lecture', DESCR_PLAIN='Courses with lecture', REF_URL=null where ID='b480f7fc-c07b-4eec-8daa-130e7868394c' and VER_NBR=0
/
update KSEN_LUI_IDENT set OBJ_ID='cc3981cc-2de6-4b71-944f-3adf5bf3be1f', VER_NBR=1, UPDATEID='admin', UPDATETIME=TIMESTAMP '2014-02-06 10:42:12.632', LUI_CD='A', DIVISION='', IDENT_LEVEL='', LNG_NAME='', LUI_ID='b480f7fc-c07b-4eec-8daa-130e7868394c', ORGID='', SHRT_NAME='', LUI_ID_STATE='kuali.lui.identifier.state.active', SUFX_CD='', LUI_ID_TYPE='kuali.lui.identifier.type.official', VARTN='' where ID='41348993-d9c4-4d77-abb8-cfce8c74ea4c' and VER_NBR=0
/
update KSEN_LUI_LU_CD set OBJ_ID='5e283f0a-3393-46ed-916a-28edb4eae9f6', VER_NBR=1, UPDATEID='admin', UPDATETIME=TIMESTAMP '2014-02-06 10:42:12.632', DESCR_FORMATTED='', LUI_ID='b480f7fc-c07b-4eec-8daa-130e7868394c', DESCR_PLAIN='', LUI_LUCD_TYPE='kuali.lu.code.honorsOffering', VALUE=0 where ID='d81250cb-a62b-43fb-96f9-0ecf432415e4' and VER_NBR=0
/
update KSEN_LUI set OBJ_ID='38114ce4-a26e-41bd-b2ba-a042cc77874d', VER_NBR=1, UPDATEID='admin', UPDATETIME=TIMESTAMP '2014-02-06 10:42:12.632', ATP_ID='kuali.atp.2014Winter', CLU_ID='85d23c02-4b65-44bd-8718-3e0f409a7015', EFF_DT='', EXPIR_DT='', DESCR_FORMATTED='Courses with Lecture only', LUI_STATE='kuali.lui.format.offering.state.planned', LUI_TYPE='kuali.lui.type.course.format.offering', MAX_SEATS='', MIN_SEATS='', NAME='Lecture Only', DESCR_PLAIN='Courses with Lecture only', REF_URL='' where ID='3d2a61bd-2465-484e-88a9-c2cf891cdf2b' and VER_NBR=0
/
update KSEN_LUI_IDENT set OBJ_ID='2da8adcd-5f79-49c6-ae5d-554a8fbe822c', VER_NBR=1, UPDATEID='admin', UPDATETIME=TIMESTAMP '2014-02-06 10:42:12.632', LUI_CD='', DIVISION='', IDENT_LEVEL='', LNG_NAME='Lecture Only', LUI_ID='3d2a61bd-2465-484e-88a9-c2cf891cdf2b', ORGID='', SHRT_NAME='LEC', LUI_ID_STATE='kuali.lui.identifier.state.active', SUFX_CD='', LUI_ID_TYPE='kuali.lui.identifier.type.official', VARTN='' where ID='2a8ee320-4e7e-497c-a403-0a4e9f5a4e99' and VER_NBR=0
/
delete from KSEN_LUI_RELATED_LUI_TYPES where LUI_ID='3d2a61bd-2465-484e-88a9-c2cf891cdf2b'
/
insert into KSEN_LUI_RELATED_LUI_TYPES (LUI_ID, RELATED_LUI_TYPE) values ('3d2a61bd-2465-484e-88a9-c2cf891cdf2b', 'kuali.lui.type.activity.offering.lecture')
/
update KSEN_LUI set OBJ_ID='a7a3ef0f-97fb-4289-95e9-8a9611260307', VER_NBR=1, UPDATEID='admin', UPDATETIME=TIMESTAMP '2014-02-06 10:42:12.632', ATP_ID='kuali.atp.2014Winter', CLU_ID='0d58db7f-de33-4ab1-8d4a-7d8d9a7fce2b', EFF_DT=TIMESTAMP '2014-01-02 00:00:00.0', EXPIR_DT='', DESCR_FORMATTED='A cross-section of American folk and popular songs in their cultural contexts; artists from Bill Monroe to Robert Johnson.', LUI_STATE='kuali.lui.course.offering.state.planned', LUI_TYPE='kuali.lui.type.course.offering', MAX_SEATS='', MIN_SEATS='', NAME='ENGL462 CO', DESCR_PLAIN='A cross-section of American folk and popular songs in their cultural contexts; artists from Bill Monroe to Robert Johnson.', REF_URL=null where ID='cccc982e-567b-49ae-bc77-afcfd9d99886' and VER_NBR=0
/
update KSEN_LUI_IDENT set OBJ_ID='fa7b05cc-0277-46ff-a520-2dfb219921e7', VER_NBR=1, UPDATEID='admin', UPDATETIME=TIMESTAMP '2014-02-06 10:42:12.632', LUI_CD='ENGL462', DIVISION='ENGL', IDENT_LEVEL='', LNG_NAME='Folksong and Ballad', LUI_ID='cccc982e-567b-49ae-bc77-afcfd9d99886', ORGID='', SHRT_NAME='', LUI_ID_STATE='kuali.lui.identifier.state.active', SUFX_CD='', LUI_ID_TYPE='kuali.lui.identifier.type.official', VARTN='' where ID='92c7159d-4170-4d86-ad10-2693cd18cacc' and VER_NBR=0
/
update KSEN_LUI_LU_CD set OBJ_ID='9d08cdac-1235-4d60-92cd-7dfdd70b2e39', VER_NBR=1, UPDATEID='admin', UPDATETIME=TIMESTAMP '2014-02-06 10:42:12.632', DESCR_FORMATTED='', LUI_ID='cccc982e-567b-49ae-bc77-afcfd9d99886', DESCR_PLAIN='', LUI_LUCD_TYPE='kuali.lu.code.honorsOffering', VALUE='' where ID='5fb18400-5597-4650-85fc-894ed9d1f4dd' and VER_NBR=0
/
delete from KSEN_LUI_UNITS_CONT_OWNER where LUI_ID='cccc982e-567b-49ae-bc77-afcfd9d99886'
/
insert into KSEN_LUI_UNITS_CONT_OWNER (LUI_ID, ORG_ID) values ('cccc982e-567b-49ae-bc77-afcfd9d99886', '2677933260')
/
delete from KSEN_LUI_RESULT_VAL_GRP where LUI_ID='cccc982e-567b-49ae-bc77-afcfd9d99886'
/
insert into KSEN_LUI_RESULT_VAL_GRP (LUI_ID, RESULT_VAL_GRP_ID) values ('cccc982e-567b-49ae-bc77-afcfd9d99886', 'kuali.resultComponent.grade.letter')
/
insert into KSEN_LUI_RESULT_VAL_GRP (LUI_ID, RESULT_VAL_GRP_ID) values ('cccc982e-567b-49ae-bc77-afcfd9d99886', 'kuali.resultComponent.grade.audit')
/
insert into KSEN_LUI_RESULT_VAL_GRP (LUI_ID, RESULT_VAL_GRP_ID) values ('cccc982e-567b-49ae-bc77-afcfd9d99886', 'kuali.resultComponent.grade.passFail')
/
insert into KSEN_LUI_RESULT_VAL_GRP (LUI_ID, RESULT_VAL_GRP_ID) values ('cccc982e-567b-49ae-bc77-afcfd9d99886', 'kuali.creditType.credit.degree.3.0')
/
update KSEN_LUI set OBJ_ID='5f728bd3-b03a-4f9f-aacc-bf4a42610127', VER_NBR=1, UPDATEID='admin', UPDATETIME=TIMESTAMP '2014-02-06 10:42:57.361', ATP_ID='kuali.atp.2014Winter', CLU_ID='315f56ce-d69d-44a2-a745-5a611e4ac066', EFF_DT='', EXPIR_DT='', DESCR_FORMATTED='Courses with lecture', LUI_STATE='kuali.lui.activity.offering.state.approved', LUI_TYPE='kuali.lui.type.activity.offering.lecture', MAX_SEATS=1, MIN_SEATS='', NAME='Lecture', DESCR_PLAIN='Courses with lecture', REF_URL=null where ID='e4344fb8-e8e3-43d5-95e1-e4e1eeaa93d7' and VER_NBR=0
/
update KSEN_LUI_IDENT set OBJ_ID='4f514b63-8c3e-4ada-9b12-06ca5591ca67', VER_NBR=1, UPDATEID='admin', UPDATETIME=TIMESTAMP '2014-02-06 10:42:57.361', LUI_CD='A', DIVISION='', IDENT_LEVEL='', LNG_NAME='', LUI_ID='e4344fb8-e8e3-43d5-95e1-e4e1eeaa93d7', ORGID='', SHRT_NAME='', LUI_ID_STATE='kuali.lui.identifier.state.active', SUFX_CD='', LUI_ID_TYPE='kuali.lui.identifier.type.official', VARTN='' where ID='3cc250d7-d1d7-4dfc-af90-24b487d3682c' and VER_NBR=0
/
update KSEN_LUI_LU_CD set OBJ_ID='3ab8ac0c-1d00-4922-8b59-f1ac96bfde5e', VER_NBR=1, UPDATEID='admin', UPDATETIME=TIMESTAMP '2014-02-06 10:42:57.361', DESCR_FORMATTED='', LUI_ID='e4344fb8-e8e3-43d5-95e1-e4e1eeaa93d7', DESCR_PLAIN='', LUI_LUCD_TYPE='kuali.lu.code.honorsOffering', VALUE=0 where ID='b5888e0b-bc7b-4e2f-82b9-bb6b63c0ab52' and VER_NBR=0
/
update KSEN_LUI set OBJ_ID='d6ca2e80-5a86-49ea-953c-13b070c43839', VER_NBR=1, UPDATEID='admin', UPDATETIME=TIMESTAMP '2014-02-06 10:42:57.361', ATP_ID='kuali.atp.2014Winter', CLU_ID='0d8fb0a0-2053-4b0a-a7b8-354463deb594', EFF_DT='', EXPIR_DT='', DESCR_FORMATTED='Courses with Lecture only', LUI_STATE='kuali.lui.format.offering.state.planned', LUI_TYPE='kuali.lui.type.course.format.offering', MAX_SEATS='', MIN_SEATS='', NAME='Lecture Only', DESCR_PLAIN='Courses with Lecture only', REF_URL='' where ID='0fb07b46-a34f-43c3-93b3-c1e087b2aa76' and VER_NBR=0
/
update KSEN_LUI_IDENT set OBJ_ID='44e4e6e0-1a5c-4f69-afad-dbaf5dcd4294', VER_NBR=1, UPDATEID='admin', UPDATETIME=TIMESTAMP '2014-02-06 10:42:57.361', LUI_CD='', DIVISION='', IDENT_LEVEL='', LNG_NAME='Lecture Only', LUI_ID='0fb07b46-a34f-43c3-93b3-c1e087b2aa76', ORGID='', SHRT_NAME='LEC', LUI_ID_STATE='kuali.lui.identifier.state.active', SUFX_CD='', LUI_ID_TYPE='kuali.lui.identifier.type.official', VARTN='' where ID='d9788881-065a-49ff-88f3-0c4cf3e9b5e6' and VER_NBR=0
/
delete from KSEN_LUI_RELATED_LUI_TYPES where LUI_ID='0fb07b46-a34f-43c3-93b3-c1e087b2aa76'
/
insert into KSEN_LUI_RELATED_LUI_TYPES (LUI_ID, RELATED_LUI_TYPE) values ('0fb07b46-a34f-43c3-93b3-c1e087b2aa76', 'kuali.lui.type.activity.offering.lecture')
/
update KSEN_LUI set OBJ_ID='fe7afc12-abe6-4e7b-95bb-a6e33b276feb', VER_NBR=1, UPDATEID='admin', UPDATETIME=TIMESTAMP '2014-02-06 10:42:57.361', ATP_ID='kuali.atp.2014Winter', CLU_ID='CLUID-HIST219-198001000000', EFF_DT=TIMESTAMP '2014-01-02 00:00:00.0', EXPIR_DT='', DESCR_FORMATTED='', LUI_STATE='kuali.lui.course.offering.state.planned', LUI_TYPE='kuali.lui.type.course.offering', MAX_SEATS='', MIN_SEATS='', NAME='HIST219K CO', DESCR_PLAIN='.', REF_URL=null where ID='4ad0ada3-398e-4baf-a0ab-5e59a05eddd2' and VER_NBR=0
/
update KSEN_LUI_IDENT set OBJ_ID='1215eafc-33af-4d46-9fe8-31eec4d34604', VER_NBR=1, UPDATEID='admin', UPDATETIME=TIMESTAMP '2014-02-06 10:42:57.361', LUI_CD='HIST219K', DIVISION='HIST', IDENT_LEVEL='', LNG_NAME='Special Topics in History', LUI_ID='4ad0ada3-398e-4baf-a0ab-5e59a05eddd2', ORGID='', SHRT_NAME='', LUI_ID_STATE='kuali.lui.identifier.state.active', SUFX_CD='K', LUI_ID_TYPE='kuali.lui.identifier.type.official', VARTN='' where ID='56c7b809-e3fc-42dc-94fa-1179e43ec1eb' and VER_NBR=0
/
update KSEN_LUI_LU_CD set OBJ_ID='ef2eae2a-7de9-4f13-a478-e850aadf67a5', VER_NBR=1, UPDATEID='admin', UPDATETIME=TIMESTAMP '2014-02-06 10:42:57.361', DESCR_FORMATTED='', LUI_ID='4ad0ada3-398e-4baf-a0ab-5e59a05eddd2', DESCR_PLAIN='', LUI_LUCD_TYPE='kuali.lu.code.honorsOffering', VALUE='' where ID='b9a1d9c3-b6cc-4fde-ac2d-7b250e60957d' and VER_NBR=0
/
delete from KSEN_LUI_UNITS_CONT_OWNER where LUI_ID='4ad0ada3-398e-4baf-a0ab-5e59a05eddd2'
/
insert into KSEN_LUI_UNITS_CONT_OWNER (LUI_ID, ORG_ID) values ('4ad0ada3-398e-4baf-a0ab-5e59a05eddd2', '3213375036')
/
delete from KSEN_LUI_RESULT_VAL_GRP where LUI_ID='4ad0ada3-398e-4baf-a0ab-5e59a05eddd2'
/
insert into KSEN_LUI_RESULT_VAL_GRP (LUI_ID, RESULT_VAL_GRP_ID) values ('4ad0ada3-398e-4baf-a0ab-5e59a05eddd2', 'kuali.resultComponent.grade.letter')
/
insert into KSEN_LUI_RESULT_VAL_GRP (LUI_ID, RESULT_VAL_GRP_ID) values ('4ad0ada3-398e-4baf-a0ab-5e59a05eddd2', 'kuali.resultComponent.grade.audit')
/
insert into KSEN_LUI_RESULT_VAL_GRP (LUI_ID, RESULT_VAL_GRP_ID) values ('4ad0ada3-398e-4baf-a0ab-5e59a05eddd2', 'kuali.resultComponent.grade.passFail')
/
insert into KSEN_LUI_RESULT_VAL_GRP (LUI_ID, RESULT_VAL_GRP_ID) values ('4ad0ada3-398e-4baf-a0ab-5e59a05eddd2', 'kuali.creditType.credit.degree.3.0')
/
update KSEN_LUI set OBJ_ID='e6daa616-b97e-4a4b-ac26-87ddbc2b1235', VER_NBR=1, UPDATEID='admin', UPDATETIME=TIMESTAMP '2014-02-06 10:42:57.361', ATP_ID='kuali.atp.2014Winter', CLU_ID='2ed3cb96-4219-4f5f-8825-b410addbfa5c', EFF_DT='', EXPIR_DT='', DESCR_FORMATTED='Courses with lecture', LUI_STATE='kuali.lui.activity.offering.state.approved', LUI_TYPE='kuali.lui.type.activity.offering.lecture', MAX_SEATS=40, MIN_SEATS=40, NAME='Lecture', DESCR_PLAIN='Courses with lecture', REF_URL=null where ID='7552f83f-8fab-46fc-9847-4a7b1cf88542' and VER_NBR=0
/
update KSEN_LUI_IDENT set OBJ_ID='2bba15b3-7165-4118-abc2-870a9c3ea767', VER_NBR=1, UPDATEID='admin', UPDATETIME=TIMESTAMP '2014-02-06 10:42:57.361', LUI_CD='A', DIVISION='', IDENT_LEVEL='', LNG_NAME='', LUI_ID='7552f83f-8fab-46fc-9847-4a7b1cf88542', ORGID='', SHRT_NAME='', LUI_ID_STATE='kuali.lui.identifier.state.active', SUFX_CD='', LUI_ID_TYPE='kuali.lui.identifier.type.official', VARTN='' where ID='dc24ecc6-0f1a-4454-8a01-6175437047c9' and VER_NBR=0
/
update KSEN_LUI_LU_CD set OBJ_ID='54d8961f-6a9c-4985-9dea-b7895a30167b', VER_NBR=1, UPDATEID='admin', UPDATETIME=TIMESTAMP '2014-02-06 10:42:57.361', DESCR_FORMATTED='', LUI_ID='7552f83f-8fab-46fc-9847-4a7b1cf88542', DESCR_PLAIN='', LUI_LUCD_TYPE='kuali.lu.code.honorsOffering', VALUE=0 where ID='9b8ade9f-3cf3-40d3-ab0a-6ba30436882d' and VER_NBR=0
/
update KSEN_LUI set OBJ_ID='9a883e94-f64a-4789-9d56-58fe713dc78d', VER_NBR=1, UPDATEID='admin', UPDATETIME=TIMESTAMP '2014-02-06 10:42:57.361', ATP_ID='kuali.atp.2014Winter', CLU_ID='e9b70810-8160-4c01-917b-6cd011536a5a', EFF_DT='', EXPIR_DT='', DESCR_FORMATTED='Courses with Lecture only', LUI_STATE='kuali.lui.format.offering.state.planned', LUI_TYPE='kuali.lui.type.course.format.offering', MAX_SEATS='', MIN_SEATS='', NAME='Lecture Only', DESCR_PLAIN='Courses with Lecture only', REF_URL='' where ID='d89336c5-b0cc-487f-bc90-3fb7e49e648a' and VER_NBR=0
/
update KSEN_LUI_IDENT set OBJ_ID='b7e86dde-12ff-4509-98c9-59887fc8bcc8', VER_NBR=1, UPDATEID='admin', UPDATETIME=TIMESTAMP '2014-02-06 10:42:57.361', LUI_CD='', DIVISION='', IDENT_LEVEL='', LNG_NAME='Lecture Only', LUI_ID='d89336c5-b0cc-487f-bc90-3fb7e49e648a', ORGID='', SHRT_NAME='LEC', LUI_ID_STATE='kuali.lui.identifier.state.active', SUFX_CD='', LUI_ID_TYPE='kuali.lui.identifier.type.official', VARTN='' where ID='8962d9ec-4f27-49f3-8d3d-fa4b30b267d2' and VER_NBR=0
/
delete from KSEN_LUI_RELATED_LUI_TYPES where LUI_ID='d89336c5-b0cc-487f-bc90-3fb7e49e648a'
/
insert into KSEN_LUI_RELATED_LUI_TYPES (LUI_ID, RELATED_LUI_TYPE) values ('d89336c5-b0cc-487f-bc90-3fb7e49e648a', 'kuali.lui.type.activity.offering.lecture')
/
update KSEN_LUI set OBJ_ID='aa48d695-141a-4ce0-b3b1-f0b230772dea', VER_NBR=1, UPDATEID='admin', UPDATETIME=TIMESTAMP '2014-02-06 10:42:57.361', ATP_ID='kuali.atp.2014Winter', CLU_ID='303bf3d1-e960-42bf-843b-4d5bff305a7b', EFF_DT=TIMESTAMP '2014-01-02 00:00:00.0', EXPIR_DT='', DESCR_FORMATTED='Political, cultural and economic developments in 20th-century Europe.', LUI_STATE='kuali.lui.course.offering.state.planned', LUI_TYPE='kuali.lui.type.course.offering', MAX_SEATS='', MIN_SEATS='', NAME='HIST240 CO', DESCR_PLAIN='Political, cultural and economic developments in 20th-century Europe.', REF_URL=null where ID='a789e4a7-9b3f-4274-b2dc-f3808969e560' and VER_NBR=0
/
update KSEN_LUI_IDENT set OBJ_ID='ec172587-d52f-4e23-bfc2-9e0283b9d605', VER_NBR=1, UPDATEID='admin', UPDATETIME=TIMESTAMP '2014-02-06 10:42:57.361', LUI_CD='HIST240', DIVISION='HIST', IDENT_LEVEL='', LNG_NAME='Europe in the Twentieth Century', LUI_ID='a789e4a7-9b3f-4274-b2dc-f3808969e560', ORGID='', SHRT_NAME='', LUI_ID_STATE='kuali.lui.identifier.state.active', SUFX_CD='', LUI_ID_TYPE='kuali.lui.identifier.type.official', VARTN='' where ID='d4a6c1aa-525f-4aa0-98af-e4d3f5561dd7' and VER_NBR=0
/
update KSEN_LUI_LU_CD set OBJ_ID='3d1ab94f-b530-491b-8db9-5db9a1a54f1f', VER_NBR=1, UPDATEID='admin', UPDATETIME=TIMESTAMP '2014-02-06 10:42:57.361', DESCR_FORMATTED='', LUI_ID='a789e4a7-9b3f-4274-b2dc-f3808969e560', DESCR_PLAIN='', LUI_LUCD_TYPE='kuali.lu.code.honorsOffering', VALUE='' where ID='96103141-1d7b-47f6-aa55-432ef9aac6ea' and VER_NBR=0
/
delete from KSEN_LUI_UNITS_CONT_OWNER where LUI_ID='a789e4a7-9b3f-4274-b2dc-f3808969e560'
/
insert into KSEN_LUI_UNITS_CONT_OWNER (LUI_ID, ORG_ID) values ('a789e4a7-9b3f-4274-b2dc-f3808969e560', '3213375036')
/
delete from KSEN_LUI_RESULT_VAL_GRP where LUI_ID='a789e4a7-9b3f-4274-b2dc-f3808969e560'
/
insert into KSEN_LUI_RESULT_VAL_GRP (LUI_ID, RESULT_VAL_GRP_ID) values ('a789e4a7-9b3f-4274-b2dc-f3808969e560', 'kuali.resultComponent.grade.letter')
/
insert into KSEN_LUI_RESULT_VAL_GRP (LUI_ID, RESULT_VAL_GRP_ID) values ('a789e4a7-9b3f-4274-b2dc-f3808969e560', 'kuali.resultComponent.grade.audit')
/
insert into KSEN_LUI_RESULT_VAL_GRP (LUI_ID, RESULT_VAL_GRP_ID) values ('a789e4a7-9b3f-4274-b2dc-f3808969e560', 'kuali.resultComponent.grade.passFail')
/
insert into KSEN_LUI_RESULT_VAL_GRP (LUI_ID, RESULT_VAL_GRP_ID) values ('a789e4a7-9b3f-4274-b2dc-f3808969e560', 'kuali.creditType.credit.degree.3.0')
/
update KSEN_LUI set OBJ_ID='b5ad6186-d5f1-447b-bb3b-22c0a94e28b0', VER_NBR=1, UPDATEID='admin', UPDATETIME=TIMESTAMP '2014-02-06 10:42:57.361', ATP_ID='kuali.atp.2014Winter', CLU_ID='9dfb4813-ad36-4549-9292-1375ddc7c8c1', EFF_DT='', EXPIR_DT='', DESCR_FORMATTED='Courses with lecture', LUI_STATE='kuali.lui.activity.offering.state.approved', LUI_TYPE='kuali.lui.type.activity.offering.lecture', MAX_SEATS=40, MIN_SEATS=40, NAME='Lecture', DESCR_PLAIN='Courses with lecture', REF_URL=null where ID='6078bb1e-0cc5-4b57-9dc9-570b44f6662e' and VER_NBR=0
/
update KSEN_LUI_IDENT set OBJ_ID='a73afc02-5329-4e42-8733-f9047b8c5c2f', VER_NBR=1, UPDATEID='admin', UPDATETIME=TIMESTAMP '2014-02-06 10:42:57.361', LUI_CD='A', DIVISION='', IDENT_LEVEL='', LNG_NAME='', LUI_ID='6078bb1e-0cc5-4b57-9dc9-570b44f6662e', ORGID='', SHRT_NAME='', LUI_ID_STATE='kuali.lui.identifier.state.active', SUFX_CD='', LUI_ID_TYPE='kuali.lui.identifier.type.official', VARTN='' where ID='349bd802-930a-49c5-a5e7-ee7a026b617b' and VER_NBR=0
/
update KSEN_LUI_LU_CD set OBJ_ID='ae044385-1fdd-423d-befc-0b52badc8aac', VER_NBR=1, UPDATEID='admin', UPDATETIME=TIMESTAMP '2014-02-06 10:42:57.361', DESCR_FORMATTED='', LUI_ID='6078bb1e-0cc5-4b57-9dc9-570b44f6662e', DESCR_PLAIN='', LUI_LUCD_TYPE='kuali.lu.code.honorsOffering', VALUE=0 where ID='24a419fb-9fa0-4423-b46a-4dacb03ab8ef' and VER_NBR=0
/
update KSEN_LUI set OBJ_ID='5a403897-d587-41ef-b463-bd7d0c82b275', VER_NBR=1, UPDATEID='admin', UPDATETIME=TIMESTAMP '2014-02-06 10:42:57.361', ATP_ID='kuali.atp.2014Winter', CLU_ID='c0a7ccc8-be5f-404f-8e26-7fe95ef917b6', EFF_DT='', EXPIR_DT='', DESCR_FORMATTED='Courses with Lecture only', LUI_STATE='kuali.lui.format.offering.state.planned', LUI_TYPE='kuali.lui.type.course.format.offering', MAX_SEATS='', MIN_SEATS='', NAME='Lecture Only', DESCR_PLAIN='Courses with Lecture only', REF_URL='' where ID='452e27e5-62b4-4540-a910-566e4e2a827d' and VER_NBR=0
/
update KSEN_LUI_IDENT set OBJ_ID='3ddf854e-0c8b-4abb-90ea-daf65a76b4a4', VER_NBR=1, UPDATEID='admin', UPDATETIME=TIMESTAMP '2014-02-06 10:42:57.361', LUI_CD='', DIVISION='', IDENT_LEVEL='', LNG_NAME='Lecture Only', LUI_ID='452e27e5-62b4-4540-a910-566e4e2a827d', ORGID='', SHRT_NAME='LEC', LUI_ID_STATE='kuali.lui.identifier.state.active', SUFX_CD='', LUI_ID_TYPE='kuali.lui.identifier.type.official', VARTN='' where ID='cd768213-4cbf-46ba-a422-d5b797439a98' and VER_NBR=0
/
delete from KSEN_LUI_RELATED_LUI_TYPES where LUI_ID='452e27e5-62b4-4540-a910-566e4e2a827d'
/
insert into KSEN_LUI_RELATED_LUI_TYPES (LUI_ID, RELATED_LUI_TYPE) values ('452e27e5-62b4-4540-a910-566e4e2a827d', 'kuali.lui.type.activity.offering.lecture')
/
update KSEN_LUI set OBJ_ID='e3523973-ad7f-4c90-a7c0-99812b0a642a', VER_NBR=1, UPDATEID='admin', UPDATETIME=TIMESTAMP '2014-02-06 10:42:57.361', ATP_ID='kuali.atp.2014Winter', CLU_ID='9f1f9e6e-e87e-4646-b25f-723b313339f9', EFF_DT=TIMESTAMP '2014-01-02 00:00:00.0', EXPIR_DT='', DESCR_FORMATTED='A history of religion, religious movements, and churches in America from the early Colonial period to the present, with special attention to the relation between church and society.', LUI_STATE='kuali.lui.course.offering.state.planned', LUI_TYPE='kuali.lui.type.course.offering', MAX_SEATS='', MIN_SEATS='', NAME='HIST306 CO', DESCR_PLAIN='A history of religion, religious movements, and churches in America from the early Colonial period to the present, with special attention to the relation between church and society.', REF_URL=null where ID='f0287014-44fb-47ee-973d-7f189ea5f363' and VER_NBR=0
/
update KSEN_LUI_IDENT set OBJ_ID='98bfcced-ac29-40f3-94e1-52d2c0c258b4', VER_NBR=1, UPDATEID='admin', UPDATETIME=TIMESTAMP '2014-02-06 10:42:57.361', LUI_CD='HIST306', DIVISION='HIST', IDENT_LEVEL='', LNG_NAME='History of Religion in America', LUI_ID='f0287014-44fb-47ee-973d-7f189ea5f363', ORGID='', SHRT_NAME='', LUI_ID_STATE='kuali.lui.identifier.state.active', SUFX_CD='', LUI_ID_TYPE='kuali.lui.identifier.type.official', VARTN='' where ID='c1d0c433-47d8-4f6a-b8cb-65a5aceebfd2' and VER_NBR=0
/
update KSEN_LUI_LU_CD set OBJ_ID='66770b1e-5936-4278-9433-ca2e340954ac', VER_NBR=1, UPDATEID='admin', UPDATETIME=TIMESTAMP '2014-02-06 10:42:57.361', DESCR_FORMATTED='', LUI_ID='f0287014-44fb-47ee-973d-7f189ea5f363', DESCR_PLAIN='', LUI_LUCD_TYPE='kuali.lu.code.honorsOffering', VALUE='' where ID='e487bb48-e1a2-4981-a5ed-79eaab340a1d' and VER_NBR=0
/
delete from KSEN_LUI_UNITS_CONT_OWNER where LUI_ID='f0287014-44fb-47ee-973d-7f189ea5f363'
/
insert into KSEN_LUI_UNITS_CONT_OWNER (LUI_ID, ORG_ID) values ('f0287014-44fb-47ee-973d-7f189ea5f363', '3213375036')
/
delete from KSEN_LUI_RESULT_VAL_GRP where LUI_ID='f0287014-44fb-47ee-973d-7f189ea5f363'
/
insert into KSEN_LUI_RESULT_VAL_GRP (LUI_ID, RESULT_VAL_GRP_ID) values ('f0287014-44fb-47ee-973d-7f189ea5f363', 'kuali.resultComponent.grade.letter')
/
insert into KSEN_LUI_RESULT_VAL_GRP (LUI_ID, RESULT_VAL_GRP_ID) values ('f0287014-44fb-47ee-973d-7f189ea5f363', 'kuali.resultComponent.grade.audit')
/
insert into KSEN_LUI_RESULT_VAL_GRP (LUI_ID, RESULT_VAL_GRP_ID) values ('f0287014-44fb-47ee-973d-7f189ea5f363', 'kuali.resultComponent.grade.passFail')
/
insert into KSEN_LUI_RESULT_VAL_GRP (LUI_ID, RESULT_VAL_GRP_ID) values ('f0287014-44fb-47ee-973d-7f189ea5f363', 'kuali.creditType.credit.degree.3.0')
/
update KSEN_LUI set OBJ_ID='309a86fa-c4e3-45f7-a4c4-22d09884a3e1', VER_NBR=1, UPDATEID='admin', UPDATETIME=TIMESTAMP '2014-02-06 10:42:57.361', ATP_ID='kuali.atp.2014Winter', CLU_ID='dc4eb45c-86c1-439b-9b36-78c9f97bb5a2', EFF_DT='', EXPIR_DT='', DESCR_FORMATTED='Courses with lecture', LUI_STATE='kuali.lui.activity.offering.state.approved', LUI_TYPE='kuali.lui.type.activity.offering.lecture', MAX_SEATS=40, MIN_SEATS=40, NAME='Lecture', DESCR_PLAIN='Courses with lecture', REF_URL=null where ID='8f84e182-32bc-4999-9082-685bad7ef067' and VER_NBR=0
/
update KSEN_LUI_IDENT set OBJ_ID='ab63224b-b086-4dae-a5b4-233ab2693398', VER_NBR=1, UPDATEID='admin', UPDATETIME=TIMESTAMP '2014-02-06 10:42:57.361', LUI_CD='A', DIVISION='', IDENT_LEVEL='', LNG_NAME='', LUI_ID='8f84e182-32bc-4999-9082-685bad7ef067', ORGID='', SHRT_NAME='', LUI_ID_STATE='kuali.lui.identifier.state.active', SUFX_CD='', LUI_ID_TYPE='kuali.lui.identifier.type.official', VARTN='' where ID='cd4bfdf2-684c-4ea0-978f-f479cbcea425' and VER_NBR=0
/
update KSEN_LUI_LU_CD set OBJ_ID='758ac625-9dee-4c39-9b4b-73d9e0b2129f', VER_NBR=1, UPDATEID='admin', UPDATETIME=TIMESTAMP '2014-02-06 10:42:57.361', DESCR_FORMATTED='', LUI_ID='8f84e182-32bc-4999-9082-685bad7ef067', DESCR_PLAIN='', LUI_LUCD_TYPE='kuali.lu.code.honorsOffering', VALUE=0 where ID='e0544994-7f66-4864-af1e-524523ce6cd8' and VER_NBR=0
/
update KSEN_LUI set OBJ_ID='e6c5ec72-afcc-4bce-bb23-6b17402ac2a4', VER_NBR=1, UPDATEID='admin', UPDATETIME=TIMESTAMP '2014-02-06 10:42:57.361', ATP_ID='kuali.atp.2014Winter', CLU_ID='ccb3c17e-6eaf-4095-85b7-648120717da9', EFF_DT='', EXPIR_DT='', DESCR_FORMATTED='Courses with Lecture only', LUI_STATE='kuali.lui.format.offering.state.planned', LUI_TYPE='kuali.lui.type.course.format.offering', MAX_SEATS='', MIN_SEATS='', NAME='Lecture Only', DESCR_PLAIN='Courses with Lecture only', REF_URL='' where ID='1bda6691-e75f-4282-a3bc-eec2660ed51e' and VER_NBR=0
/
update KSEN_LUI_IDENT set OBJ_ID='772968b9-d9f4-4161-b51a-7699735107b6', VER_NBR=1, UPDATEID='admin', UPDATETIME=TIMESTAMP '2014-02-06 10:42:57.361', LUI_CD='', DIVISION='', IDENT_LEVEL='', LNG_NAME='Lecture Only', LUI_ID='1bda6691-e75f-4282-a3bc-eec2660ed51e', ORGID='', SHRT_NAME='LEC', LUI_ID_STATE='kuali.lui.identifier.state.active', SUFX_CD='', LUI_ID_TYPE='kuali.lui.identifier.type.official', VARTN='' where ID='4a031c56-76ec-48e0-987a-3286a40bef14' and VER_NBR=0
/
delete from KSEN_LUI_RELATED_LUI_TYPES where LUI_ID='1bda6691-e75f-4282-a3bc-eec2660ed51e'
/
insert into KSEN_LUI_RELATED_LUI_TYPES (LUI_ID, RELATED_LUI_TYPE) values ('1bda6691-e75f-4282-a3bc-eec2660ed51e', 'kuali.lui.type.activity.offering.lecture')
/
update KSEN_LUI set OBJ_ID='36b584dd-00fe-437d-a4e0-9d4237136365', VER_NBR=1, UPDATEID='admin', UPDATETIME=TIMESTAMP '2014-02-06 10:42:57.361', ATP_ID='kuali.atp.2014Winter', CLU_ID='CLUID-HIST319-198001000000', EFF_DT=TIMESTAMP '2014-01-02 00:00:00.0', EXPIR_DT='', DESCR_FORMATTED='', LUI_STATE='kuali.lui.course.offering.state.planned', LUI_TYPE='kuali.lui.type.course.offering', MAX_SEATS='', MIN_SEATS='', NAME='HIST319D CO', DESCR_PLAIN='.', REF_URL=null where ID='7890d38f-c690-4730-971e-94a000251b49' and VER_NBR=0
/
update KSEN_LUI_IDENT set OBJ_ID='5c5d899c-e8a7-4cdd-bd49-df4a2aa60bc4', VER_NBR=1, UPDATEID='admin', UPDATETIME=TIMESTAMP '2014-02-06 10:42:57.361', LUI_CD='HIST319D', DIVISION='HIST', IDENT_LEVEL='', LNG_NAME='Special Topics in History', LUI_ID='7890d38f-c690-4730-971e-94a000251b49', ORGID='', SHRT_NAME='', LUI_ID_STATE='kuali.lui.identifier.state.active', SUFX_CD='D', LUI_ID_TYPE='kuali.lui.identifier.type.official', VARTN='' where ID='80738d7c-7083-4a9b-abdd-2fe785d7ae72' and VER_NBR=0
/
update KSEN_LUI_LU_CD set OBJ_ID='25822667-08bd-4c07-8fc0-5e5465329c2e', VER_NBR=1, UPDATEID='admin', UPDATETIME=TIMESTAMP '2014-02-06 10:42:57.361', DESCR_FORMATTED='', LUI_ID='7890d38f-c690-4730-971e-94a000251b49', DESCR_PLAIN='', LUI_LUCD_TYPE='kuali.lu.code.honorsOffering', VALUE='' where ID='ab924e4e-f246-48d6-8d76-4d0fd7a66d69' and VER_NBR=0
/
delete from KSEN_LUI_UNITS_CONT_OWNER where LUI_ID='7890d38f-c690-4730-971e-94a000251b49'
/
insert into KSEN_LUI_UNITS_CONT_OWNER (LUI_ID, ORG_ID) values ('7890d38f-c690-4730-971e-94a000251b49', '3213375036')
/
delete from KSEN_LUI_RESULT_VAL_GRP where LUI_ID='7890d38f-c690-4730-971e-94a000251b49'
/
insert into KSEN_LUI_RESULT_VAL_GRP (LUI_ID, RESULT_VAL_GRP_ID) values ('7890d38f-c690-4730-971e-94a000251b49', 'kuali.resultComponent.grade.letter')
/
insert into KSEN_LUI_RESULT_VAL_GRP (LUI_ID, RESULT_VAL_GRP_ID) values ('7890d38f-c690-4730-971e-94a000251b49', 'kuali.resultComponent.grade.audit')
/
insert into KSEN_LUI_RESULT_VAL_GRP (LUI_ID, RESULT_VAL_GRP_ID) values ('7890d38f-c690-4730-971e-94a000251b49', 'kuali.resultComponent.grade.passFail')
/
insert into KSEN_LUI_RESULT_VAL_GRP (LUI_ID, RESULT_VAL_GRP_ID) values ('7890d38f-c690-4730-971e-94a000251b49', 'kuali.creditType.credit.degree.3.0')
/
update KSEN_LUI set OBJ_ID='d99e04cb-21ca-4e9f-8d88-ba3adbf137d8', VER_NBR=1, UPDATEID='admin', UPDATETIME=TIMESTAMP '2014-02-06 10:42:57.361', ATP_ID='kuali.atp.2014Winter', CLU_ID='55fda0fc-cb22-4b3b-a7e0-5a0ceeaaf89d', EFF_DT='', EXPIR_DT='', DESCR_FORMATTED='Courses with lecture', LUI_STATE='kuali.lui.activity.offering.state.approved', LUI_TYPE='kuali.lui.type.activity.offering.lecture', MAX_SEATS=40, MIN_SEATS=40, NAME='Lecture', DESCR_PLAIN='Courses with lecture', REF_URL=null where ID='a8528ca0-55a0-4167-987b-10396c2d76b4' and VER_NBR=0
/
update KSEN_LUI_IDENT set OBJ_ID='1e6c7d35-f9d3-419e-9388-af0ee0dedcbf', VER_NBR=1, UPDATEID='admin', UPDATETIME=TIMESTAMP '2014-02-06 10:42:57.361', LUI_CD='A', DIVISION='', IDENT_LEVEL='', LNG_NAME='', LUI_ID='a8528ca0-55a0-4167-987b-10396c2d76b4', ORGID='', SHRT_NAME='', LUI_ID_STATE='kuali.lui.identifier.state.active', SUFX_CD='', LUI_ID_TYPE='kuali.lui.identifier.type.official', VARTN='' where ID='628a7cb6-998e-4bda-9f65-bf4b916a46ae' and VER_NBR=0
/
update KSEN_LUI_LU_CD set OBJ_ID='47e054e7-a99e-4298-97da-fc7dd80e33a5', VER_NBR=1, UPDATEID='admin', UPDATETIME=TIMESTAMP '2014-02-06 10:42:57.361', DESCR_FORMATTED='', LUI_ID='a8528ca0-55a0-4167-987b-10396c2d76b4', DESCR_PLAIN='', LUI_LUCD_TYPE='kuali.lu.code.honorsOffering', VALUE=0 where ID='81ebc5b9-1464-422f-b9d1-2f500b63f56a' and VER_NBR=0
/
update KSEN_LUI set OBJ_ID='f2d542b3-6a5a-40de-857d-f0c4f18626d6', VER_NBR=1, UPDATEID='admin', UPDATETIME=TIMESTAMP '2014-02-06 10:42:57.361', ATP_ID='kuali.atp.2014Winter', CLU_ID='ccb3c17e-6eaf-4095-85b7-648120717da9', EFF_DT='', EXPIR_DT='', DESCR_FORMATTED='Courses with Lecture only', LUI_STATE='kuali.lui.format.offering.state.planned', LUI_TYPE='kuali.lui.type.course.format.offering', MAX_SEATS='', MIN_SEATS='', NAME='Lecture Only', DESCR_PLAIN='Courses with Lecture only', REF_URL='' where ID='10b64416-b04f-4037-90b2-9041fbb1572b' and VER_NBR=0
/
update KSEN_LUI_IDENT set OBJ_ID='25049d64-31f6-466f-801c-20388156fdd9', VER_NBR=1, UPDATEID='admin', UPDATETIME=TIMESTAMP '2014-02-06 10:42:57.361', LUI_CD='', DIVISION='', IDENT_LEVEL='', LNG_NAME='Lecture Only', LUI_ID='10b64416-b04f-4037-90b2-9041fbb1572b', ORGID='', SHRT_NAME='LEC', LUI_ID_STATE='kuali.lui.identifier.state.active', SUFX_CD='', LUI_ID_TYPE='kuali.lui.identifier.type.official', VARTN='' where ID='04f40b6f-ffba-4596-9245-cf6203f8e2c5' and VER_NBR=0
/
delete from KSEN_LUI_RELATED_LUI_TYPES where LUI_ID='10b64416-b04f-4037-90b2-9041fbb1572b'
/
insert into KSEN_LUI_RELATED_LUI_TYPES (LUI_ID, RELATED_LUI_TYPE) values ('10b64416-b04f-4037-90b2-9041fbb1572b', 'kuali.lui.type.activity.offering.lecture')
/
update KSEN_LUI set OBJ_ID='1dbbab5a-17ea-4793-8814-66a75d4333c8', VER_NBR=1, UPDATEID='admin', UPDATETIME=TIMESTAMP '2014-02-06 10:42:57.361', ATP_ID='kuali.atp.2014Winter', CLU_ID='CLUID-HIST319-198001000000', EFF_DT=TIMESTAMP '2014-01-02 00:00:00.0', EXPIR_DT='', DESCR_FORMATTED='', LUI_STATE='kuali.lui.course.offering.state.planned', LUI_TYPE='kuali.lui.type.course.offering', MAX_SEATS='', MIN_SEATS='', NAME='HIST319O CO', DESCR_PLAIN='.', REF_URL=null where ID='780d9c3d-7e32-45b1-a936-1791a1ab87b8' and VER_NBR=0
/
update KSEN_LUI_IDENT set OBJ_ID='ba536f0d-c376-4307-87cb-fb1ef3fae926', VER_NBR=1, UPDATEID='admin', UPDATETIME=TIMESTAMP '2014-02-06 10:42:57.361', LUI_CD='HIST319O', DIVISION='HIST', IDENT_LEVEL='', LNG_NAME='Special Topics in History', LUI_ID='780d9c3d-7e32-45b1-a936-1791a1ab87b8', ORGID='', SHRT_NAME='', LUI_ID_STATE='kuali.lui.identifier.state.active', SUFX_CD='O', LUI_ID_TYPE='kuali.lui.identifier.type.official', VARTN='' where ID='0cc703b9-5fb9-44db-94a5-35fb2585ebaa' and VER_NBR=0
/
update KSEN_LUI_LU_CD set OBJ_ID='2e1c6989-eb4a-48c5-ab3a-fd6d65c2b308', VER_NBR=1, UPDATEID='admin', UPDATETIME=TIMESTAMP '2014-02-06 10:42:57.361', DESCR_FORMATTED='', LUI_ID='780d9c3d-7e32-45b1-a936-1791a1ab87b8', DESCR_PLAIN='', LUI_LUCD_TYPE='kuali.lu.code.honorsOffering', VALUE='' where ID='fa92dc74-d148-44cf-a642-5c93c6cdea29' and VER_NBR=0
/
delete from KSEN_LUI_UNITS_CONT_OWNER where LUI_ID='780d9c3d-7e32-45b1-a936-1791a1ab87b8'
/
insert into KSEN_LUI_UNITS_CONT_OWNER (LUI_ID, ORG_ID) values ('780d9c3d-7e32-45b1-a936-1791a1ab87b8', '3213375036')
/
delete from KSEN_LUI_RESULT_VAL_GRP where LUI_ID='780d9c3d-7e32-45b1-a936-1791a1ab87b8'
/
insert into KSEN_LUI_RESULT_VAL_GRP (LUI_ID, RESULT_VAL_GRP_ID) values ('780d9c3d-7e32-45b1-a936-1791a1ab87b8', 'kuali.resultComponent.grade.letter')
/
insert into KSEN_LUI_RESULT_VAL_GRP (LUI_ID, RESULT_VAL_GRP_ID) values ('780d9c3d-7e32-45b1-a936-1791a1ab87b8', 'kuali.resultComponent.grade.audit')
/
insert into KSEN_LUI_RESULT_VAL_GRP (LUI_ID, RESULT_VAL_GRP_ID) values ('780d9c3d-7e32-45b1-a936-1791a1ab87b8', 'kuali.resultComponent.grade.passFail')
/
insert into KSEN_LUI_RESULT_VAL_GRP (LUI_ID, RESULT_VAL_GRP_ID) values ('780d9c3d-7e32-45b1-a936-1791a1ab87b8', 'kuali.creditType.credit.degree.3.0')
/
update KSEN_LUI set OBJ_ID='16863f3a-1395-4b99-a79d-ce01a32cf961', VER_NBR=1, UPDATEID='admin', UPDATETIME=TIMESTAMP '2014-02-06 10:42:57.361', ATP_ID='kuali.atp.2014Winter', CLU_ID='e4d0b217-a16e-4efe-96c7-87e307bfffc4', EFF_DT='', EXPIR_DT='', DESCR_FORMATTED='Courses with lecture', LUI_STATE='kuali.lui.activity.offering.state.approved', LUI_TYPE='kuali.lui.type.activity.offering.lecture', MAX_SEATS=40, MIN_SEATS=40, NAME='Lecture', DESCR_PLAIN='Courses with lecture', REF_URL=null where ID='99e403ca-b19e-4b1f-bcae-5903869be887' and VER_NBR=0
/
update KSEN_LUI_IDENT set OBJ_ID='67fa7c47-981f-4b1b-a173-d257fb938395', VER_NBR=1, UPDATEID='admin', UPDATETIME=TIMESTAMP '2014-02-06 10:42:57.361', LUI_CD='A', DIVISION='', IDENT_LEVEL='', LNG_NAME='', LUI_ID='99e403ca-b19e-4b1f-bcae-5903869be887', ORGID='', SHRT_NAME='', LUI_ID_STATE='kuali.lui.identifier.state.active', SUFX_CD='', LUI_ID_TYPE='kuali.lui.identifier.type.official', VARTN='' where ID='a3ead727-ba68-48f9-87bd-f8d87875fe02' and VER_NBR=0
/
update KSEN_LUI_LU_CD set OBJ_ID='57e5b600-72fa-4861-9e6e-c7aec950fc42', VER_NBR=1, UPDATEID='admin', UPDATETIME=TIMESTAMP '2014-02-06 10:42:57.361', DESCR_FORMATTED='', LUI_ID='99e403ca-b19e-4b1f-bcae-5903869be887', DESCR_PLAIN='', LUI_LUCD_TYPE='kuali.lu.code.honorsOffering', VALUE=0 where ID='00afb6d2-3655-4a97-bb8b-731d7c8f629e' and VER_NBR=0
/
update KSEN_LUI set OBJ_ID='e35bed7a-eb87-444c-be1b-6ab50ac948e9', VER_NBR=1, UPDATEID='admin', UPDATETIME=TIMESTAMP '2014-02-06 10:42:57.361', ATP_ID='kuali.atp.2014Winter', CLU_ID='cd1c5479-a556-45c2-a267-e3738132babe', EFF_DT='', EXPIR_DT='', DESCR_FORMATTED='Courses with Lecture only', LUI_STATE='kuali.lui.format.offering.state.planned', LUI_TYPE='kuali.lui.type.course.format.offering', MAX_SEATS='', MIN_SEATS='', NAME='Lecture Only', DESCR_PLAIN='Courses with Lecture only', REF_URL='' where ID='4ea7ded7-d0dd-4470-92c4-378aff50e4d4' and VER_NBR=0
/
update KSEN_LUI_IDENT set OBJ_ID='7ba51eaa-9c64-4063-a95d-ef5624193914', VER_NBR=1, UPDATEID='admin', UPDATETIME=TIMESTAMP '2014-02-06 10:42:57.361', LUI_CD='', DIVISION='', IDENT_LEVEL='', LNG_NAME='Lecture Only', LUI_ID='4ea7ded7-d0dd-4470-92c4-378aff50e4d4', ORGID='', SHRT_NAME='LEC', LUI_ID_STATE='kuali.lui.identifier.state.active', SUFX_CD='', LUI_ID_TYPE='kuali.lui.identifier.type.official', VARTN='' where ID='fc328420-9482-447e-9d34-41f94199cf42' and VER_NBR=0
/
delete from KSEN_LUI_RELATED_LUI_TYPES where LUI_ID='4ea7ded7-d0dd-4470-92c4-378aff50e4d4'
/
insert into KSEN_LUI_RELATED_LUI_TYPES (LUI_ID, RELATED_LUI_TYPE) values ('4ea7ded7-d0dd-4470-92c4-378aff50e4d4', 'kuali.lui.type.activity.offering.lecture')
/
update KSEN_LUI set OBJ_ID='7595eeed-9e05-4cd2-a7b4-c47a7bb6056e', VER_NBR=1, UPDATEID='admin', UPDATETIME=TIMESTAMP '2014-02-06 10:42:57.361', ATP_ID='kuali.atp.2014Winter', CLU_ID='CLUID-HIST329-200801000000', EFF_DT=TIMESTAMP '2014-01-02 00:00:00.0', EXPIR_DT='', DESCR_FORMATTED='', LUI_STATE='kuali.lui.course.offering.state.planned', LUI_TYPE='kuali.lui.type.course.offering', MAX_SEATS='', MIN_SEATS='', NAME='HIST329K CO', DESCR_PLAIN='.', REF_URL=null where ID='d91c139b-8080-433c-816d-d4c877520788' and VER_NBR=0
/
update KSEN_LUI_IDENT set OBJ_ID='640e84ff-7b23-45d3-93d6-d27bffe5ec87', VER_NBR=1, UPDATEID='admin', UPDATETIME=TIMESTAMP '2014-02-06 10:42:57.361', LUI_CD='HIST329K', DIVISION='HIST', IDENT_LEVEL='', LNG_NAME='Special Topics in History', LUI_ID='d91c139b-8080-433c-816d-d4c877520788', ORGID='', SHRT_NAME='', LUI_ID_STATE='kuali.lui.identifier.state.active', SUFX_CD='K', LUI_ID_TYPE='kuali.lui.identifier.type.official', VARTN='' where ID='dde2178a-8b37-4943-bc33-61d9bfaf82fb' and VER_NBR=0
/
update KSEN_LUI_LU_CD set OBJ_ID='09bcb320-ef59-4ece-a9b0-867833baa7bb', VER_NBR=1, UPDATEID='admin', UPDATETIME=TIMESTAMP '2014-02-06 10:42:57.361', DESCR_FORMATTED='', LUI_ID='d91c139b-8080-433c-816d-d4c877520788', DESCR_PLAIN='', LUI_LUCD_TYPE='kuali.lu.code.honorsOffering', VALUE='' where ID='18b38783-201a-425c-9808-ba40d51395e3' and VER_NBR=0
/
delete from KSEN_LUI_UNITS_CONT_OWNER where LUI_ID='d91c139b-8080-433c-816d-d4c877520788'
/
insert into KSEN_LUI_UNITS_CONT_OWNER (LUI_ID, ORG_ID) values ('d91c139b-8080-433c-816d-d4c877520788', '3213375036')
/
delete from KSEN_LUI_RESULT_VAL_GRP where LUI_ID='d91c139b-8080-433c-816d-d4c877520788'
/
insert into KSEN_LUI_RESULT_VAL_GRP (LUI_ID, RESULT_VAL_GRP_ID) values ('d91c139b-8080-433c-816d-d4c877520788', 'kuali.resultComponent.grade.letter')
/
insert into KSEN_LUI_RESULT_VAL_GRP (LUI_ID, RESULT_VAL_GRP_ID) values ('d91c139b-8080-433c-816d-d4c877520788', 'kuali.resultComponent.grade.audit')
/
insert into KSEN_LUI_RESULT_VAL_GRP (LUI_ID, RESULT_VAL_GRP_ID) values ('d91c139b-8080-433c-816d-d4c877520788', 'kuali.resultComponent.grade.passFail')
/
insert into KSEN_LUI_RESULT_VAL_GRP (LUI_ID, RESULT_VAL_GRP_ID) values ('d91c139b-8080-433c-816d-d4c877520788', 'kuali.creditType.credit.degree.1.0,1.5,2.0,2.5,3.0')
/
update KSEN_LUI set OBJ_ID='fd58c347-c276-4ea5-8ce4-f247c987fa20', VER_NBR=1, UPDATEID='admin', UPDATETIME=TIMESTAMP '2014-02-06 10:42:57.361', ATP_ID='kuali.atp.2014Winter', CLU_ID='ce5a1d8e-ab44-4a98-a3bc-73e328376eea', EFF_DT='', EXPIR_DT='', DESCR_FORMATTED='Courses with lecture', LUI_STATE='kuali.lui.activity.offering.state.approved', LUI_TYPE='kuali.lui.type.activity.offering.lecture', MAX_SEATS=1, MIN_SEATS=1, NAME='Lecture', DESCR_PLAIN='Courses with lecture', REF_URL=null where ID='5c4b07d1-1234-4ae3-b269-765539d14396' and VER_NBR=0
/
update KSEN_LUI_IDENT set OBJ_ID='7cbec38f-7ce3-4369-b402-d53367da0d67', VER_NBR=1, UPDATEID='admin', UPDATETIME=TIMESTAMP '2014-02-06 10:42:57.361', LUI_CD='A', DIVISION='', IDENT_LEVEL='', LNG_NAME='', LUI_ID='5c4b07d1-1234-4ae3-b269-765539d14396', ORGID='', SHRT_NAME='', LUI_ID_STATE='kuali.lui.identifier.state.active', SUFX_CD='', LUI_ID_TYPE='kuali.lui.identifier.type.official', VARTN='' where ID='fa64a67a-468c-4670-9e1c-fefc8b73b9b3' and VER_NBR=0
/
update KSEN_LUI_LU_CD set OBJ_ID='5097c004-f8be-4eac-a714-a30bc2df0ed7', VER_NBR=1, UPDATEID='admin', UPDATETIME=TIMESTAMP '2014-02-06 10:42:57.361', DESCR_FORMATTED='', LUI_ID='5c4b07d1-1234-4ae3-b269-765539d14396', DESCR_PLAIN='', LUI_LUCD_TYPE='kuali.lu.code.honorsOffering', VALUE=0 where ID='f7aa8e13-34de-4713-a6e3-929b90e3b168' and VER_NBR=0
/
update KSEN_LUI set OBJ_ID='b65e7a22-8603-4131-8982-0ca607bb3bfa', VER_NBR=1, UPDATEID='admin', UPDATETIME=TIMESTAMP '2014-02-06 10:42:57.361', ATP_ID='kuali.atp.2014Winter', CLU_ID='cd1c5479-a556-45c2-a267-e3738132babe', EFF_DT='', EXPIR_DT='', DESCR_FORMATTED='Courses with Lecture only', LUI_STATE='kuali.lui.format.offering.state.planned', LUI_TYPE='kuali.lui.type.course.format.offering', MAX_SEATS='', MIN_SEATS='', NAME='Lecture Only', DESCR_PLAIN='Courses with Lecture only', REF_URL='' where ID='68db039b-ad69-43b3-ac2f-cb17f9e8a286' and VER_NBR=0
/
update KSEN_LUI_IDENT set OBJ_ID='8f3fa007-8a27-4757-b368-44f9793f07c6', VER_NBR=1, UPDATEID='admin', UPDATETIME=TIMESTAMP '2014-02-06 10:42:57.361', LUI_CD='', DIVISION='', IDENT_LEVEL='', LNG_NAME='Lecture Only', LUI_ID='68db039b-ad69-43b3-ac2f-cb17f9e8a286', ORGID='', SHRT_NAME='LEC', LUI_ID_STATE='kuali.lui.identifier.state.active', SUFX_CD='', LUI_ID_TYPE='kuali.lui.identifier.type.official', VARTN='' where ID='26bb52e2-b4c1-45f8-a189-822938297ea0' and VER_NBR=0
/
delete from KSEN_LUI_RELATED_LUI_TYPES where LUI_ID='68db039b-ad69-43b3-ac2f-cb17f9e8a286'
/
insert into KSEN_LUI_RELATED_LUI_TYPES (LUI_ID, RELATED_LUI_TYPE) values ('68db039b-ad69-43b3-ac2f-cb17f9e8a286', 'kuali.lui.type.activity.offering.lecture')
/
update KSEN_LUI set OBJ_ID='93943e06-aefa-497b-b114-5010db9840e2', VER_NBR=1, UPDATEID='admin', UPDATETIME=TIMESTAMP '2014-02-06 10:42:57.361', ATP_ID='kuali.atp.2014Winter', CLU_ID='CLUID-HIST329-200801000000', EFF_DT=TIMESTAMP '2014-01-02 00:00:00.0', EXPIR_DT='', DESCR_FORMATTED='', LUI_STATE='kuali.lui.course.offering.state.planned', LUI_TYPE='kuali.lui.type.course.offering', MAX_SEATS='', MIN_SEATS='', NAME='HIST329N CO', DESCR_PLAIN='.', REF_URL=null where ID='8fff6eac-c5e5-4f8e-876f-02d39efa5b48' and VER_NBR=0
/
update KSEN_LUI_IDENT set OBJ_ID='61282d09-90eb-40f5-a8f3-a4f7183de566', VER_NBR=1, UPDATEID='admin', UPDATETIME=TIMESTAMP '2014-02-06 10:42:57.361', LUI_CD='HIST329N', DIVISION='HIST', IDENT_LEVEL='', LNG_NAME='Special Topics in History', LUI_ID='8fff6eac-c5e5-4f8e-876f-02d39efa5b48', ORGID='', SHRT_NAME='', LUI_ID_STATE='kuali.lui.identifier.state.active', SUFX_CD='N', LUI_ID_TYPE='kuali.lui.identifier.type.official', VARTN='' where ID='1575b41d-35f9-459d-b4e1-acb72328df07' and VER_NBR=0
/
update KSEN_LUI_LU_CD set OBJ_ID='1813e39e-782f-43db-a8a3-7a1579ece285', VER_NBR=1, UPDATEID='admin', UPDATETIME=TIMESTAMP '2014-02-06 10:42:57.361', DESCR_FORMATTED='', LUI_ID='8fff6eac-c5e5-4f8e-876f-02d39efa5b48', DESCR_PLAIN='', LUI_LUCD_TYPE='kuali.lu.code.honorsOffering', VALUE='' where ID='c2a7633e-367c-46ec-8ab6-680d59560103' and VER_NBR=0
/
delete from KSEN_LUI_UNITS_CONT_OWNER where LUI_ID='8fff6eac-c5e5-4f8e-876f-02d39efa5b48'
/
insert into KSEN_LUI_UNITS_CONT_OWNER (LUI_ID, ORG_ID) values ('8fff6eac-c5e5-4f8e-876f-02d39efa5b48', '3213375036')
/
delete from KSEN_LUI_RESULT_VAL_GRP where LUI_ID='8fff6eac-c5e5-4f8e-876f-02d39efa5b48'
/
insert into KSEN_LUI_RESULT_VAL_GRP (LUI_ID, RESULT_VAL_GRP_ID) values ('8fff6eac-c5e5-4f8e-876f-02d39efa5b48', 'kuali.resultComponent.grade.letter')
/
insert into KSEN_LUI_RESULT_VAL_GRP (LUI_ID, RESULT_VAL_GRP_ID) values ('8fff6eac-c5e5-4f8e-876f-02d39efa5b48', 'kuali.resultComponent.grade.audit')
/
insert into KSEN_LUI_RESULT_VAL_GRP (LUI_ID, RESULT_VAL_GRP_ID) values ('8fff6eac-c5e5-4f8e-876f-02d39efa5b48', 'kuali.resultComponent.grade.passFail')
/
insert into KSEN_LUI_RESULT_VAL_GRP (LUI_ID, RESULT_VAL_GRP_ID) values ('8fff6eac-c5e5-4f8e-876f-02d39efa5b48', 'kuali.creditType.credit.degree.1.0,1.5,2.0,2.5,3.0')
/
update KSEN_LUI set OBJ_ID='6145ddb4-f936-44fc-b690-a50e6220a707', VER_NBR=1, UPDATEID='admin', UPDATETIME=TIMESTAMP '2014-02-06 10:42:57.361', ATP_ID='kuali.atp.2014Winter', CLU_ID='156c39bd-7086-40a5-8158-8402f885b33b', EFF_DT='', EXPIR_DT='', DESCR_FORMATTED='Courses with lecture', LUI_STATE='kuali.lui.activity.offering.state.approved', LUI_TYPE='kuali.lui.type.activity.offering.lecture', MAX_SEATS=40, MIN_SEATS=40, NAME='Lecture', DESCR_PLAIN='Courses with lecture', REF_URL=null where ID='2fa6f6a9-8a25-4f04-945f-1444579f5000' and VER_NBR=0
/
update KSEN_LUI_IDENT set OBJ_ID='9bbe96bd-5e94-4eb4-ad83-f2fd69aef72d', VER_NBR=1, UPDATEID='admin', UPDATETIME=TIMESTAMP '2014-02-06 10:42:57.361', LUI_CD='A', DIVISION='', IDENT_LEVEL='', LNG_NAME='', LUI_ID='2fa6f6a9-8a25-4f04-945f-1444579f5000', ORGID='', SHRT_NAME='', LUI_ID_STATE='kuali.lui.identifier.state.active', SUFX_CD='', LUI_ID_TYPE='kuali.lui.identifier.type.official', VARTN='' where ID='417b4ab9-d0ea-4169-bbfc-9faf399405b6' and VER_NBR=0
/
update KSEN_LUI_LU_CD set OBJ_ID='a158b60c-e6ce-4bf2-8c87-c9494fd1d5e4', VER_NBR=1, UPDATEID='admin', UPDATETIME=TIMESTAMP '2014-02-06 10:42:57.361', DESCR_FORMATTED='', LUI_ID='2fa6f6a9-8a25-4f04-945f-1444579f5000', DESCR_PLAIN='', LUI_LUCD_TYPE='kuali.lu.code.honorsOffering', VALUE=0 where ID='d7dd4669-79a6-444a-a22c-c191694eba2a' and VER_NBR=0
/
update KSEN_LUI set OBJ_ID='cb2e843d-f211-4064-9cb9-b539e0ae0877', VER_NBR=1, UPDATEID='admin', UPDATETIME=TIMESTAMP '2014-02-06 10:42:57.361', ATP_ID='kuali.atp.2014Winter', CLU_ID='d48e4b15-08ca-494a-a187-4647da1d2b27', EFF_DT='', EXPIR_DT='', DESCR_FORMATTED='Courses with Lecture only', LUI_STATE='kuali.lui.format.offering.state.planned', LUI_TYPE='kuali.lui.type.course.format.offering', MAX_SEATS='', MIN_SEATS='', NAME='Lecture Only', DESCR_PLAIN='Courses with Lecture only', REF_URL='' where ID='996e5aed-07be-4269-aa87-680ba8310d5e' and VER_NBR=0
/
update KSEN_LUI_IDENT set OBJ_ID='5ebcc9a1-a741-4f1c-bbec-2f5aed4f5948', VER_NBR=1, UPDATEID='admin', UPDATETIME=TIMESTAMP '2014-02-06 10:42:57.361', LUI_CD='', DIVISION='', IDENT_LEVEL='', LNG_NAME='Lecture Only', LUI_ID='996e5aed-07be-4269-aa87-680ba8310d5e', ORGID='', SHRT_NAME='LEC', LUI_ID_STATE='kuali.lui.identifier.state.active', SUFX_CD='', LUI_ID_TYPE='kuali.lui.identifier.type.official', VARTN='' where ID='d2be6386-33d0-422b-b387-1e256acd2e1f' and VER_NBR=0
/
delete from KSEN_LUI_RELATED_LUI_TYPES where LUI_ID='996e5aed-07be-4269-aa87-680ba8310d5e'
/
insert into KSEN_LUI_RELATED_LUI_TYPES (LUI_ID, RELATED_LUI_TYPE) values ('996e5aed-07be-4269-aa87-680ba8310d5e', 'kuali.lui.type.activity.offering.lecture')
/
update KSEN_LUI set OBJ_ID='b21c7e2d-602b-4990-8b05-e16627546509', VER_NBR=1, UPDATEID='admin', UPDATETIME=TIMESTAMP '2014-02-06 10:42:57.361', ATP_ID='kuali.atp.2014Winter', CLU_ID='CLUID-HIST357-199501000000', EFF_DT=TIMESTAMP '2014-01-02 00:00:00.0', EXPIR_DT='', DESCR_FORMATTED='American history from the inauguration of Harry S. Truman to the presen with emphasis upon politics and foreign relations, but with consideration of special topics such as radicalism, conservatism, and labor.', LUI_STATE='kuali.lui.course.offering.state.planned', LUI_TYPE='kuali.lui.type.course.offering', MAX_SEATS='', MIN_SEATS='', NAME='HIST357 CO', DESCR_PLAIN='American history from the inauguration of Harry S. Truman to the presen with emphasis upon politics and foreign relations, but with consideration of special topics such as radicalism, conservatism, and labor.', REF_URL=null where ID='f902dc5a-0036-4542-b5cc-d5bc82a7f281' and VER_NBR=0
/
update KSEN_LUI_IDENT set OBJ_ID='e48bcbf2-cb10-449d-b05c-7c890e70e671', VER_NBR=1, UPDATEID='admin', UPDATETIME=TIMESTAMP '2014-02-06 10:42:57.361', LUI_CD='HIST357', DIVISION='HIST', IDENT_LEVEL='', LNG_NAME='Recent America: 1945-Present', LUI_ID='f902dc5a-0036-4542-b5cc-d5bc82a7f281', ORGID='', SHRT_NAME='', LUI_ID_STATE='kuali.lui.identifier.state.active', SUFX_CD='', LUI_ID_TYPE='kuali.lui.identifier.type.official', VARTN='' where ID='7e35cfe9-dc65-40aa-993e-d8e36ecc58d7' and VER_NBR=0
/
update KSEN_LUI_LU_CD set OBJ_ID='c74c67fb-668d-4997-be10-023c693c370d', VER_NBR=1, UPDATEID='admin', UPDATETIME=TIMESTAMP '2014-02-06 10:42:57.361', DESCR_FORMATTED='', LUI_ID='f902dc5a-0036-4542-b5cc-d5bc82a7f281', DESCR_PLAIN='', LUI_LUCD_TYPE='kuali.lu.code.honorsOffering', VALUE='' where ID='e8c2e818-ef61-4c42-8fef-ddc368dde1b5' and VER_NBR=0
/
delete from KSEN_LUI_UNITS_CONT_OWNER where LUI_ID='f902dc5a-0036-4542-b5cc-d5bc82a7f281'
/
insert into KSEN_LUI_UNITS_CONT_OWNER (LUI_ID, ORG_ID) values ('f902dc5a-0036-4542-b5cc-d5bc82a7f281', '3213375036')
/
delete from KSEN_LUI_RESULT_VAL_GRP where LUI_ID='f902dc5a-0036-4542-b5cc-d5bc82a7f281'
/
insert into KSEN_LUI_RESULT_VAL_GRP (LUI_ID, RESULT_VAL_GRP_ID) values ('f902dc5a-0036-4542-b5cc-d5bc82a7f281', 'kuali.resultComponent.grade.letter')
/
insert into KSEN_LUI_RESULT_VAL_GRP (LUI_ID, RESULT_VAL_GRP_ID) values ('f902dc5a-0036-4542-b5cc-d5bc82a7f281', 'kuali.resultComponent.grade.audit')
/
insert into KSEN_LUI_RESULT_VAL_GRP (LUI_ID, RESULT_VAL_GRP_ID) values ('f902dc5a-0036-4542-b5cc-d5bc82a7f281', 'kuali.resultComponent.grade.passFail')
/
insert into KSEN_LUI_RESULT_VAL_GRP (LUI_ID, RESULT_VAL_GRP_ID) values ('f902dc5a-0036-4542-b5cc-d5bc82a7f281', 'kuali.creditType.credit.degree.3.0')
/
update KSEN_LUI set OBJ_ID='26c968e5-e626-480f-b73d-1578a97f2b0d', VER_NBR=1, UPDATEID='admin', UPDATETIME=TIMESTAMP '2014-02-06 10:42:57.361', ATP_ID='kuali.atp.2014Winter', CLU_ID='9a7b3050-799a-43e0-8a19-535717f3e32d', EFF_DT='', EXPIR_DT='', DESCR_FORMATTED='Courses with lecture', LUI_STATE='kuali.lui.activity.offering.state.approved', LUI_TYPE='kuali.lui.type.activity.offering.lecture', MAX_SEATS=40, MIN_SEATS=40, NAME='Lecture', DESCR_PLAIN='Courses with lecture', REF_URL=null where ID='4a7b5a65-94ee-4e46-8555-2d4dd0b8bec6' and VER_NBR=0
/
update KSEN_LUI_IDENT set OBJ_ID='f19d5b57-0083-4574-8c1c-84c58a4f5172', VER_NBR=1, UPDATEID='admin', UPDATETIME=TIMESTAMP '2014-02-06 10:42:57.361', LUI_CD='A', DIVISION='', IDENT_LEVEL='', LNG_NAME='', LUI_ID='4a7b5a65-94ee-4e46-8555-2d4dd0b8bec6', ORGID='', SHRT_NAME='', LUI_ID_STATE='kuali.lui.identifier.state.active', SUFX_CD='', LUI_ID_TYPE='kuali.lui.identifier.type.official', VARTN='' where ID='03da5cde-bba3-4aab-a7b9-a18da4a869e8' and VER_NBR=0
/
update KSEN_LUI_LU_CD set OBJ_ID='ad1d358f-b006-4a1d-86cc-ede778e16308', VER_NBR=1, UPDATEID='admin', UPDATETIME=TIMESTAMP '2014-02-06 10:42:57.361', DESCR_FORMATTED='', LUI_ID='4a7b5a65-94ee-4e46-8555-2d4dd0b8bec6', DESCR_PLAIN='', LUI_LUCD_TYPE='kuali.lu.code.honorsOffering', VALUE=0 where ID='4307bada-3f20-47ac-898b-abc552bd94b3' and VER_NBR=0
/
update KSEN_LUI set OBJ_ID='f96b38f0-f5e8-4913-af29-1d006cb19276', VER_NBR=1, UPDATEID='admin', UPDATETIME=TIMESTAMP '2014-02-06 10:42:57.361', ATP_ID='kuali.atp.2014Winter', CLU_ID='f534f531-03b9-418f-996c-8eb89a2e1af8', EFF_DT='', EXPIR_DT='', DESCR_FORMATTED='Courses with Lecture only', LUI_STATE='kuali.lui.format.offering.state.planned', LUI_TYPE='kuali.lui.type.course.format.offering', MAX_SEATS='', MIN_SEATS='', NAME='Lecture Only', DESCR_PLAIN='Courses with Lecture only', REF_URL='' where ID='8117be8a-38b8-4e6c-adec-690dd41b31c7' and VER_NBR=0
/
update KSEN_LUI_IDENT set OBJ_ID='b6507807-1d25-427d-a2e7-ca2aa96d928f', VER_NBR=1, UPDATEID='admin', UPDATETIME=TIMESTAMP '2014-02-06 10:42:57.361', LUI_CD='', DIVISION='', IDENT_LEVEL='', LNG_NAME='Lecture Only', LUI_ID='8117be8a-38b8-4e6c-adec-690dd41b31c7', ORGID='', SHRT_NAME='LEC', LUI_ID_STATE='kuali.lui.identifier.state.active', SUFX_CD='', LUI_ID_TYPE='kuali.lui.identifier.type.official', VARTN='' where ID='71a0c8b6-650e-4f59-a1ba-3d943d459cf8' and VER_NBR=0
/
delete from KSEN_LUI_RELATED_LUI_TYPES where LUI_ID='8117be8a-38b8-4e6c-adec-690dd41b31c7'
/
insert into KSEN_LUI_RELATED_LUI_TYPES (LUI_ID, RELATED_LUI_TYPE) values ('8117be8a-38b8-4e6c-adec-690dd41b31c7', 'kuali.lui.type.activity.offering.lecture')
/
update KSEN_LUI set OBJ_ID='e43b3ef6-b680-4e99-9ce4-d7617aa8f09f', VER_NBR=1, UPDATEID='admin', UPDATETIME=TIMESTAMP '2014-02-06 10:42:57.361', ATP_ID='kuali.atp.2014Winter', CLU_ID='edc7c6fb-651a-4c4e-a905-fcacf3a04c76', EFF_DT=TIMESTAMP '2014-01-02 00:00:00.0', EXPIR_DT='', DESCR_FORMATTED='Twentieth century U.S. civil rights movement from the vantage point of women, considering both women''s involvement in the legal campaigns and political protests and the impact of civil rights struggles on women''s condiition, status, and identity.', LUI_STATE='kuali.lui.course.offering.state.planned', LUI_TYPE='kuali.lui.type.course.offering', MAX_SEATS='', MIN_SEATS='', NAME='HIST360 CO', DESCR_PLAIN='Twentieth century U.S. civil rights movement from the vantage point of women, considering both women''s involvement in the legal campaigns and political protests and the impact of civil rights struggles on women''s condiition, status, and identity.', REF_URL=null where ID='65e0984c-a736-4572-b2b4-da7cb7d9530b' and VER_NBR=0
/
update KSEN_LUI_IDENT set OBJ_ID='a7e37936-9519-4d7c-a316-33d6c7644c80', VER_NBR=1, UPDATEID='admin', UPDATETIME=TIMESTAMP '2014-02-06 10:42:57.361', LUI_CD='HIST360', DIVISION='HIST', IDENT_LEVEL='', LNG_NAME='Women and the Civil Rights Movement', LUI_ID='65e0984c-a736-4572-b2b4-da7cb7d9530b', ORGID='', SHRT_NAME='', LUI_ID_STATE='kuali.lui.identifier.state.active', SUFX_CD='', LUI_ID_TYPE='kuali.lui.identifier.type.official', VARTN='' where ID='413a1af3-2e6b-45e7-9098-846ee085d25d' and VER_NBR=0
/
update KSEN_LUI_LU_CD set OBJ_ID='d978bd3a-9cd9-4db4-9fbb-4852e21d1d4c', VER_NBR=1, UPDATEID='admin', UPDATETIME=TIMESTAMP '2014-02-06 10:42:57.361', DESCR_FORMATTED='', LUI_ID='65e0984c-a736-4572-b2b4-da7cb7d9530b', DESCR_PLAIN='', LUI_LUCD_TYPE='kuali.lu.code.honorsOffering', VALUE='' where ID='5b9264b7-c336-4a72-882e-c273dfe0add9' and VER_NBR=0
/
delete from KSEN_LUI_UNITS_CONT_OWNER where LUI_ID='65e0984c-a736-4572-b2b4-da7cb7d9530b'
/
insert into KSEN_LUI_UNITS_CONT_OWNER (LUI_ID, ORG_ID) values ('65e0984c-a736-4572-b2b4-da7cb7d9530b', '3213375036')
/
delete from KSEN_LUI_RESULT_VAL_GRP where LUI_ID='65e0984c-a736-4572-b2b4-da7cb7d9530b'
/
insert into KSEN_LUI_RESULT_VAL_GRP (LUI_ID, RESULT_VAL_GRP_ID) values ('65e0984c-a736-4572-b2b4-da7cb7d9530b', 'kuali.resultComponent.grade.letter')
/
insert into KSEN_LUI_RESULT_VAL_GRP (LUI_ID, RESULT_VAL_GRP_ID) values ('65e0984c-a736-4572-b2b4-da7cb7d9530b', 'kuali.resultComponent.grade.audit')
/
insert into KSEN_LUI_RESULT_VAL_GRP (LUI_ID, RESULT_VAL_GRP_ID) values ('65e0984c-a736-4572-b2b4-da7cb7d9530b', 'kuali.resultComponent.grade.passFail')
/
insert into KSEN_LUI_RESULT_VAL_GRP (LUI_ID, RESULT_VAL_GRP_ID) values ('65e0984c-a736-4572-b2b4-da7cb7d9530b', 'kuali.creditType.credit.degree.3.0')
/
update KSEN_LUI set OBJ_ID='809b3b6d-01be-47b1-b330-966985e09a4e', VER_NBR=1, UPDATEID='admin', UPDATETIME=TIMESTAMP '2014-02-06 10:42:57.361', ATP_ID='kuali.atp.2014Winter', CLU_ID='b924f9c0-90f0-4eb0-a19e-ca064dc891e4', EFF_DT='', EXPIR_DT='', DESCR_FORMATTED='Courses with lecture', LUI_STATE='kuali.lui.activity.offering.state.approved', LUI_TYPE='kuali.lui.type.activity.offering.lecture', MAX_SEATS=40, MIN_SEATS=40, NAME='Lecture', DESCR_PLAIN='Courses with lecture', REF_URL=null where ID='3cd5edbf-9d61-461d-a7a6-6482d78a7c37' and VER_NBR=0
/
update KSEN_LUI_IDENT set OBJ_ID='878f4bc8-c995-4489-b3d7-b91dc08e71a5', VER_NBR=1, UPDATEID='admin', UPDATETIME=TIMESTAMP '2014-02-06 10:42:57.361', LUI_CD='A', DIVISION='', IDENT_LEVEL='', LNG_NAME='', LUI_ID='3cd5edbf-9d61-461d-a7a6-6482d78a7c37', ORGID='', SHRT_NAME='', LUI_ID_STATE='kuali.lui.identifier.state.active', SUFX_CD='', LUI_ID_TYPE='kuali.lui.identifier.type.official', VARTN='' where ID='485de95d-eb8e-4424-84d2-19e5e577ec6c' and VER_NBR=0
/
update KSEN_LUI_LU_CD set OBJ_ID='095ffcd6-aa36-485a-8ac8-8f437fe15071', VER_NBR=1, UPDATEID='admin', UPDATETIME=TIMESTAMP '2014-02-06 10:42:57.361', DESCR_FORMATTED='', LUI_ID='3cd5edbf-9d61-461d-a7a6-6482d78a7c37', DESCR_PLAIN='', LUI_LUCD_TYPE='kuali.lu.code.honorsOffering', VALUE=0 where ID='d6188218-bdc5-4443-b26d-9b17ac673f7d' and VER_NBR=0
/
update KSEN_LUI set OBJ_ID='e044230e-4bec-4a85-a3f4-1696dae745f3', VER_NBR=1, UPDATEID='admin', UPDATETIME=TIMESTAMP '2014-02-06 10:42:57.361', ATP_ID='kuali.atp.2014Winter', CLU_ID='2acda501-2afd-4b9e-b08f-76d97c038024', EFF_DT='', EXPIR_DT='', DESCR_FORMATTED='Courses with Lecture only', LUI_STATE='kuali.lui.format.offering.state.planned', LUI_TYPE='kuali.lui.type.course.format.offering', MAX_SEATS='', MIN_SEATS='', NAME='Lecture Only', DESCR_PLAIN='Courses with Lecture only', REF_URL='' where ID='bb98a3ed-cf52-4068-bb2d-e3d3179ade28' and VER_NBR=0
/
update KSEN_LUI_IDENT set OBJ_ID='cd43eb8f-4565-4324-9870-546141f34c6d', VER_NBR=1, UPDATEID='admin', UPDATETIME=TIMESTAMP '2014-02-06 10:42:57.361', LUI_CD='', DIVISION='', IDENT_LEVEL='', LNG_NAME='Lecture Only', LUI_ID='bb98a3ed-cf52-4068-bb2d-e3d3179ade28', ORGID='', SHRT_NAME='LEC', LUI_ID_STATE='kuali.lui.identifier.state.active', SUFX_CD='', LUI_ID_TYPE='kuali.lui.identifier.type.official', VARTN='' where ID='4dfff8f3-47cb-4ab4-8e1d-d3a2252f1b04' and VER_NBR=0
/
delete from KSEN_LUI_RELATED_LUI_TYPES where LUI_ID='bb98a3ed-cf52-4068-bb2d-e3d3179ade28'
/
insert into KSEN_LUI_RELATED_LUI_TYPES (LUI_ID, RELATED_LUI_TYPE) values ('bb98a3ed-cf52-4068-bb2d-e3d3179ade28', 'kuali.lui.type.activity.offering.lecture')
/
update KSEN_LUI set OBJ_ID='5601bdfb-1b22-4fce-a1de-009a932e0aab', VER_NBR=1, UPDATEID='admin', UPDATETIME=TIMESTAMP '2014-02-06 10:42:57.361', ATP_ID='kuali.atp.2014Winter', CLU_ID='CLUID-HIST429-200801000000', EFF_DT=TIMESTAMP '2014-01-02 00:00:00.0', EXPIR_DT='', DESCR_FORMATTED='', LUI_STATE='kuali.lui.course.offering.state.planned', LUI_TYPE='kuali.lui.type.course.offering', MAX_SEATS='', MIN_SEATS='', NAME='HIST429G CO', DESCR_PLAIN='.', REF_URL=null where ID='d3c8b8a7-a130-46f3-bbf8-1a9dab619c10' and VER_NBR=0
/
update KSEN_LUI_IDENT set OBJ_ID='47da0b88-7487-4c27-bca3-1693aafac11c', VER_NBR=1, UPDATEID='admin', UPDATETIME=TIMESTAMP '2014-02-06 10:42:57.361', LUI_CD='HIST429G', DIVISION='HIST', IDENT_LEVEL='', LNG_NAME='Special Topics in History', LUI_ID='d3c8b8a7-a130-46f3-bbf8-1a9dab619c10', ORGID='', SHRT_NAME='', LUI_ID_STATE='kuali.lui.identifier.state.active', SUFX_CD='G', LUI_ID_TYPE='kuali.lui.identifier.type.official', VARTN='' where ID='fa349626-2c80-4138-95e4-ec3efbf246ce' and VER_NBR=0
/
update KSEN_LUI_LU_CD set OBJ_ID='d5391059-d638-4860-ba3e-61aeeba63e69', VER_NBR=1, UPDATEID='admin', UPDATETIME=TIMESTAMP '2014-02-06 10:42:57.361', DESCR_FORMATTED='', LUI_ID='d3c8b8a7-a130-46f3-bbf8-1a9dab619c10', DESCR_PLAIN='', LUI_LUCD_TYPE='kuali.lu.code.honorsOffering', VALUE='' where ID='bb4533b9-b6ec-4392-84bf-cdd54b8b16f3' and VER_NBR=0
/
delete from KSEN_LUI_UNITS_CONT_OWNER where LUI_ID='d3c8b8a7-a130-46f3-bbf8-1a9dab619c10'
/
insert into KSEN_LUI_UNITS_CONT_OWNER (LUI_ID, ORG_ID) values ('d3c8b8a7-a130-46f3-bbf8-1a9dab619c10', '3213375036')
/
delete from KSEN_LUI_RESULT_VAL_GRP where LUI_ID='d3c8b8a7-a130-46f3-bbf8-1a9dab619c10'
/
insert into KSEN_LUI_RESULT_VAL_GRP (LUI_ID, RESULT_VAL_GRP_ID) values ('d3c8b8a7-a130-46f3-bbf8-1a9dab619c10', 'kuali.resultComponent.grade.letter')
/
insert into KSEN_LUI_RESULT_VAL_GRP (LUI_ID, RESULT_VAL_GRP_ID) values ('d3c8b8a7-a130-46f3-bbf8-1a9dab619c10', 'kuali.resultComponent.grade.audit')
/
insert into KSEN_LUI_RESULT_VAL_GRP (LUI_ID, RESULT_VAL_GRP_ID) values ('d3c8b8a7-a130-46f3-bbf8-1a9dab619c10', 'kuali.resultComponent.grade.passFail')
/
insert into KSEN_LUI_RESULT_VAL_GRP (LUI_ID, RESULT_VAL_GRP_ID) values ('d3c8b8a7-a130-46f3-bbf8-1a9dab619c10', 'kuali.creditType.credit.degree.3.0')
/
update KSEN_LUI set OBJ_ID='20405d3b-234a-4218-9b90-9add1de37a9c', VER_NBR=1, UPDATEID='admin', UPDATETIME=TIMESTAMP '2014-02-06 10:42:57.361', ATP_ID='kuali.atp.2014Winter', CLU_ID='82a1e5ca-81ac-4a6b-8fc1-5f4cb0000660', EFF_DT='', EXPIR_DT='', DESCR_FORMATTED='Courses with lecture', LUI_STATE='kuali.lui.activity.offering.state.approved', LUI_TYPE='kuali.lui.type.activity.offering.lecture', MAX_SEATS=10, MIN_SEATS=10, NAME='Lecture', DESCR_PLAIN='Courses with lecture', REF_URL=null where ID='2b0fc2e2-b2db-4b13-968d-9f4036471a73' and VER_NBR=0
/
update KSEN_LUI_IDENT set OBJ_ID='7933b676-6059-468c-8d77-d3590d692b94', VER_NBR=1, UPDATEID='admin', UPDATETIME=TIMESTAMP '2014-02-06 10:42:57.361', LUI_CD='A', DIVISION='', IDENT_LEVEL='', LNG_NAME='', LUI_ID='2b0fc2e2-b2db-4b13-968d-9f4036471a73', ORGID='', SHRT_NAME='', LUI_ID_STATE='kuali.lui.identifier.state.active', SUFX_CD='', LUI_ID_TYPE='kuali.lui.identifier.type.official', VARTN='' where ID='cb702da7-738c-4dc9-bda5-99997492b5f7' and VER_NBR=0
/
update KSEN_LUI_LU_CD set OBJ_ID='d03b7c5c-46b5-48bc-9518-2390de0474e7', VER_NBR=1, UPDATEID='admin', UPDATETIME=TIMESTAMP '2014-02-06 10:42:57.361', DESCR_FORMATTED='', LUI_ID='2b0fc2e2-b2db-4b13-968d-9f4036471a73', DESCR_PLAIN='', LUI_LUCD_TYPE='kuali.lu.code.honorsOffering', VALUE=0 where ID='7df0d2d9-adc8-4efc-9a98-4b15916fd4db' and VER_NBR=0
/
update KSEN_LUI set OBJ_ID='557885b5-6bac-487c-93ea-8aaa08c72720', VER_NBR=1, UPDATEID='admin', UPDATETIME=TIMESTAMP '2014-02-06 10:42:57.361', ATP_ID='kuali.atp.2014Winter', CLU_ID='0daac3c5-3477-401a-b7ca-8a1968eab2f7', EFF_DT='', EXPIR_DT='', DESCR_FORMATTED='Courses with Lecture only', LUI_STATE='kuali.lui.format.offering.state.planned', LUI_TYPE='kuali.lui.type.course.format.offering', MAX_SEATS='', MIN_SEATS='', NAME='Lecture Only', DESCR_PLAIN='Courses with Lecture only', REF_URL='' where ID='44286290-add7-423d-832b-d8ead34f10c1' and VER_NBR=0
/
update KSEN_LUI_IDENT set OBJ_ID='3e592fcf-188d-4552-a0c5-b88eedcb004b', VER_NBR=1, UPDATEID='admin', UPDATETIME=TIMESTAMP '2014-02-06 10:42:57.361', LUI_CD='', DIVISION='', IDENT_LEVEL='', LNG_NAME='Lecture Only', LUI_ID='44286290-add7-423d-832b-d8ead34f10c1', ORGID='', SHRT_NAME='LEC', LUI_ID_STATE='kuali.lui.identifier.state.active', SUFX_CD='', LUI_ID_TYPE='kuali.lui.identifier.type.official', VARTN='' where ID='f35b2700-f9a9-4884-be3b-fa0b06cc6c52' and VER_NBR=0
/
delete from KSEN_LUI_RELATED_LUI_TYPES where LUI_ID='44286290-add7-423d-832b-d8ead34f10c1'
/
insert into KSEN_LUI_RELATED_LUI_TYPES (LUI_ID, RELATED_LUI_TYPE) values ('44286290-add7-423d-832b-d8ead34f10c1', 'kuali.lui.type.activity.offering.lecture')
/
update KSEN_LUI set OBJ_ID='665463bd-8b91-44e5-b5f4-88b0a9c9cf35', VER_NBR=1, UPDATEID='admin', UPDATETIME=TIMESTAMP '2014-02-06 10:42:57.361', ATP_ID='kuali.atp.2014Winter', CLU_ID='CLUID-HIST619-198101000000', EFF_DT=TIMESTAMP '2014-01-02 00:00:00.0', EXPIR_DT='', DESCR_FORMATTED='', LUI_STATE='kuali.lui.course.offering.state.planned', LUI_TYPE='kuali.lui.type.course.offering', MAX_SEATS='', MIN_SEATS='', NAME='HIST619A CO', DESCR_PLAIN='.', REF_URL=null where ID='303fba6c-a9c7-4b10-948e-5bea899d7dc6' and VER_NBR=0
/
update KSEN_LUI_IDENT set OBJ_ID='bdf1f239-ff46-4894-b030-8ecc5d06e2a8', VER_NBR=1, UPDATEID='admin', UPDATETIME=TIMESTAMP '2014-02-06 10:42:57.361', LUI_CD='HIST619A', DIVISION='HIST', IDENT_LEVEL='', LNG_NAME='Special Topics in History', LUI_ID='303fba6c-a9c7-4b10-948e-5bea899d7dc6', ORGID='', SHRT_NAME='', LUI_ID_STATE='kuali.lui.identifier.state.active', SUFX_CD='A', LUI_ID_TYPE='kuali.lui.identifier.type.official', VARTN='' where ID='e6320fcc-7807-4bc2-b2a8-406a7bfc6553' and VER_NBR=0
/
update KSEN_LUI_LU_CD set OBJ_ID='52de3467-3b59-4194-ac95-f02831482547', VER_NBR=1, UPDATEID='admin', UPDATETIME=TIMESTAMP '2014-02-06 10:42:57.361', DESCR_FORMATTED='', LUI_ID='303fba6c-a9c7-4b10-948e-5bea899d7dc6', DESCR_PLAIN='', LUI_LUCD_TYPE='kuali.lu.code.honorsOffering', VALUE='' where ID='fdc293c4-c11f-49c1-928d-32f576cf5fe6' and VER_NBR=0
/
delete from KSEN_LUI_UNITS_CONT_OWNER where LUI_ID='303fba6c-a9c7-4b10-948e-5bea899d7dc6'
/
insert into KSEN_LUI_UNITS_CONT_OWNER (LUI_ID, ORG_ID) values ('303fba6c-a9c7-4b10-948e-5bea899d7dc6', '3213375036')
/
delete from KSEN_LUI_RESULT_VAL_GRP where LUI_ID='303fba6c-a9c7-4b10-948e-5bea899d7dc6'
/
insert into KSEN_LUI_RESULT_VAL_GRP (LUI_ID, RESULT_VAL_GRP_ID) values ('303fba6c-a9c7-4b10-948e-5bea899d7dc6', 'kuali.resultComponent.grade.letter')
/
insert into KSEN_LUI_RESULT_VAL_GRP (LUI_ID, RESULT_VAL_GRP_ID) values ('303fba6c-a9c7-4b10-948e-5bea899d7dc6', 'kuali.resultComponent.grade.audit')
/
insert into KSEN_LUI_RESULT_VAL_GRP (LUI_ID, RESULT_VAL_GRP_ID) values ('303fba6c-a9c7-4b10-948e-5bea899d7dc6', 'kuali.creditType.credit.degree.1.0,1.5,2.0,2.5,3.0')
/
update KSEN_LUI set OBJ_ID='062c42d9-fc0a-4503-a99a-50275a169951', VER_NBR=1, UPDATEID='admin', UPDATETIME=TIMESTAMP '2014-02-06 10:43:59.443', ATP_ID='kuali.atp.2014Winter', CLU_ID='ef9d80d1-2429-49b7-af3c-ecadab6eb60f', EFF_DT='', EXPIR_DT='', DESCR_FORMATTED='Courses with lecture', LUI_STATE='kuali.lui.activity.offering.state.approved', LUI_TYPE='kuali.lui.type.activity.offering.lecture', MAX_SEATS=25, MIN_SEATS=25, NAME='Lecture', DESCR_PLAIN='Courses with lecture', REF_URL=null where ID='c9f58383-7171-4217-b9d1-1e3d0a33fb54' and VER_NBR=0
/
update KSEN_LUI_IDENT set OBJ_ID='a9b6c020-2297-4561-9de4-a5ae26590c9c', VER_NBR=1, UPDATEID='admin', UPDATETIME=TIMESTAMP '2014-02-06 10:43:59.443', LUI_CD='A', DIVISION='', IDENT_LEVEL='', LNG_NAME='', LUI_ID='c9f58383-7171-4217-b9d1-1e3d0a33fb54', ORGID='', SHRT_NAME='', LUI_ID_STATE='kuali.lui.identifier.state.active', SUFX_CD='', LUI_ID_TYPE='kuali.lui.identifier.type.official', VARTN='' where ID='b5676713-9c56-49b4-bf61-063870ad798d' and VER_NBR=0
/
update KSEN_LUI_LU_CD set OBJ_ID='81941f15-0153-4667-8d55-0521eed32ef1', VER_NBR=1, UPDATEID='admin', UPDATETIME=TIMESTAMP '2014-02-06 10:43:59.443', DESCR_FORMATTED='', LUI_ID='c9f58383-7171-4217-b9d1-1e3d0a33fb54', DESCR_PLAIN='', LUI_LUCD_TYPE='kuali.lu.code.honorsOffering', VALUE=0 where ID='4bc10db5-d706-42ec-89e0-3ee4603f0567' and VER_NBR=0
/
update KSEN_LUI set OBJ_ID='fccd0e35-3f98-4584-b94e-a748da8a702f', VER_NBR=1, UPDATEID='admin', UPDATETIME=TIMESTAMP '2014-02-06 10:43:59.443', ATP_ID='kuali.atp.2014Winter', CLU_ID='53f70802-c152-40a6-bbc8-51e9c0851622', EFF_DT='', EXPIR_DT='', DESCR_FORMATTED='Courses with Lecture only', LUI_STATE='kuali.lui.format.offering.state.planned', LUI_TYPE='kuali.lui.type.course.format.offering', MAX_SEATS='', MIN_SEATS='', NAME='Lecture Only', DESCR_PLAIN='Courses with Lecture only', REF_URL='' where ID='92cc41d8-c61f-47ca-aa3a-0c5fb91d5060' and VER_NBR=0
/
update KSEN_LUI_IDENT set OBJ_ID='abd77c02-b329-4bde-b48b-942affcd49a6', VER_NBR=1, UPDATEID='admin', UPDATETIME=TIMESTAMP '2014-02-06 10:43:59.443', LUI_CD='', DIVISION='', IDENT_LEVEL='', LNG_NAME='Lecture Only', LUI_ID='92cc41d8-c61f-47ca-aa3a-0c5fb91d5060', ORGID='', SHRT_NAME='LEC', LUI_ID_STATE='kuali.lui.identifier.state.active', SUFX_CD='', LUI_ID_TYPE='kuali.lui.identifier.type.official', VARTN='' where ID='1686d4f2-cff7-488d-b941-52dc9d0f562e' and VER_NBR=0
/
delete from KSEN_LUI_RELATED_LUI_TYPES where LUI_ID='92cc41d8-c61f-47ca-aa3a-0c5fb91d5060'
/
insert into KSEN_LUI_RELATED_LUI_TYPES (LUI_ID, RELATED_LUI_TYPE) values ('92cc41d8-c61f-47ca-aa3a-0c5fb91d5060', 'kuali.lui.type.activity.offering.lecture')
/
update KSEN_LUI set OBJ_ID='8567711e-62b1-4d5b-a051-7b7a4e471ff5', VER_NBR=1, UPDATEID='admin', UPDATETIME=TIMESTAMP '2014-02-06 10:43:59.443', ATP_ID='kuali.atp.2014Winter', CLU_ID='fb83fb33-973f-420d-aa79-252c47bcbf21', EFF_DT=TIMESTAMP '2014-01-02 00:00:00.0', EXPIR_DT='', DESCR_FORMATTED='An examination of women''s creative powers as expressed in selected examples of music, film, art, drama, poetry, fiction, and other literature. Explores women''s creativity in relation to families, religion, education, ethnicity, class, sexuality, and within a cultural tradition shaped by women.', LUI_STATE='kuali.lui.course.offering.state.planned', LUI_TYPE='kuali.lui.type.course.offering', MAX_SEATS='', MIN_SEATS='', NAME='WMST250 CO', DESCR_PLAIN='An examination of women''s creative powers as expressed in selected examples of music, film, art, drama, poetry, fiction, and other literature. Explores women''s creativity in relation to families, religion, education, ethnicity, class, sexuality, and within a cultural tradition shaped by women.', REF_URL=null where ID='05508b3d-3fdc-4763-a6a0-e1c1ba0f91d3' and VER_NBR=0
/
update KSEN_LUI_IDENT set OBJ_ID='ad0cfce9-b785-438d-b36b-819f148e67e8', VER_NBR=1, UPDATEID='admin', UPDATETIME=TIMESTAMP '2014-02-06 10:43:59.443', LUI_CD='WMST250', DIVISION='WMST', IDENT_LEVEL='', LNG_NAME='Introduction to Women''s Studies:  Women, Art and Culture', LUI_ID='05508b3d-3fdc-4763-a6a0-e1c1ba0f91d3', ORGID='', SHRT_NAME='', LUI_ID_STATE='kuali.lui.identifier.state.active', SUFX_CD='', LUI_ID_TYPE='kuali.lui.identifier.type.official', VARTN='' where ID='710c9cec-d4af-4005-a70c-3465e6e5d3d1' and VER_NBR=0
/
update KSEN_LUI_LU_CD set OBJ_ID='a6b71bb4-1dad-4832-9be0-fd4eb5eafd4b', VER_NBR=1, UPDATEID='admin', UPDATETIME=TIMESTAMP '2014-02-06 10:43:59.443', DESCR_FORMATTED='', LUI_ID='05508b3d-3fdc-4763-a6a0-e1c1ba0f91d3', DESCR_PLAIN='', LUI_LUCD_TYPE='kuali.lu.code.honorsOffering', VALUE='' where ID='e79c46b2-0797-4654-af91-69c51e976c04' and VER_NBR=0
/
delete from KSEN_LUI_UNITS_CONT_OWNER where LUI_ID='05508b3d-3fdc-4763-a6a0-e1c1ba0f91d3'
/
insert into KSEN_LUI_UNITS_CONT_OWNER (LUI_ID, ORG_ID) values ('05508b3d-3fdc-4763-a6a0-e1c1ba0f91d3', '4014660630')
/
delete from KSEN_LUI_RESULT_VAL_GRP where LUI_ID='05508b3d-3fdc-4763-a6a0-e1c1ba0f91d3'
/
insert into KSEN_LUI_RESULT_VAL_GRP (LUI_ID, RESULT_VAL_GRP_ID) values ('05508b3d-3fdc-4763-a6a0-e1c1ba0f91d3', 'kuali.resultComponent.grade.letter')
/
insert into KSEN_LUI_RESULT_VAL_GRP (LUI_ID, RESULT_VAL_GRP_ID) values ('05508b3d-3fdc-4763-a6a0-e1c1ba0f91d3', 'kuali.resultComponent.grade.audit')
/
insert into KSEN_LUI_RESULT_VAL_GRP (LUI_ID, RESULT_VAL_GRP_ID) values ('05508b3d-3fdc-4763-a6a0-e1c1ba0f91d3', 'kuali.resultComponent.grade.passFail')
/
insert into KSEN_LUI_RESULT_VAL_GRP (LUI_ID, RESULT_VAL_GRP_ID) values ('05508b3d-3fdc-4763-a6a0-e1c1ba0f91d3', 'kuali.creditType.credit.degree.3.0')
/
update KSEN_LUI set OBJ_ID='b025e0ff-8ba9-43c0-a71f-94400d44ae75', VER_NBR=1, UPDATEID='admin', UPDATETIME=TIMESTAMP '2014-02-06 10:43:59.443', ATP_ID='kuali.atp.2014Winter', CLU_ID='90813efb-60bf-4b2d-90fd-1866376bbffa', EFF_DT='', EXPIR_DT='', DESCR_FORMATTED='Courses with lecture', LUI_STATE='kuali.lui.activity.offering.state.approved', LUI_TYPE='kuali.lui.type.activity.offering.lecture', MAX_SEATS=75, MIN_SEATS=75, NAME='Lecture', DESCR_PLAIN='Courses with lecture', REF_URL=null where ID='91542c71-413f-44d5-bc7e-eaa956e66526' and VER_NBR=0
/
update KSEN_LUI_IDENT set OBJ_ID='2d95c1e5-4ef0-44c4-a6f7-f1dc19223ee7', VER_NBR=1, UPDATEID='admin', UPDATETIME=TIMESTAMP '2014-02-06 10:43:59.443', LUI_CD='A', DIVISION='', IDENT_LEVEL='', LNG_NAME='', LUI_ID='91542c71-413f-44d5-bc7e-eaa956e66526', ORGID='', SHRT_NAME='', LUI_ID_STATE='kuali.lui.identifier.state.active', SUFX_CD='', LUI_ID_TYPE='kuali.lui.identifier.type.official', VARTN='' where ID='ef3c2437-7836-4e94-88b9-d3dd1cbf1c20' and VER_NBR=0
/
update KSEN_LUI_LU_CD set OBJ_ID='1eef387b-3b11-4956-88d0-b9f65c918c1d', VER_NBR=1, UPDATEID='admin', UPDATETIME=TIMESTAMP '2014-02-06 10:43:59.443', DESCR_FORMATTED='', LUI_ID='91542c71-413f-44d5-bc7e-eaa956e66526', DESCR_PLAIN='', LUI_LUCD_TYPE='kuali.lu.code.honorsOffering', VALUE=0 where ID='1ac91e13-7845-4075-99e1-be43f4001848' and VER_NBR=0
/
update KSEN_LUI set OBJ_ID='0bb00f2d-c9c9-4c8a-bf0a-f1b8c47740b6', VER_NBR=1, UPDATEID='admin', UPDATETIME=TIMESTAMP '2014-02-06 10:43:59.443', ATP_ID='kuali.atp.2014Winter', CLU_ID='365c3c5f-8422-4b70-8bd7-949a708229d8', EFF_DT='', EXPIR_DT='', DESCR_FORMATTED='Courses with Lecture only', LUI_STATE='kuali.lui.format.offering.state.planned', LUI_TYPE='kuali.lui.type.course.format.offering', MAX_SEATS='', MIN_SEATS='', NAME='Lecture Only', DESCR_PLAIN='Courses with Lecture only', REF_URL='' where ID='b3871c12-634b-4d54-9faf-499b8686c688' and VER_NBR=0
/
update KSEN_LUI_IDENT set OBJ_ID='c446d0e8-e160-4b4b-bae0-10c331ead367', VER_NBR=1, UPDATEID='admin', UPDATETIME=TIMESTAMP '2014-02-06 10:43:59.443', LUI_CD='', DIVISION='', IDENT_LEVEL='', LNG_NAME='Lecture Only', LUI_ID='b3871c12-634b-4d54-9faf-499b8686c688', ORGID='', SHRT_NAME='LEC', LUI_ID_STATE='kuali.lui.identifier.state.active', SUFX_CD='', LUI_ID_TYPE='kuali.lui.identifier.type.official', VARTN='' where ID='85f391e0-a5dc-4ba0-b7b8-46d5f586bb42' and VER_NBR=0
/
delete from KSEN_LUI_RELATED_LUI_TYPES where LUI_ID='b3871c12-634b-4d54-9faf-499b8686c688'
/
insert into KSEN_LUI_RELATED_LUI_TYPES (LUI_ID, RELATED_LUI_TYPE) values ('b3871c12-634b-4d54-9faf-499b8686c688', 'kuali.lui.type.activity.offering.lecture')
/
update KSEN_LUI set OBJ_ID='e6aeb4da-d108-457c-a28e-dbd78c628f14', VER_NBR=1, UPDATEID='admin', UPDATETIME=TIMESTAMP '2014-02-06 10:43:59.443', ATP_ID='kuali.atp.2014Winter', CLU_ID='CLUID-WMST326-199501000000', EFF_DT=TIMESTAMP '2014-01-02 00:00:00.0', EXPIR_DT='', DESCR_FORMATTED='The biology of the reproductive system with emphasis on mammals and, in particular, on human reproduction. Hormone actions, sperm production, ovulation, sexual differentiation, sexual behavior, contraception, pregnancy, lactation, maternal behavior and menopause.', LUI_STATE='kuali.lui.course.offering.state.planned', LUI_TYPE='kuali.lui.type.course.offering', MAX_SEATS='', MIN_SEATS='', NAME='WMST326 CO', DESCR_PLAIN='The biology of the reproductive system with emphasis on mammals and, in particular, on human reproduction. Hormone actions, sperm production, ovulation, sexual differentiation, sexual behavior, contraception, pregnancy, lactation, maternal behavior and menopause.', REF_URL=null where ID='4fc45d81-e0ce-4025-bf95-73b8eb1d4469' and VER_NBR=0
/
update KSEN_LUI_IDENT set OBJ_ID='46aabca5-d921-4496-a834-0a4f30db9e59', VER_NBR=1, UPDATEID='admin', UPDATETIME=TIMESTAMP '2014-02-06 10:43:59.443', LUI_CD='WMST326', DIVISION='WMST', IDENT_LEVEL='', LNG_NAME='Biology of Reproduction', LUI_ID='4fc45d81-e0ce-4025-bf95-73b8eb1d4469', ORGID='', SHRT_NAME='', LUI_ID_STATE='kuali.lui.identifier.state.active', SUFX_CD='', LUI_ID_TYPE='kuali.lui.identifier.type.official', VARTN='' where ID='728611e6-4d99-4b14-bdda-f09a69cef82a' and VER_NBR=0
/
update KSEN_LUI_LU_CD set OBJ_ID='504816b6-b01e-4ba4-b529-56165d3cea64', VER_NBR=1, UPDATEID='admin', UPDATETIME=TIMESTAMP '2014-02-06 10:43:59.443', DESCR_FORMATTED='', LUI_ID='4fc45d81-e0ce-4025-bf95-73b8eb1d4469', DESCR_PLAIN='', LUI_LUCD_TYPE='kuali.lu.code.honorsOffering', VALUE='' where ID='f08bf3d9-593e-4432-a274-31191d85109f' and VER_NBR=0
/
delete from KSEN_LUI_UNITS_CONT_OWNER where LUI_ID='4fc45d81-e0ce-4025-bf95-73b8eb1d4469'
/
insert into KSEN_LUI_UNITS_CONT_OWNER (LUI_ID, ORG_ID) values ('4fc45d81-e0ce-4025-bf95-73b8eb1d4469', '4014660630')
/
delete from KSEN_LUI_RESULT_VAL_GRP where LUI_ID='4fc45d81-e0ce-4025-bf95-73b8eb1d4469'
/
insert into KSEN_LUI_RESULT_VAL_GRP (LUI_ID, RESULT_VAL_GRP_ID) values ('4fc45d81-e0ce-4025-bf95-73b8eb1d4469', 'kuali.resultComponent.grade.letter')
/
insert into KSEN_LUI_RESULT_VAL_GRP (LUI_ID, RESULT_VAL_GRP_ID) values ('4fc45d81-e0ce-4025-bf95-73b8eb1d4469', 'kuali.resultComponent.grade.audit')
/
insert into KSEN_LUI_RESULT_VAL_GRP (LUI_ID, RESULT_VAL_GRP_ID) values ('4fc45d81-e0ce-4025-bf95-73b8eb1d4469', 'kuali.resultComponent.grade.passFail')
/
insert into KSEN_LUI_RESULT_VAL_GRP (LUI_ID, RESULT_VAL_GRP_ID) values ('4fc45d81-e0ce-4025-bf95-73b8eb1d4469', 'kuali.creditType.credit.degree.3.0')
/
update KSEN_LUI set OBJ_ID='45a11ffe-e28a-41fb-8b50-a46910b15337', VER_NBR=1, UPDATEID='admin', UPDATETIME=TIMESTAMP '2014-02-06 10:43:59.443', ATP_ID='kuali.atp.2014Winter', CLU_ID='0b5c76ff-9f50-41d6-a505-bc39ccba5f8c', EFF_DT='', EXPIR_DT='', DESCR_FORMATTED='Courses with lecture', LUI_STATE='kuali.lui.activity.offering.state.approved', LUI_TYPE='kuali.lui.type.activity.offering.lecture', MAX_SEATS=1, MIN_SEATS='', NAME='Lecture', DESCR_PLAIN='Courses with lecture', REF_URL=null where ID='54ed5416-7190-4da7-8031-103142f250c6' and VER_NBR=0
/
update KSEN_LUI_IDENT set OBJ_ID='30c02e05-acd3-4c81-8a06-8a02422968b7', VER_NBR=1, UPDATEID='admin', UPDATETIME=TIMESTAMP '2014-02-06 10:43:59.443', LUI_CD='A', DIVISION='', IDENT_LEVEL='', LNG_NAME='', LUI_ID='54ed5416-7190-4da7-8031-103142f250c6', ORGID='', SHRT_NAME='', LUI_ID_STATE='kuali.lui.identifier.state.active', SUFX_CD='', LUI_ID_TYPE='kuali.lui.identifier.type.official', VARTN='' where ID='4cba38a3-e26e-4fe3-b3e2-29ca9f760049' and VER_NBR=0
/
update KSEN_LUI_LU_CD set OBJ_ID='68bfab0e-cac3-4097-a6dc-ed2a51d75e2f', VER_NBR=1, UPDATEID='admin', UPDATETIME=TIMESTAMP '2014-02-06 10:43:59.443', DESCR_FORMATTED='', LUI_ID='54ed5416-7190-4da7-8031-103142f250c6', DESCR_PLAIN='', LUI_LUCD_TYPE='kuali.lu.code.honorsOffering', VALUE=0 where ID='50cb7b77-d305-4190-a080-840e43cfbf25' and VER_NBR=0
/
update KSEN_LUI set OBJ_ID='6e6d9460-8bcb-4214-be16-6e45e01f6f42', VER_NBR=1, UPDATEID='admin', UPDATETIME=TIMESTAMP '2014-02-06 10:43:59.443', ATP_ID='kuali.atp.2014Winter', CLU_ID='4f5e5387-81cb-46b6-8b3f-fef5aeb90638', EFF_DT='', EXPIR_DT='', DESCR_FORMATTED='Courses with Lecture only', LUI_STATE='kuali.lui.format.offering.state.planned', LUI_TYPE='kuali.lui.type.course.format.offering', MAX_SEATS='', MIN_SEATS='', NAME='Lecture Only', DESCR_PLAIN='Courses with Lecture only', REF_URL='' where ID='75f3dd4f-8744-41ce-9d18-a90b3b06058f' and VER_NBR=0
/
update KSEN_LUI_IDENT set OBJ_ID='90873298-076f-45c0-bb23-0e3fcd0fe0c1', VER_NBR=1, UPDATEID='admin', UPDATETIME=TIMESTAMP '2014-02-06 10:43:59.443', LUI_CD='', DIVISION='', IDENT_LEVEL='', LNG_NAME='Lecture Only', LUI_ID='75f3dd4f-8744-41ce-9d18-a90b3b06058f', ORGID='', SHRT_NAME='LEC', LUI_ID_STATE='kuali.lui.identifier.state.active', SUFX_CD='', LUI_ID_TYPE='kuali.lui.identifier.type.official', VARTN='' where ID='2b14449e-ae61-4d60-92fc-a985068ac468' and VER_NBR=0
/
delete from KSEN_LUI_RELATED_LUI_TYPES where LUI_ID='75f3dd4f-8744-41ce-9d18-a90b3b06058f'
/
insert into KSEN_LUI_RELATED_LUI_TYPES (LUI_ID, RELATED_LUI_TYPE) values ('75f3dd4f-8744-41ce-9d18-a90b3b06058f', 'kuali.lui.type.activity.offering.lecture')
/
update KSEN_LUI set OBJ_ID='dfb224f4-9587-4bb5-b1ba-5dd62dedd589', VER_NBR=1, UPDATEID='admin', UPDATETIME=TIMESTAMP '2014-02-06 10:43:59.443', ATP_ID='kuali.atp.2014Winter', CLU_ID='CLUID-WMST469-201008000000', EFF_DT=TIMESTAMP '2014-01-02 00:00:00.0', EXPIR_DT='', DESCR_FORMATTED='Special topics course taken as part of an approved study abroad program', LUI_STATE='kuali.lui.course.offering.state.planned', LUI_TYPE='kuali.lui.type.course.offering', MAX_SEATS='', MIN_SEATS='', NAME='WMST469T CO', DESCR_PLAIN='Special topics course taken as part of an approved study abroad program', REF_URL=null where ID='199de9cd-6c17-4ed6-bb57-1263fd0cf830' and VER_NBR=0
/
update KSEN_LUI_IDENT set OBJ_ID='ab79b441-abf1-4bfb-88b4-c2b6ab35709d', VER_NBR=1, UPDATEID='admin', UPDATETIME=TIMESTAMP '2014-02-06 10:43:59.443', LUI_CD='WMST469T', DIVISION='WMST', IDENT_LEVEL='', LNG_NAME='Study Abroad Special Topics IV', LUI_ID='199de9cd-6c17-4ed6-bb57-1263fd0cf830', ORGID='', SHRT_NAME='', LUI_ID_STATE='kuali.lui.identifier.state.active', SUFX_CD='T', LUI_ID_TYPE='kuali.lui.identifier.type.official', VARTN='' where ID='4990fc41-678d-4e88-8c86-1cce71ca17fc' and VER_NBR=0
/
update KSEN_LUI_LU_CD set OBJ_ID='d259e69c-d75d-46b8-8a88-8043e6a8361c', VER_NBR=1, UPDATEID='admin', UPDATETIME=TIMESTAMP '2014-02-06 10:43:59.443', DESCR_FORMATTED='', LUI_ID='199de9cd-6c17-4ed6-bb57-1263fd0cf830', DESCR_PLAIN='', LUI_LUCD_TYPE='kuali.lu.code.honorsOffering', VALUE='' where ID='a21b149b-13c2-44d0-8ef4-d4fe457a1c80' and VER_NBR=0
/
delete from KSEN_LUI_UNITS_CONT_OWNER where LUI_ID='199de9cd-6c17-4ed6-bb57-1263fd0cf830'
/
insert into KSEN_LUI_UNITS_CONT_OWNER (LUI_ID, ORG_ID) values ('199de9cd-6c17-4ed6-bb57-1263fd0cf830', '4014660630')
/
delete from KSEN_LUI_RESULT_VAL_GRP where LUI_ID='199de9cd-6c17-4ed6-bb57-1263fd0cf830'
/
insert into KSEN_LUI_RESULT_VAL_GRP (LUI_ID, RESULT_VAL_GRP_ID) values ('199de9cd-6c17-4ed6-bb57-1263fd0cf830', 'kuali.resultComponent.grade.letter')
/
insert into KSEN_LUI_RESULT_VAL_GRP (LUI_ID, RESULT_VAL_GRP_ID) values ('199de9cd-6c17-4ed6-bb57-1263fd0cf830', 'kuali.resultComponent.grade.audit')
/
insert into KSEN_LUI_RESULT_VAL_GRP (LUI_ID, RESULT_VAL_GRP_ID) values ('199de9cd-6c17-4ed6-bb57-1263fd0cf830', 'kuali.resultComponent.grade.passFail')
/
insert into KSEN_LUI_RESULT_VAL_GRP (LUI_ID, RESULT_VAL_GRP_ID) values ('199de9cd-6c17-4ed6-bb57-1263fd0cf830', 'kuali.creditType.credit.degree.1-6.by.0.5')
/
update KSEN_LUI set OBJ_ID='c7ef680b-05f1-4ca7-ad52-e4f8e42c4ff5', VER_NBR=1, UPDATEID='admin', UPDATETIME=TIMESTAMP '2014-02-06 10:43:59.443', ATP_ID='kuali.atp.2014Winter', CLU_ID='44ad3dfb-8855-4c58-ab14-33afc312293b', EFF_DT='', EXPIR_DT='', DESCR_FORMATTED='Courses with lecture', LUI_STATE='kuali.lui.activity.offering.state.approved', LUI_TYPE='kuali.lui.type.activity.offering.lecture', MAX_SEATS=40, MIN_SEATS=40, NAME='Lecture', DESCR_PLAIN='Courses with lecture', REF_URL=null where ID='5915bd76-1cf9-49f2-836b-6ee9ffc62d3f' and VER_NBR=0
/
update KSEN_LUI_IDENT set OBJ_ID='bf8a2eaf-fd61-45b9-bada-97e315c58be3', VER_NBR=1, UPDATEID='admin', UPDATETIME=TIMESTAMP '2014-02-06 10:43:59.443', LUI_CD='A', DIVISION='', IDENT_LEVEL='', LNG_NAME='', LUI_ID='5915bd76-1cf9-49f2-836b-6ee9ffc62d3f', ORGID='', SHRT_NAME='', LUI_ID_STATE='kuali.lui.identifier.state.active', SUFX_CD='', LUI_ID_TYPE='kuali.lui.identifier.type.official', VARTN='' where ID='69fabd79-e8d9-418a-88a1-fdf1d08e5ee2' and VER_NBR=0
/
update KSEN_LUI_LU_CD set OBJ_ID='5c893fe8-7d83-48c9-a92b-d1843a7da81c', VER_NBR=1, UPDATEID='admin', UPDATETIME=TIMESTAMP '2014-02-06 10:43:59.443', DESCR_FORMATTED='', LUI_ID='5915bd76-1cf9-49f2-836b-6ee9ffc62d3f', DESCR_PLAIN='', LUI_LUCD_TYPE='kuali.lu.code.honorsOffering', VALUE=0 where ID='067231a4-712e-46fb-8aa0-f85036c15820' and VER_NBR=0
/
update KSEN_LUI set OBJ_ID='44d74789-1cc9-4c98-833a-67ef7f7d7b29', VER_NBR=1, UPDATEID='admin', UPDATETIME=TIMESTAMP '2014-02-06 10:43:59.443', ATP_ID='kuali.atp.2014Winter', CLU_ID='4ddd26da-68e3-406f-b62f-1b36beb96f0f', EFF_DT='', EXPIR_DT='', DESCR_FORMATTED='Courses with Lecture only', LUI_STATE='kuali.lui.format.offering.state.planned', LUI_TYPE='kuali.lui.type.course.format.offering', MAX_SEATS='', MIN_SEATS='', NAME='Lecture Only', DESCR_PLAIN='Courses with Lecture only', REF_URL='' where ID='7da7fcd6-51b2-4526-a425-5a5767170e10' and VER_NBR=0
/
update KSEN_LUI_IDENT set OBJ_ID='4e16dbda-e64d-42f2-929c-8e5f60b05c58', VER_NBR=1, UPDATEID='admin', UPDATETIME=TIMESTAMP '2014-02-06 10:43:59.443', LUI_CD='', DIVISION='', IDENT_LEVEL='', LNG_NAME='Lecture Only', LUI_ID='7da7fcd6-51b2-4526-a425-5a5767170e10', ORGID='', SHRT_NAME='LEC', LUI_ID_STATE='kuali.lui.identifier.state.active', SUFX_CD='', LUI_ID_TYPE='kuali.lui.identifier.type.official', VARTN='' where ID='5126dc33-29f9-497e-b3b2-bee3a4a20cdb' and VER_NBR=0
/
delete from KSEN_LUI_RELATED_LUI_TYPES where LUI_ID='7da7fcd6-51b2-4526-a425-5a5767170e10'
/
insert into KSEN_LUI_RELATED_LUI_TYPES (LUI_ID, RELATED_LUI_TYPE) values ('7da7fcd6-51b2-4526-a425-5a5767170e10', 'kuali.lui.type.activity.offering.lecture')
/
update KSEN_LUI set OBJ_ID='770d687f-a8fa-4e71-9deb-457cfc784295', VER_NBR=1, UPDATEID='admin', UPDATETIME=TIMESTAMP '2014-02-06 10:43:59.443', ATP_ID='kuali.atp.2014Winter', CLU_ID='9fb75593-9445-44ce-8d82-53e1634ae52d', EFF_DT=TIMESTAMP '2014-01-02 00:00:00.0', EXPIR_DT='', DESCR_FORMATTED='', LUI_STATE='kuali.lui.course.offering.state.planned', LUI_TYPE='kuali.lui.type.course.offering', MAX_SEATS='', MIN_SEATS='', NAME='WMST498M CO', DESCR_PLAIN='.', REF_URL=null where ID='76779892-5167-478d-9187-e5b7b824c6a9' and VER_NBR=0
/
update KSEN_LUI_IDENT set OBJ_ID='876e9fbf-4758-40b0-b284-bcf1e0cf2381', VER_NBR=1, UPDATEID='admin', UPDATETIME=TIMESTAMP '2014-02-06 10:43:59.443', LUI_CD='WMST498M', DIVISION='WMST', IDENT_LEVEL='', LNG_NAME='Advanced Special Topics in Women''s Studies', LUI_ID='76779892-5167-478d-9187-e5b7b824c6a9', ORGID='', SHRT_NAME='', LUI_ID_STATE='kuali.lui.identifier.state.active', SUFX_CD='M', LUI_ID_TYPE='kuali.lui.identifier.type.official', VARTN='' where ID='2e862515-0a95-4381-8fd9-57b3969227d7' and VER_NBR=0
/
update KSEN_LUI_LU_CD set OBJ_ID='d939c3c4-bc15-41db-bb79-9a91f6cc83c7', VER_NBR=1, UPDATEID='admin', UPDATETIME=TIMESTAMP '2014-02-06 10:43:59.443', DESCR_FORMATTED='', LUI_ID='76779892-5167-478d-9187-e5b7b824c6a9', DESCR_PLAIN='', LUI_LUCD_TYPE='kuali.lu.code.honorsOffering', VALUE='' where ID='7b8c0ca9-aeae-4324-8325-ba28f390a209' and VER_NBR=0
/
delete from KSEN_LUI_UNITS_CONT_OWNER where LUI_ID='76779892-5167-478d-9187-e5b7b824c6a9'
/
insert into KSEN_LUI_UNITS_CONT_OWNER (LUI_ID, ORG_ID) values ('76779892-5167-478d-9187-e5b7b824c6a9', '4014660630')
/
delete from KSEN_LUI_RESULT_VAL_GRP where LUI_ID='76779892-5167-478d-9187-e5b7b824c6a9'
/
insert into KSEN_LUI_RESULT_VAL_GRP (LUI_ID, RESULT_VAL_GRP_ID) values ('76779892-5167-478d-9187-e5b7b824c6a9', 'kuali.resultComponent.grade.letter')
/
insert into KSEN_LUI_RESULT_VAL_GRP (LUI_ID, RESULT_VAL_GRP_ID) values ('76779892-5167-478d-9187-e5b7b824c6a9', 'kuali.resultComponent.grade.audit')
/
insert into KSEN_LUI_RESULT_VAL_GRP (LUI_ID, RESULT_VAL_GRP_ID) values ('76779892-5167-478d-9187-e5b7b824c6a9', 'kuali.resultComponent.grade.passFail')
/
insert into KSEN_LUI_RESULT_VAL_GRP (LUI_ID, RESULT_VAL_GRP_ID) values ('76779892-5167-478d-9187-e5b7b824c6a9', 'kuali.creditType.credit.degree.1.0,1.5,2.0,2.5,3.0')
/
update KSEN_LUI set OBJ_ID='f42061a7-dff8-4092-ac28-0189cb8b1df4', VER_NBR=1, UPDATEID='admin', UPDATETIME=TIMESTAMP '2014-02-06 10:43:59.443', ATP_ID='kuali.atp.2014Winter', CLU_ID='23b9ac95-4555-4d33-a802-97a6206bcd83', EFF_DT='', EXPIR_DT='', DESCR_FORMATTED='Courses with lecture', LUI_STATE='kuali.lui.activity.offering.state.approved', LUI_TYPE='kuali.lui.type.activity.offering.lecture', MAX_SEATS=15, MIN_SEATS=15, NAME='Lecture', DESCR_PLAIN='Courses with lecture', REF_URL=null where ID='245228f6-e6b8-4031-8794-38de26458d26' and VER_NBR=0
/
update KSEN_LUI_IDENT set OBJ_ID='17b20c25-75a3-43e9-82b7-404a018ab081', VER_NBR=1, UPDATEID='admin', UPDATETIME=TIMESTAMP '2014-02-06 10:43:59.443', LUI_CD='A', DIVISION='', IDENT_LEVEL='', LNG_NAME='', LUI_ID='245228f6-e6b8-4031-8794-38de26458d26', ORGID='', SHRT_NAME='', LUI_ID_STATE='kuali.lui.identifier.state.active', SUFX_CD='', LUI_ID_TYPE='kuali.lui.identifier.type.official', VARTN='' where ID='3afc64d8-2413-463d-a680-835b1b0474a2' and VER_NBR=0
/
update KSEN_LUI_LU_CD set OBJ_ID='a0f0316a-c245-435c-ad84-998faedb1950', VER_NBR=1, UPDATEID='admin', UPDATETIME=TIMESTAMP '2014-02-06 10:43:59.443', DESCR_FORMATTED='', LUI_ID='245228f6-e6b8-4031-8794-38de26458d26', DESCR_PLAIN='', LUI_LUCD_TYPE='kuali.lu.code.honorsOffering', VALUE=0 where ID='df25e0cf-bb54-4fee-8d28-9e95b7a10665' and VER_NBR=0
/
update KSEN_LUI set OBJ_ID='abdc7581-7eec-4b6b-b247-d97ba22f4cf4', VER_NBR=1, UPDATEID='admin', UPDATETIME=TIMESTAMP '2014-02-06 10:43:59.443', ATP_ID='kuali.atp.2014Winter', CLU_ID='c0e2e9e4-ef2c-40c1-8a69-6b8a268207c2', EFF_DT='', EXPIR_DT='', DESCR_FORMATTED='Courses with Lecture only', LUI_STATE='kuali.lui.format.offering.state.planned', LUI_TYPE='kuali.lui.type.course.format.offering', MAX_SEATS='', MIN_SEATS='', NAME='Lecture Only', DESCR_PLAIN='Courses with Lecture only', REF_URL='' where ID='21e393c2-910a-4cb7-9b81-5387a43ec610' and VER_NBR=0
/
update KSEN_LUI_IDENT set OBJ_ID='50fa445a-aeb4-4cba-829d-0bc262549205', VER_NBR=1, UPDATEID='admin', UPDATETIME=TIMESTAMP '2014-02-06 10:43:59.443', LUI_CD='', DIVISION='', IDENT_LEVEL='', LNG_NAME='Lecture Only', LUI_ID='21e393c2-910a-4cb7-9b81-5387a43ec610', ORGID='', SHRT_NAME='LEC', LUI_ID_STATE='kuali.lui.identifier.state.active', SUFX_CD='', LUI_ID_TYPE='kuali.lui.identifier.type.official', VARTN='' where ID='d675561f-4963-4853-8772-00ba34cc74e7' and VER_NBR=0
/
delete from KSEN_LUI_RELATED_LUI_TYPES where LUI_ID='21e393c2-910a-4cb7-9b81-5387a43ec610'
/
insert into KSEN_LUI_RELATED_LUI_TYPES (LUI_ID, RELATED_LUI_TYPE) values ('21e393c2-910a-4cb7-9b81-5387a43ec610', 'kuali.lui.type.activity.offering.lecture')
/
update KSEN_LUI set OBJ_ID='742bf137-4b9f-4b76-9d43-a12417f7fad9', VER_NBR=1, UPDATEID='admin', UPDATETIME=TIMESTAMP '2014-02-06 10:43:59.443', ATP_ID='kuali.atp.2014Winter', CLU_ID='CLUID-WMST698-199008000000', EFF_DT=TIMESTAMP '2014-01-02 00:00:00.0', EXPIR_DT='', DESCR_FORMATTED='Advanced worik in selected topics in Women''s Studies.', LUI_STATE='kuali.lui.course.offering.state.planned', LUI_TYPE='kuali.lui.type.course.offering', MAX_SEATS='', MIN_SEATS='', NAME='WMST698R CO', DESCR_PLAIN='Advanced worik in selected topics in Women''s Studies.', REF_URL=null where ID='dc1fce7a-f700-496e-9ee2-dbcc0b7d3fd8' and VER_NBR=0
/
update KSEN_LUI_IDENT set OBJ_ID='7dd1a34c-b413-4144-85d5-686c2fb0ca01', VER_NBR=1, UPDATEID='admin', UPDATETIME=TIMESTAMP '2014-02-06 10:43:59.443', LUI_CD='WMST698R', DIVISION='WMST', IDENT_LEVEL='', LNG_NAME='Special Topics in Women''s Studies', LUI_ID='dc1fce7a-f700-496e-9ee2-dbcc0b7d3fd8', ORGID='', SHRT_NAME='', LUI_ID_STATE='kuali.lui.identifier.state.active', SUFX_CD='R', LUI_ID_TYPE='kuali.lui.identifier.type.official', VARTN='' where ID='eb6e0660-09aa-4e3d-bfe4-32d23d8355c7' and VER_NBR=0
/
update KSEN_LUI_LU_CD set OBJ_ID='c7fdc319-3a64-4000-8616-be7d3e21e4c6', VER_NBR=1, UPDATEID='admin', UPDATETIME=TIMESTAMP '2014-02-06 10:43:59.443', DESCR_FORMATTED='', LUI_ID='dc1fce7a-f700-496e-9ee2-dbcc0b7d3fd8', DESCR_PLAIN='', LUI_LUCD_TYPE='kuali.lu.code.honorsOffering', VALUE='' where ID='279c34de-abe6-4c41-bc32-4a09f65044be' and VER_NBR=0
/
delete from KSEN_LUI_UNITS_CONT_OWNER where LUI_ID='dc1fce7a-f700-496e-9ee2-dbcc0b7d3fd8'
/
insert into KSEN_LUI_UNITS_CONT_OWNER (LUI_ID, ORG_ID) values ('dc1fce7a-f700-496e-9ee2-dbcc0b7d3fd8', '4014660630')
/
delete from KSEN_LUI_RESULT_VAL_GRP where LUI_ID='dc1fce7a-f700-496e-9ee2-dbcc0b7d3fd8'
/
insert into KSEN_LUI_RESULT_VAL_GRP (LUI_ID, RESULT_VAL_GRP_ID) values ('dc1fce7a-f700-496e-9ee2-dbcc0b7d3fd8', 'kuali.resultComponent.grade.letter')
/
insert into KSEN_LUI_RESULT_VAL_GRP (LUI_ID, RESULT_VAL_GRP_ID) values ('dc1fce7a-f700-496e-9ee2-dbcc0b7d3fd8', 'kuali.resultComponent.grade.audit')
/
insert into KSEN_LUI_RESULT_VAL_GRP (LUI_ID, RESULT_VAL_GRP_ID) values ('dc1fce7a-f700-496e-9ee2-dbcc0b7d3fd8', 'kuali.creditType.credit.degree.1.0,1.5,2.0,2.5,3.0')
/
update KSEN_LUI set OBJ_ID='4ff3aad3-8185-4030-885a-ca1ea62735de', VER_NBR=1, UPDATEID='admin', UPDATETIME=TIMESTAMP '2014-02-06 10:43:59.443', ATP_ID='kuali.atp.2014Winter', CLU_ID='62008487-a82a-4149-8660-3a1579a662f6', EFF_DT='', EXPIR_DT='', DESCR_FORMATTED='Courses with lecture', LUI_STATE='kuali.lui.activity.offering.state.approved', LUI_TYPE='kuali.lui.type.activity.offering.lecture', MAX_SEATS=15, MIN_SEATS=15, NAME='Lecture', DESCR_PLAIN='Courses with lecture', REF_URL=null where ID='488a5b52-3a1e-4952-8797-bc65b4d17c70' and VER_NBR=0
/
update KSEN_LUI_IDENT set OBJ_ID='8b58a187-ff7a-4155-bd66-2ec8b9959a11', VER_NBR=1, UPDATEID='admin', UPDATETIME=TIMESTAMP '2014-02-06 10:43:59.443', LUI_CD='B', DIVISION='', IDENT_LEVEL='', LNG_NAME='', LUI_ID='488a5b52-3a1e-4952-8797-bc65b4d17c70', ORGID='', SHRT_NAME='', LUI_ID_STATE='kuali.lui.identifier.state.active', SUFX_CD='', LUI_ID_TYPE='kuali.lui.identifier.type.official', VARTN='' where ID='a92f55ee-a70b-430c-8223-6cee9555f728' and VER_NBR=0
/
update KSEN_LUI_LU_CD set OBJ_ID='250bab86-dc32-4bda-8190-97618549b29e', VER_NBR=1, UPDATEID='admin', UPDATETIME=TIMESTAMP '2014-02-06 10:43:59.443', DESCR_FORMATTED='', LUI_ID='488a5b52-3a1e-4952-8797-bc65b4d17c70', DESCR_PLAIN='', LUI_LUCD_TYPE='kuali.lu.code.honorsOffering', VALUE=0 where ID='45e1cc75-7660-4a7e-b7d5-851cf238e3a8' and VER_NBR=0
/
insert into KSEN_SOC_ATTR (OBJ_ID, ATTR_KEY, OWNER_ID, ATTR_VALUE, ID) values ('4286d4ba-e82e-4cbc-bd63-11b234363983', 'kuali.soc.state.locked', '59BBF768-1CB7-4C50-93AD-C6D92D6DC7A0', '2014-02-06T10:44:36.497-0500', 'c4d8edbf-9359-49d1-9f7e-ab035aceabe4')
/
update KSEN_SOC set OBJ_ID='181AD498-CF85-43A3-AC46-EA023C8751F9', VER_NBR=2, UPDATEID='admin', UPDATETIME=TIMESTAMP '2014-02-06 10:44:36.497', DESCR_FORMATTED='', NAME='', DESCR_PLAIN='', SOC_STATE='kuali.soc.state.locked', SOC_TYPE='kuali.soc.type.main', SUBJECT_AREA='', TERM_ID='kuali.atp.2014Winter', UNITS_CONTENT_OWNER_ID='' where ID='59BBF768-1CB7-4C50-93AD-C6D92D6DC7A0' and VER_NBR=1
/
insert into KSEN_SOC_ATTR (OBJ_ID, ATTR_KEY, OWNER_ID, ATTR_VALUE, ID) values ('6462834d-81ed-4539-aef3-5b625d03702d', 'kuali.soc.scheduling.state.inprogress', '59BBF768-1CB7-4C50-93AD-C6D92D6DC7A0', '2014-02-06T10:44:43.486-0500', 'f2d41b4d-17dc-4fdd-846f-6e98f5a31e83')
/
update KSEN_SOC set OBJ_ID='181AD498-CF85-43A3-AC46-EA023C8751F9', VER_NBR=3, UPDATEID='admin', UPDATETIME=TIMESTAMP '2014-02-06 10:44:43.486', DESCR_FORMATTED='', NAME='', DESCR_PLAIN='', SOC_STATE='kuali.soc.state.locked', SOC_TYPE='kuali.soc.type.main', SUBJECT_AREA='', TERM_ID='kuali.atp.2014Winter', UNITS_CONTENT_OWNER_ID='' where ID='59BBF768-1CB7-4C50-93AD-C6D92D6DC7A0' and VER_NBR=2
/
insert into KSEN_SCHED (OBJ_ID, VER_NBR, CREATEID, CREATETIME, UPDATEID, UPDATETIME, ATP_ID, DESCR_FORMATTED, NAME, DESCR_PLAIN, SCHED_STATE, SCHED_TYPE, ID) values ('ec71f870-b9bb-4efd-bfe6-f219be39dce1', 0, 'admin', TIMESTAMP '2014-02-06 10:44:43.486', 'admin', TIMESTAMP '2014-02-06 10:44:43.486', 'kuali.atp.2014Winter', '', '', '', 'kuali.scheduling.schedule.state.active', 'kuali.scheduling.schedule.type.schedule', 'c863aa17-70c2-49d1-9052-f6e4e07a598e')
/
insert into KSEN_SCHED_CMP (OBJ_ID, TBA_IND, ROOM_ID, SCHED_ID, ID) values ('ae80af37-fbda-4588-9a73-e610637f2f98', 0, '2246d609-9fbb-4d06-b45e-a57ef80539b7', 'c863aa17-70c2-49d1-9052-f6e4e07a598e', '4dc555a7-3079-4735-aca8-1f7a61227baf')
/
insert into KSEN_SCHED_CMP_TMSLOT (SCHED_CMP_ID, TM_SLOT_ID) values ('4dc555a7-3079-4735-aca8-1f7a61227baf', '86B9E87E-9A56-4A42-BC81-2F63583F387B')
/
update KSEN_SCHED_RQST_CMP set OBJ_ID='', TBA_IND=0, SCHED_RQST_ID='7cde03ac-9b06-4d39-aaec-f228cc6c3d51' where ID='ae7703a6-bfe1-430b-9fbc-63c526afe7ba'
/
update KSEN_SCHED_RQST set OBJ_ID='83502328-aa5d-4d8e-93e2-879f3db22f2f', VER_NBR=1, UPDATEID='admin', UPDATETIME=TIMESTAMP '2014-02-06 10:44:43.486', DESCR_FORMATTED='', NAME='Schedule request for CHEM640 - A', DESCR_PLAIN='', SCHED_RQST_STATE='kuali.scheduling.schedule.request.state.created', SCHED_RQST_TYPE='kuali.scheduling.schedule.request.type.schedule.request', SCHED_ID='c863aa17-70c2-49d1-9052-f6e4e07a598e', SCHED_RQST_SET_ID='aaf139d5-a2c7-40d9-9185-d6461ad98369' where ID='7cde03ac-9b06-4d39-aaec-f228cc6c3d51' and VER_NBR=0
/
delete from KSEN_SCHED_RQST_CMP_BLDG where CMP_ID='ae7703a6-bfe1-430b-9fbc-63c526afe7ba'
/
insert into KSEN_SCHED_RQST_CMP_BLDG (CMP_ID, BUILDING_ID) values ('ae7703a6-bfe1-430b-9fbc-63c526afe7ba', '6f2e8f26-95bc-4bb1-a3d0-3206324cad4a')
/
delete from KSEN_SCHED_RQST_CMP_CAMPUS where CMP_ID='ae7703a6-bfe1-430b-9fbc-63c526afe7ba'
/
insert into KSEN_SCHED_RQST_CMP_CAMPUS (CMP_ID, CAMPUS_ID) values ('ae7703a6-bfe1-430b-9fbc-63c526afe7ba', 'UMCP')
/
delete from KSEN_SCHED_RQST_CMP_ROOM where CMP_ID='ae7703a6-bfe1-430b-9fbc-63c526afe7ba'
/
insert into KSEN_SCHED_RQST_CMP_ROOM (CMP_ID, ROOM_ID) values ('ae7703a6-bfe1-430b-9fbc-63c526afe7ba', '2246d609-9fbb-4d06-b45e-a57ef80539b7')
/
delete from KSEN_SCHED_RQST_CMP_TMSLOT where CMP_ID='ae7703a6-bfe1-430b-9fbc-63c526afe7ba'
/
insert into KSEN_SCHED_RQST_CMP_TMSLOT (CMP_ID, TM_SLOT_ID) values ('ae7703a6-bfe1-430b-9fbc-63c526afe7ba', '86B9E87E-9A56-4A42-BC81-2F63583F387B')
/
update KSEN_LUI set OBJ_ID='3e0b8fc5-a7b7-4830-9cbd-878b3254a37d', VER_NBR=2, UPDATEID='admin', UPDATETIME=TIMESTAMP '2014-02-06 10:44:43.486', ATP_ID='kuali.atp.2014Winter', CLU_ID='0843b8ef-6b97-4c97-a26b-11cbfbad831f', EFF_DT='', EXPIR_DT='', DESCR_FORMATTED='Courses with lecture', LUI_STATE='kuali.lui.activity.offering.state.approved', LUI_TYPE='kuali.lui.type.activity.offering.lecture', MAX_SEATS=30, MIN_SEATS=30, NAME='Lecture', DESCR_PLAIN='Courses with lecture', REF_URL=null where ID='d1754b4c-8254-441f-9752-a008ee4ef3a7' and VER_NBR=1
/
update KSEN_LUI_IDENT set OBJ_ID='ea102bbf-9a8c-4f7b-80d4-847974434cde', VER_NBR=2, UPDATEID='admin', UPDATETIME=TIMESTAMP '2014-02-06 10:44:43.486', LUI_CD='A', DIVISION='', IDENT_LEVEL='', LNG_NAME='', LUI_ID='d1754b4c-8254-441f-9752-a008ee4ef3a7', ORGID='', SHRT_NAME='', LUI_ID_STATE='kuali.lui.identifier.state.active', SUFX_CD='', LUI_ID_TYPE='kuali.lui.identifier.type.official', VARTN='' where ID='6e69034b-360f-419f-81cb-f77a350a814a' and VER_NBR=1
/
update KSEN_LUI_LU_CD set OBJ_ID='130cb85c-2a35-461e-9faf-123427309962', VER_NBR=2, UPDATEID='admin', UPDATETIME=TIMESTAMP '2014-02-06 10:44:43.486', DESCR_FORMATTED='', LUI_ID='d1754b4c-8254-441f-9752-a008ee4ef3a7', DESCR_PLAIN='', LUI_LUCD_TYPE='kuali.lu.code.honorsOffering', VALUE=0 where ID='1c136474-b907-41e6-a97a-c0dc1153b186' and VER_NBR=1
/
insert into KSEN_LUI_SCHEDULE (LUI_ID, SCHED_ID) values ('d1754b4c-8254-441f-9752-a008ee4ef3a7', 'c863aa17-70c2-49d1-9052-f6e4e07a598e')
/
update KSEN_LPR set OBJ_ID='e9aeb8f7-c1e1-4fd6-9348-b7dd6656a675', VER_NBR=1, UPDATEID='admin', UPDATETIME=TIMESTAMP '2014-02-06 10:44:43.486', ATP_ID='', COMMIT_PERCT='100.00', CREDITS='', EFF_DT=TIMESTAMP '2014-02-06 10:44:45.398', EXPIR_DT='', GRADING_OPT_ID='', LUI_ID='d1754b4c-8254-441f-9752-a008ee4ef3a7', MASTER_LUI_ID='', PERS_ID='R.JULIEP', LPR_STATE='kuali.lpr.state.active', LPR_TYPE='kuali.lpr.type.instructor.main' where ID='77db84c4-2a30-4f58-b161-b8a27149fa06' and VER_NBR=0
/
insert into KSEN_SCHED (OBJ_ID, VER_NBR, CREATEID, CREATETIME, UPDATEID, UPDATETIME, ATP_ID, DESCR_FORMATTED, NAME, DESCR_PLAIN, SCHED_STATE, SCHED_TYPE, ID) values ('bb920fef-f83c-4111-a03f-5bd5a353d198', 0, 'admin', TIMESTAMP '2014-02-06 10:44:43.486', 'admin', TIMESTAMP '2014-02-06 10:44:43.486', 'kuali.atp.2014Winter', '', '', '', 'kuali.scheduling.schedule.state.active', 'kuali.scheduling.schedule.type.schedule', 'b3dfe465-5704-4965-8bee-66f64f506922')
/
insert into KSEN_SCHED_CMP (OBJ_ID, TBA_IND, ROOM_ID, SCHED_ID, ID) values ('fa0443c1-156e-4329-bc66-397b4530b18b', 0, '000134ee-051b-403a-940e-eff45c3a987b', 'b3dfe465-5704-4965-8bee-66f64f506922', '99ff41cd-e333-443e-9cc4-dd66d8dc7b9f')
/
insert into KSEN_SCHED_CMP_TMSLOT (SCHED_CMP_ID, TM_SLOT_ID) values ('99ff41cd-e333-443e-9cc4-dd66d8dc7b9f', 'B1E89493-F841-4FC9-B415-96BA42FC42C6')
/
update KSEN_SCHED_RQST_CMP set OBJ_ID='', TBA_IND=0, SCHED_RQST_ID='f60ea31e-bdcd-4248-8c21-b3dc0416e59d' where ID='a54d1dd0-8d81-48db-aff5-0e8e5b5077a0'
/
update KSEN_SCHED_RQST set OBJ_ID='66195790-e9ef-45ec-909e-1c1a6948e463', VER_NBR=2, UPDATEID='admin', UPDATETIME=TIMESTAMP '2014-02-06 10:44:43.486', DESCR_FORMATTED='', NAME='Schedule request for CHEM277 - D', DESCR_PLAIN='', SCHED_RQST_STATE='kuali.scheduling.schedule.request.state.created', SCHED_RQST_TYPE='kuali.scheduling.schedule.request.type.schedule.request', SCHED_ID='b3dfe465-5704-4965-8bee-66f64f506922', SCHED_RQST_SET_ID='aecbe27d-3848-4287-8c16-79a53affe09b' where ID='f60ea31e-bdcd-4248-8c21-b3dc0416e59d' and VER_NBR=1
/
delete from KSEN_SCHED_RQST_CMP_ROOM where CMP_ID='a54d1dd0-8d81-48db-aff5-0e8e5b5077a0'
/
insert into KSEN_SCHED_RQST_CMP_ROOM (CMP_ID, ROOM_ID) values ('a54d1dd0-8d81-48db-aff5-0e8e5b5077a0', '000134ee-051b-403a-940e-eff45c3a987b')
/
delete from KSEN_SCHED_RQST_CMP_TMSLOT where CMP_ID='a54d1dd0-8d81-48db-aff5-0e8e5b5077a0'
/
insert into KSEN_SCHED_RQST_CMP_TMSLOT (CMP_ID, TM_SLOT_ID) values ('a54d1dd0-8d81-48db-aff5-0e8e5b5077a0', 'B1E89493-F841-4FC9-B415-96BA42FC42C6')
/
update KSEN_LUI set OBJ_ID='7a0c4a59-188c-4ef3-a49a-1a0054a31215', VER_NBR=2, UPDATEID='admin', UPDATETIME=TIMESTAMP '2014-02-06 10:44:43.486', ATP_ID='kuali.atp.2014Winter', CLU_ID='ef2963d7-9647-4ce7-ac63-9523204dd654', EFF_DT='', EXPIR_DT='', DESCR_FORMATTED='Courses with lecture', LUI_STATE='kuali.lui.activity.offering.state.approved', LUI_TYPE='kuali.lui.type.activity.offering.lecture', MAX_SEATS=48, MIN_SEATS=48, NAME='Lecture', DESCR_PLAIN='Courses with lecture', REF_URL=null where ID='25670acd-78ce-4cb6-a1df-38b49d8fb248' and VER_NBR=1
/
update KSEN_LUI_IDENT set OBJ_ID='b28b95ff-b681-49f8-a88d-b6ade631d6d8', VER_NBR=2, UPDATEID='admin', UPDATETIME=TIMESTAMP '2014-02-06 10:44:43.486', LUI_CD='D', DIVISION='', IDENT_LEVEL='', LNG_NAME='', LUI_ID='25670acd-78ce-4cb6-a1df-38b49d8fb248', ORGID='', SHRT_NAME='', LUI_ID_STATE='kuali.lui.identifier.state.active', SUFX_CD='', LUI_ID_TYPE='kuali.lui.identifier.type.official', VARTN='' where ID='3c76b744-0e08-4a43-a9a4-8cd3275227cb' and VER_NBR=1
/
update KSEN_LUI_LU_CD set OBJ_ID='2f022f46-8696-4478-8db4-c929a4b90d89', VER_NBR=2, UPDATEID='admin', UPDATETIME=TIMESTAMP '2014-02-06 10:44:43.486', DESCR_FORMATTED='', LUI_ID='25670acd-78ce-4cb6-a1df-38b49d8fb248', DESCR_PLAIN='', LUI_LUCD_TYPE='kuali.lu.code.honorsOffering', VALUE=0 where ID='2c412a3a-ec95-4fa2-9cf5-e800c8959b66' and VER_NBR=1
/
insert into KSEN_LUI_SCHEDULE (LUI_ID, SCHED_ID) values ('25670acd-78ce-4cb6-a1df-38b49d8fb248', 'b3dfe465-5704-4965-8bee-66f64f506922')
/
update KSEN_LPR set OBJ_ID='95acea11-a036-4561-b681-e0b02811f2be', VER_NBR=1, UPDATEID='admin', UPDATETIME=TIMESTAMP '2014-02-06 10:44:43.486', ATP_ID='', COMMIT_PERCT='100.00', CREDITS='', EFF_DT=TIMESTAMP '2014-02-06 10:44:46.41', EXPIR_DT='', GRADING_OPT_ID='', LUI_ID='25670acd-78ce-4cb6-a1df-38b49d8fb248', MASTER_LUI_ID='', PERS_ID='W.TIMOTHYC', LPR_STATE='kuali.lpr.state.active', LPR_TYPE='kuali.lpr.type.instructor.main' where ID='66a72539-8dc0-40a9-97d4-3001da736b34' and VER_NBR=0
/
insert into KSEN_SCHED (OBJ_ID, VER_NBR, CREATEID, CREATETIME, UPDATEID, UPDATETIME, ATP_ID, DESCR_FORMATTED, NAME, DESCR_PLAIN, SCHED_STATE, SCHED_TYPE, ID) values ('f79dd4ec-4fbb-4cf9-98f2-ee7636c52582', 0, 'admin', TIMESTAMP '2014-02-06 10:44:43.486', 'admin', TIMESTAMP '2014-02-06 10:44:43.486', 'kuali.atp.2014Winter', '', '', '', 'kuali.scheduling.schedule.state.active', 'kuali.scheduling.schedule.type.schedule', '4c7cb1cb-8004-4220-acf4-b0dedbdad15c')
/
insert into KSEN_SCHED_CMP (OBJ_ID, TBA_IND, ROOM_ID, SCHED_ID, ID) values ('c98d8dca-7ee8-4aeb-99ff-b4e841af6aab', 0, '5fcaeba7-a010-40dc-a069-568c197f0809', '4c7cb1cb-8004-4220-acf4-b0dedbdad15c', 'b0b9ff38-c886-4ef0-8162-a2c3a1f3fff4')
/
insert into KSEN_SCHED_CMP_TMSLOT (SCHED_CMP_ID, TM_SLOT_ID) values ('b0b9ff38-c886-4ef0-8162-a2c3a1f3fff4', '9CE29948-5A4B-4E03-A065-40BF27861CDE')
/
update KSEN_SCHED_RQST_CMP set OBJ_ID='', TBA_IND=0, SCHED_RQST_ID='a924ca54-af7a-490f-ba58-e2a9144f7e76' where ID='d737d2c3-a1d2-4cdc-ad23-7b1936ade58f'
/
update KSEN_SCHED_RQST set OBJ_ID='27b06f87-540c-48d5-91a7-c2b0a68586d4', VER_NBR=2, UPDATEID='admin', UPDATETIME=TIMESTAMP '2014-02-06 10:44:43.486', DESCR_FORMATTED='', NAME='Schedule request for CHEM277 - F', DESCR_PLAIN='', SCHED_RQST_STATE='kuali.scheduling.schedule.request.state.created', SCHED_RQST_TYPE='kuali.scheduling.schedule.request.type.schedule.request', SCHED_ID='4c7cb1cb-8004-4220-acf4-b0dedbdad15c', SCHED_RQST_SET_ID='d3370682-f71e-4fc4-8d89-cad4ae7d2dd0' where ID='a924ca54-af7a-490f-ba58-e2a9144f7e76' and VER_NBR=1
/
delete from KSEN_SCHED_RQST_CMP_ROOM where CMP_ID='d737d2c3-a1d2-4cdc-ad23-7b1936ade58f'
/
insert into KSEN_SCHED_RQST_CMP_ROOM (CMP_ID, ROOM_ID) values ('d737d2c3-a1d2-4cdc-ad23-7b1936ade58f', '5fcaeba7-a010-40dc-a069-568c197f0809')
/
delete from KSEN_SCHED_RQST_CMP_TMSLOT where CMP_ID='d737d2c3-a1d2-4cdc-ad23-7b1936ade58f'
/
insert into KSEN_SCHED_RQST_CMP_TMSLOT (CMP_ID, TM_SLOT_ID) values ('d737d2c3-a1d2-4cdc-ad23-7b1936ade58f', '9CE29948-5A4B-4E03-A065-40BF27861CDE')
/
update KSEN_LUI set OBJ_ID='d419624a-1c4d-4708-9fbf-c2e932de7711', VER_NBR=2, UPDATEID='admin', UPDATETIME=TIMESTAMP '2014-02-06 10:44:43.486', ATP_ID='kuali.atp.2014Winter', CLU_ID='6138a014-70d6-4716-a817-d096d4c79371', EFF_DT='', EXPIR_DT='', DESCR_FORMATTED='Courses with lab', LUI_STATE='kuali.lui.activity.offering.state.approved', LUI_TYPE='kuali.lui.type.activity.offering.lab', MAX_SEATS=24, MIN_SEATS=24, NAME='Lab', DESCR_PLAIN='Courses with lab', REF_URL=null where ID='301d5a33-c0b0-43ec-8eca-8d42fdcd540c' and VER_NBR=1
/
update KSEN_LUI_IDENT set OBJ_ID='fcee7858-b5fe-4757-a86e-f61ed82581c1', VER_NBR=2, UPDATEID='admin', UPDATETIME=TIMESTAMP '2014-02-06 10:44:43.486', LUI_CD='F', DIVISION='', IDENT_LEVEL='', LNG_NAME='', LUI_ID='301d5a33-c0b0-43ec-8eca-8d42fdcd540c', ORGID='', SHRT_NAME='', LUI_ID_STATE='kuali.lui.identifier.state.active', SUFX_CD='', LUI_ID_TYPE='kuali.lui.identifier.type.official', VARTN='' where ID='1713f705-b738-4fe8-9fe2-8727fd387591' and VER_NBR=1
/
update KSEN_LUI_LU_CD set OBJ_ID='400e269d-2233-494f-ab22-87ffe8f1b24e', VER_NBR=2, UPDATEID='admin', UPDATETIME=TIMESTAMP '2014-02-06 10:44:43.486', DESCR_FORMATTED='', LUI_ID='301d5a33-c0b0-43ec-8eca-8d42fdcd540c', DESCR_PLAIN='', LUI_LUCD_TYPE='kuali.lu.code.honorsOffering', VALUE=0 where ID='8893c511-79b7-4e98-a00c-e03157fb0565' and VER_NBR=1
/
insert into KSEN_LUI_SCHEDULE (LUI_ID, SCHED_ID) values ('301d5a33-c0b0-43ec-8eca-8d42fdcd540c', '4c7cb1cb-8004-4220-acf4-b0dedbdad15c')
/
update KSEN_LPR set OBJ_ID='8851dca1-11ef-4ee4-a7e9-d4dac85a2aad', VER_NBR=1, UPDATEID='admin', UPDATETIME=TIMESTAMP '2014-02-06 10:44:43.486', ATP_ID='', COMMIT_PERCT='100.00', CREDITS='', EFF_DT=TIMESTAMP '2014-02-06 10:44:47.341', EXPIR_DT='', GRADING_OPT_ID='', LUI_ID='301d5a33-c0b0-43ec-8eca-8d42fdcd540c', MASTER_LUI_ID='', PERS_ID='J.JRH', LPR_STATE='kuali.lpr.state.tentative', LPR_TYPE='kuali.lpr.type.instructor.main' where ID='4ccf6e9b-abaf-480b-8ed5-6c284d9b8478' and VER_NBR=0
/
insert into KSEN_SCHED (OBJ_ID, VER_NBR, CREATEID, CREATETIME, UPDATEID, UPDATETIME, ATP_ID, DESCR_FORMATTED, NAME, DESCR_PLAIN, SCHED_STATE, SCHED_TYPE, ID) values ('514a6aa8-1810-4c51-89f1-a55430519285', 0, 'admin', TIMESTAMP '2014-02-06 10:44:43.486', 'admin', TIMESTAMP '2014-02-06 10:44:43.486', 'kuali.atp.2014Winter', '', '', '', 'kuali.scheduling.schedule.state.active', 'kuali.scheduling.schedule.type.schedule', '4c54cb42-3268-48b6-98f1-01be021a3b7c')
/
insert into KSEN_SCHED_CMP (OBJ_ID, TBA_IND, ROOM_ID, SCHED_ID, ID) values ('b37747c9-7f26-438f-9c7e-fc008a930a00', 0, '5fcaeba7-a010-40dc-a069-568c197f0809', '4c54cb42-3268-48b6-98f1-01be021a3b7c', '7fcfec3a-0954-415c-b7b0-7c78ea52ceaf')
/
insert into KSEN_SCHED_CMP_TMSLOT (SCHED_CMP_ID, TM_SLOT_ID) values ('7fcfec3a-0954-415c-b7b0-7c78ea52ceaf', '9CE29948-5A4B-4E03-A065-40BF27861CDE')
/
update KSEN_SCHED_RQST_CMP set OBJ_ID='', TBA_IND=0, SCHED_RQST_ID='f72a935b-aba3-4c6d-b7a8-5b75bccd3bfa' where ID='d31d320d-c766-4000-a20e-4328aeedb778'
/
update KSEN_SCHED_RQST set OBJ_ID='3fffeaf3-8dc8-4d36-b593-ad5547dd5fd3', VER_NBR=2, UPDATEID='admin', UPDATETIME=TIMESTAMP '2014-02-06 10:44:43.486', DESCR_FORMATTED='', NAME='Schedule request for CHEM277 - B', DESCR_PLAIN='', SCHED_RQST_STATE='kuali.scheduling.schedule.request.state.created', SCHED_RQST_TYPE='kuali.scheduling.schedule.request.type.schedule.request', SCHED_ID='4c54cb42-3268-48b6-98f1-01be021a3b7c', SCHED_RQST_SET_ID='d42b67f9-52aa-403b-b3ba-05f6b1fbff50' where ID='f72a935b-aba3-4c6d-b7a8-5b75bccd3bfa' and VER_NBR=1
/
delete from KSEN_SCHED_RQST_CMP_BLDG where CMP_ID='d31d320d-c766-4000-a20e-4328aeedb778'
/
insert into KSEN_SCHED_RQST_CMP_BLDG (CMP_ID, BUILDING_ID) values ('d31d320d-c766-4000-a20e-4328aeedb778', '6f2e8f26-95bc-4bb1-a3d0-3206324cad4a')
/
delete from KSEN_SCHED_RQST_CMP_CAMPUS where CMP_ID='d31d320d-c766-4000-a20e-4328aeedb778'
/
insert into KSEN_SCHED_RQST_CMP_CAMPUS (CMP_ID, CAMPUS_ID) values ('d31d320d-c766-4000-a20e-4328aeedb778', 'UMCP')
/
delete from KSEN_SCHED_RQST_CMP_ROOM where CMP_ID='d31d320d-c766-4000-a20e-4328aeedb778'
/
insert into KSEN_SCHED_RQST_CMP_ROOM (CMP_ID, ROOM_ID) values ('d31d320d-c766-4000-a20e-4328aeedb778', '5fcaeba7-a010-40dc-a069-568c197f0809')
/
delete from KSEN_SCHED_RQST_CMP_TMSLOT where CMP_ID='d31d320d-c766-4000-a20e-4328aeedb778'
/
insert into KSEN_SCHED_RQST_CMP_TMSLOT (CMP_ID, TM_SLOT_ID) values ('d31d320d-c766-4000-a20e-4328aeedb778', '9CE29948-5A4B-4E03-A065-40BF27861CDE')
/
update KSEN_LUI set OBJ_ID='eb1d7e2e-36a1-416f-9dd4-5d3ac940e604', VER_NBR=2, UPDATEID='admin', UPDATETIME=TIMESTAMP '2014-02-06 10:44:43.486', ATP_ID='kuali.atp.2014Winter', CLU_ID='9b0d7d87-31ec-498b-bfe4-31a4f1e92021', EFF_DT='', EXPIR_DT='', DESCR_FORMATTED='Courses with lab', LUI_STATE='kuali.lui.activity.offering.state.approved', LUI_TYPE='kuali.lui.type.activity.offering.lab', MAX_SEATS=20, MIN_SEATS=24, NAME='Lab', DESCR_PLAIN='Courses with lab', REF_URL=null where ID='3f2b35c3-3d19-4b90-ae31-8fdc4b8e8b49' and VER_NBR=1
/
update KSEN_LUI_IDENT set OBJ_ID='f04d35b0-6ec4-4037-b773-774aef54685d', VER_NBR=2, UPDATEID='admin', UPDATETIME=TIMESTAMP '2014-02-06 10:44:43.486', LUI_CD='B', DIVISION='', IDENT_LEVEL='', LNG_NAME='', LUI_ID='3f2b35c3-3d19-4b90-ae31-8fdc4b8e8b49', ORGID='', SHRT_NAME='', LUI_ID_STATE='kuali.lui.identifier.state.active', SUFX_CD='', LUI_ID_TYPE='kuali.lui.identifier.type.official', VARTN='' where ID='0114e517-5fd8-4bce-89a7-fc29bc63f861' and VER_NBR=1
/
update KSEN_LUI_LU_CD set OBJ_ID='7a8f3b02-d25d-4193-b4da-c82b00ea8940', VER_NBR=2, UPDATEID='admin', UPDATETIME=TIMESTAMP '2014-02-06 10:44:43.486', DESCR_FORMATTED='', LUI_ID='3f2b35c3-3d19-4b90-ae31-8fdc4b8e8b49', DESCR_PLAIN='', LUI_LUCD_TYPE='kuali.lu.code.honorsOffering', VALUE=0 where ID='f2394422-349d-4fb5-9be7-73a9a14a0639' and VER_NBR=1
/
insert into KSEN_LUI_SCHEDULE (LUI_ID, SCHED_ID) values ('3f2b35c3-3d19-4b90-ae31-8fdc4b8e8b49', '4c54cb42-3268-48b6-98f1-01be021a3b7c')
/
update KSEN_LPR set OBJ_ID='7630b758-4abe-49f6-b40a-f65eb2776fdf', VER_NBR=1, UPDATEID='admin', UPDATETIME=TIMESTAMP '2014-02-06 10:44:43.486', ATP_ID='', COMMIT_PERCT='100.00', CREDITS='', EFF_DT=TIMESTAMP '2014-02-06 10:44:47.757', EXPIR_DT='', GRADING_OPT_ID='', LUI_ID='3f2b35c3-3d19-4b90-ae31-8fdc4b8e8b49', MASTER_LUI_ID='', PERS_ID='J.JRH', LPR_STATE='kuali.lpr.state.active', LPR_TYPE='kuali.lpr.type.instructor.main' where ID='c1504167-8446-4553-a8be-8be05f0c8a49' and VER_NBR=0
/
insert into KSEN_SCHED (OBJ_ID, VER_NBR, CREATEID, CREATETIME, UPDATEID, UPDATETIME, ATP_ID, DESCR_FORMATTED, NAME, DESCR_PLAIN, SCHED_STATE, SCHED_TYPE, ID) values ('f92d77ab-50e2-421a-90f2-fee70ba4301c', 0, 'admin', TIMESTAMP '2014-02-06 10:44:43.486', 'admin', TIMESTAMP '2014-02-06 10:44:43.486', 'kuali.atp.2014Winter', '', '', '', 'kuali.scheduling.schedule.state.active', 'kuali.scheduling.schedule.type.schedule', 'dc25ab1a-7122-4c11-a034-9edcf6ada18b')
/
insert into KSEN_SCHED_CMP (OBJ_ID, TBA_IND, ROOM_ID, SCHED_ID, ID) values ('c06f1a2a-763d-410c-a8da-9e7bbd0c339a', 0, '5fcaeba7-a010-40dc-a069-568c197f0809', 'dc25ab1a-7122-4c11-a034-9edcf6ada18b', 'a2fc8e49-9e30-492f-b865-07eea9db4e42')
/
insert into KSEN_SCHED_CMP_TMSLOT (SCHED_CMP_ID, TM_SLOT_ID) values ('a2fc8e49-9e30-492f-b865-07eea9db4e42', 'B095DAC8-1848-4966-BB2C-4691F505BCD4')
/
update KSEN_SCHED_RQST_CMP set OBJ_ID='', TBA_IND=0, SCHED_RQST_ID='d9e68e16-2037-4458-9e7f-2670b284d6a8' where ID='72713f72-c33c-48c9-a2cf-1b19b28aa22e'
/
update KSEN_SCHED_RQST set OBJ_ID='7affefb2-e72d-40a8-8fd4-f10315317764', VER_NBR=1, UPDATEID='admin', UPDATETIME=TIMESTAMP '2014-02-06 10:44:43.486', DESCR_FORMATTED='', NAME='Schedule reqeust for CHEM277 - C', DESCR_PLAIN='', SCHED_RQST_STATE='kuali.scheduling.schedule.request.state.created', SCHED_RQST_TYPE='kuali.scheduling.schedule.request.type.schedule.request', SCHED_ID='dc25ab1a-7122-4c11-a034-9edcf6ada18b', SCHED_RQST_SET_ID='38b6b9a2-231e-4e40-97b1-2b3a8c96ddea' where ID='d9e68e16-2037-4458-9e7f-2670b284d6a8' and VER_NBR=0
/
delete from KSEN_SCHED_RQST_CMP_BLDG where CMP_ID='72713f72-c33c-48c9-a2cf-1b19b28aa22e'
/
insert into KSEN_SCHED_RQST_CMP_BLDG (CMP_ID, BUILDING_ID) values ('72713f72-c33c-48c9-a2cf-1b19b28aa22e', '6f2e8f26-95bc-4bb1-a3d0-3206324cad4a')
/
delete from KSEN_SCHED_RQST_CMP_CAMPUS where CMP_ID='72713f72-c33c-48c9-a2cf-1b19b28aa22e'
/
insert into KSEN_SCHED_RQST_CMP_CAMPUS (CMP_ID, CAMPUS_ID) values ('72713f72-c33c-48c9-a2cf-1b19b28aa22e', 'UMCP')
/
delete from KSEN_SCHED_RQST_CMP_ROOM where CMP_ID='72713f72-c33c-48c9-a2cf-1b19b28aa22e'
/
insert into KSEN_SCHED_RQST_CMP_ROOM (CMP_ID, ROOM_ID) values ('72713f72-c33c-48c9-a2cf-1b19b28aa22e', '5fcaeba7-a010-40dc-a069-568c197f0809')
/
delete from KSEN_SCHED_RQST_CMP_TMSLOT where CMP_ID='72713f72-c33c-48c9-a2cf-1b19b28aa22e'
/
insert into KSEN_SCHED_RQST_CMP_TMSLOT (CMP_ID, TM_SLOT_ID) values ('72713f72-c33c-48c9-a2cf-1b19b28aa22e', 'B095DAC8-1848-4966-BB2C-4691F505BCD4')
/
update KSEN_LUI set OBJ_ID='3dcf6961-cd3d-44a8-b1e4-a6ea7173f5da', VER_NBR=2, UPDATEID='admin', UPDATETIME=TIMESTAMP '2014-02-06 10:44:43.486', ATP_ID='kuali.atp.2014Winter', CLU_ID='6138a014-70d6-4716-a817-d096d4c79371', EFF_DT='', EXPIR_DT='', DESCR_FORMATTED='Courses with lab', LUI_STATE='kuali.lui.activity.offering.state.approved', LUI_TYPE='kuali.lui.type.activity.offering.lab', MAX_SEATS=24, MIN_SEATS=24, NAME='Lab', DESCR_PLAIN='Courses with lab', REF_URL=null where ID='642b0242-f6f8-4ee7-85fa-636374ca1358' and VER_NBR=1
/
update KSEN_LUI_IDENT set OBJ_ID='761f314f-f113-488e-933e-9aecd6bf191d', VER_NBR=2, UPDATEID='admin', UPDATETIME=TIMESTAMP '2014-02-06 10:44:43.486', LUI_CD='C', DIVISION='', IDENT_LEVEL='', LNG_NAME='', LUI_ID='642b0242-f6f8-4ee7-85fa-636374ca1358', ORGID='', SHRT_NAME='', LUI_ID_STATE='kuali.lui.identifier.state.active', SUFX_CD='', LUI_ID_TYPE='kuali.lui.identifier.type.official', VARTN='' where ID='812904a3-6736-4e35-8121-caabd35400e4' and VER_NBR=1
/
update KSEN_LUI_LU_CD set OBJ_ID='2dcbbed7-2ff8-4475-a62f-34cacabf80ab', VER_NBR=2, UPDATEID='admin', UPDATETIME=TIMESTAMP '2014-02-06 10:44:43.486', DESCR_FORMATTED='', LUI_ID='642b0242-f6f8-4ee7-85fa-636374ca1358', DESCR_PLAIN='', LUI_LUCD_TYPE='kuali.lu.code.honorsOffering', VALUE=0 where ID='c1fd20b5-31ea-45d4-a797-65d5dd159866' and VER_NBR=1
/
insert into KSEN_LUI_SCHEDULE (LUI_ID, SCHED_ID) values ('642b0242-f6f8-4ee7-85fa-636374ca1358', 'dc25ab1a-7122-4c11-a034-9edcf6ada18b')
/
update KSEN_LPR set OBJ_ID='527c207e-774c-43c6-8ae2-08e4ac6d77b5', VER_NBR=1, UPDATEID='admin', UPDATETIME=TIMESTAMP '2014-02-06 10:44:43.486', ATP_ID='', COMMIT_PERCT='100.00', CREDITS='', EFF_DT=TIMESTAMP '2014-02-06 10:44:48.064', EXPIR_DT='', GRADING_OPT_ID='', LUI_ID='642b0242-f6f8-4ee7-85fa-636374ca1358', MASTER_LUI_ID='', PERS_ID='C.PHILIPPES', LPR_STATE='kuali.lpr.state.active', LPR_TYPE='kuali.lpr.type.instructor.main' where ID='764ce37b-60c0-4f5f-a8c1-9f83ccdadf39' and VER_NBR=0
/
insert into KSEN_SCHED (OBJ_ID, VER_NBR, CREATEID, CREATETIME, UPDATEID, UPDATETIME, ATP_ID, DESCR_FORMATTED, NAME, DESCR_PLAIN, SCHED_STATE, SCHED_TYPE, ID) values ('87861713-581d-4acb-ae15-26998f4efa49', 0, 'admin', TIMESTAMP '2014-02-06 10:44:43.486', 'admin', TIMESTAMP '2014-02-06 10:44:43.486', 'kuali.atp.2014Winter', '', '', '', 'kuali.scheduling.schedule.state.active', 'kuali.scheduling.schedule.type.schedule', 'aaddf065-0520-4366-92a2-ae79ffeced5e')
/
insert into KSEN_SCHED_CMP (OBJ_ID, TBA_IND, ROOM_ID, SCHED_ID, ID) values ('981665f4-44ce-4cef-adee-488246086807', 0, 'a8ce091f-4b9d-4f52-ae15-d2eaf275d76a', 'aaddf065-0520-4366-92a2-ae79ffeced5e', 'fb32b548-d711-4cdb-81b4-d9c56c1bab54')
/
insert into KSEN_SCHED_CMP_TMSLOT (SCHED_CMP_ID, TM_SLOT_ID) values ('fb32b548-d711-4cdb-81b4-d9c56c1bab54', '1FEAD087-411A-4333-81A3-84077D5413D3')
/
update KSEN_SCHED_RQST_CMP set OBJ_ID='', TBA_IND=0, SCHED_RQST_ID='35a3537d-ceb0-4aa3-9bf1-15ec1229ec81' where ID='e390919e-f2f6-4b0b-a709-c5773205ab6a'
/
update KSEN_SCHED_RQST set OBJ_ID='7cbf3847-0583-42ce-96d7-8111f29e42ca', VER_NBR=1, UPDATEID='admin', UPDATETIME=TIMESTAMP '2014-02-06 10:44:43.486', DESCR_FORMATTED='', NAME='Schedule reqeust for CHEM277 - A', DESCR_PLAIN='', SCHED_RQST_STATE='kuali.scheduling.schedule.request.state.created', SCHED_RQST_TYPE='kuali.scheduling.schedule.request.type.schedule.request', SCHED_ID='aaddf065-0520-4366-92a2-ae79ffeced5e', SCHED_RQST_SET_ID='f232ad50-f368-4548-ae9b-6b5a3334e493' where ID='35a3537d-ceb0-4aa3-9bf1-15ec1229ec81' and VER_NBR=0
/
delete from KSEN_SCHED_RQST_CMP_BLDG where CMP_ID='e390919e-f2f6-4b0b-a709-c5773205ab6a'
/
insert into KSEN_SCHED_RQST_CMP_BLDG (CMP_ID, BUILDING_ID) values ('e390919e-f2f6-4b0b-a709-c5773205ab6a', '6f2e8f26-95bc-4bb1-a3d0-3206324cad4a')
/
delete from KSEN_SCHED_RQST_CMP_CAMPUS where CMP_ID='e390919e-f2f6-4b0b-a709-c5773205ab6a'
/
insert into KSEN_SCHED_RQST_CMP_CAMPUS (CMP_ID, CAMPUS_ID) values ('e390919e-f2f6-4b0b-a709-c5773205ab6a', 'UMCP')
/
delete from KSEN_SCHED_RQST_CMP_ROOM where CMP_ID='e390919e-f2f6-4b0b-a709-c5773205ab6a'
/
insert into KSEN_SCHED_RQST_CMP_ROOM (CMP_ID, ROOM_ID) values ('e390919e-f2f6-4b0b-a709-c5773205ab6a', 'a8ce091f-4b9d-4f52-ae15-d2eaf275d76a')
/
delete from KSEN_SCHED_RQST_CMP_TMSLOT where CMP_ID='e390919e-f2f6-4b0b-a709-c5773205ab6a'
/
insert into KSEN_SCHED_RQST_CMP_TMSLOT (CMP_ID, TM_SLOT_ID) values ('e390919e-f2f6-4b0b-a709-c5773205ab6a', '1FEAD087-411A-4333-81A3-84077D5413D3')
/
update KSEN_LUI set OBJ_ID='f2adc32a-5a38-4d76-82cf-03753d7fa9a4', VER_NBR=2, UPDATEID='admin', UPDATETIME=TIMESTAMP '2014-02-06 10:44:43.486', ATP_ID='kuali.atp.2014Winter', CLU_ID='ef2963d7-9647-4ce7-ac63-9523204dd654', EFF_DT='', EXPIR_DT='', DESCR_FORMATTED='Courses with lecture', LUI_STATE='kuali.lui.activity.offering.state.approved', LUI_TYPE='kuali.lui.type.activity.offering.lecture', MAX_SEATS=48, MIN_SEATS=48, NAME='Lecture', DESCR_PLAIN='Courses with lecture', REF_URL=null where ID='ac27b4a0-8113-400c-8572-43fb5b760b2a' and VER_NBR=1
/
update KSEN_LUI_IDENT set OBJ_ID='7120b3a0-dcad-4258-b645-88c0ae77a552', VER_NBR=2, UPDATEID='admin', UPDATETIME=TIMESTAMP '2014-02-06 10:44:43.486', LUI_CD='A', DIVISION='', IDENT_LEVEL='', LNG_NAME='', LUI_ID='ac27b4a0-8113-400c-8572-43fb5b760b2a', ORGID='', SHRT_NAME='', LUI_ID_STATE='kuali.lui.identifier.state.active', SUFX_CD='', LUI_ID_TYPE='kuali.lui.identifier.type.official', VARTN='' where ID='72675852-74a4-48ae-a239-38ed7ca856e8' and VER_NBR=1
/
update KSEN_LUI_LU_CD set OBJ_ID='08a30feb-dd0a-47b1-9ecc-aefe6b0a2aea', VER_NBR=2, UPDATEID='admin', UPDATETIME=TIMESTAMP '2014-02-06 10:44:43.486', DESCR_FORMATTED='', LUI_ID='ac27b4a0-8113-400c-8572-43fb5b760b2a', DESCR_PLAIN='', LUI_LUCD_TYPE='kuali.lu.code.honorsOffering', VALUE=0 where ID='39fb9233-0dab-4684-a0d8-e805498b8141' and VER_NBR=1
/
insert into KSEN_LUI_SCHEDULE (LUI_ID, SCHED_ID) values ('ac27b4a0-8113-400c-8572-43fb5b760b2a', 'aaddf065-0520-4366-92a2-ae79ffeced5e')
/
update KSEN_LPR set OBJ_ID='0b285651-9c16-430f-a916-c4297fef01de', VER_NBR=1, UPDATEID='admin', UPDATETIME=TIMESTAMP '2014-02-06 10:44:43.486', ATP_ID='', COMMIT_PERCT='100.00', CREDITS='', EFF_DT=TIMESTAMP '2014-02-06 10:44:48.42', EXPIR_DT='', GRADING_OPT_ID='', LUI_ID='ac27b4a0-8113-400c-8572-43fb5b760b2a', MASTER_LUI_ID='', PERS_ID='W.TIMOTHYC', LPR_STATE='kuali.lpr.state.active', LPR_TYPE='kuali.lpr.type.instructor.main' where ID='fd0e4d43-5f03-4d04-bded-a327b9c01094' and VER_NBR=0
/
insert into KSEN_SCHED (OBJ_ID, VER_NBR, CREATEID, CREATETIME, UPDATEID, UPDATETIME, ATP_ID, DESCR_FORMATTED, NAME, DESCR_PLAIN, SCHED_STATE, SCHED_TYPE, ID) values ('aac86ff6-09b8-46c9-beef-1e5d80371127', 0, 'admin', TIMESTAMP '2014-02-06 10:44:43.486', 'admin', TIMESTAMP '2014-02-06 10:44:43.486', 'kuali.atp.2014Winter', '', '', '', 'kuali.scheduling.schedule.state.active', 'kuali.scheduling.schedule.type.schedule', '395da812-2f6e-4e61-82c9-463a5ed79dbf')
/
insert into KSEN_SCHED_CMP (OBJ_ID, TBA_IND, ROOM_ID, SCHED_ID, ID) values ('60b873a0-d2e8-400d-ba9d-b18301ab285a', 0, '5fcaeba7-a010-40dc-a069-568c197f0809', '395da812-2f6e-4e61-82c9-463a5ed79dbf', 'c3ac02e7-7a59-4b2c-a01a-1effc26a6c82')
/
insert into KSEN_SCHED_CMP_TMSLOT (SCHED_CMP_ID, TM_SLOT_ID) values ('c3ac02e7-7a59-4b2c-a01a-1effc26a6c82', '9CE29948-5A4B-4E03-A065-40BF27861CDE')
/
update KSEN_SCHED_RQST_CMP set OBJ_ID='', TBA_IND=0, SCHED_RQST_ID='3c9d223c-0771-4283-9933-302345ae6eb5' where ID='08cdea40-a325-46c9-ba1b-1cda4c490b4a'
/
update KSEN_SCHED_RQST set OBJ_ID='89147921-7947-4e55-ac2a-78905e148a96', VER_NBR=1, UPDATEID='admin', UPDATETIME=TIMESTAMP '2014-02-06 10:44:43.486', DESCR_FORMATTED='', NAME='Schedule reqeust for CHEM277 - E', DESCR_PLAIN='', SCHED_RQST_STATE='kuali.scheduling.schedule.request.state.created', SCHED_RQST_TYPE='kuali.scheduling.schedule.request.type.schedule.request', SCHED_ID='395da812-2f6e-4e61-82c9-463a5ed79dbf', SCHED_RQST_SET_ID='ce977b74-1235-4188-807b-c094ace4ecda' where ID='3c9d223c-0771-4283-9933-302345ae6eb5' and VER_NBR=0
/
delete from KSEN_SCHED_RQST_CMP_BLDG where CMP_ID='08cdea40-a325-46c9-ba1b-1cda4c490b4a'
/
insert into KSEN_SCHED_RQST_CMP_BLDG (CMP_ID, BUILDING_ID) values ('08cdea40-a325-46c9-ba1b-1cda4c490b4a', '6f2e8f26-95bc-4bb1-a3d0-3206324cad4a')
/
delete from KSEN_SCHED_RQST_CMP_CAMPUS where CMP_ID='08cdea40-a325-46c9-ba1b-1cda4c490b4a'
/
insert into KSEN_SCHED_RQST_CMP_CAMPUS (CMP_ID, CAMPUS_ID) values ('08cdea40-a325-46c9-ba1b-1cda4c490b4a', 'UMCP')
/
delete from KSEN_SCHED_RQST_CMP_ROOM where CMP_ID='08cdea40-a325-46c9-ba1b-1cda4c490b4a'
/
insert into KSEN_SCHED_RQST_CMP_ROOM (CMP_ID, ROOM_ID) values ('08cdea40-a325-46c9-ba1b-1cda4c490b4a', '5fcaeba7-a010-40dc-a069-568c197f0809')
/
delete from KSEN_SCHED_RQST_CMP_TMSLOT where CMP_ID='08cdea40-a325-46c9-ba1b-1cda4c490b4a'
/
insert into KSEN_SCHED_RQST_CMP_TMSLOT (CMP_ID, TM_SLOT_ID) values ('08cdea40-a325-46c9-ba1b-1cda4c490b4a', '9CE29948-5A4B-4E03-A065-40BF27861CDE')
/
update KSEN_LUI set OBJ_ID='dab0993d-6205-4729-86e4-769c1e1bce95', VER_NBR=2, UPDATEID='admin', UPDATETIME=TIMESTAMP '2014-02-06 10:44:43.486', ATP_ID='kuali.atp.2014Winter', CLU_ID='9b0d7d87-31ec-498b-bfe4-31a4f1e92021', EFF_DT='', EXPIR_DT='', DESCR_FORMATTED='Courses with lab', LUI_STATE='kuali.lui.activity.offering.state.approved', LUI_TYPE='kuali.lui.type.activity.offering.lab', MAX_SEATS=24, MIN_SEATS=24, NAME='Lab', DESCR_PLAIN='Courses with lab', REF_URL=null where ID='f0d02aae-0538-4d1c-a46b-a8e7ec019f10' and VER_NBR=1
/
update KSEN_LUI_IDENT set OBJ_ID='a25f34b4-7b3c-400f-b4a3-cc33113e37d8', VER_NBR=2, UPDATEID='admin', UPDATETIME=TIMESTAMP '2014-02-06 10:44:43.486', LUI_CD='E', DIVISION='', IDENT_LEVEL='', LNG_NAME='', LUI_ID='f0d02aae-0538-4d1c-a46b-a8e7ec019f10', ORGID='', SHRT_NAME='', LUI_ID_STATE='kuali.lui.identifier.state.active', SUFX_CD='', LUI_ID_TYPE='kuali.lui.identifier.type.official', VARTN='' where ID='594f3a8d-fc77-4433-b32f-a62dd3b45589' and VER_NBR=1
/
update KSEN_LUI_LU_CD set OBJ_ID='58acaf6e-ee80-48a9-97fa-3449bdb2ac3b', VER_NBR=2, UPDATEID='admin', UPDATETIME=TIMESTAMP '2014-02-06 10:44:43.486', DESCR_FORMATTED='', LUI_ID='f0d02aae-0538-4d1c-a46b-a8e7ec019f10', DESCR_PLAIN='', LUI_LUCD_TYPE='kuali.lu.code.honorsOffering', VALUE=0 where ID='24831478-e5ab-41ce-a324-20857c3c1c87' and VER_NBR=1
/
insert into KSEN_LUI_SCHEDULE (LUI_ID, SCHED_ID) values ('f0d02aae-0538-4d1c-a46b-a8e7ec019f10', '395da812-2f6e-4e61-82c9-463a5ed79dbf')
/
update KSEN_LPR set OBJ_ID='c801ffd8-8510-4524-a2c6-e1cec90012db', VER_NBR=1, UPDATEID='admin', UPDATETIME=TIMESTAMP '2014-02-06 10:44:43.486', ATP_ID='', COMMIT_PERCT='100.00', CREDITS='', EFF_DT=TIMESTAMP '2014-02-06 10:44:48.7', EXPIR_DT='', GRADING_OPT_ID='', LUI_ID='f0d02aae-0538-4d1c-a46b-a8e7ec019f10', MASTER_LUI_ID='', PERS_ID='J.JRH', LPR_STATE='kuali.lpr.state.active', LPR_TYPE='kuali.lpr.type.instructor.main' where ID='ade53109-8af3-4686-a18a-bf888acdf290' and VER_NBR=0
/
insert into KSEN_SCHED (OBJ_ID, VER_NBR, CREATEID, CREATETIME, UPDATEID, UPDATETIME, ATP_ID, DESCR_FORMATTED, NAME, DESCR_PLAIN, SCHED_STATE, SCHED_TYPE, ID) values ('c0d4c852-c27a-4660-b178-e19d889d35c7', 0, 'admin', TIMESTAMP '2014-02-06 10:44:43.486', 'admin', TIMESTAMP '2014-02-06 10:44:43.486', 'kuali.atp.2014Winter', '', '', '', 'kuali.scheduling.schedule.state.active', 'kuali.scheduling.schedule.type.schedule', 'e820d59a-83a4-43dd-8ef7-8c06a09a6df5')
/
insert into KSEN_SCHED_CMP (OBJ_ID, TBA_IND, ROOM_ID, SCHED_ID, ID) values ('81be1156-6252-47eb-80b8-7b8c96b817b5', 0, '6dd715ea-cc9b-4cd1-9a34-f96628650406', 'e820d59a-83a4-43dd-8ef7-8c06a09a6df5', 'e0e27b13-20e4-4abc-99cc-d211a703bb3f')
/
insert into KSEN_SCHED_CMP_TMSLOT (SCHED_CMP_ID, TM_SLOT_ID) values ('e0e27b13-20e4-4abc-99cc-d211a703bb3f', '4A6971D2-447D-4359-B949-F4EDF104A0AA')
/
update KSEN_SCHED_RQST_CMP set OBJ_ID='', TBA_IND=0, SCHED_RQST_ID='3601157c-9fec-4c1b-81f6-3dffea57a84d' where ID='ee2b08f6-917b-4962-a940-07ad6f3ab4ed'
/
update KSEN_SCHED_RQST set OBJ_ID='2870ecdc-4891-447d-8f12-92b02d6e7c9e', VER_NBR=1, UPDATEID='admin', UPDATETIME=TIMESTAMP '2014-02-06 10:44:43.486', DESCR_FORMATTED='', NAME='Schedule request for ENGL329B - A', DESCR_PLAIN='', SCHED_RQST_STATE='kuali.scheduling.schedule.request.state.created', SCHED_RQST_TYPE='kuali.scheduling.schedule.request.type.schedule.request', SCHED_ID='e820d59a-83a4-43dd-8ef7-8c06a09a6df5', SCHED_RQST_SET_ID='1fd48fe1-de0e-49de-8bc2-77441897c869' where ID='3601157c-9fec-4c1b-81f6-3dffea57a84d' and VER_NBR=0
/
delete from KSEN_SCHED_RQST_CMP_BLDG where CMP_ID='ee2b08f6-917b-4962-a940-07ad6f3ab4ed'
/
insert into KSEN_SCHED_RQST_CMP_BLDG (CMP_ID, BUILDING_ID) values ('ee2b08f6-917b-4962-a940-07ad6f3ab4ed', 'd5138c2b-01ee-4e81-b526-38ed2a7c60a3')
/
delete from KSEN_SCHED_RQST_CMP_CAMPUS where CMP_ID='ee2b08f6-917b-4962-a940-07ad6f3ab4ed'
/
insert into KSEN_SCHED_RQST_CMP_CAMPUS (CMP_ID, CAMPUS_ID) values ('ee2b08f6-917b-4962-a940-07ad6f3ab4ed', 'UMCP')
/
delete from KSEN_SCHED_RQST_CMP_ROOM where CMP_ID='ee2b08f6-917b-4962-a940-07ad6f3ab4ed'
/
insert into KSEN_SCHED_RQST_CMP_ROOM (CMP_ID, ROOM_ID) values ('ee2b08f6-917b-4962-a940-07ad6f3ab4ed', '6dd715ea-cc9b-4cd1-9a34-f96628650406')
/
delete from KSEN_SCHED_RQST_CMP_TMSLOT where CMP_ID='ee2b08f6-917b-4962-a940-07ad6f3ab4ed'
/
insert into KSEN_SCHED_RQST_CMP_TMSLOT (CMP_ID, TM_SLOT_ID) values ('ee2b08f6-917b-4962-a940-07ad6f3ab4ed', '4A6971D2-447D-4359-B949-F4EDF104A0AA')
/
update KSEN_LUI set OBJ_ID='bb6d3d6e-7bec-4eb1-b953-b433f5afe233', VER_NBR=2, UPDATEID='admin', UPDATETIME=TIMESTAMP '2014-02-06 10:44:43.486', ATP_ID='kuali.atp.2014Winter', CLU_ID='4134e3cc-9ba5-47e0-a834-99ae05582b4f', EFF_DT='', EXPIR_DT='', DESCR_FORMATTED='Courses with lecture', LUI_STATE='kuali.lui.activity.offering.state.approved', LUI_TYPE='kuali.lui.type.activity.offering.lecture', MAX_SEATS=25, MIN_SEATS=25, NAME='Lecture', DESCR_PLAIN='Courses with lecture', REF_URL=null where ID='8fc82803-b15e-4519-8401-a91c7586abd0' and VER_NBR=1
/
update KSEN_LUI_IDENT set OBJ_ID='1648f096-4807-48d8-bc05-9c6a3283130b', VER_NBR=2, UPDATEID='admin', UPDATETIME=TIMESTAMP '2014-02-06 10:44:43.486', LUI_CD='A', DIVISION='', IDENT_LEVEL='', LNG_NAME='', LUI_ID='8fc82803-b15e-4519-8401-a91c7586abd0', ORGID='', SHRT_NAME='', LUI_ID_STATE='kuali.lui.identifier.state.active', SUFX_CD='', LUI_ID_TYPE='kuali.lui.identifier.type.official', VARTN='' where ID='e166be65-6cee-4786-b7c7-f0286370693b' and VER_NBR=1
/
update KSEN_LUI_LU_CD set OBJ_ID='a63c6058-9ac5-466f-a220-7cb7760e4582', VER_NBR=2, UPDATEID='admin', UPDATETIME=TIMESTAMP '2014-02-06 10:44:43.486', DESCR_FORMATTED='', LUI_ID='8fc82803-b15e-4519-8401-a91c7586abd0', DESCR_PLAIN='', LUI_LUCD_TYPE='kuali.lu.code.honorsOffering', VALUE=0 where ID='d2ee0fac-bb5b-43ef-b1ab-46693e833d39' and VER_NBR=1
/
insert into KSEN_LUI_SCHEDULE (LUI_ID, SCHED_ID) values ('8fc82803-b15e-4519-8401-a91c7586abd0', 'e820d59a-83a4-43dd-8ef7-8c06a09a6df5')
/
update KSEN_LPR set OBJ_ID='c00e3abc-2132-4eb2-bf4c-7ceed125259e', VER_NBR=1, UPDATEID='admin', UPDATETIME=TIMESTAMP '2014-02-06 10:44:43.486', ATP_ID='', COMMIT_PERCT='100.00', CREDITS='', EFF_DT=TIMESTAMP '2014-02-06 10:44:49.274', EXPIR_DT='', GRADING_OPT_ID='', LUI_ID='8fc82803-b15e-4519-8401-a91c7586abd0', MASTER_LUI_ID='', PERS_ID='C.GUOZHONGC', LPR_STATE='kuali.lpr.state.active', LPR_TYPE='kuali.lpr.type.instructor.main' where ID='5a2e4c62-738c-4187-a09a-e4769f357189' and VER_NBR=0
/
insert into KSEN_SCHED (OBJ_ID, VER_NBR, CREATEID, CREATETIME, UPDATEID, UPDATETIME, ATP_ID, DESCR_FORMATTED, NAME, DESCR_PLAIN, SCHED_STATE, SCHED_TYPE, ID) values ('2e63843a-01e9-4a17-9601-abc16c014993', 0, 'admin', TIMESTAMP '2014-02-06 10:44:43.486', 'admin', TIMESTAMP '2014-02-06 10:44:43.486', 'kuali.atp.2014Winter', '', '', '', 'kuali.scheduling.schedule.state.active', 'kuali.scheduling.schedule.type.schedule', '57180b75-ed03-4e10-9b0c-b72cf7bc9104')
/
insert into KSEN_SCHED_CMP (OBJ_ID, TBA_IND, ROOM_ID, SCHED_ID, ID) values ('beec8d0d-0bc0-44c4-9d94-d95b47d0bae7', 1, '', '57180b75-ed03-4e10-9b0c-b72cf7bc9104', '89d2e69a-31a5-44a8-b457-ad5abecc82a5')
/
insert into KSEN_SCHED_CMP_TMSLOT (SCHED_CMP_ID, TM_SLOT_ID) values ('89d2e69a-31a5-44a8-b457-ad5abecc82a5', '4A6971D2-447D-4359-B949-F4EDF104A0AA')
/
update KSEN_SCHED_RQST_CMP set OBJ_ID='', TBA_IND=1, SCHED_RQST_ID='cd8506a4-41ed-485b-b328-c87b44518e2e' where ID='21e9ddd8-d21b-441c-9055-eadc7e3fc9b9'
/
update KSEN_SCHED_RQST set OBJ_ID='5f502c56-e7ff-4499-bb2b-d88cd25a1f1f', VER_NBR=1, UPDATEID='admin', UPDATETIME=TIMESTAMP '2014-02-06 10:44:43.486', DESCR_FORMATTED='', NAME='Schedule request for ENGL369D - A', DESCR_PLAIN='', SCHED_RQST_STATE='kuali.scheduling.schedule.request.state.created', SCHED_RQST_TYPE='kuali.scheduling.schedule.request.type.schedule.request', SCHED_ID='57180b75-ed03-4e10-9b0c-b72cf7bc9104', SCHED_RQST_SET_ID='5ac57455-1205-4593-926e-06a6094cc0a9' where ID='cd8506a4-41ed-485b-b328-c87b44518e2e' and VER_NBR=0
/
delete from KSEN_SCHED_RQST_CMP_TMSLOT where CMP_ID='21e9ddd8-d21b-441c-9055-eadc7e3fc9b9'
/
insert into KSEN_SCHED_RQST_CMP_TMSLOT (CMP_ID, TM_SLOT_ID) values ('21e9ddd8-d21b-441c-9055-eadc7e3fc9b9', '4A6971D2-447D-4359-B949-F4EDF104A0AA')
/
update KSEN_LUI set OBJ_ID='73419d6b-16ac-4586-b028-d6c03fdf7ca8', VER_NBR=2, UPDATEID='admin', UPDATETIME=TIMESTAMP '2014-02-06 10:44:43.486', ATP_ID='kuali.atp.2014Winter', CLU_ID='a6f69c11-b55f-4cb0-bcf6-3e8fab0e0019', EFF_DT='', EXPIR_DT='', DESCR_FORMATTED='Courses with lecture', LUI_STATE='kuali.lui.activity.offering.state.approved', LUI_TYPE='kuali.lui.type.activity.offering.lecture', MAX_SEATS=1, MIN_SEATS=1, NAME='Lecture', DESCR_PLAIN='Courses with lecture', REF_URL=null where ID='4bc02406-ddaa-491e-a761-1c9c5048c4d8' and VER_NBR=1
/
update KSEN_LUI_IDENT set OBJ_ID='36f6dc4a-eb0c-4739-bbd4-34ccbcc8b935', VER_NBR=2, UPDATEID='admin', UPDATETIME=TIMESTAMP '2014-02-06 10:44:43.486', LUI_CD='A', DIVISION='', IDENT_LEVEL='', LNG_NAME='', LUI_ID='4bc02406-ddaa-491e-a761-1c9c5048c4d8', ORGID='', SHRT_NAME='', LUI_ID_STATE='kuali.lui.identifier.state.active', SUFX_CD='', LUI_ID_TYPE='kuali.lui.identifier.type.official', VARTN='' where ID='cbfd1c39-169b-457e-a79a-c4928610ddc9' and VER_NBR=1
/
update KSEN_LUI_LU_CD set OBJ_ID='c661f68c-4f82-4e7d-a0ad-d3fc30320028', VER_NBR=2, UPDATEID='admin', UPDATETIME=TIMESTAMP '2014-02-06 10:44:43.486', DESCR_FORMATTED='', LUI_ID='4bc02406-ddaa-491e-a761-1c9c5048c4d8', DESCR_PLAIN='', LUI_LUCD_TYPE='kuali.lu.code.honorsOffering', VALUE=0 where ID='9b6f94f3-4466-4a5f-9eac-464baba36f4f' and VER_NBR=1
/
insert into KSEN_LUI_SCHEDULE (LUI_ID, SCHED_ID) values ('4bc02406-ddaa-491e-a761-1c9c5048c4d8', '57180b75-ed03-4e10-9b0c-b72cf7bc9104')
/
update KSEN_LPR set OBJ_ID='7320af2c-9878-4506-8189-c11769088334', VER_NBR=1, UPDATEID='admin', UPDATETIME=TIMESTAMP '2014-02-06 10:44:43.486', ATP_ID='', COMMIT_PERCT='100.00', CREDITS='', EFF_DT=TIMESTAMP '2014-02-06 10:44:49.639', EXPIR_DT='', GRADING_OPT_ID='', LUI_ID='4bc02406-ddaa-491e-a761-1c9c5048c4d8', MASTER_LUI_ID='', PERS_ID='M.INDREB', LPR_STATE='kuali.lpr.state.active', LPR_TYPE='kuali.lpr.type.instructor.main' where ID='dd3d986b-b387-4e2a-9f21-14543faee469' and VER_NBR=0
/
insert into KSEN_SCHED (OBJ_ID, VER_NBR, CREATEID, CREATETIME, UPDATEID, UPDATETIME, ATP_ID, DESCR_FORMATTED, NAME, DESCR_PLAIN, SCHED_STATE, SCHED_TYPE, ID) values ('d487a655-f577-4066-92a1-bb3e9a1f8a00', 0, 'admin', TIMESTAMP '2014-02-06 10:44:43.486', 'admin', TIMESTAMP '2014-02-06 10:44:43.486', 'kuali.atp.2014Winter', '', '', '', 'kuali.scheduling.schedule.state.active', 'kuali.scheduling.schedule.type.schedule', '7f224184-46a7-4cfc-bf54-7da3c0be57b5')
/
insert into KSEN_SCHED_CMP (OBJ_ID, TBA_IND, ROOM_ID, SCHED_ID, ID) values ('6b70cded-4135-42c0-af09-fe4e427473ae', 0, '6dd715ea-cc9b-4cd1-9a34-f96628650406', '7f224184-46a7-4cfc-bf54-7da3c0be57b5', 'ebe2bd39-b668-423f-bc99-4ebe07efe5a0')
/
insert into KSEN_SCHED_CMP_TMSLOT (SCHED_CMP_ID, TM_SLOT_ID) values ('ebe2bd39-b668-423f-bc99-4ebe07efe5a0', '4A6971D2-447D-4359-B949-F4EDF104A0AA')
/
update KSEN_SCHED_RQST_CMP set OBJ_ID='', TBA_IND=0, SCHED_RQST_ID='53132781-8228-4d20-89c9-25d12dbaaac1' where ID='b5b5fbef-434a-4357-8517-7449db746a68'
/
update KSEN_SCHED_RQST set OBJ_ID='c806d033-d316-41f4-9606-c7ff5eb69074', VER_NBR=1, UPDATEID='admin', UPDATETIME=TIMESTAMP '2014-02-06 10:44:43.486', DESCR_FORMATTED='', NAME='Schedule request for ENGL222 - A', DESCR_PLAIN='', SCHED_RQST_STATE='kuali.scheduling.schedule.request.state.created', SCHED_RQST_TYPE='kuali.scheduling.schedule.request.type.schedule.request', SCHED_ID='7f224184-46a7-4cfc-bf54-7da3c0be57b5', SCHED_RQST_SET_ID='32d26cea-3648-40b5-90c0-0b9633b797e3' where ID='53132781-8228-4d20-89c9-25d12dbaaac1' and VER_NBR=0
/
delete from KSEN_SCHED_RQST_CMP_BLDG where CMP_ID='b5b5fbef-434a-4357-8517-7449db746a68'
/
insert into KSEN_SCHED_RQST_CMP_BLDG (CMP_ID, BUILDING_ID) values ('b5b5fbef-434a-4357-8517-7449db746a68', 'd5138c2b-01ee-4e81-b526-38ed2a7c60a3')
/
delete from KSEN_SCHED_RQST_CMP_CAMPUS where CMP_ID='b5b5fbef-434a-4357-8517-7449db746a68'
/
insert into KSEN_SCHED_RQST_CMP_CAMPUS (CMP_ID, CAMPUS_ID) values ('b5b5fbef-434a-4357-8517-7449db746a68', 'UMCP')
/
delete from KSEN_SCHED_RQST_CMP_ROOM where CMP_ID='b5b5fbef-434a-4357-8517-7449db746a68'
/
insert into KSEN_SCHED_RQST_CMP_ROOM (CMP_ID, ROOM_ID) values ('b5b5fbef-434a-4357-8517-7449db746a68', '6dd715ea-cc9b-4cd1-9a34-f96628650406')
/
delete from KSEN_SCHED_RQST_CMP_TMSLOT where CMP_ID='b5b5fbef-434a-4357-8517-7449db746a68'
/
insert into KSEN_SCHED_RQST_CMP_TMSLOT (CMP_ID, TM_SLOT_ID) values ('b5b5fbef-434a-4357-8517-7449db746a68', '4A6971D2-447D-4359-B949-F4EDF104A0AA')
/
update KSEN_LUI set OBJ_ID='48215189-0993-41a7-beb5-d886aafe5fe8', VER_NBR=2, UPDATEID='admin', UPDATETIME=TIMESTAMP '2014-02-06 10:44:43.486', ATP_ID='kuali.atp.2014Winter', CLU_ID='9194e508-3a2b-4429-9a62-852dfc612977', EFF_DT='', EXPIR_DT='', DESCR_FORMATTED='Courses with lecture', LUI_STATE='kuali.lui.activity.offering.state.approved', LUI_TYPE='kuali.lui.type.activity.offering.lecture', MAX_SEATS=25, MIN_SEATS=25, NAME='Lecture', DESCR_PLAIN='Courses with lecture', REF_URL=null where ID='99644eb5-d6b6-4893-84c9-c209be58d633' and VER_NBR=1
/
update KSEN_LUI_IDENT set OBJ_ID='aa543992-7bb3-4e62-a74a-c44a31613ea5', VER_NBR=2, UPDATEID='admin', UPDATETIME=TIMESTAMP '2014-02-06 10:44:43.486', LUI_CD='A', DIVISION='', IDENT_LEVEL='', LNG_NAME='', LUI_ID='99644eb5-d6b6-4893-84c9-c209be58d633', ORGID='', SHRT_NAME='', LUI_ID_STATE='kuali.lui.identifier.state.active', SUFX_CD='', LUI_ID_TYPE='kuali.lui.identifier.type.official', VARTN='' where ID='c2aafe33-ba40-4eef-b973-c44064fdd799' and VER_NBR=1
/
update KSEN_LUI_LU_CD set OBJ_ID='18fd81a5-89f6-4cc9-965c-5d03e8ea7032', VER_NBR=2, UPDATEID='admin', UPDATETIME=TIMESTAMP '2014-02-06 10:44:43.486', DESCR_FORMATTED='', LUI_ID='99644eb5-d6b6-4893-84c9-c209be58d633', DESCR_PLAIN='', LUI_LUCD_TYPE='kuali.lu.code.honorsOffering', VALUE=0 where ID='ad9323d1-5f07-4d32-99f7-617f7cca131c' and VER_NBR=1
/
insert into KSEN_LUI_SCHEDULE (LUI_ID, SCHED_ID) values ('99644eb5-d6b6-4893-84c9-c209be58d633', '7f224184-46a7-4cfc-bf54-7da3c0be57b5')
/
update KSEN_LPR set OBJ_ID='5224d2eb-f5d4-490d-83da-03e4c3132d4b', VER_NBR=1, UPDATEID='admin', UPDATETIME=TIMESTAMP '2014-02-06 10:44:43.486', ATP_ID='', COMMIT_PERCT='100.00', CREDITS='', EFF_DT=TIMESTAMP '2014-02-06 10:44:49.998', EXPIR_DT='', GRADING_OPT_ID='', LUI_ID='99644eb5-d6b6-4893-84c9-c209be58d633', MASTER_LUI_ID='', PERS_ID='R.BRADLEYM', LPR_STATE='kuali.lpr.state.active', LPR_TYPE='kuali.lpr.type.instructor.main' where ID='ff577f99-cc62-46d2-93c7-a37ba92da8b3' and VER_NBR=0
/
insert into KSEN_SCHED (OBJ_ID, VER_NBR, CREATEID, CREATETIME, UPDATEID, UPDATETIME, ATP_ID, DESCR_FORMATTED, NAME, DESCR_PLAIN, SCHED_STATE, SCHED_TYPE, ID) values ('654ed182-6760-41a7-b772-de7d06c11269', 0, 'admin', TIMESTAMP '2014-02-06 10:44:43.486', 'admin', TIMESTAMP '2014-02-06 10:44:43.486', 'kuali.atp.2014Winter', '', '', '', 'kuali.scheduling.schedule.state.active', 'kuali.scheduling.schedule.type.schedule', 'b0e6775e-59fd-4307-87c6-778ef6db7e2d')
/
insert into KSEN_SCHED_CMP (OBJ_ID, TBA_IND, ROOM_ID, SCHED_ID, ID) values ('df85a993-e3d2-486e-b804-313e9765b77a', 0, '6dd715ea-cc9b-4cd1-9a34-f96628650406', 'b0e6775e-59fd-4307-87c6-778ef6db7e2d', '674befe0-40fb-4f87-8c3e-66254e009110')
/
insert into KSEN_SCHED_CMP_TMSLOT (SCHED_CMP_ID, TM_SLOT_ID) values ('674befe0-40fb-4f87-8c3e-66254e009110', '4A6971D2-447D-4359-B949-F4EDF104A0AA')
/
update KSEN_SCHED_RQST_CMP set OBJ_ID='', TBA_IND=0, SCHED_RQST_ID='37e32d2c-e745-47f1-925b-975ccfb4ebf5' where ID='2b714c8f-fae2-4d70-9ae9-37fed389353f'
/
update KSEN_SCHED_RQST set OBJ_ID='fd2a0b2e-ffa4-4a69-a2b0-44fccee1fc7f', VER_NBR=1, UPDATEID='admin', UPDATETIME=TIMESTAMP '2014-02-06 10:44:43.486', DESCR_FORMATTED='', NAME='Schedule request for WMST498M - A', DESCR_PLAIN='', SCHED_RQST_STATE='kuali.scheduling.schedule.request.state.created', SCHED_RQST_TYPE='kuali.scheduling.schedule.request.type.schedule.request', SCHED_ID='b0e6775e-59fd-4307-87c6-778ef6db7e2d', SCHED_RQST_SET_ID='d56d25d2-bb53-45d7-9ca0-0e41daa202c3' where ID='37e32d2c-e745-47f1-925b-975ccfb4ebf5' and VER_NBR=0
/
delete from KSEN_SCHED_RQST_CMP_BLDG where CMP_ID='2b714c8f-fae2-4d70-9ae9-37fed389353f'
/
insert into KSEN_SCHED_RQST_CMP_BLDG (CMP_ID, BUILDING_ID) values ('2b714c8f-fae2-4d70-9ae9-37fed389353f', 'd5138c2b-01ee-4e81-b526-38ed2a7c60a3')
/
delete from KSEN_SCHED_RQST_CMP_CAMPUS where CMP_ID='2b714c8f-fae2-4d70-9ae9-37fed389353f'
/
insert into KSEN_SCHED_RQST_CMP_CAMPUS (CMP_ID, CAMPUS_ID) values ('2b714c8f-fae2-4d70-9ae9-37fed389353f', 'UMCP')
/
delete from KSEN_SCHED_RQST_CMP_ROOM where CMP_ID='2b714c8f-fae2-4d70-9ae9-37fed389353f'
/
insert into KSEN_SCHED_RQST_CMP_ROOM (CMP_ID, ROOM_ID) values ('2b714c8f-fae2-4d70-9ae9-37fed389353f', '6dd715ea-cc9b-4cd1-9a34-f96628650406')
/
delete from KSEN_SCHED_RQST_CMP_TMSLOT where CMP_ID='2b714c8f-fae2-4d70-9ae9-37fed389353f'
/
insert into KSEN_SCHED_RQST_CMP_TMSLOT (CMP_ID, TM_SLOT_ID) values ('2b714c8f-fae2-4d70-9ae9-37fed389353f', '4A6971D2-447D-4359-B949-F4EDF104A0AA')
/
update KSEN_LUI set OBJ_ID='c7ef680b-05f1-4ca7-ad52-e4f8e42c4ff5', VER_NBR=2, UPDATEID='admin', UPDATETIME=TIMESTAMP '2014-02-06 10:44:43.486', ATP_ID='kuali.atp.2014Winter', CLU_ID='44ad3dfb-8855-4c58-ab14-33afc312293b', EFF_DT='', EXPIR_DT='', DESCR_FORMATTED='Courses with lecture', LUI_STATE='kuali.lui.activity.offering.state.approved', LUI_TYPE='kuali.lui.type.activity.offering.lecture', MAX_SEATS=40, MIN_SEATS=40, NAME='Lecture', DESCR_PLAIN='Courses with lecture', REF_URL=null where ID='5915bd76-1cf9-49f2-836b-6ee9ffc62d3f' and VER_NBR=1
/
update KSEN_LUI_IDENT set OBJ_ID='bf8a2eaf-fd61-45b9-bada-97e315c58be3', VER_NBR=2, UPDATEID='admin', UPDATETIME=TIMESTAMP '2014-02-06 10:44:43.486', LUI_CD='A', DIVISION='', IDENT_LEVEL='', LNG_NAME='', LUI_ID='5915bd76-1cf9-49f2-836b-6ee9ffc62d3f', ORGID='', SHRT_NAME='', LUI_ID_STATE='kuali.lui.identifier.state.active', SUFX_CD='', LUI_ID_TYPE='kuali.lui.identifier.type.official', VARTN='' where ID='69fabd79-e8d9-418a-88a1-fdf1d08e5ee2' and VER_NBR=1
/
update KSEN_LUI_LU_CD set OBJ_ID='5c893fe8-7d83-48c9-a92b-d1843a7da81c', VER_NBR=2, UPDATEID='admin', UPDATETIME=TIMESTAMP '2014-02-06 10:44:43.486', DESCR_FORMATTED='', LUI_ID='5915bd76-1cf9-49f2-836b-6ee9ffc62d3f', DESCR_PLAIN='', LUI_LUCD_TYPE='kuali.lu.code.honorsOffering', VALUE=0 where ID='067231a4-712e-46fb-8aa0-f85036c15820' and VER_NBR=1
/
insert into KSEN_LUI_SCHEDULE (LUI_ID, SCHED_ID) values ('5915bd76-1cf9-49f2-836b-6ee9ffc62d3f', 'b0e6775e-59fd-4307-87c6-778ef6db7e2d')
/
update KSEN_LPR set OBJ_ID='009d0de4-adcf-4d53-bdae-2471b6164f87', VER_NBR=1, UPDATEID='admin', UPDATETIME=TIMESTAMP '2014-02-06 10:44:43.486', ATP_ID='', COMMIT_PERCT='100.00', CREDITS='', EFF_DT=TIMESTAMP '2014-02-06 10:44:50.416', EXPIR_DT='', GRADING_OPT_ID='', LUI_ID='5915bd76-1cf9-49f2-836b-6ee9ffc62d3f', MASTER_LUI_ID='', PERS_ID='N.ANNED', LPR_STATE='kuali.lpr.state.active', LPR_TYPE='kuali.lpr.type.instructor.main' where ID='2ed8317e-668e-4080-aa8f-d9030ef21a2d' and VER_NBR=0
/
insert into KSEN_SCHED (OBJ_ID, VER_NBR, CREATEID, CREATETIME, UPDATEID, UPDATETIME, ATP_ID, DESCR_FORMATTED, NAME, DESCR_PLAIN, SCHED_STATE, SCHED_TYPE, ID) values ('97e11476-8630-494e-8388-95a511d8241c', 0, 'admin', TIMESTAMP '2014-02-06 10:44:43.486', 'admin', TIMESTAMP '2014-02-06 10:44:43.486', 'kuali.atp.2014Winter', '', '', '', 'kuali.scheduling.schedule.state.active', 'kuali.scheduling.schedule.type.schedule', 'f9579ce4-b99c-43df-809b-8867ad86640a')
/
insert into KSEN_SCHED_CMP (OBJ_ID, TBA_IND, ROOM_ID, SCHED_ID, ID) values ('d327342d-a4d5-4f63-afb2-80a4db4fe799', 0, '6dd715ea-cc9b-4cd1-9a34-f96628650406', 'f9579ce4-b99c-43df-809b-8867ad86640a', '78e043d2-f2e5-4998-8821-20d329484857')
/
insert into KSEN_SCHED_CMP_TMSLOT (SCHED_CMP_ID, TM_SLOT_ID) values ('78e043d2-f2e5-4998-8821-20d329484857', '4A6971D2-447D-4359-B949-F4EDF104A0AA')
/
update KSEN_SCHED_RQST_CMP set OBJ_ID='', TBA_IND=0, SCHED_RQST_ID='90ccbcdc-7bd2-4579-a428-c7e314ad9688' where ID='4b15c53f-b7d9-4967-b010-5061f2fd7671'
/
update KSEN_SCHED_RQST set OBJ_ID='7b985ffe-c897-427a-a9ec-b51a999d2fe6', VER_NBR=1, UPDATEID='admin', UPDATETIME=TIMESTAMP '2014-02-06 10:44:43.486', DESCR_FORMATTED='A Schedule Request for ENGL278E section WB11', NAME='A Schedule Request for ENGL278E section WB11', DESCR_PLAIN='A Schedule Request for ENGL278E section WB11', SCHED_RQST_STATE='kuali.scheduling.schedule.request.state.created', SCHED_RQST_TYPE='kuali.scheduling.schedule.request.type.schedule.request', SCHED_ID='f9579ce4-b99c-43df-809b-8867ad86640a', SCHED_RQST_SET_ID='62135ae0-312b-4957-8bce-0a7db447c452' where ID='90ccbcdc-7bd2-4579-a428-c7e314ad9688' and VER_NBR=0
/
delete from KSEN_SCHED_RQST_CMP_BLDG where CMP_ID='4b15c53f-b7d9-4967-b010-5061f2fd7671'
/
insert into KSEN_SCHED_RQST_CMP_BLDG (CMP_ID, BUILDING_ID) values ('4b15c53f-b7d9-4967-b010-5061f2fd7671', 'd5138c2b-01ee-4e81-b526-38ed2a7c60a3')
/
delete from KSEN_SCHED_RQST_CMP_ROOM where CMP_ID='4b15c53f-b7d9-4967-b010-5061f2fd7671'
/
insert into KSEN_SCHED_RQST_CMP_ROOM (CMP_ID, ROOM_ID) values ('4b15c53f-b7d9-4967-b010-5061f2fd7671', '6dd715ea-cc9b-4cd1-9a34-f96628650406')
/
delete from KSEN_SCHED_RQST_CMP_TMSLOT where CMP_ID='4b15c53f-b7d9-4967-b010-5061f2fd7671'
/
insert into KSEN_SCHED_RQST_CMP_TMSLOT (CMP_ID, TM_SLOT_ID) values ('4b15c53f-b7d9-4967-b010-5061f2fd7671', '4A6971D2-447D-4359-B949-F4EDF104A0AA')
/
update KSEN_LUI set OBJ_ID='cb302722-3e25-4409-9898-60cf13e4c2bb', VER_NBR=2, UPDATEID='admin', UPDATETIME=TIMESTAMP '2014-02-06 10:44:43.486', ATP_ID='kuali.atp.2014Winter', CLU_ID='c4eab8f6-4f3e-4561-ae1c-b40dd59c517f', EFF_DT='', EXPIR_DT='', DESCR_FORMATTED='Courses with lecture', LUI_STATE='kuali.lui.activity.offering.state.approved', LUI_TYPE='kuali.lui.type.activity.offering.lecture', MAX_SEATS=25, MIN_SEATS=25, NAME='Lecture', DESCR_PLAIN='Courses with lecture', REF_URL=null where ID='215c94dd-b78f-4086-83ba-a35636a1c292' and VER_NBR=1
/
update KSEN_LUI_IDENT set OBJ_ID='2b854300-83e9-4ba7-953b-7daad02a25fe', VER_NBR=2, UPDATEID='admin', UPDATETIME=TIMESTAMP '2014-02-06 10:44:43.486', LUI_CD='A', DIVISION='', IDENT_LEVEL='', LNG_NAME='', LUI_ID='215c94dd-b78f-4086-83ba-a35636a1c292', ORGID='', SHRT_NAME='', LUI_ID_STATE='kuali.lui.identifier.state.active', SUFX_CD='', LUI_ID_TYPE='kuali.lui.identifier.type.official', VARTN='' where ID='2f1961cf-6641-41de-9b28-85b5a2252f39' and VER_NBR=1
/
update KSEN_LUI_LU_CD set OBJ_ID='ea6a80e7-c9d6-46d3-bb38-d5c7d9defed3', VER_NBR=2, UPDATEID='admin', UPDATETIME=TIMESTAMP '2014-02-06 10:44:43.486', DESCR_FORMATTED='', LUI_ID='215c94dd-b78f-4086-83ba-a35636a1c292', DESCR_PLAIN='', LUI_LUCD_TYPE='kuali.lu.code.honorsOffering', VALUE=0 where ID='c11bbb69-5968-4ac9-bdc2-9f3b34782508' and VER_NBR=1
/
insert into KSEN_LUI_SCHEDULE (LUI_ID, SCHED_ID) values ('215c94dd-b78f-4086-83ba-a35636a1c292', 'f9579ce4-b99c-43df-809b-8867ad86640a')
/
update KSEN_LPR set OBJ_ID='435dd17f-d87c-439a-beee-0c39a0222029', VER_NBR=1, UPDATEID='admin', UPDATETIME=TIMESTAMP '2014-02-06 10:44:43.486', ATP_ID='', COMMIT_PERCT='100.00', CREDITS='', EFF_DT=TIMESTAMP '2014-02-06 10:44:50.812', EXPIR_DT='', GRADING_OPT_ID='', LUI_ID='215c94dd-b78f-4086-83ba-a35636a1c292', MASTER_LUI_ID='', PERS_ID='O.DUANES', LPR_STATE='kuali.lpr.state.active', LPR_TYPE='kuali.lpr.type.instructor.main' where ID='07fd9462-c100-43d7-86ad-3b2249f3da41' and VER_NBR=0
/
insert into KSEN_SCHED (OBJ_ID, VER_NBR, CREATEID, CREATETIME, UPDATEID, UPDATETIME, ATP_ID, DESCR_FORMATTED, NAME, DESCR_PLAIN, SCHED_STATE, SCHED_TYPE, ID) values ('f86cb12e-bad6-4ba4-b653-dd93fc740e76', 0, 'admin', TIMESTAMP '2014-02-06 10:44:43.486', 'admin', TIMESTAMP '2014-02-06 10:44:43.486', 'kuali.atp.2014Winter', '', '', '', 'kuali.scheduling.schedule.state.active', 'kuali.scheduling.schedule.type.schedule', '41d8fb49-92f0-4595-9645-1b672c0d5a7f')
/
insert into KSEN_SCHED_CMP (OBJ_ID, TBA_IND, ROOM_ID, SCHED_ID, ID) values ('fad0861a-fcac-4325-97ef-4f2f17f660ea', 0, '6dd715ea-cc9b-4cd1-9a34-f96628650406', '41d8fb49-92f0-4595-9645-1b672c0d5a7f', '9204bb8c-2d7d-4c10-b34d-4556d51cce7b')
/
insert into KSEN_SCHED_CMP_TMSLOT (SCHED_CMP_ID, TM_SLOT_ID) values ('9204bb8c-2d7d-4c10-b34d-4556d51cce7b', '4A6971D2-447D-4359-B949-F4EDF104A0AA')
/
update KSEN_SCHED_RQST_CMP set OBJ_ID='', TBA_IND=0, SCHED_RQST_ID='41ed71bd-73ed-46cf-91c7-fd5bd470af84' where ID='24589019-dfbf-435f-87ce-841c34b173d1'
/
update KSEN_SCHED_RQST set OBJ_ID='b1068a85-6839-4b2c-a4a9-fd41cbaaa7bf', VER_NBR=1, UPDATEID='admin', UPDATETIME=TIMESTAMP '2014-02-06 10:44:43.486', DESCR_FORMATTED='A Schedule Request for ENGL295 section WB11', NAME='A Schedule Request for ENGL295 section WB11', DESCR_PLAIN='A Schedule Request for ENGL295 section WB11', SCHED_RQST_STATE='kuali.scheduling.schedule.request.state.created', SCHED_RQST_TYPE='kuali.scheduling.schedule.request.type.schedule.request', SCHED_ID='41d8fb49-92f0-4595-9645-1b672c0d5a7f', SCHED_RQST_SET_ID='a1c17695-2a51-4a41-9090-245c19310065' where ID='41ed71bd-73ed-46cf-91c7-fd5bd470af84' and VER_NBR=0
/
delete from KSEN_SCHED_RQST_CMP_BLDG where CMP_ID='24589019-dfbf-435f-87ce-841c34b173d1'
/
insert into KSEN_SCHED_RQST_CMP_BLDG (CMP_ID, BUILDING_ID) values ('24589019-dfbf-435f-87ce-841c34b173d1', 'd5138c2b-01ee-4e81-b526-38ed2a7c60a3')
/
delete from KSEN_SCHED_RQST_CMP_ROOM where CMP_ID='24589019-dfbf-435f-87ce-841c34b173d1'
/
insert into KSEN_SCHED_RQST_CMP_ROOM (CMP_ID, ROOM_ID) values ('24589019-dfbf-435f-87ce-841c34b173d1', '6dd715ea-cc9b-4cd1-9a34-f96628650406')
/
delete from KSEN_SCHED_RQST_CMP_TMSLOT where CMP_ID='24589019-dfbf-435f-87ce-841c34b173d1'
/
insert into KSEN_SCHED_RQST_CMP_TMSLOT (CMP_ID, TM_SLOT_ID) values ('24589019-dfbf-435f-87ce-841c34b173d1', '4A6971D2-447D-4359-B949-F4EDF104A0AA')
/
update KSEN_LUI set OBJ_ID='7bb9c19a-ac30-4cef-99ce-a3bd17789e76', VER_NBR=2, UPDATEID='admin', UPDATETIME=TIMESTAMP '2014-02-06 10:44:43.486', ATP_ID='kuali.atp.2014Winter', CLU_ID='ac92256a-2100-48b4-a938-b2c614a8ebce', EFF_DT='', EXPIR_DT='', DESCR_FORMATTED='Courses with lecture', LUI_STATE='kuali.lui.activity.offering.state.approved', LUI_TYPE='kuali.lui.type.activity.offering.lecture', MAX_SEATS=25, MIN_SEATS=25, NAME='Lecture', DESCR_PLAIN='Courses with lecture', REF_URL=null where ID='0e25f556-7452-41ab-9318-2b3368867e85' and VER_NBR=1
/
update KSEN_LUI_IDENT set OBJ_ID='1c0b37c0-44e7-4ec3-b783-000dea1370e4', VER_NBR=2, UPDATEID='admin', UPDATETIME=TIMESTAMP '2014-02-06 10:44:43.486', LUI_CD='A', DIVISION='', IDENT_LEVEL='', LNG_NAME='', LUI_ID='0e25f556-7452-41ab-9318-2b3368867e85', ORGID='', SHRT_NAME='', LUI_ID_STATE='kuali.lui.identifier.state.active', SUFX_CD='', LUI_ID_TYPE='kuali.lui.identifier.type.official', VARTN='' where ID='3091875f-30c8-4c30-aa31-c5feac9ec11c' and VER_NBR=1
/
update KSEN_LUI_LU_CD set OBJ_ID='7080d856-a85d-4bc3-8417-f2f2766787b3', VER_NBR=2, UPDATEID='admin', UPDATETIME=TIMESTAMP '2014-02-06 10:44:43.486', DESCR_FORMATTED='', LUI_ID='0e25f556-7452-41ab-9318-2b3368867e85', DESCR_PLAIN='', LUI_LUCD_TYPE='kuali.lu.code.honorsOffering', VALUE=0 where ID='76cf97ff-b40a-4635-ad92-0135d39d0bd1' and VER_NBR=1
/
insert into KSEN_LUI_SCHEDULE (LUI_ID, SCHED_ID) values ('0e25f556-7452-41ab-9318-2b3368867e85', '41d8fb49-92f0-4595-9645-1b672c0d5a7f')
/
update KSEN_LPR set OBJ_ID='1031449d-b603-4259-885f-bd66ff9343e4', VER_NBR=1, UPDATEID='admin', UPDATETIME=TIMESTAMP '2014-02-06 10:44:43.486', ATP_ID='', COMMIT_PERCT='100.00', CREDITS='', EFF_DT=TIMESTAMP '2014-02-06 10:44:51.465', EXPIR_DT='', GRADING_OPT_ID='', LUI_ID='0e25f556-7452-41ab-9318-2b3368867e85', MASTER_LUI_ID='', PERS_ID='S.JULIAG', LPR_STATE='kuali.lpr.state.active', LPR_TYPE='kuali.lpr.type.instructor.main' where ID='29391d4f-fea2-4a0f-95b2-50d33c6d3ea1' and VER_NBR=0
/
insert into KSEN_SCHED (OBJ_ID, VER_NBR, CREATEID, CREATETIME, UPDATEID, UPDATETIME, ATP_ID, DESCR_FORMATTED, NAME, DESCR_PLAIN, SCHED_STATE, SCHED_TYPE, ID) values ('74bfc337-4cb2-4fbd-a81a-4732f151a9ad', 0, 'admin', TIMESTAMP '2014-02-06 10:44:43.486', 'admin', TIMESTAMP '2014-02-06 10:44:43.486', 'kuali.atp.2014Winter', '', '', '', 'kuali.scheduling.schedule.state.active', 'kuali.scheduling.schedule.type.schedule', 'ed852360-877e-4ab7-b27a-1994308e6fcf')
/
insert into KSEN_SCHED_CMP (OBJ_ID, TBA_IND, ROOM_ID, SCHED_ID, ID) values ('0d4b418d-2724-4d62-999e-2b91ab2bef5c', 0, '6dd715ea-cc9b-4cd1-9a34-f96628650406', 'ed852360-877e-4ab7-b27a-1994308e6fcf', '58e53dc5-334b-466b-9f3c-0c7804838b76')
/
insert into KSEN_SCHED_CMP_TMSLOT (SCHED_CMP_ID, TM_SLOT_ID) values ('58e53dc5-334b-466b-9f3c-0c7804838b76', '4A6971D2-447D-4359-B949-F4EDF104A0AA')
/
update KSEN_SCHED_RQST_CMP set OBJ_ID='', TBA_IND=0, SCHED_RQST_ID='46a261fa-0568-43c5-9b05-fdd89e24e73c' where ID='b2afd161-077c-49c9-8d88-a1c575fcadac'
/
update KSEN_SCHED_RQST set OBJ_ID='cd469e00-aeda-43df-a58f-bec311b2f11b', VER_NBR=1, UPDATEID='admin', UPDATETIME=TIMESTAMP '2014-02-06 10:44:43.486', DESCR_FORMATTED='', NAME='Schedule request for ENGL295 - B', DESCR_PLAIN='', SCHED_RQST_STATE='kuali.scheduling.schedule.request.state.created', SCHED_RQST_TYPE='kuali.scheduling.schedule.request.type.schedule.request', SCHED_ID='ed852360-877e-4ab7-b27a-1994308e6fcf', SCHED_RQST_SET_ID='908270c6-2a46-4baf-b136-69958b62095f' where ID='46a261fa-0568-43c5-9b05-fdd89e24e73c' and VER_NBR=0
/
delete from KSEN_SCHED_RQST_CMP_BLDG where CMP_ID='b2afd161-077c-49c9-8d88-a1c575fcadac'
/
insert into KSEN_SCHED_RQST_CMP_BLDG (CMP_ID, BUILDING_ID) values ('b2afd161-077c-49c9-8d88-a1c575fcadac', 'd5138c2b-01ee-4e81-b526-38ed2a7c60a3')
/
delete from KSEN_SCHED_RQST_CMP_CAMPUS where CMP_ID='b2afd161-077c-49c9-8d88-a1c575fcadac'
/
insert into KSEN_SCHED_RQST_CMP_CAMPUS (CMP_ID, CAMPUS_ID) values ('b2afd161-077c-49c9-8d88-a1c575fcadac', 'UMCP')
/
delete from KSEN_SCHED_RQST_CMP_ROOM where CMP_ID='b2afd161-077c-49c9-8d88-a1c575fcadac'
/
insert into KSEN_SCHED_RQST_CMP_ROOM (CMP_ID, ROOM_ID) values ('b2afd161-077c-49c9-8d88-a1c575fcadac', '6dd715ea-cc9b-4cd1-9a34-f96628650406')
/
delete from KSEN_SCHED_RQST_CMP_TMSLOT where CMP_ID='b2afd161-077c-49c9-8d88-a1c575fcadac'
/
insert into KSEN_SCHED_RQST_CMP_TMSLOT (CMP_ID, TM_SLOT_ID) values ('b2afd161-077c-49c9-8d88-a1c575fcadac', '4A6971D2-447D-4359-B949-F4EDF104A0AA')
/
update KSEN_LUI set OBJ_ID='54117cbb-63e9-40be-8e0c-5468defba4ae', VER_NBR=2, UPDATEID='admin', UPDATETIME=TIMESTAMP '2014-02-06 10:44:43.486', ATP_ID='kuali.atp.2014Winter', CLU_ID='074091f2-c391-4e95-9784-950f2ca7770b', EFF_DT='', EXPIR_DT='', DESCR_FORMATTED='Courses with lecture', LUI_STATE='kuali.lui.activity.offering.state.approved', LUI_TYPE='kuali.lui.type.activity.offering.lecture', MAX_SEATS=25, MIN_SEATS=25, NAME='Lecture', DESCR_PLAIN='Courses with lecture', REF_URL=null where ID='b4275bd1-d59e-4f9a-9ffa-40bf605756b1' and VER_NBR=1
/
update KSEN_LUI_IDENT set OBJ_ID='9990aa54-26d3-4719-918f-b77109c1ec65', VER_NBR=2, UPDATEID='admin', UPDATETIME=TIMESTAMP '2014-02-06 10:44:43.486', LUI_CD='B', DIVISION='', IDENT_LEVEL='', LNG_NAME='', LUI_ID='b4275bd1-d59e-4f9a-9ffa-40bf605756b1', ORGID='', SHRT_NAME='', LUI_ID_STATE='kuali.lui.identifier.state.active', SUFX_CD='', LUI_ID_TYPE='kuali.lui.identifier.type.official', VARTN='' where ID='f431040a-ee21-4c9b-b95c-a0af35f086fd' and VER_NBR=1
/
update KSEN_LUI_LU_CD set OBJ_ID='fd1506fd-2344-4d03-9af9-a694db036df7', VER_NBR=2, UPDATEID='admin', UPDATETIME=TIMESTAMP '2014-02-06 10:44:43.486', DESCR_FORMATTED='', LUI_ID='b4275bd1-d59e-4f9a-9ffa-40bf605756b1', DESCR_PLAIN='', LUI_LUCD_TYPE='kuali.lu.code.honorsOffering', VALUE=0 where ID='df3d5a45-27e1-48a9-a2d5-062e282469ea' and VER_NBR=1
/
insert into KSEN_LUI_SCHEDULE (LUI_ID, SCHED_ID) values ('b4275bd1-d59e-4f9a-9ffa-40bf605756b1', 'ed852360-877e-4ab7-b27a-1994308e6fcf')
/
update KSEN_LPR set OBJ_ID='7d69fe3a-0573-4936-b89c-8a795c191da2', VER_NBR=1, UPDATEID='admin', UPDATETIME=TIMESTAMP '2014-02-06 10:44:43.486', ATP_ID='', COMMIT_PERCT='100.00', CREDITS='', EFF_DT=TIMESTAMP '2014-02-06 10:44:51.904', EXPIR_DT='', GRADING_OPT_ID='', LUI_ID='b4275bd1-d59e-4f9a-9ffa-40bf605756b1', MASTER_LUI_ID='', PERS_ID='C.CORNELISB', LPR_STATE='kuali.lpr.state.active', LPR_TYPE='kuali.lpr.type.instructor.main' where ID='789d2dd2-9880-4eed-a0e5-face2aefcd5d' and VER_NBR=0
/
insert into KSEN_SCHED (OBJ_ID, VER_NBR, CREATEID, CREATETIME, UPDATEID, UPDATETIME, ATP_ID, DESCR_FORMATTED, NAME, DESCR_PLAIN, SCHED_STATE, SCHED_TYPE, ID) values ('7eda14ac-dac6-481c-9544-d722d3b8d30c', 0, 'admin', TIMESTAMP '2014-02-06 10:44:43.486', 'admin', TIMESTAMP '2014-02-06 10:44:43.486', 'kuali.atp.2014Winter', '', '', '', 'kuali.scheduling.schedule.state.active', 'kuali.scheduling.schedule.type.schedule', 'ca0a4c22-84db-4d6e-adb5-8a5581342c74')
/
insert into KSEN_SCHED_CMP (OBJ_ID, TBA_IND, ROOM_ID, SCHED_ID, ID) values ('dee87aba-efca-46a5-a1a9-9f9e57de10a0', 0, 'e26b7710-1faa-4f4e-ad57-52caec27baa9', 'ca0a4c22-84db-4d6e-adb5-8a5581342c74', '453b27bf-517b-4b8d-85a1-ee7f25e3484d')
/
insert into KSEN_SCHED_CMP_TMSLOT (SCHED_CMP_ID, TM_SLOT_ID) values ('453b27bf-517b-4b8d-85a1-ee7f25e3484d', '1262EF67-1E77-4CB0-96C8-BB0B69A2B131')
/
update KSEN_SCHED_RQST_CMP set OBJ_ID='', TBA_IND=0, SCHED_RQST_ID='67e8ffc7-330f-49df-b939-78f0bd50f7d0' where ID='5ee00981-31ea-4cf2-b0f8-2817e1561971'
/
update KSEN_SCHED_RQST set OBJ_ID='5af47f2b-af4a-4b15-9eba-dd9b1c479fbd', VER_NBR=1, UPDATEID='admin', UPDATETIME=TIMESTAMP '2014-02-06 10:44:43.486', DESCR_FORMATTED='A Schedule Request for ENGL243 section 0102', NAME='A Schedule Request for ENGL243 section 0102', DESCR_PLAIN='A Schedule Request for ENGL243 section 0102', SCHED_RQST_STATE='kuali.scheduling.schedule.request.state.created', SCHED_RQST_TYPE='kuali.scheduling.schedule.request.type.schedule.request', SCHED_ID='ca0a4c22-84db-4d6e-adb5-8a5581342c74', SCHED_RQST_SET_ID='7c272800-2b3a-4669-a7db-fddce0b0c131' where ID='67e8ffc7-330f-49df-b939-78f0bd50f7d0' and VER_NBR=0
/
delete from KSEN_SCHED_RQST_CMP_BLDG where CMP_ID='5ee00981-31ea-4cf2-b0f8-2817e1561971'
/
insert into KSEN_SCHED_RQST_CMP_BLDG (CMP_ID, BUILDING_ID) values ('5ee00981-31ea-4cf2-b0f8-2817e1561971', '84e53b2a-f39a-4b7a-8916-731087cff42d')
/
delete from KSEN_SCHED_RQST_CMP_ROOM where CMP_ID='5ee00981-31ea-4cf2-b0f8-2817e1561971'
/
insert into KSEN_SCHED_RQST_CMP_ROOM (CMP_ID, ROOM_ID) values ('5ee00981-31ea-4cf2-b0f8-2817e1561971', 'e26b7710-1faa-4f4e-ad57-52caec27baa9')
/
delete from KSEN_SCHED_RQST_CMP_TMSLOT where CMP_ID='5ee00981-31ea-4cf2-b0f8-2817e1561971'
/
insert into KSEN_SCHED_RQST_CMP_TMSLOT (CMP_ID, TM_SLOT_ID) values ('5ee00981-31ea-4cf2-b0f8-2817e1561971', '1262EF67-1E77-4CB0-96C8-BB0B69A2B131')
/
update KSEN_LUI set OBJ_ID='9042def1-4522-4933-9d60-c96853533704', VER_NBR=2, UPDATEID='admin', UPDATETIME=TIMESTAMP '2014-02-06 10:44:43.486', ATP_ID='kuali.atp.2014Winter', CLU_ID='69f87d52-5ab8-4c76-85d1-d753266cbeca', EFF_DT='', EXPIR_DT='', DESCR_FORMATTED='Courses with lecture', LUI_STATE='kuali.lui.activity.offering.state.approved', LUI_TYPE='kuali.lui.type.activity.offering.lecture', MAX_SEATS=30, MIN_SEATS=30, NAME='Lecture', DESCR_PLAIN='Courses with lecture', REF_URL=null where ID='0f39c165-ef25-4e91-a78f-75991bac1142' and VER_NBR=1
/
update KSEN_LUI_IDENT set OBJ_ID='bb187559-9ff4-41ab-b8f9-7808cef710cd', VER_NBR=2, UPDATEID='admin', UPDATETIME=TIMESTAMP '2014-02-06 10:44:43.486', LUI_CD='A', DIVISION='', IDENT_LEVEL='', LNG_NAME='', LUI_ID='0f39c165-ef25-4e91-a78f-75991bac1142', ORGID='', SHRT_NAME='', LUI_ID_STATE='kuali.lui.identifier.state.active', SUFX_CD='', LUI_ID_TYPE='kuali.lui.identifier.type.official', VARTN='' where ID='a057f29b-bc1f-4d8f-b6b4-3b10db1d26cc' and VER_NBR=1
/
update KSEN_LUI_LU_CD set OBJ_ID='2c2fac8f-75bb-4d03-9784-fe6e915ac8ee', VER_NBR=2, UPDATEID='admin', UPDATETIME=TIMESTAMP '2014-02-06 10:44:43.486', DESCR_FORMATTED='', LUI_ID='0f39c165-ef25-4e91-a78f-75991bac1142', DESCR_PLAIN='', LUI_LUCD_TYPE='kuali.lu.code.honorsOffering', VALUE=0 where ID='90d53443-23ed-4eb8-ab1e-ddc3497d55dd' and VER_NBR=1
/
insert into KSEN_LUI_SCHEDULE (LUI_ID, SCHED_ID) values ('0f39c165-ef25-4e91-a78f-75991bac1142', 'ca0a4c22-84db-4d6e-adb5-8a5581342c74')
/
update KSEN_LPR set OBJ_ID='c21d6d51-c4e2-4bd7-97c5-ecb33193f8ee', VER_NBR=1, UPDATEID='admin', UPDATETIME=TIMESTAMP '2014-02-06 10:44:43.486', ATP_ID='', COMMIT_PERCT='100.00', CREDITS='', EFF_DT=TIMESTAMP '2014-02-06 10:44:52.6', EXPIR_DT='', GRADING_OPT_ID='', LUI_ID='0f39c165-ef25-4e91-a78f-75991bac1142', MASTER_LUI_ID='', PERS_ID='C.TERRYE', LPR_STATE='kuali.lpr.state.active', LPR_TYPE='kuali.lpr.type.instructor.main' where ID='8b6e7f4f-2341-4791-82b2-5f55f61179e7' and VER_NBR=0
/
insert into KSEN_SCHED (OBJ_ID, VER_NBR, CREATEID, CREATETIME, UPDATEID, UPDATETIME, ATP_ID, DESCR_FORMATTED, NAME, DESCR_PLAIN, SCHED_STATE, SCHED_TYPE, ID) values ('9d990b10-1d2f-45a9-af5e-a6cd1f4af75d', 0, 'admin', TIMESTAMP '2014-02-06 10:44:43.486', 'admin', TIMESTAMP '2014-02-06 10:44:43.486', 'kuali.atp.2014Winter', '', '', '', 'kuali.scheduling.schedule.state.active', 'kuali.scheduling.schedule.type.schedule', '1aaa41d7-3a84-4cd1-9bb1-5c2b98b476af')
/
insert into KSEN_SCHED_CMP (OBJ_ID, TBA_IND, ROOM_ID, SCHED_ID, ID) values ('a7a02be2-847a-4df2-bae5-41713e617702', 0, '6dd715ea-cc9b-4cd1-9a34-f96628650406', '1aaa41d7-3a84-4cd1-9bb1-5c2b98b476af', 'b90a7512-d248-4861-91ac-ebcd69afe89a')
/
insert into KSEN_SCHED_CMP_TMSLOT (SCHED_CMP_ID, TM_SLOT_ID) values ('b90a7512-d248-4861-91ac-ebcd69afe89a', '4A6971D2-447D-4359-B949-F4EDF104A0AA')
/
update KSEN_SCHED_RQST_CMP set OBJ_ID='', TBA_IND=0, SCHED_RQST_ID='23afac54-8c27-4496-abc7-d62fa0205347' where ID='7b7082b6-4dc6-4cb4-976f-956e16945995'
/
update KSEN_SCHED_RQST set OBJ_ID='c90fb6b1-ff54-4613-af74-840e8a7c9bdb', VER_NBR=1, UPDATEID='admin', UPDATETIME=TIMESTAMP '2014-02-06 10:44:43.486', DESCR_FORMATTED='', NAME='Schedule request for ENGL243 - B', DESCR_PLAIN='', SCHED_RQST_STATE='kuali.scheduling.schedule.request.state.created', SCHED_RQST_TYPE='kuali.scheduling.schedule.request.type.schedule.request', SCHED_ID='1aaa41d7-3a84-4cd1-9bb1-5c2b98b476af', SCHED_RQST_SET_ID='cf8a1411-5dde-46e8-b474-14a096359e9e' where ID='23afac54-8c27-4496-abc7-d62fa0205347' and VER_NBR=0
/
delete from KSEN_SCHED_RQST_CMP_BLDG where CMP_ID='7b7082b6-4dc6-4cb4-976f-956e16945995'
/
insert into KSEN_SCHED_RQST_CMP_BLDG (CMP_ID, BUILDING_ID) values ('7b7082b6-4dc6-4cb4-976f-956e16945995', 'd5138c2b-01ee-4e81-b526-38ed2a7c60a3')
/
delete from KSEN_SCHED_RQST_CMP_CAMPUS where CMP_ID='7b7082b6-4dc6-4cb4-976f-956e16945995'
/
insert into KSEN_SCHED_RQST_CMP_CAMPUS (CMP_ID, CAMPUS_ID) values ('7b7082b6-4dc6-4cb4-976f-956e16945995', 'UMCP')
/
delete from KSEN_SCHED_RQST_CMP_ROOM where CMP_ID='7b7082b6-4dc6-4cb4-976f-956e16945995'
/
insert into KSEN_SCHED_RQST_CMP_ROOM (CMP_ID, ROOM_ID) values ('7b7082b6-4dc6-4cb4-976f-956e16945995', '6dd715ea-cc9b-4cd1-9a34-f96628650406')
/
delete from KSEN_SCHED_RQST_CMP_TMSLOT where CMP_ID='7b7082b6-4dc6-4cb4-976f-956e16945995'
/
insert into KSEN_SCHED_RQST_CMP_TMSLOT (CMP_ID, TM_SLOT_ID) values ('7b7082b6-4dc6-4cb4-976f-956e16945995', '4A6971D2-447D-4359-B949-F4EDF104A0AA')
/
update KSEN_LUI set OBJ_ID='98681baa-9888-4fa8-b5a3-a86ec05dde42', VER_NBR=2, UPDATEID='admin', UPDATETIME=TIMESTAMP '2014-02-06 10:44:43.486', ATP_ID='kuali.atp.2014Winter', CLU_ID='668d892b-5335-490e-8883-b913c8c4818f', EFF_DT='', EXPIR_DT='', DESCR_FORMATTED='Courses with lecture', LUI_STATE='kuali.lui.activity.offering.state.approved', LUI_TYPE='kuali.lui.type.activity.offering.lecture', MAX_SEATS=30, MIN_SEATS=30, NAME='Lecture', DESCR_PLAIN='Courses with lecture', REF_URL=null where ID='5c76e4a3-9da1-4093-8196-650ae13ec631' and VER_NBR=1
/
update KSEN_LUI_IDENT set OBJ_ID='af7b58a2-68ea-47e3-92a1-e44e5a1c3163', VER_NBR=2, UPDATEID='admin', UPDATETIME=TIMESTAMP '2014-02-06 10:44:43.486', LUI_CD='B', DIVISION='', IDENT_LEVEL='', LNG_NAME='', LUI_ID='5c76e4a3-9da1-4093-8196-650ae13ec631', ORGID='', SHRT_NAME='', LUI_ID_STATE='kuali.lui.identifier.state.active', SUFX_CD='', LUI_ID_TYPE='kuali.lui.identifier.type.official', VARTN='' where ID='930803e7-a2ee-4b42-a171-dbbd69680d38' and VER_NBR=1
/
update KSEN_LUI_LU_CD set OBJ_ID='9f8899bf-1975-48da-9ef1-f316578a2b85', VER_NBR=2, UPDATEID='admin', UPDATETIME=TIMESTAMP '2014-02-06 10:44:43.486', DESCR_FORMATTED='', LUI_ID='5c76e4a3-9da1-4093-8196-650ae13ec631', DESCR_PLAIN='', LUI_LUCD_TYPE='kuali.lu.code.honorsOffering', VALUE=0 where ID='a7b79265-18bb-4e64-874e-b893e8ebb8ff' and VER_NBR=1
/
insert into KSEN_LUI_SCHEDULE (LUI_ID, SCHED_ID) values ('5c76e4a3-9da1-4093-8196-650ae13ec631', '1aaa41d7-3a84-4cd1-9bb1-5c2b98b476af')
/
update KSEN_LPR set OBJ_ID='785c499b-4d30-4464-a96f-dbe5222689c5', VER_NBR=1, UPDATEID='admin', UPDATETIME=TIMESTAMP '2014-02-06 10:44:43.486', ATP_ID='', COMMIT_PERCT='100.00', CREDITS='', EFF_DT=TIMESTAMP '2014-02-06 10:44:53.128', EXPIR_DT='', GRADING_OPT_ID='', LUI_ID='5c76e4a3-9da1-4093-8196-650ae13ec631', MASTER_LUI_ID='', PERS_ID='H.VICKIP', LPR_STATE='kuali.lpr.state.active', LPR_TYPE='kuali.lpr.type.instructor.main' where ID='ee90e8fc-d958-49ca-beb1-a9ef0dea0dc5' and VER_NBR=0
/
insert into KSEN_SCHED (OBJ_ID, VER_NBR, CREATEID, CREATETIME, UPDATEID, UPDATETIME, ATP_ID, DESCR_FORMATTED, NAME, DESCR_PLAIN, SCHED_STATE, SCHED_TYPE, ID) values ('b0bd3c3c-e57d-4b6f-b9f2-f10ee47654c7', 0, 'admin', TIMESTAMP '2014-02-06 10:44:43.486', 'admin', TIMESTAMP '2014-02-06 10:44:43.486', 'kuali.atp.2014Winter', '', '', '', 'kuali.scheduling.schedule.state.active', 'kuali.scheduling.schedule.type.schedule', '4a73708f-bdc4-4f2a-af69-e30b1e15fe6a')
/
insert into KSEN_SCHED_CMP (OBJ_ID, TBA_IND, ROOM_ID, SCHED_ID, ID) values ('6fb935ff-d1d5-413f-9899-ca749c67d337', 1, '', '4a73708f-bdc4-4f2a-af69-e30b1e15fe6a', '77b6445b-48db-43ab-a857-2c7fec05fd21')
/
insert into KSEN_SCHED_CMP_TMSLOT (SCHED_CMP_ID, TM_SLOT_ID) values ('77b6445b-48db-43ab-a857-2c7fec05fd21', '4A6971D2-447D-4359-B949-F4EDF104A0AA')
/
update KSEN_SCHED_RQST_CMP set OBJ_ID='', TBA_IND=1, SCHED_RQST_ID='a9f4579e-92c1-4f57-bbbc-b3a016faf853' where ID='b20a87c3-5212-4b9b-b6c8-d858c7f01937'
/
update KSEN_SCHED_RQST set OBJ_ID='aca14dc5-d082-4a77-8e28-37f4da11ccf1', VER_NBR=1, UPDATEID='admin', UPDATETIME=TIMESTAMP '2014-02-06 10:44:43.486', DESCR_FORMATTED='', NAME='Schedule request for WMST469T - A', DESCR_PLAIN='', SCHED_RQST_STATE='kuali.scheduling.schedule.request.state.created', SCHED_RQST_TYPE='kuali.scheduling.schedule.request.type.schedule.request', SCHED_ID='4a73708f-bdc4-4f2a-af69-e30b1e15fe6a', SCHED_RQST_SET_ID='2a6ec3b6-8c46-4ee5-8a26-5917a28007b1' where ID='a9f4579e-92c1-4f57-bbbc-b3a016faf853' and VER_NBR=0
/
delete from KSEN_SCHED_RQST_CMP_TMSLOT where CMP_ID='b20a87c3-5212-4b9b-b6c8-d858c7f01937'
/
insert into KSEN_SCHED_RQST_CMP_TMSLOT (CMP_ID, TM_SLOT_ID) values ('b20a87c3-5212-4b9b-b6c8-d858c7f01937', '4A6971D2-447D-4359-B949-F4EDF104A0AA')
/
update KSEN_LUI set OBJ_ID='45a11ffe-e28a-41fb-8b50-a46910b15337', VER_NBR=2, UPDATEID='admin', UPDATETIME=TIMESTAMP '2014-02-06 10:44:43.486', ATP_ID='kuali.atp.2014Winter', CLU_ID='0b5c76ff-9f50-41d6-a505-bc39ccba5f8c', EFF_DT='', EXPIR_DT='', DESCR_FORMATTED='Courses with lecture', LUI_STATE='kuali.lui.activity.offering.state.approved', LUI_TYPE='kuali.lui.type.activity.offering.lecture', MAX_SEATS=1, MIN_SEATS='', NAME='Lecture', DESCR_PLAIN='Courses with lecture', REF_URL=null where ID='54ed5416-7190-4da7-8031-103142f250c6' and VER_NBR=1
/
update KSEN_LUI_IDENT set OBJ_ID='30c02e05-acd3-4c81-8a06-8a02422968b7', VER_NBR=2, UPDATEID='admin', UPDATETIME=TIMESTAMP '2014-02-06 10:44:43.486', LUI_CD='A', DIVISION='', IDENT_LEVEL='', LNG_NAME='', LUI_ID='54ed5416-7190-4da7-8031-103142f250c6', ORGID='', SHRT_NAME='', LUI_ID_STATE='kuali.lui.identifier.state.active', SUFX_CD='', LUI_ID_TYPE='kuali.lui.identifier.type.official', VARTN='' where ID='4cba38a3-e26e-4fe3-b3e2-29ca9f760049' and VER_NBR=1
/
update KSEN_LUI_LU_CD set OBJ_ID='68bfab0e-cac3-4097-a6dc-ed2a51d75e2f', VER_NBR=2, UPDATEID='admin', UPDATETIME=TIMESTAMP '2014-02-06 10:44:43.486', DESCR_FORMATTED='', LUI_ID='54ed5416-7190-4da7-8031-103142f250c6', DESCR_PLAIN='', LUI_LUCD_TYPE='kuali.lu.code.honorsOffering', VALUE=0 where ID='50cb7b77-d305-4190-a080-840e43cfbf25' and VER_NBR=1
/
insert into KSEN_LUI_SCHEDULE (LUI_ID, SCHED_ID) values ('54ed5416-7190-4da7-8031-103142f250c6', '4a73708f-bdc4-4f2a-af69-e30b1e15fe6a')
/
update KSEN_LPR set OBJ_ID='e1298a71-e0cf-426e-80ea-94a4ab2809ee', VER_NBR=1, UPDATEID='admin', UPDATETIME=TIMESTAMP '2014-02-06 10:44:43.486', ATP_ID='', COMMIT_PERCT='100.00', CREDITS='', EFF_DT=TIMESTAMP '2014-02-06 10:44:53.664', EXPIR_DT='', GRADING_OPT_ID='', LUI_ID='54ed5416-7190-4da7-8031-103142f250c6', MASTER_LUI_ID='', PERS_ID='D.ALEXD', LPR_STATE='kuali.lpr.state.active', LPR_TYPE='kuali.lpr.type.instructor.main' where ID='4f7673bc-67dd-40da-a885-4529eb2c03bd' and VER_NBR=0
/
insert into KSEN_SCHED (OBJ_ID, VER_NBR, CREATEID, CREATETIME, UPDATEID, UPDATETIME, ATP_ID, DESCR_FORMATTED, NAME, DESCR_PLAIN, SCHED_STATE, SCHED_TYPE, ID) values ('c187257b-5c91-4401-96c4-86a9540a31ba', 0, 'admin', TIMESTAMP '2014-02-06 10:44:43.486', 'admin', TIMESTAMP '2014-02-06 10:44:43.486', 'kuali.atp.2014Winter', '', '', '', 'kuali.scheduling.schedule.state.active', 'kuali.scheduling.schedule.type.schedule', 'f30b8e34-8998-46d0-b1cb-38b1fcf4f82a')
/
insert into KSEN_SCHED_CMP (OBJ_ID, TBA_IND, ROOM_ID, SCHED_ID, ID) values ('f6e42463-4a22-4ef4-8040-d14166dbf9a3', 0, '6dd715ea-cc9b-4cd1-9a34-f96628650406', 'f30b8e34-8998-46d0-b1cb-38b1fcf4f82a', 'b8c267b5-1c1f-4fc5-845b-469692855ca8')
/
insert into KSEN_SCHED_CMP_TMSLOT (SCHED_CMP_ID, TM_SLOT_ID) values ('b8c267b5-1c1f-4fc5-845b-469692855ca8', '4A6971D2-447D-4359-B949-F4EDF104A0AA')
/
update KSEN_SCHED_RQST_CMP set OBJ_ID='', TBA_IND=0, SCHED_RQST_ID='0827027b-8b5f-4e67-9364-f706d64bd3d7' where ID='4cb1f1bd-7031-4e1b-817d-944dd063feb0'
/
update KSEN_SCHED_RQST set OBJ_ID='84cd039c-fa57-455e-bab6-4466472ef2e2', VER_NBR=1, UPDATEID='admin', UPDATETIME=TIMESTAMP '2014-02-06 10:44:43.486', DESCR_FORMATTED='', NAME='Schedule request for ENGL245 - A', DESCR_PLAIN='', SCHED_RQST_STATE='kuali.scheduling.schedule.request.state.created', SCHED_RQST_TYPE='kuali.scheduling.schedule.request.type.schedule.request', SCHED_ID='f30b8e34-8998-46d0-b1cb-38b1fcf4f82a', SCHED_RQST_SET_ID='b210bd11-7414-4c36-9255-bcba48444919' where ID='0827027b-8b5f-4e67-9364-f706d64bd3d7' and VER_NBR=0
/
delete from KSEN_SCHED_RQST_CMP_BLDG where CMP_ID='4cb1f1bd-7031-4e1b-817d-944dd063feb0'
/
insert into KSEN_SCHED_RQST_CMP_BLDG (CMP_ID, BUILDING_ID) values ('4cb1f1bd-7031-4e1b-817d-944dd063feb0', 'd5138c2b-01ee-4e81-b526-38ed2a7c60a3')
/
delete from KSEN_SCHED_RQST_CMP_CAMPUS where CMP_ID='4cb1f1bd-7031-4e1b-817d-944dd063feb0'
/
insert into KSEN_SCHED_RQST_CMP_CAMPUS (CMP_ID, CAMPUS_ID) values ('4cb1f1bd-7031-4e1b-817d-944dd063feb0', 'UMCP')
/
delete from KSEN_SCHED_RQST_CMP_ROOM where CMP_ID='4cb1f1bd-7031-4e1b-817d-944dd063feb0'
/
insert into KSEN_SCHED_RQST_CMP_ROOM (CMP_ID, ROOM_ID) values ('4cb1f1bd-7031-4e1b-817d-944dd063feb0', '6dd715ea-cc9b-4cd1-9a34-f96628650406')
/
delete from KSEN_SCHED_RQST_CMP_TMSLOT where CMP_ID='4cb1f1bd-7031-4e1b-817d-944dd063feb0'
/
insert into KSEN_SCHED_RQST_CMP_TMSLOT (CMP_ID, TM_SLOT_ID) values ('4cb1f1bd-7031-4e1b-817d-944dd063feb0', '4A6971D2-447D-4359-B949-F4EDF104A0AA')
/
update KSEN_LUI set OBJ_ID='95bb06bb-bc83-4f10-8913-dfe99b4c3978', VER_NBR=2, UPDATEID='admin', UPDATETIME=TIMESTAMP '2014-02-06 10:44:43.486', ATP_ID='kuali.atp.2014Winter', CLU_ID='3853b95e-b7b9-49f7-b981-10a1202d9c49', EFF_DT='', EXPIR_DT='', DESCR_FORMATTED='Courses with lecture', LUI_STATE='kuali.lui.activity.offering.state.approved', LUI_TYPE='kuali.lui.type.activity.offering.lecture', MAX_SEATS=25, MIN_SEATS=25, NAME='Lecture', DESCR_PLAIN='Courses with lecture', REF_URL=null where ID='473a5742-3d8d-439e-8478-dba85a8ee47e' and VER_NBR=1
/
update KSEN_LUI_IDENT set OBJ_ID='e39c5d2c-716b-4caa-8100-886d0fc5b2b4', VER_NBR=2, UPDATEID='admin', UPDATETIME=TIMESTAMP '2014-02-06 10:44:43.486', LUI_CD='A', DIVISION='', IDENT_LEVEL='', LNG_NAME='', LUI_ID='473a5742-3d8d-439e-8478-dba85a8ee47e', ORGID='', SHRT_NAME='', LUI_ID_STATE='kuali.lui.identifier.state.active', SUFX_CD='', LUI_ID_TYPE='kuali.lui.identifier.type.official', VARTN='' where ID='3f187d5b-f797-4ef3-b3cb-ca2c9064fe2c' and VER_NBR=1
/
update KSEN_LUI_LU_CD set OBJ_ID='9b220dab-914d-4591-a077-aafa88d70ba4', VER_NBR=2, UPDATEID='admin', UPDATETIME=TIMESTAMP '2014-02-06 10:44:43.486', DESCR_FORMATTED='', LUI_ID='473a5742-3d8d-439e-8478-dba85a8ee47e', DESCR_PLAIN='', LUI_LUCD_TYPE='kuali.lu.code.honorsOffering', VALUE=0 where ID='f4fe64ee-440d-4af8-b196-5a14c1abdad8' and VER_NBR=1
/
insert into KSEN_LUI_SCHEDULE (LUI_ID, SCHED_ID) values ('473a5742-3d8d-439e-8478-dba85a8ee47e', 'f30b8e34-8998-46d0-b1cb-38b1fcf4f82a')
/
update KSEN_LPR set OBJ_ID='9ee9146a-45ac-47a7-9391-f4e851fb7995', VER_NBR=1, UPDATEID='admin', UPDATETIME=TIMESTAMP '2014-02-06 10:44:43.486', ATP_ID='', COMMIT_PERCT='100.00', CREDITS='', EFF_DT=TIMESTAMP '2014-02-06 10:44:54.29', EXPIR_DT='', GRADING_OPT_ID='', LUI_ID='473a5742-3d8d-439e-8478-dba85a8ee47e', MASTER_LUI_ID='', PERS_ID='H.KEITHN', LPR_STATE='kuali.lpr.state.active', LPR_TYPE='kuali.lpr.type.instructor.main' where ID='f0747950-2758-44fe-a122-f472c42e05d8' and VER_NBR=0
/
insert into KSEN_SCHED (OBJ_ID, VER_NBR, CREATEID, CREATETIME, UPDATEID, UPDATETIME, ATP_ID, DESCR_FORMATTED, NAME, DESCR_PLAIN, SCHED_STATE, SCHED_TYPE, ID) values ('c8f53427-7f3e-4dc7-a867-dede4a3ce69e', 0, 'admin', TIMESTAMP '2014-02-06 10:44:43.486', 'admin', TIMESTAMP '2014-02-06 10:44:43.486', 'kuali.atp.2014Winter', '', '', '', 'kuali.scheduling.schedule.state.active', 'kuali.scheduling.schedule.type.schedule', '023fdc62-317e-4c6f-8836-82ba47f6aaac')
/
insert into KSEN_SCHED_CMP (OBJ_ID, TBA_IND, ROOM_ID, SCHED_ID, ID) values ('139a535c-a610-4488-ad1a-b7af62b5fe33', 0, '6dd715ea-cc9b-4cd1-9a34-f96628650406', '023fdc62-317e-4c6f-8836-82ba47f6aaac', '49061a17-d230-41f6-9777-7bfec2c0948a')
/
insert into KSEN_SCHED_CMP_TMSLOT (SCHED_CMP_ID, TM_SLOT_ID) values ('49061a17-d230-41f6-9777-7bfec2c0948a', '4A6971D2-447D-4359-B949-F4EDF104A0AA')
/
update KSEN_SCHED_RQST_CMP set OBJ_ID='', TBA_IND=0, SCHED_RQST_ID='6d45b41d-a1c4-4167-a5c6-76000bea01f5' where ID='5b0fd4fe-86c2-493d-8fd4-03ce341587a4'
/
update KSEN_SCHED_RQST set OBJ_ID='5de9245b-8d88-43e0-af20-ae079cf7c0d5', VER_NBR=1, UPDATEID='admin', UPDATETIME=TIMESTAMP '2014-02-06 10:44:43.486', DESCR_FORMATTED='', NAME='Schedule request for ENGL245 - B', DESCR_PLAIN='', SCHED_RQST_STATE='kuali.scheduling.schedule.request.state.created', SCHED_RQST_TYPE='kuali.scheduling.schedule.request.type.schedule.request', SCHED_ID='023fdc62-317e-4c6f-8836-82ba47f6aaac', SCHED_RQST_SET_ID='862037f8-c5c5-4cfd-bf5f-22bf813dea09' where ID='6d45b41d-a1c4-4167-a5c6-76000bea01f5' and VER_NBR=0
/
delete from KSEN_SCHED_RQST_CMP_BLDG where CMP_ID='5b0fd4fe-86c2-493d-8fd4-03ce341587a4'
/
insert into KSEN_SCHED_RQST_CMP_BLDG (CMP_ID, BUILDING_ID) values ('5b0fd4fe-86c2-493d-8fd4-03ce341587a4', 'd5138c2b-01ee-4e81-b526-38ed2a7c60a3')
/
delete from KSEN_SCHED_RQST_CMP_CAMPUS where CMP_ID='5b0fd4fe-86c2-493d-8fd4-03ce341587a4'
/
insert into KSEN_SCHED_RQST_CMP_CAMPUS (CMP_ID, CAMPUS_ID) values ('5b0fd4fe-86c2-493d-8fd4-03ce341587a4', 'UMCP')
/
delete from KSEN_SCHED_RQST_CMP_ROOM where CMP_ID='5b0fd4fe-86c2-493d-8fd4-03ce341587a4'
/
insert into KSEN_SCHED_RQST_CMP_ROOM (CMP_ID, ROOM_ID) values ('5b0fd4fe-86c2-493d-8fd4-03ce341587a4', '6dd715ea-cc9b-4cd1-9a34-f96628650406')
/
delete from KSEN_SCHED_RQST_CMP_TMSLOT where CMP_ID='5b0fd4fe-86c2-493d-8fd4-03ce341587a4'
/
insert into KSEN_SCHED_RQST_CMP_TMSLOT (CMP_ID, TM_SLOT_ID) values ('5b0fd4fe-86c2-493d-8fd4-03ce341587a4', '4A6971D2-447D-4359-B949-F4EDF104A0AA')
/
update KSEN_LUI set OBJ_ID='4614cb33-61bb-449b-b1b4-e14c56cb52e4', VER_NBR=2, UPDATEID='admin', UPDATETIME=TIMESTAMP '2014-02-06 10:44:43.486', ATP_ID='kuali.atp.2014Winter', CLU_ID='46190799-c191-458f-a242-7084e92ec5da', EFF_DT='', EXPIR_DT='', DESCR_FORMATTED='Courses with lecture', LUI_STATE='kuali.lui.activity.offering.state.approved', LUI_TYPE='kuali.lui.type.activity.offering.lecture', MAX_SEATS=20, MIN_SEATS=20, NAME='Lecture', DESCR_PLAIN='Courses with lecture', REF_URL=null where ID='7e907718-2675-4264-a758-4a20a8ee8155' and VER_NBR=1
/
update KSEN_LUI_IDENT set OBJ_ID='9b63ba50-72a8-4bc8-9267-7db11f82fee2', VER_NBR=2, UPDATEID='admin', UPDATETIME=TIMESTAMP '2014-02-06 10:44:43.486', LUI_CD='B', DIVISION='', IDENT_LEVEL='', LNG_NAME='', LUI_ID='7e907718-2675-4264-a758-4a20a8ee8155', ORGID='', SHRT_NAME='', LUI_ID_STATE='kuali.lui.identifier.state.active', SUFX_CD='', LUI_ID_TYPE='kuali.lui.identifier.type.official', VARTN='' where ID='9eb0f904-5667-4e8d-bb71-98b14ec42418' and VER_NBR=1
/
update KSEN_LUI_LU_CD set OBJ_ID='f9d56990-229e-475d-9f31-2b9cd99033a8', VER_NBR=2, UPDATEID='admin', UPDATETIME=TIMESTAMP '2014-02-06 10:44:43.486', DESCR_FORMATTED='', LUI_ID='7e907718-2675-4264-a758-4a20a8ee8155', DESCR_PLAIN='', LUI_LUCD_TYPE='kuali.lu.code.honorsOffering', VALUE=0 where ID='c1f93e6b-edc6-4d64-945c-d2deafe643f8' and VER_NBR=1
/
insert into KSEN_LUI_SCHEDULE (LUI_ID, SCHED_ID) values ('7e907718-2675-4264-a758-4a20a8ee8155', '023fdc62-317e-4c6f-8836-82ba47f6aaac')
/
update KSEN_LPR set OBJ_ID='a47e8319-d5d8-4cb9-aacf-59c90ddc7421', VER_NBR=1, UPDATEID='admin', UPDATETIME=TIMESTAMP '2014-02-06 10:44:43.486', ATP_ID='', COMMIT_PERCT='100.00', CREDITS='', EFF_DT=TIMESTAMP '2014-02-06 10:44:54.913', EXPIR_DT='', GRADING_OPT_ID='', LUI_ID='7e907718-2675-4264-a758-4a20a8ee8155', MASTER_LUI_ID='', PERS_ID='F.SYDNEYL', LPR_STATE='kuali.lpr.state.active', LPR_TYPE='kuali.lpr.type.instructor.main' where ID='755ae7c8-6513-47ce-be37-00451966e8bd' and VER_NBR=0
/
insert into KSEN_SCHED (OBJ_ID, VER_NBR, CREATEID, CREATETIME, UPDATEID, UPDATETIME, ATP_ID, DESCR_FORMATTED, NAME, DESCR_PLAIN, SCHED_STATE, SCHED_TYPE, ID) values ('98417bcf-1431-4727-8c5d-71500b358678', 0, 'admin', TIMESTAMP '2014-02-06 10:44:43.486', 'admin', TIMESTAMP '2014-02-06 10:44:43.486', 'kuali.atp.2014Winter', '', '', '', 'kuali.scheduling.schedule.state.active', 'kuali.scheduling.schedule.type.schedule', '4d8bd7be-59fc-430f-ab54-e262b74a3c0e')
/
insert into KSEN_SCHED_CMP (OBJ_ID, TBA_IND, ROOM_ID, SCHED_ID, ID) values ('939ee93c-8d1c-4a20-8471-4021fc1c6e34', 1, '', '4d8bd7be-59fc-430f-ab54-e262b74a3c0e', '027a2f27-d51c-4cd7-b6e0-bcc1293fc898')
/
insert into KSEN_SCHED_CMP_TMSLOT (SCHED_CMP_ID, TM_SLOT_ID) values ('027a2f27-d51c-4cd7-b6e0-bcc1293fc898', '4A6971D2-447D-4359-B949-F4EDF104A0AA')
/
update KSEN_SCHED_RQST_CMP set OBJ_ID='', TBA_IND=1, SCHED_RQST_ID='eecc9c84-b48d-494e-b246-f92d66db48a5' where ID='0abfb889-c32e-4b6b-a623-a4be5c41721c'
/
update KSEN_SCHED_RQST set OBJ_ID='7d9c5a48-0de6-440e-8190-cd58a8d79f2f', VER_NBR=1, UPDATEID='admin', UPDATETIME=TIMESTAMP '2014-02-06 10:44:43.486', DESCR_FORMATTED='', NAME='Schedule request for HIST619A - A', DESCR_PLAIN='', SCHED_RQST_STATE='kuali.scheduling.schedule.request.state.created', SCHED_RQST_TYPE='kuali.scheduling.schedule.request.type.schedule.request', SCHED_ID='4d8bd7be-59fc-430f-ab54-e262b74a3c0e', SCHED_RQST_SET_ID='2c81b671-99e7-4234-af20-04fa07654941' where ID='eecc9c84-b48d-494e-b246-f92d66db48a5' and VER_NBR=0
/
delete from KSEN_SCHED_RQST_CMP_TMSLOT where CMP_ID='0abfb889-c32e-4b6b-a623-a4be5c41721c'
/
insert into KSEN_SCHED_RQST_CMP_TMSLOT (CMP_ID, TM_SLOT_ID) values ('0abfb889-c32e-4b6b-a623-a4be5c41721c', '4A6971D2-447D-4359-B949-F4EDF104A0AA')
/
update KSEN_LUI set OBJ_ID='20405d3b-234a-4218-9b90-9add1de37a9c', VER_NBR=2, UPDATEID='admin', UPDATETIME=TIMESTAMP '2014-02-06 10:44:43.486', ATP_ID='kuali.atp.2014Winter', CLU_ID='82a1e5ca-81ac-4a6b-8fc1-5f4cb0000660', EFF_DT='', EXPIR_DT='', DESCR_FORMATTED='Courses with lecture', LUI_STATE='kuali.lui.activity.offering.state.approved', LUI_TYPE='kuali.lui.type.activity.offering.lecture', MAX_SEATS=10, MIN_SEATS=10, NAME='Lecture', DESCR_PLAIN='Courses with lecture', REF_URL=null where ID='2b0fc2e2-b2db-4b13-968d-9f4036471a73' and VER_NBR=1
/
update KSEN_LUI_IDENT set OBJ_ID='7933b676-6059-468c-8d77-d3590d692b94', VER_NBR=2, UPDATEID='admin', UPDATETIME=TIMESTAMP '2014-02-06 10:44:43.486', LUI_CD='A', DIVISION='', IDENT_LEVEL='', LNG_NAME='', LUI_ID='2b0fc2e2-b2db-4b13-968d-9f4036471a73', ORGID='', SHRT_NAME='', LUI_ID_STATE='kuali.lui.identifier.state.active', SUFX_CD='', LUI_ID_TYPE='kuali.lui.identifier.type.official', VARTN='' where ID='cb702da7-738c-4dc9-bda5-99997492b5f7' and VER_NBR=1
/
update KSEN_LUI_LU_CD set OBJ_ID='d03b7c5c-46b5-48bc-9518-2390de0474e7', VER_NBR=2, UPDATEID='admin', UPDATETIME=TIMESTAMP '2014-02-06 10:44:43.486', DESCR_FORMATTED='', LUI_ID='2b0fc2e2-b2db-4b13-968d-9f4036471a73', DESCR_PLAIN='', LUI_LUCD_TYPE='kuali.lu.code.honorsOffering', VALUE=0 where ID='7df0d2d9-adc8-4efc-9a98-4b15916fd4db' and VER_NBR=1
/
insert into KSEN_LUI_SCHEDULE (LUI_ID, SCHED_ID) values ('2b0fc2e2-b2db-4b13-968d-9f4036471a73', '4d8bd7be-59fc-430f-ab54-e262b74a3c0e')
/
update KSEN_LPR set OBJ_ID='8d4dce78-bb80-48f8-821d-c669c01208b7', VER_NBR=1, UPDATEID='admin', UPDATETIME=TIMESTAMP '2014-02-06 10:44:43.486', ATP_ID='', COMMIT_PERCT='100.00', CREDITS='', EFF_DT=TIMESTAMP '2014-02-06 10:44:55.43', EXPIR_DT='', GRADING_OPT_ID='', LUI_ID='2b0fc2e2-b2db-4b13-968d-9f4036471a73', MASTER_LUI_ID='', PERS_ID='S.KENNETHI', LPR_STATE='kuali.lpr.state.active', LPR_TYPE='kuali.lpr.type.instructor.main' where ID='4fcd0332-7fa8-45f8-a5fe-7041a4f09abe' and VER_NBR=0
/
insert into KSEN_SCHED (OBJ_ID, VER_NBR, CREATEID, CREATETIME, UPDATEID, UPDATETIME, ATP_ID, DESCR_FORMATTED, NAME, DESCR_PLAIN, SCHED_STATE, SCHED_TYPE, ID) values ('5a48f318-d7cc-4a05-9755-40a5d41a7f47', 0, 'admin', TIMESTAMP '2014-02-06 10:44:43.486', 'admin', TIMESTAMP '2014-02-06 10:44:43.486', 'kuali.atp.2014Winter', '', '', '', 'kuali.scheduling.schedule.state.active', 'kuali.scheduling.schedule.type.schedule', '22f04a1b-7511-462a-8e1e-acac6391b192')
/
insert into KSEN_SCHED_CMP (OBJ_ID, TBA_IND, ROOM_ID, SCHED_ID, ID) values ('ea4e248e-2b03-44fc-891c-df6c58e6d206', 0, '6dd715ea-cc9b-4cd1-9a34-f96628650406', '22f04a1b-7511-462a-8e1e-acac6391b192', 'fd485d4c-b245-4bc2-8866-0768ce14d634')
/
insert into KSEN_SCHED_CMP_TMSLOT (SCHED_CMP_ID, TM_SLOT_ID) values ('fd485d4c-b245-4bc2-8866-0768ce14d634', '4A6971D2-447D-4359-B949-F4EDF104A0AA')
/
update KSEN_SCHED_RQST_CMP set OBJ_ID='', TBA_IND=0, SCHED_RQST_ID='7d306de8-e7f5-49a2-81d8-64ccb83393c7' where ID='b3a062bd-7800-434e-a688-f4b190862b74'
/
update KSEN_SCHED_RQST set OBJ_ID='73daaa2a-f254-4701-9878-7ab88bddee31', VER_NBR=1, UPDATEID='admin', UPDATETIME=TIMESTAMP '2014-02-06 10:44:43.486', DESCR_FORMATTED='', NAME='Schedule request for HIST357 - A', DESCR_PLAIN='', SCHED_RQST_STATE='kuali.scheduling.schedule.request.state.created', SCHED_RQST_TYPE='kuali.scheduling.schedule.request.type.schedule.request', SCHED_ID='22f04a1b-7511-462a-8e1e-acac6391b192', SCHED_RQST_SET_ID='57a05953-82c1-49ed-a03b-3e785f62521d' where ID='7d306de8-e7f5-49a2-81d8-64ccb83393c7' and VER_NBR=0
/
delete from KSEN_SCHED_RQST_CMP_BLDG where CMP_ID='b3a062bd-7800-434e-a688-f4b190862b74'
/
insert into KSEN_SCHED_RQST_CMP_BLDG (CMP_ID, BUILDING_ID) values ('b3a062bd-7800-434e-a688-f4b190862b74', 'd5138c2b-01ee-4e81-b526-38ed2a7c60a3')
/
delete from KSEN_SCHED_RQST_CMP_CAMPUS where CMP_ID='b3a062bd-7800-434e-a688-f4b190862b74'
/
insert into KSEN_SCHED_RQST_CMP_CAMPUS (CMP_ID, CAMPUS_ID) values ('b3a062bd-7800-434e-a688-f4b190862b74', 'UMCP')
/
delete from KSEN_SCHED_RQST_CMP_ROOM where CMP_ID='b3a062bd-7800-434e-a688-f4b190862b74'
/
insert into KSEN_SCHED_RQST_CMP_ROOM (CMP_ID, ROOM_ID) values ('b3a062bd-7800-434e-a688-f4b190862b74', '6dd715ea-cc9b-4cd1-9a34-f96628650406')
/
delete from KSEN_SCHED_RQST_CMP_TMSLOT where CMP_ID='b3a062bd-7800-434e-a688-f4b190862b74'
/
insert into KSEN_SCHED_RQST_CMP_TMSLOT (CMP_ID, TM_SLOT_ID) values ('b3a062bd-7800-434e-a688-f4b190862b74', '4A6971D2-447D-4359-B949-F4EDF104A0AA')
/
update KSEN_LUI set OBJ_ID='6145ddb4-f936-44fc-b690-a50e6220a707', VER_NBR=2, UPDATEID='admin', UPDATETIME=TIMESTAMP '2014-02-06 10:44:43.486', ATP_ID='kuali.atp.2014Winter', CLU_ID='156c39bd-7086-40a5-8158-8402f885b33b', EFF_DT='', EXPIR_DT='', DESCR_FORMATTED='Courses with lecture', LUI_STATE='kuali.lui.activity.offering.state.approved', LUI_TYPE='kuali.lui.type.activity.offering.lecture', MAX_SEATS=40, MIN_SEATS=40, NAME='Lecture', DESCR_PLAIN='Courses with lecture', REF_URL=null where ID='2fa6f6a9-8a25-4f04-945f-1444579f5000' and VER_NBR=1
/
update KSEN_LUI_IDENT set OBJ_ID='9bbe96bd-5e94-4eb4-ad83-f2fd69aef72d', VER_NBR=2, UPDATEID='admin', UPDATETIME=TIMESTAMP '2014-02-06 10:44:43.486', LUI_CD='A', DIVISION='', IDENT_LEVEL='', LNG_NAME='', LUI_ID='2fa6f6a9-8a25-4f04-945f-1444579f5000', ORGID='', SHRT_NAME='', LUI_ID_STATE='kuali.lui.identifier.state.active', SUFX_CD='', LUI_ID_TYPE='kuali.lui.identifier.type.official', VARTN='' where ID='417b4ab9-d0ea-4169-bbfc-9faf399405b6' and VER_NBR=1
/
update KSEN_LUI_LU_CD set OBJ_ID='a158b60c-e6ce-4bf2-8c87-c9494fd1d5e4', VER_NBR=2, UPDATEID='admin', UPDATETIME=TIMESTAMP '2014-02-06 10:44:43.486', DESCR_FORMATTED='', LUI_ID='2fa6f6a9-8a25-4f04-945f-1444579f5000', DESCR_PLAIN='', LUI_LUCD_TYPE='kuali.lu.code.honorsOffering', VALUE=0 where ID='d7dd4669-79a6-444a-a22c-c191694eba2a' and VER_NBR=1
/
insert into KSEN_LUI_SCHEDULE (LUI_ID, SCHED_ID) values ('2fa6f6a9-8a25-4f04-945f-1444579f5000', '22f04a1b-7511-462a-8e1e-acac6391b192')
/
update KSEN_LPR set OBJ_ID='f59c63ce-c184-4970-9e3d-da377d4ff3aa', VER_NBR=1, UPDATEID='admin', UPDATETIME=TIMESTAMP '2014-02-06 10:44:43.486', ATP_ID='', COMMIT_PERCT='100.00', CREDITS='', EFF_DT=TIMESTAMP '2014-02-06 10:44:56.122', EXPIR_DT='', GRADING_OPT_ID='', LUI_ID='2fa6f6a9-8a25-4f04-945f-1444579f5000', MASTER_LUI_ID='', PERS_ID='B.WESLEYM', LPR_STATE='kuali.lpr.state.active', LPR_TYPE='kuali.lpr.type.instructor.main' where ID='13924210-0ca5-418c-ab98-1777fb71adaf' and VER_NBR=0
/
insert into KSEN_SCHED (OBJ_ID, VER_NBR, CREATEID, CREATETIME, UPDATEID, UPDATETIME, ATP_ID, DESCR_FORMATTED, NAME, DESCR_PLAIN, SCHED_STATE, SCHED_TYPE, ID) values ('29b66041-b368-4aa0-8745-c54abd8effcc', 0, 'admin', TIMESTAMP '2014-02-06 10:44:43.486', 'admin', TIMESTAMP '2014-02-06 10:44:43.486', 'kuali.atp.2014Winter', '', '', '', 'kuali.scheduling.schedule.state.active', 'kuali.scheduling.schedule.type.schedule', 'ea379e6e-08fb-4b19-b99d-caa94177e2ed')
/
insert into KSEN_SCHED_CMP (OBJ_ID, TBA_IND, ROOM_ID, SCHED_ID, ID) values ('3de819fd-6cc8-4695-a727-19ddf8de9332', 0, 'b4a5b349-cdc0-4d40-992d-41a07f1cbc2c', 'ea379e6e-08fb-4b19-b99d-caa94177e2ed', '77525e6a-f73c-469a-a5f7-1ded7298bed4')
/
insert into KSEN_SCHED_CMP_TMSLOT (SCHED_CMP_ID, TM_SLOT_ID) values ('77525e6a-f73c-469a-a5f7-1ded7298bed4', '2FB83E39-D6B1-496F-93C6-DC51A0B3DCAB')
/
update KSEN_SCHED_RQST_CMP set OBJ_ID='', TBA_IND=0, SCHED_RQST_ID='aec1c6c1-86ba-490e-9c56-2a28a05f2827' where ID='a844f251-1fc5-401f-86c1-434e88fb7ae3'
/
update KSEN_SCHED_RQST set OBJ_ID='237f0c59-f0e9-4e2b-b0d2-67a4ff84907b', VER_NBR=1, UPDATEID='admin', UPDATETIME=TIMESTAMP '2014-02-06 10:44:43.486', DESCR_FORMATTED='A Schedule Request for HIST319D section 0101', NAME='A Schedule Request for HIST319D section 0101', DESCR_PLAIN='A Schedule Request for HIST319D section 0101', SCHED_RQST_STATE='kuali.scheduling.schedule.request.state.created', SCHED_RQST_TYPE='kuali.scheduling.schedule.request.type.schedule.request', SCHED_ID='ea379e6e-08fb-4b19-b99d-caa94177e2ed', SCHED_RQST_SET_ID='3b705ee5-6376-4837-8fa0-b70e43cf1b83' where ID='aec1c6c1-86ba-490e-9c56-2a28a05f2827' and VER_NBR=0
/
delete from KSEN_SCHED_RQST_CMP_BLDG where CMP_ID='a844f251-1fc5-401f-86c1-434e88fb7ae3'
/
insert into KSEN_SCHED_RQST_CMP_BLDG (CMP_ID, BUILDING_ID) values ('a844f251-1fc5-401f-86c1-434e88fb7ae3', 'af22fa59-42ab-4d09-9a5b-6980f8b4ae7d')
/
delete from KSEN_SCHED_RQST_CMP_ROOM where CMP_ID='a844f251-1fc5-401f-86c1-434e88fb7ae3'
/
insert into KSEN_SCHED_RQST_CMP_ROOM (CMP_ID, ROOM_ID) values ('a844f251-1fc5-401f-86c1-434e88fb7ae3', 'b4a5b349-cdc0-4d40-992d-41a07f1cbc2c')
/
delete from KSEN_SCHED_RQST_CMP_TMSLOT where CMP_ID='a844f251-1fc5-401f-86c1-434e88fb7ae3'
/
insert into KSEN_SCHED_RQST_CMP_TMSLOT (CMP_ID, TM_SLOT_ID) values ('a844f251-1fc5-401f-86c1-434e88fb7ae3', '2FB83E39-D6B1-496F-93C6-DC51A0B3DCAB')
/
update KSEN_LUI set OBJ_ID='309a86fa-c4e3-45f7-a4c4-22d09884a3e1', VER_NBR=2, UPDATEID='admin', UPDATETIME=TIMESTAMP '2014-02-06 10:44:43.486', ATP_ID='kuali.atp.2014Winter', CLU_ID='dc4eb45c-86c1-439b-9b36-78c9f97bb5a2', EFF_DT='', EXPIR_DT='', DESCR_FORMATTED='Courses with lecture', LUI_STATE='kuali.lui.activity.offering.state.approved', LUI_TYPE='kuali.lui.type.activity.offering.lecture', MAX_SEATS=40, MIN_SEATS=40, NAME='Lecture', DESCR_PLAIN='Courses with lecture', REF_URL=null where ID='8f84e182-32bc-4999-9082-685bad7ef067' and VER_NBR=1
/
update KSEN_LUI_IDENT set OBJ_ID='ab63224b-b086-4dae-a5b4-233ab2693398', VER_NBR=2, UPDATEID='admin', UPDATETIME=TIMESTAMP '2014-02-06 10:44:43.486', LUI_CD='A', DIVISION='', IDENT_LEVEL='', LNG_NAME='', LUI_ID='8f84e182-32bc-4999-9082-685bad7ef067', ORGID='', SHRT_NAME='', LUI_ID_STATE='kuali.lui.identifier.state.active', SUFX_CD='', LUI_ID_TYPE='kuali.lui.identifier.type.official', VARTN='' where ID='cd4bfdf2-684c-4ea0-978f-f479cbcea425' and VER_NBR=1
/
update KSEN_LUI_LU_CD set OBJ_ID='758ac625-9dee-4c39-9b4b-73d9e0b2129f', VER_NBR=2, UPDATEID='admin', UPDATETIME=TIMESTAMP '2014-02-06 10:44:43.486', DESCR_FORMATTED='', LUI_ID='8f84e182-32bc-4999-9082-685bad7ef067', DESCR_PLAIN='', LUI_LUCD_TYPE='kuali.lu.code.honorsOffering', VALUE=0 where ID='e0544994-7f66-4864-af1e-524523ce6cd8' and VER_NBR=1
/
insert into KSEN_LUI_SCHEDULE (LUI_ID, SCHED_ID) values ('8f84e182-32bc-4999-9082-685bad7ef067', 'ea379e6e-08fb-4b19-b99d-caa94177e2ed')
/
update KSEN_LPR set OBJ_ID='498a3ff6-1bc7-4b13-8fe5-2999df11faff', VER_NBR=1, UPDATEID='admin', UPDATETIME=TIMESTAMP '2014-02-06 10:44:43.486', ATP_ID='', COMMIT_PERCT='100.00', CREDITS='', EFF_DT=TIMESTAMP '2014-02-06 10:44:56.737', EXPIR_DT='', GRADING_OPT_ID='', LUI_ID='8f84e182-32bc-4999-9082-685bad7ef067', MASTER_LUI_ID='', PERS_ID='D.ALEXD', LPR_STATE='kuali.lpr.state.active', LPR_TYPE='kuali.lpr.type.instructor.main' where ID='fa7a1e5e-494e-4f81-829a-b6697143e758' and VER_NBR=0
/
insert into KSEN_SCHED (OBJ_ID, VER_NBR, CREATEID, CREATETIME, UPDATEID, UPDATETIME, ATP_ID, DESCR_FORMATTED, NAME, DESCR_PLAIN, SCHED_STATE, SCHED_TYPE, ID) values ('4628c418-8bc3-4ee8-9a3d-69243132f473', 0, 'admin', TIMESTAMP '2014-02-06 10:44:43.486', 'admin', TIMESTAMP '2014-02-06 10:44:43.486', 'kuali.atp.2014Winter', '', '', '', 'kuali.scheduling.schedule.state.active', 'kuali.scheduling.schedule.type.schedule', 'cec47cef-2bd7-4ae0-9686-5a8338699ce8')
/
insert into KSEN_SCHED_CMP (OBJ_ID, TBA_IND, ROOM_ID, SCHED_ID, ID) values ('49dbbefc-6096-478d-bdea-eea38ed681b6', 0, '6dd715ea-cc9b-4cd1-9a34-f96628650406', 'cec47cef-2bd7-4ae0-9686-5a8338699ce8', '0a6b70d8-1df5-4a5c-9bc7-51656c26b9f5')
/
insert into KSEN_SCHED_CMP_TMSLOT (SCHED_CMP_ID, TM_SLOT_ID) values ('0a6b70d8-1df5-4a5c-9bc7-51656c26b9f5', '4A6971D2-447D-4359-B949-F4EDF104A0AA')
/
update KSEN_SCHED_RQST_CMP set OBJ_ID='', TBA_IND=0, SCHED_RQST_ID='795a568c-74d2-478c-93fb-7a3ddb225318' where ID='27b7a671-e63a-43e2-ac2b-8206241eff12'
/
update KSEN_SCHED_RQST set OBJ_ID='27d3be8e-3f62-4917-a860-0e6611252f61', VER_NBR=1, UPDATEID='admin', UPDATETIME=TIMESTAMP '2014-02-06 10:44:43.486', DESCR_FORMATTED='', NAME='Schedule request for HIST360 - A', DESCR_PLAIN='', SCHED_RQST_STATE='kuali.scheduling.schedule.request.state.created', SCHED_RQST_TYPE='kuali.scheduling.schedule.request.type.schedule.request', SCHED_ID='cec47cef-2bd7-4ae0-9686-5a8338699ce8', SCHED_RQST_SET_ID='9871b24e-8bab-4c66-97c9-3701a48f7626' where ID='795a568c-74d2-478c-93fb-7a3ddb225318' and VER_NBR=0
/
delete from KSEN_SCHED_RQST_CMP_BLDG where CMP_ID='27b7a671-e63a-43e2-ac2b-8206241eff12'
/
insert into KSEN_SCHED_RQST_CMP_BLDG (CMP_ID, BUILDING_ID) values ('27b7a671-e63a-43e2-ac2b-8206241eff12', 'd5138c2b-01ee-4e81-b526-38ed2a7c60a3')
/
delete from KSEN_SCHED_RQST_CMP_CAMPUS where CMP_ID='27b7a671-e63a-43e2-ac2b-8206241eff12'
/
insert into KSEN_SCHED_RQST_CMP_CAMPUS (CMP_ID, CAMPUS_ID) values ('27b7a671-e63a-43e2-ac2b-8206241eff12', 'UMCP')
/
delete from KSEN_SCHED_RQST_CMP_ROOM where CMP_ID='27b7a671-e63a-43e2-ac2b-8206241eff12'
/
insert into KSEN_SCHED_RQST_CMP_ROOM (CMP_ID, ROOM_ID) values ('27b7a671-e63a-43e2-ac2b-8206241eff12', '6dd715ea-cc9b-4cd1-9a34-f96628650406')
/
delete from KSEN_SCHED_RQST_CMP_TMSLOT where CMP_ID='27b7a671-e63a-43e2-ac2b-8206241eff12'
/
insert into KSEN_SCHED_RQST_CMP_TMSLOT (CMP_ID, TM_SLOT_ID) values ('27b7a671-e63a-43e2-ac2b-8206241eff12', '4A6971D2-447D-4359-B949-F4EDF104A0AA')
/
update KSEN_LUI set OBJ_ID='26c968e5-e626-480f-b73d-1578a97f2b0d', VER_NBR=2, UPDATEID='admin', UPDATETIME=TIMESTAMP '2014-02-06 10:44:43.486', ATP_ID='kuali.atp.2014Winter', CLU_ID='9a7b3050-799a-43e0-8a19-535717f3e32d', EFF_DT='', EXPIR_DT='', DESCR_FORMATTED='Courses with lecture', LUI_STATE='kuali.lui.activity.offering.state.approved', LUI_TYPE='kuali.lui.type.activity.offering.lecture', MAX_SEATS=40, MIN_SEATS=40, NAME='Lecture', DESCR_PLAIN='Courses with lecture', REF_URL=null where ID='4a7b5a65-94ee-4e46-8555-2d4dd0b8bec6' and VER_NBR=1
/
update KSEN_LUI_IDENT set OBJ_ID='f19d5b57-0083-4574-8c1c-84c58a4f5172', VER_NBR=2, UPDATEID='admin', UPDATETIME=TIMESTAMP '2014-02-06 10:44:43.486', LUI_CD='A', DIVISION='', IDENT_LEVEL='', LNG_NAME='', LUI_ID='4a7b5a65-94ee-4e46-8555-2d4dd0b8bec6', ORGID='', SHRT_NAME='', LUI_ID_STATE='kuali.lui.identifier.state.active', SUFX_CD='', LUI_ID_TYPE='kuali.lui.identifier.type.official', VARTN='' where ID='03da5cde-bba3-4aab-a7b9-a18da4a869e8' and VER_NBR=1
/
update KSEN_LUI_LU_CD set OBJ_ID='ad1d358f-b006-4a1d-86cc-ede778e16308', VER_NBR=2, UPDATEID='admin', UPDATETIME=TIMESTAMP '2014-02-06 10:44:43.486', DESCR_FORMATTED='', LUI_ID='4a7b5a65-94ee-4e46-8555-2d4dd0b8bec6', DESCR_PLAIN='', LUI_LUCD_TYPE='kuali.lu.code.honorsOffering', VALUE=0 where ID='4307bada-3f20-47ac-898b-abc552bd94b3' and VER_NBR=1
/
insert into KSEN_LUI_SCHEDULE (LUI_ID, SCHED_ID) values ('4a7b5a65-94ee-4e46-8555-2d4dd0b8bec6', 'cec47cef-2bd7-4ae0-9686-5a8338699ce8')
/
update KSEN_LPR set OBJ_ID='1e6a89ca-e4b6-4e51-8fae-ca6a422e3850', VER_NBR=1, UPDATEID='admin', UPDATETIME=TIMESTAMP '2014-02-06 10:44:43.486', ATP_ID='', COMMIT_PERCT='100.00', CREDITS='', EFF_DT=TIMESTAMP '2014-02-06 10:44:57.41', EXPIR_DT='', GRADING_OPT_ID='', LUI_ID='4a7b5a65-94ee-4e46-8555-2d4dd0b8bec6', MASTER_LUI_ID='', PERS_ID='S.CLANCYW', LPR_STATE='kuali.lpr.state.active', LPR_TYPE='kuali.lpr.type.instructor.main' where ID='c325b515-19ef-45ff-ac00-ee55d1a68652' and VER_NBR=0
/
insert into KSEN_SCHED (OBJ_ID, VER_NBR, CREATEID, CREATETIME, UPDATEID, UPDATETIME, ATP_ID, DESCR_FORMATTED, NAME, DESCR_PLAIN, SCHED_STATE, SCHED_TYPE, ID) values ('537f0fcc-5a72-47ae-b8ed-e159ad002cc6', 0, 'admin', TIMESTAMP '2014-02-06 10:44:43.486', 'admin', TIMESTAMP '2014-02-06 10:44:43.486', 'kuali.atp.2014Winter', '', '', '', 'kuali.scheduling.schedule.state.active', 'kuali.scheduling.schedule.type.schedule', 'cbc8cab6-c3d7-4460-a95e-546453dbdc2f')
/
insert into KSEN_SCHED_CMP (OBJ_ID, TBA_IND, ROOM_ID, SCHED_ID, ID) values ('c211a6e6-a696-436a-8fd5-3ca2feb2ab09', 0, '2246d609-9fbb-4d06-b45e-a57ef80539b7', 'cbc8cab6-c3d7-4460-a95e-546453dbdc2f', '29f6eb84-e9dc-4803-a9eb-a2d9c7e3e0a5')
/
insert into KSEN_SCHED_CMP_TMSLOT (SCHED_CMP_ID, TM_SLOT_ID) values ('29f6eb84-e9dc-4803-a9eb-a2d9c7e3e0a5', '9F6ED052-F84D-4882-A329-DFF794C668CB')
/
update KSEN_SCHED_RQST_CMP set OBJ_ID='', TBA_IND=0, SCHED_RQST_ID='cf33c8af-b63e-4237-afa9-68449cf41c02' where ID='003d91dd-46f3-4da5-a134-5efa666a77ab'
/
update KSEN_SCHED_RQST set OBJ_ID='f516fc01-7739-4a4e-a0cf-256be45108d2', VER_NBR=1, UPDATEID='admin', UPDATETIME=TIMESTAMP '2014-02-06 10:44:43.486', DESCR_FORMATTED='', NAME='Schedule request for CHEM611 - A', DESCR_PLAIN='', SCHED_RQST_STATE='kuali.scheduling.schedule.request.state.created', SCHED_RQST_TYPE='kuali.scheduling.schedule.request.type.schedule.request', SCHED_ID='cbc8cab6-c3d7-4460-a95e-546453dbdc2f', SCHED_RQST_SET_ID='a6414ed1-654b-4bba-8ae7-cb4055107d2b' where ID='cf33c8af-b63e-4237-afa9-68449cf41c02' and VER_NBR=0
/
delete from KSEN_SCHED_RQST_CMP_BLDG where CMP_ID='003d91dd-46f3-4da5-a134-5efa666a77ab'
/
insert into KSEN_SCHED_RQST_CMP_BLDG (CMP_ID, BUILDING_ID) values ('003d91dd-46f3-4da5-a134-5efa666a77ab', '6f2e8f26-95bc-4bb1-a3d0-3206324cad4a')
/
delete from KSEN_SCHED_RQST_CMP_CAMPUS where CMP_ID='003d91dd-46f3-4da5-a134-5efa666a77ab'
/
insert into KSEN_SCHED_RQST_CMP_CAMPUS (CMP_ID, CAMPUS_ID) values ('003d91dd-46f3-4da5-a134-5efa666a77ab', 'UMCP')
/
delete from KSEN_SCHED_RQST_CMP_ROOM where CMP_ID='003d91dd-46f3-4da5-a134-5efa666a77ab'
/
insert into KSEN_SCHED_RQST_CMP_ROOM (CMP_ID, ROOM_ID) values ('003d91dd-46f3-4da5-a134-5efa666a77ab', '2246d609-9fbb-4d06-b45e-a57ef80539b7')
/
delete from KSEN_SCHED_RQST_CMP_TMSLOT where CMP_ID='003d91dd-46f3-4da5-a134-5efa666a77ab'
/
insert into KSEN_SCHED_RQST_CMP_TMSLOT (CMP_ID, TM_SLOT_ID) values ('003d91dd-46f3-4da5-a134-5efa666a77ab', '9F6ED052-F84D-4882-A329-DFF794C668CB')
/
update KSEN_LUI set OBJ_ID='92fa26b6-9d7b-4442-a2ef-bd55b7dcf822', VER_NBR=2, UPDATEID='admin', UPDATETIME=TIMESTAMP '2014-02-06 10:44:43.486', ATP_ID='kuali.atp.2014Winter', CLU_ID='3c719070-e600-425e-befc-1eb4b5aa3b08', EFF_DT='', EXPIR_DT='', DESCR_FORMATTED='Courses with lecture', LUI_STATE='kuali.lui.activity.offering.state.approved', LUI_TYPE='kuali.lui.type.activity.offering.lecture', MAX_SEATS=10, MIN_SEATS=10, NAME='Lecture', DESCR_PLAIN='Courses with lecture', REF_URL=null where ID='45b23b0f-a11f-42c9-bf47-48895836ac48' and VER_NBR=1
/
update KSEN_LUI_IDENT set OBJ_ID='83385d0e-b86a-455b-84f4-c8a40baf8f16', VER_NBR=2, UPDATEID='admin', UPDATETIME=TIMESTAMP '2014-02-06 10:44:43.486', LUI_CD='A', DIVISION='', IDENT_LEVEL='', LNG_NAME='', LUI_ID='45b23b0f-a11f-42c9-bf47-48895836ac48', ORGID='', SHRT_NAME='', LUI_ID_STATE='kuali.lui.identifier.state.active', SUFX_CD='', LUI_ID_TYPE='kuali.lui.identifier.type.official', VARTN='' where ID='61c13b0e-48e3-4e25-8dd7-46ca871f886e' and VER_NBR=1
/
update KSEN_LUI_LU_CD set OBJ_ID='14cf8d2e-5d7a-4a2d-a864-1bcdbc14fa0a', VER_NBR=2, UPDATEID='admin', UPDATETIME=TIMESTAMP '2014-02-06 10:44:43.486', DESCR_FORMATTED='', LUI_ID='45b23b0f-a11f-42c9-bf47-48895836ac48', DESCR_PLAIN='', LUI_LUCD_TYPE='kuali.lu.code.honorsOffering', VALUE=0 where ID='a05aaa09-5713-4e64-ac54-992806d036c9' and VER_NBR=1
/
insert into KSEN_LUI_SCHEDULE (LUI_ID, SCHED_ID) values ('45b23b0f-a11f-42c9-bf47-48895836ac48', 'cbc8cab6-c3d7-4460-a95e-546453dbdc2f')
/
update KSEN_LPR set OBJ_ID='d471b104-27cc-40ec-83fd-54a3a1497950', VER_NBR=1, UPDATEID='admin', UPDATETIME=TIMESTAMP '2014-02-06 10:44:43.486', ATP_ID='', COMMIT_PERCT='100.00', CREDITS='', EFF_DT=TIMESTAMP '2014-02-06 10:44:58.148', EXPIR_DT='', GRADING_OPT_ID='', LUI_ID='45b23b0f-a11f-42c9-bf47-48895836ac48', MASTER_LUI_ID='', PERS_ID='L.ALPHAD', LPR_STATE='kuali.lpr.state.active', LPR_TYPE='kuali.lpr.type.instructor.main' where ID='35fc5364-ccdc-4fa9-9d92-51f926dfafb3' and VER_NBR=0
/
insert into KSEN_SCHED (OBJ_ID, VER_NBR, CREATEID, CREATETIME, UPDATEID, UPDATETIME, ATP_ID, DESCR_FORMATTED, NAME, DESCR_PLAIN, SCHED_STATE, SCHED_TYPE, ID) values ('3276c5b2-fb11-4ca9-9047-0028207602c7', 0, 'admin', TIMESTAMP '2014-02-06 10:44:43.486', 'admin', TIMESTAMP '2014-02-06 10:44:43.486', 'kuali.atp.2014Winter', '', '', '', 'kuali.scheduling.schedule.state.active', 'kuali.scheduling.schedule.type.schedule', 'cc01354f-05bb-4786-a7e6-3266eaffa9e8')
/
insert into KSEN_SCHED_CMP (OBJ_ID, TBA_IND, ROOM_ID, SCHED_ID, ID) values ('c47a3d84-50e3-4b62-9fe4-303e75d304be', 0, 'bde3fd74-77ee-4de2-9d55-7b4b1fb0f3ce', 'cc01354f-05bb-4786-a7e6-3266eaffa9e8', '13eb88f1-1a8d-43db-859a-aa2c895ebc99')
/
insert into KSEN_SCHED_CMP_TMSLOT (SCHED_CMP_ID, TM_SLOT_ID) values ('13eb88f1-1a8d-43db-859a-aa2c895ebc99', 'D101490C-1838-4029-A503-D8996C32093B')
/
update KSEN_SCHED_RQST_CMP set OBJ_ID='', TBA_IND=0, SCHED_RQST_ID='dec08603-ef31-4022-b2b4-a0b4736e7b43' where ID='046706f4-dc45-4136-b35c-3ba0be4f3f5e'
/
update KSEN_SCHED_RQST set OBJ_ID='679d16e5-b158-4368-ae09-3bd1bc57be2d', VER_NBR=1, UPDATEID='admin', UPDATETIME=TIMESTAMP '2014-02-06 10:44:43.486', DESCR_FORMATTED='A Schedule Request for HIST429G section 0101', NAME='A Schedule Request for HIST429G section 0101', DESCR_PLAIN='A Schedule Request for HIST429G section 0101', SCHED_RQST_STATE='kuali.scheduling.schedule.request.state.created', SCHED_RQST_TYPE='kuali.scheduling.schedule.request.type.schedule.request', SCHED_ID='cc01354f-05bb-4786-a7e6-3266eaffa9e8', SCHED_RQST_SET_ID='f9ed2311-1078-4919-9fe1-c99681fb1dfe' where ID='dec08603-ef31-4022-b2b4-a0b4736e7b43' and VER_NBR=0
/
delete from KSEN_SCHED_RQST_CMP_BLDG where CMP_ID='046706f4-dc45-4136-b35c-3ba0be4f3f5e'
/
insert into KSEN_SCHED_RQST_CMP_BLDG (CMP_ID, BUILDING_ID) values ('046706f4-dc45-4136-b35c-3ba0be4f3f5e', 'ee115d93-579f-4c14-b3b1-917b820d14e1')
/
delete from KSEN_SCHED_RQST_CMP_ROOM where CMP_ID='046706f4-dc45-4136-b35c-3ba0be4f3f5e'
/
insert into KSEN_SCHED_RQST_CMP_ROOM (CMP_ID, ROOM_ID) values ('046706f4-dc45-4136-b35c-3ba0be4f3f5e', 'bde3fd74-77ee-4de2-9d55-7b4b1fb0f3ce')
/
delete from KSEN_SCHED_RQST_CMP_TMSLOT where CMP_ID='046706f4-dc45-4136-b35c-3ba0be4f3f5e'
/
insert into KSEN_SCHED_RQST_CMP_TMSLOT (CMP_ID, TM_SLOT_ID) values ('046706f4-dc45-4136-b35c-3ba0be4f3f5e', 'D101490C-1838-4029-A503-D8996C32093B')
/
update KSEN_LUI set OBJ_ID='809b3b6d-01be-47b1-b330-966985e09a4e', VER_NBR=2, UPDATEID='admin', UPDATETIME=TIMESTAMP '2014-02-06 10:44:43.486', ATP_ID='kuali.atp.2014Winter', CLU_ID='b924f9c0-90f0-4eb0-a19e-ca064dc891e4', EFF_DT='', EXPIR_DT='', DESCR_FORMATTED='Courses with lecture', LUI_STATE='kuali.lui.activity.offering.state.approved', LUI_TYPE='kuali.lui.type.activity.offering.lecture', MAX_SEATS=40, MIN_SEATS=40, NAME='Lecture', DESCR_PLAIN='Courses with lecture', REF_URL=null where ID='3cd5edbf-9d61-461d-a7a6-6482d78a7c37' and VER_NBR=1
/
update KSEN_LUI_IDENT set OBJ_ID='878f4bc8-c995-4489-b3d7-b91dc08e71a5', VER_NBR=2, UPDATEID='admin', UPDATETIME=TIMESTAMP '2014-02-06 10:44:43.486', LUI_CD='A', DIVISION='', IDENT_LEVEL='', LNG_NAME='', LUI_ID='3cd5edbf-9d61-461d-a7a6-6482d78a7c37', ORGID='', SHRT_NAME='', LUI_ID_STATE='kuali.lui.identifier.state.active', SUFX_CD='', LUI_ID_TYPE='kuali.lui.identifier.type.official', VARTN='' where ID='485de95d-eb8e-4424-84d2-19e5e577ec6c' and VER_NBR=1
/
update KSEN_LUI_LU_CD set OBJ_ID='095ffcd6-aa36-485a-8ac8-8f437fe15071', VER_NBR=2, UPDATEID='admin', UPDATETIME=TIMESTAMP '2014-02-06 10:44:43.486', DESCR_FORMATTED='', LUI_ID='3cd5edbf-9d61-461d-a7a6-6482d78a7c37', DESCR_PLAIN='', LUI_LUCD_TYPE='kuali.lu.code.honorsOffering', VALUE=0 where ID='d6188218-bdc5-4443-b26d-9b17ac673f7d' and VER_NBR=1
/
insert into KSEN_LUI_SCHEDULE (LUI_ID, SCHED_ID) values ('3cd5edbf-9d61-461d-a7a6-6482d78a7c37', 'cc01354f-05bb-4786-a7e6-3266eaffa9e8')
/
update KSEN_LPR set OBJ_ID='85a34213-5ec8-4261-a4ad-8da716bf187e', VER_NBR=1, UPDATEID='admin', UPDATETIME=TIMESTAMP '2014-02-06 10:44:43.486', ATP_ID='', COMMIT_PERCT='100.00', CREDITS='', EFF_DT=TIMESTAMP '2014-02-06 10:44:59.01', EXPIR_DT='', GRADING_OPT_ID='', LUI_ID='3cd5edbf-9d61-461d-a7a6-6482d78a7c37', MASTER_LUI_ID='', PERS_ID='L.REALD', LPR_STATE='kuali.lpr.state.active', LPR_TYPE='kuali.lpr.type.instructor.main' where ID='c0333cbe-b5c8-4b1b-8a7a-cda1a391422a' and VER_NBR=0
/
insert into KSEN_SCHED (OBJ_ID, VER_NBR, CREATEID, CREATETIME, UPDATEID, UPDATETIME, ATP_ID, DESCR_FORMATTED, NAME, DESCR_PLAIN, SCHED_STATE, SCHED_TYPE, ID) values ('59faef20-7c81-4cb5-aeff-25c260c99662', 0, 'admin', TIMESTAMP '2014-02-06 10:44:43.486', 'admin', TIMESTAMP '2014-02-06 10:44:43.486', 'kuali.atp.2014Winter', '', '', '', 'kuali.scheduling.schedule.state.active', 'kuali.scheduling.schedule.type.schedule', '97b3d302-d3a8-4c9b-b501-49accb5147fa')
/
insert into KSEN_SCHED_CMP (OBJ_ID, TBA_IND, ROOM_ID, SCHED_ID, ID) values ('8747648c-2ff9-42e7-8b7b-2b7896037d90', 0, '3228d416-6a16-4c95-9fa6-ab16a1599b01', '97b3d302-d3a8-4c9b-b501-49accb5147fa', '6aca6506-f77a-45d9-b93d-165ae6cf8136')
/
insert into KSEN_SCHED_CMP_TMSLOT (SCHED_CMP_ID, TM_SLOT_ID) values ('6aca6506-f77a-45d9-b93d-165ae6cf8136', '1F460F72-20C3-4DED-8289-95F23D2AB4F2')
/
update KSEN_SCHED_RQST_CMP set OBJ_ID='', TBA_IND=0, SCHED_RQST_ID='39610113-60fd-4b68-8e84-4ff9a667094b' where ID='115d4141-ce00-401d-b53f-672083771c55'
/
update KSEN_SCHED_RQST set OBJ_ID='be4b738e-9d5f-4be5-8474-05842bd64f8e', VER_NBR=1, UPDATEID='admin', UPDATETIME=TIMESTAMP '2014-02-06 10:44:43.486', DESCR_FORMATTED='A Schedule Request for WMST698R section HY11', NAME='A Schedule Request for WMST698R section HY11', DESCR_PLAIN='A Schedule Request for WMST698R section HY11', SCHED_RQST_STATE='kuali.scheduling.schedule.request.state.created', SCHED_RQST_TYPE='kuali.scheduling.schedule.request.type.schedule.request', SCHED_ID='97b3d302-d3a8-4c9b-b501-49accb5147fa', SCHED_RQST_SET_ID='7428bc5d-7f60-4172-a4cb-99bc89645def' where ID='39610113-60fd-4b68-8e84-4ff9a667094b' and VER_NBR=0
/
delete from KSEN_SCHED_RQST_CMP_BLDG where CMP_ID='115d4141-ce00-401d-b53f-672083771c55'
/
insert into KSEN_SCHED_RQST_CMP_BLDG (CMP_ID, BUILDING_ID) values ('115d4141-ce00-401d-b53f-672083771c55', '9a171e1e-dde4-4095-8fc9-b8fde0da485e')
/
delete from KSEN_SCHED_RQST_CMP_ROOM where CMP_ID='115d4141-ce00-401d-b53f-672083771c55'
/
insert into KSEN_SCHED_RQST_CMP_ROOM (CMP_ID, ROOM_ID) values ('115d4141-ce00-401d-b53f-672083771c55', '3228d416-6a16-4c95-9fa6-ab16a1599b01')
/
delete from KSEN_SCHED_RQST_CMP_TMSLOT where CMP_ID='115d4141-ce00-401d-b53f-672083771c55'
/
insert into KSEN_SCHED_RQST_CMP_TMSLOT (CMP_ID, TM_SLOT_ID) values ('115d4141-ce00-401d-b53f-672083771c55', '1F460F72-20C3-4DED-8289-95F23D2AB4F2')
/
update KSEN_LUI set OBJ_ID='f42061a7-dff8-4092-ac28-0189cb8b1df4', VER_NBR=2, UPDATEID='admin', UPDATETIME=TIMESTAMP '2014-02-06 10:44:43.486', ATP_ID='kuali.atp.2014Winter', CLU_ID='23b9ac95-4555-4d33-a802-97a6206bcd83', EFF_DT='', EXPIR_DT='', DESCR_FORMATTED='Courses with lecture', LUI_STATE='kuali.lui.activity.offering.state.approved', LUI_TYPE='kuali.lui.type.activity.offering.lecture', MAX_SEATS=15, MIN_SEATS=15, NAME='Lecture', DESCR_PLAIN='Courses with lecture', REF_URL=null where ID='245228f6-e6b8-4031-8794-38de26458d26' and VER_NBR=1
/
update KSEN_LUI_IDENT set OBJ_ID='17b20c25-75a3-43e9-82b7-404a018ab081', VER_NBR=2, UPDATEID='admin', UPDATETIME=TIMESTAMP '2014-02-06 10:44:43.486', LUI_CD='A', DIVISION='', IDENT_LEVEL='', LNG_NAME='', LUI_ID='245228f6-e6b8-4031-8794-38de26458d26', ORGID='', SHRT_NAME='', LUI_ID_STATE='kuali.lui.identifier.state.active', SUFX_CD='', LUI_ID_TYPE='kuali.lui.identifier.type.official', VARTN='' where ID='3afc64d8-2413-463d-a680-835b1b0474a2' and VER_NBR=1
/
update KSEN_LUI_LU_CD set OBJ_ID='a0f0316a-c245-435c-ad84-998faedb1950', VER_NBR=2, UPDATEID='admin', UPDATETIME=TIMESTAMP '2014-02-06 10:44:43.486', DESCR_FORMATTED='', LUI_ID='245228f6-e6b8-4031-8794-38de26458d26', DESCR_PLAIN='', LUI_LUCD_TYPE='kuali.lu.code.honorsOffering', VALUE=0 where ID='df25e0cf-bb54-4fee-8d28-9e95b7a10665' and VER_NBR=1
/
insert into KSEN_LUI_SCHEDULE (LUI_ID, SCHED_ID) values ('245228f6-e6b8-4031-8794-38de26458d26', '97b3d302-d3a8-4c9b-b501-49accb5147fa')
/
update KSEN_LPR set OBJ_ID='ca314cf0-a234-4c5c-9d18-579fc6d0485f', VER_NBR=1, UPDATEID='admin', UPDATETIME=TIMESTAMP '2014-02-06 10:44:43.486', ATP_ID='', COMMIT_PERCT='100.00', CREDITS='', EFF_DT=TIMESTAMP '2014-02-06 10:44:59.747', EXPIR_DT='', GRADING_OPT_ID='', LUI_ID='245228f6-e6b8-4031-8794-38de26458d26', MASTER_LUI_ID='', PERS_ID='B.LOUISG', LPR_STATE='kuali.lpr.state.active', LPR_TYPE='kuali.lpr.type.instructor.main' where ID='bdf75c0a-bf21-41de-a7aa-5d7abbcd2a03' and VER_NBR=0
/
insert into KSEN_SCHED (OBJ_ID, VER_NBR, CREATEID, CREATETIME, UPDATEID, UPDATETIME, ATP_ID, DESCR_FORMATTED, NAME, DESCR_PLAIN, SCHED_STATE, SCHED_TYPE, ID) values ('e78c5d5c-cf3a-438f-b82c-848ee817246e', 0, 'admin', TIMESTAMP '2014-02-06 10:44:43.486', 'admin', TIMESTAMP '2014-02-06 10:44:43.486', 'kuali.atp.2014Winter', '', '', '', 'kuali.scheduling.schedule.state.active', 'kuali.scheduling.schedule.type.schedule', '7fd88f0d-cdd8-4db7-8b5d-255df069637a')
/
insert into KSEN_SCHED_CMP (OBJ_ID, TBA_IND, ROOM_ID, SCHED_ID, ID) values ('d17c9614-2a6c-4cd9-8606-e6edadb1d7db', 0, '6dd715ea-cc9b-4cd1-9a34-f96628650406', '7fd88f0d-cdd8-4db7-8b5d-255df069637a', '0a83b68a-dc6b-4591-a744-174f1b9283e7')
/
insert into KSEN_SCHED_CMP_TMSLOT (SCHED_CMP_ID, TM_SLOT_ID) values ('0a83b68a-dc6b-4591-a744-174f1b9283e7', '4A6971D2-447D-4359-B949-F4EDF104A0AA')
/
update KSEN_SCHED_RQST_CMP set OBJ_ID='', TBA_IND=0, SCHED_RQST_ID='da5a8d49-005e-4972-888a-8147c7858b9e' where ID='6942ccdf-d3ae-4ff1-b891-b5c9cacd6f49'
/
update KSEN_SCHED_RQST set OBJ_ID='4c3b83e3-3dc3-494c-a6f1-ce548d833336', VER_NBR=1, UPDATEID='admin', UPDATETIME=TIMESTAMP '2014-02-06 10:44:43.486', DESCR_FORMATTED='A Schedule Request for WMST698R section HY11', NAME='A Schedule Request for WMST698R section HY11', DESCR_PLAIN='A Schedule Request for WMST698R section HY11', SCHED_RQST_STATE='kuali.scheduling.schedule.request.state.created', SCHED_RQST_TYPE='kuali.scheduling.schedule.request.type.schedule.request', SCHED_ID='7fd88f0d-cdd8-4db7-8b5d-255df069637a', SCHED_RQST_SET_ID='acc6496e-0c49-496b-af1a-76504f3167a7' where ID='da5a8d49-005e-4972-888a-8147c7858b9e' and VER_NBR=0
/
delete from KSEN_SCHED_RQST_CMP_BLDG where CMP_ID='6942ccdf-d3ae-4ff1-b891-b5c9cacd6f49'
/
insert into KSEN_SCHED_RQST_CMP_BLDG (CMP_ID, BUILDING_ID) values ('6942ccdf-d3ae-4ff1-b891-b5c9cacd6f49', 'd5138c2b-01ee-4e81-b526-38ed2a7c60a3')
/
delete from KSEN_SCHED_RQST_CMP_ROOM where CMP_ID='6942ccdf-d3ae-4ff1-b891-b5c9cacd6f49'
/
insert into KSEN_SCHED_RQST_CMP_ROOM (CMP_ID, ROOM_ID) values ('6942ccdf-d3ae-4ff1-b891-b5c9cacd6f49', '6dd715ea-cc9b-4cd1-9a34-f96628650406')
/
delete from KSEN_SCHED_RQST_CMP_TMSLOT where CMP_ID='6942ccdf-d3ae-4ff1-b891-b5c9cacd6f49'
/
insert into KSEN_SCHED_RQST_CMP_TMSLOT (CMP_ID, TM_SLOT_ID) values ('6942ccdf-d3ae-4ff1-b891-b5c9cacd6f49', '4A6971D2-447D-4359-B949-F4EDF104A0AA')
/
update KSEN_LUI set OBJ_ID='4ff3aad3-8185-4030-885a-ca1ea62735de', VER_NBR=2, UPDATEID='admin', UPDATETIME=TIMESTAMP '2014-02-06 10:44:43.486', ATP_ID='kuali.atp.2014Winter', CLU_ID='62008487-a82a-4149-8660-3a1579a662f6', EFF_DT='', EXPIR_DT='', DESCR_FORMATTED='Courses with lecture', LUI_STATE='kuali.lui.activity.offering.state.approved', LUI_TYPE='kuali.lui.type.activity.offering.lecture', MAX_SEATS=15, MIN_SEATS=15, NAME='Lecture', DESCR_PLAIN='Courses with lecture', REF_URL=null where ID='488a5b52-3a1e-4952-8797-bc65b4d17c70' and VER_NBR=1
/
update KSEN_LUI_IDENT set OBJ_ID='8b58a187-ff7a-4155-bd66-2ec8b9959a11', VER_NBR=2, UPDATEID='admin', UPDATETIME=TIMESTAMP '2014-02-06 10:44:43.486', LUI_CD='B', DIVISION='', IDENT_LEVEL='', LNG_NAME='', LUI_ID='488a5b52-3a1e-4952-8797-bc65b4d17c70', ORGID='', SHRT_NAME='', LUI_ID_STATE='kuali.lui.identifier.state.active', SUFX_CD='', LUI_ID_TYPE='kuali.lui.identifier.type.official', VARTN='' where ID='a92f55ee-a70b-430c-8223-6cee9555f728' and VER_NBR=1
/
update KSEN_LUI_LU_CD set OBJ_ID='250bab86-dc32-4bda-8190-97618549b29e', VER_NBR=2, UPDATEID='admin', UPDATETIME=TIMESTAMP '2014-02-06 10:44:43.486', DESCR_FORMATTED='', LUI_ID='488a5b52-3a1e-4952-8797-bc65b4d17c70', DESCR_PLAIN='', LUI_LUCD_TYPE='kuali.lu.code.honorsOffering', VALUE=0 where ID='45e1cc75-7660-4a7e-b7d5-851cf238e3a8' and VER_NBR=1
/
insert into KSEN_LUI_SCHEDULE (LUI_ID, SCHED_ID) values ('488a5b52-3a1e-4952-8797-bc65b4d17c70', '7fd88f0d-cdd8-4db7-8b5d-255df069637a')
/
update KSEN_LPR set OBJ_ID='3b418f7e-d98f-4aad-87d6-e831af351341', VER_NBR=1, UPDATEID='admin', UPDATETIME=TIMESTAMP '2014-02-06 10:44:43.486', ATP_ID='', COMMIT_PERCT='100.00', CREDITS='', EFF_DT=TIMESTAMP '2014-02-06 10:45:00.23', EXPIR_DT='', GRADING_OPT_ID='', LUI_ID='488a5b52-3a1e-4952-8797-bc65b4d17c70', MASTER_LUI_ID='', PERS_ID='H.DONALDC', LPR_STATE='kuali.lpr.state.active', LPR_TYPE='kuali.lpr.type.instructor.main' where ID='f124d4c0-83c1-40bb-a579-69c888aad04a' and VER_NBR=0
/
insert into KSEN_SCHED (OBJ_ID, VER_NBR, CREATEID, CREATETIME, UPDATEID, UPDATETIME, ATP_ID, DESCR_FORMATTED, NAME, DESCR_PLAIN, SCHED_STATE, SCHED_TYPE, ID) values ('d8d2d497-3b3d-465c-bb80-f00e2f5c5f66', 0, 'admin', TIMESTAMP '2014-02-06 10:44:43.486', 'admin', TIMESTAMP '2014-02-06 10:44:43.486', 'kuali.atp.2014Winter', '', '', '', 'kuali.scheduling.schedule.state.active', 'kuali.scheduling.schedule.type.schedule', 'a5b41efd-4cd6-4bb0-bb99-28d41774b903')
/
insert into KSEN_SCHED_CMP (OBJ_ID, TBA_IND, ROOM_ID, SCHED_ID, ID) values ('ce7df9f1-1d0f-4d40-813b-fc8c60914728', 1, '', 'a5b41efd-4cd6-4bb0-bb99-28d41774b903', '25a8fd10-72dd-47cd-8263-9b534a14cba5')
/
insert into KSEN_SCHED_CMP_TMSLOT (SCHED_CMP_ID, TM_SLOT_ID) values ('25a8fd10-72dd-47cd-8263-9b534a14cba5', '4A6971D2-447D-4359-B949-F4EDF104A0AA')
/
update KSEN_SCHED_RQST_CMP set OBJ_ID='', TBA_IND=1, SCHED_RQST_ID='010d727f-78c5-45e9-ab8e-85ce8d44efff' where ID='b74d4f78-0bf8-421d-9a79-c976f22e81b6'
/
update KSEN_SCHED_RQST set OBJ_ID='e365383e-92e6-4e04-90bc-0946a02a00cf', VER_NBR=1, UPDATEID='admin', UPDATETIME=TIMESTAMP '2014-02-06 10:44:43.486', DESCR_FORMATTED='', NAME='Schedule request for CHEM399B - A', DESCR_PLAIN='', SCHED_RQST_STATE='kuali.scheduling.schedule.request.state.created', SCHED_RQST_TYPE='kuali.scheduling.schedule.request.type.schedule.request', SCHED_ID='a5b41efd-4cd6-4bb0-bb99-28d41774b903', SCHED_RQST_SET_ID='f846782a-0666-4c4f-8465-7aebc24b5551' where ID='010d727f-78c5-45e9-ab8e-85ce8d44efff' and VER_NBR=0
/
delete from KSEN_SCHED_RQST_CMP_TMSLOT where CMP_ID='b74d4f78-0bf8-421d-9a79-c976f22e81b6'
/
insert into KSEN_SCHED_RQST_CMP_TMSLOT (CMP_ID, TM_SLOT_ID) values ('b74d4f78-0bf8-421d-9a79-c976f22e81b6', '4A6971D2-447D-4359-B949-F4EDF104A0AA')
/
update KSEN_LUI set OBJ_ID='fe5af48e-1168-465a-ac34-e6ae13778105', VER_NBR=2, UPDATEID='admin', UPDATETIME=TIMESTAMP '2014-02-06 10:44:43.486', ATP_ID='kuali.atp.2014Winter', CLU_ID='020b3c6c-20f2-42f0-b1aa-fe16d1530339', EFF_DT='', EXPIR_DT='', DESCR_FORMATTED='Courses with lecture', LUI_STATE='kuali.lui.activity.offering.state.approved', LUI_TYPE='kuali.lui.type.activity.offering.lecture', MAX_SEATS=5, MIN_SEATS=5, NAME='Lecture', DESCR_PLAIN='Courses with lecture', REF_URL=null where ID='6564de5a-f5f0-47a3-909c-6d1954218763' and VER_NBR=1
/
update KSEN_LUI_IDENT set OBJ_ID='03f2b400-e843-45fe-8037-25fb2ccd83dc', VER_NBR=2, UPDATEID='admin', UPDATETIME=TIMESTAMP '2014-02-06 10:44:43.486', LUI_CD='A', DIVISION='', IDENT_LEVEL='', LNG_NAME='', LUI_ID='6564de5a-f5f0-47a3-909c-6d1954218763', ORGID='', SHRT_NAME='', LUI_ID_STATE='kuali.lui.identifier.state.active', SUFX_CD='', LUI_ID_TYPE='kuali.lui.identifier.type.official', VARTN='' where ID='1fe30cce-4166-4e09-b0fc-f0049fed9288' and VER_NBR=1
/
update KSEN_LUI_LU_CD set OBJ_ID='0d828eea-92f7-40dc-a73c-fc3337c8f2d7', VER_NBR=2, UPDATEID='admin', UPDATETIME=TIMESTAMP '2014-02-06 10:44:43.486', DESCR_FORMATTED='', LUI_ID='6564de5a-f5f0-47a3-909c-6d1954218763', DESCR_PLAIN='', LUI_LUCD_TYPE='kuali.lu.code.honorsOffering', VALUE=0 where ID='6afdabad-7024-4892-a95e-a8e11e9e29e2' and VER_NBR=1
/
insert into KSEN_LUI_SCHEDULE (LUI_ID, SCHED_ID) values ('6564de5a-f5f0-47a3-909c-6d1954218763', 'a5b41efd-4cd6-4bb0-bb99-28d41774b903')
/
update KSEN_LPR set OBJ_ID='5250fe11-ad8d-4ccd-8516-735b97a5755c', VER_NBR=1, UPDATEID='admin', UPDATETIME=TIMESTAMP '2014-02-06 10:44:43.486', ATP_ID='', COMMIT_PERCT='100.00', CREDITS='', EFF_DT=TIMESTAMP '2014-02-06 10:45:01.155', EXPIR_DT='', GRADING_OPT_ID='', LUI_ID='6564de5a-f5f0-47a3-909c-6d1954218763', MASTER_LUI_ID='', PERS_ID='B.GOUGHM', LPR_STATE='kuali.lpr.state.active', LPR_TYPE='kuali.lpr.type.instructor.main' where ID='bcd2d516-c328-4765-a14e-fcb058350a21' and VER_NBR=0
/
insert into KSEN_SCHED (OBJ_ID, VER_NBR, CREATEID, CREATETIME, UPDATEID, UPDATETIME, ATP_ID, DESCR_FORMATTED, NAME, DESCR_PLAIN, SCHED_STATE, SCHED_TYPE, ID) values ('46b09806-5c62-4e39-a8bf-53fa29bd5472', 0, 'admin', TIMESTAMP '2014-02-06 10:44:43.486', 'admin', TIMESTAMP '2014-02-06 10:44:43.486', 'kuali.atp.2014Winter', '', '', '', 'kuali.scheduling.schedule.state.active', 'kuali.scheduling.schedule.type.schedule', 'a0b72f71-46ba-488c-95b7-52ad63d2b620')
/
insert into KSEN_SCHED_CMP (OBJ_ID, TBA_IND, ROOM_ID, SCHED_ID, ID) values ('cf319d48-0d27-4022-9208-9297c11dfe13', 0, '6dd715ea-cc9b-4cd1-9a34-f96628650406', 'a0b72f71-46ba-488c-95b7-52ad63d2b620', 'e1672f45-a88c-4f5d-ad92-54657fb89f22')
/
insert into KSEN_SCHED_CMP_TMSLOT (SCHED_CMP_ID, TM_SLOT_ID) values ('e1672f45-a88c-4f5d-ad92-54657fb89f22', '4A6971D2-447D-4359-B949-F4EDF104A0AA')
/
update KSEN_SCHED_RQST_CMP set OBJ_ID='', TBA_IND=0, SCHED_RQST_ID='2592ef80-2f50-4e62-87d7-dd13b228b716' where ID='1760e15d-2985-43ba-842b-854b46c22874'
/
update KSEN_SCHED_RQST set OBJ_ID='fd05b7b3-77d7-45c2-8e72-626bdd210045', VER_NBR=1, UPDATEID='admin', UPDATETIME=TIMESTAMP '2014-02-06 10:44:43.486', DESCR_FORMATTED='', NAME='Schedule request for HIST240 - A', DESCR_PLAIN='', SCHED_RQST_STATE='kuali.scheduling.schedule.request.state.created', SCHED_RQST_TYPE='kuali.scheduling.schedule.request.type.schedule.request', SCHED_ID='a0b72f71-46ba-488c-95b7-52ad63d2b620', SCHED_RQST_SET_ID='5997e84b-89a8-4fbb-9660-71482c0b060e' where ID='2592ef80-2f50-4e62-87d7-dd13b228b716' and VER_NBR=0
/
delete from KSEN_SCHED_RQST_CMP_BLDG where CMP_ID='1760e15d-2985-43ba-842b-854b46c22874'
/
insert into KSEN_SCHED_RQST_CMP_BLDG (CMP_ID, BUILDING_ID) values ('1760e15d-2985-43ba-842b-854b46c22874', 'd5138c2b-01ee-4e81-b526-38ed2a7c60a3')
/
delete from KSEN_SCHED_RQST_CMP_CAMPUS where CMP_ID='1760e15d-2985-43ba-842b-854b46c22874'
/
insert into KSEN_SCHED_RQST_CMP_CAMPUS (CMP_ID, CAMPUS_ID) values ('1760e15d-2985-43ba-842b-854b46c22874', 'UMCP')
/
delete from KSEN_SCHED_RQST_CMP_ROOM where CMP_ID='1760e15d-2985-43ba-842b-854b46c22874'
/
insert into KSEN_SCHED_RQST_CMP_ROOM (CMP_ID, ROOM_ID) values ('1760e15d-2985-43ba-842b-854b46c22874', '6dd715ea-cc9b-4cd1-9a34-f96628650406')
/
delete from KSEN_SCHED_RQST_CMP_TMSLOT where CMP_ID='1760e15d-2985-43ba-842b-854b46c22874'
/
insert into KSEN_SCHED_RQST_CMP_TMSLOT (CMP_ID, TM_SLOT_ID) values ('1760e15d-2985-43ba-842b-854b46c22874', '4A6971D2-447D-4359-B949-F4EDF104A0AA')
/
update KSEN_LUI set OBJ_ID='e6daa616-b97e-4a4b-ac26-87ddbc2b1235', VER_NBR=2, UPDATEID='admin', UPDATETIME=TIMESTAMP '2014-02-06 10:44:43.486', ATP_ID='kuali.atp.2014Winter', CLU_ID='2ed3cb96-4219-4f5f-8825-b410addbfa5c', EFF_DT='', EXPIR_DT='', DESCR_FORMATTED='Courses with lecture', LUI_STATE='kuali.lui.activity.offering.state.approved', LUI_TYPE='kuali.lui.type.activity.offering.lecture', MAX_SEATS=40, MIN_SEATS=40, NAME='Lecture', DESCR_PLAIN='Courses with lecture', REF_URL=null where ID='7552f83f-8fab-46fc-9847-4a7b1cf88542' and VER_NBR=1
/
update KSEN_LUI_IDENT set OBJ_ID='2bba15b3-7165-4118-abc2-870a9c3ea767', VER_NBR=2, UPDATEID='admin', UPDATETIME=TIMESTAMP '2014-02-06 10:44:43.486', LUI_CD='A', DIVISION='', IDENT_LEVEL='', LNG_NAME='', LUI_ID='7552f83f-8fab-46fc-9847-4a7b1cf88542', ORGID='', SHRT_NAME='', LUI_ID_STATE='kuali.lui.identifier.state.active', SUFX_CD='', LUI_ID_TYPE='kuali.lui.identifier.type.official', VARTN='' where ID='dc24ecc6-0f1a-4454-8a01-6175437047c9' and VER_NBR=1
/
update KSEN_LUI_LU_CD set OBJ_ID='54d8961f-6a9c-4985-9dea-b7895a30167b', VER_NBR=2, UPDATEID='admin', UPDATETIME=TIMESTAMP '2014-02-06 10:44:43.486', DESCR_FORMATTED='', LUI_ID='7552f83f-8fab-46fc-9847-4a7b1cf88542', DESCR_PLAIN='', LUI_LUCD_TYPE='kuali.lu.code.honorsOffering', VALUE=0 where ID='9b8ade9f-3cf3-40d3-ab0a-6ba30436882d' and VER_NBR=1
/
insert into KSEN_LUI_SCHEDULE (LUI_ID, SCHED_ID) values ('7552f83f-8fab-46fc-9847-4a7b1cf88542', 'a0b72f71-46ba-488c-95b7-52ad63d2b620')
/
update KSEN_LPR set OBJ_ID='9f406d03-5bcf-4fea-9063-c8313cd358a2', VER_NBR=1, UPDATEID='admin', UPDATETIME=TIMESTAMP '2014-02-06 10:44:43.486', ATP_ID='', COMMIT_PERCT='100.00', CREDITS='', EFF_DT=TIMESTAMP '2014-02-06 10:45:02.391', EXPIR_DT='', GRADING_OPT_ID='', LUI_ID='7552f83f-8fab-46fc-9847-4a7b1cf88542', MASTER_LUI_ID='', PERS_ID='S.PHILIPW', LPR_STATE='kuali.lpr.state.active', LPR_TYPE='kuali.lpr.type.instructor.main' where ID='5b0dc900-cbf6-429a-a43e-d80e9d16eb0e' and VER_NBR=0
/
insert into KSEN_SCHED (OBJ_ID, VER_NBR, CREATEID, CREATETIME, UPDATEID, UPDATETIME, ATP_ID, DESCR_FORMATTED, NAME, DESCR_PLAIN, SCHED_STATE, SCHED_TYPE, ID) values ('03b497c8-49d5-4a78-9ae6-60904d19bda3', 0, 'admin', TIMESTAMP '2014-02-06 10:44:43.486', 'admin', TIMESTAMP '2014-02-06 10:44:43.486', 'kuali.atp.2014Winter', '', '', '', 'kuali.scheduling.schedule.state.active', 'kuali.scheduling.schedule.type.schedule', '0ba5fca1-66ee-44c5-8824-241407243838')
/
insert into KSEN_SCHED_CMP (OBJ_ID, TBA_IND, ROOM_ID, SCHED_ID, ID) values ('b41083c2-ea3a-4616-b041-537ebbe3fa7f', 0, 'f0c251ff-584a-434f-8cf3-9e4e71a9254d', '0ba5fca1-66ee-44c5-8824-241407243838', '3ed0615a-1390-4471-9f69-2faa7bec47e0')
/
insert into KSEN_SCHED_CMP_TMSLOT (SCHED_CMP_ID, TM_SLOT_ID) values ('3ed0615a-1390-4471-9f69-2faa7bec47e0', '898360DF-53D6-456E-AF60-DE71CEE9738F')
/
update KSEN_SCHED_RQST_CMP set OBJ_ID='', TBA_IND=0, SCHED_RQST_ID='df71dbc6-3cd4-458e-a929-9b31338e7166' where ID='2226b1a2-01bd-4442-b758-487149a0c9b1'
/
update KSEN_SCHED_RQST set OBJ_ID='9b39eb90-6c99-4892-bd07-66a812778e6c', VER_NBR=1, UPDATEID='admin', UPDATETIME=TIMESTAMP '2014-02-06 10:44:43.486', DESCR_FORMATTED='', NAME='Schedule request for ENGL462 - A', DESCR_PLAIN='', SCHED_RQST_STATE='kuali.scheduling.schedule.request.state.created', SCHED_RQST_TYPE='kuali.scheduling.schedule.request.type.schedule.request', SCHED_ID='0ba5fca1-66ee-44c5-8824-241407243838', SCHED_RQST_SET_ID='1a7bfc66-4efe-4fb2-8b1b-ca20bdd979c0' where ID='df71dbc6-3cd4-458e-a929-9b31338e7166' and VER_NBR=0
/
delete from KSEN_SCHED_RQST_CMP_BLDG where CMP_ID='2226b1a2-01bd-4442-b758-487149a0c9b1'
/
insert into KSEN_SCHED_RQST_CMP_BLDG (CMP_ID, BUILDING_ID) values ('2226b1a2-01bd-4442-b758-487149a0c9b1', '84e53b2a-f39a-4b7a-8916-731087cff42d')
/
delete from KSEN_SCHED_RQST_CMP_CAMPUS where CMP_ID='2226b1a2-01bd-4442-b758-487149a0c9b1'
/
insert into KSEN_SCHED_RQST_CMP_CAMPUS (CMP_ID, CAMPUS_ID) values ('2226b1a2-01bd-4442-b758-487149a0c9b1', 'UMCP')
/
delete from KSEN_SCHED_RQST_CMP_ROOM where CMP_ID='2226b1a2-01bd-4442-b758-487149a0c9b1'
/
insert into KSEN_SCHED_RQST_CMP_ROOM (CMP_ID, ROOM_ID) values ('2226b1a2-01bd-4442-b758-487149a0c9b1', 'f0c251ff-584a-434f-8cf3-9e4e71a9254d')
/
delete from KSEN_SCHED_RQST_CMP_TMSLOT where CMP_ID='2226b1a2-01bd-4442-b758-487149a0c9b1'
/
insert into KSEN_SCHED_RQST_CMP_TMSLOT (CMP_ID, TM_SLOT_ID) values ('2226b1a2-01bd-4442-b758-487149a0c9b1', '898360DF-53D6-456E-AF60-DE71CEE9738F')
/
update KSEN_LUI set OBJ_ID='b72f273e-162e-4dda-8725-a625bebbf43b', VER_NBR=2, UPDATEID='admin', UPDATETIME=TIMESTAMP '2014-02-06 10:44:43.486', ATP_ID='kuali.atp.2014Winter', CLU_ID='702e6aba-fe80-4713-9ec7-caa1759a74e8', EFF_DT='', EXPIR_DT='', DESCR_FORMATTED='Courses with lecture', LUI_STATE='kuali.lui.activity.offering.state.approved', LUI_TYPE='kuali.lui.type.activity.offering.lecture', MAX_SEATS=25, MIN_SEATS=25, NAME='Lecture', DESCR_PLAIN='Courses with lecture', REF_URL=null where ID='b480f7fc-c07b-4eec-8daa-130e7868394c' and VER_NBR=1
/
update KSEN_LUI_IDENT set OBJ_ID='cc3981cc-2de6-4b71-944f-3adf5bf3be1f', VER_NBR=2, UPDATEID='admin', UPDATETIME=TIMESTAMP '2014-02-06 10:44:43.486', LUI_CD='A', DIVISION='', IDENT_LEVEL='', LNG_NAME='', LUI_ID='b480f7fc-c07b-4eec-8daa-130e7868394c', ORGID='', SHRT_NAME='', LUI_ID_STATE='kuali.lui.identifier.state.active', SUFX_CD='', LUI_ID_TYPE='kuali.lui.identifier.type.official', VARTN='' where ID='41348993-d9c4-4d77-abb8-cfce8c74ea4c' and VER_NBR=1
/
update KSEN_LUI_LU_CD set OBJ_ID='5e283f0a-3393-46ed-916a-28edb4eae9f6', VER_NBR=2, UPDATEID='admin', UPDATETIME=TIMESTAMP '2014-02-06 10:44:43.486', DESCR_FORMATTED='', LUI_ID='b480f7fc-c07b-4eec-8daa-130e7868394c', DESCR_PLAIN='', LUI_LUCD_TYPE='kuali.lu.code.honorsOffering', VALUE=0 where ID='d81250cb-a62b-43fb-96f9-0ecf432415e4' and VER_NBR=1
/
insert into KSEN_LUI_SCHEDULE (LUI_ID, SCHED_ID) values ('b480f7fc-c07b-4eec-8daa-130e7868394c', '0ba5fca1-66ee-44c5-8824-241407243838')
/
update KSEN_LPR set OBJ_ID='06ccf17b-d75f-4ef6-a1bb-7cb579009414', VER_NBR=1, UPDATEID='admin', UPDATETIME=TIMESTAMP '2014-02-06 10:44:43.486', ATP_ID='', COMMIT_PERCT='100.00', CREDITS='', EFF_DT=TIMESTAMP '2014-02-06 10:45:02.919', EXPIR_DT='', GRADING_OPT_ID='', LUI_ID='b480f7fc-c07b-4eec-8daa-130e7868394c', MASTER_LUI_ID='', PERS_ID='P.BENJAMINS', LPR_STATE='kuali.lpr.state.active', LPR_TYPE='kuali.lpr.type.instructor.main' where ID='8d800dfd-57d9-4b0f-a744-4b480cb53e82' and VER_NBR=0
/
insert into KSEN_SCHED (OBJ_ID, VER_NBR, CREATEID, CREATETIME, UPDATEID, UPDATETIME, ATP_ID, DESCR_FORMATTED, NAME, DESCR_PLAIN, SCHED_STATE, SCHED_TYPE, ID) values ('66f249e6-aa46-4813-9b3a-e04415306a58', 0, 'admin', TIMESTAMP '2014-02-06 10:44:43.486', 'admin', TIMESTAMP '2014-02-06 10:44:43.486', 'kuali.atp.2014Winter', '', '', '', 'kuali.scheduling.schedule.state.active', 'kuali.scheduling.schedule.type.schedule', 'edbef068-ba18-46fc-bb9e-41e068f7d217')
/
insert into KSEN_SCHED_CMP (OBJ_ID, TBA_IND, ROOM_ID, SCHED_ID, ID) values ('869dc75a-5f78-4f74-a333-0a09356a8aba', 1, '', 'edbef068-ba18-46fc-bb9e-41e068f7d217', '81fe4e2c-4f9d-4e47-bd58-46868bfb1b8d')
/
insert into KSEN_SCHED_CMP_TMSLOT (SCHED_CMP_ID, TM_SLOT_ID) values ('81fe4e2c-4f9d-4e47-bd58-46868bfb1b8d', '4A6971D2-447D-4359-B949-F4EDF104A0AA')
/
update KSEN_SCHED_RQST_CMP set OBJ_ID='', TBA_IND=1, SCHED_RQST_ID='45383565-820a-4d76-b5f6-e8b4295df2d6' where ID='0724dfb0-2896-493a-b20d-ca07c6c19535'
/
update KSEN_SCHED_RQST set OBJ_ID='18a5f69d-ae6f-4023-be52-a4bb7a123b5a', VER_NBR=1, UPDATEID='admin', UPDATETIME=TIMESTAMP '2014-02-06 10:44:43.486', DESCR_FORMATTED='', NAME='Schedule request for HIST329N - A', DESCR_PLAIN='', SCHED_RQST_STATE='kuali.scheduling.schedule.request.state.created', SCHED_RQST_TYPE='kuali.scheduling.schedule.request.type.schedule.request', SCHED_ID='edbef068-ba18-46fc-bb9e-41e068f7d217', SCHED_RQST_SET_ID='7508bd81-eafd-4959-a592-819fe62d433e' where ID='45383565-820a-4d76-b5f6-e8b4295df2d6' and VER_NBR=0
/
delete from KSEN_SCHED_RQST_CMP_TMSLOT where CMP_ID='0724dfb0-2896-493a-b20d-ca07c6c19535'
/
insert into KSEN_SCHED_RQST_CMP_TMSLOT (CMP_ID, TM_SLOT_ID) values ('0724dfb0-2896-493a-b20d-ca07c6c19535', '4A6971D2-447D-4359-B949-F4EDF104A0AA')
/
update KSEN_LUI set OBJ_ID='fd58c347-c276-4ea5-8ce4-f247c987fa20', VER_NBR=2, UPDATEID='admin', UPDATETIME=TIMESTAMP '2014-02-06 10:44:43.486', ATP_ID='kuali.atp.2014Winter', CLU_ID='ce5a1d8e-ab44-4a98-a3bc-73e328376eea', EFF_DT='', EXPIR_DT='', DESCR_FORMATTED='Courses with lecture', LUI_STATE='kuali.lui.activity.offering.state.approved', LUI_TYPE='kuali.lui.type.activity.offering.lecture', MAX_SEATS=1, MIN_SEATS=1, NAME='Lecture', DESCR_PLAIN='Courses with lecture', REF_URL=null where ID='5c4b07d1-1234-4ae3-b269-765539d14396' and VER_NBR=1
/
update KSEN_LUI_IDENT set OBJ_ID='7cbec38f-7ce3-4369-b402-d53367da0d67', VER_NBR=2, UPDATEID='admin', UPDATETIME=TIMESTAMP '2014-02-06 10:44:43.486', LUI_CD='A', DIVISION='', IDENT_LEVEL='', LNG_NAME='', LUI_ID='5c4b07d1-1234-4ae3-b269-765539d14396', ORGID='', SHRT_NAME='', LUI_ID_STATE='kuali.lui.identifier.state.active', SUFX_CD='', LUI_ID_TYPE='kuali.lui.identifier.type.official', VARTN='' where ID='fa64a67a-468c-4670-9e1c-fefc8b73b9b3' and VER_NBR=1
/
update KSEN_LUI_LU_CD set OBJ_ID='5097c004-f8be-4eac-a714-a30bc2df0ed7', VER_NBR=2, UPDATEID='admin', UPDATETIME=TIMESTAMP '2014-02-06 10:44:43.486', DESCR_FORMATTED='', LUI_ID='5c4b07d1-1234-4ae3-b269-765539d14396', DESCR_PLAIN='', LUI_LUCD_TYPE='kuali.lu.code.honorsOffering', VALUE=0 where ID='f7aa8e13-34de-4713-a6e3-929b90e3b168' and VER_NBR=1
/
insert into KSEN_LUI_SCHEDULE (LUI_ID, SCHED_ID) values ('5c4b07d1-1234-4ae3-b269-765539d14396', 'edbef068-ba18-46fc-bb9e-41e068f7d217')
/
update KSEN_LPR set OBJ_ID='714d0c00-2480-4dad-9eb7-71f7208420e7', VER_NBR=1, UPDATEID='admin', UPDATETIME=TIMESTAMP '2014-02-06 10:44:43.486', ATP_ID='', COMMIT_PERCT='100.00', CREDITS='', EFF_DT=TIMESTAMP '2014-02-06 10:45:03.744', EXPIR_DT='', GRADING_OPT_ID='', LUI_ID='5c4b07d1-1234-4ae3-b269-765539d14396', MASTER_LUI_ID='', PERS_ID='P.FRANKJ', LPR_STATE='kuali.lpr.state.active', LPR_TYPE='kuali.lpr.type.instructor.main' where ID='13529b5f-99c3-44cd-aace-8e434344b344' and VER_NBR=0
/
insert into KSEN_SCHED (OBJ_ID, VER_NBR, CREATEID, CREATETIME, UPDATEID, UPDATETIME, ATP_ID, DESCR_FORMATTED, NAME, DESCR_PLAIN, SCHED_STATE, SCHED_TYPE, ID) values ('497c36dd-9f17-405c-8ff8-ee9d45bfc036', 0, 'admin', TIMESTAMP '2014-02-06 10:44:43.486', 'admin', TIMESTAMP '2014-02-06 10:44:43.486', 'kuali.atp.2014Winter', '', '', '', 'kuali.scheduling.schedule.state.active', 'kuali.scheduling.schedule.type.schedule', '16257997-0c0c-41df-9a9a-f84998010738')
/
insert into KSEN_SCHED_CMP (OBJ_ID, TBA_IND, ROOM_ID, SCHED_ID, ID) values ('7a167ba6-3c31-44c1-9e5c-a009323c0c28', 1, '', '16257997-0c0c-41df-9a9a-f84998010738', 'ad88af4a-33bf-4459-a106-147d2521b749')
/
insert into KSEN_SCHED_CMP_TMSLOT (SCHED_CMP_ID, TM_SLOT_ID) values ('ad88af4a-33bf-4459-a106-147d2521b749', '4A6971D2-447D-4359-B949-F4EDF104A0AA')
/
update KSEN_SCHED_RQST_CMP set OBJ_ID='', TBA_IND=1, SCHED_RQST_ID='019b5151-0435-4acc-ad04-152c15fd6a33' where ID='f7e3c9b9-c27c-46d3-aed3-6dbe92391c6e'
/
update KSEN_SCHED_RQST set OBJ_ID='329a1237-01a9-47b7-95c0-0bdf3ec896d5', VER_NBR=1, UPDATEID='admin', UPDATETIME=TIMESTAMP '2014-02-06 10:44:43.486', DESCR_FORMATTED='', NAME='Schedule request for CHEM399A - A', DESCR_PLAIN='', SCHED_RQST_STATE='kuali.scheduling.schedule.request.state.created', SCHED_RQST_TYPE='kuali.scheduling.schedule.request.type.schedule.request', SCHED_ID='16257997-0c0c-41df-9a9a-f84998010738', SCHED_RQST_SET_ID='9779053a-8b6b-44bc-94d4-8d13b1c66fe2' where ID='019b5151-0435-4acc-ad04-152c15fd6a33' and VER_NBR=0
/
delete from KSEN_SCHED_RQST_CMP_TMSLOT where CMP_ID='f7e3c9b9-c27c-46d3-aed3-6dbe92391c6e'
/
insert into KSEN_SCHED_RQST_CMP_TMSLOT (CMP_ID, TM_SLOT_ID) values ('f7e3c9b9-c27c-46d3-aed3-6dbe92391c6e', '4A6971D2-447D-4359-B949-F4EDF104A0AA')
/
update KSEN_LUI set OBJ_ID='83cd08e4-607a-4dd8-b65a-e0ab8aed85c1', VER_NBR=2, UPDATEID='admin', UPDATETIME=TIMESTAMP '2014-02-06 10:44:43.486', ATP_ID='kuali.atp.2014Winter', CLU_ID='adb8910d-8560-46b5-8306-540e4d3cf0a8', EFF_DT='', EXPIR_DT='', DESCR_FORMATTED='Courses with lecture', LUI_STATE='kuali.lui.activity.offering.state.approved', LUI_TYPE='kuali.lui.type.activity.offering.lecture', MAX_SEATS=5, MIN_SEATS=5, NAME='Lecture', DESCR_PLAIN='Courses with lecture', REF_URL=null where ID='e2cdea6a-56b9-4ca3-99d4-1abe445753bf' and VER_NBR=1
/
update KSEN_LUI_IDENT set OBJ_ID='46d51ec1-5383-4684-bb24-1003d315ba7c', VER_NBR=2, UPDATEID='admin', UPDATETIME=TIMESTAMP '2014-02-06 10:44:43.486', LUI_CD='A', DIVISION='', IDENT_LEVEL='', LNG_NAME='', LUI_ID='e2cdea6a-56b9-4ca3-99d4-1abe445753bf', ORGID='', SHRT_NAME='', LUI_ID_STATE='kuali.lui.identifier.state.active', SUFX_CD='', LUI_ID_TYPE='kuali.lui.identifier.type.official', VARTN='' where ID='fdd84a49-eefa-4a10-8db5-a3b5873a4c45' and VER_NBR=1
/
update KSEN_LUI_LU_CD set OBJ_ID='b0d0c67f-9c4a-45c1-a3ad-4b0281a71d48', VER_NBR=2, UPDATEID='admin', UPDATETIME=TIMESTAMP '2014-02-06 10:44:43.486', DESCR_FORMATTED='', LUI_ID='e2cdea6a-56b9-4ca3-99d4-1abe445753bf', DESCR_PLAIN='', LUI_LUCD_TYPE='kuali.lu.code.honorsOffering', VALUE=0 where ID='2172bbbe-1c25-4dff-b91b-ddbfe0a12bfa' and VER_NBR=1
/
insert into KSEN_LUI_SCHEDULE (LUI_ID, SCHED_ID) values ('e2cdea6a-56b9-4ca3-99d4-1abe445753bf', '16257997-0c0c-41df-9a9a-f84998010738')
/
update KSEN_LPR set OBJ_ID='460fa789-fff3-488a-a048-ee330e82f3cf', VER_NBR=1, UPDATEID='admin', UPDATETIME=TIMESTAMP '2014-02-06 10:44:43.486', ATP_ID='', COMMIT_PERCT='100.00', CREDITS='', EFF_DT=TIMESTAMP '2014-02-06 10:45:04.715', EXPIR_DT='', GRADING_OPT_ID='', LUI_ID='e2cdea6a-56b9-4ca3-99d4-1abe445753bf', MASTER_LUI_ID='', PERS_ID='J.PATRICIAT', LPR_STATE='kuali.lpr.state.active', LPR_TYPE='kuali.lpr.type.instructor.main' where ID='0a75e897-3e85-4c02-8c2e-c10f1896255a' and VER_NBR=0
/
insert into KSEN_SCHED (OBJ_ID, VER_NBR, CREATEID, CREATETIME, UPDATEID, UPDATETIME, ATP_ID, DESCR_FORMATTED, NAME, DESCR_PLAIN, SCHED_STATE, SCHED_TYPE, ID) values ('7649bca6-6c98-462c-b69a-097dffba1191', 0, 'admin', TIMESTAMP '2014-02-06 10:44:43.486', 'admin', TIMESTAMP '2014-02-06 10:44:43.486', 'kuali.atp.2014Winter', '', '', '', 'kuali.scheduling.schedule.state.active', 'kuali.scheduling.schedule.type.schedule', '1c89280a-3545-483c-9675-28431c302a88')
/
insert into KSEN_SCHED_CMP (OBJ_ID, TBA_IND, ROOM_ID, SCHED_ID, ID) values ('568c21d7-4065-4567-864b-8c3791d00d7b', 0, '6dd715ea-cc9b-4cd1-9a34-f96628650406', '1c89280a-3545-483c-9675-28431c302a88', 'b46ac010-879b-432c-bf9c-3f7393914099')
/
insert into KSEN_SCHED_CMP_TMSLOT (SCHED_CMP_ID, TM_SLOT_ID) values ('b46ac010-879b-432c-bf9c-3f7393914099', '4A6971D2-447D-4359-B949-F4EDF104A0AA')
/
update KSEN_SCHED_RQST_CMP set OBJ_ID='', TBA_IND=0, SCHED_RQST_ID='a1b8ef83-4d9c-4fd5-910c-c90f4241946e' where ID='4d0df0da-0f2d-4fbf-9b53-20b0481aa0bf'
/
update KSEN_SCHED_RQST set OBJ_ID='9c48189a-8241-479c-acc0-05b81f5226ee', VER_NBR=1, UPDATEID='admin', UPDATETIME=TIMESTAMP '2014-02-06 10:44:43.486', DESCR_FORMATTED='', NAME='Schedule request for HIST329K - A', DESCR_PLAIN='', SCHED_RQST_STATE='kuali.scheduling.schedule.request.state.created', SCHED_RQST_TYPE='kuali.scheduling.schedule.request.type.schedule.request', SCHED_ID='1c89280a-3545-483c-9675-28431c302a88', SCHED_RQST_SET_ID='84a597ec-4dcd-4359-8002-820b885f2892' where ID='a1b8ef83-4d9c-4fd5-910c-c90f4241946e' and VER_NBR=0
/
delete from KSEN_SCHED_RQST_CMP_BLDG where CMP_ID='4d0df0da-0f2d-4fbf-9b53-20b0481aa0bf'
/
insert into KSEN_SCHED_RQST_CMP_BLDG (CMP_ID, BUILDING_ID) values ('4d0df0da-0f2d-4fbf-9b53-20b0481aa0bf', 'd5138c2b-01ee-4e81-b526-38ed2a7c60a3')
/
delete from KSEN_SCHED_RQST_CMP_CAMPUS where CMP_ID='4d0df0da-0f2d-4fbf-9b53-20b0481aa0bf'
/
insert into KSEN_SCHED_RQST_CMP_CAMPUS (CMP_ID, CAMPUS_ID) values ('4d0df0da-0f2d-4fbf-9b53-20b0481aa0bf', 'UMCP')
/
delete from KSEN_SCHED_RQST_CMP_ROOM where CMP_ID='4d0df0da-0f2d-4fbf-9b53-20b0481aa0bf'
/
insert into KSEN_SCHED_RQST_CMP_ROOM (CMP_ID, ROOM_ID) values ('4d0df0da-0f2d-4fbf-9b53-20b0481aa0bf', '6dd715ea-cc9b-4cd1-9a34-f96628650406')
/
delete from KSEN_SCHED_RQST_CMP_TMSLOT where CMP_ID='4d0df0da-0f2d-4fbf-9b53-20b0481aa0bf'
/
insert into KSEN_SCHED_RQST_CMP_TMSLOT (CMP_ID, TM_SLOT_ID) values ('4d0df0da-0f2d-4fbf-9b53-20b0481aa0bf', '4A6971D2-447D-4359-B949-F4EDF104A0AA')
/
update KSEN_LUI set OBJ_ID='16863f3a-1395-4b99-a79d-ce01a32cf961', VER_NBR=2, UPDATEID='admin', UPDATETIME=TIMESTAMP '2014-02-06 10:44:43.486', ATP_ID='kuali.atp.2014Winter', CLU_ID='e4d0b217-a16e-4efe-96c7-87e307bfffc4', EFF_DT='', EXPIR_DT='', DESCR_FORMATTED='Courses with lecture', LUI_STATE='kuali.lui.activity.offering.state.approved', LUI_TYPE='kuali.lui.type.activity.offering.lecture', MAX_SEATS=40, MIN_SEATS=40, NAME='Lecture', DESCR_PLAIN='Courses with lecture', REF_URL=null where ID='99e403ca-b19e-4b1f-bcae-5903869be887' and VER_NBR=1
/
update KSEN_LUI_IDENT set OBJ_ID='67fa7c47-981f-4b1b-a173-d257fb938395', VER_NBR=2, UPDATEID='admin', UPDATETIME=TIMESTAMP '2014-02-06 10:44:43.486', LUI_CD='A', DIVISION='', IDENT_LEVEL='', LNG_NAME='', LUI_ID='99e403ca-b19e-4b1f-bcae-5903869be887', ORGID='', SHRT_NAME='', LUI_ID_STATE='kuali.lui.identifier.state.active', SUFX_CD='', LUI_ID_TYPE='kuali.lui.identifier.type.official', VARTN='' where ID='a3ead727-ba68-48f9-87bd-f8d87875fe02' and VER_NBR=1
/
update KSEN_LUI_LU_CD set OBJ_ID='57e5b600-72fa-4861-9e6e-c7aec950fc42', VER_NBR=2, UPDATEID='admin', UPDATETIME=TIMESTAMP '2014-02-06 10:44:43.486', DESCR_FORMATTED='', LUI_ID='99e403ca-b19e-4b1f-bcae-5903869be887', DESCR_PLAIN='', LUI_LUCD_TYPE='kuali.lu.code.honorsOffering', VALUE=0 where ID='00afb6d2-3655-4a97-bb8b-731d7c8f629e' and VER_NBR=1
/
insert into KSEN_LUI_SCHEDULE (LUI_ID, SCHED_ID) values ('99e403ca-b19e-4b1f-bcae-5903869be887', '1c89280a-3545-483c-9675-28431c302a88')
/
update KSEN_LPR set OBJ_ID='5accb3aa-e5d1-49f4-a902-34dc0c212d84', VER_NBR=1, UPDATEID='admin', UPDATETIME=TIMESTAMP '2014-02-06 10:44:43.486', ATP_ID='', COMMIT_PERCT='100.00', CREDITS='', EFF_DT=TIMESTAMP '2014-02-06 10:45:05.607', EXPIR_DT='', GRADING_OPT_ID='', LUI_ID='99e403ca-b19e-4b1f-bcae-5903869be887', MASTER_LUI_ID='', PERS_ID='L.GEJ', LPR_STATE='kuali.lpr.state.active', LPR_TYPE='kuali.lpr.type.instructor.main' where ID='ae28033a-01c2-4f7e-8628-6dc5a1ca8057' and VER_NBR=0
/
insert into KSEN_SCHED (OBJ_ID, VER_NBR, CREATEID, CREATETIME, UPDATEID, UPDATETIME, ATP_ID, DESCR_FORMATTED, NAME, DESCR_PLAIN, SCHED_STATE, SCHED_TYPE, ID) values ('fe177f9b-c74f-42c6-a501-de7b5db3870e', 0, 'admin', TIMESTAMP '2014-02-06 10:44:43.486', 'admin', TIMESTAMP '2014-02-06 10:44:43.486', 'kuali.atp.2014Winter', '', '', '', 'kuali.scheduling.schedule.state.active', 'kuali.scheduling.schedule.type.schedule', '9ad18208-592a-4c86-83fc-9c3a8476b748')
/
insert into KSEN_SCHED_CMP (OBJ_ID, TBA_IND, ROOM_ID, SCHED_ID, ID) values ('0fab9121-136c-406b-9d5a-75e399f0db3f', 1, '', '9ad18208-592a-4c86-83fc-9c3a8476b748', 'ea71244e-e066-46ff-bc42-8901667f7b57')
/
insert into KSEN_SCHED_CMP_TMSLOT (SCHED_CMP_ID, TM_SLOT_ID) values ('ea71244e-e066-46ff-bc42-8901667f7b57', '4A6971D2-447D-4359-B949-F4EDF104A0AA')
/
update KSEN_SCHED_RQST_CMP set OBJ_ID='', TBA_IND=1, SCHED_RQST_ID='28a95345-60a8-46c9-97fb-d6a3875ba1a7' where ID='a26bef7c-6717-450f-bad2-cc69b5f08a87'
/
update KSEN_SCHED_RQST set OBJ_ID='e40261f9-648e-4918-a88f-ff719add1e08', VER_NBR=1, UPDATEID='admin', UPDATETIME=TIMESTAMP '2014-02-06 10:44:43.486', DESCR_FORMATTED='', NAME='Schedule request for HIST219K - A', DESCR_PLAIN='', SCHED_RQST_STATE='kuali.scheduling.schedule.request.state.created', SCHED_RQST_TYPE='kuali.scheduling.schedule.request.type.schedule.request', SCHED_ID='9ad18208-592a-4c86-83fc-9c3a8476b748', SCHED_RQST_SET_ID='73a8448d-7ae1-495d-afee-282f7bbef297' where ID='28a95345-60a8-46c9-97fb-d6a3875ba1a7' and VER_NBR=0
/
delete from KSEN_SCHED_RQST_CMP_TMSLOT where CMP_ID='a26bef7c-6717-450f-bad2-cc69b5f08a87'
/
insert into KSEN_SCHED_RQST_CMP_TMSLOT (CMP_ID, TM_SLOT_ID) values ('a26bef7c-6717-450f-bad2-cc69b5f08a87', '4A6971D2-447D-4359-B949-F4EDF104A0AA')
/
update KSEN_LUI set OBJ_ID='5f728bd3-b03a-4f9f-aacc-bf4a42610127', VER_NBR=2, UPDATEID='admin', UPDATETIME=TIMESTAMP '2014-02-06 10:44:43.486', ATP_ID='kuali.atp.2014Winter', CLU_ID='315f56ce-d69d-44a2-a745-5a611e4ac066', EFF_DT='', EXPIR_DT='', DESCR_FORMATTED='Courses with lecture', LUI_STATE='kuali.lui.activity.offering.state.approved', LUI_TYPE='kuali.lui.type.activity.offering.lecture', MAX_SEATS=1, MIN_SEATS='', NAME='Lecture', DESCR_PLAIN='Courses with lecture', REF_URL=null where ID='e4344fb8-e8e3-43d5-95e1-e4e1eeaa93d7' and VER_NBR=1
/
update KSEN_LUI_IDENT set OBJ_ID='4f514b63-8c3e-4ada-9b12-06ca5591ca67', VER_NBR=2, UPDATEID='admin', UPDATETIME=TIMESTAMP '2014-02-06 10:44:43.486', LUI_CD='A', DIVISION='', IDENT_LEVEL='', LNG_NAME='', LUI_ID='e4344fb8-e8e3-43d5-95e1-e4e1eeaa93d7', ORGID='', SHRT_NAME='', LUI_ID_STATE='kuali.lui.identifier.state.active', SUFX_CD='', LUI_ID_TYPE='kuali.lui.identifier.type.official', VARTN='' where ID='3cc250d7-d1d7-4dfc-af90-24b487d3682c' and VER_NBR=1
/
update KSEN_LUI_LU_CD set OBJ_ID='3ab8ac0c-1d00-4922-8b59-f1ac96bfde5e', VER_NBR=2, UPDATEID='admin', UPDATETIME=TIMESTAMP '2014-02-06 10:44:43.486', DESCR_FORMATTED='', LUI_ID='e4344fb8-e8e3-43d5-95e1-e4e1eeaa93d7', DESCR_PLAIN='', LUI_LUCD_TYPE='kuali.lu.code.honorsOffering', VALUE=0 where ID='b5888e0b-bc7b-4e2f-82b9-bb6b63c0ab52' and VER_NBR=1
/
insert into KSEN_LUI_SCHEDULE (LUI_ID, SCHED_ID) values ('e4344fb8-e8e3-43d5-95e1-e4e1eeaa93d7', '9ad18208-592a-4c86-83fc-9c3a8476b748')
/
update KSEN_LPR set OBJ_ID='c085cdaa-0587-4823-99ae-25a7ca190192', VER_NBR=1, UPDATEID='admin', UPDATETIME=TIMESTAMP '2014-02-06 10:44:43.486', ATP_ID='', COMMIT_PERCT='100.00', CREDITS='', EFF_DT=TIMESTAMP '2014-02-06 10:45:06.921', EXPIR_DT='', GRADING_OPT_ID='', LUI_ID='e4344fb8-e8e3-43d5-95e1-e4e1eeaa93d7', MASTER_LUI_ID='', PERS_ID='P.MARYH', LPR_STATE='kuali.lpr.state.active', LPR_TYPE='kuali.lpr.type.instructor.main' where ID='136341b8-a2b6-456c-b7b2-350f478b8689' and VER_NBR=0
/
insert into KSEN_SCHED (OBJ_ID, VER_NBR, CREATEID, CREATETIME, UPDATEID, UPDATETIME, ATP_ID, DESCR_FORMATTED, NAME, DESCR_PLAIN, SCHED_STATE, SCHED_TYPE, ID) values ('b0402315-cc7c-48ff-b017-30226f0905d7', 0, 'admin', TIMESTAMP '2014-02-06 10:44:43.486', 'admin', TIMESTAMP '2014-02-06 10:44:43.486', 'kuali.atp.2014Winter', '', '', '', 'kuali.scheduling.schedule.state.active', 'kuali.scheduling.schedule.type.schedule', '3858eec0-5820-427a-a385-7a8b10ed5670')
/
insert into KSEN_SCHED_CMP (OBJ_ID, TBA_IND, ROOM_ID, SCHED_ID, ID) values ('0b6e3f7b-f7c0-40e5-8808-6176367fffb4', 0, '6dd715ea-cc9b-4cd1-9a34-f96628650406', '3858eec0-5820-427a-a385-7a8b10ed5670', 'bf0ddf40-52ab-42db-a96b-868127829ca4')
/
insert into KSEN_SCHED_CMP_TMSLOT (SCHED_CMP_ID, TM_SLOT_ID) values ('bf0ddf40-52ab-42db-a96b-868127829ca4', '4A6971D2-447D-4359-B949-F4EDF104A0AA')
/
update KSEN_SCHED_RQST_CMP set OBJ_ID='', TBA_IND=0, SCHED_RQST_ID='d544b7c4-1db6-4a68-826d-be393af17b3d' where ID='33d4c99b-9070-45a4-98b7-8383f3162007'
/
update KSEN_SCHED_RQST set OBJ_ID='63e2bcc1-5d9d-469d-a4bf-38833736717b', VER_NBR=1, UPDATEID='admin', UPDATETIME=TIMESTAMP '2014-02-06 10:44:43.486', DESCR_FORMATTED='', NAME='Schedule request for WMST250 - A', DESCR_PLAIN='', SCHED_RQST_STATE='kuali.scheduling.schedule.request.state.created', SCHED_RQST_TYPE='kuali.scheduling.schedule.request.type.schedule.request', SCHED_ID='3858eec0-5820-427a-a385-7a8b10ed5670', SCHED_RQST_SET_ID='0f77adaa-16ab-4ca1-ad83-4770d5aea8ed' where ID='d544b7c4-1db6-4a68-826d-be393af17b3d' and VER_NBR=0
/
delete from KSEN_SCHED_RQST_CMP_BLDG where CMP_ID='33d4c99b-9070-45a4-98b7-8383f3162007'
/
insert into KSEN_SCHED_RQST_CMP_BLDG (CMP_ID, BUILDING_ID) values ('33d4c99b-9070-45a4-98b7-8383f3162007', 'd5138c2b-01ee-4e81-b526-38ed2a7c60a3')
/
delete from KSEN_SCHED_RQST_CMP_CAMPUS where CMP_ID='33d4c99b-9070-45a4-98b7-8383f3162007'
/
insert into KSEN_SCHED_RQST_CMP_CAMPUS (CMP_ID, CAMPUS_ID) values ('33d4c99b-9070-45a4-98b7-8383f3162007', 'UMCP')
/
delete from KSEN_SCHED_RQST_CMP_ROOM where CMP_ID='33d4c99b-9070-45a4-98b7-8383f3162007'
/
insert into KSEN_SCHED_RQST_CMP_ROOM (CMP_ID, ROOM_ID) values ('33d4c99b-9070-45a4-98b7-8383f3162007', '6dd715ea-cc9b-4cd1-9a34-f96628650406')
/
delete from KSEN_SCHED_RQST_CMP_TMSLOT where CMP_ID='33d4c99b-9070-45a4-98b7-8383f3162007'
/
insert into KSEN_SCHED_RQST_CMP_TMSLOT (CMP_ID, TM_SLOT_ID) values ('33d4c99b-9070-45a4-98b7-8383f3162007', '4A6971D2-447D-4359-B949-F4EDF104A0AA')
/
update KSEN_LUI set OBJ_ID='062c42d9-fc0a-4503-a99a-50275a169951', VER_NBR=2, UPDATEID='admin', UPDATETIME=TIMESTAMP '2014-02-06 10:44:43.486', ATP_ID='kuali.atp.2014Winter', CLU_ID='ef9d80d1-2429-49b7-af3c-ecadab6eb60f', EFF_DT='', EXPIR_DT='', DESCR_FORMATTED='Courses with lecture', LUI_STATE='kuali.lui.activity.offering.state.approved', LUI_TYPE='kuali.lui.type.activity.offering.lecture', MAX_SEATS=25, MIN_SEATS=25, NAME='Lecture', DESCR_PLAIN='Courses with lecture', REF_URL=null where ID='c9f58383-7171-4217-b9d1-1e3d0a33fb54' and VER_NBR=1
/
update KSEN_LUI_IDENT set OBJ_ID='a9b6c020-2297-4561-9de4-a5ae26590c9c', VER_NBR=2, UPDATEID='admin', UPDATETIME=TIMESTAMP '2014-02-06 10:44:43.486', LUI_CD='A', DIVISION='', IDENT_LEVEL='', LNG_NAME='', LUI_ID='c9f58383-7171-4217-b9d1-1e3d0a33fb54', ORGID='', SHRT_NAME='', LUI_ID_STATE='kuali.lui.identifier.state.active', SUFX_CD='', LUI_ID_TYPE='kuali.lui.identifier.type.official', VARTN='' where ID='b5676713-9c56-49b4-bf61-063870ad798d' and VER_NBR=1
/
update KSEN_LUI_LU_CD set OBJ_ID='81941f15-0153-4667-8d55-0521eed32ef1', VER_NBR=2, UPDATEID='admin', UPDATETIME=TIMESTAMP '2014-02-06 10:44:43.486', DESCR_FORMATTED='', LUI_ID='c9f58383-7171-4217-b9d1-1e3d0a33fb54', DESCR_PLAIN='', LUI_LUCD_TYPE='kuali.lu.code.honorsOffering', VALUE=0 where ID='4bc10db5-d706-42ec-89e0-3ee4603f0567' and VER_NBR=1
/
insert into KSEN_LUI_SCHEDULE (LUI_ID, SCHED_ID) values ('c9f58383-7171-4217-b9d1-1e3d0a33fb54', '3858eec0-5820-427a-a385-7a8b10ed5670')
/
update KSEN_LPR set OBJ_ID='2cca3969-255d-4c9c-94b5-288f6bd156ed', VER_NBR=1, UPDATEID='admin', UPDATETIME=TIMESTAMP '2014-02-06 10:44:43.486', ATP_ID='', COMMIT_PERCT='100.00', CREDITS='', EFF_DT=TIMESTAMP '2014-02-06 10:45:07.79', EXPIR_DT='', GRADING_OPT_ID='', LUI_ID='c9f58383-7171-4217-b9d1-1e3d0a33fb54', MASTER_LUI_ID='', PERS_ID='C.SUSANB', LPR_STATE='kuali.lpr.state.active', LPR_TYPE='kuali.lpr.type.instructor.main' where ID='92030515-da46-4672-a70e-1064d3e7183e' and VER_NBR=0
/
insert into KSEN_SCHED (OBJ_ID, VER_NBR, CREATEID, CREATETIME, UPDATEID, UPDATETIME, ATP_ID, DESCR_FORMATTED, NAME, DESCR_PLAIN, SCHED_STATE, SCHED_TYPE, ID) values ('9f26fbd5-1fb2-4bdb-9e9e-a73aa085d423', 0, 'admin', TIMESTAMP '2014-02-06 10:44:43.486', 'admin', TIMESTAMP '2014-02-06 10:44:43.486', 'kuali.atp.2014Winter', '', '', '', 'kuali.scheduling.schedule.state.active', 'kuali.scheduling.schedule.type.schedule', '832a4b31-a4f6-4253-8617-80d82a189f36')
/
insert into KSEN_SCHED_CMP (OBJ_ID, TBA_IND, ROOM_ID, SCHED_ID, ID) values ('c12b35b2-cbd7-441e-9e59-7a4240851d6f', 0, 'fdd1e716-7c99-4cc9-afbe-d8fa2e44ec66', '832a4b31-a4f6-4253-8617-80d82a189f36', '74a900bb-6b50-4278-8e17-4e2db93bce94')
/
insert into KSEN_SCHED_CMP_TMSLOT (SCHED_CMP_ID, TM_SLOT_ID) values ('74a900bb-6b50-4278-8e17-4e2db93bce94', '331B1984-0170-4F3B-A02B-D480FE59DB2E')
/
update KSEN_SCHED_RQST_CMP set OBJ_ID='', TBA_IND=0, SCHED_RQST_ID='e954990f-e75c-434b-b3e7-e5cbabd4826a' where ID='8213f595-fd79-4c5e-94a1-abe021709151'
/
update KSEN_SCHED_RQST set OBJ_ID='a583cb7e-d63c-41e1-bbe2-73aa3b3802a0', VER_NBR=1, UPDATEID='admin', UPDATETIME=TIMESTAMP '2014-02-06 10:44:43.486', DESCR_FORMATTED='', NAME='Schedule request for HIST319O - A', DESCR_PLAIN='', SCHED_RQST_STATE='kuali.scheduling.schedule.request.state.created', SCHED_RQST_TYPE='kuali.scheduling.schedule.request.type.schedule.request', SCHED_ID='832a4b31-a4f6-4253-8617-80d82a189f36', SCHED_RQST_SET_ID='6e4129ce-f8d5-4197-b931-e76ed98f9c43' where ID='e954990f-e75c-434b-b3e7-e5cbabd4826a' and VER_NBR=0
/
delete from KSEN_SCHED_RQST_CMP_BLDG where CMP_ID='8213f595-fd79-4c5e-94a1-abe021709151'
/
insert into KSEN_SCHED_RQST_CMP_BLDG (CMP_ID, BUILDING_ID) values ('8213f595-fd79-4c5e-94a1-abe021709151', 'af22fa59-42ab-4d09-9a5b-6980f8b4ae7d')
/
delete from KSEN_SCHED_RQST_CMP_CAMPUS where CMP_ID='8213f595-fd79-4c5e-94a1-abe021709151'
/
insert into KSEN_SCHED_RQST_CMP_CAMPUS (CMP_ID, CAMPUS_ID) values ('8213f595-fd79-4c5e-94a1-abe021709151', 'UMCP')
/
delete from KSEN_SCHED_RQST_CMP_ROOM where CMP_ID='8213f595-fd79-4c5e-94a1-abe021709151'
/
insert into KSEN_SCHED_RQST_CMP_ROOM (CMP_ID, ROOM_ID) values ('8213f595-fd79-4c5e-94a1-abe021709151', 'fdd1e716-7c99-4cc9-afbe-d8fa2e44ec66')
/
delete from KSEN_SCHED_RQST_CMP_TMSLOT where CMP_ID='8213f595-fd79-4c5e-94a1-abe021709151'
/
insert into KSEN_SCHED_RQST_CMP_TMSLOT (CMP_ID, TM_SLOT_ID) values ('8213f595-fd79-4c5e-94a1-abe021709151', '331B1984-0170-4F3B-A02B-D480FE59DB2E')
/
update KSEN_LUI set OBJ_ID='d99e04cb-21ca-4e9f-8d88-ba3adbf137d8', VER_NBR=2, UPDATEID='admin', UPDATETIME=TIMESTAMP '2014-02-06 10:44:43.486', ATP_ID='kuali.atp.2014Winter', CLU_ID='55fda0fc-cb22-4b3b-a7e0-5a0ceeaaf89d', EFF_DT='', EXPIR_DT='', DESCR_FORMATTED='Courses with lecture', LUI_STATE='kuali.lui.activity.offering.state.approved', LUI_TYPE='kuali.lui.type.activity.offering.lecture', MAX_SEATS=40, MIN_SEATS=40, NAME='Lecture', DESCR_PLAIN='Courses with lecture', REF_URL=null where ID='a8528ca0-55a0-4167-987b-10396c2d76b4' and VER_NBR=1
/
update KSEN_LUI_IDENT set OBJ_ID='1e6c7d35-f9d3-419e-9388-af0ee0dedcbf', VER_NBR=2, UPDATEID='admin', UPDATETIME=TIMESTAMP '2014-02-06 10:44:43.486', LUI_CD='A', DIVISION='', IDENT_LEVEL='', LNG_NAME='', LUI_ID='a8528ca0-55a0-4167-987b-10396c2d76b4', ORGID='', SHRT_NAME='', LUI_ID_STATE='kuali.lui.identifier.state.active', SUFX_CD='', LUI_ID_TYPE='kuali.lui.identifier.type.official', VARTN='' where ID='628a7cb6-998e-4bda-9f65-bf4b916a46ae' and VER_NBR=1
/
update KSEN_LUI_LU_CD set OBJ_ID='47e054e7-a99e-4298-97da-fc7dd80e33a5', VER_NBR=2, UPDATEID='admin', UPDATETIME=TIMESTAMP '2014-02-06 10:44:43.486', DESCR_FORMATTED='', LUI_ID='a8528ca0-55a0-4167-987b-10396c2d76b4', DESCR_PLAIN='', LUI_LUCD_TYPE='kuali.lu.code.honorsOffering', VALUE=0 where ID='81ebc5b9-1464-422f-b9d1-2f500b63f56a' and VER_NBR=1
/
insert into KSEN_LUI_SCHEDULE (LUI_ID, SCHED_ID) values ('a8528ca0-55a0-4167-987b-10396c2d76b4', '832a4b31-a4f6-4253-8617-80d82a189f36')
/
update KSEN_LPR set OBJ_ID='a2a51d57-aab8-436b-a627-5972ca95335f', VER_NBR=1, UPDATEID='admin', UPDATETIME=TIMESTAMP '2014-02-06 10:44:43.486', ATP_ID='', COMMIT_PERCT='100.00', CREDITS='', EFF_DT=TIMESTAMP '2014-02-06 10:45:08.573', EXPIR_DT='', GRADING_OPT_ID='', LUI_ID='a8528ca0-55a0-4167-987b-10396c2d76b4', MASTER_LUI_ID='', PERS_ID='S.JOSEPHE', LPR_STATE='kuali.lpr.state.active', LPR_TYPE='kuali.lpr.type.instructor.main' where ID='26060c3a-31a6-464b-83f7-603fd894d87c' and VER_NBR=0
/
insert into KSEN_SCHED (OBJ_ID, VER_NBR, CREATEID, CREATETIME, UPDATEID, UPDATETIME, ATP_ID, DESCR_FORMATTED, NAME, DESCR_PLAIN, SCHED_STATE, SCHED_TYPE, ID) values ('fa6bfb11-67dc-4477-bb33-c71d625e2624', 0, 'admin', TIMESTAMP '2014-02-06 10:44:43.486', 'admin', TIMESTAMP '2014-02-06 10:44:43.486', 'kuali.atp.2014Winter', '', '', '', 'kuali.scheduling.schedule.state.active', 'kuali.scheduling.schedule.type.schedule', 'ca27336c-b01c-428d-88fa-342bc968cf72')
/
insert into KSEN_SCHED_CMP (OBJ_ID, TBA_IND, ROOM_ID, SCHED_ID, ID) values ('9d823cb9-b513-407d-804e-037651c34996', 0, 'b8e731ee-f0c0-4479-8413-1e0cc483071d', 'ca27336c-b01c-428d-88fa-342bc968cf72', '0333de4f-c599-4545-9dcf-261e15e6cd20')
/
insert into KSEN_SCHED_CMP_TMSLOT (SCHED_CMP_ID, TM_SLOT_ID) values ('0333de4f-c599-4545-9dcf-261e15e6cd20', '481A1B56-CD4F-465D-945D-61DA69EAB68D')
/
update KSEN_SCHED_RQST_CMP set OBJ_ID='', TBA_IND=0, SCHED_RQST_ID='15501a3f-9de2-4512-a380-72dda39bc4c9' where ID='09fc1348-0b23-4e8c-af70-8555fbfd398b'
/
update KSEN_SCHED_RQST set OBJ_ID='e8d9d0f2-2d64-48bf-b324-9f695c959c35', VER_NBR=1, UPDATEID='admin', UPDATETIME=TIMESTAMP '2014-02-06 10:44:43.486', DESCR_FORMATTED='', NAME='Schedule request for WMST326 - A', DESCR_PLAIN='', SCHED_RQST_STATE='kuali.scheduling.schedule.request.state.created', SCHED_RQST_TYPE='kuali.scheduling.schedule.request.type.schedule.request', SCHED_ID='ca27336c-b01c-428d-88fa-342bc968cf72', SCHED_RQST_SET_ID='626513ac-a624-4d5d-abbf-e0583d221d75' where ID='15501a3f-9de2-4512-a380-72dda39bc4c9' and VER_NBR=0
/
delete from KSEN_SCHED_RQST_CMP_BLDG where CMP_ID='09fc1348-0b23-4e8c-af70-8555fbfd398b'
/
insert into KSEN_SCHED_RQST_CMP_BLDG (CMP_ID, BUILDING_ID) values ('09fc1348-0b23-4e8c-af70-8555fbfd398b', '89929ead-579b-4f51-bf64-2797f963848b')
/
delete from KSEN_SCHED_RQST_CMP_CAMPUS where CMP_ID='09fc1348-0b23-4e8c-af70-8555fbfd398b'
/
insert into KSEN_SCHED_RQST_CMP_CAMPUS (CMP_ID, CAMPUS_ID) values ('09fc1348-0b23-4e8c-af70-8555fbfd398b', 'UMCP')
/
delete from KSEN_SCHED_RQST_CMP_ROOM where CMP_ID='09fc1348-0b23-4e8c-af70-8555fbfd398b'
/
insert into KSEN_SCHED_RQST_CMP_ROOM (CMP_ID, ROOM_ID) values ('09fc1348-0b23-4e8c-af70-8555fbfd398b', 'b8e731ee-f0c0-4479-8413-1e0cc483071d')
/
delete from KSEN_SCHED_RQST_CMP_TMSLOT where CMP_ID='09fc1348-0b23-4e8c-af70-8555fbfd398b'
/
insert into KSEN_SCHED_RQST_CMP_TMSLOT (CMP_ID, TM_SLOT_ID) values ('09fc1348-0b23-4e8c-af70-8555fbfd398b', '481A1B56-CD4F-465D-945D-61DA69EAB68D')
/
update KSEN_LUI set OBJ_ID='b025e0ff-8ba9-43c0-a71f-94400d44ae75', VER_NBR=2, UPDATEID='admin', UPDATETIME=TIMESTAMP '2014-02-06 10:44:43.486', ATP_ID='kuali.atp.2014Winter', CLU_ID='90813efb-60bf-4b2d-90fd-1866376bbffa', EFF_DT='', EXPIR_DT='', DESCR_FORMATTED='Courses with lecture', LUI_STATE='kuali.lui.activity.offering.state.approved', LUI_TYPE='kuali.lui.type.activity.offering.lecture', MAX_SEATS=75, MIN_SEATS=75, NAME='Lecture', DESCR_PLAIN='Courses with lecture', REF_URL=null where ID='91542c71-413f-44d5-bc7e-eaa956e66526' and VER_NBR=1
/
update KSEN_LUI_IDENT set OBJ_ID='2d95c1e5-4ef0-44c4-a6f7-f1dc19223ee7', VER_NBR=2, UPDATEID='admin', UPDATETIME=TIMESTAMP '2014-02-06 10:44:43.486', LUI_CD='A', DIVISION='', IDENT_LEVEL='', LNG_NAME='', LUI_ID='91542c71-413f-44d5-bc7e-eaa956e66526', ORGID='', SHRT_NAME='', LUI_ID_STATE='kuali.lui.identifier.state.active', SUFX_CD='', LUI_ID_TYPE='kuali.lui.identifier.type.official', VARTN='' where ID='ef3c2437-7836-4e94-88b9-d3dd1cbf1c20' and VER_NBR=1
/
update KSEN_LUI_LU_CD set OBJ_ID='1eef387b-3b11-4956-88d0-b9f65c918c1d', VER_NBR=2, UPDATEID='admin', UPDATETIME=TIMESTAMP '2014-02-06 10:44:43.486', DESCR_FORMATTED='', LUI_ID='91542c71-413f-44d5-bc7e-eaa956e66526', DESCR_PLAIN='', LUI_LUCD_TYPE='kuali.lu.code.honorsOffering', VALUE=0 where ID='1ac91e13-7845-4075-99e1-be43f4001848' and VER_NBR=1
/
insert into KSEN_LUI_SCHEDULE (LUI_ID, SCHED_ID) values ('91542c71-413f-44d5-bc7e-eaa956e66526', 'ca27336c-b01c-428d-88fa-342bc968cf72')
/
update KSEN_LPR set OBJ_ID='dfdbfe88-99f7-4979-9dfc-8288b45672ee', VER_NBR=1, UPDATEID='admin', UPDATETIME=TIMESTAMP '2014-02-06 10:44:43.486', ATP_ID='', COMMIT_PERCT='100.00', CREDITS='', EFF_DT=TIMESTAMP '2014-02-06 10:45:09.258', EXPIR_DT='', GRADING_OPT_ID='', LUI_ID='91542c71-413f-44d5-bc7e-eaa956e66526', MASTER_LUI_ID='', PERS_ID='H.HONGYANZ', LPR_STATE='kuali.lpr.state.active', LPR_TYPE='kuali.lpr.type.instructor.main' where ID='e7ba0473-f366-4527-acb4-2e2b6a3042ed' and VER_NBR=0
/
insert into KSEN_SCHED (OBJ_ID, VER_NBR, CREATEID, CREATETIME, UPDATEID, UPDATETIME, ATP_ID, DESCR_FORMATTED, NAME, DESCR_PLAIN, SCHED_STATE, SCHED_TYPE, ID) values ('957292ee-7c15-4216-b664-6692c24315f4', 0, 'admin', TIMESTAMP '2014-02-06 10:44:43.486', 'admin', TIMESTAMP '2014-02-06 10:44:43.486', 'kuali.atp.2014Winter', '', '', '', 'kuali.scheduling.schedule.state.active', 'kuali.scheduling.schedule.type.schedule', 'a88c03ac-1a93-4a5d-a426-c9593a8d6874')
/
insert into KSEN_SCHED_CMP (OBJ_ID, TBA_IND, ROOM_ID, SCHED_ID, ID) values ('75cdac33-74a9-40e4-ac30-11114323392e', 1, '', 'a88c03ac-1a93-4a5d-a426-c9593a8d6874', '2be43629-41c8-4d03-a461-58dcc67f64cf')
/
insert into KSEN_SCHED_CMP_TMSLOT (SCHED_CMP_ID, TM_SLOT_ID) values ('2be43629-41c8-4d03-a461-58dcc67f64cf', '4A6971D2-447D-4359-B949-F4EDF104A0AA')
/
update KSEN_SCHED_RQST_CMP set OBJ_ID='', TBA_IND=1, SCHED_RQST_ID='719ba0e9-85fb-4df6-a1ee-d2ff16733b8a' where ID='d5ffde2e-62c8-4151-b6ce-4fb4aab76f6d'
/
update KSEN_SCHED_RQST set OBJ_ID='96c246b9-df48-4d74-a36e-e516507a7ba4', VER_NBR=1, UPDATEID='admin', UPDATETIME=TIMESTAMP '2014-02-06 10:44:43.486', DESCR_FORMATTED='', NAME='Schedule request for BSCI379G - A', DESCR_PLAIN='', SCHED_RQST_STATE='kuali.scheduling.schedule.request.state.created', SCHED_RQST_TYPE='kuali.scheduling.schedule.request.type.schedule.request', SCHED_ID='a88c03ac-1a93-4a5d-a426-c9593a8d6874', SCHED_RQST_SET_ID='94c00363-f91d-4645-885f-5dcc340c1915' where ID='719ba0e9-85fb-4df6-a1ee-d2ff16733b8a' and VER_NBR=0
/
delete from KSEN_SCHED_RQST_CMP_TMSLOT where CMP_ID='d5ffde2e-62c8-4151-b6ce-4fb4aab76f6d'
/
insert into KSEN_SCHED_RQST_CMP_TMSLOT (CMP_ID, TM_SLOT_ID) values ('d5ffde2e-62c8-4151-b6ce-4fb4aab76f6d', '4A6971D2-447D-4359-B949-F4EDF104A0AA')
/
update KSEN_LUI set OBJ_ID='83c5d577-9706-4ee7-b556-9eb4f54b8940', VER_NBR=2, UPDATEID='admin', UPDATETIME=TIMESTAMP '2014-02-06 10:44:43.486', ATP_ID='kuali.atp.2014Winter', CLU_ID='f0ce3b8b-062f-4fd0-91d0-bf99659d3b2c', EFF_DT='', EXPIR_DT='', DESCR_FORMATTED='Courses with lecture', LUI_STATE='kuali.lui.activity.offering.state.approved', LUI_TYPE='kuali.lui.type.activity.offering.lecture', MAX_SEATS=5, MIN_SEATS=5, NAME='Lecture', DESCR_PLAIN='Courses with lecture', REF_URL=null where ID='81d6c6d0-cb19-4b8f-8f71-b4dc7e399f2e' and VER_NBR=1
/
update KSEN_LUI_IDENT set OBJ_ID='4b93f0f2-c79e-478a-90a2-16bcc47d3a86', VER_NBR=2, UPDATEID='admin', UPDATETIME=TIMESTAMP '2014-02-06 10:44:43.486', LUI_CD='A', DIVISION='', IDENT_LEVEL='', LNG_NAME='', LUI_ID='81d6c6d0-cb19-4b8f-8f71-b4dc7e399f2e', ORGID='', SHRT_NAME='', LUI_ID_STATE='kuali.lui.identifier.state.active', SUFX_CD='', LUI_ID_TYPE='kuali.lui.identifier.type.official', VARTN='' where ID='6e9a2f8e-bb75-45b5-99ee-fe39fcb3802b' and VER_NBR=1
/
update KSEN_LUI_LU_CD set OBJ_ID='c98737ab-a3ed-4cf2-af1c-45ac8b2c7265', VER_NBR=2, UPDATEID='admin', UPDATETIME=TIMESTAMP '2014-02-06 10:44:43.486', DESCR_FORMATTED='', LUI_ID='81d6c6d0-cb19-4b8f-8f71-b4dc7e399f2e', DESCR_PLAIN='', LUI_LUCD_TYPE='kuali.lu.code.honorsOffering', VALUE=0 where ID='a9af18a0-4224-4ce4-a70e-108dde7d5522' and VER_NBR=1
/
insert into KSEN_LUI_SCHEDULE (LUI_ID, SCHED_ID) values ('81d6c6d0-cb19-4b8f-8f71-b4dc7e399f2e', 'a88c03ac-1a93-4a5d-a426-c9593a8d6874')
/
update KSEN_LPR set OBJ_ID='84a3d516-2a70-4a30-b039-1f1b5e6ada5f', VER_NBR=1, UPDATEID='admin', UPDATETIME=TIMESTAMP '2014-02-06 10:44:43.486', ATP_ID='', COMMIT_PERCT='100.00', CREDITS='', EFF_DT=TIMESTAMP '2014-02-06 10:45:10.589', EXPIR_DT='', GRADING_OPT_ID='', LUI_ID='81d6c6d0-cb19-4b8f-8f71-b4dc7e399f2e', MASTER_LUI_ID='', PERS_ID='C.SANDRAS', LPR_STATE='kuali.lpr.state.active', LPR_TYPE='kuali.lpr.type.instructor.main' where ID='e42f9191-e0f4-4a5a-9ceb-9d67194c1bcc' and VER_NBR=0
/
insert into KSEN_SCHED (OBJ_ID, VER_NBR, CREATEID, CREATETIME, UPDATEID, UPDATETIME, ATP_ID, DESCR_FORMATTED, NAME, DESCR_PLAIN, SCHED_STATE, SCHED_TYPE, ID) values ('5e65bbfa-0715-40e9-be32-9e141b158690', 0, 'admin', TIMESTAMP '2014-02-06 10:44:43.486', 'admin', TIMESTAMP '2014-02-06 10:44:43.486', 'kuali.atp.2014Winter', '', '', '', 'kuali.scheduling.schedule.state.active', 'kuali.scheduling.schedule.type.schedule', '5d4a85b1-a77b-4599-8703-eff77a9d982f')
/
insert into KSEN_SCHED_CMP (OBJ_ID, TBA_IND, ROOM_ID, SCHED_ID, ID) values ('34096b04-6608-4a5b-94fa-f6795209ac2c', 0, '6dd715ea-cc9b-4cd1-9a34-f96628650406', '5d4a85b1-a77b-4599-8703-eff77a9d982f', 'bf6c840a-af4d-4681-992a-a4c2373fd88d')
/
insert into KSEN_SCHED_CMP_TMSLOT (SCHED_CMP_ID, TM_SLOT_ID) values ('bf6c840a-af4d-4681-992a-a4c2373fd88d', '4A6971D2-447D-4359-B949-F4EDF104A0AA')
/
update KSEN_SCHED_RQST_CMP set OBJ_ID='', TBA_IND=0, SCHED_RQST_ID='4584ded4-ea13-434f-8daf-2809d3881abb' where ID='fb2dc6f7-795d-4e4d-abd5-1cc0c2d137fa'
/
update KSEN_SCHED_RQST set OBJ_ID='3614e210-04da-46bf-b8ba-2906b55b0a0a', VER_NBR=1, UPDATEID='admin', UPDATETIME=TIMESTAMP '2014-02-06 10:44:43.486', DESCR_FORMATTED='', NAME='Schedule request for HIST306 - A', DESCR_PLAIN='', SCHED_RQST_STATE='kuali.scheduling.schedule.request.state.created', SCHED_RQST_TYPE='kuali.scheduling.schedule.request.type.schedule.request', SCHED_ID='5d4a85b1-a77b-4599-8703-eff77a9d982f', SCHED_RQST_SET_ID='7ce996ab-cccd-4126-a17d-ffdf1c5ad4fe' where ID='4584ded4-ea13-434f-8daf-2809d3881abb' and VER_NBR=0
/
delete from KSEN_SCHED_RQST_CMP_BLDG where CMP_ID='fb2dc6f7-795d-4e4d-abd5-1cc0c2d137fa'
/
insert into KSEN_SCHED_RQST_CMP_BLDG (CMP_ID, BUILDING_ID) values ('fb2dc6f7-795d-4e4d-abd5-1cc0c2d137fa', 'd5138c2b-01ee-4e81-b526-38ed2a7c60a3')
/
delete from KSEN_SCHED_RQST_CMP_CAMPUS where CMP_ID='fb2dc6f7-795d-4e4d-abd5-1cc0c2d137fa'
/
insert into KSEN_SCHED_RQST_CMP_CAMPUS (CMP_ID, CAMPUS_ID) values ('fb2dc6f7-795d-4e4d-abd5-1cc0c2d137fa', 'UMCP')
/
delete from KSEN_SCHED_RQST_CMP_ROOM where CMP_ID='fb2dc6f7-795d-4e4d-abd5-1cc0c2d137fa'
/
insert into KSEN_SCHED_RQST_CMP_ROOM (CMP_ID, ROOM_ID) values ('fb2dc6f7-795d-4e4d-abd5-1cc0c2d137fa', '6dd715ea-cc9b-4cd1-9a34-f96628650406')
/
delete from KSEN_SCHED_RQST_CMP_TMSLOT where CMP_ID='fb2dc6f7-795d-4e4d-abd5-1cc0c2d137fa'
/
insert into KSEN_SCHED_RQST_CMP_TMSLOT (CMP_ID, TM_SLOT_ID) values ('fb2dc6f7-795d-4e4d-abd5-1cc0c2d137fa', '4A6971D2-447D-4359-B949-F4EDF104A0AA')
/
update KSEN_LUI set OBJ_ID='b5ad6186-d5f1-447b-bb3b-22c0a94e28b0', VER_NBR=2, UPDATEID='admin', UPDATETIME=TIMESTAMP '2014-02-06 10:44:43.486', ATP_ID='kuali.atp.2014Winter', CLU_ID='9dfb4813-ad36-4549-9292-1375ddc7c8c1', EFF_DT='', EXPIR_DT='', DESCR_FORMATTED='Courses with lecture', LUI_STATE='kuali.lui.activity.offering.state.approved', LUI_TYPE='kuali.lui.type.activity.offering.lecture', MAX_SEATS=40, MIN_SEATS=40, NAME='Lecture', DESCR_PLAIN='Courses with lecture', REF_URL=null where ID='6078bb1e-0cc5-4b57-9dc9-570b44f6662e' and VER_NBR=1
/
update KSEN_LUI_IDENT set OBJ_ID='a73afc02-5329-4e42-8733-f9047b8c5c2f', VER_NBR=2, UPDATEID='admin', UPDATETIME=TIMESTAMP '2014-02-06 10:44:43.486', LUI_CD='A', DIVISION='', IDENT_LEVEL='', LNG_NAME='', LUI_ID='6078bb1e-0cc5-4b57-9dc9-570b44f6662e', ORGID='', SHRT_NAME='', LUI_ID_STATE='kuali.lui.identifier.state.active', SUFX_CD='', LUI_ID_TYPE='kuali.lui.identifier.type.official', VARTN='' where ID='349bd802-930a-49c5-a5e7-ee7a026b617b' and VER_NBR=1
/
update KSEN_LUI_LU_CD set OBJ_ID='ae044385-1fdd-423d-befc-0b52badc8aac', VER_NBR=2, UPDATEID='admin', UPDATETIME=TIMESTAMP '2014-02-06 10:44:43.486', DESCR_FORMATTED='', LUI_ID='6078bb1e-0cc5-4b57-9dc9-570b44f6662e', DESCR_PLAIN='', LUI_LUCD_TYPE='kuali.lu.code.honorsOffering', VALUE=0 where ID='24a419fb-9fa0-4423-b46a-4dacb03ab8ef' and VER_NBR=1
/
insert into KSEN_LUI_SCHEDULE (LUI_ID, SCHED_ID) values ('6078bb1e-0cc5-4b57-9dc9-570b44f6662e', '5d4a85b1-a77b-4599-8703-eff77a9d982f')
/
update KSEN_LPR set OBJ_ID='3e6dccbe-b471-4481-80dd-e5d95b4115c2', VER_NBR=1, UPDATEID='admin', UPDATETIME=TIMESTAMP '2014-02-06 10:44:43.486', ATP_ID='', COMMIT_PERCT='100.00', CREDITS='', EFF_DT=TIMESTAMP '2014-02-06 10:45:11.426', EXPIR_DT='', GRADING_OPT_ID='', LUI_ID='6078bb1e-0cc5-4b57-9dc9-570b44f6662e', MASTER_LUI_ID='', PERS_ID='G.ERICK', LPR_STATE='kuali.lpr.state.active', LPR_TYPE='kuali.lpr.type.instructor.main' where ID='35e499d4-d2de-4958-b39f-08cc8f2ae9f9' and VER_NBR=0
/
insert into KSEN_SOC_ATTR (OBJ_ID, ATTR_KEY, OWNER_ID, ATTR_VALUE, ID) values ('a2d8a292-eea9-455c-bba5-9cca7ab42a19', 'kuali.soc.scheduling.state.completed', '59BBF768-1CB7-4C50-93AD-C6D92D6DC7A0', '2014-02-06T10:45:12.790-0500', '577aaaf9-a2a5-4b0e-bbd6-217fe3a92859')
/
update KSEN_SOC set OBJ_ID='181AD498-CF85-43A3-AC46-EA023C8751F9', VER_NBR=4, UPDATEID='admin', UPDATETIME=TIMESTAMP '2014-02-06 10:45:12.79', DESCR_FORMATTED='', NAME='', DESCR_PLAIN='', SOC_STATE='kuali.soc.state.locked', SOC_TYPE='kuali.soc.type.main', SUBJECT_AREA='', TERM_ID='kuali.atp.2014Winter', UNITS_CONTENT_OWNER_ID='' where ID='59BBF768-1CB7-4C50-93AD-C6D92D6DC7A0' and VER_NBR=3
/
insert into KSEN_SOC_ATTR (OBJ_ID, ATTR_KEY, OWNER_ID, ATTR_VALUE, ID) values ('58b17db7-ca6f-4f91-8706-108fe3cdae55', 'kuali.soc.state.finaledits', '59BBF768-1CB7-4C50-93AD-C6D92D6DC7A0', '2014-02-06T11:03:21.816-0500', 'a6631a34-8715-4a63-9bea-39a1a7aceb10')
/
update KSEN_SOC set OBJ_ID='181AD498-CF85-43A3-AC46-EA023C8751F9', VER_NBR=5, UPDATEID='admin', UPDATETIME=TIMESTAMP '2014-02-06 11:03:21.816', DESCR_FORMATTED='', NAME='', DESCR_PLAIN='', SOC_STATE='kuali.soc.state.finaledits', SOC_TYPE='kuali.soc.type.main', SUBJECT_AREA='', TERM_ID='kuali.atp.2014Winter', UNITS_CONTENT_OWNER_ID='' where ID='59BBF768-1CB7-4C50-93AD-C6D92D6DC7A0' and VER_NBR=4
/
insert into KSEN_SOC_ATTR (OBJ_ID, ATTR_KEY, OWNER_ID, ATTR_VALUE, ID) values ('459312e0-461b-4f19-8fd4-8520d92f5cc1', 'kuali.soc.state.publishing', '59BBF768-1CB7-4C50-93AD-C6D92D6DC7A0', '2014-02-06T11:03:35.210-0500', '733aea26-1c64-4741-8318-0a58622a898f')
/
update KSEN_SOC set OBJ_ID='181AD498-CF85-43A3-AC46-EA023C8751F9', VER_NBR=6, UPDATEID='admin', UPDATETIME=TIMESTAMP '2014-02-06 11:03:35.21', DESCR_FORMATTED='', NAME='', DESCR_PLAIN='', SOC_STATE='kuali.soc.state.publishing', SOC_TYPE='kuali.soc.type.main', SUBJECT_AREA='', TERM_ID='kuali.atp.2014Winter', UNITS_CONTENT_OWNER_ID='' where ID='59BBF768-1CB7-4C50-93AD-C6D92D6DC7A0' and VER_NBR=5
/
update KSEN_LUI set OBJ_ID='eb1d7e2e-36a1-416f-9dd4-5d3ac940e604', VER_NBR=3, UPDATEID='admin', UPDATETIME=TIMESTAMP '2014-02-06 11:03:35.263', ATP_ID='kuali.atp.2014Winter', CLU_ID='9b0d7d87-31ec-498b-bfe4-31a4f1e92021', EFF_DT='', EXPIR_DT='', DESCR_FORMATTED='Courses with lab', LUI_STATE='kuali.lui.activity.offering.state.offered', LUI_TYPE='kuali.lui.type.activity.offering.lab', MAX_SEATS=20, MIN_SEATS=24, NAME='Lab', DESCR_PLAIN='Courses with lab', REF_URL=null where ID='3f2b35c3-3d19-4b90-ae31-8fdc4b8e8b49' and VER_NBR=2
/
update KSEN_LUI_IDENT set OBJ_ID='f04d35b0-6ec4-4037-b773-774aef54685d', VER_NBR=3, UPDATEID='admin', UPDATETIME=TIMESTAMP '2014-02-06 11:03:35.263', LUI_CD='B', DIVISION='', IDENT_LEVEL='', LNG_NAME='', LUI_ID='3f2b35c3-3d19-4b90-ae31-8fdc4b8e8b49', ORGID='', SHRT_NAME='', LUI_ID_STATE='kuali.lui.identifier.state.active', SUFX_CD='', LUI_ID_TYPE='kuali.lui.identifier.type.official', VARTN='' where ID='0114e517-5fd8-4bce-89a7-fc29bc63f861' and VER_NBR=2
/
update KSEN_LUI_LU_CD set OBJ_ID='7a8f3b02-d25d-4193-b4da-c82b00ea8940', VER_NBR=3, UPDATEID='admin', UPDATETIME=TIMESTAMP '2014-02-06 11:03:35.263', DESCR_FORMATTED='', LUI_ID='3f2b35c3-3d19-4b90-ae31-8fdc4b8e8b49', DESCR_PLAIN='', LUI_LUCD_TYPE='kuali.lu.code.honorsOffering', VALUE=0 where ID='f2394422-349d-4fb5-9be7-73a9a14a0639' and VER_NBR=2
/
update KSEN_LUI set OBJ_ID='163549cb-058b-4548-9f8f-574c9789740d', VER_NBR=2, UPDATEID='admin', UPDATETIME=TIMESTAMP '2014-02-06 11:03:35.263', ATP_ID='kuali.atp.2014Winter', CLU_ID='25889d4f-0612-424c-87a5-e96f60f3e096', EFF_DT='', EXPIR_DT='', DESCR_FORMATTED='Courses with Lecture/Lab', LUI_STATE='kuali.lui.format.offering.state.offered', LUI_TYPE='kuali.lui.type.course.format.offering', MAX_SEATS='', MIN_SEATS='', NAME='Lecture/Lab', DESCR_PLAIN='Courses with Lecture/Lab', REF_URL='' where ID='e00c6bc9-8e56-4c20-ba22-dd1c3fdcc41f' and VER_NBR=1
/
update KSEN_LUI_IDENT set OBJ_ID='30775e0a-4bba-4e1b-a751-089aa6e134cb', VER_NBR=2, UPDATEID='admin', UPDATETIME=TIMESTAMP '2014-02-06 11:03:35.263', LUI_CD='', DIVISION='', IDENT_LEVEL='', LNG_NAME='Lecture/Lab', LUI_ID='e00c6bc9-8e56-4c20-ba22-dd1c3fdcc41f', ORGID='', SHRT_NAME='LEC/LAB', LUI_ID_STATE='kuali.lui.identifier.state.active', SUFX_CD='', LUI_ID_TYPE='kuali.lui.identifier.type.official', VARTN='' where ID='a3af7d15-bc40-4c77-8f64-aa2e53902250' and VER_NBR=1
/
delete from KSEN_LUI_RELATED_LUI_TYPES where LUI_ID='e00c6bc9-8e56-4c20-ba22-dd1c3fdcc41f'
/
insert into KSEN_LUI_RELATED_LUI_TYPES (LUI_ID, RELATED_LUI_TYPE) values ('e00c6bc9-8e56-4c20-ba22-dd1c3fdcc41f', 'kuali.lui.type.activity.offering.lab')
/
insert into KSEN_LUI_RELATED_LUI_TYPES (LUI_ID, RELATED_LUI_TYPE) values ('e00c6bc9-8e56-4c20-ba22-dd1c3fdcc41f', 'kuali.lui.type.activity.offering.lecture')
/
update KSEN_LUI set OBJ_ID='14407d04-e995-42f5-9801-bfdfd0f37d0d', VER_NBR=2, UPDATEID='admin', UPDATETIME=TIMESTAMP '2014-02-06 11:03:35.263', ATP_ID='kuali.atp.2014Winter', CLU_ID='CLUID-CHEM277-200608000000', EFF_DT=TIMESTAMP '2014-01-02 00:00:00.0', EXPIR_DT='', DESCR_FORMATTED='Quantitative analysis, inorganic analytical chemistry, and an introduction to bio-analytical instrumentation and techniques.', LUI_STATE='kuali.lui.course.offering.state.offered', LUI_TYPE='kuali.lui.type.course.offering', MAX_SEATS='', MIN_SEATS='', NAME='CHEM277 CO', DESCR_PLAIN='Quantitative analysis, inorganic analytical chemistry, and an introduction to bio-analytical instrumentation and techniques.', REF_URL=null where ID='0d20a69b-751d-41ef-a0a6-39c5d96b98d8' and VER_NBR=1
/
update KSEN_LUI_IDENT set OBJ_ID='82ed1ec3-3c12-424a-a897-3c6cd7e40dac', VER_NBR=2, UPDATEID='admin', UPDATETIME=TIMESTAMP '2014-02-06 11:03:35.263', LUI_CD='CHEM277', DIVISION='CHEM', IDENT_LEVEL='', LNG_NAME='Fundamentals of Analytical and Bioanalytical Chemistry Laboratory', LUI_ID='0d20a69b-751d-41ef-a0a6-39c5d96b98d8', ORGID='', SHRT_NAME='', LUI_ID_STATE='kuali.lui.identifier.state.active', SUFX_CD='', LUI_ID_TYPE='kuali.lui.identifier.type.official', VARTN='' where ID='0305ea00-c224-450c-8f8b-78c919fa595b' and VER_NBR=1
/
update KSEN_LUI_LU_CD set OBJ_ID='bde6e15c-9a86-4e03-a6a6-6bcd9fc71fc4', VER_NBR=2, UPDATEID='admin', UPDATETIME=TIMESTAMP '2014-02-06 11:03:35.263', DESCR_FORMATTED='', LUI_ID='0d20a69b-751d-41ef-a0a6-39c5d96b98d8', DESCR_PLAIN='', LUI_LUCD_TYPE='kuali.lu.code.honorsOffering', VALUE='' where ID='2ed3816b-aeab-4c76-99fa-d16f2c8fde73' and VER_NBR=1
/
delete from KSEN_LUI_UNITS_CONT_OWNER where LUI_ID='0d20a69b-751d-41ef-a0a6-39c5d96b98d8'
/
insert into KSEN_LUI_UNITS_CONT_OWNER (LUI_ID, ORG_ID) values ('0d20a69b-751d-41ef-a0a6-39c5d96b98d8', '4284516367')
/
delete from KSEN_LUI_RESULT_VAL_GRP where LUI_ID='0d20a69b-751d-41ef-a0a6-39c5d96b98d8'
/
insert into KSEN_LUI_RESULT_VAL_GRP (LUI_ID, RESULT_VAL_GRP_ID) values ('0d20a69b-751d-41ef-a0a6-39c5d96b98d8', 'kuali.creditType.credit.degree.3.0')
/
insert into KSEN_LUI_RESULT_VAL_GRP (LUI_ID, RESULT_VAL_GRP_ID) values ('0d20a69b-751d-41ef-a0a6-39c5d96b98d8', 'kuali.resultComponent.grade.letter')
/
update KSEN_LUI set OBJ_ID='3dcf6961-cd3d-44a8-b1e4-a6ea7173f5da', VER_NBR=3, UPDATEID='admin', UPDATETIME=TIMESTAMP '2014-02-06 11:03:35.263', ATP_ID='kuali.atp.2014Winter', CLU_ID='6138a014-70d6-4716-a817-d096d4c79371', EFF_DT='', EXPIR_DT='', DESCR_FORMATTED='Courses with lab', LUI_STATE='kuali.lui.activity.offering.state.offered', LUI_TYPE='kuali.lui.type.activity.offering.lab', MAX_SEATS=24, MIN_SEATS=24, NAME='Lab', DESCR_PLAIN='Courses with lab', REF_URL=null where ID='642b0242-f6f8-4ee7-85fa-636374ca1358' and VER_NBR=2
/
update KSEN_LUI_IDENT set OBJ_ID='761f314f-f113-488e-933e-9aecd6bf191d', VER_NBR=3, UPDATEID='admin', UPDATETIME=TIMESTAMP '2014-02-06 11:03:35.263', LUI_CD='C', DIVISION='', IDENT_LEVEL='', LNG_NAME='', LUI_ID='642b0242-f6f8-4ee7-85fa-636374ca1358', ORGID='', SHRT_NAME='', LUI_ID_STATE='kuali.lui.identifier.state.active', SUFX_CD='', LUI_ID_TYPE='kuali.lui.identifier.type.official', VARTN='' where ID='812904a3-6736-4e35-8121-caabd35400e4' and VER_NBR=2
/
update KSEN_LUI_LU_CD set OBJ_ID='2dcbbed7-2ff8-4475-a62f-34cacabf80ab', VER_NBR=3, UPDATEID='admin', UPDATETIME=TIMESTAMP '2014-02-06 11:03:35.263', DESCR_FORMATTED='', LUI_ID='642b0242-f6f8-4ee7-85fa-636374ca1358', DESCR_PLAIN='', LUI_LUCD_TYPE='kuali.lu.code.honorsOffering', VALUE=0 where ID='c1fd20b5-31ea-45d4-a797-65d5dd159866' and VER_NBR=2
/
update KSEN_LUI set OBJ_ID='20405d3b-234a-4218-9b90-9add1de37a9c', VER_NBR=3, UPDATEID='admin', UPDATETIME=TIMESTAMP '2014-02-06 11:03:35.263', ATP_ID='kuali.atp.2014Winter', CLU_ID='82a1e5ca-81ac-4a6b-8fc1-5f4cb0000660', EFF_DT='', EXPIR_DT='', DESCR_FORMATTED='Courses with lecture', LUI_STATE='kuali.lui.activity.offering.state.offered', LUI_TYPE='kuali.lui.type.activity.offering.lecture', MAX_SEATS=10, MIN_SEATS=10, NAME='Lecture', DESCR_PLAIN='Courses with lecture', REF_URL=null where ID='2b0fc2e2-b2db-4b13-968d-9f4036471a73' and VER_NBR=2
/
update KSEN_LUI_IDENT set OBJ_ID='7933b676-6059-468c-8d77-d3590d692b94', VER_NBR=3, UPDATEID='admin', UPDATETIME=TIMESTAMP '2014-02-06 11:03:35.263', LUI_CD='A', DIVISION='', IDENT_LEVEL='', LNG_NAME='', LUI_ID='2b0fc2e2-b2db-4b13-968d-9f4036471a73', ORGID='', SHRT_NAME='', LUI_ID_STATE='kuali.lui.identifier.state.active', SUFX_CD='', LUI_ID_TYPE='kuali.lui.identifier.type.official', VARTN='' where ID='cb702da7-738c-4dc9-bda5-99997492b5f7' and VER_NBR=2
/
update KSEN_LUI_LU_CD set OBJ_ID='d03b7c5c-46b5-48bc-9518-2390de0474e7', VER_NBR=3, UPDATEID='admin', UPDATETIME=TIMESTAMP '2014-02-06 11:03:35.263', DESCR_FORMATTED='', LUI_ID='2b0fc2e2-b2db-4b13-968d-9f4036471a73', DESCR_PLAIN='', LUI_LUCD_TYPE='kuali.lu.code.honorsOffering', VALUE=0 where ID='7df0d2d9-adc8-4efc-9a98-4b15916fd4db' and VER_NBR=2
/
update KSEN_LUI set OBJ_ID='557885b5-6bac-487c-93ea-8aaa08c72720', VER_NBR=2, UPDATEID='admin', UPDATETIME=TIMESTAMP '2014-02-06 11:03:35.263', ATP_ID='kuali.atp.2014Winter', CLU_ID='0daac3c5-3477-401a-b7ca-8a1968eab2f7', EFF_DT='', EXPIR_DT='', DESCR_FORMATTED='Courses with Lecture only', LUI_STATE='kuali.lui.format.offering.state.offered', LUI_TYPE='kuali.lui.type.course.format.offering', MAX_SEATS='', MIN_SEATS='', NAME='Lecture Only', DESCR_PLAIN='Courses with Lecture only', REF_URL='' where ID='44286290-add7-423d-832b-d8ead34f10c1' and VER_NBR=1
/
update KSEN_LUI_IDENT set OBJ_ID='3e592fcf-188d-4552-a0c5-b88eedcb004b', VER_NBR=2, UPDATEID='admin', UPDATETIME=TIMESTAMP '2014-02-06 11:03:35.263', LUI_CD='', DIVISION='', IDENT_LEVEL='', LNG_NAME='Lecture Only', LUI_ID='44286290-add7-423d-832b-d8ead34f10c1', ORGID='', SHRT_NAME='LEC', LUI_ID_STATE='kuali.lui.identifier.state.active', SUFX_CD='', LUI_ID_TYPE='kuali.lui.identifier.type.official', VARTN='' where ID='f35b2700-f9a9-4884-be3b-fa0b06cc6c52' and VER_NBR=1
/
delete from KSEN_LUI_RELATED_LUI_TYPES where LUI_ID='44286290-add7-423d-832b-d8ead34f10c1'
/
insert into KSEN_LUI_RELATED_LUI_TYPES (LUI_ID, RELATED_LUI_TYPE) values ('44286290-add7-423d-832b-d8ead34f10c1', 'kuali.lui.type.activity.offering.lecture')
/
update KSEN_LUI set OBJ_ID='665463bd-8b91-44e5-b5f4-88b0a9c9cf35', VER_NBR=2, UPDATEID='admin', UPDATETIME=TIMESTAMP '2014-02-06 11:03:35.263', ATP_ID='kuali.atp.2014Winter', CLU_ID='CLUID-HIST619-198101000000', EFF_DT=TIMESTAMP '2014-01-02 00:00:00.0', EXPIR_DT='', DESCR_FORMATTED='', LUI_STATE='kuali.lui.course.offering.state.offered', LUI_TYPE='kuali.lui.type.course.offering', MAX_SEATS='', MIN_SEATS='', NAME='HIST619A CO', DESCR_PLAIN='.', REF_URL=null where ID='303fba6c-a9c7-4b10-948e-5bea899d7dc6' and VER_NBR=1
/
update KSEN_LUI_IDENT set OBJ_ID='bdf1f239-ff46-4894-b030-8ecc5d06e2a8', VER_NBR=2, UPDATEID='admin', UPDATETIME=TIMESTAMP '2014-02-06 11:03:35.263', LUI_CD='HIST619A', DIVISION='HIST', IDENT_LEVEL='', LNG_NAME='Special Topics in History', LUI_ID='303fba6c-a9c7-4b10-948e-5bea899d7dc6', ORGID='', SHRT_NAME='', LUI_ID_STATE='kuali.lui.identifier.state.active', SUFX_CD='A', LUI_ID_TYPE='kuali.lui.identifier.type.official', VARTN='' where ID='e6320fcc-7807-4bc2-b2a8-406a7bfc6553' and VER_NBR=1
/
update KSEN_LUI_LU_CD set OBJ_ID='52de3467-3b59-4194-ac95-f02831482547', VER_NBR=2, UPDATEID='admin', UPDATETIME=TIMESTAMP '2014-02-06 11:03:35.263', DESCR_FORMATTED='', LUI_ID='303fba6c-a9c7-4b10-948e-5bea899d7dc6', DESCR_PLAIN='', LUI_LUCD_TYPE='kuali.lu.code.honorsOffering', VALUE='' where ID='fdc293c4-c11f-49c1-928d-32f576cf5fe6' and VER_NBR=1
/
delete from KSEN_LUI_UNITS_CONT_OWNER where LUI_ID='303fba6c-a9c7-4b10-948e-5bea899d7dc6'
/
insert into KSEN_LUI_UNITS_CONT_OWNER (LUI_ID, ORG_ID) values ('303fba6c-a9c7-4b10-948e-5bea899d7dc6', '3213375036')
/
delete from KSEN_LUI_RESULT_VAL_GRP where LUI_ID='303fba6c-a9c7-4b10-948e-5bea899d7dc6'
/
insert into KSEN_LUI_RESULT_VAL_GRP (LUI_ID, RESULT_VAL_GRP_ID) values ('303fba6c-a9c7-4b10-948e-5bea899d7dc6', 'kuali.creditType.credit.degree.1.0,1.5,2.0,2.5,3.0')
/
insert into KSEN_LUI_RESULT_VAL_GRP (LUI_ID, RESULT_VAL_GRP_ID) values ('303fba6c-a9c7-4b10-948e-5bea899d7dc6', 'kuali.resultComponent.grade.audit')
/
insert into KSEN_LUI_RESULT_VAL_GRP (LUI_ID, RESULT_VAL_GRP_ID) values ('303fba6c-a9c7-4b10-948e-5bea899d7dc6', 'kuali.resultComponent.grade.letter')
/
update KSEN_LUI set OBJ_ID='de76223b-27ae-4847-aea7-0d3c0040db7d', VER_NBR=1, UPDATEID='admin', UPDATETIME=TIMESTAMP '2014-02-06 11:03:35.263', ATP_ID='kuali.atp.2014Winter', CLU_ID='0daac3c5-3477-401a-b7ca-8a1968eab2f7', EFF_DT='', EXPIR_DT='', DESCR_FORMATTED='1001', LUI_STATE='kuali.lui.registration.group.state.offered', LUI_TYPE='kuali.lui.type.registration.group', MAX_SEATS='', MIN_SEATS='', NAME='1001', DESCR_PLAIN='1001', REF_URL='' where ID='08140eef-5335-45b4-b9f0-bec5e1b4345d' and VER_NBR=0
/
update KSEN_LUI_IDENT set OBJ_ID='94f1a0d9-5c43-43c5-b87f-a875df1f8059', VER_NBR=1, UPDATEID='admin', UPDATETIME=TIMESTAMP '2014-02-06 11:03:35.263', LUI_CD='', DIVISION='', IDENT_LEVEL='', LNG_NAME='', LUI_ID='08140eef-5335-45b4-b9f0-bec5e1b4345d', ORGID='', SHRT_NAME='', LUI_ID_STATE='kuali.lui.identifier.state.active', SUFX_CD='', LUI_ID_TYPE='kuali.lui.identifier.type.official', VARTN='' where ID='c83f5e2d-5607-44be-b8cf-42db10620098' and VER_NBR=0
/
update KSEN_LUI set OBJ_ID='b025e0ff-8ba9-43c0-a71f-94400d44ae75', VER_NBR=3, UPDATEID='admin', UPDATETIME=TIMESTAMP '2014-02-06 11:03:35.263', ATP_ID='kuali.atp.2014Winter', CLU_ID='90813efb-60bf-4b2d-90fd-1866376bbffa', EFF_DT='', EXPIR_DT='', DESCR_FORMATTED='Courses with lecture', LUI_STATE='kuali.lui.activity.offering.state.offered', LUI_TYPE='kuali.lui.type.activity.offering.lecture', MAX_SEATS=75, MIN_SEATS=75, NAME='Lecture', DESCR_PLAIN='Courses with lecture', REF_URL=null where ID='91542c71-413f-44d5-bc7e-eaa956e66526' and VER_NBR=2
/
update KSEN_LUI_IDENT set OBJ_ID='2d95c1e5-4ef0-44c4-a6f7-f1dc19223ee7', VER_NBR=3, UPDATEID='admin', UPDATETIME=TIMESTAMP '2014-02-06 11:03:35.263', LUI_CD='A', DIVISION='', IDENT_LEVEL='', LNG_NAME='', LUI_ID='91542c71-413f-44d5-bc7e-eaa956e66526', ORGID='', SHRT_NAME='', LUI_ID_STATE='kuali.lui.identifier.state.active', SUFX_CD='', LUI_ID_TYPE='kuali.lui.identifier.type.official', VARTN='' where ID='ef3c2437-7836-4e94-88b9-d3dd1cbf1c20' and VER_NBR=2
/
update KSEN_LUI_LU_CD set OBJ_ID='1eef387b-3b11-4956-88d0-b9f65c918c1d', VER_NBR=3, UPDATEID='admin', UPDATETIME=TIMESTAMP '2014-02-06 11:03:35.263', DESCR_FORMATTED='', LUI_ID='91542c71-413f-44d5-bc7e-eaa956e66526', DESCR_PLAIN='', LUI_LUCD_TYPE='kuali.lu.code.honorsOffering', VALUE=0 where ID='1ac91e13-7845-4075-99e1-be43f4001848' and VER_NBR=2
/
update KSEN_LUI set OBJ_ID='0bb00f2d-c9c9-4c8a-bf0a-f1b8c47740b6', VER_NBR=2, UPDATEID='admin', UPDATETIME=TIMESTAMP '2014-02-06 11:03:35.263', ATP_ID='kuali.atp.2014Winter', CLU_ID='365c3c5f-8422-4b70-8bd7-949a708229d8', EFF_DT='', EXPIR_DT='', DESCR_FORMATTED='Courses with Lecture only', LUI_STATE='kuali.lui.format.offering.state.offered', LUI_TYPE='kuali.lui.type.course.format.offering', MAX_SEATS='', MIN_SEATS='', NAME='Lecture Only', DESCR_PLAIN='Courses with Lecture only', REF_URL='' where ID='b3871c12-634b-4d54-9faf-499b8686c688' and VER_NBR=1
/
update KSEN_LUI_IDENT set OBJ_ID='c446d0e8-e160-4b4b-bae0-10c331ead367', VER_NBR=2, UPDATEID='admin', UPDATETIME=TIMESTAMP '2014-02-06 11:03:35.263', LUI_CD='', DIVISION='', IDENT_LEVEL='', LNG_NAME='Lecture Only', LUI_ID='b3871c12-634b-4d54-9faf-499b8686c688', ORGID='', SHRT_NAME='LEC', LUI_ID_STATE='kuali.lui.identifier.state.active', SUFX_CD='', LUI_ID_TYPE='kuali.lui.identifier.type.official', VARTN='' where ID='85f391e0-a5dc-4ba0-b7b8-46d5f586bb42' and VER_NBR=1
/
delete from KSEN_LUI_RELATED_LUI_TYPES where LUI_ID='b3871c12-634b-4d54-9faf-499b8686c688'
/
insert into KSEN_LUI_RELATED_LUI_TYPES (LUI_ID, RELATED_LUI_TYPE) values ('b3871c12-634b-4d54-9faf-499b8686c688', 'kuali.lui.type.activity.offering.lecture')
/
update KSEN_LUI set OBJ_ID='e6aeb4da-d108-457c-a28e-dbd78c628f14', VER_NBR=2, UPDATEID='admin', UPDATETIME=TIMESTAMP '2014-02-06 11:03:35.263', ATP_ID='kuali.atp.2014Winter', CLU_ID='CLUID-WMST326-199501000000', EFF_DT=TIMESTAMP '2014-01-02 00:00:00.0', EXPIR_DT='', DESCR_FORMATTED='The biology of the reproductive system with emphasis on mammals and, in particular, on human reproduction. Hormone actions, sperm production, ovulation, sexual differentiation, sexual behavior, contraception, pregnancy, lactation, maternal behavior and menopause.', LUI_STATE='kuali.lui.course.offering.state.offered', LUI_TYPE='kuali.lui.type.course.offering', MAX_SEATS='', MIN_SEATS='', NAME='WMST326 CO', DESCR_PLAIN='The biology of the reproductive system with emphasis on mammals and, in particular, on human reproduction. Hormone actions, sperm production, ovulation, sexual differentiation, sexual behavior, contraception, pregnancy, lactation, maternal behavior and menopause.', REF_URL=null where ID='4fc45d81-e0ce-4025-bf95-73b8eb1d4469' and VER_NBR=1
/
update KSEN_LUI_IDENT set OBJ_ID='46aabca5-d921-4496-a834-0a4f30db9e59', VER_NBR=2, UPDATEID='admin', UPDATETIME=TIMESTAMP '2014-02-06 11:03:35.263', LUI_CD='WMST326', DIVISION='WMST', IDENT_LEVEL='', LNG_NAME='Biology of Reproduction', LUI_ID='4fc45d81-e0ce-4025-bf95-73b8eb1d4469', ORGID='', SHRT_NAME='', LUI_ID_STATE='kuali.lui.identifier.state.active', SUFX_CD='', LUI_ID_TYPE='kuali.lui.identifier.type.official', VARTN='' where ID='728611e6-4d99-4b14-bdda-f09a69cef82a' and VER_NBR=1
/
update KSEN_LUI_LU_CD set OBJ_ID='504816b6-b01e-4ba4-b529-56165d3cea64', VER_NBR=2, UPDATEID='admin', UPDATETIME=TIMESTAMP '2014-02-06 11:03:35.263', DESCR_FORMATTED='', LUI_ID='4fc45d81-e0ce-4025-bf95-73b8eb1d4469', DESCR_PLAIN='', LUI_LUCD_TYPE='kuali.lu.code.honorsOffering', VALUE='' where ID='f08bf3d9-593e-4432-a274-31191d85109f' and VER_NBR=1
/
delete from KSEN_LUI_UNITS_CONT_OWNER where LUI_ID='4fc45d81-e0ce-4025-bf95-73b8eb1d4469'
/
insert into KSEN_LUI_UNITS_CONT_OWNER (LUI_ID, ORG_ID) values ('4fc45d81-e0ce-4025-bf95-73b8eb1d4469', '4014660630')
/
delete from KSEN_LUI_RESULT_VAL_GRP where LUI_ID='4fc45d81-e0ce-4025-bf95-73b8eb1d4469'
/
insert into KSEN_LUI_RESULT_VAL_GRP (LUI_ID, RESULT_VAL_GRP_ID) values ('4fc45d81-e0ce-4025-bf95-73b8eb1d4469', 'kuali.creditType.credit.degree.3.0')
/
insert into KSEN_LUI_RESULT_VAL_GRP (LUI_ID, RESULT_VAL_GRP_ID) values ('4fc45d81-e0ce-4025-bf95-73b8eb1d4469', 'kuali.resultComponent.grade.audit')
/
insert into KSEN_LUI_RESULT_VAL_GRP (LUI_ID, RESULT_VAL_GRP_ID) values ('4fc45d81-e0ce-4025-bf95-73b8eb1d4469', 'kuali.resultComponent.grade.letter')
/
insert into KSEN_LUI_RESULT_VAL_GRP (LUI_ID, RESULT_VAL_GRP_ID) values ('4fc45d81-e0ce-4025-bf95-73b8eb1d4469', 'kuali.resultComponent.grade.passFail')
/
update KSEN_LUI set OBJ_ID='4644ddd2-01d8-4cae-a713-7c67ddffe3c2', VER_NBR=1, UPDATEID='admin', UPDATETIME=TIMESTAMP '2014-02-06 11:03:35.263', ATP_ID='kuali.atp.2014Winter', CLU_ID='365c3c5f-8422-4b70-8bd7-949a708229d8', EFF_DT='', EXPIR_DT='', DESCR_FORMATTED='1001', LUI_STATE='kuali.lui.registration.group.state.offered', LUI_TYPE='kuali.lui.type.registration.group', MAX_SEATS='', MIN_SEATS='', NAME='1001', DESCR_PLAIN='1001', REF_URL='' where ID='d559c79a-bd64-4644-a496-21d8b5a0a89e' and VER_NBR=0
/
update KSEN_LUI_IDENT set OBJ_ID='9e69c868-5f75-4fc7-9f0b-8af889d34174', VER_NBR=1, UPDATEID='admin', UPDATETIME=TIMESTAMP '2014-02-06 11:03:35.263', LUI_CD='', DIVISION='', IDENT_LEVEL='', LNG_NAME='', LUI_ID='d559c79a-bd64-4644-a496-21d8b5a0a89e', ORGID='', SHRT_NAME='', LUI_ID_STATE='kuali.lui.identifier.state.active', SUFX_CD='', LUI_ID_TYPE='kuali.lui.identifier.type.official', VARTN='' where ID='6873e3d6-7e04-4cc9-ac2f-51ffa2aa27c6' and VER_NBR=0
/
update KSEN_LUI set OBJ_ID='4ff3aad3-8185-4030-885a-ca1ea62735de', VER_NBR=3, UPDATEID='admin', UPDATETIME=TIMESTAMP '2014-02-06 11:03:35.263', ATP_ID='kuali.atp.2014Winter', CLU_ID='62008487-a82a-4149-8660-3a1579a662f6', EFF_DT='', EXPIR_DT='', DESCR_FORMATTED='Courses with lecture', LUI_STATE='kuali.lui.activity.offering.state.offered', LUI_TYPE='kuali.lui.type.activity.offering.lecture', MAX_SEATS=15, MIN_SEATS=15, NAME='Lecture', DESCR_PLAIN='Courses with lecture', REF_URL=null where ID='488a5b52-3a1e-4952-8797-bc65b4d17c70' and VER_NBR=2
/
update KSEN_LUI_IDENT set OBJ_ID='8b58a187-ff7a-4155-bd66-2ec8b9959a11', VER_NBR=3, UPDATEID='admin', UPDATETIME=TIMESTAMP '2014-02-06 11:03:35.263', LUI_CD='B', DIVISION='', IDENT_LEVEL='', LNG_NAME='', LUI_ID='488a5b52-3a1e-4952-8797-bc65b4d17c70', ORGID='', SHRT_NAME='', LUI_ID_STATE='kuali.lui.identifier.state.active', SUFX_CD='', LUI_ID_TYPE='kuali.lui.identifier.type.official', VARTN='' where ID='a92f55ee-a70b-430c-8223-6cee9555f728' and VER_NBR=2
/
update KSEN_LUI_LU_CD set OBJ_ID='250bab86-dc32-4bda-8190-97618549b29e', VER_NBR=3, UPDATEID='admin', UPDATETIME=TIMESTAMP '2014-02-06 11:03:35.263', DESCR_FORMATTED='', LUI_ID='488a5b52-3a1e-4952-8797-bc65b4d17c70', DESCR_PLAIN='', LUI_LUCD_TYPE='kuali.lu.code.honorsOffering', VALUE=0 where ID='45e1cc75-7660-4a7e-b7d5-851cf238e3a8' and VER_NBR=2
/
update KSEN_LUI set OBJ_ID='abdc7581-7eec-4b6b-b247-d97ba22f4cf4', VER_NBR=2, UPDATEID='admin', UPDATETIME=TIMESTAMP '2014-02-06 11:03:35.263', ATP_ID='kuali.atp.2014Winter', CLU_ID='c0e2e9e4-ef2c-40c1-8a69-6b8a268207c2', EFF_DT='', EXPIR_DT='', DESCR_FORMATTED='Courses with Lecture only', LUI_STATE='kuali.lui.format.offering.state.offered', LUI_TYPE='kuali.lui.type.course.format.offering', MAX_SEATS='', MIN_SEATS='', NAME='Lecture Only', DESCR_PLAIN='Courses with Lecture only', REF_URL='' where ID='21e393c2-910a-4cb7-9b81-5387a43ec610' and VER_NBR=1
/
update KSEN_LUI_IDENT set OBJ_ID='50fa445a-aeb4-4cba-829d-0bc262549205', VER_NBR=2, UPDATEID='admin', UPDATETIME=TIMESTAMP '2014-02-06 11:03:35.263', LUI_CD='', DIVISION='', IDENT_LEVEL='', LNG_NAME='Lecture Only', LUI_ID='21e393c2-910a-4cb7-9b81-5387a43ec610', ORGID='', SHRT_NAME='LEC', LUI_ID_STATE='kuali.lui.identifier.state.active', SUFX_CD='', LUI_ID_TYPE='kuali.lui.identifier.type.official', VARTN='' where ID='d675561f-4963-4853-8772-00ba34cc74e7' and VER_NBR=1
/
delete from KSEN_LUI_RELATED_LUI_TYPES where LUI_ID='21e393c2-910a-4cb7-9b81-5387a43ec610'
/
insert into KSEN_LUI_RELATED_LUI_TYPES (LUI_ID, RELATED_LUI_TYPE) values ('21e393c2-910a-4cb7-9b81-5387a43ec610', 'kuali.lui.type.activity.offering.lecture')
/
update KSEN_LUI set OBJ_ID='742bf137-4b9f-4b76-9d43-a12417f7fad9', VER_NBR=2, UPDATEID='admin', UPDATETIME=TIMESTAMP '2014-02-06 11:03:35.263', ATP_ID='kuali.atp.2014Winter', CLU_ID='CLUID-WMST698-199008000000', EFF_DT=TIMESTAMP '2014-01-02 00:00:00.0', EXPIR_DT='', DESCR_FORMATTED='Advanced worik in selected topics in Women''s Studies.', LUI_STATE='kuali.lui.course.offering.state.offered', LUI_TYPE='kuali.lui.type.course.offering', MAX_SEATS='', MIN_SEATS='', NAME='WMST698R CO', DESCR_PLAIN='Advanced worik in selected topics in Women''s Studies.', REF_URL=null where ID='dc1fce7a-f700-496e-9ee2-dbcc0b7d3fd8' and VER_NBR=1
/
update KSEN_LUI_IDENT set OBJ_ID='7dd1a34c-b413-4144-85d5-686c2fb0ca01', VER_NBR=2, UPDATEID='admin', UPDATETIME=TIMESTAMP '2014-02-06 11:03:35.263', LUI_CD='WMST698R', DIVISION='WMST', IDENT_LEVEL='', LNG_NAME='Special Topics in Women''s Studies', LUI_ID='dc1fce7a-f700-496e-9ee2-dbcc0b7d3fd8', ORGID='', SHRT_NAME='', LUI_ID_STATE='kuali.lui.identifier.state.active', SUFX_CD='R', LUI_ID_TYPE='kuali.lui.identifier.type.official', VARTN='' where ID='eb6e0660-09aa-4e3d-bfe4-32d23d8355c7' and VER_NBR=1
/
update KSEN_LUI_LU_CD set OBJ_ID='c7fdc319-3a64-4000-8616-be7d3e21e4c6', VER_NBR=2, UPDATEID='admin', UPDATETIME=TIMESTAMP '2014-02-06 11:03:35.263', DESCR_FORMATTED='', LUI_ID='dc1fce7a-f700-496e-9ee2-dbcc0b7d3fd8', DESCR_PLAIN='', LUI_LUCD_TYPE='kuali.lu.code.honorsOffering', VALUE='' where ID='279c34de-abe6-4c41-bc32-4a09f65044be' and VER_NBR=1
/
delete from KSEN_LUI_UNITS_CONT_OWNER where LUI_ID='dc1fce7a-f700-496e-9ee2-dbcc0b7d3fd8'
/
insert into KSEN_LUI_UNITS_CONT_OWNER (LUI_ID, ORG_ID) values ('dc1fce7a-f700-496e-9ee2-dbcc0b7d3fd8', '4014660630')
/
delete from KSEN_LUI_RESULT_VAL_GRP where LUI_ID='dc1fce7a-f700-496e-9ee2-dbcc0b7d3fd8'
/
insert into KSEN_LUI_RESULT_VAL_GRP (LUI_ID, RESULT_VAL_GRP_ID) values ('dc1fce7a-f700-496e-9ee2-dbcc0b7d3fd8', 'kuali.creditType.credit.degree.1.0,1.5,2.0,2.5,3.0')
/
insert into KSEN_LUI_RESULT_VAL_GRP (LUI_ID, RESULT_VAL_GRP_ID) values ('dc1fce7a-f700-496e-9ee2-dbcc0b7d3fd8', 'kuali.resultComponent.grade.audit')
/
insert into KSEN_LUI_RESULT_VAL_GRP (LUI_ID, RESULT_VAL_GRP_ID) values ('dc1fce7a-f700-496e-9ee2-dbcc0b7d3fd8', 'kuali.resultComponent.grade.letter')
/
update KSEN_LUI set OBJ_ID='9264323a-5b1f-4666-a375-aaf8ada0c568', VER_NBR=1, UPDATEID='admin', UPDATETIME=TIMESTAMP '2014-02-06 11:03:35.263', ATP_ID='kuali.atp.2014Winter', CLU_ID='c0e2e9e4-ef2c-40c1-8a69-6b8a268207c2', EFF_DT='', EXPIR_DT='', DESCR_FORMATTED='1002', LUI_STATE='kuali.lui.registration.group.state.offered', LUI_TYPE='kuali.lui.type.registration.group', MAX_SEATS='', MIN_SEATS='', NAME='1002', DESCR_PLAIN='1002', REF_URL='' where ID='f433135a-0316-415b-9245-212df53d3da8' and VER_NBR=0
/
update KSEN_LUI_IDENT set OBJ_ID='ea6e26ae-b587-4a6b-b865-de83fcec1327', VER_NBR=1, UPDATEID='admin', UPDATETIME=TIMESTAMP '2014-02-06 11:03:35.263', LUI_CD='', DIVISION='', IDENT_LEVEL='', LNG_NAME='', LUI_ID='f433135a-0316-415b-9245-212df53d3da8', ORGID='', SHRT_NAME='', LUI_ID_STATE='kuali.lui.identifier.state.active', SUFX_CD='', LUI_ID_TYPE='kuali.lui.identifier.type.official', VARTN='' where ID='056a4046-f143-4e1f-b572-b6cf03305e10' and VER_NBR=0
/
update KSEN_LUI set OBJ_ID='7a0c4a59-188c-4ef3-a49a-1a0054a31215', VER_NBR=3, UPDATEID='admin', UPDATETIME=TIMESTAMP '2014-02-06 11:03:35.263', ATP_ID='kuali.atp.2014Winter', CLU_ID='ef2963d7-9647-4ce7-ac63-9523204dd654', EFF_DT='', EXPIR_DT='', DESCR_FORMATTED='Courses with lecture', LUI_STATE='kuali.lui.activity.offering.state.offered', LUI_TYPE='kuali.lui.type.activity.offering.lecture', MAX_SEATS=48, MIN_SEATS=48, NAME='Lecture', DESCR_PLAIN='Courses with lecture', REF_URL=null where ID='25670acd-78ce-4cb6-a1df-38b49d8fb248' and VER_NBR=2
/
update KSEN_LUI_IDENT set OBJ_ID='b28b95ff-b681-49f8-a88d-b6ade631d6d8', VER_NBR=3, UPDATEID='admin', UPDATETIME=TIMESTAMP '2014-02-06 11:03:35.263', LUI_CD='D', DIVISION='', IDENT_LEVEL='', LNG_NAME='', LUI_ID='25670acd-78ce-4cb6-a1df-38b49d8fb248', ORGID='', SHRT_NAME='', LUI_ID_STATE='kuali.lui.identifier.state.active', SUFX_CD='', LUI_ID_TYPE='kuali.lui.identifier.type.official', VARTN='' where ID='3c76b744-0e08-4a43-a9a4-8cd3275227cb' and VER_NBR=2
/
update KSEN_LUI_LU_CD set OBJ_ID='2f022f46-8696-4478-8db4-c929a4b90d89', VER_NBR=3, UPDATEID='admin', UPDATETIME=TIMESTAMP '2014-02-06 11:03:35.263', DESCR_FORMATTED='', LUI_ID='25670acd-78ce-4cb6-a1df-38b49d8fb248', DESCR_PLAIN='', LUI_LUCD_TYPE='kuali.lu.code.honorsOffering', VALUE=0 where ID='2c412a3a-ec95-4fa2-9cf5-e800c8959b66' and VER_NBR=2
/
update KSEN_LUI set OBJ_ID='48215189-0993-41a7-beb5-d886aafe5fe8', VER_NBR=3, UPDATEID='admin', UPDATETIME=TIMESTAMP '2014-02-06 11:03:35.263', ATP_ID='kuali.atp.2014Winter', CLU_ID='9194e508-3a2b-4429-9a62-852dfc612977', EFF_DT='', EXPIR_DT='', DESCR_FORMATTED='Courses with lecture', LUI_STATE='kuali.lui.activity.offering.state.offered', LUI_TYPE='kuali.lui.type.activity.offering.lecture', MAX_SEATS=25, MIN_SEATS=25, NAME='Lecture', DESCR_PLAIN='Courses with lecture', REF_URL=null where ID='99644eb5-d6b6-4893-84c9-c209be58d633' and VER_NBR=2
/
update KSEN_LUI_IDENT set OBJ_ID='aa543992-7bb3-4e62-a74a-c44a31613ea5', VER_NBR=3, UPDATEID='admin', UPDATETIME=TIMESTAMP '2014-02-06 11:03:35.263', LUI_CD='A', DIVISION='', IDENT_LEVEL='', LNG_NAME='', LUI_ID='99644eb5-d6b6-4893-84c9-c209be58d633', ORGID='', SHRT_NAME='', LUI_ID_STATE='kuali.lui.identifier.state.active', SUFX_CD='', LUI_ID_TYPE='kuali.lui.identifier.type.official', VARTN='' where ID='c2aafe33-ba40-4eef-b973-c44064fdd799' and VER_NBR=2
/
update KSEN_LUI_LU_CD set OBJ_ID='18fd81a5-89f6-4cc9-965c-5d03e8ea7032', VER_NBR=3, UPDATEID='admin', UPDATETIME=TIMESTAMP '2014-02-06 11:03:35.263', DESCR_FORMATTED='', LUI_ID='99644eb5-d6b6-4893-84c9-c209be58d633', DESCR_PLAIN='', LUI_LUCD_TYPE='kuali.lu.code.honorsOffering', VALUE=0 where ID='ad9323d1-5f07-4d32-99f7-617f7cca131c' and VER_NBR=2
/
update KSEN_LUI set OBJ_ID='be6acb82-76f2-4118-b58e-fa446dc5e13a', VER_NBR=2, UPDATEID='admin', UPDATETIME=TIMESTAMP '2014-02-06 11:03:35.263', ATP_ID='kuali.atp.2014Winter', CLU_ID='db9a6986-9b28-47e9-b1f1-9fdb5f4562df', EFF_DT='', EXPIR_DT='', DESCR_FORMATTED='Courses with Lecture only', LUI_STATE='kuali.lui.format.offering.state.offered', LUI_TYPE='kuali.lui.type.course.format.offering', MAX_SEATS='', MIN_SEATS='', NAME='Lecture Only', DESCR_PLAIN='Courses with Lecture only', REF_URL='' where ID='1221284a-f433-4845-a573-afa80289379f' and VER_NBR=1
/
update KSEN_LUI_IDENT set OBJ_ID='90b43023-9b81-4d29-becf-79d446d94cf1', VER_NBR=2, UPDATEID='admin', UPDATETIME=TIMESTAMP '2014-02-06 11:03:35.263', LUI_CD='', DIVISION='', IDENT_LEVEL='', LNG_NAME='Lecture Only', LUI_ID='1221284a-f433-4845-a573-afa80289379f', ORGID='', SHRT_NAME='LEC', LUI_ID_STATE='kuali.lui.identifier.state.active', SUFX_CD='', LUI_ID_TYPE='kuali.lui.identifier.type.official', VARTN='' where ID='27e5ab69-6b88-41f5-9af0-62f0d04607ee' and VER_NBR=1
/
delete from KSEN_LUI_RELATED_LUI_TYPES where LUI_ID='1221284a-f433-4845-a573-afa80289379f'
/
insert into KSEN_LUI_RELATED_LUI_TYPES (LUI_ID, RELATED_LUI_TYPE) values ('1221284a-f433-4845-a573-afa80289379f', 'kuali.lui.type.activity.offering.lecture')
/
update KSEN_LUI set OBJ_ID='e96041c2-0fad-4f12-ab1c-90230eddccd9', VER_NBR=2, UPDATEID='admin', UPDATETIME=TIMESTAMP '2014-02-06 11:03:35.263', ATP_ID='kuali.atp.2014Winter', CLU_ID='88e00da8-c4df-42b6-be3b-51ad25a919f3', EFF_DT=TIMESTAMP '2014-01-02 00:00:00.0', EXPIR_DT='', DESCR_FORMATTED='Surveys American writing from the Civil War through the Cold War. Authors such as Clemens, Frost, Hurston, Bellow.', LUI_STATE='kuali.lui.course.offering.state.offered', LUI_TYPE='kuali.lui.type.course.offering', MAX_SEATS='', MIN_SEATS='', NAME='ENGL222 CO', DESCR_PLAIN='Surveys American writing from the Civil War through the Cold War. Authors such as Clemens, Frost, Hurston, Bellow.', REF_URL=null where ID='094b3f6e-5e6b-46f0-8bb0-2bccb4bfd7c3' and VER_NBR=1
/
update KSEN_LUI_IDENT set OBJ_ID='c8377d79-2ef8-4f1c-b82f-872822d86929', VER_NBR=2, UPDATEID='admin', UPDATETIME=TIMESTAMP '2014-02-06 11:03:35.263', LUI_CD='ENGL222', DIVISION='ENGL', IDENT_LEVEL='', LNG_NAME='American Literature: 1865 to Present', LUI_ID='094b3f6e-5e6b-46f0-8bb0-2bccb4bfd7c3', ORGID='', SHRT_NAME='', LUI_ID_STATE='kuali.lui.identifier.state.active', SUFX_CD='', LUI_ID_TYPE='kuali.lui.identifier.type.official', VARTN='' where ID='936623ba-903b-4257-94e4-11ec2eb20912' and VER_NBR=1
/
update KSEN_LUI_LU_CD set OBJ_ID='01bc5b50-3185-4e7b-a9a2-2008fae7886f', VER_NBR=2, UPDATEID='admin', UPDATETIME=TIMESTAMP '2014-02-06 11:03:35.263', DESCR_FORMATTED='', LUI_ID='094b3f6e-5e6b-46f0-8bb0-2bccb4bfd7c3', DESCR_PLAIN='', LUI_LUCD_TYPE='kuali.lu.code.honorsOffering', VALUE='' where ID='ebf37d88-4d29-457a-8aff-c97140a6328a' and VER_NBR=1
/
delete from KSEN_LUI_UNITS_CONT_OWNER where LUI_ID='094b3f6e-5e6b-46f0-8bb0-2bccb4bfd7c3'
/
insert into KSEN_LUI_UNITS_CONT_OWNER (LUI_ID, ORG_ID) values ('094b3f6e-5e6b-46f0-8bb0-2bccb4bfd7c3', '2677933260')
/
delete from KSEN_LUI_RESULT_VAL_GRP where LUI_ID='094b3f6e-5e6b-46f0-8bb0-2bccb4bfd7c3'
/
insert into KSEN_LUI_RESULT_VAL_GRP (LUI_ID, RESULT_VAL_GRP_ID) values ('094b3f6e-5e6b-46f0-8bb0-2bccb4bfd7c3', 'kuali.creditType.credit.degree.3.0')
/
insert into KSEN_LUI_RESULT_VAL_GRP (LUI_ID, RESULT_VAL_GRP_ID) values ('094b3f6e-5e6b-46f0-8bb0-2bccb4bfd7c3', 'kuali.resultComponent.grade.audit')
/
insert into KSEN_LUI_RESULT_VAL_GRP (LUI_ID, RESULT_VAL_GRP_ID) values ('094b3f6e-5e6b-46f0-8bb0-2bccb4bfd7c3', 'kuali.resultComponent.grade.letter')
/
insert into KSEN_LUI_RESULT_VAL_GRP (LUI_ID, RESULT_VAL_GRP_ID) values ('094b3f6e-5e6b-46f0-8bb0-2bccb4bfd7c3', 'kuali.resultComponent.grade.passFail')
/
update KSEN_LUI set OBJ_ID='79f671be-836b-4011-abf4-d9eb4b6beef6', VER_NBR=1, UPDATEID='admin', UPDATETIME=TIMESTAMP '2014-02-06 11:03:35.263', ATP_ID='kuali.atp.2014Winter', CLU_ID='db9a6986-9b28-47e9-b1f1-9fdb5f4562df', EFF_DT='', EXPIR_DT='', DESCR_FORMATTED='1001', LUI_STATE='kuali.lui.registration.group.state.offered', LUI_TYPE='kuali.lui.type.registration.group', MAX_SEATS='', MIN_SEATS='', NAME='1001', DESCR_PLAIN='1001', REF_URL='' where ID='1aa2bd6a-d14a-4698-8872-fddb6afe1056' and VER_NBR=0
/
update KSEN_LUI_IDENT set OBJ_ID='73738650-3003-4d7e-926d-0a6503ce7994', VER_NBR=1, UPDATEID='admin', UPDATETIME=TIMESTAMP '2014-02-06 11:03:35.263', LUI_CD='', DIVISION='', IDENT_LEVEL='', LNG_NAME='', LUI_ID='1aa2bd6a-d14a-4698-8872-fddb6afe1056', ORGID='', SHRT_NAME='', LUI_ID_STATE='kuali.lui.identifier.state.active', SUFX_CD='', LUI_ID_TYPE='kuali.lui.identifier.type.official', VARTN='' where ID='09d94d88-211d-41dc-8ee9-23c790668aa2' and VER_NBR=0
/
update KSEN_LUI set OBJ_ID='16863f3a-1395-4b99-a79d-ce01a32cf961', VER_NBR=3, UPDATEID='admin', UPDATETIME=TIMESTAMP '2014-02-06 11:03:35.263', ATP_ID='kuali.atp.2014Winter', CLU_ID='e4d0b217-a16e-4efe-96c7-87e307bfffc4', EFF_DT='', EXPIR_DT='', DESCR_FORMATTED='Courses with lecture', LUI_STATE='kuali.lui.activity.offering.state.offered', LUI_TYPE='kuali.lui.type.activity.offering.lecture', MAX_SEATS=40, MIN_SEATS=40, NAME='Lecture', DESCR_PLAIN='Courses with lecture', REF_URL=null where ID='99e403ca-b19e-4b1f-bcae-5903869be887' and VER_NBR=2
/
update KSEN_LUI_IDENT set OBJ_ID='67fa7c47-981f-4b1b-a173-d257fb938395', VER_NBR=3, UPDATEID='admin', UPDATETIME=TIMESTAMP '2014-02-06 11:03:35.263', LUI_CD='A', DIVISION='', IDENT_LEVEL='', LNG_NAME='', LUI_ID='99e403ca-b19e-4b1f-bcae-5903869be887', ORGID='', SHRT_NAME='', LUI_ID_STATE='kuali.lui.identifier.state.active', SUFX_CD='', LUI_ID_TYPE='kuali.lui.identifier.type.official', VARTN='' where ID='a3ead727-ba68-48f9-87bd-f8d87875fe02' and VER_NBR=2
/
update KSEN_LUI_LU_CD set OBJ_ID='57e5b600-72fa-4861-9e6e-c7aec950fc42', VER_NBR=3, UPDATEID='admin', UPDATETIME=TIMESTAMP '2014-02-06 11:03:35.263', DESCR_FORMATTED='', LUI_ID='99e403ca-b19e-4b1f-bcae-5903869be887', DESCR_PLAIN='', LUI_LUCD_TYPE='kuali.lu.code.honorsOffering', VALUE=0 where ID='00afb6d2-3655-4a97-bb8b-731d7c8f629e' and VER_NBR=2
/
update KSEN_LUI set OBJ_ID='e35bed7a-eb87-444c-be1b-6ab50ac948e9', VER_NBR=2, UPDATEID='admin', UPDATETIME=TIMESTAMP '2014-02-06 11:03:35.263', ATP_ID='kuali.atp.2014Winter', CLU_ID='cd1c5479-a556-45c2-a267-e3738132babe', EFF_DT='', EXPIR_DT='', DESCR_FORMATTED='Courses with Lecture only', LUI_STATE='kuali.lui.format.offering.state.offered', LUI_TYPE='kuali.lui.type.course.format.offering', MAX_SEATS='', MIN_SEATS='', NAME='Lecture Only', DESCR_PLAIN='Courses with Lecture only', REF_URL='' where ID='4ea7ded7-d0dd-4470-92c4-378aff50e4d4' and VER_NBR=1
/
update KSEN_LUI_IDENT set OBJ_ID='7ba51eaa-9c64-4063-a95d-ef5624193914', VER_NBR=2, UPDATEID='admin', UPDATETIME=TIMESTAMP '2014-02-06 11:03:35.263', LUI_CD='', DIVISION='', IDENT_LEVEL='', LNG_NAME='Lecture Only', LUI_ID='4ea7ded7-d0dd-4470-92c4-378aff50e4d4', ORGID='', SHRT_NAME='LEC', LUI_ID_STATE='kuali.lui.identifier.state.active', SUFX_CD='', LUI_ID_TYPE='kuali.lui.identifier.type.official', VARTN='' where ID='fc328420-9482-447e-9d34-41f94199cf42' and VER_NBR=1
/
delete from KSEN_LUI_RELATED_LUI_TYPES where LUI_ID='4ea7ded7-d0dd-4470-92c4-378aff50e4d4'
/
insert into KSEN_LUI_RELATED_LUI_TYPES (LUI_ID, RELATED_LUI_TYPE) values ('4ea7ded7-d0dd-4470-92c4-378aff50e4d4', 'kuali.lui.type.activity.offering.lecture')
/
update KSEN_LUI set OBJ_ID='7595eeed-9e05-4cd2-a7b4-c47a7bb6056e', VER_NBR=2, UPDATEID='admin', UPDATETIME=TIMESTAMP '2014-02-06 11:03:35.263', ATP_ID='kuali.atp.2014Winter', CLU_ID='CLUID-HIST329-200801000000', EFF_DT=TIMESTAMP '2014-01-02 00:00:00.0', EXPIR_DT='', DESCR_FORMATTED='', LUI_STATE='kuali.lui.course.offering.state.offered', LUI_TYPE='kuali.lui.type.course.offering', MAX_SEATS='', MIN_SEATS='', NAME='HIST329K CO', DESCR_PLAIN='.', REF_URL=null where ID='d91c139b-8080-433c-816d-d4c877520788' and VER_NBR=1
/
update KSEN_LUI_IDENT set OBJ_ID='640e84ff-7b23-45d3-93d6-d27bffe5ec87', VER_NBR=2, UPDATEID='admin', UPDATETIME=TIMESTAMP '2014-02-06 11:03:35.263', LUI_CD='HIST329K', DIVISION='HIST', IDENT_LEVEL='', LNG_NAME='Special Topics in History', LUI_ID='d91c139b-8080-433c-816d-d4c877520788', ORGID='', SHRT_NAME='', LUI_ID_STATE='kuali.lui.identifier.state.active', SUFX_CD='K', LUI_ID_TYPE='kuali.lui.identifier.type.official', VARTN='' where ID='dde2178a-8b37-4943-bc33-61d9bfaf82fb' and VER_NBR=1
/
update KSEN_LUI_LU_CD set OBJ_ID='09bcb320-ef59-4ece-a9b0-867833baa7bb', VER_NBR=2, UPDATEID='admin', UPDATETIME=TIMESTAMP '2014-02-06 11:03:35.263', DESCR_FORMATTED='', LUI_ID='d91c139b-8080-433c-816d-d4c877520788', DESCR_PLAIN='', LUI_LUCD_TYPE='kuali.lu.code.honorsOffering', VALUE='' where ID='18b38783-201a-425c-9808-ba40d51395e3' and VER_NBR=1
/
delete from KSEN_LUI_UNITS_CONT_OWNER where LUI_ID='d91c139b-8080-433c-816d-d4c877520788'
/
insert into KSEN_LUI_UNITS_CONT_OWNER (LUI_ID, ORG_ID) values ('d91c139b-8080-433c-816d-d4c877520788', '3213375036')
/
delete from KSEN_LUI_RESULT_VAL_GRP where LUI_ID='d91c139b-8080-433c-816d-d4c877520788'
/
insert into KSEN_LUI_RESULT_VAL_GRP (LUI_ID, RESULT_VAL_GRP_ID) values ('d91c139b-8080-433c-816d-d4c877520788', 'kuali.creditType.credit.degree.1.0,1.5,2.0,2.5,3.0')
/
insert into KSEN_LUI_RESULT_VAL_GRP (LUI_ID, RESULT_VAL_GRP_ID) values ('d91c139b-8080-433c-816d-d4c877520788', 'kuali.resultComponent.grade.audit')
/
insert into KSEN_LUI_RESULT_VAL_GRP (LUI_ID, RESULT_VAL_GRP_ID) values ('d91c139b-8080-433c-816d-d4c877520788', 'kuali.resultComponent.grade.letter')
/
insert into KSEN_LUI_RESULT_VAL_GRP (LUI_ID, RESULT_VAL_GRP_ID) values ('d91c139b-8080-433c-816d-d4c877520788', 'kuali.resultComponent.grade.passFail')
/
update KSEN_LUI set OBJ_ID='cb9894f0-fdf2-4483-9c8d-a8836ed93df1', VER_NBR=1, UPDATEID='admin', UPDATETIME=TIMESTAMP '2014-02-06 11:03:35.263', ATP_ID='kuali.atp.2014Winter', CLU_ID='cd1c5479-a556-45c2-a267-e3738132babe', EFF_DT='', EXPIR_DT='', DESCR_FORMATTED='1001', LUI_STATE='kuali.lui.registration.group.state.offered', LUI_TYPE='kuali.lui.type.registration.group', MAX_SEATS='', MIN_SEATS='', NAME='1001', DESCR_PLAIN='1001', REF_URL='' where ID='2de9b9a6-9a8e-497d-9731-026f34546cc7' and VER_NBR=0
/
update KSEN_LUI_IDENT set OBJ_ID='22fc4783-add4-4ebe-9180-bbb01977364b', VER_NBR=1, UPDATEID='admin', UPDATETIME=TIMESTAMP '2014-02-06 11:03:35.263', LUI_CD='', DIVISION='', IDENT_LEVEL='', LNG_NAME='', LUI_ID='2de9b9a6-9a8e-497d-9731-026f34546cc7', ORGID='', SHRT_NAME='', LUI_ID_STATE='kuali.lui.identifier.state.active', SUFX_CD='', LUI_ID_TYPE='kuali.lui.identifier.type.official', VARTN='' where ID='cd9103dc-3043-47b5-98ef-95f4b1aa6980' and VER_NBR=0
/
update KSEN_LUI set OBJ_ID='b5ad6186-d5f1-447b-bb3b-22c0a94e28b0', VER_NBR=3, UPDATEID='admin', UPDATETIME=TIMESTAMP '2014-02-06 11:03:35.263', ATP_ID='kuali.atp.2014Winter', CLU_ID='9dfb4813-ad36-4549-9292-1375ddc7c8c1', EFF_DT='', EXPIR_DT='', DESCR_FORMATTED='Courses with lecture', LUI_STATE='kuali.lui.activity.offering.state.offered', LUI_TYPE='kuali.lui.type.activity.offering.lecture', MAX_SEATS=40, MIN_SEATS=40, NAME='Lecture', DESCR_PLAIN='Courses with lecture', REF_URL=null where ID='6078bb1e-0cc5-4b57-9dc9-570b44f6662e' and VER_NBR=2
/
update KSEN_LUI_IDENT set OBJ_ID='a73afc02-5329-4e42-8733-f9047b8c5c2f', VER_NBR=3, UPDATEID='admin', UPDATETIME=TIMESTAMP '2014-02-06 11:03:35.263', LUI_CD='A', DIVISION='', IDENT_LEVEL='', LNG_NAME='', LUI_ID='6078bb1e-0cc5-4b57-9dc9-570b44f6662e', ORGID='', SHRT_NAME='', LUI_ID_STATE='kuali.lui.identifier.state.active', SUFX_CD='', LUI_ID_TYPE='kuali.lui.identifier.type.official', VARTN='' where ID='349bd802-930a-49c5-a5e7-ee7a026b617b' and VER_NBR=2
/
update KSEN_LUI_LU_CD set OBJ_ID='ae044385-1fdd-423d-befc-0b52badc8aac', VER_NBR=3, UPDATEID='admin', UPDATETIME=TIMESTAMP '2014-02-06 11:03:35.263', DESCR_FORMATTED='', LUI_ID='6078bb1e-0cc5-4b57-9dc9-570b44f6662e', DESCR_PLAIN='', LUI_LUCD_TYPE='kuali.lu.code.honorsOffering', VALUE=0 where ID='24a419fb-9fa0-4423-b46a-4dacb03ab8ef' and VER_NBR=2
/
update KSEN_LUI set OBJ_ID='5a403897-d587-41ef-b463-bd7d0c82b275', VER_NBR=2, UPDATEID='admin', UPDATETIME=TIMESTAMP '2014-02-06 11:03:35.263', ATP_ID='kuali.atp.2014Winter', CLU_ID='c0a7ccc8-be5f-404f-8e26-7fe95ef917b6', EFF_DT='', EXPIR_DT='', DESCR_FORMATTED='Courses with Lecture only', LUI_STATE='kuali.lui.format.offering.state.offered', LUI_TYPE='kuali.lui.type.course.format.offering', MAX_SEATS='', MIN_SEATS='', NAME='Lecture Only', DESCR_PLAIN='Courses with Lecture only', REF_URL='' where ID='452e27e5-62b4-4540-a910-566e4e2a827d' and VER_NBR=1
/
update KSEN_LUI_IDENT set OBJ_ID='3ddf854e-0c8b-4abb-90ea-daf65a76b4a4', VER_NBR=2, UPDATEID='admin', UPDATETIME=TIMESTAMP '2014-02-06 11:03:35.263', LUI_CD='', DIVISION='', IDENT_LEVEL='', LNG_NAME='Lecture Only', LUI_ID='452e27e5-62b4-4540-a910-566e4e2a827d', ORGID='', SHRT_NAME='LEC', LUI_ID_STATE='kuali.lui.identifier.state.active', SUFX_CD='', LUI_ID_TYPE='kuali.lui.identifier.type.official', VARTN='' where ID='cd768213-4cbf-46ba-a422-d5b797439a98' and VER_NBR=1
/
delete from KSEN_LUI_RELATED_LUI_TYPES where LUI_ID='452e27e5-62b4-4540-a910-566e4e2a827d'
/
insert into KSEN_LUI_RELATED_LUI_TYPES (LUI_ID, RELATED_LUI_TYPE) values ('452e27e5-62b4-4540-a910-566e4e2a827d', 'kuali.lui.type.activity.offering.lecture')
/
update KSEN_LUI set OBJ_ID='e3523973-ad7f-4c90-a7c0-99812b0a642a', VER_NBR=2, UPDATEID='admin', UPDATETIME=TIMESTAMP '2014-02-06 11:03:35.263', ATP_ID='kuali.atp.2014Winter', CLU_ID='9f1f9e6e-e87e-4646-b25f-723b313339f9', EFF_DT=TIMESTAMP '2014-01-02 00:00:00.0', EXPIR_DT='', DESCR_FORMATTED='A history of religion, religious movements, and churches in America from the early Colonial period to the present, with special attention to the relation between church and society.', LUI_STATE='kuali.lui.course.offering.state.offered', LUI_TYPE='kuali.lui.type.course.offering', MAX_SEATS='', MIN_SEATS='', NAME='HIST306 CO', DESCR_PLAIN='A history of religion, religious movements, and churches in America from the early Colonial period to the present, with special attention to the relation between church and society.', REF_URL=null where ID='f0287014-44fb-47ee-973d-7f189ea5f363' and VER_NBR=1
/
update KSEN_LUI_IDENT set OBJ_ID='98bfcced-ac29-40f3-94e1-52d2c0c258b4', VER_NBR=2, UPDATEID='admin', UPDATETIME=TIMESTAMP '2014-02-06 11:03:35.263', LUI_CD='HIST306', DIVISION='HIST', IDENT_LEVEL='', LNG_NAME='History of Religion in America', LUI_ID='f0287014-44fb-47ee-973d-7f189ea5f363', ORGID='', SHRT_NAME='', LUI_ID_STATE='kuali.lui.identifier.state.active', SUFX_CD='', LUI_ID_TYPE='kuali.lui.identifier.type.official', VARTN='' where ID='c1d0c433-47d8-4f6a-b8cb-65a5aceebfd2' and VER_NBR=1
/
update KSEN_LUI_LU_CD set OBJ_ID='66770b1e-5936-4278-9433-ca2e340954ac', VER_NBR=2, UPDATEID='admin', UPDATETIME=TIMESTAMP '2014-02-06 11:03:35.263', DESCR_FORMATTED='', LUI_ID='f0287014-44fb-47ee-973d-7f189ea5f363', DESCR_PLAIN='', LUI_LUCD_TYPE='kuali.lu.code.honorsOffering', VALUE='' where ID='e487bb48-e1a2-4981-a5ed-79eaab340a1d' and VER_NBR=1
/
delete from KSEN_LUI_UNITS_CONT_OWNER where LUI_ID='f0287014-44fb-47ee-973d-7f189ea5f363'
/
insert into KSEN_LUI_UNITS_CONT_OWNER (LUI_ID, ORG_ID) values ('f0287014-44fb-47ee-973d-7f189ea5f363', '3213375036')
/
delete from KSEN_LUI_RESULT_VAL_GRP where LUI_ID='f0287014-44fb-47ee-973d-7f189ea5f363'
/
insert into KSEN_LUI_RESULT_VAL_GRP (LUI_ID, RESULT_VAL_GRP_ID) values ('f0287014-44fb-47ee-973d-7f189ea5f363', 'kuali.creditType.credit.degree.3.0')
/
insert into KSEN_LUI_RESULT_VAL_GRP (LUI_ID, RESULT_VAL_GRP_ID) values ('f0287014-44fb-47ee-973d-7f189ea5f363', 'kuali.resultComponent.grade.audit')
/
insert into KSEN_LUI_RESULT_VAL_GRP (LUI_ID, RESULT_VAL_GRP_ID) values ('f0287014-44fb-47ee-973d-7f189ea5f363', 'kuali.resultComponent.grade.letter')
/
insert into KSEN_LUI_RESULT_VAL_GRP (LUI_ID, RESULT_VAL_GRP_ID) values ('f0287014-44fb-47ee-973d-7f189ea5f363', 'kuali.resultComponent.grade.passFail')
/
update KSEN_LUI set OBJ_ID='835ac5a4-4d04-4b40-9158-bebab5dfc7da', VER_NBR=1, UPDATEID='admin', UPDATETIME=TIMESTAMP '2014-02-06 11:03:35.263', ATP_ID='kuali.atp.2014Winter', CLU_ID='c0a7ccc8-be5f-404f-8e26-7fe95ef917b6', EFF_DT='', EXPIR_DT='', DESCR_FORMATTED='1001', LUI_STATE='kuali.lui.registration.group.state.offered', LUI_TYPE='kuali.lui.type.registration.group', MAX_SEATS='', MIN_SEATS='', NAME='1001', DESCR_PLAIN='1001', REF_URL='' where ID='22eb4ca4-ca43-4b62-bb6b-5a9886d967a1' and VER_NBR=0
/
update KSEN_LUI_IDENT set OBJ_ID='cc410a02-ab3b-4d2f-9ca7-919471fc1c8c', VER_NBR=1, UPDATEID='admin', UPDATETIME=TIMESTAMP '2014-02-06 11:03:35.263', LUI_CD='', DIVISION='', IDENT_LEVEL='', LNG_NAME='', LUI_ID='22eb4ca4-ca43-4b62-bb6b-5a9886d967a1', ORGID='', SHRT_NAME='', LUI_ID_STATE='kuali.lui.identifier.state.active', SUFX_CD='', LUI_ID_TYPE='kuali.lui.identifier.type.official', VARTN='' where ID='13dfbae9-f3be-48e6-a4e2-513d891226aa' and VER_NBR=0
/
update KSEN_LUI set OBJ_ID='fe5af48e-1168-465a-ac34-e6ae13778105', VER_NBR=3, UPDATEID='admin', UPDATETIME=TIMESTAMP '2014-02-06 11:03:35.263', ATP_ID='kuali.atp.2014Winter', CLU_ID='020b3c6c-20f2-42f0-b1aa-fe16d1530339', EFF_DT='', EXPIR_DT='', DESCR_FORMATTED='Courses with lecture', LUI_STATE='kuali.lui.activity.offering.state.offered', LUI_TYPE='kuali.lui.type.activity.offering.lecture', MAX_SEATS=5, MIN_SEATS=5, NAME='Lecture', DESCR_PLAIN='Courses with lecture', REF_URL=null where ID='6564de5a-f5f0-47a3-909c-6d1954218763' and VER_NBR=2
/
update KSEN_LUI_IDENT set OBJ_ID='03f2b400-e843-45fe-8037-25fb2ccd83dc', VER_NBR=3, UPDATEID='admin', UPDATETIME=TIMESTAMP '2014-02-06 11:03:35.263', LUI_CD='A', DIVISION='', IDENT_LEVEL='', LNG_NAME='', LUI_ID='6564de5a-f5f0-47a3-909c-6d1954218763', ORGID='', SHRT_NAME='', LUI_ID_STATE='kuali.lui.identifier.state.active', SUFX_CD='', LUI_ID_TYPE='kuali.lui.identifier.type.official', VARTN='' where ID='1fe30cce-4166-4e09-b0fc-f0049fed9288' and VER_NBR=2
/
update KSEN_LUI_LU_CD set OBJ_ID='0d828eea-92f7-40dc-a73c-fc3337c8f2d7', VER_NBR=3, UPDATEID='admin', UPDATETIME=TIMESTAMP '2014-02-06 11:03:35.263', DESCR_FORMATTED='', LUI_ID='6564de5a-f5f0-47a3-909c-6d1954218763', DESCR_PLAIN='', LUI_LUCD_TYPE='kuali.lu.code.honorsOffering', VALUE=0 where ID='6afdabad-7024-4892-a95e-a8e11e9e29e2' and VER_NBR=2
/
update KSEN_LUI set OBJ_ID='dd662627-e074-43c1-97a6-c9a2b7ad6c50', VER_NBR=2, UPDATEID='admin', UPDATETIME=TIMESTAMP '2014-02-06 11:03:35.263', ATP_ID='kuali.atp.2014Winter', CLU_ID='0ae12d77-775c-499c-ade2-a4e2b60984a9', EFF_DT='', EXPIR_DT='', DESCR_FORMATTED='Courses with Lecture only', LUI_STATE='kuali.lui.format.offering.state.offered', LUI_TYPE='kuali.lui.type.course.format.offering', MAX_SEATS='', MIN_SEATS='', NAME='Lecture Only', DESCR_PLAIN='Courses with Lecture only', REF_URL='' where ID='c6d01863-94f7-4c81-b7b6-2cedef0aea67' and VER_NBR=1
/
update KSEN_LUI_IDENT set OBJ_ID='d7bebbfe-f8ff-4c9d-8604-613602d6d894', VER_NBR=2, UPDATEID='admin', UPDATETIME=TIMESTAMP '2014-02-06 11:03:35.263', LUI_CD='', DIVISION='', IDENT_LEVEL='', LNG_NAME='Lecture Only', LUI_ID='c6d01863-94f7-4c81-b7b6-2cedef0aea67', ORGID='', SHRT_NAME='LEC', LUI_ID_STATE='kuali.lui.identifier.state.active', SUFX_CD='', LUI_ID_TYPE='kuali.lui.identifier.type.official', VARTN='' where ID='c387f699-19f4-408c-913c-b49a657f4429' and VER_NBR=1
/
delete from KSEN_LUI_RELATED_LUI_TYPES where LUI_ID='c6d01863-94f7-4c81-b7b6-2cedef0aea67'
/
insert into KSEN_LUI_RELATED_LUI_TYPES (LUI_ID, RELATED_LUI_TYPE) values ('c6d01863-94f7-4c81-b7b6-2cedef0aea67', 'kuali.lui.type.activity.offering.lecture')
/
update KSEN_LUI set OBJ_ID='1cd363e5-76ff-443e-bca5-1218f6a41c0f', VER_NBR=2, UPDATEID='admin', UPDATETIME=TIMESTAMP '2014-02-06 11:03:35.263', ATP_ID='kuali.atp.2014Winter', CLU_ID='73acba95-b7ab-494c-a726-6accd2de5257', EFF_DT=TIMESTAMP '2014-01-02 00:00:00.0', EXPIR_DT='', DESCR_FORMATTED='Basic (chemical) research conducted under the supervision of a faculty member.', LUI_STATE='kuali.lui.course.offering.state.offered', LUI_TYPE='kuali.lui.type.course.offering', MAX_SEATS='', MIN_SEATS='', NAME='CHEM399B CO', DESCR_PLAIN='Basic (chemical) research conducted under the supervision of a faculty member.', REF_URL=null where ID='83f2ec7f-4b64-4ed9-936b-d22528c46538' and VER_NBR=1
/
update KSEN_LUI_IDENT set OBJ_ID='8f35fb5c-db6b-4944-9970-a2211a1c973f', VER_NBR=2, UPDATEID='admin', UPDATETIME=TIMESTAMP '2014-02-06 11:03:35.263', LUI_CD='CHEM399B', DIVISION='CHEM', IDENT_LEVEL='', LNG_NAME='Introduction to Chemical Research', LUI_ID='83f2ec7f-4b64-4ed9-936b-d22528c46538', ORGID='', SHRT_NAME='', LUI_ID_STATE='kuali.lui.identifier.state.active', SUFX_CD='B', LUI_ID_TYPE='kuali.lui.identifier.type.official', VARTN='' where ID='68d6fecd-8dfa-4562-a2e3-189553fb1896' and VER_NBR=1
/
update KSEN_LUI_LU_CD set OBJ_ID='1fc24641-13c8-47dd-8a33-cbedd5d54aad', VER_NBR=2, UPDATEID='admin', UPDATETIME=TIMESTAMP '2014-02-06 11:03:35.263', DESCR_FORMATTED='', LUI_ID='83f2ec7f-4b64-4ed9-936b-d22528c46538', DESCR_PLAIN='', LUI_LUCD_TYPE='kuali.lu.code.honorsOffering', VALUE='' where ID='524c1601-ea2d-433d-b595-58632c42ec4c' and VER_NBR=1
/
delete from KSEN_LUI_UNITS_CONT_OWNER where LUI_ID='83f2ec7f-4b64-4ed9-936b-d22528c46538'
/
insert into KSEN_LUI_UNITS_CONT_OWNER (LUI_ID, ORG_ID) values ('83f2ec7f-4b64-4ed9-936b-d22528c46538', '4284516367')
/
delete from KSEN_LUI_RESULT_VAL_GRP where LUI_ID='83f2ec7f-4b64-4ed9-936b-d22528c46538'
/
insert into KSEN_LUI_RESULT_VAL_GRP (LUI_ID, RESULT_VAL_GRP_ID) values ('83f2ec7f-4b64-4ed9-936b-d22528c46538', 'kuali.creditType.credit.degree.1.0,1.5,2.0,2.5,3.0')
/
insert into KSEN_LUI_RESULT_VAL_GRP (LUI_ID, RESULT_VAL_GRP_ID) values ('83f2ec7f-4b64-4ed9-936b-d22528c46538', 'kuali.resultComponent.grade.audit')
/
insert into KSEN_LUI_RESULT_VAL_GRP (LUI_ID, RESULT_VAL_GRP_ID) values ('83f2ec7f-4b64-4ed9-936b-d22528c46538', 'kuali.resultComponent.grade.letter')
/
insert into KSEN_LUI_RESULT_VAL_GRP (LUI_ID, RESULT_VAL_GRP_ID) values ('83f2ec7f-4b64-4ed9-936b-d22528c46538', 'kuali.resultComponent.grade.passFail')
/
update KSEN_LUI set OBJ_ID='2af7f507-2670-45e4-b3a1-60b540a7252f', VER_NBR=1, UPDATEID='admin', UPDATETIME=TIMESTAMP '2014-02-06 11:03:35.263', ATP_ID='kuali.atp.2014Winter', CLU_ID='0ae12d77-775c-499c-ade2-a4e2b60984a9', EFF_DT='', EXPIR_DT='', DESCR_FORMATTED='1001', LUI_STATE='kuali.lui.registration.group.state.offered', LUI_TYPE='kuali.lui.type.registration.group', MAX_SEATS='', MIN_SEATS='', NAME='1001', DESCR_PLAIN='1001', REF_URL='' where ID='7b5c11d5-8774-4115-9477-3fbdc53f83e8' and VER_NBR=0
/
update KSEN_LUI_IDENT set OBJ_ID='2aab3493-12f7-4943-abcd-7d9a26412729', VER_NBR=1, UPDATEID='admin', UPDATETIME=TIMESTAMP '2014-02-06 11:03:35.263', LUI_CD='', DIVISION='', IDENT_LEVEL='', LNG_NAME='', LUI_ID='7b5c11d5-8774-4115-9477-3fbdc53f83e8', ORGID='', SHRT_NAME='', LUI_ID_STATE='kuali.lui.identifier.state.active', SUFX_CD='', LUI_ID_TYPE='kuali.lui.identifier.type.official', VARTN='' where ID='ead72714-e296-49a3-a44a-f0eba91d38fd' and VER_NBR=0
/
update KSEN_LUI set OBJ_ID='d99e04cb-21ca-4e9f-8d88-ba3adbf137d8', VER_NBR=3, UPDATEID='admin', UPDATETIME=TIMESTAMP '2014-02-06 11:03:35.263', ATP_ID='kuali.atp.2014Winter', CLU_ID='55fda0fc-cb22-4b3b-a7e0-5a0ceeaaf89d', EFF_DT='', EXPIR_DT='', DESCR_FORMATTED='Courses with lecture', LUI_STATE='kuali.lui.activity.offering.state.offered', LUI_TYPE='kuali.lui.type.activity.offering.lecture', MAX_SEATS=40, MIN_SEATS=40, NAME='Lecture', DESCR_PLAIN='Courses with lecture', REF_URL=null where ID='a8528ca0-55a0-4167-987b-10396c2d76b4' and VER_NBR=2
/
update KSEN_LUI_IDENT set OBJ_ID='1e6c7d35-f9d3-419e-9388-af0ee0dedcbf', VER_NBR=3, UPDATEID='admin', UPDATETIME=TIMESTAMP '2014-02-06 11:03:35.263', LUI_CD='A', DIVISION='', IDENT_LEVEL='', LNG_NAME='', LUI_ID='a8528ca0-55a0-4167-987b-10396c2d76b4', ORGID='', SHRT_NAME='', LUI_ID_STATE='kuali.lui.identifier.state.active', SUFX_CD='', LUI_ID_TYPE='kuali.lui.identifier.type.official', VARTN='' where ID='628a7cb6-998e-4bda-9f65-bf4b916a46ae' and VER_NBR=2
/
update KSEN_LUI_LU_CD set OBJ_ID='47e054e7-a99e-4298-97da-fc7dd80e33a5', VER_NBR=3, UPDATEID='admin', UPDATETIME=TIMESTAMP '2014-02-06 11:03:35.263', DESCR_FORMATTED='', LUI_ID='a8528ca0-55a0-4167-987b-10396c2d76b4', DESCR_PLAIN='', LUI_LUCD_TYPE='kuali.lu.code.honorsOffering', VALUE=0 where ID='81ebc5b9-1464-422f-b9d1-2f500b63f56a' and VER_NBR=2
/
update KSEN_LUI set OBJ_ID='f2d542b3-6a5a-40de-857d-f0c4f18626d6', VER_NBR=2, UPDATEID='admin', UPDATETIME=TIMESTAMP '2014-02-06 11:03:35.263', ATP_ID='kuali.atp.2014Winter', CLU_ID='ccb3c17e-6eaf-4095-85b7-648120717da9', EFF_DT='', EXPIR_DT='', DESCR_FORMATTED='Courses with Lecture only', LUI_STATE='kuali.lui.format.offering.state.offered', LUI_TYPE='kuali.lui.type.course.format.offering', MAX_SEATS='', MIN_SEATS='', NAME='Lecture Only', DESCR_PLAIN='Courses with Lecture only', REF_URL='' where ID='10b64416-b04f-4037-90b2-9041fbb1572b' and VER_NBR=1
/
update KSEN_LUI_IDENT set OBJ_ID='25049d64-31f6-466f-801c-20388156fdd9', VER_NBR=2, UPDATEID='admin', UPDATETIME=TIMESTAMP '2014-02-06 11:03:35.263', LUI_CD='', DIVISION='', IDENT_LEVEL='', LNG_NAME='Lecture Only', LUI_ID='10b64416-b04f-4037-90b2-9041fbb1572b', ORGID='', SHRT_NAME='LEC', LUI_ID_STATE='kuali.lui.identifier.state.active', SUFX_CD='', LUI_ID_TYPE='kuali.lui.identifier.type.official', VARTN='' where ID='04f40b6f-ffba-4596-9245-cf6203f8e2c5' and VER_NBR=1
/
delete from KSEN_LUI_RELATED_LUI_TYPES where LUI_ID='10b64416-b04f-4037-90b2-9041fbb1572b'
/
insert into KSEN_LUI_RELATED_LUI_TYPES (LUI_ID, RELATED_LUI_TYPE) values ('10b64416-b04f-4037-90b2-9041fbb1572b', 'kuali.lui.type.activity.offering.lecture')
/
update KSEN_LUI set OBJ_ID='1dbbab5a-17ea-4793-8814-66a75d4333c8', VER_NBR=2, UPDATEID='admin', UPDATETIME=TIMESTAMP '2014-02-06 11:03:35.263', ATP_ID='kuali.atp.2014Winter', CLU_ID='CLUID-HIST319-198001000000', EFF_DT=TIMESTAMP '2014-01-02 00:00:00.0', EXPIR_DT='', DESCR_FORMATTED='', LUI_STATE='kuali.lui.course.offering.state.offered', LUI_TYPE='kuali.lui.type.course.offering', MAX_SEATS='', MIN_SEATS='', NAME='HIST319O CO', DESCR_PLAIN='.', REF_URL=null where ID='780d9c3d-7e32-45b1-a936-1791a1ab87b8' and VER_NBR=1
/
update KSEN_LUI_IDENT set OBJ_ID='ba536f0d-c376-4307-87cb-fb1ef3fae926', VER_NBR=2, UPDATEID='admin', UPDATETIME=TIMESTAMP '2014-02-06 11:03:35.263', LUI_CD='HIST319O', DIVISION='HIST', IDENT_LEVEL='', LNG_NAME='Special Topics in History', LUI_ID='780d9c3d-7e32-45b1-a936-1791a1ab87b8', ORGID='', SHRT_NAME='', LUI_ID_STATE='kuali.lui.identifier.state.active', SUFX_CD='O', LUI_ID_TYPE='kuali.lui.identifier.type.official', VARTN='' where ID='0cc703b9-5fb9-44db-94a5-35fb2585ebaa' and VER_NBR=1
/
update KSEN_LUI_LU_CD set OBJ_ID='2e1c6989-eb4a-48c5-ab3a-fd6d65c2b308', VER_NBR=2, UPDATEID='admin', UPDATETIME=TIMESTAMP '2014-02-06 11:03:35.263', DESCR_FORMATTED='', LUI_ID='780d9c3d-7e32-45b1-a936-1791a1ab87b8', DESCR_PLAIN='', LUI_LUCD_TYPE='kuali.lu.code.honorsOffering', VALUE='' where ID='fa92dc74-d148-44cf-a642-5c93c6cdea29' and VER_NBR=1
/
delete from KSEN_LUI_UNITS_CONT_OWNER where LUI_ID='780d9c3d-7e32-45b1-a936-1791a1ab87b8'
/
insert into KSEN_LUI_UNITS_CONT_OWNER (LUI_ID, ORG_ID) values ('780d9c3d-7e32-45b1-a936-1791a1ab87b8', '3213375036')
/
delete from KSEN_LUI_RESULT_VAL_GRP where LUI_ID='780d9c3d-7e32-45b1-a936-1791a1ab87b8'
/
insert into KSEN_LUI_RESULT_VAL_GRP (LUI_ID, RESULT_VAL_GRP_ID) values ('780d9c3d-7e32-45b1-a936-1791a1ab87b8', 'kuali.creditType.credit.degree.3.0')
/
insert into KSEN_LUI_RESULT_VAL_GRP (LUI_ID, RESULT_VAL_GRP_ID) values ('780d9c3d-7e32-45b1-a936-1791a1ab87b8', 'kuali.resultComponent.grade.audit')
/
insert into KSEN_LUI_RESULT_VAL_GRP (LUI_ID, RESULT_VAL_GRP_ID) values ('780d9c3d-7e32-45b1-a936-1791a1ab87b8', 'kuali.resultComponent.grade.letter')
/
insert into KSEN_LUI_RESULT_VAL_GRP (LUI_ID, RESULT_VAL_GRP_ID) values ('780d9c3d-7e32-45b1-a936-1791a1ab87b8', 'kuali.resultComponent.grade.passFail')
/
update KSEN_LUI set OBJ_ID='86cffd88-7659-457b-a2b1-e076eeed9fd3', VER_NBR=1, UPDATEID='admin', UPDATETIME=TIMESTAMP '2014-02-06 11:03:35.263', ATP_ID='kuali.atp.2014Winter', CLU_ID='ccb3c17e-6eaf-4095-85b7-648120717da9', EFF_DT='', EXPIR_DT='', DESCR_FORMATTED='1001', LUI_STATE='kuali.lui.registration.group.state.offered', LUI_TYPE='kuali.lui.type.registration.group', MAX_SEATS='', MIN_SEATS='', NAME='1001', DESCR_PLAIN='1001', REF_URL='' where ID='2452b3b9-9380-4956-9c11-ce9bfcc1e31d' and VER_NBR=0
/
update KSEN_LUI_IDENT set OBJ_ID='e04408d2-77b3-4d50-b248-9215b0c041ed', VER_NBR=1, UPDATEID='admin', UPDATETIME=TIMESTAMP '2014-02-06 11:03:35.263', LUI_CD='', DIVISION='', IDENT_LEVEL='', LNG_NAME='', LUI_ID='2452b3b9-9380-4956-9c11-ce9bfcc1e31d', ORGID='', SHRT_NAME='', LUI_ID_STATE='kuali.lui.identifier.state.active', SUFX_CD='', LUI_ID_TYPE='kuali.lui.identifier.type.official', VARTN='' where ID='cef4c696-031f-47af-a6bc-26f76ec4363b' and VER_NBR=0
/
update KSEN_LUI set OBJ_ID='f42061a7-dff8-4092-ac28-0189cb8b1df4', VER_NBR=3, UPDATEID='admin', UPDATETIME=TIMESTAMP '2014-02-06 11:03:35.263', ATP_ID='kuali.atp.2014Winter', CLU_ID='23b9ac95-4555-4d33-a802-97a6206bcd83', EFF_DT='', EXPIR_DT='', DESCR_FORMATTED='Courses with lecture', LUI_STATE='kuali.lui.activity.offering.state.offered', LUI_TYPE='kuali.lui.type.activity.offering.lecture', MAX_SEATS=15, MIN_SEATS=15, NAME='Lecture', DESCR_PLAIN='Courses with lecture', REF_URL=null where ID='245228f6-e6b8-4031-8794-38de26458d26' and VER_NBR=2
/
update KSEN_LUI_IDENT set OBJ_ID='17b20c25-75a3-43e9-82b7-404a018ab081', VER_NBR=3, UPDATEID='admin', UPDATETIME=TIMESTAMP '2014-02-06 11:03:35.263', LUI_CD='A', DIVISION='', IDENT_LEVEL='', LNG_NAME='', LUI_ID='245228f6-e6b8-4031-8794-38de26458d26', ORGID='', SHRT_NAME='', LUI_ID_STATE='kuali.lui.identifier.state.active', SUFX_CD='', LUI_ID_TYPE='kuali.lui.identifier.type.official', VARTN='' where ID='3afc64d8-2413-463d-a680-835b1b0474a2' and VER_NBR=2
/
update KSEN_LUI_LU_CD set OBJ_ID='a0f0316a-c245-435c-ad84-998faedb1950', VER_NBR=3, UPDATEID='admin', UPDATETIME=TIMESTAMP '2014-02-06 11:03:35.263', DESCR_FORMATTED='', LUI_ID='245228f6-e6b8-4031-8794-38de26458d26', DESCR_PLAIN='', LUI_LUCD_TYPE='kuali.lu.code.honorsOffering', VALUE=0 where ID='df25e0cf-bb54-4fee-8d28-9e95b7a10665' and VER_NBR=2
/
update KSEN_LUI set OBJ_ID='d25adb3e-709e-428b-8b45-43902cbb8317', VER_NBR=1, UPDATEID='admin', UPDATETIME=TIMESTAMP '2014-02-06 11:03:35.263', ATP_ID='kuali.atp.2014Winter', CLU_ID='c0e2e9e4-ef2c-40c1-8a69-6b8a268207c2', EFF_DT='', EXPIR_DT='', DESCR_FORMATTED='1001', LUI_STATE='kuali.lui.registration.group.state.offered', LUI_TYPE='kuali.lui.type.registration.group', MAX_SEATS='', MIN_SEATS='', NAME='1001', DESCR_PLAIN='1001', REF_URL='' where ID='e190fd79-a5c4-4c5c-a34f-862ac23b5caf' and VER_NBR=0
/
update KSEN_LUI_IDENT set OBJ_ID='a327a9ec-4cb7-44e9-bc42-7622637e81db', VER_NBR=1, UPDATEID='admin', UPDATETIME=TIMESTAMP '2014-02-06 11:03:35.263', LUI_CD='', DIVISION='', IDENT_LEVEL='', LNG_NAME='', LUI_ID='e190fd79-a5c4-4c5c-a34f-862ac23b5caf', ORGID='', SHRT_NAME='', LUI_ID_STATE='kuali.lui.identifier.state.active', SUFX_CD='', LUI_ID_TYPE='kuali.lui.identifier.type.official', VARTN='' where ID='3dcde231-32ea-4eb6-80e4-d7e2f0eb77d3' and VER_NBR=0
/
update KSEN_LUI set OBJ_ID='dab0993d-6205-4729-86e4-769c1e1bce95', VER_NBR=3, UPDATEID='admin', UPDATETIME=TIMESTAMP '2014-02-06 11:03:35.263', ATP_ID='kuali.atp.2014Winter', CLU_ID='9b0d7d87-31ec-498b-bfe4-31a4f1e92021', EFF_DT='', EXPIR_DT='', DESCR_FORMATTED='Courses with lab', LUI_STATE='kuali.lui.activity.offering.state.offered', LUI_TYPE='kuali.lui.type.activity.offering.lab', MAX_SEATS=24, MIN_SEATS=24, NAME='Lab', DESCR_PLAIN='Courses with lab', REF_URL=null where ID='f0d02aae-0538-4d1c-a46b-a8e7ec019f10' and VER_NBR=2
/
update KSEN_LUI_IDENT set OBJ_ID='a25f34b4-7b3c-400f-b4a3-cc33113e37d8', VER_NBR=3, UPDATEID='admin', UPDATETIME=TIMESTAMP '2014-02-06 11:03:35.263', LUI_CD='E', DIVISION='', IDENT_LEVEL='', LNG_NAME='', LUI_ID='f0d02aae-0538-4d1c-a46b-a8e7ec019f10', ORGID='', SHRT_NAME='', LUI_ID_STATE='kuali.lui.identifier.state.active', SUFX_CD='', LUI_ID_TYPE='kuali.lui.identifier.type.official', VARTN='' where ID='594f3a8d-fc77-4433-b32f-a62dd3b45589' and VER_NBR=2
/
update KSEN_LUI_LU_CD set OBJ_ID='58acaf6e-ee80-48a9-97fa-3449bdb2ac3b', VER_NBR=3, UPDATEID='admin', UPDATETIME=TIMESTAMP '2014-02-06 11:03:35.263', DESCR_FORMATTED='', LUI_ID='f0d02aae-0538-4d1c-a46b-a8e7ec019f10', DESCR_PLAIN='', LUI_LUCD_TYPE='kuali.lu.code.honorsOffering', VALUE=0 where ID='24831478-e5ab-41ce-a324-20857c3c1c87' and VER_NBR=2
/
update KSEN_LUI set OBJ_ID='45a11ffe-e28a-41fb-8b50-a46910b15337', VER_NBR=3, UPDATEID='admin', UPDATETIME=TIMESTAMP '2014-02-06 11:03:35.263', ATP_ID='kuali.atp.2014Winter', CLU_ID='0b5c76ff-9f50-41d6-a505-bc39ccba5f8c', EFF_DT='', EXPIR_DT='', DESCR_FORMATTED='Courses with lecture', LUI_STATE='kuali.lui.activity.offering.state.offered', LUI_TYPE='kuali.lui.type.activity.offering.lecture', MAX_SEATS=1, MIN_SEATS='', NAME='Lecture', DESCR_PLAIN='Courses with lecture', REF_URL=null where ID='54ed5416-7190-4da7-8031-103142f250c6' and VER_NBR=2
/
update KSEN_LUI_IDENT set OBJ_ID='30c02e05-acd3-4c81-8a06-8a02422968b7', VER_NBR=3, UPDATEID='admin', UPDATETIME=TIMESTAMP '2014-02-06 11:03:35.263', LUI_CD='A', DIVISION='', IDENT_LEVEL='', LNG_NAME='', LUI_ID='54ed5416-7190-4da7-8031-103142f250c6', ORGID='', SHRT_NAME='', LUI_ID_STATE='kuali.lui.identifier.state.active', SUFX_CD='', LUI_ID_TYPE='kuali.lui.identifier.type.official', VARTN='' where ID='4cba38a3-e26e-4fe3-b3e2-29ca9f760049' and VER_NBR=2
/
update KSEN_LUI_LU_CD set OBJ_ID='68bfab0e-cac3-4097-a6dc-ed2a51d75e2f', VER_NBR=3, UPDATEID='admin', UPDATETIME=TIMESTAMP '2014-02-06 11:03:35.263', DESCR_FORMATTED='', LUI_ID='54ed5416-7190-4da7-8031-103142f250c6', DESCR_PLAIN='', LUI_LUCD_TYPE='kuali.lu.code.honorsOffering', VALUE=0 where ID='50cb7b77-d305-4190-a080-840e43cfbf25' and VER_NBR=2
/
update KSEN_LUI set OBJ_ID='6e6d9460-8bcb-4214-be16-6e45e01f6f42', VER_NBR=2, UPDATEID='admin', UPDATETIME=TIMESTAMP '2014-02-06 11:03:35.263', ATP_ID='kuali.atp.2014Winter', CLU_ID='4f5e5387-81cb-46b6-8b3f-fef5aeb90638', EFF_DT='', EXPIR_DT='', DESCR_FORMATTED='Courses with Lecture only', LUI_STATE='kuali.lui.format.offering.state.offered', LUI_TYPE='kuali.lui.type.course.format.offering', MAX_SEATS='', MIN_SEATS='', NAME='Lecture Only', DESCR_PLAIN='Courses with Lecture only', REF_URL='' where ID='75f3dd4f-8744-41ce-9d18-a90b3b06058f' and VER_NBR=1
/
update KSEN_LUI_IDENT set OBJ_ID='90873298-076f-45c0-bb23-0e3fcd0fe0c1', VER_NBR=2, UPDATEID='admin', UPDATETIME=TIMESTAMP '2014-02-06 11:03:35.263', LUI_CD='', DIVISION='', IDENT_LEVEL='', LNG_NAME='Lecture Only', LUI_ID='75f3dd4f-8744-41ce-9d18-a90b3b06058f', ORGID='', SHRT_NAME='LEC', LUI_ID_STATE='kuali.lui.identifier.state.active', SUFX_CD='', LUI_ID_TYPE='kuali.lui.identifier.type.official', VARTN='' where ID='2b14449e-ae61-4d60-92fc-a985068ac468' and VER_NBR=1
/
delete from KSEN_LUI_RELATED_LUI_TYPES where LUI_ID='75f3dd4f-8744-41ce-9d18-a90b3b06058f'
/
insert into KSEN_LUI_RELATED_LUI_TYPES (LUI_ID, RELATED_LUI_TYPE) values ('75f3dd4f-8744-41ce-9d18-a90b3b06058f', 'kuali.lui.type.activity.offering.lecture')
/
update KSEN_LUI set OBJ_ID='dfb224f4-9587-4bb5-b1ba-5dd62dedd589', VER_NBR=2, UPDATEID='admin', UPDATETIME=TIMESTAMP '2014-02-06 11:03:35.263', ATP_ID='kuali.atp.2014Winter', CLU_ID='CLUID-WMST469-201008000000', EFF_DT=TIMESTAMP '2014-01-02 00:00:00.0', EXPIR_DT='', DESCR_FORMATTED='Special topics course taken as part of an approved study abroad program', LUI_STATE='kuali.lui.course.offering.state.offered', LUI_TYPE='kuali.lui.type.course.offering', MAX_SEATS='', MIN_SEATS='', NAME='WMST469T CO', DESCR_PLAIN='Special topics course taken as part of an approved study abroad program', REF_URL=null where ID='199de9cd-6c17-4ed6-bb57-1263fd0cf830' and VER_NBR=1
/
update KSEN_LUI_IDENT set OBJ_ID='ab79b441-abf1-4bfb-88b4-c2b6ab35709d', VER_NBR=2, UPDATEID='admin', UPDATETIME=TIMESTAMP '2014-02-06 11:03:35.263', LUI_CD='WMST469T', DIVISION='WMST', IDENT_LEVEL='', LNG_NAME='Study Abroad Special Topics IV', LUI_ID='199de9cd-6c17-4ed6-bb57-1263fd0cf830', ORGID='', SHRT_NAME='', LUI_ID_STATE='kuali.lui.identifier.state.active', SUFX_CD='T', LUI_ID_TYPE='kuali.lui.identifier.type.official', VARTN='' where ID='4990fc41-678d-4e88-8c86-1cce71ca17fc' and VER_NBR=1
/
update KSEN_LUI_LU_CD set OBJ_ID='d259e69c-d75d-46b8-8a88-8043e6a8361c', VER_NBR=2, UPDATEID='admin', UPDATETIME=TIMESTAMP '2014-02-06 11:03:35.263', DESCR_FORMATTED='', LUI_ID='199de9cd-6c17-4ed6-bb57-1263fd0cf830', DESCR_PLAIN='', LUI_LUCD_TYPE='kuali.lu.code.honorsOffering', VALUE='' where ID='a21b149b-13c2-44d0-8ef4-d4fe457a1c80' and VER_NBR=1
/
delete from KSEN_LUI_UNITS_CONT_OWNER where LUI_ID='199de9cd-6c17-4ed6-bb57-1263fd0cf830'
/
insert into KSEN_LUI_UNITS_CONT_OWNER (LUI_ID, ORG_ID) values ('199de9cd-6c17-4ed6-bb57-1263fd0cf830', '4014660630')
/
delete from KSEN_LUI_RESULT_VAL_GRP where LUI_ID='199de9cd-6c17-4ed6-bb57-1263fd0cf830'
/
insert into KSEN_LUI_RESULT_VAL_GRP (LUI_ID, RESULT_VAL_GRP_ID) values ('199de9cd-6c17-4ed6-bb57-1263fd0cf830', 'kuali.creditType.credit.degree.1-6.by.0.5')
/
insert into KSEN_LUI_RESULT_VAL_GRP (LUI_ID, RESULT_VAL_GRP_ID) values ('199de9cd-6c17-4ed6-bb57-1263fd0cf830', 'kuali.resultComponent.grade.audit')
/
insert into KSEN_LUI_RESULT_VAL_GRP (LUI_ID, RESULT_VAL_GRP_ID) values ('199de9cd-6c17-4ed6-bb57-1263fd0cf830', 'kuali.resultComponent.grade.letter')
/
insert into KSEN_LUI_RESULT_VAL_GRP (LUI_ID, RESULT_VAL_GRP_ID) values ('199de9cd-6c17-4ed6-bb57-1263fd0cf830', 'kuali.resultComponent.grade.passFail')
/
update KSEN_LUI set OBJ_ID='76ad4628-c993-47a6-8487-4eb3b560dbcd', VER_NBR=1, UPDATEID='admin', UPDATETIME=TIMESTAMP '2014-02-06 11:03:35.263', ATP_ID='kuali.atp.2014Winter', CLU_ID='4f5e5387-81cb-46b6-8b3f-fef5aeb90638', EFF_DT='', EXPIR_DT='', DESCR_FORMATTED='1001', LUI_STATE='kuali.lui.registration.group.state.offered', LUI_TYPE='kuali.lui.type.registration.group', MAX_SEATS='', MIN_SEATS='', NAME='1001', DESCR_PLAIN='1001', REF_URL='' where ID='c22e0858-c130-447f-bb1f-1ce322473d21' and VER_NBR=0
/
update KSEN_LUI_IDENT set OBJ_ID='d2fe5225-a682-4f21-900b-04959f9fb044', VER_NBR=1, UPDATEID='admin', UPDATETIME=TIMESTAMP '2014-02-06 11:03:35.263', LUI_CD='', DIVISION='', IDENT_LEVEL='', LNG_NAME='', LUI_ID='c22e0858-c130-447f-bb1f-1ce322473d21', ORGID='', SHRT_NAME='', LUI_ID_STATE='kuali.lui.identifier.state.active', SUFX_CD='', LUI_ID_TYPE='kuali.lui.identifier.type.official', VARTN='' where ID='f3f501ab-40d9-4d11-91cf-05f5708070a5' and VER_NBR=0
/
update KSEN_LUI set OBJ_ID='6145ddb4-f936-44fc-b690-a50e6220a707', VER_NBR=3, UPDATEID='admin', UPDATETIME=TIMESTAMP '2014-02-06 11:03:35.263', ATP_ID='kuali.atp.2014Winter', CLU_ID='156c39bd-7086-40a5-8158-8402f885b33b', EFF_DT='', EXPIR_DT='', DESCR_FORMATTED='Courses with lecture', LUI_STATE='kuali.lui.activity.offering.state.offered', LUI_TYPE='kuali.lui.type.activity.offering.lecture', MAX_SEATS=40, MIN_SEATS=40, NAME='Lecture', DESCR_PLAIN='Courses with lecture', REF_URL=null where ID='2fa6f6a9-8a25-4f04-945f-1444579f5000' and VER_NBR=2
/
update KSEN_LUI_IDENT set OBJ_ID='9bbe96bd-5e94-4eb4-ad83-f2fd69aef72d', VER_NBR=3, UPDATEID='admin', UPDATETIME=TIMESTAMP '2014-02-06 11:03:35.263', LUI_CD='A', DIVISION='', IDENT_LEVEL='', LNG_NAME='', LUI_ID='2fa6f6a9-8a25-4f04-945f-1444579f5000', ORGID='', SHRT_NAME='', LUI_ID_STATE='kuali.lui.identifier.state.active', SUFX_CD='', LUI_ID_TYPE='kuali.lui.identifier.type.official', VARTN='' where ID='417b4ab9-d0ea-4169-bbfc-9faf399405b6' and VER_NBR=2
/
update KSEN_LUI_LU_CD set OBJ_ID='a158b60c-e6ce-4bf2-8c87-c9494fd1d5e4', VER_NBR=3, UPDATEID='admin', UPDATETIME=TIMESTAMP '2014-02-06 11:03:35.263', DESCR_FORMATTED='', LUI_ID='2fa6f6a9-8a25-4f04-945f-1444579f5000', DESCR_PLAIN='', LUI_LUCD_TYPE='kuali.lu.code.honorsOffering', VALUE=0 where ID='d7dd4669-79a6-444a-a22c-c191694eba2a' and VER_NBR=2
/
update KSEN_LUI set OBJ_ID='cb2e843d-f211-4064-9cb9-b539e0ae0877', VER_NBR=2, UPDATEID='admin', UPDATETIME=TIMESTAMP '2014-02-06 11:03:35.263', ATP_ID='kuali.atp.2014Winter', CLU_ID='d48e4b15-08ca-494a-a187-4647da1d2b27', EFF_DT='', EXPIR_DT='', DESCR_FORMATTED='Courses with Lecture only', LUI_STATE='kuali.lui.format.offering.state.offered', LUI_TYPE='kuali.lui.type.course.format.offering', MAX_SEATS='', MIN_SEATS='', NAME='Lecture Only', DESCR_PLAIN='Courses with Lecture only', REF_URL='' where ID='996e5aed-07be-4269-aa87-680ba8310d5e' and VER_NBR=1
/
update KSEN_LUI_IDENT set OBJ_ID='5ebcc9a1-a741-4f1c-bbec-2f5aed4f5948', VER_NBR=2, UPDATEID='admin', UPDATETIME=TIMESTAMP '2014-02-06 11:03:35.263', LUI_CD='', DIVISION='', IDENT_LEVEL='', LNG_NAME='Lecture Only', LUI_ID='996e5aed-07be-4269-aa87-680ba8310d5e', ORGID='', SHRT_NAME='LEC', LUI_ID_STATE='kuali.lui.identifier.state.active', SUFX_CD='', LUI_ID_TYPE='kuali.lui.identifier.type.official', VARTN='' where ID='d2be6386-33d0-422b-b387-1e256acd2e1f' and VER_NBR=1
/
delete from KSEN_LUI_RELATED_LUI_TYPES where LUI_ID='996e5aed-07be-4269-aa87-680ba8310d5e'
/
insert into KSEN_LUI_RELATED_LUI_TYPES (LUI_ID, RELATED_LUI_TYPE) values ('996e5aed-07be-4269-aa87-680ba8310d5e', 'kuali.lui.type.activity.offering.lecture')
/
update KSEN_LUI set OBJ_ID='b21c7e2d-602b-4990-8b05-e16627546509', VER_NBR=2, UPDATEID='admin', UPDATETIME=TIMESTAMP '2014-02-06 11:03:35.263', ATP_ID='kuali.atp.2014Winter', CLU_ID='CLUID-HIST357-199501000000', EFF_DT=TIMESTAMP '2014-01-02 00:00:00.0', EXPIR_DT='', DESCR_FORMATTED='American history from the inauguration of Harry S. Truman to the presen with emphasis upon politics and foreign relations, but with consideration of special topics such as radicalism, conservatism, and labor.', LUI_STATE='kuali.lui.course.offering.state.offered', LUI_TYPE='kuali.lui.type.course.offering', MAX_SEATS='', MIN_SEATS='', NAME='HIST357 CO', DESCR_PLAIN='American history from the inauguration of Harry S. Truman to the presen with emphasis upon politics and foreign relations, but with consideration of special topics such as radicalism, conservatism, and labor.', REF_URL=null where ID='f902dc5a-0036-4542-b5cc-d5bc82a7f281' and VER_NBR=1
/
update KSEN_LUI_IDENT set OBJ_ID='e48bcbf2-cb10-449d-b05c-7c890e70e671', VER_NBR=2, UPDATEID='admin', UPDATETIME=TIMESTAMP '2014-02-06 11:03:35.263', LUI_CD='HIST357', DIVISION='HIST', IDENT_LEVEL='', LNG_NAME='Recent America: 1945-Present', LUI_ID='f902dc5a-0036-4542-b5cc-d5bc82a7f281', ORGID='', SHRT_NAME='', LUI_ID_STATE='kuali.lui.identifier.state.active', SUFX_CD='', LUI_ID_TYPE='kuali.lui.identifier.type.official', VARTN='' where ID='7e35cfe9-dc65-40aa-993e-d8e36ecc58d7' and VER_NBR=1
/
update KSEN_LUI_LU_CD set OBJ_ID='c74c67fb-668d-4997-be10-023c693c370d', VER_NBR=2, UPDATEID='admin', UPDATETIME=TIMESTAMP '2014-02-06 11:03:35.263', DESCR_FORMATTED='', LUI_ID='f902dc5a-0036-4542-b5cc-d5bc82a7f281', DESCR_PLAIN='', LUI_LUCD_TYPE='kuali.lu.code.honorsOffering', VALUE='' where ID='e8c2e818-ef61-4c42-8fef-ddc368dde1b5' and VER_NBR=1
/
delete from KSEN_LUI_UNITS_CONT_OWNER where LUI_ID='f902dc5a-0036-4542-b5cc-d5bc82a7f281'
/
insert into KSEN_LUI_UNITS_CONT_OWNER (LUI_ID, ORG_ID) values ('f902dc5a-0036-4542-b5cc-d5bc82a7f281', '3213375036')
/
delete from KSEN_LUI_RESULT_VAL_GRP where LUI_ID='f902dc5a-0036-4542-b5cc-d5bc82a7f281'
/
insert into KSEN_LUI_RESULT_VAL_GRP (LUI_ID, RESULT_VAL_GRP_ID) values ('f902dc5a-0036-4542-b5cc-d5bc82a7f281', 'kuali.creditType.credit.degree.3.0')
/
insert into KSEN_LUI_RESULT_VAL_GRP (LUI_ID, RESULT_VAL_GRP_ID) values ('f902dc5a-0036-4542-b5cc-d5bc82a7f281', 'kuali.resultComponent.grade.audit')
/
insert into KSEN_LUI_RESULT_VAL_GRP (LUI_ID, RESULT_VAL_GRP_ID) values ('f902dc5a-0036-4542-b5cc-d5bc82a7f281', 'kuali.resultComponent.grade.letter')
/
insert into KSEN_LUI_RESULT_VAL_GRP (LUI_ID, RESULT_VAL_GRP_ID) values ('f902dc5a-0036-4542-b5cc-d5bc82a7f281', 'kuali.resultComponent.grade.passFail')
/
update KSEN_LUI set OBJ_ID='5bc5ab71-4220-4a6c-a4b4-e23755bdf796', VER_NBR=1, UPDATEID='admin', UPDATETIME=TIMESTAMP '2014-02-06 11:03:35.263', ATP_ID='kuali.atp.2014Winter', CLU_ID='d48e4b15-08ca-494a-a187-4647da1d2b27', EFF_DT='', EXPIR_DT='', DESCR_FORMATTED='1001', LUI_STATE='kuali.lui.registration.group.state.offered', LUI_TYPE='kuali.lui.type.registration.group', MAX_SEATS='', MIN_SEATS='', NAME='1001', DESCR_PLAIN='1001', REF_URL='' where ID='56c88559-d2b9-4e3c-9472-c58e69a8f4b3' and VER_NBR=0
/
update KSEN_LUI_IDENT set OBJ_ID='b74194e8-92c6-41b0-90ce-d81b4d86553d', VER_NBR=1, UPDATEID='admin', UPDATETIME=TIMESTAMP '2014-02-06 11:03:35.263', LUI_CD='', DIVISION='', IDENT_LEVEL='', LNG_NAME='', LUI_ID='56c88559-d2b9-4e3c-9472-c58e69a8f4b3', ORGID='', SHRT_NAME='', LUI_ID_STATE='kuali.lui.identifier.state.active', SUFX_CD='', LUI_ID_TYPE='kuali.lui.identifier.type.official', VARTN='' where ID='d4f0980f-ac62-4096-8bee-e227921c10bd' and VER_NBR=0
/
update KSEN_LUI set OBJ_ID='5f728bd3-b03a-4f9f-aacc-bf4a42610127', VER_NBR=3, UPDATEID='admin', UPDATETIME=TIMESTAMP '2014-02-06 11:03:35.263', ATP_ID='kuali.atp.2014Winter', CLU_ID='315f56ce-d69d-44a2-a745-5a611e4ac066', EFF_DT='', EXPIR_DT='', DESCR_FORMATTED='Courses with lecture', LUI_STATE='kuali.lui.activity.offering.state.offered', LUI_TYPE='kuali.lui.type.activity.offering.lecture', MAX_SEATS=1, MIN_SEATS='', NAME='Lecture', DESCR_PLAIN='Courses with lecture', REF_URL=null where ID='e4344fb8-e8e3-43d5-95e1-e4e1eeaa93d7' and VER_NBR=2
/
update KSEN_LUI_IDENT set OBJ_ID='4f514b63-8c3e-4ada-9b12-06ca5591ca67', VER_NBR=3, UPDATEID='admin', UPDATETIME=TIMESTAMP '2014-02-06 11:03:35.263', LUI_CD='A', DIVISION='', IDENT_LEVEL='', LNG_NAME='', LUI_ID='e4344fb8-e8e3-43d5-95e1-e4e1eeaa93d7', ORGID='', SHRT_NAME='', LUI_ID_STATE='kuali.lui.identifier.state.active', SUFX_CD='', LUI_ID_TYPE='kuali.lui.identifier.type.official', VARTN='' where ID='3cc250d7-d1d7-4dfc-af90-24b487d3682c' and VER_NBR=2
/
update KSEN_LUI_LU_CD set OBJ_ID='3ab8ac0c-1d00-4922-8b59-f1ac96bfde5e', VER_NBR=3, UPDATEID='admin', UPDATETIME=TIMESTAMP '2014-02-06 11:03:35.263', DESCR_FORMATTED='', LUI_ID='e4344fb8-e8e3-43d5-95e1-e4e1eeaa93d7', DESCR_PLAIN='', LUI_LUCD_TYPE='kuali.lu.code.honorsOffering', VALUE=0 where ID='b5888e0b-bc7b-4e2f-82b9-bb6b63c0ab52' and VER_NBR=2
/
update KSEN_LUI set OBJ_ID='d6ca2e80-5a86-49ea-953c-13b070c43839', VER_NBR=2, UPDATEID='admin', UPDATETIME=TIMESTAMP '2014-02-06 11:03:35.263', ATP_ID='kuali.atp.2014Winter', CLU_ID='0d8fb0a0-2053-4b0a-a7b8-354463deb594', EFF_DT='', EXPIR_DT='', DESCR_FORMATTED='Courses with Lecture only', LUI_STATE='kuali.lui.format.offering.state.offered', LUI_TYPE='kuali.lui.type.course.format.offering', MAX_SEATS='', MIN_SEATS='', NAME='Lecture Only', DESCR_PLAIN='Courses with Lecture only', REF_URL='' where ID='0fb07b46-a34f-43c3-93b3-c1e087b2aa76' and VER_NBR=1
/
update KSEN_LUI_IDENT set OBJ_ID='44e4e6e0-1a5c-4f69-afad-dbaf5dcd4294', VER_NBR=2, UPDATEID='admin', UPDATETIME=TIMESTAMP '2014-02-06 11:03:35.263', LUI_CD='', DIVISION='', IDENT_LEVEL='', LNG_NAME='Lecture Only', LUI_ID='0fb07b46-a34f-43c3-93b3-c1e087b2aa76', ORGID='', SHRT_NAME='LEC', LUI_ID_STATE='kuali.lui.identifier.state.active', SUFX_CD='', LUI_ID_TYPE='kuali.lui.identifier.type.official', VARTN='' where ID='d9788881-065a-49ff-88f3-0c4cf3e9b5e6' and VER_NBR=1
/
delete from KSEN_LUI_RELATED_LUI_TYPES where LUI_ID='0fb07b46-a34f-43c3-93b3-c1e087b2aa76'
/
insert into KSEN_LUI_RELATED_LUI_TYPES (LUI_ID, RELATED_LUI_TYPE) values ('0fb07b46-a34f-43c3-93b3-c1e087b2aa76', 'kuali.lui.type.activity.offering.lecture')
/
update KSEN_LUI set OBJ_ID='fe7afc12-abe6-4e7b-95bb-a6e33b276feb', VER_NBR=2, UPDATEID='admin', UPDATETIME=TIMESTAMP '2014-02-06 11:03:35.263', ATP_ID='kuali.atp.2014Winter', CLU_ID='CLUID-HIST219-198001000000', EFF_DT=TIMESTAMP '2014-01-02 00:00:00.0', EXPIR_DT='', DESCR_FORMATTED='', LUI_STATE='kuali.lui.course.offering.state.offered', LUI_TYPE='kuali.lui.type.course.offering', MAX_SEATS='', MIN_SEATS='', NAME='HIST219K CO', DESCR_PLAIN='.', REF_URL=null where ID='4ad0ada3-398e-4baf-a0ab-5e59a05eddd2' and VER_NBR=1
/
update KSEN_LUI_IDENT set OBJ_ID='1215eafc-33af-4d46-9fe8-31eec4d34604', VER_NBR=2, UPDATEID='admin', UPDATETIME=TIMESTAMP '2014-02-06 11:03:35.263', LUI_CD='HIST219K', DIVISION='HIST', IDENT_LEVEL='', LNG_NAME='Special Topics in History', LUI_ID='4ad0ada3-398e-4baf-a0ab-5e59a05eddd2', ORGID='', SHRT_NAME='', LUI_ID_STATE='kuali.lui.identifier.state.active', SUFX_CD='K', LUI_ID_TYPE='kuali.lui.identifier.type.official', VARTN='' where ID='56c7b809-e3fc-42dc-94fa-1179e43ec1eb' and VER_NBR=1
/
update KSEN_LUI_LU_CD set OBJ_ID='ef2eae2a-7de9-4f13-a478-e850aadf67a5', VER_NBR=2, UPDATEID='admin', UPDATETIME=TIMESTAMP '2014-02-06 11:03:35.263', DESCR_FORMATTED='', LUI_ID='4ad0ada3-398e-4baf-a0ab-5e59a05eddd2', DESCR_PLAIN='', LUI_LUCD_TYPE='kuali.lu.code.honorsOffering', VALUE='' where ID='b9a1d9c3-b6cc-4fde-ac2d-7b250e60957d' and VER_NBR=1
/
delete from KSEN_LUI_UNITS_CONT_OWNER where LUI_ID='4ad0ada3-398e-4baf-a0ab-5e59a05eddd2'
/
insert into KSEN_LUI_UNITS_CONT_OWNER (LUI_ID, ORG_ID) values ('4ad0ada3-398e-4baf-a0ab-5e59a05eddd2', '3213375036')
/
delete from KSEN_LUI_RESULT_VAL_GRP where LUI_ID='4ad0ada3-398e-4baf-a0ab-5e59a05eddd2'
/
insert into KSEN_LUI_RESULT_VAL_GRP (LUI_ID, RESULT_VAL_GRP_ID) values ('4ad0ada3-398e-4baf-a0ab-5e59a05eddd2', 'kuali.creditType.credit.degree.3.0')
/
insert into KSEN_LUI_RESULT_VAL_GRP (LUI_ID, RESULT_VAL_GRP_ID) values ('4ad0ada3-398e-4baf-a0ab-5e59a05eddd2', 'kuali.resultComponent.grade.audit')
/
insert into KSEN_LUI_RESULT_VAL_GRP (LUI_ID, RESULT_VAL_GRP_ID) values ('4ad0ada3-398e-4baf-a0ab-5e59a05eddd2', 'kuali.resultComponent.grade.letter')
/
insert into KSEN_LUI_RESULT_VAL_GRP (LUI_ID, RESULT_VAL_GRP_ID) values ('4ad0ada3-398e-4baf-a0ab-5e59a05eddd2', 'kuali.resultComponent.grade.passFail')
/
update KSEN_LUI set OBJ_ID='68d45b27-a644-44d2-bcc9-1cdd7f41e02b', VER_NBR=1, UPDATEID='admin', UPDATETIME=TIMESTAMP '2014-02-06 11:03:35.263', ATP_ID='kuali.atp.2014Winter', CLU_ID='0d8fb0a0-2053-4b0a-a7b8-354463deb594', EFF_DT='', EXPIR_DT='', DESCR_FORMATTED='1001', LUI_STATE='kuali.lui.registration.group.state.offered', LUI_TYPE='kuali.lui.type.registration.group', MAX_SEATS='', MIN_SEATS='', NAME='1001', DESCR_PLAIN='1001', REF_URL='' where ID='44e22dd1-e7f5-4b1e-b1bf-7fba53e66c14' and VER_NBR=0
/
update KSEN_LUI_IDENT set OBJ_ID='26d7b47b-2d18-4e20-a52a-82559bf8d529', VER_NBR=1, UPDATEID='admin', UPDATETIME=TIMESTAMP '2014-02-06 11:03:35.263', LUI_CD='', DIVISION='', IDENT_LEVEL='', LNG_NAME='', LUI_ID='44e22dd1-e7f5-4b1e-b1bf-7fba53e66c14', ORGID='', SHRT_NAME='', LUI_ID_STATE='kuali.lui.identifier.state.active', SUFX_CD='', LUI_ID_TYPE='kuali.lui.identifier.type.official', VARTN='' where ID='22f9bf7f-f0cf-48cf-a18d-70baeddd0642' and VER_NBR=0
/
update KSEN_LUI set OBJ_ID='83cd08e4-607a-4dd8-b65a-e0ab8aed85c1', VER_NBR=3, UPDATEID='admin', UPDATETIME=TIMESTAMP '2014-02-06 11:03:35.263', ATP_ID='kuali.atp.2014Winter', CLU_ID='adb8910d-8560-46b5-8306-540e4d3cf0a8', EFF_DT='', EXPIR_DT='', DESCR_FORMATTED='Courses with lecture', LUI_STATE='kuali.lui.activity.offering.state.offered', LUI_TYPE='kuali.lui.type.activity.offering.lecture', MAX_SEATS=5, MIN_SEATS=5, NAME='Lecture', DESCR_PLAIN='Courses with lecture', REF_URL=null where ID='e2cdea6a-56b9-4ca3-99d4-1abe445753bf' and VER_NBR=2
/
update KSEN_LUI_IDENT set OBJ_ID='46d51ec1-5383-4684-bb24-1003d315ba7c', VER_NBR=3, UPDATEID='admin', UPDATETIME=TIMESTAMP '2014-02-06 11:03:35.263', LUI_CD='A', DIVISION='', IDENT_LEVEL='', LNG_NAME='', LUI_ID='e2cdea6a-56b9-4ca3-99d4-1abe445753bf', ORGID='', SHRT_NAME='', LUI_ID_STATE='kuali.lui.identifier.state.active', SUFX_CD='', LUI_ID_TYPE='kuali.lui.identifier.type.official', VARTN='' where ID='fdd84a49-eefa-4a10-8db5-a3b5873a4c45' and VER_NBR=2
/
update KSEN_LUI_LU_CD set OBJ_ID='b0d0c67f-9c4a-45c1-a3ad-4b0281a71d48', VER_NBR=3, UPDATEID='admin', UPDATETIME=TIMESTAMP '2014-02-06 11:03:35.263', DESCR_FORMATTED='', LUI_ID='e2cdea6a-56b9-4ca3-99d4-1abe445753bf', DESCR_PLAIN='', LUI_LUCD_TYPE='kuali.lu.code.honorsOffering', VALUE=0 where ID='2172bbbe-1c25-4dff-b91b-ddbfe0a12bfa' and VER_NBR=2
/
update KSEN_LUI set OBJ_ID='05bfbded-07d5-4d17-8c8c-6c19d148873d', VER_NBR=2, UPDATEID='admin', UPDATETIME=TIMESTAMP '2014-02-06 11:03:35.263', ATP_ID='kuali.atp.2014Winter', CLU_ID='0ae12d77-775c-499c-ade2-a4e2b60984a9', EFF_DT='', EXPIR_DT='', DESCR_FORMATTED='Courses with Lecture only', LUI_STATE='kuali.lui.format.offering.state.offered', LUI_TYPE='kuali.lui.type.course.format.offering', MAX_SEATS='', MIN_SEATS='', NAME='Lecture Only', DESCR_PLAIN='Courses with Lecture only', REF_URL='' where ID='c3c5c227-db8b-4519-b1e5-369a28f46ff1' and VER_NBR=1
/
update KSEN_LUI_IDENT set OBJ_ID='274a1265-10b7-4af7-af0d-14cd5fa9f80b', VER_NBR=2, UPDATEID='admin', UPDATETIME=TIMESTAMP '2014-02-06 11:03:35.263', LUI_CD='', DIVISION='', IDENT_LEVEL='', LNG_NAME='Lecture Only', LUI_ID='c3c5c227-db8b-4519-b1e5-369a28f46ff1', ORGID='', SHRT_NAME='LEC', LUI_ID_STATE='kuali.lui.identifier.state.active', SUFX_CD='', LUI_ID_TYPE='kuali.lui.identifier.type.official', VARTN='' where ID='c5e0a770-629c-46ef-8431-769bdb80ab17' and VER_NBR=1
/
delete from KSEN_LUI_RELATED_LUI_TYPES where LUI_ID='c3c5c227-db8b-4519-b1e5-369a28f46ff1'
/
insert into KSEN_LUI_RELATED_LUI_TYPES (LUI_ID, RELATED_LUI_TYPE) values ('c3c5c227-db8b-4519-b1e5-369a28f46ff1', 'kuali.lui.type.activity.offering.lecture')
/
update KSEN_LUI set OBJ_ID='23bc6472-3b52-4ab6-bf07-9232061b3cd0', VER_NBR=2, UPDATEID='admin', UPDATETIME=TIMESTAMP '2014-02-06 11:03:35.263', ATP_ID='kuali.atp.2014Winter', CLU_ID='73acba95-b7ab-494c-a726-6accd2de5257', EFF_DT=TIMESTAMP '2014-01-02 00:00:00.0', EXPIR_DT='', DESCR_FORMATTED='Basic (chemical) research conducted under the supervision of a faculty member.', LUI_STATE='kuali.lui.course.offering.state.offered', LUI_TYPE='kuali.lui.type.course.offering', MAX_SEATS='', MIN_SEATS='', NAME='CHEM399A CO', DESCR_PLAIN='Basic (chemical) research conducted under the supervision of a faculty member.', REF_URL=null where ID='d7f38e60-86b2-49e2-a988-c3477dae97cb' and VER_NBR=1
/
update KSEN_LUI_IDENT set OBJ_ID='864cda05-4fc2-40e9-9004-376cd1c4768e', VER_NBR=2, UPDATEID='admin', UPDATETIME=TIMESTAMP '2014-02-06 11:03:35.263', LUI_CD='CHEM399A', DIVISION='CHEM', IDENT_LEVEL='', LNG_NAME='Introduction to Chemical Research', LUI_ID='d7f38e60-86b2-49e2-a988-c3477dae97cb', ORGID='', SHRT_NAME='', LUI_ID_STATE='kuali.lui.identifier.state.active', SUFX_CD='A', LUI_ID_TYPE='kuali.lui.identifier.type.official', VARTN='' where ID='a25699bc-0d47-4b24-b10e-7745be3e05c3' and VER_NBR=1
/
update KSEN_LUI_LU_CD set OBJ_ID='6cc36a3a-4c5f-4ee9-9647-feae42444c4b', VER_NBR=2, UPDATEID='admin', UPDATETIME=TIMESTAMP '2014-02-06 11:03:35.263', DESCR_FORMATTED='', LUI_ID='d7f38e60-86b2-49e2-a988-c3477dae97cb', DESCR_PLAIN='', LUI_LUCD_TYPE='kuali.lu.code.honorsOffering', VALUE='' where ID='75652a36-cc1b-481b-b9c6-6e60f3abac90' and VER_NBR=1
/
delete from KSEN_LUI_UNITS_CONT_OWNER where LUI_ID='d7f38e60-86b2-49e2-a988-c3477dae97cb'
/
insert into KSEN_LUI_UNITS_CONT_OWNER (LUI_ID, ORG_ID) values ('d7f38e60-86b2-49e2-a988-c3477dae97cb', '4284516367')
/
delete from KSEN_LUI_RESULT_VAL_GRP where LUI_ID='d7f38e60-86b2-49e2-a988-c3477dae97cb'
/
insert into KSEN_LUI_RESULT_VAL_GRP (LUI_ID, RESULT_VAL_GRP_ID) values ('d7f38e60-86b2-49e2-a988-c3477dae97cb', 'kuali.creditType.credit.degree.1.0,1.5,2.0,2.5,3.0')
/
insert into KSEN_LUI_RESULT_VAL_GRP (LUI_ID, RESULT_VAL_GRP_ID) values ('d7f38e60-86b2-49e2-a988-c3477dae97cb', 'kuali.resultComponent.grade.audit')
/
insert into KSEN_LUI_RESULT_VAL_GRP (LUI_ID, RESULT_VAL_GRP_ID) values ('d7f38e60-86b2-49e2-a988-c3477dae97cb', 'kuali.resultComponent.grade.letter')
/
insert into KSEN_LUI_RESULT_VAL_GRP (LUI_ID, RESULT_VAL_GRP_ID) values ('d7f38e60-86b2-49e2-a988-c3477dae97cb', 'kuali.resultComponent.grade.passFail')
/
update KSEN_LUI set OBJ_ID='e2912a08-f746-4bd9-9017-a964c40bb9fe', VER_NBR=1, UPDATEID='admin', UPDATETIME=TIMESTAMP '2014-02-06 11:03:35.263', ATP_ID='kuali.atp.2014Winter', CLU_ID='0ae12d77-775c-499c-ade2-a4e2b60984a9', EFF_DT='', EXPIR_DT='', DESCR_FORMATTED='1001', LUI_STATE='kuali.lui.registration.group.state.offered', LUI_TYPE='kuali.lui.type.registration.group', MAX_SEATS='', MIN_SEATS='', NAME='1001', DESCR_PLAIN='1001', REF_URL='' where ID='256e36dc-05e9-4745-9ce7-79b2ef005222' and VER_NBR=0
/
update KSEN_LUI_IDENT set OBJ_ID='c022dd9a-ed91-4752-be30-e3481176e0dd', VER_NBR=1, UPDATEID='admin', UPDATETIME=TIMESTAMP '2014-02-06 11:03:35.263', LUI_CD='', DIVISION='', IDENT_LEVEL='', LNG_NAME='', LUI_ID='256e36dc-05e9-4745-9ce7-79b2ef005222', ORGID='', SHRT_NAME='', LUI_ID_STATE='kuali.lui.identifier.state.active', SUFX_CD='', LUI_ID_TYPE='kuali.lui.identifier.type.official', VARTN='' where ID='970c6e75-c207-4a8f-a4ae-3ff6f49a95ff' and VER_NBR=0
/
update KSEN_LUI set OBJ_ID='98681baa-9888-4fa8-b5a3-a86ec05dde42', VER_NBR=3, UPDATEID='admin', UPDATETIME=TIMESTAMP '2014-02-06 11:03:35.263', ATP_ID='kuali.atp.2014Winter', CLU_ID='668d892b-5335-490e-8883-b913c8c4818f', EFF_DT='', EXPIR_DT='', DESCR_FORMATTED='Courses with lecture', LUI_STATE='kuali.lui.activity.offering.state.offered', LUI_TYPE='kuali.lui.type.activity.offering.lecture', MAX_SEATS=30, MIN_SEATS=30, NAME='Lecture', DESCR_PLAIN='Courses with lecture', REF_URL=null where ID='5c76e4a3-9da1-4093-8196-650ae13ec631' and VER_NBR=2
/
update KSEN_LUI_IDENT set OBJ_ID='af7b58a2-68ea-47e3-92a1-e44e5a1c3163', VER_NBR=3, UPDATEID='admin', UPDATETIME=TIMESTAMP '2014-02-06 11:03:35.263', LUI_CD='B', DIVISION='', IDENT_LEVEL='', LNG_NAME='', LUI_ID='5c76e4a3-9da1-4093-8196-650ae13ec631', ORGID='', SHRT_NAME='', LUI_ID_STATE='kuali.lui.identifier.state.active', SUFX_CD='', LUI_ID_TYPE='kuali.lui.identifier.type.official', VARTN='' where ID='930803e7-a2ee-4b42-a171-dbbd69680d38' and VER_NBR=2
/
update KSEN_LUI_LU_CD set OBJ_ID='9f8899bf-1975-48da-9ef1-f316578a2b85', VER_NBR=3, UPDATEID='admin', UPDATETIME=TIMESTAMP '2014-02-06 11:03:35.263', DESCR_FORMATTED='', LUI_ID='5c76e4a3-9da1-4093-8196-650ae13ec631', DESCR_PLAIN='', LUI_LUCD_TYPE='kuali.lu.code.honorsOffering', VALUE=0 where ID='a7b79265-18bb-4e64-874e-b893e8ebb8ff' and VER_NBR=2
/
update KSEN_LUI set OBJ_ID='b6112555-f5d4-4b02-8a10-a3a787a6144a', VER_NBR=2, UPDATEID='admin', UPDATETIME=TIMESTAMP '2014-02-06 11:03:35.263', ATP_ID='kuali.atp.2014Winter', CLU_ID='b3d8efe2-cbe7-4e50-a72f-8f4b2b4ea8ad', EFF_DT='', EXPIR_DT='', DESCR_FORMATTED='Courses with Lecture only', LUI_STATE='kuali.lui.format.offering.state.offered', LUI_TYPE='kuali.lui.type.course.format.offering', MAX_SEATS='', MIN_SEATS='', NAME='Lecture Only', DESCR_PLAIN='Courses with Lecture only', REF_URL='' where ID='7ee65da4-ca74-4d3a-a820-a1abd718f9bf' and VER_NBR=1
/
update KSEN_LUI_IDENT set OBJ_ID='72b68324-fc23-47fa-a933-694c81c0b822', VER_NBR=2, UPDATEID='admin', UPDATETIME=TIMESTAMP '2014-02-06 11:03:35.263', LUI_CD='', DIVISION='', IDENT_LEVEL='', LNG_NAME='Lecture Only', LUI_ID='7ee65da4-ca74-4d3a-a820-a1abd718f9bf', ORGID='', SHRT_NAME='LEC', LUI_ID_STATE='kuali.lui.identifier.state.active', SUFX_CD='', LUI_ID_TYPE='kuali.lui.identifier.type.official', VARTN='' where ID='f67366b3-e3d4-42f3-9bc2-90b43e4618bb' and VER_NBR=1
/
delete from KSEN_LUI_RELATED_LUI_TYPES where LUI_ID='7ee65da4-ca74-4d3a-a820-a1abd718f9bf'
/
insert into KSEN_LUI_RELATED_LUI_TYPES (LUI_ID, RELATED_LUI_TYPE) values ('7ee65da4-ca74-4d3a-a820-a1abd718f9bf', 'kuali.lui.type.activity.offering.lecture')
/
update KSEN_LUI set OBJ_ID='a51c5be6-bcdc-41d2-9b7f-328660ea8fe2', VER_NBR=2, UPDATEID='admin', UPDATETIME=TIMESTAMP '2014-02-06 11:03:35.263', ATP_ID='kuali.atp.2014Winter', CLU_ID='8149aa68-9bfa-4d95-bcfe-b17b2d36d763', EFF_DT=TIMESTAMP '2014-01-02 00:00:00.0', EXPIR_DT='', DESCR_FORMATTED='An exploration of arguably the most complex, profound, and ubiquitous expression of human experience. Study through close reading of significant forms and conventions of Western poetic tradition. Poetry''s roots in oral and folk traditions and connections to popular song forms.', LUI_STATE='kuali.lui.course.offering.state.offered', LUI_TYPE='kuali.lui.type.course.offering', MAX_SEATS='', MIN_SEATS='', NAME='ENGL243 CO', DESCR_PLAIN='An exploration of arguably the most complex, profound, and ubiquitous expression of human experience. Study through close reading of significant forms and conventions of Western poetic tradition. Poetry''s roots in oral and folk traditions and connections to popular song forms.', REF_URL=null where ID='b5a1b977-b4f7-4639-9eca-3deaf51bc26b' and VER_NBR=1
/
update KSEN_LUI_IDENT set OBJ_ID='6f7f1131-e0aa-4ae3-adb4-4ee04c367b55', VER_NBR=2, UPDATEID='admin', UPDATETIME=TIMESTAMP '2014-02-06 11:03:35.263', LUI_CD='ENGL243', DIVISION='ENGL', IDENT_LEVEL='', LNG_NAME='What is Poetry?', LUI_ID='b5a1b977-b4f7-4639-9eca-3deaf51bc26b', ORGID='', SHRT_NAME='', LUI_ID_STATE='kuali.lui.identifier.state.active', SUFX_CD='', LUI_ID_TYPE='kuali.lui.identifier.type.official', VARTN='' where ID='2598751a-e49a-4759-810c-7ebcb4c1597a' and VER_NBR=1
/
update KSEN_LUI_LU_CD set OBJ_ID='d075cf04-696d-4a0b-8f1e-551c8a8bcfb8', VER_NBR=2, UPDATEID='admin', UPDATETIME=TIMESTAMP '2014-02-06 11:03:35.263', DESCR_FORMATTED='', LUI_ID='b5a1b977-b4f7-4639-9eca-3deaf51bc26b', DESCR_PLAIN='', LUI_LUCD_TYPE='kuali.lu.code.honorsOffering', VALUE='' where ID='b1a80bdd-d03e-4627-8988-47d30e8d7524' and VER_NBR=1
/
delete from KSEN_LUI_UNITS_CONT_OWNER where LUI_ID='b5a1b977-b4f7-4639-9eca-3deaf51bc26b'
/
insert into KSEN_LUI_UNITS_CONT_OWNER (LUI_ID, ORG_ID) values ('b5a1b977-b4f7-4639-9eca-3deaf51bc26b', '2677933260')
/
delete from KSEN_LUI_RESULT_VAL_GRP where LUI_ID='b5a1b977-b4f7-4639-9eca-3deaf51bc26b'
/
insert into KSEN_LUI_RESULT_VAL_GRP (LUI_ID, RESULT_VAL_GRP_ID) values ('b5a1b977-b4f7-4639-9eca-3deaf51bc26b', 'kuali.creditType.credit.degree.3.0')
/
insert into KSEN_LUI_RESULT_VAL_GRP (LUI_ID, RESULT_VAL_GRP_ID) values ('b5a1b977-b4f7-4639-9eca-3deaf51bc26b', 'kuali.resultComponent.grade.audit')
/
insert into KSEN_LUI_RESULT_VAL_GRP (LUI_ID, RESULT_VAL_GRP_ID) values ('b5a1b977-b4f7-4639-9eca-3deaf51bc26b', 'kuali.resultComponent.grade.letter')
/
insert into KSEN_LUI_RESULT_VAL_GRP (LUI_ID, RESULT_VAL_GRP_ID) values ('b5a1b977-b4f7-4639-9eca-3deaf51bc26b', 'kuali.resultComponent.grade.passFail')
/
update KSEN_LUI set OBJ_ID='d7f3d2ec-bf12-4093-b7b6-b7836bb36525', VER_NBR=1, UPDATEID='admin', UPDATETIME=TIMESTAMP '2014-02-06 11:03:35.263', ATP_ID='kuali.atp.2014Winter', CLU_ID='b3d8efe2-cbe7-4e50-a72f-8f4b2b4ea8ad', EFF_DT='', EXPIR_DT='', DESCR_FORMATTED='1002', LUI_STATE='kuali.lui.registration.group.state.offered', LUI_TYPE='kuali.lui.type.registration.group', MAX_SEATS='', MIN_SEATS='', NAME='1002', DESCR_PLAIN='1002', REF_URL='' where ID='6ea35038-aa3d-4ad7-bcc7-9238e3a999f2' and VER_NBR=0
/
update KSEN_LUI_IDENT set OBJ_ID='37fafafc-c840-4a36-91fa-4e42ae8e1b72', VER_NBR=1, UPDATEID='admin', UPDATETIME=TIMESTAMP '2014-02-06 11:03:35.263', LUI_CD='', DIVISION='', IDENT_LEVEL='', LNG_NAME='', LUI_ID='6ea35038-aa3d-4ad7-bcc7-9238e3a999f2', ORGID='', SHRT_NAME='', LUI_ID_STATE='kuali.lui.identifier.state.active', SUFX_CD='', LUI_ID_TYPE='kuali.lui.identifier.type.official', VARTN='' where ID='98265dd9-b6e0-448e-940a-4e98903510be' and VER_NBR=0
/
update KSEN_LUI set OBJ_ID='83c5d577-9706-4ee7-b556-9eb4f54b8940', VER_NBR=3, UPDATEID='admin', UPDATETIME=TIMESTAMP '2014-02-06 11:03:35.263', ATP_ID='kuali.atp.2014Winter', CLU_ID='f0ce3b8b-062f-4fd0-91d0-bf99659d3b2c', EFF_DT='', EXPIR_DT='', DESCR_FORMATTED='Courses with lecture', LUI_STATE='kuali.lui.activity.offering.state.offered', LUI_TYPE='kuali.lui.type.activity.offering.lecture', MAX_SEATS=5, MIN_SEATS=5, NAME='Lecture', DESCR_PLAIN='Courses with lecture', REF_URL=null where ID='81d6c6d0-cb19-4b8f-8f71-b4dc7e399f2e' and VER_NBR=2
/
update KSEN_LUI_IDENT set OBJ_ID='4b93f0f2-c79e-478a-90a2-16bcc47d3a86', VER_NBR=3, UPDATEID='admin', UPDATETIME=TIMESTAMP '2014-02-06 11:03:35.263', LUI_CD='A', DIVISION='', IDENT_LEVEL='', LNG_NAME='', LUI_ID='81d6c6d0-cb19-4b8f-8f71-b4dc7e399f2e', ORGID='', SHRT_NAME='', LUI_ID_STATE='kuali.lui.identifier.state.active', SUFX_CD='', LUI_ID_TYPE='kuali.lui.identifier.type.official', VARTN='' where ID='6e9a2f8e-bb75-45b5-99ee-fe39fcb3802b' and VER_NBR=2
/
update KSEN_LUI_LU_CD set OBJ_ID='c98737ab-a3ed-4cf2-af1c-45ac8b2c7265', VER_NBR=3, UPDATEID='admin', UPDATETIME=TIMESTAMP '2014-02-06 11:03:35.263', DESCR_FORMATTED='', LUI_ID='81d6c6d0-cb19-4b8f-8f71-b4dc7e399f2e', DESCR_PLAIN='', LUI_LUCD_TYPE='kuali.lu.code.honorsOffering', VALUE=0 where ID='a9af18a0-4224-4ce4-a70e-108dde7d5522' and VER_NBR=2
/
update KSEN_LUI set OBJ_ID='145ac0a4-b864-48a3-8bd4-68995ef25e84', VER_NBR=2, UPDATEID='admin', UPDATETIME=TIMESTAMP '2014-02-06 11:03:35.263', ATP_ID='kuali.atp.2014Winter', CLU_ID='4838b255-888b-4946-b32a-b168313b5e7f', EFF_DT='', EXPIR_DT='', DESCR_FORMATTED='Courses with Lecture only', LUI_STATE='kuali.lui.format.offering.state.offered', LUI_TYPE='kuali.lui.type.course.format.offering', MAX_SEATS='', MIN_SEATS='', NAME='Lecture Only', DESCR_PLAIN='Courses with Lecture only', REF_URL='' where ID='4fa0452b-d5f2-4872-8513-8c64ef8e4a8a' and VER_NBR=1
/
update KSEN_LUI_IDENT set OBJ_ID='52197bd7-d6d3-4f00-a15a-6b4cab2aa3fb', VER_NBR=2, UPDATEID='admin', UPDATETIME=TIMESTAMP '2014-02-06 11:03:35.263', LUI_CD='', DIVISION='', IDENT_LEVEL='', LNG_NAME='Lecture Only', LUI_ID='4fa0452b-d5f2-4872-8513-8c64ef8e4a8a', ORGID='', SHRT_NAME='LEC', LUI_ID_STATE='kuali.lui.identifier.state.active', SUFX_CD='', LUI_ID_TYPE='kuali.lui.identifier.type.official', VARTN='' where ID='858fc894-f400-49f9-97e0-f1bdc9e21e38' and VER_NBR=1
/
delete from KSEN_LUI_RELATED_LUI_TYPES where LUI_ID='4fa0452b-d5f2-4872-8513-8c64ef8e4a8a'
/
insert into KSEN_LUI_RELATED_LUI_TYPES (LUI_ID, RELATED_LUI_TYPE) values ('4fa0452b-d5f2-4872-8513-8c64ef8e4a8a', 'kuali.lui.type.activity.offering.lecture')
/
update KSEN_LUI set OBJ_ID='be63d1ad-6a9e-4fdb-bd6d-2fadea6323ee', VER_NBR=2, UPDATEID='admin', UPDATETIME=TIMESTAMP '2014-02-06 11:03:35.263', ATP_ID='kuali.atp.2014Winter', CLU_ID='CLUID-BSCI379-199908000000', EFF_DT=TIMESTAMP '2014-01-02 00:00:00.0', EXPIR_DT='', DESCR_FORMATTED='This course is arranged to provide qualified majors an opportunity to pursue research problems under the supervision of a member of the department.', LUI_STATE='kuali.lui.course.offering.state.offered', LUI_TYPE='kuali.lui.type.course.offering', MAX_SEATS='', MIN_SEATS='', NAME='BSCI379G CO', DESCR_PLAIN='This course is arranged to provide qualified majors an opportunity to pursue research problems under the supervision of a member of the department.', REF_URL=null where ID='66216792-3cc3-4ed3-9d24-ebb38c8ceae3' and VER_NBR=1
/
update KSEN_LUI_IDENT set OBJ_ID='67280072-193e-49e7-824b-15d1dcfbdffa', VER_NBR=2, UPDATEID='admin', UPDATETIME=TIMESTAMP '2014-02-06 11:03:35.263', LUI_CD='BSCI379G', DIVISION='BSCI', IDENT_LEVEL='', LNG_NAME='Cell Biology and Molecular Genetics Department Research', LUI_ID='66216792-3cc3-4ed3-9d24-ebb38c8ceae3', ORGID='', SHRT_NAME='', LUI_ID_STATE='kuali.lui.identifier.state.active', SUFX_CD='G', LUI_ID_TYPE='kuali.lui.identifier.type.official', VARTN='' where ID='42c80da3-0959-4c88-91b1-6eed4137b575' and VER_NBR=1
/
update KSEN_LUI_LU_CD set OBJ_ID='4a070a0c-82cb-40b9-82a5-58e1b5826494', VER_NBR=2, UPDATEID='admin', UPDATETIME=TIMESTAMP '2014-02-06 11:03:35.263', DESCR_FORMATTED='', LUI_ID='66216792-3cc3-4ed3-9d24-ebb38c8ceae3', DESCR_PLAIN='', LUI_LUCD_TYPE='kuali.lu.code.honorsOffering', VALUE='' where ID='e8b8f2ee-a5f0-4eb9-9e23-90f0941be633' and VER_NBR=1
/
delete from KSEN_LUI_UNITS_CONT_OWNER where LUI_ID='66216792-3cc3-4ed3-9d24-ebb38c8ceae3'
/
insert into KSEN_LUI_UNITS_CONT_OWNER (LUI_ID, ORG_ID) values ('66216792-3cc3-4ed3-9d24-ebb38c8ceae3', '576639460')
/
delete from KSEN_LUI_RESULT_VAL_GRP where LUI_ID='66216792-3cc3-4ed3-9d24-ebb38c8ceae3'
/
insert into KSEN_LUI_RESULT_VAL_GRP (LUI_ID, RESULT_VAL_GRP_ID) values ('66216792-3cc3-4ed3-9d24-ebb38c8ceae3', 'kuali.creditType.credit.degree.1.0,1.5,2.0,2.5,3.0')
/
insert into KSEN_LUI_RESULT_VAL_GRP (LUI_ID, RESULT_VAL_GRP_ID) values ('66216792-3cc3-4ed3-9d24-ebb38c8ceae3', 'kuali.resultComponent.grade.audit')
/
insert into KSEN_LUI_RESULT_VAL_GRP (LUI_ID, RESULT_VAL_GRP_ID) values ('66216792-3cc3-4ed3-9d24-ebb38c8ceae3', 'kuali.resultComponent.grade.letter')
/
insert into KSEN_LUI_RESULT_VAL_GRP (LUI_ID, RESULT_VAL_GRP_ID) values ('66216792-3cc3-4ed3-9d24-ebb38c8ceae3', 'kuali.resultComponent.grade.passFail')
/
update KSEN_LUI set OBJ_ID='0f81c153-e403-4039-a38c-8d184c6f6adf', VER_NBR=1, UPDATEID='admin', UPDATETIME=TIMESTAMP '2014-02-06 11:03:35.263', ATP_ID='kuali.atp.2014Winter', CLU_ID='4838b255-888b-4946-b32a-b168313b5e7f', EFF_DT='', EXPIR_DT='', DESCR_FORMATTED='1001', LUI_STATE='kuali.lui.registration.group.state.offered', LUI_TYPE='kuali.lui.type.registration.group', MAX_SEATS='', MIN_SEATS='', NAME='1001', DESCR_PLAIN='1001', REF_URL='' where ID='9936abc5-6275-4fb5-bd7a-8be1e033a951' and VER_NBR=0
/
update KSEN_LUI_IDENT set OBJ_ID='ad5af437-8009-4c3e-a3a5-e84af87fe92d', VER_NBR=1, UPDATEID='admin', UPDATETIME=TIMESTAMP '2014-02-06 11:03:35.263', LUI_CD='', DIVISION='', IDENT_LEVEL='', LNG_NAME='', LUI_ID='9936abc5-6275-4fb5-bd7a-8be1e033a951', ORGID='', SHRT_NAME='', LUI_ID_STATE='kuali.lui.identifier.state.active', SUFX_CD='', LUI_ID_TYPE='kuali.lui.identifier.type.official', VARTN='' where ID='052ebe5d-1a56-4370-b553-352b4b1a1a49' and VER_NBR=0
/
update KSEN_LUI set OBJ_ID='062c42d9-fc0a-4503-a99a-50275a169951', VER_NBR=3, UPDATEID='admin', UPDATETIME=TIMESTAMP '2014-02-06 11:03:35.263', ATP_ID='kuali.atp.2014Winter', CLU_ID='ef9d80d1-2429-49b7-af3c-ecadab6eb60f', EFF_DT='', EXPIR_DT='', DESCR_FORMATTED='Courses with lecture', LUI_STATE='kuali.lui.activity.offering.state.offered', LUI_TYPE='kuali.lui.type.activity.offering.lecture', MAX_SEATS=25, MIN_SEATS=25, NAME='Lecture', DESCR_PLAIN='Courses with lecture', REF_URL=null where ID='c9f58383-7171-4217-b9d1-1e3d0a33fb54' and VER_NBR=2
/
update KSEN_LUI_IDENT set OBJ_ID='a9b6c020-2297-4561-9de4-a5ae26590c9c', VER_NBR=3, UPDATEID='admin', UPDATETIME=TIMESTAMP '2014-02-06 11:03:35.263', LUI_CD='A', DIVISION='', IDENT_LEVEL='', LNG_NAME='', LUI_ID='c9f58383-7171-4217-b9d1-1e3d0a33fb54', ORGID='', SHRT_NAME='', LUI_ID_STATE='kuali.lui.identifier.state.active', SUFX_CD='', LUI_ID_TYPE='kuali.lui.identifier.type.official', VARTN='' where ID='b5676713-9c56-49b4-bf61-063870ad798d' and VER_NBR=2
/
update KSEN_LUI_LU_CD set OBJ_ID='81941f15-0153-4667-8d55-0521eed32ef1', VER_NBR=3, UPDATEID='admin', UPDATETIME=TIMESTAMP '2014-02-06 11:03:35.263', DESCR_FORMATTED='', LUI_ID='c9f58383-7171-4217-b9d1-1e3d0a33fb54', DESCR_PLAIN='', LUI_LUCD_TYPE='kuali.lu.code.honorsOffering', VALUE=0 where ID='4bc10db5-d706-42ec-89e0-3ee4603f0567' and VER_NBR=2
/
update KSEN_LUI set OBJ_ID='fccd0e35-3f98-4584-b94e-a748da8a702f', VER_NBR=2, UPDATEID='admin', UPDATETIME=TIMESTAMP '2014-02-06 11:03:35.263', ATP_ID='kuali.atp.2014Winter', CLU_ID='53f70802-c152-40a6-bbc8-51e9c0851622', EFF_DT='', EXPIR_DT='', DESCR_FORMATTED='Courses with Lecture only', LUI_STATE='kuali.lui.format.offering.state.offered', LUI_TYPE='kuali.lui.type.course.format.offering', MAX_SEATS='', MIN_SEATS='', NAME='Lecture Only', DESCR_PLAIN='Courses with Lecture only', REF_URL='' where ID='92cc41d8-c61f-47ca-aa3a-0c5fb91d5060' and VER_NBR=1
/
update KSEN_LUI_IDENT set OBJ_ID='abd77c02-b329-4bde-b48b-942affcd49a6', VER_NBR=2, UPDATEID='admin', UPDATETIME=TIMESTAMP '2014-02-06 11:03:35.263', LUI_CD='', DIVISION='', IDENT_LEVEL='', LNG_NAME='Lecture Only', LUI_ID='92cc41d8-c61f-47ca-aa3a-0c5fb91d5060', ORGID='', SHRT_NAME='LEC', LUI_ID_STATE='kuali.lui.identifier.state.active', SUFX_CD='', LUI_ID_TYPE='kuali.lui.identifier.type.official', VARTN='' where ID='1686d4f2-cff7-488d-b941-52dc9d0f562e' and VER_NBR=1
/
delete from KSEN_LUI_RELATED_LUI_TYPES where LUI_ID='92cc41d8-c61f-47ca-aa3a-0c5fb91d5060'
/
insert into KSEN_LUI_RELATED_LUI_TYPES (LUI_ID, RELATED_LUI_TYPE) values ('92cc41d8-c61f-47ca-aa3a-0c5fb91d5060', 'kuali.lui.type.activity.offering.lecture')
/
update KSEN_LUI set OBJ_ID='8567711e-62b1-4d5b-a051-7b7a4e471ff5', VER_NBR=2, UPDATEID='admin', UPDATETIME=TIMESTAMP '2014-02-06 11:03:35.263', ATP_ID='kuali.atp.2014Winter', CLU_ID='fb83fb33-973f-420d-aa79-252c47bcbf21', EFF_DT=TIMESTAMP '2014-01-02 00:00:00.0', EXPIR_DT='', DESCR_FORMATTED='An examination of women''s creative powers as expressed in selected examples of music, film, art, drama, poetry, fiction, and other literature. Explores women''s creativity in relation to families, religion, education, ethnicity, class, sexuality, and within a cultural tradition shaped by women.', LUI_STATE='kuali.lui.course.offering.state.offered', LUI_TYPE='kuali.lui.type.course.offering', MAX_SEATS='', MIN_SEATS='', NAME='WMST250 CO', DESCR_PLAIN='An examination of women''s creative powers as expressed in selected examples of music, film, art, drama, poetry, fiction, and other literature. Explores women''s creativity in relation to families, religion, education, ethnicity, class, sexuality, and within a cultural tradition shaped by women.', REF_URL=null where ID='05508b3d-3fdc-4763-a6a0-e1c1ba0f91d3' and VER_NBR=1
/
update KSEN_LUI_IDENT set OBJ_ID='ad0cfce9-b785-438d-b36b-819f148e67e8', VER_NBR=2, UPDATEID='admin', UPDATETIME=TIMESTAMP '2014-02-06 11:03:35.263', LUI_CD='WMST250', DIVISION='WMST', IDENT_LEVEL='', LNG_NAME='Introduction to Women''s Studies:  Women, Art and Culture', LUI_ID='05508b3d-3fdc-4763-a6a0-e1c1ba0f91d3', ORGID='', SHRT_NAME='', LUI_ID_STATE='kuali.lui.identifier.state.active', SUFX_CD='', LUI_ID_TYPE='kuali.lui.identifier.type.official', VARTN='' where ID='710c9cec-d4af-4005-a70c-3465e6e5d3d1' and VER_NBR=1
/
update KSEN_LUI_LU_CD set OBJ_ID='a6b71bb4-1dad-4832-9be0-fd4eb5eafd4b', VER_NBR=2, UPDATEID='admin', UPDATETIME=TIMESTAMP '2014-02-06 11:03:35.263', DESCR_FORMATTED='', LUI_ID='05508b3d-3fdc-4763-a6a0-e1c1ba0f91d3', DESCR_PLAIN='', LUI_LUCD_TYPE='kuali.lu.code.honorsOffering', VALUE='' where ID='e79c46b2-0797-4654-af91-69c51e976c04' and VER_NBR=1
/
delete from KSEN_LUI_UNITS_CONT_OWNER where LUI_ID='05508b3d-3fdc-4763-a6a0-e1c1ba0f91d3'
/
insert into KSEN_LUI_UNITS_CONT_OWNER (LUI_ID, ORG_ID) values ('05508b3d-3fdc-4763-a6a0-e1c1ba0f91d3', '4014660630')
/
delete from KSEN_LUI_RESULT_VAL_GRP where LUI_ID='05508b3d-3fdc-4763-a6a0-e1c1ba0f91d3'
/
insert into KSEN_LUI_RESULT_VAL_GRP (LUI_ID, RESULT_VAL_GRP_ID) values ('05508b3d-3fdc-4763-a6a0-e1c1ba0f91d3', 'kuali.creditType.credit.degree.3.0')
/
insert into KSEN_LUI_RESULT_VAL_GRP (LUI_ID, RESULT_VAL_GRP_ID) values ('05508b3d-3fdc-4763-a6a0-e1c1ba0f91d3', 'kuali.resultComponent.grade.audit')
/
insert into KSEN_LUI_RESULT_VAL_GRP (LUI_ID, RESULT_VAL_GRP_ID) values ('05508b3d-3fdc-4763-a6a0-e1c1ba0f91d3', 'kuali.resultComponent.grade.letter')
/
insert into KSEN_LUI_RESULT_VAL_GRP (LUI_ID, RESULT_VAL_GRP_ID) values ('05508b3d-3fdc-4763-a6a0-e1c1ba0f91d3', 'kuali.resultComponent.grade.passFail')
/
update KSEN_LUI set OBJ_ID='e158d9d0-e0a5-4122-b5a8-9eeeb1729d27', VER_NBR=1, UPDATEID='admin', UPDATETIME=TIMESTAMP '2014-02-06 11:03:35.263', ATP_ID='kuali.atp.2014Winter', CLU_ID='53f70802-c152-40a6-bbc8-51e9c0851622', EFF_DT='', EXPIR_DT='', DESCR_FORMATTED='1001', LUI_STATE='kuali.lui.registration.group.state.offered', LUI_TYPE='kuali.lui.type.registration.group', MAX_SEATS='', MIN_SEATS='', NAME='1001', DESCR_PLAIN='1001', REF_URL='' where ID='6f4c8642-c781-45f3-a1c9-dee28e8ba4dc' and VER_NBR=0
/
update KSEN_LUI_IDENT set OBJ_ID='2a705d4a-cc54-4b2c-ae10-16ac663c7bfc', VER_NBR=1, UPDATEID='admin', UPDATETIME=TIMESTAMP '2014-02-06 11:03:35.263', LUI_CD='', DIVISION='', IDENT_LEVEL='', LNG_NAME='', LUI_ID='6f4c8642-c781-45f3-a1c9-dee28e8ba4dc', ORGID='', SHRT_NAME='', LUI_ID_STATE='kuali.lui.identifier.state.active', SUFX_CD='', LUI_ID_TYPE='kuali.lui.identifier.type.official', VARTN='' where ID='fdf95525-4820-4fc6-a911-6e11475f7027' and VER_NBR=0
/
update KSEN_LUI set OBJ_ID='4614cb33-61bb-449b-b1b4-e14c56cb52e4', VER_NBR=3, UPDATEID='admin', UPDATETIME=TIMESTAMP '2014-02-06 11:03:35.263', ATP_ID='kuali.atp.2014Winter', CLU_ID='46190799-c191-458f-a242-7084e92ec5da', EFF_DT='', EXPIR_DT='', DESCR_FORMATTED='Courses with lecture', LUI_STATE='kuali.lui.activity.offering.state.offered', LUI_TYPE='kuali.lui.type.activity.offering.lecture', MAX_SEATS=20, MIN_SEATS=20, NAME='Lecture', DESCR_PLAIN='Courses with lecture', REF_URL=null where ID='7e907718-2675-4264-a758-4a20a8ee8155' and VER_NBR=2
/
update KSEN_LUI_IDENT set OBJ_ID='9b63ba50-72a8-4bc8-9267-7db11f82fee2', VER_NBR=3, UPDATEID='admin', UPDATETIME=TIMESTAMP '2014-02-06 11:03:35.263', LUI_CD='B', DIVISION='', IDENT_LEVEL='', LNG_NAME='', LUI_ID='7e907718-2675-4264-a758-4a20a8ee8155', ORGID='', SHRT_NAME='', LUI_ID_STATE='kuali.lui.identifier.state.active', SUFX_CD='', LUI_ID_TYPE='kuali.lui.identifier.type.official', VARTN='' where ID='9eb0f904-5667-4e8d-bb71-98b14ec42418' and VER_NBR=2
/
update KSEN_LUI_LU_CD set OBJ_ID='f9d56990-229e-475d-9f31-2b9cd99033a8', VER_NBR=3, UPDATEID='admin', UPDATETIME=TIMESTAMP '2014-02-06 11:03:35.263', DESCR_FORMATTED='', LUI_ID='7e907718-2675-4264-a758-4a20a8ee8155', DESCR_PLAIN='', LUI_LUCD_TYPE='kuali.lu.code.honorsOffering', VALUE=0 where ID='c1f93e6b-edc6-4d64-945c-d2deafe643f8' and VER_NBR=2
/
update KSEN_LUI set OBJ_ID='8f3d26fc-2276-47a9-85a9-019c77c648f1', VER_NBR=2, UPDATEID='admin', UPDATETIME=TIMESTAMP '2014-02-06 11:03:35.263', ATP_ID='kuali.atp.2014Winter', CLU_ID='2fb81cbf-36e1-4096-ae43-541d964af238', EFF_DT='', EXPIR_DT='', DESCR_FORMATTED='Courses with Lecture only', LUI_STATE='kuali.lui.format.offering.state.offered', LUI_TYPE='kuali.lui.type.course.format.offering', MAX_SEATS='', MIN_SEATS='', NAME='Lecture Only', DESCR_PLAIN='Courses with Lecture only', REF_URL='' where ID='9d9b4962-1e6a-41d5-979f-8c254a0098fc' and VER_NBR=1
/
update KSEN_LUI_IDENT set OBJ_ID='8832f23d-8e9e-42aa-9096-7dcdb27a4053', VER_NBR=2, UPDATEID='admin', UPDATETIME=TIMESTAMP '2014-02-06 11:03:35.263', LUI_CD='', DIVISION='', IDENT_LEVEL='', LNG_NAME='Lecture Only', LUI_ID='9d9b4962-1e6a-41d5-979f-8c254a0098fc', ORGID='', SHRT_NAME='LEC', LUI_ID_STATE='kuali.lui.identifier.state.active', SUFX_CD='', LUI_ID_TYPE='kuali.lui.identifier.type.official', VARTN='' where ID='9056315e-2ff7-46ef-9a0a-5917b75d8f86' and VER_NBR=1
/
delete from KSEN_LUI_RELATED_LUI_TYPES where LUI_ID='9d9b4962-1e6a-41d5-979f-8c254a0098fc'
/
insert into KSEN_LUI_RELATED_LUI_TYPES (LUI_ID, RELATED_LUI_TYPE) values ('9d9b4962-1e6a-41d5-979f-8c254a0098fc', 'kuali.lui.type.activity.offering.lecture')
/
update KSEN_LUI set OBJ_ID='a8aaffc8-21f7-412c-b31e-ffb61f7946f1', VER_NBR=2, UPDATEID='admin', UPDATETIME=TIMESTAMP '2014-02-06 11:03:35.263', ATP_ID='kuali.atp.2014Winter', CLU_ID='fbaef52c-442b-4761-85e7-5ab3b238c627', EFF_DT=TIMESTAMP '2014-01-02 00:00:00.0', EXPIR_DT='', DESCR_FORMATTED='Introduction to film as art form and how films create meaning. Basic film terminology; fundamental principles of film form, film narrative, and film history. Examination of film technique and style over past one hundred years. Social and economic functions of film within broader institutional, economic, and cultural contexts.', LUI_STATE='kuali.lui.course.offering.state.offered', LUI_TYPE='kuali.lui.type.course.offering', MAX_SEATS='', MIN_SEATS='', NAME='ENGL245 CO', DESCR_PLAIN='Introduction to film as art form and how films create meaning. Basic film terminology; fundamental principles of film form, film narrative, and film history. Examination of film technique and style over past one hundred years. Social and economic functions of film within broader institutional, economic, and cultural contexts.', REF_URL=null where ID='a73deca1-cd0f-408a-a120-079da612ffbb' and VER_NBR=1
/
update KSEN_LUI_IDENT set OBJ_ID='181435a6-48e3-48b7-9c76-d20dfa9cde1b', VER_NBR=2, UPDATEID='admin', UPDATETIME=TIMESTAMP '2014-02-06 11:03:35.263', LUI_CD='ENGL245', DIVISION='ENGL', IDENT_LEVEL='', LNG_NAME='Film Form and Culture', LUI_ID='a73deca1-cd0f-408a-a120-079da612ffbb', ORGID='', SHRT_NAME='', LUI_ID_STATE='kuali.lui.identifier.state.active', SUFX_CD='', LUI_ID_TYPE='kuali.lui.identifier.type.official', VARTN='' where ID='00ba3e25-c470-4047-ae44-b653504e19a5' and VER_NBR=1
/
update KSEN_LUI_LU_CD set OBJ_ID='70218b98-b49d-4740-a23e-b85f6a54eb63', VER_NBR=2, UPDATEID='admin', UPDATETIME=TIMESTAMP '2014-02-06 11:03:35.263', DESCR_FORMATTED='', LUI_ID='a73deca1-cd0f-408a-a120-079da612ffbb', DESCR_PLAIN='', LUI_LUCD_TYPE='kuali.lu.code.honorsOffering', VALUE='' where ID='4d84b030-79ae-455a-ae75-96c60d3ee1ac' and VER_NBR=1
/
delete from KSEN_LUI_UNITS_CONT_OWNER where LUI_ID='a73deca1-cd0f-408a-a120-079da612ffbb'
/
insert into KSEN_LUI_UNITS_CONT_OWNER (LUI_ID, ORG_ID) values ('a73deca1-cd0f-408a-a120-079da612ffbb', '2677933260')
/
delete from KSEN_LUI_RESULT_VAL_GRP where LUI_ID='a73deca1-cd0f-408a-a120-079da612ffbb'
/
insert into KSEN_LUI_RESULT_VAL_GRP (LUI_ID, RESULT_VAL_GRP_ID) values ('a73deca1-cd0f-408a-a120-079da612ffbb', 'kuali.creditType.credit.degree.3.0')
/
insert into KSEN_LUI_RESULT_VAL_GRP (LUI_ID, RESULT_VAL_GRP_ID) values ('a73deca1-cd0f-408a-a120-079da612ffbb', 'kuali.resultComponent.grade.audit')
/
insert into KSEN_LUI_RESULT_VAL_GRP (LUI_ID, RESULT_VAL_GRP_ID) values ('a73deca1-cd0f-408a-a120-079da612ffbb', 'kuali.resultComponent.grade.letter')
/
insert into KSEN_LUI_RESULT_VAL_GRP (LUI_ID, RESULT_VAL_GRP_ID) values ('a73deca1-cd0f-408a-a120-079da612ffbb', 'kuali.resultComponent.grade.passFail')
/
update KSEN_LUI set OBJ_ID='51c6909b-2536-49f3-a7c8-63a6d22de914', VER_NBR=1, UPDATEID='admin', UPDATETIME=TIMESTAMP '2014-02-06 11:03:35.263', ATP_ID='kuali.atp.2014Winter', CLU_ID='2fb81cbf-36e1-4096-ae43-541d964af238', EFF_DT='', EXPIR_DT='', DESCR_FORMATTED='1002', LUI_STATE='kuali.lui.registration.group.state.offered', LUI_TYPE='kuali.lui.type.registration.group', MAX_SEATS='', MIN_SEATS='', NAME='1002', DESCR_PLAIN='1002', REF_URL='' where ID='26fcd9ac-2906-4e0f-b5f5-5f884f75265c' and VER_NBR=0
/
update KSEN_LUI_IDENT set OBJ_ID='18040f13-8cd2-463e-bcbb-46cc767623ea', VER_NBR=1, UPDATEID='admin', UPDATETIME=TIMESTAMP '2014-02-06 11:03:35.263', LUI_CD='', DIVISION='', IDENT_LEVEL='', LNG_NAME='', LUI_ID='26fcd9ac-2906-4e0f-b5f5-5f884f75265c', ORGID='', SHRT_NAME='', LUI_ID_STATE='kuali.lui.identifier.state.active', SUFX_CD='', LUI_ID_TYPE='kuali.lui.identifier.type.official', VARTN='' where ID='5197198e-86b0-4510-b7cb-389e76d1d72e' and VER_NBR=0
/
update KSEN_LUI set OBJ_ID='bb6d3d6e-7bec-4eb1-b953-b433f5afe233', VER_NBR=3, UPDATEID='admin', UPDATETIME=TIMESTAMP '2014-02-06 11:03:35.263', ATP_ID='kuali.atp.2014Winter', CLU_ID='4134e3cc-9ba5-47e0-a834-99ae05582b4f', EFF_DT='', EXPIR_DT='', DESCR_FORMATTED='Courses with lecture', LUI_STATE='kuali.lui.activity.offering.state.offered', LUI_TYPE='kuali.lui.type.activity.offering.lecture', MAX_SEATS=25, MIN_SEATS=25, NAME='Lecture', DESCR_PLAIN='Courses with lecture', REF_URL=null where ID='8fc82803-b15e-4519-8401-a91c7586abd0' and VER_NBR=2
/
update KSEN_LUI_IDENT set OBJ_ID='1648f096-4807-48d8-bc05-9c6a3283130b', VER_NBR=3, UPDATEID='admin', UPDATETIME=TIMESTAMP '2014-02-06 11:03:35.263', LUI_CD='A', DIVISION='', IDENT_LEVEL='', LNG_NAME='', LUI_ID='8fc82803-b15e-4519-8401-a91c7586abd0', ORGID='', SHRT_NAME='', LUI_ID_STATE='kuali.lui.identifier.state.active', SUFX_CD='', LUI_ID_TYPE='kuali.lui.identifier.type.official', VARTN='' where ID='e166be65-6cee-4786-b7c7-f0286370693b' and VER_NBR=2
/
update KSEN_LUI_LU_CD set OBJ_ID='a63c6058-9ac5-466f-a220-7cb7760e4582', VER_NBR=3, UPDATEID='admin', UPDATETIME=TIMESTAMP '2014-02-06 11:03:35.263', DESCR_FORMATTED='', LUI_ID='8fc82803-b15e-4519-8401-a91c7586abd0', DESCR_PLAIN='', LUI_LUCD_TYPE='kuali.lu.code.honorsOffering', VALUE=0 where ID='d2ee0fac-bb5b-43ef-b1ab-46693e833d39' and VER_NBR=2
/
update KSEN_LUI set OBJ_ID='1fdb8d9f-1ff6-4990-b7d4-147f265f8b91', VER_NBR=2, UPDATEID='admin', UPDATETIME=TIMESTAMP '2014-02-06 11:03:35.263', ATP_ID='kuali.atp.2014Winter', CLU_ID='190b475a-475d-4246-a23d-6e260996a916', EFF_DT='', EXPIR_DT='', DESCR_FORMATTED='Courses with Lecture only', LUI_STATE='kuali.lui.format.offering.state.offered', LUI_TYPE='kuali.lui.type.course.format.offering', MAX_SEATS='', MIN_SEATS='', NAME='Lecture Only', DESCR_PLAIN='Courses with Lecture only', REF_URL='' where ID='cec45179-aae4-49f6-ae90-253cd147590d' and VER_NBR=1
/
update KSEN_LUI_IDENT set OBJ_ID='70336594-6595-4c8d-a586-1360e23d7296', VER_NBR=2, UPDATEID='admin', UPDATETIME=TIMESTAMP '2014-02-06 11:03:35.263', LUI_CD='', DIVISION='', IDENT_LEVEL='', LNG_NAME='Lecture Only', LUI_ID='cec45179-aae4-49f6-ae90-253cd147590d', ORGID='', SHRT_NAME='LEC', LUI_ID_STATE='kuali.lui.identifier.state.active', SUFX_CD='', LUI_ID_TYPE='kuali.lui.identifier.type.official', VARTN='' where ID='e9c06a3b-e102-4df3-aad3-ed8953bc0da9' and VER_NBR=1
/
delete from KSEN_LUI_RELATED_LUI_TYPES where LUI_ID='cec45179-aae4-49f6-ae90-253cd147590d'
/
insert into KSEN_LUI_RELATED_LUI_TYPES (LUI_ID, RELATED_LUI_TYPE) values ('cec45179-aae4-49f6-ae90-253cd147590d', 'kuali.lui.type.activity.offering.lecture')
/
update KSEN_LUI set OBJ_ID='140992d2-0b29-4a2c-86c2-e1b12504c9f0', VER_NBR=2, UPDATEID='admin', UPDATETIME=TIMESTAMP '2014-02-06 11:03:35.263', ATP_ID='kuali.atp.2014Winter', CLU_ID='CLUID-ENGL329-201008000000', EFF_DT=TIMESTAMP '2014-01-02 00:00:00.0', EXPIR_DT='', DESCR_FORMATTED='Studies in various periods and genres of film.', LUI_STATE='kuali.lui.course.offering.state.offered', LUI_TYPE='kuali.lui.type.course.offering', MAX_SEATS='', MIN_SEATS='', NAME='ENGL329B CO', DESCR_PLAIN='Studies in various periods and genres of film.', REF_URL=null where ID='2819488d-0c08-4070-bb3d-b9bf7d78001c' and VER_NBR=1
/
update KSEN_LUI_IDENT set OBJ_ID='4fefb974-e0b9-458f-b044-e64064b65d45', VER_NBR=2, UPDATEID='admin', UPDATETIME=TIMESTAMP '2014-02-06 11:03:35.263', LUI_CD='ENGL329B', DIVISION='ENGL', IDENT_LEVEL='', LNG_NAME='Special Topics in Film Studies', LUI_ID='2819488d-0c08-4070-bb3d-b9bf7d78001c', ORGID='', SHRT_NAME='', LUI_ID_STATE='kuali.lui.identifier.state.active', SUFX_CD='B', LUI_ID_TYPE='kuali.lui.identifier.type.official', VARTN='' where ID='bc42d9d7-8e22-459f-a5bb-277db7aa68e3' and VER_NBR=1
/
update KSEN_LUI_LU_CD set OBJ_ID='aa8f3c95-2e9b-4ba2-9f08-69607aef0086', VER_NBR=2, UPDATEID='admin', UPDATETIME=TIMESTAMP '2014-02-06 11:03:35.263', DESCR_FORMATTED='', LUI_ID='2819488d-0c08-4070-bb3d-b9bf7d78001c', DESCR_PLAIN='', LUI_LUCD_TYPE='kuali.lu.code.honorsOffering', VALUE='' where ID='87415f3d-0ed2-4fee-a7ec-cbfe7b03943a' and VER_NBR=1
/
delete from KSEN_LUI_UNITS_CONT_OWNER where LUI_ID='2819488d-0c08-4070-bb3d-b9bf7d78001c'
/
insert into KSEN_LUI_UNITS_CONT_OWNER (LUI_ID, ORG_ID) values ('2819488d-0c08-4070-bb3d-b9bf7d78001c', '2677933260')
/
delete from KSEN_LUI_RESULT_VAL_GRP where LUI_ID='2819488d-0c08-4070-bb3d-b9bf7d78001c'
/
insert into KSEN_LUI_RESULT_VAL_GRP (LUI_ID, RESULT_VAL_GRP_ID) values ('2819488d-0c08-4070-bb3d-b9bf7d78001c', 'kuali.creditType.credit.degree.3.0')
/
insert into KSEN_LUI_RESULT_VAL_GRP (LUI_ID, RESULT_VAL_GRP_ID) values ('2819488d-0c08-4070-bb3d-b9bf7d78001c', 'kuali.resultComponent.grade.audit')
/
insert into KSEN_LUI_RESULT_VAL_GRP (LUI_ID, RESULT_VAL_GRP_ID) values ('2819488d-0c08-4070-bb3d-b9bf7d78001c', 'kuali.resultComponent.grade.letter')
/
insert into KSEN_LUI_RESULT_VAL_GRP (LUI_ID, RESULT_VAL_GRP_ID) values ('2819488d-0c08-4070-bb3d-b9bf7d78001c', 'kuali.resultComponent.grade.passFail')
/
update KSEN_LUI set OBJ_ID='66528460-5bad-400e-aa87-f1724e21d8f3', VER_NBR=1, UPDATEID='admin', UPDATETIME=TIMESTAMP '2014-02-06 11:03:35.263', ATP_ID='kuali.atp.2014Winter', CLU_ID='190b475a-475d-4246-a23d-6e260996a916', EFF_DT='', EXPIR_DT='', DESCR_FORMATTED='1001', LUI_STATE='kuali.lui.registration.group.state.offered', LUI_TYPE='kuali.lui.type.registration.group', MAX_SEATS='', MIN_SEATS='', NAME='1001', DESCR_PLAIN='1001', REF_URL='' where ID='8216b022-7dd0-415d-bd63-0454862a56f7' and VER_NBR=0
/
update KSEN_LUI_IDENT set OBJ_ID='e032a87d-2f77-45be-9795-b0267848cb55', VER_NBR=1, UPDATEID='admin', UPDATETIME=TIMESTAMP '2014-02-06 11:03:35.263', LUI_CD='', DIVISION='', IDENT_LEVEL='', LNG_NAME='', LUI_ID='8216b022-7dd0-415d-bd63-0454862a56f7', ORGID='', SHRT_NAME='', LUI_ID_STATE='kuali.lui.identifier.state.active', SUFX_CD='', LUI_ID_TYPE='kuali.lui.identifier.type.official', VARTN='' where ID='a4bb1b08-7efd-4ebc-8a48-4e71a05239c1' and VER_NBR=0
/
update KSEN_LUI set OBJ_ID='26c968e5-e626-480f-b73d-1578a97f2b0d', VER_NBR=3, UPDATEID='admin', UPDATETIME=TIMESTAMP '2014-02-06 11:03:35.263', ATP_ID='kuali.atp.2014Winter', CLU_ID='9a7b3050-799a-43e0-8a19-535717f3e32d', EFF_DT='', EXPIR_DT='', DESCR_FORMATTED='Courses with lecture', LUI_STATE='kuali.lui.activity.offering.state.offered', LUI_TYPE='kuali.lui.type.activity.offering.lecture', MAX_SEATS=40, MIN_SEATS=40, NAME='Lecture', DESCR_PLAIN='Courses with lecture', REF_URL=null where ID='4a7b5a65-94ee-4e46-8555-2d4dd0b8bec6' and VER_NBR=2
/
update KSEN_LUI_IDENT set OBJ_ID='f19d5b57-0083-4574-8c1c-84c58a4f5172', VER_NBR=3, UPDATEID='admin', UPDATETIME=TIMESTAMP '2014-02-06 11:03:35.263', LUI_CD='A', DIVISION='', IDENT_LEVEL='', LNG_NAME='', LUI_ID='4a7b5a65-94ee-4e46-8555-2d4dd0b8bec6', ORGID='', SHRT_NAME='', LUI_ID_STATE='kuali.lui.identifier.state.active', SUFX_CD='', LUI_ID_TYPE='kuali.lui.identifier.type.official', VARTN='' where ID='03da5cde-bba3-4aab-a7b9-a18da4a869e8' and VER_NBR=2
/
update KSEN_LUI_LU_CD set OBJ_ID='ad1d358f-b006-4a1d-86cc-ede778e16308', VER_NBR=3, UPDATEID='admin', UPDATETIME=TIMESTAMP '2014-02-06 11:03:35.263', DESCR_FORMATTED='', LUI_ID='4a7b5a65-94ee-4e46-8555-2d4dd0b8bec6', DESCR_PLAIN='', LUI_LUCD_TYPE='kuali.lu.code.honorsOffering', VALUE=0 where ID='4307bada-3f20-47ac-898b-abc552bd94b3' and VER_NBR=2
/
update KSEN_LUI set OBJ_ID='f96b38f0-f5e8-4913-af29-1d006cb19276', VER_NBR=2, UPDATEID='admin', UPDATETIME=TIMESTAMP '2014-02-06 11:03:35.263', ATP_ID='kuali.atp.2014Winter', CLU_ID='f534f531-03b9-418f-996c-8eb89a2e1af8', EFF_DT='', EXPIR_DT='', DESCR_FORMATTED='Courses with Lecture only', LUI_STATE='kuali.lui.format.offering.state.offered', LUI_TYPE='kuali.lui.type.course.format.offering', MAX_SEATS='', MIN_SEATS='', NAME='Lecture Only', DESCR_PLAIN='Courses with Lecture only', REF_URL='' where ID='8117be8a-38b8-4e6c-adec-690dd41b31c7' and VER_NBR=1
/
update KSEN_LUI_IDENT set OBJ_ID='b6507807-1d25-427d-a2e7-ca2aa96d928f', VER_NBR=2, UPDATEID='admin', UPDATETIME=TIMESTAMP '2014-02-06 11:03:35.263', LUI_CD='', DIVISION='', IDENT_LEVEL='', LNG_NAME='Lecture Only', LUI_ID='8117be8a-38b8-4e6c-adec-690dd41b31c7', ORGID='', SHRT_NAME='LEC', LUI_ID_STATE='kuali.lui.identifier.state.active', SUFX_CD='', LUI_ID_TYPE='kuali.lui.identifier.type.official', VARTN='' where ID='71a0c8b6-650e-4f59-a1ba-3d943d459cf8' and VER_NBR=1
/
delete from KSEN_LUI_RELATED_LUI_TYPES where LUI_ID='8117be8a-38b8-4e6c-adec-690dd41b31c7'
/
insert into KSEN_LUI_RELATED_LUI_TYPES (LUI_ID, RELATED_LUI_TYPE) values ('8117be8a-38b8-4e6c-adec-690dd41b31c7', 'kuali.lui.type.activity.offering.lecture')
/
update KSEN_LUI set OBJ_ID='e43b3ef6-b680-4e99-9ce4-d7617aa8f09f', VER_NBR=2, UPDATEID='admin', UPDATETIME=TIMESTAMP '2014-02-06 11:03:35.263', ATP_ID='kuali.atp.2014Winter', CLU_ID='edc7c6fb-651a-4c4e-a905-fcacf3a04c76', EFF_DT=TIMESTAMP '2014-01-02 00:00:00.0', EXPIR_DT='', DESCR_FORMATTED='Twentieth century U.S. civil rights movement from the vantage point of women, considering both women''s involvement in the legal campaigns and political protests and the impact of civil rights struggles on women''s condiition, status, and identity.', LUI_STATE='kuali.lui.course.offering.state.offered', LUI_TYPE='kuali.lui.type.course.offering', MAX_SEATS='', MIN_SEATS='', NAME='HIST360 CO', DESCR_PLAIN='Twentieth century U.S. civil rights movement from the vantage point of women, considering both women''s involvement in the legal campaigns and political protests and the impact of civil rights struggles on women''s condiition, status, and identity.', REF_URL=null where ID='65e0984c-a736-4572-b2b4-da7cb7d9530b' and VER_NBR=1
/
update KSEN_LUI_IDENT set OBJ_ID='a7e37936-9519-4d7c-a316-33d6c7644c80', VER_NBR=2, UPDATEID='admin', UPDATETIME=TIMESTAMP '2014-02-06 11:03:35.263', LUI_CD='HIST360', DIVISION='HIST', IDENT_LEVEL='', LNG_NAME='Women and the Civil Rights Movement', LUI_ID='65e0984c-a736-4572-b2b4-da7cb7d9530b', ORGID='', SHRT_NAME='', LUI_ID_STATE='kuali.lui.identifier.state.active', SUFX_CD='', LUI_ID_TYPE='kuali.lui.identifier.type.official', VARTN='' where ID='413a1af3-2e6b-45e7-9098-846ee085d25d' and VER_NBR=1
/
update KSEN_LUI_LU_CD set OBJ_ID='d978bd3a-9cd9-4db4-9fbb-4852e21d1d4c', VER_NBR=2, UPDATEID='admin', UPDATETIME=TIMESTAMP '2014-02-06 11:03:35.263', DESCR_FORMATTED='', LUI_ID='65e0984c-a736-4572-b2b4-da7cb7d9530b', DESCR_PLAIN='', LUI_LUCD_TYPE='kuali.lu.code.honorsOffering', VALUE='' where ID='5b9264b7-c336-4a72-882e-c273dfe0add9' and VER_NBR=1
/
delete from KSEN_LUI_UNITS_CONT_OWNER where LUI_ID='65e0984c-a736-4572-b2b4-da7cb7d9530b'
/
insert into KSEN_LUI_UNITS_CONT_OWNER (LUI_ID, ORG_ID) values ('65e0984c-a736-4572-b2b4-da7cb7d9530b', '3213375036')
/
delete from KSEN_LUI_RESULT_VAL_GRP where LUI_ID='65e0984c-a736-4572-b2b4-da7cb7d9530b'
/
insert into KSEN_LUI_RESULT_VAL_GRP (LUI_ID, RESULT_VAL_GRP_ID) values ('65e0984c-a736-4572-b2b4-da7cb7d9530b', 'kuali.creditType.credit.degree.3.0')
/
insert into KSEN_LUI_RESULT_VAL_GRP (LUI_ID, RESULT_VAL_GRP_ID) values ('65e0984c-a736-4572-b2b4-da7cb7d9530b', 'kuali.resultComponent.grade.audit')
/
insert into KSEN_LUI_RESULT_VAL_GRP (LUI_ID, RESULT_VAL_GRP_ID) values ('65e0984c-a736-4572-b2b4-da7cb7d9530b', 'kuali.resultComponent.grade.letter')
/
insert into KSEN_LUI_RESULT_VAL_GRP (LUI_ID, RESULT_VAL_GRP_ID) values ('65e0984c-a736-4572-b2b4-da7cb7d9530b', 'kuali.resultComponent.grade.passFail')
/
update KSEN_LUI set OBJ_ID='8fdea443-c01b-41bf-b74e-306a25335942', VER_NBR=1, UPDATEID='admin', UPDATETIME=TIMESTAMP '2014-02-06 11:03:35.263', ATP_ID='kuali.atp.2014Winter', CLU_ID='f534f531-03b9-418f-996c-8eb89a2e1af8', EFF_DT='', EXPIR_DT='', DESCR_FORMATTED='1001', LUI_STATE='kuali.lui.registration.group.state.offered', LUI_TYPE='kuali.lui.type.registration.group', MAX_SEATS='', MIN_SEATS='', NAME='1001', DESCR_PLAIN='1001', REF_URL='' where ID='2ace01f4-a796-49fb-aba5-666b5db1dc2c' and VER_NBR=0
/
update KSEN_LUI_IDENT set OBJ_ID='e5b4e9ba-5704-47bb-b5c4-fd7c6d6f2d67', VER_NBR=1, UPDATEID='admin', UPDATETIME=TIMESTAMP '2014-02-06 11:03:35.263', LUI_CD='', DIVISION='', IDENT_LEVEL='', LNG_NAME='', LUI_ID='2ace01f4-a796-49fb-aba5-666b5db1dc2c', ORGID='', SHRT_NAME='', LUI_ID_STATE='kuali.lui.identifier.state.active', SUFX_CD='', LUI_ID_TYPE='kuali.lui.identifier.type.official', VARTN='' where ID='90969b3f-a2f0-40e0-a582-0552984d7784' and VER_NBR=0
/
update KSEN_LUI set OBJ_ID='d419624a-1c4d-4708-9fbf-c2e932de7711', VER_NBR=3, UPDATEID='admin', UPDATETIME=TIMESTAMP '2014-02-06 11:03:35.263', ATP_ID='kuali.atp.2014Winter', CLU_ID='6138a014-70d6-4716-a817-d096d4c79371', EFF_DT='', EXPIR_DT='', DESCR_FORMATTED='Courses with lab', LUI_STATE='kuali.lui.activity.offering.state.offered', LUI_TYPE='kuali.lui.type.activity.offering.lab', MAX_SEATS=24, MIN_SEATS=24, NAME='Lab', DESCR_PLAIN='Courses with lab', REF_URL=null where ID='301d5a33-c0b0-43ec-8eca-8d42fdcd540c' and VER_NBR=2
/
update KSEN_LUI_IDENT set OBJ_ID='fcee7858-b5fe-4757-a86e-f61ed82581c1', VER_NBR=3, UPDATEID='admin', UPDATETIME=TIMESTAMP '2014-02-06 11:03:35.263', LUI_CD='F', DIVISION='', IDENT_LEVEL='', LNG_NAME='', LUI_ID='301d5a33-c0b0-43ec-8eca-8d42fdcd540c', ORGID='', SHRT_NAME='', LUI_ID_STATE='kuali.lui.identifier.state.active', SUFX_CD='', LUI_ID_TYPE='kuali.lui.identifier.type.official', VARTN='' where ID='1713f705-b738-4fe8-9fe2-8727fd387591' and VER_NBR=2
/
update KSEN_LUI_LU_CD set OBJ_ID='400e269d-2233-494f-ab22-87ffe8f1b24e', VER_NBR=3, UPDATEID='admin', UPDATETIME=TIMESTAMP '2014-02-06 11:03:35.263', DESCR_FORMATTED='', LUI_ID='301d5a33-c0b0-43ec-8eca-8d42fdcd540c', DESCR_PLAIN='', LUI_LUCD_TYPE='kuali.lu.code.honorsOffering', VALUE=0 where ID='8893c511-79b7-4e98-a00c-e03157fb0565' and VER_NBR=2
/
update KSEN_LUI set OBJ_ID='3e0b8fc5-a7b7-4830-9cbd-878b3254a37d', VER_NBR=3, UPDATEID='admin', UPDATETIME=TIMESTAMP '2014-02-06 11:03:35.263', ATP_ID='kuali.atp.2014Winter', CLU_ID='0843b8ef-6b97-4c97-a26b-11cbfbad831f', EFF_DT='', EXPIR_DT='', DESCR_FORMATTED='Courses with lecture', LUI_STATE='kuali.lui.activity.offering.state.offered', LUI_TYPE='kuali.lui.type.activity.offering.lecture', MAX_SEATS=30, MIN_SEATS=30, NAME='Lecture', DESCR_PLAIN='Courses with lecture', REF_URL=null where ID='d1754b4c-8254-441f-9752-a008ee4ef3a7' and VER_NBR=2
/
update KSEN_LUI_IDENT set OBJ_ID='ea102bbf-9a8c-4f7b-80d4-847974434cde', VER_NBR=3, UPDATEID='admin', UPDATETIME=TIMESTAMP '2014-02-06 11:03:35.263', LUI_CD='A', DIVISION='', IDENT_LEVEL='', LNG_NAME='', LUI_ID='d1754b4c-8254-441f-9752-a008ee4ef3a7', ORGID='', SHRT_NAME='', LUI_ID_STATE='kuali.lui.identifier.state.active', SUFX_CD='', LUI_ID_TYPE='kuali.lui.identifier.type.official', VARTN='' where ID='6e69034b-360f-419f-81cb-f77a350a814a' and VER_NBR=2
/
update KSEN_LUI_LU_CD set OBJ_ID='130cb85c-2a35-461e-9faf-123427309962', VER_NBR=3, UPDATEID='admin', UPDATETIME=TIMESTAMP '2014-02-06 11:03:35.263', DESCR_FORMATTED='', LUI_ID='d1754b4c-8254-441f-9752-a008ee4ef3a7', DESCR_PLAIN='', LUI_LUCD_TYPE='kuali.lu.code.honorsOffering', VALUE=0 where ID='1c136474-b907-41e6-a97a-c0dc1153b186' and VER_NBR=2
/
update KSEN_LUI set OBJ_ID='39a42270-da49-46bf-ad47-3ed7ae467382', VER_NBR=2, UPDATEID='admin', UPDATETIME=TIMESTAMP '2014-02-06 11:03:35.263', ATP_ID='kuali.atp.2014Winter', CLU_ID='46d57760-5695-452e-9789-e0ecb8704e76', EFF_DT='', EXPIR_DT='', DESCR_FORMATTED='Courses with Lecture only', LUI_STATE='kuali.lui.format.offering.state.offered', LUI_TYPE='kuali.lui.type.course.format.offering', MAX_SEATS='', MIN_SEATS='', NAME='Lecture Only', DESCR_PLAIN='Courses with Lecture only', REF_URL='' where ID='2ec5f9d0-a2ef-4e7f-979e-8ca14eec2369' and VER_NBR=1
/
update KSEN_LUI_IDENT set OBJ_ID='036b9a88-d61e-460e-b208-891fff8bc746', VER_NBR=2, UPDATEID='admin', UPDATETIME=TIMESTAMP '2014-02-06 11:03:35.263', LUI_CD='', DIVISION='', IDENT_LEVEL='', LNG_NAME='Lecture Only', LUI_ID='2ec5f9d0-a2ef-4e7f-979e-8ca14eec2369', ORGID='', SHRT_NAME='LEC', LUI_ID_STATE='kuali.lui.identifier.state.active', SUFX_CD='', LUI_ID_TYPE='kuali.lui.identifier.type.official', VARTN='' where ID='7006b0b4-2722-43ba-b534-c8df77362148' and VER_NBR=1
/
delete from KSEN_LUI_RELATED_LUI_TYPES where LUI_ID='2ec5f9d0-a2ef-4e7f-979e-8ca14eec2369'
/
insert into KSEN_LUI_RELATED_LUI_TYPES (LUI_ID, RELATED_LUI_TYPE) values ('2ec5f9d0-a2ef-4e7f-979e-8ca14eec2369', 'kuali.lui.type.activity.offering.lecture')
/
update KSEN_LUI set OBJ_ID='a3ff0164-3eab-48e4-9524-78b080fe7538', VER_NBR=2, UPDATEID='admin', UPDATETIME=TIMESTAMP '2014-02-06 11:03:35.263', ATP_ID='kuali.atp.2014Winter', CLU_ID='CLUID-CHEM640-198708000000', EFF_DT=TIMESTAMP '2014-01-02 00:00:00.0', EXPIR_DT='', DESCR_FORMATTED='A tutorial type course dealing with the basic description of the fundamentals of writing organic reaction mechanisms.', LUI_STATE='kuali.lui.course.offering.state.offered', LUI_TYPE='kuali.lui.type.course.offering', MAX_SEATS='', MIN_SEATS='', NAME='CHEM640 CO', DESCR_PLAIN='A tutorial type course dealing with the basic description of the fundamentals of writing organic reaction mechanisms.', REF_URL=null where ID='020da075-2ae1-47ca-8a8e-6d3860eb5207' and VER_NBR=1
/
update KSEN_LUI_IDENT set OBJ_ID='0abf6fc7-bf81-4bb8-bf88-fddf2c980c3c', VER_NBR=2, UPDATEID='admin', UPDATETIME=TIMESTAMP '2014-02-06 11:03:35.263', LUI_CD='CHEM640', DIVISION='CHEM', IDENT_LEVEL='', LNG_NAME='Problems in Organic Reaction Mechanisms', LUI_ID='020da075-2ae1-47ca-8a8e-6d3860eb5207', ORGID='', SHRT_NAME='', LUI_ID_STATE='kuali.lui.identifier.state.active', SUFX_CD='', LUI_ID_TYPE='kuali.lui.identifier.type.official', VARTN='' where ID='2d192dfb-620b-49c7-bb1d-0161a8278046' and VER_NBR=1
/
update KSEN_LUI_LU_CD set OBJ_ID='53cc0463-a133-4a5a-975a-7fecb2eeec2c', VER_NBR=2, UPDATEID='admin', UPDATETIME=TIMESTAMP '2014-02-06 11:03:35.263', DESCR_FORMATTED='', LUI_ID='020da075-2ae1-47ca-8a8e-6d3860eb5207', DESCR_PLAIN='', LUI_LUCD_TYPE='kuali.lu.code.honorsOffering', VALUE='' where ID='105f5430-6c1b-4242-a521-38988542142f' and VER_NBR=1
/
delete from KSEN_LUI_UNITS_CONT_OWNER where LUI_ID='020da075-2ae1-47ca-8a8e-6d3860eb5207'
/
insert into KSEN_LUI_UNITS_CONT_OWNER (LUI_ID, ORG_ID) values ('020da075-2ae1-47ca-8a8e-6d3860eb5207', '4284516367')
/
delete from KSEN_LUI_RESULT_VAL_GRP where LUI_ID='020da075-2ae1-47ca-8a8e-6d3860eb5207'
/
insert into KSEN_LUI_RESULT_VAL_GRP (LUI_ID, RESULT_VAL_GRP_ID) values ('020da075-2ae1-47ca-8a8e-6d3860eb5207', 'kuali.creditType.credit.degree.1.0')
/
insert into KSEN_LUI_RESULT_VAL_GRP (LUI_ID, RESULT_VAL_GRP_ID) values ('020da075-2ae1-47ca-8a8e-6d3860eb5207', 'kuali.resultComponent.grade.audit')
/
insert into KSEN_LUI_RESULT_VAL_GRP (LUI_ID, RESULT_VAL_GRP_ID) values ('020da075-2ae1-47ca-8a8e-6d3860eb5207', 'kuali.resultComponent.grade.letter')
/
update KSEN_LUI set OBJ_ID='cd9b88c5-fbaa-41d4-bdb1-1b179560a593', VER_NBR=1, UPDATEID='admin', UPDATETIME=TIMESTAMP '2014-02-06 11:03:35.263', ATP_ID='kuali.atp.2014Winter', CLU_ID='46d57760-5695-452e-9789-e0ecb8704e76', EFF_DT='', EXPIR_DT='', DESCR_FORMATTED='1001', LUI_STATE='kuali.lui.registration.group.state.offered', LUI_TYPE='kuali.lui.type.registration.group', MAX_SEATS='', MIN_SEATS='', NAME='1001', DESCR_PLAIN='1001', REF_URL='' where ID='d9de16c9-9575-468b-bd6f-6c3d7603252e' and VER_NBR=0
/
update KSEN_LUI_IDENT set OBJ_ID='63059588-50bf-4653-9bda-87af7f681773', VER_NBR=1, UPDATEID='admin', UPDATETIME=TIMESTAMP '2014-02-06 11:03:35.263', LUI_CD='', DIVISION='', IDENT_LEVEL='', LNG_NAME='', LUI_ID='d9de16c9-9575-468b-bd6f-6c3d7603252e', ORGID='', SHRT_NAME='', LUI_ID_STATE='kuali.lui.identifier.state.active', SUFX_CD='', LUI_ID_TYPE='kuali.lui.identifier.type.official', VARTN='' where ID='0f7333f9-2bcf-4c38-8a60-d7e6fdbe5cb1' and VER_NBR=0
/
update KSEN_LUI set OBJ_ID='cb302722-3e25-4409-9898-60cf13e4c2bb', VER_NBR=3, UPDATEID='admin', UPDATETIME=TIMESTAMP '2014-02-06 11:03:35.263', ATP_ID='kuali.atp.2014Winter', CLU_ID='c4eab8f6-4f3e-4561-ae1c-b40dd59c517f', EFF_DT='', EXPIR_DT='', DESCR_FORMATTED='Courses with lecture', LUI_STATE='kuali.lui.activity.offering.state.offered', LUI_TYPE='kuali.lui.type.activity.offering.lecture', MAX_SEATS=25, MIN_SEATS=25, NAME='Lecture', DESCR_PLAIN='Courses with lecture', REF_URL=null where ID='215c94dd-b78f-4086-83ba-a35636a1c292' and VER_NBR=2
/
update KSEN_LUI_IDENT set OBJ_ID='2b854300-83e9-4ba7-953b-7daad02a25fe', VER_NBR=3, UPDATEID='admin', UPDATETIME=TIMESTAMP '2014-02-06 11:03:35.263', LUI_CD='A', DIVISION='', IDENT_LEVEL='', LNG_NAME='', LUI_ID='215c94dd-b78f-4086-83ba-a35636a1c292', ORGID='', SHRT_NAME='', LUI_ID_STATE='kuali.lui.identifier.state.active', SUFX_CD='', LUI_ID_TYPE='kuali.lui.identifier.type.official', VARTN='' where ID='2f1961cf-6641-41de-9b28-85b5a2252f39' and VER_NBR=2
/
update KSEN_LUI_LU_CD set OBJ_ID='ea6a80e7-c9d6-46d3-bb38-d5c7d9defed3', VER_NBR=3, UPDATEID='admin', UPDATETIME=TIMESTAMP '2014-02-06 11:03:35.263', DESCR_FORMATTED='', LUI_ID='215c94dd-b78f-4086-83ba-a35636a1c292', DESCR_PLAIN='', LUI_LUCD_TYPE='kuali.lu.code.honorsOffering', VALUE=0 where ID='c11bbb69-5968-4ac9-bdc2-9f3b34782508' and VER_NBR=2
/
update KSEN_LUI set OBJ_ID='2b5e05e7-32d9-4f18-ac96-374bfec7a3e6', VER_NBR=2, UPDATEID='admin', UPDATETIME=TIMESTAMP '2014-02-06 11:03:35.263', ATP_ID='kuali.atp.2014Winter', CLU_ID='ed9e10ff-8739-40d0-83da-a2b92489e055', EFF_DT='', EXPIR_DT='', DESCR_FORMATTED='Courses with Lecture only', LUI_STATE='kuali.lui.format.offering.state.offered', LUI_TYPE='kuali.lui.type.course.format.offering', MAX_SEATS='', MIN_SEATS='', NAME='Lecture Only', DESCR_PLAIN='Courses with Lecture only', REF_URL='' where ID='6083fa0e-1c79-4e16-b46d-989f3f2e2c56' and VER_NBR=1
/
update KSEN_LUI_IDENT set OBJ_ID='0aed0685-4495-4d9f-b311-ffb68715b008', VER_NBR=2, UPDATEID='admin', UPDATETIME=TIMESTAMP '2014-02-06 11:03:35.263', LUI_CD='', DIVISION='', IDENT_LEVEL='', LNG_NAME='Lecture Only', LUI_ID='6083fa0e-1c79-4e16-b46d-989f3f2e2c56', ORGID='', SHRT_NAME='LEC', LUI_ID_STATE='kuali.lui.identifier.state.active', SUFX_CD='', LUI_ID_TYPE='kuali.lui.identifier.type.official', VARTN='' where ID='293977e2-7292-4a34-b2b9-7c5f08bab206' and VER_NBR=1
/
delete from KSEN_LUI_RELATED_LUI_TYPES where LUI_ID='6083fa0e-1c79-4e16-b46d-989f3f2e2c56'
/
insert into KSEN_LUI_RELATED_LUI_TYPES (LUI_ID, RELATED_LUI_TYPE) values ('6083fa0e-1c79-4e16-b46d-989f3f2e2c56', 'kuali.lui.type.activity.offering.lecture')
/
update KSEN_LUI set OBJ_ID='e5d4878f-fb99-42ba-b1fc-2b3d92f85c70', VER_NBR=2, UPDATEID='admin', UPDATETIME=TIMESTAMP '2014-02-06 11:03:35.263', ATP_ID='kuali.atp.2014Winter', CLU_ID='CLUID-ENGL278-198001000000', EFF_DT=TIMESTAMP '2014-01-02 00:00:00.0', EXPIR_DT='', DESCR_FORMATTED='', LUI_STATE='kuali.lui.course.offering.state.offered', LUI_TYPE='kuali.lui.type.course.offering', MAX_SEATS='', MIN_SEATS='', NAME='ENGL278E CO', DESCR_PLAIN='.', REF_URL=null where ID='60e9df8a-4c3c-44eb-8995-35b365be7f39' and VER_NBR=1
/
update KSEN_LUI_IDENT set OBJ_ID='49ec8a40-4374-441c-986b-0a9cd2b8fe37', VER_NBR=2, UPDATEID='admin', UPDATETIME=TIMESTAMP '2014-02-06 11:03:35.263', LUI_CD='ENGL278E', DIVISION='ENGL', IDENT_LEVEL='', LNG_NAME='Special Topics in Literature', LUI_ID='60e9df8a-4c3c-44eb-8995-35b365be7f39', ORGID='', SHRT_NAME='', LUI_ID_STATE='kuali.lui.identifier.state.active', SUFX_CD='E', LUI_ID_TYPE='kuali.lui.identifier.type.official', VARTN='' where ID='bcb99509-a2b0-400c-81f1-e6c239a6c896' and VER_NBR=1
/
update KSEN_LUI_LU_CD set OBJ_ID='2d583fce-3ffa-47ae-9293-8a64e4e6a024', VER_NBR=2, UPDATEID='admin', UPDATETIME=TIMESTAMP '2014-02-06 11:03:35.263', DESCR_FORMATTED='', LUI_ID='60e9df8a-4c3c-44eb-8995-35b365be7f39', DESCR_PLAIN='', LUI_LUCD_TYPE='kuali.lu.code.honorsOffering', VALUE='' where ID='cd997327-8f92-4b00-9d29-63a07fa881c9' and VER_NBR=1
/
delete from KSEN_LUI_UNITS_CONT_OWNER where LUI_ID='60e9df8a-4c3c-44eb-8995-35b365be7f39'
/
insert into KSEN_LUI_UNITS_CONT_OWNER (LUI_ID, ORG_ID) values ('60e9df8a-4c3c-44eb-8995-35b365be7f39', '2677933260')
/
delete from KSEN_LUI_RESULT_VAL_GRP where LUI_ID='60e9df8a-4c3c-44eb-8995-35b365be7f39'
/
insert into KSEN_LUI_RESULT_VAL_GRP (LUI_ID, RESULT_VAL_GRP_ID) values ('60e9df8a-4c3c-44eb-8995-35b365be7f39', 'kuali.creditType.credit.degree.3.0')
/
insert into KSEN_LUI_RESULT_VAL_GRP (LUI_ID, RESULT_VAL_GRP_ID) values ('60e9df8a-4c3c-44eb-8995-35b365be7f39', 'kuali.resultComponent.grade.audit')
/
insert into KSEN_LUI_RESULT_VAL_GRP (LUI_ID, RESULT_VAL_GRP_ID) values ('60e9df8a-4c3c-44eb-8995-35b365be7f39', 'kuali.resultComponent.grade.letter')
/
insert into KSEN_LUI_RESULT_VAL_GRP (LUI_ID, RESULT_VAL_GRP_ID) values ('60e9df8a-4c3c-44eb-8995-35b365be7f39', 'kuali.resultComponent.grade.passFail')
/
update KSEN_LUI set OBJ_ID='2cbd44e8-f857-4026-bf92-97c67e29329c', VER_NBR=1, UPDATEID='admin', UPDATETIME=TIMESTAMP '2014-02-06 11:03:35.263', ATP_ID='kuali.atp.2014Winter', CLU_ID='ed9e10ff-8739-40d0-83da-a2b92489e055', EFF_DT='', EXPIR_DT='', DESCR_FORMATTED='1001', LUI_STATE='kuali.lui.registration.group.state.offered', LUI_TYPE='kuali.lui.type.registration.group', MAX_SEATS='', MIN_SEATS='', NAME='1001', DESCR_PLAIN='1001', REF_URL='' where ID='5727f00f-0149-40fd-bd59-37cfb0e5329c' and VER_NBR=0
/
update KSEN_LUI_IDENT set OBJ_ID='a7de31f3-e400-49f9-bb48-f9afd24fe00e', VER_NBR=1, UPDATEID='admin', UPDATETIME=TIMESTAMP '2014-02-06 11:03:35.263', LUI_CD='', DIVISION='', IDENT_LEVEL='', LNG_NAME='', LUI_ID='5727f00f-0149-40fd-bd59-37cfb0e5329c', ORGID='', SHRT_NAME='', LUI_ID_STATE='kuali.lui.identifier.state.active', SUFX_CD='', LUI_ID_TYPE='kuali.lui.identifier.type.official', VARTN='' where ID='9402ff51-840a-4abf-b79a-e26b530c78e2' and VER_NBR=0
/
update KSEN_LUI set OBJ_ID='fd58c347-c276-4ea5-8ce4-f247c987fa20', VER_NBR=3, UPDATEID='admin', UPDATETIME=TIMESTAMP '2014-02-06 11:03:35.263', ATP_ID='kuali.atp.2014Winter', CLU_ID='ce5a1d8e-ab44-4a98-a3bc-73e328376eea', EFF_DT='', EXPIR_DT='', DESCR_FORMATTED='Courses with lecture', LUI_STATE='kuali.lui.activity.offering.state.offered', LUI_TYPE='kuali.lui.type.activity.offering.lecture', MAX_SEATS=1, MIN_SEATS=1, NAME='Lecture', DESCR_PLAIN='Courses with lecture', REF_URL=null where ID='5c4b07d1-1234-4ae3-b269-765539d14396' and VER_NBR=2
/
update KSEN_LUI_IDENT set OBJ_ID='7cbec38f-7ce3-4369-b402-d53367da0d67', VER_NBR=3, UPDATEID='admin', UPDATETIME=TIMESTAMP '2014-02-06 11:03:35.263', LUI_CD='A', DIVISION='', IDENT_LEVEL='', LNG_NAME='', LUI_ID='5c4b07d1-1234-4ae3-b269-765539d14396', ORGID='', SHRT_NAME='', LUI_ID_STATE='kuali.lui.identifier.state.active', SUFX_CD='', LUI_ID_TYPE='kuali.lui.identifier.type.official', VARTN='' where ID='fa64a67a-468c-4670-9e1c-fefc8b73b9b3' and VER_NBR=2
/
update KSEN_LUI_LU_CD set OBJ_ID='5097c004-f8be-4eac-a714-a30bc2df0ed7', VER_NBR=3, UPDATEID='admin', UPDATETIME=TIMESTAMP '2014-02-06 11:03:35.263', DESCR_FORMATTED='', LUI_ID='5c4b07d1-1234-4ae3-b269-765539d14396', DESCR_PLAIN='', LUI_LUCD_TYPE='kuali.lu.code.honorsOffering', VALUE=0 where ID='f7aa8e13-34de-4713-a6e3-929b90e3b168' and VER_NBR=2
/
update KSEN_LUI set OBJ_ID='b65e7a22-8603-4131-8982-0ca607bb3bfa', VER_NBR=2, UPDATEID='admin', UPDATETIME=TIMESTAMP '2014-02-06 11:03:35.263', ATP_ID='kuali.atp.2014Winter', CLU_ID='cd1c5479-a556-45c2-a267-e3738132babe', EFF_DT='', EXPIR_DT='', DESCR_FORMATTED='Courses with Lecture only', LUI_STATE='kuali.lui.format.offering.state.offered', LUI_TYPE='kuali.lui.type.course.format.offering', MAX_SEATS='', MIN_SEATS='', NAME='Lecture Only', DESCR_PLAIN='Courses with Lecture only', REF_URL='' where ID='68db039b-ad69-43b3-ac2f-cb17f9e8a286' and VER_NBR=1
/
update KSEN_LUI_IDENT set OBJ_ID='8f3fa007-8a27-4757-b368-44f9793f07c6', VER_NBR=2, UPDATEID='admin', UPDATETIME=TIMESTAMP '2014-02-06 11:03:35.263', LUI_CD='', DIVISION='', IDENT_LEVEL='', LNG_NAME='Lecture Only', LUI_ID='68db039b-ad69-43b3-ac2f-cb17f9e8a286', ORGID='', SHRT_NAME='LEC', LUI_ID_STATE='kuali.lui.identifier.state.active', SUFX_CD='', LUI_ID_TYPE='kuali.lui.identifier.type.official', VARTN='' where ID='26bb52e2-b4c1-45f8-a189-822938297ea0' and VER_NBR=1
/
delete from KSEN_LUI_RELATED_LUI_TYPES where LUI_ID='68db039b-ad69-43b3-ac2f-cb17f9e8a286'
/
insert into KSEN_LUI_RELATED_LUI_TYPES (LUI_ID, RELATED_LUI_TYPE) values ('68db039b-ad69-43b3-ac2f-cb17f9e8a286', 'kuali.lui.type.activity.offering.lecture')
/
update KSEN_LUI set OBJ_ID='93943e06-aefa-497b-b114-5010db9840e2', VER_NBR=2, UPDATEID='admin', UPDATETIME=TIMESTAMP '2014-02-06 11:03:35.263', ATP_ID='kuali.atp.2014Winter', CLU_ID='CLUID-HIST329-200801000000', EFF_DT=TIMESTAMP '2014-01-02 00:00:00.0', EXPIR_DT='', DESCR_FORMATTED='', LUI_STATE='kuali.lui.course.offering.state.offered', LUI_TYPE='kuali.lui.type.course.offering', MAX_SEATS='', MIN_SEATS='', NAME='HIST329N CO', DESCR_PLAIN='.', REF_URL=null where ID='8fff6eac-c5e5-4f8e-876f-02d39efa5b48' and VER_NBR=1
/
update KSEN_LUI_IDENT set OBJ_ID='61282d09-90eb-40f5-a8f3-a4f7183de566', VER_NBR=2, UPDATEID='admin', UPDATETIME=TIMESTAMP '2014-02-06 11:03:35.263', LUI_CD='HIST329N', DIVISION='HIST', IDENT_LEVEL='', LNG_NAME='Special Topics in History', LUI_ID='8fff6eac-c5e5-4f8e-876f-02d39efa5b48', ORGID='', SHRT_NAME='', LUI_ID_STATE='kuali.lui.identifier.state.active', SUFX_CD='N', LUI_ID_TYPE='kuali.lui.identifier.type.official', VARTN='' where ID='1575b41d-35f9-459d-b4e1-acb72328df07' and VER_NBR=1
/
update KSEN_LUI_LU_CD set OBJ_ID='1813e39e-782f-43db-a8a3-7a1579ece285', VER_NBR=2, UPDATEID='admin', UPDATETIME=TIMESTAMP '2014-02-06 11:03:35.263', DESCR_FORMATTED='', LUI_ID='8fff6eac-c5e5-4f8e-876f-02d39efa5b48', DESCR_PLAIN='', LUI_LUCD_TYPE='kuali.lu.code.honorsOffering', VALUE='' where ID='c2a7633e-367c-46ec-8ab6-680d59560103' and VER_NBR=1
/
delete from KSEN_LUI_UNITS_CONT_OWNER where LUI_ID='8fff6eac-c5e5-4f8e-876f-02d39efa5b48'
/
insert into KSEN_LUI_UNITS_CONT_OWNER (LUI_ID, ORG_ID) values ('8fff6eac-c5e5-4f8e-876f-02d39efa5b48', '3213375036')
/
delete from KSEN_LUI_RESULT_VAL_GRP where LUI_ID='8fff6eac-c5e5-4f8e-876f-02d39efa5b48'
/
insert into KSEN_LUI_RESULT_VAL_GRP (LUI_ID, RESULT_VAL_GRP_ID) values ('8fff6eac-c5e5-4f8e-876f-02d39efa5b48', 'kuali.creditType.credit.degree.1.0,1.5,2.0,2.5,3.0')
/
insert into KSEN_LUI_RESULT_VAL_GRP (LUI_ID, RESULT_VAL_GRP_ID) values ('8fff6eac-c5e5-4f8e-876f-02d39efa5b48', 'kuali.resultComponent.grade.audit')
/
insert into KSEN_LUI_RESULT_VAL_GRP (LUI_ID, RESULT_VAL_GRP_ID) values ('8fff6eac-c5e5-4f8e-876f-02d39efa5b48', 'kuali.resultComponent.grade.letter')
/
insert into KSEN_LUI_RESULT_VAL_GRP (LUI_ID, RESULT_VAL_GRP_ID) values ('8fff6eac-c5e5-4f8e-876f-02d39efa5b48', 'kuali.resultComponent.grade.passFail')
/
update KSEN_LUI set OBJ_ID='dbd40671-ba7a-4084-8142-21082fa2fd48', VER_NBR=1, UPDATEID='admin', UPDATETIME=TIMESTAMP '2014-02-06 11:03:35.263', ATP_ID='kuali.atp.2014Winter', CLU_ID='cd1c5479-a556-45c2-a267-e3738132babe', EFF_DT='', EXPIR_DT='', DESCR_FORMATTED='1001', LUI_STATE='kuali.lui.registration.group.state.offered', LUI_TYPE='kuali.lui.type.registration.group', MAX_SEATS='', MIN_SEATS='', NAME='1001', DESCR_PLAIN='1001', REF_URL='' where ID='aa62342c-554c-4621-9423-1df11a12ec75' and VER_NBR=0
/
update KSEN_LUI_IDENT set OBJ_ID='f6e317ef-b78a-4d62-866b-a46e025cf25b', VER_NBR=1, UPDATEID='admin', UPDATETIME=TIMESTAMP '2014-02-06 11:03:35.263', LUI_CD='', DIVISION='', IDENT_LEVEL='', LNG_NAME='', LUI_ID='aa62342c-554c-4621-9423-1df11a12ec75', ORGID='', SHRT_NAME='', LUI_ID_STATE='kuali.lui.identifier.state.active', SUFX_CD='', LUI_ID_TYPE='kuali.lui.identifier.type.official', VARTN='' where ID='e3663ba0-960d-40df-8c80-eaa0846249bb' and VER_NBR=0
/
update KSEN_LUI set OBJ_ID='9042def1-4522-4933-9d60-c96853533704', VER_NBR=3, UPDATEID='admin', UPDATETIME=TIMESTAMP '2014-02-06 11:03:35.263', ATP_ID='kuali.atp.2014Winter', CLU_ID='69f87d52-5ab8-4c76-85d1-d753266cbeca', EFF_DT='', EXPIR_DT='', DESCR_FORMATTED='Courses with lecture', LUI_STATE='kuali.lui.activity.offering.state.offered', LUI_TYPE='kuali.lui.type.activity.offering.lecture', MAX_SEATS=30, MIN_SEATS=30, NAME='Lecture', DESCR_PLAIN='Courses with lecture', REF_URL=null where ID='0f39c165-ef25-4e91-a78f-75991bac1142' and VER_NBR=2
/
update KSEN_LUI_IDENT set OBJ_ID='bb187559-9ff4-41ab-b8f9-7808cef710cd', VER_NBR=3, UPDATEID='admin', UPDATETIME=TIMESTAMP '2014-02-06 11:03:35.263', LUI_CD='A', DIVISION='', IDENT_LEVEL='', LNG_NAME='', LUI_ID='0f39c165-ef25-4e91-a78f-75991bac1142', ORGID='', SHRT_NAME='', LUI_ID_STATE='kuali.lui.identifier.state.active', SUFX_CD='', LUI_ID_TYPE='kuali.lui.identifier.type.official', VARTN='' where ID='a057f29b-bc1f-4d8f-b6b4-3b10db1d26cc' and VER_NBR=2
/
update KSEN_LUI_LU_CD set OBJ_ID='2c2fac8f-75bb-4d03-9784-fe6e915ac8ee', VER_NBR=3, UPDATEID='admin', UPDATETIME=TIMESTAMP '2014-02-06 11:03:35.263', DESCR_FORMATTED='', LUI_ID='0f39c165-ef25-4e91-a78f-75991bac1142', DESCR_PLAIN='', LUI_LUCD_TYPE='kuali.lu.code.honorsOffering', VALUE=0 where ID='90d53443-23ed-4eb8-ab1e-ddc3497d55dd' and VER_NBR=2
/
update KSEN_LUI set OBJ_ID='00e8fba3-ab44-4d5e-bbfc-d86e82c6e82d', VER_NBR=1, UPDATEID='admin', UPDATETIME=TIMESTAMP '2014-02-06 11:03:35.263', ATP_ID='kuali.atp.2014Winter', CLU_ID='b3d8efe2-cbe7-4e50-a72f-8f4b2b4ea8ad', EFF_DT='', EXPIR_DT='', DESCR_FORMATTED='1001', LUI_STATE='kuali.lui.registration.group.state.offered', LUI_TYPE='kuali.lui.type.registration.group', MAX_SEATS='', MIN_SEATS='', NAME='1001', DESCR_PLAIN='1001', REF_URL='' where ID='76fb40e0-bd4a-4c04-9e11-0fbaf43cb7a8' and VER_NBR=0
/
update KSEN_LUI_IDENT set OBJ_ID='0c73774f-424b-4d8b-9e6c-8f612dbb30fe', VER_NBR=1, UPDATEID='admin', UPDATETIME=TIMESTAMP '2014-02-06 11:03:35.263', LUI_CD='', DIVISION='', IDENT_LEVEL='', LNG_NAME='', LUI_ID='76fb40e0-bd4a-4c04-9e11-0fbaf43cb7a8', ORGID='', SHRT_NAME='', LUI_ID_STATE='kuali.lui.identifier.state.active', SUFX_CD='', LUI_ID_TYPE='kuali.lui.identifier.type.official', VARTN='' where ID='41c35e24-fb3c-4a75-a18f-a213e26411a3' and VER_NBR=0
/
update KSEN_LUI set OBJ_ID='73419d6b-16ac-4586-b028-d6c03fdf7ca8', VER_NBR=3, UPDATEID='admin', UPDATETIME=TIMESTAMP '2014-02-06 11:03:35.263', ATP_ID='kuali.atp.2014Winter', CLU_ID='a6f69c11-b55f-4cb0-bcf6-3e8fab0e0019', EFF_DT='', EXPIR_DT='', DESCR_FORMATTED='Courses with lecture', LUI_STATE='kuali.lui.activity.offering.state.offered', LUI_TYPE='kuali.lui.type.activity.offering.lecture', MAX_SEATS=1, MIN_SEATS=1, NAME='Lecture', DESCR_PLAIN='Courses with lecture', REF_URL=null where ID='4bc02406-ddaa-491e-a761-1c9c5048c4d8' and VER_NBR=2
/
update KSEN_LUI_IDENT set OBJ_ID='36f6dc4a-eb0c-4739-bbd4-34ccbcc8b935', VER_NBR=3, UPDATEID='admin', UPDATETIME=TIMESTAMP '2014-02-06 11:03:35.263', LUI_CD='A', DIVISION='', IDENT_LEVEL='', LNG_NAME='', LUI_ID='4bc02406-ddaa-491e-a761-1c9c5048c4d8', ORGID='', SHRT_NAME='', LUI_ID_STATE='kuali.lui.identifier.state.active', SUFX_CD='', LUI_ID_TYPE='kuali.lui.identifier.type.official', VARTN='' where ID='cbfd1c39-169b-457e-a79a-c4928610ddc9' and VER_NBR=2
/
update KSEN_LUI_LU_CD set OBJ_ID='c661f68c-4f82-4e7d-a0ad-d3fc30320028', VER_NBR=3, UPDATEID='admin', UPDATETIME=TIMESTAMP '2014-02-06 11:03:35.263', DESCR_FORMATTED='', LUI_ID='4bc02406-ddaa-491e-a761-1c9c5048c4d8', DESCR_PLAIN='', LUI_LUCD_TYPE='kuali.lu.code.honorsOffering', VALUE=0 where ID='9b6f94f3-4466-4a5f-9eac-464baba36f4f' and VER_NBR=2
/
update KSEN_LUI set OBJ_ID='857e27e7-376d-41ce-a9ce-dbaadbc5ca89', VER_NBR=2, UPDATEID='admin', UPDATETIME=TIMESTAMP '2014-02-06 11:03:35.263', ATP_ID='kuali.atp.2014Winter', CLU_ID='ce6b6491-798d-4fb9-b0e2-ae2f725a5188', EFF_DT='', EXPIR_DT='', DESCR_FORMATTED='Courses with Lecture only', LUI_STATE='kuali.lui.format.offering.state.offered', LUI_TYPE='kuali.lui.type.course.format.offering', MAX_SEATS='', MIN_SEATS='', NAME='Lecture Only', DESCR_PLAIN='Courses with Lecture only', REF_URL='' where ID='de118eac-c4f9-4d12-b170-a66af9092923' and VER_NBR=1
/
update KSEN_LUI_IDENT set OBJ_ID='b1086fa3-11d5-49f8-b16a-57b24be29672', VER_NBR=2, UPDATEID='admin', UPDATETIME=TIMESTAMP '2014-02-06 11:03:35.263', LUI_CD='', DIVISION='', IDENT_LEVEL='', LNG_NAME='Lecture Only', LUI_ID='de118eac-c4f9-4d12-b170-a66af9092923', ORGID='', SHRT_NAME='LEC', LUI_ID_STATE='kuali.lui.identifier.state.active', SUFX_CD='', LUI_ID_TYPE='kuali.lui.identifier.type.official', VARTN='' where ID='c7703f1a-42f4-4856-be9c-b86086f98648' and VER_NBR=1
/
delete from KSEN_LUI_RELATED_LUI_TYPES where LUI_ID='de118eac-c4f9-4d12-b170-a66af9092923'
/
insert into KSEN_LUI_RELATED_LUI_TYPES (LUI_ID, RELATED_LUI_TYPE) values ('de118eac-c4f9-4d12-b170-a66af9092923', 'kuali.lui.type.activity.offering.lecture')
/
update KSEN_LUI set OBJ_ID='4ca1c886-e510-42e0-a469-884e9519a4f0', VER_NBR=2, UPDATEID='admin', UPDATETIME=TIMESTAMP '2014-02-06 11:03:35.263', ATP_ID='kuali.atp.2014Winter', CLU_ID='974c7253-0198-40ab-9e50-35a5ba2f98e5', EFF_DT=TIMESTAMP '2014-01-02 00:00:00.0', EXPIR_DT='', DESCR_FORMATTED='Special topics course taken as part of an approved study abroad program', LUI_STATE='kuali.lui.course.offering.state.offered', LUI_TYPE='kuali.lui.type.course.offering', MAX_SEATS='', MIN_SEATS='', NAME='ENGL369D CO', DESCR_PLAIN='Special topics course taken as part of an approved study abroad program', REF_URL=null where ID='9e46f1e8-2176-4f59-9b59-fc3b8f7236f7' and VER_NBR=1
/
update KSEN_LUI_IDENT set OBJ_ID='cba5b686-80c4-414c-9caa-f5e2b0eb5a59', VER_NBR=2, UPDATEID='admin', UPDATETIME=TIMESTAMP '2014-02-06 11:03:35.263', LUI_CD='ENGL369D', DIVISION='ENGL', IDENT_LEVEL='', LNG_NAME='Special Topics in Study Abroad III', LUI_ID='9e46f1e8-2176-4f59-9b59-fc3b8f7236f7', ORGID='', SHRT_NAME='', LUI_ID_STATE='kuali.lui.identifier.state.active', SUFX_CD='D', LUI_ID_TYPE='kuali.lui.identifier.type.official', VARTN='' where ID='69945ac8-be62-433a-8275-020e322cd087' and VER_NBR=1
/
update KSEN_LUI_LU_CD set OBJ_ID='7a7b2a53-c8d4-4780-996e-4feac9cbe37d', VER_NBR=2, UPDATEID='admin', UPDATETIME=TIMESTAMP '2014-02-06 11:03:35.263', DESCR_FORMATTED='', LUI_ID='9e46f1e8-2176-4f59-9b59-fc3b8f7236f7', DESCR_PLAIN='', LUI_LUCD_TYPE='kuali.lu.code.honorsOffering', VALUE='' where ID='4c5c8a29-a5f1-45cc-bcfa-d207285aaa4c' and VER_NBR=1
/
delete from KSEN_LUI_UNITS_CONT_OWNER where LUI_ID='9e46f1e8-2176-4f59-9b59-fc3b8f7236f7'
/
insert into KSEN_LUI_UNITS_CONT_OWNER (LUI_ID, ORG_ID) values ('9e46f1e8-2176-4f59-9b59-fc3b8f7236f7', '2677933260')
/
delete from KSEN_LUI_RESULT_VAL_GRP where LUI_ID='9e46f1e8-2176-4f59-9b59-fc3b8f7236f7'
/
insert into KSEN_LUI_RESULT_VAL_GRP (LUI_ID, RESULT_VAL_GRP_ID) values ('9e46f1e8-2176-4f59-9b59-fc3b8f7236f7', 'kuali.creditType.credit.degree.1-6.by.0.5')
/
insert into KSEN_LUI_RESULT_VAL_GRP (LUI_ID, RESULT_VAL_GRP_ID) values ('9e46f1e8-2176-4f59-9b59-fc3b8f7236f7', 'kuali.resultComponent.grade.audit')
/
insert into KSEN_LUI_RESULT_VAL_GRP (LUI_ID, RESULT_VAL_GRP_ID) values ('9e46f1e8-2176-4f59-9b59-fc3b8f7236f7', 'kuali.resultComponent.grade.letter')
/
insert into KSEN_LUI_RESULT_VAL_GRP (LUI_ID, RESULT_VAL_GRP_ID) values ('9e46f1e8-2176-4f59-9b59-fc3b8f7236f7', 'kuali.resultComponent.grade.passFail')
/
update KSEN_LUI set OBJ_ID='6a9b5d70-a67a-4174-be42-52b3ec899cba', VER_NBR=1, UPDATEID='admin', UPDATETIME=TIMESTAMP '2014-02-06 11:03:35.263', ATP_ID='kuali.atp.2014Winter', CLU_ID='ce6b6491-798d-4fb9-b0e2-ae2f725a5188', EFF_DT='', EXPIR_DT='', DESCR_FORMATTED='1001', LUI_STATE='kuali.lui.registration.group.state.offered', LUI_TYPE='kuali.lui.type.registration.group', MAX_SEATS='', MIN_SEATS='', NAME='1001', DESCR_PLAIN='1001', REF_URL='' where ID='f334c831-212a-469a-9762-60a2409314fc' and VER_NBR=0
/
update KSEN_LUI_IDENT set OBJ_ID='1980943b-e6f7-4240-ad39-a5435178c870', VER_NBR=1, UPDATEID='admin', UPDATETIME=TIMESTAMP '2014-02-06 11:03:35.263', LUI_CD='', DIVISION='', IDENT_LEVEL='', LNG_NAME='', LUI_ID='f334c831-212a-469a-9762-60a2409314fc', ORGID='', SHRT_NAME='', LUI_ID_STATE='kuali.lui.identifier.state.active', SUFX_CD='', LUI_ID_TYPE='kuali.lui.identifier.type.official', VARTN='' where ID='a7ba2a58-e6eb-43e8-bc0e-f5aecaf8ef1b' and VER_NBR=0
/
update KSEN_LUI set OBJ_ID='f2adc32a-5a38-4d76-82cf-03753d7fa9a4', VER_NBR=3, UPDATEID='admin', UPDATETIME=TIMESTAMP '2014-02-06 11:03:35.263', ATP_ID='kuali.atp.2014Winter', CLU_ID='ef2963d7-9647-4ce7-ac63-9523204dd654', EFF_DT='', EXPIR_DT='', DESCR_FORMATTED='Courses with lecture', LUI_STATE='kuali.lui.activity.offering.state.offered', LUI_TYPE='kuali.lui.type.activity.offering.lecture', MAX_SEATS=48, MIN_SEATS=48, NAME='Lecture', DESCR_PLAIN='Courses with lecture', REF_URL=null where ID='ac27b4a0-8113-400c-8572-43fb5b760b2a' and VER_NBR=2
/
update KSEN_LUI_IDENT set OBJ_ID='7120b3a0-dcad-4258-b645-88c0ae77a552', VER_NBR=3, UPDATEID='admin', UPDATETIME=TIMESTAMP '2014-02-06 11:03:35.263', LUI_CD='A', DIVISION='', IDENT_LEVEL='', LNG_NAME='', LUI_ID='ac27b4a0-8113-400c-8572-43fb5b760b2a', ORGID='', SHRT_NAME='', LUI_ID_STATE='kuali.lui.identifier.state.active', SUFX_CD='', LUI_ID_TYPE='kuali.lui.identifier.type.official', VARTN='' where ID='72675852-74a4-48ae-a239-38ed7ca856e8' and VER_NBR=2
/
update KSEN_LUI_LU_CD set OBJ_ID='08a30feb-dd0a-47b1-9ecc-aefe6b0a2aea', VER_NBR=3, UPDATEID='admin', UPDATETIME=TIMESTAMP '2014-02-06 11:03:35.263', DESCR_FORMATTED='', LUI_ID='ac27b4a0-8113-400c-8572-43fb5b760b2a', DESCR_PLAIN='', LUI_LUCD_TYPE='kuali.lu.code.honorsOffering', VALUE=0 where ID='39fb9233-0dab-4684-a0d8-e805498b8141' and VER_NBR=2
/
update KSEN_LUI set OBJ_ID='8e473483-dc0f-4920-800a-66dae7a7fd98', VER_NBR=1, UPDATEID='admin', UPDATETIME=TIMESTAMP '2014-02-06 11:03:35.263', ATP_ID='kuali.atp.2014Winter', CLU_ID='25889d4f-0612-424c-87a5-e96f60f3e096', EFF_DT='', EXPIR_DT='', DESCR_FORMATTED='1004', LUI_STATE='kuali.lui.registration.group.state.offered', LUI_TYPE='kuali.lui.type.registration.group', MAX_SEATS='', MIN_SEATS='', NAME='1004', DESCR_PLAIN='1004', REF_URL='' where ID='408a2392-0fcc-43b4-85b1-afe0b96a24fa' and VER_NBR=0
/
update KSEN_LUI_IDENT set OBJ_ID='5a9bddf4-47a3-48fb-bbf3-1a6d9e45d2f9', VER_NBR=1, UPDATEID='admin', UPDATETIME=TIMESTAMP '2014-02-06 11:03:35.263', LUI_CD='', DIVISION='', IDENT_LEVEL='', LNG_NAME='', LUI_ID='408a2392-0fcc-43b4-85b1-afe0b96a24fa', ORGID='', SHRT_NAME='', LUI_ID_STATE='kuali.lui.identifier.state.active', SUFX_CD='', LUI_ID_TYPE='kuali.lui.identifier.type.official', VARTN='' where ID='686aeba0-f5b1-4ad8-83ba-28c65f8f31ab' and VER_NBR=0
/
update KSEN_LUI set OBJ_ID='2567a145-f024-4daf-bc05-1300b6787040', VER_NBR=1, UPDATEID='admin', UPDATETIME=TIMESTAMP '2014-02-06 11:03:35.263', ATP_ID='kuali.atp.2014Winter', CLU_ID='25889d4f-0612-424c-87a5-e96f60f3e096', EFF_DT='', EXPIR_DT='', DESCR_FORMATTED='1003', LUI_STATE='kuali.lui.registration.group.state.offered', LUI_TYPE='kuali.lui.type.registration.group', MAX_SEATS='', MIN_SEATS='', NAME='1003', DESCR_PLAIN='1003', REF_URL='' where ID='7a070a39-7dc8-4402-b3d3-16c78f98131d' and VER_NBR=0
/
update KSEN_LUI_IDENT set OBJ_ID='86ea1d8e-717c-425d-90f3-9aa19297abc0', VER_NBR=1, UPDATEID='admin', UPDATETIME=TIMESTAMP '2014-02-06 11:03:35.263', LUI_CD='', DIVISION='', IDENT_LEVEL='', LNG_NAME='', LUI_ID='7a070a39-7dc8-4402-b3d3-16c78f98131d', ORGID='', SHRT_NAME='', LUI_ID_STATE='kuali.lui.identifier.state.active', SUFX_CD='', LUI_ID_TYPE='kuali.lui.identifier.type.official', VARTN='' where ID='b7459a37-e7cc-4c3f-bf00-e1c527027394' and VER_NBR=0
/
update KSEN_LUI set OBJ_ID='92fa26b6-9d7b-4442-a2ef-bd55b7dcf822', VER_NBR=3, UPDATEID='admin', UPDATETIME=TIMESTAMP '2014-02-06 11:03:35.263', ATP_ID='kuali.atp.2014Winter', CLU_ID='3c719070-e600-425e-befc-1eb4b5aa3b08', EFF_DT='', EXPIR_DT='', DESCR_FORMATTED='Courses with lecture', LUI_STATE='kuali.lui.activity.offering.state.offered', LUI_TYPE='kuali.lui.type.activity.offering.lecture', MAX_SEATS=10, MIN_SEATS=10, NAME='Lecture', DESCR_PLAIN='Courses with lecture', REF_URL=null where ID='45b23b0f-a11f-42c9-bf47-48895836ac48' and VER_NBR=2
/
update KSEN_LUI_IDENT set OBJ_ID='83385d0e-b86a-455b-84f4-c8a40baf8f16', VER_NBR=3, UPDATEID='admin', UPDATETIME=TIMESTAMP '2014-02-06 11:03:35.263', LUI_CD='A', DIVISION='', IDENT_LEVEL='', LNG_NAME='', LUI_ID='45b23b0f-a11f-42c9-bf47-48895836ac48', ORGID='', SHRT_NAME='', LUI_ID_STATE='kuali.lui.identifier.state.active', SUFX_CD='', LUI_ID_TYPE='kuali.lui.identifier.type.official', VARTN='' where ID='61c13b0e-48e3-4e25-8dd7-46ca871f886e' and VER_NBR=2
/
update KSEN_LUI_LU_CD set OBJ_ID='14cf8d2e-5d7a-4a2d-a864-1bcdbc14fa0a', VER_NBR=3, UPDATEID='admin', UPDATETIME=TIMESTAMP '2014-02-06 11:03:35.263', DESCR_FORMATTED='', LUI_ID='45b23b0f-a11f-42c9-bf47-48895836ac48', DESCR_PLAIN='', LUI_LUCD_TYPE='kuali.lu.code.honorsOffering', VALUE=0 where ID='a05aaa09-5713-4e64-ac54-992806d036c9' and VER_NBR=2
/
update KSEN_LUI set OBJ_ID='3e6955bf-1993-46f0-8f26-15857edaf0a8', VER_NBR=2, UPDATEID='admin', UPDATETIME=TIMESTAMP '2014-02-06 11:03:35.263', ATP_ID='kuali.atp.2014Winter', CLU_ID='c5ce342e-1099-4eb7-9d13-3eb727150060', EFF_DT='', EXPIR_DT='', DESCR_FORMATTED='Courses with Lecture only', LUI_STATE='kuali.lui.format.offering.state.offered', LUI_TYPE='kuali.lui.type.course.format.offering', MAX_SEATS='', MIN_SEATS='', NAME='Lecture Only', DESCR_PLAIN='Courses with Lecture only', REF_URL='' where ID='cba18934-f3d2-45c3-bd3c-66177903eee2' and VER_NBR=1
/
update KSEN_LUI_IDENT set OBJ_ID='2142fd11-fb8c-4d80-a32e-f9d51f1551a3', VER_NBR=2, UPDATEID='admin', UPDATETIME=TIMESTAMP '2014-02-06 11:03:35.263', LUI_CD='', DIVISION='', IDENT_LEVEL='', LNG_NAME='Lecture Only', LUI_ID='cba18934-f3d2-45c3-bd3c-66177903eee2', ORGID='', SHRT_NAME='LEC', LUI_ID_STATE='kuali.lui.identifier.state.active', SUFX_CD='', LUI_ID_TYPE='kuali.lui.identifier.type.official', VARTN='' where ID='406d5ae3-b728-4592-970e-21c9738dbab0' and VER_NBR=1
/
delete from KSEN_LUI_RELATED_LUI_TYPES where LUI_ID='cba18934-f3d2-45c3-bd3c-66177903eee2'
/
insert into KSEN_LUI_RELATED_LUI_TYPES (LUI_ID, RELATED_LUI_TYPE) values ('cba18934-f3d2-45c3-bd3c-66177903eee2', 'kuali.lui.type.activity.offering.lecture')
/
update KSEN_LUI set OBJ_ID='3cec236f-ce9d-41f5-99d2-966d61321c83', VER_NBR=2, UPDATEID='admin', UPDATETIME=TIMESTAMP '2014-02-06 11:03:35.263', ATP_ID='kuali.atp.2014Winter', CLU_ID='a1e31e75-3d71-4ebf-96c5-12a25d55d23a', EFF_DT=TIMESTAMP '2014-01-02 00:00:00.0', EXPIR_DT='', DESCR_FORMATTED='Covers a wide range of topics in professional development for new graduate students.', LUI_STATE='kuali.lui.course.offering.state.offered', LUI_TYPE='kuali.lui.type.course.offering', MAX_SEATS='', MIN_SEATS='', NAME='CHEM611 CO', DESCR_PLAIN='Covers a wide range of topics in professional development for new graduate students.', REF_URL=null where ID='804de014-9243-4801-b390-792a2cd23200' and VER_NBR=1
/
update KSEN_LUI_IDENT set OBJ_ID='8f30535a-3f0c-4476-8dac-3b3d3fdea95b', VER_NBR=2, UPDATEID='admin', UPDATETIME=TIMESTAMP '2014-02-06 11:03:35.263', LUI_CD='CHEM611', DIVISION='CHEM', IDENT_LEVEL='', LNG_NAME='Professional Skills for New Graduate Students', LUI_ID='804de014-9243-4801-b390-792a2cd23200', ORGID='', SHRT_NAME='', LUI_ID_STATE='kuali.lui.identifier.state.active', SUFX_CD='', LUI_ID_TYPE='kuali.lui.identifier.type.official', VARTN='' where ID='c38a4da5-baa9-4e8c-8364-844af82cca5c' and VER_NBR=1
/
update KSEN_LUI_LU_CD set OBJ_ID='ac9ea899-0b1e-4ea3-b6c7-fe6a905c575f', VER_NBR=2, UPDATEID='admin', UPDATETIME=TIMESTAMP '2014-02-06 11:03:35.263', DESCR_FORMATTED='', LUI_ID='804de014-9243-4801-b390-792a2cd23200', DESCR_PLAIN='', LUI_LUCD_TYPE='kuali.lu.code.honorsOffering', VALUE='' where ID='0a902bd5-b4e8-4199-893b-6a6bb52b7e60' and VER_NBR=1
/
delete from KSEN_LUI_UNITS_CONT_OWNER where LUI_ID='804de014-9243-4801-b390-792a2cd23200'
/
insert into KSEN_LUI_UNITS_CONT_OWNER (LUI_ID, ORG_ID) values ('804de014-9243-4801-b390-792a2cd23200', '4284516367')
/
delete from KSEN_LUI_RESULT_VAL_GRP where LUI_ID='804de014-9243-4801-b390-792a2cd23200'
/
insert into KSEN_LUI_RESULT_VAL_GRP (LUI_ID, RESULT_VAL_GRP_ID) values ('804de014-9243-4801-b390-792a2cd23200', 'kuali.creditType.credit.degree.1.0')
/
insert into KSEN_LUI_RESULT_VAL_GRP (LUI_ID, RESULT_VAL_GRP_ID) values ('804de014-9243-4801-b390-792a2cd23200', 'kuali.resultComponent.grade.audit')
/
insert into KSEN_LUI_RESULT_VAL_GRP (LUI_ID, RESULT_VAL_GRP_ID) values ('804de014-9243-4801-b390-792a2cd23200', 'kuali.resultComponent.grade.letter')
/
update KSEN_LUI set OBJ_ID='88aa8daf-a375-4013-b3b2-e894a997dd4d', VER_NBR=1, UPDATEID='admin', UPDATETIME=TIMESTAMP '2014-02-06 11:03:35.263', ATP_ID='kuali.atp.2014Winter', CLU_ID='c5ce342e-1099-4eb7-9d13-3eb727150060', EFF_DT='', EXPIR_DT='', DESCR_FORMATTED='1001', LUI_STATE='kuali.lui.registration.group.state.offered', LUI_TYPE='kuali.lui.type.registration.group', MAX_SEATS='', MIN_SEATS='', NAME='1001', DESCR_PLAIN='1001', REF_URL='' where ID='fd1da6af-e2b9-4cdc-9e60-492d0d957b5f' and VER_NBR=0
/
update KSEN_LUI_IDENT set OBJ_ID='6b818cb6-2c13-404b-986a-942cf84dd4fe', VER_NBR=1, UPDATEID='admin', UPDATETIME=TIMESTAMP '2014-02-06 11:03:35.263', LUI_CD='', DIVISION='', IDENT_LEVEL='', LNG_NAME='', LUI_ID='fd1da6af-e2b9-4cdc-9e60-492d0d957b5f', ORGID='', SHRT_NAME='', LUI_ID_STATE='kuali.lui.identifier.state.active', SUFX_CD='', LUI_ID_TYPE='kuali.lui.identifier.type.official', VARTN='' where ID='9ef33b1c-7205-4b0e-b0c5-9a93c5e79781' and VER_NBR=0
/
update KSEN_LUI set OBJ_ID='7bb9c19a-ac30-4cef-99ce-a3bd17789e76', VER_NBR=3, UPDATEID='admin', UPDATETIME=TIMESTAMP '2014-02-06 11:03:35.263', ATP_ID='kuali.atp.2014Winter', CLU_ID='ac92256a-2100-48b4-a938-b2c614a8ebce', EFF_DT='', EXPIR_DT='', DESCR_FORMATTED='Courses with lecture', LUI_STATE='kuali.lui.activity.offering.state.offered', LUI_TYPE='kuali.lui.type.activity.offering.lecture', MAX_SEATS=25, MIN_SEATS=25, NAME='Lecture', DESCR_PLAIN='Courses with lecture', REF_URL=null where ID='0e25f556-7452-41ab-9318-2b3368867e85' and VER_NBR=2
/
update KSEN_LUI_IDENT set OBJ_ID='1c0b37c0-44e7-4ec3-b783-000dea1370e4', VER_NBR=3, UPDATEID='admin', UPDATETIME=TIMESTAMP '2014-02-06 11:03:35.263', LUI_CD='A', DIVISION='', IDENT_LEVEL='', LNG_NAME='', LUI_ID='0e25f556-7452-41ab-9318-2b3368867e85', ORGID='', SHRT_NAME='', LUI_ID_STATE='kuali.lui.identifier.state.active', SUFX_CD='', LUI_ID_TYPE='kuali.lui.identifier.type.official', VARTN='' where ID='3091875f-30c8-4c30-aa31-c5feac9ec11c' and VER_NBR=2
/
update KSEN_LUI_LU_CD set OBJ_ID='7080d856-a85d-4bc3-8417-f2f2766787b3', VER_NBR=3, UPDATEID='admin', UPDATETIME=TIMESTAMP '2014-02-06 11:03:35.263', DESCR_FORMATTED='', LUI_ID='0e25f556-7452-41ab-9318-2b3368867e85', DESCR_PLAIN='', LUI_LUCD_TYPE='kuali.lu.code.honorsOffering', VALUE=0 where ID='76cf97ff-b40a-4635-ad92-0135d39d0bd1' and VER_NBR=2
/
update KSEN_LUI set OBJ_ID='1543c6f6-3a60-4981-9da9-94f4115e7f6f', VER_NBR=2, UPDATEID='admin', UPDATETIME=TIMESTAMP '2014-02-06 11:03:35.263', ATP_ID='kuali.atp.2014Winter', CLU_ID='1af2eff3-2602-4e67-9e64-9f62ae7f932e', EFF_DT='', EXPIR_DT='', DESCR_FORMATTED='Courses with Lecture only', LUI_STATE='kuali.lui.format.offering.state.offered', LUI_TYPE='kuali.lui.type.course.format.offering', MAX_SEATS='', MIN_SEATS='', NAME='Lecture Only', DESCR_PLAIN='Courses with Lecture only', REF_URL='' where ID='e030e0d5-3419-49a7-a98f-0e53d74cae96' and VER_NBR=1
/
update KSEN_LUI_IDENT set OBJ_ID='22bcf9cd-102f-448f-8500-89be343268fe', VER_NBR=2, UPDATEID='admin', UPDATETIME=TIMESTAMP '2014-02-06 11:03:35.263', LUI_CD='', DIVISION='', IDENT_LEVEL='', LNG_NAME='Lecture Only', LUI_ID='e030e0d5-3419-49a7-a98f-0e53d74cae96', ORGID='', SHRT_NAME='LEC', LUI_ID_STATE='kuali.lui.identifier.state.active', SUFX_CD='', LUI_ID_TYPE='kuali.lui.identifier.type.official', VARTN='' where ID='0b197b9a-d69e-4895-8530-752fdf498ef9' and VER_NBR=1
/
delete from KSEN_LUI_RELATED_LUI_TYPES where LUI_ID='e030e0d5-3419-49a7-a98f-0e53d74cae96'
/
insert into KSEN_LUI_RELATED_LUI_TYPES (LUI_ID, RELATED_LUI_TYPE) values ('e030e0d5-3419-49a7-a98f-0e53d74cae96', 'kuali.lui.type.activity.offering.lecture')
/
update KSEN_LUI set OBJ_ID='ea3b4fdb-64e6-41b5-b626-bd4d35b08556', VER_NBR=2, UPDATEID='admin', UPDATETIME=TIMESTAMP '2014-02-06 11:03:35.263', ATP_ID='kuali.atp.2014Winter', CLU_ID='6f72557a-cd52-4af3-9f7d-93aef829c882', EFF_DT=TIMESTAMP '2014-01-02 00:00:00.0', EXPIR_DT='', DESCR_FORMATTED='Introduction to changing nature of books, texts, and narrative in Information Age. Role of book in relation to other media, history of computers and writing, influence of computing on contemporary literature and culture, emerging forms of digital narrative and reading. Practical skills taught range from how to find digital literature and other texts online to using Web media to create literary works.', LUI_STATE='kuali.lui.course.offering.state.offered', LUI_TYPE='kuali.lui.type.course.offering', MAX_SEATS='', MIN_SEATS='', NAME='ENGL295 CO', DESCR_PLAIN='Introduction to changing nature of books, texts, and narrative in Information Age. Role of book in relation to other media, history of computers and writing, influence of computing on contemporary literature and culture, emerging forms of digital narrative and reading. Practical skills taught range from how to find digital literature and other texts online to using Web media to create literary works.', REF_URL=null where ID='5c4a993d-0b7d-4611-b17f-681a6a3607ed' and VER_NBR=1
/
update KSEN_LUI_IDENT set OBJ_ID='f1bcd959-ff1f-46f8-89ec-57507b805eef', VER_NBR=2, UPDATEID='admin', UPDATETIME=TIMESTAMP '2014-02-06 11:03:35.263', LUI_CD='ENGL295', DIVISION='ENGL', IDENT_LEVEL='', LNG_NAME='Literature in a Wired World', LUI_ID='5c4a993d-0b7d-4611-b17f-681a6a3607ed', ORGID='', SHRT_NAME='', LUI_ID_STATE='kuali.lui.identifier.state.active', SUFX_CD='', LUI_ID_TYPE='kuali.lui.identifier.type.official', VARTN='' where ID='5f0f0922-1061-45f7-96b6-dc2250cdb4b2' and VER_NBR=1
/
update KSEN_LUI_LU_CD set OBJ_ID='dc8157b1-0780-4caa-a605-5a88697a79e9', VER_NBR=2, UPDATEID='admin', UPDATETIME=TIMESTAMP '2014-02-06 11:03:35.263', DESCR_FORMATTED='', LUI_ID='5c4a993d-0b7d-4611-b17f-681a6a3607ed', DESCR_PLAIN='', LUI_LUCD_TYPE='kuali.lu.code.honorsOffering', VALUE='' where ID='c0d0a722-489a-4db8-8863-935b05fe97cc' and VER_NBR=1
/
delete from KSEN_LUI_UNITS_CONT_OWNER where LUI_ID='5c4a993d-0b7d-4611-b17f-681a6a3607ed'
/
insert into KSEN_LUI_UNITS_CONT_OWNER (LUI_ID, ORG_ID) values ('5c4a993d-0b7d-4611-b17f-681a6a3607ed', '2677933260')
/
delete from KSEN_LUI_RESULT_VAL_GRP where LUI_ID='5c4a993d-0b7d-4611-b17f-681a6a3607ed'
/
insert into KSEN_LUI_RESULT_VAL_GRP (LUI_ID, RESULT_VAL_GRP_ID) values ('5c4a993d-0b7d-4611-b17f-681a6a3607ed', 'kuali.creditType.credit.degree.3.0')
/
insert into KSEN_LUI_RESULT_VAL_GRP (LUI_ID, RESULT_VAL_GRP_ID) values ('5c4a993d-0b7d-4611-b17f-681a6a3607ed', 'kuali.resultComponent.grade.audit')
/
insert into KSEN_LUI_RESULT_VAL_GRP (LUI_ID, RESULT_VAL_GRP_ID) values ('5c4a993d-0b7d-4611-b17f-681a6a3607ed', 'kuali.resultComponent.grade.letter')
/
insert into KSEN_LUI_RESULT_VAL_GRP (LUI_ID, RESULT_VAL_GRP_ID) values ('5c4a993d-0b7d-4611-b17f-681a6a3607ed', 'kuali.resultComponent.grade.passFail')
/
update KSEN_LUI set OBJ_ID='1d322ca1-38ef-42c8-89dc-8ca7269a57b7', VER_NBR=1, UPDATEID='admin', UPDATETIME=TIMESTAMP '2014-02-06 11:03:35.263', ATP_ID='kuali.atp.2014Winter', CLU_ID='1af2eff3-2602-4e67-9e64-9f62ae7f932e', EFF_DT='', EXPIR_DT='', DESCR_FORMATTED='1001', LUI_STATE='kuali.lui.registration.group.state.offered', LUI_TYPE='kuali.lui.type.registration.group', MAX_SEATS='', MIN_SEATS='', NAME='1001', DESCR_PLAIN='1001', REF_URL='' where ID='1682e3db-ef72-4876-8dd2-f64ea6977b34' and VER_NBR=0
/
update KSEN_LUI_IDENT set OBJ_ID='66e4c567-d0f0-42a6-9102-6ad117e7ddc7', VER_NBR=1, UPDATEID='admin', UPDATETIME=TIMESTAMP '2014-02-06 11:03:35.263', LUI_CD='', DIVISION='', IDENT_LEVEL='', LNG_NAME='', LUI_ID='1682e3db-ef72-4876-8dd2-f64ea6977b34', ORGID='', SHRT_NAME='', LUI_ID_STATE='kuali.lui.identifier.state.active', SUFX_CD='', LUI_ID_TYPE='kuali.lui.identifier.type.official', VARTN='' where ID='fb40736f-7f81-4803-8183-bb85cc3abd51' and VER_NBR=0
/
update KSEN_LUI set OBJ_ID='95bb06bb-bc83-4f10-8913-dfe99b4c3978', VER_NBR=3, UPDATEID='admin', UPDATETIME=TIMESTAMP '2014-02-06 11:03:35.263', ATP_ID='kuali.atp.2014Winter', CLU_ID='3853b95e-b7b9-49f7-b981-10a1202d9c49', EFF_DT='', EXPIR_DT='', DESCR_FORMATTED='Courses with lecture', LUI_STATE='kuali.lui.activity.offering.state.offered', LUI_TYPE='kuali.lui.type.activity.offering.lecture', MAX_SEATS=25, MIN_SEATS=25, NAME='Lecture', DESCR_PLAIN='Courses with lecture', REF_URL=null where ID='473a5742-3d8d-439e-8478-dba85a8ee47e' and VER_NBR=2
/
update KSEN_LUI_IDENT set OBJ_ID='e39c5d2c-716b-4caa-8100-886d0fc5b2b4', VER_NBR=3, UPDATEID='admin', UPDATETIME=TIMESTAMP '2014-02-06 11:03:35.263', LUI_CD='A', DIVISION='', IDENT_LEVEL='', LNG_NAME='', LUI_ID='473a5742-3d8d-439e-8478-dba85a8ee47e', ORGID='', SHRT_NAME='', LUI_ID_STATE='kuali.lui.identifier.state.active', SUFX_CD='', LUI_ID_TYPE='kuali.lui.identifier.type.official', VARTN='' where ID='3f187d5b-f797-4ef3-b3cb-ca2c9064fe2c' and VER_NBR=2
/
update KSEN_LUI_LU_CD set OBJ_ID='9b220dab-914d-4591-a077-aafa88d70ba4', VER_NBR=3, UPDATEID='admin', UPDATETIME=TIMESTAMP '2014-02-06 11:03:35.263', DESCR_FORMATTED='', LUI_ID='473a5742-3d8d-439e-8478-dba85a8ee47e', DESCR_PLAIN='', LUI_LUCD_TYPE='kuali.lu.code.honorsOffering', VALUE=0 where ID='f4fe64ee-440d-4af8-b196-5a14c1abdad8' and VER_NBR=2
/
update KSEN_LUI set OBJ_ID='e0336237-77cd-44eb-b4fa-e2c08fad5d44', VER_NBR=1, UPDATEID='admin', UPDATETIME=TIMESTAMP '2014-02-06 11:03:35.263', ATP_ID='kuali.atp.2014Winter', CLU_ID='2fb81cbf-36e1-4096-ae43-541d964af238', EFF_DT='', EXPIR_DT='', DESCR_FORMATTED='1001', LUI_STATE='kuali.lui.registration.group.state.offered', LUI_TYPE='kuali.lui.type.registration.group', MAX_SEATS='', MIN_SEATS='', NAME='1001', DESCR_PLAIN='1001', REF_URL='' where ID='43deb3d2-9604-4597-9531-8d048a66bfa9' and VER_NBR=0
/
update KSEN_LUI_IDENT set OBJ_ID='45051f83-c27f-4318-9e9b-2f11ab783617', VER_NBR=1, UPDATEID='admin', UPDATETIME=TIMESTAMP '2014-02-06 11:03:35.263', LUI_CD='', DIVISION='', IDENT_LEVEL='', LNG_NAME='', LUI_ID='43deb3d2-9604-4597-9531-8d048a66bfa9', ORGID='', SHRT_NAME='', LUI_ID_STATE='kuali.lui.identifier.state.active', SUFX_CD='', LUI_ID_TYPE='kuali.lui.identifier.type.official', VARTN='' where ID='5404a564-5a3a-4c28-a596-4c523bf52e91' and VER_NBR=0
/
update KSEN_LUI set OBJ_ID='e6daa616-b97e-4a4b-ac26-87ddbc2b1235', VER_NBR=3, UPDATEID='admin', UPDATETIME=TIMESTAMP '2014-02-06 11:03:35.263', ATP_ID='kuali.atp.2014Winter', CLU_ID='2ed3cb96-4219-4f5f-8825-b410addbfa5c', EFF_DT='', EXPIR_DT='', DESCR_FORMATTED='Courses with lecture', LUI_STATE='kuali.lui.activity.offering.state.offered', LUI_TYPE='kuali.lui.type.activity.offering.lecture', MAX_SEATS=40, MIN_SEATS=40, NAME='Lecture', DESCR_PLAIN='Courses with lecture', REF_URL=null where ID='7552f83f-8fab-46fc-9847-4a7b1cf88542' and VER_NBR=2
/
update KSEN_LUI_IDENT set OBJ_ID='2bba15b3-7165-4118-abc2-870a9c3ea767', VER_NBR=3, UPDATEID='admin', UPDATETIME=TIMESTAMP '2014-02-06 11:03:35.263', LUI_CD='A', DIVISION='', IDENT_LEVEL='', LNG_NAME='', LUI_ID='7552f83f-8fab-46fc-9847-4a7b1cf88542', ORGID='', SHRT_NAME='', LUI_ID_STATE='kuali.lui.identifier.state.active', SUFX_CD='', LUI_ID_TYPE='kuali.lui.identifier.type.official', VARTN='' where ID='dc24ecc6-0f1a-4454-8a01-6175437047c9' and VER_NBR=2
/
update KSEN_LUI_LU_CD set OBJ_ID='54d8961f-6a9c-4985-9dea-b7895a30167b', VER_NBR=3, UPDATEID='admin', UPDATETIME=TIMESTAMP '2014-02-06 11:03:35.263', DESCR_FORMATTED='', LUI_ID='7552f83f-8fab-46fc-9847-4a7b1cf88542', DESCR_PLAIN='', LUI_LUCD_TYPE='kuali.lu.code.honorsOffering', VALUE=0 where ID='9b8ade9f-3cf3-40d3-ab0a-6ba30436882d' and VER_NBR=2
/
update KSEN_LUI set OBJ_ID='9a883e94-f64a-4789-9d56-58fe713dc78d', VER_NBR=2, UPDATEID='admin', UPDATETIME=TIMESTAMP '2014-02-06 11:03:35.263', ATP_ID='kuali.atp.2014Winter', CLU_ID='e9b70810-8160-4c01-917b-6cd011536a5a', EFF_DT='', EXPIR_DT='', DESCR_FORMATTED='Courses with Lecture only', LUI_STATE='kuali.lui.format.offering.state.offered', LUI_TYPE='kuali.lui.type.course.format.offering', MAX_SEATS='', MIN_SEATS='', NAME='Lecture Only', DESCR_PLAIN='Courses with Lecture only', REF_URL='' where ID='d89336c5-b0cc-487f-bc90-3fb7e49e648a' and VER_NBR=1
/
update KSEN_LUI_IDENT set OBJ_ID='b7e86dde-12ff-4509-98c9-59887fc8bcc8', VER_NBR=2, UPDATEID='admin', UPDATETIME=TIMESTAMP '2014-02-06 11:03:35.263', LUI_CD='', DIVISION='', IDENT_LEVEL='', LNG_NAME='Lecture Only', LUI_ID='d89336c5-b0cc-487f-bc90-3fb7e49e648a', ORGID='', SHRT_NAME='LEC', LUI_ID_STATE='kuali.lui.identifier.state.active', SUFX_CD='', LUI_ID_TYPE='kuali.lui.identifier.type.official', VARTN='' where ID='8962d9ec-4f27-49f3-8d3d-fa4b30b267d2' and VER_NBR=1
/
delete from KSEN_LUI_RELATED_LUI_TYPES where LUI_ID='d89336c5-b0cc-487f-bc90-3fb7e49e648a'
/
insert into KSEN_LUI_RELATED_LUI_TYPES (LUI_ID, RELATED_LUI_TYPE) values ('d89336c5-b0cc-487f-bc90-3fb7e49e648a', 'kuali.lui.type.activity.offering.lecture')
/
update KSEN_LUI set OBJ_ID='aa48d695-141a-4ce0-b3b1-f0b230772dea', VER_NBR=2, UPDATEID='admin', UPDATETIME=TIMESTAMP '2014-02-06 11:03:35.263', ATP_ID='kuali.atp.2014Winter', CLU_ID='303bf3d1-e960-42bf-843b-4d5bff305a7b', EFF_DT=TIMESTAMP '2014-01-02 00:00:00.0', EXPIR_DT='', DESCR_FORMATTED='Political, cultural and economic developments in 20th-century Europe.', LUI_STATE='kuali.lui.course.offering.state.offered', LUI_TYPE='kuali.lui.type.course.offering', MAX_SEATS='', MIN_SEATS='', NAME='HIST240 CO', DESCR_PLAIN='Political, cultural and economic developments in 20th-century Europe.', REF_URL=null where ID='a789e4a7-9b3f-4274-b2dc-f3808969e560' and VER_NBR=1
/
update KSEN_LUI_IDENT set OBJ_ID='ec172587-d52f-4e23-bfc2-9e0283b9d605', VER_NBR=2, UPDATEID='admin', UPDATETIME=TIMESTAMP '2014-02-06 11:03:35.263', LUI_CD='HIST240', DIVISION='HIST', IDENT_LEVEL='', LNG_NAME='Europe in the Twentieth Century', LUI_ID='a789e4a7-9b3f-4274-b2dc-f3808969e560', ORGID='', SHRT_NAME='', LUI_ID_STATE='kuali.lui.identifier.state.active', SUFX_CD='', LUI_ID_TYPE='kuali.lui.identifier.type.official', VARTN='' where ID='d4a6c1aa-525f-4aa0-98af-e4d3f5561dd7' and VER_NBR=1
/
update KSEN_LUI_LU_CD set OBJ_ID='3d1ab94f-b530-491b-8db9-5db9a1a54f1f', VER_NBR=2, UPDATEID='admin', UPDATETIME=TIMESTAMP '2014-02-06 11:03:35.263', DESCR_FORMATTED='', LUI_ID='a789e4a7-9b3f-4274-b2dc-f3808969e560', DESCR_PLAIN='', LUI_LUCD_TYPE='kuali.lu.code.honorsOffering', VALUE='' where ID='96103141-1d7b-47f6-aa55-432ef9aac6ea' and VER_NBR=1
/
delete from KSEN_LUI_UNITS_CONT_OWNER where LUI_ID='a789e4a7-9b3f-4274-b2dc-f3808969e560'
/
insert into KSEN_LUI_UNITS_CONT_OWNER (LUI_ID, ORG_ID) values ('a789e4a7-9b3f-4274-b2dc-f3808969e560', '3213375036')
/
delete from KSEN_LUI_RESULT_VAL_GRP where LUI_ID='a789e4a7-9b3f-4274-b2dc-f3808969e560'
/
insert into KSEN_LUI_RESULT_VAL_GRP (LUI_ID, RESULT_VAL_GRP_ID) values ('a789e4a7-9b3f-4274-b2dc-f3808969e560', 'kuali.creditType.credit.degree.3.0')
/
insert into KSEN_LUI_RESULT_VAL_GRP (LUI_ID, RESULT_VAL_GRP_ID) values ('a789e4a7-9b3f-4274-b2dc-f3808969e560', 'kuali.resultComponent.grade.audit')
/
insert into KSEN_LUI_RESULT_VAL_GRP (LUI_ID, RESULT_VAL_GRP_ID) values ('a789e4a7-9b3f-4274-b2dc-f3808969e560', 'kuali.resultComponent.grade.letter')
/
insert into KSEN_LUI_RESULT_VAL_GRP (LUI_ID, RESULT_VAL_GRP_ID) values ('a789e4a7-9b3f-4274-b2dc-f3808969e560', 'kuali.resultComponent.grade.passFail')
/
update KSEN_LUI set OBJ_ID='c00d92f9-c48b-44a4-8ecb-331582eccc31', VER_NBR=1, UPDATEID='admin', UPDATETIME=TIMESTAMP '2014-02-06 11:03:35.263', ATP_ID='kuali.atp.2014Winter', CLU_ID='e9b70810-8160-4c01-917b-6cd011536a5a', EFF_DT='', EXPIR_DT='', DESCR_FORMATTED='1001', LUI_STATE='kuali.lui.registration.group.state.offered', LUI_TYPE='kuali.lui.type.registration.group', MAX_SEATS='', MIN_SEATS='', NAME='1001', DESCR_PLAIN='1001', REF_URL='' where ID='652ea143-7fb2-4315-acfa-4b69d2a60bc2' and VER_NBR=0
/
update KSEN_LUI_IDENT set OBJ_ID='c9e5ed35-9b76-4b23-bbdf-fa32bb5436f2', VER_NBR=1, UPDATEID='admin', UPDATETIME=TIMESTAMP '2014-02-06 11:03:35.263', LUI_CD='', DIVISION='', IDENT_LEVEL='', LNG_NAME='', LUI_ID='652ea143-7fb2-4315-acfa-4b69d2a60bc2', ORGID='', SHRT_NAME='', LUI_ID_STATE='kuali.lui.identifier.state.active', SUFX_CD='', LUI_ID_TYPE='kuali.lui.identifier.type.official', VARTN='' where ID='fd47642d-1d48-4f45-80e3-a5acdbb1c068' and VER_NBR=0
/
update KSEN_LUI set OBJ_ID='54117cbb-63e9-40be-8e0c-5468defba4ae', VER_NBR=3, UPDATEID='admin', UPDATETIME=TIMESTAMP '2014-02-06 11:03:35.263', ATP_ID='kuali.atp.2014Winter', CLU_ID='074091f2-c391-4e95-9784-950f2ca7770b', EFF_DT='', EXPIR_DT='', DESCR_FORMATTED='Courses with lecture', LUI_STATE='kuali.lui.activity.offering.state.offered', LUI_TYPE='kuali.lui.type.activity.offering.lecture', MAX_SEATS=25, MIN_SEATS=25, NAME='Lecture', DESCR_PLAIN='Courses with lecture', REF_URL=null where ID='b4275bd1-d59e-4f9a-9ffa-40bf605756b1' and VER_NBR=2
/
update KSEN_LUI_IDENT set OBJ_ID='9990aa54-26d3-4719-918f-b77109c1ec65', VER_NBR=3, UPDATEID='admin', UPDATETIME=TIMESTAMP '2014-02-06 11:03:35.263', LUI_CD='B', DIVISION='', IDENT_LEVEL='', LNG_NAME='', LUI_ID='b4275bd1-d59e-4f9a-9ffa-40bf605756b1', ORGID='', SHRT_NAME='', LUI_ID_STATE='kuali.lui.identifier.state.active', SUFX_CD='', LUI_ID_TYPE='kuali.lui.identifier.type.official', VARTN='' where ID='f431040a-ee21-4c9b-b95c-a0af35f086fd' and VER_NBR=2
/
update KSEN_LUI_LU_CD set OBJ_ID='fd1506fd-2344-4d03-9af9-a694db036df7', VER_NBR=3, UPDATEID='admin', UPDATETIME=TIMESTAMP '2014-02-06 11:03:35.263', DESCR_FORMATTED='', LUI_ID='b4275bd1-d59e-4f9a-9ffa-40bf605756b1', DESCR_PLAIN='', LUI_LUCD_TYPE='kuali.lu.code.honorsOffering', VALUE=0 where ID='df3d5a45-27e1-48a9-a2d5-062e282469ea' and VER_NBR=2
/
update KSEN_LUI set OBJ_ID='cc258b83-9dde-4b11-9dda-077c8acccb51', VER_NBR=1, UPDATEID='admin', UPDATETIME=TIMESTAMP '2014-02-06 11:03:35.263', ATP_ID='kuali.atp.2014Winter', CLU_ID='1af2eff3-2602-4e67-9e64-9f62ae7f932e', EFF_DT='', EXPIR_DT='', DESCR_FORMATTED='1002', LUI_STATE='kuali.lui.registration.group.state.offered', LUI_TYPE='kuali.lui.type.registration.group', MAX_SEATS='', MIN_SEATS='', NAME='1002', DESCR_PLAIN='1002', REF_URL='' where ID='028082ab-e529-48f0-a347-830b0c8345ad' and VER_NBR=0
/
update KSEN_LUI_IDENT set OBJ_ID='89c2331b-daac-46d2-9148-d9d1710a9373', VER_NBR=1, UPDATEID='admin', UPDATETIME=TIMESTAMP '2014-02-06 11:03:35.263', LUI_CD='', DIVISION='', IDENT_LEVEL='', LNG_NAME='', LUI_ID='028082ab-e529-48f0-a347-830b0c8345ad', ORGID='', SHRT_NAME='', LUI_ID_STATE='kuali.lui.identifier.state.active', SUFX_CD='', LUI_ID_TYPE='kuali.lui.identifier.type.official', VARTN='' where ID='a02be090-a941-4948-8a6d-7e35056e7be3' and VER_NBR=0
/
update KSEN_LUI set OBJ_ID='309a86fa-c4e3-45f7-a4c4-22d09884a3e1', VER_NBR=3, UPDATEID='admin', UPDATETIME=TIMESTAMP '2014-02-06 11:03:35.263', ATP_ID='kuali.atp.2014Winter', CLU_ID='dc4eb45c-86c1-439b-9b36-78c9f97bb5a2', EFF_DT='', EXPIR_DT='', DESCR_FORMATTED='Courses with lecture', LUI_STATE='kuali.lui.activity.offering.state.offered', LUI_TYPE='kuali.lui.type.activity.offering.lecture', MAX_SEATS=40, MIN_SEATS=40, NAME='Lecture', DESCR_PLAIN='Courses with lecture', REF_URL=null where ID='8f84e182-32bc-4999-9082-685bad7ef067' and VER_NBR=2
/
update KSEN_LUI_IDENT set OBJ_ID='ab63224b-b086-4dae-a5b4-233ab2693398', VER_NBR=3, UPDATEID='admin', UPDATETIME=TIMESTAMP '2014-02-06 11:03:35.263', LUI_CD='A', DIVISION='', IDENT_LEVEL='', LNG_NAME='', LUI_ID='8f84e182-32bc-4999-9082-685bad7ef067', ORGID='', SHRT_NAME='', LUI_ID_STATE='kuali.lui.identifier.state.active', SUFX_CD='', LUI_ID_TYPE='kuali.lui.identifier.type.official', VARTN='' where ID='cd4bfdf2-684c-4ea0-978f-f479cbcea425' and VER_NBR=2
/
update KSEN_LUI_LU_CD set OBJ_ID='758ac625-9dee-4c39-9b4b-73d9e0b2129f', VER_NBR=3, UPDATEID='admin', UPDATETIME=TIMESTAMP '2014-02-06 11:03:35.263', DESCR_FORMATTED='', LUI_ID='8f84e182-32bc-4999-9082-685bad7ef067', DESCR_PLAIN='', LUI_LUCD_TYPE='kuali.lu.code.honorsOffering', VALUE=0 where ID='e0544994-7f66-4864-af1e-524523ce6cd8' and VER_NBR=2
/
update KSEN_LUI set OBJ_ID='e6c5ec72-afcc-4bce-bb23-6b17402ac2a4', VER_NBR=2, UPDATEID='admin', UPDATETIME=TIMESTAMP '2014-02-06 11:03:35.263', ATP_ID='kuali.atp.2014Winter', CLU_ID='ccb3c17e-6eaf-4095-85b7-648120717da9', EFF_DT='', EXPIR_DT='', DESCR_FORMATTED='Courses with Lecture only', LUI_STATE='kuali.lui.format.offering.state.offered', LUI_TYPE='kuali.lui.type.course.format.offering', MAX_SEATS='', MIN_SEATS='', NAME='Lecture Only', DESCR_PLAIN='Courses with Lecture only', REF_URL='' where ID='1bda6691-e75f-4282-a3bc-eec2660ed51e' and VER_NBR=1
/
update KSEN_LUI_IDENT set OBJ_ID='772968b9-d9f4-4161-b51a-7699735107b6', VER_NBR=2, UPDATEID='admin', UPDATETIME=TIMESTAMP '2014-02-06 11:03:35.263', LUI_CD='', DIVISION='', IDENT_LEVEL='', LNG_NAME='Lecture Only', LUI_ID='1bda6691-e75f-4282-a3bc-eec2660ed51e', ORGID='', SHRT_NAME='LEC', LUI_ID_STATE='kuali.lui.identifier.state.active', SUFX_CD='', LUI_ID_TYPE='kuali.lui.identifier.type.official', VARTN='' where ID='4a031c56-76ec-48e0-987a-3286a40bef14' and VER_NBR=1
/
delete from KSEN_LUI_RELATED_LUI_TYPES where LUI_ID='1bda6691-e75f-4282-a3bc-eec2660ed51e'
/
insert into KSEN_LUI_RELATED_LUI_TYPES (LUI_ID, RELATED_LUI_TYPE) values ('1bda6691-e75f-4282-a3bc-eec2660ed51e', 'kuali.lui.type.activity.offering.lecture')
/
update KSEN_LUI set OBJ_ID='36b584dd-00fe-437d-a4e0-9d4237136365', VER_NBR=2, UPDATEID='admin', UPDATETIME=TIMESTAMP '2014-02-06 11:03:35.263', ATP_ID='kuali.atp.2014Winter', CLU_ID='CLUID-HIST319-198001000000', EFF_DT=TIMESTAMP '2014-01-02 00:00:00.0', EXPIR_DT='', DESCR_FORMATTED='', LUI_STATE='kuali.lui.course.offering.state.offered', LUI_TYPE='kuali.lui.type.course.offering', MAX_SEATS='', MIN_SEATS='', NAME='HIST319D CO', DESCR_PLAIN='.', REF_URL=null where ID='7890d38f-c690-4730-971e-94a000251b49' and VER_NBR=1
/
update KSEN_LUI_IDENT set OBJ_ID='5c5d899c-e8a7-4cdd-bd49-df4a2aa60bc4', VER_NBR=2, UPDATEID='admin', UPDATETIME=TIMESTAMP '2014-02-06 11:03:35.263', LUI_CD='HIST319D', DIVISION='HIST', IDENT_LEVEL='', LNG_NAME='Special Topics in History', LUI_ID='7890d38f-c690-4730-971e-94a000251b49', ORGID='', SHRT_NAME='', LUI_ID_STATE='kuali.lui.identifier.state.active', SUFX_CD='D', LUI_ID_TYPE='kuali.lui.identifier.type.official', VARTN='' where ID='80738d7c-7083-4a9b-abdd-2fe785d7ae72' and VER_NBR=1
/
update KSEN_LUI_LU_CD set OBJ_ID='25822667-08bd-4c07-8fc0-5e5465329c2e', VER_NBR=2, UPDATEID='admin', UPDATETIME=TIMESTAMP '2014-02-06 11:03:35.263', DESCR_FORMATTED='', LUI_ID='7890d38f-c690-4730-971e-94a000251b49', DESCR_PLAIN='', LUI_LUCD_TYPE='kuali.lu.code.honorsOffering', VALUE='' where ID='ab924e4e-f246-48d6-8d76-4d0fd7a66d69' and VER_NBR=1
/
delete from KSEN_LUI_UNITS_CONT_OWNER where LUI_ID='7890d38f-c690-4730-971e-94a000251b49'
/
insert into KSEN_LUI_UNITS_CONT_OWNER (LUI_ID, ORG_ID) values ('7890d38f-c690-4730-971e-94a000251b49', '3213375036')
/
delete from KSEN_LUI_RESULT_VAL_GRP where LUI_ID='7890d38f-c690-4730-971e-94a000251b49'
/
insert into KSEN_LUI_RESULT_VAL_GRP (LUI_ID, RESULT_VAL_GRP_ID) values ('7890d38f-c690-4730-971e-94a000251b49', 'kuali.creditType.credit.degree.3.0')
/
insert into KSEN_LUI_RESULT_VAL_GRP (LUI_ID, RESULT_VAL_GRP_ID) values ('7890d38f-c690-4730-971e-94a000251b49', 'kuali.resultComponent.grade.audit')
/
insert into KSEN_LUI_RESULT_VAL_GRP (LUI_ID, RESULT_VAL_GRP_ID) values ('7890d38f-c690-4730-971e-94a000251b49', 'kuali.resultComponent.grade.letter')
/
insert into KSEN_LUI_RESULT_VAL_GRP (LUI_ID, RESULT_VAL_GRP_ID) values ('7890d38f-c690-4730-971e-94a000251b49', 'kuali.resultComponent.grade.passFail')
/
update KSEN_LUI set OBJ_ID='445d85f1-14ed-4118-8b70-728761089a07', VER_NBR=1, UPDATEID='admin', UPDATETIME=TIMESTAMP '2014-02-06 11:03:35.263', ATP_ID='kuali.atp.2014Winter', CLU_ID='ccb3c17e-6eaf-4095-85b7-648120717da9', EFF_DT='', EXPIR_DT='', DESCR_FORMATTED='1001', LUI_STATE='kuali.lui.registration.group.state.offered', LUI_TYPE='kuali.lui.type.registration.group', MAX_SEATS='', MIN_SEATS='', NAME='1001', DESCR_PLAIN='1001', REF_URL='' where ID='281f047f-3c37-48ea-a948-18f497735521' and VER_NBR=0
/
update KSEN_LUI_IDENT set OBJ_ID='10fdaec5-0de6-4b19-8d3c-1ed78d7af4c2', VER_NBR=1, UPDATEID='admin', UPDATETIME=TIMESTAMP '2014-02-06 11:03:35.263', LUI_CD='', DIVISION='', IDENT_LEVEL='', LNG_NAME='', LUI_ID='281f047f-3c37-48ea-a948-18f497735521', ORGID='', SHRT_NAME='', LUI_ID_STATE='kuali.lui.identifier.state.active', SUFX_CD='', LUI_ID_TYPE='kuali.lui.identifier.type.official', VARTN='' where ID='5f7ac700-d902-4c6d-8ccf-b5880aa5affb' and VER_NBR=0
/
update KSEN_LUI set OBJ_ID='c7ef680b-05f1-4ca7-ad52-e4f8e42c4ff5', VER_NBR=3, UPDATEID='admin', UPDATETIME=TIMESTAMP '2014-02-06 11:03:35.263', ATP_ID='kuali.atp.2014Winter', CLU_ID='44ad3dfb-8855-4c58-ab14-33afc312293b', EFF_DT='', EXPIR_DT='', DESCR_FORMATTED='Courses with lecture', LUI_STATE='kuali.lui.activity.offering.state.offered', LUI_TYPE='kuali.lui.type.activity.offering.lecture', MAX_SEATS=40, MIN_SEATS=40, NAME='Lecture', DESCR_PLAIN='Courses with lecture', REF_URL=null where ID='5915bd76-1cf9-49f2-836b-6ee9ffc62d3f' and VER_NBR=2
/
update KSEN_LUI_IDENT set OBJ_ID='bf8a2eaf-fd61-45b9-bada-97e315c58be3', VER_NBR=3, UPDATEID='admin', UPDATETIME=TIMESTAMP '2014-02-06 11:03:35.263', LUI_CD='A', DIVISION='', IDENT_LEVEL='', LNG_NAME='', LUI_ID='5915bd76-1cf9-49f2-836b-6ee9ffc62d3f', ORGID='', SHRT_NAME='', LUI_ID_STATE='kuali.lui.identifier.state.active', SUFX_CD='', LUI_ID_TYPE='kuali.lui.identifier.type.official', VARTN='' where ID='69fabd79-e8d9-418a-88a1-fdf1d08e5ee2' and VER_NBR=2
/
update KSEN_LUI_LU_CD set OBJ_ID='5c893fe8-7d83-48c9-a92b-d1843a7da81c', VER_NBR=3, UPDATEID='admin', UPDATETIME=TIMESTAMP '2014-02-06 11:03:35.263', DESCR_FORMATTED='', LUI_ID='5915bd76-1cf9-49f2-836b-6ee9ffc62d3f', DESCR_PLAIN='', LUI_LUCD_TYPE='kuali.lu.code.honorsOffering', VALUE=0 where ID='067231a4-712e-46fb-8aa0-f85036c15820' and VER_NBR=2
/
update KSEN_LUI set OBJ_ID='44d74789-1cc9-4c98-833a-67ef7f7d7b29', VER_NBR=2, UPDATEID='admin', UPDATETIME=TIMESTAMP '2014-02-06 11:03:35.263', ATP_ID='kuali.atp.2014Winter', CLU_ID='4ddd26da-68e3-406f-b62f-1b36beb96f0f', EFF_DT='', EXPIR_DT='', DESCR_FORMATTED='Courses with Lecture only', LUI_STATE='kuali.lui.format.offering.state.offered', LUI_TYPE='kuali.lui.type.course.format.offering', MAX_SEATS='', MIN_SEATS='', NAME='Lecture Only', DESCR_PLAIN='Courses with Lecture only', REF_URL='' where ID='7da7fcd6-51b2-4526-a425-5a5767170e10' and VER_NBR=1
/
update KSEN_LUI_IDENT set OBJ_ID='4e16dbda-e64d-42f2-929c-8e5f60b05c58', VER_NBR=2, UPDATEID='admin', UPDATETIME=TIMESTAMP '2014-02-06 11:03:35.263', LUI_CD='', DIVISION='', IDENT_LEVEL='', LNG_NAME='Lecture Only', LUI_ID='7da7fcd6-51b2-4526-a425-5a5767170e10', ORGID='', SHRT_NAME='LEC', LUI_ID_STATE='kuali.lui.identifier.state.active', SUFX_CD='', LUI_ID_TYPE='kuali.lui.identifier.type.official', VARTN='' where ID='5126dc33-29f9-497e-b3b2-bee3a4a20cdb' and VER_NBR=1
/
delete from KSEN_LUI_RELATED_LUI_TYPES where LUI_ID='7da7fcd6-51b2-4526-a425-5a5767170e10'
/
insert into KSEN_LUI_RELATED_LUI_TYPES (LUI_ID, RELATED_LUI_TYPE) values ('7da7fcd6-51b2-4526-a425-5a5767170e10', 'kuali.lui.type.activity.offering.lecture')
/
update KSEN_LUI set OBJ_ID='770d687f-a8fa-4e71-9deb-457cfc784295', VER_NBR=2, UPDATEID='admin', UPDATETIME=TIMESTAMP '2014-02-06 11:03:35.263', ATP_ID='kuali.atp.2014Winter', CLU_ID='9fb75593-9445-44ce-8d82-53e1634ae52d', EFF_DT=TIMESTAMP '2014-01-02 00:00:00.0', EXPIR_DT='', DESCR_FORMATTED='', LUI_STATE='kuali.lui.course.offering.state.offered', LUI_TYPE='kuali.lui.type.course.offering', MAX_SEATS='', MIN_SEATS='', NAME='WMST498M CO', DESCR_PLAIN='.', REF_URL=null where ID='76779892-5167-478d-9187-e5b7b824c6a9' and VER_NBR=1
/
update KSEN_LUI_IDENT set OBJ_ID='876e9fbf-4758-40b0-b284-bcf1e0cf2381', VER_NBR=2, UPDATEID='admin', UPDATETIME=TIMESTAMP '2014-02-06 11:03:35.263', LUI_CD='WMST498M', DIVISION='WMST', IDENT_LEVEL='', LNG_NAME='Advanced Special Topics in Women''s Studies', LUI_ID='76779892-5167-478d-9187-e5b7b824c6a9', ORGID='', SHRT_NAME='', LUI_ID_STATE='kuali.lui.identifier.state.active', SUFX_CD='M', LUI_ID_TYPE='kuali.lui.identifier.type.official', VARTN='' where ID='2e862515-0a95-4381-8fd9-57b3969227d7' and VER_NBR=1
/
update KSEN_LUI_LU_CD set OBJ_ID='d939c3c4-bc15-41db-bb79-9a91f6cc83c7', VER_NBR=2, UPDATEID='admin', UPDATETIME=TIMESTAMP '2014-02-06 11:03:35.263', DESCR_FORMATTED='', LUI_ID='76779892-5167-478d-9187-e5b7b824c6a9', DESCR_PLAIN='', LUI_LUCD_TYPE='kuali.lu.code.honorsOffering', VALUE='' where ID='7b8c0ca9-aeae-4324-8325-ba28f390a209' and VER_NBR=1
/
delete from KSEN_LUI_UNITS_CONT_OWNER where LUI_ID='76779892-5167-478d-9187-e5b7b824c6a9'
/
insert into KSEN_LUI_UNITS_CONT_OWNER (LUI_ID, ORG_ID) values ('76779892-5167-478d-9187-e5b7b824c6a9', '4014660630')
/
delete from KSEN_LUI_RESULT_VAL_GRP where LUI_ID='76779892-5167-478d-9187-e5b7b824c6a9'
/
insert into KSEN_LUI_RESULT_VAL_GRP (LUI_ID, RESULT_VAL_GRP_ID) values ('76779892-5167-478d-9187-e5b7b824c6a9', 'kuali.creditType.credit.degree.1.0,1.5,2.0,2.5,3.0')
/
insert into KSEN_LUI_RESULT_VAL_GRP (LUI_ID, RESULT_VAL_GRP_ID) values ('76779892-5167-478d-9187-e5b7b824c6a9', 'kuali.resultComponent.grade.audit')
/
insert into KSEN_LUI_RESULT_VAL_GRP (LUI_ID, RESULT_VAL_GRP_ID) values ('76779892-5167-478d-9187-e5b7b824c6a9', 'kuali.resultComponent.grade.letter')
/
insert into KSEN_LUI_RESULT_VAL_GRP (LUI_ID, RESULT_VAL_GRP_ID) values ('76779892-5167-478d-9187-e5b7b824c6a9', 'kuali.resultComponent.grade.passFail')
/
update KSEN_LUI set OBJ_ID='301b4be4-8bad-4b62-882a-cf72446ef7f8', VER_NBR=1, UPDATEID='admin', UPDATETIME=TIMESTAMP '2014-02-06 11:03:35.263', ATP_ID='kuali.atp.2014Winter', CLU_ID='4ddd26da-68e3-406f-b62f-1b36beb96f0f', EFF_DT='', EXPIR_DT='', DESCR_FORMATTED='1001', LUI_STATE='kuali.lui.registration.group.state.offered', LUI_TYPE='kuali.lui.type.registration.group', MAX_SEATS='', MIN_SEATS='', NAME='1001', DESCR_PLAIN='1001', REF_URL='' where ID='2d3f2f6f-7d9f-4eb5-973b-42659284348d' and VER_NBR=0
/
update KSEN_LUI_IDENT set OBJ_ID='42d79c65-7b68-4f55-be89-cde4e6930aea', VER_NBR=1, UPDATEID='admin', UPDATETIME=TIMESTAMP '2014-02-06 11:03:35.263', LUI_CD='', DIVISION='', IDENT_LEVEL='', LNG_NAME='', LUI_ID='2d3f2f6f-7d9f-4eb5-973b-42659284348d', ORGID='', SHRT_NAME='', LUI_ID_STATE='kuali.lui.identifier.state.active', SUFX_CD='', LUI_ID_TYPE='kuali.lui.identifier.type.official', VARTN='' where ID='2ce5215f-c383-4867-828c-bb33669d0172' and VER_NBR=0
/
update KSEN_LUI set OBJ_ID='b72f273e-162e-4dda-8725-a625bebbf43b', VER_NBR=3, UPDATEID='admin', UPDATETIME=TIMESTAMP '2014-02-06 11:03:35.263', ATP_ID='kuali.atp.2014Winter', CLU_ID='702e6aba-fe80-4713-9ec7-caa1759a74e8', EFF_DT='', EXPIR_DT='', DESCR_FORMATTED='Courses with lecture', LUI_STATE='kuali.lui.activity.offering.state.offered', LUI_TYPE='kuali.lui.type.activity.offering.lecture', MAX_SEATS=25, MIN_SEATS=25, NAME='Lecture', DESCR_PLAIN='Courses with lecture', REF_URL=null where ID='b480f7fc-c07b-4eec-8daa-130e7868394c' and VER_NBR=2
/
update KSEN_LUI_IDENT set OBJ_ID='cc3981cc-2de6-4b71-944f-3adf5bf3be1f', VER_NBR=3, UPDATEID='admin', UPDATETIME=TIMESTAMP '2014-02-06 11:03:35.263', LUI_CD='A', DIVISION='', IDENT_LEVEL='', LNG_NAME='', LUI_ID='b480f7fc-c07b-4eec-8daa-130e7868394c', ORGID='', SHRT_NAME='', LUI_ID_STATE='kuali.lui.identifier.state.active', SUFX_CD='', LUI_ID_TYPE='kuali.lui.identifier.type.official', VARTN='' where ID='41348993-d9c4-4d77-abb8-cfce8c74ea4c' and VER_NBR=2
/
update KSEN_LUI_LU_CD set OBJ_ID='5e283f0a-3393-46ed-916a-28edb4eae9f6', VER_NBR=3, UPDATEID='admin', UPDATETIME=TIMESTAMP '2014-02-06 11:03:35.263', DESCR_FORMATTED='', LUI_ID='b480f7fc-c07b-4eec-8daa-130e7868394c', DESCR_PLAIN='', LUI_LUCD_TYPE='kuali.lu.code.honorsOffering', VALUE=0 where ID='d81250cb-a62b-43fb-96f9-0ecf432415e4' and VER_NBR=2
/
update KSEN_LUI set OBJ_ID='38114ce4-a26e-41bd-b2ba-a042cc77874d', VER_NBR=2, UPDATEID='admin', UPDATETIME=TIMESTAMP '2014-02-06 11:03:35.263', ATP_ID='kuali.atp.2014Winter', CLU_ID='85d23c02-4b65-44bd-8718-3e0f409a7015', EFF_DT='', EXPIR_DT='', DESCR_FORMATTED='Courses with Lecture only', LUI_STATE='kuali.lui.format.offering.state.offered', LUI_TYPE='kuali.lui.type.course.format.offering', MAX_SEATS='', MIN_SEATS='', NAME='Lecture Only', DESCR_PLAIN='Courses with Lecture only', REF_URL='' where ID='3d2a61bd-2465-484e-88a9-c2cf891cdf2b' and VER_NBR=1
/
update KSEN_LUI_IDENT set OBJ_ID='2da8adcd-5f79-49c6-ae5d-554a8fbe822c', VER_NBR=2, UPDATEID='admin', UPDATETIME=TIMESTAMP '2014-02-06 11:03:35.263', LUI_CD='', DIVISION='', IDENT_LEVEL='', LNG_NAME='Lecture Only', LUI_ID='3d2a61bd-2465-484e-88a9-c2cf891cdf2b', ORGID='', SHRT_NAME='LEC', LUI_ID_STATE='kuali.lui.identifier.state.active', SUFX_CD='', LUI_ID_TYPE='kuali.lui.identifier.type.official', VARTN='' where ID='2a8ee320-4e7e-497c-a403-0a4e9f5a4e99' and VER_NBR=1
/
delete from KSEN_LUI_RELATED_LUI_TYPES where LUI_ID='3d2a61bd-2465-484e-88a9-c2cf891cdf2b'
/
insert into KSEN_LUI_RELATED_LUI_TYPES (LUI_ID, RELATED_LUI_TYPE) values ('3d2a61bd-2465-484e-88a9-c2cf891cdf2b', 'kuali.lui.type.activity.offering.lecture')
/
update KSEN_LUI set OBJ_ID='a7a3ef0f-97fb-4289-95e9-8a9611260307', VER_NBR=2, UPDATEID='admin', UPDATETIME=TIMESTAMP '2014-02-06 11:03:35.263', ATP_ID='kuali.atp.2014Winter', CLU_ID='0d58db7f-de33-4ab1-8d4a-7d8d9a7fce2b', EFF_DT=TIMESTAMP '2014-01-02 00:00:00.0', EXPIR_DT='', DESCR_FORMATTED='A cross-section of American folk and popular songs in their cultural contexts; artists from Bill Monroe to Robert Johnson.', LUI_STATE='kuali.lui.course.offering.state.offered', LUI_TYPE='kuali.lui.type.course.offering', MAX_SEATS='', MIN_SEATS='', NAME='ENGL462 CO', DESCR_PLAIN='A cross-section of American folk and popular songs in their cultural contexts; artists from Bill Monroe to Robert Johnson.', REF_URL=null where ID='cccc982e-567b-49ae-bc77-afcfd9d99886' and VER_NBR=1
/
update KSEN_LUI_IDENT set OBJ_ID='fa7b05cc-0277-46ff-a520-2dfb219921e7', VER_NBR=2, UPDATEID='admin', UPDATETIME=TIMESTAMP '2014-02-06 11:03:35.263', LUI_CD='ENGL462', DIVISION='ENGL', IDENT_LEVEL='', LNG_NAME='Folksong and Ballad', LUI_ID='cccc982e-567b-49ae-bc77-afcfd9d99886', ORGID='', SHRT_NAME='', LUI_ID_STATE='kuali.lui.identifier.state.active', SUFX_CD='', LUI_ID_TYPE='kuali.lui.identifier.type.official', VARTN='' where ID='92c7159d-4170-4d86-ad10-2693cd18cacc' and VER_NBR=1
/
update KSEN_LUI_LU_CD set OBJ_ID='9d08cdac-1235-4d60-92cd-7dfdd70b2e39', VER_NBR=2, UPDATEID='admin', UPDATETIME=TIMESTAMP '2014-02-06 11:03:35.263', DESCR_FORMATTED='', LUI_ID='cccc982e-567b-49ae-bc77-afcfd9d99886', DESCR_PLAIN='', LUI_LUCD_TYPE='kuali.lu.code.honorsOffering', VALUE='' where ID='5fb18400-5597-4650-85fc-894ed9d1f4dd' and VER_NBR=1
/
delete from KSEN_LUI_UNITS_CONT_OWNER where LUI_ID='cccc982e-567b-49ae-bc77-afcfd9d99886'
/
insert into KSEN_LUI_UNITS_CONT_OWNER (LUI_ID, ORG_ID) values ('cccc982e-567b-49ae-bc77-afcfd9d99886', '2677933260')
/
delete from KSEN_LUI_RESULT_VAL_GRP where LUI_ID='cccc982e-567b-49ae-bc77-afcfd9d99886'
/
insert into KSEN_LUI_RESULT_VAL_GRP (LUI_ID, RESULT_VAL_GRP_ID) values ('cccc982e-567b-49ae-bc77-afcfd9d99886', 'kuali.creditType.credit.degree.3.0')
/
insert into KSEN_LUI_RESULT_VAL_GRP (LUI_ID, RESULT_VAL_GRP_ID) values ('cccc982e-567b-49ae-bc77-afcfd9d99886', 'kuali.resultComponent.grade.audit')
/
insert into KSEN_LUI_RESULT_VAL_GRP (LUI_ID, RESULT_VAL_GRP_ID) values ('cccc982e-567b-49ae-bc77-afcfd9d99886', 'kuali.resultComponent.grade.letter')
/
insert into KSEN_LUI_RESULT_VAL_GRP (LUI_ID, RESULT_VAL_GRP_ID) values ('cccc982e-567b-49ae-bc77-afcfd9d99886', 'kuali.resultComponent.grade.passFail')
/
update KSEN_LUI set OBJ_ID='c60a6f63-b1c9-4fa6-aed0-84b1f6db222c', VER_NBR=1, UPDATEID='admin', UPDATETIME=TIMESTAMP '2014-02-06 11:03:35.263', ATP_ID='kuali.atp.2014Winter', CLU_ID='85d23c02-4b65-44bd-8718-3e0f409a7015', EFF_DT='', EXPIR_DT='', DESCR_FORMATTED='1001', LUI_STATE='kuali.lui.registration.group.state.offered', LUI_TYPE='kuali.lui.type.registration.group', MAX_SEATS='', MIN_SEATS='', NAME='1001', DESCR_PLAIN='1001', REF_URL='' where ID='c3a8855d-6109-4649-9c8c-c6f576b19a5b' and VER_NBR=0
/
update KSEN_LUI_IDENT set OBJ_ID='dce393ab-1a57-477e-87fe-9c427e78edd3', VER_NBR=1, UPDATEID='admin', UPDATETIME=TIMESTAMP '2014-02-06 11:03:35.263', LUI_CD='', DIVISION='', IDENT_LEVEL='', LNG_NAME='', LUI_ID='c3a8855d-6109-4649-9c8c-c6f576b19a5b', ORGID='', SHRT_NAME='', LUI_ID_STATE='kuali.lui.identifier.state.active', SUFX_CD='', LUI_ID_TYPE='kuali.lui.identifier.type.official', VARTN='' where ID='c1820ba3-48e9-4a3e-b24f-c227fff758be' and VER_NBR=0
/
update KSEN_LUI set OBJ_ID='809b3b6d-01be-47b1-b330-966985e09a4e', VER_NBR=3, UPDATEID='admin', UPDATETIME=TIMESTAMP '2014-02-06 11:03:35.263', ATP_ID='kuali.atp.2014Winter', CLU_ID='b924f9c0-90f0-4eb0-a19e-ca064dc891e4', EFF_DT='', EXPIR_DT='', DESCR_FORMATTED='Courses with lecture', LUI_STATE='kuali.lui.activity.offering.state.offered', LUI_TYPE='kuali.lui.type.activity.offering.lecture', MAX_SEATS=40, MIN_SEATS=40, NAME='Lecture', DESCR_PLAIN='Courses with lecture', REF_URL=null where ID='3cd5edbf-9d61-461d-a7a6-6482d78a7c37' and VER_NBR=2
/
update KSEN_LUI_IDENT set OBJ_ID='878f4bc8-c995-4489-b3d7-b91dc08e71a5', VER_NBR=3, UPDATEID='admin', UPDATETIME=TIMESTAMP '2014-02-06 11:03:35.263', LUI_CD='A', DIVISION='', IDENT_LEVEL='', LNG_NAME='', LUI_ID='3cd5edbf-9d61-461d-a7a6-6482d78a7c37', ORGID='', SHRT_NAME='', LUI_ID_STATE='kuali.lui.identifier.state.active', SUFX_CD='', LUI_ID_TYPE='kuali.lui.identifier.type.official', VARTN='' where ID='485de95d-eb8e-4424-84d2-19e5e577ec6c' and VER_NBR=2
/
update KSEN_LUI_LU_CD set OBJ_ID='095ffcd6-aa36-485a-8ac8-8f437fe15071', VER_NBR=3, UPDATEID='admin', UPDATETIME=TIMESTAMP '2014-02-06 11:03:35.263', DESCR_FORMATTED='', LUI_ID='3cd5edbf-9d61-461d-a7a6-6482d78a7c37', DESCR_PLAIN='', LUI_LUCD_TYPE='kuali.lu.code.honorsOffering', VALUE=0 where ID='d6188218-bdc5-4443-b26d-9b17ac673f7d' and VER_NBR=2
/
update KSEN_LUI set OBJ_ID='e044230e-4bec-4a85-a3f4-1696dae745f3', VER_NBR=2, UPDATEID='admin', UPDATETIME=TIMESTAMP '2014-02-06 11:03:35.263', ATP_ID='kuali.atp.2014Winter', CLU_ID='2acda501-2afd-4b9e-b08f-76d97c038024', EFF_DT='', EXPIR_DT='', DESCR_FORMATTED='Courses with Lecture only', LUI_STATE='kuali.lui.format.offering.state.offered', LUI_TYPE='kuali.lui.type.course.format.offering', MAX_SEATS='', MIN_SEATS='', NAME='Lecture Only', DESCR_PLAIN='Courses with Lecture only', REF_URL='' where ID='bb98a3ed-cf52-4068-bb2d-e3d3179ade28' and VER_NBR=1
/
update KSEN_LUI_IDENT set OBJ_ID='cd43eb8f-4565-4324-9870-546141f34c6d', VER_NBR=2, UPDATEID='admin', UPDATETIME=TIMESTAMP '2014-02-06 11:03:35.263', LUI_CD='', DIVISION='', IDENT_LEVEL='', LNG_NAME='Lecture Only', LUI_ID='bb98a3ed-cf52-4068-bb2d-e3d3179ade28', ORGID='', SHRT_NAME='LEC', LUI_ID_STATE='kuali.lui.identifier.state.active', SUFX_CD='', LUI_ID_TYPE='kuali.lui.identifier.type.official', VARTN='' where ID='4dfff8f3-47cb-4ab4-8e1d-d3a2252f1b04' and VER_NBR=1
/
delete from KSEN_LUI_RELATED_LUI_TYPES where LUI_ID='bb98a3ed-cf52-4068-bb2d-e3d3179ade28'
/
insert into KSEN_LUI_RELATED_LUI_TYPES (LUI_ID, RELATED_LUI_TYPE) values ('bb98a3ed-cf52-4068-bb2d-e3d3179ade28', 'kuali.lui.type.activity.offering.lecture')
/
update KSEN_LUI set OBJ_ID='5601bdfb-1b22-4fce-a1de-009a932e0aab', VER_NBR=2, UPDATEID='admin', UPDATETIME=TIMESTAMP '2014-02-06 11:03:35.263', ATP_ID='kuali.atp.2014Winter', CLU_ID='CLUID-HIST429-200801000000', EFF_DT=TIMESTAMP '2014-01-02 00:00:00.0', EXPIR_DT='', DESCR_FORMATTED='', LUI_STATE='kuali.lui.course.offering.state.offered', LUI_TYPE='kuali.lui.type.course.offering', MAX_SEATS='', MIN_SEATS='', NAME='HIST429G CO', DESCR_PLAIN='.', REF_URL=null where ID='d3c8b8a7-a130-46f3-bbf8-1a9dab619c10' and VER_NBR=1
/
update KSEN_LUI_IDENT set OBJ_ID='47da0b88-7487-4c27-bca3-1693aafac11c', VER_NBR=2, UPDATEID='admin', UPDATETIME=TIMESTAMP '2014-02-06 11:03:35.263', LUI_CD='HIST429G', DIVISION='HIST', IDENT_LEVEL='', LNG_NAME='Special Topics in History', LUI_ID='d3c8b8a7-a130-46f3-bbf8-1a9dab619c10', ORGID='', SHRT_NAME='', LUI_ID_STATE='kuali.lui.identifier.state.active', SUFX_CD='G', LUI_ID_TYPE='kuali.lui.identifier.type.official', VARTN='' where ID='fa349626-2c80-4138-95e4-ec3efbf246ce' and VER_NBR=1
/
update KSEN_LUI_LU_CD set OBJ_ID='d5391059-d638-4860-ba3e-61aeeba63e69', VER_NBR=2, UPDATEID='admin', UPDATETIME=TIMESTAMP '2014-02-06 11:03:35.263', DESCR_FORMATTED='', LUI_ID='d3c8b8a7-a130-46f3-bbf8-1a9dab619c10', DESCR_PLAIN='', LUI_LUCD_TYPE='kuali.lu.code.honorsOffering', VALUE='' where ID='bb4533b9-b6ec-4392-84bf-cdd54b8b16f3' and VER_NBR=1
/
delete from KSEN_LUI_UNITS_CONT_OWNER where LUI_ID='d3c8b8a7-a130-46f3-bbf8-1a9dab619c10'
/
insert into KSEN_LUI_UNITS_CONT_OWNER (LUI_ID, ORG_ID) values ('d3c8b8a7-a130-46f3-bbf8-1a9dab619c10', '3213375036')
/
delete from KSEN_LUI_RESULT_VAL_GRP where LUI_ID='d3c8b8a7-a130-46f3-bbf8-1a9dab619c10'
/
insert into KSEN_LUI_RESULT_VAL_GRP (LUI_ID, RESULT_VAL_GRP_ID) values ('d3c8b8a7-a130-46f3-bbf8-1a9dab619c10', 'kuali.creditType.credit.degree.3.0')
/
insert into KSEN_LUI_RESULT_VAL_GRP (LUI_ID, RESULT_VAL_GRP_ID) values ('d3c8b8a7-a130-46f3-bbf8-1a9dab619c10', 'kuali.resultComponent.grade.audit')
/
insert into KSEN_LUI_RESULT_VAL_GRP (LUI_ID, RESULT_VAL_GRP_ID) values ('d3c8b8a7-a130-46f3-bbf8-1a9dab619c10', 'kuali.resultComponent.grade.letter')
/
insert into KSEN_LUI_RESULT_VAL_GRP (LUI_ID, RESULT_VAL_GRP_ID) values ('d3c8b8a7-a130-46f3-bbf8-1a9dab619c10', 'kuali.resultComponent.grade.passFail')
/
update KSEN_LUI set OBJ_ID='e6587a77-e55f-4836-96bf-1ea277d7bc63', VER_NBR=1, UPDATEID='admin', UPDATETIME=TIMESTAMP '2014-02-06 11:03:35.263', ATP_ID='kuali.atp.2014Winter', CLU_ID='2acda501-2afd-4b9e-b08f-76d97c038024', EFF_DT='', EXPIR_DT='', DESCR_FORMATTED='1001', LUI_STATE='kuali.lui.registration.group.state.offered', LUI_TYPE='kuali.lui.type.registration.group', MAX_SEATS='', MIN_SEATS='', NAME='1001', DESCR_PLAIN='1001', REF_URL='' where ID='1bb04cae-adf5-43d6-aa49-ce29716a9351' and VER_NBR=0
/
update KSEN_LUI_IDENT set OBJ_ID='07f27db6-7816-48b5-977d-de7e337ae05d', VER_NBR=1, UPDATEID='admin', UPDATETIME=TIMESTAMP '2014-02-06 11:03:35.263', LUI_CD='', DIVISION='', IDENT_LEVEL='', LNG_NAME='', LUI_ID='1bb04cae-adf5-43d6-aa49-ce29716a9351', ORGID='', SHRT_NAME='', LUI_ID_STATE='kuali.lui.identifier.state.active', SUFX_CD='', LUI_ID_TYPE='kuali.lui.identifier.type.official', VARTN='' where ID='627e1d67-1afc-4053-a2e5-3da28d392538' and VER_NBR=0
/
insert into KSEN_SOC_ATTR (OBJ_ID, ATTR_KEY, OWNER_ID, ATTR_VALUE, ID) values ('f9f6a682-bb4e-4017-ab68-4fdf3b4eaed7', 'kuali.soc.state.published', '59BBF768-1CB7-4C50-93AD-C6D92D6DC7A0', '2014-02-06T11:04:04.215-0500', '421f524d-bd15-4a4a-9268-32aa733eab0b')
/
update KSEN_SOC set OBJ_ID='181AD498-CF85-43A3-AC46-EA023C8751F9', VER_NBR=7, UPDATEID='admin', UPDATETIME=TIMESTAMP '2014-02-06 11:04:04.215', DESCR_FORMATTED='', NAME='', DESCR_PLAIN='', SOC_STATE='kuali.soc.state.published', SOC_TYPE='kuali.soc.type.main', SUBJECT_AREA='', TERM_ID='kuali.atp.2014Winter', UNITS_CONTENT_OWNER_ID='' where ID='59BBF768-1CB7-4C50-93AD-C6D92D6DC7A0' and VER_NBR=6
/
