-- KSENROLL-10061
-- Term = kuali.atp.2011Fall / 201108, coCode = BSCI105M
-- AO data
insert into KSEN_LUI (OBJ_ID, VER_NBR, CREATEID, CREATETIME, UPDATEID, UPDATETIME, ATP_ID, CLU_ID, EFF_DT, EXPIR_DT, DESCR_FORMATTED, LUI_STATE, LUI_TYPE, MAX_SEATS, MIN_SEATS, NAME, DESCR_PLAIN, REF_URL, ID) values ('ab4870ca-262c-4ebf-b9ed-505a9c9412c6', 0, 'admin', TIMESTAMP '2013-10-23 12:05:35.31', 'admin', TIMESTAMP '2013-10-23 12:05:35.31', 'kuali.atp.2011Fall', '5fc1ad8f-2588-4d53-8ad3-66a87f5bc01d', '', '', '', 'kuali.lui.activity.offering.state.draft', 'kuali.lui.type.activity.offering.lab', 15, '', 'BSCI105M AO', '', '', 'c7df1880-0000-4d1a-86d2-3375e843b051')
/
insert into KSEN_LUI_ATTR (OBJ_ID, ATTR_KEY, OWNER_ID, ATTR_VALUE, ID) values ('a623077f-847e-4059-88aa-b67c9c381b58', 'kuali.attribute.course.evaluation.indicator', 'c7df1880-0000-4d1a-86d2-3375e843b051', 'null', 'b4b0b3c4-e7c0-48ce-96bb-3ee6d97b9214')
/
insert into KSEN_LUI_ATTR (OBJ_ID, ATTR_KEY, OWNER_ID, ATTR_VALUE, ID) values ('dd3c7a64-4429-49eb-9e1c-5f839f9eabb1', 'kuali.attribute.nonstd.ts.indicator', 'c7df1880-0000-4d1a-86d2-3375e843b051', '0', '322f6000-e727-4482-b731-30672a85c745')
/
insert into KSEN_LUI_ATTR (OBJ_ID, ATTR_KEY, OWNER_ID, ATTR_VALUE, ID) values ('f7b3bad3-6b71-4487-8cf1-8577601051ef', 'kuali.attribute.max.enrollment.is.estimate', 'c7df1880-0000-4d1a-86d2-3375e843b051', 'null', '3532b065-c388-4f38-a2a2-01cc7843c3d3')
/
insert into KSEN_LUI_IDENT (OBJ_ID, VER_NBR, CREATEID, CREATETIME, UPDATEID, UPDATETIME, LUI_CD, DIVISION, IDENT_LEVEL, LNG_NAME, LUI_ID, ORGID, SHRT_NAME, LUI_ID_STATE, SUFX_CD, LUI_ID_TYPE, VARTN, ID) values ('989ca8d4-cfc8-4fc4-ac54-92bd89932f38', 0, 'admin', TIMESTAMP '2013-10-23 12:05:35.31', 'admin', TIMESTAMP '2013-10-23 12:05:35.31', 'D', '', '', '', 'c7df1880-0000-4d1a-86d2-3375e843b051', '', '', 'kuali.lui.identifier.state.active', '', 'kuali.lui.identifier.type.official', '', '6730c842-fb67-4359-9742-9db1cfa5ed5b')
/
insert into KSEN_LUI_LU_CD (OBJ_ID, VER_NBR, CREATEID, CREATETIME, UPDATEID, UPDATETIME, DESCR_FORMATTED, LUI_ID, DESCR_PLAIN, LUI_LUCD_TYPE, VALUE, ID) values ('be6c6182-282c-47b6-b89a-a1b93ba66791', 0, 'admin', TIMESTAMP '2013-10-23 12:05:35.31', 'admin', TIMESTAMP '2013-10-23 12:05:35.31', '', 'c7df1880-0000-4d1a-86d2-3375e843b051', '', 'kuali.lu.code.honorsOffering', 'null', '851c3166-9802-40fc-8034-1b18090324f5')
/
insert into KSEN_LUILUI_RELTN (OBJ_ID, VER_NBR, CREATEID, CREATETIME, UPDATEID, UPDATETIME, EFF_DT, EXPIR_DT, DESCR_FORMATTED, LUI_ID, LUILUI_RELTN_STATE, LUILUI_RELTN_TYPE, NAME, DESCR_PLAIN, RELATED_LUI_ID, ID) values ('b6bc05ae-23f2-4d56-b50b-70792dc7f30b', 0, 'admin', TIMESTAMP '2013-10-23 12:05:35.31', 'admin', TIMESTAMP '2013-10-23 12:05:35.31', TIMESTAMP '2013-10-23 12:05:35.796', '', 'BSCI105M-FO-AO', '6d6259ed-1244-45cd-a8f9-7a3a5cf43f47', 'kuali.lui.lui.relation.state.active', 'kuali.lui.lui.relation.type.deliveredvia.fo2ao', 'fo-ao-relation', 'BSCI105M-FO-AO', 'c7df1880-0000-4d1a-86d2-3375e843b051', '65ff3cda-344d-4478-8fb3-7c8923d3c488')
/
-- Cluster data
insert into KSEN_CO_AO_CLUSTER_SET (OBJ_ID, ACTIVITY_OFFERING_TYPE, AO_CLUSTER_ID, ID) values ('ecd38021-dc77-40ea-9774-d5104b920460', 'kuali.lui.type.activity.offering.lab', '92ae1cb3-c401-4212-b344-59dac9754773', 'c0070b1e-1c58-41b0-9790-fa9d2e017eb0')
/
insert into KSEN_CO_AO_CLUSTER_SET_AO (AOC_SET_ID, ACTIVITY_OFFERING_ID) values ('c0070b1e-1c58-41b0-9790-fa9d2e017eb0', 'c7df1880-0000-4d1a-86d2-3375e843b051')
/

delete from KSEN_LUILUI_RELTN where ID='2962b25d-4665-4666-95cb-7d786bf637b6' and VER_NBR=0
/
delete from KSEN_LUILUI_RELTN where ID='5f183f5a-c17d-4628-acf8-7d82f292266c' and VER_NBR=0
/
delete from KSEN_LUI_ATTR where ID='bbd0a5f6-737f-41f4-9478-6b7319d2f884'
/
delete from KSEN_LUI_ATTR where ID='c28b6873-a1f0-478e-9ffc-c5af36aa98a1'
/
delete from KSEN_LUI_IDENT where ID='274f9b7f-85ab-45cd-a4fa-545faa79a543' and VER_NBR=0
/
delete from KSEN_LUI where ID='43fd64a8-db0b-4ef4-94bb-431ed4735947' and VER_NBR=1
/
delete from KSEN_LUILUI_RELTN where ID='2a880a08-1eb7-4b83-8233-5cb2342c0336' and VER_NBR=0
/
delete from KSEN_LUILUI_RELTN where ID='2630d02b-c889-4d86-a729-1f1c9f637b68' and VER_NBR=0
/
delete from KSEN_LUI_ATTR where ID='889ef7cc-56d3-46a8-9dfc-cacf71fbf14f'
/
delete from KSEN_LUI_ATTR where ID='14a5ad9b-a66a-4910-938f-998e2a9ee510'
/
delete from KSEN_LUI_IDENT where ID='c6c119dd-1eb2-4d84-9c6d-df180b922fc9' and VER_NBR=0
/
delete from KSEN_LUI where ID='1b61af8b-465d-4eff-9eb2-0b19b9d2675d' and VER_NBR=1
/
delete from KSEN_LUILUI_RELTN where ID='99991724-0329-462c-ac5b-18b0527dfaef' and VER_NBR=0
/
delete from KSEN_LUILUI_RELTN where ID='1ff1272b-7888-4fea-91ad-a3e360be5929' and VER_NBR=0
/
delete from KSEN_LUI_ATTR where ID='a4b269a9-d71c-4504-aa5a-99fa96192218'
/
delete from KSEN_LUI_ATTR where ID='28efddc8-23ab-4d7a-9820-5f2dbe06ea7f'
/
delete from KSEN_LUI_IDENT where ID='9be6c511-6b66-47c3-a24d-fb6d0b04c4c0' and VER_NBR=0
/
delete from KSEN_LUI where ID='5c49441a-dade-4296-b50a-4b5de5e48dfe' and VER_NBR=1
/
insert into KSEN_LUI_ATTR (OBJ_ID, ATTR_KEY, OWNER_ID, ATTR_VALUE, ID) values ('644ba32a-70b5-459b-bb18-7057185b3528', 'regCodePrefix', '6d6259ed-1244-45cd-a8f9-7a3a5cf43f47', '1', '2e95b010-dacc-466e-8447-f0653ab0f375')
/
delete from KSEN_LUI_RELATED_LUI_TYPES where LUI_ID='6d6259ed-1244-45cd-a8f9-7a3a5cf43f47'
/
insert into KSEN_LUI_RELATED_LUI_TYPES (LUI_ID, RELATED_LUI_TYPE) values ('6d6259ed-1244-45cd-a8f9-7a3a5cf43f47', 'kuali.lui.type.activity.offering.lab')
/
insert into KSEN_LUI_RELATED_LUI_TYPES (LUI_ID, RELATED_LUI_TYPE) values ('6d6259ed-1244-45cd-a8f9-7a3a5cf43f47', 'kuali.lui.type.activity.offering.lecture')
/
insert into KSEN_LUI (OBJ_ID, VER_NBR, CREATEID, CREATETIME, UPDATEID, UPDATETIME, ATP_ID, CLU_ID, EFF_DT, EXPIR_DT, DESCR_FORMATTED, LUI_STATE, LUI_TYPE, MAX_SEATS, MIN_SEATS, NAME, DESCR_PLAIN, REF_URL, ID) values ('cca5adcd-8b9e-4f46-b6f1-a3afbd18bc4a', 0, 'admin', TIMESTAMP '2013-10-23 12:05:35.31', 'admin', TIMESTAMP '2013-10-23 12:05:35.31', 'kuali.atp.2011Fall', '4db34db8-41d6-4522-b55b-5c861acec773', '', '', '1001', 'kuali.lui.registration.group.state.pending', 'kuali.lui.type.registration.group', '', '', '1001', '1001', '', 'a07a4049-9e18-4286-bcf3-c0d9995f76d4')
/
insert into KSEN_LUI_ATTR (OBJ_ID, ATTR_KEY, OWNER_ID, ATTR_VALUE, ID) values ('289474cc-4786-4c9f-8fd9-fd079bd40553', 'kuali.attribute.registration.group.aocluster.id', 'a07a4049-9e18-4286-bcf3-c0d9995f76d4', '92ae1cb3-c401-4212-b344-59dac9754773', '9913fa6d-85b8-4b9b-b8a7-ad09dc55cfb1')
/
insert into KSEN_LUI_ATTR (OBJ_ID, ATTR_KEY, OWNER_ID, ATTR_VALUE, ID) values ('9b870eb1-af7d-42b0-851f-66013fced6eb', 'kuali.attribute.registration.group.is.generated', 'a07a4049-9e18-4286-bcf3-c0d9995f76d4', '1', '78f2ea0f-7ff2-46d0-9d61-8a1e1100c0b9')
/
insert into KSEN_LUI_IDENT (OBJ_ID, VER_NBR, CREATEID, CREATETIME, UPDATEID, UPDATETIME, LUI_CD, DIVISION, IDENT_LEVEL, LNG_NAME, LUI_ID, ORGID, SHRT_NAME, LUI_ID_STATE, SUFX_CD, LUI_ID_TYPE, VARTN, ID) values ('c211c4e7-0c11-4db7-a976-aeaf90612026', 0, 'admin', TIMESTAMP '2013-10-23 12:05:35.31', 'admin', TIMESTAMP '2013-10-23 12:05:35.31', '', '', '', '', 'a07a4049-9e18-4286-bcf3-c0d9995f76d4', '', '', 'kuali.lui.identifier.state.active', '', 'kuali.lui.identifier.type.official', '', 'f02e3eec-4e2c-482c-a310-1298af23699c')
/
insert into KSEN_LUILUI_RELTN (OBJ_ID, VER_NBR, CREATEID, CREATETIME, UPDATEID, UPDATETIME, EFF_DT, EXPIR_DT, DESCR_FORMATTED, LUI_ID, LUILUI_RELTN_STATE, LUILUI_RELTN_TYPE, NAME, DESCR_PLAIN, RELATED_LUI_ID, ID) values ('dc6e3086-4159-4d29-9211-2f091a5e5ce6', 0, 'admin', TIMESTAMP '2013-10-23 12:05:35.31', 'admin', TIMESTAMP '2013-10-23 12:05:35.31', TIMESTAMP '2013-10-23 12:05:37.104', '', 'BSCI105M-FO-RG', '6d6259ed-1244-45cd-a8f9-7a3a5cf43f47', 'kuali.lui.lui.relation.state.active', 'kuali.lui.lui.relation.type.deliveredvia.fo2rg', 'fo-rg-relation', 'BSCI105M-FO-RG', 'a07a4049-9e18-4286-bcf3-c0d9995f76d4', '1bb23442-d952-4cf8-b8f6-00b6a0ee609d')
/
insert into KSEN_LUILUI_RELTN (OBJ_ID, VER_NBR, CREATEID, CREATETIME, UPDATEID, UPDATETIME, EFF_DT, EXPIR_DT, DESCR_FORMATTED, LUI_ID, LUILUI_RELTN_STATE, LUILUI_RELTN_TYPE, NAME, DESCR_PLAIN, RELATED_LUI_ID, ID) values ('506218b0-850e-4aaa-8682-d22e3d0e371b', 0, 'admin', TIMESTAMP '2013-10-23 12:05:35.31', 'admin', TIMESTAMP '2013-10-23 12:05:35.31', TIMESTAMP '2013-10-23 12:05:37.106', '', 'BSCI105M-RG-AO', 'a07a4049-9e18-4286-bcf3-c0d9995f76d4', 'kuali.lui.lui.relation.state.active', 'kuali.lui.lui.relation.type.registeredforvia.rg2ao', 'rg-ao-relation', 'BSCI105M-RG-AO', '9324dd89-0f48-4c43-add3-0714467bbf3a', '5794d19d-ba3a-4561-b999-0b9260c827cb')
/
insert into KSEN_LUILUI_RELTN (OBJ_ID, VER_NBR, CREATEID, CREATETIME, UPDATEID, UPDATETIME, EFF_DT, EXPIR_DT, DESCR_FORMATTED, LUI_ID, LUILUI_RELTN_STATE, LUILUI_RELTN_TYPE, NAME, DESCR_PLAIN, RELATED_LUI_ID, ID) values ('330c9271-7268-4c19-b33f-9cdb75875bd8', 0, 'admin', TIMESTAMP '2013-10-23 12:05:35.31', 'admin', TIMESTAMP '2013-10-23 12:05:35.31', TIMESTAMP '2013-10-23 12:05:37.107', '', 'BSCI105M-RG-AO', 'a07a4049-9e18-4286-bcf3-c0d9995f76d4', 'kuali.lui.lui.relation.state.active', 'kuali.lui.lui.relation.type.registeredforvia.rg2ao', 'rg-ao-relation', 'BSCI105M-RG-AO', 'c7df1880-0000-4d1a-86d2-3375e843b051', '0b25067d-065d-43cf-8c97-6551d2f9e3d9')
/
insert into KSEN_LUI (OBJ_ID, VER_NBR, CREATEID, CREATETIME, UPDATEID, UPDATETIME, ATP_ID, CLU_ID, EFF_DT, EXPIR_DT, DESCR_FORMATTED, LUI_STATE, LUI_TYPE, MAX_SEATS, MIN_SEATS, NAME, DESCR_PLAIN, REF_URL, ID) values ('ee6fd714-d778-4a7f-a5c1-84b761779f07', 0, 'admin', TIMESTAMP '2013-10-23 12:05:35.31', 'admin', TIMESTAMP '2013-10-23 12:05:35.31', 'kuali.atp.2011Fall', '4db34db8-41d6-4522-b55b-5c861acec773', '', '', '1002', 'kuali.lui.registration.group.state.pending', 'kuali.lui.type.registration.group', '', '', '1002', '1002', '', '10aeb30c-9a38-45e8-94c4-98e8b80fb144')
/
insert into KSEN_LUI_ATTR (OBJ_ID, ATTR_KEY, OWNER_ID, ATTR_VALUE, ID) values ('9d7eaff0-9a76-4638-ad70-bb001d947a43', 'kuali.attribute.registration.group.aocluster.id', '10aeb30c-9a38-45e8-94c4-98e8b80fb144', '92ae1cb3-c401-4212-b344-59dac9754773', 'a03aaa99-a554-40cc-9695-249bec89cde0')
/
insert into KSEN_LUI_ATTR (OBJ_ID, ATTR_KEY, OWNER_ID, ATTR_VALUE, ID) values ('a04e993d-bb74-4f4b-88dd-22f57cb77d00', 'kuali.attribute.registration.group.is.generated', '10aeb30c-9a38-45e8-94c4-98e8b80fb144', '1', '10913aac-548a-4151-85db-418d69690d24')
/
insert into KSEN_LUI_IDENT (OBJ_ID, VER_NBR, CREATEID, CREATETIME, UPDATEID, UPDATETIME, LUI_CD, DIVISION, IDENT_LEVEL, LNG_NAME, LUI_ID, ORGID, SHRT_NAME, LUI_ID_STATE, SUFX_CD, LUI_ID_TYPE, VARTN, ID) values ('af9dc163-8281-433e-bc93-2956fd4268fb', 0, 'admin', TIMESTAMP '2013-10-23 12:05:35.31', 'admin', TIMESTAMP '2013-10-23 12:05:35.31', '', '', '', '', '10aeb30c-9a38-45e8-94c4-98e8b80fb144', '', '', 'kuali.lui.identifier.state.active', '', 'kuali.lui.identifier.type.official', '', 'f30581a0-6e41-4997-b7aa-dcb427acac93')
/
insert into KSEN_LUILUI_RELTN (OBJ_ID, VER_NBR, CREATEID, CREATETIME, UPDATEID, UPDATETIME, EFF_DT, EXPIR_DT, DESCR_FORMATTED, LUI_ID, LUILUI_RELTN_STATE, LUILUI_RELTN_TYPE, NAME, DESCR_PLAIN, RELATED_LUI_ID, ID) values ('3d45affd-cbd6-4dd5-9eb6-ff6d6126d03b', 0, 'admin', TIMESTAMP '2013-10-23 12:05:35.31', 'admin', TIMESTAMP '2013-10-23 12:05:35.31', TIMESTAMP '2013-10-23 12:05:37.362', '', 'BSCI105M-FO-RG', '6d6259ed-1244-45cd-a8f9-7a3a5cf43f47', 'kuali.lui.lui.relation.state.active', 'kuali.lui.lui.relation.type.deliveredvia.fo2rg', 'fo-rg-relation', 'BSCI105M-FO-RG', '10aeb30c-9a38-45e8-94c4-98e8b80fb144', '0879942a-6674-482e-8808-0caca4ead3fe')
/
insert into KSEN_LUILUI_RELTN (OBJ_ID, VER_NBR, CREATEID, CREATETIME, UPDATEID, UPDATETIME, EFF_DT, EXPIR_DT, DESCR_FORMATTED, LUI_ID, LUILUI_RELTN_STATE, LUILUI_RELTN_TYPE, NAME, DESCR_PLAIN, RELATED_LUI_ID, ID) values ('eed64c24-a34d-48bc-ac2f-3c8229d5fac0', 0, 'admin', TIMESTAMP '2013-10-23 12:05:35.31', 'admin', TIMESTAMP '2013-10-23 12:05:35.31', TIMESTAMP '2013-10-23 12:05:37.363', '', 'BSCI105M-RG-AO', '10aeb30c-9a38-45e8-94c4-98e8b80fb144', 'kuali.lui.lui.relation.state.active', 'kuali.lui.lui.relation.type.registeredforvia.rg2ao', 'rg-ao-relation', 'BSCI105M-RG-AO', 'f8c00b37-85d4-4b27-92a9-f877b329c5ae', 'e6bf0047-ff2d-4497-a60f-504fa2a81982')
/
insert into KSEN_LUILUI_RELTN (OBJ_ID, VER_NBR, CREATEID, CREATETIME, UPDATEID, UPDATETIME, EFF_DT, EXPIR_DT, DESCR_FORMATTED, LUI_ID, LUILUI_RELTN_STATE, LUILUI_RELTN_TYPE, NAME, DESCR_PLAIN, RELATED_LUI_ID, ID) values ('bbf104ee-ccfa-4ffd-b3f3-5ae6d4814537', 0, 'admin', TIMESTAMP '2013-10-23 12:05:35.31', 'admin', TIMESTAMP '2013-10-23 12:05:35.31', TIMESTAMP '2013-10-23 12:05:37.364', '', 'BSCI105M-RG-AO', '10aeb30c-9a38-45e8-94c4-98e8b80fb144', 'kuali.lui.lui.relation.state.active', 'kuali.lui.lui.relation.type.registeredforvia.rg2ao', 'rg-ao-relation', 'BSCI105M-RG-AO', 'c7df1880-0000-4d1a-86d2-3375e843b051', 'f830ac0e-5224-448a-8125-7e5ac01a6f35')
/
insert into KSEN_LUI (OBJ_ID, VER_NBR, CREATEID, CREATETIME, UPDATEID, UPDATETIME, ATP_ID, CLU_ID, EFF_DT, EXPIR_DT, DESCR_FORMATTED, LUI_STATE, LUI_TYPE, MAX_SEATS, MIN_SEATS, NAME, DESCR_PLAIN, REF_URL, ID) values ('f2d8b6fe-c4a7-4249-82d2-ea26819590fa', 0, 'admin', TIMESTAMP '2013-10-23 12:05:35.31', 'admin', TIMESTAMP '2013-10-23 12:05:35.31', 'kuali.atp.2011Fall', '4db34db8-41d6-4522-b55b-5c861acec773', '', '', '1003', 'kuali.lui.registration.group.state.pending', 'kuali.lui.type.registration.group', '', '', '1003', '1003', '', '0923571d-507f-422a-a55e-1fd5dac5274a')
/
insert into KSEN_LUI_ATTR (OBJ_ID, ATTR_KEY, OWNER_ID, ATTR_VALUE, ID) values ('36781173-1aa7-49c2-b322-f501fa6f3e0e', 'kuali.attribute.registration.group.aocluster.id', '0923571d-507f-422a-a55e-1fd5dac5274a', '92ae1cb3-c401-4212-b344-59dac9754773', '7b1b3807-5a5c-4c5f-a05a-30d31e4eaaee')
/
insert into KSEN_LUI_ATTR (OBJ_ID, ATTR_KEY, OWNER_ID, ATTR_VALUE, ID) values ('569b2dea-60b4-455b-8bfe-d947b611a936', 'kuali.attribute.registration.group.is.generated', '0923571d-507f-422a-a55e-1fd5dac5274a', '1', '4af4c619-c7f3-4532-be99-1b3f2aa636da')
/
insert into KSEN_LUI_IDENT (OBJ_ID, VER_NBR, CREATEID, CREATETIME, UPDATEID, UPDATETIME, LUI_CD, DIVISION, IDENT_LEVEL, LNG_NAME, LUI_ID, ORGID, SHRT_NAME, LUI_ID_STATE, SUFX_CD, LUI_ID_TYPE, VARTN, ID) values ('068a1297-44b3-426e-854b-fb2515c18ae6', 0, 'admin', TIMESTAMP '2013-10-23 12:05:35.31', 'admin', TIMESTAMP '2013-10-23 12:05:35.31', '', '', '', '', '0923571d-507f-422a-a55e-1fd5dac5274a', '', '', 'kuali.lui.identifier.state.active', '', 'kuali.lui.identifier.type.official', '', '5e6bf2c9-78fe-401c-931c-8929315b4c49')
/
insert into KSEN_LUILUI_RELTN (OBJ_ID, VER_NBR, CREATEID, CREATETIME, UPDATEID, UPDATETIME, EFF_DT, EXPIR_DT, DESCR_FORMATTED, LUI_ID, LUILUI_RELTN_STATE, LUILUI_RELTN_TYPE, NAME, DESCR_PLAIN, RELATED_LUI_ID, ID) values ('f5de1204-883e-4a43-9c64-e9cc320edb5e', 0, 'admin', TIMESTAMP '2013-10-23 12:05:35.31', 'admin', TIMESTAMP '2013-10-23 12:05:35.31', TIMESTAMP '2013-10-23 12:05:38.422', '', 'BSCI105M-FO-RG', '6d6259ed-1244-45cd-a8f9-7a3a5cf43f47', 'kuali.lui.lui.relation.state.active', 'kuali.lui.lui.relation.type.deliveredvia.fo2rg', 'fo-rg-relation', 'BSCI105M-FO-RG', '0923571d-507f-422a-a55e-1fd5dac5274a', '8964dde9-1589-472f-ac01-0000499edbd8')
/
insert into KSEN_LUILUI_RELTN (OBJ_ID, VER_NBR, CREATEID, CREATETIME, UPDATEID, UPDATETIME, EFF_DT, EXPIR_DT, DESCR_FORMATTED, LUI_ID, LUILUI_RELTN_STATE, LUILUI_RELTN_TYPE, NAME, DESCR_PLAIN, RELATED_LUI_ID, ID) values ('ea46e6d0-a0c0-48c9-aed4-f471ccbbd475', 0, 'admin', TIMESTAMP '2013-10-23 12:05:35.31', 'admin', TIMESTAMP '2013-10-23 12:05:35.31', TIMESTAMP '2013-10-23 12:05:38.457', '', 'BSCI105M-RG-AO', '0923571d-507f-422a-a55e-1fd5dac5274a', 'kuali.lui.lui.relation.state.active', 'kuali.lui.lui.relation.type.registeredforvia.rg2ao', 'rg-ao-relation', 'BSCI105M-RG-AO', 'a9c2d933-0bb4-428b-8d41-7d1bdf1fad13', '30018f4e-8246-4046-ab60-33c31005223c')
/
insert into KSEN_LUILUI_RELTN (OBJ_ID, VER_NBR, CREATEID, CREATETIME, UPDATEID, UPDATETIME, EFF_DT, EXPIR_DT, DESCR_FORMATTED, LUI_ID, LUILUI_RELTN_STATE, LUILUI_RELTN_TYPE, NAME, DESCR_PLAIN, RELATED_LUI_ID, ID) values ('6577f6ec-b2b8-43d0-9e1a-009f0b859712', 0, 'admin', TIMESTAMP '2013-10-23 12:05:35.31', 'admin', TIMESTAMP '2013-10-23 12:05:35.31', TIMESTAMP '2013-10-23 12:05:38.458', '', 'BSCI105M-RG-AO', '0923571d-507f-422a-a55e-1fd5dac5274a', 'kuali.lui.lui.relation.state.active', 'kuali.lui.lui.relation.type.registeredforvia.rg2ao', 'rg-ao-relation', 'BSCI105M-RG-AO', 'c7df1880-0000-4d1a-86d2-3375e843b051', '93638ee5-2044-41f0-83a3-97f2aaf14cb3')
/
insert into KSEN_CWL (OBJ_ID, VER_NBR, CREATEID, CREATETIME, UPDATEID, UPDATETIME, ALLOW_HOLD_UTIL_ENTRIES_IND, AUTO_PROCESSED_IND, CHECK_IN_REQ_IND, CONF_REQ_IND, EFF_DT, EXPIR_DT, MAX_SIZE, REG_IN_FIRST_AAO_IND, STD_DUR_TIME_QTY, STD_DUR_TYPE, CWL_STATE, CWL_TYPE, ID) values ('c690e196-ad37-47a0-9903-6f23dd067f40', 0, 'admin', TIMESTAMP '2013-10-23 12:05:35.31', 'admin', TIMESTAMP '2013-10-23 12:05:35.31', '0', '1', '0', '1', '', '', '', '', '', '', 'kuali.course.waitlist.state.active', 'kuali.course.waitlist.type.course.waitlist', 'b2d57b4e-2942-4881-80b8-4bf57d061f98')
/
insert into KSEN_CWL_ACTIV_OFFER (CWL_ID, ACTIV_OFFER_ID) values ('b2d57b4e-2942-4881-80b8-4bf57d061f98', 'c7df1880-0000-4d1a-86d2-3375e843b051')
/
insert into KSEN_CWL_FORMAT_OFFER (CWL_ID, FORMAT_OFFER_ID) values ('b2d57b4e-2942-4881-80b8-4bf57d061f98', '6d6259ed-1244-45cd-a8f9-7a3a5cf43f47')
/

-- Term = kuali.atp.2011Fall / 201108, coCode = CHEM484
insert into KSEN_LUI (OBJ_ID, VER_NBR, CREATEID, CREATETIME, UPDATEID, UPDATETIME, ATP_ID, CLU_ID, EFF_DT, EXPIR_DT, DESCR_FORMATTED, LUI_STATE, LUI_TYPE, MAX_SEATS, MIN_SEATS, NAME, DESCR_PLAIN, REF_URL, ID) values ('8ddadb9f-3607-417c-b0cb-236ab83190fd', 0, 'admin', TIMESTAMP '2013-10-24 14:44:33.514', 'admin', TIMESTAMP '2013-10-24 14:44:33.514', 'kuali.atp.2011Fall', '6f4753ab-dc6a-47dc-800f-22606390fbac', '', '', '', 'kuali.lui.activity.offering.state.draft', 'kuali.lui.type.activity.offering.discussion', 24, '', 'CHEM484 AO', '', '', 'b12d2541-b300-415d-98ba-2b634d07230c')
/
insert into KSEN_LUI_ATTR (OBJ_ID, ATTR_KEY, OWNER_ID, ATTR_VALUE, ID) values ('a88e06ac-051d-4045-b702-a36cc6c55c35', 'kuali.attribute.nonstd.ts.indicator', 'b12d2541-b300-415d-98ba-2b634d07230c', '0', 'd89887df-32d7-4045-a8c1-3c1d4e855930')
/
insert into KSEN_LUI_ATTR (OBJ_ID, ATTR_KEY, OWNER_ID, ATTR_VALUE, ID) values ('01e80796-7ecf-46dd-8437-b0df8e2b86f4', 'kuali.attribute.max.enrollment.is.estimate', 'b12d2541-b300-415d-98ba-2b634d07230c', 'null', '13c073e4-1158-4b3c-8559-e7207ad5535c')
/
insert into KSEN_LUI_ATTR (OBJ_ID, ATTR_KEY, OWNER_ID, ATTR_VALUE, ID) values ('7e561e7b-4937-4b94-98cf-924ccf231915', 'kuali.attribute.course.evaluation.indicator', 'b12d2541-b300-415d-98ba-2b634d07230c', 'null', '811cfa6e-e96f-4305-9570-807341164378')
/
insert into KSEN_LUI_IDENT (OBJ_ID, VER_NBR, CREATEID, CREATETIME, UPDATEID, UPDATETIME, LUI_CD, DIVISION, IDENT_LEVEL, LNG_NAME, LUI_ID, ORGID, SHRT_NAME, LUI_ID_STATE, SUFX_CD, LUI_ID_TYPE, VARTN, ID) values ('d3915de0-d92b-448d-bd26-d4a10b4cb538', 0, 'admin', TIMESTAMP '2013-10-24 14:44:33.514', 'admin', TIMESTAMP '2013-10-24 14:44:33.514', 'E', '', '', '', 'b12d2541-b300-415d-98ba-2b634d07230c', '', '', 'kuali.lui.identifier.state.active', '', 'kuali.lui.identifier.type.official', '', 'dfe6731e-f2e5-4b57-b2dc-188c7060582f')
/
insert into KSEN_LUI_LU_CD (OBJ_ID, VER_NBR, CREATEID, CREATETIME, UPDATEID, UPDATETIME, DESCR_FORMATTED, LUI_ID, DESCR_PLAIN, LUI_LUCD_TYPE, VALUE, ID) values ('b11f46d7-2c44-435d-8912-b7c44bfa2e46', 0, 'admin', TIMESTAMP '2013-10-24 14:44:33.514', 'admin', TIMESTAMP '2013-10-24 14:44:33.514', '', 'b12d2541-b300-415d-98ba-2b634d07230c', '', 'kuali.lu.code.honorsOffering', 'null', '241ff160-23a6-4079-a3fa-05672f5b8669')
/
insert into KSEN_LUILUI_RELTN (OBJ_ID, VER_NBR, CREATEID, CREATETIME, UPDATEID, UPDATETIME, EFF_DT, EXPIR_DT, DESCR_FORMATTED, LUI_ID, LUILUI_RELTN_STATE, LUILUI_RELTN_TYPE, NAME, DESCR_PLAIN, RELATED_LUI_ID, ID) values ('1cc87051-6574-49df-96d9-22e297360ba1', 0, 'admin', TIMESTAMP '2013-10-24 14:44:33.514', 'admin', TIMESTAMP '2013-10-24 14:44:33.514', TIMESTAMP '2013-10-24 14:44:33.93', '', 'CHEM484-FO-AO', '7e4c21f6-c185-45ee-b9a7-1a504aa04d97', 'kuali.lui.lui.relation.state.active', 'kuali.lui.lui.relation.type.deliveredvia.fo2ao', 'fo-ao-relation', 'CHEM484-FO-AO', 'b12d2541-b300-415d-98ba-2b634d07230c', '07e166b4-6889-4683-8697-1d6446552b0f')
/
insert into KSEN_CO_AO_CLUSTER_SET (OBJ_ID, ACTIVITY_OFFERING_TYPE, AO_CLUSTER_ID, ID) values ('0017196b-cd82-4ba2-9a83-bbb34105d6a8', 'kuali.lui.type.activity.offering.discussion', '265b0d03-c2fc-4708-be2b-ee176ebc45ad', '733aeffd-9a0d-4522-8881-baeb83611d5d')
/
insert into KSEN_CO_AO_CLUSTER_SET_AO (AOC_SET_ID, ACTIVITY_OFFERING_ID) values ('733aeffd-9a0d-4522-8881-baeb83611d5d', 'b12d2541-b300-415d-98ba-2b634d07230c')
/
delete from KSEN_LUILUI_RELTN where ID='c24d23ba-8e57-4824-b28a-0309810d1ac8' and VER_NBR=0
/
delete from KSEN_LUILUI_RELTN where ID='d53fafe1-e38a-47d7-923a-026f0885a770' and VER_NBR=0
/
delete from KSEN_LUI_ATTR where ID='45473fa9-bff0-4077-aa99-00b4d3b49fbb'
/
delete from KSEN_LUI_ATTR where ID='8551722d-e745-4bc0-9562-33ec1a0135bf'
/
delete from KSEN_LUI_IDENT where ID='f10f7078-664c-42c9-bf24-e3a246af09d4' and VER_NBR=0
/
delete from KSEN_LUI where ID='c959d9ab-f87b-4894-81d4-525c24b917fd' and VER_NBR=1
/
delete from KSEN_LUILUI_RELTN where ID='8f43954c-1e26-4147-85d2-caf9a4c08de7' and VER_NBR=0
/
delete from KSEN_LUILUI_RELTN where ID='92d2a3bf-48c1-4f71-94a4-41fa067f9fce' and VER_NBR=0
/
delete from KSEN_LUI_ATTR where ID='e34808dd-39e1-4833-8bac-71686d328123'
/
delete from KSEN_LUI_ATTR where ID='bb278181-84da-46b3-9892-89d80075a280'
/
delete from KSEN_LUI_IDENT where ID='d240e722-edca-4f65-9631-f476fb7bf347' and VER_NBR=0
/
delete from KSEN_LUI where ID='6599f9e2-ad1d-4f38-8c68-1d2b9b0f0364' and VER_NBR=1
/
insert into KSEN_LUI_ATTR (OBJ_ID, ATTR_KEY, OWNER_ID, ATTR_VALUE, ID) values ('c2d87413-d6ee-4da3-979f-a026deebb007', 'regCodePrefix', '7e4c21f6-c185-45ee-b9a7-1a504aa04d97', '1', '91a29d8b-a53d-45bc-86ff-d8dc3f102c00')
/
delete from KSEN_LUI_RELATED_LUI_TYPES where LUI_ID='7e4c21f6-c185-45ee-b9a7-1a504aa04d97'
/
insert into KSEN_LUI_RELATED_LUI_TYPES (LUI_ID, RELATED_LUI_TYPE) values ('7e4c21f6-c185-45ee-b9a7-1a504aa04d97', 'kuali.lui.type.activity.offering.discussion')
/
insert into KSEN_LUI_RELATED_LUI_TYPES (LUI_ID, RELATED_LUI_TYPE) values ('7e4c21f6-c185-45ee-b9a7-1a504aa04d97', 'kuali.lui.type.activity.offering.lab')
/
insert into KSEN_LUI (OBJ_ID, VER_NBR, CREATEID, CREATETIME, UPDATEID, UPDATETIME, ATP_ID, CLU_ID, EFF_DT, EXPIR_DT, DESCR_FORMATTED, LUI_STATE, LUI_TYPE, MAX_SEATS, MIN_SEATS, NAME, DESCR_PLAIN, REF_URL, ID) values ('a11619bb-0765-4177-8292-b0bd0b7b7711', 0, 'admin', TIMESTAMP '2013-10-24 14:44:33.514', 'admin', TIMESTAMP '2013-10-24 14:44:33.514', 'kuali.atp.2011Fall', 'b4cfd499-4a44-4f1b-914d-092fd177dddd', '', '', '1001', 'kuali.lui.registration.group.state.pending', 'kuali.lui.type.registration.group', '', '', '1001', '1001', '', 'ba86af96-567f-4629-bfb1-fd6c45b75206')
/
insert into KSEN_LUI_ATTR (OBJ_ID, ATTR_KEY, OWNER_ID, ATTR_VALUE, ID) values ('2287fab9-5467-4c3e-b5b1-65a44b1e3f07', 'kuali.attribute.registration.group.is.generated', 'ba86af96-567f-4629-bfb1-fd6c45b75206', '1', '71e32c9e-5269-4c42-8d44-53b83d7dc8ab')
/
insert into KSEN_LUI_ATTR (OBJ_ID, ATTR_KEY, OWNER_ID, ATTR_VALUE, ID) values ('b427ac82-8b27-42b0-984d-9f120bb20510', 'kuali.attribute.registration.group.aocluster.id', 'ba86af96-567f-4629-bfb1-fd6c45b75206', '265b0d03-c2fc-4708-be2b-ee176ebc45ad', '180d612b-afcb-4f54-82ba-ea3e76043023')
/
insert into KSEN_LUI_IDENT (OBJ_ID, VER_NBR, CREATEID, CREATETIME, UPDATEID, UPDATETIME, LUI_CD, DIVISION, IDENT_LEVEL, LNG_NAME, LUI_ID, ORGID, SHRT_NAME, LUI_ID_STATE, SUFX_CD, LUI_ID_TYPE, VARTN, ID) values ('173bee94-14bf-4786-8072-edfafc1010a1', 0, 'admin', TIMESTAMP '2013-10-24 14:44:33.514', 'admin', TIMESTAMP '2013-10-24 14:44:33.514', '', '', '', '', 'ba86af96-567f-4629-bfb1-fd6c45b75206', '', '', 'kuali.lui.identifier.state.active', '', 'kuali.lui.identifier.type.official', '', '13fa6e25-f409-419e-9c95-85c8fe861334')
/
insert into KSEN_LUILUI_RELTN (OBJ_ID, VER_NBR, CREATEID, CREATETIME, UPDATEID, UPDATETIME, EFF_DT, EXPIR_DT, DESCR_FORMATTED, LUI_ID, LUILUI_RELTN_STATE, LUILUI_RELTN_TYPE, NAME, DESCR_PLAIN, RELATED_LUI_ID, ID) values ('d9b0109b-5f53-4f3c-9b7d-f7418e8ab02a', 0, 'admin', TIMESTAMP '2013-10-24 14:44:33.514', 'admin', TIMESTAMP '2013-10-24 14:44:33.514', TIMESTAMP '2013-10-24 14:44:34.972', '', 'CHEM484-FO-RG', '7e4c21f6-c185-45ee-b9a7-1a504aa04d97', 'kuali.lui.lui.relation.state.active', 'kuali.lui.lui.relation.type.deliveredvia.fo2rg', 'fo-rg-relation', 'CHEM484-FO-RG', 'ba86af96-567f-4629-bfb1-fd6c45b75206', 'df9c793f-2215-4dc8-98e6-dc63b0d622ed')
/
insert into KSEN_LUILUI_RELTN (OBJ_ID, VER_NBR, CREATEID, CREATETIME, UPDATEID, UPDATETIME, EFF_DT, EXPIR_DT, DESCR_FORMATTED, LUI_ID, LUILUI_RELTN_STATE, LUILUI_RELTN_TYPE, NAME, DESCR_PLAIN, RELATED_LUI_ID, ID) values ('fb64c6a9-ce59-41a8-8413-8bac1c62f965', 0, 'admin', TIMESTAMP '2013-10-24 14:44:33.514', 'admin', TIMESTAMP '2013-10-24 14:44:33.514', TIMESTAMP '2013-10-24 14:44:34.974', '', 'CHEM484-RG-AO', 'ba86af96-567f-4629-bfb1-fd6c45b75206', 'kuali.lui.lui.relation.state.active', 'kuali.lui.lui.relation.type.registeredforvia.rg2ao', 'rg-ao-relation', 'CHEM484-RG-AO', '9487fd0b-7c32-4619-80da-7e8a940bc260', '593c495a-c1f1-4c61-b304-42e8e8b635c5')
/
insert into KSEN_LUILUI_RELTN (OBJ_ID, VER_NBR, CREATEID, CREATETIME, UPDATEID, UPDATETIME, EFF_DT, EXPIR_DT, DESCR_FORMATTED, LUI_ID, LUILUI_RELTN_STATE, LUILUI_RELTN_TYPE, NAME, DESCR_PLAIN, RELATED_LUI_ID, ID) values ('e1d80020-aef5-4533-b847-b58ca891f157', 0, 'admin', TIMESTAMP '2013-10-24 14:44:33.514', 'admin', TIMESTAMP '2013-10-24 14:44:33.514', TIMESTAMP '2013-10-24 14:44:34.974', '', 'CHEM484-RG-AO', 'ba86af96-567f-4629-bfb1-fd6c45b75206', 'kuali.lui.lui.relation.state.active', 'kuali.lui.lui.relation.type.registeredforvia.rg2ao', 'rg-ao-relation', 'CHEM484-RG-AO', 'b12d2541-b300-415d-98ba-2b634d07230c', 'b5d52b65-ed50-456d-80bf-6f3ebee621ed')
/
insert into KSEN_LUI (OBJ_ID, VER_NBR, CREATEID, CREATETIME, UPDATEID, UPDATETIME, ATP_ID, CLU_ID, EFF_DT, EXPIR_DT, DESCR_FORMATTED, LUI_STATE, LUI_TYPE, MAX_SEATS, MIN_SEATS, NAME, DESCR_PLAIN, REF_URL, ID) values ('18319cf5-4f6c-4711-9b88-bb634384073d', 0, 'admin', TIMESTAMP '2013-10-24 14:44:33.514', 'admin', TIMESTAMP '2013-10-24 14:44:33.514', 'kuali.atp.2011Fall', 'b4cfd499-4a44-4f1b-914d-092fd177dddd', '', '', '1002', 'kuali.lui.registration.group.state.pending', 'kuali.lui.type.registration.group', '', '', '1002', '1002', '', '82fc3427-4d40-4f0f-bcb1-7f1025504e72')
/
insert into KSEN_LUI_ATTR (OBJ_ID, ATTR_KEY, OWNER_ID, ATTR_VALUE, ID) values ('d981be8f-d03a-4caa-966c-77e399ff82b0', 'kuali.attribute.registration.group.aocluster.id', '82fc3427-4d40-4f0f-bcb1-7f1025504e72', '265b0d03-c2fc-4708-be2b-ee176ebc45ad', '2f41ad37-1e79-40d2-91f0-d216753ea0f8')
/
insert into KSEN_LUI_ATTR (OBJ_ID, ATTR_KEY, OWNER_ID, ATTR_VALUE, ID) values ('abea36f2-7644-4d83-baba-500e6c40fa1e', 'kuali.attribute.registration.group.is.generated', '82fc3427-4d40-4f0f-bcb1-7f1025504e72', '1', '5e1c42e1-5523-471a-82b4-c8a96430f3bd')
/
insert into KSEN_LUI_IDENT (OBJ_ID, VER_NBR, CREATEID, CREATETIME, UPDATEID, UPDATETIME, LUI_CD, DIVISION, IDENT_LEVEL, LNG_NAME, LUI_ID, ORGID, SHRT_NAME, LUI_ID_STATE, SUFX_CD, LUI_ID_TYPE, VARTN, ID) values ('7040920b-f3a9-4ea9-854b-560b340fc4e0', 0, 'admin', TIMESTAMP '2013-10-24 14:44:33.514', 'admin', TIMESTAMP '2013-10-24 14:44:33.514', '', '', '', '', '82fc3427-4d40-4f0f-bcb1-7f1025504e72', '', '', 'kuali.lui.identifier.state.active', '', 'kuali.lui.identifier.type.official', '', 'f62cfef0-4e6f-4e1f-91f8-641d210f90c2')
/
insert into KSEN_LUILUI_RELTN (OBJ_ID, VER_NBR, CREATEID, CREATETIME, UPDATEID, UPDATETIME, EFF_DT, EXPIR_DT, DESCR_FORMATTED, LUI_ID, LUILUI_RELTN_STATE, LUILUI_RELTN_TYPE, NAME, DESCR_PLAIN, RELATED_LUI_ID, ID) values ('8dd82836-4a27-4076-b480-ef2096cd6060', 0, 'admin', TIMESTAMP '2013-10-24 14:44:33.514', 'admin', TIMESTAMP '2013-10-24 14:44:33.514', TIMESTAMP '2013-10-24 14:44:35.438', '', 'CHEM484-FO-RG', '7e4c21f6-c185-45ee-b9a7-1a504aa04d97', 'kuali.lui.lui.relation.state.active', 'kuali.lui.lui.relation.type.deliveredvia.fo2rg', 'fo-rg-relation', 'CHEM484-FO-RG', '82fc3427-4d40-4f0f-bcb1-7f1025504e72', '049c20cb-e3ad-4196-b289-0094f5ce8cc8')
/
insert into KSEN_LUILUI_RELTN (OBJ_ID, VER_NBR, CREATEID, CREATETIME, UPDATEID, UPDATETIME, EFF_DT, EXPIR_DT, DESCR_FORMATTED, LUI_ID, LUILUI_RELTN_STATE, LUILUI_RELTN_TYPE, NAME, DESCR_PLAIN, RELATED_LUI_ID, ID) values ('69b2d19e-8513-4466-a9ef-cd44a7261626', 0, 'admin', TIMESTAMP '2013-10-24 14:44:33.514', 'admin', TIMESTAMP '2013-10-24 14:44:33.514', TIMESTAMP '2013-10-24 14:44:35.439', '', 'CHEM484-RG-AO', '82fc3427-4d40-4f0f-bcb1-7f1025504e72', 'kuali.lui.lui.relation.state.active', 'kuali.lui.lui.relation.type.registeredforvia.rg2ao', 'rg-ao-relation', 'CHEM484-RG-AO', '5a8ed874-5cb6-46d3-a31d-6bfea89070f1', '57fa7cc0-c4ed-4ec6-8688-166b3967446b')
/
insert into KSEN_LUILUI_RELTN (OBJ_ID, VER_NBR, CREATEID, CREATETIME, UPDATEID, UPDATETIME, EFF_DT, EXPIR_DT, DESCR_FORMATTED, LUI_ID, LUILUI_RELTN_STATE, LUILUI_RELTN_TYPE, NAME, DESCR_PLAIN, RELATED_LUI_ID, ID) values ('4a130b7b-3dc2-45d7-b680-92961bd8595c', 0, 'admin', TIMESTAMP '2013-10-24 14:44:33.514', 'admin', TIMESTAMP '2013-10-24 14:44:33.514', TIMESTAMP '2013-10-24 14:44:35.44', '', 'CHEM484-RG-AO', '82fc3427-4d40-4f0f-bcb1-7f1025504e72', 'kuali.lui.lui.relation.state.active', 'kuali.lui.lui.relation.type.registeredforvia.rg2ao', 'rg-ao-relation', 'CHEM484-RG-AO', 'b12d2541-b300-415d-98ba-2b634d07230c', '210197ef-8abd-4fab-a295-aa188df668af')
/
insert into KSEN_CWL (OBJ_ID, VER_NBR, CREATEID, CREATETIME, UPDATEID, UPDATETIME, ALLOW_HOLD_UTIL_ENTRIES_IND, AUTO_PROCESSED_IND, CHECK_IN_REQ_IND, CONF_REQ_IND, EFF_DT, EXPIR_DT, MAX_SIZE, REG_IN_FIRST_AAO_IND, STD_DUR_TIME_QTY, STD_DUR_TYPE, CWL_STATE, CWL_TYPE, ID) values ('1d739df3-162c-4c9b-a5a2-625c1c540999', 0, 'admin', TIMESTAMP '2013-10-24 14:44:33.514', 'admin', TIMESTAMP '2013-10-24 14:44:33.514', '0', '1', '0', '1', '', '', '', '', '', '', 'kuali.course.waitlist.state.active', 'kuali.course.waitlist.type.course.waitlist', '155a341e-485d-41ea-acfa-9e99baa22add')
/
insert into KSEN_CWL_ACTIV_OFFER (CWL_ID, ACTIV_OFFER_ID) values ('155a341e-485d-41ea-acfa-9e99baa22add', 'b12d2541-b300-415d-98ba-2b634d07230c')
/
insert into KSEN_CWL_FORMAT_OFFER (CWL_ID, FORMAT_OFFER_ID) values ('155a341e-485d-41ea-acfa-9e99baa22add', '7e4c21f6-c185-45ee-b9a7-1a504aa04d97')
/


-- Term = kuali.atp.2011Fall / 201108, coCode = BSCI461
insert into KSEN_LUI (OBJ_ID, VER_NBR, CREATEID, CREATETIME, UPDATEID, UPDATETIME, ATP_ID, CLU_ID, EFF_DT, EXPIR_DT, DESCR_FORMATTED, LUI_STATE, LUI_TYPE, MAX_SEATS, MIN_SEATS, NAME, DESCR_PLAIN, REF_URL, ID) values ('ab7ba010-6615-4177-9c96-bd3a2cd8154e', 0, 'admin', TIMESTAMP '2013-10-24 15:00:28.053', 'admin', TIMESTAMP '2013-10-24 15:00:28.053', 'kuali.atp.2011Fall', '6463ba02-0e80-4fe4-b872-73caee35c34b', '', '', '', 'kuali.lui.activity.offering.state.draft', 'kuali.lui.type.activity.offering.lecture', 40, '', 'BSCI461 AO', '', '', 'c88f64ab-fcd0-4fae-9d21-c806b77fda34')
/
insert into KSEN_LUI_ATTR (OBJ_ID, ATTR_KEY, OWNER_ID, ATTR_VALUE, ID) values ('06d1eb94-32e0-49f7-ad1a-dfd000fd77d9', 'kuali.attribute.max.enrollment.is.estimate', 'c88f64ab-fcd0-4fae-9d21-c806b77fda34', 'null', '74f83112-528d-4775-8896-54ac1bc3a7ca')
/
insert into KSEN_LUI_ATTR (OBJ_ID, ATTR_KEY, OWNER_ID, ATTR_VALUE, ID) values ('41067e09-6750-45f8-b932-fbb1f1eccb7c', 'kuali.attribute.course.evaluation.indicator', 'c88f64ab-fcd0-4fae-9d21-c806b77fda34', 'null', '4f2442d6-7399-46f0-b35b-899a399f7aee')
/
insert into KSEN_LUI_ATTR (OBJ_ID, ATTR_KEY, OWNER_ID, ATTR_VALUE, ID) values ('8eff2107-5d20-4ad2-a608-93e059046a6f', 'kuali.attribute.nonstd.ts.indicator', 'c88f64ab-fcd0-4fae-9d21-c806b77fda34', '0', 'a8641095-396a-4a62-a750-3356d244f517')
/
insert into KSEN_LUI_IDENT (OBJ_ID, VER_NBR, CREATEID, CREATETIME, UPDATEID, UPDATETIME, LUI_CD, DIVISION, IDENT_LEVEL, LNG_NAME, LUI_ID, ORGID, SHRT_NAME, LUI_ID_STATE, SUFX_CD, LUI_ID_TYPE, VARTN, ID) values ('2073aa1c-e888-434c-82f6-344877dc753b', 0, 'admin', TIMESTAMP '2013-10-24 15:00:28.053', 'admin', TIMESTAMP '2013-10-24 15:00:28.053', 'C', '', '', '', 'c88f64ab-fcd0-4fae-9d21-c806b77fda34', '', '', 'kuali.lui.identifier.state.active', '', 'kuali.lui.identifier.type.official', '', 'c2aa3913-a56e-47d6-833e-d28b0765f1ab')
/
insert into KSEN_LUI_LU_CD (OBJ_ID, VER_NBR, CREATEID, CREATETIME, UPDATEID, UPDATETIME, DESCR_FORMATTED, LUI_ID, DESCR_PLAIN, LUI_LUCD_TYPE, VALUE, ID) values ('fced9fee-b272-446c-9463-21d5060e6bf2', 0, 'admin', TIMESTAMP '2013-10-24 15:00:28.053', 'admin', TIMESTAMP '2013-10-24 15:00:28.053', '', 'c88f64ab-fcd0-4fae-9d21-c806b77fda34', '', 'kuali.lu.code.honorsOffering', 'null', '24010c70-2860-4b16-89c8-7d8a8adc6316')
/
insert into KSEN_LUILUI_RELTN (OBJ_ID, VER_NBR, CREATEID, CREATETIME, UPDATEID, UPDATETIME, EFF_DT, EXPIR_DT, DESCR_FORMATTED, LUI_ID, LUILUI_RELTN_STATE, LUILUI_RELTN_TYPE, NAME, DESCR_PLAIN, RELATED_LUI_ID, ID) values ('e2ed9d5a-58a0-423b-a7ac-2565dab57b5b', 0, 'admin', TIMESTAMP '2013-10-24 15:00:28.053', 'admin', TIMESTAMP '2013-10-24 15:00:28.053', TIMESTAMP '2013-10-24 15:00:28.248', '', 'BSCI461-FO-AO', '3b6923ee-ac45-45db-97b8-233968138978', 'kuali.lui.lui.relation.state.active', 'kuali.lui.lui.relation.type.deliveredvia.fo2ao', 'fo-ao-relation', 'BSCI461-FO-AO', 'c88f64ab-fcd0-4fae-9d21-c806b77fda34', 'd4d4a805-1387-4135-9f01-3b8079306b78')
/
insert into KSEN_CO_AO_CLUSTER_SET (OBJ_ID, ACTIVITY_OFFERING_TYPE, AO_CLUSTER_ID, ID) values ('ead3c761-9d35-4f2e-b7a2-e0752ff6dfda', 'kuali.lui.type.activity.offering.lecture', '69e1c3cd-1d9c-4305-8940-97f52f65a395', 'a7e89988-c232-4ba6-9b8b-05256a50ffa8')
/
insert into KSEN_CO_AO_CLUSTER_SET_AO (AOC_SET_ID, ACTIVITY_OFFERING_ID) values ('a7e89988-c232-4ba6-9b8b-05256a50ffa8', 'c88f64ab-fcd0-4fae-9d21-c806b77fda34')
/
delete from KSEN_LUILUI_RELTN where ID='95d1aad5-5f8c-49e1-bf6b-2c5a10f027d5' and VER_NBR=0
/
delete from KSEN_LUILUI_RELTN where ID='6b5e908c-f43f-4550-9c4e-b8382210a9ca' and VER_NBR=0
/
delete from KSEN_LUI_ATTR where ID='8725dd79-6dc8-452b-aa71-b6dc8c852184'
/
delete from KSEN_LUI_ATTR where ID='9f68b2a8-c0de-48a1-babf-0edc8e712fac'
/
delete from KSEN_LUI_IDENT where ID='9df76e17-9a97-430d-9d5d-c662e3f4ff20' and VER_NBR=0
/
delete from KSEN_LUI where ID='7c8c63a6-0f38-4878-bc62-5bd4d18f3500' and VER_NBR=1
/
delete from KSEN_LUILUI_RELTN where ID='b80c95c8-3fab-448e-8fe0-63f80f70f16a' and VER_NBR=0
/
delete from KSEN_LUILUI_RELTN where ID='85d09c92-6a76-483e-9a75-db94519b837f' and VER_NBR=0
/
delete from KSEN_LUI_ATTR where ID='3c34a42c-2d55-485e-bbf3-3dd029ad2b59'
/
delete from KSEN_LUI_ATTR where ID='f29844f4-f150-403c-be0b-614925005b5f'
/
delete from KSEN_LUI_IDENT where ID='142f0378-08ed-4e46-87d1-7c992d42a447' and VER_NBR=0
/
delete from KSEN_LUI where ID='7d36cae4-e069-4987-9ccd-8caac60706ff' and VER_NBR=1
/
insert into KSEN_LUI_ATTR (OBJ_ID, ATTR_KEY, OWNER_ID, ATTR_VALUE, ID) values ('b3819488-5154-4dd3-a789-f0aa61f81477', 'regCodePrefix', '3b6923ee-ac45-45db-97b8-233968138978', '1', 'c20d5548-0496-43a6-afb4-61e38bee4af0')
/
delete from KSEN_LUI_RELATED_LUI_TYPES where LUI_ID='3b6923ee-ac45-45db-97b8-233968138978'
/
insert into KSEN_LUI_RELATED_LUI_TYPES (LUI_ID, RELATED_LUI_TYPE) values ('3b6923ee-ac45-45db-97b8-233968138978', 'kuali.lui.type.activity.offering.lab')
/
insert into KSEN_LUI_RELATED_LUI_TYPES (LUI_ID, RELATED_LUI_TYPE) values ('3b6923ee-ac45-45db-97b8-233968138978', 'kuali.lui.type.activity.offering.lecture')
/
insert into KSEN_LUI (OBJ_ID, VER_NBR, CREATEID, CREATETIME, UPDATEID, UPDATETIME, ATP_ID, CLU_ID, EFF_DT, EXPIR_DT, DESCR_FORMATTED, LUI_STATE, LUI_TYPE, MAX_SEATS, MIN_SEATS, NAME, DESCR_PLAIN, REF_URL, ID) values ('c778e03f-1542-4671-a3d9-88d5a1ab9a2c', 0, 'admin', TIMESTAMP '2013-10-24 15:00:28.053', 'admin', TIMESTAMP '2013-10-24 15:00:28.053', 'kuali.atp.2011Fall', '92c39727-8d79-443e-85f9-902af881a012', '', '', '1001', 'kuali.lui.registration.group.state.pending', 'kuali.lui.type.registration.group', '', '', '1001', '1001', '', 'b7b13e4e-e511-4df8-8a1b-902024a265b3')
/
insert into KSEN_LUI_ATTR (OBJ_ID, ATTR_KEY, OWNER_ID, ATTR_VALUE, ID) values ('7670bb55-ab93-472a-8abc-d3c197cb9d8d', 'kuali.attribute.registration.group.aocluster.id', 'b7b13e4e-e511-4df8-8a1b-902024a265b3', '69e1c3cd-1d9c-4305-8940-97f52f65a395', '344d9bf1-46c7-456a-9ab1-46e524d22e73')
/
insert into KSEN_LUI_ATTR (OBJ_ID, ATTR_KEY, OWNER_ID, ATTR_VALUE, ID) values ('57dc7ad7-2129-4ede-b6de-f2925a204474', 'kuali.attribute.registration.group.is.generated', 'b7b13e4e-e511-4df8-8a1b-902024a265b3', '1', '25e5f5ef-77a0-4624-916b-9f3164006b3b')
/
insert into KSEN_LUI_IDENT (OBJ_ID, VER_NBR, CREATEID, CREATETIME, UPDATEID, UPDATETIME, LUI_CD, DIVISION, IDENT_LEVEL, LNG_NAME, LUI_ID, ORGID, SHRT_NAME, LUI_ID_STATE, SUFX_CD, LUI_ID_TYPE, VARTN, ID) values ('c1864411-9c75-4dbb-a4e4-37b641cef3d6', 0, 'admin', TIMESTAMP '2013-10-24 15:00:28.053', 'admin', TIMESTAMP '2013-10-24 15:00:28.053', '', '', '', '', 'b7b13e4e-e511-4df8-8a1b-902024a265b3', '', '', 'kuali.lui.identifier.state.active', '', 'kuali.lui.identifier.type.official', '', 'fcdcbd51-17a6-4da6-b5d9-6ad680ab49e3')
/
insert into KSEN_LUILUI_RELTN (OBJ_ID, VER_NBR, CREATEID, CREATETIME, UPDATEID, UPDATETIME, EFF_DT, EXPIR_DT, DESCR_FORMATTED, LUI_ID, LUILUI_RELTN_STATE, LUILUI_RELTN_TYPE, NAME, DESCR_PLAIN, RELATED_LUI_ID, ID) values ('8981534d-7130-46fe-8feb-ca8b902c1942', 0, 'admin', TIMESTAMP '2013-10-24 15:00:28.053', 'admin', TIMESTAMP '2013-10-24 15:00:28.053', TIMESTAMP '2013-10-24 15:00:29.119', '', 'BSCI461-FO-RG', '3b6923ee-ac45-45db-97b8-233968138978', 'kuali.lui.lui.relation.state.active', 'kuali.lui.lui.relation.type.deliveredvia.fo2rg', 'fo-rg-relation', 'BSCI461-FO-RG', 'b7b13e4e-e511-4df8-8a1b-902024a265b3', '86a00a3c-4be7-4bd1-a54b-a97d2acfa18c')
/
insert into KSEN_LUILUI_RELTN (OBJ_ID, VER_NBR, CREATEID, CREATETIME, UPDATEID, UPDATETIME, EFF_DT, EXPIR_DT, DESCR_FORMATTED, LUI_ID, LUILUI_RELTN_STATE, LUILUI_RELTN_TYPE, NAME, DESCR_PLAIN, RELATED_LUI_ID, ID) values ('b816d16f-1baa-432c-bb10-0774f5122fa9', 0, 'admin', TIMESTAMP '2013-10-24 15:00:28.053', 'admin', TIMESTAMP '2013-10-24 15:00:28.053', TIMESTAMP '2013-10-24 15:00:29.12', '', 'BSCI461-RG-AO', 'b7b13e4e-e511-4df8-8a1b-902024a265b3', 'kuali.lui.lui.relation.state.active', 'kuali.lui.lui.relation.type.registeredforvia.rg2ao', 'rg-ao-relation', 'BSCI461-RG-AO', '610d4855-deea-40b0-bdc8-ea74f79d900f', '7be63575-201a-4c56-952f-50d663ff1735')
/
insert into KSEN_LUILUI_RELTN (OBJ_ID, VER_NBR, CREATEID, CREATETIME, UPDATEID, UPDATETIME, EFF_DT, EXPIR_DT, DESCR_FORMATTED, LUI_ID, LUILUI_RELTN_STATE, LUILUI_RELTN_TYPE, NAME, DESCR_PLAIN, RELATED_LUI_ID, ID) values ('184dc8e0-b104-4e68-bce7-27dc0cf90355', 0, 'admin', TIMESTAMP '2013-10-24 15:00:28.053', 'admin', TIMESTAMP '2013-10-24 15:00:28.053', TIMESTAMP '2013-10-24 15:00:29.121', '', 'BSCI461-RG-AO', 'b7b13e4e-e511-4df8-8a1b-902024a265b3', 'kuali.lui.lui.relation.state.active', 'kuali.lui.lui.relation.type.registeredforvia.rg2ao', 'rg-ao-relation', 'BSCI461-RG-AO', 'c88f64ab-fcd0-4fae-9d21-c806b77fda34', '86d0a8f7-33c6-49a5-9596-47b0e6051ec8')
/
insert into KSEN_LUI (OBJ_ID, VER_NBR, CREATEID, CREATETIME, UPDATEID, UPDATETIME, ATP_ID, CLU_ID, EFF_DT, EXPIR_DT, DESCR_FORMATTED, LUI_STATE, LUI_TYPE, MAX_SEATS, MIN_SEATS, NAME, DESCR_PLAIN, REF_URL, ID) values ('11f3c0e7-4af4-4dc8-a714-e4d583d39e8f', 0, 'admin', TIMESTAMP '2013-10-24 15:00:28.053', 'admin', TIMESTAMP '2013-10-24 15:00:28.053', 'kuali.atp.2011Fall', '92c39727-8d79-443e-85f9-902af881a012', '', '', '1002', 'kuali.lui.registration.group.state.pending', 'kuali.lui.type.registration.group', '', '', '1002', '1002', '', '7f1a5ff2-a262-41d4-b96b-81e33a5863b8')
/
insert into KSEN_LUI_ATTR (OBJ_ID, ATTR_KEY, OWNER_ID, ATTR_VALUE, ID) values ('387e6598-8ee4-4c19-b03f-4bedc8e6e3e3', 'kuali.attribute.registration.group.is.generated', '7f1a5ff2-a262-41d4-b96b-81e33a5863b8', '1', 'f5fb0a1c-0f0e-4366-8f60-58f460035daf')
/
insert into KSEN_LUI_ATTR (OBJ_ID, ATTR_KEY, OWNER_ID, ATTR_VALUE, ID) values ('2a58817c-eced-44e8-8140-d03fcdf4e7e6', 'kuali.attribute.registration.group.aocluster.id', '7f1a5ff2-a262-41d4-b96b-81e33a5863b8', '69e1c3cd-1d9c-4305-8940-97f52f65a395', '89cb09e1-6a47-4a03-be23-7a0c08d0960f')
/
insert into KSEN_LUI_IDENT (OBJ_ID, VER_NBR, CREATEID, CREATETIME, UPDATEID, UPDATETIME, LUI_CD, DIVISION, IDENT_LEVEL, LNG_NAME, LUI_ID, ORGID, SHRT_NAME, LUI_ID_STATE, SUFX_CD, LUI_ID_TYPE, VARTN, ID) values ('c8e109c3-8a31-4523-bb24-4a20f2485856', 0, 'admin', TIMESTAMP '2013-10-24 15:00:28.053', 'admin', TIMESTAMP '2013-10-24 15:00:28.053', '', '', '', '', '7f1a5ff2-a262-41d4-b96b-81e33a5863b8', '', '', 'kuali.lui.identifier.state.active', '', 'kuali.lui.identifier.type.official', '', '3ebb6850-3086-486e-adbf-27d1e5957148')
/
insert into KSEN_LUILUI_RELTN (OBJ_ID, VER_NBR, CREATEID, CREATETIME, UPDATEID, UPDATETIME, EFF_DT, EXPIR_DT, DESCR_FORMATTED, LUI_ID, LUILUI_RELTN_STATE, LUILUI_RELTN_TYPE, NAME, DESCR_PLAIN, RELATED_LUI_ID, ID) values ('0eb6ab61-77a6-4fec-856b-a20d779cd180', 0, 'admin', TIMESTAMP '2013-10-24 15:00:28.053', 'admin', TIMESTAMP '2013-10-24 15:00:28.053', TIMESTAMP '2013-10-24 15:00:29.885', '', 'BSCI461-FO-RG', '3b6923ee-ac45-45db-97b8-233968138978', 'kuali.lui.lui.relation.state.active', 'kuali.lui.lui.relation.type.deliveredvia.fo2rg', 'fo-rg-relation', 'BSCI461-FO-RG', '7f1a5ff2-a262-41d4-b96b-81e33a5863b8', '88c0cdb7-2c2d-4a99-8e63-1ae1f265ddb2')
/
insert into KSEN_LUILUI_RELTN (OBJ_ID, VER_NBR, CREATEID, CREATETIME, UPDATEID, UPDATETIME, EFF_DT, EXPIR_DT, DESCR_FORMATTED, LUI_ID, LUILUI_RELTN_STATE, LUILUI_RELTN_TYPE, NAME, DESCR_PLAIN, RELATED_LUI_ID, ID) values ('05edafb2-ab51-4f7b-aa74-1a50b54edce2', 0, 'admin', TIMESTAMP '2013-10-24 15:00:28.053', 'admin', TIMESTAMP '2013-10-24 15:00:28.053', TIMESTAMP '2013-10-24 15:00:29.887', '', 'BSCI461-RG-AO', '7f1a5ff2-a262-41d4-b96b-81e33a5863b8', 'kuali.lui.lui.relation.state.active', 'kuali.lui.lui.relation.type.registeredforvia.rg2ao', 'rg-ao-relation', 'BSCI461-RG-AO', '779e4c44-dfa2-43d7-9b79-88f33493676e', '805fe6dd-a2d4-4e68-bfd2-3e8d82f10cba')
/
insert into KSEN_LUILUI_RELTN (OBJ_ID, VER_NBR, CREATEID, CREATETIME, UPDATEID, UPDATETIME, EFF_DT, EXPIR_DT, DESCR_FORMATTED, LUI_ID, LUILUI_RELTN_STATE, LUILUI_RELTN_TYPE, NAME, DESCR_PLAIN, RELATED_LUI_ID, ID) values ('203e1967-6a29-486f-9bfc-82b06675c5ce', 0, 'admin', TIMESTAMP '2013-10-24 15:00:28.053', 'admin', TIMESTAMP '2013-10-24 15:00:28.053', TIMESTAMP '2013-10-24 15:00:29.888', '', 'BSCI461-RG-AO', '7f1a5ff2-a262-41d4-b96b-81e33a5863b8', 'kuali.lui.lui.relation.state.active', 'kuali.lui.lui.relation.type.registeredforvia.rg2ao', 'rg-ao-relation', 'BSCI461-RG-AO', 'c88f64ab-fcd0-4fae-9d21-c806b77fda34', 'fbb4f9e5-3c87-4d54-910a-617f39b45210')
/
insert into KSEN_LUI (OBJ_ID, VER_NBR, CREATEID, CREATETIME, UPDATEID, UPDATETIME, ATP_ID, CLU_ID, EFF_DT, EXPIR_DT, DESCR_FORMATTED, LUI_STATE, LUI_TYPE, MAX_SEATS, MIN_SEATS, NAME, DESCR_PLAIN, REF_URL, ID) values ('da0e2b0e-a962-4c49-ac7d-b85bd74e2a84', 0, 'admin', TIMESTAMP '2013-10-24 15:00:28.053', 'admin', TIMESTAMP '2013-10-24 15:00:28.053', 'kuali.atp.ExamPeriod.2011Fall', 'E97B40E946FCAB51E040440A9B9A5D5F', '', '', '', 'kuali.lui.exam.offering.state.draft', 'kuali.lui.type.exam.offering.final', '', '', '', '', '', '4a36d998-d2bf-4c27-bd6f-db2c5ef597e4')
/
insert into KSEN_LUI_ATTR (OBJ_ID, ATTR_KEY, OWNER_ID, ATTR_VALUE, ID) values ('8d50c696-f185-46bb-91c3-38a3865f2068', 'kuali.attribute.final.exam.activity.driver', '4a36d998-d2bf-4c27-bd6f-db2c5ef597e4', 'kuali.lu.type.activity.Lecture', 'cfa6495b-c41f-4d16-ba1f-e2c447a77931')
/
insert into KSEN_LUI_ATTR (OBJ_ID, ATTR_KEY, OWNER_ID, ATTR_VALUE, ID) values ('46b74235-404c-4445-9752-3e80daab76da', 'kuali.attribute.final.exam.driver', '4a36d998-d2bf-4c27-bd6f-db2c5ef597e4', 'PER_AO', '064c31a9-9233-47b9-9214-b68bcc444472')
/
insert into KSEN_LUI_IDENT (OBJ_ID, VER_NBR, CREATEID, CREATETIME, UPDATEID, UPDATETIME, LUI_CD, DIVISION, IDENT_LEVEL, LNG_NAME, LUI_ID, ORGID, SHRT_NAME, LUI_ID_STATE, SUFX_CD, LUI_ID_TYPE, VARTN, ID) values ('eb62e4be-1bd1-4551-bd6b-769b3ddf69c7', 0, 'admin', TIMESTAMP '2013-10-24 15:00:28.053', 'admin', TIMESTAMP '2013-10-24 15:00:28.053', '', '', '', '', '4a36d998-d2bf-4c27-bd6f-db2c5ef597e4', '', '', 'kuali.lui.identifier.state.active', '', 'kuali.lui.identifier.type.official', '', '2b9cbeda-3e39-4651-91f7-87988c8b11b6')
/
insert into KSEN_LUILUI_RELTN (OBJ_ID, VER_NBR, CREATEID, CREATETIME, UPDATEID, UPDATETIME, EFF_DT, EXPIR_DT, DESCR_FORMATTED, LUI_ID, LUILUI_RELTN_STATE, LUILUI_RELTN_TYPE, NAME, DESCR_PLAIN, RELATED_LUI_ID, ID) values ('38cabc2d-cb13-4f55-9b24-9d79852ed796', 0, 'admin', TIMESTAMP '2013-10-24 15:00:28.053', 'admin', TIMESTAMP '2013-10-24 15:00:28.053', TIMESTAMP '2013-10-24 15:00:30.329', '', '4a36d998-d2bf-4c27-bd6f-db2c5ef597e4-FO-EO)', '3b6923ee-ac45-45db-97b8-233968138978', 'kuali.lui.lui.relation.state.active', 'kuali.lui.lui.relation.type.deliveredvia.fo2eo', 'Fo-Eo-relation', '4a36d998-d2bf-4c27-bd6f-db2c5ef597e4-FO-EO', '4a36d998-d2bf-4c27-bd6f-db2c5ef597e4', '070ecd4a-0dda-47a0-81c3-ddca260c948c')
/
insert into KSEN_LUILUI_RELTN_ATTR (OBJ_ID, ATTR_KEY, OWNER_ID, ATTR_VALUE, ID) values ('0c4d8b8d-3129-4220-bff8-12dc6ab94a4a', 'AO1', '070ecd4a-0dda-47a0-81c3-ddca260c948c', 'c88f64ab-fcd0-4fae-9d21-c806b77fda34', '986bde59-a5d5-45fc-87c9-6c97deb9de9e')
/
insert into KSEN_CWL (OBJ_ID, VER_NBR, CREATEID, CREATETIME, UPDATEID, UPDATETIME, ALLOW_HOLD_UTIL_ENTRIES_IND, AUTO_PROCESSED_IND, CHECK_IN_REQ_IND, CONF_REQ_IND, EFF_DT, EXPIR_DT, MAX_SIZE, REG_IN_FIRST_AAO_IND, STD_DUR_TIME_QTY, STD_DUR_TYPE, CWL_STATE, CWL_TYPE, ID) values ('093bede8-1e82-4a4a-963f-a6a3491935c2', 0, 'admin', TIMESTAMP '2013-10-24 15:00:28.053', 'admin', TIMESTAMP '2013-10-24 15:00:28.053', '0', '1', '0', '1', '', '', '', '', '', '', 'kuali.course.waitlist.state.active', 'kuali.course.waitlist.type.course.waitlist', 'e1dbc366-dd4e-47fd-9bb8-d4a05d8c2112')
/
insert into KSEN_CWL_ACTIV_OFFER (CWL_ID, ACTIV_OFFER_ID) values ('e1dbc366-dd4e-47fd-9bb8-d4a05d8c2112', 'c88f64ab-fcd0-4fae-9d21-c806b77fda34')
/
insert into KSEN_CWL_FORMAT_OFFER (CWL_ID, FORMAT_OFFER_ID) values ('e1dbc366-dd4e-47fd-9bb8-d4a05d8c2112', '3b6923ee-ac45-45db-97b8-233968138978')
/


-- Term = kuali.atp.2011Spring / 201101, coCode = CHEM242
insert into KSEN_LUI (OBJ_ID, VER_NBR, CREATEID, CREATETIME, UPDATEID, UPDATETIME, ATP_ID, CLU_ID, EFF_DT, EXPIR_DT, DESCR_FORMATTED, LUI_STATE, LUI_TYPE, MAX_SEATS, MIN_SEATS, NAME, DESCR_PLAIN, REF_URL, ID) values ('622ed6c2-846a-4fff-8d4f-7841adf89e78', 0, 'admin', TIMESTAMP '2013-10-25 10:45:49.796', 'admin', TIMESTAMP '2013-10-25 10:45:49.796', 'kuali.atp.2011Spring', '06b65acf-167f-4864-8870-4aeb3e333277', '', '', '', 'kuali.lui.activity.offering.state.draft', 'kuali.lui.type.activity.offering.lecture', 576, '', 'CHEM242 AO', '', '', '8dfbfa90-2932-46ac-94e8-f42128d1d054')
/
insert into KSEN_LUI_ATTR (OBJ_ID, ATTR_KEY, OWNER_ID, ATTR_VALUE, ID) values ('2c583451-68ed-4691-8328-d27724351eee', 'kuali.attribute.nonstd.ts.indicator', '8dfbfa90-2932-46ac-94e8-f42128d1d054', '0', '08ef9aa4-02fb-4002-adef-c4f33406ba9e')
/
insert into KSEN_LUI_ATTR (OBJ_ID, ATTR_KEY, OWNER_ID, ATTR_VALUE, ID) values ('1e987f07-429c-4467-8835-4f01e9c019cb', 'kuali.attribute.course.evaluation.indicator', '8dfbfa90-2932-46ac-94e8-f42128d1d054', 'null', '1899062e-3b62-4ca5-904f-7b1de6b59f09')
/
insert into KSEN_LUI_ATTR (OBJ_ID, ATTR_KEY, OWNER_ID, ATTR_VALUE, ID) values ('e891c6fa-5bd5-4d26-8c06-897efa3a0c08', 'kuali.attribute.max.enrollment.is.estimate', '8dfbfa90-2932-46ac-94e8-f42128d1d054', 'null', '01d6901b-2b92-4b20-a451-03c198dc0829')
/
insert into KSEN_LUI_IDENT (OBJ_ID, VER_NBR, CREATEID, CREATETIME, UPDATEID, UPDATETIME, LUI_CD, DIVISION, IDENT_LEVEL, LNG_NAME, LUI_ID, ORGID, SHRT_NAME, LUI_ID_STATE, SUFX_CD, LUI_ID_TYPE, VARTN, ID) values ('a52ca0e4-6218-4fc2-b249-098e28277331', 0, 'admin', TIMESTAMP '2013-10-25 10:45:49.796', 'admin', TIMESTAMP '2013-10-25 10:45:49.796', 'AH', '', '', '', '8dfbfa90-2932-46ac-94e8-f42128d1d054', '', '', 'kuali.lui.identifier.state.active', '', 'kuali.lui.identifier.type.official', '', '2a21fcfb-a25f-4097-b8d7-e5264a8bf850')
/
insert into KSEN_LUI_LU_CD (OBJ_ID, VER_NBR, CREATEID, CREATETIME, UPDATEID, UPDATETIME, DESCR_FORMATTED, LUI_ID, DESCR_PLAIN, LUI_LUCD_TYPE, VALUE, ID) values ('d04ac8a0-8fb2-4f12-a66a-3413e4394946', 0, 'admin', TIMESTAMP '2013-10-25 10:45:49.796', 'admin', TIMESTAMP '2013-10-25 10:45:49.796', '', '8dfbfa90-2932-46ac-94e8-f42128d1d054', '', 'kuali.lu.code.honorsOffering', 'null', '2bc7e6d7-b339-44ad-8f9e-5c973d4b7e1b')
/
insert into KSEN_LUILUI_RELTN (OBJ_ID, VER_NBR, CREATEID, CREATETIME, UPDATEID, UPDATETIME, EFF_DT, EXPIR_DT, DESCR_FORMATTED, LUI_ID, LUILUI_RELTN_STATE, LUILUI_RELTN_TYPE, NAME, DESCR_PLAIN, RELATED_LUI_ID, ID) values ('014932de-3e13-4439-a318-0e417d055539', 0, 'admin', TIMESTAMP '2013-10-25 10:45:49.796', 'admin', TIMESTAMP '2013-10-25 10:45:49.796', TIMESTAMP '2013-10-25 10:45:50.359', '', 'CHEM242-FO-AO', '3f723f1f-fb7c-4bd7-a1c8-1eb5c20d5be9', 'kuali.lui.lui.relation.state.active', 'kuali.lui.lui.relation.type.deliveredvia.fo2ao', 'fo-ao-relation', 'CHEM242-FO-AO', '8dfbfa90-2932-46ac-94e8-f42128d1d054', '016579a0-4ed4-430d-9753-d8d3e8682d33')
/
insert into KSEN_CO_AO_CLUSTER_SET (OBJ_ID, ACTIVITY_OFFERING_TYPE, AO_CLUSTER_ID, ID) values ('bd0af1a4-986f-427d-93d1-3cc87d4c2fea', 'kuali.lui.type.activity.offering.lecture', '637bc4ca-9495-4e5e-9283-513ebc43f36c', '572bb14b-013c-4c2a-a99b-8bf68738ef3e')
/
insert into KSEN_CO_AO_CLUSTER_SET_AO (AOC_SET_ID, ACTIVITY_OFFERING_ID) values ('572bb14b-013c-4c2a-a99b-8bf68738ef3e', '8dfbfa90-2932-46ac-94e8-f42128d1d054')
/
delete from KSEN_LUILUI_RELTN where ID='9b904376-feb4-482a-a4f7-3c360947171e' and VER_NBR=0
/
delete from KSEN_LUILUI_RELTN where ID='162997e6-14b0-4899-bfc7-5c94cd2d02e1' and VER_NBR=0
/
delete from KSEN_LUI_ATTR where ID='ac0d7006-0f5b-4342-ae7d-9e8dc66cde6f'
/
delete from KSEN_LUI_ATTR where ID='51daee16-7c4e-44f0-b2c8-dd4016acb89d'
/
delete from KSEN_LUI_IDENT where ID='56b4ca8b-b2f3-4e45-bf83-4f5b272b8f92' and VER_NBR=0
/
delete from KSEN_LUI where ID='0c0b209f-bd6d-4966-a949-82cfdf101c68' and VER_NBR=1
/
delete from KSEN_LUILUI_RELTN where ID='aaa0638d-9e5d-4eb4-a09e-aa1f97ee400b' and VER_NBR=0
/
delete from KSEN_LUILUI_RELTN where ID='a551a767-78d4-401d-80a9-cb3cff635841' and VER_NBR=0
/
delete from KSEN_LUI_ATTR where ID='3fdf5c5a-8cdd-4401-8a3f-e86dd0bc9fba'
/
delete from KSEN_LUI_ATTR where ID='1a657791-cf60-49dc-969e-7a272130244b'
/
delete from KSEN_LUI_IDENT where ID='87eaac1a-01eb-470c-a4fd-df55ee576ca7' and VER_NBR=0
/
delete from KSEN_LUI where ID='e33553cf-cbac-41bb-9ac4-53a3e16348a6' and VER_NBR=1
/
delete from KSEN_LUILUI_RELTN where ID='86f2d35d-3506-455f-a5b4-704ef5a2805f' and VER_NBR=0
/
delete from KSEN_LUILUI_RELTN where ID='6ca8cf02-94a3-4481-a89e-9704cd7f6edd' and VER_NBR=0
/
delete from KSEN_LUI_ATTR where ID='4bc19527-7885-4b54-a442-d19bdd5b77fd'
/
delete from KSEN_LUI_ATTR where ID='2d3abaae-eee2-4940-a331-346512f768c2'
/
delete from KSEN_LUI_IDENT where ID='20f93984-3e40-4112-8088-5eec31b7ab97' and VER_NBR=0
/
delete from KSEN_LUI where ID='03d621b6-177a-4ac5-8727-2448126c45ab' and VER_NBR=1
/
delete from KSEN_LUILUI_RELTN where ID='c57f9ff9-7524-409e-9c0e-655a0a89a295' and VER_NBR=0
/
delete from KSEN_LUILUI_RELTN where ID='f9b4cffb-575f-4272-8b89-4839be76bc70' and VER_NBR=0
/
delete from KSEN_LUI_ATTR where ID='bbf6f560-5d31-4732-8a78-98181c1c6010'
/
delete from KSEN_LUI_ATTR where ID='a3e218d2-7b2a-4d06-8249-13531f388b07'
/
delete from KSEN_LUI_IDENT where ID='ce7a4e38-c99b-4b7d-a2ff-4a6ffb14c9be' and VER_NBR=0
/
delete from KSEN_LUI where ID='68ad1993-fd45-4b5e-aaab-999c084cad10' and VER_NBR=1
/
delete from KSEN_LUILUI_RELTN where ID='6462a7ef-2ac4-4ea6-a257-f176a195bc63' and VER_NBR=0
/
delete from KSEN_LUILUI_RELTN where ID='85418a35-1d07-4190-88ea-0f79015fbe54' and VER_NBR=0
/
delete from KSEN_LUI_ATTR where ID='d57e9e4a-fdaf-4a05-96c2-99b56ea30ec2'
/
delete from KSEN_LUI_ATTR where ID='b2afd8bb-eaf3-4ec6-a9d4-7418e2f2baa4'
/
delete from KSEN_LUI_IDENT where ID='e27b5f3c-f3ae-494d-a28f-034fa14fb3ee' and VER_NBR=0
/
delete from KSEN_LUI where ID='d9ef56b2-ea57-40f3-9c5a-769bcaeeae36' and VER_NBR=1
/
delete from KSEN_LUILUI_RELTN where ID='2ed33520-04ba-4c3e-beec-14303a448c00' and VER_NBR=0
/
delete from KSEN_LUILUI_RELTN where ID='57ef3f36-4562-4464-840e-dd99acd8e062' and VER_NBR=0
/
delete from KSEN_LUI_ATTR where ID='a55d35c1-56a8-48cc-9f80-004b9cf7d652'
/
delete from KSEN_LUI_ATTR where ID='ec6d308f-90de-4ae4-8575-4d869df5cf5b'
/
delete from KSEN_LUI_IDENT where ID='c2a49068-3e4f-439f-b8d6-3f0efb7ab72b' and VER_NBR=0
/
delete from KSEN_LUI where ID='bb683d89-cc66-4403-9e8d-cb1354814da4' and VER_NBR=1
/
delete from KSEN_LUILUI_RELTN where ID='21f20418-8e00-41b8-8986-908abee0b9cc' and VER_NBR=0
/
delete from KSEN_LUILUI_RELTN where ID='54683104-4525-4ddf-b359-d75a9865aee7' and VER_NBR=0
/
delete from KSEN_LUI_ATTR where ID='1c3fca4c-44e7-4b8a-8344-19493c33fe47'
/
delete from KSEN_LUI_ATTR where ID='346dcc2c-20c7-4401-b4b2-e159665d0177'
/
delete from KSEN_LUI_IDENT where ID='f4a68e6d-d61d-4a60-a112-9f7dda7c2ac1' and VER_NBR=0
/
delete from KSEN_LUI where ID='35ad7121-2d2e-41c7-a398-868d0505d97e' and VER_NBR=1
/
delete from KSEN_LUILUI_RELTN where ID='a748fd7f-e011-4513-82af-650d313c536e' and VER_NBR=0
/
delete from KSEN_LUILUI_RELTN where ID='152da000-1462-4d57-b21c-30dbf2a35ce3' and VER_NBR=0
/
delete from KSEN_LUI_ATTR where ID='28eb5a87-07f8-41f3-ab14-a6830e9a6847'
/
delete from KSEN_LUI_ATTR where ID='421dd65a-88a7-4bac-8762-8189c2b2f381'
/
delete from KSEN_LUI_IDENT where ID='a1b24f45-73c8-4806-9c0a-6a2b8cad08f6' and VER_NBR=0
/
delete from KSEN_LUI where ID='c3321033-35f4-4eaa-a81c-9f39ae93aa59' and VER_NBR=1
/
delete from KSEN_LUILUI_RELTN where ID='7b833f35-f121-4b36-a391-a4a3b3d287e5' and VER_NBR=0
/
delete from KSEN_LUILUI_RELTN where ID='d1858917-6f84-4993-9042-76d09f01fa9c' and VER_NBR=0
/
delete from KSEN_LUI_ATTR where ID='2a26459c-a59e-4d6a-84b7-330fa3d8b14c'
/
delete from KSEN_LUI_ATTR where ID='0878b459-985c-4a57-9e95-1773fe57f49d'
/
delete from KSEN_LUI_IDENT where ID='1e11f050-d7e6-4214-8b78-307fb984c053' and VER_NBR=0
/
delete from KSEN_LUI where ID='bb90a4a7-a265-4ede-9f64-38a27a0dfe2e' and VER_NBR=1
/
delete from KSEN_LUILUI_RELTN where ID='11ba414d-56d1-407c-8120-09be7c95f73e' and VER_NBR=0
/
delete from KSEN_LUILUI_RELTN where ID='f72ade81-8b7b-4875-8bfe-59560bfe6515' and VER_NBR=0
/
delete from KSEN_LUI_ATTR where ID='80707b8e-809e-452d-b0c6-75cb94cd6fc7'
/
delete from KSEN_LUI_ATTR where ID='516db00f-4832-4e14-ac85-cea0116a8820'
/
delete from KSEN_LUI_IDENT where ID='99ba3355-8098-440c-af06-63e810128472' and VER_NBR=0
/
delete from KSEN_LUI where ID='ef56e087-d6af-45f6-81fb-db50e764e844' and VER_NBR=1
/
delete from KSEN_LUILUI_RELTN where ID='5f0a7e69-781e-46bb-ae61-0768377ed908' and VER_NBR=0
/
delete from KSEN_LUILUI_RELTN where ID='eb84e93d-79d2-40d1-9139-f22f05b3783f' and VER_NBR=0
/
delete from KSEN_LUI_ATTR where ID='3bc7a5c3-91bb-4c4e-9c3c-c79af5764f6f'
/
delete from KSEN_LUI_ATTR where ID='f623f9a5-67ec-4f28-a2e2-8e30f016dcab'
/
delete from KSEN_LUI_IDENT where ID='ea761047-de41-47f2-8aec-2b229ea8748a' and VER_NBR=0
/
delete from KSEN_LUI where ID='45d4a712-405e-4d7e-a637-62d272f6747c' and VER_NBR=1
/
delete from KSEN_LUILUI_RELTN where ID='d4051418-69ea-43ad-a6bc-3831cd955e75' and VER_NBR=0
/
delete from KSEN_LUILUI_RELTN where ID='9ad1d133-329d-4e03-a538-f4aa3a390e63' and VER_NBR=0
/
delete from KSEN_LUI_ATTR where ID='1c932c35-f165-49d5-a615-d21bc0cdc06b'
/
delete from KSEN_LUI_ATTR where ID='26d9b232-0dd0-4460-9def-e761fa4c3956'
/
delete from KSEN_LUI_IDENT where ID='6e478ea5-155e-4ed5-bfbe-058ab9e1f5d1' and VER_NBR=0
/
delete from KSEN_LUI where ID='911f6525-8930-4e7c-a633-2a1d44a1f793' and VER_NBR=1
/
delete from KSEN_LUILUI_RELTN where ID='75f43703-2439-4e89-a200-08e1d1c0d647' and VER_NBR=0
/
delete from KSEN_LUILUI_RELTN where ID='2bd9a46f-7ed0-40d1-8d81-4cf463d4e3ff' and VER_NBR=0
/
delete from KSEN_LUI_ATTR where ID='41e9f5d7-c69d-4abb-94e3-81dbd219e7b9'
/
delete from KSEN_LUI_ATTR where ID='d0235614-7382-43e0-ad6e-e23f84261385'
/
delete from KSEN_LUI_IDENT where ID='17576b25-ddaf-4900-a87b-1f9c7ea3839c' and VER_NBR=0
/
delete from KSEN_LUI where ID='9e1ef66b-3552-4ef0-b82b-2b74d7928422' and VER_NBR=1
/
delete from KSEN_LUILUI_RELTN where ID='84b38ae8-1d6e-4253-b8d3-11e20fd0148d' and VER_NBR=0
/
delete from KSEN_LUILUI_RELTN where ID='30cbd3a5-64f3-4835-a76e-a29c0456c81a' and VER_NBR=0
/
delete from KSEN_LUI_ATTR where ID='abb31bf9-99a4-4de4-b515-2ec3cc1dea30'
/
delete from KSEN_LUI_ATTR where ID='05f7ab43-1df2-4fae-bf70-0e7481108326'
/
delete from KSEN_LUI_IDENT where ID='2695294a-4e50-4c83-a8ed-a66db81aa938' and VER_NBR=0
/
delete from KSEN_LUI where ID='195beab1-d474-4357-9e6c-8fd3ac5ec065' and VER_NBR=1
/
delete from KSEN_LUILUI_RELTN where ID='b010fd53-ab39-4c7f-9c50-5ebfde1166c2' and VER_NBR=0
/
delete from KSEN_LUILUI_RELTN where ID='a57f6b80-e5f2-4068-ab1b-4681e93c340b' and VER_NBR=0
/
delete from KSEN_LUI_ATTR where ID='f57819eb-5635-4ebb-8857-63c4bcd3bf9e'
/
delete from KSEN_LUI_ATTR where ID='9a5ef68f-e2c5-455e-a428-2432849e8ba6'
/
delete from KSEN_LUI_IDENT where ID='5687261a-b75c-4032-9ee6-f02356d2b12c' and VER_NBR=0
/
delete from KSEN_LUI where ID='c6f2c447-ce53-46d1-a2c3-d898eafb8678' and VER_NBR=1
/
delete from KSEN_LUILUI_RELTN where ID='e83b16be-cfac-4173-89f9-09ca8b9f7362' and VER_NBR=0
/
delete from KSEN_LUILUI_RELTN where ID='acfb2833-9e78-4799-8e97-20404627c377' and VER_NBR=0
/
delete from KSEN_LUI_ATTR where ID='86d54bf9-7c21-41df-a0a4-380385e9d93b'
/
delete from KSEN_LUI_ATTR where ID='707ac2af-27f8-419e-b964-72d1b9063930'
/
delete from KSEN_LUI_IDENT where ID='d114ef75-bfe5-49a8-9915-a05b09b6790d' and VER_NBR=0
/
delete from KSEN_LUI where ID='72a2ea5e-cc7a-4d82-86a7-e1679e7a981e' and VER_NBR=1
/
delete from KSEN_LUILUI_RELTN where ID='b13b7b12-c6db-4ebb-aec6-01aef44fb564' and VER_NBR=0
/
delete from KSEN_LUILUI_RELTN where ID='5f66387d-7abf-4f7a-8815-a52218a3daf0' and VER_NBR=0
/
delete from KSEN_LUI_ATTR where ID='6eea5f9d-f15d-481c-9666-c9714888f4bd'
/
delete from KSEN_LUI_ATTR where ID='70416616-7a15-47d9-92c8-d6e2864f89ad'
/
delete from KSEN_LUI_IDENT where ID='5f601299-6d09-4ea7-996e-59eb1f310a56' and VER_NBR=0
/
delete from KSEN_LUI where ID='77e0e284-9176-4cb1-86f4-481cf12c27a0' and VER_NBR=1
/
delete from KSEN_LUILUI_RELTN where ID='1f95ccd5-3df2-42a0-a723-31a985500804' and VER_NBR=0
/
delete from KSEN_LUILUI_RELTN where ID='c2c7f554-8b0c-4525-9530-ab37fa02a78a' and VER_NBR=0
/
delete from KSEN_LUI_ATTR where ID='30b660f8-996a-49db-9051-03bf1d4b616c'
/
delete from KSEN_LUI_ATTR where ID='c2e6d44c-0ff6-43c4-b791-cff97248071f'
/
delete from KSEN_LUI_IDENT where ID='96813947-bf5b-403f-8b76-643577f39f00' and VER_NBR=0
/
delete from KSEN_LUI where ID='bc5fd1a3-63de-4f35-a864-29a44362c65b' and VER_NBR=1
/
delete from KSEN_LUILUI_RELTN where ID='0787983c-d5f3-4a3f-b59f-9056c798289e' and VER_NBR=0
/
delete from KSEN_LUILUI_RELTN where ID='3647ad3f-fed9-4ed2-93f4-02a4d82fb9f1' and VER_NBR=0
/
delete from KSEN_LUI_ATTR where ID='6140a8b2-43a1-4bbe-bf2a-106f8939f9b6'
/
delete from KSEN_LUI_ATTR where ID='e7828c9a-3024-45a5-96f5-4593dba2ee85'
/
delete from KSEN_LUI_IDENT where ID='43c182b6-3e41-4d77-ba2b-2eb413f86070' and VER_NBR=0
/
delete from KSEN_LUI where ID='427257db-8981-4176-96c0-5d1f1268953b' and VER_NBR=1
/
delete from KSEN_LUILUI_RELTN where ID='912750ca-426d-402e-8373-022f48ad39ad' and VER_NBR=0
/
delete from KSEN_LUILUI_RELTN where ID='12e68924-63f8-4bf5-b35a-2fec62e68e98' and VER_NBR=0
/
delete from KSEN_LUI_ATTR where ID='cd54fef7-bb88-43d9-918f-d7c7b3c9a996'
/
delete from KSEN_LUI_ATTR where ID='1c3d4cc4-72b8-4031-bf90-b25159b2a389'
/
delete from KSEN_LUI_IDENT where ID='b15c31b7-b845-4db8-9511-12fdf5785d02' and VER_NBR=0
/
delete from KSEN_LUI where ID='7a163cc1-312f-43d6-97bb-8f32d18d6982' and VER_NBR=1
/
delete from KSEN_LUILUI_RELTN where ID='dee6895b-97ca-48e7-9e5c-f340f6561f8a' and VER_NBR=0
/
delete from KSEN_LUILUI_RELTN where ID='f556585b-e789-43da-b285-a23c4a05472e' and VER_NBR=0
/
delete from KSEN_LUI_ATTR where ID='2b3296a8-704c-4310-9462-7108229598dc'
/
delete from KSEN_LUI_ATTR where ID='5318ddcf-15fa-4178-ace4-db37bc8c3407'
/
delete from KSEN_LUI_IDENT where ID='be7a2f67-6948-42d3-b028-4c1188154ca8' and VER_NBR=0
/
delete from KSEN_LUI where ID='e42719fc-a83e-4b0c-8f53-9ba7ade27e07' and VER_NBR=1
/
delete from KSEN_LUILUI_RELTN where ID='1c0bf87e-18e1-48b5-90d4-2bbb42258357' and VER_NBR=0
/
delete from KSEN_LUILUI_RELTN where ID='fc06ff00-572d-4333-8901-a114174cfdd4' and VER_NBR=0
/
delete from KSEN_LUI_ATTR where ID='9b72d774-c1cd-4b65-a874-ce49a3807627'
/
delete from KSEN_LUI_ATTR where ID='d6af819a-5093-4968-8e23-5469c9b409d6'
/
delete from KSEN_LUI_IDENT where ID='2186c8e8-d74f-44de-8d51-23b4dd096bad' and VER_NBR=0
/
delete from KSEN_LUI where ID='7373834a-9079-46f1-b526-a3b352d9fbf5' and VER_NBR=1
/
delete from KSEN_LUILUI_RELTN where ID='3a6a2675-86ad-4934-8803-25925cb0e241' and VER_NBR=0
/
delete from KSEN_LUILUI_RELTN where ID='e79a530f-f323-4908-ab33-55fddb3cb4c9' and VER_NBR=0
/
delete from KSEN_LUI_ATTR where ID='1d2f81e1-11b2-49fa-a390-80f5112d5a51'
/
delete from KSEN_LUI_ATTR where ID='0818c32d-44bb-4e9a-bf1f-4e6bc26390c8'
/
delete from KSEN_LUI_IDENT where ID='16053f12-8d35-4f1e-a85e-2ad8ad376c49' and VER_NBR=0
/
delete from KSEN_LUI where ID='50ac8df7-849c-471f-a2fc-c1df1ef36ce5' and VER_NBR=1
/
delete from KSEN_LUILUI_RELTN where ID='7ec56c54-c34b-4b6a-b81e-0b5ab3b53d5c' and VER_NBR=0
/
delete from KSEN_LUILUI_RELTN where ID='e77b9215-fdf7-4e4f-985a-ce4c0cc84f6e' and VER_NBR=0
/
delete from KSEN_LUI_ATTR where ID='d2b19902-ee57-480c-b5cf-d62ffbaf9f3c'
/
delete from KSEN_LUI_ATTR where ID='186226a0-40d7-48fa-a2c4-84b44537b707'
/
delete from KSEN_LUI_IDENT where ID='df3448e0-e433-4084-9b48-271c96af89ff' and VER_NBR=0
/
delete from KSEN_LUI where ID='c4b36772-3ac8-4cbb-b8d0-9d70983abd97' and VER_NBR=1
/
delete from KSEN_LUILUI_RELTN where ID='ea040a58-0651-46db-a41d-50773e25da0e' and VER_NBR=0
/
delete from KSEN_LUILUI_RELTN where ID='565a87d3-7945-4723-8aaa-076cf4afa679' and VER_NBR=0
/
delete from KSEN_LUI_ATTR where ID='d0112aee-e784-42ce-a6db-5aca719b5c97'
/
delete from KSEN_LUI_ATTR where ID='01867fe1-5961-49b0-96a0-1543e4d4281e'
/
delete from KSEN_LUI_IDENT where ID='010c3d9f-2813-47e8-8c05-93fb4e9e4af3' and VER_NBR=0
/
delete from KSEN_LUI where ID='19e9f016-4492-46af-856e-d54817c57d46' and VER_NBR=1
/
delete from KSEN_LUILUI_RELTN where ID='2d90b688-d817-41d0-9e25-fd7f6051030e' and VER_NBR=0
/
delete from KSEN_LUILUI_RELTN where ID='76c15694-645a-4f69-8e79-cf22552ff592' and VER_NBR=0
/
delete from KSEN_LUI_ATTR where ID='ffe00764-cebb-4d71-b7f9-73794ebeb864'
/
delete from KSEN_LUI_ATTR where ID='5800f3bf-a034-4cd4-9e4d-dd6c74299d96'
/
delete from KSEN_LUI_IDENT where ID='7bfcc175-322b-4e49-89f3-221a694e4e5a' and VER_NBR=0
/
delete from KSEN_LUI where ID='5cbe7df7-c8e3-464b-add4-6b7d21a148de' and VER_NBR=1
/
delete from KSEN_LUILUI_RELTN where ID='5308a933-a51c-4f94-8671-4a660c588061' and VER_NBR=0
/
delete from KSEN_LUILUI_RELTN where ID='5c895383-3a83-4d5d-9d97-4d33d753be14' and VER_NBR=0
/
delete from KSEN_LUI_ATTR where ID='04cac6e7-a854-47c3-a7bf-207cdf7d3de6'
/
delete from KSEN_LUI_ATTR where ID='20ba86e9-f9f1-4efd-b10e-8801fd4a0d95'
/
delete from KSEN_LUI_IDENT where ID='4e6887ed-5f79-47f4-866a-ad8eb885102a' and VER_NBR=0
/
delete from KSEN_LUI where ID='68812ea3-1890-44ab-81e3-c1f3b8e6e90c' and VER_NBR=1
/
delete from KSEN_LUILUI_RELTN where ID='ea423713-a471-45d3-a6b7-c6dd9b1a8cb7' and VER_NBR=0
/
delete from KSEN_LUILUI_RELTN where ID='d2357a47-b879-48df-89f0-1626fd378789' and VER_NBR=0
/
delete from KSEN_LUI_ATTR where ID='6b5605d1-9548-4a48-8fc2-6a00755b8e26'
/
delete from KSEN_LUI_ATTR where ID='f053ffdb-8c56-430d-bda0-a4c22973da8a'
/
delete from KSEN_LUI_IDENT where ID='141d5f41-9989-496f-8e58-91f838d0a415' and VER_NBR=0
/
delete from KSEN_LUI where ID='75e170ed-86f5-47c9-a18c-82b9e7eac7ec' and VER_NBR=1
/
delete from KSEN_LUILUI_RELTN where ID='47bd035c-aa26-474f-aac6-229e4db1cda5' and VER_NBR=0
/
delete from KSEN_LUILUI_RELTN where ID='4c2bffd0-4e63-441f-93fd-dcc4fbab794e' and VER_NBR=0
/
delete from KSEN_LUI_ATTR where ID='098c31e1-5fec-45ff-a674-bb2619a9baf4'
/
delete from KSEN_LUI_ATTR where ID='1cb8c853-14a0-4d56-8d66-624865438561'
/
delete from KSEN_LUI_IDENT where ID='f6737994-6ea8-4847-80ba-6e83eb5b3f2b' and VER_NBR=0
/
delete from KSEN_LUI where ID='ee76769d-401e-4e64-a825-9339de194140' and VER_NBR=1
/
delete from KSEN_LUILUI_RELTN where ID='8f0769b0-a4d4-49db-bf00-cc0dbd66c3e9' and VER_NBR=0
/
delete from KSEN_LUILUI_RELTN where ID='74ab1ad7-c2b2-41ce-a3a6-49804d955e28' and VER_NBR=0
/
delete from KSEN_LUI_ATTR where ID='78ec0e91-9b5b-46fb-badb-96f5db76233c'
/
delete from KSEN_LUI_ATTR where ID='644c9003-15e1-4056-a7ee-7394feb1e6ff'
/
delete from KSEN_LUI_IDENT where ID='22ca728e-a45e-461c-81da-3dbda2738d31' and VER_NBR=0
/
delete from KSEN_LUI where ID='4f54dc09-716d-49df-8a7c-e138f825ad80' and VER_NBR=1
/
delete from KSEN_LUILUI_RELTN where ID='9d573977-7d3e-4111-ae7c-981c93b5c68b' and VER_NBR=0
/
delete from KSEN_LUILUI_RELTN where ID='308b5884-5fa8-4fa5-912f-7ae1e055807b' and VER_NBR=0
/
delete from KSEN_LUI_ATTR where ID='aaa31c99-baa3-4fa5-816a-ff83f40f7482'
/
delete from KSEN_LUI_ATTR where ID='dfeb7809-178b-49c5-8f9b-825f74f4553b'
/
delete from KSEN_LUI_IDENT where ID='d9d9b46d-0922-440f-a10a-a7d5e5aa1d4b' and VER_NBR=0
/
delete from KSEN_LUI where ID='f0f2ad04-4685-499b-8119-8b18eca5d9b6' and VER_NBR=1
/
delete from KSEN_LUILUI_RELTN where ID='00aeb3d4-2d6f-4f50-86c7-3796732d1256' and VER_NBR=0
/
delete from KSEN_LUILUI_RELTN where ID='9d11e375-0a87-4611-8978-593f2be1907f' and VER_NBR=0
/
delete from KSEN_LUI_ATTR where ID='e5d030ee-c32d-4bb5-9581-151f976b6171'
/
delete from KSEN_LUI_ATTR where ID='1b2a22c6-7564-4111-bdb8-d33e04bdc743'
/
delete from KSEN_LUI_IDENT where ID='21c05193-ff05-443c-a565-ce13c0060749' and VER_NBR=0
/
delete from KSEN_LUI where ID='405e65b9-9637-4b18-9f78-88f8cd295a1b' and VER_NBR=1
/
delete from KSEN_LUILUI_RELTN where ID='9675e9ee-68af-4c34-a619-78e252dd722c' and VER_NBR=0
/
delete from KSEN_LUILUI_RELTN where ID='09ccb54b-8351-45c1-8451-520966ab1893' and VER_NBR=0
/
delete from KSEN_LUI_ATTR where ID='868a2d1f-5178-4856-ad0c-363bf7316235'
/
delete from KSEN_LUI_ATTR where ID='b5fc2cc3-e54e-463f-b84f-63a1f488f711'
/
delete from KSEN_LUI_IDENT where ID='d1220f96-3540-45b5-9f6c-ca0fb18f13da' and VER_NBR=0
/
delete from KSEN_LUI where ID='016689df-1bda-4a91-9052-8bc104ef6ab3' and VER_NBR=1
/
insert into KSEN_LUI_ATTR (OBJ_ID, ATTR_KEY, OWNER_ID, ATTR_VALUE, ID) values ('7c773573-149a-4d13-adb1-eb15190e24fe', 'regCodePrefix', '3f723f1f-fb7c-4bd7-a1c8-1eb5c20d5be9', '1', '858be6c6-fd6d-4617-8a9a-181ed048ee5f')
/
delete from KSEN_LUI_RELATED_LUI_TYPES where LUI_ID='3f723f1f-fb7c-4bd7-a1c8-1eb5c20d5be9'
/
insert into KSEN_LUI_RELATED_LUI_TYPES (LUI_ID, RELATED_LUI_TYPE) values ('3f723f1f-fb7c-4bd7-a1c8-1eb5c20d5be9', 'kuali.lui.type.activity.offering.lab')
/
insert into KSEN_LUI_RELATED_LUI_TYPES (LUI_ID, RELATED_LUI_TYPE) values ('3f723f1f-fb7c-4bd7-a1c8-1eb5c20d5be9', 'kuali.lui.type.activity.offering.lecture')
/
insert into KSEN_LUI (OBJ_ID, VER_NBR, CREATEID, CREATETIME, UPDATEID, UPDATETIME, ATP_ID, CLU_ID, EFF_DT, EXPIR_DT, DESCR_FORMATTED, LUI_STATE, LUI_TYPE, MAX_SEATS, MIN_SEATS, NAME, DESCR_PLAIN, REF_URL, ID) values ('184b5e50-c20d-4d86-a308-acd897b7e8ca', 0, 'admin', TIMESTAMP '2013-10-25 10:45:49.796', 'admin', TIMESTAMP '2013-10-25 10:45:49.796', 'kuali.atp.2011Spring', 'd925e275-370d-4d98-bbec-96fe2459a200', '', '', '1001', 'kuali.lui.registration.group.state.pending', 'kuali.lui.type.registration.group', '', '', '1001', '1001', '', '8904f902-1882-4137-a892-af494191ee27')
/
insert into KSEN_LUI_ATTR (OBJ_ID, ATTR_KEY, OWNER_ID, ATTR_VALUE, ID) values ('b28e56e5-da06-44cb-960c-de2358770825', 'kuali.attribute.registration.group.aocluster.id', '8904f902-1882-4137-a892-af494191ee27', '637bc4ca-9495-4e5e-9283-513ebc43f36c', '0d9bd276-7e0a-4909-bb2b-ca39f3be7dee')
/
insert into KSEN_LUI_ATTR (OBJ_ID, ATTR_KEY, OWNER_ID, ATTR_VALUE, ID) values ('d0c9d544-fe2a-4116-b2d4-ff2fa18ad917', 'kuali.attribute.registration.group.is.generated', '8904f902-1882-4137-a892-af494191ee27', '1', '2cda2f35-1c16-414d-ac8b-38ed0f2ff539')
/
insert into KSEN_LUI_IDENT (OBJ_ID, VER_NBR, CREATEID, CREATETIME, UPDATEID, UPDATETIME, LUI_CD, DIVISION, IDENT_LEVEL, LNG_NAME, LUI_ID, ORGID, SHRT_NAME, LUI_ID_STATE, SUFX_CD, LUI_ID_TYPE, VARTN, ID) values ('a826e5c2-83bc-4319-bcae-f23aa81e4962', 0, 'admin', TIMESTAMP '2013-10-25 10:45:49.796', 'admin', TIMESTAMP '2013-10-25 10:45:49.796', '', '', '', '', '8904f902-1882-4137-a892-af494191ee27', '', '', 'kuali.lui.identifier.state.active', '', 'kuali.lui.identifier.type.official', '', '5c4cd3af-a661-4ccd-8625-4c8e2ae4bd09')
/
insert into KSEN_LUILUI_RELTN (OBJ_ID, VER_NBR, CREATEID, CREATETIME, UPDATEID, UPDATETIME, EFF_DT, EXPIR_DT, DESCR_FORMATTED, LUI_ID, LUILUI_RELTN_STATE, LUILUI_RELTN_TYPE, NAME, DESCR_PLAIN, RELATED_LUI_ID, ID) values ('6ca2ea64-a973-4171-9074-5fccbbdcc3bd', 0, 'admin', TIMESTAMP '2013-10-25 10:45:49.796', 'admin', TIMESTAMP '2013-10-25 10:45:49.796', TIMESTAMP '2013-10-25 10:45:57.609', '', 'CHEM242-FO-RG', '3f723f1f-fb7c-4bd7-a1c8-1eb5c20d5be9', 'kuali.lui.lui.relation.state.active', 'kuali.lui.lui.relation.type.deliveredvia.fo2rg', 'fo-rg-relation', 'CHEM242-FO-RG', '8904f902-1882-4137-a892-af494191ee27', '545efc08-3287-4eb8-b1d4-c7c24cabbdcf')
/
insert into KSEN_LUILUI_RELTN (OBJ_ID, VER_NBR, CREATEID, CREATETIME, UPDATEID, UPDATETIME, EFF_DT, EXPIR_DT, DESCR_FORMATTED, LUI_ID, LUILUI_RELTN_STATE, LUILUI_RELTN_TYPE, NAME, DESCR_PLAIN, RELATED_LUI_ID, ID) values ('ba6977b9-04a1-4af4-b0b5-a48ae3b4fe7e', 0, 'admin', TIMESTAMP '2013-10-25 10:45:49.796', 'admin', TIMESTAMP '2013-10-25 10:45:49.796', TIMESTAMP '2013-10-25 10:45:57.611', '', 'CHEM242-RG-AO', '8904f902-1882-4137-a892-af494191ee27', 'kuali.lui.lui.relation.state.active', 'kuali.lui.lui.relation.type.registeredforvia.rg2ao', 'rg-ao-relation', 'CHEM242-RG-AO', 'ea9a927c-e9f9-41c9-860e-1cd191121e7c', 'f0c132c8-6e99-4394-9918-261af9ce6fd5')
/
insert into KSEN_LUILUI_RELTN (OBJ_ID, VER_NBR, CREATEID, CREATETIME, UPDATEID, UPDATETIME, EFF_DT, EXPIR_DT, DESCR_FORMATTED, LUI_ID, LUILUI_RELTN_STATE, LUILUI_RELTN_TYPE, NAME, DESCR_PLAIN, RELATED_LUI_ID, ID) values ('d9876acc-07e3-4ecd-9586-6633cd44fde2', 0, 'admin', TIMESTAMP '2013-10-25 10:45:49.796', 'admin', TIMESTAMP '2013-10-25 10:45:49.796', TIMESTAMP '2013-10-25 10:45:57.611', '', 'CHEM242-RG-AO', '8904f902-1882-4137-a892-af494191ee27', 'kuali.lui.lui.relation.state.active', 'kuali.lui.lui.relation.type.registeredforvia.rg2ao', 'rg-ao-relation', 'CHEM242-RG-AO', '8dfbfa90-2932-46ac-94e8-f42128d1d054', '16dd2126-a41d-4407-a40b-dd255642ba96')
/
insert into KSEN_LUI (OBJ_ID, VER_NBR, CREATEID, CREATETIME, UPDATEID, UPDATETIME, ATP_ID, CLU_ID, EFF_DT, EXPIR_DT, DESCR_FORMATTED, LUI_STATE, LUI_TYPE, MAX_SEATS, MIN_SEATS, NAME, DESCR_PLAIN, REF_URL, ID) values ('7587caf4-04ae-4e2e-82b2-2df6f57d8d84', 0, 'admin', TIMESTAMP '2013-10-25 10:45:49.796', 'admin', TIMESTAMP '2013-10-25 10:45:49.796', 'kuali.atp.2011Spring', 'd925e275-370d-4d98-bbec-96fe2459a200', '', '', '1002', 'kuali.lui.registration.group.state.pending', 'kuali.lui.type.registration.group', '', '', '1002', '1002', '', '57c1918b-8b70-4d7a-807c-3f8a3c2ab13c')
/
insert into KSEN_LUI_ATTR (OBJ_ID, ATTR_KEY, OWNER_ID, ATTR_VALUE, ID) values ('bc1416f7-196b-4c3a-a19c-3f5308056492', 'kuali.attribute.registration.group.is.generated', '57c1918b-8b70-4d7a-807c-3f8a3c2ab13c', '1', '8161bc64-b51b-437e-bbc9-1d2c2b6cff22')
/
insert into KSEN_LUI_ATTR (OBJ_ID, ATTR_KEY, OWNER_ID, ATTR_VALUE, ID) values ('90b7aee3-48ca-4032-9211-84157753ce79', 'kuali.attribute.registration.group.aocluster.id', '57c1918b-8b70-4d7a-807c-3f8a3c2ab13c', '637bc4ca-9495-4e5e-9283-513ebc43f36c', '95d869b1-13d0-4a61-9a71-67abf9a9e5da')
/
insert into KSEN_LUI_IDENT (OBJ_ID, VER_NBR, CREATEID, CREATETIME, UPDATEID, UPDATETIME, LUI_CD, DIVISION, IDENT_LEVEL, LNG_NAME, LUI_ID, ORGID, SHRT_NAME, LUI_ID_STATE, SUFX_CD, LUI_ID_TYPE, VARTN, ID) values ('a4f87c16-1375-4379-8db1-9e246b07c279', 0, 'admin', TIMESTAMP '2013-10-25 10:45:49.796', 'admin', TIMESTAMP '2013-10-25 10:45:49.796', '', '', '', '', '57c1918b-8b70-4d7a-807c-3f8a3c2ab13c', '', '', 'kuali.lui.identifier.state.active', '', 'kuali.lui.identifier.type.official', '', 'a82bb2bb-7928-40b7-ad71-3dc7d09c840d')
/
insert into KSEN_LUILUI_RELTN (OBJ_ID, VER_NBR, CREATEID, CREATETIME, UPDATEID, UPDATETIME, EFF_DT, EXPIR_DT, DESCR_FORMATTED, LUI_ID, LUILUI_RELTN_STATE, LUILUI_RELTN_TYPE, NAME, DESCR_PLAIN, RELATED_LUI_ID, ID) values ('8cc76d51-2fe4-493d-881e-4a7b1acbe402', 0, 'admin', TIMESTAMP '2013-10-25 10:45:49.796', 'admin', TIMESTAMP '2013-10-25 10:45:49.796', TIMESTAMP '2013-10-25 10:45:58.08', '', 'CHEM242-FO-RG', '3f723f1f-fb7c-4bd7-a1c8-1eb5c20d5be9', 'kuali.lui.lui.relation.state.active', 'kuali.lui.lui.relation.type.deliveredvia.fo2rg', 'fo-rg-relation', 'CHEM242-FO-RG', '57c1918b-8b70-4d7a-807c-3f8a3c2ab13c', 'f396e153-299a-44af-a617-1b6e8dd13fe0')
/
insert into KSEN_LUILUI_RELTN (OBJ_ID, VER_NBR, CREATEID, CREATETIME, UPDATEID, UPDATETIME, EFF_DT, EXPIR_DT, DESCR_FORMATTED, LUI_ID, LUILUI_RELTN_STATE, LUILUI_RELTN_TYPE, NAME, DESCR_PLAIN, RELATED_LUI_ID, ID) values ('13087e9b-9894-4e05-bb09-696de38b9a63', 0, 'admin', TIMESTAMP '2013-10-25 10:45:49.796', 'admin', TIMESTAMP '2013-10-25 10:45:49.796', TIMESTAMP '2013-10-25 10:45:58.081', '', 'CHEM242-RG-AO', '57c1918b-8b70-4d7a-807c-3f8a3c2ab13c', 'kuali.lui.lui.relation.state.active', 'kuali.lui.lui.relation.type.registeredforvia.rg2ao', 'rg-ao-relation', 'CHEM242-RG-AO', 'c8bd6efb-dcef-4bb0-8373-5ad606f56814', '280e23d4-df74-4423-9131-c65563478e5b')
/
insert into KSEN_LUILUI_RELTN (OBJ_ID, VER_NBR, CREATEID, CREATETIME, UPDATEID, UPDATETIME, EFF_DT, EXPIR_DT, DESCR_FORMATTED, LUI_ID, LUILUI_RELTN_STATE, LUILUI_RELTN_TYPE, NAME, DESCR_PLAIN, RELATED_LUI_ID, ID) values ('3c4db969-ee1a-4243-97ab-d251427c2c13', 0, 'admin', TIMESTAMP '2013-10-25 10:45:49.796', 'admin', TIMESTAMP '2013-10-25 10:45:49.796', TIMESTAMP '2013-10-25 10:45:58.082', '', 'CHEM242-RG-AO', '57c1918b-8b70-4d7a-807c-3f8a3c2ab13c', 'kuali.lui.lui.relation.state.active', 'kuali.lui.lui.relation.type.registeredforvia.rg2ao', 'rg-ao-relation', 'CHEM242-RG-AO', '8dfbfa90-2932-46ac-94e8-f42128d1d054', '9cb319f5-dba2-49ac-9b71-39de4c3a16e2')
/
insert into KSEN_LUI (OBJ_ID, VER_NBR, CREATEID, CREATETIME, UPDATEID, UPDATETIME, ATP_ID, CLU_ID, EFF_DT, EXPIR_DT, DESCR_FORMATTED, LUI_STATE, LUI_TYPE, MAX_SEATS, MIN_SEATS, NAME, DESCR_PLAIN, REF_URL, ID) values ('3f89b3a1-a3a7-413a-b2d4-3c55c8ea0479', 0, 'admin', TIMESTAMP '2013-10-25 10:45:49.796', 'admin', TIMESTAMP '2013-10-25 10:45:49.796', 'kuali.atp.2011Spring', 'd925e275-370d-4d98-bbec-96fe2459a200', '', '', '1003', 'kuali.lui.registration.group.state.pending', 'kuali.lui.type.registration.group', '', '', '1003', '1003', '', 'cc9ebf04-faac-4fa2-a33f-b3cd092f27fd')
/
insert into KSEN_LUI_ATTR (OBJ_ID, ATTR_KEY, OWNER_ID, ATTR_VALUE, ID) values ('bcf9ed3f-a8a2-4d71-9849-90d4d0fd18e6', 'kuali.attribute.registration.group.aocluster.id', 'cc9ebf04-faac-4fa2-a33f-b3cd092f27fd', '637bc4ca-9495-4e5e-9283-513ebc43f36c', '009115c0-9efd-4ec3-be2b-6ade7ef66036')
/
insert into KSEN_LUI_ATTR (OBJ_ID, ATTR_KEY, OWNER_ID, ATTR_VALUE, ID) values ('df64e5f2-0fba-4c31-8457-4f1fe030eae4', 'kuali.attribute.registration.group.is.generated', 'cc9ebf04-faac-4fa2-a33f-b3cd092f27fd', '1', 'e675284a-a9ae-4285-8db4-ab04328a1e6e')
/
insert into KSEN_LUI_IDENT (OBJ_ID, VER_NBR, CREATEID, CREATETIME, UPDATEID, UPDATETIME, LUI_CD, DIVISION, IDENT_LEVEL, LNG_NAME, LUI_ID, ORGID, SHRT_NAME, LUI_ID_STATE, SUFX_CD, LUI_ID_TYPE, VARTN, ID) values ('f41c9c6a-737f-44d7-a681-90047a077390', 0, 'admin', TIMESTAMP '2013-10-25 10:45:49.796', 'admin', TIMESTAMP '2013-10-25 10:45:49.796', '', '', '', '', 'cc9ebf04-faac-4fa2-a33f-b3cd092f27fd', '', '', 'kuali.lui.identifier.state.active', '', 'kuali.lui.identifier.type.official', '', '148eb33c-ae8f-4fd9-b36d-7b77257e1ff2')
/
insert into KSEN_LUILUI_RELTN (OBJ_ID, VER_NBR, CREATEID, CREATETIME, UPDATEID, UPDATETIME, EFF_DT, EXPIR_DT, DESCR_FORMATTED, LUI_ID, LUILUI_RELTN_STATE, LUILUI_RELTN_TYPE, NAME, DESCR_PLAIN, RELATED_LUI_ID, ID) values ('73c8897d-7297-4851-a272-c3945ce92447', 0, 'admin', TIMESTAMP '2013-10-25 10:45:49.796', 'admin', TIMESTAMP '2013-10-25 10:45:49.796', TIMESTAMP '2013-10-25 10:45:58.542', '', 'CHEM242-FO-RG', '3f723f1f-fb7c-4bd7-a1c8-1eb5c20d5be9', 'kuali.lui.lui.relation.state.active', 'kuali.lui.lui.relation.type.deliveredvia.fo2rg', 'fo-rg-relation', 'CHEM242-FO-RG', 'cc9ebf04-faac-4fa2-a33f-b3cd092f27fd', 'ebb6fbe1-a995-4766-94cb-face035c3fc5')
/
insert into KSEN_LUILUI_RELTN (OBJ_ID, VER_NBR, CREATEID, CREATETIME, UPDATEID, UPDATETIME, EFF_DT, EXPIR_DT, DESCR_FORMATTED, LUI_ID, LUILUI_RELTN_STATE, LUILUI_RELTN_TYPE, NAME, DESCR_PLAIN, RELATED_LUI_ID, ID) values ('80167f9a-b842-4c14-a54c-6cd380b47a52', 0, 'admin', TIMESTAMP '2013-10-25 10:45:49.796', 'admin', TIMESTAMP '2013-10-25 10:45:49.796', TIMESTAMP '2013-10-25 10:45:58.543', '', 'CHEM242-RG-AO', 'cc9ebf04-faac-4fa2-a33f-b3cd092f27fd', 'kuali.lui.lui.relation.state.active', 'kuali.lui.lui.relation.type.registeredforvia.rg2ao', 'rg-ao-relation', 'CHEM242-RG-AO', 'edf13014-b7d7-4d7e-aa0f-a9a13f66fbbf', 'e3af3074-b382-4602-b8cf-4defa933448a')
/
insert into KSEN_LUILUI_RELTN (OBJ_ID, VER_NBR, CREATEID, CREATETIME, UPDATEID, UPDATETIME, EFF_DT, EXPIR_DT, DESCR_FORMATTED, LUI_ID, LUILUI_RELTN_STATE, LUILUI_RELTN_TYPE, NAME, DESCR_PLAIN, RELATED_LUI_ID, ID) values ('988c7c4e-d617-4941-b452-599a128a8f52', 0, 'admin', TIMESTAMP '2013-10-25 10:45:49.796', 'admin', TIMESTAMP '2013-10-25 10:45:49.796', TIMESTAMP '2013-10-25 10:45:58.544', '', 'CHEM242-RG-AO', 'cc9ebf04-faac-4fa2-a33f-b3cd092f27fd', 'kuali.lui.lui.relation.state.active', 'kuali.lui.lui.relation.type.registeredforvia.rg2ao', 'rg-ao-relation', 'CHEM242-RG-AO', '8dfbfa90-2932-46ac-94e8-f42128d1d054', 'e6715025-7364-4b9a-9295-b880f54fd998')
/
insert into KSEN_LUI (OBJ_ID, VER_NBR, CREATEID, CREATETIME, UPDATEID, UPDATETIME, ATP_ID, CLU_ID, EFF_DT, EXPIR_DT, DESCR_FORMATTED, LUI_STATE, LUI_TYPE, MAX_SEATS, MIN_SEATS, NAME, DESCR_PLAIN, REF_URL, ID) values ('c60c74c9-b452-4cdf-96bf-d730c15b6ef5', 0, 'admin', TIMESTAMP '2013-10-25 10:45:49.796', 'admin', TIMESTAMP '2013-10-25 10:45:49.796', 'kuali.atp.2011Spring', 'd925e275-370d-4d98-bbec-96fe2459a200', '', '', '1004', 'kuali.lui.registration.group.state.pending', 'kuali.lui.type.registration.group', '', '', '1004', '1004', '', '5a4c4d7b-fa34-44c9-897b-1d94f98d1bb0')
/
insert into KSEN_LUI_ATTR (OBJ_ID, ATTR_KEY, OWNER_ID, ATTR_VALUE, ID) values ('e08f2b74-ec27-46ef-a267-6e8d824cbd6e', 'kuali.attribute.registration.group.aocluster.id', '5a4c4d7b-fa34-44c9-897b-1d94f98d1bb0', '637bc4ca-9495-4e5e-9283-513ebc43f36c', '20cbbfaa-1fb9-4539-a8ff-a298672b84be')
/
insert into KSEN_LUI_ATTR (OBJ_ID, ATTR_KEY, OWNER_ID, ATTR_VALUE, ID) values ('1aa01d14-bd91-4dc6-8fe4-265965fabbe1', 'kuali.attribute.registration.group.is.generated', '5a4c4d7b-fa34-44c9-897b-1d94f98d1bb0', '1', 'c2da9dee-0078-4b2d-ab4a-40c366098e8c')
/
insert into KSEN_LUI_IDENT (OBJ_ID, VER_NBR, CREATEID, CREATETIME, UPDATEID, UPDATETIME, LUI_CD, DIVISION, IDENT_LEVEL, LNG_NAME, LUI_ID, ORGID, SHRT_NAME, LUI_ID_STATE, SUFX_CD, LUI_ID_TYPE, VARTN, ID) values ('c7b194ad-94e1-45d6-9fe0-d0c64f208ce1', 0, 'admin', TIMESTAMP '2013-10-25 10:45:49.796', 'admin', TIMESTAMP '2013-10-25 10:45:49.796', '', '', '', '', '5a4c4d7b-fa34-44c9-897b-1d94f98d1bb0', '', '', 'kuali.lui.identifier.state.active', '', 'kuali.lui.identifier.type.official', '', '7eda8ce0-2819-4609-bdf2-ce54ddb47746')
/
insert into KSEN_LUILUI_RELTN (OBJ_ID, VER_NBR, CREATEID, CREATETIME, UPDATEID, UPDATETIME, EFF_DT, EXPIR_DT, DESCR_FORMATTED, LUI_ID, LUILUI_RELTN_STATE, LUILUI_RELTN_TYPE, NAME, DESCR_PLAIN, RELATED_LUI_ID, ID) values ('02ea20f4-f91b-401b-85c3-1c0204596fd8', 0, 'admin', TIMESTAMP '2013-10-25 10:45:49.796', 'admin', TIMESTAMP '2013-10-25 10:45:49.796', TIMESTAMP '2013-10-25 10:45:59.017', '', 'CHEM242-FO-RG', '3f723f1f-fb7c-4bd7-a1c8-1eb5c20d5be9', 'kuali.lui.lui.relation.state.active', 'kuali.lui.lui.relation.type.deliveredvia.fo2rg', 'fo-rg-relation', 'CHEM242-FO-RG', '5a4c4d7b-fa34-44c9-897b-1d94f98d1bb0', 'a6fdff56-3aec-4e88-9e77-3b8d3ffb2bd5')
/
insert into KSEN_LUILUI_RELTN (OBJ_ID, VER_NBR, CREATEID, CREATETIME, UPDATEID, UPDATETIME, EFF_DT, EXPIR_DT, DESCR_FORMATTED, LUI_ID, LUILUI_RELTN_STATE, LUILUI_RELTN_TYPE, NAME, DESCR_PLAIN, RELATED_LUI_ID, ID) values ('160110f4-18ef-474f-8136-6008cb232d08', 0, 'admin', TIMESTAMP '2013-10-25 10:45:49.796', 'admin', TIMESTAMP '2013-10-25 10:45:49.796', TIMESTAMP '2013-10-25 10:45:59.018', '', 'CHEM242-RG-AO', '5a4c4d7b-fa34-44c9-897b-1d94f98d1bb0', 'kuali.lui.lui.relation.state.active', 'kuali.lui.lui.relation.type.registeredforvia.rg2ao', 'rg-ao-relation', 'CHEM242-RG-AO', 'fbfc5dfc-66d4-4423-a538-998da555ccca', '59fb2613-88db-4e5a-8192-560c7a5c2257')
/
insert into KSEN_LUILUI_RELTN (OBJ_ID, VER_NBR, CREATEID, CREATETIME, UPDATEID, UPDATETIME, EFF_DT, EXPIR_DT, DESCR_FORMATTED, LUI_ID, LUILUI_RELTN_STATE, LUILUI_RELTN_TYPE, NAME, DESCR_PLAIN, RELATED_LUI_ID, ID) values ('7e51609c-8349-4e70-ad87-874137506c89', 0, 'admin', TIMESTAMP '2013-10-25 10:45:49.796', 'admin', TIMESTAMP '2013-10-25 10:45:49.796', TIMESTAMP '2013-10-25 10:45:59.018', '', 'CHEM242-RG-AO', '5a4c4d7b-fa34-44c9-897b-1d94f98d1bb0', 'kuali.lui.lui.relation.state.active', 'kuali.lui.lui.relation.type.registeredforvia.rg2ao', 'rg-ao-relation', 'CHEM242-RG-AO', '8dfbfa90-2932-46ac-94e8-f42128d1d054', 'cd38e322-2fd8-4c0c-9dce-5f90c44ab9a5')
/
insert into KSEN_LUI (OBJ_ID, VER_NBR, CREATEID, CREATETIME, UPDATEID, UPDATETIME, ATP_ID, CLU_ID, EFF_DT, EXPIR_DT, DESCR_FORMATTED, LUI_STATE, LUI_TYPE, MAX_SEATS, MIN_SEATS, NAME, DESCR_PLAIN, REF_URL, ID) values ('6051f314-a0ef-40c4-a2bf-c5de44047d90', 0, 'admin', TIMESTAMP '2013-10-25 10:45:49.796', 'admin', TIMESTAMP '2013-10-25 10:45:49.796', 'kuali.atp.2011Spring', 'd925e275-370d-4d98-bbec-96fe2459a200', '', '', '1005', 'kuali.lui.registration.group.state.pending', 'kuali.lui.type.registration.group', '', '', '1005', '1005', '', '919e2d2f-105d-408f-979c-ccafd531f31e')
/
insert into KSEN_LUI_ATTR (OBJ_ID, ATTR_KEY, OWNER_ID, ATTR_VALUE, ID) values ('09bfb581-3b41-481f-a521-9bdd25cf4834', 'kuali.attribute.registration.group.aocluster.id', '919e2d2f-105d-408f-979c-ccafd531f31e', '637bc4ca-9495-4e5e-9283-513ebc43f36c', '680e5efa-e499-4b2a-b069-a81d5d13876f')
/
insert into KSEN_LUI_ATTR (OBJ_ID, ATTR_KEY, OWNER_ID, ATTR_VALUE, ID) values ('eeae53e3-fa43-437f-a59b-f6a0affeccaa', 'kuali.attribute.registration.group.is.generated', '919e2d2f-105d-408f-979c-ccafd531f31e', '1', '358d1e95-3c66-4b61-8b8c-9d8a6cf627ec')
/
insert into KSEN_LUI_IDENT (OBJ_ID, VER_NBR, CREATEID, CREATETIME, UPDATEID, UPDATETIME, LUI_CD, DIVISION, IDENT_LEVEL, LNG_NAME, LUI_ID, ORGID, SHRT_NAME, LUI_ID_STATE, SUFX_CD, LUI_ID_TYPE, VARTN, ID) values ('c719b1b3-d6db-4539-b5ef-7a08b8f59f9b', 0, 'admin', TIMESTAMP '2013-10-25 10:45:49.796', 'admin', TIMESTAMP '2013-10-25 10:45:49.796', '', '', '', '', '919e2d2f-105d-408f-979c-ccafd531f31e', '', '', 'kuali.lui.identifier.state.active', '', 'kuali.lui.identifier.type.official', '', '6c27cd34-efef-4f72-9e2d-3b9b8560189e')
/
insert into KSEN_LUILUI_RELTN (OBJ_ID, VER_NBR, CREATEID, CREATETIME, UPDATEID, UPDATETIME, EFF_DT, EXPIR_DT, DESCR_FORMATTED, LUI_ID, LUILUI_RELTN_STATE, LUILUI_RELTN_TYPE, NAME, DESCR_PLAIN, RELATED_LUI_ID, ID) values ('b07ff2e4-a45c-4fdb-a0ec-037af4ba26a3', 0, 'admin', TIMESTAMP '2013-10-25 10:45:49.796', 'admin', TIMESTAMP '2013-10-25 10:45:49.796', TIMESTAMP '2013-10-25 10:45:59.47', '', 'CHEM242-FO-RG', '3f723f1f-fb7c-4bd7-a1c8-1eb5c20d5be9', 'kuali.lui.lui.relation.state.active', 'kuali.lui.lui.relation.type.deliveredvia.fo2rg', 'fo-rg-relation', 'CHEM242-FO-RG', '919e2d2f-105d-408f-979c-ccafd531f31e', 'ef7cf3da-041c-486e-9743-b8b37bb02ac0')
/
insert into KSEN_LUILUI_RELTN (OBJ_ID, VER_NBR, CREATEID, CREATETIME, UPDATEID, UPDATETIME, EFF_DT, EXPIR_DT, DESCR_FORMATTED, LUI_ID, LUILUI_RELTN_STATE, LUILUI_RELTN_TYPE, NAME, DESCR_PLAIN, RELATED_LUI_ID, ID) values ('25ffd97a-70b3-4481-8608-ba9641b4668b', 0, 'admin', TIMESTAMP '2013-10-25 10:45:49.796', 'admin', TIMESTAMP '2013-10-25 10:45:49.796', TIMESTAMP '2013-10-25 10:45:59.471', '', 'CHEM242-RG-AO', '919e2d2f-105d-408f-979c-ccafd531f31e', 'kuali.lui.lui.relation.state.active', 'kuali.lui.lui.relation.type.registeredforvia.rg2ao', 'rg-ao-relation', 'CHEM242-RG-AO', '05bbaa3d-1efa-46dd-8b13-fe213a23b5ff', 'df576bdc-9c8e-410f-b82f-e5a563b2e1a6')
/
insert into KSEN_LUILUI_RELTN (OBJ_ID, VER_NBR, CREATEID, CREATETIME, UPDATEID, UPDATETIME, EFF_DT, EXPIR_DT, DESCR_FORMATTED, LUI_ID, LUILUI_RELTN_STATE, LUILUI_RELTN_TYPE, NAME, DESCR_PLAIN, RELATED_LUI_ID, ID) values ('31e8ef07-84f3-47ff-96a8-240233163733', 0, 'admin', TIMESTAMP '2013-10-25 10:45:49.796', 'admin', TIMESTAMP '2013-10-25 10:45:49.796', TIMESTAMP '2013-10-25 10:45:59.472', '', 'CHEM242-RG-AO', '919e2d2f-105d-408f-979c-ccafd531f31e', 'kuali.lui.lui.relation.state.active', 'kuali.lui.lui.relation.type.registeredforvia.rg2ao', 'rg-ao-relation', 'CHEM242-RG-AO', '8dfbfa90-2932-46ac-94e8-f42128d1d054', '7add51c1-2654-49b2-828e-b7e83afa77d6')
/
insert into KSEN_LUI (OBJ_ID, VER_NBR, CREATEID, CREATETIME, UPDATEID, UPDATETIME, ATP_ID, CLU_ID, EFF_DT, EXPIR_DT, DESCR_FORMATTED, LUI_STATE, LUI_TYPE, MAX_SEATS, MIN_SEATS, NAME, DESCR_PLAIN, REF_URL, ID) values ('e3ee40e7-d4de-4c05-a798-4f5d8219c316', 0, 'admin', TIMESTAMP '2013-10-25 10:45:49.796', 'admin', TIMESTAMP '2013-10-25 10:45:49.796', 'kuali.atp.2011Spring', 'd925e275-370d-4d98-bbec-96fe2459a200', '', '', '1006', 'kuali.lui.registration.group.state.pending', 'kuali.lui.type.registration.group', '', '', '1006', '1006', '', 'dc8b6606-8469-49f1-9f6d-e21ef7b40cb7')
/
insert into KSEN_LUI_ATTR (OBJ_ID, ATTR_KEY, OWNER_ID, ATTR_VALUE, ID) values ('5156b3b7-de86-4d58-a311-ddbc451f2748', 'kuali.attribute.registration.group.aocluster.id', 'dc8b6606-8469-49f1-9f6d-e21ef7b40cb7', '637bc4ca-9495-4e5e-9283-513ebc43f36c', '72a49e25-fb19-49f7-aba7-fd06ded3d1fe')
/
insert into KSEN_LUI_ATTR (OBJ_ID, ATTR_KEY, OWNER_ID, ATTR_VALUE, ID) values ('7308f03c-5a1e-4790-8b0e-f784db5f6fa6', 'kuali.attribute.registration.group.is.generated', 'dc8b6606-8469-49f1-9f6d-e21ef7b40cb7', '1', 'a2eea60d-d23d-4e0b-817a-cc4e194d1327')
/
insert into KSEN_LUI_IDENT (OBJ_ID, VER_NBR, CREATEID, CREATETIME, UPDATEID, UPDATETIME, LUI_CD, DIVISION, IDENT_LEVEL, LNG_NAME, LUI_ID, ORGID, SHRT_NAME, LUI_ID_STATE, SUFX_CD, LUI_ID_TYPE, VARTN, ID) values ('2e75cedb-d93e-4a6e-a420-4ae95c1c603b', 0, 'admin', TIMESTAMP '2013-10-25 10:45:49.796', 'admin', TIMESTAMP '2013-10-25 10:45:49.796', '', '', '', '', 'dc8b6606-8469-49f1-9f6d-e21ef7b40cb7', '', '', 'kuali.lui.identifier.state.active', '', 'kuali.lui.identifier.type.official', '', '32016341-64ee-4e8c-94ce-ab0c8b8e8c75')
/
insert into KSEN_LUILUI_RELTN (OBJ_ID, VER_NBR, CREATEID, CREATETIME, UPDATEID, UPDATETIME, EFF_DT, EXPIR_DT, DESCR_FORMATTED, LUI_ID, LUILUI_RELTN_STATE, LUILUI_RELTN_TYPE, NAME, DESCR_PLAIN, RELATED_LUI_ID, ID) values ('9294be63-78f2-48f2-8809-b53859daa8a3', 0, 'admin', TIMESTAMP '2013-10-25 10:45:49.796', 'admin', TIMESTAMP '2013-10-25 10:45:49.796', TIMESTAMP '2013-10-25 10:45:59.905', '', 'CHEM242-FO-RG', '3f723f1f-fb7c-4bd7-a1c8-1eb5c20d5be9', 'kuali.lui.lui.relation.state.active', 'kuali.lui.lui.relation.type.deliveredvia.fo2rg', 'fo-rg-relation', 'CHEM242-FO-RG', 'dc8b6606-8469-49f1-9f6d-e21ef7b40cb7', 'da37c7f2-81e5-4cbb-99f8-8cc2bd3d7845')
/
insert into KSEN_LUILUI_RELTN (OBJ_ID, VER_NBR, CREATEID, CREATETIME, UPDATEID, UPDATETIME, EFF_DT, EXPIR_DT, DESCR_FORMATTED, LUI_ID, LUILUI_RELTN_STATE, LUILUI_RELTN_TYPE, NAME, DESCR_PLAIN, RELATED_LUI_ID, ID) values ('e9e34fa6-1d61-497e-9eb3-b126f54e5f04', 0, 'admin', TIMESTAMP '2013-10-25 10:45:49.796', 'admin', TIMESTAMP '2013-10-25 10:45:49.796', TIMESTAMP '2013-10-25 10:45:59.906', '', 'CHEM242-RG-AO', 'dc8b6606-8469-49f1-9f6d-e21ef7b40cb7', 'kuali.lui.lui.relation.state.active', 'kuali.lui.lui.relation.type.registeredforvia.rg2ao', 'rg-ao-relation', 'CHEM242-RG-AO', '040983f2-d3ee-4af4-9a5e-1349eeea43ab', '98504792-01d4-4b28-8f18-31d72e2ee9bd')
/
insert into KSEN_LUILUI_RELTN (OBJ_ID, VER_NBR, CREATEID, CREATETIME, UPDATEID, UPDATETIME, EFF_DT, EXPIR_DT, DESCR_FORMATTED, LUI_ID, LUILUI_RELTN_STATE, LUILUI_RELTN_TYPE, NAME, DESCR_PLAIN, RELATED_LUI_ID, ID) values ('75b96e7b-a444-4c2f-9d6a-dbf9f3f7b7a0', 0, 'admin', TIMESTAMP '2013-10-25 10:45:49.796', 'admin', TIMESTAMP '2013-10-25 10:45:49.796', TIMESTAMP '2013-10-25 10:45:59.906', '', 'CHEM242-RG-AO', 'dc8b6606-8469-49f1-9f6d-e21ef7b40cb7', 'kuali.lui.lui.relation.state.active', 'kuali.lui.lui.relation.type.registeredforvia.rg2ao', 'rg-ao-relation', 'CHEM242-RG-AO', '8dfbfa90-2932-46ac-94e8-f42128d1d054', '2ff33a26-fd2b-4bcd-8df5-141b83ab68eb')
/
insert into KSEN_LUI (OBJ_ID, VER_NBR, CREATEID, CREATETIME, UPDATEID, UPDATETIME, ATP_ID, CLU_ID, EFF_DT, EXPIR_DT, DESCR_FORMATTED, LUI_STATE, LUI_TYPE, MAX_SEATS, MIN_SEATS, NAME, DESCR_PLAIN, REF_URL, ID) values ('41b58b5d-f538-460d-b691-471afb20658f', 0, 'admin', TIMESTAMP '2013-10-25 10:45:49.796', 'admin', TIMESTAMP '2013-10-25 10:45:49.796', 'kuali.atp.2011Spring', 'd925e275-370d-4d98-bbec-96fe2459a200', '', '', '1007', 'kuali.lui.registration.group.state.pending', 'kuali.lui.type.registration.group', '', '', '1007', '1007', '', '6cc8136f-e9eb-4136-9297-0e0c0c5b6144')
/
insert into KSEN_LUI_ATTR (OBJ_ID, ATTR_KEY, OWNER_ID, ATTR_VALUE, ID) values ('fdf9252f-aba7-4e86-bf5b-384911999528', 'kuali.attribute.registration.group.is.generated', '6cc8136f-e9eb-4136-9297-0e0c0c5b6144', '1', '99c87292-d40c-41da-aa78-357ab3e87214')
/
insert into KSEN_LUI_ATTR (OBJ_ID, ATTR_KEY, OWNER_ID, ATTR_VALUE, ID) values ('a6e329f8-7ac7-4dee-bb35-3d3d3312ec64', 'kuali.attribute.registration.group.aocluster.id', '6cc8136f-e9eb-4136-9297-0e0c0c5b6144', '637bc4ca-9495-4e5e-9283-513ebc43f36c', 'e067c7d8-c362-4436-b4b6-0b6aa9084cab')
/
insert into KSEN_LUI_IDENT (OBJ_ID, VER_NBR, CREATEID, CREATETIME, UPDATEID, UPDATETIME, LUI_CD, DIVISION, IDENT_LEVEL, LNG_NAME, LUI_ID, ORGID, SHRT_NAME, LUI_ID_STATE, SUFX_CD, LUI_ID_TYPE, VARTN, ID) values ('e971ee04-89bc-45bb-a42f-1a458998d11a', 0, 'admin', TIMESTAMP '2013-10-25 10:45:49.796', 'admin', TIMESTAMP '2013-10-25 10:45:49.796', '', '', '', '', '6cc8136f-e9eb-4136-9297-0e0c0c5b6144', '', '', 'kuali.lui.identifier.state.active', '', 'kuali.lui.identifier.type.official', '', 'f7e78f84-6b25-40c9-a004-695082b8ad55')
/
insert into KSEN_LUILUI_RELTN (OBJ_ID, VER_NBR, CREATEID, CREATETIME, UPDATEID, UPDATETIME, EFF_DT, EXPIR_DT, DESCR_FORMATTED, LUI_ID, LUILUI_RELTN_STATE, LUILUI_RELTN_TYPE, NAME, DESCR_PLAIN, RELATED_LUI_ID, ID) values ('2dfb5b05-29f0-41ae-806d-d2913c88a526', 0, 'admin', TIMESTAMP '2013-10-25 10:45:49.796', 'admin', TIMESTAMP '2013-10-25 10:45:49.796', TIMESTAMP '2013-10-25 10:46:00.709', '', 'CHEM242-FO-RG', '3f723f1f-fb7c-4bd7-a1c8-1eb5c20d5be9', 'kuali.lui.lui.relation.state.active', 'kuali.lui.lui.relation.type.deliveredvia.fo2rg', 'fo-rg-relation', 'CHEM242-FO-RG', '6cc8136f-e9eb-4136-9297-0e0c0c5b6144', '33abb85f-182b-418d-9008-24d1228cf254')
/
insert into KSEN_LUILUI_RELTN (OBJ_ID, VER_NBR, CREATEID, CREATETIME, UPDATEID, UPDATETIME, EFF_DT, EXPIR_DT, DESCR_FORMATTED, LUI_ID, LUILUI_RELTN_STATE, LUILUI_RELTN_TYPE, NAME, DESCR_PLAIN, RELATED_LUI_ID, ID) values ('d9a4687f-3e8a-46f7-812b-1e92fee2bf74', 0, 'admin', TIMESTAMP '2013-10-25 10:45:49.796', 'admin', TIMESTAMP '2013-10-25 10:45:49.796', TIMESTAMP '2013-10-25 10:46:00.71', '', 'CHEM242-RG-AO', '6cc8136f-e9eb-4136-9297-0e0c0c5b6144', 'kuali.lui.lui.relation.state.active', 'kuali.lui.lui.relation.type.registeredforvia.rg2ao', 'rg-ao-relation', 'CHEM242-RG-AO', '5c242279-9977-40ba-bb6a-1063661e6cad', 'de05e119-a56d-4bac-9ef2-382de93a41c8')
/
insert into KSEN_LUILUI_RELTN (OBJ_ID, VER_NBR, CREATEID, CREATETIME, UPDATEID, UPDATETIME, EFF_DT, EXPIR_DT, DESCR_FORMATTED, LUI_ID, LUILUI_RELTN_STATE, LUILUI_RELTN_TYPE, NAME, DESCR_PLAIN, RELATED_LUI_ID, ID) values ('b538568a-0838-4231-84b1-0376f059a9b8', 0, 'admin', TIMESTAMP '2013-10-25 10:45:49.796', 'admin', TIMESTAMP '2013-10-25 10:45:49.796', TIMESTAMP '2013-10-25 10:46:00.711', '', 'CHEM242-RG-AO', '6cc8136f-e9eb-4136-9297-0e0c0c5b6144', 'kuali.lui.lui.relation.state.active', 'kuali.lui.lui.relation.type.registeredforvia.rg2ao', 'rg-ao-relation', 'CHEM242-RG-AO', '8dfbfa90-2932-46ac-94e8-f42128d1d054', 'b0e995ac-6e21-4644-951d-3f4b7023b17b')
/
insert into KSEN_LUI (OBJ_ID, VER_NBR, CREATEID, CREATETIME, UPDATEID, UPDATETIME, ATP_ID, CLU_ID, EFF_DT, EXPIR_DT, DESCR_FORMATTED, LUI_STATE, LUI_TYPE, MAX_SEATS, MIN_SEATS, NAME, DESCR_PLAIN, REF_URL, ID) values ('ad63afca-ac0a-4118-9849-686a21bd961d', 0, 'admin', TIMESTAMP '2013-10-25 10:45:49.796', 'admin', TIMESTAMP '2013-10-25 10:45:49.796', 'kuali.atp.2011Spring', 'd925e275-370d-4d98-bbec-96fe2459a200', '', '', '1008', 'kuali.lui.registration.group.state.pending', 'kuali.lui.type.registration.group', '', '', '1008', '1008', '', '9f52a626-d031-4c1e-924e-d235a3a69cdc')
/
insert into KSEN_LUI_ATTR (OBJ_ID, ATTR_KEY, OWNER_ID, ATTR_VALUE, ID) values ('55b7b3da-eb95-4545-a583-24e867275e65', 'kuali.attribute.registration.group.is.generated', '9f52a626-d031-4c1e-924e-d235a3a69cdc', '1', 'f145d970-e689-4f05-aac9-37003974611a')
/
insert into KSEN_LUI_ATTR (OBJ_ID, ATTR_KEY, OWNER_ID, ATTR_VALUE, ID) values ('989e8d84-a047-4010-87eb-a0f32e419e5f', 'kuali.attribute.registration.group.aocluster.id', '9f52a626-d031-4c1e-924e-d235a3a69cdc', '637bc4ca-9495-4e5e-9283-513ebc43f36c', 'e98c2d1b-a7f8-4849-8873-52a327734426')
/
insert into KSEN_LUI_IDENT (OBJ_ID, VER_NBR, CREATEID, CREATETIME, UPDATEID, UPDATETIME, LUI_CD, DIVISION, IDENT_LEVEL, LNG_NAME, LUI_ID, ORGID, SHRT_NAME, LUI_ID_STATE, SUFX_CD, LUI_ID_TYPE, VARTN, ID) values ('9d1e1078-84d9-406a-9674-19adeb33fc4b', 0, 'admin', TIMESTAMP '2013-10-25 10:45:49.796', 'admin', TIMESTAMP '2013-10-25 10:45:49.796', '', '', '', '', '9f52a626-d031-4c1e-924e-d235a3a69cdc', '', '', 'kuali.lui.identifier.state.active', '', 'kuali.lui.identifier.type.official', '', 'ac9b3473-0948-421a-9f4b-99dc92042f4b')
/
insert into KSEN_LUILUI_RELTN (OBJ_ID, VER_NBR, CREATEID, CREATETIME, UPDATEID, UPDATETIME, EFF_DT, EXPIR_DT, DESCR_FORMATTED, LUI_ID, LUILUI_RELTN_STATE, LUILUI_RELTN_TYPE, NAME, DESCR_PLAIN, RELATED_LUI_ID, ID) values ('6c58556a-4475-4bab-8011-12ca5095bc91', 0, 'admin', TIMESTAMP '2013-10-25 10:45:49.796', 'admin', TIMESTAMP '2013-10-25 10:45:49.796', TIMESTAMP '2013-10-25 10:46:01.159', '', 'CHEM242-FO-RG', '3f723f1f-fb7c-4bd7-a1c8-1eb5c20d5be9', 'kuali.lui.lui.relation.state.active', 'kuali.lui.lui.relation.type.deliveredvia.fo2rg', 'fo-rg-relation', 'CHEM242-FO-RG', '9f52a626-d031-4c1e-924e-d235a3a69cdc', '5e9aa670-d443-4b43-8105-84eb69709c52')
/
insert into KSEN_LUILUI_RELTN (OBJ_ID, VER_NBR, CREATEID, CREATETIME, UPDATEID, UPDATETIME, EFF_DT, EXPIR_DT, DESCR_FORMATTED, LUI_ID, LUILUI_RELTN_STATE, LUILUI_RELTN_TYPE, NAME, DESCR_PLAIN, RELATED_LUI_ID, ID) values ('b3b5ce19-5643-49c8-863d-94d72b8d91dd', 0, 'admin', TIMESTAMP '2013-10-25 10:45:49.796', 'admin', TIMESTAMP '2013-10-25 10:45:49.796', TIMESTAMP '2013-10-25 10:46:01.16', '', 'CHEM242-RG-AO', '9f52a626-d031-4c1e-924e-d235a3a69cdc', 'kuali.lui.lui.relation.state.active', 'kuali.lui.lui.relation.type.registeredforvia.rg2ao', 'rg-ao-relation', 'CHEM242-RG-AO', 'adca9a67-18e0-4b27-bc9d-59b76b8de2ef', '9d8a093c-0526-4c9a-a414-849975462c43')
/
insert into KSEN_LUILUI_RELTN (OBJ_ID, VER_NBR, CREATEID, CREATETIME, UPDATEID, UPDATETIME, EFF_DT, EXPIR_DT, DESCR_FORMATTED, LUI_ID, LUILUI_RELTN_STATE, LUILUI_RELTN_TYPE, NAME, DESCR_PLAIN, RELATED_LUI_ID, ID) values ('22c0aeb6-9356-4d88-9c73-87728679235f', 0, 'admin', TIMESTAMP '2013-10-25 10:45:49.796', 'admin', TIMESTAMP '2013-10-25 10:45:49.796', TIMESTAMP '2013-10-25 10:46:01.16', '', 'CHEM242-RG-AO', '9f52a626-d031-4c1e-924e-d235a3a69cdc', 'kuali.lui.lui.relation.state.active', 'kuali.lui.lui.relation.type.registeredforvia.rg2ao', 'rg-ao-relation', 'CHEM242-RG-AO', '8dfbfa90-2932-46ac-94e8-f42128d1d054', 'f590b339-a753-431a-8ac5-fb10c5e3d598')
/
insert into KSEN_LUI (OBJ_ID, VER_NBR, CREATEID, CREATETIME, UPDATEID, UPDATETIME, ATP_ID, CLU_ID, EFF_DT, EXPIR_DT, DESCR_FORMATTED, LUI_STATE, LUI_TYPE, MAX_SEATS, MIN_SEATS, NAME, DESCR_PLAIN, REF_URL, ID) values ('4ec301db-d318-4bbb-8450-929e5870906a', 0, 'admin', TIMESTAMP '2013-10-25 10:45:49.796', 'admin', TIMESTAMP '2013-10-25 10:45:49.796', 'kuali.atp.2011Spring', 'd925e275-370d-4d98-bbec-96fe2459a200', '', '', '1009', 'kuali.lui.registration.group.state.pending', 'kuali.lui.type.registration.group', '', '', '1009', '1009', '', '66112a90-e9d6-4a5b-b43a-2dd500dcd7a6')
/
insert into KSEN_LUI_ATTR (OBJ_ID, ATTR_KEY, OWNER_ID, ATTR_VALUE, ID) values ('d25178e5-5f69-4a4a-b157-5305e31855b4', 'kuali.attribute.registration.group.aocluster.id', '66112a90-e9d6-4a5b-b43a-2dd500dcd7a6', '637bc4ca-9495-4e5e-9283-513ebc43f36c', 'b320b105-465b-4900-9db7-7512d5eeb58c')
/
insert into KSEN_LUI_ATTR (OBJ_ID, ATTR_KEY, OWNER_ID, ATTR_VALUE, ID) values ('55096ed2-894a-41ca-b727-8d044a47e066', 'kuali.attribute.registration.group.is.generated', '66112a90-e9d6-4a5b-b43a-2dd500dcd7a6', '1', '67812e38-0f58-4cbb-b924-3a48dbcfb4b3')
/
insert into KSEN_LUI_IDENT (OBJ_ID, VER_NBR, CREATEID, CREATETIME, UPDATEID, UPDATETIME, LUI_CD, DIVISION, IDENT_LEVEL, LNG_NAME, LUI_ID, ORGID, SHRT_NAME, LUI_ID_STATE, SUFX_CD, LUI_ID_TYPE, VARTN, ID) values ('8fca253d-d3f7-4b38-bd57-c9d0b9c33166', 0, 'admin', TIMESTAMP '2013-10-25 10:45:49.796', 'admin', TIMESTAMP '2013-10-25 10:45:49.796', '', '', '', '', '66112a90-e9d6-4a5b-b43a-2dd500dcd7a6', '', '', 'kuali.lui.identifier.state.active', '', 'kuali.lui.identifier.type.official', '', '4feea3a7-4061-45f4-8b2f-4fe2d42fde0e')
/
insert into KSEN_LUILUI_RELTN (OBJ_ID, VER_NBR, CREATEID, CREATETIME, UPDATEID, UPDATETIME, EFF_DT, EXPIR_DT, DESCR_FORMATTED, LUI_ID, LUILUI_RELTN_STATE, LUILUI_RELTN_TYPE, NAME, DESCR_PLAIN, RELATED_LUI_ID, ID) values ('c0ef74d3-f6fa-4624-9d59-3712beabd135', 0, 'admin', TIMESTAMP '2013-10-25 10:45:49.796', 'admin', TIMESTAMP '2013-10-25 10:45:49.796', TIMESTAMP '2013-10-25 10:46:01.851', '', 'CHEM242-FO-RG', '3f723f1f-fb7c-4bd7-a1c8-1eb5c20d5be9', 'kuali.lui.lui.relation.state.active', 'kuali.lui.lui.relation.type.deliveredvia.fo2rg', 'fo-rg-relation', 'CHEM242-FO-RG', '66112a90-e9d6-4a5b-b43a-2dd500dcd7a6', '54d63753-b429-488c-839b-453278ce439f')
/
insert into KSEN_LUILUI_RELTN (OBJ_ID, VER_NBR, CREATEID, CREATETIME, UPDATEID, UPDATETIME, EFF_DT, EXPIR_DT, DESCR_FORMATTED, LUI_ID, LUILUI_RELTN_STATE, LUILUI_RELTN_TYPE, NAME, DESCR_PLAIN, RELATED_LUI_ID, ID) values ('637efe7f-eab3-4d3e-9dc0-ef864daf061d', 0, 'admin', TIMESTAMP '2013-10-25 10:45:49.796', 'admin', TIMESTAMP '2013-10-25 10:45:49.796', TIMESTAMP '2013-10-25 10:46:01.852', '', 'CHEM242-RG-AO', '66112a90-e9d6-4a5b-b43a-2dd500dcd7a6', 'kuali.lui.lui.relation.state.active', 'kuali.lui.lui.relation.type.registeredforvia.rg2ao', 'rg-ao-relation', 'CHEM242-RG-AO', '8dfbfa90-2932-46ac-94e8-f42128d1d054', 'b4d2ea51-68fd-4ef5-ae0a-781c1168ef66')
/
insert into KSEN_LUILUI_RELTN (OBJ_ID, VER_NBR, CREATEID, CREATETIME, UPDATEID, UPDATETIME, EFF_DT, EXPIR_DT, DESCR_FORMATTED, LUI_ID, LUILUI_RELTN_STATE, LUILUI_RELTN_TYPE, NAME, DESCR_PLAIN, RELATED_LUI_ID, ID) values ('44190bb4-8e70-4ef0-844b-ea0c258478ab', 0, 'admin', TIMESTAMP '2013-10-25 10:45:49.796', 'admin', TIMESTAMP '2013-10-25 10:45:49.796', TIMESTAMP '2013-10-25 10:46:01.852', '', 'CHEM242-RG-AO', '66112a90-e9d6-4a5b-b43a-2dd500dcd7a6', 'kuali.lui.lui.relation.state.active', 'kuali.lui.lui.relation.type.registeredforvia.rg2ao', 'rg-ao-relation', 'CHEM242-RG-AO', 'cbe193b0-7de2-4f65-be9b-e55234d56acb', '33bf3897-4fb6-41b1-afc0-4821ecdc5b51')
/
insert into KSEN_LUI (OBJ_ID, VER_NBR, CREATEID, CREATETIME, UPDATEID, UPDATETIME, ATP_ID, CLU_ID, EFF_DT, EXPIR_DT, DESCR_FORMATTED, LUI_STATE, LUI_TYPE, MAX_SEATS, MIN_SEATS, NAME, DESCR_PLAIN, REF_URL, ID) values ('732ce9d3-47b0-44ec-84a4-01094469627f', 0, 'admin', TIMESTAMP '2013-10-25 10:45:49.796', 'admin', TIMESTAMP '2013-10-25 10:45:49.796', 'kuali.atp.2011Spring', 'd925e275-370d-4d98-bbec-96fe2459a200', '', '', '1010', 'kuali.lui.registration.group.state.pending', 'kuali.lui.type.registration.group', '', '', '1010', '1010', '', 'ffbeea94-0d94-4eca-a365-c8965d847e49')
/
insert into KSEN_LUI_ATTR (OBJ_ID, ATTR_KEY, OWNER_ID, ATTR_VALUE, ID) values ('1a93bd26-9952-492d-8915-14b5f7557003', 'kuali.attribute.registration.group.is.generated', 'ffbeea94-0d94-4eca-a365-c8965d847e49', '1', 'df08d8db-6766-4583-8eff-6a6dbbe459d3')
/
insert into KSEN_LUI_ATTR (OBJ_ID, ATTR_KEY, OWNER_ID, ATTR_VALUE, ID) values ('3369ffe4-21f5-4067-9816-7fee3208e0f7', 'kuali.attribute.registration.group.aocluster.id', 'ffbeea94-0d94-4eca-a365-c8965d847e49', '637bc4ca-9495-4e5e-9283-513ebc43f36c', 'e18556d5-1eee-47bb-88c7-112e7fd4fd74')
/
insert into KSEN_LUI_IDENT (OBJ_ID, VER_NBR, CREATEID, CREATETIME, UPDATEID, UPDATETIME, LUI_CD, DIVISION, IDENT_LEVEL, LNG_NAME, LUI_ID, ORGID, SHRT_NAME, LUI_ID_STATE, SUFX_CD, LUI_ID_TYPE, VARTN, ID) values ('aea91a3c-1af0-4ad0-80c4-eafbd7482693', 0, 'admin', TIMESTAMP '2013-10-25 10:45:49.796', 'admin', TIMESTAMP '2013-10-25 10:45:49.796', '', '', '', '', 'ffbeea94-0d94-4eca-a365-c8965d847e49', '', '', 'kuali.lui.identifier.state.active', '', 'kuali.lui.identifier.type.official', '', '961796b4-57af-41cc-b3b9-add2e2004a5a')
/
insert into KSEN_LUILUI_RELTN (OBJ_ID, VER_NBR, CREATEID, CREATETIME, UPDATEID, UPDATETIME, EFF_DT, EXPIR_DT, DESCR_FORMATTED, LUI_ID, LUILUI_RELTN_STATE, LUILUI_RELTN_TYPE, NAME, DESCR_PLAIN, RELATED_LUI_ID, ID) values ('78f459df-6e5c-4f92-a10a-2e33e4884a25', 0, 'admin', TIMESTAMP '2013-10-25 10:45:49.796', 'admin', TIMESTAMP '2013-10-25 10:45:49.796', TIMESTAMP '2013-10-25 10:46:02.2', '', 'CHEM242-FO-RG', '3f723f1f-fb7c-4bd7-a1c8-1eb5c20d5be9', 'kuali.lui.lui.relation.state.active', 'kuali.lui.lui.relation.type.deliveredvia.fo2rg', 'fo-rg-relation', 'CHEM242-FO-RG', 'ffbeea94-0d94-4eca-a365-c8965d847e49', 'e942e7df-672c-40d6-b5f6-4677be486d01')
/
insert into KSEN_LUILUI_RELTN (OBJ_ID, VER_NBR, CREATEID, CREATETIME, UPDATEID, UPDATETIME, EFF_DT, EXPIR_DT, DESCR_FORMATTED, LUI_ID, LUILUI_RELTN_STATE, LUILUI_RELTN_TYPE, NAME, DESCR_PLAIN, RELATED_LUI_ID, ID) values ('1b0b0cb6-90ba-4fba-b0b6-a989e76ad079', 0, 'admin', TIMESTAMP '2013-10-25 10:45:49.796', 'admin', TIMESTAMP '2013-10-25 10:45:49.796', TIMESTAMP '2013-10-25 10:46:02.201', '', 'CHEM242-RG-AO', 'ffbeea94-0d94-4eca-a365-c8965d847e49', 'kuali.lui.lui.relation.state.active', 'kuali.lui.lui.relation.type.registeredforvia.rg2ao', 'rg-ao-relation', 'CHEM242-RG-AO', '8dfbfa90-2932-46ac-94e8-f42128d1d054', '50f8dac9-296b-47f4-9d6e-8fa6749129db')
/
insert into KSEN_LUILUI_RELTN (OBJ_ID, VER_NBR, CREATEID, CREATETIME, UPDATEID, UPDATETIME, EFF_DT, EXPIR_DT, DESCR_FORMATTED, LUI_ID, LUILUI_RELTN_STATE, LUILUI_RELTN_TYPE, NAME, DESCR_PLAIN, RELATED_LUI_ID, ID) values ('44a0d624-e7bc-4d8c-8506-8615999dcd24', 0, 'admin', TIMESTAMP '2013-10-25 10:45:49.796', 'admin', TIMESTAMP '2013-10-25 10:45:49.796', TIMESTAMP '2013-10-25 10:46:02.201', '', 'CHEM242-RG-AO', 'ffbeea94-0d94-4eca-a365-c8965d847e49', 'kuali.lui.lui.relation.state.active', 'kuali.lui.lui.relation.type.registeredforvia.rg2ao', 'rg-ao-relation', 'CHEM242-RG-AO', '1286468f-632c-4099-8bc8-b89a88b67b63', '9f80ff30-2f58-4c9e-97d6-42d739722f7f')
/
insert into KSEN_LUI (OBJ_ID, VER_NBR, CREATEID, CREATETIME, UPDATEID, UPDATETIME, ATP_ID, CLU_ID, EFF_DT, EXPIR_DT, DESCR_FORMATTED, LUI_STATE, LUI_TYPE, MAX_SEATS, MIN_SEATS, NAME, DESCR_PLAIN, REF_URL, ID) values ('91d0b793-4958-4613-a19e-bceed020f7f0', 0, 'admin', TIMESTAMP '2013-10-25 10:45:49.796', 'admin', TIMESTAMP '2013-10-25 10:45:49.796', 'kuali.atp.2011Spring', 'd925e275-370d-4d98-bbec-96fe2459a200', '', '', '1011', 'kuali.lui.registration.group.state.pending', 'kuali.lui.type.registration.group', '', '', '1011', '1011', '', 'eda16b83-8b33-48fc-addf-a5bf10660352')
/
insert into KSEN_LUI_ATTR (OBJ_ID, ATTR_KEY, OWNER_ID, ATTR_VALUE, ID) values ('2638ebc0-7b7b-47bd-a7ba-40cbf2013cd3', 'kuali.attribute.registration.group.is.generated', 'eda16b83-8b33-48fc-addf-a5bf10660352', '1', 'c432297d-abfc-44c4-ba06-3e5e3e891b6d')
/
insert into KSEN_LUI_ATTR (OBJ_ID, ATTR_KEY, OWNER_ID, ATTR_VALUE, ID) values ('602e1c37-3c68-4646-91ff-58e804c93dc3', 'kuali.attribute.registration.group.aocluster.id', 'eda16b83-8b33-48fc-addf-a5bf10660352', '637bc4ca-9495-4e5e-9283-513ebc43f36c', 'b8762c39-a701-49c6-82e0-ff9fcb2cd2a4')
/
insert into KSEN_LUI_IDENT (OBJ_ID, VER_NBR, CREATEID, CREATETIME, UPDATEID, UPDATETIME, LUI_CD, DIVISION, IDENT_LEVEL, LNG_NAME, LUI_ID, ORGID, SHRT_NAME, LUI_ID_STATE, SUFX_CD, LUI_ID_TYPE, VARTN, ID) values ('ecd2bde5-4e41-4903-b2d7-0c3573574d2a', 0, 'admin', TIMESTAMP '2013-10-25 10:45:49.796', 'admin', TIMESTAMP '2013-10-25 10:45:49.796', '', '', '', '', 'eda16b83-8b33-48fc-addf-a5bf10660352', '', '', 'kuali.lui.identifier.state.active', '', 'kuali.lui.identifier.type.official', '', 'a05035d4-02a9-4370-ac19-0e657e51f5cc')
/
insert into KSEN_LUILUI_RELTN (OBJ_ID, VER_NBR, CREATEID, CREATETIME, UPDATEID, UPDATETIME, EFF_DT, EXPIR_DT, DESCR_FORMATTED, LUI_ID, LUILUI_RELTN_STATE, LUILUI_RELTN_TYPE, NAME, DESCR_PLAIN, RELATED_LUI_ID, ID) values ('c4ddf076-de7c-4662-bed9-0e061c022b22', 0, 'admin', TIMESTAMP '2013-10-25 10:45:49.796', 'admin', TIMESTAMP '2013-10-25 10:45:49.796', TIMESTAMP '2013-10-25 10:46:02.51', '', 'CHEM242-FO-RG', '3f723f1f-fb7c-4bd7-a1c8-1eb5c20d5be9', 'kuali.lui.lui.relation.state.active', 'kuali.lui.lui.relation.type.deliveredvia.fo2rg', 'fo-rg-relation', 'CHEM242-FO-RG', 'eda16b83-8b33-48fc-addf-a5bf10660352', '7f9532e5-1bb3-4fc5-83df-ea8020f1bac7')
/
insert into KSEN_LUILUI_RELTN (OBJ_ID, VER_NBR, CREATEID, CREATETIME, UPDATEID, UPDATETIME, EFF_DT, EXPIR_DT, DESCR_FORMATTED, LUI_ID, LUILUI_RELTN_STATE, LUILUI_RELTN_TYPE, NAME, DESCR_PLAIN, RELATED_LUI_ID, ID) values ('519886fe-2d56-4c10-973a-5579e9dcc489', 0, 'admin', TIMESTAMP '2013-10-25 10:45:49.796', 'admin', TIMESTAMP '2013-10-25 10:45:49.796', TIMESTAMP '2013-10-25 10:46:02.51', '', 'CHEM242-RG-AO', 'eda16b83-8b33-48fc-addf-a5bf10660352', 'kuali.lui.lui.relation.state.active', 'kuali.lui.lui.relation.type.registeredforvia.rg2ao', 'rg-ao-relation', 'CHEM242-RG-AO', '8dfbfa90-2932-46ac-94e8-f42128d1d054', '565e3a6f-d958-4721-b9b4-ee26b92de6d7')
/
insert into KSEN_LUILUI_RELTN (OBJ_ID, VER_NBR, CREATEID, CREATETIME, UPDATEID, UPDATETIME, EFF_DT, EXPIR_DT, DESCR_FORMATTED, LUI_ID, LUILUI_RELTN_STATE, LUILUI_RELTN_TYPE, NAME, DESCR_PLAIN, RELATED_LUI_ID, ID) values ('c68438a4-bc41-40c8-bd37-e49830f185d0', 0, 'admin', TIMESTAMP '2013-10-25 10:45:49.796', 'admin', TIMESTAMP '2013-10-25 10:45:49.796', TIMESTAMP '2013-10-25 10:46:02.511', '', 'CHEM242-RG-AO', 'eda16b83-8b33-48fc-addf-a5bf10660352', 'kuali.lui.lui.relation.state.active', 'kuali.lui.lui.relation.type.registeredforvia.rg2ao', 'rg-ao-relation', 'CHEM242-RG-AO', 'fb87d996-d01e-4579-8ba6-daae2eaa4afb', '81af5f96-089a-4464-8f04-d75f94c7f222')
/
insert into KSEN_LUI (OBJ_ID, VER_NBR, CREATEID, CREATETIME, UPDATEID, UPDATETIME, ATP_ID, CLU_ID, EFF_DT, EXPIR_DT, DESCR_FORMATTED, LUI_STATE, LUI_TYPE, MAX_SEATS, MIN_SEATS, NAME, DESCR_PLAIN, REF_URL, ID) values ('81033caf-9702-4924-9493-2c24587d9226', 0, 'admin', TIMESTAMP '2013-10-25 10:45:49.796', 'admin', TIMESTAMP '2013-10-25 10:45:49.796', 'kuali.atp.2011Spring', 'd925e275-370d-4d98-bbec-96fe2459a200', '', '', '1012', 'kuali.lui.registration.group.state.pending', 'kuali.lui.type.registration.group', '', '', '1012', '1012', '', '3bf1a323-31e2-422b-a314-be9bcce4def2')
/
insert into KSEN_LUI_ATTR (OBJ_ID, ATTR_KEY, OWNER_ID, ATTR_VALUE, ID) values ('7e541027-1f14-415e-a5b2-b3fc40f63cb2', 'kuali.attribute.registration.group.is.generated', '3bf1a323-31e2-422b-a314-be9bcce4def2', '1', '6f4bf8da-aa1e-4ee6-8708-3adf93031096')
/
insert into KSEN_LUI_ATTR (OBJ_ID, ATTR_KEY, OWNER_ID, ATTR_VALUE, ID) values ('64eb9f7e-4120-4d58-ac21-f040d47e8435', 'kuali.attribute.registration.group.aocluster.id', '3bf1a323-31e2-422b-a314-be9bcce4def2', '637bc4ca-9495-4e5e-9283-513ebc43f36c', 'd3edce6e-3f77-4050-97f4-705283f9b4e1')
/
insert into KSEN_LUI_IDENT (OBJ_ID, VER_NBR, CREATEID, CREATETIME, UPDATEID, UPDATETIME, LUI_CD, DIVISION, IDENT_LEVEL, LNG_NAME, LUI_ID, ORGID, SHRT_NAME, LUI_ID_STATE, SUFX_CD, LUI_ID_TYPE, VARTN, ID) values ('00f002d4-5fd7-4cd6-926e-477961663a26', 0, 'admin', TIMESTAMP '2013-10-25 10:45:49.796', 'admin', TIMESTAMP '2013-10-25 10:45:49.796', '', '', '', '', '3bf1a323-31e2-422b-a314-be9bcce4def2', '', '', 'kuali.lui.identifier.state.active', '', 'kuali.lui.identifier.type.official', '', '2de3ed2a-6c3e-43d9-a98a-9f6b66910af8')
/
insert into KSEN_LUILUI_RELTN (OBJ_ID, VER_NBR, CREATEID, CREATETIME, UPDATEID, UPDATETIME, EFF_DT, EXPIR_DT, DESCR_FORMATTED, LUI_ID, LUILUI_RELTN_STATE, LUILUI_RELTN_TYPE, NAME, DESCR_PLAIN, RELATED_LUI_ID, ID) values ('dd318376-8497-4b0f-b305-d4be64243cae', 0, 'admin', TIMESTAMP '2013-10-25 10:45:49.796', 'admin', TIMESTAMP '2013-10-25 10:45:49.796', TIMESTAMP '2013-10-25 10:46:02.846', '', 'CHEM242-FO-RG', '3f723f1f-fb7c-4bd7-a1c8-1eb5c20d5be9', 'kuali.lui.lui.relation.state.active', 'kuali.lui.lui.relation.type.deliveredvia.fo2rg', 'fo-rg-relation', 'CHEM242-FO-RG', '3bf1a323-31e2-422b-a314-be9bcce4def2', 'b48297cc-3d22-47cc-b2b4-1143c93d9e91')
/
insert into KSEN_LUILUI_RELTN (OBJ_ID, VER_NBR, CREATEID, CREATETIME, UPDATEID, UPDATETIME, EFF_DT, EXPIR_DT, DESCR_FORMATTED, LUI_ID, LUILUI_RELTN_STATE, LUILUI_RELTN_TYPE, NAME, DESCR_PLAIN, RELATED_LUI_ID, ID) values ('27b1f772-8ffd-4e73-8a68-03b301c6829e', 0, 'admin', TIMESTAMP '2013-10-25 10:45:49.796', 'admin', TIMESTAMP '2013-10-25 10:45:49.796', TIMESTAMP '2013-10-25 10:46:02.847', '', 'CHEM242-RG-AO', '3bf1a323-31e2-422b-a314-be9bcce4def2', 'kuali.lui.lui.relation.state.active', 'kuali.lui.lui.relation.type.registeredforvia.rg2ao', 'rg-ao-relation', 'CHEM242-RG-AO', '8dfbfa90-2932-46ac-94e8-f42128d1d054', 'c6771b73-c8b5-490f-b454-f3dc7b8c837f')
/
insert into KSEN_LUILUI_RELTN (OBJ_ID, VER_NBR, CREATEID, CREATETIME, UPDATEID, UPDATETIME, EFF_DT, EXPIR_DT, DESCR_FORMATTED, LUI_ID, LUILUI_RELTN_STATE, LUILUI_RELTN_TYPE, NAME, DESCR_PLAIN, RELATED_LUI_ID, ID) values ('003dfa00-65d8-4d6f-868c-54d6baff3ffb', 0, 'admin', TIMESTAMP '2013-10-25 10:45:49.796', 'admin', TIMESTAMP '2013-10-25 10:45:49.796', TIMESTAMP '2013-10-25 10:46:02.848', '', 'CHEM242-RG-AO', '3bf1a323-31e2-422b-a314-be9bcce4def2', 'kuali.lui.lui.relation.state.active', 'kuali.lui.lui.relation.type.registeredforvia.rg2ao', 'rg-ao-relation', 'CHEM242-RG-AO', 'a912c784-0426-4e87-a6da-137120e06eeb', '4e20fc78-2a2b-4f0b-8518-ca0862f4afb1')
/
insert into KSEN_LUI (OBJ_ID, VER_NBR, CREATEID, CREATETIME, UPDATEID, UPDATETIME, ATP_ID, CLU_ID, EFF_DT, EXPIR_DT, DESCR_FORMATTED, LUI_STATE, LUI_TYPE, MAX_SEATS, MIN_SEATS, NAME, DESCR_PLAIN, REF_URL, ID) values ('8c40444e-36c3-415a-ba0f-e027035bc1c5', 0, 'admin', TIMESTAMP '2013-10-25 10:45:49.796', 'admin', TIMESTAMP '2013-10-25 10:45:49.796', 'kuali.atp.2011Spring', 'd925e275-370d-4d98-bbec-96fe2459a200', '', '', '1013', 'kuali.lui.registration.group.state.pending', 'kuali.lui.type.registration.group', '', '', '1013', '1013', '', '871b6f98-33ba-4cd0-ac98-9bf56f732796')
/
insert into KSEN_LUI_ATTR (OBJ_ID, ATTR_KEY, OWNER_ID, ATTR_VALUE, ID) values ('5df4b898-c24f-485d-8b9f-8c93e11bf02c', 'kuali.attribute.registration.group.aocluster.id', '871b6f98-33ba-4cd0-ac98-9bf56f732796', '637bc4ca-9495-4e5e-9283-513ebc43f36c', '5038a230-0939-485d-bb1b-7289c8bc416a')
/
insert into KSEN_LUI_ATTR (OBJ_ID, ATTR_KEY, OWNER_ID, ATTR_VALUE, ID) values ('f5399794-ca5f-46e6-8079-9446ba0b382c', 'kuali.attribute.registration.group.is.generated', '871b6f98-33ba-4cd0-ac98-9bf56f732796', '1', '85f250fc-9320-4440-8446-f0ab47dc9950')
/
insert into KSEN_LUI_IDENT (OBJ_ID, VER_NBR, CREATEID, CREATETIME, UPDATEID, UPDATETIME, LUI_CD, DIVISION, IDENT_LEVEL, LNG_NAME, LUI_ID, ORGID, SHRT_NAME, LUI_ID_STATE, SUFX_CD, LUI_ID_TYPE, VARTN, ID) values ('06d8c7ed-04d6-44fc-8b68-361bc6acd09f', 0, 'admin', TIMESTAMP '2013-10-25 10:45:49.796', 'admin', TIMESTAMP '2013-10-25 10:45:49.796', '', '', '', '', '871b6f98-33ba-4cd0-ac98-9bf56f732796', '', '', 'kuali.lui.identifier.state.active', '', 'kuali.lui.identifier.type.official', '', 'eb9a80a9-713a-4c7d-a6da-713f596b0fae')
/
insert into KSEN_LUILUI_RELTN (OBJ_ID, VER_NBR, CREATEID, CREATETIME, UPDATEID, UPDATETIME, EFF_DT, EXPIR_DT, DESCR_FORMATTED, LUI_ID, LUILUI_RELTN_STATE, LUILUI_RELTN_TYPE, NAME, DESCR_PLAIN, RELATED_LUI_ID, ID) values ('d1c7b884-f1fd-4fd2-b835-edb40ef04c22', 0, 'admin', TIMESTAMP '2013-10-25 10:45:49.796', 'admin', TIMESTAMP '2013-10-25 10:45:49.796', TIMESTAMP '2013-10-25 10:46:03.149', '', 'CHEM242-FO-RG', '3f723f1f-fb7c-4bd7-a1c8-1eb5c20d5be9', 'kuali.lui.lui.relation.state.active', 'kuali.lui.lui.relation.type.deliveredvia.fo2rg', 'fo-rg-relation', 'CHEM242-FO-RG', '871b6f98-33ba-4cd0-ac98-9bf56f732796', 'd21d5bfb-becb-4068-a660-0287a36a10b5')
/
insert into KSEN_LUILUI_RELTN (OBJ_ID, VER_NBR, CREATEID, CREATETIME, UPDATEID, UPDATETIME, EFF_DT, EXPIR_DT, DESCR_FORMATTED, LUI_ID, LUILUI_RELTN_STATE, LUILUI_RELTN_TYPE, NAME, DESCR_PLAIN, RELATED_LUI_ID, ID) values ('deb45e8f-f3fb-4188-a6d7-90c41cbb1bb1', 0, 'admin', TIMESTAMP '2013-10-25 10:45:49.796', 'admin', TIMESTAMP '2013-10-25 10:45:49.796', TIMESTAMP '2013-10-25 10:46:03.15', '', 'CHEM242-RG-AO', '871b6f98-33ba-4cd0-ac98-9bf56f732796', 'kuali.lui.lui.relation.state.active', 'kuali.lui.lui.relation.type.registeredforvia.rg2ao', 'rg-ao-relation', 'CHEM242-RG-AO', '8dfbfa90-2932-46ac-94e8-f42128d1d054', '2e6109f3-2b69-40cd-8bd1-8942951cfbf2')
/
insert into KSEN_LUILUI_RELTN (OBJ_ID, VER_NBR, CREATEID, CREATETIME, UPDATEID, UPDATETIME, EFF_DT, EXPIR_DT, DESCR_FORMATTED, LUI_ID, LUILUI_RELTN_STATE, LUILUI_RELTN_TYPE, NAME, DESCR_PLAIN, RELATED_LUI_ID, ID) values ('65ffc20c-17d0-4f6f-b109-308cb936cebe', 0, 'admin', TIMESTAMP '2013-10-25 10:45:49.796', 'admin', TIMESTAMP '2013-10-25 10:45:49.796', TIMESTAMP '2013-10-25 10:46:03.15', '', 'CHEM242-RG-AO', '871b6f98-33ba-4cd0-ac98-9bf56f732796', 'kuali.lui.lui.relation.state.active', 'kuali.lui.lui.relation.type.registeredforvia.rg2ao', 'rg-ao-relation', 'CHEM242-RG-AO', 'fa7e4969-a4c6-457c-8768-5fc2ece55153', 'a15bde96-5066-4437-b799-29bdff32608d')
/
insert into KSEN_LUI (OBJ_ID, VER_NBR, CREATEID, CREATETIME, UPDATEID, UPDATETIME, ATP_ID, CLU_ID, EFF_DT, EXPIR_DT, DESCR_FORMATTED, LUI_STATE, LUI_TYPE, MAX_SEATS, MIN_SEATS, NAME, DESCR_PLAIN, REF_URL, ID) values ('548a8275-fe45-4de5-9a02-bdcf06bc15fa', 0, 'admin', TIMESTAMP '2013-10-25 10:45:49.796', 'admin', TIMESTAMP '2013-10-25 10:45:49.796', 'kuali.atp.2011Spring', 'd925e275-370d-4d98-bbec-96fe2459a200', '', '', '1014', 'kuali.lui.registration.group.state.pending', 'kuali.lui.type.registration.group', '', '', '1014', '1014', '', '5decb098-fcec-46a5-8e3d-4515a78094cb')
/
insert into KSEN_LUI_ATTR (OBJ_ID, ATTR_KEY, OWNER_ID, ATTR_VALUE, ID) values ('d0e805f6-360f-4e0f-bff9-0328bd8e9151', 'kuali.attribute.registration.group.is.generated', '5decb098-fcec-46a5-8e3d-4515a78094cb', '1', '339d7ea2-6604-4b2d-81d2-5a8ae0767aa4')
/
insert into KSEN_LUI_ATTR (OBJ_ID, ATTR_KEY, OWNER_ID, ATTR_VALUE, ID) values ('31b34f06-85ac-4047-b071-01d8ebf30569', 'kuali.attribute.registration.group.aocluster.id', '5decb098-fcec-46a5-8e3d-4515a78094cb', '637bc4ca-9495-4e5e-9283-513ebc43f36c', 'b23a4e20-724e-4a3b-b1a6-3942a4fc96d2')
/
insert into KSEN_LUI_IDENT (OBJ_ID, VER_NBR, CREATEID, CREATETIME, UPDATEID, UPDATETIME, LUI_CD, DIVISION, IDENT_LEVEL, LNG_NAME, LUI_ID, ORGID, SHRT_NAME, LUI_ID_STATE, SUFX_CD, LUI_ID_TYPE, VARTN, ID) values ('678e9779-62bd-4f31-842e-2060c5c8dd56', 0, 'admin', TIMESTAMP '2013-10-25 10:45:49.796', 'admin', TIMESTAMP '2013-10-25 10:45:49.796', '', '', '', '', '5decb098-fcec-46a5-8e3d-4515a78094cb', '', '', 'kuali.lui.identifier.state.active', '', 'kuali.lui.identifier.type.official', '', 'cd294ef6-66b1-4c9b-8f46-36fd00df04e9')
/
insert into KSEN_LUILUI_RELTN (OBJ_ID, VER_NBR, CREATEID, CREATETIME, UPDATEID, UPDATETIME, EFF_DT, EXPIR_DT, DESCR_FORMATTED, LUI_ID, LUILUI_RELTN_STATE, LUILUI_RELTN_TYPE, NAME, DESCR_PLAIN, RELATED_LUI_ID, ID) values ('2b814cb9-41f7-48b5-b335-95e98744fb43', 0, 'admin', TIMESTAMP '2013-10-25 10:45:49.796', 'admin', TIMESTAMP '2013-10-25 10:45:49.796', TIMESTAMP '2013-10-25 10:46:03.505', '', 'CHEM242-FO-RG', '3f723f1f-fb7c-4bd7-a1c8-1eb5c20d5be9', 'kuali.lui.lui.relation.state.active', 'kuali.lui.lui.relation.type.deliveredvia.fo2rg', 'fo-rg-relation', 'CHEM242-FO-RG', '5decb098-fcec-46a5-8e3d-4515a78094cb', 'be455a16-919d-4ee5-849f-e3c7ae50e277')
/
insert into KSEN_LUILUI_RELTN (OBJ_ID, VER_NBR, CREATEID, CREATETIME, UPDATEID, UPDATETIME, EFF_DT, EXPIR_DT, DESCR_FORMATTED, LUI_ID, LUILUI_RELTN_STATE, LUILUI_RELTN_TYPE, NAME, DESCR_PLAIN, RELATED_LUI_ID, ID) values ('3d7a4f14-a82b-4e2b-93df-ec20db8305a1', 0, 'admin', TIMESTAMP '2013-10-25 10:45:49.796', 'admin', TIMESTAMP '2013-10-25 10:45:49.796', TIMESTAMP '2013-10-25 10:46:03.505', '', 'CHEM242-RG-AO', '5decb098-fcec-46a5-8e3d-4515a78094cb', 'kuali.lui.lui.relation.state.active', 'kuali.lui.lui.relation.type.registeredforvia.rg2ao', 'rg-ao-relation', 'CHEM242-RG-AO', '8dfbfa90-2932-46ac-94e8-f42128d1d054', 'd3dc4dc2-44a3-4d33-ae7d-0d11b098089c')
/
insert into KSEN_LUILUI_RELTN (OBJ_ID, VER_NBR, CREATEID, CREATETIME, UPDATEID, UPDATETIME, EFF_DT, EXPIR_DT, DESCR_FORMATTED, LUI_ID, LUILUI_RELTN_STATE, LUILUI_RELTN_TYPE, NAME, DESCR_PLAIN, RELATED_LUI_ID, ID) values ('9fb831e4-0eab-41b1-9b28-5ec0b11957b1', 0, 'admin', TIMESTAMP '2013-10-25 10:45:49.796', 'admin', TIMESTAMP '2013-10-25 10:45:49.796', TIMESTAMP '2013-10-25 10:46:03.506', '', 'CHEM242-RG-AO', '5decb098-fcec-46a5-8e3d-4515a78094cb', 'kuali.lui.lui.relation.state.active', 'kuali.lui.lui.relation.type.registeredforvia.rg2ao', 'rg-ao-relation', 'CHEM242-RG-AO', '86ba5cf9-4283-44d2-aaa6-c4a0f818547b', '31be463f-5b6e-45b8-a0d4-5c245b4a7ca5')
/
insert into KSEN_LUI (OBJ_ID, VER_NBR, CREATEID, CREATETIME, UPDATEID, UPDATETIME, ATP_ID, CLU_ID, EFF_DT, EXPIR_DT, DESCR_FORMATTED, LUI_STATE, LUI_TYPE, MAX_SEATS, MIN_SEATS, NAME, DESCR_PLAIN, REF_URL, ID) values ('bbf1d71f-766e-4b1a-9265-c4b05b4ef9f5', 0, 'admin', TIMESTAMP '2013-10-25 10:45:49.796', 'admin', TIMESTAMP '2013-10-25 10:45:49.796', 'kuali.atp.2011Spring', 'd925e275-370d-4d98-bbec-96fe2459a200', '', '', '1015', 'kuali.lui.registration.group.state.pending', 'kuali.lui.type.registration.group', '', '', '1015', '1015', '', '1989bfd5-55b9-48e5-80ca-3b84819ea515')
/
insert into KSEN_LUI_ATTR (OBJ_ID, ATTR_KEY, OWNER_ID, ATTR_VALUE, ID) values ('721faf81-ccbf-4848-8ce8-fc52823ebfe7', 'kuali.attribute.registration.group.is.generated', '1989bfd5-55b9-48e5-80ca-3b84819ea515', '1', '0d35c1ee-111b-43b6-9bec-c69c1440420d')
/
insert into KSEN_LUI_ATTR (OBJ_ID, ATTR_KEY, OWNER_ID, ATTR_VALUE, ID) values ('9466de45-c04d-40af-8fd2-3de51138b8a0', 'kuali.attribute.registration.group.aocluster.id', '1989bfd5-55b9-48e5-80ca-3b84819ea515', '637bc4ca-9495-4e5e-9283-513ebc43f36c', 'd62aac65-3fb2-41f7-8a7a-a12b062dd675')
/
insert into KSEN_LUI_IDENT (OBJ_ID, VER_NBR, CREATEID, CREATETIME, UPDATEID, UPDATETIME, LUI_CD, DIVISION, IDENT_LEVEL, LNG_NAME, LUI_ID, ORGID, SHRT_NAME, LUI_ID_STATE, SUFX_CD, LUI_ID_TYPE, VARTN, ID) values ('17c0ff3d-d60e-4b02-b063-0233996acf83', 0, 'admin', TIMESTAMP '2013-10-25 10:45:49.796', 'admin', TIMESTAMP '2013-10-25 10:45:49.796', '', '', '', '', '1989bfd5-55b9-48e5-80ca-3b84819ea515', '', '', 'kuali.lui.identifier.state.active', '', 'kuali.lui.identifier.type.official', '', 'f2edeeb8-1d14-48fd-9e54-831a2f063840')
/
insert into KSEN_LUILUI_RELTN (OBJ_ID, VER_NBR, CREATEID, CREATETIME, UPDATEID, UPDATETIME, EFF_DT, EXPIR_DT, DESCR_FORMATTED, LUI_ID, LUILUI_RELTN_STATE, LUILUI_RELTN_TYPE, NAME, DESCR_PLAIN, RELATED_LUI_ID, ID) values ('761d2a81-33b4-4475-b2d9-45c3069a4e56', 0, 'admin', TIMESTAMP '2013-10-25 10:45:49.796', 'admin', TIMESTAMP '2013-10-25 10:45:49.796', TIMESTAMP '2013-10-25 10:46:03.85', '', 'CHEM242-FO-RG', '3f723f1f-fb7c-4bd7-a1c8-1eb5c20d5be9', 'kuali.lui.lui.relation.state.active', 'kuali.lui.lui.relation.type.deliveredvia.fo2rg', 'fo-rg-relation', 'CHEM242-FO-RG', '1989bfd5-55b9-48e5-80ca-3b84819ea515', '0f083eae-e819-4c82-aeb8-007ddc22ec09')
/
insert into KSEN_LUILUI_RELTN (OBJ_ID, VER_NBR, CREATEID, CREATETIME, UPDATEID, UPDATETIME, EFF_DT, EXPIR_DT, DESCR_FORMATTED, LUI_ID, LUILUI_RELTN_STATE, LUILUI_RELTN_TYPE, NAME, DESCR_PLAIN, RELATED_LUI_ID, ID) values ('d72972b1-c51f-4d5d-8c35-172d4050e74d', 0, 'admin', TIMESTAMP '2013-10-25 10:45:49.796', 'admin', TIMESTAMP '2013-10-25 10:45:49.796', TIMESTAMP '2013-10-25 10:46:03.85', '', 'CHEM242-RG-AO', '1989bfd5-55b9-48e5-80ca-3b84819ea515', 'kuali.lui.lui.relation.state.active', 'kuali.lui.lui.relation.type.registeredforvia.rg2ao', 'rg-ao-relation', 'CHEM242-RG-AO', '8dfbfa90-2932-46ac-94e8-f42128d1d054', '9b6255f1-f934-4c0e-a6e8-0df141bb40ad')
/
insert into KSEN_LUILUI_RELTN (OBJ_ID, VER_NBR, CREATEID, CREATETIME, UPDATEID, UPDATETIME, EFF_DT, EXPIR_DT, DESCR_FORMATTED, LUI_ID, LUILUI_RELTN_STATE, LUILUI_RELTN_TYPE, NAME, DESCR_PLAIN, RELATED_LUI_ID, ID) values ('4819ecdf-9223-412a-a766-057ee5009f66', 0, 'admin', TIMESTAMP '2013-10-25 10:45:49.796', 'admin', TIMESTAMP '2013-10-25 10:45:49.796', TIMESTAMP '2013-10-25 10:46:03.851', '', 'CHEM242-RG-AO', '1989bfd5-55b9-48e5-80ca-3b84819ea515', 'kuali.lui.lui.relation.state.active', 'kuali.lui.lui.relation.type.registeredforvia.rg2ao', 'rg-ao-relation', 'CHEM242-RG-AO', 'fcc94a04-2ccc-4242-9a97-8dd60d90c559', 'a4f5ebe1-59dc-49c7-bfdb-e809c71cf52f')
/
insert into KSEN_LUI (OBJ_ID, VER_NBR, CREATEID, CREATETIME, UPDATEID, UPDATETIME, ATP_ID, CLU_ID, EFF_DT, EXPIR_DT, DESCR_FORMATTED, LUI_STATE, LUI_TYPE, MAX_SEATS, MIN_SEATS, NAME, DESCR_PLAIN, REF_URL, ID) values ('e83ff984-427c-4ab6-a9ec-a8943cd114fe', 0, 'admin', TIMESTAMP '2013-10-25 10:45:49.796', 'admin', TIMESTAMP '2013-10-25 10:45:49.796', 'kuali.atp.2011Spring', 'd925e275-370d-4d98-bbec-96fe2459a200', '', '', '1016', 'kuali.lui.registration.group.state.pending', 'kuali.lui.type.registration.group', '', '', '1016', '1016', '', '33020c00-b50d-4228-9c63-7533680fe6cd')
/
insert into KSEN_LUI_ATTR (OBJ_ID, ATTR_KEY, OWNER_ID, ATTR_VALUE, ID) values ('02796ebf-7c48-46fc-92bc-634549ccd441', 'kuali.attribute.registration.group.is.generated', '33020c00-b50d-4228-9c63-7533680fe6cd', '1', '7c77bf23-d66c-47ea-931e-9ee3cdf490c1')
/
insert into KSEN_LUI_ATTR (OBJ_ID, ATTR_KEY, OWNER_ID, ATTR_VALUE, ID) values ('c236bcb7-4388-47e3-b627-33757b75fd86', 'kuali.attribute.registration.group.aocluster.id', '33020c00-b50d-4228-9c63-7533680fe6cd', '637bc4ca-9495-4e5e-9283-513ebc43f36c', '201913c5-94a3-4814-a0ae-52b8ab259c2e')
/
insert into KSEN_LUI_IDENT (OBJ_ID, VER_NBR, CREATEID, CREATETIME, UPDATEID, UPDATETIME, LUI_CD, DIVISION, IDENT_LEVEL, LNG_NAME, LUI_ID, ORGID, SHRT_NAME, LUI_ID_STATE, SUFX_CD, LUI_ID_TYPE, VARTN, ID) values ('dfd98fc3-38e6-48c7-9e32-c0c8fb3bde7f', 0, 'admin', TIMESTAMP '2013-10-25 10:45:49.796', 'admin', TIMESTAMP '2013-10-25 10:45:49.796', '', '', '', '', '33020c00-b50d-4228-9c63-7533680fe6cd', '', '', 'kuali.lui.identifier.state.active', '', 'kuali.lui.identifier.type.official', '', 'bb8549a9-f158-4eb1-9da9-d036ace4e2bc')
/
insert into KSEN_LUILUI_RELTN (OBJ_ID, VER_NBR, CREATEID, CREATETIME, UPDATEID, UPDATETIME, EFF_DT, EXPIR_DT, DESCR_FORMATTED, LUI_ID, LUILUI_RELTN_STATE, LUILUI_RELTN_TYPE, NAME, DESCR_PLAIN, RELATED_LUI_ID, ID) values ('999544d3-d62f-4f9c-88fb-73f2f21339d7', 0, 'admin', TIMESTAMP '2013-10-25 10:45:49.796', 'admin', TIMESTAMP '2013-10-25 10:45:49.796', TIMESTAMP '2013-10-25 10:46:04.162', '', 'CHEM242-FO-RG', '3f723f1f-fb7c-4bd7-a1c8-1eb5c20d5be9', 'kuali.lui.lui.relation.state.active', 'kuali.lui.lui.relation.type.deliveredvia.fo2rg', 'fo-rg-relation', 'CHEM242-FO-RG', '33020c00-b50d-4228-9c63-7533680fe6cd', 'ac78c085-e5ab-4e96-9494-adc3472bb27b')
/
insert into KSEN_LUILUI_RELTN (OBJ_ID, VER_NBR, CREATEID, CREATETIME, UPDATEID, UPDATETIME, EFF_DT, EXPIR_DT, DESCR_FORMATTED, LUI_ID, LUILUI_RELTN_STATE, LUILUI_RELTN_TYPE, NAME, DESCR_PLAIN, RELATED_LUI_ID, ID) values ('c6474fb8-5192-43cf-9951-7f433849dff7', 0, 'admin', TIMESTAMP '2013-10-25 10:45:49.796', 'admin', TIMESTAMP '2013-10-25 10:45:49.796', TIMESTAMP '2013-10-25 10:46:04.162', '', 'CHEM242-RG-AO', '33020c00-b50d-4228-9c63-7533680fe6cd', 'kuali.lui.lui.relation.state.active', 'kuali.lui.lui.relation.type.registeredforvia.rg2ao', 'rg-ao-relation', 'CHEM242-RG-AO', '8dfbfa90-2932-46ac-94e8-f42128d1d054', '28c4d40b-bdd5-43c7-8fc3-1fb6776e3051')
/
insert into KSEN_LUILUI_RELTN (OBJ_ID, VER_NBR, CREATEID, CREATETIME, UPDATEID, UPDATETIME, EFF_DT, EXPIR_DT, DESCR_FORMATTED, LUI_ID, LUILUI_RELTN_STATE, LUILUI_RELTN_TYPE, NAME, DESCR_PLAIN, RELATED_LUI_ID, ID) values ('572f58ab-70eb-42d9-acfa-59b774a3471f', 0, 'admin', TIMESTAMP '2013-10-25 10:45:49.796', 'admin', TIMESTAMP '2013-10-25 10:45:49.796', TIMESTAMP '2013-10-25 10:46:04.163', '', 'CHEM242-RG-AO', '33020c00-b50d-4228-9c63-7533680fe6cd', 'kuali.lui.lui.relation.state.active', 'kuali.lui.lui.relation.type.registeredforvia.rg2ao', 'rg-ao-relation', 'CHEM242-RG-AO', '69eddf56-2a50-4510-a9e7-741984e6f5ee', 'df9d915d-f394-42c0-b564-369e61e4eacf')
/
insert into KSEN_LUI (OBJ_ID, VER_NBR, CREATEID, CREATETIME, UPDATEID, UPDATETIME, ATP_ID, CLU_ID, EFF_DT, EXPIR_DT, DESCR_FORMATTED, LUI_STATE, LUI_TYPE, MAX_SEATS, MIN_SEATS, NAME, DESCR_PLAIN, REF_URL, ID) values ('735bdd6d-0c2c-417e-a6c9-6cbdaabb14cc', 0, 'admin', TIMESTAMP '2013-10-25 10:45:49.796', 'admin', TIMESTAMP '2013-10-25 10:45:49.796', 'kuali.atp.2011Spring', 'd925e275-370d-4d98-bbec-96fe2459a200', '', '', '1017', 'kuali.lui.registration.group.state.pending', 'kuali.lui.type.registration.group', '', '', '1017', '1017', '', '5947c10a-9ae3-44d2-9f44-6431aaf9a553')
/
insert into KSEN_LUI_ATTR (OBJ_ID, ATTR_KEY, OWNER_ID, ATTR_VALUE, ID) values ('d9cb6049-8e40-4c4e-829b-b9077fb5444e', 'kuali.attribute.registration.group.aocluster.id', '5947c10a-9ae3-44d2-9f44-6431aaf9a553', '637bc4ca-9495-4e5e-9283-513ebc43f36c', 'd9165f4d-47ca-40dd-8af1-4c5921aeceeb')
/
insert into KSEN_LUI_ATTR (OBJ_ID, ATTR_KEY, OWNER_ID, ATTR_VALUE, ID) values ('24f5505f-2231-4719-97fb-0bfb8a11e728', 'kuali.attribute.registration.group.is.generated', '5947c10a-9ae3-44d2-9f44-6431aaf9a553', '1', '60dfc4e0-6996-4384-9d3f-01eace4f1b6c')
/
insert into KSEN_LUI_IDENT (OBJ_ID, VER_NBR, CREATEID, CREATETIME, UPDATEID, UPDATETIME, LUI_CD, DIVISION, IDENT_LEVEL, LNG_NAME, LUI_ID, ORGID, SHRT_NAME, LUI_ID_STATE, SUFX_CD, LUI_ID_TYPE, VARTN, ID) values ('9a6718b6-baff-4121-bf43-142c4bf49a9d', 0, 'admin', TIMESTAMP '2013-10-25 10:45:49.796', 'admin', TIMESTAMP '2013-10-25 10:45:49.796', '', '', '', '', '5947c10a-9ae3-44d2-9f44-6431aaf9a553', '', '', 'kuali.lui.identifier.state.active', '', 'kuali.lui.identifier.type.official', '', '50717099-e880-456e-88be-520ef118896e')
/
insert into KSEN_LUILUI_RELTN (OBJ_ID, VER_NBR, CREATEID, CREATETIME, UPDATEID, UPDATETIME, EFF_DT, EXPIR_DT, DESCR_FORMATTED, LUI_ID, LUILUI_RELTN_STATE, LUILUI_RELTN_TYPE, NAME, DESCR_PLAIN, RELATED_LUI_ID, ID) values ('c8cb793e-4964-440d-ac55-5b53cd098776', 0, 'admin', TIMESTAMP '2013-10-25 10:45:49.796', 'admin', TIMESTAMP '2013-10-25 10:45:49.796', TIMESTAMP '2013-10-25 10:46:04.479', '', 'CHEM242-FO-RG', '3f723f1f-fb7c-4bd7-a1c8-1eb5c20d5be9', 'kuali.lui.lui.relation.state.active', 'kuali.lui.lui.relation.type.deliveredvia.fo2rg', 'fo-rg-relation', 'CHEM242-FO-RG', '5947c10a-9ae3-44d2-9f44-6431aaf9a553', '7ab1d70a-0bb4-4818-84a3-123b86cf68a7')
/
insert into KSEN_LUILUI_RELTN (OBJ_ID, VER_NBR, CREATEID, CREATETIME, UPDATEID, UPDATETIME, EFF_DT, EXPIR_DT, DESCR_FORMATTED, LUI_ID, LUILUI_RELTN_STATE, LUILUI_RELTN_TYPE, NAME, DESCR_PLAIN, RELATED_LUI_ID, ID) values ('c8679625-be23-4bbc-824d-f2228f1d7bf6', 0, 'admin', TIMESTAMP '2013-10-25 10:45:49.796', 'admin', TIMESTAMP '2013-10-25 10:45:49.796', TIMESTAMP '2013-10-25 10:46:04.479', '', 'CHEM242-RG-AO', '5947c10a-9ae3-44d2-9f44-6431aaf9a553', 'kuali.lui.lui.relation.state.active', 'kuali.lui.lui.relation.type.registeredforvia.rg2ao', 'rg-ao-relation', 'CHEM242-RG-AO', '8dfbfa90-2932-46ac-94e8-f42128d1d054', 'd5e5ed4b-a052-4cce-925b-3eebfc512db4')
/
insert into KSEN_LUILUI_RELTN (OBJ_ID, VER_NBR, CREATEID, CREATETIME, UPDATEID, UPDATETIME, EFF_DT, EXPIR_DT, DESCR_FORMATTED, LUI_ID, LUILUI_RELTN_STATE, LUILUI_RELTN_TYPE, NAME, DESCR_PLAIN, RELATED_LUI_ID, ID) values ('6eefa28a-9cfe-47ac-b817-7e0256701bcc', 0, 'admin', TIMESTAMP '2013-10-25 10:45:49.796', 'admin', TIMESTAMP '2013-10-25 10:45:49.796', TIMESTAMP '2013-10-25 10:46:04.48', '', 'CHEM242-RG-AO', '5947c10a-9ae3-44d2-9f44-6431aaf9a553', 'kuali.lui.lui.relation.state.active', 'kuali.lui.lui.relation.type.registeredforvia.rg2ao', 'rg-ao-relation', 'CHEM242-RG-AO', '85d5d753-256c-4d2b-b02b-f6664425ed54', '06d3a11c-5f6e-4369-859e-a4c804b77d53')
/
insert into KSEN_LUI (OBJ_ID, VER_NBR, CREATEID, CREATETIME, UPDATEID, UPDATETIME, ATP_ID, CLU_ID, EFF_DT, EXPIR_DT, DESCR_FORMATTED, LUI_STATE, LUI_TYPE, MAX_SEATS, MIN_SEATS, NAME, DESCR_PLAIN, REF_URL, ID) values ('ded48ca6-3713-4250-9326-655c7a9ea97f', 0, 'admin', TIMESTAMP '2013-10-25 10:45:49.796', 'admin', TIMESTAMP '2013-10-25 10:45:49.796', 'kuali.atp.2011Spring', 'd925e275-370d-4d98-bbec-96fe2459a200', '', '', '1018', 'kuali.lui.registration.group.state.pending', 'kuali.lui.type.registration.group', '', '', '1018', '1018', '', '2f52954c-6b86-444a-93d3-64e5ed35f7e3')
/
insert into KSEN_LUI_ATTR (OBJ_ID, ATTR_KEY, OWNER_ID, ATTR_VALUE, ID) values ('d7b45fe9-2e83-421c-a309-646ee9879b35', 'kuali.attribute.registration.group.is.generated', '2f52954c-6b86-444a-93d3-64e5ed35f7e3', '1', '15bd345f-a8a8-40bc-a1f7-05a13f756212')
/
insert into KSEN_LUI_ATTR (OBJ_ID, ATTR_KEY, OWNER_ID, ATTR_VALUE, ID) values ('783fd986-c0b4-436f-9156-091c66d3b7d4', 'kuali.attribute.registration.group.aocluster.id', '2f52954c-6b86-444a-93d3-64e5ed35f7e3', '637bc4ca-9495-4e5e-9283-513ebc43f36c', 'a0e8616f-ecc3-47f6-88e0-78acb36a7633')
/
insert into KSEN_LUI_IDENT (OBJ_ID, VER_NBR, CREATEID, CREATETIME, UPDATEID, UPDATETIME, LUI_CD, DIVISION, IDENT_LEVEL, LNG_NAME, LUI_ID, ORGID, SHRT_NAME, LUI_ID_STATE, SUFX_CD, LUI_ID_TYPE, VARTN, ID) values ('4cbd3e64-001d-4925-947b-47ec178cb1d5', 0, 'admin', TIMESTAMP '2013-10-25 10:45:49.796', 'admin', TIMESTAMP '2013-10-25 10:45:49.796', '', '', '', '', '2f52954c-6b86-444a-93d3-64e5ed35f7e3', '', '', 'kuali.lui.identifier.state.active', '', 'kuali.lui.identifier.type.official', '', 'bd6e5c58-6990-4b72-9d9b-3d028b77abb3')
/
insert into KSEN_LUILUI_RELTN (OBJ_ID, VER_NBR, CREATEID, CREATETIME, UPDATEID, UPDATETIME, EFF_DT, EXPIR_DT, DESCR_FORMATTED, LUI_ID, LUILUI_RELTN_STATE, LUILUI_RELTN_TYPE, NAME, DESCR_PLAIN, RELATED_LUI_ID, ID) values ('3315d64e-6fc5-413b-a7fb-787b85f57dec', 0, 'admin', TIMESTAMP '2013-10-25 10:45:49.796', 'admin', TIMESTAMP '2013-10-25 10:45:49.796', TIMESTAMP '2013-10-25 10:46:04.814', '', 'CHEM242-FO-RG', '3f723f1f-fb7c-4bd7-a1c8-1eb5c20d5be9', 'kuali.lui.lui.relation.state.active', 'kuali.lui.lui.relation.type.deliveredvia.fo2rg', 'fo-rg-relation', 'CHEM242-FO-RG', '2f52954c-6b86-444a-93d3-64e5ed35f7e3', '50b7afd7-d5b4-463a-8b57-35485a80306f')
/
insert into KSEN_LUILUI_RELTN (OBJ_ID, VER_NBR, CREATEID, CREATETIME, UPDATEID, UPDATETIME, EFF_DT, EXPIR_DT, DESCR_FORMATTED, LUI_ID, LUILUI_RELTN_STATE, LUILUI_RELTN_TYPE, NAME, DESCR_PLAIN, RELATED_LUI_ID, ID) values ('3693374a-5c9f-445f-b6a9-b11158796e3c', 0, 'admin', TIMESTAMP '2013-10-25 10:45:49.796', 'admin', TIMESTAMP '2013-10-25 10:45:49.796', TIMESTAMP '2013-10-25 10:46:04.815', '', 'CHEM242-RG-AO', '2f52954c-6b86-444a-93d3-64e5ed35f7e3', 'kuali.lui.lui.relation.state.active', 'kuali.lui.lui.relation.type.registeredforvia.rg2ao', 'rg-ao-relation', 'CHEM242-RG-AO', '8dfbfa90-2932-46ac-94e8-f42128d1d054', '24908144-4779-43d6-9ce2-6ce8533b92ec')
/
insert into KSEN_LUILUI_RELTN (OBJ_ID, VER_NBR, CREATEID, CREATETIME, UPDATEID, UPDATETIME, EFF_DT, EXPIR_DT, DESCR_FORMATTED, LUI_ID, LUILUI_RELTN_STATE, LUILUI_RELTN_TYPE, NAME, DESCR_PLAIN, RELATED_LUI_ID, ID) values ('9e40a1bc-4de2-4a60-b2d1-3f0d0fc46451', 0, 'admin', TIMESTAMP '2013-10-25 10:45:49.796', 'admin', TIMESTAMP '2013-10-25 10:45:49.796', TIMESTAMP '2013-10-25 10:46:04.815', '', 'CHEM242-RG-AO', '2f52954c-6b86-444a-93d3-64e5ed35f7e3', 'kuali.lui.lui.relation.state.active', 'kuali.lui.lui.relation.type.registeredforvia.rg2ao', 'rg-ao-relation', 'CHEM242-RG-AO', '0ddbce33-a71d-4a22-afe3-c51b79d97995', '5360d00d-62c3-4b0e-9e9e-b1e6cfe64e87')
/
insert into KSEN_LUI (OBJ_ID, VER_NBR, CREATEID, CREATETIME, UPDATEID, UPDATETIME, ATP_ID, CLU_ID, EFF_DT, EXPIR_DT, DESCR_FORMATTED, LUI_STATE, LUI_TYPE, MAX_SEATS, MIN_SEATS, NAME, DESCR_PLAIN, REF_URL, ID) values ('7dda743c-2788-4431-8209-59fa04401ec8', 0, 'admin', TIMESTAMP '2013-10-25 10:45:49.796', 'admin', TIMESTAMP '2013-10-25 10:45:49.796', 'kuali.atp.2011Spring', 'd925e275-370d-4d98-bbec-96fe2459a200', '', '', '1019', 'kuali.lui.registration.group.state.pending', 'kuali.lui.type.registration.group', '', '', '1019', '1019', '', 'a4a04b23-a2fd-4e15-be67-d0baae6b5224')
/
insert into KSEN_LUI_ATTR (OBJ_ID, ATTR_KEY, OWNER_ID, ATTR_VALUE, ID) values ('5dd1dadb-ceae-46f9-98c7-d7ced516bfea', 'kuali.attribute.registration.group.is.generated', 'a4a04b23-a2fd-4e15-be67-d0baae6b5224', '1', '9785a0e7-c5da-4a14-8a40-7d91b94bec53')
/
insert into KSEN_LUI_ATTR (OBJ_ID, ATTR_KEY, OWNER_ID, ATTR_VALUE, ID) values ('7fa0d500-c967-47dc-901f-d145d4a8b929', 'kuali.attribute.registration.group.aocluster.id', 'a4a04b23-a2fd-4e15-be67-d0baae6b5224', '637bc4ca-9495-4e5e-9283-513ebc43f36c', '6f5b2b86-a6e9-4390-b49d-5a056fcf6042')
/
insert into KSEN_LUI_IDENT (OBJ_ID, VER_NBR, CREATEID, CREATETIME, UPDATEID, UPDATETIME, LUI_CD, DIVISION, IDENT_LEVEL, LNG_NAME, LUI_ID, ORGID, SHRT_NAME, LUI_ID_STATE, SUFX_CD, LUI_ID_TYPE, VARTN, ID) values ('cd204818-9320-4a56-9904-470d53654ae0', 0, 'admin', TIMESTAMP '2013-10-25 10:45:49.796', 'admin', TIMESTAMP '2013-10-25 10:45:49.796', '', '', '', '', 'a4a04b23-a2fd-4e15-be67-d0baae6b5224', '', '', 'kuali.lui.identifier.state.active', '', 'kuali.lui.identifier.type.official', '', '98186388-324d-4d29-8ef8-6df7a6be66fa')
/
insert into KSEN_LUILUI_RELTN (OBJ_ID, VER_NBR, CREATEID, CREATETIME, UPDATEID, UPDATETIME, EFF_DT, EXPIR_DT, DESCR_FORMATTED, LUI_ID, LUILUI_RELTN_STATE, LUILUI_RELTN_TYPE, NAME, DESCR_PLAIN, RELATED_LUI_ID, ID) values ('55dc0ee7-705f-4ba0-abe6-56c0c0ac64a9', 0, 'admin', TIMESTAMP '2013-10-25 10:45:49.796', 'admin', TIMESTAMP '2013-10-25 10:45:49.796', TIMESTAMP '2013-10-25 10:46:05.127', '', 'CHEM242-FO-RG', '3f723f1f-fb7c-4bd7-a1c8-1eb5c20d5be9', 'kuali.lui.lui.relation.state.active', 'kuali.lui.lui.relation.type.deliveredvia.fo2rg', 'fo-rg-relation', 'CHEM242-FO-RG', 'a4a04b23-a2fd-4e15-be67-d0baae6b5224', '4c9781dd-7deb-4f31-9da6-367b9281fd59')
/
insert into KSEN_LUILUI_RELTN (OBJ_ID, VER_NBR, CREATEID, CREATETIME, UPDATEID, UPDATETIME, EFF_DT, EXPIR_DT, DESCR_FORMATTED, LUI_ID, LUILUI_RELTN_STATE, LUILUI_RELTN_TYPE, NAME, DESCR_PLAIN, RELATED_LUI_ID, ID) values ('9a81f654-f8c8-40e6-bf3a-29497812d6d6', 0, 'admin', TIMESTAMP '2013-10-25 10:45:49.796', 'admin', TIMESTAMP '2013-10-25 10:45:49.796', TIMESTAMP '2013-10-25 10:46:05.127', '', 'CHEM242-RG-AO', 'a4a04b23-a2fd-4e15-be67-d0baae6b5224', 'kuali.lui.lui.relation.state.active', 'kuali.lui.lui.relation.type.registeredforvia.rg2ao', 'rg-ao-relation', 'CHEM242-RG-AO', '8dfbfa90-2932-46ac-94e8-f42128d1d054', 'efff3348-76c3-4b34-a676-0cdc3936e382')
/
insert into KSEN_LUILUI_RELTN (OBJ_ID, VER_NBR, CREATEID, CREATETIME, UPDATEID, UPDATETIME, EFF_DT, EXPIR_DT, DESCR_FORMATTED, LUI_ID, LUILUI_RELTN_STATE, LUILUI_RELTN_TYPE, NAME, DESCR_PLAIN, RELATED_LUI_ID, ID) values ('501bbcb1-fdcf-4b43-8067-e71a44e60430', 0, 'admin', TIMESTAMP '2013-10-25 10:45:49.796', 'admin', TIMESTAMP '2013-10-25 10:45:49.796', TIMESTAMP '2013-10-25 10:46:05.128', '', 'CHEM242-RG-AO', 'a4a04b23-a2fd-4e15-be67-d0baae6b5224', 'kuali.lui.lui.relation.state.active', 'kuali.lui.lui.relation.type.registeredforvia.rg2ao', 'rg-ao-relation', 'CHEM242-RG-AO', '77508ace-b02c-4867-927a-5dbbc879a2a1', 'e3a61f08-58d2-41a4-bec9-b5b317acd20f')
/
insert into KSEN_LUI (OBJ_ID, VER_NBR, CREATEID, CREATETIME, UPDATEID, UPDATETIME, ATP_ID, CLU_ID, EFF_DT, EXPIR_DT, DESCR_FORMATTED, LUI_STATE, LUI_TYPE, MAX_SEATS, MIN_SEATS, NAME, DESCR_PLAIN, REF_URL, ID) values ('0b8b5a0c-39c4-43f9-8272-deb8be2c8fd1', 0, 'admin', TIMESTAMP '2013-10-25 10:45:49.796', 'admin', TIMESTAMP '2013-10-25 10:45:49.796', 'kuali.atp.2011Spring', 'd925e275-370d-4d98-bbec-96fe2459a200', '', '', '1020', 'kuali.lui.registration.group.state.pending', 'kuali.lui.type.registration.group', '', '', '1020', '1020', '', '417ca5df-c950-40b1-b62b-9fd7a27a57ae')
/
insert into KSEN_LUI_ATTR (OBJ_ID, ATTR_KEY, OWNER_ID, ATTR_VALUE, ID) values ('28f8379e-7b1c-47e2-8876-5b783fc4abad', 'kuali.attribute.registration.group.aocluster.id', '417ca5df-c950-40b1-b62b-9fd7a27a57ae', '637bc4ca-9495-4e5e-9283-513ebc43f36c', '67fe7620-a7b1-4d38-869f-5480876c4ea1')
/
insert into KSEN_LUI_ATTR (OBJ_ID, ATTR_KEY, OWNER_ID, ATTR_VALUE, ID) values ('5f567cfc-f6f9-4efc-9751-245a8a9673bb', 'kuali.attribute.registration.group.is.generated', '417ca5df-c950-40b1-b62b-9fd7a27a57ae', '1', '2c6ce5db-aa6b-4b6f-8ce6-e8a9ff76a25f')
/
insert into KSEN_LUI_IDENT (OBJ_ID, VER_NBR, CREATEID, CREATETIME, UPDATEID, UPDATETIME, LUI_CD, DIVISION, IDENT_LEVEL, LNG_NAME, LUI_ID, ORGID, SHRT_NAME, LUI_ID_STATE, SUFX_CD, LUI_ID_TYPE, VARTN, ID) values ('80e238ea-7ab9-4b56-a77c-68a43b5ecc37', 0, 'admin', TIMESTAMP '2013-10-25 10:45:49.796', 'admin', TIMESTAMP '2013-10-25 10:45:49.796', '', '', '', '', '417ca5df-c950-40b1-b62b-9fd7a27a57ae', '', '', 'kuali.lui.identifier.state.active', '', 'kuali.lui.identifier.type.official', '', 'd98459b1-1ae8-4863-ae75-2583f851ea8f')
/
insert into KSEN_LUILUI_RELTN (OBJ_ID, VER_NBR, CREATEID, CREATETIME, UPDATEID, UPDATETIME, EFF_DT, EXPIR_DT, DESCR_FORMATTED, LUI_ID, LUILUI_RELTN_STATE, LUILUI_RELTN_TYPE, NAME, DESCR_PLAIN, RELATED_LUI_ID, ID) values ('ac9a3060-213e-45d9-bcfe-224e9ea80248', 0, 'admin', TIMESTAMP '2013-10-25 10:45:49.796', 'admin', TIMESTAMP '2013-10-25 10:45:49.796', TIMESTAMP '2013-10-25 10:46:05.463', '', 'CHEM242-FO-RG', '3f723f1f-fb7c-4bd7-a1c8-1eb5c20d5be9', 'kuali.lui.lui.relation.state.active', 'kuali.lui.lui.relation.type.deliveredvia.fo2rg', 'fo-rg-relation', 'CHEM242-FO-RG', '417ca5df-c950-40b1-b62b-9fd7a27a57ae', '232d0ff5-00ee-4591-b6ce-ef80cb35d6e0')
/
insert into KSEN_LUILUI_RELTN (OBJ_ID, VER_NBR, CREATEID, CREATETIME, UPDATEID, UPDATETIME, EFF_DT, EXPIR_DT, DESCR_FORMATTED, LUI_ID, LUILUI_RELTN_STATE, LUILUI_RELTN_TYPE, NAME, DESCR_PLAIN, RELATED_LUI_ID, ID) values ('a6ad60d9-ebee-4f2d-85dd-7c7189edff87', 0, 'admin', TIMESTAMP '2013-10-25 10:45:49.796', 'admin', TIMESTAMP '2013-10-25 10:45:49.796', TIMESTAMP '2013-10-25 10:46:05.464', '', 'CHEM242-RG-AO', '417ca5df-c950-40b1-b62b-9fd7a27a57ae', 'kuali.lui.lui.relation.state.active', 'kuali.lui.lui.relation.type.registeredforvia.rg2ao', 'rg-ao-relation', 'CHEM242-RG-AO', '8dfbfa90-2932-46ac-94e8-f42128d1d054', '48936b26-29e4-4b16-a580-1db1f9cbb178')
/
insert into KSEN_LUILUI_RELTN (OBJ_ID, VER_NBR, CREATEID, CREATETIME, UPDATEID, UPDATETIME, EFF_DT, EXPIR_DT, DESCR_FORMATTED, LUI_ID, LUILUI_RELTN_STATE, LUILUI_RELTN_TYPE, NAME, DESCR_PLAIN, RELATED_LUI_ID, ID) values ('1085430b-8478-4baf-8bdb-aefb4472191c', 0, 'admin', TIMESTAMP '2013-10-25 10:45:49.796', 'admin', TIMESTAMP '2013-10-25 10:45:49.796', TIMESTAMP '2013-10-25 10:46:05.464', '', 'CHEM242-RG-AO', '417ca5df-c950-40b1-b62b-9fd7a27a57ae', 'kuali.lui.lui.relation.state.active', 'kuali.lui.lui.relation.type.registeredforvia.rg2ao', 'rg-ao-relation', 'CHEM242-RG-AO', '78d7c8fa-8c6d-4e33-b7fc-0536ebd4bed3', 'e048f023-c8a7-4082-b191-7bc991675e04')
/
insert into KSEN_LUI (OBJ_ID, VER_NBR, CREATEID, CREATETIME, UPDATEID, UPDATETIME, ATP_ID, CLU_ID, EFF_DT, EXPIR_DT, DESCR_FORMATTED, LUI_STATE, LUI_TYPE, MAX_SEATS, MIN_SEATS, NAME, DESCR_PLAIN, REF_URL, ID) values ('04bf8743-0834-477e-9a21-f8a0a0a34a61', 0, 'admin', TIMESTAMP '2013-10-25 10:45:49.796', 'admin', TIMESTAMP '2013-10-25 10:45:49.796', 'kuali.atp.2011Spring', 'd925e275-370d-4d98-bbec-96fe2459a200', '', '', '1021', 'kuali.lui.registration.group.state.pending', 'kuali.lui.type.registration.group', '', '', '1021', '1021', '', '9d1c948f-ca85-4c0a-9c9f-5004f562d87b')
/
insert into KSEN_LUI_ATTR (OBJ_ID, ATTR_KEY, OWNER_ID, ATTR_VALUE, ID) values ('8e72ecf4-7e9e-4531-9f3c-3ac0097628aa', 'kuali.attribute.registration.group.aocluster.id', '9d1c948f-ca85-4c0a-9c9f-5004f562d87b', '637bc4ca-9495-4e5e-9283-513ebc43f36c', '5b2a4cc5-5f4b-4068-a9d6-b2692082e693')
/
insert into KSEN_LUI_ATTR (OBJ_ID, ATTR_KEY, OWNER_ID, ATTR_VALUE, ID) values ('5530fe89-0174-4b2a-8ec5-fbe7f85f7258', 'kuali.attribute.registration.group.is.generated', '9d1c948f-ca85-4c0a-9c9f-5004f562d87b', '1', 'b8801c80-e3d9-4928-8b01-91be135ddf2a')
/
insert into KSEN_LUI_IDENT (OBJ_ID, VER_NBR, CREATEID, CREATETIME, UPDATEID, UPDATETIME, LUI_CD, DIVISION, IDENT_LEVEL, LNG_NAME, LUI_ID, ORGID, SHRT_NAME, LUI_ID_STATE, SUFX_CD, LUI_ID_TYPE, VARTN, ID) values ('0f15017c-ba8a-46e2-92fa-9be9ccf9d2ee', 0, 'admin', TIMESTAMP '2013-10-25 10:45:49.796', 'admin', TIMESTAMP '2013-10-25 10:45:49.796', '', '', '', '', '9d1c948f-ca85-4c0a-9c9f-5004f562d87b', '', '', 'kuali.lui.identifier.state.active', '', 'kuali.lui.identifier.type.official', '', '43e7ecfe-0d29-4c86-b846-3bfcc45abb28')
/
insert into KSEN_LUILUI_RELTN (OBJ_ID, VER_NBR, CREATEID, CREATETIME, UPDATEID, UPDATETIME, EFF_DT, EXPIR_DT, DESCR_FORMATTED, LUI_ID, LUILUI_RELTN_STATE, LUILUI_RELTN_TYPE, NAME, DESCR_PLAIN, RELATED_LUI_ID, ID) values ('9e8ad920-2fdc-4fc1-bcef-e54192a52c66', 0, 'admin', TIMESTAMP '2013-10-25 10:45:49.796', 'admin', TIMESTAMP '2013-10-25 10:45:49.796', TIMESTAMP '2013-10-25 10:46:05.785', '', 'CHEM242-FO-RG', '3f723f1f-fb7c-4bd7-a1c8-1eb5c20d5be9', 'kuali.lui.lui.relation.state.active', 'kuali.lui.lui.relation.type.deliveredvia.fo2rg', 'fo-rg-relation', 'CHEM242-FO-RG', '9d1c948f-ca85-4c0a-9c9f-5004f562d87b', '52e142ef-9c7d-4a5a-b66d-c1bb97af4d4a')
/
insert into KSEN_LUILUI_RELTN (OBJ_ID, VER_NBR, CREATEID, CREATETIME, UPDATEID, UPDATETIME, EFF_DT, EXPIR_DT, DESCR_FORMATTED, LUI_ID, LUILUI_RELTN_STATE, LUILUI_RELTN_TYPE, NAME, DESCR_PLAIN, RELATED_LUI_ID, ID) values ('dc4cc277-aebc-48e7-bfea-f1eee65225e8', 0, 'admin', TIMESTAMP '2013-10-25 10:45:49.796', 'admin', TIMESTAMP '2013-10-25 10:45:49.796', TIMESTAMP '2013-10-25 10:46:05.786', '', 'CHEM242-RG-AO', '9d1c948f-ca85-4c0a-9c9f-5004f562d87b', 'kuali.lui.lui.relation.state.active', 'kuali.lui.lui.relation.type.registeredforvia.rg2ao', 'rg-ao-relation', 'CHEM242-RG-AO', '8dfbfa90-2932-46ac-94e8-f42128d1d054', 'ec47b47c-112b-4a23-b97a-a2ec2a2a9939')
/
insert into KSEN_LUILUI_RELTN (OBJ_ID, VER_NBR, CREATEID, CREATETIME, UPDATEID, UPDATETIME, EFF_DT, EXPIR_DT, DESCR_FORMATTED, LUI_ID, LUILUI_RELTN_STATE, LUILUI_RELTN_TYPE, NAME, DESCR_PLAIN, RELATED_LUI_ID, ID) values ('6a211235-e3f9-46f6-b9a0-c4e4f60f6e3f', 0, 'admin', TIMESTAMP '2013-10-25 10:45:49.796', 'admin', TIMESTAMP '2013-10-25 10:45:49.796', TIMESTAMP '2013-10-25 10:46:05.786', '', 'CHEM242-RG-AO', '9d1c948f-ca85-4c0a-9c9f-5004f562d87b', 'kuali.lui.lui.relation.state.active', 'kuali.lui.lui.relation.type.registeredforvia.rg2ao', 'rg-ao-relation', 'CHEM242-RG-AO', '1006cabc-6146-4fbd-baf1-0c1663eb32c7', '121e9a73-b535-429a-920f-aaf1af941c8d')
/
insert into KSEN_LUI (OBJ_ID, VER_NBR, CREATEID, CREATETIME, UPDATEID, UPDATETIME, ATP_ID, CLU_ID, EFF_DT, EXPIR_DT, DESCR_FORMATTED, LUI_STATE, LUI_TYPE, MAX_SEATS, MIN_SEATS, NAME, DESCR_PLAIN, REF_URL, ID) values ('f687d4d4-e9de-4dbf-a0d7-a47ad9581711', 0, 'admin', TIMESTAMP '2013-10-25 10:45:49.796', 'admin', TIMESTAMP '2013-10-25 10:45:49.796', 'kuali.atp.2011Spring', 'd925e275-370d-4d98-bbec-96fe2459a200', '', '', '1022', 'kuali.lui.registration.group.state.pending', 'kuali.lui.type.registration.group', '', '', '1022', '1022', '', '66a74ead-ca25-49a8-98a8-194f74cd5ce3')
/
insert into KSEN_LUI_ATTR (OBJ_ID, ATTR_KEY, OWNER_ID, ATTR_VALUE, ID) values ('ddec7e17-53e6-470b-a924-c5572064b6ac', 'kuali.attribute.registration.group.aocluster.id', '66a74ead-ca25-49a8-98a8-194f74cd5ce3', '637bc4ca-9495-4e5e-9283-513ebc43f36c', '7619b557-f3a6-40c0-80e9-f528e04e6ba8')
/
insert into KSEN_LUI_ATTR (OBJ_ID, ATTR_KEY, OWNER_ID, ATTR_VALUE, ID) values ('8ff17634-c7a2-4874-b2e0-e18a82233705', 'kuali.attribute.registration.group.is.generated', '66a74ead-ca25-49a8-98a8-194f74cd5ce3', '1', 'f48900dc-1368-4e3a-b3c6-865029d141a4')
/
insert into KSEN_LUI_IDENT (OBJ_ID, VER_NBR, CREATEID, CREATETIME, UPDATEID, UPDATETIME, LUI_CD, DIVISION, IDENT_LEVEL, LNG_NAME, LUI_ID, ORGID, SHRT_NAME, LUI_ID_STATE, SUFX_CD, LUI_ID_TYPE, VARTN, ID) values ('83b81342-638b-4a68-bdc9-9a0e8a40b7cc', 0, 'admin', TIMESTAMP '2013-10-25 10:45:49.796', 'admin', TIMESTAMP '2013-10-25 10:45:49.796', '', '', '', '', '66a74ead-ca25-49a8-98a8-194f74cd5ce3', '', '', 'kuali.lui.identifier.state.active', '', 'kuali.lui.identifier.type.official', '', '8776d311-9dcd-4a42-b9dc-9277ac76d353')
/
insert into KSEN_LUILUI_RELTN (OBJ_ID, VER_NBR, CREATEID, CREATETIME, UPDATEID, UPDATETIME, EFF_DT, EXPIR_DT, DESCR_FORMATTED, LUI_ID, LUILUI_RELTN_STATE, LUILUI_RELTN_TYPE, NAME, DESCR_PLAIN, RELATED_LUI_ID, ID) values ('3e7c241b-5abf-42e2-bfba-bc47f5dcefe3', 0, 'admin', TIMESTAMP '2013-10-25 10:45:49.796', 'admin', TIMESTAMP '2013-10-25 10:45:49.796', TIMESTAMP '2013-10-25 10:46:06.108', '', 'CHEM242-FO-RG', '3f723f1f-fb7c-4bd7-a1c8-1eb5c20d5be9', 'kuali.lui.lui.relation.state.active', 'kuali.lui.lui.relation.type.deliveredvia.fo2rg', 'fo-rg-relation', 'CHEM242-FO-RG', '66a74ead-ca25-49a8-98a8-194f74cd5ce3', '270add7c-eab0-4c1e-bcda-2687ed3c694a')
/
insert into KSEN_LUILUI_RELTN (OBJ_ID, VER_NBR, CREATEID, CREATETIME, UPDATEID, UPDATETIME, EFF_DT, EXPIR_DT, DESCR_FORMATTED, LUI_ID, LUILUI_RELTN_STATE, LUILUI_RELTN_TYPE, NAME, DESCR_PLAIN, RELATED_LUI_ID, ID) values ('2c67cfe0-9fc4-4ce8-9bcb-cc37d4a949c3', 0, 'admin', TIMESTAMP '2013-10-25 10:45:49.796', 'admin', TIMESTAMP '2013-10-25 10:45:49.796', TIMESTAMP '2013-10-25 10:46:06.109', '', 'CHEM242-RG-AO', '66a74ead-ca25-49a8-98a8-194f74cd5ce3', 'kuali.lui.lui.relation.state.active', 'kuali.lui.lui.relation.type.registeredforvia.rg2ao', 'rg-ao-relation', 'CHEM242-RG-AO', '8dfbfa90-2932-46ac-94e8-f42128d1d054', '82ffe87c-a5ed-4975-8ce1-ea4dd56532ee')
/
insert into KSEN_LUILUI_RELTN (OBJ_ID, VER_NBR, CREATEID, CREATETIME, UPDATEID, UPDATETIME, EFF_DT, EXPIR_DT, DESCR_FORMATTED, LUI_ID, LUILUI_RELTN_STATE, LUILUI_RELTN_TYPE, NAME, DESCR_PLAIN, RELATED_LUI_ID, ID) values ('e0cee008-4471-41e0-829d-c44bc62936a4', 0, 'admin', TIMESTAMP '2013-10-25 10:45:49.796', 'admin', TIMESTAMP '2013-10-25 10:45:49.796', TIMESTAMP '2013-10-25 10:46:06.109', '', 'CHEM242-RG-AO', '66a74ead-ca25-49a8-98a8-194f74cd5ce3', 'kuali.lui.lui.relation.state.active', 'kuali.lui.lui.relation.type.registeredforvia.rg2ao', 'rg-ao-relation', 'CHEM242-RG-AO', '8ec8efcf-6d8e-49ff-ab31-f6329a63bf22', 'd272a533-b354-498e-9029-90ec6c4e76c6')
/
insert into KSEN_LUI (OBJ_ID, VER_NBR, CREATEID, CREATETIME, UPDATEID, UPDATETIME, ATP_ID, CLU_ID, EFF_DT, EXPIR_DT, DESCR_FORMATTED, LUI_STATE, LUI_TYPE, MAX_SEATS, MIN_SEATS, NAME, DESCR_PLAIN, REF_URL, ID) values ('47938f4b-0dad-45d1-bfab-fdb13d9faaf4', 0, 'admin', TIMESTAMP '2013-10-25 10:45:49.796', 'admin', TIMESTAMP '2013-10-25 10:45:49.796', 'kuali.atp.2011Spring', 'd925e275-370d-4d98-bbec-96fe2459a200', '', '', '1023', 'kuali.lui.registration.group.state.pending', 'kuali.lui.type.registration.group', '', '', '1023', '1023', '', 'b7de79d5-c4b2-4ea4-a82f-8e5b04cb6b63')
/
insert into KSEN_LUI_ATTR (OBJ_ID, ATTR_KEY, OWNER_ID, ATTR_VALUE, ID) values ('88af5715-b25e-4ff5-a981-cf10d94a635a', 'kuali.attribute.registration.group.aocluster.id', 'b7de79d5-c4b2-4ea4-a82f-8e5b04cb6b63', '637bc4ca-9495-4e5e-9283-513ebc43f36c', '6ef11cfc-beaf-432b-88be-c54b10d68010')
/
insert into KSEN_LUI_ATTR (OBJ_ID, ATTR_KEY, OWNER_ID, ATTR_VALUE, ID) values ('6b73a362-e8d4-4f73-8080-55ffe1819638', 'kuali.attribute.registration.group.is.generated', 'b7de79d5-c4b2-4ea4-a82f-8e5b04cb6b63', '1', '55fa12b1-cc78-40a7-a102-29048f46420d')
/
insert into KSEN_LUI_IDENT (OBJ_ID, VER_NBR, CREATEID, CREATETIME, UPDATEID, UPDATETIME, LUI_CD, DIVISION, IDENT_LEVEL, LNG_NAME, LUI_ID, ORGID, SHRT_NAME, LUI_ID_STATE, SUFX_CD, LUI_ID_TYPE, VARTN, ID) values ('cb463035-28a2-4c97-8163-b12f06a900c5', 0, 'admin', TIMESTAMP '2013-10-25 10:45:49.796', 'admin', TIMESTAMP '2013-10-25 10:45:49.796', '', '', '', '', 'b7de79d5-c4b2-4ea4-a82f-8e5b04cb6b63', '', '', 'kuali.lui.identifier.state.active', '', 'kuali.lui.identifier.type.official', '', '603f5160-3eea-4eab-ba50-76ac79f59db0')
/
insert into KSEN_LUILUI_RELTN (OBJ_ID, VER_NBR, CREATEID, CREATETIME, UPDATEID, UPDATETIME, EFF_DT, EXPIR_DT, DESCR_FORMATTED, LUI_ID, LUILUI_RELTN_STATE, LUILUI_RELTN_TYPE, NAME, DESCR_PLAIN, RELATED_LUI_ID, ID) values ('936dc963-6da0-4607-baaa-a32c0fe59eb1', 0, 'admin', TIMESTAMP '2013-10-25 10:45:49.796', 'admin', TIMESTAMP '2013-10-25 10:45:49.796', TIMESTAMP '2013-10-25 10:46:06.455', '', 'CHEM242-FO-RG', '3f723f1f-fb7c-4bd7-a1c8-1eb5c20d5be9', 'kuali.lui.lui.relation.state.active', 'kuali.lui.lui.relation.type.deliveredvia.fo2rg', 'fo-rg-relation', 'CHEM242-FO-RG', 'b7de79d5-c4b2-4ea4-a82f-8e5b04cb6b63', 'ee2d9ad7-64bd-4c52-bea9-200bc54e588e')
/
insert into KSEN_LUILUI_RELTN (OBJ_ID, VER_NBR, CREATEID, CREATETIME, UPDATEID, UPDATETIME, EFF_DT, EXPIR_DT, DESCR_FORMATTED, LUI_ID, LUILUI_RELTN_STATE, LUILUI_RELTN_TYPE, NAME, DESCR_PLAIN, RELATED_LUI_ID, ID) values ('dc35a6d9-dee0-4f94-9a43-af19ea0959a1', 0, 'admin', TIMESTAMP '2013-10-25 10:45:49.796', 'admin', TIMESTAMP '2013-10-25 10:45:49.796', TIMESTAMP '2013-10-25 10:46:06.455', '', 'CHEM242-RG-AO', 'b7de79d5-c4b2-4ea4-a82f-8e5b04cb6b63', 'kuali.lui.lui.relation.state.active', 'kuali.lui.lui.relation.type.registeredforvia.rg2ao', 'rg-ao-relation', 'CHEM242-RG-AO', '8dfbfa90-2932-46ac-94e8-f42128d1d054', '5f46a1b8-93fa-4c1a-9b90-483b8ea063d1')
/
insert into KSEN_LUILUI_RELTN (OBJ_ID, VER_NBR, CREATEID, CREATETIME, UPDATEID, UPDATETIME, EFF_DT, EXPIR_DT, DESCR_FORMATTED, LUI_ID, LUILUI_RELTN_STATE, LUILUI_RELTN_TYPE, NAME, DESCR_PLAIN, RELATED_LUI_ID, ID) values ('0b6989dc-4b99-4b72-a94c-cd5687feb1c7', 0, 'admin', TIMESTAMP '2013-10-25 10:45:49.796', 'admin', TIMESTAMP '2013-10-25 10:45:49.796', TIMESTAMP '2013-10-25 10:46:06.456', '', 'CHEM242-RG-AO', 'b7de79d5-c4b2-4ea4-a82f-8e5b04cb6b63', 'kuali.lui.lui.relation.state.active', 'kuali.lui.lui.relation.type.registeredforvia.rg2ao', 'rg-ao-relation', 'CHEM242-RG-AO', '50bd29af-2a8b-49e9-8f15-7326784d82c3', 'f25138ef-d159-43d7-bc40-4f1986ba960b')
/
insert into KSEN_LUI (OBJ_ID, VER_NBR, CREATEID, CREATETIME, UPDATEID, UPDATETIME, ATP_ID, CLU_ID, EFF_DT, EXPIR_DT, DESCR_FORMATTED, LUI_STATE, LUI_TYPE, MAX_SEATS, MIN_SEATS, NAME, DESCR_PLAIN, REF_URL, ID) values ('eb0e9f24-0238-4270-83f8-7cade7d7906c', 0, 'admin', TIMESTAMP '2013-10-25 10:45:49.796', 'admin', TIMESTAMP '2013-10-25 10:45:49.796', 'kuali.atp.2011Spring', 'd925e275-370d-4d98-bbec-96fe2459a200', '', '', '1024', 'kuali.lui.registration.group.state.pending', 'kuali.lui.type.registration.group', '', '', '1024', '1024', '', 'e57a4165-d32a-485b-b7b8-0578e1b370f2')
/
insert into KSEN_LUI_ATTR (OBJ_ID, ATTR_KEY, OWNER_ID, ATTR_VALUE, ID) values ('90b1adf9-8f30-4b7f-9d44-a9395fd48c35', 'kuali.attribute.registration.group.aocluster.id', 'e57a4165-d32a-485b-b7b8-0578e1b370f2', '637bc4ca-9495-4e5e-9283-513ebc43f36c', '729c46f0-0b42-4fa7-92f3-750f2853508a')
/
insert into KSEN_LUI_ATTR (OBJ_ID, ATTR_KEY, OWNER_ID, ATTR_VALUE, ID) values ('d42072a0-9fa3-43de-b62f-88f7934393e4', 'kuali.attribute.registration.group.is.generated', 'e57a4165-d32a-485b-b7b8-0578e1b370f2', '1', 'a373fa69-f156-4969-8503-7fe273675ad2')
/
insert into KSEN_LUI_IDENT (OBJ_ID, VER_NBR, CREATEID, CREATETIME, UPDATEID, UPDATETIME, LUI_CD, DIVISION, IDENT_LEVEL, LNG_NAME, LUI_ID, ORGID, SHRT_NAME, LUI_ID_STATE, SUFX_CD, LUI_ID_TYPE, VARTN, ID) values ('69e57750-e148-4ef6-9db1-cfb689dab857', 0, 'admin', TIMESTAMP '2013-10-25 10:45:49.796', 'admin', TIMESTAMP '2013-10-25 10:45:49.796', '', '', '', '', 'e57a4165-d32a-485b-b7b8-0578e1b370f2', '', '', 'kuali.lui.identifier.state.active', '', 'kuali.lui.identifier.type.official', '', 'f905f0fa-c8c6-4937-8098-28d8a30b127b')
/
insert into KSEN_LUILUI_RELTN (OBJ_ID, VER_NBR, CREATEID, CREATETIME, UPDATEID, UPDATETIME, EFF_DT, EXPIR_DT, DESCR_FORMATTED, LUI_ID, LUILUI_RELTN_STATE, LUILUI_RELTN_TYPE, NAME, DESCR_PLAIN, RELATED_LUI_ID, ID) values ('fc5d80fc-9423-4de0-ae3a-930edacd7a31', 0, 'admin', TIMESTAMP '2013-10-25 10:45:49.796', 'admin', TIMESTAMP '2013-10-25 10:45:49.796', TIMESTAMP '2013-10-25 10:46:06.813', '', 'CHEM242-FO-RG', '3f723f1f-fb7c-4bd7-a1c8-1eb5c20d5be9', 'kuali.lui.lui.relation.state.active', 'kuali.lui.lui.relation.type.deliveredvia.fo2rg', 'fo-rg-relation', 'CHEM242-FO-RG', 'e57a4165-d32a-485b-b7b8-0578e1b370f2', '0e2bf4f4-4fa5-463b-9dc8-4627e1ec600d')
/
insert into KSEN_LUILUI_RELTN (OBJ_ID, VER_NBR, CREATEID, CREATETIME, UPDATEID, UPDATETIME, EFF_DT, EXPIR_DT, DESCR_FORMATTED, LUI_ID, LUILUI_RELTN_STATE, LUILUI_RELTN_TYPE, NAME, DESCR_PLAIN, RELATED_LUI_ID, ID) values ('568acd9a-9f6c-4cee-be99-a75d5596117f', 0, 'admin', TIMESTAMP '2013-10-25 10:45:49.796', 'admin', TIMESTAMP '2013-10-25 10:45:49.796', TIMESTAMP '2013-10-25 10:46:06.813', '', 'CHEM242-RG-AO', 'e57a4165-d32a-485b-b7b8-0578e1b370f2', 'kuali.lui.lui.relation.state.active', 'kuali.lui.lui.relation.type.registeredforvia.rg2ao', 'rg-ao-relation', 'CHEM242-RG-AO', '8dfbfa90-2932-46ac-94e8-f42128d1d054', '1ff1d415-dac6-4a5d-9262-4f638633f2e9')
/
insert into KSEN_LUILUI_RELTN (OBJ_ID, VER_NBR, CREATEID, CREATETIME, UPDATEID, UPDATETIME, EFF_DT, EXPIR_DT, DESCR_FORMATTED, LUI_ID, LUILUI_RELTN_STATE, LUILUI_RELTN_TYPE, NAME, DESCR_PLAIN, RELATED_LUI_ID, ID) values ('06907103-b7b1-497e-ae42-cddf4fa1ed5b', 0, 'admin', TIMESTAMP '2013-10-25 10:45:49.796', 'admin', TIMESTAMP '2013-10-25 10:45:49.796', TIMESTAMP '2013-10-25 10:46:06.814', '', 'CHEM242-RG-AO', 'e57a4165-d32a-485b-b7b8-0578e1b370f2', 'kuali.lui.lui.relation.state.active', 'kuali.lui.lui.relation.type.registeredforvia.rg2ao', 'rg-ao-relation', 'CHEM242-RG-AO', 'f838f5f8-506b-40ff-a206-6a619bcf7ee1', 'ec6ee537-705a-4495-8b7e-048da372288d')
/
insert into KSEN_LUI (OBJ_ID, VER_NBR, CREATEID, CREATETIME, UPDATEID, UPDATETIME, ATP_ID, CLU_ID, EFF_DT, EXPIR_DT, DESCR_FORMATTED, LUI_STATE, LUI_TYPE, MAX_SEATS, MIN_SEATS, NAME, DESCR_PLAIN, REF_URL, ID) values ('89f47f01-481b-4c5b-b69a-cffabf80bfca', 0, 'admin', TIMESTAMP '2013-10-25 10:45:49.796', 'admin', TIMESTAMP '2013-10-25 10:45:49.796', 'kuali.atp.2011Spring', 'd925e275-370d-4d98-bbec-96fe2459a200', '', '', '1025', 'kuali.lui.registration.group.state.pending', 'kuali.lui.type.registration.group', '', '', '1025', '1025', '', '8a2ae030-87bf-4db2-af96-2fb4840b217e')
/
insert into KSEN_LUI_ATTR (OBJ_ID, ATTR_KEY, OWNER_ID, ATTR_VALUE, ID) values ('03370552-cacc-42fe-a437-dd1dfa8614da', 'kuali.attribute.registration.group.aocluster.id', '8a2ae030-87bf-4db2-af96-2fb4840b217e', '637bc4ca-9495-4e5e-9283-513ebc43f36c', '0e7b90c3-dcda-442b-8d1f-4151f966267c')
/
insert into KSEN_LUI_ATTR (OBJ_ID, ATTR_KEY, OWNER_ID, ATTR_VALUE, ID) values ('9026f2e7-5881-4274-83eb-d91616bfe4f7', 'kuali.attribute.registration.group.is.generated', '8a2ae030-87bf-4db2-af96-2fb4840b217e', '1', '996f5184-7374-438e-8e1b-66b28170e8e4')
/
insert into KSEN_LUI_IDENT (OBJ_ID, VER_NBR, CREATEID, CREATETIME, UPDATEID, UPDATETIME, LUI_CD, DIVISION, IDENT_LEVEL, LNG_NAME, LUI_ID, ORGID, SHRT_NAME, LUI_ID_STATE, SUFX_CD, LUI_ID_TYPE, VARTN, ID) values ('0f8df568-9049-4fad-ad51-c98fe2cb80dc', 0, 'admin', TIMESTAMP '2013-10-25 10:45:49.796', 'admin', TIMESTAMP '2013-10-25 10:45:49.796', '', '', '', '', '8a2ae030-87bf-4db2-af96-2fb4840b217e', '', '', 'kuali.lui.identifier.state.active', '', 'kuali.lui.identifier.type.official', '', '2612724b-63cb-4ec2-9d91-569cba526efd')
/
insert into KSEN_LUILUI_RELTN (OBJ_ID, VER_NBR, CREATEID, CREATETIME, UPDATEID, UPDATETIME, EFF_DT, EXPIR_DT, DESCR_FORMATTED, LUI_ID, LUILUI_RELTN_STATE, LUILUI_RELTN_TYPE, NAME, DESCR_PLAIN, RELATED_LUI_ID, ID) values ('d5d3e557-8980-4afa-96fb-76cbd5f8805d', 0, 'admin', TIMESTAMP '2013-10-25 10:45:49.796', 'admin', TIMESTAMP '2013-10-25 10:45:49.796', TIMESTAMP '2013-10-25 10:46:07.146', '', 'CHEM242-FO-RG', '3f723f1f-fb7c-4bd7-a1c8-1eb5c20d5be9', 'kuali.lui.lui.relation.state.active', 'kuali.lui.lui.relation.type.deliveredvia.fo2rg', 'fo-rg-relation', 'CHEM242-FO-RG', '8a2ae030-87bf-4db2-af96-2fb4840b217e', '0192eb71-0c43-4732-90dc-a60108ffdb5f')
/
insert into KSEN_LUILUI_RELTN (OBJ_ID, VER_NBR, CREATEID, CREATETIME, UPDATEID, UPDATETIME, EFF_DT, EXPIR_DT, DESCR_FORMATTED, LUI_ID, LUILUI_RELTN_STATE, LUILUI_RELTN_TYPE, NAME, DESCR_PLAIN, RELATED_LUI_ID, ID) values ('c934fbbe-903f-4c2c-9bbf-73e9d724ced6', 0, 'admin', TIMESTAMP '2013-10-25 10:45:49.796', 'admin', TIMESTAMP '2013-10-25 10:45:49.796', TIMESTAMP '2013-10-25 10:46:07.147', '', 'CHEM242-RG-AO', '8a2ae030-87bf-4db2-af96-2fb4840b217e', 'kuali.lui.lui.relation.state.active', 'kuali.lui.lui.relation.type.registeredforvia.rg2ao', 'rg-ao-relation', 'CHEM242-RG-AO', '8dfbfa90-2932-46ac-94e8-f42128d1d054', 'de847ca9-441b-4bb1-b1fb-aee82ab81dcb')
/
insert into KSEN_LUILUI_RELTN (OBJ_ID, VER_NBR, CREATEID, CREATETIME, UPDATEID, UPDATETIME, EFF_DT, EXPIR_DT, DESCR_FORMATTED, LUI_ID, LUILUI_RELTN_STATE, LUILUI_RELTN_TYPE, NAME, DESCR_PLAIN, RELATED_LUI_ID, ID) values ('4f00053f-46d3-4c59-a300-ef11f2746e14', 0, 'admin', TIMESTAMP '2013-10-25 10:45:49.796', 'admin', TIMESTAMP '2013-10-25 10:45:49.796', TIMESTAMP '2013-10-25 10:46:07.147', '', 'CHEM242-RG-AO', '8a2ae030-87bf-4db2-af96-2fb4840b217e', 'kuali.lui.lui.relation.state.active', 'kuali.lui.lui.relation.type.registeredforvia.rg2ao', 'rg-ao-relation', 'CHEM242-RG-AO', 'a2493e91-d97a-4a4b-ac6e-8c21584281cb', '62f54c15-6e2e-40dd-b37f-19be7d869920')
/
insert into KSEN_LUI (OBJ_ID, VER_NBR, CREATEID, CREATETIME, UPDATEID, UPDATETIME, ATP_ID, CLU_ID, EFF_DT, EXPIR_DT, DESCR_FORMATTED, LUI_STATE, LUI_TYPE, MAX_SEATS, MIN_SEATS, NAME, DESCR_PLAIN, REF_URL, ID) values ('86f0ccd2-45e3-4f06-87b7-b186ffd4b6da', 0, 'admin', TIMESTAMP '2013-10-25 10:45:49.796', 'admin', TIMESTAMP '2013-10-25 10:45:49.796', 'kuali.atp.2011Spring', 'd925e275-370d-4d98-bbec-96fe2459a200', '', '', '1026', 'kuali.lui.registration.group.state.pending', 'kuali.lui.type.registration.group', '', '', '1026', '1026', '', '797c0a62-bebd-4e19-bba9-f250d08a5754')
/
insert into KSEN_LUI_ATTR (OBJ_ID, ATTR_KEY, OWNER_ID, ATTR_VALUE, ID) values ('2d7dc5d1-6224-457a-8d62-5796bc7988e5', 'kuali.attribute.registration.group.aocluster.id', '797c0a62-bebd-4e19-bba9-f250d08a5754', '637bc4ca-9495-4e5e-9283-513ebc43f36c', 'ecc7ea51-821f-48fb-8a23-d6cf26a5c4da')
/
insert into KSEN_LUI_ATTR (OBJ_ID, ATTR_KEY, OWNER_ID, ATTR_VALUE, ID) values ('9b4b8f76-8a32-4897-ac8b-8686ad6063c3', 'kuali.attribute.registration.group.is.generated', '797c0a62-bebd-4e19-bba9-f250d08a5754', '1', 'c044a413-0c94-4c16-a27d-5bf73c0812e7')
/
insert into KSEN_LUI_IDENT (OBJ_ID, VER_NBR, CREATEID, CREATETIME, UPDATEID, UPDATETIME, LUI_CD, DIVISION, IDENT_LEVEL, LNG_NAME, LUI_ID, ORGID, SHRT_NAME, LUI_ID_STATE, SUFX_CD, LUI_ID_TYPE, VARTN, ID) values ('d6dc41c9-62cc-47be-b08f-62765317f463', 0, 'admin', TIMESTAMP '2013-10-25 10:45:49.796', 'admin', TIMESTAMP '2013-10-25 10:45:49.796', '', '', '', '', '797c0a62-bebd-4e19-bba9-f250d08a5754', '', '', 'kuali.lui.identifier.state.active', '', 'kuali.lui.identifier.type.official', '', 'baad04c0-d8aa-41bd-9bb6-6d3661ff573d')
/
insert into KSEN_LUILUI_RELTN (OBJ_ID, VER_NBR, CREATEID, CREATETIME, UPDATEID, UPDATETIME, EFF_DT, EXPIR_DT, DESCR_FORMATTED, LUI_ID, LUILUI_RELTN_STATE, LUILUI_RELTN_TYPE, NAME, DESCR_PLAIN, RELATED_LUI_ID, ID) values ('c138bf32-051b-4d30-9dfd-a2f5d2c2628c', 0, 'admin', TIMESTAMP '2013-10-25 10:45:49.796', 'admin', TIMESTAMP '2013-10-25 10:45:49.796', TIMESTAMP '2013-10-25 10:46:07.525', '', 'CHEM242-FO-RG', '3f723f1f-fb7c-4bd7-a1c8-1eb5c20d5be9', 'kuali.lui.lui.relation.state.active', 'kuali.lui.lui.relation.type.deliveredvia.fo2rg', 'fo-rg-relation', 'CHEM242-FO-RG', '797c0a62-bebd-4e19-bba9-f250d08a5754', 'a00db38f-fea8-4c3f-83fb-bf764e16cc31')
/
insert into KSEN_LUILUI_RELTN (OBJ_ID, VER_NBR, CREATEID, CREATETIME, UPDATEID, UPDATETIME, EFF_DT, EXPIR_DT, DESCR_FORMATTED, LUI_ID, LUILUI_RELTN_STATE, LUILUI_RELTN_TYPE, NAME, DESCR_PLAIN, RELATED_LUI_ID, ID) values ('663934fa-aad2-439b-b9b1-934efa4173d3', 0, 'admin', TIMESTAMP '2013-10-25 10:45:49.796', 'admin', TIMESTAMP '2013-10-25 10:45:49.796', TIMESTAMP '2013-10-25 10:46:07.525', '', 'CHEM242-RG-AO', '797c0a62-bebd-4e19-bba9-f250d08a5754', 'kuali.lui.lui.relation.state.active', 'kuali.lui.lui.relation.type.registeredforvia.rg2ao', 'rg-ao-relation', 'CHEM242-RG-AO', '8dfbfa90-2932-46ac-94e8-f42128d1d054', '463d825f-cb53-47da-8a31-ef977c19370e')
/
insert into KSEN_LUILUI_RELTN (OBJ_ID, VER_NBR, CREATEID, CREATETIME, UPDATEID, UPDATETIME, EFF_DT, EXPIR_DT, DESCR_FORMATTED, LUI_ID, LUILUI_RELTN_STATE, LUILUI_RELTN_TYPE, NAME, DESCR_PLAIN, RELATED_LUI_ID, ID) values ('6625c8c9-15e0-4cfe-8ed9-78345939cc82', 0, 'admin', TIMESTAMP '2013-10-25 10:45:49.796', 'admin', TIMESTAMP '2013-10-25 10:45:49.796', TIMESTAMP '2013-10-25 10:46:07.526', '', 'CHEM242-RG-AO', '797c0a62-bebd-4e19-bba9-f250d08a5754', 'kuali.lui.lui.relation.state.active', 'kuali.lui.lui.relation.type.registeredforvia.rg2ao', 'rg-ao-relation', 'CHEM242-RG-AO', '4690a2cc-1987-48e8-b941-f8a9ce0c4a24', 'c51caaa0-9ca1-4b89-bbfe-c2d2ff77c802')
/
insert into KSEN_LUI (OBJ_ID, VER_NBR, CREATEID, CREATETIME, UPDATEID, UPDATETIME, ATP_ID, CLU_ID, EFF_DT, EXPIR_DT, DESCR_FORMATTED, LUI_STATE, LUI_TYPE, MAX_SEATS, MIN_SEATS, NAME, DESCR_PLAIN, REF_URL, ID) values ('f0226d75-f2c3-4b1f-bd0e-7603b78b4bac', 0, 'admin', TIMESTAMP '2013-10-25 10:45:49.796', 'admin', TIMESTAMP '2013-10-25 10:45:49.796', 'kuali.atp.2011Spring', 'd925e275-370d-4d98-bbec-96fe2459a200', '', '', '1027', 'kuali.lui.registration.group.state.pending', 'kuali.lui.type.registration.group', '', '', '1027', '1027', '', 'f3dfe2ca-44b7-4954-9e10-d5bddd06d1f1')
/
insert into KSEN_LUI_ATTR (OBJ_ID, ATTR_KEY, OWNER_ID, ATTR_VALUE, ID) values ('71e8803a-189a-41a0-b1ac-76b32d0afaa3', 'kuali.attribute.registration.group.aocluster.id', 'f3dfe2ca-44b7-4954-9e10-d5bddd06d1f1', '637bc4ca-9495-4e5e-9283-513ebc43f36c', '65006b4a-acd3-4e22-adf6-4dd4e84e1ddf')
/
insert into KSEN_LUI_ATTR (OBJ_ID, ATTR_KEY, OWNER_ID, ATTR_VALUE, ID) values ('ccf0902b-179c-4666-bee6-7335c7e49262', 'kuali.attribute.registration.group.is.generated', 'f3dfe2ca-44b7-4954-9e10-d5bddd06d1f1', '1', '6c9a41d4-61c6-46d8-a85c-5de4ccb99ca5')
/
insert into KSEN_LUI_IDENT (OBJ_ID, VER_NBR, CREATEID, CREATETIME, UPDATEID, UPDATETIME, LUI_CD, DIVISION, IDENT_LEVEL, LNG_NAME, LUI_ID, ORGID, SHRT_NAME, LUI_ID_STATE, SUFX_CD, LUI_ID_TYPE, VARTN, ID) values ('e3c88c02-06d9-4d3b-9983-bfe4e09fc3a7', 0, 'admin', TIMESTAMP '2013-10-25 10:45:49.796', 'admin', TIMESTAMP '2013-10-25 10:45:49.796', '', '', '', '', 'f3dfe2ca-44b7-4954-9e10-d5bddd06d1f1', '', '', 'kuali.lui.identifier.state.active', '', 'kuali.lui.identifier.type.official', '', '87412776-f595-4180-a72e-c26ab49781b4')
/
insert into KSEN_LUILUI_RELTN (OBJ_ID, VER_NBR, CREATEID, CREATETIME, UPDATEID, UPDATETIME, EFF_DT, EXPIR_DT, DESCR_FORMATTED, LUI_ID, LUILUI_RELTN_STATE, LUILUI_RELTN_TYPE, NAME, DESCR_PLAIN, RELATED_LUI_ID, ID) values ('aae0a723-9fa1-42b4-8b48-f9ccb0a66da8', 0, 'admin', TIMESTAMP '2013-10-25 10:45:49.796', 'admin', TIMESTAMP '2013-10-25 10:45:49.796', TIMESTAMP '2013-10-25 10:46:07.875', '', 'CHEM242-FO-RG', '3f723f1f-fb7c-4bd7-a1c8-1eb5c20d5be9', 'kuali.lui.lui.relation.state.active', 'kuali.lui.lui.relation.type.deliveredvia.fo2rg', 'fo-rg-relation', 'CHEM242-FO-RG', 'f3dfe2ca-44b7-4954-9e10-d5bddd06d1f1', '298636ed-31c1-406a-b58c-bdc2d1df3286')
/
insert into KSEN_LUILUI_RELTN (OBJ_ID, VER_NBR, CREATEID, CREATETIME, UPDATEID, UPDATETIME, EFF_DT, EXPIR_DT, DESCR_FORMATTED, LUI_ID, LUILUI_RELTN_STATE, LUILUI_RELTN_TYPE, NAME, DESCR_PLAIN, RELATED_LUI_ID, ID) values ('24bbb485-fb8f-4378-b459-2b17a097da0a', 0, 'admin', TIMESTAMP '2013-10-25 10:45:49.796', 'admin', TIMESTAMP '2013-10-25 10:45:49.796', TIMESTAMP '2013-10-25 10:46:07.876', '', 'CHEM242-RG-AO', 'f3dfe2ca-44b7-4954-9e10-d5bddd06d1f1', 'kuali.lui.lui.relation.state.active', 'kuali.lui.lui.relation.type.registeredforvia.rg2ao', 'rg-ao-relation', 'CHEM242-RG-AO', '8dfbfa90-2932-46ac-94e8-f42128d1d054', '99290133-bd4a-4369-8182-868f730883ba')
/
insert into KSEN_LUILUI_RELTN (OBJ_ID, VER_NBR, CREATEID, CREATETIME, UPDATEID, UPDATETIME, EFF_DT, EXPIR_DT, DESCR_FORMATTED, LUI_ID, LUILUI_RELTN_STATE, LUILUI_RELTN_TYPE, NAME, DESCR_PLAIN, RELATED_LUI_ID, ID) values ('faa14823-39d7-420f-a202-e384a984b341', 0, 'admin', TIMESTAMP '2013-10-25 10:45:49.796', 'admin', TIMESTAMP '2013-10-25 10:45:49.796', TIMESTAMP '2013-10-25 10:46:07.876', '', 'CHEM242-RG-AO', 'f3dfe2ca-44b7-4954-9e10-d5bddd06d1f1', 'kuali.lui.lui.relation.state.active', 'kuali.lui.lui.relation.type.registeredforvia.rg2ao', 'rg-ao-relation', 'CHEM242-RG-AO', 'bd8808d9-7c9e-4fe9-9573-be42679dfe6f', 'd00e7715-6c4a-436c-8448-d6f47e69a2a7')
/
insert into KSEN_LUI (OBJ_ID, VER_NBR, CREATEID, CREATETIME, UPDATEID, UPDATETIME, ATP_ID, CLU_ID, EFF_DT, EXPIR_DT, DESCR_FORMATTED, LUI_STATE, LUI_TYPE, MAX_SEATS, MIN_SEATS, NAME, DESCR_PLAIN, REF_URL, ID) values ('1dad7792-a57b-47cc-beca-f10dc5ad229c', 0, 'admin', TIMESTAMP '2013-10-25 10:45:49.796', 'admin', TIMESTAMP '2013-10-25 10:45:49.796', 'kuali.atp.2011Spring', 'd925e275-370d-4d98-bbec-96fe2459a200', '', '', '1028', 'kuali.lui.registration.group.state.pending', 'kuali.lui.type.registration.group', '', '', '1028', '1028', '', '71c48860-7487-4293-b079-ccf29b3296d9')
/
insert into KSEN_LUI_ATTR (OBJ_ID, ATTR_KEY, OWNER_ID, ATTR_VALUE, ID) values ('806d701b-e18a-48a5-99c1-bca0ba3da83b', 'kuali.attribute.registration.group.aocluster.id', '71c48860-7487-4293-b079-ccf29b3296d9', '637bc4ca-9495-4e5e-9283-513ebc43f36c', 'fd395ca2-fac5-443d-bd65-dc94e8f3d120')
/
insert into KSEN_LUI_ATTR (OBJ_ID, ATTR_KEY, OWNER_ID, ATTR_VALUE, ID) values ('db72da38-f55a-4b77-95db-7d1d97738941', 'kuali.attribute.registration.group.is.generated', '71c48860-7487-4293-b079-ccf29b3296d9', '1', '73154f3d-8016-4903-9054-8ee64b7df86e')
/
insert into KSEN_LUI_IDENT (OBJ_ID, VER_NBR, CREATEID, CREATETIME, UPDATEID, UPDATETIME, LUI_CD, DIVISION, IDENT_LEVEL, LNG_NAME, LUI_ID, ORGID, SHRT_NAME, LUI_ID_STATE, SUFX_CD, LUI_ID_TYPE, VARTN, ID) values ('4e72206c-aebd-4f24-b26f-45752985665b', 0, 'admin', TIMESTAMP '2013-10-25 10:45:49.796', 'admin', TIMESTAMP '2013-10-25 10:45:49.796', '', '', '', '', '71c48860-7487-4293-b079-ccf29b3296d9', '', '', 'kuali.lui.identifier.state.active', '', 'kuali.lui.identifier.type.official', '', '8f62b6e2-0ce4-4ce4-9d97-d48f40a24a4b')
/
insert into KSEN_LUILUI_RELTN (OBJ_ID, VER_NBR, CREATEID, CREATETIME, UPDATEID, UPDATETIME, EFF_DT, EXPIR_DT, DESCR_FORMATTED, LUI_ID, LUILUI_RELTN_STATE, LUILUI_RELTN_TYPE, NAME, DESCR_PLAIN, RELATED_LUI_ID, ID) values ('78e9051b-eb5a-46ee-94aa-7bfca523b8c9', 0, 'admin', TIMESTAMP '2013-10-25 10:45:49.796', 'admin', TIMESTAMP '2013-10-25 10:45:49.796', TIMESTAMP '2013-10-25 10:46:08.201', '', 'CHEM242-FO-RG', '3f723f1f-fb7c-4bd7-a1c8-1eb5c20d5be9', 'kuali.lui.lui.relation.state.active', 'kuali.lui.lui.relation.type.deliveredvia.fo2rg', 'fo-rg-relation', 'CHEM242-FO-RG', '71c48860-7487-4293-b079-ccf29b3296d9', '1ba730c2-0a5f-432c-a5bb-28b22c3f7db5')
/
insert into KSEN_LUILUI_RELTN (OBJ_ID, VER_NBR, CREATEID, CREATETIME, UPDATEID, UPDATETIME, EFF_DT, EXPIR_DT, DESCR_FORMATTED, LUI_ID, LUILUI_RELTN_STATE, LUILUI_RELTN_TYPE, NAME, DESCR_PLAIN, RELATED_LUI_ID, ID) values ('bcde381d-d275-4d93-8334-e39ccde09b84', 0, 'admin', TIMESTAMP '2013-10-25 10:45:49.796', 'admin', TIMESTAMP '2013-10-25 10:45:49.796', TIMESTAMP '2013-10-25 10:46:08.202', '', 'CHEM242-RG-AO', '71c48860-7487-4293-b079-ccf29b3296d9', 'kuali.lui.lui.relation.state.active', 'kuali.lui.lui.relation.type.registeredforvia.rg2ao', 'rg-ao-relation', 'CHEM242-RG-AO', '8dfbfa90-2932-46ac-94e8-f42128d1d054', 'f2849e1f-bc50-4305-b748-ee11ef07c16f')
/
insert into KSEN_LUILUI_RELTN (OBJ_ID, VER_NBR, CREATEID, CREATETIME, UPDATEID, UPDATETIME, EFF_DT, EXPIR_DT, DESCR_FORMATTED, LUI_ID, LUILUI_RELTN_STATE, LUILUI_RELTN_TYPE, NAME, DESCR_PLAIN, RELATED_LUI_ID, ID) values ('3e6ebe2a-aea3-4b77-897e-7b756a8e0584', 0, 'admin', TIMESTAMP '2013-10-25 10:45:49.796', 'admin', TIMESTAMP '2013-10-25 10:45:49.796', TIMESTAMP '2013-10-25 10:46:08.202', '', 'CHEM242-RG-AO', '71c48860-7487-4293-b079-ccf29b3296d9', 'kuali.lui.lui.relation.state.active', 'kuali.lui.lui.relation.type.registeredforvia.rg2ao', 'rg-ao-relation', 'CHEM242-RG-AO', 'c93fc3c7-51fc-4a06-8e2d-219a7be4e890', 'b4f2956d-d6f7-4752-b0bf-b1134e921190')
/
insert into KSEN_LUI (OBJ_ID, VER_NBR, CREATEID, CREATETIME, UPDATEID, UPDATETIME, ATP_ID, CLU_ID, EFF_DT, EXPIR_DT, DESCR_FORMATTED, LUI_STATE, LUI_TYPE, MAX_SEATS, MIN_SEATS, NAME, DESCR_PLAIN, REF_URL, ID) values ('20b745ee-40da-40fa-bd96-975a77595156', 0, 'admin', TIMESTAMP '2013-10-25 10:45:49.796', 'admin', TIMESTAMP '2013-10-25 10:45:49.796', 'kuali.atp.2011Spring', 'd925e275-370d-4d98-bbec-96fe2459a200', '', '', '1029', 'kuali.lui.registration.group.state.pending', 'kuali.lui.type.registration.group', '', '', '1029', '1029', '', '1fceebda-657d-4d80-a8c2-e19fee7fef65')
/
insert into KSEN_LUI_ATTR (OBJ_ID, ATTR_KEY, OWNER_ID, ATTR_VALUE, ID) values ('6b79e81f-59b9-45cd-a0ea-d49f0a5d8897', 'kuali.attribute.registration.group.is.generated', '1fceebda-657d-4d80-a8c2-e19fee7fef65', '1', '6af1608e-4eac-4fc5-9c52-28e6a7d951e8')
/
insert into KSEN_LUI_ATTR (OBJ_ID, ATTR_KEY, OWNER_ID, ATTR_VALUE, ID) values ('d6a45bc7-9fda-49f3-9e17-f20cb41c9843', 'kuali.attribute.registration.group.aocluster.id', '1fceebda-657d-4d80-a8c2-e19fee7fef65', '637bc4ca-9495-4e5e-9283-513ebc43f36c', 'f16224e9-5cb7-466e-86d2-e9ddf3ac9a43')
/
insert into KSEN_LUI_IDENT (OBJ_ID, VER_NBR, CREATEID, CREATETIME, UPDATEID, UPDATETIME, LUI_CD, DIVISION, IDENT_LEVEL, LNG_NAME, LUI_ID, ORGID, SHRT_NAME, LUI_ID_STATE, SUFX_CD, LUI_ID_TYPE, VARTN, ID) values ('7740b50d-ebcc-40c8-8bc2-260a8010a803', 0, 'admin', TIMESTAMP '2013-10-25 10:45:49.796', 'admin', TIMESTAMP '2013-10-25 10:45:49.796', '', '', '', '', '1fceebda-657d-4d80-a8c2-e19fee7fef65', '', '', 'kuali.lui.identifier.state.active', '', 'kuali.lui.identifier.type.official', '', 'df12bd9f-8d94-429d-b2b8-b5bcd6987fd0')
/
insert into KSEN_LUILUI_RELTN (OBJ_ID, VER_NBR, CREATEID, CREATETIME, UPDATEID, UPDATETIME, EFF_DT, EXPIR_DT, DESCR_FORMATTED, LUI_ID, LUILUI_RELTN_STATE, LUILUI_RELTN_TYPE, NAME, DESCR_PLAIN, RELATED_LUI_ID, ID) values ('27225a11-9f99-4646-8fb0-8f4730b4e91a', 0, 'admin', TIMESTAMP '2013-10-25 10:45:49.796', 'admin', TIMESTAMP '2013-10-25 10:45:49.796', TIMESTAMP '2013-10-25 10:46:08.528', '', 'CHEM242-FO-RG', '3f723f1f-fb7c-4bd7-a1c8-1eb5c20d5be9', 'kuali.lui.lui.relation.state.active', 'kuali.lui.lui.relation.type.deliveredvia.fo2rg', 'fo-rg-relation', 'CHEM242-FO-RG', '1fceebda-657d-4d80-a8c2-e19fee7fef65', '621e3b9c-1cee-41f0-96ca-4d67e48d231f')
/
insert into KSEN_LUILUI_RELTN (OBJ_ID, VER_NBR, CREATEID, CREATETIME, UPDATEID, UPDATETIME, EFF_DT, EXPIR_DT, DESCR_FORMATTED, LUI_ID, LUILUI_RELTN_STATE, LUILUI_RELTN_TYPE, NAME, DESCR_PLAIN, RELATED_LUI_ID, ID) values ('96bbc4a7-3104-4b1f-be0d-68eb2d3584dd', 0, 'admin', TIMESTAMP '2013-10-25 10:45:49.796', 'admin', TIMESTAMP '2013-10-25 10:45:49.796', TIMESTAMP '2013-10-25 10:46:08.529', '', 'CHEM242-RG-AO', '1fceebda-657d-4d80-a8c2-e19fee7fef65', 'kuali.lui.lui.relation.state.active', 'kuali.lui.lui.relation.type.registeredforvia.rg2ao', 'rg-ao-relation', 'CHEM242-RG-AO', '8dfbfa90-2932-46ac-94e8-f42128d1d054', 'c13eade3-059e-482c-a6c4-503d7e816234')
/
insert into KSEN_LUILUI_RELTN (OBJ_ID, VER_NBR, CREATEID, CREATETIME, UPDATEID, UPDATETIME, EFF_DT, EXPIR_DT, DESCR_FORMATTED, LUI_ID, LUILUI_RELTN_STATE, LUILUI_RELTN_TYPE, NAME, DESCR_PLAIN, RELATED_LUI_ID, ID) values ('c67ea71f-fa30-4d09-9f9f-cf25b7110771', 0, 'admin', TIMESTAMP '2013-10-25 10:45:49.796', 'admin', TIMESTAMP '2013-10-25 10:45:49.796', TIMESTAMP '2013-10-25 10:46:08.529', '', 'CHEM242-RG-AO', '1fceebda-657d-4d80-a8c2-e19fee7fef65', 'kuali.lui.lui.relation.state.active', 'kuali.lui.lui.relation.type.registeredforvia.rg2ao', 'rg-ao-relation', 'CHEM242-RG-AO', '5aa3a653-2c7b-4d93-b5e8-0cdef52661e3', '90d1ff7a-7466-457b-af3a-24682840164b')
/
insert into KSEN_LUI (OBJ_ID, VER_NBR, CREATEID, CREATETIME, UPDATEID, UPDATETIME, ATP_ID, CLU_ID, EFF_DT, EXPIR_DT, DESCR_FORMATTED, LUI_STATE, LUI_TYPE, MAX_SEATS, MIN_SEATS, NAME, DESCR_PLAIN, REF_URL, ID) values ('481e196b-95ed-48e6-a723-50c23891fffc', 0, 'admin', TIMESTAMP '2013-10-25 10:45:49.796', 'admin', TIMESTAMP '2013-10-25 10:45:49.796', 'kuali.atp.2011Spring', 'd925e275-370d-4d98-bbec-96fe2459a200', '', '', '1030', 'kuali.lui.registration.group.state.pending', 'kuali.lui.type.registration.group', '', '', '1030', '1030', '', '93d339bd-9c95-44d1-8adb-2b6058734316')
/
insert into KSEN_LUI_ATTR (OBJ_ID, ATTR_KEY, OWNER_ID, ATTR_VALUE, ID) values ('05a48aec-3025-47ea-89cf-7857b7439d5c', 'kuali.attribute.registration.group.aocluster.id', '93d339bd-9c95-44d1-8adb-2b6058734316', '637bc4ca-9495-4e5e-9283-513ebc43f36c', '5edbe7a5-631a-4436-aff2-b3995dbd020f')
/
insert into KSEN_LUI_ATTR (OBJ_ID, ATTR_KEY, OWNER_ID, ATTR_VALUE, ID) values ('2bd717f5-c863-4e1d-bddc-b01680aac785', 'kuali.attribute.registration.group.is.generated', '93d339bd-9c95-44d1-8adb-2b6058734316', '1', '2aa62c2c-295f-4fd6-b1dc-ca97e3957384')
/
insert into KSEN_LUI_IDENT (OBJ_ID, VER_NBR, CREATEID, CREATETIME, UPDATEID, UPDATETIME, LUI_CD, DIVISION, IDENT_LEVEL, LNG_NAME, LUI_ID, ORGID, SHRT_NAME, LUI_ID_STATE, SUFX_CD, LUI_ID_TYPE, VARTN, ID) values ('c2fc891f-ae79-400a-b6ff-ae212f81736f', 0, 'admin', TIMESTAMP '2013-10-25 10:45:49.796', 'admin', TIMESTAMP '2013-10-25 10:45:49.796', '', '', '', '', '93d339bd-9c95-44d1-8adb-2b6058734316', '', '', 'kuali.lui.identifier.state.active', '', 'kuali.lui.identifier.type.official', '', '808ee403-c540-42dd-841c-f3e4c29aec52')
/
insert into KSEN_LUILUI_RELTN (OBJ_ID, VER_NBR, CREATEID, CREATETIME, UPDATEID, UPDATETIME, EFF_DT, EXPIR_DT, DESCR_FORMATTED, LUI_ID, LUILUI_RELTN_STATE, LUILUI_RELTN_TYPE, NAME, DESCR_PLAIN, RELATED_LUI_ID, ID) values ('d5d4362e-9ee7-4977-83b7-00d755f5016e', 0, 'admin', TIMESTAMP '2013-10-25 10:45:49.796', 'admin', TIMESTAMP '2013-10-25 10:45:49.796', TIMESTAMP '2013-10-25 10:46:08.899', '', 'CHEM242-FO-RG', '3f723f1f-fb7c-4bd7-a1c8-1eb5c20d5be9', 'kuali.lui.lui.relation.state.active', 'kuali.lui.lui.relation.type.deliveredvia.fo2rg', 'fo-rg-relation', 'CHEM242-FO-RG', '93d339bd-9c95-44d1-8adb-2b6058734316', '8f7ed180-1cca-467e-ab32-19082067efa3')
/
insert into KSEN_LUILUI_RELTN (OBJ_ID, VER_NBR, CREATEID, CREATETIME, UPDATEID, UPDATETIME, EFF_DT, EXPIR_DT, DESCR_FORMATTED, LUI_ID, LUILUI_RELTN_STATE, LUILUI_RELTN_TYPE, NAME, DESCR_PLAIN, RELATED_LUI_ID, ID) values ('13dc5bf6-74e4-4e61-82a5-f04785f01122', 0, 'admin', TIMESTAMP '2013-10-25 10:45:49.796', 'admin', TIMESTAMP '2013-10-25 10:45:49.796', TIMESTAMP '2013-10-25 10:46:08.899', '', 'CHEM242-RG-AO', '93d339bd-9c95-44d1-8adb-2b6058734316', 'kuali.lui.lui.relation.state.active', 'kuali.lui.lui.relation.type.registeredforvia.rg2ao', 'rg-ao-relation', 'CHEM242-RG-AO', '8dfbfa90-2932-46ac-94e8-f42128d1d054', '27103811-1e4d-46d6-bd35-5144a6f6d52d')
/
insert into KSEN_LUILUI_RELTN (OBJ_ID, VER_NBR, CREATEID, CREATETIME, UPDATEID, UPDATETIME, EFF_DT, EXPIR_DT, DESCR_FORMATTED, LUI_ID, LUILUI_RELTN_STATE, LUILUI_RELTN_TYPE, NAME, DESCR_PLAIN, RELATED_LUI_ID, ID) values ('a548ac3c-5d36-48ad-931b-23e9239b0c53', 0, 'admin', TIMESTAMP '2013-10-25 10:45:49.796', 'admin', TIMESTAMP '2013-10-25 10:45:49.796', TIMESTAMP '2013-10-25 10:46:08.9', '', 'CHEM242-RG-AO', '93d339bd-9c95-44d1-8adb-2b6058734316', 'kuali.lui.lui.relation.state.active', 'kuali.lui.lui.relation.type.registeredforvia.rg2ao', 'rg-ao-relation', 'CHEM242-RG-AO', '4a05b81c-791f-4007-8ce8-90e360fe68d8', '130ab6ce-031e-4a3a-b21c-954bad621e3d')
/
insert into KSEN_LUI (OBJ_ID, VER_NBR, CREATEID, CREATETIME, UPDATEID, UPDATETIME, ATP_ID, CLU_ID, EFF_DT, EXPIR_DT, DESCR_FORMATTED, LUI_STATE, LUI_TYPE, MAX_SEATS, MIN_SEATS, NAME, DESCR_PLAIN, REF_URL, ID) values ('8139bafd-1dd4-4759-b958-b42644ac0ccd', 0, 'admin', TIMESTAMP '2013-10-25 10:45:49.796', 'admin', TIMESTAMP '2013-10-25 10:45:49.796', 'kuali.atp.2011Spring', 'd925e275-370d-4d98-bbec-96fe2459a200', '', '', '1031', 'kuali.lui.registration.group.state.pending', 'kuali.lui.type.registration.group', '', '', '1031', '1031', '', '6a3d56da-12f0-40f7-b97b-69ac4fb2978e')
/
insert into KSEN_LUI_ATTR (OBJ_ID, ATTR_KEY, OWNER_ID, ATTR_VALUE, ID) values ('f4500be3-fe64-4e04-a9a6-d23d5a791bd4', 'kuali.attribute.registration.group.aocluster.id', '6a3d56da-12f0-40f7-b97b-69ac4fb2978e', '637bc4ca-9495-4e5e-9283-513ebc43f36c', '3064201a-f485-4504-ac78-1670979a28dd')
/
insert into KSEN_LUI_ATTR (OBJ_ID, ATTR_KEY, OWNER_ID, ATTR_VALUE, ID) values ('3fcfa2c6-8107-4a26-b5a2-fee52378dfd5', 'kuali.attribute.registration.group.is.generated', '6a3d56da-12f0-40f7-b97b-69ac4fb2978e', '1', '908b37e3-013f-4a9e-869f-581ca99a60d4')
/
insert into KSEN_LUI_IDENT (OBJ_ID, VER_NBR, CREATEID, CREATETIME, UPDATEID, UPDATETIME, LUI_CD, DIVISION, IDENT_LEVEL, LNG_NAME, LUI_ID, ORGID, SHRT_NAME, LUI_ID_STATE, SUFX_CD, LUI_ID_TYPE, VARTN, ID) values ('79a02918-bc34-4021-b063-83aa5f80046e', 0, 'admin', TIMESTAMP '2013-10-25 10:45:49.796', 'admin', TIMESTAMP '2013-10-25 10:45:49.796', '', '', '', '', '6a3d56da-12f0-40f7-b97b-69ac4fb2978e', '', '', 'kuali.lui.identifier.state.active', '', 'kuali.lui.identifier.type.official', '', 'c56b7b79-cabf-4dce-bf98-c8093f23a8c9')
/
insert into KSEN_LUILUI_RELTN (OBJ_ID, VER_NBR, CREATEID, CREATETIME, UPDATEID, UPDATETIME, EFF_DT, EXPIR_DT, DESCR_FORMATTED, LUI_ID, LUILUI_RELTN_STATE, LUILUI_RELTN_TYPE, NAME, DESCR_PLAIN, RELATED_LUI_ID, ID) values ('889486f6-ae67-4cf1-868d-75a5ad59ffb6', 0, 'admin', TIMESTAMP '2013-10-25 10:45:49.796', 'admin', TIMESTAMP '2013-10-25 10:45:49.796', TIMESTAMP '2013-10-25 10:46:09.26', '', 'CHEM242-FO-RG', '3f723f1f-fb7c-4bd7-a1c8-1eb5c20d5be9', 'kuali.lui.lui.relation.state.active', 'kuali.lui.lui.relation.type.deliveredvia.fo2rg', 'fo-rg-relation', 'CHEM242-FO-RG', '6a3d56da-12f0-40f7-b97b-69ac4fb2978e', 'fb784f69-1c91-42d2-9b91-31398364db2a')
/
insert into KSEN_LUILUI_RELTN (OBJ_ID, VER_NBR, CREATEID, CREATETIME, UPDATEID, UPDATETIME, EFF_DT, EXPIR_DT, DESCR_FORMATTED, LUI_ID, LUILUI_RELTN_STATE, LUILUI_RELTN_TYPE, NAME, DESCR_PLAIN, RELATED_LUI_ID, ID) values ('00ac7dc5-fc9e-4599-827c-25ebe73f4ba7', 0, 'admin', TIMESTAMP '2013-10-25 10:45:49.796', 'admin', TIMESTAMP '2013-10-25 10:45:49.796', TIMESTAMP '2013-10-25 10:46:09.261', '', 'CHEM242-RG-AO', '6a3d56da-12f0-40f7-b97b-69ac4fb2978e', 'kuali.lui.lui.relation.state.active', 'kuali.lui.lui.relation.type.registeredforvia.rg2ao', 'rg-ao-relation', 'CHEM242-RG-AO', '8dfbfa90-2932-46ac-94e8-f42128d1d054', '665693fc-ec6c-4f30-99fe-34ce08289312')
/
insert into KSEN_LUILUI_RELTN (OBJ_ID, VER_NBR, CREATEID, CREATETIME, UPDATEID, UPDATETIME, EFF_DT, EXPIR_DT, DESCR_FORMATTED, LUI_ID, LUILUI_RELTN_STATE, LUILUI_RELTN_TYPE, NAME, DESCR_PLAIN, RELATED_LUI_ID, ID) values ('28ef799a-4d38-476d-b8cd-ed96b82a1bff', 0, 'admin', TIMESTAMP '2013-10-25 10:45:49.796', 'admin', TIMESTAMP '2013-10-25 10:45:49.796', TIMESTAMP '2013-10-25 10:46:09.261', '', 'CHEM242-RG-AO', '6a3d56da-12f0-40f7-b97b-69ac4fb2978e', 'kuali.lui.lui.relation.state.active', 'kuali.lui.lui.relation.type.registeredforvia.rg2ao', 'rg-ao-relation', 'CHEM242-RG-AO', '307f7510-0c90-4f2c-a396-2d1b6024a907', '9871b963-bfd8-45aa-8247-58ed40c77576')
/
insert into KSEN_LUI (OBJ_ID, VER_NBR, CREATEID, CREATETIME, UPDATEID, UPDATETIME, ATP_ID, CLU_ID, EFF_DT, EXPIR_DT, DESCR_FORMATTED, LUI_STATE, LUI_TYPE, MAX_SEATS, MIN_SEATS, NAME, DESCR_PLAIN, REF_URL, ID) values ('2078c301-8e3e-498c-8c04-65802003c39a', 0, 'admin', TIMESTAMP '2013-10-25 10:45:49.796', 'admin', TIMESTAMP '2013-10-25 10:45:49.796', 'kuali.atp.2011Spring', 'd925e275-370d-4d98-bbec-96fe2459a200', '', '', '1032', 'kuali.lui.registration.group.state.pending', 'kuali.lui.type.registration.group', '', '', '1032', '1032', '', '915c123a-f943-4556-9b34-4ae671b875ec')
/
insert into KSEN_LUI_ATTR (OBJ_ID, ATTR_KEY, OWNER_ID, ATTR_VALUE, ID) values ('56392317-8364-482f-99fc-bc68d331d495', 'kuali.attribute.registration.group.aocluster.id', '915c123a-f943-4556-9b34-4ae671b875ec', '637bc4ca-9495-4e5e-9283-513ebc43f36c', '09c6e7c2-c5fe-4cf2-a527-282973911dff')
/
insert into KSEN_LUI_ATTR (OBJ_ID, ATTR_KEY, OWNER_ID, ATTR_VALUE, ID) values ('6029329f-0eda-4d55-ab42-b91b23de49b6', 'kuali.attribute.registration.group.is.generated', '915c123a-f943-4556-9b34-4ae671b875ec', '1', 'a4d9c342-2c4e-45af-98d6-53e08c26d2fa')
/
insert into KSEN_LUI_IDENT (OBJ_ID, VER_NBR, CREATEID, CREATETIME, UPDATEID, UPDATETIME, LUI_CD, DIVISION, IDENT_LEVEL, LNG_NAME, LUI_ID, ORGID, SHRT_NAME, LUI_ID_STATE, SUFX_CD, LUI_ID_TYPE, VARTN, ID) values ('e05371f5-e85e-4a6f-8f50-d5e5b8852349', 0, 'admin', TIMESTAMP '2013-10-25 10:45:49.796', 'admin', TIMESTAMP '2013-10-25 10:45:49.796', '', '', '', '', '915c123a-f943-4556-9b34-4ae671b875ec', '', '', 'kuali.lui.identifier.state.active', '', 'kuali.lui.identifier.type.official', '', 'b6eec954-93eb-45d8-85d4-91237006f59c')
/
insert into KSEN_LUILUI_RELTN (OBJ_ID, VER_NBR, CREATEID, CREATETIME, UPDATEID, UPDATETIME, EFF_DT, EXPIR_DT, DESCR_FORMATTED, LUI_ID, LUILUI_RELTN_STATE, LUILUI_RELTN_TYPE, NAME, DESCR_PLAIN, RELATED_LUI_ID, ID) values ('e0cbed1c-ed47-4cc4-acd2-eff5edf366ca', 0, 'admin', TIMESTAMP '2013-10-25 10:45:49.796', 'admin', TIMESTAMP '2013-10-25 10:45:49.796', TIMESTAMP '2013-10-25 10:46:09.659', '', 'CHEM242-FO-RG', '3f723f1f-fb7c-4bd7-a1c8-1eb5c20d5be9', 'kuali.lui.lui.relation.state.active', 'kuali.lui.lui.relation.type.deliveredvia.fo2rg', 'fo-rg-relation', 'CHEM242-FO-RG', '915c123a-f943-4556-9b34-4ae671b875ec', '228a4172-fe7d-4e1e-a3ad-cd4b1fd84cfc')
/
insert into KSEN_LUILUI_RELTN (OBJ_ID, VER_NBR, CREATEID, CREATETIME, UPDATEID, UPDATETIME, EFF_DT, EXPIR_DT, DESCR_FORMATTED, LUI_ID, LUILUI_RELTN_STATE, LUILUI_RELTN_TYPE, NAME, DESCR_PLAIN, RELATED_LUI_ID, ID) values ('cf3c7ca4-9866-48c5-be3a-de3fdc2e81d1', 0, 'admin', TIMESTAMP '2013-10-25 10:45:49.796', 'admin', TIMESTAMP '2013-10-25 10:45:49.796', TIMESTAMP '2013-10-25 10:46:09.659', '', 'CHEM242-RG-AO', '915c123a-f943-4556-9b34-4ae671b875ec', 'kuali.lui.lui.relation.state.active', 'kuali.lui.lui.relation.type.registeredforvia.rg2ao', 'rg-ao-relation', 'CHEM242-RG-AO', '8dfbfa90-2932-46ac-94e8-f42128d1d054', 'f5c83e72-1ad9-41a0-a69d-11998c48a530')
/
insert into KSEN_LUILUI_RELTN (OBJ_ID, VER_NBR, CREATEID, CREATETIME, UPDATEID, UPDATETIME, EFF_DT, EXPIR_DT, DESCR_FORMATTED, LUI_ID, LUILUI_RELTN_STATE, LUILUI_RELTN_TYPE, NAME, DESCR_PLAIN, RELATED_LUI_ID, ID) values ('80ef8cd4-fdfb-4ee3-970e-4b62e9ea07d1', 0, 'admin', TIMESTAMP '2013-10-25 10:45:49.796', 'admin', TIMESTAMP '2013-10-25 10:45:49.796', TIMESTAMP '2013-10-25 10:46:09.66', '', 'CHEM242-RG-AO', '915c123a-f943-4556-9b34-4ae671b875ec', 'kuali.lui.lui.relation.state.active', 'kuali.lui.lui.relation.type.registeredforvia.rg2ao', 'rg-ao-relation', 'CHEM242-RG-AO', 'e34c3f13-a96d-4a63-8a7c-d8f2ae8b26be', '1445eed3-8d56-4c95-a16b-a853aa60675c')
/
insert into KSEN_LUI (OBJ_ID, VER_NBR, CREATEID, CREATETIME, UPDATEID, UPDATETIME, ATP_ID, CLU_ID, EFF_DT, EXPIR_DT, DESCR_FORMATTED, LUI_STATE, LUI_TYPE, MAX_SEATS, MIN_SEATS, NAME, DESCR_PLAIN, REF_URL, ID) values ('b1a3ccc8-5d2d-425b-98e3-ec5010aa3181', 0, 'admin', TIMESTAMP '2013-10-25 10:45:49.796', 'admin', TIMESTAMP '2013-10-25 10:45:49.796', 'kuali.atp.2011Spring', 'd925e275-370d-4d98-bbec-96fe2459a200', '', '', '1033', 'kuali.lui.registration.group.state.pending', 'kuali.lui.type.registration.group', '', '', '1033', '1033', '', 'b9065961-caa3-4587-82d3-58bc82d6a4b2')
/
insert into KSEN_LUI_ATTR (OBJ_ID, ATTR_KEY, OWNER_ID, ATTR_VALUE, ID) values ('1002b519-8e7b-448d-b443-7b33f61f3ba8', 'kuali.attribute.registration.group.aocluster.id', 'b9065961-caa3-4587-82d3-58bc82d6a4b2', '637bc4ca-9495-4e5e-9283-513ebc43f36c', 'eade9f21-d0ea-4cd6-96b5-69db316d27eb')
/
insert into KSEN_LUI_ATTR (OBJ_ID, ATTR_KEY, OWNER_ID, ATTR_VALUE, ID) values ('d6c1b251-9292-499e-93e8-892735537840', 'kuali.attribute.registration.group.is.generated', 'b9065961-caa3-4587-82d3-58bc82d6a4b2', '1', '7e4f290c-dc82-418f-8d35-bd40bfa32001')
/
insert into KSEN_LUI_IDENT (OBJ_ID, VER_NBR, CREATEID, CREATETIME, UPDATEID, UPDATETIME, LUI_CD, DIVISION, IDENT_LEVEL, LNG_NAME, LUI_ID, ORGID, SHRT_NAME, LUI_ID_STATE, SUFX_CD, LUI_ID_TYPE, VARTN, ID) values ('027b4ca5-4513-4220-a94b-d68c3cc28d23', 0, 'admin', TIMESTAMP '2013-10-25 10:45:49.796', 'admin', TIMESTAMP '2013-10-25 10:45:49.796', '', '', '', '', 'b9065961-caa3-4587-82d3-58bc82d6a4b2', '', '', 'kuali.lui.identifier.state.active', '', 'kuali.lui.identifier.type.official', '', '2889659d-7c52-4c72-a58d-c84d6f2c9f72')
/
insert into KSEN_LUILUI_RELTN (OBJ_ID, VER_NBR, CREATEID, CREATETIME, UPDATEID, UPDATETIME, EFF_DT, EXPIR_DT, DESCR_FORMATTED, LUI_ID, LUILUI_RELTN_STATE, LUILUI_RELTN_TYPE, NAME, DESCR_PLAIN, RELATED_LUI_ID, ID) values ('9c6e09cd-4039-4d35-94c5-3a95a56eec1e', 0, 'admin', TIMESTAMP '2013-10-25 10:45:49.796', 'admin', TIMESTAMP '2013-10-25 10:45:49.796', TIMESTAMP '2013-10-25 10:46:09.978', '', 'CHEM242-FO-RG', '3f723f1f-fb7c-4bd7-a1c8-1eb5c20d5be9', 'kuali.lui.lui.relation.state.active', 'kuali.lui.lui.relation.type.deliveredvia.fo2rg', 'fo-rg-relation', 'CHEM242-FO-RG', 'b9065961-caa3-4587-82d3-58bc82d6a4b2', '675bb642-744f-4b93-b928-e599eeccf94e')
/
insert into KSEN_LUILUI_RELTN (OBJ_ID, VER_NBR, CREATEID, CREATETIME, UPDATEID, UPDATETIME, EFF_DT, EXPIR_DT, DESCR_FORMATTED, LUI_ID, LUILUI_RELTN_STATE, LUILUI_RELTN_TYPE, NAME, DESCR_PLAIN, RELATED_LUI_ID, ID) values ('aa2725d3-5abe-4e07-95d0-7618275f25e0', 0, 'admin', TIMESTAMP '2013-10-25 10:45:49.796', 'admin', TIMESTAMP '2013-10-25 10:45:49.796', TIMESTAMP '2013-10-25 10:46:09.979', '', 'CHEM242-RG-AO', 'b9065961-caa3-4587-82d3-58bc82d6a4b2', 'kuali.lui.lui.relation.state.active', 'kuali.lui.lui.relation.type.registeredforvia.rg2ao', 'rg-ao-relation', 'CHEM242-RG-AO', '8dfbfa90-2932-46ac-94e8-f42128d1d054', '39d8708b-0c70-42b0-8eaa-039e25891c9b')
/
insert into KSEN_LUILUI_RELTN (OBJ_ID, VER_NBR, CREATEID, CREATETIME, UPDATEID, UPDATETIME, EFF_DT, EXPIR_DT, DESCR_FORMATTED, LUI_ID, LUILUI_RELTN_STATE, LUILUI_RELTN_TYPE, NAME, DESCR_PLAIN, RELATED_LUI_ID, ID) values ('22168be0-cebb-4377-bdf8-24fe19b00300', 0, 'admin', TIMESTAMP '2013-10-25 10:45:49.796', 'admin', TIMESTAMP '2013-10-25 10:45:49.796', TIMESTAMP '2013-10-25 10:46:09.98', '', 'CHEM242-RG-AO', 'b9065961-caa3-4587-82d3-58bc82d6a4b2', 'kuali.lui.lui.relation.state.active', 'kuali.lui.lui.relation.type.registeredforvia.rg2ao', 'rg-ao-relation', 'CHEM242-RG-AO', '8a35d8be-b40f-496a-9e00-0e37aaeeb8fa', '47c8d793-08d8-45d0-8f83-6b90d2fb6a76')
/
insert into KSEN_CWL (OBJ_ID, VER_NBR, CREATEID, CREATETIME, UPDATEID, UPDATETIME, ALLOW_HOLD_UTIL_ENTRIES_IND, AUTO_PROCESSED_IND, CHECK_IN_REQ_IND, CONF_REQ_IND, EFF_DT, EXPIR_DT, MAX_SIZE, REG_IN_FIRST_AAO_IND, STD_DUR_TIME_QTY, STD_DUR_TYPE, CWL_STATE, CWL_TYPE, ID) values ('f7d728bc-7f98-41fa-9a65-4e05230854ad', 0, 'admin', TIMESTAMP '2013-10-25 10:45:49.796', 'admin', TIMESTAMP '2013-10-25 10:45:49.796', '0', '1', '0', '1', '', '', '', '', '', '', 'kuali.course.waitlist.state.active', 'kuali.course.waitlist.type.course.waitlist', '2ace5888-cf0c-4c12-a99c-b47278c233d3')
/
insert into KSEN_CWL_ACTIV_OFFER (CWL_ID, ACTIV_OFFER_ID) values ('2ace5888-cf0c-4c12-a99c-b47278c233d3', '8dfbfa90-2932-46ac-94e8-f42128d1d054')
/
insert into KSEN_CWL_FORMAT_OFFER (CWL_ID, FORMAT_OFFER_ID) values ('2ace5888-cf0c-4c12-a99c-b47278c233d3', '3f723f1f-fb7c-4bd7-a1c8-1eb5c20d5be9')
/


-- Term = kuali.atp.2011Spring / 201101, coCode = BSCI105M
insert into KSEN_LUI (OBJ_ID, VER_NBR, CREATEID, CREATETIME, UPDATEID, UPDATETIME, ATP_ID, CLU_ID, EFF_DT, EXPIR_DT, DESCR_FORMATTED, LUI_STATE, LUI_TYPE, MAX_SEATS, MIN_SEATS, NAME, DESCR_PLAIN, REF_URL, ID) values ('2d870aa3-b310-4526-a7e7-7b2bad633b4a', 0, 'admin', TIMESTAMP '2013-10-25 20:36:42.486', 'admin', TIMESTAMP '2013-10-25 20:36:42.486', 'kuali.atp.2011Spring', '5fc1ad8f-2588-4d53-8ad3-66a87f5bc01d', '', '', '', 'kuali.lui.activity.offering.state.draft', 'kuali.lui.type.activity.offering.lab', 20, '', 'BSCI105M AO', '', '', '25fce8f6-3898-432b-9388-564c0e414108')
/
insert into KSEN_LUI_ATTR (OBJ_ID, ATTR_KEY, OWNER_ID, ATTR_VALUE, ID) values ('1e44393f-4267-4a0a-97e5-88da35d99fc3', 'kuali.attribute.max.enrollment.is.estimate', '25fce8f6-3898-432b-9388-564c0e414108', 'null', '1bb22ae8-081f-4757-a496-412a1743a30c')
/
insert into KSEN_LUI_ATTR (OBJ_ID, ATTR_KEY, OWNER_ID, ATTR_VALUE, ID) values ('4007a4d1-04a8-4730-9247-2265562c68d5', 'kuali.attribute.course.evaluation.indicator', '25fce8f6-3898-432b-9388-564c0e414108', 'null', '7a06e461-f2be-4bcc-83d2-42468a00ab14')
/
insert into KSEN_LUI_ATTR (OBJ_ID, ATTR_KEY, OWNER_ID, ATTR_VALUE, ID) values ('9328ee3d-148f-4d3d-b495-2a004df91d8b', 'kuali.attribute.nonstd.ts.indicator', '25fce8f6-3898-432b-9388-564c0e414108', '0', '1ddaf30a-971d-4ec1-acb4-69fa36bc58de')
/
insert into KSEN_LUI_IDENT (OBJ_ID, VER_NBR, CREATEID, CREATETIME, UPDATEID, UPDATETIME, LUI_CD, DIVISION, IDENT_LEVEL, LNG_NAME, LUI_ID, ORGID, SHRT_NAME, LUI_ID_STATE, SUFX_CD, LUI_ID_TYPE, VARTN, ID) values ('69b79ea3-086d-43ef-83b4-9f9497fda301', 0, 'admin', TIMESTAMP '2013-10-25 20:36:42.486', 'admin', TIMESTAMP '2013-10-25 20:36:42.486', 'E', '', '', '', '25fce8f6-3898-432b-9388-564c0e414108', '', '', 'kuali.lui.identifier.state.active', '', 'kuali.lui.identifier.type.official', '', 'b1b80ef6-1399-4353-bc87-1cb9cc937b1b')
/
insert into KSEN_LUI_LU_CD (OBJ_ID, VER_NBR, CREATEID, CREATETIME, UPDATEID, UPDATETIME, DESCR_FORMATTED, LUI_ID, DESCR_PLAIN, LUI_LUCD_TYPE, VALUE, ID) values ('293dc129-9f9e-4158-a5a7-1e6b483a0888', 0, 'admin', TIMESTAMP '2013-10-25 20:36:42.486', 'admin', TIMESTAMP '2013-10-25 20:36:42.486', '', '25fce8f6-3898-432b-9388-564c0e414108', '', 'kuali.lu.code.honorsOffering', 'null', 'f97423e3-b248-41cf-bc9b-cd93ceadc919')
/
insert into KSEN_LUILUI_RELTN (OBJ_ID, VER_NBR, CREATEID, CREATETIME, UPDATEID, UPDATETIME, EFF_DT, EXPIR_DT, DESCR_FORMATTED, LUI_ID, LUILUI_RELTN_STATE, LUILUI_RELTN_TYPE, NAME, DESCR_PLAIN, RELATED_LUI_ID, ID) values ('e196913d-9fda-415e-9223-3619feea149a', 0, 'admin', TIMESTAMP '2013-10-25 20:36:42.486', 'admin', TIMESTAMP '2013-10-25 20:36:42.486', TIMESTAMP '2013-10-25 20:36:42.959', '', 'BSCI105M-FO-AO', '45aeeaad-1212-4cad-a975-3c4d6b57742a', 'kuali.lui.lui.relation.state.active', 'kuali.lui.lui.relation.type.deliveredvia.fo2ao', 'fo-ao-relation', 'BSCI105M-FO-AO', '25fce8f6-3898-432b-9388-564c0e414108', '46cccdde-da3c-40fd-bf71-ba848a0d8f6d')
/
insert into KSEN_CO_AO_CLUSTER_SET (OBJ_ID, ACTIVITY_OFFERING_TYPE, AO_CLUSTER_ID, ID) values ('202d63a9-3a16-47e1-aaca-8e844999b204', 'kuali.lui.type.activity.offering.lab', '6b311087-dcb3-4fec-82ea-9af0b9802a38', '24c91c59-fab5-4990-b38d-1fcd3e31360d')
/
insert into KSEN_CO_AO_CLUSTER_SET_AO (AOC_SET_ID, ACTIVITY_OFFERING_ID) values ('24c91c59-fab5-4990-b38d-1fcd3e31360d', '25fce8f6-3898-432b-9388-564c0e414108')
/
delete from KSEN_LUILUI_RELTN where ID='7d01d8d8-bcf8-4f5d-8235-732d741d7550' and VER_NBR=0
/
delete from KSEN_LUILUI_RELTN where ID='2f60c18a-c5b9-44e3-acc3-6e0325f24b9d' and VER_NBR=0
/
delete from KSEN_LUI_ATTR where ID='9bd22ef7-228d-42e6-9a94-e13357508527'
/
delete from KSEN_LUI_ATTR where ID='cde1cf6c-f083-42dc-92fc-18cd995ae5d9'
/
delete from KSEN_LUI_IDENT where ID='157abc11-4077-4569-9808-4a61b4050b7c' and VER_NBR=0
/
delete from KSEN_LUI where ID='7a512b03-1d40-4cfd-b726-6bc444105de7' and VER_NBR=1
/
delete from KSEN_LUILUI_RELTN where ID='6b6ed096-88f9-4b16-945c-8674f2331570' and VER_NBR=0
/
delete from KSEN_LUILUI_RELTN where ID='72ce64b6-f013-437b-9fa4-d3186335e2e3' and VER_NBR=0
/
delete from KSEN_LUI_ATTR where ID='bc5087f0-4c0c-4b41-9a67-de2d4f724ef9'
/
delete from KSEN_LUI_ATTR where ID='a8830853-eaf6-403f-a453-5786f643c57e'
/
delete from KSEN_LUI_IDENT where ID='d60d59e1-85d6-465d-8639-dfa39f64e2ce' and VER_NBR=0
/
delete from KSEN_LUI where ID='ca4f589e-a99a-4f11-ac47-e61734ea8642' and VER_NBR=1
/
delete from KSEN_LUILUI_RELTN where ID='699bf803-b2a6-45ee-8190-953ad19a8a6c' and VER_NBR=0
/
delete from KSEN_LUILUI_RELTN where ID='aa6daebe-1ec6-42f8-a6eb-7ccaa54093c1' and VER_NBR=0
/
delete from KSEN_LUI_ATTR where ID='c26fed73-e0cb-414b-bc6c-915d5d386880'
/
delete from KSEN_LUI_ATTR where ID='32df48fd-b0f5-4ee8-aca3-3c665663b732'
/
delete from KSEN_LUI_IDENT where ID='fc35d261-e88f-4535-8e58-554b60ceeb71' and VER_NBR=0
/
delete from KSEN_LUI where ID='3305bbbf-bf45-4e3c-9144-6b771ac30953' and VER_NBR=1
/
delete from KSEN_LUILUI_RELTN where ID='ea5c82c0-85cb-4ce0-9f0e-0549aae646ae' and VER_NBR=0
/
delete from KSEN_LUILUI_RELTN where ID='dac345bd-0869-4921-ad6b-775c303def48' and VER_NBR=0
/
delete from KSEN_LUI_ATTR where ID='6b152272-274c-4bd3-a8bd-db7c05b2e47a'
/
delete from KSEN_LUI_ATTR where ID='9b214c94-265c-4d74-8575-ee24c635ab28'
/
delete from KSEN_LUI_IDENT where ID='20f9429f-97f2-4f3f-8bf4-a92aabcdb331' and VER_NBR=0
/
delete from KSEN_LUI where ID='c3eb0b29-0dfe-4709-9a99-27649de36fdc' and VER_NBR=1
/
insert into KSEN_LUI_ATTR (OBJ_ID, ATTR_KEY, OWNER_ID, ATTR_VALUE, ID) values ('fab244fc-c664-4a93-9ce5-136da5be7d03', 'regCodePrefix', '45aeeaad-1212-4cad-a975-3c4d6b57742a', '1', 'f19f1893-0307-490d-9704-1e0aa236f21d')
/
delete from KSEN_LUI_RELATED_LUI_TYPES where LUI_ID='45aeeaad-1212-4cad-a975-3c4d6b57742a'
/
insert into KSEN_LUI_RELATED_LUI_TYPES (LUI_ID, RELATED_LUI_TYPE) values ('45aeeaad-1212-4cad-a975-3c4d6b57742a', 'kuali.lui.type.activity.offering.lab')
/
insert into KSEN_LUI_RELATED_LUI_TYPES (LUI_ID, RELATED_LUI_TYPE) values ('45aeeaad-1212-4cad-a975-3c4d6b57742a', 'kuali.lui.type.activity.offering.lecture')
/
insert into KSEN_LUI (OBJ_ID, VER_NBR, CREATEID, CREATETIME, UPDATEID, UPDATETIME, ATP_ID, CLU_ID, EFF_DT, EXPIR_DT, DESCR_FORMATTED, LUI_STATE, LUI_TYPE, MAX_SEATS, MIN_SEATS, NAME, DESCR_PLAIN, REF_URL, ID) values ('e63ba3e4-46fe-4aa6-b7cb-b011010514ae', 0, 'admin', TIMESTAMP '2013-10-25 20:36:42.486', 'admin', TIMESTAMP '2013-10-25 20:36:42.486', 'kuali.atp.2011Spring', '4db34db8-41d6-4522-b55b-5c861acec773', '', '', '1001', 'kuali.lui.registration.group.state.pending', 'kuali.lui.type.registration.group', '', '', '1001', '1001', '', '6cfde5a4-96d3-4ff6-8fbb-ee7f3036bf96')
/
insert into KSEN_LUI_ATTR (OBJ_ID, ATTR_KEY, OWNER_ID, ATTR_VALUE, ID) values ('1877ffaa-f3e9-4ac3-9f03-42f3f167ce50', 'kuali.attribute.registration.group.aocluster.id', '6cfde5a4-96d3-4ff6-8fbb-ee7f3036bf96', '6b311087-dcb3-4fec-82ea-9af0b9802a38', 'a00c7b21-2f78-4a0c-8405-f2bd8c63bbf2')
/
insert into KSEN_LUI_ATTR (OBJ_ID, ATTR_KEY, OWNER_ID, ATTR_VALUE, ID) values ('e11e3b09-6671-4f05-8e41-e864ba2d9ef3', 'kuali.attribute.registration.group.is.generated', '6cfde5a4-96d3-4ff6-8fbb-ee7f3036bf96', '1', '4d5abfc3-eb48-40da-b60f-9d9b916b19a5')
/
insert into KSEN_LUI_IDENT (OBJ_ID, VER_NBR, CREATEID, CREATETIME, UPDATEID, UPDATETIME, LUI_CD, DIVISION, IDENT_LEVEL, LNG_NAME, LUI_ID, ORGID, SHRT_NAME, LUI_ID_STATE, SUFX_CD, LUI_ID_TYPE, VARTN, ID) values ('4afc8d70-c25e-4968-8943-e7a04d0a7ab9', 0, 'admin', TIMESTAMP '2013-10-25 20:36:42.486', 'admin', TIMESTAMP '2013-10-25 20:36:42.486', '', '', '', '', '6cfde5a4-96d3-4ff6-8fbb-ee7f3036bf96', '', '', 'kuali.lui.identifier.state.active', '', 'kuali.lui.identifier.type.official', '', '1c759260-8a82-44f5-a1c3-149d8f7fbadb')
/
insert into KSEN_LUILUI_RELTN (OBJ_ID, VER_NBR, CREATEID, CREATETIME, UPDATEID, UPDATETIME, EFF_DT, EXPIR_DT, DESCR_FORMATTED, LUI_ID, LUILUI_RELTN_STATE, LUILUI_RELTN_TYPE, NAME, DESCR_PLAIN, RELATED_LUI_ID, ID) values ('141d390c-3517-4686-8a0d-4d4eace55a4d', 0, 'admin', TIMESTAMP '2013-10-25 20:36:42.486', 'admin', TIMESTAMP '2013-10-25 20:36:42.486', TIMESTAMP '2013-10-25 20:36:44.696', '', 'BSCI105M-FO-RG', '45aeeaad-1212-4cad-a975-3c4d6b57742a', 'kuali.lui.lui.relation.state.active', 'kuali.lui.lui.relation.type.deliveredvia.fo2rg', 'fo-rg-relation', 'BSCI105M-FO-RG', '6cfde5a4-96d3-4ff6-8fbb-ee7f3036bf96', '15be95d4-74c4-40c1-a6e4-b8a01f182006')
/
insert into KSEN_LUILUI_RELTN (OBJ_ID, VER_NBR, CREATEID, CREATETIME, UPDATEID, UPDATETIME, EFF_DT, EXPIR_DT, DESCR_FORMATTED, LUI_ID, LUILUI_RELTN_STATE, LUILUI_RELTN_TYPE, NAME, DESCR_PLAIN, RELATED_LUI_ID, ID) values ('d6a56da7-4268-4755-a134-a61d3e9976ce', 0, 'admin', TIMESTAMP '2013-10-25 20:36:42.486', 'admin', TIMESTAMP '2013-10-25 20:36:42.486', TIMESTAMP '2013-10-25 20:36:44.698', '', 'BSCI105M-RG-AO', '6cfde5a4-96d3-4ff6-8fbb-ee7f3036bf96', 'kuali.lui.lui.relation.state.active', 'kuali.lui.lui.relation.type.registeredforvia.rg2ao', 'rg-ao-relation', 'BSCI105M-RG-AO', '5bd5a898-954c-4a0e-977f-007fb48a8b78', '7e25ab90-91c5-4d37-8eb6-e1b17b8dc3df')
/
insert into KSEN_LUILUI_RELTN (OBJ_ID, VER_NBR, CREATEID, CREATETIME, UPDATEID, UPDATETIME, EFF_DT, EXPIR_DT, DESCR_FORMATTED, LUI_ID, LUILUI_RELTN_STATE, LUILUI_RELTN_TYPE, NAME, DESCR_PLAIN, RELATED_LUI_ID, ID) values ('2025c656-cc1e-449b-a7a4-5fa927cfae02', 0, 'admin', TIMESTAMP '2013-10-25 20:36:42.486', 'admin', TIMESTAMP '2013-10-25 20:36:42.486', TIMESTAMP '2013-10-25 20:36:44.699', '', 'BSCI105M-RG-AO', '6cfde5a4-96d3-4ff6-8fbb-ee7f3036bf96', 'kuali.lui.lui.relation.state.active', 'kuali.lui.lui.relation.type.registeredforvia.rg2ao', 'rg-ao-relation', 'BSCI105M-RG-AO', '25fce8f6-3898-432b-9388-564c0e414108', 'ece03f4c-8a6d-49fb-8426-f0f52a31b843')
/
insert into KSEN_LUI (OBJ_ID, VER_NBR, CREATEID, CREATETIME, UPDATEID, UPDATETIME, ATP_ID, CLU_ID, EFF_DT, EXPIR_DT, DESCR_FORMATTED, LUI_STATE, LUI_TYPE, MAX_SEATS, MIN_SEATS, NAME, DESCR_PLAIN, REF_URL, ID) values ('8c5b6223-8fc5-43d7-9e5a-65c3675decf7', 0, 'admin', TIMESTAMP '2013-10-25 20:36:42.486', 'admin', TIMESTAMP '2013-10-25 20:36:42.486', 'kuali.atp.2011Spring', '4db34db8-41d6-4522-b55b-5c861acec773', '', '', '1002', 'kuali.lui.registration.group.state.pending', 'kuali.lui.type.registration.group', '', '', '1002', '1002', '', 'd1a1f319-0122-4ed4-858b-6bc7e57c5219')
/
insert into KSEN_LUI_ATTR (OBJ_ID, ATTR_KEY, OWNER_ID, ATTR_VALUE, ID) values ('55e6b992-392d-4ccb-a618-474c21d547d6', 'kuali.attribute.registration.group.aocluster.id', 'd1a1f319-0122-4ed4-858b-6bc7e57c5219', '6b311087-dcb3-4fec-82ea-9af0b9802a38', '2928d32c-2df6-404d-906f-71942670626d')
/
insert into KSEN_LUI_ATTR (OBJ_ID, ATTR_KEY, OWNER_ID, ATTR_VALUE, ID) values ('d763a33e-b48b-415f-8412-e0414277991c', 'kuali.attribute.registration.group.is.generated', 'd1a1f319-0122-4ed4-858b-6bc7e57c5219', '1', 'fa325fb8-63c1-44b2-b173-8ed88e4135a1')
/
insert into KSEN_LUI_IDENT (OBJ_ID, VER_NBR, CREATEID, CREATETIME, UPDATEID, UPDATETIME, LUI_CD, DIVISION, IDENT_LEVEL, LNG_NAME, LUI_ID, ORGID, SHRT_NAME, LUI_ID_STATE, SUFX_CD, LUI_ID_TYPE, VARTN, ID) values ('b83cf7e6-9e38-4d5d-853e-b1da7f113d4f', 0, 'admin', TIMESTAMP '2013-10-25 20:36:42.486', 'admin', TIMESTAMP '2013-10-25 20:36:42.486', '', '', '', '', 'd1a1f319-0122-4ed4-858b-6bc7e57c5219', '', '', 'kuali.lui.identifier.state.active', '', 'kuali.lui.identifier.type.official', '', '873128f9-5de0-4ecc-aae3-c81e3e33b411')
/
insert into KSEN_LUILUI_RELTN (OBJ_ID, VER_NBR, CREATEID, CREATETIME, UPDATEID, UPDATETIME, EFF_DT, EXPIR_DT, DESCR_FORMATTED, LUI_ID, LUILUI_RELTN_STATE, LUILUI_RELTN_TYPE, NAME, DESCR_PLAIN, RELATED_LUI_ID, ID) values ('942b4eb8-2001-4d23-9f0e-0ea66fb6e7e4', 0, 'admin', TIMESTAMP '2013-10-25 20:36:42.486', 'admin', TIMESTAMP '2013-10-25 20:36:42.486', TIMESTAMP '2013-10-25 20:36:45.081', '', 'BSCI105M-FO-RG', '45aeeaad-1212-4cad-a975-3c4d6b57742a', 'kuali.lui.lui.relation.state.active', 'kuali.lui.lui.relation.type.deliveredvia.fo2rg', 'fo-rg-relation', 'BSCI105M-FO-RG', 'd1a1f319-0122-4ed4-858b-6bc7e57c5219', '6887eef8-1b5d-486a-a80c-e9ef45ce5e6c')
/
insert into KSEN_LUILUI_RELTN (OBJ_ID, VER_NBR, CREATEID, CREATETIME, UPDATEID, UPDATETIME, EFF_DT, EXPIR_DT, DESCR_FORMATTED, LUI_ID, LUILUI_RELTN_STATE, LUILUI_RELTN_TYPE, NAME, DESCR_PLAIN, RELATED_LUI_ID, ID) values ('0cc13fd5-f1df-4929-8bcd-869717c82171', 0, 'admin', TIMESTAMP '2013-10-25 20:36:42.486', 'admin', TIMESTAMP '2013-10-25 20:36:42.486', TIMESTAMP '2013-10-25 20:36:45.082', '', 'BSCI105M-RG-AO', 'd1a1f319-0122-4ed4-858b-6bc7e57c5219', 'kuali.lui.lui.relation.state.active', 'kuali.lui.lui.relation.type.registeredforvia.rg2ao', 'rg-ao-relation', 'BSCI105M-RG-AO', '521d792f-1b11-495a-86ac-45ecfd19fb26', '8606dfb2-600b-4c78-959f-243d1fae405d')
/
insert into KSEN_LUILUI_RELTN (OBJ_ID, VER_NBR, CREATEID, CREATETIME, UPDATEID, UPDATETIME, EFF_DT, EXPIR_DT, DESCR_FORMATTED, LUI_ID, LUILUI_RELTN_STATE, LUILUI_RELTN_TYPE, NAME, DESCR_PLAIN, RELATED_LUI_ID, ID) values ('5150f9f8-4a05-4535-9b53-92f29897c5cc', 0, 'admin', TIMESTAMP '2013-10-25 20:36:42.486', 'admin', TIMESTAMP '2013-10-25 20:36:42.486', TIMESTAMP '2013-10-25 20:36:45.082', '', 'BSCI105M-RG-AO', 'd1a1f319-0122-4ed4-858b-6bc7e57c5219', 'kuali.lui.lui.relation.state.active', 'kuali.lui.lui.relation.type.registeredforvia.rg2ao', 'rg-ao-relation', 'BSCI105M-RG-AO', '25fce8f6-3898-432b-9388-564c0e414108', 'e62b9454-3fd0-4db4-92c9-e00fe86b6445')
/
insert into KSEN_LUI (OBJ_ID, VER_NBR, CREATEID, CREATETIME, UPDATEID, UPDATETIME, ATP_ID, CLU_ID, EFF_DT, EXPIR_DT, DESCR_FORMATTED, LUI_STATE, LUI_TYPE, MAX_SEATS, MIN_SEATS, NAME, DESCR_PLAIN, REF_URL, ID) values ('35a0e96b-fef3-407c-b41b-67cf750dec57', 0, 'admin', TIMESTAMP '2013-10-25 20:36:42.486', 'admin', TIMESTAMP '2013-10-25 20:36:42.486', 'kuali.atp.2011Spring', '4db34db8-41d6-4522-b55b-5c861acec773', '', '', '1003', 'kuali.lui.registration.group.state.pending', 'kuali.lui.type.registration.group', '', '', '1003', '1003', '', 'af978a6f-dd03-4f54-83f5-4fd89f01b93d')
/
insert into KSEN_LUI_ATTR (OBJ_ID, ATTR_KEY, OWNER_ID, ATTR_VALUE, ID) values ('919d70fe-7443-4048-a3b9-a8953b07aeb1', 'kuali.attribute.registration.group.is.generated', 'af978a6f-dd03-4f54-83f5-4fd89f01b93d', '1', 'cd3c0f8f-611b-49c2-995f-a842a77afba6')
/
insert into KSEN_LUI_ATTR (OBJ_ID, ATTR_KEY, OWNER_ID, ATTR_VALUE, ID) values ('65059028-225d-448e-9ce9-a3c0399302be', 'kuali.attribute.registration.group.aocluster.id', 'af978a6f-dd03-4f54-83f5-4fd89f01b93d', '6b311087-dcb3-4fec-82ea-9af0b9802a38', '8f7bfc3d-bb83-4e80-ba35-097fd22fa8cd')
/
insert into KSEN_LUI_IDENT (OBJ_ID, VER_NBR, CREATEID, CREATETIME, UPDATEID, UPDATETIME, LUI_CD, DIVISION, IDENT_LEVEL, LNG_NAME, LUI_ID, ORGID, SHRT_NAME, LUI_ID_STATE, SUFX_CD, LUI_ID_TYPE, VARTN, ID) values ('b46f33cc-36f2-4c87-ac3c-9b03faa564cd', 0, 'admin', TIMESTAMP '2013-10-25 20:36:42.486', 'admin', TIMESTAMP '2013-10-25 20:36:42.486', '', '', '', '', 'af978a6f-dd03-4f54-83f5-4fd89f01b93d', '', '', 'kuali.lui.identifier.state.active', '', 'kuali.lui.identifier.type.official', '', '2840174f-bb34-4cf7-8187-31d6611c1b52')
/
insert into KSEN_LUILUI_RELTN (OBJ_ID, VER_NBR, CREATEID, CREATETIME, UPDATEID, UPDATETIME, EFF_DT, EXPIR_DT, DESCR_FORMATTED, LUI_ID, LUILUI_RELTN_STATE, LUILUI_RELTN_TYPE, NAME, DESCR_PLAIN, RELATED_LUI_ID, ID) values ('fdfe43d3-e047-4fd7-8e52-70dbdc61e706', 0, 'admin', TIMESTAMP '2013-10-25 20:36:42.486', 'admin', TIMESTAMP '2013-10-25 20:36:42.486', TIMESTAMP '2013-10-25 20:36:45.489', '', 'BSCI105M-FO-RG', '45aeeaad-1212-4cad-a975-3c4d6b57742a', 'kuali.lui.lui.relation.state.active', 'kuali.lui.lui.relation.type.deliveredvia.fo2rg', 'fo-rg-relation', 'BSCI105M-FO-RG', 'af978a6f-dd03-4f54-83f5-4fd89f01b93d', '864a5873-6b6e-4e0c-b86b-c327d7bf8656')
/
insert into KSEN_LUILUI_RELTN (OBJ_ID, VER_NBR, CREATEID, CREATETIME, UPDATEID, UPDATETIME, EFF_DT, EXPIR_DT, DESCR_FORMATTED, LUI_ID, LUILUI_RELTN_STATE, LUILUI_RELTN_TYPE, NAME, DESCR_PLAIN, RELATED_LUI_ID, ID) values ('e01edb8e-c009-4bf1-8349-a3c1a73a91aa', 0, 'admin', TIMESTAMP '2013-10-25 20:36:42.486', 'admin', TIMESTAMP '2013-10-25 20:36:42.486', TIMESTAMP '2013-10-25 20:36:45.49', '', 'BSCI105M-RG-AO', 'af978a6f-dd03-4f54-83f5-4fd89f01b93d', 'kuali.lui.lui.relation.state.active', 'kuali.lui.lui.relation.type.registeredforvia.rg2ao', 'rg-ao-relation', 'BSCI105M-RG-AO', '9612cf90-150a-4749-a911-89efce595122', '83972b60-8107-4664-b6d5-33bd62d73436')
/
insert into KSEN_LUILUI_RELTN (OBJ_ID, VER_NBR, CREATEID, CREATETIME, UPDATEID, UPDATETIME, EFF_DT, EXPIR_DT, DESCR_FORMATTED, LUI_ID, LUILUI_RELTN_STATE, LUILUI_RELTN_TYPE, NAME, DESCR_PLAIN, RELATED_LUI_ID, ID) values ('90240541-fc79-4b83-9052-b49756529ca7', 0, 'admin', TIMESTAMP '2013-10-25 20:36:42.486', 'admin', TIMESTAMP '2013-10-25 20:36:42.486', TIMESTAMP '2013-10-25 20:36:45.491', '', 'BSCI105M-RG-AO', 'af978a6f-dd03-4f54-83f5-4fd89f01b93d', 'kuali.lui.lui.relation.state.active', 'kuali.lui.lui.relation.type.registeredforvia.rg2ao', 'rg-ao-relation', 'BSCI105M-RG-AO', '25fce8f6-3898-432b-9388-564c0e414108', '1b8e3689-6cdf-4fed-a916-b1ec20b40734')
/
insert into KSEN_LUI (OBJ_ID, VER_NBR, CREATEID, CREATETIME, UPDATEID, UPDATETIME, ATP_ID, CLU_ID, EFF_DT, EXPIR_DT, DESCR_FORMATTED, LUI_STATE, LUI_TYPE, MAX_SEATS, MIN_SEATS, NAME, DESCR_PLAIN, REF_URL, ID) values ('95746118-1822-484b-b379-693628175abc', 0, 'admin', TIMESTAMP '2013-10-25 20:36:42.486', 'admin', TIMESTAMP '2013-10-25 20:36:42.486', 'kuali.atp.2011Spring', '4db34db8-41d6-4522-b55b-5c861acec773', '', '', '1004', 'kuali.lui.registration.group.state.pending', 'kuali.lui.type.registration.group', '', '', '1004', '1004', '', '1d33d1a1-5c3c-48aa-a14e-6247f10e52a0')
/
insert into KSEN_LUI_ATTR (OBJ_ID, ATTR_KEY, OWNER_ID, ATTR_VALUE, ID) values ('1525e554-50bb-418d-867c-af6bea83983d', 'kuali.attribute.registration.group.aocluster.id', '1d33d1a1-5c3c-48aa-a14e-6247f10e52a0', '6b311087-dcb3-4fec-82ea-9af0b9802a38', '682db14a-09c3-418d-943f-6829b5574f59')
/
insert into KSEN_LUI_ATTR (OBJ_ID, ATTR_KEY, OWNER_ID, ATTR_VALUE, ID) values ('de5e0d06-b8b3-41f9-b912-fc1af46df034', 'kuali.attribute.registration.group.is.generated', '1d33d1a1-5c3c-48aa-a14e-6247f10e52a0', '1', '1d9be362-b4b4-40fb-85de-d3001353c195')
/
insert into KSEN_LUI_IDENT (OBJ_ID, VER_NBR, CREATEID, CREATETIME, UPDATEID, UPDATETIME, LUI_CD, DIVISION, IDENT_LEVEL, LNG_NAME, LUI_ID, ORGID, SHRT_NAME, LUI_ID_STATE, SUFX_CD, LUI_ID_TYPE, VARTN, ID) values ('d18ed71a-ae9c-4987-9140-51c25a148eb8', 0, 'admin', TIMESTAMP '2013-10-25 20:36:42.486', 'admin', TIMESTAMP '2013-10-25 20:36:42.486', '', '', '', '', '1d33d1a1-5c3c-48aa-a14e-6247f10e52a0', '', '', 'kuali.lui.identifier.state.active', '', 'kuali.lui.identifier.type.official', '', 'e1465df5-bad8-4bc7-bb2c-144e1811abc8')
/
insert into KSEN_LUILUI_RELTN (OBJ_ID, VER_NBR, CREATEID, CREATETIME, UPDATEID, UPDATETIME, EFF_DT, EXPIR_DT, DESCR_FORMATTED, LUI_ID, LUILUI_RELTN_STATE, LUILUI_RELTN_TYPE, NAME, DESCR_PLAIN, RELATED_LUI_ID, ID) values ('d2706493-13cb-45d4-8c4f-2474532793b0', 0, 'admin', TIMESTAMP '2013-10-25 20:36:42.486', 'admin', TIMESTAMP '2013-10-25 20:36:42.486', TIMESTAMP '2013-10-25 20:36:45.913', '', 'BSCI105M-FO-RG', '45aeeaad-1212-4cad-a975-3c4d6b57742a', 'kuali.lui.lui.relation.state.active', 'kuali.lui.lui.relation.type.deliveredvia.fo2rg', 'fo-rg-relation', 'BSCI105M-FO-RG', '1d33d1a1-5c3c-48aa-a14e-6247f10e52a0', '78b862bb-c10d-40d8-a6c9-c2c1effd09fc')
/
insert into KSEN_LUILUI_RELTN (OBJ_ID, VER_NBR, CREATEID, CREATETIME, UPDATEID, UPDATETIME, EFF_DT, EXPIR_DT, DESCR_FORMATTED, LUI_ID, LUILUI_RELTN_STATE, LUILUI_RELTN_TYPE, NAME, DESCR_PLAIN, RELATED_LUI_ID, ID) values ('bebc7736-9e25-4434-8c9b-5ddbc3dbf63d', 0, 'admin', TIMESTAMP '2013-10-25 20:36:42.486', 'admin', TIMESTAMP '2013-10-25 20:36:42.486', TIMESTAMP '2013-10-25 20:36:45.914', '', 'BSCI105M-RG-AO', '1d33d1a1-5c3c-48aa-a14e-6247f10e52a0', 'kuali.lui.lui.relation.state.active', 'kuali.lui.lui.relation.type.registeredforvia.rg2ao', 'rg-ao-relation', 'BSCI105M-RG-AO', '2c3e8ae3-21e0-4fc8-862d-bd271aec1554', '65aa8499-c06b-4260-9404-934f82dbb6ee')
/
insert into KSEN_LUILUI_RELTN (OBJ_ID, VER_NBR, CREATEID, CREATETIME, UPDATEID, UPDATETIME, EFF_DT, EXPIR_DT, DESCR_FORMATTED, LUI_ID, LUILUI_RELTN_STATE, LUILUI_RELTN_TYPE, NAME, DESCR_PLAIN, RELATED_LUI_ID, ID) values ('c604a4f6-08a6-4dc2-a834-408156d80ed8', 0, 'admin', TIMESTAMP '2013-10-25 20:36:42.486', 'admin', TIMESTAMP '2013-10-25 20:36:42.486', TIMESTAMP '2013-10-25 20:36:45.915', '', 'BSCI105M-RG-AO', '1d33d1a1-5c3c-48aa-a14e-6247f10e52a0', 'kuali.lui.lui.relation.state.active', 'kuali.lui.lui.relation.type.registeredforvia.rg2ao', 'rg-ao-relation', 'BSCI105M-RG-AO', '25fce8f6-3898-432b-9388-564c0e414108', '8c605f1e-e321-485b-8d52-1fc5ae841147')
/
insert into KSEN_CWL (OBJ_ID, VER_NBR, CREATEID, CREATETIME, UPDATEID, UPDATETIME, ALLOW_HOLD_UTIL_ENTRIES_IND, AUTO_PROCESSED_IND, CHECK_IN_REQ_IND, CONF_REQ_IND, EFF_DT, EXPIR_DT, MAX_SIZE, REG_IN_FIRST_AAO_IND, STD_DUR_TIME_QTY, STD_DUR_TYPE, CWL_STATE, CWL_TYPE, ID) values ('d38adc17-0854-4cdd-add3-0797934ec0e1', 0, 'admin', TIMESTAMP '2013-10-25 20:36:42.486', 'admin', TIMESTAMP '2013-10-25 20:36:42.486', '0', '1', '0', '1', '', '', '', '', '', '', 'kuali.course.waitlist.state.active', 'kuali.course.waitlist.type.course.waitlist', '538ef7a4-7c9e-45c5-88a8-40218179bcf4')
/
insert into KSEN_CWL_ACTIV_OFFER (CWL_ID, ACTIV_OFFER_ID) values ('538ef7a4-7c9e-45c5-88a8-40218179bcf4', '25fce8f6-3898-432b-9388-564c0e414108')
/
insert into KSEN_CWL_FORMAT_OFFER (CWL_ID, FORMAT_OFFER_ID) values ('538ef7a4-7c9e-45c5-88a8-40218179bcf4', '45aeeaad-1212-4cad-a975-3c4d6b57742a')
/


-- Term = kuali.atp.2011Spring / 201101, coCode = PHYS375
insert into KSEN_LUI (OBJ_ID, VER_NBR, CREATEID, CREATETIME, UPDATEID, UPDATETIME, ATP_ID, CLU_ID, EFF_DT, EXPIR_DT, DESCR_FORMATTED, LUI_STATE, LUI_TYPE, MAX_SEATS, MIN_SEATS, NAME, DESCR_PLAIN, REF_URL, ID) values ('5bd83b92-91e0-4ea2-a088-cabac0ad7fd7', 0, 'admin', TIMESTAMP '2013-10-25 21:39:28.573', 'admin', TIMESTAMP '2013-10-25 21:39:28.573', 'kuali.atp.2011Spring', '6f046233-e865-44df-8389-b859c544bb31', '', '', '', 'kuali.lui.activity.offering.state.draft', 'kuali.lui.type.activity.offering.lecture', 30, '', 'PHYS375 AO', '', '', 'e5ec94ae-4052-40ed-9ca2-625483dc0f1f')
/
insert into KSEN_LUI_ATTR (OBJ_ID, ATTR_KEY, OWNER_ID, ATTR_VALUE, ID) values ('cbcb578c-0ada-41b8-9090-24c0bf4377ea', 'kuali.attribute.course.evaluation.indicator', 'e5ec94ae-4052-40ed-9ca2-625483dc0f1f', 'null', '83dfd399-45d6-4d79-9d0e-83fca2f56c6c')
/
insert into KSEN_LUI_ATTR (OBJ_ID, ATTR_KEY, OWNER_ID, ATTR_VALUE, ID) values ('68df8cde-ae3f-4988-93d6-fa301e3fb9c1', 'kuali.attribute.max.enrollment.is.estimate', 'e5ec94ae-4052-40ed-9ca2-625483dc0f1f', 'null', '93b96db8-5f70-47a9-9944-696681888aa7')
/
insert into KSEN_LUI_ATTR (OBJ_ID, ATTR_KEY, OWNER_ID, ATTR_VALUE, ID) values ('439099ea-f3e2-42af-aa1c-33d04d9b5eba', 'kuali.attribute.nonstd.ts.indicator', 'e5ec94ae-4052-40ed-9ca2-625483dc0f1f', '0', '4d82b46f-d708-4dbd-8b27-a241f1f9e435')
/
insert into KSEN_LUI_IDENT (OBJ_ID, VER_NBR, CREATEID, CREATETIME, UPDATEID, UPDATETIME, LUI_CD, DIVISION, IDENT_LEVEL, LNG_NAME, LUI_ID, ORGID, SHRT_NAME, LUI_ID_STATE, SUFX_CD, LUI_ID_TYPE, VARTN, ID) values ('586d9551-f8a7-44c4-a21a-e83de29dfdab', 0, 'admin', TIMESTAMP '2013-10-25 21:39:28.573', 'admin', TIMESTAMP '2013-10-25 21:39:28.573', 'D', '', '', '', 'e5ec94ae-4052-40ed-9ca2-625483dc0f1f', '', '', 'kuali.lui.identifier.state.active', '', 'kuali.lui.identifier.type.official', '', '9adce04d-be58-4917-8d48-915b2393eb70')
/
insert into KSEN_LUI_LU_CD (OBJ_ID, VER_NBR, CREATEID, CREATETIME, UPDATEID, UPDATETIME, DESCR_FORMATTED, LUI_ID, DESCR_PLAIN, LUI_LUCD_TYPE, VALUE, ID) values ('8097f203-62ac-4daa-b2c9-697e0d80c511', 0, 'admin', TIMESTAMP '2013-10-25 21:39:28.573', 'admin', TIMESTAMP '2013-10-25 21:39:28.573', '', 'e5ec94ae-4052-40ed-9ca2-625483dc0f1f', '', 'kuali.lu.code.honorsOffering', 'null', 'c8e40445-82d6-49a4-aa4b-a692eda3ce3d')
/
insert into KSEN_LUILUI_RELTN (OBJ_ID, VER_NBR, CREATEID, CREATETIME, UPDATEID, UPDATETIME, EFF_DT, EXPIR_DT, DESCR_FORMATTED, LUI_ID, LUILUI_RELTN_STATE, LUILUI_RELTN_TYPE, NAME, DESCR_PLAIN, RELATED_LUI_ID, ID) values ('2c51514a-73be-44cb-842b-b8334be9d848', 0, 'admin', TIMESTAMP '2013-10-25 21:39:28.573', 'admin', TIMESTAMP '2013-10-25 21:39:28.573', TIMESTAMP '2013-10-25 21:39:29.063', '', 'PHYS375-FO-AO', '9c6e3d2e-555c-41fe-9d04-d1657f143a59', 'kuali.lui.lui.relation.state.active', 'kuali.lui.lui.relation.type.deliveredvia.fo2ao', 'fo-ao-relation', 'PHYS375-FO-AO', 'e5ec94ae-4052-40ed-9ca2-625483dc0f1f', '1346754f-cfa1-4056-8b2a-170490fc3cce')
/
insert into KSEN_CO_AO_CLUSTER_SET (OBJ_ID, ACTIVITY_OFFERING_TYPE, AO_CLUSTER_ID, ID) values ('038f147e-53bb-4740-9d15-277dba77d27a', 'kuali.lui.type.activity.offering.lecture', '28c37c63-c62c-403b-8ac9-dec4d00085b8', 'e1ec9a4f-6935-4d85-a26d-1f12a21fd7f8')
/
insert into KSEN_CO_AO_CLUSTER_SET_AO (AOC_SET_ID, ACTIVITY_OFFERING_ID) values ('e1ec9a4f-6935-4d85-a26d-1f12a21fd7f8', 'e5ec94ae-4052-40ed-9ca2-625483dc0f1f')
/
delete from KSEN_LUILUI_RELTN where ID='7d64e8f5-7d6b-40d6-802d-7d2146ce37aa' and VER_NBR=0
/
delete from KSEN_LUILUI_RELTN where ID='ab550523-7b8c-419c-aedf-5df9e95c445f' and VER_NBR=0
/
delete from KSEN_LUI_ATTR where ID='cfc0b22a-7006-47aa-b2a3-c7eb1c56f56a'
/
delete from KSEN_LUI_ATTR where ID='1b0d8630-e18f-4be8-a967-7f7f4e013157'
/
delete from KSEN_LUI_IDENT where ID='98f84d0b-6488-49ca-bea2-35d99ca840c8' and VER_NBR=0
/
delete from KSEN_LUI where ID='75d6f068-7e9e-4e2b-a133-2fd26ae620d7' and VER_NBR=1
/
delete from KSEN_LUILUI_RELTN where ID='4e50c224-2dc2-445b-8a39-76faa2645f9d' and VER_NBR=0
/
delete from KSEN_LUILUI_RELTN where ID='380e12ef-4591-42db-8156-f22b700f7ec5' and VER_NBR=0
/
delete from KSEN_LUI_ATTR where ID='470d2400-5962-494b-ab9b-c4a631d90c33'
/
delete from KSEN_LUI_ATTR where ID='5ed4f569-a685-43bb-a399-e67d859338d4'
/
delete from KSEN_LUI_IDENT where ID='2cb72784-b8b9-4428-866d-aca5752633e9' and VER_NBR=0
/
delete from KSEN_LUI where ID='89ea1009-ef16-4c6b-b7b9-aa365a890b6e' and VER_NBR=1
/
delete from KSEN_LUILUI_RELTN where ID='9570288a-0fab-4830-bf62-1e0a5dd4363c' and VER_NBR=0
/
delete from KSEN_LUILUI_RELTN where ID='e61472f2-4a13-49fa-96ab-56e614ecfc9b' and VER_NBR=0
/
delete from KSEN_LUI_ATTR where ID='eec1de92-1c95-4c6f-a610-f341c35f7ef5'
/
delete from KSEN_LUI_ATTR where ID='22094420-a154-4e9c-9643-dda02b5e3c58'
/
delete from KSEN_LUI_IDENT where ID='792923cc-cc73-48ee-a7de-a5c471148a8b' and VER_NBR=0
/
delete from KSEN_LUI where ID='f49c69e5-6d00-4f49-a414-83c037e54dcf' and VER_NBR=1
/
insert into KSEN_LUI_ATTR (OBJ_ID, ATTR_KEY, OWNER_ID, ATTR_VALUE, ID) values ('f82db568-5fd8-494c-a3f0-96c465ffadd5', 'regCodePrefix', '9c6e3d2e-555c-41fe-9d04-d1657f143a59', '1', 'c70b8609-145a-4dcf-b40b-6e7f465f0161')
/
delete from KSEN_LUI_RELATED_LUI_TYPES where LUI_ID='9c6e3d2e-555c-41fe-9d04-d1657f143a59'
/
insert into KSEN_LUI_RELATED_LUI_TYPES (LUI_ID, RELATED_LUI_TYPE) values ('9c6e3d2e-555c-41fe-9d04-d1657f143a59', 'kuali.lui.type.activity.offering.lab')
/
insert into KSEN_LUI_RELATED_LUI_TYPES (LUI_ID, RELATED_LUI_TYPE) values ('9c6e3d2e-555c-41fe-9d04-d1657f143a59', 'kuali.lui.type.activity.offering.lecture')
/
insert into KSEN_LUI (OBJ_ID, VER_NBR, CREATEID, CREATETIME, UPDATEID, UPDATETIME, ATP_ID, CLU_ID, EFF_DT, EXPIR_DT, DESCR_FORMATTED, LUI_STATE, LUI_TYPE, MAX_SEATS, MIN_SEATS, NAME, DESCR_PLAIN, REF_URL, ID) values ('1fd857e5-f939-4b1d-a106-a6c2fc07d5f9', 0, 'admin', TIMESTAMP '2013-10-25 21:39:28.573', 'admin', TIMESTAMP '2013-10-25 21:39:28.573', 'kuali.atp.2011Spring', '8784d821-e63f-40c0-8683-5cd4574c62de', '', '', '1001', 'kuali.lui.registration.group.state.pending', 'kuali.lui.type.registration.group', '', '', '1001', '1001', '', '86688b66-166d-4624-817e-766dfd774aab')
/
insert into KSEN_LUI_ATTR (OBJ_ID, ATTR_KEY, OWNER_ID, ATTR_VALUE, ID) values ('e6950f5c-a564-4059-8463-127f888e8fb3', 'kuali.attribute.registration.group.is.generated', '86688b66-166d-4624-817e-766dfd774aab', '1', '5f0675ac-cff7-4574-834b-96dc25c4fa65')
/
insert into KSEN_LUI_ATTR (OBJ_ID, ATTR_KEY, OWNER_ID, ATTR_VALUE, ID) values ('6bc0f062-f4d8-42dc-8ef8-9c04c49d8617', 'kuali.attribute.registration.group.aocluster.id', '86688b66-166d-4624-817e-766dfd774aab', '28c37c63-c62c-403b-8ac9-dec4d00085b8', 'b5095791-45cb-48b5-ac98-166fc520384b')
/
insert into KSEN_LUI_IDENT (OBJ_ID, VER_NBR, CREATEID, CREATETIME, UPDATEID, UPDATETIME, LUI_CD, DIVISION, IDENT_LEVEL, LNG_NAME, LUI_ID, ORGID, SHRT_NAME, LUI_ID_STATE, SUFX_CD, LUI_ID_TYPE, VARTN, ID) values ('d81c5b5e-2559-43e0-af71-6bfc027b8b8d', 0, 'admin', TIMESTAMP '2013-10-25 21:39:28.573', 'admin', TIMESTAMP '2013-10-25 21:39:28.573', '', '', '', '', '86688b66-166d-4624-817e-766dfd774aab', '', '', 'kuali.lui.identifier.state.active', '', 'kuali.lui.identifier.type.official', '', 'c3ee6bee-2001-4087-84f3-461a2f7fcedf')
/
insert into KSEN_LUILUI_RELTN (OBJ_ID, VER_NBR, CREATEID, CREATETIME, UPDATEID, UPDATETIME, EFF_DT, EXPIR_DT, DESCR_FORMATTED, LUI_ID, LUILUI_RELTN_STATE, LUILUI_RELTN_TYPE, NAME, DESCR_PLAIN, RELATED_LUI_ID, ID) values ('d2673d14-204a-4cd3-86cc-28ac885e7f49', 0, 'admin', TIMESTAMP '2013-10-25 21:39:28.573', 'admin', TIMESTAMP '2013-10-25 21:39:28.573', TIMESTAMP '2013-10-25 21:39:30.23', '', 'PHYS375-FO-RG', '9c6e3d2e-555c-41fe-9d04-d1657f143a59', 'kuali.lui.lui.relation.state.active', 'kuali.lui.lui.relation.type.deliveredvia.fo2rg', 'fo-rg-relation', 'PHYS375-FO-RG', '86688b66-166d-4624-817e-766dfd774aab', '2b90ce6e-7767-4611-b61d-4247a758c1ff')
/
insert into KSEN_LUILUI_RELTN (OBJ_ID, VER_NBR, CREATEID, CREATETIME, UPDATEID, UPDATETIME, EFF_DT, EXPIR_DT, DESCR_FORMATTED, LUI_ID, LUILUI_RELTN_STATE, LUILUI_RELTN_TYPE, NAME, DESCR_PLAIN, RELATED_LUI_ID, ID) values ('e2d246bc-2242-4c26-9267-da8cf7d454d7', 0, 'admin', TIMESTAMP '2013-10-25 21:39:28.573', 'admin', TIMESTAMP '2013-10-25 21:39:28.573', TIMESTAMP '2013-10-25 21:39:30.232', '', 'PHYS375-RG-AO', '86688b66-166d-4624-817e-766dfd774aab', 'kuali.lui.lui.relation.state.active', 'kuali.lui.lui.relation.type.registeredforvia.rg2ao', 'rg-ao-relation', 'PHYS375-RG-AO', '0d1ac4dc-d88d-437e-9fe6-550fcee893d5', '336f8add-2383-45c0-bfac-74f39b0bad10')
/
insert into KSEN_LUILUI_RELTN (OBJ_ID, VER_NBR, CREATEID, CREATETIME, UPDATEID, UPDATETIME, EFF_DT, EXPIR_DT, DESCR_FORMATTED, LUI_ID, LUILUI_RELTN_STATE, LUILUI_RELTN_TYPE, NAME, DESCR_PLAIN, RELATED_LUI_ID, ID) values ('6da9541a-2246-40cb-8842-bfbd5a2401d6', 0, 'admin', TIMESTAMP '2013-10-25 21:39:28.573', 'admin', TIMESTAMP '2013-10-25 21:39:28.573', TIMESTAMP '2013-10-25 21:39:30.233', '', 'PHYS375-RG-AO', '86688b66-166d-4624-817e-766dfd774aab', 'kuali.lui.lui.relation.state.active', 'kuali.lui.lui.relation.type.registeredforvia.rg2ao', 'rg-ao-relation', 'PHYS375-RG-AO', 'e5ec94ae-4052-40ed-9ca2-625483dc0f1f', '3a0985ca-9d4d-470a-8152-12c65201f021')
/
insert into KSEN_LUI (OBJ_ID, VER_NBR, CREATEID, CREATETIME, UPDATEID, UPDATETIME, ATP_ID, CLU_ID, EFF_DT, EXPIR_DT, DESCR_FORMATTED, LUI_STATE, LUI_TYPE, MAX_SEATS, MIN_SEATS, NAME, DESCR_PLAIN, REF_URL, ID) values ('f159effb-8696-43ed-9caa-4b307c6c6ec1', 0, 'admin', TIMESTAMP '2013-10-25 21:39:28.573', 'admin', TIMESTAMP '2013-10-25 21:39:28.573', 'kuali.atp.2011Spring', '8784d821-e63f-40c0-8683-5cd4574c62de', '', '', '1002', 'kuali.lui.registration.group.state.pending', 'kuali.lui.type.registration.group', '', '', '1002', '1002', '', '5d17a30e-c0cd-486f-92ad-e47b916cb3d6')
/
insert into KSEN_LUI_ATTR (OBJ_ID, ATTR_KEY, OWNER_ID, ATTR_VALUE, ID) values ('7aaaa11b-9ee9-42eb-a256-6feab38ccfb0', 'kuali.attribute.registration.group.aocluster.id', '5d17a30e-c0cd-486f-92ad-e47b916cb3d6', '28c37c63-c62c-403b-8ac9-dec4d00085b8', 'cc68461b-ffb9-4cfb-a97f-7913bafc2350')
/
insert into KSEN_LUI_ATTR (OBJ_ID, ATTR_KEY, OWNER_ID, ATTR_VALUE, ID) values ('a23fafae-77f2-46b6-85e8-ed70be571aea', 'kuali.attribute.registration.group.is.generated', '5d17a30e-c0cd-486f-92ad-e47b916cb3d6', '1', '3d2b7b84-018e-45c5-b401-a95ab7795652')
/
insert into KSEN_LUI_IDENT (OBJ_ID, VER_NBR, CREATEID, CREATETIME, UPDATEID, UPDATETIME, LUI_CD, DIVISION, IDENT_LEVEL, LNG_NAME, LUI_ID, ORGID, SHRT_NAME, LUI_ID_STATE, SUFX_CD, LUI_ID_TYPE, VARTN, ID) values ('c8c4e98c-64e3-4fd1-8d14-d8509af73d84', 0, 'admin', TIMESTAMP '2013-10-25 21:39:28.573', 'admin', TIMESTAMP '2013-10-25 21:39:28.573', '', '', '', '', '5d17a30e-c0cd-486f-92ad-e47b916cb3d6', '', '', 'kuali.lui.identifier.state.active', '', 'kuali.lui.identifier.type.official', '', '060abdce-732b-4594-9668-23a6efe2d0b5')
/
insert into KSEN_LUILUI_RELTN (OBJ_ID, VER_NBR, CREATEID, CREATETIME, UPDATEID, UPDATETIME, EFF_DT, EXPIR_DT, DESCR_FORMATTED, LUI_ID, LUILUI_RELTN_STATE, LUILUI_RELTN_TYPE, NAME, DESCR_PLAIN, RELATED_LUI_ID, ID) values ('9a1050ab-b3fa-44dd-ae8c-67478d4aa4a6', 0, 'admin', TIMESTAMP '2013-10-25 21:39:28.573', 'admin', TIMESTAMP '2013-10-25 21:39:28.573', TIMESTAMP '2013-10-25 21:39:30.704', '', 'PHYS375-FO-RG', '9c6e3d2e-555c-41fe-9d04-d1657f143a59', 'kuali.lui.lui.relation.state.active', 'kuali.lui.lui.relation.type.deliveredvia.fo2rg', 'fo-rg-relation', 'PHYS375-FO-RG', '5d17a30e-c0cd-486f-92ad-e47b916cb3d6', 'f942b2fd-adc5-4a86-8b5a-39c70ca25812')
/
insert into KSEN_LUILUI_RELTN (OBJ_ID, VER_NBR, CREATEID, CREATETIME, UPDATEID, UPDATETIME, EFF_DT, EXPIR_DT, DESCR_FORMATTED, LUI_ID, LUILUI_RELTN_STATE, LUILUI_RELTN_TYPE, NAME, DESCR_PLAIN, RELATED_LUI_ID, ID) values ('93fcee1b-910f-4209-a16b-2140c6eefbb9', 0, 'admin', TIMESTAMP '2013-10-25 21:39:28.573', 'admin', TIMESTAMP '2013-10-25 21:39:28.573', TIMESTAMP '2013-10-25 21:39:30.705', '', 'PHYS375-RG-AO', '5d17a30e-c0cd-486f-92ad-e47b916cb3d6', 'kuali.lui.lui.relation.state.active', 'kuali.lui.lui.relation.type.registeredforvia.rg2ao', 'rg-ao-relation', 'PHYS375-RG-AO', 'cbdff9f8-32ac-415a-a871-6c9c840e966f', '2e185190-c964-401c-9230-e17e197d8a58')
/
insert into KSEN_LUILUI_RELTN (OBJ_ID, VER_NBR, CREATEID, CREATETIME, UPDATEID, UPDATETIME, EFF_DT, EXPIR_DT, DESCR_FORMATTED, LUI_ID, LUILUI_RELTN_STATE, LUILUI_RELTN_TYPE, NAME, DESCR_PLAIN, RELATED_LUI_ID, ID) values ('ce6462da-14ac-4554-8b97-6ac5a6484fb2', 0, 'admin', TIMESTAMP '2013-10-25 21:39:28.573', 'admin', TIMESTAMP '2013-10-25 21:39:28.573', TIMESTAMP '2013-10-25 21:39:30.706', '', 'PHYS375-RG-AO', '5d17a30e-c0cd-486f-92ad-e47b916cb3d6', 'kuali.lui.lui.relation.state.active', 'kuali.lui.lui.relation.type.registeredforvia.rg2ao', 'rg-ao-relation', 'PHYS375-RG-AO', 'e5ec94ae-4052-40ed-9ca2-625483dc0f1f', '90fde3f7-96a4-447b-b4af-b31412133a76')
/
insert into KSEN_LUI (OBJ_ID, VER_NBR, CREATEID, CREATETIME, UPDATEID, UPDATETIME, ATP_ID, CLU_ID, EFF_DT, EXPIR_DT, DESCR_FORMATTED, LUI_STATE, LUI_TYPE, MAX_SEATS, MIN_SEATS, NAME, DESCR_PLAIN, REF_URL, ID) values ('d8cda999-d32d-4c86-bf24-e585c197a09c', 0, 'admin', TIMESTAMP '2013-10-25 21:39:28.573', 'admin', TIMESTAMP '2013-10-25 21:39:28.573', 'kuali.atp.2011Spring', '8784d821-e63f-40c0-8683-5cd4574c62de', '', '', '1003', 'kuali.lui.registration.group.state.pending', 'kuali.lui.type.registration.group', '', '', '1003', '1003', '', 'ec0b9a72-1ba1-42bb-b0e0-2bb94567f11b')
/
insert into KSEN_LUI_ATTR (OBJ_ID, ATTR_KEY, OWNER_ID, ATTR_VALUE, ID) values ('cbdbb6ad-e781-416d-a3bc-58b2ba46cdea', 'kuali.attribute.registration.group.aocluster.id', 'ec0b9a72-1ba1-42bb-b0e0-2bb94567f11b', '28c37c63-c62c-403b-8ac9-dec4d00085b8', '59fecde5-96e6-41e8-946e-178651be8dcc')
/
insert into KSEN_LUI_ATTR (OBJ_ID, ATTR_KEY, OWNER_ID, ATTR_VALUE, ID) values ('1eac35ef-dc8f-4012-906a-463afb9f9073', 'kuali.attribute.registration.group.is.generated', 'ec0b9a72-1ba1-42bb-b0e0-2bb94567f11b', '1', '55c0b5db-2920-438c-a43d-35448ed0afe2')
/
insert into KSEN_LUI_IDENT (OBJ_ID, VER_NBR, CREATEID, CREATETIME, UPDATEID, UPDATETIME, LUI_CD, DIVISION, IDENT_LEVEL, LNG_NAME, LUI_ID, ORGID, SHRT_NAME, LUI_ID_STATE, SUFX_CD, LUI_ID_TYPE, VARTN, ID) values ('a1d24e82-939c-4275-be74-215b6ae44137', 0, 'admin', TIMESTAMP '2013-10-25 21:39:28.573', 'admin', TIMESTAMP '2013-10-25 21:39:28.573', '', '', '', '', 'ec0b9a72-1ba1-42bb-b0e0-2bb94567f11b', '', '', 'kuali.lui.identifier.state.active', '', 'kuali.lui.identifier.type.official', '', '13f61bcd-aa34-4b2c-bb94-f858e6d30883')
/
insert into KSEN_LUILUI_RELTN (OBJ_ID, VER_NBR, CREATEID, CREATETIME, UPDATEID, UPDATETIME, EFF_DT, EXPIR_DT, DESCR_FORMATTED, LUI_ID, LUILUI_RELTN_STATE, LUILUI_RELTN_TYPE, NAME, DESCR_PLAIN, RELATED_LUI_ID, ID) values ('20c9bca9-b700-434a-8a5b-792b37eb8d78', 0, 'admin', TIMESTAMP '2013-10-25 21:39:28.573', 'admin', TIMESTAMP '2013-10-25 21:39:28.573', TIMESTAMP '2013-10-25 21:39:31.19', '', 'PHYS375-FO-RG', '9c6e3d2e-555c-41fe-9d04-d1657f143a59', 'kuali.lui.lui.relation.state.active', 'kuali.lui.lui.relation.type.deliveredvia.fo2rg', 'fo-rg-relation', 'PHYS375-FO-RG', 'ec0b9a72-1ba1-42bb-b0e0-2bb94567f11b', 'ac5d2d67-5b05-4dcd-9988-3c7e1afe95ea')
/
insert into KSEN_LUILUI_RELTN (OBJ_ID, VER_NBR, CREATEID, CREATETIME, UPDATEID, UPDATETIME, EFF_DT, EXPIR_DT, DESCR_FORMATTED, LUI_ID, LUILUI_RELTN_STATE, LUILUI_RELTN_TYPE, NAME, DESCR_PLAIN, RELATED_LUI_ID, ID) values ('c4704ca4-57bb-43ea-9d8c-2215073ca4e5', 0, 'admin', TIMESTAMP '2013-10-25 21:39:28.573', 'admin', TIMESTAMP '2013-10-25 21:39:28.573', TIMESTAMP '2013-10-25 21:39:31.191', '', 'PHYS375-RG-AO', 'ec0b9a72-1ba1-42bb-b0e0-2bb94567f11b', 'kuali.lui.lui.relation.state.active', 'kuali.lui.lui.relation.type.registeredforvia.rg2ao', 'rg-ao-relation', 'PHYS375-RG-AO', 'f9303c88-034b-433b-84c7-447f8a560c3b', '4aab40b4-0e37-474f-826e-42f3bdae4f29')
/
insert into KSEN_LUILUI_RELTN (OBJ_ID, VER_NBR, CREATEID, CREATETIME, UPDATEID, UPDATETIME, EFF_DT, EXPIR_DT, DESCR_FORMATTED, LUI_ID, LUILUI_RELTN_STATE, LUILUI_RELTN_TYPE, NAME, DESCR_PLAIN, RELATED_LUI_ID, ID) values ('d710b70e-607d-4834-a09c-3ddf28e0c72c', 0, 'admin', TIMESTAMP '2013-10-25 21:39:28.573', 'admin', TIMESTAMP '2013-10-25 21:39:28.573', TIMESTAMP '2013-10-25 21:39:31.192', '', 'PHYS375-RG-AO', 'ec0b9a72-1ba1-42bb-b0e0-2bb94567f11b', 'kuali.lui.lui.relation.state.active', 'kuali.lui.lui.relation.type.registeredforvia.rg2ao', 'rg-ao-relation', 'PHYS375-RG-AO', 'e5ec94ae-4052-40ed-9ca2-625483dc0f1f', '3c6fd6fd-5516-4d79-b4ec-0bcadc576e72')
/
insert into KSEN_LUI (OBJ_ID, VER_NBR, CREATEID, CREATETIME, UPDATEID, UPDATETIME, ATP_ID, CLU_ID, EFF_DT, EXPIR_DT, DESCR_FORMATTED, LUI_STATE, LUI_TYPE, MAX_SEATS, MIN_SEATS, NAME, DESCR_PLAIN, REF_URL, ID) values ('48a2b9b0-7199-4e7a-848a-fed9b6892480', 0, 'admin', TIMESTAMP '2013-10-25 21:39:28.573', 'admin', TIMESTAMP '2013-10-25 21:39:28.573', 'kuali.atp.ExamPeriod.2011Spring', 'E990F0B1A43ACD79E040440A9B9A78A0', '', '', '', 'kuali.lui.exam.offering.state.draft', 'kuali.lui.type.exam.offering.final', '', '', '', '', '', '93c4de1c-1193-43b8-97cd-8fa54ab74272')
/
insert into KSEN_LUI_ATTR (OBJ_ID, ATTR_KEY, OWNER_ID, ATTR_VALUE, ID) values ('ded38f67-76da-478f-b722-2e8507d5cb56', 'kuali.attribute.final.exam.activity.driver', '93c4de1c-1193-43b8-97cd-8fa54ab74272', 'kuali.lu.type.activity.Lecture', 'd0111f0c-f425-4b21-a707-3bf2cf2e89ea')
/
insert into KSEN_LUI_ATTR (OBJ_ID, ATTR_KEY, OWNER_ID, ATTR_VALUE, ID) values ('165ddab9-9fbd-4e25-aba2-e41a37c33d10', 'kuali.attribute.final.exam.driver', '93c4de1c-1193-43b8-97cd-8fa54ab74272', 'PER_AO', 'c7d9096d-7a8d-48ad-948a-253c0c7f5348')
/
insert into KSEN_LUI_IDENT (OBJ_ID, VER_NBR, CREATEID, CREATETIME, UPDATEID, UPDATETIME, LUI_CD, DIVISION, IDENT_LEVEL, LNG_NAME, LUI_ID, ORGID, SHRT_NAME, LUI_ID_STATE, SUFX_CD, LUI_ID_TYPE, VARTN, ID) values ('9cce40fc-6250-4695-8a24-e59d8e3b4fda', 0, 'admin', TIMESTAMP '2013-10-25 21:39:28.573', 'admin', TIMESTAMP '2013-10-25 21:39:28.573', '', '', '', '', '93c4de1c-1193-43b8-97cd-8fa54ab74272', '', '', 'kuali.lui.identifier.state.active', '', 'kuali.lui.identifier.type.official', '', '1ecdc3bb-1dc6-407a-b096-733323024e7f')
/
insert into KSEN_LUILUI_RELTN (OBJ_ID, VER_NBR, CREATEID, CREATETIME, UPDATEID, UPDATETIME, EFF_DT, EXPIR_DT, DESCR_FORMATTED, LUI_ID, LUILUI_RELTN_STATE, LUILUI_RELTN_TYPE, NAME, DESCR_PLAIN, RELATED_LUI_ID, ID) values ('62ecb22b-7063-4d70-972c-dbda3073127a', 0, 'admin', TIMESTAMP '2013-10-25 21:39:28.573', 'admin', TIMESTAMP '2013-10-25 21:39:28.573', TIMESTAMP '2013-10-25 21:39:31.718', '', '93c4de1c-1193-43b8-97cd-8fa54ab74272-FO-EO)', '9c6e3d2e-555c-41fe-9d04-d1657f143a59', 'kuali.lui.lui.relation.state.active', 'kuali.lui.lui.relation.type.deliveredvia.fo2eo', 'Fo-Eo-relation', '93c4de1c-1193-43b8-97cd-8fa54ab74272-FO-EO', '93c4de1c-1193-43b8-97cd-8fa54ab74272', '85349c65-0a0f-4ea6-836c-fe2e0cd068cb')
/
insert into KSEN_LUILUI_RELTN_ATTR (OBJ_ID, ATTR_KEY, OWNER_ID, ATTR_VALUE, ID) values ('0d2d3a91-4b63-45ec-8dc9-986743accc18', 'AO1', '85349c65-0a0f-4ea6-836c-fe2e0cd068cb', 'e5ec94ae-4052-40ed-9ca2-625483dc0f1f', '613989c9-7b0e-4209-bb0b-830e7b7a5b9d')
/
insert into KSEN_CWL (OBJ_ID, VER_NBR, CREATEID, CREATETIME, UPDATEID, UPDATETIME, ALLOW_HOLD_UTIL_ENTRIES_IND, AUTO_PROCESSED_IND, CHECK_IN_REQ_IND, CONF_REQ_IND, EFF_DT, EXPIR_DT, MAX_SIZE, REG_IN_FIRST_AAO_IND, STD_DUR_TIME_QTY, STD_DUR_TYPE, CWL_STATE, CWL_TYPE, ID) values ('1f76b273-6db5-49bf-a04c-4e650fa9c45a', 0, 'admin', TIMESTAMP '2013-10-25 21:39:28.573', 'admin', TIMESTAMP '2013-10-25 21:39:28.573', '0', '1', '0', '1', '', '', '', '', '', '', 'kuali.course.waitlist.state.active', 'kuali.course.waitlist.type.course.waitlist', '8230fb9d-03bf-47c8-aa47-3d4b56fbe7d1')
/
insert into KSEN_CWL_ACTIV_OFFER (CWL_ID, ACTIV_OFFER_ID) values ('8230fb9d-03bf-47c8-aa47-3d4b56fbe7d1', 'e5ec94ae-4052-40ed-9ca2-625483dc0f1f')
/
insert into KSEN_CWL_FORMAT_OFFER (CWL_ID, FORMAT_OFFER_ID) values ('8230fb9d-03bf-47c8-aa47-3d4b56fbe7d1', '9c6e3d2e-555c-41fe-9d04-d1657f143a59')
/



-- Term = kuali.atp.2011Spring / 201101, coCode = CHEM484
insert into KSEN_LUI (OBJ_ID, VER_NBR, CREATEID, CREATETIME, UPDATEID, UPDATETIME, ATP_ID, CLU_ID, EFF_DT, EXPIR_DT, DESCR_FORMATTED, LUI_STATE, LUI_TYPE, MAX_SEATS, MIN_SEATS, NAME, DESCR_PLAIN, REF_URL, ID) values ('fb3f3e6f-94fc-4523-ae95-da29ac968bee', 0, 'admin', TIMESTAMP '2013-10-25 20:54:23.301', 'admin', TIMESTAMP '2013-10-25 20:54:23.301', 'kuali.atp.2011Spring', '6f4753ab-dc6a-47dc-800f-22606390fbac', '', '', '', 'kuali.lui.activity.offering.state.draft', 'kuali.lui.type.activity.offering.discussion', 30, '', 'CHEM484 AO', '', '', '5dbd8430-2645-4cb9-a573-7ebc54070ecd')
/
insert into KSEN_LUI_ATTR (OBJ_ID, ATTR_KEY, OWNER_ID, ATTR_VALUE, ID) values ('c6e5a53d-b4fd-44a8-a023-a5642e5da6c7', 'kuali.attribute.course.evaluation.indicator', '5dbd8430-2645-4cb9-a573-7ebc54070ecd', 'null', '47d39850-b8d9-4efd-bf1d-0a7a28a90e58')
/
insert into KSEN_LUI_ATTR (OBJ_ID, ATTR_KEY, OWNER_ID, ATTR_VALUE, ID) values ('e65a8e58-d7eb-4453-bee6-cb77e11d07cf', 'kuali.attribute.max.enrollment.is.estimate', '5dbd8430-2645-4cb9-a573-7ebc54070ecd', 'null', '25b753cc-dfe7-49e0-9333-509070b96eaa')
/
insert into KSEN_LUI_ATTR (OBJ_ID, ATTR_KEY, OWNER_ID, ATTR_VALUE, ID) values ('1c7b0ef9-9d4a-47f9-adea-76e3d47e4cfc', 'kuali.attribute.nonstd.ts.indicator', '5dbd8430-2645-4cb9-a573-7ebc54070ecd', '0', '6c650669-9654-44f4-abef-8b8d2125ca44')
/
insert into KSEN_LUI_IDENT (OBJ_ID, VER_NBR, CREATEID, CREATETIME, UPDATEID, UPDATETIME, LUI_CD, DIVISION, IDENT_LEVEL, LNG_NAME, LUI_ID, ORGID, SHRT_NAME, LUI_ID_STATE, SUFX_CD, LUI_ID_TYPE, VARTN, ID) values ('5ebf3b09-d057-4d72-9471-ee5e554df282', 0, 'admin', TIMESTAMP '2013-10-25 20:54:23.301', 'admin', TIMESTAMP '2013-10-25 20:54:23.301', 'G', '', '', '', '5dbd8430-2645-4cb9-a573-7ebc54070ecd', '', '', 'kuali.lui.identifier.state.active', '', 'kuali.lui.identifier.type.official', '', 'de97cc31-9f8a-4556-a109-6a6f23f452f3')
/
insert into KSEN_LUI_LU_CD (OBJ_ID, VER_NBR, CREATEID, CREATETIME, UPDATEID, UPDATETIME, DESCR_FORMATTED, LUI_ID, DESCR_PLAIN, LUI_LUCD_TYPE, VALUE, ID) values ('2115ee0a-314a-4402-9688-975cd52aa891', 0, 'admin', TIMESTAMP '2013-10-25 20:54:23.301', 'admin', TIMESTAMP '2013-10-25 20:54:23.301', '', '5dbd8430-2645-4cb9-a573-7ebc54070ecd', '', 'kuali.lu.code.honorsOffering', 'null', 'e234f5cd-cf24-4bb8-939f-c9515ef96147')
/
insert into KSEN_LUILUI_RELTN (OBJ_ID, VER_NBR, CREATEID, CREATETIME, UPDATEID, UPDATETIME, EFF_DT, EXPIR_DT, DESCR_FORMATTED, LUI_ID, LUILUI_RELTN_STATE, LUILUI_RELTN_TYPE, NAME, DESCR_PLAIN, RELATED_LUI_ID, ID) values ('731bb8b0-535f-4873-aee7-f8a88e050bf6', 0, 'admin', TIMESTAMP '2013-10-25 20:54:23.301', 'admin', TIMESTAMP '2013-10-25 20:54:23.301', TIMESTAMP '2013-10-25 20:54:23.493', '', 'CHEM484-FO-AO', 'fa00eec7-9732-4fe7-bc37-9b1b6bb4ce0d', 'kuali.lui.lui.relation.state.active', 'kuali.lui.lui.relation.type.deliveredvia.fo2ao', 'fo-ao-relation', 'CHEM484-FO-AO', '5dbd8430-2645-4cb9-a573-7ebc54070ecd', '69da24d2-56d5-463b-a48a-a25bc0ed6bf9')
/
insert into KSEN_CO_AO_CLUSTER_SET (OBJ_ID, ACTIVITY_OFFERING_TYPE, AO_CLUSTER_ID, ID) values ('257b9f48-57fe-41ef-8632-d5f0b4abd83e', 'kuali.lui.type.activity.offering.discussion', 'c16650a0-279d-4b19-984f-51f0b69b339e', '2feb32a5-eb4d-4eac-9ba0-04da053f8f35')
/
insert into KSEN_CO_AO_CLUSTER_SET_AO (AOC_SET_ID, ACTIVITY_OFFERING_ID) values ('2feb32a5-eb4d-4eac-9ba0-04da053f8f35', '5dbd8430-2645-4cb9-a573-7ebc54070ecd')
/
delete from KSEN_LUILUI_RELTN where ID='4cb2574e-3652-4f26-b0d8-1bb8fa61c9f2' and VER_NBR=0
/
delete from KSEN_LUILUI_RELTN where ID='e692c751-1f66-4482-83b0-80fe5237d596' and VER_NBR=0
/
delete from KSEN_LUI_ATTR where ID='abb80294-c9d8-4286-b7df-b8643c93c822'
/
delete from KSEN_LUI_ATTR where ID='092bbfbf-5c0b-4f83-9a0b-8ef9814e9c32'
/
delete from KSEN_LUI_IDENT where ID='1ab61bee-04bd-4b81-8f1e-fd1dad7c5471' and VER_NBR=0
/
delete from KSEN_LUI where ID='a9c36e02-470f-4d7e-951f-9c45d57050e4' and VER_NBR=1
/
delete from KSEN_LUILUI_RELTN where ID='4c0eb534-c4d6-437d-b473-50f0a9d5db8e' and VER_NBR=0
/
delete from KSEN_LUILUI_RELTN where ID='002ea394-e71b-44ab-b808-779f78958b1c' and VER_NBR=0
/
delete from KSEN_LUI_ATTR where ID='57daf323-3ab9-4667-a068-dd10d388f49c'
/
delete from KSEN_LUI_ATTR where ID='386ed1a1-3fe4-4672-bf81-8a9915b999f6'
/
delete from KSEN_LUI_IDENT where ID='607c355f-6ad1-49c5-941d-0ba235771c12' and VER_NBR=0
/
delete from KSEN_LUI where ID='ec5159f9-56e8-43f5-9108-e104c71a681c' and VER_NBR=1
/
delete from KSEN_LUILUI_RELTN where ID='69f1ae7d-9673-47ad-a48e-d1935833ee6e' and VER_NBR=0
/
delete from KSEN_LUILUI_RELTN where ID='42774b5b-2349-474f-b878-665c4ed49922' and VER_NBR=0
/
delete from KSEN_LUI_ATTR where ID='d4a60090-24c4-4c61-9262-22b165ec618a'
/
delete from KSEN_LUI_ATTR where ID='59bc77de-2c10-4a39-b364-b1a202db0f5a'
/
delete from KSEN_LUI_IDENT where ID='096fde0d-3d16-47d7-bbbe-04c67baafbf6' and VER_NBR=0
/
delete from KSEN_LUI where ID='6057c801-75fc-4cce-82c9-5f2fe41a7e4b' and VER_NBR=1
/
insert into KSEN_LUI_ATTR (OBJ_ID, ATTR_KEY, OWNER_ID, ATTR_VALUE, ID) values ('27533657-171f-415d-b94b-64507d7d3320', 'regCodePrefix', 'fa00eec7-9732-4fe7-bc37-9b1b6bb4ce0d', '1', '37404d2e-67fa-4421-a50f-77a8b6f15583')
/
delete from KSEN_LUI_RELATED_LUI_TYPES where LUI_ID='fa00eec7-9732-4fe7-bc37-9b1b6bb4ce0d'
/
insert into KSEN_LUI_RELATED_LUI_TYPES (LUI_ID, RELATED_LUI_TYPE) values ('fa00eec7-9732-4fe7-bc37-9b1b6bb4ce0d', 'kuali.lui.type.activity.offering.discussion')
/
insert into KSEN_LUI_RELATED_LUI_TYPES (LUI_ID, RELATED_LUI_TYPE) values ('fa00eec7-9732-4fe7-bc37-9b1b6bb4ce0d', 'kuali.lui.type.activity.offering.lab')
/
insert into KSEN_LUI (OBJ_ID, VER_NBR, CREATEID, CREATETIME, UPDATEID, UPDATETIME, ATP_ID, CLU_ID, EFF_DT, EXPIR_DT, DESCR_FORMATTED, LUI_STATE, LUI_TYPE, MAX_SEATS, MIN_SEATS, NAME, DESCR_PLAIN, REF_URL, ID) values ('f6b79f82-5251-4d1d-a0b1-8059567b3ec0', 0, 'admin', TIMESTAMP '2013-10-25 20:54:23.301', 'admin', TIMESTAMP '2013-10-25 20:54:23.301', 'kuali.atp.2011Spring', 'b4cfd499-4a44-4f1b-914d-092fd177dddd', '', '', '1001', 'kuali.lui.registration.group.state.pending', 'kuali.lui.type.registration.group', '', '', '1001', '1001', '', 'c14411c2-dd79-4095-a358-80bd4e032136')
/
insert into KSEN_LUI_ATTR (OBJ_ID, ATTR_KEY, OWNER_ID, ATTR_VALUE, ID) values ('e32ed5b1-38a7-4827-85ae-56583de1d63c', 'kuali.attribute.registration.group.aocluster.id', 'c14411c2-dd79-4095-a358-80bd4e032136', 'c16650a0-279d-4b19-984f-51f0b69b339e', '94bb5cc8-cbfe-4535-b026-d553fb5e7082')
/
insert into KSEN_LUI_ATTR (OBJ_ID, ATTR_KEY, OWNER_ID, ATTR_VALUE, ID) values ('dd2c0474-8fa5-447e-91b2-3ba71bee5fc0', 'kuali.attribute.registration.group.is.generated', 'c14411c2-dd79-4095-a358-80bd4e032136', '1', 'cc090db0-6176-4bff-bf25-906012a69f00')
/
insert into KSEN_LUI_IDENT (OBJ_ID, VER_NBR, CREATEID, CREATETIME, UPDATEID, UPDATETIME, LUI_CD, DIVISION, IDENT_LEVEL, LNG_NAME, LUI_ID, ORGID, SHRT_NAME, LUI_ID_STATE, SUFX_CD, LUI_ID_TYPE, VARTN, ID) values ('66b0c01c-cc59-4a4f-ae48-8da201e43f92', 0, 'admin', TIMESTAMP '2013-10-25 20:54:23.301', 'admin', TIMESTAMP '2013-10-25 20:54:23.301', '', '', '', '', 'c14411c2-dd79-4095-a358-80bd4e032136', '', '', 'kuali.lui.identifier.state.active', '', 'kuali.lui.identifier.type.official', '', '5434727c-de82-4917-a672-a56765b2baa2')
/
insert into KSEN_LUILUI_RELTN (OBJ_ID, VER_NBR, CREATEID, CREATETIME, UPDATEID, UPDATETIME, EFF_DT, EXPIR_DT, DESCR_FORMATTED, LUI_ID, LUILUI_RELTN_STATE, LUILUI_RELTN_TYPE, NAME, DESCR_PLAIN, RELATED_LUI_ID, ID) values ('c8e4c2a8-7e04-47bf-9ba8-7f018a96c7d8', 0, 'admin', TIMESTAMP '2013-10-25 20:54:23.301', 'admin', TIMESTAMP '2013-10-25 20:54:23.301', TIMESTAMP '2013-10-25 20:54:24.531', '', 'CHEM484-FO-RG', 'fa00eec7-9732-4fe7-bc37-9b1b6bb4ce0d', 'kuali.lui.lui.relation.state.active', 'kuali.lui.lui.relation.type.deliveredvia.fo2rg', 'fo-rg-relation', 'CHEM484-FO-RG', 'c14411c2-dd79-4095-a358-80bd4e032136', '6d4a5f98-9809-4c33-bd94-3b3bd600bfc6')
/
insert into KSEN_LUILUI_RELTN (OBJ_ID, VER_NBR, CREATEID, CREATETIME, UPDATEID, UPDATETIME, EFF_DT, EXPIR_DT, DESCR_FORMATTED, LUI_ID, LUILUI_RELTN_STATE, LUILUI_RELTN_TYPE, NAME, DESCR_PLAIN, RELATED_LUI_ID, ID) values ('da19b6a8-c2bf-4738-bd5f-3704d6c65289', 0, 'admin', TIMESTAMP '2013-10-25 20:54:23.301', 'admin', TIMESTAMP '2013-10-25 20:54:23.301', TIMESTAMP '2013-10-25 20:54:24.532', '', 'CHEM484-RG-AO', 'c14411c2-dd79-4095-a358-80bd4e032136', 'kuali.lui.lui.relation.state.active', 'kuali.lui.lui.relation.type.registeredforvia.rg2ao', 'rg-ao-relation', 'CHEM484-RG-AO', '97610eff-5688-477d-925e-2d4059f3ebb2', 'dad7de8e-bc5d-4cd3-832f-3b4fa284f48f')
/
insert into KSEN_LUILUI_RELTN (OBJ_ID, VER_NBR, CREATEID, CREATETIME, UPDATEID, UPDATETIME, EFF_DT, EXPIR_DT, DESCR_FORMATTED, LUI_ID, LUILUI_RELTN_STATE, LUILUI_RELTN_TYPE, NAME, DESCR_PLAIN, RELATED_LUI_ID, ID) values ('a1ac31c5-6e17-498d-bbcd-6597c969e441', 0, 'admin', TIMESTAMP '2013-10-25 20:54:23.301', 'admin', TIMESTAMP '2013-10-25 20:54:23.301', TIMESTAMP '2013-10-25 20:54:24.532', '', 'CHEM484-RG-AO', 'c14411c2-dd79-4095-a358-80bd4e032136', 'kuali.lui.lui.relation.state.active', 'kuali.lui.lui.relation.type.registeredforvia.rg2ao', 'rg-ao-relation', 'CHEM484-RG-AO', '5dbd8430-2645-4cb9-a573-7ebc54070ecd', '684c029a-0f73-4c38-978a-729b04ebaae1')
/
insert into KSEN_LUI (OBJ_ID, VER_NBR, CREATEID, CREATETIME, UPDATEID, UPDATETIME, ATP_ID, CLU_ID, EFF_DT, EXPIR_DT, DESCR_FORMATTED, LUI_STATE, LUI_TYPE, MAX_SEATS, MIN_SEATS, NAME, DESCR_PLAIN, REF_URL, ID) values ('a7a6fafa-5229-4953-bd97-05c45cc18ec1', 0, 'admin', TIMESTAMP '2013-10-25 20:54:23.301', 'admin', TIMESTAMP '2013-10-25 20:54:23.301', 'kuali.atp.2011Spring', 'b4cfd499-4a44-4f1b-914d-092fd177dddd', '', '', '1002', 'kuali.lui.registration.group.state.pending', 'kuali.lui.type.registration.group', '', '', '1002', '1002', '', '37c19bd0-df7b-40d1-b846-627174924c66')
/
insert into KSEN_LUI_ATTR (OBJ_ID, ATTR_KEY, OWNER_ID, ATTR_VALUE, ID) values ('5dea1b81-72ed-4ba2-a97b-2232b3e27a47', 'kuali.attribute.registration.group.is.generated', '37c19bd0-df7b-40d1-b846-627174924c66', '1', '4de7551c-2cce-4f75-9ed9-d4ff47cb1a61')
/
insert into KSEN_LUI_ATTR (OBJ_ID, ATTR_KEY, OWNER_ID, ATTR_VALUE, ID) values ('8598aa2c-9c90-401c-860f-0e58a05c4dca', 'kuali.attribute.registration.group.aocluster.id', '37c19bd0-df7b-40d1-b846-627174924c66', 'c16650a0-279d-4b19-984f-51f0b69b339e', '67e14b68-b552-40d6-a23e-245a3c86e3ca')
/
insert into KSEN_LUI_IDENT (OBJ_ID, VER_NBR, CREATEID, CREATETIME, UPDATEID, UPDATETIME, LUI_CD, DIVISION, IDENT_LEVEL, LNG_NAME, LUI_ID, ORGID, SHRT_NAME, LUI_ID_STATE, SUFX_CD, LUI_ID_TYPE, VARTN, ID) values ('7c522b12-3fc1-4e5e-a56b-2610922ac995', 0, 'admin', TIMESTAMP '2013-10-25 20:54:23.301', 'admin', TIMESTAMP '2013-10-25 20:54:23.301', '', '', '', '', '37c19bd0-df7b-40d1-b846-627174924c66', '', '', 'kuali.lui.identifier.state.active', '', 'kuali.lui.identifier.type.official', '', 'a5512c4d-21e5-443d-b97e-741722f738f6')
/
insert into KSEN_LUILUI_RELTN (OBJ_ID, VER_NBR, CREATEID, CREATETIME, UPDATEID, UPDATETIME, EFF_DT, EXPIR_DT, DESCR_FORMATTED, LUI_ID, LUILUI_RELTN_STATE, LUILUI_RELTN_TYPE, NAME, DESCR_PLAIN, RELATED_LUI_ID, ID) values ('6da6410a-f288-4ae7-919d-77970a41ca2c', 0, 'admin', TIMESTAMP '2013-10-25 20:54:23.301', 'admin', TIMESTAMP '2013-10-25 20:54:23.301', TIMESTAMP '2013-10-25 20:54:24.95', '', 'CHEM484-FO-RG', 'fa00eec7-9732-4fe7-bc37-9b1b6bb4ce0d', 'kuali.lui.lui.relation.state.active', 'kuali.lui.lui.relation.type.deliveredvia.fo2rg', 'fo-rg-relation', 'CHEM484-FO-RG', '37c19bd0-df7b-40d1-b846-627174924c66', '80afe8b0-f76f-48e1-a5a5-8e6da8612d01')
/
insert into KSEN_LUILUI_RELTN (OBJ_ID, VER_NBR, CREATEID, CREATETIME, UPDATEID, UPDATETIME, EFF_DT, EXPIR_DT, DESCR_FORMATTED, LUI_ID, LUILUI_RELTN_STATE, LUILUI_RELTN_TYPE, NAME, DESCR_PLAIN, RELATED_LUI_ID, ID) values ('10890f1e-3a24-4de2-ae0a-0c9859c00876', 0, 'admin', TIMESTAMP '2013-10-25 20:54:23.301', 'admin', TIMESTAMP '2013-10-25 20:54:23.301', TIMESTAMP '2013-10-25 20:54:24.95', '', 'CHEM484-RG-AO', '37c19bd0-df7b-40d1-b846-627174924c66', 'kuali.lui.lui.relation.state.active', 'kuali.lui.lui.relation.type.registeredforvia.rg2ao', 'rg-ao-relation', 'CHEM484-RG-AO', 'cf6b1f09-bc32-413c-9f04-6ba1504097e3', 'ca989554-efa8-4cc5-8d23-ae982b418d90')
/
insert into KSEN_LUILUI_RELTN (OBJ_ID, VER_NBR, CREATEID, CREATETIME, UPDATEID, UPDATETIME, EFF_DT, EXPIR_DT, DESCR_FORMATTED, LUI_ID, LUILUI_RELTN_STATE, LUILUI_RELTN_TYPE, NAME, DESCR_PLAIN, RELATED_LUI_ID, ID) values ('c986a5af-5d5c-44e4-8c99-c93411dae9d6', 0, 'admin', TIMESTAMP '2013-10-25 20:54:23.301', 'admin', TIMESTAMP '2013-10-25 20:54:23.301', TIMESTAMP '2013-10-25 20:54:24.951', '', 'CHEM484-RG-AO', '37c19bd0-df7b-40d1-b846-627174924c66', 'kuali.lui.lui.relation.state.active', 'kuali.lui.lui.relation.type.registeredforvia.rg2ao', 'rg-ao-relation', 'CHEM484-RG-AO', '5dbd8430-2645-4cb9-a573-7ebc54070ecd', '0640e3dc-45fd-4b58-aefc-f4327a151640')
/
insert into KSEN_LUI (OBJ_ID, VER_NBR, CREATEID, CREATETIME, UPDATEID, UPDATETIME, ATP_ID, CLU_ID, EFF_DT, EXPIR_DT, DESCR_FORMATTED, LUI_STATE, LUI_TYPE, MAX_SEATS, MIN_SEATS, NAME, DESCR_PLAIN, REF_URL, ID) values ('e73ea238-3d0a-403b-a691-8eefaf5d9ebf', 0, 'admin', TIMESTAMP '2013-10-25 20:54:23.301', 'admin', TIMESTAMP '2013-10-25 20:54:23.301', 'kuali.atp.2011Spring', 'b4cfd499-4a44-4f1b-914d-092fd177dddd', '', '', '1003', 'kuali.lui.registration.group.state.pending', 'kuali.lui.type.registration.group', '', '', '1003', '1003', '', '35d18095-b107-4a02-923f-d42972481e39')
/
insert into KSEN_LUI_ATTR (OBJ_ID, ATTR_KEY, OWNER_ID, ATTR_VALUE, ID) values ('9f047f3f-5b23-4eff-82a8-eb978ccf9b8b', 'kuali.attribute.registration.group.aocluster.id', '35d18095-b107-4a02-923f-d42972481e39', 'c16650a0-279d-4b19-984f-51f0b69b339e', '3bc457a7-df29-42bc-be7f-6c72f0d9b445')
/
insert into KSEN_LUI_ATTR (OBJ_ID, ATTR_KEY, OWNER_ID, ATTR_VALUE, ID) values ('5ab41d09-34f7-43af-a109-817b396bf54e', 'kuali.attribute.registration.group.is.generated', '35d18095-b107-4a02-923f-d42972481e39', '1', 'eacf5a6a-c829-4068-a420-3dcb3f9879f4')
/
insert into KSEN_LUI_IDENT (OBJ_ID, VER_NBR, CREATEID, CREATETIME, UPDATEID, UPDATETIME, LUI_CD, DIVISION, IDENT_LEVEL, LNG_NAME, LUI_ID, ORGID, SHRT_NAME, LUI_ID_STATE, SUFX_CD, LUI_ID_TYPE, VARTN, ID) values ('fcc375fb-40ad-44a3-9137-5248c48a4d5f', 0, 'admin', TIMESTAMP '2013-10-25 20:54:23.301', 'admin', TIMESTAMP '2013-10-25 20:54:23.301', '', '', '', '', '35d18095-b107-4a02-923f-d42972481e39', '', '', 'kuali.lui.identifier.state.active', '', 'kuali.lui.identifier.type.official', '', '6495500c-7d5d-43f1-9367-457d86dfded0')
/
insert into KSEN_LUILUI_RELTN (OBJ_ID, VER_NBR, CREATEID, CREATETIME, UPDATEID, UPDATETIME, EFF_DT, EXPIR_DT, DESCR_FORMATTED, LUI_ID, LUILUI_RELTN_STATE, LUILUI_RELTN_TYPE, NAME, DESCR_PLAIN, RELATED_LUI_ID, ID) values ('4fa22a46-b329-4b5b-a014-8e260ad7bbad', 0, 'admin', TIMESTAMP '2013-10-25 20:54:23.301', 'admin', TIMESTAMP '2013-10-25 20:54:23.301', TIMESTAMP '2013-10-25 20:54:25.412', '', 'CHEM484-FO-RG', 'fa00eec7-9732-4fe7-bc37-9b1b6bb4ce0d', 'kuali.lui.lui.relation.state.active', 'kuali.lui.lui.relation.type.deliveredvia.fo2rg', 'fo-rg-relation', 'CHEM484-FO-RG', '35d18095-b107-4a02-923f-d42972481e39', '1ed6eacd-8169-4f80-bcb4-59845d34a3ed')
/
insert into KSEN_LUILUI_RELTN (OBJ_ID, VER_NBR, CREATEID, CREATETIME, UPDATEID, UPDATETIME, EFF_DT, EXPIR_DT, DESCR_FORMATTED, LUI_ID, LUILUI_RELTN_STATE, LUILUI_RELTN_TYPE, NAME, DESCR_PLAIN, RELATED_LUI_ID, ID) values ('8a590037-75f9-4bc9-b5ab-7304e952e2cf', 0, 'admin', TIMESTAMP '2013-10-25 20:54:23.301', 'admin', TIMESTAMP '2013-10-25 20:54:23.301', TIMESTAMP '2013-10-25 20:54:25.412', '', 'CHEM484-RG-AO', '35d18095-b107-4a02-923f-d42972481e39', 'kuali.lui.lui.relation.state.active', 'kuali.lui.lui.relation.type.registeredforvia.rg2ao', 'rg-ao-relation', 'CHEM484-RG-AO', '0bc8107b-0795-4dcc-9a34-cb12ac14acbf', '72c9d02e-f4df-4d6f-8047-2db03cc308ac')
/
insert into KSEN_LUILUI_RELTN (OBJ_ID, VER_NBR, CREATEID, CREATETIME, UPDATEID, UPDATETIME, EFF_DT, EXPIR_DT, DESCR_FORMATTED, LUI_ID, LUILUI_RELTN_STATE, LUILUI_RELTN_TYPE, NAME, DESCR_PLAIN, RELATED_LUI_ID, ID) values ('8727545e-03af-4323-9073-fef4208f82c8', 0, 'admin', TIMESTAMP '2013-10-25 20:54:23.301', 'admin', TIMESTAMP '2013-10-25 20:54:23.301', TIMESTAMP '2013-10-25 20:54:25.413', '', 'CHEM484-RG-AO', '35d18095-b107-4a02-923f-d42972481e39', 'kuali.lui.lui.relation.state.active', 'kuali.lui.lui.relation.type.registeredforvia.rg2ao', 'rg-ao-relation', 'CHEM484-RG-AO', '5dbd8430-2645-4cb9-a573-7ebc54070ecd', '8163a80a-e3a7-40a2-aee6-f544b9778d8d')
/
insert into KSEN_CWL (OBJ_ID, VER_NBR, CREATEID, CREATETIME, UPDATEID, UPDATETIME, ALLOW_HOLD_UTIL_ENTRIES_IND, AUTO_PROCESSED_IND, CHECK_IN_REQ_IND, CONF_REQ_IND, EFF_DT, EXPIR_DT, MAX_SIZE, REG_IN_FIRST_AAO_IND, STD_DUR_TIME_QTY, STD_DUR_TYPE, CWL_STATE, CWL_TYPE, ID) values ('ec7d4bf3-4f83-489c-a3da-65930314287a', 0, 'admin', TIMESTAMP '2013-10-25 20:54:23.301', 'admin', TIMESTAMP '2013-10-25 20:54:23.301', '0', '1', '0', '1', '', '', '', '', '', '', 'kuali.course.waitlist.state.active', 'kuali.course.waitlist.type.course.waitlist', 'e4430cf5-4970-49e6-9f16-670396058d2a')
/
insert into KSEN_CWL_ACTIV_OFFER (CWL_ID, ACTIV_OFFER_ID) values ('e4430cf5-4970-49e6-9f16-670396058d2a', '5dbd8430-2645-4cb9-a573-7ebc54070ecd')
/
insert into KSEN_CWL_FORMAT_OFFER (CWL_ID, FORMAT_OFFER_ID) values ('e4430cf5-4970-49e6-9f16-670396058d2a', 'fa00eec7-9732-4fe7-bc37-9b1b6bb4ce0d')
/


-- Term = kuali.atp.2011Spring / 201105, coCode = CHEM242
insert into KSEN_LUI (OBJ_ID, VER_NBR, CREATEID, CREATETIME, UPDATEID, UPDATETIME, ATP_ID, CLU_ID, EFF_DT, EXPIR_DT, DESCR_FORMATTED, LUI_STATE, LUI_TYPE, MAX_SEATS, MIN_SEATS, NAME, DESCR_PLAIN, REF_URL, ID) values ('6340a140-649f-402f-8e74-07092df09e51', 0, 'admin', TIMESTAMP '2013-10-26 23:11:02.779', 'admin', TIMESTAMP '2013-10-26 23:11:02.779', 'kuali.atp.2011Summer1', '06b65acf-167f-4864-8870-4aeb3e333277', '', '', '', 'kuali.lui.activity.offering.state.draft', 'kuali.lui.type.activity.offering.lecture', 164, '', 'CHEM242 AO', '', '', '0df927ee-e450-499e-85c9-0c15576dc027')
/
insert into KSEN_LUI_ATTR (OBJ_ID, ATTR_KEY, OWNER_ID, ATTR_VALUE, ID) values ('e8b01bd5-9181-466f-9ad6-a70267600ae7', 'kuali.attribute.course.evaluation.indicator', '0df927ee-e450-499e-85c9-0c15576dc027', 'null', '76e311ea-be9f-4b18-8c27-7d61f9796c29')
/
insert into KSEN_LUI_ATTR (OBJ_ID, ATTR_KEY, OWNER_ID, ATTR_VALUE, ID) values ('bc2125aa-0359-402b-a1b3-1683c668d44a', 'kuali.attribute.nonstd.ts.indicator', '0df927ee-e450-499e-85c9-0c15576dc027', '0', '1d76b397-28e5-4f6b-89ff-a1bd0feb21a7')
/
insert into KSEN_LUI_ATTR (OBJ_ID, ATTR_KEY, OWNER_ID, ATTR_VALUE, ID) values ('8dc814db-52df-4ba3-8778-9d92e8363096', 'kuali.attribute.max.enrollment.is.estimate', '0df927ee-e450-499e-85c9-0c15576dc027', 'null', 'cd33fb93-8927-41b2-a4f3-108b1d8c281b')
/
insert into KSEN_LUI_IDENT (OBJ_ID, VER_NBR, CREATEID, CREATETIME, UPDATEID, UPDATETIME, LUI_CD, DIVISION, IDENT_LEVEL, LNG_NAME, LUI_ID, ORGID, SHRT_NAME, LUI_ID_STATE, SUFX_CD, LUI_ID_TYPE, VARTN, ID) values ('afeab524-546b-4e5b-bd3c-2dd1ca666598', 0, 'admin', TIMESTAMP '2013-10-26 23:11:02.779', 'admin', TIMESTAMP '2013-10-26 23:11:02.779', 'K', '', '', '', '0df927ee-e450-499e-85c9-0c15576dc027', '', '', 'kuali.lui.identifier.state.active', '', 'kuali.lui.identifier.type.official', '', 'b10125e2-7f71-4b1f-a3a4-6bd2c3bf18b5')
/
insert into KSEN_LUI_LU_CD (OBJ_ID, VER_NBR, CREATEID, CREATETIME, UPDATEID, UPDATETIME, DESCR_FORMATTED, LUI_ID, DESCR_PLAIN, LUI_LUCD_TYPE, VALUE, ID) values ('6dd2e384-3a72-4b7e-bb0b-7d3af8bfbc86', 0, 'admin', TIMESTAMP '2013-10-26 23:11:02.779', 'admin', TIMESTAMP '2013-10-26 23:11:02.779', '', '0df927ee-e450-499e-85c9-0c15576dc027', '', 'kuali.lu.code.honorsOffering', 'null', 'af6d6826-5235-43d6-9206-a0b9a3ff2ae2')
/
insert into KSEN_LUILUI_RELTN (OBJ_ID, VER_NBR, CREATEID, CREATETIME, UPDATEID, UPDATETIME, EFF_DT, EXPIR_DT, DESCR_FORMATTED, LUI_ID, LUILUI_RELTN_STATE, LUILUI_RELTN_TYPE, NAME, DESCR_PLAIN, RELATED_LUI_ID, ID) values ('3b35e9ce-21cc-4567-9aa8-84ec5b58a64b', 0, 'admin', TIMESTAMP '2013-10-26 23:11:02.779', 'admin', TIMESTAMP '2013-10-26 23:11:02.779', TIMESTAMP '2013-10-26 23:11:03.048', '', 'CHEM242-FO-AO', '70c5646d-894f-4e60-acd5-156eb533474d', 'kuali.lui.lui.relation.state.active', 'kuali.lui.lui.relation.type.deliveredvia.fo2ao', 'fo-ao-relation', 'CHEM242-FO-AO', '0df927ee-e450-499e-85c9-0c15576dc027', 'cf4f655f-425f-456c-8cec-1b189e88776f')
/
insert into KSEN_CO_AO_CLUSTER_SET (OBJ_ID, ACTIVITY_OFFERING_TYPE, AO_CLUSTER_ID, ID) values ('ab1e766e-c33a-425e-a4f3-788516c78e88', 'kuali.lui.type.activity.offering.lecture', 'be265ec3-840b-42d7-af12-56d73b18a617', 'db4c098f-65f6-443f-94e0-6aeac3565a7e')
/
insert into KSEN_CO_AO_CLUSTER_SET_AO (AOC_SET_ID, ACTIVITY_OFFERING_ID) values ('db4c098f-65f6-443f-94e0-6aeac3565a7e', '0df927ee-e450-499e-85c9-0c15576dc027')
/
delete from KSEN_LUILUI_RELTN where ID='97a18a3f-4652-45d3-b93f-aa1cec8325f8' and VER_NBR=0
/
delete from KSEN_LUILUI_RELTN where ID='5fd82bf5-75af-47b0-b14c-ad0344591b3d' and VER_NBR=0
/
delete from KSEN_LUI_ATTR where ID='8ec0c2af-ea45-4df8-9722-aace07cf52ea'
/
delete from KSEN_LUI_ATTR where ID='4d31f093-38c8-4038-bcf9-86f6a8e05689'
/
delete from KSEN_LUI_IDENT where ID='888101c2-6566-4191-94a6-d82ff818c314' and VER_NBR=0
/
delete from KSEN_LUI where ID='1bd4abed-805b-4ccd-b651-7e266583fe91' and VER_NBR=1
/
delete from KSEN_LUILUI_RELTN where ID='647cca7e-c574-4e6e-8afb-19b5eb14075f' and VER_NBR=0
/
delete from KSEN_LUILUI_RELTN where ID='3383d0c5-d69a-4d77-aa20-726c54e0e577' and VER_NBR=0
/
delete from KSEN_LUI_ATTR where ID='a853e0c5-9e92-4a61-bfd6-eb76f1fb043e'
/
delete from KSEN_LUI_ATTR where ID='55d79e2b-1934-4f15-9f07-6b35b42026d8'
/
delete from KSEN_LUI_IDENT where ID='433a65d7-da4d-4d4d-8a68-18defb7acc9e' and VER_NBR=0
/
delete from KSEN_LUI where ID='79d2bac8-7acf-4911-a613-71d0c7778b2f' and VER_NBR=1
/
delete from KSEN_LUILUI_RELTN where ID='e58af8e1-adc3-40cb-b63a-fa6c584b3914' and VER_NBR=0
/
delete from KSEN_LUILUI_RELTN where ID='dc6d9074-d870-483a-be7b-6a99883caa22' and VER_NBR=0
/
delete from KSEN_LUI_ATTR where ID='dd57b432-9e60-4ee4-bb4d-4a5762d4c338'
/
delete from KSEN_LUI_ATTR where ID='bcc8eb54-5377-4ba1-8e23-1d8edf73978d'
/
delete from KSEN_LUI_IDENT where ID='bb40dbf1-308f-47e2-8542-6376d761afe9' and VER_NBR=0
/
delete from KSEN_LUI where ID='22c42919-439a-488f-b14f-4788c0a90efc' and VER_NBR=1
/
delete from KSEN_LUILUI_RELTN where ID='d86dc187-5fd6-41e8-993e-bd97ad3f7d6b' and VER_NBR=0
/
delete from KSEN_LUILUI_RELTN where ID='686d8b55-26aa-41c9-af15-328b96bb9905' and VER_NBR=0
/
delete from KSEN_LUI_ATTR where ID='b51b3e55-be2e-4e95-bda5-4416503b3150'
/
delete from KSEN_LUI_ATTR where ID='cbfd4d8e-6a87-4ffb-8955-f4ca1151df6c'
/
delete from KSEN_LUI_IDENT where ID='ce29524c-33ac-4773-836e-24731375ce6e' and VER_NBR=0
/
delete from KSEN_LUI where ID='13b4b8e0-0f9a-4447-8c8b-e19a5a54e798' and VER_NBR=1
/
delete from KSEN_LUILUI_RELTN where ID='f2a609e3-56b9-4f80-99f9-bbee493c2178' and VER_NBR=0
/
delete from KSEN_LUILUI_RELTN where ID='569ebe7e-eaa6-478d-ba12-75dffacb2929' and VER_NBR=0
/
delete from KSEN_LUI_ATTR where ID='6df2954e-baa0-4ff2-b3c3-18cf4ccd4e40'
/
delete from KSEN_LUI_ATTR where ID='14d7b3d8-1bb8-47a6-a17d-9201bf7901c7'
/
delete from KSEN_LUI_IDENT where ID='bea7b3c1-5398-40d0-b0ee-d10dab941eaa' and VER_NBR=0
/
delete from KSEN_LUI where ID='caddc279-a98c-47f9-a611-f22eb4f004eb' and VER_NBR=1
/
delete from KSEN_LUILUI_RELTN where ID='de6bc15d-066c-4b6e-ad3b-f3dcd55eae72' and VER_NBR=0
/
delete from KSEN_LUILUI_RELTN where ID='967b55e3-ed6d-43a1-ada2-c8a6b2d5385d' and VER_NBR=0
/
delete from KSEN_LUI_ATTR where ID='f31d7d42-5875-470f-84d2-3f16558ce2d4'
/
delete from KSEN_LUI_ATTR where ID='a484ca49-6a6a-4be8-a794-6967ff9a54f2'
/
delete from KSEN_LUI_IDENT where ID='89b46686-7726-419f-a7ec-c248e5db2a25' and VER_NBR=0
/
delete from KSEN_LUI where ID='89227ea8-75ec-45c0-99d0-8d09e60a3bc3' and VER_NBR=1
/
delete from KSEN_LUILUI_RELTN where ID='b5060121-9f50-4018-9cfa-06fa5753e7b3' and VER_NBR=0
/
delete from KSEN_LUILUI_RELTN where ID='9bc0e297-7515-4fc7-9e54-7eaf40af8280' and VER_NBR=0
/
delete from KSEN_LUI_ATTR where ID='3b4574a8-c68b-4c09-8dcc-7b5da6c43188'
/
delete from KSEN_LUI_ATTR where ID='55e66c60-a37f-49d4-931c-a8f765828826'
/
delete from KSEN_LUI_IDENT where ID='07f6abe1-bc27-44bc-ae19-088ac4b2b626' and VER_NBR=0
/
delete from KSEN_LUI where ID='959d9d92-1207-4fb1-8d2c-be0d18bb54ae' and VER_NBR=1
/
delete from KSEN_LUILUI_RELTN where ID='9f9b3a84-2655-462c-8cd1-69db96496b22' and VER_NBR=0
/
delete from KSEN_LUILUI_RELTN where ID='360d6999-a98f-42da-b1ef-9f1e19a716bf' and VER_NBR=0
/
delete from KSEN_LUI_ATTR where ID='60db1ad8-5306-42a6-8f12-cc6a6425240e'
/
delete from KSEN_LUI_ATTR where ID='90147fb0-5f97-4a35-a7fa-822e7daac0e1'
/
delete from KSEN_LUI_IDENT where ID='ba53a7c0-1a32-4515-8bdd-18dac5ba4dd4' and VER_NBR=0
/
delete from KSEN_LUI where ID='3cc68939-6850-4224-bbef-7152449321f0' and VER_NBR=1
/
delete from KSEN_LUILUI_RELTN where ID='4357d09b-4125-407d-aa05-277548c99916' and VER_NBR=0
/
delete from KSEN_LUILUI_RELTN where ID='27d82771-5b9f-46cd-9824-acaa1d36079a' and VER_NBR=0
/
delete from KSEN_LUI_ATTR where ID='a64af7c3-c432-4e04-b359-bba6177e00d6'
/
delete from KSEN_LUI_ATTR where ID='449cf226-5192-4623-abd6-77ad4b545e72'
/
delete from KSEN_LUI_IDENT where ID='35e65df6-9313-4484-a4ea-c731093d4473' and VER_NBR=0
/
delete from KSEN_LUI where ID='e7a29a80-dc2d-43eb-a85d-7cd75d550e61' and VER_NBR=1
/
delete from KSEN_LUILUI_RELTN where ID='60d7acb4-2fbf-44c3-b639-94b9d32c957f' and VER_NBR=0
/
delete from KSEN_LUILUI_RELTN where ID='a3cf6f36-d52a-4c6d-8277-de2b7adc32cb' and VER_NBR=0
/
delete from KSEN_LUI_ATTR where ID='edf89c79-009d-4e66-ae58-5c902c800f3a'
/
delete from KSEN_LUI_ATTR where ID='b4446555-95a6-4d1f-9b63-c2d5dd8d2306'
/
delete from KSEN_LUI_IDENT where ID='60193607-f998-4404-8e45-5c362edc8214' and VER_NBR=0
/
delete from KSEN_LUI where ID='202eee03-0f8b-4edc-bdaf-93a88bd290b2' and VER_NBR=1
/
insert into KSEN_LUI_ATTR (OBJ_ID, ATTR_KEY, OWNER_ID, ATTR_VALUE, ID) values ('3a97bf0b-7f55-40e4-bc24-b12a19b9a34c', 'regCodePrefix', '70c5646d-894f-4e60-acd5-156eb533474d', '1', '1f2b728d-bb58-4c37-b411-9a251396dd67')
/
delete from KSEN_LUI_RELATED_LUI_TYPES where LUI_ID='70c5646d-894f-4e60-acd5-156eb533474d'
/
insert into KSEN_LUI_RELATED_LUI_TYPES (LUI_ID, RELATED_LUI_TYPE) values ('70c5646d-894f-4e60-acd5-156eb533474d', 'kuali.lui.type.activity.offering.lab')
/
insert into KSEN_LUI_RELATED_LUI_TYPES (LUI_ID, RELATED_LUI_TYPE) values ('70c5646d-894f-4e60-acd5-156eb533474d', 'kuali.lui.type.activity.offering.lecture')
/
insert into KSEN_LUI (OBJ_ID, VER_NBR, CREATEID, CREATETIME, UPDATEID, UPDATETIME, ATP_ID, CLU_ID, EFF_DT, EXPIR_DT, DESCR_FORMATTED, LUI_STATE, LUI_TYPE, MAX_SEATS, MIN_SEATS, NAME, DESCR_PLAIN, REF_URL, ID) values ('9238a4fb-778d-4a70-b01f-c59f4a66ee03', 0, 'admin', TIMESTAMP '2013-10-26 23:11:02.779', 'admin', TIMESTAMP '2013-10-26 23:11:02.779', 'kuali.atp.2011Summer1', 'd925e275-370d-4d98-bbec-96fe2459a200', '', '', '1001', 'kuali.lui.registration.group.state.pending', 'kuali.lui.type.registration.group', '', '', '1001', '1001', '', '0ae57339-1327-46d4-9fcc-5fb2d9ad0e8a')
/
insert into KSEN_LUI_ATTR (OBJ_ID, ATTR_KEY, OWNER_ID, ATTR_VALUE, ID) values ('32d16007-dd47-4b8d-ac3b-44ca9d80582c', 'kuali.attribute.registration.group.aocluster.id', '0ae57339-1327-46d4-9fcc-5fb2d9ad0e8a', 'be265ec3-840b-42d7-af12-56d73b18a617', '48a28f5d-633f-47a8-8654-e7acff31436d')
/
insert into KSEN_LUI_ATTR (OBJ_ID, ATTR_KEY, OWNER_ID, ATTR_VALUE, ID) values ('8cf7bdd0-6f8c-4d42-9147-7c8e0a5a89be', 'kuali.attribute.registration.group.is.generated', '0ae57339-1327-46d4-9fcc-5fb2d9ad0e8a', '1', 'daa3aa52-6e8c-424d-b17b-fe7e69545289')
/
insert into KSEN_LUI_IDENT (OBJ_ID, VER_NBR, CREATEID, CREATETIME, UPDATEID, UPDATETIME, LUI_CD, DIVISION, IDENT_LEVEL, LNG_NAME, LUI_ID, ORGID, SHRT_NAME, LUI_ID_STATE, SUFX_CD, LUI_ID_TYPE, VARTN, ID) values ('693e1b5f-56ab-413e-826c-9a5c4dd6108f', 0, 'admin', TIMESTAMP '2013-10-26 23:11:02.779', 'admin', TIMESTAMP '2013-10-26 23:11:02.779', '', '', '', '', '0ae57339-1327-46d4-9fcc-5fb2d9ad0e8a', '', '', 'kuali.lui.identifier.state.active', '', 'kuali.lui.identifier.type.official', '', 'aacff4b8-9005-4da6-819e-5a1aad546176')
/
insert into KSEN_LUILUI_RELTN (OBJ_ID, VER_NBR, CREATEID, CREATETIME, UPDATEID, UPDATETIME, EFF_DT, EXPIR_DT, DESCR_FORMATTED, LUI_ID, LUILUI_RELTN_STATE, LUILUI_RELTN_TYPE, NAME, DESCR_PLAIN, RELATED_LUI_ID, ID) values ('79fcedaa-39e6-4689-9bcf-8de8c1cd3cf6', 0, 'admin', TIMESTAMP '2013-10-26 23:11:02.779', 'admin', TIMESTAMP '2013-10-26 23:11:02.779', TIMESTAMP '2013-10-26 23:11:05.794', '', 'CHEM242-FO-RG', '70c5646d-894f-4e60-acd5-156eb533474d', 'kuali.lui.lui.relation.state.active', 'kuali.lui.lui.relation.type.deliveredvia.fo2rg', 'fo-rg-relation', 'CHEM242-FO-RG', '0ae57339-1327-46d4-9fcc-5fb2d9ad0e8a', '4829af7d-98ed-457b-84c8-b78e8eab8549')
/
insert into KSEN_LUILUI_RELTN (OBJ_ID, VER_NBR, CREATEID, CREATETIME, UPDATEID, UPDATETIME, EFF_DT, EXPIR_DT, DESCR_FORMATTED, LUI_ID, LUILUI_RELTN_STATE, LUILUI_RELTN_TYPE, NAME, DESCR_PLAIN, RELATED_LUI_ID, ID) values ('2a2c5180-3908-40b9-acc5-e11d20bee492', 0, 'admin', TIMESTAMP '2013-10-26 23:11:02.779', 'admin', TIMESTAMP '2013-10-26 23:11:02.779', TIMESTAMP '2013-10-26 23:11:05.795', '', 'CHEM242-RG-AO', '0ae57339-1327-46d4-9fcc-5fb2d9ad0e8a', 'kuali.lui.lui.relation.state.active', 'kuali.lui.lui.relation.type.registeredforvia.rg2ao', 'rg-ao-relation', 'CHEM242-RG-AO', '754bbdb3-6240-4bcc-99e1-724a05356bdb', '838346d4-b920-4f12-96cf-741bc8420913')
/
insert into KSEN_LUILUI_RELTN (OBJ_ID, VER_NBR, CREATEID, CREATETIME, UPDATEID, UPDATETIME, EFF_DT, EXPIR_DT, DESCR_FORMATTED, LUI_ID, LUILUI_RELTN_STATE, LUILUI_RELTN_TYPE, NAME, DESCR_PLAIN, RELATED_LUI_ID, ID) values ('f050af61-6be1-43db-a981-18c8e504b606', 0, 'admin', TIMESTAMP '2013-10-26 23:11:02.779', 'admin', TIMESTAMP '2013-10-26 23:11:02.779', TIMESTAMP '2013-10-26 23:11:05.796', '', 'CHEM242-RG-AO', '0ae57339-1327-46d4-9fcc-5fb2d9ad0e8a', 'kuali.lui.lui.relation.state.active', 'kuali.lui.lui.relation.type.registeredforvia.rg2ao', 'rg-ao-relation', 'CHEM242-RG-AO', '0df927ee-e450-499e-85c9-0c15576dc027', '63a206cc-1b1a-44e1-9836-37ab7a8a9c45')
/
insert into KSEN_LUI (OBJ_ID, VER_NBR, CREATEID, CREATETIME, UPDATEID, UPDATETIME, ATP_ID, CLU_ID, EFF_DT, EXPIR_DT, DESCR_FORMATTED, LUI_STATE, LUI_TYPE, MAX_SEATS, MIN_SEATS, NAME, DESCR_PLAIN, REF_URL, ID) values ('1338a932-de86-4279-aa69-45a9aba838a0', 0, 'admin', TIMESTAMP '2013-10-26 23:11:02.779', 'admin', TIMESTAMP '2013-10-26 23:11:02.779', 'kuali.atp.2011Summer1', 'd925e275-370d-4d98-bbec-96fe2459a200', '', '', '1002', 'kuali.lui.registration.group.state.pending', 'kuali.lui.type.registration.group', '', '', '1002', '1002', '', '983d6ed2-a3ce-4629-a190-ba01d5e864cb')
/
insert into KSEN_LUI_ATTR (OBJ_ID, ATTR_KEY, OWNER_ID, ATTR_VALUE, ID) values ('8e17f6f2-c565-4d42-b420-70ef1f2cfff5', 'kuali.attribute.registration.group.aocluster.id', '983d6ed2-a3ce-4629-a190-ba01d5e864cb', 'be265ec3-840b-42d7-af12-56d73b18a617', '3fbae19b-252b-4398-890d-56004d33da96')
/
insert into KSEN_LUI_ATTR (OBJ_ID, ATTR_KEY, OWNER_ID, ATTR_VALUE, ID) values ('2a8bd15e-5fad-4732-b1e9-000ab2e135f2', 'kuali.attribute.registration.group.is.generated', '983d6ed2-a3ce-4629-a190-ba01d5e864cb', '1', 'fc19e3ba-719d-43fa-ba92-9e34524bb97c')
/
insert into KSEN_LUI_IDENT (OBJ_ID, VER_NBR, CREATEID, CREATETIME, UPDATEID, UPDATETIME, LUI_CD, DIVISION, IDENT_LEVEL, LNG_NAME, LUI_ID, ORGID, SHRT_NAME, LUI_ID_STATE, SUFX_CD, LUI_ID_TYPE, VARTN, ID) values ('34d3fe04-0e84-44df-9acb-4abfc6ad2696', 0, 'admin', TIMESTAMP '2013-10-26 23:11:02.779', 'admin', TIMESTAMP '2013-10-26 23:11:02.779', '', '', '', '', '983d6ed2-a3ce-4629-a190-ba01d5e864cb', '', '', 'kuali.lui.identifier.state.active', '', 'kuali.lui.identifier.type.official', '', '5acde5e2-27c7-40a5-87ee-1de29e5ce8ab')
/
insert into KSEN_LUILUI_RELTN (OBJ_ID, VER_NBR, CREATEID, CREATETIME, UPDATEID, UPDATETIME, EFF_DT, EXPIR_DT, DESCR_FORMATTED, LUI_ID, LUILUI_RELTN_STATE, LUILUI_RELTN_TYPE, NAME, DESCR_PLAIN, RELATED_LUI_ID, ID) values ('191ba5cd-34c1-4f08-990a-973a4d2def73', 0, 'admin', TIMESTAMP '2013-10-26 23:11:02.779', 'admin', TIMESTAMP '2013-10-26 23:11:02.779', TIMESTAMP '2013-10-26 23:11:06.231', '', 'CHEM242-FO-RG', '70c5646d-894f-4e60-acd5-156eb533474d', 'kuali.lui.lui.relation.state.active', 'kuali.lui.lui.relation.type.deliveredvia.fo2rg', 'fo-rg-relation', 'CHEM242-FO-RG', '983d6ed2-a3ce-4629-a190-ba01d5e864cb', 'e77ed323-1f6f-440d-915f-56387bf323e8')
/
insert into KSEN_LUILUI_RELTN (OBJ_ID, VER_NBR, CREATEID, CREATETIME, UPDATEID, UPDATETIME, EFF_DT, EXPIR_DT, DESCR_FORMATTED, LUI_ID, LUILUI_RELTN_STATE, LUILUI_RELTN_TYPE, NAME, DESCR_PLAIN, RELATED_LUI_ID, ID) values ('13ce9190-a534-4b53-a8a7-0c16b2d0ed3f', 0, 'admin', TIMESTAMP '2013-10-26 23:11:02.779', 'admin', TIMESTAMP '2013-10-26 23:11:02.779', TIMESTAMP '2013-10-26 23:11:06.232', '', 'CHEM242-RG-AO', '983d6ed2-a3ce-4629-a190-ba01d5e864cb', 'kuali.lui.lui.relation.state.active', 'kuali.lui.lui.relation.type.registeredforvia.rg2ao', 'rg-ao-relation', 'CHEM242-RG-AO', '4531c1c2-67a1-486f-a264-aaea96676ef6', 'f808f0e3-b51e-4d2f-8f2f-6d976904ef63')
/
insert into KSEN_LUILUI_RELTN (OBJ_ID, VER_NBR, CREATEID, CREATETIME, UPDATEID, UPDATETIME, EFF_DT, EXPIR_DT, DESCR_FORMATTED, LUI_ID, LUILUI_RELTN_STATE, LUILUI_RELTN_TYPE, NAME, DESCR_PLAIN, RELATED_LUI_ID, ID) values ('0e5ef1e1-8531-4d5e-abcd-dc7fbe37e6d3', 0, 'admin', TIMESTAMP '2013-10-26 23:11:02.779', 'admin', TIMESTAMP '2013-10-26 23:11:02.779', TIMESTAMP '2013-10-26 23:11:06.233', '', 'CHEM242-RG-AO', '983d6ed2-a3ce-4629-a190-ba01d5e864cb', 'kuali.lui.lui.relation.state.active', 'kuali.lui.lui.relation.type.registeredforvia.rg2ao', 'rg-ao-relation', 'CHEM242-RG-AO', '0df927ee-e450-499e-85c9-0c15576dc027', '1dedc12d-0ee8-435f-ad32-7934812b7c4f')
/
insert into KSEN_LUI (OBJ_ID, VER_NBR, CREATEID, CREATETIME, UPDATEID, UPDATETIME, ATP_ID, CLU_ID, EFF_DT, EXPIR_DT, DESCR_FORMATTED, LUI_STATE, LUI_TYPE, MAX_SEATS, MIN_SEATS, NAME, DESCR_PLAIN, REF_URL, ID) values ('6d020aab-ead4-41f7-b942-0cf4cd676492', 0, 'admin', TIMESTAMP '2013-10-26 23:11:02.779', 'admin', TIMESTAMP '2013-10-26 23:11:02.779', 'kuali.atp.2011Summer1', 'd925e275-370d-4d98-bbec-96fe2459a200', '', '', '1003', 'kuali.lui.registration.group.state.pending', 'kuali.lui.type.registration.group', '', '', '1003', '1003', '', '2327eb11-c6c3-44e9-9540-26be2a75eb66')
/
insert into KSEN_LUI_ATTR (OBJ_ID, ATTR_KEY, OWNER_ID, ATTR_VALUE, ID) values ('3c41a407-2930-4be8-a768-756280340465', 'kuali.attribute.registration.group.is.generated', '2327eb11-c6c3-44e9-9540-26be2a75eb66', '1', '512ab3b5-8340-46d4-bff3-c4cca5d6fc7a')
/
insert into KSEN_LUI_ATTR (OBJ_ID, ATTR_KEY, OWNER_ID, ATTR_VALUE, ID) values ('1b7f960e-2149-4390-a3ce-3d2a14930ffc', 'kuali.attribute.registration.group.aocluster.id', '2327eb11-c6c3-44e9-9540-26be2a75eb66', 'be265ec3-840b-42d7-af12-56d73b18a617', '03b0de03-f028-4301-988a-237752f41743')
/
insert into KSEN_LUI_IDENT (OBJ_ID, VER_NBR, CREATEID, CREATETIME, UPDATEID, UPDATETIME, LUI_CD, DIVISION, IDENT_LEVEL, LNG_NAME, LUI_ID, ORGID, SHRT_NAME, LUI_ID_STATE, SUFX_CD, LUI_ID_TYPE, VARTN, ID) values ('7641825b-25d7-4a43-82d6-a44100dade37', 0, 'admin', TIMESTAMP '2013-10-26 23:11:02.779', 'admin', TIMESTAMP '2013-10-26 23:11:02.779', '', '', '', '', '2327eb11-c6c3-44e9-9540-26be2a75eb66', '', '', 'kuali.lui.identifier.state.active', '', 'kuali.lui.identifier.type.official', '', '5040ae1e-7407-4ded-89cc-1a1ddf5c86cc')
/
insert into KSEN_LUILUI_RELTN (OBJ_ID, VER_NBR, CREATEID, CREATETIME, UPDATEID, UPDATETIME, EFF_DT, EXPIR_DT, DESCR_FORMATTED, LUI_ID, LUILUI_RELTN_STATE, LUILUI_RELTN_TYPE, NAME, DESCR_PLAIN, RELATED_LUI_ID, ID) values ('a71a4fdb-1b59-4134-9750-0ebbc06a911a', 0, 'admin', TIMESTAMP '2013-10-26 23:11:02.779', 'admin', TIMESTAMP '2013-10-26 23:11:02.779', TIMESTAMP '2013-10-26 23:11:06.668', '', 'CHEM242-FO-RG', '70c5646d-894f-4e60-acd5-156eb533474d', 'kuali.lui.lui.relation.state.active', 'kuali.lui.lui.relation.type.deliveredvia.fo2rg', 'fo-rg-relation', 'CHEM242-FO-RG', '2327eb11-c6c3-44e9-9540-26be2a75eb66', '6cbffc17-2e1e-4d94-be33-a0da74a60318')
/
insert into KSEN_LUILUI_RELTN (OBJ_ID, VER_NBR, CREATEID, CREATETIME, UPDATEID, UPDATETIME, EFF_DT, EXPIR_DT, DESCR_FORMATTED, LUI_ID, LUILUI_RELTN_STATE, LUILUI_RELTN_TYPE, NAME, DESCR_PLAIN, RELATED_LUI_ID, ID) values ('6a7857ea-59be-4fd1-aa50-9f2ede977ad8', 0, 'admin', TIMESTAMP '2013-10-26 23:11:02.779', 'admin', TIMESTAMP '2013-10-26 23:11:02.779', TIMESTAMP '2013-10-26 23:11:06.67', '', 'CHEM242-RG-AO', '2327eb11-c6c3-44e9-9540-26be2a75eb66', 'kuali.lui.lui.relation.state.active', 'kuali.lui.lui.relation.type.registeredforvia.rg2ao', 'rg-ao-relation', 'CHEM242-RG-AO', 'e91a3eec-ee1c-46ab-bc26-617898cb4d99', '9c2170fc-0ea4-4c79-971b-b72853fcd5c5')
/
insert into KSEN_LUILUI_RELTN (OBJ_ID, VER_NBR, CREATEID, CREATETIME, UPDATEID, UPDATETIME, EFF_DT, EXPIR_DT, DESCR_FORMATTED, LUI_ID, LUILUI_RELTN_STATE, LUILUI_RELTN_TYPE, NAME, DESCR_PLAIN, RELATED_LUI_ID, ID) values ('48bb9cc5-0059-45e4-b7a0-041b94f2dc2c', 0, 'admin', TIMESTAMP '2013-10-26 23:11:02.779', 'admin', TIMESTAMP '2013-10-26 23:11:02.779', TIMESTAMP '2013-10-26 23:11:06.67', '', 'CHEM242-RG-AO', '2327eb11-c6c3-44e9-9540-26be2a75eb66', 'kuali.lui.lui.relation.state.active', 'kuali.lui.lui.relation.type.registeredforvia.rg2ao', 'rg-ao-relation', 'CHEM242-RG-AO', '0df927ee-e450-499e-85c9-0c15576dc027', 'f03d7464-1098-4e57-af6a-f097eca40602')
/
insert into KSEN_LUI (OBJ_ID, VER_NBR, CREATEID, CREATETIME, UPDATEID, UPDATETIME, ATP_ID, CLU_ID, EFF_DT, EXPIR_DT, DESCR_FORMATTED, LUI_STATE, LUI_TYPE, MAX_SEATS, MIN_SEATS, NAME, DESCR_PLAIN, REF_URL, ID) values ('607b6819-dc8c-44ea-b0a5-9b589f942a92', 0, 'admin', TIMESTAMP '2013-10-26 23:11:02.779', 'admin', TIMESTAMP '2013-10-26 23:11:02.779', 'kuali.atp.2011Summer1', 'd925e275-370d-4d98-bbec-96fe2459a200', '', '', '1004', 'kuali.lui.registration.group.state.pending', 'kuali.lui.type.registration.group', '', '', '1004', '1004', '', '166dc58f-55b6-4bd1-bb6e-5298c53309f8')
/
insert into KSEN_LUI_ATTR (OBJ_ID, ATTR_KEY, OWNER_ID, ATTR_VALUE, ID) values ('de9edb7b-8681-4092-8f3f-0eb499573706', 'kuali.attribute.registration.group.aocluster.id', '166dc58f-55b6-4bd1-bb6e-5298c53309f8', 'be265ec3-840b-42d7-af12-56d73b18a617', '8e11d9de-70dd-4df4-bd13-cbc1a038a249')
/
insert into KSEN_LUI_ATTR (OBJ_ID, ATTR_KEY, OWNER_ID, ATTR_VALUE, ID) values ('22bf47af-c870-4293-b47e-8396c2a24b44', 'kuali.attribute.registration.group.is.generated', '166dc58f-55b6-4bd1-bb6e-5298c53309f8', '1', 'c76d7c41-686e-41f5-9ef8-29cde11df2a3')
/
insert into KSEN_LUI_IDENT (OBJ_ID, VER_NBR, CREATEID, CREATETIME, UPDATEID, UPDATETIME, LUI_CD, DIVISION, IDENT_LEVEL, LNG_NAME, LUI_ID, ORGID, SHRT_NAME, LUI_ID_STATE, SUFX_CD, LUI_ID_TYPE, VARTN, ID) values ('0333e469-bfc0-4136-ac68-0a82f809b56f', 0, 'admin', TIMESTAMP '2013-10-26 23:11:02.779', 'admin', TIMESTAMP '2013-10-26 23:11:02.779', '', '', '', '', '166dc58f-55b6-4bd1-bb6e-5298c53309f8', '', '', 'kuali.lui.identifier.state.active', '', 'kuali.lui.identifier.type.official', '', '22efcb32-cd10-40f9-a9b8-82ee08d13706')
/
insert into KSEN_LUILUI_RELTN (OBJ_ID, VER_NBR, CREATEID, CREATETIME, UPDATEID, UPDATETIME, EFF_DT, EXPIR_DT, DESCR_FORMATTED, LUI_ID, LUILUI_RELTN_STATE, LUILUI_RELTN_TYPE, NAME, DESCR_PLAIN, RELATED_LUI_ID, ID) values ('b51e3c98-2a91-48cd-842c-d1a4e8fdebbd', 0, 'admin', TIMESTAMP '2013-10-26 23:11:02.779', 'admin', TIMESTAMP '2013-10-26 23:11:02.779', TIMESTAMP '2013-10-26 23:11:07.463', '', 'CHEM242-FO-RG', '70c5646d-894f-4e60-acd5-156eb533474d', 'kuali.lui.lui.relation.state.active', 'kuali.lui.lui.relation.type.deliveredvia.fo2rg', 'fo-rg-relation', 'CHEM242-FO-RG', '166dc58f-55b6-4bd1-bb6e-5298c53309f8', '672ec8b9-30f2-4d65-b2ac-b57d827b3795')
/
insert into KSEN_LUILUI_RELTN (OBJ_ID, VER_NBR, CREATEID, CREATETIME, UPDATEID, UPDATETIME, EFF_DT, EXPIR_DT, DESCR_FORMATTED, LUI_ID, LUILUI_RELTN_STATE, LUILUI_RELTN_TYPE, NAME, DESCR_PLAIN, RELATED_LUI_ID, ID) values ('3e477215-8ff9-40d9-a9d6-594ede23a644', 0, 'admin', TIMESTAMP '2013-10-26 23:11:02.779', 'admin', TIMESTAMP '2013-10-26 23:11:02.779', TIMESTAMP '2013-10-26 23:11:07.464', '', 'CHEM242-RG-AO', '166dc58f-55b6-4bd1-bb6e-5298c53309f8', 'kuali.lui.lui.relation.state.active', 'kuali.lui.lui.relation.type.registeredforvia.rg2ao', 'rg-ao-relation', 'CHEM242-RG-AO', '9152d78e-ad0c-4e1f-9a35-c1b7ab4a9653', '7144ee84-262d-4b0f-bf5e-47d6d870703b')
/
insert into KSEN_LUILUI_RELTN (OBJ_ID, VER_NBR, CREATEID, CREATETIME, UPDATEID, UPDATETIME, EFF_DT, EXPIR_DT, DESCR_FORMATTED, LUI_ID, LUILUI_RELTN_STATE, LUILUI_RELTN_TYPE, NAME, DESCR_PLAIN, RELATED_LUI_ID, ID) values ('801e0a7a-8c95-4b68-ad48-14c9f7f61230', 0, 'admin', TIMESTAMP '2013-10-26 23:11:02.779', 'admin', TIMESTAMP '2013-10-26 23:11:02.779', TIMESTAMP '2013-10-26 23:11:07.464', '', 'CHEM242-RG-AO', '166dc58f-55b6-4bd1-bb6e-5298c53309f8', 'kuali.lui.lui.relation.state.active', 'kuali.lui.lui.relation.type.registeredforvia.rg2ao', 'rg-ao-relation', 'CHEM242-RG-AO', '0df927ee-e450-499e-85c9-0c15576dc027', '798a85a9-0ae5-42eb-ba43-2f912d758228')
/
insert into KSEN_LUI (OBJ_ID, VER_NBR, CREATEID, CREATETIME, UPDATEID, UPDATETIME, ATP_ID, CLU_ID, EFF_DT, EXPIR_DT, DESCR_FORMATTED, LUI_STATE, LUI_TYPE, MAX_SEATS, MIN_SEATS, NAME, DESCR_PLAIN, REF_URL, ID) values ('21d84f0a-62dc-4cc1-bdb1-7d348a2ee26e', 0, 'admin', TIMESTAMP '2013-10-26 23:11:02.779', 'admin', TIMESTAMP '2013-10-26 23:11:02.779', 'kuali.atp.2011Summer1', 'd925e275-370d-4d98-bbec-96fe2459a200', '', '', '1005', 'kuali.lui.registration.group.state.pending', 'kuali.lui.type.registration.group', '', '', '1005', '1005', '', 'e3a563a4-2644-400a-b72e-eecd40016476')
/
insert into KSEN_LUI_ATTR (OBJ_ID, ATTR_KEY, OWNER_ID, ATTR_VALUE, ID) values ('15014fa9-f15e-4deb-9334-1b542f149ba6', 'kuali.attribute.registration.group.is.generated', 'e3a563a4-2644-400a-b72e-eecd40016476', '1', 'a68b9216-addc-4a15-bda2-612456e4e089')
/
insert into KSEN_LUI_ATTR (OBJ_ID, ATTR_KEY, OWNER_ID, ATTR_VALUE, ID) values ('0c5be794-0fcd-4f4b-884b-dd8679645545', 'kuali.attribute.registration.group.aocluster.id', 'e3a563a4-2644-400a-b72e-eecd40016476', 'be265ec3-840b-42d7-af12-56d73b18a617', 'bbc6b8ed-6b15-46c5-ad8c-59963468f8e9')
/
insert into KSEN_LUI_IDENT (OBJ_ID, VER_NBR, CREATEID, CREATETIME, UPDATEID, UPDATETIME, LUI_CD, DIVISION, IDENT_LEVEL, LNG_NAME, LUI_ID, ORGID, SHRT_NAME, LUI_ID_STATE, SUFX_CD, LUI_ID_TYPE, VARTN, ID) values ('679f790b-e813-4b45-b224-04f8ab5196b7', 0, 'admin', TIMESTAMP '2013-10-26 23:11:02.779', 'admin', TIMESTAMP '2013-10-26 23:11:02.779', '', '', '', '', 'e3a563a4-2644-400a-b72e-eecd40016476', '', '', 'kuali.lui.identifier.state.active', '', 'kuali.lui.identifier.type.official', '', '0b5c0640-a549-416e-a975-57610881c267')
/
insert into KSEN_LUILUI_RELTN (OBJ_ID, VER_NBR, CREATEID, CREATETIME, UPDATEID, UPDATETIME, EFF_DT, EXPIR_DT, DESCR_FORMATTED, LUI_ID, LUILUI_RELTN_STATE, LUILUI_RELTN_TYPE, NAME, DESCR_PLAIN, RELATED_LUI_ID, ID) values ('70e50ef8-9c58-4337-bbb1-5a6a6ff7f670', 0, 'admin', TIMESTAMP '2013-10-26 23:11:02.779', 'admin', TIMESTAMP '2013-10-26 23:11:02.779', TIMESTAMP '2013-10-26 23:11:08.213', '', 'CHEM242-FO-RG', '70c5646d-894f-4e60-acd5-156eb533474d', 'kuali.lui.lui.relation.state.active', 'kuali.lui.lui.relation.type.deliveredvia.fo2rg', 'fo-rg-relation', 'CHEM242-FO-RG', 'e3a563a4-2644-400a-b72e-eecd40016476', '591df255-f1f8-4537-8bb6-745b20e6fab0')
/
insert into KSEN_LUILUI_RELTN (OBJ_ID, VER_NBR, CREATEID, CREATETIME, UPDATEID, UPDATETIME, EFF_DT, EXPIR_DT, DESCR_FORMATTED, LUI_ID, LUILUI_RELTN_STATE, LUILUI_RELTN_TYPE, NAME, DESCR_PLAIN, RELATED_LUI_ID, ID) values ('39f354ac-3e40-4f28-bf0e-4a914f00bd41', 0, 'admin', TIMESTAMP '2013-10-26 23:11:02.779', 'admin', TIMESTAMP '2013-10-26 23:11:02.779', TIMESTAMP '2013-10-26 23:11:08.213', '', 'CHEM242-RG-AO', 'e3a563a4-2644-400a-b72e-eecd40016476', 'kuali.lui.lui.relation.state.active', 'kuali.lui.lui.relation.type.registeredforvia.rg2ao', 'rg-ao-relation', 'CHEM242-RG-AO', 'f0022560-581e-4da3-883b-6e14b9afde68', '7eeeac64-2ffc-41b5-ba4e-078f8c3ca6dd')
/
insert into KSEN_LUILUI_RELTN (OBJ_ID, VER_NBR, CREATEID, CREATETIME, UPDATEID, UPDATETIME, EFF_DT, EXPIR_DT, DESCR_FORMATTED, LUI_ID, LUILUI_RELTN_STATE, LUILUI_RELTN_TYPE, NAME, DESCR_PLAIN, RELATED_LUI_ID, ID) values ('63c79a13-2719-4b93-970d-1815f2f43249', 0, 'admin', TIMESTAMP '2013-10-26 23:11:02.779', 'admin', TIMESTAMP '2013-10-26 23:11:02.779', TIMESTAMP '2013-10-26 23:11:08.214', '', 'CHEM242-RG-AO', 'e3a563a4-2644-400a-b72e-eecd40016476', 'kuali.lui.lui.relation.state.active', 'kuali.lui.lui.relation.type.registeredforvia.rg2ao', 'rg-ao-relation', 'CHEM242-RG-AO', '0df927ee-e450-499e-85c9-0c15576dc027', '00ff2e2b-1f9f-4378-b521-502ea61bf01c')
/
insert into KSEN_LUI (OBJ_ID, VER_NBR, CREATEID, CREATETIME, UPDATEID, UPDATETIME, ATP_ID, CLU_ID, EFF_DT, EXPIR_DT, DESCR_FORMATTED, LUI_STATE, LUI_TYPE, MAX_SEATS, MIN_SEATS, NAME, DESCR_PLAIN, REF_URL, ID) values ('f35d4735-64af-4df7-9169-b0a6e9c8dd6e', 0, 'admin', TIMESTAMP '2013-10-26 23:11:02.779', 'admin', TIMESTAMP '2013-10-26 23:11:02.779', 'kuali.atp.2011Summer1', 'd925e275-370d-4d98-bbec-96fe2459a200', '', '', '1006', 'kuali.lui.registration.group.state.pending', 'kuali.lui.type.registration.group', '', '', '1006', '1006', '', 'eb69f9cc-a95e-486b-88b7-b1b4e7ca5aa9')
/
insert into KSEN_LUI_ATTR (OBJ_ID, ATTR_KEY, OWNER_ID, ATTR_VALUE, ID) values ('3447f72d-72ff-49dd-b551-1209a34893f4', 'kuali.attribute.registration.group.is.generated', 'eb69f9cc-a95e-486b-88b7-b1b4e7ca5aa9', '1', 'c0f033f4-cd9a-446b-b5c6-5efc11b163bb')
/
insert into KSEN_LUI_ATTR (OBJ_ID, ATTR_KEY, OWNER_ID, ATTR_VALUE, ID) values ('f4b6cc66-c94d-4a2a-ac3b-4457761840ba', 'kuali.attribute.registration.group.aocluster.id', 'eb69f9cc-a95e-486b-88b7-b1b4e7ca5aa9', 'be265ec3-840b-42d7-af12-56d73b18a617', '004b20ca-742b-43a6-a757-63903464a784')
/
insert into KSEN_LUI_IDENT (OBJ_ID, VER_NBR, CREATEID, CREATETIME, UPDATEID, UPDATETIME, LUI_CD, DIVISION, IDENT_LEVEL, LNG_NAME, LUI_ID, ORGID, SHRT_NAME, LUI_ID_STATE, SUFX_CD, LUI_ID_TYPE, VARTN, ID) values ('9126875a-18c9-4ea5-9921-b5619662cabb', 0, 'admin', TIMESTAMP '2013-10-26 23:11:02.779', 'admin', TIMESTAMP '2013-10-26 23:11:02.779', '', '', '', '', 'eb69f9cc-a95e-486b-88b7-b1b4e7ca5aa9', '', '', 'kuali.lui.identifier.state.active', '', 'kuali.lui.identifier.type.official', '', '3652f1d7-239e-488a-a4df-31bb5bfecc4a')
/
insert into KSEN_LUILUI_RELTN (OBJ_ID, VER_NBR, CREATEID, CREATETIME, UPDATEID, UPDATETIME, EFF_DT, EXPIR_DT, DESCR_FORMATTED, LUI_ID, LUILUI_RELTN_STATE, LUILUI_RELTN_TYPE, NAME, DESCR_PLAIN, RELATED_LUI_ID, ID) values ('2bcdeec9-9322-4e76-92b1-69348722d8fc', 0, 'admin', TIMESTAMP '2013-10-26 23:11:02.779', 'admin', TIMESTAMP '2013-10-26 23:11:02.779', TIMESTAMP '2013-10-26 23:11:08.589', '', 'CHEM242-FO-RG', '70c5646d-894f-4e60-acd5-156eb533474d', 'kuali.lui.lui.relation.state.active', 'kuali.lui.lui.relation.type.deliveredvia.fo2rg', 'fo-rg-relation', 'CHEM242-FO-RG', 'eb69f9cc-a95e-486b-88b7-b1b4e7ca5aa9', 'dfc54653-7625-44b9-ba09-8f66ec085d08')
/
insert into KSEN_LUILUI_RELTN (OBJ_ID, VER_NBR, CREATEID, CREATETIME, UPDATEID, UPDATETIME, EFF_DT, EXPIR_DT, DESCR_FORMATTED, LUI_ID, LUILUI_RELTN_STATE, LUILUI_RELTN_TYPE, NAME, DESCR_PLAIN, RELATED_LUI_ID, ID) values ('182cbfab-43c1-4ff2-b320-685519785776', 0, 'admin', TIMESTAMP '2013-10-26 23:11:02.779', 'admin', TIMESTAMP '2013-10-26 23:11:02.779', TIMESTAMP '2013-10-26 23:11:08.59', '', 'CHEM242-RG-AO', 'eb69f9cc-a95e-486b-88b7-b1b4e7ca5aa9', 'kuali.lui.lui.relation.state.active', 'kuali.lui.lui.relation.type.registeredforvia.rg2ao', 'rg-ao-relation', 'CHEM242-RG-AO', '360c0829-dd0c-49ce-ab4f-71c5891e76cc', 'f7b76eae-a245-49b9-a670-f9fd50aae161')
/
insert into KSEN_LUILUI_RELTN (OBJ_ID, VER_NBR, CREATEID, CREATETIME, UPDATEID, UPDATETIME, EFF_DT, EXPIR_DT, DESCR_FORMATTED, LUI_ID, LUILUI_RELTN_STATE, LUILUI_RELTN_TYPE, NAME, DESCR_PLAIN, RELATED_LUI_ID, ID) values ('7e446628-0910-488e-b8b8-a8846f062629', 0, 'admin', TIMESTAMP '2013-10-26 23:11:02.779', 'admin', TIMESTAMP '2013-10-26 23:11:02.779', TIMESTAMP '2013-10-26 23:11:08.591', '', 'CHEM242-RG-AO', 'eb69f9cc-a95e-486b-88b7-b1b4e7ca5aa9', 'kuali.lui.lui.relation.state.active', 'kuali.lui.lui.relation.type.registeredforvia.rg2ao', 'rg-ao-relation', 'CHEM242-RG-AO', '0df927ee-e450-499e-85c9-0c15576dc027', '30564044-478e-4b0d-99ed-a854e2b9d2c9')
/
insert into KSEN_LUI (OBJ_ID, VER_NBR, CREATEID, CREATETIME, UPDATEID, UPDATETIME, ATP_ID, CLU_ID, EFF_DT, EXPIR_DT, DESCR_FORMATTED, LUI_STATE, LUI_TYPE, MAX_SEATS, MIN_SEATS, NAME, DESCR_PLAIN, REF_URL, ID) values ('5dfe4610-2a86-4afa-8f51-f2f827a975f4', 0, 'admin', TIMESTAMP '2013-10-26 23:11:02.779', 'admin', TIMESTAMP '2013-10-26 23:11:02.779', 'kuali.atp.2011Summer1', 'd925e275-370d-4d98-bbec-96fe2459a200', '', '', '1007', 'kuali.lui.registration.group.state.pending', 'kuali.lui.type.registration.group', '', '', '1007', '1007', '', '672a9cf5-a336-4451-abe3-6ceefaa4b540')
/
insert into KSEN_LUI_ATTR (OBJ_ID, ATTR_KEY, OWNER_ID, ATTR_VALUE, ID) values ('15bd29e9-9070-4167-a03c-c7c275a19ef0', 'kuali.attribute.registration.group.aocluster.id', '672a9cf5-a336-4451-abe3-6ceefaa4b540', 'be265ec3-840b-42d7-af12-56d73b18a617', '463dcb19-1f38-4adc-bcc1-88735236ba41')
/
insert into KSEN_LUI_ATTR (OBJ_ID, ATTR_KEY, OWNER_ID, ATTR_VALUE, ID) values ('1c450b7b-06f8-4097-af23-0e0386ff8326', 'kuali.attribute.registration.group.is.generated', '672a9cf5-a336-4451-abe3-6ceefaa4b540', '1', 'db1cfff0-6f54-4129-8d9e-b74654e89912')
/
insert into KSEN_LUI_IDENT (OBJ_ID, VER_NBR, CREATEID, CREATETIME, UPDATEID, UPDATETIME, LUI_CD, DIVISION, IDENT_LEVEL, LNG_NAME, LUI_ID, ORGID, SHRT_NAME, LUI_ID_STATE, SUFX_CD, LUI_ID_TYPE, VARTN, ID) values ('d5262eed-c716-47bc-8f64-3cc6a3fc764d', 0, 'admin', TIMESTAMP '2013-10-26 23:11:02.779', 'admin', TIMESTAMP '2013-10-26 23:11:02.779', '', '', '', '', '672a9cf5-a336-4451-abe3-6ceefaa4b540', '', '', 'kuali.lui.identifier.state.active', '', 'kuali.lui.identifier.type.official', '', '2354fdb1-ed09-4851-b981-ec512265b39b')
/
insert into KSEN_LUILUI_RELTN (OBJ_ID, VER_NBR, CREATEID, CREATETIME, UPDATEID, UPDATETIME, EFF_DT, EXPIR_DT, DESCR_FORMATTED, LUI_ID, LUILUI_RELTN_STATE, LUILUI_RELTN_TYPE, NAME, DESCR_PLAIN, RELATED_LUI_ID, ID) values ('055e7b0a-4cd4-4226-8c74-13503af48dde', 0, 'admin', TIMESTAMP '2013-10-26 23:11:02.779', 'admin', TIMESTAMP '2013-10-26 23:11:02.779', TIMESTAMP '2013-10-26 23:11:08.97', '', 'CHEM242-FO-RG', '70c5646d-894f-4e60-acd5-156eb533474d', 'kuali.lui.lui.relation.state.active', 'kuali.lui.lui.relation.type.deliveredvia.fo2rg', 'fo-rg-relation', 'CHEM242-FO-RG', '672a9cf5-a336-4451-abe3-6ceefaa4b540', '1106e780-f5b6-4081-985f-318e82591212')
/
insert into KSEN_LUILUI_RELTN (OBJ_ID, VER_NBR, CREATEID, CREATETIME, UPDATEID, UPDATETIME, EFF_DT, EXPIR_DT, DESCR_FORMATTED, LUI_ID, LUILUI_RELTN_STATE, LUILUI_RELTN_TYPE, NAME, DESCR_PLAIN, RELATED_LUI_ID, ID) values ('b3dbaa66-5d50-4d07-bb78-5ac3557a3fc6', 0, 'admin', TIMESTAMP '2013-10-26 23:11:02.779', 'admin', TIMESTAMP '2013-10-26 23:11:02.779', TIMESTAMP '2013-10-26 23:11:08.97', '', 'CHEM242-RG-AO', '672a9cf5-a336-4451-abe3-6ceefaa4b540', 'kuali.lui.lui.relation.state.active', 'kuali.lui.lui.relation.type.registeredforvia.rg2ao', 'rg-ao-relation', 'CHEM242-RG-AO', '370df012-54a4-4e6c-b41c-14a952ba01fa', '48cf98b2-ce89-4e6e-8251-bc6c0b6864dc')
/
insert into KSEN_LUILUI_RELTN (OBJ_ID, VER_NBR, CREATEID, CREATETIME, UPDATEID, UPDATETIME, EFF_DT, EXPIR_DT, DESCR_FORMATTED, LUI_ID, LUILUI_RELTN_STATE, LUILUI_RELTN_TYPE, NAME, DESCR_PLAIN, RELATED_LUI_ID, ID) values ('f2cefe3f-db07-499e-a264-6d3c9b389f81', 0, 'admin', TIMESTAMP '2013-10-26 23:11:02.779', 'admin', TIMESTAMP '2013-10-26 23:11:02.779', TIMESTAMP '2013-10-26 23:11:08.971', '', 'CHEM242-RG-AO', '672a9cf5-a336-4451-abe3-6ceefaa4b540', 'kuali.lui.lui.relation.state.active', 'kuali.lui.lui.relation.type.registeredforvia.rg2ao', 'rg-ao-relation', 'CHEM242-RG-AO', '0df927ee-e450-499e-85c9-0c15576dc027', 'd257695a-d58f-47fa-b373-c78974fa2ac2')
/
insert into KSEN_LUI (OBJ_ID, VER_NBR, CREATEID, CREATETIME, UPDATEID, UPDATETIME, ATP_ID, CLU_ID, EFF_DT, EXPIR_DT, DESCR_FORMATTED, LUI_STATE, LUI_TYPE, MAX_SEATS, MIN_SEATS, NAME, DESCR_PLAIN, REF_URL, ID) values ('ace9db2e-8c27-410a-bc66-82bece6c7dcb', 0, 'admin', TIMESTAMP '2013-10-26 23:11:02.779', 'admin', TIMESTAMP '2013-10-26 23:11:02.779', 'kuali.atp.2011Summer1', 'd925e275-370d-4d98-bbec-96fe2459a200', '', '', '1008', 'kuali.lui.registration.group.state.pending', 'kuali.lui.type.registration.group', '', '', '1008', '1008', '', '13050a15-5b9f-41a0-9ba1-85695ddeec73')
/
insert into KSEN_LUI_ATTR (OBJ_ID, ATTR_KEY, OWNER_ID, ATTR_VALUE, ID) values ('7b61c3d7-9d67-43e2-9709-2d7c4e37ee0c', 'kuali.attribute.registration.group.aocluster.id', '13050a15-5b9f-41a0-9ba1-85695ddeec73', 'be265ec3-840b-42d7-af12-56d73b18a617', '8af05cc1-1118-42ac-a26c-f6a1756911a4')
/
insert into KSEN_LUI_ATTR (OBJ_ID, ATTR_KEY, OWNER_ID, ATTR_VALUE, ID) values ('33bb54e4-c692-4c69-bbc1-37b5dfcaddd7', 'kuali.attribute.registration.group.is.generated', '13050a15-5b9f-41a0-9ba1-85695ddeec73', '1', '421230f6-1e7b-4670-a6e8-bd94759e946e')
/
insert into KSEN_LUI_IDENT (OBJ_ID, VER_NBR, CREATEID, CREATETIME, UPDATEID, UPDATETIME, LUI_CD, DIVISION, IDENT_LEVEL, LNG_NAME, LUI_ID, ORGID, SHRT_NAME, LUI_ID_STATE, SUFX_CD, LUI_ID_TYPE, VARTN, ID) values ('eacf17db-4e67-4474-a39a-66081bd45448', 0, 'admin', TIMESTAMP '2013-10-26 23:11:02.779', 'admin', TIMESTAMP '2013-10-26 23:11:02.779', '', '', '', '', '13050a15-5b9f-41a0-9ba1-85695ddeec73', '', '', 'kuali.lui.identifier.state.active', '', 'kuali.lui.identifier.type.official', '', '0687efaf-9563-4f12-ab54-27e5100c0296')
/
insert into KSEN_LUILUI_RELTN (OBJ_ID, VER_NBR, CREATEID, CREATETIME, UPDATEID, UPDATETIME, EFF_DT, EXPIR_DT, DESCR_FORMATTED, LUI_ID, LUILUI_RELTN_STATE, LUILUI_RELTN_TYPE, NAME, DESCR_PLAIN, RELATED_LUI_ID, ID) values ('38d6ac07-fa7e-4381-a740-9327001be6c9', 0, 'admin', TIMESTAMP '2013-10-26 23:11:02.779', 'admin', TIMESTAMP '2013-10-26 23:11:02.779', TIMESTAMP '2013-10-26 23:11:09.649', '', 'CHEM242-FO-RG', '70c5646d-894f-4e60-acd5-156eb533474d', 'kuali.lui.lui.relation.state.active', 'kuali.lui.lui.relation.type.deliveredvia.fo2rg', 'fo-rg-relation', 'CHEM242-FO-RG', '13050a15-5b9f-41a0-9ba1-85695ddeec73', 'b2b5c116-3a30-45e5-a0b5-f725fd822dda')
/
insert into KSEN_LUILUI_RELTN (OBJ_ID, VER_NBR, CREATEID, CREATETIME, UPDATEID, UPDATETIME, EFF_DT, EXPIR_DT, DESCR_FORMATTED, LUI_ID, LUILUI_RELTN_STATE, LUILUI_RELTN_TYPE, NAME, DESCR_PLAIN, RELATED_LUI_ID, ID) values ('732f05f1-d858-409f-8831-fd4124ce6a1b', 0, 'admin', TIMESTAMP '2013-10-26 23:11:02.779', 'admin', TIMESTAMP '2013-10-26 23:11:02.779', TIMESTAMP '2013-10-26 23:11:09.65', '', 'CHEM242-RG-AO', '13050a15-5b9f-41a0-9ba1-85695ddeec73', 'kuali.lui.lui.relation.state.active', 'kuali.lui.lui.relation.type.registeredforvia.rg2ao', 'rg-ao-relation', 'CHEM242-RG-AO', '4f9e8e8b-78b5-4263-a768-5c0df408cbe9', '4691ab7f-8eed-4132-ac88-d76fd047a49a')
/
insert into KSEN_LUILUI_RELTN (OBJ_ID, VER_NBR, CREATEID, CREATETIME, UPDATEID, UPDATETIME, EFF_DT, EXPIR_DT, DESCR_FORMATTED, LUI_ID, LUILUI_RELTN_STATE, LUILUI_RELTN_TYPE, NAME, DESCR_PLAIN, RELATED_LUI_ID, ID) values ('5768a0ab-3a4d-4d59-a361-be209e94cea4', 0, 'admin', TIMESTAMP '2013-10-26 23:11:02.779', 'admin', TIMESTAMP '2013-10-26 23:11:02.779', TIMESTAMP '2013-10-26 23:11:09.651', '', 'CHEM242-RG-AO', '13050a15-5b9f-41a0-9ba1-85695ddeec73', 'kuali.lui.lui.relation.state.active', 'kuali.lui.lui.relation.type.registeredforvia.rg2ao', 'rg-ao-relation', 'CHEM242-RG-AO', '0df927ee-e450-499e-85c9-0c15576dc027', '79d335a9-d9cd-43ff-966c-4e59e43889a8')
/
insert into KSEN_LUI (OBJ_ID, VER_NBR, CREATEID, CREATETIME, UPDATEID, UPDATETIME, ATP_ID, CLU_ID, EFF_DT, EXPIR_DT, DESCR_FORMATTED, LUI_STATE, LUI_TYPE, MAX_SEATS, MIN_SEATS, NAME, DESCR_PLAIN, REF_URL, ID) values ('e0372b06-16fb-4871-aa11-84d1742c6d9c', 0, 'admin', TIMESTAMP '2013-10-26 23:11:02.779', 'admin', TIMESTAMP '2013-10-26 23:11:02.779', 'kuali.atp.2011Summer1', 'd925e275-370d-4d98-bbec-96fe2459a200', '', '', '1009', 'kuali.lui.registration.group.state.pending', 'kuali.lui.type.registration.group', '', '', '1009', '1009', '', 'bfb9a3c1-4f09-4eb6-a535-453bd779b0b1')
/
insert into KSEN_LUI_ATTR (OBJ_ID, ATTR_KEY, OWNER_ID, ATTR_VALUE, ID) values ('c119003c-9a8e-4ea3-a16a-9be57e14368b', 'kuali.attribute.registration.group.aocluster.id', 'bfb9a3c1-4f09-4eb6-a535-453bd779b0b1', 'be265ec3-840b-42d7-af12-56d73b18a617', '6a6e5c34-e5ec-4c65-ad98-aadf15b5f625')
/
insert into KSEN_LUI_ATTR (OBJ_ID, ATTR_KEY, OWNER_ID, ATTR_VALUE, ID) values ('3e3b687e-cff6-4d08-bbe2-3c789aac7c56', 'kuali.attribute.registration.group.is.generated', 'bfb9a3c1-4f09-4eb6-a535-453bd779b0b1', '1', '05c79919-5a2c-4910-822a-9d67fc8f0675')
/
insert into KSEN_LUI_IDENT (OBJ_ID, VER_NBR, CREATEID, CREATETIME, UPDATEID, UPDATETIME, LUI_CD, DIVISION, IDENT_LEVEL, LNG_NAME, LUI_ID, ORGID, SHRT_NAME, LUI_ID_STATE, SUFX_CD, LUI_ID_TYPE, VARTN, ID) values ('e1462245-ca0f-4e75-916a-5f1f45901a88', 0, 'admin', TIMESTAMP '2013-10-26 23:11:02.779', 'admin', TIMESTAMP '2013-10-26 23:11:02.779', '', '', '', '', 'bfb9a3c1-4f09-4eb6-a535-453bd779b0b1', '', '', 'kuali.lui.identifier.state.active', '', 'kuali.lui.identifier.type.official', '', '5269333f-a5b5-4c35-886d-e8447aeeaa36')
/
insert into KSEN_LUILUI_RELTN (OBJ_ID, VER_NBR, CREATEID, CREATETIME, UPDATEID, UPDATETIME, EFF_DT, EXPIR_DT, DESCR_FORMATTED, LUI_ID, LUILUI_RELTN_STATE, LUILUI_RELTN_TYPE, NAME, DESCR_PLAIN, RELATED_LUI_ID, ID) values ('36d415a2-e0ac-483d-9eda-de591b9c1051', 0, 'admin', TIMESTAMP '2013-10-26 23:11:02.779', 'admin', TIMESTAMP '2013-10-26 23:11:02.779', TIMESTAMP '2013-10-26 23:11:10.311', '', 'CHEM242-FO-RG', '70c5646d-894f-4e60-acd5-156eb533474d', 'kuali.lui.lui.relation.state.active', 'kuali.lui.lui.relation.type.deliveredvia.fo2rg', 'fo-rg-relation', 'CHEM242-FO-RG', 'bfb9a3c1-4f09-4eb6-a535-453bd779b0b1', '692e718f-b798-4bd3-af56-4611256fa62c')
/
insert into KSEN_LUILUI_RELTN (OBJ_ID, VER_NBR, CREATEID, CREATETIME, UPDATEID, UPDATETIME, EFF_DT, EXPIR_DT, DESCR_FORMATTED, LUI_ID, LUILUI_RELTN_STATE, LUILUI_RELTN_TYPE, NAME, DESCR_PLAIN, RELATED_LUI_ID, ID) values ('c731ea2a-9907-4c6d-ae04-fc6ff03b6d55', 0, 'admin', TIMESTAMP '2013-10-26 23:11:02.779', 'admin', TIMESTAMP '2013-10-26 23:11:02.779', TIMESTAMP '2013-10-26 23:11:10.311', '', 'CHEM242-RG-AO', 'bfb9a3c1-4f09-4eb6-a535-453bd779b0b1', 'kuali.lui.lui.relation.state.active', 'kuali.lui.lui.relation.type.registeredforvia.rg2ao', 'rg-ao-relation', 'CHEM242-RG-AO', '4b84e814-5a4d-4494-bf54-f0d44d50a306', 'a21f3a61-483a-414e-87ec-a434869e8d23')
/
insert into KSEN_LUILUI_RELTN (OBJ_ID, VER_NBR, CREATEID, CREATETIME, UPDATEID, UPDATETIME, EFF_DT, EXPIR_DT, DESCR_FORMATTED, LUI_ID, LUILUI_RELTN_STATE, LUILUI_RELTN_TYPE, NAME, DESCR_PLAIN, RELATED_LUI_ID, ID) values ('9527640a-7381-4f9f-ba34-5621c7755c2c', 0, 'admin', TIMESTAMP '2013-10-26 23:11:02.779', 'admin', TIMESTAMP '2013-10-26 23:11:02.779', TIMESTAMP '2013-10-26 23:11:10.312', '', 'CHEM242-RG-AO', 'bfb9a3c1-4f09-4eb6-a535-453bd779b0b1', 'kuali.lui.lui.relation.state.active', 'kuali.lui.lui.relation.type.registeredforvia.rg2ao', 'rg-ao-relation', 'CHEM242-RG-AO', '0df927ee-e450-499e-85c9-0c15576dc027', '9a023988-f689-4dbf-a3c1-9613b8332197')
/
insert into KSEN_LUI (OBJ_ID, VER_NBR, CREATEID, CREATETIME, UPDATEID, UPDATETIME, ATP_ID, CLU_ID, EFF_DT, EXPIR_DT, DESCR_FORMATTED, LUI_STATE, LUI_TYPE, MAX_SEATS, MIN_SEATS, NAME, DESCR_PLAIN, REF_URL, ID) values ('b3963100-3f6a-434e-83aa-e1814fd3d20c', 0, 'admin', TIMESTAMP '2013-10-26 23:11:02.779', 'admin', TIMESTAMP '2013-10-26 23:11:02.779', 'kuali.atp.2011Summer1', 'd925e275-370d-4d98-bbec-96fe2459a200', '', '', '1010', 'kuali.lui.registration.group.state.pending', 'kuali.lui.type.registration.group', '', '', '1010', '1010', '', 'c9b7087f-bb23-4275-be24-b83be2b7c4c1')
/
insert into KSEN_LUI_ATTR (OBJ_ID, ATTR_KEY, OWNER_ID, ATTR_VALUE, ID) values ('ae95faf5-ba26-4521-b4ec-0d937d5f20db', 'kuali.attribute.registration.group.is.generated', 'c9b7087f-bb23-4275-be24-b83be2b7c4c1', '1', '62b14d4e-27e3-44b7-9354-3008d94e6161')
/
insert into KSEN_LUI_ATTR (OBJ_ID, ATTR_KEY, OWNER_ID, ATTR_VALUE, ID) values ('76c20560-767c-451d-ae9c-2e43101de016', 'kuali.attribute.registration.group.aocluster.id', 'c9b7087f-bb23-4275-be24-b83be2b7c4c1', 'be265ec3-840b-42d7-af12-56d73b18a617', '523f87d1-271f-4727-bf11-1e5a40db7a1b')
/
insert into KSEN_LUI_IDENT (OBJ_ID, VER_NBR, CREATEID, CREATETIME, UPDATEID, UPDATETIME, LUI_CD, DIVISION, IDENT_LEVEL, LNG_NAME, LUI_ID, ORGID, SHRT_NAME, LUI_ID_STATE, SUFX_CD, LUI_ID_TYPE, VARTN, ID) values ('11a21822-c99d-4feb-bc42-06fc2804c2e1', 0, 'admin', TIMESTAMP '2013-10-26 23:11:02.779', 'admin', TIMESTAMP '2013-10-26 23:11:02.779', '', '', '', '', 'c9b7087f-bb23-4275-be24-b83be2b7c4c1', '', '', 'kuali.lui.identifier.state.active', '', 'kuali.lui.identifier.type.official', '', '26f07e7c-3022-4444-95b6-abf5b69cbbb3')
/
insert into KSEN_LUILUI_RELTN (OBJ_ID, VER_NBR, CREATEID, CREATETIME, UPDATEID, UPDATETIME, EFF_DT, EXPIR_DT, DESCR_FORMATTED, LUI_ID, LUILUI_RELTN_STATE, LUILUI_RELTN_TYPE, NAME, DESCR_PLAIN, RELATED_LUI_ID, ID) values ('5b9eed0f-1bef-4557-bdec-46065fa9fde1', 0, 'admin', TIMESTAMP '2013-10-26 23:11:02.779', 'admin', TIMESTAMP '2013-10-26 23:11:02.779', TIMESTAMP '2013-10-26 23:11:11.07', '', 'CHEM242-FO-RG', '70c5646d-894f-4e60-acd5-156eb533474d', 'kuali.lui.lui.relation.state.active', 'kuali.lui.lui.relation.type.deliveredvia.fo2rg', 'fo-rg-relation', 'CHEM242-FO-RG', 'c9b7087f-bb23-4275-be24-b83be2b7c4c1', '897c5fe6-df03-4691-80de-cac5ca9a960f')
/
insert into KSEN_LUILUI_RELTN (OBJ_ID, VER_NBR, CREATEID, CREATETIME, UPDATEID, UPDATETIME, EFF_DT, EXPIR_DT, DESCR_FORMATTED, LUI_ID, LUILUI_RELTN_STATE, LUILUI_RELTN_TYPE, NAME, DESCR_PLAIN, RELATED_LUI_ID, ID) values ('b242a728-a3e8-45ed-96e3-e34ff061c841', 0, 'admin', TIMESTAMP '2013-10-26 23:11:02.779', 'admin', TIMESTAMP '2013-10-26 23:11:02.779', TIMESTAMP '2013-10-26 23:11:11.071', '', 'CHEM242-RG-AO', 'c9b7087f-bb23-4275-be24-b83be2b7c4c1', 'kuali.lui.lui.relation.state.active', 'kuali.lui.lui.relation.type.registeredforvia.rg2ao', 'rg-ao-relation', 'CHEM242-RG-AO', 'a00ffb1e-889a-4029-9bfd-6316889e6040', '84510af4-4218-4a62-9b35-9225e7ccc43e')
/
insert into KSEN_LUILUI_RELTN (OBJ_ID, VER_NBR, CREATEID, CREATETIME, UPDATEID, UPDATETIME, EFF_DT, EXPIR_DT, DESCR_FORMATTED, LUI_ID, LUILUI_RELTN_STATE, LUILUI_RELTN_TYPE, NAME, DESCR_PLAIN, RELATED_LUI_ID, ID) values ('2612506a-431e-40d2-83ae-5e7b7cb59bd7', 0, 'admin', TIMESTAMP '2013-10-26 23:11:02.779', 'admin', TIMESTAMP '2013-10-26 23:11:02.779', TIMESTAMP '2013-10-26 23:11:11.071', '', 'CHEM242-RG-AO', 'c9b7087f-bb23-4275-be24-b83be2b7c4c1', 'kuali.lui.lui.relation.state.active', 'kuali.lui.lui.relation.type.registeredforvia.rg2ao', 'rg-ao-relation', 'CHEM242-RG-AO', '0df927ee-e450-499e-85c9-0c15576dc027', 'ad6704cd-50df-48bd-8fca-851c82fb7398')
/
insert into KSEN_CWL (OBJ_ID, VER_NBR, CREATEID, CREATETIME, UPDATEID, UPDATETIME, ALLOW_HOLD_UTIL_ENTRIES_IND, AUTO_PROCESSED_IND, CHECK_IN_REQ_IND, CONF_REQ_IND, EFF_DT, EXPIR_DT, MAX_SIZE, REG_IN_FIRST_AAO_IND, STD_DUR_TIME_QTY, STD_DUR_TYPE, CWL_STATE, CWL_TYPE, ID) values ('58e3a889-c5e6-46c9-b2fe-4d4101082dcc', 0, 'admin', TIMESTAMP '2013-10-26 23:11:02.779', 'admin', TIMESTAMP '2013-10-26 23:11:02.779', '0', '1', '0', '1', '', '', '', '', '', '', 'kuali.course.waitlist.state.active', 'kuali.course.waitlist.type.course.waitlist', '00ab9bb3-88ac-46ff-ba9e-2a038c5930ab')
/
insert into KSEN_CWL_ACTIV_OFFER (CWL_ID, ACTIV_OFFER_ID) values ('00ab9bb3-88ac-46ff-ba9e-2a038c5930ab', '0df927ee-e450-499e-85c9-0c15576dc027')
/
insert into KSEN_CWL_FORMAT_OFFER (CWL_ID, FORMAT_OFFER_ID) values ('00ab9bb3-88ac-46ff-ba9e-2a038c5930ab', '70c5646d-894f-4e60-acd5-156eb533474d')
/


-- Term = kuali.atp.2011Spring / 201105, coCode = BSCI105M
insert into KSEN_LUI (OBJ_ID, VER_NBR, CREATEID, CREATETIME, UPDATEID, UPDATETIME, ATP_ID, CLU_ID, EFF_DT, EXPIR_DT, DESCR_FORMATTED, LUI_STATE, LUI_TYPE, MAX_SEATS, MIN_SEATS, NAME, DESCR_PLAIN, REF_URL, ID) values ('8d793784-c741-4785-96cb-01e3565427a8', 0, 'admin', TIMESTAMP '2013-10-26 23:18:07.012', 'admin', TIMESTAMP '2013-10-26 23:18:07.012', 'kuali.atp.2011Summer1', '5fc1ad8f-2588-4d53-8ad3-66a87f5bc01d', '', '', '', 'kuali.lui.activity.offering.state.draft', 'kuali.lui.type.activity.offering.lab', 10, '', 'BSCI105M AO', '', '', '015fba19-f50d-43a4-9091-745a21e112ee')
/
insert into KSEN_LUI_ATTR (OBJ_ID, ATTR_KEY, OWNER_ID, ATTR_VALUE, ID) values ('4c1fa8f5-ad10-43a9-bab1-77826dc88c14', 'kuali.attribute.max.enrollment.is.estimate', '015fba19-f50d-43a4-9091-745a21e112ee', 'null', '867fe6ef-7bb7-44c8-8a14-7f3428b15919')
/
insert into KSEN_LUI_ATTR (OBJ_ID, ATTR_KEY, OWNER_ID, ATTR_VALUE, ID) values ('1538c0d0-3c9b-43df-916c-642a4b5c29f2', 'kuali.attribute.nonstd.ts.indicator', '015fba19-f50d-43a4-9091-745a21e112ee', '0', '7d9d94e7-af00-4b5e-a3e7-970f66daf552')
/
insert into KSEN_LUI_ATTR (OBJ_ID, ATTR_KEY, OWNER_ID, ATTR_VALUE, ID) values ('78d17f74-2f51-4e5f-b1ad-84f1b2c31ad4', 'kuali.attribute.course.evaluation.indicator', '015fba19-f50d-43a4-9091-745a21e112ee', 'null', '197bcaf6-5417-4bd8-9fda-7089af3a322a')
/
insert into KSEN_LUI_IDENT (OBJ_ID, VER_NBR, CREATEID, CREATETIME, UPDATEID, UPDATETIME, LUI_CD, DIVISION, IDENT_LEVEL, LNG_NAME, LUI_ID, ORGID, SHRT_NAME, LUI_ID_STATE, SUFX_CD, LUI_ID_TYPE, VARTN, ID) values ('23218331-e06a-4485-9a25-c7d0e380b71f', 0, 'admin', TIMESTAMP '2013-10-26 23:18:07.012', 'admin', TIMESTAMP '2013-10-26 23:18:07.012', 'B', '', '', '', '015fba19-f50d-43a4-9091-745a21e112ee', '', '', 'kuali.lui.identifier.state.active', '', 'kuali.lui.identifier.type.official', '', 'b46f2372-30e8-4464-b1ce-bd6657b27e2b')
/
insert into KSEN_LUI_LU_CD (OBJ_ID, VER_NBR, CREATEID, CREATETIME, UPDATEID, UPDATETIME, DESCR_FORMATTED, LUI_ID, DESCR_PLAIN, LUI_LUCD_TYPE, VALUE, ID) values ('6970e338-2d47-4375-9d63-24c94dcd844e', 0, 'admin', TIMESTAMP '2013-10-26 23:18:07.012', 'admin', TIMESTAMP '2013-10-26 23:18:07.012', '', '015fba19-f50d-43a4-9091-745a21e112ee', '', 'kuali.lu.code.honorsOffering', 'null', '4f87bcef-4f4f-4dc3-ae8d-529f105e1028')
/
insert into KSEN_LUILUI_RELTN (OBJ_ID, VER_NBR, CREATEID, CREATETIME, UPDATEID, UPDATETIME, EFF_DT, EXPIR_DT, DESCR_FORMATTED, LUI_ID, LUILUI_RELTN_STATE, LUILUI_RELTN_TYPE, NAME, DESCR_PLAIN, RELATED_LUI_ID, ID) values ('d7fe6366-1c0b-4c4f-b1cf-bad536f9eacb', 0, 'admin', TIMESTAMP '2013-10-26 23:18:07.012', 'admin', TIMESTAMP '2013-10-26 23:18:07.012', TIMESTAMP '2013-10-26 23:18:07.152', '', 'BSCI105M-FO-AO', 'b8d7087f-2dc0-449e-8db5-c86e2ce4d5cf', 'kuali.lui.lui.relation.state.active', 'kuali.lui.lui.relation.type.deliveredvia.fo2ao', 'fo-ao-relation', 'BSCI105M-FO-AO', '015fba19-f50d-43a4-9091-745a21e112ee', 'f42a72e1-53b8-4eba-b7c2-16123c579be8')
/
insert into KSEN_CO_AO_CLUSTER_SET (OBJ_ID, ACTIVITY_OFFERING_TYPE, AO_CLUSTER_ID, ID) values ('fa6bc9b4-9de1-4145-b416-77cc5a81230e', 'kuali.lui.type.activity.offering.lab', 'c93d9418-965a-44b8-929d-0223b9596d8d', '3522b280-840a-468d-bd57-8563480df9a5')
/
insert into KSEN_CO_AO_CLUSTER_SET_AO (AOC_SET_ID, ACTIVITY_OFFERING_ID) values ('3522b280-840a-468d-bd57-8563480df9a5', '015fba19-f50d-43a4-9091-745a21e112ee')
/
delete from KSEN_LUILUI_RELTN where ID='1d259c20-0590-46df-a2cb-210d785dbea7' and VER_NBR=0
/
delete from KSEN_LUILUI_RELTN where ID='cc779663-b711-462c-9ed8-b31bc0d32189' and VER_NBR=0
/
delete from KSEN_LUI_ATTR where ID='9435ee36-99e8-498d-a94e-acef53a8b3fb'
/
delete from KSEN_LUI_ATTR where ID='3bf22c4d-d9b2-4d77-bb10-febb19026bdc'
/
delete from KSEN_LUI_IDENT where ID='7c9abf67-5ade-4a59-9efd-311ff4a40184' and VER_NBR=0
/
delete from KSEN_LUI where ID='87fd3267-6502-4d72-b4ff-088532ba3472' and VER_NBR=1
/
insert into KSEN_LUI_ATTR (OBJ_ID, ATTR_KEY, OWNER_ID, ATTR_VALUE, ID) values ('ad133ef6-3576-4081-bedb-48aefa772b5d', 'regCodePrefix', 'b8d7087f-2dc0-449e-8db5-c86e2ce4d5cf', '1', 'df5f929a-b71a-4ff3-81cb-0b5f51c920b8')
/
delete from KSEN_LUI_RELATED_LUI_TYPES where LUI_ID='b8d7087f-2dc0-449e-8db5-c86e2ce4d5cf'
/
insert into KSEN_LUI_RELATED_LUI_TYPES (LUI_ID, RELATED_LUI_TYPE) values ('b8d7087f-2dc0-449e-8db5-c86e2ce4d5cf', 'kuali.lui.type.activity.offering.lab')
/
insert into KSEN_LUI_RELATED_LUI_TYPES (LUI_ID, RELATED_LUI_TYPE) values ('b8d7087f-2dc0-449e-8db5-c86e2ce4d5cf', 'kuali.lui.type.activity.offering.lecture')
/
insert into KSEN_LUI (OBJ_ID, VER_NBR, CREATEID, CREATETIME, UPDATEID, UPDATETIME, ATP_ID, CLU_ID, EFF_DT, EXPIR_DT, DESCR_FORMATTED, LUI_STATE, LUI_TYPE, MAX_SEATS, MIN_SEATS, NAME, DESCR_PLAIN, REF_URL, ID) values ('1787abd0-22c3-49bf-8137-764b51767a58', 0, 'admin', TIMESTAMP '2013-10-26 23:18:07.012', 'admin', TIMESTAMP '2013-10-26 23:18:07.012', 'kuali.atp.2011Summer1', '4db34db8-41d6-4522-b55b-5c861acec773', '', '', '1001', 'kuali.lui.registration.group.state.pending', 'kuali.lui.type.registration.group', '', '', '1001', '1001', '', '5e3662d9-6e76-4016-8ba8-32f404ea2bd2')
/
insert into KSEN_LUI_ATTR (OBJ_ID, ATTR_KEY, OWNER_ID, ATTR_VALUE, ID) values ('880a143a-4690-4788-b3cf-63e207e81da6', 'kuali.attribute.registration.group.is.generated', '5e3662d9-6e76-4016-8ba8-32f404ea2bd2', '1', 'a73667ec-e12d-4529-ba23-e3669076a99f')
/
insert into KSEN_LUI_ATTR (OBJ_ID, ATTR_KEY, OWNER_ID, ATTR_VALUE, ID) values ('97ef5c53-093b-48ee-942b-0988d26b66ed', 'kuali.attribute.registration.group.aocluster.id', '5e3662d9-6e76-4016-8ba8-32f404ea2bd2', 'c93d9418-965a-44b8-929d-0223b9596d8d', '87afbabc-d48b-486e-8ec0-98c748f6dac5')
/
insert into KSEN_LUI_IDENT (OBJ_ID, VER_NBR, CREATEID, CREATETIME, UPDATEID, UPDATETIME, LUI_CD, DIVISION, IDENT_LEVEL, LNG_NAME, LUI_ID, ORGID, SHRT_NAME, LUI_ID_STATE, SUFX_CD, LUI_ID_TYPE, VARTN, ID) values ('b9e0c78a-f231-4156-af8c-95d7eed7c6c9', 0, 'admin', TIMESTAMP '2013-10-26 23:18:07.012', 'admin', TIMESTAMP '2013-10-26 23:18:07.012', '', '', '', '', '5e3662d9-6e76-4016-8ba8-32f404ea2bd2', '', '', 'kuali.lui.identifier.state.active', '', 'kuali.lui.identifier.type.official', '', 'b4f92320-7148-4e08-928a-168b5e2b9d91')
/
insert into KSEN_LUILUI_RELTN (OBJ_ID, VER_NBR, CREATEID, CREATETIME, UPDATEID, UPDATETIME, EFF_DT, EXPIR_DT, DESCR_FORMATTED, LUI_ID, LUILUI_RELTN_STATE, LUILUI_RELTN_TYPE, NAME, DESCR_PLAIN, RELATED_LUI_ID, ID) values ('42b0ca51-bd95-4b0f-a57f-6483c548d9d7', 0, 'admin', TIMESTAMP '2013-10-26 23:18:07.012', 'admin', TIMESTAMP '2013-10-26 23:18:07.012', TIMESTAMP '2013-10-26 23:18:07.76', '', 'BSCI105M-FO-RG', 'b8d7087f-2dc0-449e-8db5-c86e2ce4d5cf', 'kuali.lui.lui.relation.state.active', 'kuali.lui.lui.relation.type.deliveredvia.fo2rg', 'fo-rg-relation', 'BSCI105M-FO-RG', '5e3662d9-6e76-4016-8ba8-32f404ea2bd2', '04bb7ccf-d1df-499e-a4d4-e3f4bd941c10')
/
insert into KSEN_LUILUI_RELTN (OBJ_ID, VER_NBR, CREATEID, CREATETIME, UPDATEID, UPDATETIME, EFF_DT, EXPIR_DT, DESCR_FORMATTED, LUI_ID, LUILUI_RELTN_STATE, LUILUI_RELTN_TYPE, NAME, DESCR_PLAIN, RELATED_LUI_ID, ID) values ('3eb9e8e3-ee76-4e52-a8bf-c8d217171589', 0, 'admin', TIMESTAMP '2013-10-26 23:18:07.012', 'admin', TIMESTAMP '2013-10-26 23:18:07.012', TIMESTAMP '2013-10-26 23:18:07.761', '', 'BSCI105M-RG-AO', '5e3662d9-6e76-4016-8ba8-32f404ea2bd2', 'kuali.lui.lui.relation.state.active', 'kuali.lui.lui.relation.type.registeredforvia.rg2ao', 'rg-ao-relation', 'BSCI105M-RG-AO', '6d212414-4309-48bf-9fa9-0e7a4e8e0690', 'b63e7a79-f021-41cd-b013-da84a8fa77f3')
/
insert into KSEN_LUILUI_RELTN (OBJ_ID, VER_NBR, CREATEID, CREATETIME, UPDATEID, UPDATETIME, EFF_DT, EXPIR_DT, DESCR_FORMATTED, LUI_ID, LUILUI_RELTN_STATE, LUILUI_RELTN_TYPE, NAME, DESCR_PLAIN, RELATED_LUI_ID, ID) values ('50216a2c-67d8-4e0b-8c1e-c9e36feb4efa', 0, 'admin', TIMESTAMP '2013-10-26 23:18:07.012', 'admin', TIMESTAMP '2013-10-26 23:18:07.012', TIMESTAMP '2013-10-26 23:18:07.761', '', 'BSCI105M-RG-AO', '5e3662d9-6e76-4016-8ba8-32f404ea2bd2', 'kuali.lui.lui.relation.state.active', 'kuali.lui.lui.relation.type.registeredforvia.rg2ao', 'rg-ao-relation', 'BSCI105M-RG-AO', '015fba19-f50d-43a4-9091-745a21e112ee', '72e4c454-3164-471d-b0d0-b0fce788b119')
/
insert into KSEN_CWL (OBJ_ID, VER_NBR, CREATEID, CREATETIME, UPDATEID, UPDATETIME, ALLOW_HOLD_UTIL_ENTRIES_IND, AUTO_PROCESSED_IND, CHECK_IN_REQ_IND, CONF_REQ_IND, EFF_DT, EXPIR_DT, MAX_SIZE, REG_IN_FIRST_AAO_IND, STD_DUR_TIME_QTY, STD_DUR_TYPE, CWL_STATE, CWL_TYPE, ID) values ('8f9bb00e-37fa-4eb2-aebf-61ae657779a6', 0, 'admin', TIMESTAMP '2013-10-26 23:18:07.012', 'admin', TIMESTAMP '2013-10-26 23:18:07.012', '0', '1', '0', '1', '', '', '', '', '', '', 'kuali.course.waitlist.state.active', 'kuali.course.waitlist.type.course.waitlist', '460840ed-b1cd-40a9-82f9-914eb9cd9a39')
/
insert into KSEN_CWL_ACTIV_OFFER (CWL_ID, ACTIV_OFFER_ID) values ('460840ed-b1cd-40a9-82f9-914eb9cd9a39', '015fba19-f50d-43a4-9091-745a21e112ee')
/
insert into KSEN_CWL_FORMAT_OFFER (CWL_ID, FORMAT_OFFER_ID) values ('460840ed-b1cd-40a9-82f9-914eb9cd9a39', 'b8d7087f-2dc0-449e-8db5-c86e2ce4d5cf')
/


-- Term = kuali.atp.2011Spring / 201105, coCode = BSCI414
insert into KSEN_LUI (OBJ_ID, VER_NBR, CREATEID, CREATETIME, UPDATEID, UPDATETIME, ATP_ID, CLU_ID, EFF_DT, EXPIR_DT, DESCR_FORMATTED, LUI_STATE, LUI_TYPE, MAX_SEATS, MIN_SEATS, NAME, DESCR_PLAIN, REF_URL, ID) values ('aacd5f80-e102-4d87-9c6d-ad0473ced8c1', 0, 'admin', TIMESTAMP '2013-10-26 23:21:07.083', 'admin', TIMESTAMP '2013-10-26 23:21:07.083', 'kuali.atp.2011Summer1', 'ceeee86d-a877-40ec-b29b-6803e9ba6321', '', '', '', 'kuali.lui.activity.offering.state.draft', 'kuali.lui.type.activity.offering.lecture', 23, '', 'BSCI414 AO', '', '', '3c69f987-4ae6-4092-b2c6-78d26e1bb748')
/
insert into KSEN_LUI_ATTR (OBJ_ID, ATTR_KEY, OWNER_ID, ATTR_VALUE, ID) values ('1f892e80-1d16-45df-a40f-233898a3e088', 'kuali.attribute.max.enrollment.is.estimate', '3c69f987-4ae6-4092-b2c6-78d26e1bb748', 'null', 'ecdef0d3-00b8-4e55-87cf-e9ea0875f210')
/
insert into KSEN_LUI_ATTR (OBJ_ID, ATTR_KEY, OWNER_ID, ATTR_VALUE, ID) values ('679bd7f9-f496-4bc3-a438-b0b364ab7444', 'kuali.attribute.nonstd.ts.indicator', '3c69f987-4ae6-4092-b2c6-78d26e1bb748', '0', '326ad34b-cdda-4cc5-8da9-4d1f00de56de')
/
insert into KSEN_LUI_ATTR (OBJ_ID, ATTR_KEY, OWNER_ID, ATTR_VALUE, ID) values ('49505712-aa4e-469d-959d-220f86cb3b30', 'kuali.attribute.course.evaluation.indicator', '3c69f987-4ae6-4092-b2c6-78d26e1bb748', 'null', '2a531667-dce1-4caa-ab62-aca7de7f9be2')
/
insert into KSEN_LUI_IDENT (OBJ_ID, VER_NBR, CREATEID, CREATETIME, UPDATEID, UPDATETIME, LUI_CD, DIVISION, IDENT_LEVEL, LNG_NAME, LUI_ID, ORGID, SHRT_NAME, LUI_ID_STATE, SUFX_CD, LUI_ID_TYPE, VARTN, ID) values ('8888a2e5-f648-41cf-9174-f0516188811b', 0, 'admin', TIMESTAMP '2013-10-26 23:21:07.083', 'admin', TIMESTAMP '2013-10-26 23:21:07.083', 'B', '', '', '', '3c69f987-4ae6-4092-b2c6-78d26e1bb748', '', '', 'kuali.lui.identifier.state.active', '', 'kuali.lui.identifier.type.official', '', '5373060e-3ed9-4add-8d3e-170e96013242')
/
insert into KSEN_LUI_LU_CD (OBJ_ID, VER_NBR, CREATEID, CREATETIME, UPDATEID, UPDATETIME, DESCR_FORMATTED, LUI_ID, DESCR_PLAIN, LUI_LUCD_TYPE, VALUE, ID) values ('ae22d940-6d97-459b-b20e-8372c0dc9b47', 0, 'admin', TIMESTAMP '2013-10-26 23:21:07.083', 'admin', TIMESTAMP '2013-10-26 23:21:07.083', '', '3c69f987-4ae6-4092-b2c6-78d26e1bb748', '', 'kuali.lu.code.honorsOffering', 'null', 'f2a90bf8-d4d2-4119-9d74-08f26a501074')
/
insert into KSEN_LUILUI_RELTN (OBJ_ID, VER_NBR, CREATEID, CREATETIME, UPDATEID, UPDATETIME, EFF_DT, EXPIR_DT, DESCR_FORMATTED, LUI_ID, LUILUI_RELTN_STATE, LUILUI_RELTN_TYPE, NAME, DESCR_PLAIN, RELATED_LUI_ID, ID) values ('670f7434-cba0-44b3-ae2c-b9ebeba9759e', 0, 'admin', TIMESTAMP '2013-10-26 23:21:07.083', 'admin', TIMESTAMP '2013-10-26 23:21:07.083', TIMESTAMP '2013-10-26 23:21:07.222', '', 'BSCI414-FO-AO', '69a00fa0-8ab8-4dbd-ab9a-e7e020de7942', 'kuali.lui.lui.relation.state.active', 'kuali.lui.lui.relation.type.deliveredvia.fo2ao', 'fo-ao-relation', 'BSCI414-FO-AO', '3c69f987-4ae6-4092-b2c6-78d26e1bb748', 'c1ecf9a6-e87c-48ce-95fd-683b78713026')
/
insert into KSEN_CO_AO_CLUSTER_SET (OBJ_ID, ACTIVITY_OFFERING_TYPE, AO_CLUSTER_ID, ID) values ('661b5d5f-a6e5-4ed5-a66f-574fb8db6829', 'kuali.lui.type.activity.offering.lecture', 'ddeb1783-6ec6-4056-8bfd-5ec2339f7a52', '87c31a51-4ec5-421e-bd6a-285d9c7eb1ae')
/
insert into KSEN_CO_AO_CLUSTER_SET_AO (AOC_SET_ID, ACTIVITY_OFFERING_ID) values ('87c31a51-4ec5-421e-bd6a-285d9c7eb1ae', '3c69f987-4ae6-4092-b2c6-78d26e1bb748')
/
delete from KSEN_LUILUI_RELTN where ID='8a34553c-2e00-4391-93d4-7d0f987ff583' and VER_NBR=0
/
delete from KSEN_LUILUI_RELTN where ID='ec1d9c71-9b50-404d-abfb-571ae9919c1b' and VER_NBR=0
/
delete from KSEN_LUI_ATTR where ID='0700bea5-122f-4f5b-86cd-024f62d31323'
/
delete from KSEN_LUI_ATTR where ID='0f342430-83df-4391-b365-6da748e4c2fe'
/
delete from KSEN_LUI_IDENT where ID='09f8038f-d60d-40a7-996c-1d908eb28e0b' and VER_NBR=0
/
delete from KSEN_LUI where ID='4d929774-6b5b-417c-b8f8-9ecb5eae966a' and VER_NBR=1
/
insert into KSEN_LUI_ATTR (OBJ_ID, ATTR_KEY, OWNER_ID, ATTR_VALUE, ID) values ('0b861f6c-5904-4b37-9570-427d87bf4565', 'regCodePrefix', '69a00fa0-8ab8-4dbd-ab9a-e7e020de7942', '1', '67446107-b90f-4ddf-9c1e-95b9f15ac853')
/
delete from KSEN_LUI_RELATED_LUI_TYPES where LUI_ID='69a00fa0-8ab8-4dbd-ab9a-e7e020de7942'
/
insert into KSEN_LUI_RELATED_LUI_TYPES (LUI_ID, RELATED_LUI_TYPE) values ('69a00fa0-8ab8-4dbd-ab9a-e7e020de7942', 'kuali.lui.type.activity.offering.lab')
/
insert into KSEN_LUI_RELATED_LUI_TYPES (LUI_ID, RELATED_LUI_TYPE) values ('69a00fa0-8ab8-4dbd-ab9a-e7e020de7942', 'kuali.lui.type.activity.offering.lecture')
/
insert into KSEN_LUI (OBJ_ID, VER_NBR, CREATEID, CREATETIME, UPDATEID, UPDATETIME, ATP_ID, CLU_ID, EFF_DT, EXPIR_DT, DESCR_FORMATTED, LUI_STATE, LUI_TYPE, MAX_SEATS, MIN_SEATS, NAME, DESCR_PLAIN, REF_URL, ID) values ('b0a640a0-378a-44ea-8364-2b98f74baadc', 0, 'admin', TIMESTAMP '2013-10-26 23:21:07.083', 'admin', TIMESTAMP '2013-10-26 23:21:07.083', 'kuali.atp.2011Summer1', 'b6f97af3-4a32-4d1a-a846-5a6bc5cc2cf8', '', '', '1001', 'kuali.lui.registration.group.state.pending', 'kuali.lui.type.registration.group', '', '', '1001', '1001', '', '6fcfb97c-bb20-49ac-987b-d1e89749e420')
/
insert into KSEN_LUI_ATTR (OBJ_ID, ATTR_KEY, OWNER_ID, ATTR_VALUE, ID) values ('e2f548be-d09f-4864-9d6b-9a5e89083046', 'kuali.attribute.registration.group.aocluster.id', '6fcfb97c-bb20-49ac-987b-d1e89749e420', 'ddeb1783-6ec6-4056-8bfd-5ec2339f7a52', 'd08a1e8d-e47b-47c7-9399-a71d9005f9c8')
/
insert into KSEN_LUI_ATTR (OBJ_ID, ATTR_KEY, OWNER_ID, ATTR_VALUE, ID) values ('7a882240-f705-4638-a039-c3d95d0903f7', 'kuali.attribute.registration.group.is.generated', '6fcfb97c-bb20-49ac-987b-d1e89749e420', '1', 'b6f3086c-31db-4844-bec7-eadef9c4afe9')
/
insert into KSEN_LUI_IDENT (OBJ_ID, VER_NBR, CREATEID, CREATETIME, UPDATEID, UPDATETIME, LUI_CD, DIVISION, IDENT_LEVEL, LNG_NAME, LUI_ID, ORGID, SHRT_NAME, LUI_ID_STATE, SUFX_CD, LUI_ID_TYPE, VARTN, ID) values ('d7fdd268-f56a-423d-ae64-e41908f0e52a', 0, 'admin', TIMESTAMP '2013-10-26 23:21:07.083', 'admin', TIMESTAMP '2013-10-26 23:21:07.083', '', '', '', '', '6fcfb97c-bb20-49ac-987b-d1e89749e420', '', '', 'kuali.lui.identifier.state.active', '', 'kuali.lui.identifier.type.official', '', '554f91f1-315c-4241-a66f-4a21d77c29c5')
/
insert into KSEN_LUILUI_RELTN (OBJ_ID, VER_NBR, CREATEID, CREATETIME, UPDATEID, UPDATETIME, EFF_DT, EXPIR_DT, DESCR_FORMATTED, LUI_ID, LUILUI_RELTN_STATE, LUILUI_RELTN_TYPE, NAME, DESCR_PLAIN, RELATED_LUI_ID, ID) values ('6fa3c9ef-250a-480b-9c6c-8ffae041b128', 0, 'admin', TIMESTAMP '2013-10-26 23:21:07.083', 'admin', TIMESTAMP '2013-10-26 23:21:07.083', TIMESTAMP '2013-10-26 23:21:08.007', '', 'BSCI414-FO-RG', '69a00fa0-8ab8-4dbd-ab9a-e7e020de7942', 'kuali.lui.lui.relation.state.active', 'kuali.lui.lui.relation.type.deliveredvia.fo2rg', 'fo-rg-relation', 'BSCI414-FO-RG', '6fcfb97c-bb20-49ac-987b-d1e89749e420', 'c2e6c695-9a6e-494c-a698-6047e6564241')
/
insert into KSEN_LUILUI_RELTN (OBJ_ID, VER_NBR, CREATEID, CREATETIME, UPDATEID, UPDATETIME, EFF_DT, EXPIR_DT, DESCR_FORMATTED, LUI_ID, LUILUI_RELTN_STATE, LUILUI_RELTN_TYPE, NAME, DESCR_PLAIN, RELATED_LUI_ID, ID) values ('cd7f4f6d-c21d-4425-8662-cfb4e40fb0f9', 0, 'admin', TIMESTAMP '2013-10-26 23:21:07.083', 'admin', TIMESTAMP '2013-10-26 23:21:07.083', TIMESTAMP '2013-10-26 23:21:08.008', '', 'BSCI414-RG-AO', '6fcfb97c-bb20-49ac-987b-d1e89749e420', 'kuali.lui.lui.relation.state.active', 'kuali.lui.lui.relation.type.registeredforvia.rg2ao', 'rg-ao-relation', 'BSCI414-RG-AO', 'b0017acc-8a7f-47b3-b451-c0e03594c02d', 'ec52afa1-377e-4588-9fdb-0fa20f53fd4d')
/
insert into KSEN_LUILUI_RELTN (OBJ_ID, VER_NBR, CREATEID, CREATETIME, UPDATEID, UPDATETIME, EFF_DT, EXPIR_DT, DESCR_FORMATTED, LUI_ID, LUILUI_RELTN_STATE, LUILUI_RELTN_TYPE, NAME, DESCR_PLAIN, RELATED_LUI_ID, ID) values ('d2b64d71-e624-4ef1-bf90-7513abe2051f', 0, 'admin', TIMESTAMP '2013-10-26 23:21:07.083', 'admin', TIMESTAMP '2013-10-26 23:21:07.083', TIMESTAMP '2013-10-26 23:21:08.008', '', 'BSCI414-RG-AO', '6fcfb97c-bb20-49ac-987b-d1e89749e420', 'kuali.lui.lui.relation.state.active', 'kuali.lui.lui.relation.type.registeredforvia.rg2ao', 'rg-ao-relation', 'BSCI414-RG-AO', '3c69f987-4ae6-4092-b2c6-78d26e1bb748', 'e93ce749-fe4f-40be-99dd-ce93edd450b7')
/
insert into KSEN_CWL (OBJ_ID, VER_NBR, CREATEID, CREATETIME, UPDATEID, UPDATETIME, ALLOW_HOLD_UTIL_ENTRIES_IND, AUTO_PROCESSED_IND, CHECK_IN_REQ_IND, CONF_REQ_IND, EFF_DT, EXPIR_DT, MAX_SIZE, REG_IN_FIRST_AAO_IND, STD_DUR_TIME_QTY, STD_DUR_TYPE, CWL_STATE, CWL_TYPE, ID) values ('e2d9c9d4-6df5-4fd3-bd1d-06cb78b06f08', 0, 'admin', TIMESTAMP '2013-10-26 23:21:07.083', 'admin', TIMESTAMP '2013-10-26 23:21:07.083', '0', '1', '0', '1', '', '', '', '', '', '', 'kuali.course.waitlist.state.active', 'kuali.course.waitlist.type.course.waitlist', '6c4334b9-10db-4ad7-bc8f-4f7c2a4f08f2')
/
insert into KSEN_CWL_ACTIV_OFFER (CWL_ID, ACTIV_OFFER_ID) values ('6c4334b9-10db-4ad7-bc8f-4f7c2a4f08f2', '3c69f987-4ae6-4092-b2c6-78d26e1bb748')
/
insert into KSEN_CWL_FORMAT_OFFER (CWL_ID, FORMAT_OFFER_ID) values ('6c4334b9-10db-4ad7-bc8f-4f7c2a4f08f2', '69a00fa0-8ab8-4dbd-ab9a-e7e020de7942')
/


-- Term = kuali.atp.2012Fall / 201208, coCode = BSCI105M
insert into KSEN_LUI (OBJ_ID, VER_NBR, CREATEID, CREATETIME, UPDATEID, UPDATETIME, ATP_ID, CLU_ID, EFF_DT, EXPIR_DT, DESCR_FORMATTED, LUI_STATE, LUI_TYPE, MAX_SEATS, MIN_SEATS, NAME, DESCR_PLAIN, REF_URL, ID) values ('96b87ec1-522b-4f7e-bb90-c49677529a09', 0, 'admin', TIMESTAMP '2013-10-28 08:16:55.25', 'admin', TIMESTAMP '2013-10-28 08:16:55.25', 'kuali.atp.2012Fall', '9d78ad7c-0344-49c5-a238-29a8bbcf33b9', '', '', '', 'kuali.lui.activity.offering.state.draft', 'kuali.lui.type.activity.offering.lab', 15, '', 'BSCI105M AO', '', '', '4cc8c202-a65f-4617-9098-3fa058fcfde6')
/
insert into KSEN_LUI_ATTR (OBJ_ID, ATTR_KEY, OWNER_ID, ATTR_VALUE, ID) values ('1534e93b-b3ca-4086-8a53-190a9976f64b', 'kuali.attribute.course.evaluation.indicator', '4cc8c202-a65f-4617-9098-3fa058fcfde6', 'null', '9c995f9b-5923-4927-98ae-7b1260915457')
/
insert into KSEN_LUI_ATTR (OBJ_ID, ATTR_KEY, OWNER_ID, ATTR_VALUE, ID) values ('411d2d2a-7c97-4f23-8569-0396f6b2fc32', 'kuali.attribute.nonstd.ts.indicator', '4cc8c202-a65f-4617-9098-3fa058fcfde6', '0', 'c285b4ef-9df2-44e1-86b3-bad6e8b44cc5')
/
insert into KSEN_LUI_ATTR (OBJ_ID, ATTR_KEY, OWNER_ID, ATTR_VALUE, ID) values ('93403f41-3b14-4b8a-85c3-6deec4ed0c1d', 'kuali.attribute.max.enrollment.is.estimate', '4cc8c202-a65f-4617-9098-3fa058fcfde6', 'null', 'aabf5dc4-e2a0-415e-abed-78f0af39654d')
/
insert into KSEN_LUI_IDENT (OBJ_ID, VER_NBR, CREATEID, CREATETIME, UPDATEID, UPDATETIME, LUI_CD, DIVISION, IDENT_LEVEL, LNG_NAME, LUI_ID, ORGID, SHRT_NAME, LUI_ID_STATE, SUFX_CD, LUI_ID_TYPE, VARTN, ID) values ('7b1d0769-1a67-4a6a-9134-5cbf520089bf', 0, 'admin', TIMESTAMP '2013-10-28 08:16:55.25', 'admin', TIMESTAMP '2013-10-28 08:16:55.25', 'D', '', '', '', '4cc8c202-a65f-4617-9098-3fa058fcfde6', '', '', 'kuali.lui.identifier.state.active', '', 'kuali.lui.identifier.type.official', '', '263b4eee-60c0-4e04-a218-f6a06dd8dcad')
/
insert into KSEN_LUI_LU_CD (OBJ_ID, VER_NBR, CREATEID, CREATETIME, UPDATEID, UPDATETIME, DESCR_FORMATTED, LUI_ID, DESCR_PLAIN, LUI_LUCD_TYPE, VALUE, ID) values ('e3d9dd39-7b8d-4236-abd2-73d187c427b8', 0, 'admin', TIMESTAMP '2013-10-28 08:16:55.25', 'admin', TIMESTAMP '2013-10-28 08:16:55.25', '', '4cc8c202-a65f-4617-9098-3fa058fcfde6', '', 'kuali.lu.code.honorsOffering', 'null', 'c549c060-a8df-4f72-95b6-63a0dc8dfd1d')
/
insert into KSEN_LUILUI_RELTN (OBJ_ID, VER_NBR, CREATEID, CREATETIME, UPDATEID, UPDATETIME, EFF_DT, EXPIR_DT, DESCR_FORMATTED, LUI_ID, LUILUI_RELTN_STATE, LUILUI_RELTN_TYPE, NAME, DESCR_PLAIN, RELATED_LUI_ID, ID) values ('bd37d52f-9c19-4056-b32d-4dcb79c169ac', 0, 'admin', TIMESTAMP '2013-10-28 08:16:55.25', 'admin', TIMESTAMP '2013-10-28 08:16:55.25', TIMESTAMP '2013-10-28 08:16:55.811', '', 'BSCI105M-FO-AO', '43ec9534-a65c-4433-9bf4-a90d9c4ead6b', 'kuali.lui.lui.relation.state.active', 'kuali.lui.lui.relation.type.deliveredvia.fo2ao', 'fo-ao-relation', 'BSCI105M-FO-AO', '4cc8c202-a65f-4617-9098-3fa058fcfde6', '0fba0282-298c-4084-bbbd-9d883fd51ada')
/
insert into KSEN_CO_AO_CLUSTER_SET (OBJ_ID, ACTIVITY_OFFERING_TYPE, AO_CLUSTER_ID, ID) values ('c11a1e1d-e8d4-4198-80f6-b8a2462526d6', 'kuali.lui.type.activity.offering.lab', '9a123c3c-7bf9-49a7-9a03-e12d6fc3399b', '15214861-e828-4c0c-b8bc-79bdbb0db1e2')
/
insert into KSEN_CO_AO_CLUSTER_SET_AO (AOC_SET_ID, ACTIVITY_OFFERING_ID) values ('15214861-e828-4c0c-b8bc-79bdbb0db1e2', '4cc8c202-a65f-4617-9098-3fa058fcfde6')
/
delete from KSEN_LUILUI_RELTN where ID='aef1e6cb-c4d5-4897-aed8-3313b226a8b8' and VER_NBR=0
/
delete from KSEN_LUILUI_RELTN where ID='d61e15d9-d296-4f10-995b-8a52e2849109' and VER_NBR=0
/
delete from KSEN_LUI_ATTR where ID='23e63e3a-d1da-4abb-b310-02511eb3fef4'
/
delete from KSEN_LUI_ATTR where ID='92588c8b-2a1d-4322-9256-47884483a9f5'
/
delete from KSEN_LUI_IDENT where ID='051a66a9-4230-417a-96f1-181da5f1ae0f' and VER_NBR=0
/
delete from KSEN_LUI where ID='1430adb5-f915-4a39-b9b7-759bd2903569' and VER_NBR=1
/
delete from KSEN_LUILUI_RELTN where ID='ea5a4b01-f655-43a0-bd5b-44d5a6bd65bd' and VER_NBR=0
/
delete from KSEN_LUILUI_RELTN where ID='12c0c862-7ebd-4f0a-a2ad-d444cbb6aef0' and VER_NBR=0
/
delete from KSEN_LUI_ATTR where ID='49b21f5c-a79b-43b5-aeaa-203239e30d03'
/
delete from KSEN_LUI_ATTR where ID='72e9cf51-814c-480c-ab50-198b084828ad'
/
delete from KSEN_LUI_IDENT where ID='ecc6ee3f-0d3c-4d59-948d-f80afc8a1233' and VER_NBR=0
/
delete from KSEN_LUI where ID='a51cdda8-f0ef-4b08-8bf8-544770ca7f50' and VER_NBR=1
/
delete from KSEN_LUILUI_RELTN where ID='aeaef346-5ae0-4f57-adc5-ebb3fe7975ee' and VER_NBR=0
/
delete from KSEN_LUILUI_RELTN where ID='29675f5d-0a59-4169-8711-a27283539474' and VER_NBR=0
/
delete from KSEN_LUI_ATTR where ID='741c6464-0401-4834-96a9-55519366d27a'
/
delete from KSEN_LUI_ATTR where ID='06107d08-d910-4b7e-afab-5440d70528dd'
/
delete from KSEN_LUI_IDENT where ID='e6a34f18-27b4-4631-8425-1eecb6db5b12' and VER_NBR=0
/
delete from KSEN_LUI where ID='be293841-5846-4484-b509-8e86f2a7d791' and VER_NBR=1
/
insert into KSEN_LUI_ATTR (OBJ_ID, ATTR_KEY, OWNER_ID, ATTR_VALUE, ID) values ('9345477b-f64d-424f-a1d4-2f16f134a552', 'regCodePrefix', '43ec9534-a65c-4433-9bf4-a90d9c4ead6b', '1', '60b2f8d1-6759-4cd1-9e11-934d38d9f45d')
/
delete from KSEN_LUI_RELATED_LUI_TYPES where LUI_ID='43ec9534-a65c-4433-9bf4-a90d9c4ead6b'
/
insert into KSEN_LUI_RELATED_LUI_TYPES (LUI_ID, RELATED_LUI_TYPE) values ('43ec9534-a65c-4433-9bf4-a90d9c4ead6b', 'kuali.lui.type.activity.offering.lab')
/
insert into KSEN_LUI_RELATED_LUI_TYPES (LUI_ID, RELATED_LUI_TYPE) values ('43ec9534-a65c-4433-9bf4-a90d9c4ead6b', 'kuali.lui.type.activity.offering.lecture')
/
insert into KSEN_LUI (OBJ_ID, VER_NBR, CREATEID, CREATETIME, UPDATEID, UPDATETIME, ATP_ID, CLU_ID, EFF_DT, EXPIR_DT, DESCR_FORMATTED, LUI_STATE, LUI_TYPE, MAX_SEATS, MIN_SEATS, NAME, DESCR_PLAIN, REF_URL, ID) values ('2a5ae705-7f13-459b-9a6b-94472fc7b568', 0, 'admin', TIMESTAMP '2013-10-28 08:16:55.25', 'admin', TIMESTAMP '2013-10-28 08:16:55.25', 'kuali.atp.2012Fall', '319dec00-dbd7-4fdb-9ded-d8c3b8735699', '', '', '1001', 'kuali.lui.registration.group.state.pending', 'kuali.lui.type.registration.group', '', '', '1001', '1001', '', 'eab3a19b-403a-412d-9f16-1f69fa4c29d8')
/
insert into KSEN_LUI_ATTR (OBJ_ID, ATTR_KEY, OWNER_ID, ATTR_VALUE, ID) values ('cfbc6285-deb3-4d42-819c-273a999331c1', 'kuali.attribute.registration.group.is.generated', 'eab3a19b-403a-412d-9f16-1f69fa4c29d8', '1', '6b55f5f8-776b-4966-989c-0dbb1967b04c')
/
insert into KSEN_LUI_ATTR (OBJ_ID, ATTR_KEY, OWNER_ID, ATTR_VALUE, ID) values ('f3fea8c7-bf15-48e1-8986-8889b18c8dfa', 'kuali.attribute.registration.group.aocluster.id', 'eab3a19b-403a-412d-9f16-1f69fa4c29d8', '9a123c3c-7bf9-49a7-9a03-e12d6fc3399b', 'e0e72024-7825-4347-b36f-2fd0b2e47e6b')
/
insert into KSEN_LUI_IDENT (OBJ_ID, VER_NBR, CREATEID, CREATETIME, UPDATEID, UPDATETIME, LUI_CD, DIVISION, IDENT_LEVEL, LNG_NAME, LUI_ID, ORGID, SHRT_NAME, LUI_ID_STATE, SUFX_CD, LUI_ID_TYPE, VARTN, ID) values ('33442b40-174c-49a2-bc0a-b57a653c99e4', 0, 'admin', TIMESTAMP '2013-10-28 08:16:55.25', 'admin', TIMESTAMP '2013-10-28 08:16:55.25', '', '', '', '', 'eab3a19b-403a-412d-9f16-1f69fa4c29d8', '', '', 'kuali.lui.identifier.state.active', '', 'kuali.lui.identifier.type.official', '', '5b9d33cc-fc2f-4a47-89a4-40092b0a8363')
/
insert into KSEN_LUILUI_RELTN (OBJ_ID, VER_NBR, CREATEID, CREATETIME, UPDATEID, UPDATETIME, EFF_DT, EXPIR_DT, DESCR_FORMATTED, LUI_ID, LUILUI_RELTN_STATE, LUILUI_RELTN_TYPE, NAME, DESCR_PLAIN, RELATED_LUI_ID, ID) values ('1256c61f-ad86-4d4d-b8b0-f162c2f36486', 0, 'admin', TIMESTAMP '2013-10-28 08:16:55.25', 'admin', TIMESTAMP '2013-10-28 08:16:55.25', TIMESTAMP '2013-10-28 08:16:57.155', '', 'BSCI105M-FO-RG', '43ec9534-a65c-4433-9bf4-a90d9c4ead6b', 'kuali.lui.lui.relation.state.active', 'kuali.lui.lui.relation.type.deliveredvia.fo2rg', 'fo-rg-relation', 'BSCI105M-FO-RG', 'eab3a19b-403a-412d-9f16-1f69fa4c29d8', 'a22ddf20-ebef-4c89-bdbc-581bf64c9bfd')
/
insert into KSEN_LUILUI_RELTN (OBJ_ID, VER_NBR, CREATEID, CREATETIME, UPDATEID, UPDATETIME, EFF_DT, EXPIR_DT, DESCR_FORMATTED, LUI_ID, LUILUI_RELTN_STATE, LUILUI_RELTN_TYPE, NAME, DESCR_PLAIN, RELATED_LUI_ID, ID) values ('6f1ca310-c4c7-4958-9e6f-c3492a35be1f', 0, 'admin', TIMESTAMP '2013-10-28 08:16:55.25', 'admin', TIMESTAMP '2013-10-28 08:16:55.25', TIMESTAMP '2013-10-28 08:16:57.157', '', 'BSCI105M-RG-AO', 'eab3a19b-403a-412d-9f16-1f69fa4c29d8', 'kuali.lui.lui.relation.state.active', 'kuali.lui.lui.relation.type.registeredforvia.rg2ao', 'rg-ao-relation', 'BSCI105M-RG-AO', 'd50a6fa7-867a-4eba-b188-2017df24659e', '54c6e274-929c-47c9-9bf7-177cd535ee88')
/
insert into KSEN_LUILUI_RELTN (OBJ_ID, VER_NBR, CREATEID, CREATETIME, UPDATEID, UPDATETIME, EFF_DT, EXPIR_DT, DESCR_FORMATTED, LUI_ID, LUILUI_RELTN_STATE, LUILUI_RELTN_TYPE, NAME, DESCR_PLAIN, RELATED_LUI_ID, ID) values ('b3ce6237-1bc5-476f-9c3d-12a827be657c', 0, 'admin', TIMESTAMP '2013-10-28 08:16:55.25', 'admin', TIMESTAMP '2013-10-28 08:16:55.25', TIMESTAMP '2013-10-28 08:16:57.158', '', 'BSCI105M-RG-AO', 'eab3a19b-403a-412d-9f16-1f69fa4c29d8', 'kuali.lui.lui.relation.state.active', 'kuali.lui.lui.relation.type.registeredforvia.rg2ao', 'rg-ao-relation', 'BSCI105M-RG-AO', '4cc8c202-a65f-4617-9098-3fa058fcfde6', '86e9faf1-66e3-4532-8920-3284573a5b89')
/
insert into KSEN_LUI (OBJ_ID, VER_NBR, CREATEID, CREATETIME, UPDATEID, UPDATETIME, ATP_ID, CLU_ID, EFF_DT, EXPIR_DT, DESCR_FORMATTED, LUI_STATE, LUI_TYPE, MAX_SEATS, MIN_SEATS, NAME, DESCR_PLAIN, REF_URL, ID) values ('8134849d-4d8a-41f5-a5c5-a70ad3334b79', 0, 'admin', TIMESTAMP '2013-10-28 08:16:55.25', 'admin', TIMESTAMP '2013-10-28 08:16:55.25', 'kuali.atp.2012Fall', '319dec00-dbd7-4fdb-9ded-d8c3b8735699', '', '', '1002', 'kuali.lui.registration.group.state.pending', 'kuali.lui.type.registration.group', '', '', '1002', '1002', '', '8166f57b-eff4-4307-8295-16d2ecfabfa2')
/
insert into KSEN_LUI_ATTR (OBJ_ID, ATTR_KEY, OWNER_ID, ATTR_VALUE, ID) values ('003b311f-8d81-47dc-8054-8162065be8ee', 'kuali.attribute.registration.group.aocluster.id', '8166f57b-eff4-4307-8295-16d2ecfabfa2', '9a123c3c-7bf9-49a7-9a03-e12d6fc3399b', '400fbc49-f0be-42ed-b48d-fdaf4bbd2bb3')
/
insert into KSEN_LUI_ATTR (OBJ_ID, ATTR_KEY, OWNER_ID, ATTR_VALUE, ID) values ('84977734-eb50-496d-963d-4bdabdf5b5dc', 'kuali.attribute.registration.group.is.generated', '8166f57b-eff4-4307-8295-16d2ecfabfa2', '1', 'a9367dbc-1d1e-4fb3-8b55-4f13669eaf32')
/
insert into KSEN_LUI_IDENT (OBJ_ID, VER_NBR, CREATEID, CREATETIME, UPDATEID, UPDATETIME, LUI_CD, DIVISION, IDENT_LEVEL, LNG_NAME, LUI_ID, ORGID, SHRT_NAME, LUI_ID_STATE, SUFX_CD, LUI_ID_TYPE, VARTN, ID) values ('f95b9365-0145-44f0-a4f7-98bd8ddc9152', 0, 'admin', TIMESTAMP '2013-10-28 08:16:55.25', 'admin', TIMESTAMP '2013-10-28 08:16:55.25', '', '', '', '', '8166f57b-eff4-4307-8295-16d2ecfabfa2', '', '', 'kuali.lui.identifier.state.active', '', 'kuali.lui.identifier.type.official', '', 'f5ca70ef-412b-4835-a9e6-e749dfd300da')
/
insert into KSEN_LUILUI_RELTN (OBJ_ID, VER_NBR, CREATEID, CREATETIME, UPDATEID, UPDATETIME, EFF_DT, EXPIR_DT, DESCR_FORMATTED, LUI_ID, LUILUI_RELTN_STATE, LUILUI_RELTN_TYPE, NAME, DESCR_PLAIN, RELATED_LUI_ID, ID) values ('2c610de0-4fa1-4ece-9244-32c3a4275761', 0, 'admin', TIMESTAMP '2013-10-28 08:16:55.25', 'admin', TIMESTAMP '2013-10-28 08:16:55.25', TIMESTAMP '2013-10-28 08:16:57.628', '', 'BSCI105M-FO-RG', '43ec9534-a65c-4433-9bf4-a90d9c4ead6b', 'kuali.lui.lui.relation.state.active', 'kuali.lui.lui.relation.type.deliveredvia.fo2rg', 'fo-rg-relation', 'BSCI105M-FO-RG', '8166f57b-eff4-4307-8295-16d2ecfabfa2', '0d5bd50b-a5b4-4bb3-8379-7de57076a821')
/
insert into KSEN_LUILUI_RELTN (OBJ_ID, VER_NBR, CREATEID, CREATETIME, UPDATEID, UPDATETIME, EFF_DT, EXPIR_DT, DESCR_FORMATTED, LUI_ID, LUILUI_RELTN_STATE, LUILUI_RELTN_TYPE, NAME, DESCR_PLAIN, RELATED_LUI_ID, ID) values ('db7e7085-3cf5-4de8-839c-62525f858f8f', 0, 'admin', TIMESTAMP '2013-10-28 08:16:55.25', 'admin', TIMESTAMP '2013-10-28 08:16:55.25', TIMESTAMP '2013-10-28 08:16:57.629', '', 'BSCI105M-RG-AO', '8166f57b-eff4-4307-8295-16d2ecfabfa2', 'kuali.lui.lui.relation.state.active', 'kuali.lui.lui.relation.type.registeredforvia.rg2ao', 'rg-ao-relation', 'BSCI105M-RG-AO', '5bf48681-1b1f-43f1-b9f2-7f36fde37349', '3e9f097c-468c-4bc0-8656-96d458c45c4e')
/
insert into KSEN_LUILUI_RELTN (OBJ_ID, VER_NBR, CREATEID, CREATETIME, UPDATEID, UPDATETIME, EFF_DT, EXPIR_DT, DESCR_FORMATTED, LUI_ID, LUILUI_RELTN_STATE, LUILUI_RELTN_TYPE, NAME, DESCR_PLAIN, RELATED_LUI_ID, ID) values ('16b1772a-fc2f-4710-a06a-7b4d741e2d93', 0, 'admin', TIMESTAMP '2013-10-28 08:16:55.25', 'admin', TIMESTAMP '2013-10-28 08:16:55.25', TIMESTAMP '2013-10-28 08:16:57.63', '', 'BSCI105M-RG-AO', '8166f57b-eff4-4307-8295-16d2ecfabfa2', 'kuali.lui.lui.relation.state.active', 'kuali.lui.lui.relation.type.registeredforvia.rg2ao', 'rg-ao-relation', 'BSCI105M-RG-AO', '4cc8c202-a65f-4617-9098-3fa058fcfde6', '4bf3ba9c-35bb-472e-a0f2-85ecc0034037')
/
insert into KSEN_LUI (OBJ_ID, VER_NBR, CREATEID, CREATETIME, UPDATEID, UPDATETIME, ATP_ID, CLU_ID, EFF_DT, EXPIR_DT, DESCR_FORMATTED, LUI_STATE, LUI_TYPE, MAX_SEATS, MIN_SEATS, NAME, DESCR_PLAIN, REF_URL, ID) values ('e09598dd-70de-42c1-8964-7a923a1405fc', 0, 'admin', TIMESTAMP '2013-10-28 08:16:55.25', 'admin', TIMESTAMP '2013-10-28 08:16:55.25', 'kuali.atp.2012Fall', '319dec00-dbd7-4fdb-9ded-d8c3b8735699', '', '', '1003', 'kuali.lui.registration.group.state.pending', 'kuali.lui.type.registration.group', '', '', '1003', '1003', '', 'f0c18721-c6c2-452a-8d54-291c744acf70')
/
insert into KSEN_LUI_ATTR (OBJ_ID, ATTR_KEY, OWNER_ID, ATTR_VALUE, ID) values ('d690417a-cf43-498f-8a83-9e0002611af8', 'kuali.attribute.registration.group.aocluster.id', 'f0c18721-c6c2-452a-8d54-291c744acf70', '9a123c3c-7bf9-49a7-9a03-e12d6fc3399b', '05c9a60e-112c-47d9-860f-0e7ff9500ed0')
/
insert into KSEN_LUI_ATTR (OBJ_ID, ATTR_KEY, OWNER_ID, ATTR_VALUE, ID) values ('091ad2bb-5b85-4dac-a5de-3a37623f304e', 'kuali.attribute.registration.group.is.generated', 'f0c18721-c6c2-452a-8d54-291c744acf70', '1', '589a5b9a-6c3c-4d98-b18e-027e7163fd88')
/
insert into KSEN_LUI_IDENT (OBJ_ID, VER_NBR, CREATEID, CREATETIME, UPDATEID, UPDATETIME, LUI_CD, DIVISION, IDENT_LEVEL, LNG_NAME, LUI_ID, ORGID, SHRT_NAME, LUI_ID_STATE, SUFX_CD, LUI_ID_TYPE, VARTN, ID) values ('768b1f35-5c70-49db-abb8-03039cb6a2fd', 0, 'admin', TIMESTAMP '2013-10-28 08:16:55.25', 'admin', TIMESTAMP '2013-10-28 08:16:55.25', '', '', '', '', 'f0c18721-c6c2-452a-8d54-291c744acf70', '', '', 'kuali.lui.identifier.state.active', '', 'kuali.lui.identifier.type.official', '', '915c41d7-527a-43f6-91ff-d07830b28ffa')
/
insert into KSEN_LUILUI_RELTN (OBJ_ID, VER_NBR, CREATEID, CREATETIME, UPDATEID, UPDATETIME, EFF_DT, EXPIR_DT, DESCR_FORMATTED, LUI_ID, LUILUI_RELTN_STATE, LUILUI_RELTN_TYPE, NAME, DESCR_PLAIN, RELATED_LUI_ID, ID) values ('20648c56-6f58-4ce5-bdc7-27219fe1c736', 0, 'admin', TIMESTAMP '2013-10-28 08:16:55.25', 'admin', TIMESTAMP '2013-10-28 08:16:55.25', TIMESTAMP '2013-10-28 08:16:58.054', '', 'BSCI105M-FO-RG', '43ec9534-a65c-4433-9bf4-a90d9c4ead6b', 'kuali.lui.lui.relation.state.active', 'kuali.lui.lui.relation.type.deliveredvia.fo2rg', 'fo-rg-relation', 'BSCI105M-FO-RG', 'f0c18721-c6c2-452a-8d54-291c744acf70', '1b7a6770-0cff-4582-82b0-da9a3e49f23a')
/
insert into KSEN_LUILUI_RELTN (OBJ_ID, VER_NBR, CREATEID, CREATETIME, UPDATEID, UPDATETIME, EFF_DT, EXPIR_DT, DESCR_FORMATTED, LUI_ID, LUILUI_RELTN_STATE, LUILUI_RELTN_TYPE, NAME, DESCR_PLAIN, RELATED_LUI_ID, ID) values ('b6dd71af-4c3b-458c-a76d-2e8adc51cc43', 0, 'admin', TIMESTAMP '2013-10-28 08:16:55.25', 'admin', TIMESTAMP '2013-10-28 08:16:55.25', TIMESTAMP '2013-10-28 08:16:58.055', '', 'BSCI105M-RG-AO', 'f0c18721-c6c2-452a-8d54-291c744acf70', 'kuali.lui.lui.relation.state.active', 'kuali.lui.lui.relation.type.registeredforvia.rg2ao', 'rg-ao-relation', 'BSCI105M-RG-AO', '2a93f60e-30c0-485f-aaad-f0bcd02611fc', '2b1204a7-552b-40a7-9c71-a207d41c81a7')
/
insert into KSEN_LUILUI_RELTN (OBJ_ID, VER_NBR, CREATEID, CREATETIME, UPDATEID, UPDATETIME, EFF_DT, EXPIR_DT, DESCR_FORMATTED, LUI_ID, LUILUI_RELTN_STATE, LUILUI_RELTN_TYPE, NAME, DESCR_PLAIN, RELATED_LUI_ID, ID) values ('2f4c2dd5-0c3c-46f9-a3ed-c7041a5adc34', 0, 'admin', TIMESTAMP '2013-10-28 08:16:55.25', 'admin', TIMESTAMP '2013-10-28 08:16:55.25', TIMESTAMP '2013-10-28 08:16:58.056', '', 'BSCI105M-RG-AO', 'f0c18721-c6c2-452a-8d54-291c744acf70', 'kuali.lui.lui.relation.state.active', 'kuali.lui.lui.relation.type.registeredforvia.rg2ao', 'rg-ao-relation', 'BSCI105M-RG-AO', '4cc8c202-a65f-4617-9098-3fa058fcfde6', '301d0d9c-20ac-4ec4-9b8b-d1af4dd797c1')
/
insert into KSEN_CWL (OBJ_ID, VER_NBR, CREATEID, CREATETIME, UPDATEID, UPDATETIME, ALLOW_HOLD_UTIL_ENTRIES_IND, AUTO_PROCESSED_IND, CHECK_IN_REQ_IND, CONF_REQ_IND, EFF_DT, EXPIR_DT, MAX_SIZE, REG_IN_FIRST_AAO_IND, STD_DUR_TIME_QTY, STD_DUR_TYPE, CWL_STATE, CWL_TYPE, ID) values ('7cef037e-c86b-4503-bd58-60ac587bdd53', 0, 'admin', TIMESTAMP '2013-10-28 08:16:55.25', 'admin', TIMESTAMP '2013-10-28 08:16:55.25', '0', '1', '0', '1', '', '', '', '', '', '', 'kuali.course.waitlist.state.active', 'kuali.course.waitlist.type.course.waitlist', '5680b2ca-f1e3-47d4-b7ff-c2ee5b8f1737')
/
insert into KSEN_CWL_ACTIV_OFFER (CWL_ID, ACTIV_OFFER_ID) values ('5680b2ca-f1e3-47d4-b7ff-c2ee5b8f1737', '4cc8c202-a65f-4617-9098-3fa058fcfde6')
/
insert into KSEN_CWL_FORMAT_OFFER (CWL_ID, FORMAT_OFFER_ID) values ('5680b2ca-f1e3-47d4-b7ff-c2ee5b8f1737', '43ec9534-a65c-4433-9bf4-a90d9c4ead6b')
/


-- Term = kuali.atp.2012Fall / 201208, coCode = CHEM484
insert into KSEN_LUI (OBJ_ID, VER_NBR, CREATEID, CREATETIME, UPDATEID, UPDATETIME, ATP_ID, CLU_ID, EFF_DT, EXPIR_DT, DESCR_FORMATTED, LUI_STATE, LUI_TYPE, MAX_SEATS, MIN_SEATS, NAME, DESCR_PLAIN, REF_URL, ID) values ('41b2b024-2055-4633-ac45-295fa8324459', 0, 'admin', TIMESTAMP '2013-10-28 08:34:50.126', 'admin', TIMESTAMP '2013-10-28 08:34:50.126', 'kuali.atp.2012Fall', '6f4753ab-dc6a-47dc-800f-22606390fbac', '', '', '', 'kuali.lui.activity.offering.state.draft', 'kuali.lui.type.activity.offering.discussion', 24, '', 'CHEM484 AO', '', '', 'cfa15672-1ae3-4ffc-bd08-aad31cc041cd')
/
insert into KSEN_LUI_ATTR (OBJ_ID, ATTR_KEY, OWNER_ID, ATTR_VALUE, ID) values ('2fd95208-cf57-48fc-b675-bc1a93b9415a', 'kuali.attribute.max.enrollment.is.estimate', 'cfa15672-1ae3-4ffc-bd08-aad31cc041cd', 'null', '316019fd-ab94-43ba-827b-e7553bf55b07')
/
insert into KSEN_LUI_ATTR (OBJ_ID, ATTR_KEY, OWNER_ID, ATTR_VALUE, ID) values ('836da4d6-6348-4c3a-9fa4-c6ac92a9c569', 'kuali.attribute.course.evaluation.indicator', 'cfa15672-1ae3-4ffc-bd08-aad31cc041cd', 'null', 'c7b1452b-c9df-4377-981b-fccefdc0e718')
/
insert into KSEN_LUI_ATTR (OBJ_ID, ATTR_KEY, OWNER_ID, ATTR_VALUE, ID) values ('8f96ec99-8a1a-44ff-8236-86a839fc322c', 'kuali.attribute.nonstd.ts.indicator', 'cfa15672-1ae3-4ffc-bd08-aad31cc041cd', '0', 'baada708-efd1-479d-925e-80d49df41191')
/
insert into KSEN_LUI_IDENT (OBJ_ID, VER_NBR, CREATEID, CREATETIME, UPDATEID, UPDATETIME, LUI_CD, DIVISION, IDENT_LEVEL, LNG_NAME, LUI_ID, ORGID, SHRT_NAME, LUI_ID_STATE, SUFX_CD, LUI_ID_TYPE, VARTN, ID) values ('81d4c2c0-2820-43b2-a6eb-d9d968f60d18', 0, 'admin', TIMESTAMP '2013-10-28 08:34:50.126', 'admin', TIMESTAMP '2013-10-28 08:34:50.126', 'E', '', '', '', 'cfa15672-1ae3-4ffc-bd08-aad31cc041cd', '', '', 'kuali.lui.identifier.state.active', '', 'kuali.lui.identifier.type.official', '', '5780655c-a32e-4734-823c-e7b3429666a3')
/
insert into KSEN_LUI_LU_CD (OBJ_ID, VER_NBR, CREATEID, CREATETIME, UPDATEID, UPDATETIME, DESCR_FORMATTED, LUI_ID, DESCR_PLAIN, LUI_LUCD_TYPE, VALUE, ID) values ('d415a665-d7fa-41fc-b46c-60f2a7254de5', 0, 'admin', TIMESTAMP '2013-10-28 08:34:50.126', 'admin', TIMESTAMP '2013-10-28 08:34:50.126', '', 'cfa15672-1ae3-4ffc-bd08-aad31cc041cd', '', 'kuali.lu.code.honorsOffering', 'null', '60cc247e-7184-4b62-bd2e-cb3371abc465')
/
insert into KSEN_LUILUI_RELTN (OBJ_ID, VER_NBR, CREATEID, CREATETIME, UPDATEID, UPDATETIME, EFF_DT, EXPIR_DT, DESCR_FORMATTED, LUI_ID, LUILUI_RELTN_STATE, LUILUI_RELTN_TYPE, NAME, DESCR_PLAIN, RELATED_LUI_ID, ID) values ('c6dabbc9-ba5d-45cd-ba59-3cfdec0d5e2a', 0, 'admin', TIMESTAMP '2013-10-28 08:34:50.126', 'admin', TIMESTAMP '2013-10-28 08:34:50.126', TIMESTAMP '2013-10-28 08:34:50.317', '', 'CHEM484-FO-AO', 'c7aaae91-9a22-4fac-ab3c-7b9587727170', 'kuali.lui.lui.relation.state.active', 'kuali.lui.lui.relation.type.deliveredvia.fo2ao', 'fo-ao-relation', 'CHEM484-FO-AO', 'cfa15672-1ae3-4ffc-bd08-aad31cc041cd', 'ce71d4dc-13cd-4106-894e-55e2165fb1a0')
/
insert into KSEN_CO_AO_CLUSTER_SET (OBJ_ID, ACTIVITY_OFFERING_TYPE, AO_CLUSTER_ID, ID) values ('a23755d2-76ab-4589-93f4-a4c6e96efc8e', 'kuali.lui.type.activity.offering.discussion', '9c2a42f3-ddc0-45b0-a9c1-809972cc841f', '54386d7b-80bb-407f-a7ad-dd501dc9f44f')
/
insert into KSEN_CO_AO_CLUSTER_SET_AO (AOC_SET_ID, ACTIVITY_OFFERING_ID) values ('54386d7b-80bb-407f-a7ad-dd501dc9f44f', 'cfa15672-1ae3-4ffc-bd08-aad31cc041cd')
/
delete from KSEN_LUILUI_RELTN where ID='6154789f-fcc9-484c-ba0b-6302dfb96b18' and VER_NBR=0
/
delete from KSEN_LUILUI_RELTN where ID='7ddacc1d-1bb8-4254-9f24-0df4272d8fe3' and VER_NBR=0
/
delete from KSEN_LUI_ATTR where ID='ae1b0d3e-8274-448c-b4ad-c7e109b73909'
/
delete from KSEN_LUI_ATTR where ID='c51d6920-f68b-4f58-9ab7-fd6a13b511de'
/
delete from KSEN_LUI_IDENT where ID='271adaf6-8adb-405a-ac3e-a6a4702a4870' and VER_NBR=0
/
delete from KSEN_LUI where ID='e09317ed-0de8-4a53-94c3-235f64a76f96' and VER_NBR=1
/
delete from KSEN_LUILUI_RELTN where ID='119c8709-e62f-47b4-8aba-8fcfa5e6aa0b' and VER_NBR=0
/
delete from KSEN_LUILUI_RELTN where ID='0cc2b102-71eb-4762-b208-cac17ccaad3d' and VER_NBR=0
/
delete from KSEN_LUI_ATTR where ID='e185014e-bd05-4bea-a3c3-aaf656417d52'
/
delete from KSEN_LUI_ATTR where ID='05984fd1-8790-4732-bb3f-36c9c43faa7e'
/
delete from KSEN_LUI_IDENT where ID='79fdf563-b33e-4493-9817-dfd0a7d4cab2' and VER_NBR=0
/
delete from KSEN_LUI where ID='a950e7fc-1f0a-48ee-a25c-df5f6d6af255' and VER_NBR=1
/
insert into KSEN_LUI_ATTR (OBJ_ID, ATTR_KEY, OWNER_ID, ATTR_VALUE, ID) values ('8215647a-4db4-4178-b0ed-b31f5fee5fcd', 'regCodePrefix', 'c7aaae91-9a22-4fac-ab3c-7b9587727170', '1', 'aec75d54-a638-4ca3-9414-11c896e44db9')
/
delete from KSEN_LUI_RELATED_LUI_TYPES where LUI_ID='c7aaae91-9a22-4fac-ab3c-7b9587727170'
/
insert into KSEN_LUI_RELATED_LUI_TYPES (LUI_ID, RELATED_LUI_TYPE) values ('c7aaae91-9a22-4fac-ab3c-7b9587727170', 'kuali.lui.type.activity.offering.discussion')
/
insert into KSEN_LUI_RELATED_LUI_TYPES (LUI_ID, RELATED_LUI_TYPE) values ('c7aaae91-9a22-4fac-ab3c-7b9587727170', 'kuali.lui.type.activity.offering.lab')
/
insert into KSEN_LUI (OBJ_ID, VER_NBR, CREATEID, CREATETIME, UPDATEID, UPDATETIME, ATP_ID, CLU_ID, EFF_DT, EXPIR_DT, DESCR_FORMATTED, LUI_STATE, LUI_TYPE, MAX_SEATS, MIN_SEATS, NAME, DESCR_PLAIN, REF_URL, ID) values ('ced3b3ab-84bf-4c87-92dc-fd47a422af29', 0, 'admin', TIMESTAMP '2013-10-28 08:34:50.126', 'admin', TIMESTAMP '2013-10-28 08:34:50.126', 'kuali.atp.2012Fall', 'b4cfd499-4a44-4f1b-914d-092fd177dddd', '', '', '1001', 'kuali.lui.registration.group.state.pending', 'kuali.lui.type.registration.group', '', '', '1001', '1001', '', '9779ec91-5b54-48cd-a100-567af33071b5')
/
insert into KSEN_LUI_ATTR (OBJ_ID, ATTR_KEY, OWNER_ID, ATTR_VALUE, ID) values ('57921bea-9c0b-4d46-8745-a9249fcc924a', 'kuali.attribute.registration.group.aocluster.id', '9779ec91-5b54-48cd-a100-567af33071b5', '9c2a42f3-ddc0-45b0-a9c1-809972cc841f', '1ebbe914-4818-4ee3-9a6c-cf5b03302be4')
/
insert into KSEN_LUI_ATTR (OBJ_ID, ATTR_KEY, OWNER_ID, ATTR_VALUE, ID) values ('cc843058-e729-41c3-9a8b-e910edda8658', 'kuali.attribute.registration.group.is.generated', '9779ec91-5b54-48cd-a100-567af33071b5', '1', 'b30ba6b3-f07d-4e00-8986-a3762ebeb91e')
/
insert into KSEN_LUI_IDENT (OBJ_ID, VER_NBR, CREATEID, CREATETIME, UPDATEID, UPDATETIME, LUI_CD, DIVISION, IDENT_LEVEL, LNG_NAME, LUI_ID, ORGID, SHRT_NAME, LUI_ID_STATE, SUFX_CD, LUI_ID_TYPE, VARTN, ID) values ('25077978-e7ad-49db-93ab-4063201f5b94', 0, 'admin', TIMESTAMP '2013-10-28 08:34:50.126', 'admin', TIMESTAMP '2013-10-28 08:34:50.126', '', '', '', '', '9779ec91-5b54-48cd-a100-567af33071b5', '', '', 'kuali.lui.identifier.state.active', '', 'kuali.lui.identifier.type.official', '', '34531014-a697-4838-95f3-3ccff54d4d4a')
/
insert into KSEN_LUILUI_RELTN (OBJ_ID, VER_NBR, CREATEID, CREATETIME, UPDATEID, UPDATETIME, EFF_DT, EXPIR_DT, DESCR_FORMATTED, LUI_ID, LUILUI_RELTN_STATE, LUILUI_RELTN_TYPE, NAME, DESCR_PLAIN, RELATED_LUI_ID, ID) values ('0b1cfcbc-efff-4290-a122-ecfcb0765057', 0, 'admin', TIMESTAMP '2013-10-28 08:34:50.126', 'admin', TIMESTAMP '2013-10-28 08:34:50.126', TIMESTAMP '2013-10-28 08:34:51.207', '', 'CHEM484-FO-RG', 'c7aaae91-9a22-4fac-ab3c-7b9587727170', 'kuali.lui.lui.relation.state.active', 'kuali.lui.lui.relation.type.deliveredvia.fo2rg', 'fo-rg-relation', 'CHEM484-FO-RG', '9779ec91-5b54-48cd-a100-567af33071b5', 'e0b76305-b4e5-4620-af6c-c2b78cd4b67e')
/
insert into KSEN_LUILUI_RELTN (OBJ_ID, VER_NBR, CREATEID, CREATETIME, UPDATEID, UPDATETIME, EFF_DT, EXPIR_DT, DESCR_FORMATTED, LUI_ID, LUILUI_RELTN_STATE, LUILUI_RELTN_TYPE, NAME, DESCR_PLAIN, RELATED_LUI_ID, ID) values ('722826e9-7272-4ec9-afda-f8d9ee4183da', 0, 'admin', TIMESTAMP '2013-10-28 08:34:50.126', 'admin', TIMESTAMP '2013-10-28 08:34:50.126', TIMESTAMP '2013-10-28 08:34:51.208', '', 'CHEM484-RG-AO', '9779ec91-5b54-48cd-a100-567af33071b5', 'kuali.lui.lui.relation.state.active', 'kuali.lui.lui.relation.type.registeredforvia.rg2ao', 'rg-ao-relation', 'CHEM484-RG-AO', '48239f21-0050-4914-b65b-a9ce4a788782', '033ee7d1-9ba4-4bfe-9354-985c94746dee')
/
insert into KSEN_LUILUI_RELTN (OBJ_ID, VER_NBR, CREATEID, CREATETIME, UPDATEID, UPDATETIME, EFF_DT, EXPIR_DT, DESCR_FORMATTED, LUI_ID, LUILUI_RELTN_STATE, LUILUI_RELTN_TYPE, NAME, DESCR_PLAIN, RELATED_LUI_ID, ID) values ('9fab28c1-714a-4c6d-a65d-b96300f02857', 0, 'admin', TIMESTAMP '2013-10-28 08:34:50.126', 'admin', TIMESTAMP '2013-10-28 08:34:50.126', TIMESTAMP '2013-10-28 08:34:51.209', '', 'CHEM484-RG-AO', '9779ec91-5b54-48cd-a100-567af33071b5', 'kuali.lui.lui.relation.state.active', 'kuali.lui.lui.relation.type.registeredforvia.rg2ao', 'rg-ao-relation', 'CHEM484-RG-AO', 'cfa15672-1ae3-4ffc-bd08-aad31cc041cd', '21e08699-acd5-455d-81a0-fab87f21f693')
/
insert into KSEN_LUI (OBJ_ID, VER_NBR, CREATEID, CREATETIME, UPDATEID, UPDATETIME, ATP_ID, CLU_ID, EFF_DT, EXPIR_DT, DESCR_FORMATTED, LUI_STATE, LUI_TYPE, MAX_SEATS, MIN_SEATS, NAME, DESCR_PLAIN, REF_URL, ID) values ('4dcd7875-ace7-4896-a754-3b4685696910', 0, 'admin', TIMESTAMP '2013-10-28 08:34:50.126', 'admin', TIMESTAMP '2013-10-28 08:34:50.126', 'kuali.atp.2012Fall', 'b4cfd499-4a44-4f1b-914d-092fd177dddd', '', '', '1002', 'kuali.lui.registration.group.state.pending', 'kuali.lui.type.registration.group', '', '', '1002', '1002', '', '2ec03125-39d0-4ad9-97ad-177b19728e98')
/
insert into KSEN_LUI_ATTR (OBJ_ID, ATTR_KEY, OWNER_ID, ATTR_VALUE, ID) values ('9aec6358-fac7-4534-9468-a5a392d4d2ff', 'kuali.attribute.registration.group.is.generated', '2ec03125-39d0-4ad9-97ad-177b19728e98', '1', 'd2299bfc-7f25-480c-98a1-bc32346ae164')
/
insert into KSEN_LUI_ATTR (OBJ_ID, ATTR_KEY, OWNER_ID, ATTR_VALUE, ID) values ('e1d06b90-ce46-4c59-80e5-68e425a5a89b', 'kuali.attribute.registration.group.aocluster.id', '2ec03125-39d0-4ad9-97ad-177b19728e98', '9c2a42f3-ddc0-45b0-a9c1-809972cc841f', '7b769923-b16a-4774-b4c9-ce81fcb71dbf')
/
insert into KSEN_LUI_IDENT (OBJ_ID, VER_NBR, CREATEID, CREATETIME, UPDATEID, UPDATETIME, LUI_CD, DIVISION, IDENT_LEVEL, LNG_NAME, LUI_ID, ORGID, SHRT_NAME, LUI_ID_STATE, SUFX_CD, LUI_ID_TYPE, VARTN, ID) values ('6e4b49ff-f40b-4ddd-9761-f8e3597460c4', 0, 'admin', TIMESTAMP '2013-10-28 08:34:50.126', 'admin', TIMESTAMP '2013-10-28 08:34:50.126', '', '', '', '', '2ec03125-39d0-4ad9-97ad-177b19728e98', '', '', 'kuali.lui.identifier.state.active', '', 'kuali.lui.identifier.type.official', '', '9f973a70-8304-4ca4-bf9b-fad3c3ae3cb4')
/
insert into KSEN_LUILUI_RELTN (OBJ_ID, VER_NBR, CREATEID, CREATETIME, UPDATEID, UPDATETIME, EFF_DT, EXPIR_DT, DESCR_FORMATTED, LUI_ID, LUILUI_RELTN_STATE, LUILUI_RELTN_TYPE, NAME, DESCR_PLAIN, RELATED_LUI_ID, ID) values ('3a059e85-d8e5-4173-bb20-ad0571e8f1c6', 0, 'admin', TIMESTAMP '2013-10-28 08:34:50.126', 'admin', TIMESTAMP '2013-10-28 08:34:50.126', TIMESTAMP '2013-10-28 08:34:51.63', '', 'CHEM484-FO-RG', 'c7aaae91-9a22-4fac-ab3c-7b9587727170', 'kuali.lui.lui.relation.state.active', 'kuali.lui.lui.relation.type.deliveredvia.fo2rg', 'fo-rg-relation', 'CHEM484-FO-RG', '2ec03125-39d0-4ad9-97ad-177b19728e98', '85eedaab-34c9-402e-89c2-e432291ea923')
/
insert into KSEN_LUILUI_RELTN (OBJ_ID, VER_NBR, CREATEID, CREATETIME, UPDATEID, UPDATETIME, EFF_DT, EXPIR_DT, DESCR_FORMATTED, LUI_ID, LUILUI_RELTN_STATE, LUILUI_RELTN_TYPE, NAME, DESCR_PLAIN, RELATED_LUI_ID, ID) values ('b2c0108c-bc08-4be6-abab-3db2e64e2efe', 0, 'admin', TIMESTAMP '2013-10-28 08:34:50.126', 'admin', TIMESTAMP '2013-10-28 08:34:50.126', TIMESTAMP '2013-10-28 08:34:51.63', '', 'CHEM484-RG-AO', '2ec03125-39d0-4ad9-97ad-177b19728e98', 'kuali.lui.lui.relation.state.active', 'kuali.lui.lui.relation.type.registeredforvia.rg2ao', 'rg-ao-relation', 'CHEM484-RG-AO', 'ec1aea1d-d5c8-4dfa-be58-0858ef6828e7', '2424bd30-f1f6-4041-a7d6-d73e40a25c30')
/
insert into KSEN_LUILUI_RELTN (OBJ_ID, VER_NBR, CREATEID, CREATETIME, UPDATEID, UPDATETIME, EFF_DT, EXPIR_DT, DESCR_FORMATTED, LUI_ID, LUILUI_RELTN_STATE, LUILUI_RELTN_TYPE, NAME, DESCR_PLAIN, RELATED_LUI_ID, ID) values ('ae092339-444a-4e26-815f-588bafbad70c', 0, 'admin', TIMESTAMP '2013-10-28 08:34:50.126', 'admin', TIMESTAMP '2013-10-28 08:34:50.126', TIMESTAMP '2013-10-28 08:34:51.631', '', 'CHEM484-RG-AO', '2ec03125-39d0-4ad9-97ad-177b19728e98', 'kuali.lui.lui.relation.state.active', 'kuali.lui.lui.relation.type.registeredforvia.rg2ao', 'rg-ao-relation', 'CHEM484-RG-AO', 'cfa15672-1ae3-4ffc-bd08-aad31cc041cd', 'e3ca781c-635e-4d88-99ed-1a332ae588c6')
/
insert into KSEN_CWL (OBJ_ID, VER_NBR, CREATEID, CREATETIME, UPDATEID, UPDATETIME, ALLOW_HOLD_UTIL_ENTRIES_IND, AUTO_PROCESSED_IND, CHECK_IN_REQ_IND, CONF_REQ_IND, EFF_DT, EXPIR_DT, MAX_SIZE, REG_IN_FIRST_AAO_IND, STD_DUR_TIME_QTY, STD_DUR_TYPE, CWL_STATE, CWL_TYPE, ID) values ('3404acfa-a7de-4d9a-913e-f4fcce5965f1', 0, 'admin', TIMESTAMP '2013-10-28 08:34:50.126', 'admin', TIMESTAMP '2013-10-28 08:34:50.126', '0', '1', '0', '1', '', '', '', '', '', '', 'kuali.course.waitlist.state.active', 'kuali.course.waitlist.type.course.waitlist', '4a21d15e-fa54-4f49-a3fe-c29dd701d43c')
/
insert into KSEN_CWL_ACTIV_OFFER (CWL_ID, ACTIV_OFFER_ID) values ('4a21d15e-fa54-4f49-a3fe-c29dd701d43c', 'cfa15672-1ae3-4ffc-bd08-aad31cc041cd')
/
insert into KSEN_CWL_FORMAT_OFFER (CWL_ID, FORMAT_OFFER_ID) values ('4a21d15e-fa54-4f49-a3fe-c29dd701d43c', 'c7aaae91-9a22-4fac-ab3c-7b9587727170')
/


-- Term = kuali.atp.2012Spring / 201201, coCode = PHYS375
insert into KSEN_LUI (OBJ_ID, VER_NBR, CREATEID, CREATETIME, UPDATEID, UPDATETIME, ATP_ID, CLU_ID, EFF_DT, EXPIR_DT, DESCR_FORMATTED, LUI_STATE, LUI_TYPE, MAX_SEATS, MIN_SEATS, NAME, DESCR_PLAIN, REF_URL, ID) values ('bc97d90a-bb81-40b9-bcab-6f552803a13e', 0, 'admin', TIMESTAMP '2013-10-28 08:43:42.654', 'admin', TIMESTAMP '2013-10-28 08:43:42.654', 'kuali.atp.2012Spring', '6f046233-e865-44df-8389-b859c544bb31', '', '', '', 'kuali.lui.activity.offering.state.draft', 'kuali.lui.type.activity.offering.lecture', 30, '', 'PHYS375 AO', '', '', '578f4b7d-f5b6-470a-91d8-a01b0a76a26e')
/
insert into KSEN_LUI_ATTR (OBJ_ID, ATTR_KEY, OWNER_ID, ATTR_VALUE, ID) values ('a738b549-3472-4479-8490-531787123323', 'kuali.attribute.nonstd.ts.indicator', '578f4b7d-f5b6-470a-91d8-a01b0a76a26e', '0', '40a16249-e0ad-469f-b527-ab1a24e524e7')
/
insert into KSEN_LUI_ATTR (OBJ_ID, ATTR_KEY, OWNER_ID, ATTR_VALUE, ID) values ('b86da6ae-86b5-4011-9d31-285fee442eba', 'kuali.attribute.course.evaluation.indicator', '578f4b7d-f5b6-470a-91d8-a01b0a76a26e', 'null', 'e160bbcf-81f2-4f8a-a648-9f94ea5947ae')
/
insert into KSEN_LUI_ATTR (OBJ_ID, ATTR_KEY, OWNER_ID, ATTR_VALUE, ID) values ('706cd5cc-756d-4dac-abc0-d9a1bfca29c9', 'kuali.attribute.max.enrollment.is.estimate', '578f4b7d-f5b6-470a-91d8-a01b0a76a26e', 'null', 'b03e79d2-3335-455f-b418-432c1e8e8ea2')
/
insert into KSEN_LUI_IDENT (OBJ_ID, VER_NBR, CREATEID, CREATETIME, UPDATEID, UPDATETIME, LUI_CD, DIVISION, IDENT_LEVEL, LNG_NAME, LUI_ID, ORGID, SHRT_NAME, LUI_ID_STATE, SUFX_CD, LUI_ID_TYPE, VARTN, ID) values ('3f3e6aa2-72d5-4b2c-bbf1-21affeceefba', 0, 'admin', TIMESTAMP '2013-10-28 08:43:42.654', 'admin', TIMESTAMP '2013-10-28 08:43:42.654', 'D', '', '', '', '578f4b7d-f5b6-470a-91d8-a01b0a76a26e', '', '', 'kuali.lui.identifier.state.active', '', 'kuali.lui.identifier.type.official', '', '1a534de2-4bbb-4599-b020-9b4c81ebb0f7')
/
insert into KSEN_LUI_LU_CD (OBJ_ID, VER_NBR, CREATEID, CREATETIME, UPDATEID, UPDATETIME, DESCR_FORMATTED, LUI_ID, DESCR_PLAIN, LUI_LUCD_TYPE, VALUE, ID) values ('c269e9ca-399d-46a9-a050-55fc024716f2', 0, 'admin', TIMESTAMP '2013-10-28 08:43:42.654', 'admin', TIMESTAMP '2013-10-28 08:43:42.654', '', '578f4b7d-f5b6-470a-91d8-a01b0a76a26e', '', 'kuali.lu.code.honorsOffering', 'null', '02c58667-69d4-4cea-a68a-44c0e844da3a')
/
insert into KSEN_LUILUI_RELTN (OBJ_ID, VER_NBR, CREATEID, CREATETIME, UPDATEID, UPDATETIME, EFF_DT, EXPIR_DT, DESCR_FORMATTED, LUI_ID, LUILUI_RELTN_STATE, LUILUI_RELTN_TYPE, NAME, DESCR_PLAIN, RELATED_LUI_ID, ID) values ('4d8a2351-b81d-450d-b311-52113af4f16a', 0, 'admin', TIMESTAMP '2013-10-28 08:43:42.654', 'admin', TIMESTAMP '2013-10-28 08:43:42.654', TIMESTAMP '2013-10-28 08:43:42.85', '', 'PHYS375-FO-AO', '5f396d72-0578-4467-9f00-590e51a2b8fb', 'kuali.lui.lui.relation.state.active', 'kuali.lui.lui.relation.type.deliveredvia.fo2ao', 'fo-ao-relation', 'PHYS375-FO-AO', '578f4b7d-f5b6-470a-91d8-a01b0a76a26e', 'dfef9779-2bda-43e2-a845-de12ea313965')
/
insert into KSEN_CO_AO_CLUSTER_SET (OBJ_ID, ACTIVITY_OFFERING_TYPE, AO_CLUSTER_ID, ID) values ('2f7659b0-f7aa-479a-8c90-a8e86d8ad8ea', 'kuali.lui.type.activity.offering.lecture', '31d2ec2d-bb8a-421d-91b9-e300d55fa34d', '9a96da7f-77c3-493d-8d7e-bcc274d59b1e')
/
insert into KSEN_CO_AO_CLUSTER_SET_AO (AOC_SET_ID, ACTIVITY_OFFERING_ID) values ('9a96da7f-77c3-493d-8d7e-bcc274d59b1e', '578f4b7d-f5b6-470a-91d8-a01b0a76a26e')
/
delete from KSEN_LUILUI_RELTN where ID='577ab886-59bd-45e2-b9d2-42558f873a9d' and VER_NBR=0
/
delete from KSEN_LUILUI_RELTN where ID='0e3242b3-2511-46fe-b506-fa7bb4e12dbd' and VER_NBR=0
/
delete from KSEN_LUI_ATTR where ID='5c0ed289-9e58-44f4-b595-d53bc913455a'
/
delete from KSEN_LUI_ATTR where ID='47fb9478-dc06-4e61-a183-9ab25ea49145'
/
delete from KSEN_LUI_IDENT where ID='72bf8b10-397f-453a-9e90-da91274f4040' and VER_NBR=0
/
delete from KSEN_LUI where ID='d50f4622-e687-4f82-b666-04a6a6b0dccb' and VER_NBR=1
/
delete from KSEN_LUILUI_RELTN where ID='37cc6f4a-cf04-4998-bf6a-9d60214cec8d' and VER_NBR=0
/
delete from KSEN_LUILUI_RELTN where ID='08af5f29-6bec-4d0a-a4e7-70a1d75e01d6' and VER_NBR=0
/
delete from KSEN_LUI_ATTR where ID='424bbc29-57ca-4d0e-b688-9c368227dbac'
/
delete from KSEN_LUI_ATTR where ID='136b79e2-629b-42a3-86dc-a76524f535a0'
/
delete from KSEN_LUI_IDENT where ID='60f60839-ec6d-4a20-af3f-ab78e12c2f34' and VER_NBR=0
/
delete from KSEN_LUI where ID='b40a612d-103a-46b3-b90b-1d66bf6cf1f7' and VER_NBR=1
/
delete from KSEN_LUILUI_RELTN where ID='31f7e8c7-edfb-4138-87ab-64f6ea13ce05' and VER_NBR=0
/
delete from KSEN_LUILUI_RELTN where ID='9d5516af-b797-4cc4-b4c1-7373c2063319' and VER_NBR=0
/
delete from KSEN_LUI_ATTR where ID='311e2c80-a87f-43b8-9b26-b3d9b604d4f1'
/
delete from KSEN_LUI_ATTR where ID='934eb489-95e4-4c93-a99d-c313e2be4395'
/
delete from KSEN_LUI_IDENT where ID='fef8e1ab-0e6b-4771-9863-3629eca3c32a' and VER_NBR=0
/
delete from KSEN_LUI where ID='628b4203-2f4c-4e68-85fd-8a0390277ba2' and VER_NBR=1
/
insert into KSEN_LUI_ATTR (OBJ_ID, ATTR_KEY, OWNER_ID, ATTR_VALUE, ID) values ('36e4beb0-f848-4dd2-b403-20a675fc3037', 'regCodePrefix', '5f396d72-0578-4467-9f00-590e51a2b8fb', '1', 'f3303b1a-119c-4a97-ae02-3d3129c71e50')
/
delete from KSEN_LUI_RELATED_LUI_TYPES where LUI_ID='5f396d72-0578-4467-9f00-590e51a2b8fb'
/
insert into KSEN_LUI_RELATED_LUI_TYPES (LUI_ID, RELATED_LUI_TYPE) values ('5f396d72-0578-4467-9f00-590e51a2b8fb', 'kuali.lui.type.activity.offering.lab')
/
insert into KSEN_LUI_RELATED_LUI_TYPES (LUI_ID, RELATED_LUI_TYPE) values ('5f396d72-0578-4467-9f00-590e51a2b8fb', 'kuali.lui.type.activity.offering.lecture')
/
insert into KSEN_LUI (OBJ_ID, VER_NBR, CREATEID, CREATETIME, UPDATEID, UPDATETIME, ATP_ID, CLU_ID, EFF_DT, EXPIR_DT, DESCR_FORMATTED, LUI_STATE, LUI_TYPE, MAX_SEATS, MIN_SEATS, NAME, DESCR_PLAIN, REF_URL, ID) values ('1883196a-3adc-4f2f-b6c4-67360ca19270', 0, 'admin', TIMESTAMP '2013-10-28 08:43:42.654', 'admin', TIMESTAMP '2013-10-28 08:43:42.654', 'kuali.atp.2012Spring', '8784d821-e63f-40c0-8683-5cd4574c62de', '', '', '1001', 'kuali.lui.registration.group.state.pending', 'kuali.lui.type.registration.group', '', '', '1001', '1001', '', '75bfe98b-7330-4e02-a5e0-b6f990fa43f7')
/
insert into KSEN_LUI_ATTR (OBJ_ID, ATTR_KEY, OWNER_ID, ATTR_VALUE, ID) values ('fb61ab3f-8d6c-455f-9f10-4e6b92629888', 'kuali.attribute.registration.group.is.generated', '75bfe98b-7330-4e02-a5e0-b6f990fa43f7', '1', '17bd666b-f0ea-4735-a422-17d341156f74')
/
insert into KSEN_LUI_ATTR (OBJ_ID, ATTR_KEY, OWNER_ID, ATTR_VALUE, ID) values ('3d3eaa19-9495-42bb-b303-6820b5acba65', 'kuali.attribute.registration.group.aocluster.id', '75bfe98b-7330-4e02-a5e0-b6f990fa43f7', '31d2ec2d-bb8a-421d-91b9-e300d55fa34d', 'ee0fefa9-41a4-42ee-a42f-54a3dbc8b25e')
/
insert into KSEN_LUI_IDENT (OBJ_ID, VER_NBR, CREATEID, CREATETIME, UPDATEID, UPDATETIME, LUI_CD, DIVISION, IDENT_LEVEL, LNG_NAME, LUI_ID, ORGID, SHRT_NAME, LUI_ID_STATE, SUFX_CD, LUI_ID_TYPE, VARTN, ID) values ('ccb2f5fa-fd79-4429-8581-b8ec5b4ee95d', 0, 'admin', TIMESTAMP '2013-10-28 08:43:42.654', 'admin', TIMESTAMP '2013-10-28 08:43:42.654', '', '', '', '', '75bfe98b-7330-4e02-a5e0-b6f990fa43f7', '', '', 'kuali.lui.identifier.state.active', '', 'kuali.lui.identifier.type.official', '', '1d4c8db4-a6bc-48a9-b5fd-108f8062b5ad')
/
insert into KSEN_LUILUI_RELTN (OBJ_ID, VER_NBR, CREATEID, CREATETIME, UPDATEID, UPDATETIME, EFF_DT, EXPIR_DT, DESCR_FORMATTED, LUI_ID, LUILUI_RELTN_STATE, LUILUI_RELTN_TYPE, NAME, DESCR_PLAIN, RELATED_LUI_ID, ID) values ('6a29cfac-dc31-4d76-9daa-292cf01d768a', 0, 'admin', TIMESTAMP '2013-10-28 08:43:42.654', 'admin', TIMESTAMP '2013-10-28 08:43:42.654', TIMESTAMP '2013-10-28 08:43:43.966', '', 'PHYS375-FO-RG', '5f396d72-0578-4467-9f00-590e51a2b8fb', 'kuali.lui.lui.relation.state.active', 'kuali.lui.lui.relation.type.deliveredvia.fo2rg', 'fo-rg-relation', 'PHYS375-FO-RG', '75bfe98b-7330-4e02-a5e0-b6f990fa43f7', '5f40eb35-566f-4b22-89e5-a2b568930644')
/
insert into KSEN_LUILUI_RELTN (OBJ_ID, VER_NBR, CREATEID, CREATETIME, UPDATEID, UPDATETIME, EFF_DT, EXPIR_DT, DESCR_FORMATTED, LUI_ID, LUILUI_RELTN_STATE, LUILUI_RELTN_TYPE, NAME, DESCR_PLAIN, RELATED_LUI_ID, ID) values ('cea2c4a2-c1e7-4f6f-967f-f8545931d7aa', 0, 'admin', TIMESTAMP '2013-10-28 08:43:42.654', 'admin', TIMESTAMP '2013-10-28 08:43:42.654', TIMESTAMP '2013-10-28 08:43:43.966', '', 'PHYS375-RG-AO', '75bfe98b-7330-4e02-a5e0-b6f990fa43f7', 'kuali.lui.lui.relation.state.active', 'kuali.lui.lui.relation.type.registeredforvia.rg2ao', 'rg-ao-relation', 'PHYS375-RG-AO', 'cda13b08-2def-40d3-8447-0655f8dd159f', 'fd5c57c0-ad9d-4774-8f7f-a134f95ddc8e')
/
insert into KSEN_LUILUI_RELTN (OBJ_ID, VER_NBR, CREATEID, CREATETIME, UPDATEID, UPDATETIME, EFF_DT, EXPIR_DT, DESCR_FORMATTED, LUI_ID, LUILUI_RELTN_STATE, LUILUI_RELTN_TYPE, NAME, DESCR_PLAIN, RELATED_LUI_ID, ID) values ('c3144b66-9906-417d-90b9-7a24c76aa15c', 0, 'admin', TIMESTAMP '2013-10-28 08:43:42.654', 'admin', TIMESTAMP '2013-10-28 08:43:42.654', TIMESTAMP '2013-10-28 08:43:43.967', '', 'PHYS375-RG-AO', '75bfe98b-7330-4e02-a5e0-b6f990fa43f7', 'kuali.lui.lui.relation.state.active', 'kuali.lui.lui.relation.type.registeredforvia.rg2ao', 'rg-ao-relation', 'PHYS375-RG-AO', '578f4b7d-f5b6-470a-91d8-a01b0a76a26e', '1fd74b06-4ae4-4643-b5f4-e4e4c8d98307')
/
insert into KSEN_LUI (OBJ_ID, VER_NBR, CREATEID, CREATETIME, UPDATEID, UPDATETIME, ATP_ID, CLU_ID, EFF_DT, EXPIR_DT, DESCR_FORMATTED, LUI_STATE, LUI_TYPE, MAX_SEATS, MIN_SEATS, NAME, DESCR_PLAIN, REF_URL, ID) values ('7b2981a2-3568-4a22-9dc3-6bdc20d33e33', 0, 'admin', TIMESTAMP '2013-10-28 08:43:42.654', 'admin', TIMESTAMP '2013-10-28 08:43:42.654', 'kuali.atp.2012Spring', '8784d821-e63f-40c0-8683-5cd4574c62de', '', '', '1002', 'kuali.lui.registration.group.state.pending', 'kuali.lui.type.registration.group', '', '', '1002', '1002', '', 'aa59fdba-cf7a-4ad4-b56d-b30b206d01f3')
/
insert into KSEN_LUI_ATTR (OBJ_ID, ATTR_KEY, OWNER_ID, ATTR_VALUE, ID) values ('4b5278da-ff02-442e-90d0-e330cfccbe9e', 'kuali.attribute.registration.group.aocluster.id', 'aa59fdba-cf7a-4ad4-b56d-b30b206d01f3', '31d2ec2d-bb8a-421d-91b9-e300d55fa34d', '8d77ac5f-2369-4b70-8616-61999ccae8c2')
/
insert into KSEN_LUI_ATTR (OBJ_ID, ATTR_KEY, OWNER_ID, ATTR_VALUE, ID) values ('46e090c8-688e-434c-b84b-e6fb572c4bc1', 'kuali.attribute.registration.group.is.generated', 'aa59fdba-cf7a-4ad4-b56d-b30b206d01f3', '1', '1ac8d145-af61-454c-8100-c377ed537fa2')
/
insert into KSEN_LUI_IDENT (OBJ_ID, VER_NBR, CREATEID, CREATETIME, UPDATEID, UPDATETIME, LUI_CD, DIVISION, IDENT_LEVEL, LNG_NAME, LUI_ID, ORGID, SHRT_NAME, LUI_ID_STATE, SUFX_CD, LUI_ID_TYPE, VARTN, ID) values ('fd78bed3-aff8-4e28-88af-b0e7b51674ff', 0, 'admin', TIMESTAMP '2013-10-28 08:43:42.654', 'admin', TIMESTAMP '2013-10-28 08:43:42.654', '', '', '', '', 'aa59fdba-cf7a-4ad4-b56d-b30b206d01f3', '', '', 'kuali.lui.identifier.state.active', '', 'kuali.lui.identifier.type.official', '', '60bf69df-c92e-4d29-beb5-ebc867500547')
/
insert into KSEN_LUILUI_RELTN (OBJ_ID, VER_NBR, CREATEID, CREATETIME, UPDATEID, UPDATETIME, EFF_DT, EXPIR_DT, DESCR_FORMATTED, LUI_ID, LUILUI_RELTN_STATE, LUILUI_RELTN_TYPE, NAME, DESCR_PLAIN, RELATED_LUI_ID, ID) values ('210a0d45-e379-4879-a904-0c5be8f74419', 0, 'admin', TIMESTAMP '2013-10-28 08:43:42.654', 'admin', TIMESTAMP '2013-10-28 08:43:42.654', TIMESTAMP '2013-10-28 08:43:44.314', '', 'PHYS375-FO-RG', '5f396d72-0578-4467-9f00-590e51a2b8fb', 'kuali.lui.lui.relation.state.active', 'kuali.lui.lui.relation.type.deliveredvia.fo2rg', 'fo-rg-relation', 'PHYS375-FO-RG', 'aa59fdba-cf7a-4ad4-b56d-b30b206d01f3', 'ab0686ff-2036-46a1-9a76-832b2a8f5b77')
/
insert into KSEN_LUILUI_RELTN (OBJ_ID, VER_NBR, CREATEID, CREATETIME, UPDATEID, UPDATETIME, EFF_DT, EXPIR_DT, DESCR_FORMATTED, LUI_ID, LUILUI_RELTN_STATE, LUILUI_RELTN_TYPE, NAME, DESCR_PLAIN, RELATED_LUI_ID, ID) values ('678b021c-d7ba-46d1-8c4f-3e0315fb4fd0', 0, 'admin', TIMESTAMP '2013-10-28 08:43:42.654', 'admin', TIMESTAMP '2013-10-28 08:43:42.654', TIMESTAMP '2013-10-28 08:43:44.314', '', 'PHYS375-RG-AO', 'aa59fdba-cf7a-4ad4-b56d-b30b206d01f3', 'kuali.lui.lui.relation.state.active', 'kuali.lui.lui.relation.type.registeredforvia.rg2ao', 'rg-ao-relation', 'PHYS375-RG-AO', '3756467a-f45d-4092-819c-7a446572a1fb', '6d3978c7-f7bf-4e9d-883e-7017197798a8')
/
insert into KSEN_LUILUI_RELTN (OBJ_ID, VER_NBR, CREATEID, CREATETIME, UPDATEID, UPDATETIME, EFF_DT, EXPIR_DT, DESCR_FORMATTED, LUI_ID, LUILUI_RELTN_STATE, LUILUI_RELTN_TYPE, NAME, DESCR_PLAIN, RELATED_LUI_ID, ID) values ('e7f10b7c-534b-4e38-96c3-f2588e4b6ece', 0, 'admin', TIMESTAMP '2013-10-28 08:43:42.654', 'admin', TIMESTAMP '2013-10-28 08:43:42.654', TIMESTAMP '2013-10-28 08:43:44.315', '', 'PHYS375-RG-AO', 'aa59fdba-cf7a-4ad4-b56d-b30b206d01f3', 'kuali.lui.lui.relation.state.active', 'kuali.lui.lui.relation.type.registeredforvia.rg2ao', 'rg-ao-relation', 'PHYS375-RG-AO', '578f4b7d-f5b6-470a-91d8-a01b0a76a26e', '9f25e7ca-10ae-4334-808f-5132ff519095')
/
insert into KSEN_LUI (OBJ_ID, VER_NBR, CREATEID, CREATETIME, UPDATEID, UPDATETIME, ATP_ID, CLU_ID, EFF_DT, EXPIR_DT, DESCR_FORMATTED, LUI_STATE, LUI_TYPE, MAX_SEATS, MIN_SEATS, NAME, DESCR_PLAIN, REF_URL, ID) values ('8061bb35-5d41-4b80-89ee-0219ca6f9c3f', 0, 'admin', TIMESTAMP '2013-10-28 08:43:42.654', 'admin', TIMESTAMP '2013-10-28 08:43:42.654', 'kuali.atp.2012Spring', '8784d821-e63f-40c0-8683-5cd4574c62de', '', '', '1003', 'kuali.lui.registration.group.state.pending', 'kuali.lui.type.registration.group', '', '', '1003', '1003', '', '127b8a85-8681-4777-adc3-95e0936af3a2')
/
insert into KSEN_LUI_ATTR (OBJ_ID, ATTR_KEY, OWNER_ID, ATTR_VALUE, ID) values ('da6bd628-84ba-49de-8d23-ac67e1de01bf', 'kuali.attribute.registration.group.is.generated', '127b8a85-8681-4777-adc3-95e0936af3a2', '1', '5de35b20-bbdb-48bb-8f81-8de3d66de95c')
/
insert into KSEN_LUI_ATTR (OBJ_ID, ATTR_KEY, OWNER_ID, ATTR_VALUE, ID) values ('bb54bd22-d8b2-4caa-a72e-a239ba3f8525', 'kuali.attribute.registration.group.aocluster.id', '127b8a85-8681-4777-adc3-95e0936af3a2', '31d2ec2d-bb8a-421d-91b9-e300d55fa34d', '773044a4-c6df-4f33-a823-47eab8c532ac')
/
insert into KSEN_LUI_IDENT (OBJ_ID, VER_NBR, CREATEID, CREATETIME, UPDATEID, UPDATETIME, LUI_CD, DIVISION, IDENT_LEVEL, LNG_NAME, LUI_ID, ORGID, SHRT_NAME, LUI_ID_STATE, SUFX_CD, LUI_ID_TYPE, VARTN, ID) values ('12229e09-5729-48b2-8998-b1f2d49d2b0c', 0, 'admin', TIMESTAMP '2013-10-28 08:43:42.654', 'admin', TIMESTAMP '2013-10-28 08:43:42.654', '', '', '', '', '127b8a85-8681-4777-adc3-95e0936af3a2', '', '', 'kuali.lui.identifier.state.active', '', 'kuali.lui.identifier.type.official', '', '7a1d4617-8081-4c1a-b84e-6aa43b423562')
/
insert into KSEN_LUILUI_RELTN (OBJ_ID, VER_NBR, CREATEID, CREATETIME, UPDATEID, UPDATETIME, EFF_DT, EXPIR_DT, DESCR_FORMATTED, LUI_ID, LUILUI_RELTN_STATE, LUILUI_RELTN_TYPE, NAME, DESCR_PLAIN, RELATED_LUI_ID, ID) values ('4f68ff99-e570-4275-a890-0e992722d9c0', 0, 'admin', TIMESTAMP '2013-10-28 08:43:42.654', 'admin', TIMESTAMP '2013-10-28 08:43:42.654', TIMESTAMP '2013-10-28 08:43:44.686', '', 'PHYS375-FO-RG', '5f396d72-0578-4467-9f00-590e51a2b8fb', 'kuali.lui.lui.relation.state.active', 'kuali.lui.lui.relation.type.deliveredvia.fo2rg', 'fo-rg-relation', 'PHYS375-FO-RG', '127b8a85-8681-4777-adc3-95e0936af3a2', '8881db45-b99e-47d9-a0ce-bfa846c3dd0d')
/
insert into KSEN_LUILUI_RELTN (OBJ_ID, VER_NBR, CREATEID, CREATETIME, UPDATEID, UPDATETIME, EFF_DT, EXPIR_DT, DESCR_FORMATTED, LUI_ID, LUILUI_RELTN_STATE, LUILUI_RELTN_TYPE, NAME, DESCR_PLAIN, RELATED_LUI_ID, ID) values ('21f6dc7d-034f-4167-bd04-82b250eaa939', 0, 'admin', TIMESTAMP '2013-10-28 08:43:42.654', 'admin', TIMESTAMP '2013-10-28 08:43:42.654', TIMESTAMP '2013-10-28 08:43:44.687', '', 'PHYS375-RG-AO', '127b8a85-8681-4777-adc3-95e0936af3a2', 'kuali.lui.lui.relation.state.active', 'kuali.lui.lui.relation.type.registeredforvia.rg2ao', 'rg-ao-relation', 'PHYS375-RG-AO', 'c5753d07-3b8e-48fe-b1a2-1bdf2b717744', '94654534-9985-418c-a32d-260f9fc0b2cb')
/
insert into KSEN_LUILUI_RELTN (OBJ_ID, VER_NBR, CREATEID, CREATETIME, UPDATEID, UPDATETIME, EFF_DT, EXPIR_DT, DESCR_FORMATTED, LUI_ID, LUILUI_RELTN_STATE, LUILUI_RELTN_TYPE, NAME, DESCR_PLAIN, RELATED_LUI_ID, ID) values ('03c7431e-ced1-41d6-a9b3-b0ff2212546f', 0, 'admin', TIMESTAMP '2013-10-28 08:43:42.654', 'admin', TIMESTAMP '2013-10-28 08:43:42.654', TIMESTAMP '2013-10-28 08:43:44.687', '', 'PHYS375-RG-AO', '127b8a85-8681-4777-adc3-95e0936af3a2', 'kuali.lui.lui.relation.state.active', 'kuali.lui.lui.relation.type.registeredforvia.rg2ao', 'rg-ao-relation', 'PHYS375-RG-AO', '578f4b7d-f5b6-470a-91d8-a01b0a76a26e', 'c63e456d-4a52-4e9c-a761-7ef38033a330')
/
insert into KSEN_LUI (OBJ_ID, VER_NBR, CREATEID, CREATETIME, UPDATEID, UPDATETIME, ATP_ID, CLU_ID, EFF_DT, EXPIR_DT, DESCR_FORMATTED, LUI_STATE, LUI_TYPE, MAX_SEATS, MIN_SEATS, NAME, DESCR_PLAIN, REF_URL, ID) values ('25654299-b4aa-400b-b8ea-5035b8e01e7b', 0, 'admin', TIMESTAMP '2013-10-28 08:43:42.654', 'admin', TIMESTAMP '2013-10-28 08:43:42.654', 'kuali.atp.ExamPeriod.2012Spring', 'E990F0B1A43ACD79E040440A9B9A78A0', '', '', '', 'kuali.lui.exam.offering.state.draft', 'kuali.lui.type.exam.offering.final', '', '', '', '', '', 'fbcc32a1-fcd2-49e5-8751-19946af024e4')
/
insert into KSEN_LUI_ATTR (OBJ_ID, ATTR_KEY, OWNER_ID, ATTR_VALUE, ID) values ('bc1b83ec-1c58-41b7-8247-f235a7317417', 'kuali.attribute.final.exam.driver', 'fbcc32a1-fcd2-49e5-8751-19946af024e4', 'PER_AO', '60979118-5fc6-45b5-b19b-2f88f9d9413d')
/
insert into KSEN_LUI_ATTR (OBJ_ID, ATTR_KEY, OWNER_ID, ATTR_VALUE, ID) values ('b5938f32-05ae-4865-9e98-339d6e5a22d4', 'kuali.attribute.final.exam.activity.driver', 'fbcc32a1-fcd2-49e5-8751-19946af024e4', 'kuali.lu.type.activity.Lecture', '2bb707f8-4042-40ee-9ce7-968c84aed55b')
/
insert into KSEN_LUI_IDENT (OBJ_ID, VER_NBR, CREATEID, CREATETIME, UPDATEID, UPDATETIME, LUI_CD, DIVISION, IDENT_LEVEL, LNG_NAME, LUI_ID, ORGID, SHRT_NAME, LUI_ID_STATE, SUFX_CD, LUI_ID_TYPE, VARTN, ID) values ('e641d8d6-b9fc-4733-9182-84bf946838a2', 0, 'admin', TIMESTAMP '2013-10-28 08:43:42.654', 'admin', TIMESTAMP '2013-10-28 08:43:42.654', '', '', '', '', 'fbcc32a1-fcd2-49e5-8751-19946af024e4', '', '', 'kuali.lui.identifier.state.active', '', 'kuali.lui.identifier.type.official', '', '548245d1-72cd-4af9-b5b4-10049c76aecc')
/
insert into KSEN_LUILUI_RELTN (OBJ_ID, VER_NBR, CREATEID, CREATETIME, UPDATEID, UPDATETIME, EFF_DT, EXPIR_DT, DESCR_FORMATTED, LUI_ID, LUILUI_RELTN_STATE, LUILUI_RELTN_TYPE, NAME, DESCR_PLAIN, RELATED_LUI_ID, ID) values ('852a7176-4681-432b-bb90-05e1baa61298', 0, 'admin', TIMESTAMP '2013-10-28 08:43:42.654', 'admin', TIMESTAMP '2013-10-28 08:43:42.654', TIMESTAMP '2013-10-28 08:43:45.138', '', 'fbcc32a1-fcd2-49e5-8751-19946af024e4-FO-EO)', '5f396d72-0578-4467-9f00-590e51a2b8fb', 'kuali.lui.lui.relation.state.active', 'kuali.lui.lui.relation.type.deliveredvia.fo2eo', 'Fo-Eo-relation', 'fbcc32a1-fcd2-49e5-8751-19946af024e4-FO-EO', 'fbcc32a1-fcd2-49e5-8751-19946af024e4', 'be0f96f3-6176-4a1f-ba40-060117276014')
/
insert into KSEN_LUILUI_RELTN_ATTR (OBJ_ID, ATTR_KEY, OWNER_ID, ATTR_VALUE, ID) values ('533072b0-23ac-4aff-a87a-385157f9ea20', 'AO1', 'be0f96f3-6176-4a1f-ba40-060117276014', '578f4b7d-f5b6-470a-91d8-a01b0a76a26e', '85d92730-3b2d-4944-b2ad-4529150bc1a9')
/
insert into KSEN_CWL (OBJ_ID, VER_NBR, CREATEID, CREATETIME, UPDATEID, UPDATETIME, ALLOW_HOLD_UTIL_ENTRIES_IND, AUTO_PROCESSED_IND, CHECK_IN_REQ_IND, CONF_REQ_IND, EFF_DT, EXPIR_DT, MAX_SIZE, REG_IN_FIRST_AAO_IND, STD_DUR_TIME_QTY, STD_DUR_TYPE, CWL_STATE, CWL_TYPE, ID) values ('68093c97-a7f9-46c3-a5e8-6da1c850092d', 0, 'admin', TIMESTAMP '2013-10-28 08:43:42.654', 'admin', TIMESTAMP '2013-10-28 08:43:42.654', '0', '1', '0', '1', '', '', '', '', '', '', 'kuali.course.waitlist.state.active', 'kuali.course.waitlist.type.course.waitlist', 'd89b0b40-6e50-41ec-992d-d75f362174f2')
/
insert into KSEN_CWL_ACTIV_OFFER (CWL_ID, ACTIV_OFFER_ID) values ('d89b0b40-6e50-41ec-992d-d75f362174f2', '578f4b7d-f5b6-470a-91d8-a01b0a76a26e')
/
insert into KSEN_CWL_FORMAT_OFFER (CWL_ID, FORMAT_OFFER_ID) values ('d89b0b40-6e50-41ec-992d-d75f362174f2', '5f396d72-0578-4467-9f00-590e51a2b8fb')
/


-- Term = kuali.atp.2012Spring / 201201, coCode = CHEM484
insert into KSEN_LUI (OBJ_ID, VER_NBR, CREATEID, CREATETIME, UPDATEID, UPDATETIME, ATP_ID, CLU_ID, EFF_DT, EXPIR_DT, DESCR_FORMATTED, LUI_STATE, LUI_TYPE, MAX_SEATS, MIN_SEATS, NAME, DESCR_PLAIN, REF_URL, ID) values ('c1fca2ee-a7cc-459a-8ae0-f5c9cae38859', 0, 'admin', TIMESTAMP '2013-10-28 08:55:57.342', 'admin', TIMESTAMP '2013-10-28 08:55:57.342', 'kuali.atp.2012Spring', '6f4753ab-dc6a-47dc-800f-22606390fbac', '', '', '', 'kuali.lui.activity.offering.state.draft', 'kuali.lui.type.activity.offering.discussion', 32, '', 'CHEM484 AO', '', '', '2f506e57-21aa-4ada-b4f8-e750df75b071')
/
insert into KSEN_LUI_ATTR (OBJ_ID, ATTR_KEY, OWNER_ID, ATTR_VALUE, ID) values ('c5ef0237-4002-4998-b700-dc435b3a874b', 'kuali.attribute.nonstd.ts.indicator', '2f506e57-21aa-4ada-b4f8-e750df75b071', '0', '32bc29a7-6f86-4c26-9913-0c7b3d73d48a')
/
insert into KSEN_LUI_ATTR (OBJ_ID, ATTR_KEY, OWNER_ID, ATTR_VALUE, ID) values ('2493e942-189d-487a-8dad-6b3efb03034a', 'kuali.attribute.max.enrollment.is.estimate', '2f506e57-21aa-4ada-b4f8-e750df75b071', 'null', '32a033d2-6752-497d-8dc2-60785e901693')
/
insert into KSEN_LUI_ATTR (OBJ_ID, ATTR_KEY, OWNER_ID, ATTR_VALUE, ID) values ('c4b2ce6b-9dcc-4ef7-815d-2940ea207713', 'kuali.attribute.course.evaluation.indicator', '2f506e57-21aa-4ada-b4f8-e750df75b071', 'null', '8c6072dd-610d-4b78-8340-9ce8b7c195ef')
/
insert into KSEN_LUI_IDENT (OBJ_ID, VER_NBR, CREATEID, CREATETIME, UPDATEID, UPDATETIME, LUI_CD, DIVISION, IDENT_LEVEL, LNG_NAME, LUI_ID, ORGID, SHRT_NAME, LUI_ID_STATE, SUFX_CD, LUI_ID_TYPE, VARTN, ID) values ('38598571-3958-4588-8c1e-10807b363f4c', 0, 'admin', TIMESTAMP '2013-10-28 08:55:57.342', 'admin', TIMESTAMP '2013-10-28 08:55:57.342', 'G', '', '', '', '2f506e57-21aa-4ada-b4f8-e750df75b071', '', '', 'kuali.lui.identifier.state.active', '', 'kuali.lui.identifier.type.official', '', '95047760-e499-495e-964e-be2d97a57e11')
/
insert into KSEN_LUI_LU_CD (OBJ_ID, VER_NBR, CREATEID, CREATETIME, UPDATEID, UPDATETIME, DESCR_FORMATTED, LUI_ID, DESCR_PLAIN, LUI_LUCD_TYPE, VALUE, ID) values ('df86b578-16aa-473d-94a8-8f853133c229', 0, 'admin', TIMESTAMP '2013-10-28 08:55:57.342', 'admin', TIMESTAMP '2013-10-28 08:55:57.342', '', '2f506e57-21aa-4ada-b4f8-e750df75b071', '', 'kuali.lu.code.honorsOffering', 'null', '7bdef9a0-c7da-40b9-ab6a-6e78ee008f09')
/
insert into KSEN_LUILUI_RELTN (OBJ_ID, VER_NBR, CREATEID, CREATETIME, UPDATEID, UPDATETIME, EFF_DT, EXPIR_DT, DESCR_FORMATTED, LUI_ID, LUILUI_RELTN_STATE, LUILUI_RELTN_TYPE, NAME, DESCR_PLAIN, RELATED_LUI_ID, ID) values ('f67e4512-8ef9-45f1-98cf-0e8560bf2aa3', 0, 'admin', TIMESTAMP '2013-10-28 08:55:57.342', 'admin', TIMESTAMP '2013-10-28 08:55:57.342', TIMESTAMP '2013-10-28 08:55:57.492', '', 'CHEM484-FO-AO', 'b11dce52-4e9f-4e8c-b745-8ecaf689f203', 'kuali.lui.lui.relation.state.active', 'kuali.lui.lui.relation.type.deliveredvia.fo2ao', 'fo-ao-relation', 'CHEM484-FO-AO', '2f506e57-21aa-4ada-b4f8-e750df75b071', '1672e616-2027-4f19-836c-e09aa415ffa7')
/
insert into KSEN_CO_AO_CLUSTER_SET (OBJ_ID, ACTIVITY_OFFERING_TYPE, AO_CLUSTER_ID, ID) values ('94ad27ac-db54-4917-9bcb-3056372adf58', 'kuali.lui.type.activity.offering.discussion', '09653f6b-f80c-4311-9ba5-76a48299675b', '6dfba907-d52c-406a-9dc7-27fe6a492885')
/
insert into KSEN_CO_AO_CLUSTER_SET_AO (AOC_SET_ID, ACTIVITY_OFFERING_ID) values ('6dfba907-d52c-406a-9dc7-27fe6a492885', '2f506e57-21aa-4ada-b4f8-e750df75b071')
/
delete from KSEN_LUILUI_RELTN where ID='4240d8cd-1b31-4d4e-bc54-bc66259a8b75' and VER_NBR=0
/
delete from KSEN_LUILUI_RELTN where ID='0cdca7da-647b-4c12-9101-b1ce5a49b687' and VER_NBR=0
/
delete from KSEN_LUI_ATTR where ID='95c41dfb-405f-4847-8748-1b7a2f5bf5b9'
/
delete from KSEN_LUI_ATTR where ID='773cee30-398f-4a8f-ba90-ff8c80c6b17d'
/
delete from KSEN_LUI_IDENT where ID='f01a38c6-84bc-4320-b7b7-529ab559eb41' and VER_NBR=0
/
delete from KSEN_LUI where ID='27702320-9d74-4409-8936-11ded4d85925' and VER_NBR=1
/
delete from KSEN_LUILUI_RELTN where ID='efeaffb7-031a-4cba-a072-a634e21159c2' and VER_NBR=0
/
delete from KSEN_LUILUI_RELTN where ID='4b78056a-a50c-4ee5-8fad-4503980b51da' and VER_NBR=0
/
delete from KSEN_LUI_ATTR where ID='9f77ccdd-70c8-4c4d-a339-b6845045ec0f'
/
delete from KSEN_LUI_ATTR where ID='9a39b3f0-a372-4667-92b4-8fbcab2840f7'
/
delete from KSEN_LUI_IDENT where ID='5811ed21-0638-41e5-80a6-35b641c1aaa3' and VER_NBR=0
/
delete from KSEN_LUI where ID='9f78a8b8-b27b-443b-a526-6ec3ef0f6521' and VER_NBR=1
/
delete from KSEN_LUILUI_RELTN where ID='12a0950a-8406-4c38-aa66-cb0c9f262cf9' and VER_NBR=0
/
delete from KSEN_LUILUI_RELTN where ID='aa6028f1-d946-4eac-884d-edebae84181f' and VER_NBR=0
/
delete from KSEN_LUI_ATTR where ID='f06cadf6-4a37-4534-9d9f-fe30cacb3cb9'
/
delete from KSEN_LUI_ATTR where ID='82e47cf9-7253-4fb4-84e7-73385d0b7bb1'
/
delete from KSEN_LUI_IDENT where ID='955ae3a1-77f2-4cab-9a77-9916b523b091' and VER_NBR=0
/
delete from KSEN_LUI where ID='1000ffd7-8e45-4fdd-8190-06db49fa9925' and VER_NBR=1
/
insert into KSEN_LUI_ATTR (OBJ_ID, ATTR_KEY, OWNER_ID, ATTR_VALUE, ID) values ('939d77c4-70a7-49bc-89e4-2046e8261773', 'regCodePrefix', 'b11dce52-4e9f-4e8c-b745-8ecaf689f203', '1', 'cea1838d-d307-439f-a32b-5caa5beaefb9')
/
delete from KSEN_LUI_RELATED_LUI_TYPES where LUI_ID='b11dce52-4e9f-4e8c-b745-8ecaf689f203'
/
insert into KSEN_LUI_RELATED_LUI_TYPES (LUI_ID, RELATED_LUI_TYPE) values ('b11dce52-4e9f-4e8c-b745-8ecaf689f203', 'kuali.lui.type.activity.offering.discussion')
/
insert into KSEN_LUI_RELATED_LUI_TYPES (LUI_ID, RELATED_LUI_TYPE) values ('b11dce52-4e9f-4e8c-b745-8ecaf689f203', 'kuali.lui.type.activity.offering.lab')
/
insert into KSEN_LUI (OBJ_ID, VER_NBR, CREATEID, CREATETIME, UPDATEID, UPDATETIME, ATP_ID, CLU_ID, EFF_DT, EXPIR_DT, DESCR_FORMATTED, LUI_STATE, LUI_TYPE, MAX_SEATS, MIN_SEATS, NAME, DESCR_PLAIN, REF_URL, ID) values ('97cbf417-fdbd-4fda-a6bc-775a1b28ce26', 0, 'admin', TIMESTAMP '2013-10-28 08:55:57.342', 'admin', TIMESTAMP '2013-10-28 08:55:57.342', 'kuali.atp.2012Spring', 'b4cfd499-4a44-4f1b-914d-092fd177dddd', '', '', '1001', 'kuali.lui.registration.group.state.pending', 'kuali.lui.type.registration.group', '', '', '1001', '1001', '', '125f0a7c-e4c4-403e-bca4-68f8de50b2be')
/
insert into KSEN_LUI_ATTR (OBJ_ID, ATTR_KEY, OWNER_ID, ATTR_VALUE, ID) values ('125a8742-4642-4c2a-a20d-9f9bbc010da1', 'kuali.attribute.registration.group.aocluster.id', '125f0a7c-e4c4-403e-bca4-68f8de50b2be', '09653f6b-f80c-4311-9ba5-76a48299675b', '387f818d-c70b-4840-8c27-87d19e9d82b6')
/
insert into KSEN_LUI_ATTR (OBJ_ID, ATTR_KEY, OWNER_ID, ATTR_VALUE, ID) values ('7f392bf1-c004-42c4-9aab-cdeada8ea9af', 'kuali.attribute.registration.group.is.generated', '125f0a7c-e4c4-403e-bca4-68f8de50b2be', '1', '5bd2a20e-e980-4378-89dd-16ca05d1b33f')
/
insert into KSEN_LUI_IDENT (OBJ_ID, VER_NBR, CREATEID, CREATETIME, UPDATEID, UPDATETIME, LUI_CD, DIVISION, IDENT_LEVEL, LNG_NAME, LUI_ID, ORGID, SHRT_NAME, LUI_ID_STATE, SUFX_CD, LUI_ID_TYPE, VARTN, ID) values ('0b98c116-aefc-4f59-b656-ac21a2dba463', 0, 'admin', TIMESTAMP '2013-10-28 08:55:57.342', 'admin', TIMESTAMP '2013-10-28 08:55:57.342', '', '', '', '', '125f0a7c-e4c4-403e-bca4-68f8de50b2be', '', '', 'kuali.lui.identifier.state.active', '', 'kuali.lui.identifier.type.official', '', '42ec592c-3c2a-43b1-8e2a-b4e6a800cfce')
/
insert into KSEN_LUILUI_RELTN (OBJ_ID, VER_NBR, CREATEID, CREATETIME, UPDATEID, UPDATETIME, EFF_DT, EXPIR_DT, DESCR_FORMATTED, LUI_ID, LUILUI_RELTN_STATE, LUILUI_RELTN_TYPE, NAME, DESCR_PLAIN, RELATED_LUI_ID, ID) values ('eebecf08-268f-480d-9266-3223f9dd2397', 0, 'admin', TIMESTAMP '2013-10-28 08:55:57.342', 'admin', TIMESTAMP '2013-10-28 08:55:57.342', TIMESTAMP '2013-10-28 08:55:58.463', '', 'CHEM484-FO-RG', 'b11dce52-4e9f-4e8c-b745-8ecaf689f203', 'kuali.lui.lui.relation.state.active', 'kuali.lui.lui.relation.type.deliveredvia.fo2rg', 'fo-rg-relation', 'CHEM484-FO-RG', '125f0a7c-e4c4-403e-bca4-68f8de50b2be', '1b947ef9-7de4-424e-a62f-66b60aa6a416')
/
insert into KSEN_LUILUI_RELTN (OBJ_ID, VER_NBR, CREATEID, CREATETIME, UPDATEID, UPDATETIME, EFF_DT, EXPIR_DT, DESCR_FORMATTED, LUI_ID, LUILUI_RELTN_STATE, LUILUI_RELTN_TYPE, NAME, DESCR_PLAIN, RELATED_LUI_ID, ID) values ('d5ad4384-66cc-44ad-8802-3d38c35b4b84', 0, 'admin', TIMESTAMP '2013-10-28 08:55:57.342', 'admin', TIMESTAMP '2013-10-28 08:55:57.342', TIMESTAMP '2013-10-28 08:55:58.463', '', 'CHEM484-RG-AO', '125f0a7c-e4c4-403e-bca4-68f8de50b2be', 'kuali.lui.lui.relation.state.active', 'kuali.lui.lui.relation.type.registeredforvia.rg2ao', 'rg-ao-relation', 'CHEM484-RG-AO', '6d428750-2196-41e1-b003-3e94a7f6911f', '43b7d847-c986-4bf0-ae8c-53fdcf805b55')
/
insert into KSEN_LUILUI_RELTN (OBJ_ID, VER_NBR, CREATEID, CREATETIME, UPDATEID, UPDATETIME, EFF_DT, EXPIR_DT, DESCR_FORMATTED, LUI_ID, LUILUI_RELTN_STATE, LUILUI_RELTN_TYPE, NAME, DESCR_PLAIN, RELATED_LUI_ID, ID) values ('7da287c6-f6a8-4429-b98f-7e914cd3e193', 0, 'admin', TIMESTAMP '2013-10-28 08:55:57.342', 'admin', TIMESTAMP '2013-10-28 08:55:57.342', TIMESTAMP '2013-10-28 08:55:58.464', '', 'CHEM484-RG-AO', '125f0a7c-e4c4-403e-bca4-68f8de50b2be', 'kuali.lui.lui.relation.state.active', 'kuali.lui.lui.relation.type.registeredforvia.rg2ao', 'rg-ao-relation', 'CHEM484-RG-AO', '2f506e57-21aa-4ada-b4f8-e750df75b071', '82040bb6-7a87-45a7-a90b-5f8149e7bc1d')
/
insert into KSEN_LUI (OBJ_ID, VER_NBR, CREATEID, CREATETIME, UPDATEID, UPDATETIME, ATP_ID, CLU_ID, EFF_DT, EXPIR_DT, DESCR_FORMATTED, LUI_STATE, LUI_TYPE, MAX_SEATS, MIN_SEATS, NAME, DESCR_PLAIN, REF_URL, ID) values ('6338765e-cbff-443f-806c-0e69dd3b6aa5', 0, 'admin', TIMESTAMP '2013-10-28 08:55:57.342', 'admin', TIMESTAMP '2013-10-28 08:55:57.342', 'kuali.atp.2012Spring', 'b4cfd499-4a44-4f1b-914d-092fd177dddd', '', '', '1002', 'kuali.lui.registration.group.state.pending', 'kuali.lui.type.registration.group', '', '', '1002', '1002', '', '0f171866-403f-4084-b36d-372f194be7fc')
/
insert into KSEN_LUI_ATTR (OBJ_ID, ATTR_KEY, OWNER_ID, ATTR_VALUE, ID) values ('cfa00f0e-df49-43d3-94ac-cc393a3f8fd5', 'kuali.attribute.registration.group.aocluster.id', '0f171866-403f-4084-b36d-372f194be7fc', '09653f6b-f80c-4311-9ba5-76a48299675b', '49d208fb-dbb3-48b1-a483-d6b370e8fb9a')
/
insert into KSEN_LUI_ATTR (OBJ_ID, ATTR_KEY, OWNER_ID, ATTR_VALUE, ID) values ('6111a581-02e2-4ac4-b195-e1543048e2ee', 'kuali.attribute.registration.group.is.generated', '0f171866-403f-4084-b36d-372f194be7fc', '1', 'bfdae1fc-1260-4038-9e51-0e7e8da6ccb5')
/
insert into KSEN_LUI_IDENT (OBJ_ID, VER_NBR, CREATEID, CREATETIME, UPDATEID, UPDATETIME, LUI_CD, DIVISION, IDENT_LEVEL, LNG_NAME, LUI_ID, ORGID, SHRT_NAME, LUI_ID_STATE, SUFX_CD, LUI_ID_TYPE, VARTN, ID) values ('18915a6d-afb8-4920-84c7-7ce9b552361d', 0, 'admin', TIMESTAMP '2013-10-28 08:55:57.342', 'admin', TIMESTAMP '2013-10-28 08:55:57.342', '', '', '', '', '0f171866-403f-4084-b36d-372f194be7fc', '', '', 'kuali.lui.identifier.state.active', '', 'kuali.lui.identifier.type.official', '', '00bb454f-afd0-4506-98bb-961ab3583f43')
/
insert into KSEN_LUILUI_RELTN (OBJ_ID, VER_NBR, CREATEID, CREATETIME, UPDATEID, UPDATETIME, EFF_DT, EXPIR_DT, DESCR_FORMATTED, LUI_ID, LUILUI_RELTN_STATE, LUILUI_RELTN_TYPE, NAME, DESCR_PLAIN, RELATED_LUI_ID, ID) values ('03d05b4b-f768-4d9e-93d1-87bf2ab99a5b', 0, 'admin', TIMESTAMP '2013-10-28 08:55:57.342', 'admin', TIMESTAMP '2013-10-28 08:55:57.342', TIMESTAMP '2013-10-28 08:55:58.895', '', 'CHEM484-FO-RG', 'b11dce52-4e9f-4e8c-b745-8ecaf689f203', 'kuali.lui.lui.relation.state.active', 'kuali.lui.lui.relation.type.deliveredvia.fo2rg', 'fo-rg-relation', 'CHEM484-FO-RG', '0f171866-403f-4084-b36d-372f194be7fc', '49cc82f2-5f3a-4cf4-b18d-83a84a613123')
/
insert into KSEN_LUILUI_RELTN (OBJ_ID, VER_NBR, CREATEID, CREATETIME, UPDATEID, UPDATETIME, EFF_DT, EXPIR_DT, DESCR_FORMATTED, LUI_ID, LUILUI_RELTN_STATE, LUILUI_RELTN_TYPE, NAME, DESCR_PLAIN, RELATED_LUI_ID, ID) values ('b93b2be7-8f58-43ff-bff7-0d41f9231917', 0, 'admin', TIMESTAMP '2013-10-28 08:55:57.342', 'admin', TIMESTAMP '2013-10-28 08:55:57.342', TIMESTAMP '2013-10-28 08:55:58.895', '', 'CHEM484-RG-AO', '0f171866-403f-4084-b36d-372f194be7fc', 'kuali.lui.lui.relation.state.active', 'kuali.lui.lui.relation.type.registeredforvia.rg2ao', 'rg-ao-relation', 'CHEM484-RG-AO', '70477422-e2e1-4c3f-bbfb-bea5b6217e91', 'c0cbc5b0-ed61-48c4-b203-a5f9ea8f817d')
/
insert into KSEN_LUILUI_RELTN (OBJ_ID, VER_NBR, CREATEID, CREATETIME, UPDATEID, UPDATETIME, EFF_DT, EXPIR_DT, DESCR_FORMATTED, LUI_ID, LUILUI_RELTN_STATE, LUILUI_RELTN_TYPE, NAME, DESCR_PLAIN, RELATED_LUI_ID, ID) values ('dba27ec9-d972-4267-8d94-4b85dfee331f', 0, 'admin', TIMESTAMP '2013-10-28 08:55:57.342', 'admin', TIMESTAMP '2013-10-28 08:55:57.342', TIMESTAMP '2013-10-28 08:55:58.896', '', 'CHEM484-RG-AO', '0f171866-403f-4084-b36d-372f194be7fc', 'kuali.lui.lui.relation.state.active', 'kuali.lui.lui.relation.type.registeredforvia.rg2ao', 'rg-ao-relation', 'CHEM484-RG-AO', '2f506e57-21aa-4ada-b4f8-e750df75b071', 'af384928-d8ba-4e70-b1ef-d9d007a35bb6')
/
insert into KSEN_LUI (OBJ_ID, VER_NBR, CREATEID, CREATETIME, UPDATEID, UPDATETIME, ATP_ID, CLU_ID, EFF_DT, EXPIR_DT, DESCR_FORMATTED, LUI_STATE, LUI_TYPE, MAX_SEATS, MIN_SEATS, NAME, DESCR_PLAIN, REF_URL, ID) values ('ee02eaef-4e0c-4582-beb1-8a632c1d3281', 0, 'admin', TIMESTAMP '2013-10-28 08:55:57.342', 'admin', TIMESTAMP '2013-10-28 08:55:57.342', 'kuali.atp.2012Spring', 'b4cfd499-4a44-4f1b-914d-092fd177dddd', '', '', '1003', 'kuali.lui.registration.group.state.pending', 'kuali.lui.type.registration.group', '', '', '1003', '1003', '', '54dc7cea-b217-4f94-ba8c-df06ecb67a29')
/
insert into KSEN_LUI_ATTR (OBJ_ID, ATTR_KEY, OWNER_ID, ATTR_VALUE, ID) values ('817d2f71-0aac-40c8-a7c0-8e61d966755b', 'kuali.attribute.registration.group.aocluster.id', '54dc7cea-b217-4f94-ba8c-df06ecb67a29', '09653f6b-f80c-4311-9ba5-76a48299675b', '9c05f05b-8c43-4285-a33d-27ee8db3e297')
/
insert into KSEN_LUI_ATTR (OBJ_ID, ATTR_KEY, OWNER_ID, ATTR_VALUE, ID) values ('75743ca2-afc7-4e72-97f3-613557fe58cd', 'kuali.attribute.registration.group.is.generated', '54dc7cea-b217-4f94-ba8c-df06ecb67a29', '1', 'daadd237-82dc-4faf-9650-f1cefdf50cdc')
/
insert into KSEN_LUI_IDENT (OBJ_ID, VER_NBR, CREATEID, CREATETIME, UPDATEID, UPDATETIME, LUI_CD, DIVISION, IDENT_LEVEL, LNG_NAME, LUI_ID, ORGID, SHRT_NAME, LUI_ID_STATE, SUFX_CD, LUI_ID_TYPE, VARTN, ID) values ('1997e543-06a8-4634-b156-3c9675985d91', 0, 'admin', TIMESTAMP '2013-10-28 08:55:57.342', 'admin', TIMESTAMP '2013-10-28 08:55:57.342', '', '', '', '', '54dc7cea-b217-4f94-ba8c-df06ecb67a29', '', '', 'kuali.lui.identifier.state.active', '', 'kuali.lui.identifier.type.official', '', '8c5c4bb1-9a69-4cdf-950c-f061e517cc4a')
/
insert into KSEN_LUILUI_RELTN (OBJ_ID, VER_NBR, CREATEID, CREATETIME, UPDATEID, UPDATETIME, EFF_DT, EXPIR_DT, DESCR_FORMATTED, LUI_ID, LUILUI_RELTN_STATE, LUILUI_RELTN_TYPE, NAME, DESCR_PLAIN, RELATED_LUI_ID, ID) values ('aa8ba86b-0419-4ded-9eca-f9651f78d598', 0, 'admin', TIMESTAMP '2013-10-28 08:55:57.342', 'admin', TIMESTAMP '2013-10-28 08:55:57.342', TIMESTAMP '2013-10-28 08:55:59.337', '', 'CHEM484-FO-RG', 'b11dce52-4e9f-4e8c-b745-8ecaf689f203', 'kuali.lui.lui.relation.state.active', 'kuali.lui.lui.relation.type.deliveredvia.fo2rg', 'fo-rg-relation', 'CHEM484-FO-RG', '54dc7cea-b217-4f94-ba8c-df06ecb67a29', '3d1405bb-21eb-418a-bc00-51efc9f6ccd4')
/
insert into KSEN_LUILUI_RELTN (OBJ_ID, VER_NBR, CREATEID, CREATETIME, UPDATEID, UPDATETIME, EFF_DT, EXPIR_DT, DESCR_FORMATTED, LUI_ID, LUILUI_RELTN_STATE, LUILUI_RELTN_TYPE, NAME, DESCR_PLAIN, RELATED_LUI_ID, ID) values ('18e6fec9-43d2-41e3-8a28-f6ce80c14093', 0, 'admin', TIMESTAMP '2013-10-28 08:55:57.342', 'admin', TIMESTAMP '2013-10-28 08:55:57.342', TIMESTAMP '2013-10-28 08:55:59.338', '', 'CHEM484-RG-AO', '54dc7cea-b217-4f94-ba8c-df06ecb67a29', 'kuali.lui.lui.relation.state.active', 'kuali.lui.lui.relation.type.registeredforvia.rg2ao', 'rg-ao-relation', 'CHEM484-RG-AO', 'abe95ad6-aea9-44f7-ab71-5d01bfbf3408', 'd15d1c49-54b9-41a9-9712-9c33d47b49f1')
/
insert into KSEN_LUILUI_RELTN (OBJ_ID, VER_NBR, CREATEID, CREATETIME, UPDATEID, UPDATETIME, EFF_DT, EXPIR_DT, DESCR_FORMATTED, LUI_ID, LUILUI_RELTN_STATE, LUILUI_RELTN_TYPE, NAME, DESCR_PLAIN, RELATED_LUI_ID, ID) values ('fbdedb39-0117-4a1a-8967-0613fe026c8b', 0, 'admin', TIMESTAMP '2013-10-28 08:55:57.342', 'admin', TIMESTAMP '2013-10-28 08:55:57.342', TIMESTAMP '2013-10-28 08:55:59.339', '', 'CHEM484-RG-AO', '54dc7cea-b217-4f94-ba8c-df06ecb67a29', 'kuali.lui.lui.relation.state.active', 'kuali.lui.lui.relation.type.registeredforvia.rg2ao', 'rg-ao-relation', 'CHEM484-RG-AO', '2f506e57-21aa-4ada-b4f8-e750df75b071', '2cfe4b9e-7d4f-4df9-bdf0-6758f6db247a')
/
insert into KSEN_CWL (OBJ_ID, VER_NBR, CREATEID, CREATETIME, UPDATEID, UPDATETIME, ALLOW_HOLD_UTIL_ENTRIES_IND, AUTO_PROCESSED_IND, CHECK_IN_REQ_IND, CONF_REQ_IND, EFF_DT, EXPIR_DT, MAX_SIZE, REG_IN_FIRST_AAO_IND, STD_DUR_TIME_QTY, STD_DUR_TYPE, CWL_STATE, CWL_TYPE, ID) values ('ed365a9e-f2ad-469d-b09e-fa9c55a849a2', 0, 'admin', TIMESTAMP '2013-10-28 08:55:57.342', 'admin', TIMESTAMP '2013-10-28 08:55:57.342', '0', '1', '0', '1', '', '', '', '', '', '', 'kuali.course.waitlist.state.active', 'kuali.course.waitlist.type.course.waitlist', '1580d38f-57a0-4483-b0f4-cd255f693943')
/
insert into KSEN_CWL_ACTIV_OFFER (CWL_ID, ACTIV_OFFER_ID) values ('1580d38f-57a0-4483-b0f4-cd255f693943', '2f506e57-21aa-4ada-b4f8-e750df75b071')
/
insert into KSEN_CWL_FORMAT_OFFER (CWL_ID, FORMAT_OFFER_ID) values ('1580d38f-57a0-4483-b0f4-cd255f693943', 'b11dce52-4e9f-4e8c-b745-8ecaf689f203')
/


-- Term = kuali.atp.2012Spring / 201201, coCode = CHEM242
insert into KSEN_LUI (OBJ_ID, VER_NBR, CREATEID, CREATETIME, UPDATEID, UPDATETIME, ATP_ID, CLU_ID, EFF_DT, EXPIR_DT, DESCR_FORMATTED, LUI_STATE, LUI_TYPE, MAX_SEATS, MIN_SEATS, NAME, DESCR_PLAIN, REF_URL, ID) values ('02555d02-24b2-47d4-97b7-d087ba3af6d8', 0, 'admin', TIMESTAMP '2013-10-28 08:58:10.336', 'admin', TIMESTAMP '2013-10-28 08:58:10.336', 'kuali.atp.2012Spring', '06b65acf-167f-4864-8870-4aeb3e333277', '', '', '', 'kuali.lui.activity.offering.state.draft', 'kuali.lui.type.activity.offering.lecture', 594, '', 'CHEM242 AO', '', '', 'd126e608-b8d0-4eb1-bfcd-ec6096765b71')
/
insert into KSEN_LUI_ATTR (OBJ_ID, ATTR_KEY, OWNER_ID, ATTR_VALUE, ID) values ('cff69749-7086-429c-8453-fc3d55548f42', 'kuali.attribute.max.enrollment.is.estimate', 'd126e608-b8d0-4eb1-bfcd-ec6096765b71', 'null', '72a0456b-9307-4f5d-a29b-9a2b2be3fbb5')
/
insert into KSEN_LUI_ATTR (OBJ_ID, ATTR_KEY, OWNER_ID, ATTR_VALUE, ID) values ('ebda1c72-c49f-40ef-9830-7532e84a5c1f', 'kuali.attribute.course.evaluation.indicator', 'd126e608-b8d0-4eb1-bfcd-ec6096765b71', 'null', '346bd753-621b-4a38-aa42-52b11bcc53ee')
/
insert into KSEN_LUI_ATTR (OBJ_ID, ATTR_KEY, OWNER_ID, ATTR_VALUE, ID) values ('9f8851d8-e0c1-4c23-89d0-5746d76960a1', 'kuali.attribute.nonstd.ts.indicator', 'd126e608-b8d0-4eb1-bfcd-ec6096765b71', '0', 'bf738471-c727-4c0e-b34b-493bdbbcccc3')
/
insert into KSEN_LUI_IDENT (OBJ_ID, VER_NBR, CREATEID, CREATETIME, UPDATEID, UPDATETIME, LUI_CD, DIVISION, IDENT_LEVEL, LNG_NAME, LUI_ID, ORGID, SHRT_NAME, LUI_ID_STATE, SUFX_CD, LUI_ID_TYPE, VARTN, ID) values ('937a8be3-2b5d-4db1-aad1-6da2f3423230', 0, 'admin', TIMESTAMP '2013-10-28 08:58:10.336', 'admin', TIMESTAMP '2013-10-28 08:58:10.336', 'AH', '', '', '', 'd126e608-b8d0-4eb1-bfcd-ec6096765b71', '', '', 'kuali.lui.identifier.state.active', '', 'kuali.lui.identifier.type.official', '', '3ea76c05-11f4-4a77-bc58-88c1922ffbab')
/
insert into KSEN_LUI_LU_CD (OBJ_ID, VER_NBR, CREATEID, CREATETIME, UPDATEID, UPDATETIME, DESCR_FORMATTED, LUI_ID, DESCR_PLAIN, LUI_LUCD_TYPE, VALUE, ID) values ('05d30678-c649-46dc-81e4-cf6c6241949d', 0, 'admin', TIMESTAMP '2013-10-28 08:58:10.336', 'admin', TIMESTAMP '2013-10-28 08:58:10.336', '', 'd126e608-b8d0-4eb1-bfcd-ec6096765b71', '', 'kuali.lu.code.honorsOffering', 'null', '4163c554-a03c-45b0-be08-2d1ddb9906de')
/
insert into KSEN_LUILUI_RELTN (OBJ_ID, VER_NBR, CREATEID, CREATETIME, UPDATEID, UPDATETIME, EFF_DT, EXPIR_DT, DESCR_FORMATTED, LUI_ID, LUILUI_RELTN_STATE, LUILUI_RELTN_TYPE, NAME, DESCR_PLAIN, RELATED_LUI_ID, ID) values ('824fc0fa-56ef-4e67-92af-c9825a58a62f', 0, 'admin', TIMESTAMP '2013-10-28 08:58:10.336', 'admin', TIMESTAMP '2013-10-28 08:58:10.336', TIMESTAMP '2013-10-28 08:58:10.465', '', 'CHEM242-FO-AO', '9a852c90-0ada-48a6-9e63-0d21cdbd687a', 'kuali.lui.lui.relation.state.active', 'kuali.lui.lui.relation.type.deliveredvia.fo2ao', 'fo-ao-relation', 'CHEM242-FO-AO', 'd126e608-b8d0-4eb1-bfcd-ec6096765b71', '82f78310-158d-4684-bf74-7910020ff8a2')
/
insert into KSEN_CO_AO_CLUSTER_SET (OBJ_ID, ACTIVITY_OFFERING_TYPE, AO_CLUSTER_ID, ID) values ('a21af0df-6ed3-4dbb-bb68-03240462da52', 'kuali.lui.type.activity.offering.lecture', '366050e2-6fe7-415d-b8bf-52017afbf785', '6c779044-3a57-48d7-92ce-aa9c5bc9ab19')
/
insert into KSEN_CO_AO_CLUSTER_SET_AO (AOC_SET_ID, ACTIVITY_OFFERING_ID) values ('6c779044-3a57-48d7-92ce-aa9c5bc9ab19', 'd126e608-b8d0-4eb1-bfcd-ec6096765b71')
/
delete from KSEN_LUILUI_RELTN where ID='a987bc22-bb83-44bb-9703-c13f6955aed9' and VER_NBR=0
/
delete from KSEN_LUILUI_RELTN where ID='37b06afe-04ac-43fc-a9f3-c9cd07c7939d' and VER_NBR=0
/
delete from KSEN_LUI_ATTR where ID='b68cb99d-2140-4741-bf31-457b478ce26e'
/
delete from KSEN_LUI_ATTR where ID='336f0455-9720-48df-bf1e-3cd8f9f135bb'
/
delete from KSEN_LUI_IDENT where ID='97d12e8f-38fa-4a9d-b5e1-45dd70823dfa' and VER_NBR=0
/
delete from KSEN_LUI where ID='a4fdb3fa-69c8-4ad0-b167-ff94adecd4d7' and VER_NBR=1
/
delete from KSEN_LUILUI_RELTN where ID='7975a2ef-25db-469b-bc2f-0049d6070234' and VER_NBR=0
/
delete from KSEN_LUILUI_RELTN where ID='1dadd137-50df-4edd-95c2-2aa2c0fd6640' and VER_NBR=0
/
delete from KSEN_LUI_ATTR where ID='3c8ca832-391a-4dfb-bd22-a3996e37bc1b'
/
delete from KSEN_LUI_ATTR where ID='7a170dd4-c20c-4109-a1c0-bdb9f196e2f4'
/
delete from KSEN_LUI_IDENT where ID='bb2845f5-f588-4719-8d13-5a72c371ff7d' and VER_NBR=0
/
delete from KSEN_LUI where ID='7564160c-903b-4f61-9874-cca08e56d90f' and VER_NBR=1
/
delete from KSEN_LUILUI_RELTN where ID='c16207a8-90d8-4f1a-a628-967f2833a06e' and VER_NBR=0
/
delete from KSEN_LUILUI_RELTN where ID='14809d2b-c1cc-4336-91ba-a9cc78a397aa' and VER_NBR=0
/
delete from KSEN_LUI_ATTR where ID='619ba49f-e019-4dfd-aaa4-175ce5f111bb'
/
delete from KSEN_LUI_ATTR where ID='209aa07a-9630-4ef3-802b-09ddd4f6a7a3'
/
delete from KSEN_LUI_IDENT where ID='faf4b567-10e5-4594-ad53-906424a10c45' and VER_NBR=0
/
delete from KSEN_LUI where ID='431208ab-1e4c-4b70-a9a9-f69fb478c6ad' and VER_NBR=1
/
delete from KSEN_LUILUI_RELTN where ID='9a3ccc72-815e-4413-9ba4-14456a135cfc' and VER_NBR=0
/
delete from KSEN_LUILUI_RELTN where ID='70da027d-84c8-4da9-869c-be690eeee074' and VER_NBR=0
/
delete from KSEN_LUI_ATTR where ID='ae01472c-e9d4-46d4-ac12-596c1a90b00c'
/
delete from KSEN_LUI_ATTR where ID='38d5b99d-d33f-45be-8b16-371839abfc2d'
/
delete from KSEN_LUI_IDENT where ID='9c74a8e2-2d6b-4b10-a882-30572d023571' and VER_NBR=0
/
delete from KSEN_LUI where ID='295a00d4-0315-4d09-97aa-2b739aced66a' and VER_NBR=1
/
delete from KSEN_LUILUI_RELTN where ID='8a343fb8-edd7-4154-8c6a-9458fe8e848c' and VER_NBR=0
/
delete from KSEN_LUILUI_RELTN where ID='d0faefbb-de10-4696-b4c6-8952f215b66e' and VER_NBR=0
/
delete from KSEN_LUI_ATTR where ID='70f09aa0-ecb7-492d-897e-137769d856d2'
/
delete from KSEN_LUI_ATTR where ID='5d2aa731-a990-4e19-9f7a-1fd26205daa8'
/
delete from KSEN_LUI_IDENT where ID='c2464708-8b40-4b0e-ac91-56fef8d22ea7' and VER_NBR=0
/
delete from KSEN_LUI where ID='8254cc8a-e8b6-4b04-97ef-928f5ca6126a' and VER_NBR=1
/
delete from KSEN_LUILUI_RELTN where ID='f29d57a3-fb13-4506-890c-4d91953df0e9' and VER_NBR=0
/
delete from KSEN_LUILUI_RELTN where ID='57ee1160-9ca5-4ad3-8b74-4f3f13351448' and VER_NBR=0
/
delete from KSEN_LUI_ATTR where ID='4bc4bf7b-74b9-490d-b8c0-98fa9ba6cc2f'
/
delete from KSEN_LUI_ATTR where ID='4608340c-fbdb-4514-a95e-355c766486ce'
/
delete from KSEN_LUI_IDENT where ID='4c56404f-1909-410b-9b2c-6dc41a79219c' and VER_NBR=0
/
delete from KSEN_LUI where ID='18462aa8-fe58-4136-a31f-d05f74f7f272' and VER_NBR=1
/
delete from KSEN_LUILUI_RELTN where ID='ff37897c-9f53-461e-9dd1-859b0aff8d55' and VER_NBR=0
/
delete from KSEN_LUILUI_RELTN where ID='0ed022f2-060c-47ef-a744-f274ca098f1c' and VER_NBR=0
/
delete from KSEN_LUI_ATTR where ID='b00ba4a9-ba29-4d35-b665-e2cd0da1c766'
/
delete from KSEN_LUI_ATTR where ID='21e1177c-ed70-4159-b7ad-88665915f2d9'
/
delete from KSEN_LUI_IDENT where ID='4e9018a5-6f08-4f79-8845-1280370bc6f7' and VER_NBR=0
/
delete from KSEN_LUI where ID='dc922436-59f3-471f-a570-fe67733643cd' and VER_NBR=1
/
delete from KSEN_LUILUI_RELTN where ID='1e390e26-6c8e-46f7-9304-fb55d40aac11' and VER_NBR=0
/
delete from KSEN_LUILUI_RELTN where ID='4e251c62-b375-466a-aa8d-67b231be0daf' and VER_NBR=0
/
delete from KSEN_LUI_ATTR where ID='61129b71-8320-4195-bc17-755d8f826478'
/
delete from KSEN_LUI_ATTR where ID='336974be-643f-457c-817b-107ba9a9e732'
/
delete from KSEN_LUI_IDENT where ID='03fbc970-5d66-4ac7-bde8-1948b6e64276' and VER_NBR=0
/
delete from KSEN_LUI where ID='2b19ccf0-1eb3-4cec-af57-6257a7c1661f' and VER_NBR=1
/
delete from KSEN_LUILUI_RELTN where ID='63c03cd7-1b92-489b-b24c-174423d19bb7' and VER_NBR=0
/
delete from KSEN_LUILUI_RELTN where ID='7d844082-046d-4202-9b04-fdbbceb5d7d0' and VER_NBR=0
/
delete from KSEN_LUI_ATTR where ID='9b303403-39c4-44a6-8649-93e3e2eb1295'
/
delete from KSEN_LUI_ATTR where ID='19ae8638-e185-40fb-ba82-4b64864b5fab'
/
delete from KSEN_LUI_IDENT where ID='4440eb1e-4c2c-4a61-b004-27b9c12fff02' and VER_NBR=0
/
delete from KSEN_LUI where ID='06670e57-10ac-43b2-bd03-5b3873b527ec' and VER_NBR=1
/
delete from KSEN_LUILUI_RELTN where ID='0bc0fc5d-3659-449b-b285-a4a5f30fe516' and VER_NBR=0
/
delete from KSEN_LUILUI_RELTN where ID='76899169-3f09-42a7-872e-a642e4744c23' and VER_NBR=0
/
delete from KSEN_LUI_ATTR where ID='9d983f91-1d65-421f-9003-1dab9384f8f1'
/
delete from KSEN_LUI_ATTR where ID='588c2afd-75e5-4db0-93fd-6423fd50673d'
/
delete from KSEN_LUI_IDENT where ID='52cce928-4a5f-427d-ac99-adcd99a86369' and VER_NBR=0
/
delete from KSEN_LUI where ID='68e5f549-07ff-47d3-8ffd-2ff21baa991e' and VER_NBR=1
/
delete from KSEN_LUILUI_RELTN where ID='f3eb8ff9-9394-479b-807e-d1fcdd5d2f2e' and VER_NBR=0
/
delete from KSEN_LUILUI_RELTN where ID='087f8f81-e895-43c4-8a56-4c6a49b9163c' and VER_NBR=0
/
delete from KSEN_LUI_ATTR where ID='ac1d3b94-8750-4232-913b-0801691149ef'
/
delete from KSEN_LUI_ATTR where ID='ed34c885-a09a-4d47-906a-1fd7878dd656'
/
delete from KSEN_LUI_IDENT where ID='b0f3db22-f055-4bf1-9c09-59e1e079a0ec' and VER_NBR=0
/
delete from KSEN_LUI where ID='38ef8d77-6ed5-4fad-8a7c-91167efd42c2' and VER_NBR=1
/
delete from KSEN_LUILUI_RELTN where ID='246c21b8-98f7-4aed-84bc-c5d3d15f3d79' and VER_NBR=0
/
delete from KSEN_LUILUI_RELTN where ID='0b55d333-10b4-4c49-8509-6d6870cc6fe6' and VER_NBR=0
/
delete from KSEN_LUI_ATTR where ID='900ac232-2d20-4fad-99b2-ec8be90681cc'
/
delete from KSEN_LUI_ATTR where ID='06d36be6-eaeb-42ff-9c2d-f3a795dd030f'
/
delete from KSEN_LUI_IDENT where ID='5a7e99a9-870d-46cb-a458-d920528662af' and VER_NBR=0
/
delete from KSEN_LUI where ID='34b6bee8-df2f-4c86-8f4a-a8d4aa629bdc' and VER_NBR=1
/
delete from KSEN_LUILUI_RELTN where ID='2d55993f-afcc-4a6b-aa27-62264f413455' and VER_NBR=0
/
delete from KSEN_LUILUI_RELTN where ID='7415e6af-694f-4851-b4af-4fd98b20600f' and VER_NBR=0
/
delete from KSEN_LUI_ATTR where ID='f0ccf9a5-94c6-4d24-8b26-ea05558d1035'
/
delete from KSEN_LUI_ATTR where ID='dcb97932-1cd1-45a2-add6-72b7cb69872d'
/
delete from KSEN_LUI_IDENT where ID='e7896af4-cfbc-4da0-9dac-38ddcc5ee06a' and VER_NBR=0
/
delete from KSEN_LUI where ID='bbff0558-82ac-479c-8f9f-79b541a47f01' and VER_NBR=1
/
delete from KSEN_LUILUI_RELTN where ID='0d191b71-6c05-4e3b-b8c5-dc0cbe385023' and VER_NBR=0
/
delete from KSEN_LUILUI_RELTN where ID='60e25392-7d86-4e43-8a77-cc445334d61a' and VER_NBR=0
/
delete from KSEN_LUI_ATTR where ID='6dd22e18-f4cf-4c2f-95c1-025bd468cca7'
/
delete from KSEN_LUI_ATTR where ID='92739b64-d4de-482c-a8b8-fc323be11f24'
/
delete from KSEN_LUI_IDENT where ID='6a44be3b-0f9c-417b-9b6a-0a7d0c835413' and VER_NBR=0
/
delete from KSEN_LUI where ID='1b7933c7-c018-4590-81cd-9dd4a47e4640' and VER_NBR=1
/
delete from KSEN_LUILUI_RELTN where ID='0d3518cd-1144-4341-8f7e-ee41492b13cb' and VER_NBR=0
/
delete from KSEN_LUILUI_RELTN where ID='02be9645-f216-4c33-985b-ea12df7d23a0' and VER_NBR=0
/
delete from KSEN_LUI_ATTR where ID='2b276963-67d0-4b94-9adf-8139ffa97d53'
/
delete from KSEN_LUI_ATTR where ID='c48b1418-8497-4ace-8c88-41a44192ac18'
/
delete from KSEN_LUI_IDENT where ID='f4198585-061e-44ff-bd79-5b1c281b262e' and VER_NBR=0
/
delete from KSEN_LUI where ID='d9f89db9-a05f-4446-a2c3-38328834cd35' and VER_NBR=1
/
delete from KSEN_LUILUI_RELTN where ID='e4939c4b-f904-4502-bc0e-ff5ad007cfce' and VER_NBR=0
/
delete from KSEN_LUILUI_RELTN where ID='0da67392-2bac-4fb6-90bc-79547185263c' and VER_NBR=0
/
delete from KSEN_LUI_ATTR where ID='c83d2f06-1f7d-422c-8f0c-743e3366dfa9'
/
delete from KSEN_LUI_ATTR where ID='96d4d2f5-2a75-4e2c-b8b4-a8e90da46f98'
/
delete from KSEN_LUI_IDENT where ID='599f72d8-aef8-4ab5-92a6-c412e526c30b' and VER_NBR=0
/
delete from KSEN_LUI where ID='e19f93de-0798-4b4f-bcf3-5fb1c9bd5e2a' and VER_NBR=1
/
delete from KSEN_LUILUI_RELTN where ID='ca055473-0254-4202-aa3c-8447dfee366e' and VER_NBR=0
/
delete from KSEN_LUILUI_RELTN where ID='e1b38c06-f8eb-493a-8e67-4d8e7b74b926' and VER_NBR=0
/
delete from KSEN_LUI_ATTR where ID='1caacf39-971c-4656-8266-b73e8d8de28d'
/
delete from KSEN_LUI_ATTR where ID='1cc11e0e-249e-4eb6-bd4b-c898269a09d8'
/
delete from KSEN_LUI_IDENT where ID='59385ba7-339c-4012-94e8-15520bb0b620' and VER_NBR=0
/
delete from KSEN_LUI where ID='ddeaaea5-5123-4f7c-adbe-dfe13f984cfb' and VER_NBR=1
/
delete from KSEN_LUILUI_RELTN where ID='55462ee1-df84-4144-8360-4a64f75eaf43' and VER_NBR=0
/
delete from KSEN_LUILUI_RELTN where ID='cee4698d-5f2b-4b76-a145-a67d98ed25d8' and VER_NBR=0
/
delete from KSEN_LUI_ATTR where ID='ead9119c-7b42-4cd6-9c9f-034022cdf477'
/
delete from KSEN_LUI_ATTR where ID='e30f1cd8-68cf-4d1f-986d-f7dd1c4a60c6'
/
delete from KSEN_LUI_IDENT where ID='3fe76f02-cd2e-410f-b80b-66970521f788' and VER_NBR=0
/
delete from KSEN_LUI where ID='92baa099-5eda-427f-834f-473f006e760b' and VER_NBR=1
/
delete from KSEN_LUILUI_RELTN where ID='e172c567-9e2a-493c-a005-00850eabe261' and VER_NBR=0
/
delete from KSEN_LUILUI_RELTN where ID='6bcff9ed-7e3d-4884-9d6f-92c79d58af05' and VER_NBR=0
/
delete from KSEN_LUI_ATTR where ID='b16d346f-9e62-4e72-a891-8ab2851b40cb'
/
delete from KSEN_LUI_ATTR where ID='e64a31cc-5375-4af4-b283-03d79fbe1df2'
/
delete from KSEN_LUI_IDENT where ID='f73f9ed7-afd9-45e8-8c50-5cc22ae26ea4' and VER_NBR=0
/
delete from KSEN_LUI where ID='b8ddedcf-e360-45fa-a34e-fdc99e41c569' and VER_NBR=1
/
delete from KSEN_LUILUI_RELTN where ID='2b20fbd0-5466-400d-a729-4c47464cab63' and VER_NBR=0
/
delete from KSEN_LUILUI_RELTN where ID='035f50c8-b935-49c7-ad10-374c85579c45' and VER_NBR=0
/
delete from KSEN_LUI_ATTR where ID='8eced169-3055-4744-a4dc-b99057690074'
/
delete from KSEN_LUI_ATTR where ID='df5dad2d-907d-4254-9f50-478d395cf576'
/
delete from KSEN_LUI_IDENT where ID='eb108a46-df5f-4d28-bf8d-828fb79be68e' and VER_NBR=0
/
delete from KSEN_LUI where ID='b7867ee5-4e06-4578-89a2-689a0c87145e' and VER_NBR=1
/
delete from KSEN_LUILUI_RELTN where ID='f7ead9de-bc16-4539-8021-e59c1fe2ca83' and VER_NBR=0
/
delete from KSEN_LUILUI_RELTN where ID='781fd374-4a24-4925-b990-772e13a9a598' and VER_NBR=0
/
delete from KSEN_LUI_ATTR where ID='0bb95a52-aabe-4bdd-8756-f0e70f37e293'
/
delete from KSEN_LUI_ATTR where ID='7f982b2a-43a2-4426-aab6-615ece9f1a4b'
/
delete from KSEN_LUI_IDENT where ID='b5a38fc9-21b8-431e-9a44-29b1dfe0a035' and VER_NBR=0
/
delete from KSEN_LUI where ID='7bbeec7c-fd43-41e5-b714-9b1e236a186b' and VER_NBR=1
/
delete from KSEN_LUILUI_RELTN where ID='26b85218-b437-41e0-a08e-cd8d6c2cc672' and VER_NBR=0
/
delete from KSEN_LUILUI_RELTN where ID='1982cf02-28d4-4c8b-a727-64e31130da75' and VER_NBR=0
/
delete from KSEN_LUI_ATTR where ID='b105ae5e-278b-4324-b712-8ede7799b1f9'
/
delete from KSEN_LUI_ATTR where ID='020c764a-f38a-445e-a936-04d2448803c8'
/
delete from KSEN_LUI_IDENT where ID='7e3b3f9b-bb12-4522-bd5f-10abcab5a04d' and VER_NBR=0
/
delete from KSEN_LUI where ID='eeef072f-7d4e-449e-85d2-7b7531257d36' and VER_NBR=1
/
delete from KSEN_LUILUI_RELTN where ID='8128bd70-57cd-40f4-89b1-34615b026271' and VER_NBR=0
/
delete from KSEN_LUILUI_RELTN where ID='c8091241-e91c-4101-9077-4cc2fbaf8530' and VER_NBR=0
/
delete from KSEN_LUI_ATTR where ID='fef9b6b0-a636-43e8-9c1a-62ca3fa25432'
/
delete from KSEN_LUI_ATTR where ID='28f7dbec-60a6-4158-9527-84ef9f941c18'
/
delete from KSEN_LUI_IDENT where ID='5948e226-bddb-423b-a473-e3c1e07177f3' and VER_NBR=0
/
delete from KSEN_LUI where ID='2f06e519-85d2-47e0-9f80-6e80c8dc41c5' and VER_NBR=1
/
delete from KSEN_LUILUI_RELTN where ID='4c8cfa6e-cef8-4bbf-a62f-283a8b9d6e64' and VER_NBR=0
/
delete from KSEN_LUILUI_RELTN where ID='fea62a8c-2c2a-4ee8-a14b-0db3f7539ed8' and VER_NBR=0
/
delete from KSEN_LUI_ATTR where ID='ecd536d8-a9ce-4b1e-928f-6309cac9d47b'
/
delete from KSEN_LUI_ATTR where ID='11209641-80f2-4e8a-8824-d33a814b1ac7'
/
delete from KSEN_LUI_IDENT where ID='bbd1ce73-089a-44ff-b74a-c6a5d7c82c04' and VER_NBR=0
/
delete from KSEN_LUI where ID='49fdcac4-702c-49a4-b201-078a44814ed2' and VER_NBR=1
/
delete from KSEN_LUILUI_RELTN where ID='058c7d5b-6903-443f-95c3-cc9b99619703' and VER_NBR=0
/
delete from KSEN_LUILUI_RELTN where ID='e4a79a18-2b1e-47b5-b05e-e7eefd54714c' and VER_NBR=0
/
delete from KSEN_LUI_ATTR where ID='c8fb4fde-9d9e-4ae0-bff2-8d3d2f03371a'
/
delete from KSEN_LUI_ATTR where ID='aa343d1e-cf39-486e-ac7b-3b5403ecc465'
/
delete from KSEN_LUI_IDENT where ID='60b3a3c4-b1b6-4fdd-9722-b08234075853' and VER_NBR=0
/
delete from KSEN_LUI where ID='1a41096d-5800-48ec-9a46-8cea09ae9ec2' and VER_NBR=1
/
delete from KSEN_LUILUI_RELTN where ID='16b63a3c-041d-499b-860f-b32e00eb0430' and VER_NBR=0
/
delete from KSEN_LUILUI_RELTN where ID='a48c893e-2f55-4f9e-ad43-6e0671fe61bb' and VER_NBR=0
/
delete from KSEN_LUI_ATTR where ID='71a39548-6407-4f2c-9832-0182423f12df'
/
delete from KSEN_LUI_ATTR where ID='46c89017-6604-4a50-b39c-3d5717f7cd90'
/
delete from KSEN_LUI_IDENT where ID='caa141e5-3a52-4db7-8b3e-5fa6af247a3d' and VER_NBR=0
/
delete from KSEN_LUI where ID='831204c5-941a-4ffd-b587-a6c70311dfc6' and VER_NBR=1
/
delete from KSEN_LUILUI_RELTN where ID='c6f862f2-0a06-4814-8816-7cc2dd29b25a' and VER_NBR=0
/
delete from KSEN_LUILUI_RELTN where ID='539f5d03-4787-4577-82f2-9d463c071653' and VER_NBR=0
/
delete from KSEN_LUI_ATTR where ID='63e38e37-63b9-462b-bb38-aa12fbe19b19'
/
delete from KSEN_LUI_ATTR where ID='58f203e7-9206-472a-afbb-b1e00d8084fe'
/
delete from KSEN_LUI_IDENT where ID='c15ccff2-431d-4c57-ba12-e54035ad98a9' and VER_NBR=0
/
delete from KSEN_LUI where ID='09ae9669-ddd1-483b-b380-c10d0415d6de' and VER_NBR=1
/
delete from KSEN_LUILUI_RELTN where ID='178c12be-b7b6-432c-b186-34f69a7361ff' and VER_NBR=0
/
delete from KSEN_LUILUI_RELTN where ID='ab857e71-0bae-4bc1-98f3-bfd28716ea65' and VER_NBR=0
/
delete from KSEN_LUI_ATTR where ID='4ad2f5a2-ac6d-434b-9bb4-fe26d65fdcf3'
/
delete from KSEN_LUI_ATTR where ID='54a6f9a8-53db-448e-a9a6-658d62567661'
/
delete from KSEN_LUI_IDENT where ID='26c2e8dd-2988-4b4e-a6b5-c91ee42eaa49' and VER_NBR=0
/
delete from KSEN_LUI where ID='d5dfe503-6ebe-4dc4-a76d-811a1f91b5a5' and VER_NBR=1
/
delete from KSEN_LUILUI_RELTN where ID='95ff6fb3-3e67-4725-a552-9eba6b546086' and VER_NBR=0
/
delete from KSEN_LUILUI_RELTN where ID='d1b1013b-cc5c-4880-9ca8-41c605a8f454' and VER_NBR=0
/
delete from KSEN_LUI_ATTR where ID='e1443feb-ca58-4bd7-87eb-35e78da7d61e'
/
delete from KSEN_LUI_ATTR where ID='38031c76-349b-406f-bcff-aa6bc6239c8b'
/
delete from KSEN_LUI_IDENT where ID='3959f8a5-cd1d-4bc7-9604-3862c454fcb5' and VER_NBR=0
/
delete from KSEN_LUI where ID='df45b9b9-8a47-406c-a03c-a324d4d7cb74' and VER_NBR=1
/
delete from KSEN_LUILUI_RELTN where ID='1715051c-d0e0-40f3-a9f2-ef02b5d047fb' and VER_NBR=0
/
delete from KSEN_LUILUI_RELTN where ID='c109b830-08c0-43fc-96c0-89c5ed004931' and VER_NBR=0
/
delete from KSEN_LUI_ATTR where ID='e372c4f9-ee24-43dd-ae3d-50da99b0936f'
/
delete from KSEN_LUI_ATTR where ID='f9e69c31-c31e-4b4a-9657-2b38fb332eae'
/
delete from KSEN_LUI_IDENT where ID='8b77ce6b-d338-476b-900f-254e7166b113' and VER_NBR=0
/
delete from KSEN_LUI where ID='a47496ba-ef79-4a87-ab49-1b034dff9272' and VER_NBR=1
/
delete from KSEN_LUILUI_RELTN where ID='f0b325c4-c4f1-4922-bf9b-db4afcc7df1a' and VER_NBR=0
/
delete from KSEN_LUILUI_RELTN where ID='d369228b-e83e-432c-aed6-ee1e87d6d2c1' and VER_NBR=0
/
delete from KSEN_LUI_ATTR where ID='8a251ef6-ec60-4d0a-89d8-294db4a631bd'
/
delete from KSEN_LUI_ATTR where ID='c6dc3148-babf-43c0-a0c9-c00245df2376'
/
delete from KSEN_LUI_IDENT where ID='6256cc87-60fe-47ff-a710-619f70a4bb50' and VER_NBR=0
/
delete from KSEN_LUI where ID='ad60f6e5-e5a3-49b5-9600-18d45fe5dc7e' and VER_NBR=1
/
delete from KSEN_LUILUI_RELTN where ID='9192f242-e52f-47fd-8fc7-67c44dd58027' and VER_NBR=0
/
delete from KSEN_LUILUI_RELTN where ID='3f06bcbf-f01a-4051-9b1c-8f7d5f3456ec' and VER_NBR=0
/
delete from KSEN_LUI_ATTR where ID='e6b34e53-578e-4d0c-b828-43fd2cfaa0dc'
/
delete from KSEN_LUI_ATTR where ID='73c4ca81-65c1-45c8-a8af-dbc5c467dc4d'
/
delete from KSEN_LUI_IDENT where ID='b29753de-8a64-4f34-8eee-179e3b787068' and VER_NBR=0
/
delete from KSEN_LUI where ID='fa024790-e71c-412b-bccd-e78e3d5ecffd' and VER_NBR=1
/
delete from KSEN_LUILUI_RELTN where ID='025fa686-a868-42ff-9b21-02b944681102' and VER_NBR=0
/
delete from KSEN_LUILUI_RELTN where ID='4a829260-4128-4db7-8a62-93effb185fbb' and VER_NBR=0
/
delete from KSEN_LUI_ATTR where ID='a22eedba-b0cc-490c-b35c-31a0d60c4a12'
/
delete from KSEN_LUI_ATTR where ID='39c09e0b-6530-43df-a595-e27e0f23c78b'
/
delete from KSEN_LUI_IDENT where ID='1ab16b30-b1f9-4377-a956-ea7e8042b8d1' and VER_NBR=0
/
delete from KSEN_LUI where ID='a00d7cd7-39dd-4637-b82b-cbec1f39c2a8' and VER_NBR=1
/
insert into KSEN_LUI_ATTR (OBJ_ID, ATTR_KEY, OWNER_ID, ATTR_VALUE, ID) values ('4f0553e9-9306-4429-aad2-853ea6275407', 'regCodePrefix', '9a852c90-0ada-48a6-9e63-0d21cdbd687a', '1', 'd03fc393-7ecf-4997-bf0c-097f6f3e8df2')
/
delete from KSEN_LUI_RELATED_LUI_TYPES where LUI_ID='9a852c90-0ada-48a6-9e63-0d21cdbd687a'
/
insert into KSEN_LUI_RELATED_LUI_TYPES (LUI_ID, RELATED_LUI_TYPE) values ('9a852c90-0ada-48a6-9e63-0d21cdbd687a', 'kuali.lui.type.activity.offering.lab')
/
insert into KSEN_LUI_RELATED_LUI_TYPES (LUI_ID, RELATED_LUI_TYPE) values ('9a852c90-0ada-48a6-9e63-0d21cdbd687a', 'kuali.lui.type.activity.offering.lecture')
/
insert into KSEN_LUI (OBJ_ID, VER_NBR, CREATEID, CREATETIME, UPDATEID, UPDATETIME, ATP_ID, CLU_ID, EFF_DT, EXPIR_DT, DESCR_FORMATTED, LUI_STATE, LUI_TYPE, MAX_SEATS, MIN_SEATS, NAME, DESCR_PLAIN, REF_URL, ID) values ('8e2e3430-1688-41c7-a932-0b9e651fb3a5', 0, 'admin', TIMESTAMP '2013-10-28 08:58:10.336', 'admin', TIMESTAMP '2013-10-28 08:58:10.336', 'kuali.atp.2012Spring', 'd925e275-370d-4d98-bbec-96fe2459a200', '', '', '1001', 'kuali.lui.registration.group.state.pending', 'kuali.lui.type.registration.group', '', '', '1001', '1001', '', 'fbd71e30-0ef2-4a92-b30a-c3ac83f31f6b')
/
insert into KSEN_LUI_ATTR (OBJ_ID, ATTR_KEY, OWNER_ID, ATTR_VALUE, ID) values ('3276d737-fd0c-41ff-bed9-87c5b8b355d8', 'kuali.attribute.registration.group.aocluster.id', 'fbd71e30-0ef2-4a92-b30a-c3ac83f31f6b', '366050e2-6fe7-415d-b8bf-52017afbf785', '616aacbb-3ee6-4316-b31a-86c8698edb2e')
/
insert into KSEN_LUI_ATTR (OBJ_ID, ATTR_KEY, OWNER_ID, ATTR_VALUE, ID) values ('67dbdae5-11a8-4f89-bee0-e65cecf7bc41', 'kuali.attribute.registration.group.is.generated', 'fbd71e30-0ef2-4a92-b30a-c3ac83f31f6b', '1', '363cda96-2d55-4b3c-8c74-e9c96cec442a')
/
insert into KSEN_LUI_IDENT (OBJ_ID, VER_NBR, CREATEID, CREATETIME, UPDATEID, UPDATETIME, LUI_CD, DIVISION, IDENT_LEVEL, LNG_NAME, LUI_ID, ORGID, SHRT_NAME, LUI_ID_STATE, SUFX_CD, LUI_ID_TYPE, VARTN, ID) values ('7fc747de-c79e-4657-b27c-1faf95450557', 0, 'admin', TIMESTAMP '2013-10-28 08:58:10.336', 'admin', TIMESTAMP '2013-10-28 08:58:10.336', '', '', '', '', 'fbd71e30-0ef2-4a92-b30a-c3ac83f31f6b', '', '', 'kuali.lui.identifier.state.active', '', 'kuali.lui.identifier.type.official', '', 'ffde038b-0b8a-43d7-956e-6027de1d18bc')
/
insert into KSEN_LUILUI_RELTN (OBJ_ID, VER_NBR, CREATEID, CREATETIME, UPDATEID, UPDATETIME, EFF_DT, EXPIR_DT, DESCR_FORMATTED, LUI_ID, LUILUI_RELTN_STATE, LUILUI_RELTN_TYPE, NAME, DESCR_PLAIN, RELATED_LUI_ID, ID) values ('bd612b2b-78e5-45b8-87af-19c3e849a916', 0, 'admin', TIMESTAMP '2013-10-28 08:58:10.336', 'admin', TIMESTAMP '2013-10-28 08:58:10.336', TIMESTAMP '2013-10-28 08:58:16.367', '', 'CHEM242-FO-RG', '9a852c90-0ada-48a6-9e63-0d21cdbd687a', 'kuali.lui.lui.relation.state.active', 'kuali.lui.lui.relation.type.deliveredvia.fo2rg', 'fo-rg-relation', 'CHEM242-FO-RG', 'fbd71e30-0ef2-4a92-b30a-c3ac83f31f6b', '9ef44635-81e7-49d1-a71d-fce432acb905')
/
insert into KSEN_LUILUI_RELTN (OBJ_ID, VER_NBR, CREATEID, CREATETIME, UPDATEID, UPDATETIME, EFF_DT, EXPIR_DT, DESCR_FORMATTED, LUI_ID, LUILUI_RELTN_STATE, LUILUI_RELTN_TYPE, NAME, DESCR_PLAIN, RELATED_LUI_ID, ID) values ('bc23bac7-a863-49db-8e36-3916363eb8d4', 0, 'admin', TIMESTAMP '2013-10-28 08:58:10.336', 'admin', TIMESTAMP '2013-10-28 08:58:10.336', TIMESTAMP '2013-10-28 08:58:16.368', '', 'CHEM242-RG-AO', 'fbd71e30-0ef2-4a92-b30a-c3ac83f31f6b', 'kuali.lui.lui.relation.state.active', 'kuali.lui.lui.relation.type.registeredforvia.rg2ao', 'rg-ao-relation', 'CHEM242-RG-AO', '4694da36-7db6-4480-9271-e30c445a59d8', '2783b594-df36-414d-8715-5572ba10fca7')
/
insert into KSEN_LUILUI_RELTN (OBJ_ID, VER_NBR, CREATEID, CREATETIME, UPDATEID, UPDATETIME, EFF_DT, EXPIR_DT, DESCR_FORMATTED, LUI_ID, LUILUI_RELTN_STATE, LUILUI_RELTN_TYPE, NAME, DESCR_PLAIN, RELATED_LUI_ID, ID) values ('feee413d-3888-426e-a6e4-384df995a60f', 0, 'admin', TIMESTAMP '2013-10-28 08:58:10.336', 'admin', TIMESTAMP '2013-10-28 08:58:10.336', TIMESTAMP '2013-10-28 08:58:16.368', '', 'CHEM242-RG-AO', 'fbd71e30-0ef2-4a92-b30a-c3ac83f31f6b', 'kuali.lui.lui.relation.state.active', 'kuali.lui.lui.relation.type.registeredforvia.rg2ao', 'rg-ao-relation', 'CHEM242-RG-AO', 'd126e608-b8d0-4eb1-bfcd-ec6096765b71', '7da31ce3-b86f-4354-97d4-97bfde8c0dc6')
/
insert into KSEN_LUI (OBJ_ID, VER_NBR, CREATEID, CREATETIME, UPDATEID, UPDATETIME, ATP_ID, CLU_ID, EFF_DT, EXPIR_DT, DESCR_FORMATTED, LUI_STATE, LUI_TYPE, MAX_SEATS, MIN_SEATS, NAME, DESCR_PLAIN, REF_URL, ID) values ('f94a7bfd-4691-4686-b80d-09e579376882', 0, 'admin', TIMESTAMP '2013-10-28 08:58:10.336', 'admin', TIMESTAMP '2013-10-28 08:58:10.336', 'kuali.atp.2012Spring', 'd925e275-370d-4d98-bbec-96fe2459a200', '', '', '1002', 'kuali.lui.registration.group.state.pending', 'kuali.lui.type.registration.group', '', '', '1002', '1002', '', '808f5346-9009-47ce-b796-51ebdf356c6c')
/
insert into KSEN_LUI_ATTR (OBJ_ID, ATTR_KEY, OWNER_ID, ATTR_VALUE, ID) values ('0a310929-de00-4fd3-bc9a-cc5a70a891f3', 'kuali.attribute.registration.group.is.generated', '808f5346-9009-47ce-b796-51ebdf356c6c', '1', 'c787d2d0-c41b-4d0b-b7a7-e5a4cf567de2')
/
insert into KSEN_LUI_ATTR (OBJ_ID, ATTR_KEY, OWNER_ID, ATTR_VALUE, ID) values ('0ddc376c-61eb-43a8-bf4d-91042714a516', 'kuali.attribute.registration.group.aocluster.id', '808f5346-9009-47ce-b796-51ebdf356c6c', '366050e2-6fe7-415d-b8bf-52017afbf785', 'e76dbee4-1b20-46b1-8a1f-124627420d37')
/
insert into KSEN_LUI_IDENT (OBJ_ID, VER_NBR, CREATEID, CREATETIME, UPDATEID, UPDATETIME, LUI_CD, DIVISION, IDENT_LEVEL, LNG_NAME, LUI_ID, ORGID, SHRT_NAME, LUI_ID_STATE, SUFX_CD, LUI_ID_TYPE, VARTN, ID) values ('45f87adb-0a3c-4f1c-8ad6-ee7f5d73dcb8', 0, 'admin', TIMESTAMP '2013-10-28 08:58:10.336', 'admin', TIMESTAMP '2013-10-28 08:58:10.336', '', '', '', '', '808f5346-9009-47ce-b796-51ebdf356c6c', '', '', 'kuali.lui.identifier.state.active', '', 'kuali.lui.identifier.type.official', '', '75001aba-3fe2-4928-a022-6a8caaa3702d')
/
insert into KSEN_LUILUI_RELTN (OBJ_ID, VER_NBR, CREATEID, CREATETIME, UPDATEID, UPDATETIME, EFF_DT, EXPIR_DT, DESCR_FORMATTED, LUI_ID, LUILUI_RELTN_STATE, LUILUI_RELTN_TYPE, NAME, DESCR_PLAIN, RELATED_LUI_ID, ID) values ('f9e7b4df-34be-418a-a6cc-d8cf5435d82c', 0, 'admin', TIMESTAMP '2013-10-28 08:58:10.336', 'admin', TIMESTAMP '2013-10-28 08:58:10.336', TIMESTAMP '2013-10-28 08:58:16.788', '', 'CHEM242-FO-RG', '9a852c90-0ada-48a6-9e63-0d21cdbd687a', 'kuali.lui.lui.relation.state.active', 'kuali.lui.lui.relation.type.deliveredvia.fo2rg', 'fo-rg-relation', 'CHEM242-FO-RG', '808f5346-9009-47ce-b796-51ebdf356c6c', '134b6722-c6c8-4c28-b5b8-d6acc01e4c01')
/
insert into KSEN_LUILUI_RELTN (OBJ_ID, VER_NBR, CREATEID, CREATETIME, UPDATEID, UPDATETIME, EFF_DT, EXPIR_DT, DESCR_FORMATTED, LUI_ID, LUILUI_RELTN_STATE, LUILUI_RELTN_TYPE, NAME, DESCR_PLAIN, RELATED_LUI_ID, ID) values ('e7bb2c34-e83a-49dc-9f52-78dba58a3efe', 0, 'admin', TIMESTAMP '2013-10-28 08:58:10.336', 'admin', TIMESTAMP '2013-10-28 08:58:10.336', TIMESTAMP '2013-10-28 08:58:16.788', '', 'CHEM242-RG-AO', '808f5346-9009-47ce-b796-51ebdf356c6c', 'kuali.lui.lui.relation.state.active', 'kuali.lui.lui.relation.type.registeredforvia.rg2ao', 'rg-ao-relation', 'CHEM242-RG-AO', '83833583-01ac-4aef-a79b-cd9a160ac446', '09d4a40e-0f59-4dd4-bc68-d8687732b967')
/
insert into KSEN_LUILUI_RELTN (OBJ_ID, VER_NBR, CREATEID, CREATETIME, UPDATEID, UPDATETIME, EFF_DT, EXPIR_DT, DESCR_FORMATTED, LUI_ID, LUILUI_RELTN_STATE, LUILUI_RELTN_TYPE, NAME, DESCR_PLAIN, RELATED_LUI_ID, ID) values ('00e5b9c6-96f1-4877-a3ec-4e57fd7970fa', 0, 'admin', TIMESTAMP '2013-10-28 08:58:10.336', 'admin', TIMESTAMP '2013-10-28 08:58:10.336', TIMESTAMP '2013-10-28 08:58:16.789', '', 'CHEM242-RG-AO', '808f5346-9009-47ce-b796-51ebdf356c6c', 'kuali.lui.lui.relation.state.active', 'kuali.lui.lui.relation.type.registeredforvia.rg2ao', 'rg-ao-relation', 'CHEM242-RG-AO', 'd126e608-b8d0-4eb1-bfcd-ec6096765b71', '3248b404-a0d1-4e64-b9c3-5e121883ea2b')
/
insert into KSEN_LUI (OBJ_ID, VER_NBR, CREATEID, CREATETIME, UPDATEID, UPDATETIME, ATP_ID, CLU_ID, EFF_DT, EXPIR_DT, DESCR_FORMATTED, LUI_STATE, LUI_TYPE, MAX_SEATS, MIN_SEATS, NAME, DESCR_PLAIN, REF_URL, ID) values ('7c69677a-c333-4068-9cca-0191cd356249', 0, 'admin', TIMESTAMP '2013-10-28 08:58:10.336', 'admin', TIMESTAMP '2013-10-28 08:58:10.336', 'kuali.atp.2012Spring', 'd925e275-370d-4d98-bbec-96fe2459a200', '', '', '1003', 'kuali.lui.registration.group.state.pending', 'kuali.lui.type.registration.group', '', '', '1003', '1003', '', 'e699f99d-44e0-4af8-bd8e-e2a2d6060aca')
/
insert into KSEN_LUI_ATTR (OBJ_ID, ATTR_KEY, OWNER_ID, ATTR_VALUE, ID) values ('8e3df839-9523-4af6-9bfa-65674fa12f1c', 'kuali.attribute.registration.group.is.generated', 'e699f99d-44e0-4af8-bd8e-e2a2d6060aca', '1', '5446f66e-b6fc-4879-baa9-6b345a19f5af')
/
insert into KSEN_LUI_ATTR (OBJ_ID, ATTR_KEY, OWNER_ID, ATTR_VALUE, ID) values ('68af9590-1c2e-4aaa-af4c-a2f21bb297aa', 'kuali.attribute.registration.group.aocluster.id', 'e699f99d-44e0-4af8-bd8e-e2a2d6060aca', '366050e2-6fe7-415d-b8bf-52017afbf785', '56096b4c-e49d-4e04-b086-3d83c9f65ef0')
/
insert into KSEN_LUI_IDENT (OBJ_ID, VER_NBR, CREATEID, CREATETIME, UPDATEID, UPDATETIME, LUI_CD, DIVISION, IDENT_LEVEL, LNG_NAME, LUI_ID, ORGID, SHRT_NAME, LUI_ID_STATE, SUFX_CD, LUI_ID_TYPE, VARTN, ID) values ('a6d8a198-6256-4421-addd-181085829d7a', 0, 'admin', TIMESTAMP '2013-10-28 08:58:10.336', 'admin', TIMESTAMP '2013-10-28 08:58:10.336', '', '', '', '', 'e699f99d-44e0-4af8-bd8e-e2a2d6060aca', '', '', 'kuali.lui.identifier.state.active', '', 'kuali.lui.identifier.type.official', '', '48ccadaf-803c-4991-b4d3-206193d82ac0')
/
insert into KSEN_LUILUI_RELTN (OBJ_ID, VER_NBR, CREATEID, CREATETIME, UPDATEID, UPDATETIME, EFF_DT, EXPIR_DT, DESCR_FORMATTED, LUI_ID, LUILUI_RELTN_STATE, LUILUI_RELTN_TYPE, NAME, DESCR_PLAIN, RELATED_LUI_ID, ID) values ('9964658b-3ca6-4347-b818-e8a241cd2177', 0, 'admin', TIMESTAMP '2013-10-28 08:58:10.336', 'admin', TIMESTAMP '2013-10-28 08:58:10.336', TIMESTAMP '2013-10-28 08:58:17.237', '', 'CHEM242-FO-RG', '9a852c90-0ada-48a6-9e63-0d21cdbd687a', 'kuali.lui.lui.relation.state.active', 'kuali.lui.lui.relation.type.deliveredvia.fo2rg', 'fo-rg-relation', 'CHEM242-FO-RG', 'e699f99d-44e0-4af8-bd8e-e2a2d6060aca', '90a141c1-7177-42cf-9e85-8dbf03170758')
/
insert into KSEN_LUILUI_RELTN (OBJ_ID, VER_NBR, CREATEID, CREATETIME, UPDATEID, UPDATETIME, EFF_DT, EXPIR_DT, DESCR_FORMATTED, LUI_ID, LUILUI_RELTN_STATE, LUILUI_RELTN_TYPE, NAME, DESCR_PLAIN, RELATED_LUI_ID, ID) values ('e2c23136-1d89-418f-8ea3-e69b2f8ab8b0', 0, 'admin', TIMESTAMP '2013-10-28 08:58:10.336', 'admin', TIMESTAMP '2013-10-28 08:58:10.336', TIMESTAMP '2013-10-28 08:58:17.238', '', 'CHEM242-RG-AO', 'e699f99d-44e0-4af8-bd8e-e2a2d6060aca', 'kuali.lui.lui.relation.state.active', 'kuali.lui.lui.relation.type.registeredforvia.rg2ao', 'rg-ao-relation', 'CHEM242-RG-AO', 'd7c5a03e-16f2-4097-91e9-57b7b963290d', '4a91d045-ef9b-4dcc-862f-845a1fc8fa16')
/
insert into KSEN_LUILUI_RELTN (OBJ_ID, VER_NBR, CREATEID, CREATETIME, UPDATEID, UPDATETIME, EFF_DT, EXPIR_DT, DESCR_FORMATTED, LUI_ID, LUILUI_RELTN_STATE, LUILUI_RELTN_TYPE, NAME, DESCR_PLAIN, RELATED_LUI_ID, ID) values ('2a830aaf-d7fe-4d53-b59b-f19426e47063', 0, 'admin', TIMESTAMP '2013-10-28 08:58:10.336', 'admin', TIMESTAMP '2013-10-28 08:58:10.336', TIMESTAMP '2013-10-28 08:58:17.239', '', 'CHEM242-RG-AO', 'e699f99d-44e0-4af8-bd8e-e2a2d6060aca', 'kuali.lui.lui.relation.state.active', 'kuali.lui.lui.relation.type.registeredforvia.rg2ao', 'rg-ao-relation', 'CHEM242-RG-AO', 'd126e608-b8d0-4eb1-bfcd-ec6096765b71', 'c0af44a7-ed16-4d80-924b-c77bb5a9151f')
/
insert into KSEN_LUI (OBJ_ID, VER_NBR, CREATEID, CREATETIME, UPDATEID, UPDATETIME, ATP_ID, CLU_ID, EFF_DT, EXPIR_DT, DESCR_FORMATTED, LUI_STATE, LUI_TYPE, MAX_SEATS, MIN_SEATS, NAME, DESCR_PLAIN, REF_URL, ID) values ('26c29d0d-6130-4d6b-8373-66dbdbc1ea40', 0, 'admin', TIMESTAMP '2013-10-28 08:58:10.336', 'admin', TIMESTAMP '2013-10-28 08:58:10.336', 'kuali.atp.2012Spring', 'd925e275-370d-4d98-bbec-96fe2459a200', '', '', '1004', 'kuali.lui.registration.group.state.pending', 'kuali.lui.type.registration.group', '', '', '1004', '1004', '', '43d75aa4-aff8-46ad-9e42-776c42314daf')
/
insert into KSEN_LUI_ATTR (OBJ_ID, ATTR_KEY, OWNER_ID, ATTR_VALUE, ID) values ('5fec8d4d-2e4b-40b0-b1c8-dc6c6d5cb370', 'kuali.attribute.registration.group.is.generated', '43d75aa4-aff8-46ad-9e42-776c42314daf', '1', 'c13b4e76-9796-42d3-a71d-c0a464d6a108')
/
insert into KSEN_LUI_ATTR (OBJ_ID, ATTR_KEY, OWNER_ID, ATTR_VALUE, ID) values ('20e6a34d-0d3f-49c1-939a-6bb5f046c9f1', 'kuali.attribute.registration.group.aocluster.id', '43d75aa4-aff8-46ad-9e42-776c42314daf', '366050e2-6fe7-415d-b8bf-52017afbf785', '4135668f-ee7b-41c2-923b-f190e2b53c7c')
/
insert into KSEN_LUI_IDENT (OBJ_ID, VER_NBR, CREATEID, CREATETIME, UPDATEID, UPDATETIME, LUI_CD, DIVISION, IDENT_LEVEL, LNG_NAME, LUI_ID, ORGID, SHRT_NAME, LUI_ID_STATE, SUFX_CD, LUI_ID_TYPE, VARTN, ID) values ('1c8b3edc-853f-4cd2-ba1e-d7e48200ac73', 0, 'admin', TIMESTAMP '2013-10-28 08:58:10.336', 'admin', TIMESTAMP '2013-10-28 08:58:10.336', '', '', '', '', '43d75aa4-aff8-46ad-9e42-776c42314daf', '', '', 'kuali.lui.identifier.state.active', '', 'kuali.lui.identifier.type.official', '', '2844952e-8f70-4172-8ef2-49a713eb02fc')
/
insert into KSEN_LUILUI_RELTN (OBJ_ID, VER_NBR, CREATEID, CREATETIME, UPDATEID, UPDATETIME, EFF_DT, EXPIR_DT, DESCR_FORMATTED, LUI_ID, LUILUI_RELTN_STATE, LUILUI_RELTN_TYPE, NAME, DESCR_PLAIN, RELATED_LUI_ID, ID) values ('7c675b5c-6865-47c4-9d20-94f91daac081', 0, 'admin', TIMESTAMP '2013-10-28 08:58:10.336', 'admin', TIMESTAMP '2013-10-28 08:58:10.336', TIMESTAMP '2013-10-28 08:58:18.07', '', 'CHEM242-FO-RG', '9a852c90-0ada-48a6-9e63-0d21cdbd687a', 'kuali.lui.lui.relation.state.active', 'kuali.lui.lui.relation.type.deliveredvia.fo2rg', 'fo-rg-relation', 'CHEM242-FO-RG', '43d75aa4-aff8-46ad-9e42-776c42314daf', '62a2e28d-6650-4e73-82ca-69b86435bcd7')
/
insert into KSEN_LUILUI_RELTN (OBJ_ID, VER_NBR, CREATEID, CREATETIME, UPDATEID, UPDATETIME, EFF_DT, EXPIR_DT, DESCR_FORMATTED, LUI_ID, LUILUI_RELTN_STATE, LUILUI_RELTN_TYPE, NAME, DESCR_PLAIN, RELATED_LUI_ID, ID) values ('efbfd398-82fc-41a5-aeb4-f0cf37412c67', 0, 'admin', TIMESTAMP '2013-10-28 08:58:10.336', 'admin', TIMESTAMP '2013-10-28 08:58:10.336', TIMESTAMP '2013-10-28 08:58:18.071', '', 'CHEM242-RG-AO', '43d75aa4-aff8-46ad-9e42-776c42314daf', 'kuali.lui.lui.relation.state.active', 'kuali.lui.lui.relation.type.registeredforvia.rg2ao', 'rg-ao-relation', 'CHEM242-RG-AO', '36a8c02b-f2db-463e-b3c4-5a9a1a02fcfe', 'e2be39d4-649f-4609-835b-cf68b9054fb0')
/
insert into KSEN_LUILUI_RELTN (OBJ_ID, VER_NBR, CREATEID, CREATETIME, UPDATEID, UPDATETIME, EFF_DT, EXPIR_DT, DESCR_FORMATTED, LUI_ID, LUILUI_RELTN_STATE, LUILUI_RELTN_TYPE, NAME, DESCR_PLAIN, RELATED_LUI_ID, ID) values ('d1936e0c-d93e-4ec2-8344-08c6f1e3513d', 0, 'admin', TIMESTAMP '2013-10-28 08:58:10.336', 'admin', TIMESTAMP '2013-10-28 08:58:10.336', TIMESTAMP '2013-10-28 08:58:18.071', '', 'CHEM242-RG-AO', '43d75aa4-aff8-46ad-9e42-776c42314daf', 'kuali.lui.lui.relation.state.active', 'kuali.lui.lui.relation.type.registeredforvia.rg2ao', 'rg-ao-relation', 'CHEM242-RG-AO', 'd126e608-b8d0-4eb1-bfcd-ec6096765b71', '9933241a-7c06-4168-9ecb-f5cc6106f5fe')
/
insert into KSEN_LUI (OBJ_ID, VER_NBR, CREATEID, CREATETIME, UPDATEID, UPDATETIME, ATP_ID, CLU_ID, EFF_DT, EXPIR_DT, DESCR_FORMATTED, LUI_STATE, LUI_TYPE, MAX_SEATS, MIN_SEATS, NAME, DESCR_PLAIN, REF_URL, ID) values ('7bf1e658-cbc7-4af1-8f05-1c56abaff6f7', 0, 'admin', TIMESTAMP '2013-10-28 08:58:10.336', 'admin', TIMESTAMP '2013-10-28 08:58:10.336', 'kuali.atp.2012Spring', 'd925e275-370d-4d98-bbec-96fe2459a200', '', '', '1005', 'kuali.lui.registration.group.state.pending', 'kuali.lui.type.registration.group', '', '', '1005', '1005', '', '3da37bc7-b630-4cec-9e12-32c7a662f930')
/
insert into KSEN_LUI_ATTR (OBJ_ID, ATTR_KEY, OWNER_ID, ATTR_VALUE, ID) values ('f44ce6e4-360d-4cd1-ab0e-dbbded14a056', 'kuali.attribute.registration.group.aocluster.id', '3da37bc7-b630-4cec-9e12-32c7a662f930', '366050e2-6fe7-415d-b8bf-52017afbf785', '9855cdf8-e572-4b55-a25c-1ea9e788ec22')
/
insert into KSEN_LUI_ATTR (OBJ_ID, ATTR_KEY, OWNER_ID, ATTR_VALUE, ID) values ('36690fc7-2236-45bc-afb1-11bc5fc8dc98', 'kuali.attribute.registration.group.is.generated', '3da37bc7-b630-4cec-9e12-32c7a662f930', '1', '4a78eea8-cdd1-4413-a23a-d80b1a5e3a6f')
/
insert into KSEN_LUI_IDENT (OBJ_ID, VER_NBR, CREATEID, CREATETIME, UPDATEID, UPDATETIME, LUI_CD, DIVISION, IDENT_LEVEL, LNG_NAME, LUI_ID, ORGID, SHRT_NAME, LUI_ID_STATE, SUFX_CD, LUI_ID_TYPE, VARTN, ID) values ('1e338bc6-0aa4-45e2-8d9e-3cffa087d316', 0, 'admin', TIMESTAMP '2013-10-28 08:58:10.336', 'admin', TIMESTAMP '2013-10-28 08:58:10.336', '', '', '', '', '3da37bc7-b630-4cec-9e12-32c7a662f930', '', '', 'kuali.lui.identifier.state.active', '', 'kuali.lui.identifier.type.official', '', '575d2871-9002-4375-88ff-22ae439bc859')
/
insert into KSEN_LUILUI_RELTN (OBJ_ID, VER_NBR, CREATEID, CREATETIME, UPDATEID, UPDATETIME, EFF_DT, EXPIR_DT, DESCR_FORMATTED, LUI_ID, LUILUI_RELTN_STATE, LUILUI_RELTN_TYPE, NAME, DESCR_PLAIN, RELATED_LUI_ID, ID) values ('7488a126-99cd-4725-9371-1ea880648d57', 0, 'admin', TIMESTAMP '2013-10-28 08:58:10.336', 'admin', TIMESTAMP '2013-10-28 08:58:10.336', TIMESTAMP '2013-10-28 08:58:18.462', '', 'CHEM242-FO-RG', '9a852c90-0ada-48a6-9e63-0d21cdbd687a', 'kuali.lui.lui.relation.state.active', 'kuali.lui.lui.relation.type.deliveredvia.fo2rg', 'fo-rg-relation', 'CHEM242-FO-RG', '3da37bc7-b630-4cec-9e12-32c7a662f930', '9a6bf7c8-9914-41b3-bf7a-b1f5ced8ee3e')
/
insert into KSEN_LUILUI_RELTN (OBJ_ID, VER_NBR, CREATEID, CREATETIME, UPDATEID, UPDATETIME, EFF_DT, EXPIR_DT, DESCR_FORMATTED, LUI_ID, LUILUI_RELTN_STATE, LUILUI_RELTN_TYPE, NAME, DESCR_PLAIN, RELATED_LUI_ID, ID) values ('9ecd7548-239f-43c4-8f28-327d647aec42', 0, 'admin', TIMESTAMP '2013-10-28 08:58:10.336', 'admin', TIMESTAMP '2013-10-28 08:58:10.336', TIMESTAMP '2013-10-28 08:58:18.463', '', 'CHEM242-RG-AO', '3da37bc7-b630-4cec-9e12-32c7a662f930', 'kuali.lui.lui.relation.state.active', 'kuali.lui.lui.relation.type.registeredforvia.rg2ao', 'rg-ao-relation', 'CHEM242-RG-AO', '9a435312-cee7-4466-af9a-7d31464a1e56', 'e8e5a218-132a-4e64-9dbd-a127e468d3e5')
/
insert into KSEN_LUILUI_RELTN (OBJ_ID, VER_NBR, CREATEID, CREATETIME, UPDATEID, UPDATETIME, EFF_DT, EXPIR_DT, DESCR_FORMATTED, LUI_ID, LUILUI_RELTN_STATE, LUILUI_RELTN_TYPE, NAME, DESCR_PLAIN, RELATED_LUI_ID, ID) values ('6e4fd389-4a67-47cc-b503-cae57c35b8bd', 0, 'admin', TIMESTAMP '2013-10-28 08:58:10.336', 'admin', TIMESTAMP '2013-10-28 08:58:10.336', TIMESTAMP '2013-10-28 08:58:18.463', '', 'CHEM242-RG-AO', '3da37bc7-b630-4cec-9e12-32c7a662f930', 'kuali.lui.lui.relation.state.active', 'kuali.lui.lui.relation.type.registeredforvia.rg2ao', 'rg-ao-relation', 'CHEM242-RG-AO', 'd126e608-b8d0-4eb1-bfcd-ec6096765b71', '8b3d10df-099a-48f6-a228-5b1db2c24c45')
/
insert into KSEN_LUI (OBJ_ID, VER_NBR, CREATEID, CREATETIME, UPDATEID, UPDATETIME, ATP_ID, CLU_ID, EFF_DT, EXPIR_DT, DESCR_FORMATTED, LUI_STATE, LUI_TYPE, MAX_SEATS, MIN_SEATS, NAME, DESCR_PLAIN, REF_URL, ID) values ('97c3668d-a9c9-4eac-a8c1-2cdb1b1949df', 0, 'admin', TIMESTAMP '2013-10-28 08:58:10.336', 'admin', TIMESTAMP '2013-10-28 08:58:10.336', 'kuali.atp.2012Spring', 'd925e275-370d-4d98-bbec-96fe2459a200', '', '', '1006', 'kuali.lui.registration.group.state.pending', 'kuali.lui.type.registration.group', '', '', '1006', '1006', '', '8a6c0914-bcda-4138-b41d-1d0f01eb54b8')
/
insert into KSEN_LUI_ATTR (OBJ_ID, ATTR_KEY, OWNER_ID, ATTR_VALUE, ID) values ('7e4c7e1a-273d-4d61-9a18-f2c2dcf7fd86', 'kuali.attribute.registration.group.is.generated', '8a6c0914-bcda-4138-b41d-1d0f01eb54b8', '1', '38522065-129c-47ae-b418-cba19a7fb8cf')
/
insert into KSEN_LUI_ATTR (OBJ_ID, ATTR_KEY, OWNER_ID, ATTR_VALUE, ID) values ('aaedd4d8-3b11-4be2-8c6a-8468d0a1494f', 'kuali.attribute.registration.group.aocluster.id', '8a6c0914-bcda-4138-b41d-1d0f01eb54b8', '366050e2-6fe7-415d-b8bf-52017afbf785', '9b1fad09-969f-444d-8f19-729e1eee5a59')
/
insert into KSEN_LUI_IDENT (OBJ_ID, VER_NBR, CREATEID, CREATETIME, UPDATEID, UPDATETIME, LUI_CD, DIVISION, IDENT_LEVEL, LNG_NAME, LUI_ID, ORGID, SHRT_NAME, LUI_ID_STATE, SUFX_CD, LUI_ID_TYPE, VARTN, ID) values ('d67c1b16-6019-47f5-8f74-6f1f64867809', 0, 'admin', TIMESTAMP '2013-10-28 08:58:10.336', 'admin', TIMESTAMP '2013-10-28 08:58:10.336', '', '', '', '', '8a6c0914-bcda-4138-b41d-1d0f01eb54b8', '', '', 'kuali.lui.identifier.state.active', '', 'kuali.lui.identifier.type.official', '', '2f03d01e-5312-48cc-a14b-4defa05b79b4')
/
insert into KSEN_LUILUI_RELTN (OBJ_ID, VER_NBR, CREATEID, CREATETIME, UPDATEID, UPDATETIME, EFF_DT, EXPIR_DT, DESCR_FORMATTED, LUI_ID, LUILUI_RELTN_STATE, LUILUI_RELTN_TYPE, NAME, DESCR_PLAIN, RELATED_LUI_ID, ID) values ('eaa1be02-372b-4991-a8fd-049cccbc6099', 0, 'admin', TIMESTAMP '2013-10-28 08:58:10.336', 'admin', TIMESTAMP '2013-10-28 08:58:10.336', TIMESTAMP '2013-10-28 08:58:18.915', '', 'CHEM242-FO-RG', '9a852c90-0ada-48a6-9e63-0d21cdbd687a', 'kuali.lui.lui.relation.state.active', 'kuali.lui.lui.relation.type.deliveredvia.fo2rg', 'fo-rg-relation', 'CHEM242-FO-RG', '8a6c0914-bcda-4138-b41d-1d0f01eb54b8', 'd907f3b9-04d2-44d8-afe4-71a9e173e5aa')
/
insert into KSEN_LUILUI_RELTN (OBJ_ID, VER_NBR, CREATEID, CREATETIME, UPDATEID, UPDATETIME, EFF_DT, EXPIR_DT, DESCR_FORMATTED, LUI_ID, LUILUI_RELTN_STATE, LUILUI_RELTN_TYPE, NAME, DESCR_PLAIN, RELATED_LUI_ID, ID) values ('1cca4f07-66d7-4e7b-b587-ee0634549260', 0, 'admin', TIMESTAMP '2013-10-28 08:58:10.336', 'admin', TIMESTAMP '2013-10-28 08:58:10.336', TIMESTAMP '2013-10-28 08:58:18.915', '', 'CHEM242-RG-AO', '8a6c0914-bcda-4138-b41d-1d0f01eb54b8', 'kuali.lui.lui.relation.state.active', 'kuali.lui.lui.relation.type.registeredforvia.rg2ao', 'rg-ao-relation', 'CHEM242-RG-AO', 'da5061e1-f3a7-4de8-b8f4-a78b836b8a85', '47f4331f-a8b9-4020-b07d-dae95691761d')
/
insert into KSEN_LUILUI_RELTN (OBJ_ID, VER_NBR, CREATEID, CREATETIME, UPDATEID, UPDATETIME, EFF_DT, EXPIR_DT, DESCR_FORMATTED, LUI_ID, LUILUI_RELTN_STATE, LUILUI_RELTN_TYPE, NAME, DESCR_PLAIN, RELATED_LUI_ID, ID) values ('53534bf5-e4fa-4b30-895e-cc8fced1088b', 0, 'admin', TIMESTAMP '2013-10-28 08:58:10.336', 'admin', TIMESTAMP '2013-10-28 08:58:10.336', TIMESTAMP '2013-10-28 08:58:18.916', '', 'CHEM242-RG-AO', '8a6c0914-bcda-4138-b41d-1d0f01eb54b8', 'kuali.lui.lui.relation.state.active', 'kuali.lui.lui.relation.type.registeredforvia.rg2ao', 'rg-ao-relation', 'CHEM242-RG-AO', 'd126e608-b8d0-4eb1-bfcd-ec6096765b71', '2dd03558-0c4d-4caa-93ec-df36cab3fa34')
/
insert into KSEN_LUI (OBJ_ID, VER_NBR, CREATEID, CREATETIME, UPDATEID, UPDATETIME, ATP_ID, CLU_ID, EFF_DT, EXPIR_DT, DESCR_FORMATTED, LUI_STATE, LUI_TYPE, MAX_SEATS, MIN_SEATS, NAME, DESCR_PLAIN, REF_URL, ID) values ('e9c8db6d-28a2-4133-9257-35536d5c0b25', 0, 'admin', TIMESTAMP '2013-10-28 08:58:10.336', 'admin', TIMESTAMP '2013-10-28 08:58:10.336', 'kuali.atp.2012Spring', 'd925e275-370d-4d98-bbec-96fe2459a200', '', '', '1007', 'kuali.lui.registration.group.state.pending', 'kuali.lui.type.registration.group', '', '', '1007', '1007', '', '7c62eaa3-d6bb-4e66-b172-181b2ede6d7e')
/
insert into KSEN_LUI_ATTR (OBJ_ID, ATTR_KEY, OWNER_ID, ATTR_VALUE, ID) values ('b1c4a03d-165e-41a6-bd0f-be1dde7e728f', 'kuali.attribute.registration.group.aocluster.id', '7c62eaa3-d6bb-4e66-b172-181b2ede6d7e', '366050e2-6fe7-415d-b8bf-52017afbf785', '338c9281-9f5c-42c9-bd53-e1abd5829f04')
/
insert into KSEN_LUI_ATTR (OBJ_ID, ATTR_KEY, OWNER_ID, ATTR_VALUE, ID) values ('e7cc4ac4-8acc-4ef2-974d-f1e9307288d8', 'kuali.attribute.registration.group.is.generated', '7c62eaa3-d6bb-4e66-b172-181b2ede6d7e', '1', 'b56acd3b-4196-421f-b48d-e9cd70eacdb9')
/
insert into KSEN_LUI_IDENT (OBJ_ID, VER_NBR, CREATEID, CREATETIME, UPDATEID, UPDATETIME, LUI_CD, DIVISION, IDENT_LEVEL, LNG_NAME, LUI_ID, ORGID, SHRT_NAME, LUI_ID_STATE, SUFX_CD, LUI_ID_TYPE, VARTN, ID) values ('7068c69f-29f7-4686-adae-6e92b7ef5e75', 0, 'admin', TIMESTAMP '2013-10-28 08:58:10.336', 'admin', TIMESTAMP '2013-10-28 08:58:10.336', '', '', '', '', '7c62eaa3-d6bb-4e66-b172-181b2ede6d7e', '', '', 'kuali.lui.identifier.state.active', '', 'kuali.lui.identifier.type.official', '', 'fce46927-7493-462b-a72b-de0afed442aa')
/
insert into KSEN_LUILUI_RELTN (OBJ_ID, VER_NBR, CREATEID, CREATETIME, UPDATEID, UPDATETIME, EFF_DT, EXPIR_DT, DESCR_FORMATTED, LUI_ID, LUILUI_RELTN_STATE, LUILUI_RELTN_TYPE, NAME, DESCR_PLAIN, RELATED_LUI_ID, ID) values ('456b0cf7-1aed-4325-991c-be8dcf326807', 0, 'admin', TIMESTAMP '2013-10-28 08:58:10.336', 'admin', TIMESTAMP '2013-10-28 08:58:10.336', TIMESTAMP '2013-10-28 08:58:19.674', '', 'CHEM242-FO-RG', '9a852c90-0ada-48a6-9e63-0d21cdbd687a', 'kuali.lui.lui.relation.state.active', 'kuali.lui.lui.relation.type.deliveredvia.fo2rg', 'fo-rg-relation', 'CHEM242-FO-RG', '7c62eaa3-d6bb-4e66-b172-181b2ede6d7e', '5ea09985-7cc2-460d-a0ee-8141d236afdc')
/
insert into KSEN_LUILUI_RELTN (OBJ_ID, VER_NBR, CREATEID, CREATETIME, UPDATEID, UPDATETIME, EFF_DT, EXPIR_DT, DESCR_FORMATTED, LUI_ID, LUILUI_RELTN_STATE, LUILUI_RELTN_TYPE, NAME, DESCR_PLAIN, RELATED_LUI_ID, ID) values ('567fe2f1-7af1-4507-9ab5-a24b65eca81f', 0, 'admin', TIMESTAMP '2013-10-28 08:58:10.336', 'admin', TIMESTAMP '2013-10-28 08:58:10.336', TIMESTAMP '2013-10-28 08:58:19.674', '', 'CHEM242-RG-AO', '7c62eaa3-d6bb-4e66-b172-181b2ede6d7e', 'kuali.lui.lui.relation.state.active', 'kuali.lui.lui.relation.type.registeredforvia.rg2ao', 'rg-ao-relation', 'CHEM242-RG-AO', 'b90c61ea-569f-42df-85e3-c14046691ae3', '13910b94-97f8-4c37-8731-ec05e2284995')
/
insert into KSEN_LUILUI_RELTN (OBJ_ID, VER_NBR, CREATEID, CREATETIME, UPDATEID, UPDATETIME, EFF_DT, EXPIR_DT, DESCR_FORMATTED, LUI_ID, LUILUI_RELTN_STATE, LUILUI_RELTN_TYPE, NAME, DESCR_PLAIN, RELATED_LUI_ID, ID) values ('5a475cf6-f3bd-4acc-b4d7-b5e6dfda1ffa', 0, 'admin', TIMESTAMP '2013-10-28 08:58:10.336', 'admin', TIMESTAMP '2013-10-28 08:58:10.336', TIMESTAMP '2013-10-28 08:58:19.675', '', 'CHEM242-RG-AO', '7c62eaa3-d6bb-4e66-b172-181b2ede6d7e', 'kuali.lui.lui.relation.state.active', 'kuali.lui.lui.relation.type.registeredforvia.rg2ao', 'rg-ao-relation', 'CHEM242-RG-AO', 'd126e608-b8d0-4eb1-bfcd-ec6096765b71', 'ec011191-32b4-41b3-aeee-8138f948696a')
/
insert into KSEN_LUI (OBJ_ID, VER_NBR, CREATEID, CREATETIME, UPDATEID, UPDATETIME, ATP_ID, CLU_ID, EFF_DT, EXPIR_DT, DESCR_FORMATTED, LUI_STATE, LUI_TYPE, MAX_SEATS, MIN_SEATS, NAME, DESCR_PLAIN, REF_URL, ID) values ('a1dee109-6329-4adb-9232-0463990efceb', 0, 'admin', TIMESTAMP '2013-10-28 08:58:10.336', 'admin', TIMESTAMP '2013-10-28 08:58:10.336', 'kuali.atp.2012Spring', 'd925e275-370d-4d98-bbec-96fe2459a200', '', '', '1008', 'kuali.lui.registration.group.state.pending', 'kuali.lui.type.registration.group', '', '', '1008', '1008', '', '53ab8dbd-a6c2-495f-bb1c-5944cbb1873f')
/
insert into KSEN_LUI_ATTR (OBJ_ID, ATTR_KEY, OWNER_ID, ATTR_VALUE, ID) values ('f9d496bf-73cc-43d4-977a-efdae45e6703', 'kuali.attribute.registration.group.is.generated', '53ab8dbd-a6c2-495f-bb1c-5944cbb1873f', '1', '8176d48f-a89b-4c02-bfc1-89e28eb7fbf5')
/
insert into KSEN_LUI_ATTR (OBJ_ID, ATTR_KEY, OWNER_ID, ATTR_VALUE, ID) values ('7327b451-58d4-4390-b74e-3b81af858e86', 'kuali.attribute.registration.group.aocluster.id', '53ab8dbd-a6c2-495f-bb1c-5944cbb1873f', '366050e2-6fe7-415d-b8bf-52017afbf785', '4c3761af-ca2e-4bf3-acf7-db78e4e9be24')
/
insert into KSEN_LUI_IDENT (OBJ_ID, VER_NBR, CREATEID, CREATETIME, UPDATEID, UPDATETIME, LUI_CD, DIVISION, IDENT_LEVEL, LNG_NAME, LUI_ID, ORGID, SHRT_NAME, LUI_ID_STATE, SUFX_CD, LUI_ID_TYPE, VARTN, ID) values ('f270db45-2c80-4dda-8d6f-880a39c27b9f', 0, 'admin', TIMESTAMP '2013-10-28 08:58:10.336', 'admin', TIMESTAMP '2013-10-28 08:58:10.336', '', '', '', '', '53ab8dbd-a6c2-495f-bb1c-5944cbb1873f', '', '', 'kuali.lui.identifier.state.active', '', 'kuali.lui.identifier.type.official', '', 'bb9873f0-e18c-4b74-9b88-cce15605cb79')
/
insert into KSEN_LUILUI_RELTN (OBJ_ID, VER_NBR, CREATEID, CREATETIME, UPDATEID, UPDATETIME, EFF_DT, EXPIR_DT, DESCR_FORMATTED, LUI_ID, LUILUI_RELTN_STATE, LUILUI_RELTN_TYPE, NAME, DESCR_PLAIN, RELATED_LUI_ID, ID) values ('b30b0ff7-38f7-405f-a5e9-2995ffced068', 0, 'admin', TIMESTAMP '2013-10-28 08:58:10.336', 'admin', TIMESTAMP '2013-10-28 08:58:10.336', TIMESTAMP '2013-10-28 08:58:20.089', '', 'CHEM242-FO-RG', '9a852c90-0ada-48a6-9e63-0d21cdbd687a', 'kuali.lui.lui.relation.state.active', 'kuali.lui.lui.relation.type.deliveredvia.fo2rg', 'fo-rg-relation', 'CHEM242-FO-RG', '53ab8dbd-a6c2-495f-bb1c-5944cbb1873f', '2fb9540f-bd2d-45cd-aca7-4075f492f629')
/
insert into KSEN_LUILUI_RELTN (OBJ_ID, VER_NBR, CREATEID, CREATETIME, UPDATEID, UPDATETIME, EFF_DT, EXPIR_DT, DESCR_FORMATTED, LUI_ID, LUILUI_RELTN_STATE, LUILUI_RELTN_TYPE, NAME, DESCR_PLAIN, RELATED_LUI_ID, ID) values ('8eb17232-54da-407a-98b2-eb721568ba08', 0, 'admin', TIMESTAMP '2013-10-28 08:58:10.336', 'admin', TIMESTAMP '2013-10-28 08:58:10.336', TIMESTAMP '2013-10-28 08:58:20.09', '', 'CHEM242-RG-AO', '53ab8dbd-a6c2-495f-bb1c-5944cbb1873f', 'kuali.lui.lui.relation.state.active', 'kuali.lui.lui.relation.type.registeredforvia.rg2ao', 'rg-ao-relation', 'CHEM242-RG-AO', '73b9bca9-b645-4331-9010-864d1e49685d', '5ead3edb-4459-42e4-abe9-b2ef8992b44e')
/
insert into KSEN_LUILUI_RELTN (OBJ_ID, VER_NBR, CREATEID, CREATETIME, UPDATEID, UPDATETIME, EFF_DT, EXPIR_DT, DESCR_FORMATTED, LUI_ID, LUILUI_RELTN_STATE, LUILUI_RELTN_TYPE, NAME, DESCR_PLAIN, RELATED_LUI_ID, ID) values ('271f8e72-d4c3-4622-ba11-f50426963c28', 0, 'admin', TIMESTAMP '2013-10-28 08:58:10.336', 'admin', TIMESTAMP '2013-10-28 08:58:10.336', TIMESTAMP '2013-10-28 08:58:20.09', '', 'CHEM242-RG-AO', '53ab8dbd-a6c2-495f-bb1c-5944cbb1873f', 'kuali.lui.lui.relation.state.active', 'kuali.lui.lui.relation.type.registeredforvia.rg2ao', 'rg-ao-relation', 'CHEM242-RG-AO', 'd126e608-b8d0-4eb1-bfcd-ec6096765b71', 'a703e4ee-129d-4891-8ead-e349cbadc83d')
/
insert into KSEN_LUI (OBJ_ID, VER_NBR, CREATEID, CREATETIME, UPDATEID, UPDATETIME, ATP_ID, CLU_ID, EFF_DT, EXPIR_DT, DESCR_FORMATTED, LUI_STATE, LUI_TYPE, MAX_SEATS, MIN_SEATS, NAME, DESCR_PLAIN, REF_URL, ID) values ('818baea6-ef89-40cc-9a21-507d26cf11e4', 0, 'admin', TIMESTAMP '2013-10-28 08:58:10.336', 'admin', TIMESTAMP '2013-10-28 08:58:10.336', 'kuali.atp.2012Spring', 'd925e275-370d-4d98-bbec-96fe2459a200', '', '', '1009', 'kuali.lui.registration.group.state.pending', 'kuali.lui.type.registration.group', '', '', '1009', '1009', '', 'db6fbf0e-238b-44f1-8641-5226b6b67cda')
/
insert into KSEN_LUI_ATTR (OBJ_ID, ATTR_KEY, OWNER_ID, ATTR_VALUE, ID) values ('a34bfe52-47d0-40eb-9a32-4ec97ad744d3', 'kuali.attribute.registration.group.is.generated', 'db6fbf0e-238b-44f1-8641-5226b6b67cda', '1', '9c714bc6-eac4-4f42-af65-f8820c39ec65')
/
insert into KSEN_LUI_ATTR (OBJ_ID, ATTR_KEY, OWNER_ID, ATTR_VALUE, ID) values ('0c5f19d6-1183-4d77-9459-a5dc3eb88561', 'kuali.attribute.registration.group.aocluster.id', 'db6fbf0e-238b-44f1-8641-5226b6b67cda', '366050e2-6fe7-415d-b8bf-52017afbf785', 'aee1026e-e222-456a-b97f-cc803a1d67b3')
/
insert into KSEN_LUI_IDENT (OBJ_ID, VER_NBR, CREATEID, CREATETIME, UPDATEID, UPDATETIME, LUI_CD, DIVISION, IDENT_LEVEL, LNG_NAME, LUI_ID, ORGID, SHRT_NAME, LUI_ID_STATE, SUFX_CD, LUI_ID_TYPE, VARTN, ID) values ('aaf73012-3314-4b7b-8fb4-eaf141412cf7', 0, 'admin', TIMESTAMP '2013-10-28 08:58:10.336', 'admin', TIMESTAMP '2013-10-28 08:58:10.336', '', '', '', '', 'db6fbf0e-238b-44f1-8641-5226b6b67cda', '', '', 'kuali.lui.identifier.state.active', '', 'kuali.lui.identifier.type.official', '', '569d2f53-3d37-4ae8-a279-177ed04ecafa')
/
insert into KSEN_LUILUI_RELTN (OBJ_ID, VER_NBR, CREATEID, CREATETIME, UPDATEID, UPDATETIME, EFF_DT, EXPIR_DT, DESCR_FORMATTED, LUI_ID, LUILUI_RELTN_STATE, LUILUI_RELTN_TYPE, NAME, DESCR_PLAIN, RELATED_LUI_ID, ID) values ('28e84ace-084d-4a5a-a536-cb2b44f76dcb', 0, 'admin', TIMESTAMP '2013-10-28 08:58:10.336', 'admin', TIMESTAMP '2013-10-28 08:58:10.336', TIMESTAMP '2013-10-28 08:58:20.529', '', 'CHEM242-FO-RG', '9a852c90-0ada-48a6-9e63-0d21cdbd687a', 'kuali.lui.lui.relation.state.active', 'kuali.lui.lui.relation.type.deliveredvia.fo2rg', 'fo-rg-relation', 'CHEM242-FO-RG', 'db6fbf0e-238b-44f1-8641-5226b6b67cda', '84284720-f639-4194-97b9-4dd9e9f47ded')
/
insert into KSEN_LUILUI_RELTN (OBJ_ID, VER_NBR, CREATEID, CREATETIME, UPDATEID, UPDATETIME, EFF_DT, EXPIR_DT, DESCR_FORMATTED, LUI_ID, LUILUI_RELTN_STATE, LUILUI_RELTN_TYPE, NAME, DESCR_PLAIN, RELATED_LUI_ID, ID) values ('b5e86305-e4e6-4a09-aff8-cf187bd00896', 0, 'admin', TIMESTAMP '2013-10-28 08:58:10.336', 'admin', TIMESTAMP '2013-10-28 08:58:10.336', TIMESTAMP '2013-10-28 08:58:20.529', '', 'CHEM242-RG-AO', 'db6fbf0e-238b-44f1-8641-5226b6b67cda', 'kuali.lui.lui.relation.state.active', 'kuali.lui.lui.relation.type.registeredforvia.rg2ao', 'rg-ao-relation', 'CHEM242-RG-AO', 'd126e608-b8d0-4eb1-bfcd-ec6096765b71', 'ffa5e288-de08-4246-8b6d-fa8983319782')
/
insert into KSEN_LUILUI_RELTN (OBJ_ID, VER_NBR, CREATEID, CREATETIME, UPDATEID, UPDATETIME, EFF_DT, EXPIR_DT, DESCR_FORMATTED, LUI_ID, LUILUI_RELTN_STATE, LUILUI_RELTN_TYPE, NAME, DESCR_PLAIN, RELATED_LUI_ID, ID) values ('f109295c-e44a-48cc-8c2a-a22c026969ef', 0, 'admin', TIMESTAMP '2013-10-28 08:58:10.336', 'admin', TIMESTAMP '2013-10-28 08:58:10.336', TIMESTAMP '2013-10-28 08:58:20.53', '', 'CHEM242-RG-AO', 'db6fbf0e-238b-44f1-8641-5226b6b67cda', 'kuali.lui.lui.relation.state.active', 'kuali.lui.lui.relation.type.registeredforvia.rg2ao', 'rg-ao-relation', 'CHEM242-RG-AO', '948c8f87-e5f3-4f2a-84cf-3740d52a27cb', '819275aa-39c1-4b99-af49-9dd0ed6f0ae0')
/
insert into KSEN_LUI (OBJ_ID, VER_NBR, CREATEID, CREATETIME, UPDATEID, UPDATETIME, ATP_ID, CLU_ID, EFF_DT, EXPIR_DT, DESCR_FORMATTED, LUI_STATE, LUI_TYPE, MAX_SEATS, MIN_SEATS, NAME, DESCR_PLAIN, REF_URL, ID) values ('9e37a43c-b28f-4472-9019-65bc13844a20', 0, 'admin', TIMESTAMP '2013-10-28 08:58:10.336', 'admin', TIMESTAMP '2013-10-28 08:58:10.336', 'kuali.atp.2012Spring', 'd925e275-370d-4d98-bbec-96fe2459a200', '', '', '1010', 'kuali.lui.registration.group.state.pending', 'kuali.lui.type.registration.group', '', '', '1010', '1010', '', '901d9569-131e-4a7c-8278-2abacab5f723')
/
insert into KSEN_LUI_ATTR (OBJ_ID, ATTR_KEY, OWNER_ID, ATTR_VALUE, ID) values ('34c112a2-e35b-4d2a-8789-8e28d44fd7b0', 'kuali.attribute.registration.group.aocluster.id', '901d9569-131e-4a7c-8278-2abacab5f723', '366050e2-6fe7-415d-b8bf-52017afbf785', '1cfa5979-2872-42c7-93cc-80c8e0d18b37')
/
insert into KSEN_LUI_ATTR (OBJ_ID, ATTR_KEY, OWNER_ID, ATTR_VALUE, ID) values ('1575bcfa-f18a-49a7-9e81-32fec169f30b', 'kuali.attribute.registration.group.is.generated', '901d9569-131e-4a7c-8278-2abacab5f723', '1', 'f88371b0-03ae-467a-a279-69d2cf47f442')
/
insert into KSEN_LUI_IDENT (OBJ_ID, VER_NBR, CREATEID, CREATETIME, UPDATEID, UPDATETIME, LUI_CD, DIVISION, IDENT_LEVEL, LNG_NAME, LUI_ID, ORGID, SHRT_NAME, LUI_ID_STATE, SUFX_CD, LUI_ID_TYPE, VARTN, ID) values ('a9736394-bfd6-4b72-ac35-9fbb8132d5e2', 0, 'admin', TIMESTAMP '2013-10-28 08:58:10.336', 'admin', TIMESTAMP '2013-10-28 08:58:10.336', '', '', '', '', '901d9569-131e-4a7c-8278-2abacab5f723', '', '', 'kuali.lui.identifier.state.active', '', 'kuali.lui.identifier.type.official', '', 'ea4e922e-7201-446a-9356-c6aeeeb33f9d')
/
insert into KSEN_LUILUI_RELTN (OBJ_ID, VER_NBR, CREATEID, CREATETIME, UPDATEID, UPDATETIME, EFF_DT, EXPIR_DT, DESCR_FORMATTED, LUI_ID, LUILUI_RELTN_STATE, LUILUI_RELTN_TYPE, NAME, DESCR_PLAIN, RELATED_LUI_ID, ID) values ('99101914-6083-4335-9854-0d26d6d244a1', 0, 'admin', TIMESTAMP '2013-10-28 08:58:10.336', 'admin', TIMESTAMP '2013-10-28 08:58:10.336', TIMESTAMP '2013-10-28 08:58:20.837', '', 'CHEM242-FO-RG', '9a852c90-0ada-48a6-9e63-0d21cdbd687a', 'kuali.lui.lui.relation.state.active', 'kuali.lui.lui.relation.type.deliveredvia.fo2rg', 'fo-rg-relation', 'CHEM242-FO-RG', '901d9569-131e-4a7c-8278-2abacab5f723', '1f22fa45-80fb-426e-a633-df1ddf2d8dc8')
/
insert into KSEN_LUILUI_RELTN (OBJ_ID, VER_NBR, CREATEID, CREATETIME, UPDATEID, UPDATETIME, EFF_DT, EXPIR_DT, DESCR_FORMATTED, LUI_ID, LUILUI_RELTN_STATE, LUILUI_RELTN_TYPE, NAME, DESCR_PLAIN, RELATED_LUI_ID, ID) values ('42ebe805-8820-4918-87f0-31c35776f9b4', 0, 'admin', TIMESTAMP '2013-10-28 08:58:10.336', 'admin', TIMESTAMP '2013-10-28 08:58:10.336', TIMESTAMP '2013-10-28 08:58:20.838', '', 'CHEM242-RG-AO', '901d9569-131e-4a7c-8278-2abacab5f723', 'kuali.lui.lui.relation.state.active', 'kuali.lui.lui.relation.type.registeredforvia.rg2ao', 'rg-ao-relation', 'CHEM242-RG-AO', 'd126e608-b8d0-4eb1-bfcd-ec6096765b71', '474bc058-68b9-4560-bcbe-068d528e1fc0')
/
insert into KSEN_LUILUI_RELTN (OBJ_ID, VER_NBR, CREATEID, CREATETIME, UPDATEID, UPDATETIME, EFF_DT, EXPIR_DT, DESCR_FORMATTED, LUI_ID, LUILUI_RELTN_STATE, LUILUI_RELTN_TYPE, NAME, DESCR_PLAIN, RELATED_LUI_ID, ID) values ('6c939c85-91bf-4f24-9215-89c662aed1fa', 0, 'admin', TIMESTAMP '2013-10-28 08:58:10.336', 'admin', TIMESTAMP '2013-10-28 08:58:10.336', TIMESTAMP '2013-10-28 08:58:20.838', '', 'CHEM242-RG-AO', '901d9569-131e-4a7c-8278-2abacab5f723', 'kuali.lui.lui.relation.state.active', 'kuali.lui.lui.relation.type.registeredforvia.rg2ao', 'rg-ao-relation', 'CHEM242-RG-AO', '926b1ee2-8210-4b78-a412-c066bdef839e', 'b702476c-5516-4e88-b681-e5ce542517f0')
/
insert into KSEN_LUI (OBJ_ID, VER_NBR, CREATEID, CREATETIME, UPDATEID, UPDATETIME, ATP_ID, CLU_ID, EFF_DT, EXPIR_DT, DESCR_FORMATTED, LUI_STATE, LUI_TYPE, MAX_SEATS, MIN_SEATS, NAME, DESCR_PLAIN, REF_URL, ID) values ('c061c992-f12a-4e4d-aa5e-c9114d185999', 0, 'admin', TIMESTAMP '2013-10-28 08:58:10.336', 'admin', TIMESTAMP '2013-10-28 08:58:10.336', 'kuali.atp.2012Spring', 'd925e275-370d-4d98-bbec-96fe2459a200', '', '', '1011', 'kuali.lui.registration.group.state.pending', 'kuali.lui.type.registration.group', '', '', '1011', '1011', '', '6707d49c-44dc-4d44-83f5-92dbd97caf85')
/
insert into KSEN_LUI_ATTR (OBJ_ID, ATTR_KEY, OWNER_ID, ATTR_VALUE, ID) values ('45b29532-a874-438f-8b19-e2b57c116d5d', 'kuali.attribute.registration.group.is.generated', '6707d49c-44dc-4d44-83f5-92dbd97caf85', '1', '3a73d6d3-009b-4cc4-8252-87ddad67a60a')
/
insert into KSEN_LUI_ATTR (OBJ_ID, ATTR_KEY, OWNER_ID, ATTR_VALUE, ID) values ('72b77017-6927-4d52-a834-38db9d780a61', 'kuali.attribute.registration.group.aocluster.id', '6707d49c-44dc-4d44-83f5-92dbd97caf85', '366050e2-6fe7-415d-b8bf-52017afbf785', '0efd2cca-02c1-4764-b982-8d2b6121555f')
/
insert into KSEN_LUI_IDENT (OBJ_ID, VER_NBR, CREATEID, CREATETIME, UPDATEID, UPDATETIME, LUI_CD, DIVISION, IDENT_LEVEL, LNG_NAME, LUI_ID, ORGID, SHRT_NAME, LUI_ID_STATE, SUFX_CD, LUI_ID_TYPE, VARTN, ID) values ('4361f5e9-8e76-4300-bd58-f261529bb20e', 0, 'admin', TIMESTAMP '2013-10-28 08:58:10.336', 'admin', TIMESTAMP '2013-10-28 08:58:10.336', '', '', '', '', '6707d49c-44dc-4d44-83f5-92dbd97caf85', '', '', 'kuali.lui.identifier.state.active', '', 'kuali.lui.identifier.type.official', '', '9ce4705b-12ee-4527-8432-dafc437ef934')
/
insert into KSEN_LUILUI_RELTN (OBJ_ID, VER_NBR, CREATEID, CREATETIME, UPDATEID, UPDATETIME, EFF_DT, EXPIR_DT, DESCR_FORMATTED, LUI_ID, LUILUI_RELTN_STATE, LUILUI_RELTN_TYPE, NAME, DESCR_PLAIN, RELATED_LUI_ID, ID) values ('6936ade8-7cec-4e49-a53c-ed77e8a0485a', 0, 'admin', TIMESTAMP '2013-10-28 08:58:10.336', 'admin', TIMESTAMP '2013-10-28 08:58:10.336', TIMESTAMP '2013-10-28 08:58:21.199', '', 'CHEM242-FO-RG', '9a852c90-0ada-48a6-9e63-0d21cdbd687a', 'kuali.lui.lui.relation.state.active', 'kuali.lui.lui.relation.type.deliveredvia.fo2rg', 'fo-rg-relation', 'CHEM242-FO-RG', '6707d49c-44dc-4d44-83f5-92dbd97caf85', '44002c86-4969-482e-a692-0e34024c106c')
/
insert into KSEN_LUILUI_RELTN (OBJ_ID, VER_NBR, CREATEID, CREATETIME, UPDATEID, UPDATETIME, EFF_DT, EXPIR_DT, DESCR_FORMATTED, LUI_ID, LUILUI_RELTN_STATE, LUILUI_RELTN_TYPE, NAME, DESCR_PLAIN, RELATED_LUI_ID, ID) values ('5b8eece7-b91c-4f7f-be6f-cbf8794f6f1c', 0, 'admin', TIMESTAMP '2013-10-28 08:58:10.336', 'admin', TIMESTAMP '2013-10-28 08:58:10.336', TIMESTAMP '2013-10-28 08:58:21.199', '', 'CHEM242-RG-AO', '6707d49c-44dc-4d44-83f5-92dbd97caf85', 'kuali.lui.lui.relation.state.active', 'kuali.lui.lui.relation.type.registeredforvia.rg2ao', 'rg-ao-relation', 'CHEM242-RG-AO', 'd126e608-b8d0-4eb1-bfcd-ec6096765b71', 'e6da1633-763f-46d1-a826-04f9ae857aeb')
/
insert into KSEN_LUILUI_RELTN (OBJ_ID, VER_NBR, CREATEID, CREATETIME, UPDATEID, UPDATETIME, EFF_DT, EXPIR_DT, DESCR_FORMATTED, LUI_ID, LUILUI_RELTN_STATE, LUILUI_RELTN_TYPE, NAME, DESCR_PLAIN, RELATED_LUI_ID, ID) values ('95333f8e-821e-4bd7-98b4-24333fac4a6d', 0, 'admin', TIMESTAMP '2013-10-28 08:58:10.336', 'admin', TIMESTAMP '2013-10-28 08:58:10.336', TIMESTAMP '2013-10-28 08:58:21.2', '', 'CHEM242-RG-AO', '6707d49c-44dc-4d44-83f5-92dbd97caf85', 'kuali.lui.lui.relation.state.active', 'kuali.lui.lui.relation.type.registeredforvia.rg2ao', 'rg-ao-relation', 'CHEM242-RG-AO', 'cfb850f3-abd6-46e3-b76c-327ab98e3777', '6012c449-225e-4d76-9a28-9c953937a392')
/
insert into KSEN_LUI (OBJ_ID, VER_NBR, CREATEID, CREATETIME, UPDATEID, UPDATETIME, ATP_ID, CLU_ID, EFF_DT, EXPIR_DT, DESCR_FORMATTED, LUI_STATE, LUI_TYPE, MAX_SEATS, MIN_SEATS, NAME, DESCR_PLAIN, REF_URL, ID) values ('64284b6c-5ee2-4f6a-9dad-599f69e56686', 0, 'admin', TIMESTAMP '2013-10-28 08:58:10.336', 'admin', TIMESTAMP '2013-10-28 08:58:10.336', 'kuali.atp.2012Spring', 'd925e275-370d-4d98-bbec-96fe2459a200', '', '', '1012', 'kuali.lui.registration.group.state.pending', 'kuali.lui.type.registration.group', '', '', '1012', '1012', '', '382f7b58-5a56-49fb-b235-14825854262d')
/
insert into KSEN_LUI_ATTR (OBJ_ID, ATTR_KEY, OWNER_ID, ATTR_VALUE, ID) values ('c268189f-16a4-4ce6-8daf-9cf7c6d46fdc', 'kuali.attribute.registration.group.is.generated', '382f7b58-5a56-49fb-b235-14825854262d', '1', '788d5698-e6c7-439d-a177-389bc767fd09')
/
insert into KSEN_LUI_ATTR (OBJ_ID, ATTR_KEY, OWNER_ID, ATTR_VALUE, ID) values ('c8964eae-ed75-4033-9557-975de96be3c5', 'kuali.attribute.registration.group.aocluster.id', '382f7b58-5a56-49fb-b235-14825854262d', '366050e2-6fe7-415d-b8bf-52017afbf785', '569d222d-6505-44db-b3a4-b41b6bb82081')
/
insert into KSEN_LUI_IDENT (OBJ_ID, VER_NBR, CREATEID, CREATETIME, UPDATEID, UPDATETIME, LUI_CD, DIVISION, IDENT_LEVEL, LNG_NAME, LUI_ID, ORGID, SHRT_NAME, LUI_ID_STATE, SUFX_CD, LUI_ID_TYPE, VARTN, ID) values ('c9e466a2-7df5-4f22-b4ab-7937d4bd6946', 0, 'admin', TIMESTAMP '2013-10-28 08:58:10.336', 'admin', TIMESTAMP '2013-10-28 08:58:10.336', '', '', '', '', '382f7b58-5a56-49fb-b235-14825854262d', '', '', 'kuali.lui.identifier.state.active', '', 'kuali.lui.identifier.type.official', '', 'b79b83c2-9e3f-4716-9cee-02c128076d57')
/
insert into KSEN_LUILUI_RELTN (OBJ_ID, VER_NBR, CREATEID, CREATETIME, UPDATEID, UPDATETIME, EFF_DT, EXPIR_DT, DESCR_FORMATTED, LUI_ID, LUILUI_RELTN_STATE, LUILUI_RELTN_TYPE, NAME, DESCR_PLAIN, RELATED_LUI_ID, ID) values ('4b4f224d-c96c-4d28-8be4-6034b3b01b87', 0, 'admin', TIMESTAMP '2013-10-28 08:58:10.336', 'admin', TIMESTAMP '2013-10-28 08:58:10.336', TIMESTAMP '2013-10-28 08:58:21.495', '', 'CHEM242-FO-RG', '9a852c90-0ada-48a6-9e63-0d21cdbd687a', 'kuali.lui.lui.relation.state.active', 'kuali.lui.lui.relation.type.deliveredvia.fo2rg', 'fo-rg-relation', 'CHEM242-FO-RG', '382f7b58-5a56-49fb-b235-14825854262d', 'fcd703f8-a19a-4574-8d4f-e8b79549a324')
/
insert into KSEN_LUILUI_RELTN (OBJ_ID, VER_NBR, CREATEID, CREATETIME, UPDATEID, UPDATETIME, EFF_DT, EXPIR_DT, DESCR_FORMATTED, LUI_ID, LUILUI_RELTN_STATE, LUILUI_RELTN_TYPE, NAME, DESCR_PLAIN, RELATED_LUI_ID, ID) values ('b22689e2-228b-48f5-bb14-01b755340a5a', 0, 'admin', TIMESTAMP '2013-10-28 08:58:10.336', 'admin', TIMESTAMP '2013-10-28 08:58:10.336', TIMESTAMP '2013-10-28 08:58:21.496', '', 'CHEM242-RG-AO', '382f7b58-5a56-49fb-b235-14825854262d', 'kuali.lui.lui.relation.state.active', 'kuali.lui.lui.relation.type.registeredforvia.rg2ao', 'rg-ao-relation', 'CHEM242-RG-AO', 'd126e608-b8d0-4eb1-bfcd-ec6096765b71', '6734982f-b7fa-436a-8d68-2bcd383ad50f')
/
insert into KSEN_LUILUI_RELTN (OBJ_ID, VER_NBR, CREATEID, CREATETIME, UPDATEID, UPDATETIME, EFF_DT, EXPIR_DT, DESCR_FORMATTED, LUI_ID, LUILUI_RELTN_STATE, LUILUI_RELTN_TYPE, NAME, DESCR_PLAIN, RELATED_LUI_ID, ID) values ('ae05729b-6b2c-47bf-991b-bcb6ef4a471e', 0, 'admin', TIMESTAMP '2013-10-28 08:58:10.336', 'admin', TIMESTAMP '2013-10-28 08:58:10.336', TIMESTAMP '2013-10-28 08:58:21.496', '', 'CHEM242-RG-AO', '382f7b58-5a56-49fb-b235-14825854262d', 'kuali.lui.lui.relation.state.active', 'kuali.lui.lui.relation.type.registeredforvia.rg2ao', 'rg-ao-relation', 'CHEM242-RG-AO', '8b20dac1-bb8f-462f-934a-bab94d60b213', '9cd0970c-6fd3-4953-a2a8-2304ff2e5053')
/
insert into KSEN_LUI (OBJ_ID, VER_NBR, CREATEID, CREATETIME, UPDATEID, UPDATETIME, ATP_ID, CLU_ID, EFF_DT, EXPIR_DT, DESCR_FORMATTED, LUI_STATE, LUI_TYPE, MAX_SEATS, MIN_SEATS, NAME, DESCR_PLAIN, REF_URL, ID) values ('609bce97-5eea-4d7b-9ae6-b4834fb30c17', 0, 'admin', TIMESTAMP '2013-10-28 08:58:10.336', 'admin', TIMESTAMP '2013-10-28 08:58:10.336', 'kuali.atp.2012Spring', 'd925e275-370d-4d98-bbec-96fe2459a200', '', '', '1013', 'kuali.lui.registration.group.state.pending', 'kuali.lui.type.registration.group', '', '', '1013', '1013', '', '60142ac9-3ce0-48d0-8940-f8f369739880')
/
insert into KSEN_LUI_ATTR (OBJ_ID, ATTR_KEY, OWNER_ID, ATTR_VALUE, ID) values ('33700e88-e31e-4dcb-9c53-a603384b89f7', 'kuali.attribute.registration.group.is.generated', '60142ac9-3ce0-48d0-8940-f8f369739880', '1', 'bebe2355-217b-42c8-b47c-ba81bb79a0a2')
/
insert into KSEN_LUI_ATTR (OBJ_ID, ATTR_KEY, OWNER_ID, ATTR_VALUE, ID) values ('db988c47-f4b8-4afd-ae29-3ade4ce351b0', 'kuali.attribute.registration.group.aocluster.id', '60142ac9-3ce0-48d0-8940-f8f369739880', '366050e2-6fe7-415d-b8bf-52017afbf785', 'e6f32ef8-3be7-4c62-9caa-edd6b86f8a62')
/
insert into KSEN_LUI_IDENT (OBJ_ID, VER_NBR, CREATEID, CREATETIME, UPDATEID, UPDATETIME, LUI_CD, DIVISION, IDENT_LEVEL, LNG_NAME, LUI_ID, ORGID, SHRT_NAME, LUI_ID_STATE, SUFX_CD, LUI_ID_TYPE, VARTN, ID) values ('37042fbd-1e62-4c6b-b5c0-2e5db83c88ae', 0, 'admin', TIMESTAMP '2013-10-28 08:58:10.336', 'admin', TIMESTAMP '2013-10-28 08:58:10.336', '', '', '', '', '60142ac9-3ce0-48d0-8940-f8f369739880', '', '', 'kuali.lui.identifier.state.active', '', 'kuali.lui.identifier.type.official', '', 'b1bff9a1-250a-4916-bdae-b7f96eb2ae8a')
/
insert into KSEN_LUILUI_RELTN (OBJ_ID, VER_NBR, CREATEID, CREATETIME, UPDATEID, UPDATETIME, EFF_DT, EXPIR_DT, DESCR_FORMATTED, LUI_ID, LUILUI_RELTN_STATE, LUILUI_RELTN_TYPE, NAME, DESCR_PLAIN, RELATED_LUI_ID, ID) values ('2eeafc27-b54c-4c38-892b-a88a61110c5c', 0, 'admin', TIMESTAMP '2013-10-28 08:58:10.336', 'admin', TIMESTAMP '2013-10-28 08:58:10.336', TIMESTAMP '2013-10-28 08:58:21.806', '', 'CHEM242-FO-RG', '9a852c90-0ada-48a6-9e63-0d21cdbd687a', 'kuali.lui.lui.relation.state.active', 'kuali.lui.lui.relation.type.deliveredvia.fo2rg', 'fo-rg-relation', 'CHEM242-FO-RG', '60142ac9-3ce0-48d0-8940-f8f369739880', '15b4df8c-d223-4f24-8f64-b1b8878a6318')
/
insert into KSEN_LUILUI_RELTN (OBJ_ID, VER_NBR, CREATEID, CREATETIME, UPDATEID, UPDATETIME, EFF_DT, EXPIR_DT, DESCR_FORMATTED, LUI_ID, LUILUI_RELTN_STATE, LUILUI_RELTN_TYPE, NAME, DESCR_PLAIN, RELATED_LUI_ID, ID) values ('4dc8697e-4c08-4221-a568-7556c708ba6a', 0, 'admin', TIMESTAMP '2013-10-28 08:58:10.336', 'admin', TIMESTAMP '2013-10-28 08:58:10.336', TIMESTAMP '2013-10-28 08:58:21.807', '', 'CHEM242-RG-AO', '60142ac9-3ce0-48d0-8940-f8f369739880', 'kuali.lui.lui.relation.state.active', 'kuali.lui.lui.relation.type.registeredforvia.rg2ao', 'rg-ao-relation', 'CHEM242-RG-AO', 'd126e608-b8d0-4eb1-bfcd-ec6096765b71', 'ca759100-09f0-4dc0-aaf8-cefb9135ce4f')
/
insert into KSEN_LUILUI_RELTN (OBJ_ID, VER_NBR, CREATEID, CREATETIME, UPDATEID, UPDATETIME, EFF_DT, EXPIR_DT, DESCR_FORMATTED, LUI_ID, LUILUI_RELTN_STATE, LUILUI_RELTN_TYPE, NAME, DESCR_PLAIN, RELATED_LUI_ID, ID) values ('8b22c10c-d5f1-47ea-a387-36d7a974b923', 0, 'admin', TIMESTAMP '2013-10-28 08:58:10.336', 'admin', TIMESTAMP '2013-10-28 08:58:10.336', TIMESTAMP '2013-10-28 08:58:21.807', '', 'CHEM242-RG-AO', '60142ac9-3ce0-48d0-8940-f8f369739880', 'kuali.lui.lui.relation.state.active', 'kuali.lui.lui.relation.type.registeredforvia.rg2ao', 'rg-ao-relation', 'CHEM242-RG-AO', '6206e542-88d1-4f4f-a71e-edbc48009dce', 'ac4099ea-eaf5-4043-a348-618df286c4ed')
/
insert into KSEN_LUI (OBJ_ID, VER_NBR, CREATEID, CREATETIME, UPDATEID, UPDATETIME, ATP_ID, CLU_ID, EFF_DT, EXPIR_DT, DESCR_FORMATTED, LUI_STATE, LUI_TYPE, MAX_SEATS, MIN_SEATS, NAME, DESCR_PLAIN, REF_URL, ID) values ('d1815b8d-b974-4a76-827b-3be6cd15e51e', 0, 'admin', TIMESTAMP '2013-10-28 08:58:10.336', 'admin', TIMESTAMP '2013-10-28 08:58:10.336', 'kuali.atp.2012Spring', 'd925e275-370d-4d98-bbec-96fe2459a200', '', '', '1014', 'kuali.lui.registration.group.state.pending', 'kuali.lui.type.registration.group', '', '', '1014', '1014', '', '09741570-3aff-40ce-a849-96e088b1827b')
/
insert into KSEN_LUI_ATTR (OBJ_ID, ATTR_KEY, OWNER_ID, ATTR_VALUE, ID) values ('bf6dad72-fe62-4b7d-8461-71d64e058d0a', 'kuali.attribute.registration.group.is.generated', '09741570-3aff-40ce-a849-96e088b1827b', '1', '4a709b80-93e5-44ee-97ac-4d43a7ac2c03')
/
insert into KSEN_LUI_ATTR (OBJ_ID, ATTR_KEY, OWNER_ID, ATTR_VALUE, ID) values ('fef85548-499b-4258-aa61-506e63d25011', 'kuali.attribute.registration.group.aocluster.id', '09741570-3aff-40ce-a849-96e088b1827b', '366050e2-6fe7-415d-b8bf-52017afbf785', 'd5ff2019-e771-468d-a14d-831d9853a42a')
/
insert into KSEN_LUI_IDENT (OBJ_ID, VER_NBR, CREATEID, CREATETIME, UPDATEID, UPDATETIME, LUI_CD, DIVISION, IDENT_LEVEL, LNG_NAME, LUI_ID, ORGID, SHRT_NAME, LUI_ID_STATE, SUFX_CD, LUI_ID_TYPE, VARTN, ID) values ('da2cee7d-55d3-4990-92e2-a98b0c89f47a', 0, 'admin', TIMESTAMP '2013-10-28 08:58:10.336', 'admin', TIMESTAMP '2013-10-28 08:58:10.336', '', '', '', '', '09741570-3aff-40ce-a849-96e088b1827b', '', '', 'kuali.lui.identifier.state.active', '', 'kuali.lui.identifier.type.official', '', '24adcebc-bb80-4f29-90b3-096120376ff2')
/
insert into KSEN_LUILUI_RELTN (OBJ_ID, VER_NBR, CREATEID, CREATETIME, UPDATEID, UPDATETIME, EFF_DT, EXPIR_DT, DESCR_FORMATTED, LUI_ID, LUILUI_RELTN_STATE, LUILUI_RELTN_TYPE, NAME, DESCR_PLAIN, RELATED_LUI_ID, ID) values ('09484ea7-0858-4071-bec8-ad02bf24b1c2', 0, 'admin', TIMESTAMP '2013-10-28 08:58:10.336', 'admin', TIMESTAMP '2013-10-28 08:58:10.336', TIMESTAMP '2013-10-28 08:58:22.148', '', 'CHEM242-FO-RG', '9a852c90-0ada-48a6-9e63-0d21cdbd687a', 'kuali.lui.lui.relation.state.active', 'kuali.lui.lui.relation.type.deliveredvia.fo2rg', 'fo-rg-relation', 'CHEM242-FO-RG', '09741570-3aff-40ce-a849-96e088b1827b', '849d64d5-2323-4398-850e-fdb831cd8b5f')
/
insert into KSEN_LUILUI_RELTN (OBJ_ID, VER_NBR, CREATEID, CREATETIME, UPDATEID, UPDATETIME, EFF_DT, EXPIR_DT, DESCR_FORMATTED, LUI_ID, LUILUI_RELTN_STATE, LUILUI_RELTN_TYPE, NAME, DESCR_PLAIN, RELATED_LUI_ID, ID) values ('25ba95c5-4bcb-46da-8bf5-ae4036b8a24f', 0, 'admin', TIMESTAMP '2013-10-28 08:58:10.336', 'admin', TIMESTAMP '2013-10-28 08:58:10.336', TIMESTAMP '2013-10-28 08:58:22.148', '', 'CHEM242-RG-AO', '09741570-3aff-40ce-a849-96e088b1827b', 'kuali.lui.lui.relation.state.active', 'kuali.lui.lui.relation.type.registeredforvia.rg2ao', 'rg-ao-relation', 'CHEM242-RG-AO', 'd126e608-b8d0-4eb1-bfcd-ec6096765b71', '1478faa9-a631-432c-b671-7201e161c3f1')
/
insert into KSEN_LUILUI_RELTN (OBJ_ID, VER_NBR, CREATEID, CREATETIME, UPDATEID, UPDATETIME, EFF_DT, EXPIR_DT, DESCR_FORMATTED, LUI_ID, LUILUI_RELTN_STATE, LUILUI_RELTN_TYPE, NAME, DESCR_PLAIN, RELATED_LUI_ID, ID) values ('0bb78fcc-ca7b-4c96-a7d7-b65c8adfc2e5', 0, 'admin', TIMESTAMP '2013-10-28 08:58:10.336', 'admin', TIMESTAMP '2013-10-28 08:58:10.336', TIMESTAMP '2013-10-28 08:58:22.149', '', 'CHEM242-RG-AO', '09741570-3aff-40ce-a849-96e088b1827b', 'kuali.lui.lui.relation.state.active', 'kuali.lui.lui.relation.type.registeredforvia.rg2ao', 'rg-ao-relation', 'CHEM242-RG-AO', '19060e8b-08f9-4023-b1fc-cb8372aca77e', '3690d95f-ee90-45f9-bd45-e7ac8a9a00b8')
/
insert into KSEN_LUI (OBJ_ID, VER_NBR, CREATEID, CREATETIME, UPDATEID, UPDATETIME, ATP_ID, CLU_ID, EFF_DT, EXPIR_DT, DESCR_FORMATTED, LUI_STATE, LUI_TYPE, MAX_SEATS, MIN_SEATS, NAME, DESCR_PLAIN, REF_URL, ID) values ('6125a722-68c8-4e6b-897c-d7d694192742', 0, 'admin', TIMESTAMP '2013-10-28 08:58:10.336', 'admin', TIMESTAMP '2013-10-28 08:58:10.336', 'kuali.atp.2012Spring', 'd925e275-370d-4d98-bbec-96fe2459a200', '', '', '1015', 'kuali.lui.registration.group.state.pending', 'kuali.lui.type.registration.group', '', '', '1015', '1015', '', 'a69151c8-d544-43d8-87d5-41a1e5ecd523')
/
insert into KSEN_LUI_ATTR (OBJ_ID, ATTR_KEY, OWNER_ID, ATTR_VALUE, ID) values ('9ead3ec7-eb64-4d24-8ce9-9c39fb4ca7fa', 'kuali.attribute.registration.group.aocluster.id', 'a69151c8-d544-43d8-87d5-41a1e5ecd523', '366050e2-6fe7-415d-b8bf-52017afbf785', '8184fd98-466c-483c-9da6-d3d5ac37833e')
/
insert into KSEN_LUI_ATTR (OBJ_ID, ATTR_KEY, OWNER_ID, ATTR_VALUE, ID) values ('ea8ff287-d246-4566-bd81-e8a2ba431802', 'kuali.attribute.registration.group.is.generated', 'a69151c8-d544-43d8-87d5-41a1e5ecd523', '1', 'e9c16ad5-7a0e-4f15-97af-708988eafd13')
/
insert into KSEN_LUI_IDENT (OBJ_ID, VER_NBR, CREATEID, CREATETIME, UPDATEID, UPDATETIME, LUI_CD, DIVISION, IDENT_LEVEL, LNG_NAME, LUI_ID, ORGID, SHRT_NAME, LUI_ID_STATE, SUFX_CD, LUI_ID_TYPE, VARTN, ID) values ('feacf04e-81a0-4665-9e1b-ee6ed06429b5', 0, 'admin', TIMESTAMP '2013-10-28 08:58:10.336', 'admin', TIMESTAMP '2013-10-28 08:58:10.336', '', '', '', '', 'a69151c8-d544-43d8-87d5-41a1e5ecd523', '', '', 'kuali.lui.identifier.state.active', '', 'kuali.lui.identifier.type.official', '', 'b2f19345-80ba-4959-90d8-1786181cd4fb')
/
insert into KSEN_LUILUI_RELTN (OBJ_ID, VER_NBR, CREATEID, CREATETIME, UPDATEID, UPDATETIME, EFF_DT, EXPIR_DT, DESCR_FORMATTED, LUI_ID, LUILUI_RELTN_STATE, LUILUI_RELTN_TYPE, NAME, DESCR_PLAIN, RELATED_LUI_ID, ID) values ('9f13ad99-3289-47de-b19e-52121e44878f', 0, 'admin', TIMESTAMP '2013-10-28 08:58:10.336', 'admin', TIMESTAMP '2013-10-28 08:58:10.336', TIMESTAMP '2013-10-28 08:58:22.485', '', 'CHEM242-FO-RG', '9a852c90-0ada-48a6-9e63-0d21cdbd687a', 'kuali.lui.lui.relation.state.active', 'kuali.lui.lui.relation.type.deliveredvia.fo2rg', 'fo-rg-relation', 'CHEM242-FO-RG', 'a69151c8-d544-43d8-87d5-41a1e5ecd523', '7ce3085d-500f-431d-8806-cfe415e8845f')
/
insert into KSEN_LUILUI_RELTN (OBJ_ID, VER_NBR, CREATEID, CREATETIME, UPDATEID, UPDATETIME, EFF_DT, EXPIR_DT, DESCR_FORMATTED, LUI_ID, LUILUI_RELTN_STATE, LUILUI_RELTN_TYPE, NAME, DESCR_PLAIN, RELATED_LUI_ID, ID) values ('c42e3228-fcd5-4a81-9147-59a81f857785', 0, 'admin', TIMESTAMP '2013-10-28 08:58:10.336', 'admin', TIMESTAMP '2013-10-28 08:58:10.336', TIMESTAMP '2013-10-28 08:58:22.485', '', 'CHEM242-RG-AO', 'a69151c8-d544-43d8-87d5-41a1e5ecd523', 'kuali.lui.lui.relation.state.active', 'kuali.lui.lui.relation.type.registeredforvia.rg2ao', 'rg-ao-relation', 'CHEM242-RG-AO', 'd126e608-b8d0-4eb1-bfcd-ec6096765b71', '6cea1114-298a-48d5-a66f-476bf54738f2')
/
insert into KSEN_LUILUI_RELTN (OBJ_ID, VER_NBR, CREATEID, CREATETIME, UPDATEID, UPDATETIME, EFF_DT, EXPIR_DT, DESCR_FORMATTED, LUI_ID, LUILUI_RELTN_STATE, LUILUI_RELTN_TYPE, NAME, DESCR_PLAIN, RELATED_LUI_ID, ID) values ('438ddb64-57ee-47a0-9009-0a5715041f30', 0, 'admin', TIMESTAMP '2013-10-28 08:58:10.336', 'admin', TIMESTAMP '2013-10-28 08:58:10.336', TIMESTAMP '2013-10-28 08:58:22.486', '', 'CHEM242-RG-AO', 'a69151c8-d544-43d8-87d5-41a1e5ecd523', 'kuali.lui.lui.relation.state.active', 'kuali.lui.lui.relation.type.registeredforvia.rg2ao', 'rg-ao-relation', 'CHEM242-RG-AO', '87872cda-9a4e-49eb-945b-5aaba5c79a99', 'ee6033c4-6c66-4a65-b9ae-18f0a08b8187')
/
insert into KSEN_LUI (OBJ_ID, VER_NBR, CREATEID, CREATETIME, UPDATEID, UPDATETIME, ATP_ID, CLU_ID, EFF_DT, EXPIR_DT, DESCR_FORMATTED, LUI_STATE, LUI_TYPE, MAX_SEATS, MIN_SEATS, NAME, DESCR_PLAIN, REF_URL, ID) values ('5f1cc3bc-61ce-4611-bf31-beae45351372', 0, 'admin', TIMESTAMP '2013-10-28 08:58:10.336', 'admin', TIMESTAMP '2013-10-28 08:58:10.336', 'kuali.atp.2012Spring', 'd925e275-370d-4d98-bbec-96fe2459a200', '', '', '1016', 'kuali.lui.registration.group.state.pending', 'kuali.lui.type.registration.group', '', '', '1016', '1016', '', 'f26dd2ca-0365-41a2-b6fc-4117ddf6f9ad')
/
insert into KSEN_LUI_ATTR (OBJ_ID, ATTR_KEY, OWNER_ID, ATTR_VALUE, ID) values ('882ee58d-6802-4654-ab1e-7f0a6b6c2ae3', 'kuali.attribute.registration.group.is.generated', 'f26dd2ca-0365-41a2-b6fc-4117ddf6f9ad', '1', '2b309c5e-ef98-442c-aa0c-a6c253a90978')
/
insert into KSEN_LUI_ATTR (OBJ_ID, ATTR_KEY, OWNER_ID, ATTR_VALUE, ID) values ('d93dd466-7632-4c9d-ae29-a116faf3d7b3', 'kuali.attribute.registration.group.aocluster.id', 'f26dd2ca-0365-41a2-b6fc-4117ddf6f9ad', '366050e2-6fe7-415d-b8bf-52017afbf785', '56d4eaf6-feb8-4f56-b44b-28c3a9814b19')
/
insert into KSEN_LUI_IDENT (OBJ_ID, VER_NBR, CREATEID, CREATETIME, UPDATEID, UPDATETIME, LUI_CD, DIVISION, IDENT_LEVEL, LNG_NAME, LUI_ID, ORGID, SHRT_NAME, LUI_ID_STATE, SUFX_CD, LUI_ID_TYPE, VARTN, ID) values ('c3726349-6290-44cd-80c4-8d8920166d9e', 0, 'admin', TIMESTAMP '2013-10-28 08:58:10.336', 'admin', TIMESTAMP '2013-10-28 08:58:10.336', '', '', '', '', 'f26dd2ca-0365-41a2-b6fc-4117ddf6f9ad', '', '', 'kuali.lui.identifier.state.active', '', 'kuali.lui.identifier.type.official', '', 'd670f9e9-a2b5-4e11-9f75-1431e791ff0f')
/
insert into KSEN_LUILUI_RELTN (OBJ_ID, VER_NBR, CREATEID, CREATETIME, UPDATEID, UPDATETIME, EFF_DT, EXPIR_DT, DESCR_FORMATTED, LUI_ID, LUILUI_RELTN_STATE, LUILUI_RELTN_TYPE, NAME, DESCR_PLAIN, RELATED_LUI_ID, ID) values ('143676b6-64b6-4053-b7cb-c8e672f8aeca', 0, 'admin', TIMESTAMP '2013-10-28 08:58:10.336', 'admin', TIMESTAMP '2013-10-28 08:58:10.336', TIMESTAMP '2013-10-28 08:58:22.842', '', 'CHEM242-FO-RG', '9a852c90-0ada-48a6-9e63-0d21cdbd687a', 'kuali.lui.lui.relation.state.active', 'kuali.lui.lui.relation.type.deliveredvia.fo2rg', 'fo-rg-relation', 'CHEM242-FO-RG', 'f26dd2ca-0365-41a2-b6fc-4117ddf6f9ad', '2781c09d-5b3f-4a34-8999-87ac3b79a821')
/
insert into KSEN_LUILUI_RELTN (OBJ_ID, VER_NBR, CREATEID, CREATETIME, UPDATEID, UPDATETIME, EFF_DT, EXPIR_DT, DESCR_FORMATTED, LUI_ID, LUILUI_RELTN_STATE, LUILUI_RELTN_TYPE, NAME, DESCR_PLAIN, RELATED_LUI_ID, ID) values ('689fa76f-6ef6-4c8c-ae4a-1509cf29167f', 0, 'admin', TIMESTAMP '2013-10-28 08:58:10.336', 'admin', TIMESTAMP '2013-10-28 08:58:10.336', TIMESTAMP '2013-10-28 08:58:22.842', '', 'CHEM242-RG-AO', 'f26dd2ca-0365-41a2-b6fc-4117ddf6f9ad', 'kuali.lui.lui.relation.state.active', 'kuali.lui.lui.relation.type.registeredforvia.rg2ao', 'rg-ao-relation', 'CHEM242-RG-AO', 'd126e608-b8d0-4eb1-bfcd-ec6096765b71', '17f5e001-a693-4a77-a2a8-4f918bf6085b')
/
insert into KSEN_LUILUI_RELTN (OBJ_ID, VER_NBR, CREATEID, CREATETIME, UPDATEID, UPDATETIME, EFF_DT, EXPIR_DT, DESCR_FORMATTED, LUI_ID, LUILUI_RELTN_STATE, LUILUI_RELTN_TYPE, NAME, DESCR_PLAIN, RELATED_LUI_ID, ID) values ('f375de58-87cb-4437-84bf-b7802c7c4af5', 0, 'admin', TIMESTAMP '2013-10-28 08:58:10.336', 'admin', TIMESTAMP '2013-10-28 08:58:10.336', TIMESTAMP '2013-10-28 08:58:22.843', '', 'CHEM242-RG-AO', 'f26dd2ca-0365-41a2-b6fc-4117ddf6f9ad', 'kuali.lui.lui.relation.state.active', 'kuali.lui.lui.relation.type.registeredforvia.rg2ao', 'rg-ao-relation', 'CHEM242-RG-AO', 'aa180bcb-dd0a-40d3-bf83-74015c948c16', '288e7d14-3bcf-4e32-94cc-ca5aa13e8c6f')
/
insert into KSEN_LUI (OBJ_ID, VER_NBR, CREATEID, CREATETIME, UPDATEID, UPDATETIME, ATP_ID, CLU_ID, EFF_DT, EXPIR_DT, DESCR_FORMATTED, LUI_STATE, LUI_TYPE, MAX_SEATS, MIN_SEATS, NAME, DESCR_PLAIN, REF_URL, ID) values ('cb12ed21-b251-4d67-80fa-980fdf8a47af', 0, 'admin', TIMESTAMP '2013-10-28 08:58:10.336', 'admin', TIMESTAMP '2013-10-28 08:58:10.336', 'kuali.atp.2012Spring', 'd925e275-370d-4d98-bbec-96fe2459a200', '', '', '1017', 'kuali.lui.registration.group.state.pending', 'kuali.lui.type.registration.group', '', '', '1017', '1017', '', '3416252a-d248-47a5-aa50-a7c62332fd69')
/
insert into KSEN_LUI_ATTR (OBJ_ID, ATTR_KEY, OWNER_ID, ATTR_VALUE, ID) values ('b1dfbc02-94c8-40b3-9b91-ec3e92f94c73', 'kuali.attribute.registration.group.is.generated', '3416252a-d248-47a5-aa50-a7c62332fd69', '1', 'd983b50a-d973-474c-9ad8-e6fcdfca873f')
/
insert into KSEN_LUI_ATTR (OBJ_ID, ATTR_KEY, OWNER_ID, ATTR_VALUE, ID) values ('14083664-6ec0-4beb-81e6-bbc5f3b39f49', 'kuali.attribute.registration.group.aocluster.id', '3416252a-d248-47a5-aa50-a7c62332fd69', '366050e2-6fe7-415d-b8bf-52017afbf785', '973ba45d-5df2-419a-b0ad-7d198905a0b0')
/
insert into KSEN_LUI_IDENT (OBJ_ID, VER_NBR, CREATEID, CREATETIME, UPDATEID, UPDATETIME, LUI_CD, DIVISION, IDENT_LEVEL, LNG_NAME, LUI_ID, ORGID, SHRT_NAME, LUI_ID_STATE, SUFX_CD, LUI_ID_TYPE, VARTN, ID) values ('b999efff-7394-4b84-8233-eb9297236865', 0, 'admin', TIMESTAMP '2013-10-28 08:58:10.336', 'admin', TIMESTAMP '2013-10-28 08:58:10.336', '', '', '', '', '3416252a-d248-47a5-aa50-a7c62332fd69', '', '', 'kuali.lui.identifier.state.active', '', 'kuali.lui.identifier.type.official', '', '349385ca-93c5-4989-8501-619017179cdd')
/
insert into KSEN_LUILUI_RELTN (OBJ_ID, VER_NBR, CREATEID, CREATETIME, UPDATEID, UPDATETIME, EFF_DT, EXPIR_DT, DESCR_FORMATTED, LUI_ID, LUILUI_RELTN_STATE, LUILUI_RELTN_TYPE, NAME, DESCR_PLAIN, RELATED_LUI_ID, ID) values ('f5f4e408-5937-4e01-b245-ac5600578bf0', 0, 'admin', TIMESTAMP '2013-10-28 08:58:10.336', 'admin', TIMESTAMP '2013-10-28 08:58:10.336', TIMESTAMP '2013-10-28 08:58:23.162', '', 'CHEM242-FO-RG', '9a852c90-0ada-48a6-9e63-0d21cdbd687a', 'kuali.lui.lui.relation.state.active', 'kuali.lui.lui.relation.type.deliveredvia.fo2rg', 'fo-rg-relation', 'CHEM242-FO-RG', '3416252a-d248-47a5-aa50-a7c62332fd69', '1157953d-01b7-484a-aec9-9a47236a863b')
/
insert into KSEN_LUILUI_RELTN (OBJ_ID, VER_NBR, CREATEID, CREATETIME, UPDATEID, UPDATETIME, EFF_DT, EXPIR_DT, DESCR_FORMATTED, LUI_ID, LUILUI_RELTN_STATE, LUILUI_RELTN_TYPE, NAME, DESCR_PLAIN, RELATED_LUI_ID, ID) values ('adf17d06-3148-4afb-a830-52826a9d9e37', 0, 'admin', TIMESTAMP '2013-10-28 08:58:10.336', 'admin', TIMESTAMP '2013-10-28 08:58:10.336', TIMESTAMP '2013-10-28 08:58:23.163', '', 'CHEM242-RG-AO', '3416252a-d248-47a5-aa50-a7c62332fd69', 'kuali.lui.lui.relation.state.active', 'kuali.lui.lui.relation.type.registeredforvia.rg2ao', 'rg-ao-relation', 'CHEM242-RG-AO', 'd126e608-b8d0-4eb1-bfcd-ec6096765b71', '0dc16338-ebff-45ed-bce8-71985ddd24de')
/
insert into KSEN_LUILUI_RELTN (OBJ_ID, VER_NBR, CREATEID, CREATETIME, UPDATEID, UPDATETIME, EFF_DT, EXPIR_DT, DESCR_FORMATTED, LUI_ID, LUILUI_RELTN_STATE, LUILUI_RELTN_TYPE, NAME, DESCR_PLAIN, RELATED_LUI_ID, ID) values ('1afad68a-5f3a-4db4-be81-7d8887c73085', 0, 'admin', TIMESTAMP '2013-10-28 08:58:10.336', 'admin', TIMESTAMP '2013-10-28 08:58:10.336', TIMESTAMP '2013-10-28 08:58:23.164', '', 'CHEM242-RG-AO', '3416252a-d248-47a5-aa50-a7c62332fd69', 'kuali.lui.lui.relation.state.active', 'kuali.lui.lui.relation.type.registeredforvia.rg2ao', 'rg-ao-relation', 'CHEM242-RG-AO', '7e76f554-89c4-4df1-adfc-18327c51df7d', 'afdba9e2-31bc-41c0-9dae-35fd3b86715d')
/
insert into KSEN_LUI (OBJ_ID, VER_NBR, CREATEID, CREATETIME, UPDATEID, UPDATETIME, ATP_ID, CLU_ID, EFF_DT, EXPIR_DT, DESCR_FORMATTED, LUI_STATE, LUI_TYPE, MAX_SEATS, MIN_SEATS, NAME, DESCR_PLAIN, REF_URL, ID) values ('afa7c033-5b36-4e27-96ef-6b0e400ff03f', 0, 'admin', TIMESTAMP '2013-10-28 08:58:10.336', 'admin', TIMESTAMP '2013-10-28 08:58:10.336', 'kuali.atp.2012Spring', 'd925e275-370d-4d98-bbec-96fe2459a200', '', '', '1018', 'kuali.lui.registration.group.state.pending', 'kuali.lui.type.registration.group', '', '', '1018', '1018', '', '692884d4-f82c-4746-b0fe-8294ee7c4439')
/
insert into KSEN_LUI_ATTR (OBJ_ID, ATTR_KEY, OWNER_ID, ATTR_VALUE, ID) values ('21f8469f-8aa5-4940-a34f-6728ad616475', 'kuali.attribute.registration.group.aocluster.id', '692884d4-f82c-4746-b0fe-8294ee7c4439', '366050e2-6fe7-415d-b8bf-52017afbf785', '2ff6b8b2-d6e5-4ee1-b7c9-600301879835')
/
insert into KSEN_LUI_ATTR (OBJ_ID, ATTR_KEY, OWNER_ID, ATTR_VALUE, ID) values ('5abb38be-0da1-4efd-96df-0f8128e22640', 'kuali.attribute.registration.group.is.generated', '692884d4-f82c-4746-b0fe-8294ee7c4439', '1', '25eaa79d-3281-48db-9647-7787fc345cce')
/
insert into KSEN_LUI_IDENT (OBJ_ID, VER_NBR, CREATEID, CREATETIME, UPDATEID, UPDATETIME, LUI_CD, DIVISION, IDENT_LEVEL, LNG_NAME, LUI_ID, ORGID, SHRT_NAME, LUI_ID_STATE, SUFX_CD, LUI_ID_TYPE, VARTN, ID) values ('5e523a0a-b080-4a40-98de-7d947fbe7986', 0, 'admin', TIMESTAMP '2013-10-28 08:58:10.336', 'admin', TIMESTAMP '2013-10-28 08:58:10.336', '', '', '', '', '692884d4-f82c-4746-b0fe-8294ee7c4439', '', '', 'kuali.lui.identifier.state.active', '', 'kuali.lui.identifier.type.official', '', '1738cabc-c843-44ed-8ae1-aac23b006fa4')
/
insert into KSEN_LUILUI_RELTN (OBJ_ID, VER_NBR, CREATEID, CREATETIME, UPDATEID, UPDATETIME, EFF_DT, EXPIR_DT, DESCR_FORMATTED, LUI_ID, LUILUI_RELTN_STATE, LUILUI_RELTN_TYPE, NAME, DESCR_PLAIN, RELATED_LUI_ID, ID) values ('98817eb7-9bb1-4ae2-a8ea-b6702aa13036', 0, 'admin', TIMESTAMP '2013-10-28 08:58:10.336', 'admin', TIMESTAMP '2013-10-28 08:58:10.336', TIMESTAMP '2013-10-28 08:58:23.502', '', 'CHEM242-FO-RG', '9a852c90-0ada-48a6-9e63-0d21cdbd687a', 'kuali.lui.lui.relation.state.active', 'kuali.lui.lui.relation.type.deliveredvia.fo2rg', 'fo-rg-relation', 'CHEM242-FO-RG', '692884d4-f82c-4746-b0fe-8294ee7c4439', '182ae90d-b710-4285-86f2-89eb69acc7bb')
/
insert into KSEN_LUILUI_RELTN (OBJ_ID, VER_NBR, CREATEID, CREATETIME, UPDATEID, UPDATETIME, EFF_DT, EXPIR_DT, DESCR_FORMATTED, LUI_ID, LUILUI_RELTN_STATE, LUILUI_RELTN_TYPE, NAME, DESCR_PLAIN, RELATED_LUI_ID, ID) values ('ff14ec58-507a-4e32-80bf-2a781cbdf9ff', 0, 'admin', TIMESTAMP '2013-10-28 08:58:10.336', 'admin', TIMESTAMP '2013-10-28 08:58:10.336', TIMESTAMP '2013-10-28 08:58:23.503', '', 'CHEM242-RG-AO', '692884d4-f82c-4746-b0fe-8294ee7c4439', 'kuali.lui.lui.relation.state.active', 'kuali.lui.lui.relation.type.registeredforvia.rg2ao', 'rg-ao-relation', 'CHEM242-RG-AO', 'd126e608-b8d0-4eb1-bfcd-ec6096765b71', '2273c994-7ba8-48f9-a8bf-b90f26180c99')
/
insert into KSEN_LUILUI_RELTN (OBJ_ID, VER_NBR, CREATEID, CREATETIME, UPDATEID, UPDATETIME, EFF_DT, EXPIR_DT, DESCR_FORMATTED, LUI_ID, LUILUI_RELTN_STATE, LUILUI_RELTN_TYPE, NAME, DESCR_PLAIN, RELATED_LUI_ID, ID) values ('f0e055bf-d577-465d-8640-11d481919233', 0, 'admin', TIMESTAMP '2013-10-28 08:58:10.336', 'admin', TIMESTAMP '2013-10-28 08:58:10.336', TIMESTAMP '2013-10-28 08:58:23.503', '', 'CHEM242-RG-AO', '692884d4-f82c-4746-b0fe-8294ee7c4439', 'kuali.lui.lui.relation.state.active', 'kuali.lui.lui.relation.type.registeredforvia.rg2ao', 'rg-ao-relation', 'CHEM242-RG-AO', '8c38b451-8efd-41ce-b150-e97fab16a560', 'a3b5d08b-865e-4c8b-97b1-e74234f2e74b')
/
insert into KSEN_LUI (OBJ_ID, VER_NBR, CREATEID, CREATETIME, UPDATEID, UPDATETIME, ATP_ID, CLU_ID, EFF_DT, EXPIR_DT, DESCR_FORMATTED, LUI_STATE, LUI_TYPE, MAX_SEATS, MIN_SEATS, NAME, DESCR_PLAIN, REF_URL, ID) values ('54d3d0e3-45ea-435f-aa20-d9ca7295a427', 0, 'admin', TIMESTAMP '2013-10-28 08:58:10.336', 'admin', TIMESTAMP '2013-10-28 08:58:10.336', 'kuali.atp.2012Spring', 'd925e275-370d-4d98-bbec-96fe2459a200', '', '', '1019', 'kuali.lui.registration.group.state.pending', 'kuali.lui.type.registration.group', '', '', '1019', '1019', '', '3022b34e-c7ce-4c70-9f2e-d2dfd39f0efe')
/
insert into KSEN_LUI_ATTR (OBJ_ID, ATTR_KEY, OWNER_ID, ATTR_VALUE, ID) values ('d2889d19-6661-4135-abbb-b5c6c1bcecbf', 'kuali.attribute.registration.group.is.generated', '3022b34e-c7ce-4c70-9f2e-d2dfd39f0efe', '1', '629e516d-234a-4607-9c05-8064478e703a')
/
insert into KSEN_LUI_ATTR (OBJ_ID, ATTR_KEY, OWNER_ID, ATTR_VALUE, ID) values ('7d40bcd8-55f9-4061-84bd-83285e1abdc5', 'kuali.attribute.registration.group.aocluster.id', '3022b34e-c7ce-4c70-9f2e-d2dfd39f0efe', '366050e2-6fe7-415d-b8bf-52017afbf785', '7df9e56b-9293-437e-9e7e-c8468da66996')
/
insert into KSEN_LUI_IDENT (OBJ_ID, VER_NBR, CREATEID, CREATETIME, UPDATEID, UPDATETIME, LUI_CD, DIVISION, IDENT_LEVEL, LNG_NAME, LUI_ID, ORGID, SHRT_NAME, LUI_ID_STATE, SUFX_CD, LUI_ID_TYPE, VARTN, ID) values ('61f4e98f-c4ba-42d5-bc8b-21b54697f494', 0, 'admin', TIMESTAMP '2013-10-28 08:58:10.336', 'admin', TIMESTAMP '2013-10-28 08:58:10.336', '', '', '', '', '3022b34e-c7ce-4c70-9f2e-d2dfd39f0efe', '', '', 'kuali.lui.identifier.state.active', '', 'kuali.lui.identifier.type.official', '', '34f8265d-489f-4d15-b63c-31553edc15f1')
/
insert into KSEN_LUILUI_RELTN (OBJ_ID, VER_NBR, CREATEID, CREATETIME, UPDATEID, UPDATETIME, EFF_DT, EXPIR_DT, DESCR_FORMATTED, LUI_ID, LUILUI_RELTN_STATE, LUILUI_RELTN_TYPE, NAME, DESCR_PLAIN, RELATED_LUI_ID, ID) values ('3885eb70-8e5d-43cd-ade1-29618b1916b9', 0, 'admin', TIMESTAMP '2013-10-28 08:58:10.336', 'admin', TIMESTAMP '2013-10-28 08:58:10.336', TIMESTAMP '2013-10-28 08:58:23.833', '', 'CHEM242-FO-RG', '9a852c90-0ada-48a6-9e63-0d21cdbd687a', 'kuali.lui.lui.relation.state.active', 'kuali.lui.lui.relation.type.deliveredvia.fo2rg', 'fo-rg-relation', 'CHEM242-FO-RG', '3022b34e-c7ce-4c70-9f2e-d2dfd39f0efe', '74af4952-1e7c-4a46-8b16-03f279824107')
/
insert into KSEN_LUILUI_RELTN (OBJ_ID, VER_NBR, CREATEID, CREATETIME, UPDATEID, UPDATETIME, EFF_DT, EXPIR_DT, DESCR_FORMATTED, LUI_ID, LUILUI_RELTN_STATE, LUILUI_RELTN_TYPE, NAME, DESCR_PLAIN, RELATED_LUI_ID, ID) values ('005cc598-d761-4b14-890c-57233b26c867', 0, 'admin', TIMESTAMP '2013-10-28 08:58:10.336', 'admin', TIMESTAMP '2013-10-28 08:58:10.336', TIMESTAMP '2013-10-28 08:58:23.834', '', 'CHEM242-RG-AO', '3022b34e-c7ce-4c70-9f2e-d2dfd39f0efe', 'kuali.lui.lui.relation.state.active', 'kuali.lui.lui.relation.type.registeredforvia.rg2ao', 'rg-ao-relation', 'CHEM242-RG-AO', 'd126e608-b8d0-4eb1-bfcd-ec6096765b71', '174b39b7-7b42-4b89-875d-10236c8c3dba')
/
insert into KSEN_LUILUI_RELTN (OBJ_ID, VER_NBR, CREATEID, CREATETIME, UPDATEID, UPDATETIME, EFF_DT, EXPIR_DT, DESCR_FORMATTED, LUI_ID, LUILUI_RELTN_STATE, LUILUI_RELTN_TYPE, NAME, DESCR_PLAIN, RELATED_LUI_ID, ID) values ('f4a02ff0-eccc-4271-b371-7432d27e0de0', 0, 'admin', TIMESTAMP '2013-10-28 08:58:10.336', 'admin', TIMESTAMP '2013-10-28 08:58:10.336', TIMESTAMP '2013-10-28 08:58:23.834', '', 'CHEM242-RG-AO', '3022b34e-c7ce-4c70-9f2e-d2dfd39f0efe', 'kuali.lui.lui.relation.state.active', 'kuali.lui.lui.relation.type.registeredforvia.rg2ao', 'rg-ao-relation', 'CHEM242-RG-AO', '476077d5-4833-4033-90d7-16e036f07885', '563b3cb2-6f8f-4da9-8a9c-2ca1f5fcadbb')
/
insert into KSEN_LUI (OBJ_ID, VER_NBR, CREATEID, CREATETIME, UPDATEID, UPDATETIME, ATP_ID, CLU_ID, EFF_DT, EXPIR_DT, DESCR_FORMATTED, LUI_STATE, LUI_TYPE, MAX_SEATS, MIN_SEATS, NAME, DESCR_PLAIN, REF_URL, ID) values ('5452e33e-74bc-44ba-9558-e9caaec1069d', 0, 'admin', TIMESTAMP '2013-10-28 08:58:10.336', 'admin', TIMESTAMP '2013-10-28 08:58:10.336', 'kuali.atp.2012Spring', 'd925e275-370d-4d98-bbec-96fe2459a200', '', '', '1020', 'kuali.lui.registration.group.state.pending', 'kuali.lui.type.registration.group', '', '', '1020', '1020', '', '8ea7d757-0696-4ad0-a0c6-5cc79132ee7b')
/
insert into KSEN_LUI_ATTR (OBJ_ID, ATTR_KEY, OWNER_ID, ATTR_VALUE, ID) values ('bcaff275-ae85-42d4-8f38-c4a9b5d4d70a', 'kuali.attribute.registration.group.is.generated', '8ea7d757-0696-4ad0-a0c6-5cc79132ee7b', '1', '92acdfa6-6f9d-413a-b7b2-67809d2d9402')
/
insert into KSEN_LUI_ATTR (OBJ_ID, ATTR_KEY, OWNER_ID, ATTR_VALUE, ID) values ('d42c8965-af92-4abf-9378-e3e7b7d67d01', 'kuali.attribute.registration.group.aocluster.id', '8ea7d757-0696-4ad0-a0c6-5cc79132ee7b', '366050e2-6fe7-415d-b8bf-52017afbf785', 'db306f3d-ab02-4a3f-88df-59d55af7e785')
/
insert into KSEN_LUI_IDENT (OBJ_ID, VER_NBR, CREATEID, CREATETIME, UPDATEID, UPDATETIME, LUI_CD, DIVISION, IDENT_LEVEL, LNG_NAME, LUI_ID, ORGID, SHRT_NAME, LUI_ID_STATE, SUFX_CD, LUI_ID_TYPE, VARTN, ID) values ('6252f56b-503e-4218-8457-5d1fd727b756', 0, 'admin', TIMESTAMP '2013-10-28 08:58:10.336', 'admin', TIMESTAMP '2013-10-28 08:58:10.336', '', '', '', '', '8ea7d757-0696-4ad0-a0c6-5cc79132ee7b', '', '', 'kuali.lui.identifier.state.active', '', 'kuali.lui.identifier.type.official', '', 'dcae897e-2574-4328-9c07-9c9a3a8c3a5e')
/
insert into KSEN_LUILUI_RELTN (OBJ_ID, VER_NBR, CREATEID, CREATETIME, UPDATEID, UPDATETIME, EFF_DT, EXPIR_DT, DESCR_FORMATTED, LUI_ID, LUILUI_RELTN_STATE, LUILUI_RELTN_TYPE, NAME, DESCR_PLAIN, RELATED_LUI_ID, ID) values ('d0574cf1-55ad-4f60-8940-7d9e0994ad20', 0, 'admin', TIMESTAMP '2013-10-28 08:58:10.336', 'admin', TIMESTAMP '2013-10-28 08:58:10.336', TIMESTAMP '2013-10-28 08:58:24.15', '', 'CHEM242-FO-RG', '9a852c90-0ada-48a6-9e63-0d21cdbd687a', 'kuali.lui.lui.relation.state.active', 'kuali.lui.lui.relation.type.deliveredvia.fo2rg', 'fo-rg-relation', 'CHEM242-FO-RG', '8ea7d757-0696-4ad0-a0c6-5cc79132ee7b', '030da8af-69f5-49f7-a962-54f10b9f5f57')
/
insert into KSEN_LUILUI_RELTN (OBJ_ID, VER_NBR, CREATEID, CREATETIME, UPDATEID, UPDATETIME, EFF_DT, EXPIR_DT, DESCR_FORMATTED, LUI_ID, LUILUI_RELTN_STATE, LUILUI_RELTN_TYPE, NAME, DESCR_PLAIN, RELATED_LUI_ID, ID) values ('dd3291a1-892f-400c-8283-114e7f5eac2b', 0, 'admin', TIMESTAMP '2013-10-28 08:58:10.336', 'admin', TIMESTAMP '2013-10-28 08:58:10.336', TIMESTAMP '2013-10-28 08:58:24.151', '', 'CHEM242-RG-AO', '8ea7d757-0696-4ad0-a0c6-5cc79132ee7b', 'kuali.lui.lui.relation.state.active', 'kuali.lui.lui.relation.type.registeredforvia.rg2ao', 'rg-ao-relation', 'CHEM242-RG-AO', 'd126e608-b8d0-4eb1-bfcd-ec6096765b71', '0865f1dd-b81a-4a10-93a0-9c5cd7b0bff8')
/
insert into KSEN_LUILUI_RELTN (OBJ_ID, VER_NBR, CREATEID, CREATETIME, UPDATEID, UPDATETIME, EFF_DT, EXPIR_DT, DESCR_FORMATTED, LUI_ID, LUILUI_RELTN_STATE, LUILUI_RELTN_TYPE, NAME, DESCR_PLAIN, RELATED_LUI_ID, ID) values ('a975a4db-a79f-4eeb-ad3b-43741b448a38', 0, 'admin', TIMESTAMP '2013-10-28 08:58:10.336', 'admin', TIMESTAMP '2013-10-28 08:58:10.336', TIMESTAMP '2013-10-28 08:58:24.151', '', 'CHEM242-RG-AO', '8ea7d757-0696-4ad0-a0c6-5cc79132ee7b', 'kuali.lui.lui.relation.state.active', 'kuali.lui.lui.relation.type.registeredforvia.rg2ao', 'rg-ao-relation', 'CHEM242-RG-AO', '8ee7ed7f-78ee-4441-82eb-b0de8659b4e3', 'aeae8e58-84e1-4520-bfe1-301e3c369572')
/
insert into KSEN_LUI (OBJ_ID, VER_NBR, CREATEID, CREATETIME, UPDATEID, UPDATETIME, ATP_ID, CLU_ID, EFF_DT, EXPIR_DT, DESCR_FORMATTED, LUI_STATE, LUI_TYPE, MAX_SEATS, MIN_SEATS, NAME, DESCR_PLAIN, REF_URL, ID) values ('3f9ffbb9-c52f-4af6-b9e9-8ac71ee767b9', 0, 'admin', TIMESTAMP '2013-10-28 08:58:10.336', 'admin', TIMESTAMP '2013-10-28 08:58:10.336', 'kuali.atp.2012Spring', 'd925e275-370d-4d98-bbec-96fe2459a200', '', '', '1021', 'kuali.lui.registration.group.state.pending', 'kuali.lui.type.registration.group', '', '', '1021', '1021', '', '3c57cc0d-1df4-4aa8-9f62-d6e5280c460e')
/
insert into KSEN_LUI_ATTR (OBJ_ID, ATTR_KEY, OWNER_ID, ATTR_VALUE, ID) values ('1595702c-cd69-4f29-9e93-f9c71635ad78', 'kuali.attribute.registration.group.aocluster.id', '3c57cc0d-1df4-4aa8-9f62-d6e5280c460e', '366050e2-6fe7-415d-b8bf-52017afbf785', '6938b6b8-ff26-4b61-9ed8-f13adb560e57')
/
insert into KSEN_LUI_ATTR (OBJ_ID, ATTR_KEY, OWNER_ID, ATTR_VALUE, ID) values ('30712fdd-a385-45ef-8bc5-7538af70a593', 'kuali.attribute.registration.group.is.generated', '3c57cc0d-1df4-4aa8-9f62-d6e5280c460e', '1', 'f5e4fc06-0d9a-46cb-8265-22aec7a1d125')
/
insert into KSEN_LUI_IDENT (OBJ_ID, VER_NBR, CREATEID, CREATETIME, UPDATEID, UPDATETIME, LUI_CD, DIVISION, IDENT_LEVEL, LNG_NAME, LUI_ID, ORGID, SHRT_NAME, LUI_ID_STATE, SUFX_CD, LUI_ID_TYPE, VARTN, ID) values ('9d47392e-3029-4244-a90b-86066b18ea9c', 0, 'admin', TIMESTAMP '2013-10-28 08:58:10.336', 'admin', TIMESTAMP '2013-10-28 08:58:10.336', '', '', '', '', '3c57cc0d-1df4-4aa8-9f62-d6e5280c460e', '', '', 'kuali.lui.identifier.state.active', '', 'kuali.lui.identifier.type.official', '', '78d0b39f-344d-4a8e-bd1c-48a0a2fd1400')
/
insert into KSEN_LUILUI_RELTN (OBJ_ID, VER_NBR, CREATEID, CREATETIME, UPDATEID, UPDATETIME, EFF_DT, EXPIR_DT, DESCR_FORMATTED, LUI_ID, LUILUI_RELTN_STATE, LUILUI_RELTN_TYPE, NAME, DESCR_PLAIN, RELATED_LUI_ID, ID) values ('02bc91bd-7571-46af-8d63-bb835c69c717', 0, 'admin', TIMESTAMP '2013-10-28 08:58:10.336', 'admin', TIMESTAMP '2013-10-28 08:58:10.336', TIMESTAMP '2013-10-28 08:58:24.48', '', 'CHEM242-FO-RG', '9a852c90-0ada-48a6-9e63-0d21cdbd687a', 'kuali.lui.lui.relation.state.active', 'kuali.lui.lui.relation.type.deliveredvia.fo2rg', 'fo-rg-relation', 'CHEM242-FO-RG', '3c57cc0d-1df4-4aa8-9f62-d6e5280c460e', 'a4574309-45d8-4720-8a43-3a2c40177d00')
/
insert into KSEN_LUILUI_RELTN (OBJ_ID, VER_NBR, CREATEID, CREATETIME, UPDATEID, UPDATETIME, EFF_DT, EXPIR_DT, DESCR_FORMATTED, LUI_ID, LUILUI_RELTN_STATE, LUILUI_RELTN_TYPE, NAME, DESCR_PLAIN, RELATED_LUI_ID, ID) values ('cc9f86e6-148e-428b-9550-1b6a97c54fa5', 0, 'admin', TIMESTAMP '2013-10-28 08:58:10.336', 'admin', TIMESTAMP '2013-10-28 08:58:10.336', TIMESTAMP '2013-10-28 08:58:24.481', '', 'CHEM242-RG-AO', '3c57cc0d-1df4-4aa8-9f62-d6e5280c460e', 'kuali.lui.lui.relation.state.active', 'kuali.lui.lui.relation.type.registeredforvia.rg2ao', 'rg-ao-relation', 'CHEM242-RG-AO', 'd126e608-b8d0-4eb1-bfcd-ec6096765b71', '4d1130cc-3cc4-4a42-80f8-89981259b08e')
/
insert into KSEN_LUILUI_RELTN (OBJ_ID, VER_NBR, CREATEID, CREATETIME, UPDATEID, UPDATETIME, EFF_DT, EXPIR_DT, DESCR_FORMATTED, LUI_ID, LUILUI_RELTN_STATE, LUILUI_RELTN_TYPE, NAME, DESCR_PLAIN, RELATED_LUI_ID, ID) values ('ef8e5a82-27ed-4e96-a14c-dcafef344b3f', 0, 'admin', TIMESTAMP '2013-10-28 08:58:10.336', 'admin', TIMESTAMP '2013-10-28 08:58:10.336', TIMESTAMP '2013-10-28 08:58:24.481', '', 'CHEM242-RG-AO', '3c57cc0d-1df4-4aa8-9f62-d6e5280c460e', 'kuali.lui.lui.relation.state.active', 'kuali.lui.lui.relation.type.registeredforvia.rg2ao', 'rg-ao-relation', 'CHEM242-RG-AO', '4a58b2a0-4ca2-42ff-9146-a69e31345132', '433bd777-c043-4c5b-9722-19eff082426d')
/
insert into KSEN_LUI (OBJ_ID, VER_NBR, CREATEID, CREATETIME, UPDATEID, UPDATETIME, ATP_ID, CLU_ID, EFF_DT, EXPIR_DT, DESCR_FORMATTED, LUI_STATE, LUI_TYPE, MAX_SEATS, MIN_SEATS, NAME, DESCR_PLAIN, REF_URL, ID) values ('1f59bb99-7bc4-4b93-809b-5f00dba5f1c8', 0, 'admin', TIMESTAMP '2013-10-28 08:58:10.336', 'admin', TIMESTAMP '2013-10-28 08:58:10.336', 'kuali.atp.2012Spring', 'd925e275-370d-4d98-bbec-96fe2459a200', '', '', '1022', 'kuali.lui.registration.group.state.pending', 'kuali.lui.type.registration.group', '', '', '1022', '1022', '', '70b52035-6464-481b-8e44-0d050d71cf51')
/
insert into KSEN_LUI_ATTR (OBJ_ID, ATTR_KEY, OWNER_ID, ATTR_VALUE, ID) values ('b4809f9e-ca4c-44ec-a40b-176d5492adca', 'kuali.attribute.registration.group.aocluster.id', '70b52035-6464-481b-8e44-0d050d71cf51', '366050e2-6fe7-415d-b8bf-52017afbf785', '02e39044-7a48-4e61-aee0-48205114cba5')
/
insert into KSEN_LUI_ATTR (OBJ_ID, ATTR_KEY, OWNER_ID, ATTR_VALUE, ID) values ('43c22cfd-6233-43c9-9b9a-4d8acf861e2d', 'kuali.attribute.registration.group.is.generated', '70b52035-6464-481b-8e44-0d050d71cf51', '1', 'dc5b08e0-dd4d-45e7-8e71-d373ac232f2f')
/
insert into KSEN_LUI_IDENT (OBJ_ID, VER_NBR, CREATEID, CREATETIME, UPDATEID, UPDATETIME, LUI_CD, DIVISION, IDENT_LEVEL, LNG_NAME, LUI_ID, ORGID, SHRT_NAME, LUI_ID_STATE, SUFX_CD, LUI_ID_TYPE, VARTN, ID) values ('e0f9b309-a66b-49e0-b23d-992d6dd76d01', 0, 'admin', TIMESTAMP '2013-10-28 08:58:10.336', 'admin', TIMESTAMP '2013-10-28 08:58:10.336', '', '', '', '', '70b52035-6464-481b-8e44-0d050d71cf51', '', '', 'kuali.lui.identifier.state.active', '', 'kuali.lui.identifier.type.official', '', '1f9924de-23ec-4990-bf41-8d11b77f3ff9')
/
insert into KSEN_LUILUI_RELTN (OBJ_ID, VER_NBR, CREATEID, CREATETIME, UPDATEID, UPDATETIME, EFF_DT, EXPIR_DT, DESCR_FORMATTED, LUI_ID, LUILUI_RELTN_STATE, LUILUI_RELTN_TYPE, NAME, DESCR_PLAIN, RELATED_LUI_ID, ID) values ('63f6a706-4f3b-4a4c-91ea-b3682fc22f1a', 0, 'admin', TIMESTAMP '2013-10-28 08:58:10.336', 'admin', TIMESTAMP '2013-10-28 08:58:10.336', TIMESTAMP '2013-10-28 08:58:24.798', '', 'CHEM242-FO-RG', '9a852c90-0ada-48a6-9e63-0d21cdbd687a', 'kuali.lui.lui.relation.state.active', 'kuali.lui.lui.relation.type.deliveredvia.fo2rg', 'fo-rg-relation', 'CHEM242-FO-RG', '70b52035-6464-481b-8e44-0d050d71cf51', '9d6710df-4aa9-491a-a5c2-259dad33fd16')
/
insert into KSEN_LUILUI_RELTN (OBJ_ID, VER_NBR, CREATEID, CREATETIME, UPDATEID, UPDATETIME, EFF_DT, EXPIR_DT, DESCR_FORMATTED, LUI_ID, LUILUI_RELTN_STATE, LUILUI_RELTN_TYPE, NAME, DESCR_PLAIN, RELATED_LUI_ID, ID) values ('70337f58-2604-4bca-8a75-ec801f31760c', 0, 'admin', TIMESTAMP '2013-10-28 08:58:10.336', 'admin', TIMESTAMP '2013-10-28 08:58:10.336', TIMESTAMP '2013-10-28 08:58:24.798', '', 'CHEM242-RG-AO', '70b52035-6464-481b-8e44-0d050d71cf51', 'kuali.lui.lui.relation.state.active', 'kuali.lui.lui.relation.type.registeredforvia.rg2ao', 'rg-ao-relation', 'CHEM242-RG-AO', 'd126e608-b8d0-4eb1-bfcd-ec6096765b71', '5e10245e-4ec2-4b19-8d46-b8f3fd9c0a16')
/
insert into KSEN_LUILUI_RELTN (OBJ_ID, VER_NBR, CREATEID, CREATETIME, UPDATEID, UPDATETIME, EFF_DT, EXPIR_DT, DESCR_FORMATTED, LUI_ID, LUILUI_RELTN_STATE, LUILUI_RELTN_TYPE, NAME, DESCR_PLAIN, RELATED_LUI_ID, ID) values ('83b5dd6e-54d4-49b8-ab0f-04926100983e', 0, 'admin', TIMESTAMP '2013-10-28 08:58:10.336', 'admin', TIMESTAMP '2013-10-28 08:58:10.336', TIMESTAMP '2013-10-28 08:58:24.799', '', 'CHEM242-RG-AO', '70b52035-6464-481b-8e44-0d050d71cf51', 'kuali.lui.lui.relation.state.active', 'kuali.lui.lui.relation.type.registeredforvia.rg2ao', 'rg-ao-relation', 'CHEM242-RG-AO', '38d34d88-7e4a-4bb3-805a-1eab3e11cd29', '35dbe93d-bad4-4650-8231-f1c79765e057')
/
insert into KSEN_LUI (OBJ_ID, VER_NBR, CREATEID, CREATETIME, UPDATEID, UPDATETIME, ATP_ID, CLU_ID, EFF_DT, EXPIR_DT, DESCR_FORMATTED, LUI_STATE, LUI_TYPE, MAX_SEATS, MIN_SEATS, NAME, DESCR_PLAIN, REF_URL, ID) values ('eddaa341-93ff-4971-9482-6d55d669283b', 0, 'admin', TIMESTAMP '2013-10-28 08:58:10.336', 'admin', TIMESTAMP '2013-10-28 08:58:10.336', 'kuali.atp.2012Spring', 'd925e275-370d-4d98-bbec-96fe2459a200', '', '', '1023', 'kuali.lui.registration.group.state.pending', 'kuali.lui.type.registration.group', '', '', '1023', '1023', '', 'bf6b59b4-e3f7-4820-be10-80af2cfbf21b')
/
insert into KSEN_LUI_ATTR (OBJ_ID, ATTR_KEY, OWNER_ID, ATTR_VALUE, ID) values ('f3caf516-fca1-4f99-bdd2-ff22d3692070', 'kuali.attribute.registration.group.aocluster.id', 'bf6b59b4-e3f7-4820-be10-80af2cfbf21b', '366050e2-6fe7-415d-b8bf-52017afbf785', 'b8a07728-afb8-4542-864d-1143b3879912')
/
insert into KSEN_LUI_ATTR (OBJ_ID, ATTR_KEY, OWNER_ID, ATTR_VALUE, ID) values ('37193040-b2e8-42d8-a417-6439eaee88c1', 'kuali.attribute.registration.group.is.generated', 'bf6b59b4-e3f7-4820-be10-80af2cfbf21b', '1', '3527dffb-9361-47c1-b49f-c734879949b2')
/
insert into KSEN_LUI_IDENT (OBJ_ID, VER_NBR, CREATEID, CREATETIME, UPDATEID, UPDATETIME, LUI_CD, DIVISION, IDENT_LEVEL, LNG_NAME, LUI_ID, ORGID, SHRT_NAME, LUI_ID_STATE, SUFX_CD, LUI_ID_TYPE, VARTN, ID) values ('033ef021-2b32-4161-ab72-d23d4541b39b', 0, 'admin', TIMESTAMP '2013-10-28 08:58:10.336', 'admin', TIMESTAMP '2013-10-28 08:58:10.336', '', '', '', '', 'bf6b59b4-e3f7-4820-be10-80af2cfbf21b', '', '', 'kuali.lui.identifier.state.active', '', 'kuali.lui.identifier.type.official', '', '31b0d9a5-b1f4-45bd-a4f2-fe513421992b')
/
insert into KSEN_LUILUI_RELTN (OBJ_ID, VER_NBR, CREATEID, CREATETIME, UPDATEID, UPDATETIME, EFF_DT, EXPIR_DT, DESCR_FORMATTED, LUI_ID, LUILUI_RELTN_STATE, LUILUI_RELTN_TYPE, NAME, DESCR_PLAIN, RELATED_LUI_ID, ID) values ('d75cf905-1bb8-4da5-b2fd-2964b4433cff', 0, 'admin', TIMESTAMP '2013-10-28 08:58:10.336', 'admin', TIMESTAMP '2013-10-28 08:58:10.336', TIMESTAMP '2013-10-28 08:58:25.114', '', 'CHEM242-FO-RG', '9a852c90-0ada-48a6-9e63-0d21cdbd687a', 'kuali.lui.lui.relation.state.active', 'kuali.lui.lui.relation.type.deliveredvia.fo2rg', 'fo-rg-relation', 'CHEM242-FO-RG', 'bf6b59b4-e3f7-4820-be10-80af2cfbf21b', 'c0ac8b9e-69f1-46bb-bd27-0bbf70888d38')
/
insert into KSEN_LUILUI_RELTN (OBJ_ID, VER_NBR, CREATEID, CREATETIME, UPDATEID, UPDATETIME, EFF_DT, EXPIR_DT, DESCR_FORMATTED, LUI_ID, LUILUI_RELTN_STATE, LUILUI_RELTN_TYPE, NAME, DESCR_PLAIN, RELATED_LUI_ID, ID) values ('9a826ec5-cd71-431a-8e52-38a8bcce6f57', 0, 'admin', TIMESTAMP '2013-10-28 08:58:10.336', 'admin', TIMESTAMP '2013-10-28 08:58:10.336', TIMESTAMP '2013-10-28 08:58:25.115', '', 'CHEM242-RG-AO', 'bf6b59b4-e3f7-4820-be10-80af2cfbf21b', 'kuali.lui.lui.relation.state.active', 'kuali.lui.lui.relation.type.registeredforvia.rg2ao', 'rg-ao-relation', 'CHEM242-RG-AO', 'd126e608-b8d0-4eb1-bfcd-ec6096765b71', '5b6fe356-e3ad-41de-a96e-25785b8e2d00')
/
insert into KSEN_LUILUI_RELTN (OBJ_ID, VER_NBR, CREATEID, CREATETIME, UPDATEID, UPDATETIME, EFF_DT, EXPIR_DT, DESCR_FORMATTED, LUI_ID, LUILUI_RELTN_STATE, LUILUI_RELTN_TYPE, NAME, DESCR_PLAIN, RELATED_LUI_ID, ID) values ('c37d8cfb-4732-4c88-97e9-1ff09d113942', 0, 'admin', TIMESTAMP '2013-10-28 08:58:10.336', 'admin', TIMESTAMP '2013-10-28 08:58:10.336', TIMESTAMP '2013-10-28 08:58:25.115', '', 'CHEM242-RG-AO', 'bf6b59b4-e3f7-4820-be10-80af2cfbf21b', 'kuali.lui.lui.relation.state.active', 'kuali.lui.lui.relation.type.registeredforvia.rg2ao', 'rg-ao-relation', 'CHEM242-RG-AO', '5a914292-e09d-4c39-9039-81449eb82556', 'ab67ab87-f096-4607-8c64-55d74ae260b8')
/
insert into KSEN_LUI (OBJ_ID, VER_NBR, CREATEID, CREATETIME, UPDATEID, UPDATETIME, ATP_ID, CLU_ID, EFF_DT, EXPIR_DT, DESCR_FORMATTED, LUI_STATE, LUI_TYPE, MAX_SEATS, MIN_SEATS, NAME, DESCR_PLAIN, REF_URL, ID) values ('46e3e132-1540-40a2-ba3b-0e4f5947e253', 0, 'admin', TIMESTAMP '2013-10-28 08:58:10.336', 'admin', TIMESTAMP '2013-10-28 08:58:10.336', 'kuali.atp.2012Spring', 'd925e275-370d-4d98-bbec-96fe2459a200', '', '', '1024', 'kuali.lui.registration.group.state.pending', 'kuali.lui.type.registration.group', '', '', '1024', '1024', '', 'f29f5bae-bf17-4a9c-8bde-40b21db43b62')
/
insert into KSEN_LUI_ATTR (OBJ_ID, ATTR_KEY, OWNER_ID, ATTR_VALUE, ID) values ('435c1891-a0fb-45e0-bdcf-516272439e2d', 'kuali.attribute.registration.group.aocluster.id', 'f29f5bae-bf17-4a9c-8bde-40b21db43b62', '366050e2-6fe7-415d-b8bf-52017afbf785', '343d93d4-b5c4-4f4d-b396-bb5566bac821')
/
insert into KSEN_LUI_ATTR (OBJ_ID, ATTR_KEY, OWNER_ID, ATTR_VALUE, ID) values ('ab8600a8-2195-4a8f-9a43-141036277b96', 'kuali.attribute.registration.group.is.generated', 'f29f5bae-bf17-4a9c-8bde-40b21db43b62', '1', '7c82cb2a-b90e-4ad4-b21a-604e00337353')
/
insert into KSEN_LUI_IDENT (OBJ_ID, VER_NBR, CREATEID, CREATETIME, UPDATEID, UPDATETIME, LUI_CD, DIVISION, IDENT_LEVEL, LNG_NAME, LUI_ID, ORGID, SHRT_NAME, LUI_ID_STATE, SUFX_CD, LUI_ID_TYPE, VARTN, ID) values ('5572abd8-fcdd-4a9e-b8f7-bde0f04aacfc', 0, 'admin', TIMESTAMP '2013-10-28 08:58:10.336', 'admin', TIMESTAMP '2013-10-28 08:58:10.336', '', '', '', '', 'f29f5bae-bf17-4a9c-8bde-40b21db43b62', '', '', 'kuali.lui.identifier.state.active', '', 'kuali.lui.identifier.type.official', '', 'ce1b9f31-fbe6-43d8-980e-b9b20895ffcf')
/
insert into KSEN_LUILUI_RELTN (OBJ_ID, VER_NBR, CREATEID, CREATETIME, UPDATEID, UPDATETIME, EFF_DT, EXPIR_DT, DESCR_FORMATTED, LUI_ID, LUILUI_RELTN_STATE, LUILUI_RELTN_TYPE, NAME, DESCR_PLAIN, RELATED_LUI_ID, ID) values ('a75ff250-491d-4cf1-a919-4441af8d3343', 0, 'admin', TIMESTAMP '2013-10-28 08:58:10.336', 'admin', TIMESTAMP '2013-10-28 08:58:10.336', TIMESTAMP '2013-10-28 08:58:25.472', '', 'CHEM242-FO-RG', '9a852c90-0ada-48a6-9e63-0d21cdbd687a', 'kuali.lui.lui.relation.state.active', 'kuali.lui.lui.relation.type.deliveredvia.fo2rg', 'fo-rg-relation', 'CHEM242-FO-RG', 'f29f5bae-bf17-4a9c-8bde-40b21db43b62', '89aa33f1-e5fb-4e32-af36-eea21a50cf08')
/
insert into KSEN_LUILUI_RELTN (OBJ_ID, VER_NBR, CREATEID, CREATETIME, UPDATEID, UPDATETIME, EFF_DT, EXPIR_DT, DESCR_FORMATTED, LUI_ID, LUILUI_RELTN_STATE, LUILUI_RELTN_TYPE, NAME, DESCR_PLAIN, RELATED_LUI_ID, ID) values ('6b3d4459-ba54-44c2-a33d-972e5c526eda', 0, 'admin', TIMESTAMP '2013-10-28 08:58:10.336', 'admin', TIMESTAMP '2013-10-28 08:58:10.336', TIMESTAMP '2013-10-28 08:58:25.472', '', 'CHEM242-RG-AO', 'f29f5bae-bf17-4a9c-8bde-40b21db43b62', 'kuali.lui.lui.relation.state.active', 'kuali.lui.lui.relation.type.registeredforvia.rg2ao', 'rg-ao-relation', 'CHEM242-RG-AO', 'd126e608-b8d0-4eb1-bfcd-ec6096765b71', 'e4383382-1295-46f9-974f-1feb46fbdb5c')
/
insert into KSEN_LUILUI_RELTN (OBJ_ID, VER_NBR, CREATEID, CREATETIME, UPDATEID, UPDATETIME, EFF_DT, EXPIR_DT, DESCR_FORMATTED, LUI_ID, LUILUI_RELTN_STATE, LUILUI_RELTN_TYPE, NAME, DESCR_PLAIN, RELATED_LUI_ID, ID) values ('44d73235-5908-4637-85f2-62707dc856b4', 0, 'admin', TIMESTAMP '2013-10-28 08:58:10.336', 'admin', TIMESTAMP '2013-10-28 08:58:10.336', TIMESTAMP '2013-10-28 08:58:25.473', '', 'CHEM242-RG-AO', 'f29f5bae-bf17-4a9c-8bde-40b21db43b62', 'kuali.lui.lui.relation.state.active', 'kuali.lui.lui.relation.type.registeredforvia.rg2ao', 'rg-ao-relation', 'CHEM242-RG-AO', '36819e52-55c2-4544-b694-163857ab2746', '343b8a71-2f11-4104-a1f4-bbea6f008506')
/
insert into KSEN_LUI (OBJ_ID, VER_NBR, CREATEID, CREATETIME, UPDATEID, UPDATETIME, ATP_ID, CLU_ID, EFF_DT, EXPIR_DT, DESCR_FORMATTED, LUI_STATE, LUI_TYPE, MAX_SEATS, MIN_SEATS, NAME, DESCR_PLAIN, REF_URL, ID) values ('0fafdf5b-2086-47bf-aaff-90b052bcdfe9', 0, 'admin', TIMESTAMP '2013-10-28 08:58:10.336', 'admin', TIMESTAMP '2013-10-28 08:58:10.336', 'kuali.atp.2012Spring', 'd925e275-370d-4d98-bbec-96fe2459a200', '', '', '1025', 'kuali.lui.registration.group.state.pending', 'kuali.lui.type.registration.group', '', '', '1025', '1025', '', 'b83ead55-2832-49ed-b916-3dcd29485636')
/
insert into KSEN_LUI_ATTR (OBJ_ID, ATTR_KEY, OWNER_ID, ATTR_VALUE, ID) values ('3ea2929a-5147-4a4c-9f4d-657b39f44751', 'kuali.attribute.registration.group.aocluster.id', 'b83ead55-2832-49ed-b916-3dcd29485636', '366050e2-6fe7-415d-b8bf-52017afbf785', '46c5244b-04a3-4a0a-a696-4b7c4c29ea5e')
/
insert into KSEN_LUI_ATTR (OBJ_ID, ATTR_KEY, OWNER_ID, ATTR_VALUE, ID) values ('66c67c5d-c818-4e40-b785-4c649d7c8443', 'kuali.attribute.registration.group.is.generated', 'b83ead55-2832-49ed-b916-3dcd29485636', '1', '3087f2a9-72fd-4956-a46f-13b9e12dc822')
/
insert into KSEN_LUI_IDENT (OBJ_ID, VER_NBR, CREATEID, CREATETIME, UPDATEID, UPDATETIME, LUI_CD, DIVISION, IDENT_LEVEL, LNG_NAME, LUI_ID, ORGID, SHRT_NAME, LUI_ID_STATE, SUFX_CD, LUI_ID_TYPE, VARTN, ID) values ('2e979b33-7439-4937-8c81-5899658f26a1', 0, 'admin', TIMESTAMP '2013-10-28 08:58:10.336', 'admin', TIMESTAMP '2013-10-28 08:58:10.336', '', '', '', '', 'b83ead55-2832-49ed-b916-3dcd29485636', '', '', 'kuali.lui.identifier.state.active', '', 'kuali.lui.identifier.type.official', '', 'a3a57c38-c6f9-4d15-b41b-86d1c1aec874')
/
insert into KSEN_LUILUI_RELTN (OBJ_ID, VER_NBR, CREATEID, CREATETIME, UPDATEID, UPDATETIME, EFF_DT, EXPIR_DT, DESCR_FORMATTED, LUI_ID, LUILUI_RELTN_STATE, LUILUI_RELTN_TYPE, NAME, DESCR_PLAIN, RELATED_LUI_ID, ID) values ('980548de-080e-4560-a821-52c9e5f9d3cb', 0, 'admin', TIMESTAMP '2013-10-28 08:58:10.336', 'admin', TIMESTAMP '2013-10-28 08:58:10.336', TIMESTAMP '2013-10-28 08:58:25.819', '', 'CHEM242-FO-RG', '9a852c90-0ada-48a6-9e63-0d21cdbd687a', 'kuali.lui.lui.relation.state.active', 'kuali.lui.lui.relation.type.deliveredvia.fo2rg', 'fo-rg-relation', 'CHEM242-FO-RG', 'b83ead55-2832-49ed-b916-3dcd29485636', '09fad4ef-2303-4c00-aa35-7319e150928f')
/
insert into KSEN_LUILUI_RELTN (OBJ_ID, VER_NBR, CREATEID, CREATETIME, UPDATEID, UPDATETIME, EFF_DT, EXPIR_DT, DESCR_FORMATTED, LUI_ID, LUILUI_RELTN_STATE, LUILUI_RELTN_TYPE, NAME, DESCR_PLAIN, RELATED_LUI_ID, ID) values ('3552ed2d-55d3-459b-a996-a9c9c7a395b8', 0, 'admin', TIMESTAMP '2013-10-28 08:58:10.336', 'admin', TIMESTAMP '2013-10-28 08:58:10.336', TIMESTAMP '2013-10-28 08:58:25.82', '', 'CHEM242-RG-AO', 'b83ead55-2832-49ed-b916-3dcd29485636', 'kuali.lui.lui.relation.state.active', 'kuali.lui.lui.relation.type.registeredforvia.rg2ao', 'rg-ao-relation', 'CHEM242-RG-AO', 'd126e608-b8d0-4eb1-bfcd-ec6096765b71', '2f91bfb8-13d0-4091-ab9d-3bb20bdecba2')
/
insert into KSEN_LUILUI_RELTN (OBJ_ID, VER_NBR, CREATEID, CREATETIME, UPDATEID, UPDATETIME, EFF_DT, EXPIR_DT, DESCR_FORMATTED, LUI_ID, LUILUI_RELTN_STATE, LUILUI_RELTN_TYPE, NAME, DESCR_PLAIN, RELATED_LUI_ID, ID) values ('78b9b63d-4133-404c-b9c2-24626781e1a8', 0, 'admin', TIMESTAMP '2013-10-28 08:58:10.336', 'admin', TIMESTAMP '2013-10-28 08:58:10.336', TIMESTAMP '2013-10-28 08:58:25.82', '', 'CHEM242-RG-AO', 'b83ead55-2832-49ed-b916-3dcd29485636', 'kuali.lui.lui.relation.state.active', 'kuali.lui.lui.relation.type.registeredforvia.rg2ao', 'rg-ao-relation', 'CHEM242-RG-AO', '6701f63d-e978-43b1-8253-bda538df7ad6', 'fd92c44d-e2c6-4314-8ba4-dc6f21363eff')
/
insert into KSEN_LUI (OBJ_ID, VER_NBR, CREATEID, CREATETIME, UPDATEID, UPDATETIME, ATP_ID, CLU_ID, EFF_DT, EXPIR_DT, DESCR_FORMATTED, LUI_STATE, LUI_TYPE, MAX_SEATS, MIN_SEATS, NAME, DESCR_PLAIN, REF_URL, ID) values ('052620dc-117d-4dde-b188-840a0af9256a', 0, 'admin', TIMESTAMP '2013-10-28 08:58:10.336', 'admin', TIMESTAMP '2013-10-28 08:58:10.336', 'kuali.atp.2012Spring', 'd925e275-370d-4d98-bbec-96fe2459a200', '', '', '1026', 'kuali.lui.registration.group.state.pending', 'kuali.lui.type.registration.group', '', '', '1026', '1026', '', '12404563-344a-416f-a8ca-3d370615bb33')
/
insert into KSEN_LUI_ATTR (OBJ_ID, ATTR_KEY, OWNER_ID, ATTR_VALUE, ID) values ('6b0c9f9c-e34e-40a0-a841-d9d6cb4267da', 'kuali.attribute.registration.group.is.generated', '12404563-344a-416f-a8ca-3d370615bb33', '1', '1e8c2b34-1778-4d50-8f70-6783e21f32f0')
/
insert into KSEN_LUI_ATTR (OBJ_ID, ATTR_KEY, OWNER_ID, ATTR_VALUE, ID) values ('ff6018e9-86fe-40c5-b14e-93bd0d2359ad', 'kuali.attribute.registration.group.aocluster.id', '12404563-344a-416f-a8ca-3d370615bb33', '366050e2-6fe7-415d-b8bf-52017afbf785', 'bf0d3610-4ab0-4996-a7f7-03213232deba')
/
insert into KSEN_LUI_IDENT (OBJ_ID, VER_NBR, CREATEID, CREATETIME, UPDATEID, UPDATETIME, LUI_CD, DIVISION, IDENT_LEVEL, LNG_NAME, LUI_ID, ORGID, SHRT_NAME, LUI_ID_STATE, SUFX_CD, LUI_ID_TYPE, VARTN, ID) values ('974c6024-fab1-4799-bf9a-89073ce69ce6', 0, 'admin', TIMESTAMP '2013-10-28 08:58:10.336', 'admin', TIMESTAMP '2013-10-28 08:58:10.336', '', '', '', '', '12404563-344a-416f-a8ca-3d370615bb33', '', '', 'kuali.lui.identifier.state.active', '', 'kuali.lui.identifier.type.official', '', '6b22528a-f679-4d53-95de-7d8aa7b23b86')
/
insert into KSEN_LUILUI_RELTN (OBJ_ID, VER_NBR, CREATEID, CREATETIME, UPDATEID, UPDATETIME, EFF_DT, EXPIR_DT, DESCR_FORMATTED, LUI_ID, LUILUI_RELTN_STATE, LUILUI_RELTN_TYPE, NAME, DESCR_PLAIN, RELATED_LUI_ID, ID) values ('efd0d66a-062d-4e5a-b51f-ead199198bae', 0, 'admin', TIMESTAMP '2013-10-28 08:58:10.336', 'admin', TIMESTAMP '2013-10-28 08:58:10.336', TIMESTAMP '2013-10-28 08:58:26.182', '', 'CHEM242-FO-RG', '9a852c90-0ada-48a6-9e63-0d21cdbd687a', 'kuali.lui.lui.relation.state.active', 'kuali.lui.lui.relation.type.deliveredvia.fo2rg', 'fo-rg-relation', 'CHEM242-FO-RG', '12404563-344a-416f-a8ca-3d370615bb33', '5e916030-b167-44f6-b485-575f6dc5dd2f')
/
insert into KSEN_LUILUI_RELTN (OBJ_ID, VER_NBR, CREATEID, CREATETIME, UPDATEID, UPDATETIME, EFF_DT, EXPIR_DT, DESCR_FORMATTED, LUI_ID, LUILUI_RELTN_STATE, LUILUI_RELTN_TYPE, NAME, DESCR_PLAIN, RELATED_LUI_ID, ID) values ('57255626-091d-41d7-ae85-564a2f9408a5', 0, 'admin', TIMESTAMP '2013-10-28 08:58:10.336', 'admin', TIMESTAMP '2013-10-28 08:58:10.336', TIMESTAMP '2013-10-28 08:58:26.182', '', 'CHEM242-RG-AO', '12404563-344a-416f-a8ca-3d370615bb33', 'kuali.lui.lui.relation.state.active', 'kuali.lui.lui.relation.type.registeredforvia.rg2ao', 'rg-ao-relation', 'CHEM242-RG-AO', 'd126e608-b8d0-4eb1-bfcd-ec6096765b71', '32e9b398-6594-48cc-8809-3e0a1de61e3f')
/
insert into KSEN_LUILUI_RELTN (OBJ_ID, VER_NBR, CREATEID, CREATETIME, UPDATEID, UPDATETIME, EFF_DT, EXPIR_DT, DESCR_FORMATTED, LUI_ID, LUILUI_RELTN_STATE, LUILUI_RELTN_TYPE, NAME, DESCR_PLAIN, RELATED_LUI_ID, ID) values ('b97b3e52-1aab-43a0-a8b3-7d6a25e58543', 0, 'admin', TIMESTAMP '2013-10-28 08:58:10.336', 'admin', TIMESTAMP '2013-10-28 08:58:10.336', TIMESTAMP '2013-10-28 08:58:26.183', '', 'CHEM242-RG-AO', '12404563-344a-416f-a8ca-3d370615bb33', 'kuali.lui.lui.relation.state.active', 'kuali.lui.lui.relation.type.registeredforvia.rg2ao', 'rg-ao-relation', 'CHEM242-RG-AO', 'd7973aa1-54e2-4376-aa5b-0fdbb2a4ee71', 'e13f3b9b-aa12-4cdc-8fb8-d84bb38ba9af')
/
insert into KSEN_LUI (OBJ_ID, VER_NBR, CREATEID, CREATETIME, UPDATEID, UPDATETIME, ATP_ID, CLU_ID, EFF_DT, EXPIR_DT, DESCR_FORMATTED, LUI_STATE, LUI_TYPE, MAX_SEATS, MIN_SEATS, NAME, DESCR_PLAIN, REF_URL, ID) values ('c95ef38c-3d2e-4c16-9e73-c7f78948e853', 0, 'admin', TIMESTAMP '2013-10-28 08:58:10.336', 'admin', TIMESTAMP '2013-10-28 08:58:10.336', 'kuali.atp.2012Spring', 'd925e275-370d-4d98-bbec-96fe2459a200', '', '', '1027', 'kuali.lui.registration.group.state.pending', 'kuali.lui.type.registration.group', '', '', '1027', '1027', '', '20c420c7-013c-4f87-8ce6-53f0693df0b9')
/
insert into KSEN_LUI_ATTR (OBJ_ID, ATTR_KEY, OWNER_ID, ATTR_VALUE, ID) values ('e8663869-ed17-40ab-9804-d340dd652765', 'kuali.attribute.registration.group.is.generated', '20c420c7-013c-4f87-8ce6-53f0693df0b9', '1', '3abc7bd6-d9d1-4d80-ae19-99bf8c30d164')
/
insert into KSEN_LUI_ATTR (OBJ_ID, ATTR_KEY, OWNER_ID, ATTR_VALUE, ID) values ('a6948f56-9667-43a7-a7ee-b32744579f72', 'kuali.attribute.registration.group.aocluster.id', '20c420c7-013c-4f87-8ce6-53f0693df0b9', '366050e2-6fe7-415d-b8bf-52017afbf785', '92b4be9c-f1bb-49c9-a0bc-ac1a1e8fdb6f')
/
insert into KSEN_LUI_IDENT (OBJ_ID, VER_NBR, CREATEID, CREATETIME, UPDATEID, UPDATETIME, LUI_CD, DIVISION, IDENT_LEVEL, LNG_NAME, LUI_ID, ORGID, SHRT_NAME, LUI_ID_STATE, SUFX_CD, LUI_ID_TYPE, VARTN, ID) values ('7260beab-0e8f-4b84-a9bc-4a83198d9c5d', 0, 'admin', TIMESTAMP '2013-10-28 08:58:10.336', 'admin', TIMESTAMP '2013-10-28 08:58:10.336', '', '', '', '', '20c420c7-013c-4f87-8ce6-53f0693df0b9', '', '', 'kuali.lui.identifier.state.active', '', 'kuali.lui.identifier.type.official', '', '1a221571-8d5d-4eda-bd6b-de2861963108')
/
insert into KSEN_LUILUI_RELTN (OBJ_ID, VER_NBR, CREATEID, CREATETIME, UPDATEID, UPDATETIME, EFF_DT, EXPIR_DT, DESCR_FORMATTED, LUI_ID, LUILUI_RELTN_STATE, LUILUI_RELTN_TYPE, NAME, DESCR_PLAIN, RELATED_LUI_ID, ID) values ('f004b476-d9b7-4ae6-a428-bff76faba8dc', 0, 'admin', TIMESTAMP '2013-10-28 08:58:10.336', 'admin', TIMESTAMP '2013-10-28 08:58:10.336', TIMESTAMP '2013-10-28 08:58:26.565', '', 'CHEM242-FO-RG', '9a852c90-0ada-48a6-9e63-0d21cdbd687a', 'kuali.lui.lui.relation.state.active', 'kuali.lui.lui.relation.type.deliveredvia.fo2rg', 'fo-rg-relation', 'CHEM242-FO-RG', '20c420c7-013c-4f87-8ce6-53f0693df0b9', '759549bc-fab0-4a11-bfc4-b050a9d4d56f')
/
insert into KSEN_LUILUI_RELTN (OBJ_ID, VER_NBR, CREATEID, CREATETIME, UPDATEID, UPDATETIME, EFF_DT, EXPIR_DT, DESCR_FORMATTED, LUI_ID, LUILUI_RELTN_STATE, LUILUI_RELTN_TYPE, NAME, DESCR_PLAIN, RELATED_LUI_ID, ID) values ('ac6837dd-6d15-46cf-8aee-fbe4d38c2c57', 0, 'admin', TIMESTAMP '2013-10-28 08:58:10.336', 'admin', TIMESTAMP '2013-10-28 08:58:10.336', TIMESTAMP '2013-10-28 08:58:26.566', '', 'CHEM242-RG-AO', '20c420c7-013c-4f87-8ce6-53f0693df0b9', 'kuali.lui.lui.relation.state.active', 'kuali.lui.lui.relation.type.registeredforvia.rg2ao', 'rg-ao-relation', 'CHEM242-RG-AO', 'd126e608-b8d0-4eb1-bfcd-ec6096765b71', 'fa9b1968-b0ba-4baa-80c4-afaba2f191ed')
/
insert into KSEN_LUILUI_RELTN (OBJ_ID, VER_NBR, CREATEID, CREATETIME, UPDATEID, UPDATETIME, EFF_DT, EXPIR_DT, DESCR_FORMATTED, LUI_ID, LUILUI_RELTN_STATE, LUILUI_RELTN_TYPE, NAME, DESCR_PLAIN, RELATED_LUI_ID, ID) values ('dd31191c-af47-4291-89f6-2504a612e4fc', 0, 'admin', TIMESTAMP '2013-10-28 08:58:10.336', 'admin', TIMESTAMP '2013-10-28 08:58:10.336', TIMESTAMP '2013-10-28 08:58:26.566', '', 'CHEM242-RG-AO', '20c420c7-013c-4f87-8ce6-53f0693df0b9', 'kuali.lui.lui.relation.state.active', 'kuali.lui.lui.relation.type.registeredforvia.rg2ao', 'rg-ao-relation', 'CHEM242-RG-AO', '02bca99d-c3e6-4480-bae2-487f1f9b1240', 'ab1edf8c-028a-4f63-8e5a-19d67ebcabb8')
/
insert into KSEN_LUI (OBJ_ID, VER_NBR, CREATEID, CREATETIME, UPDATEID, UPDATETIME, ATP_ID, CLU_ID, EFF_DT, EXPIR_DT, DESCR_FORMATTED, LUI_STATE, LUI_TYPE, MAX_SEATS, MIN_SEATS, NAME, DESCR_PLAIN, REF_URL, ID) values ('f444b5e9-7374-445a-9130-830820c10afb', 0, 'admin', TIMESTAMP '2013-10-28 08:58:10.336', 'admin', TIMESTAMP '2013-10-28 08:58:10.336', 'kuali.atp.2012Spring', 'd925e275-370d-4d98-bbec-96fe2459a200', '', '', '1028', 'kuali.lui.registration.group.state.pending', 'kuali.lui.type.registration.group', '', '', '1028', '1028', '', '3f9b1f3a-d219-4b6b-aa10-2d0d41d42f02')
/
insert into KSEN_LUI_ATTR (OBJ_ID, ATTR_KEY, OWNER_ID, ATTR_VALUE, ID) values ('3e803027-8df1-41af-bc9e-b17a7c6866aa', 'kuali.attribute.registration.group.is.generated', '3f9b1f3a-d219-4b6b-aa10-2d0d41d42f02', '1', 'e826693b-333d-4b8e-9b17-5bda794edb34')
/
insert into KSEN_LUI_ATTR (OBJ_ID, ATTR_KEY, OWNER_ID, ATTR_VALUE, ID) values ('2e4e5a3d-4f8a-4167-a34e-3f48b7dadf82', 'kuali.attribute.registration.group.aocluster.id', '3f9b1f3a-d219-4b6b-aa10-2d0d41d42f02', '366050e2-6fe7-415d-b8bf-52017afbf785', '122ddace-e2fa-4b3f-b06f-6b80338d6a93')
/
insert into KSEN_LUI_IDENT (OBJ_ID, VER_NBR, CREATEID, CREATETIME, UPDATEID, UPDATETIME, LUI_CD, DIVISION, IDENT_LEVEL, LNG_NAME, LUI_ID, ORGID, SHRT_NAME, LUI_ID_STATE, SUFX_CD, LUI_ID_TYPE, VARTN, ID) values ('95d4373a-01b2-47ba-8c1f-051e4cbdbf87', 0, 'admin', TIMESTAMP '2013-10-28 08:58:10.336', 'admin', TIMESTAMP '2013-10-28 08:58:10.336', '', '', '', '', '3f9b1f3a-d219-4b6b-aa10-2d0d41d42f02', '', '', 'kuali.lui.identifier.state.active', '', 'kuali.lui.identifier.type.official', '', '7498670f-4da2-466b-8739-02c27f1a7326')
/
insert into KSEN_LUILUI_RELTN (OBJ_ID, VER_NBR, CREATEID, CREATETIME, UPDATEID, UPDATETIME, EFF_DT, EXPIR_DT, DESCR_FORMATTED, LUI_ID, LUILUI_RELTN_STATE, LUILUI_RELTN_TYPE, NAME, DESCR_PLAIN, RELATED_LUI_ID, ID) values ('d3797372-9bec-4e0d-a94b-2a31e971ddcc', 0, 'admin', TIMESTAMP '2013-10-28 08:58:10.336', 'admin', TIMESTAMP '2013-10-28 08:58:10.336', TIMESTAMP '2013-10-28 08:58:26.91', '', 'CHEM242-FO-RG', '9a852c90-0ada-48a6-9e63-0d21cdbd687a', 'kuali.lui.lui.relation.state.active', 'kuali.lui.lui.relation.type.deliveredvia.fo2rg', 'fo-rg-relation', 'CHEM242-FO-RG', '3f9b1f3a-d219-4b6b-aa10-2d0d41d42f02', '425d464c-58d1-4133-8d98-16f122a429f0')
/
insert into KSEN_LUILUI_RELTN (OBJ_ID, VER_NBR, CREATEID, CREATETIME, UPDATEID, UPDATETIME, EFF_DT, EXPIR_DT, DESCR_FORMATTED, LUI_ID, LUILUI_RELTN_STATE, LUILUI_RELTN_TYPE, NAME, DESCR_PLAIN, RELATED_LUI_ID, ID) values ('2c0caa3b-1bac-480c-b3a0-11f727d238d2', 0, 'admin', TIMESTAMP '2013-10-28 08:58:10.336', 'admin', TIMESTAMP '2013-10-28 08:58:10.336', TIMESTAMP '2013-10-28 08:58:26.91', '', 'CHEM242-RG-AO', '3f9b1f3a-d219-4b6b-aa10-2d0d41d42f02', 'kuali.lui.lui.relation.state.active', 'kuali.lui.lui.relation.type.registeredforvia.rg2ao', 'rg-ao-relation', 'CHEM242-RG-AO', 'd126e608-b8d0-4eb1-bfcd-ec6096765b71', '2dbb6092-3d6c-4439-8a31-11b840dd83ff')
/
insert into KSEN_LUILUI_RELTN (OBJ_ID, VER_NBR, CREATEID, CREATETIME, UPDATEID, UPDATETIME, EFF_DT, EXPIR_DT, DESCR_FORMATTED, LUI_ID, LUILUI_RELTN_STATE, LUILUI_RELTN_TYPE, NAME, DESCR_PLAIN, RELATED_LUI_ID, ID) values ('6244e2b5-8364-4080-a23b-efb5131cdad2', 0, 'admin', TIMESTAMP '2013-10-28 08:58:10.336', 'admin', TIMESTAMP '2013-10-28 08:58:10.336', TIMESTAMP '2013-10-28 08:58:26.911', '', 'CHEM242-RG-AO', '3f9b1f3a-d219-4b6b-aa10-2d0d41d42f02', 'kuali.lui.lui.relation.state.active', 'kuali.lui.lui.relation.type.registeredforvia.rg2ao', 'rg-ao-relation', 'CHEM242-RG-AO', 'fe0a16e4-7ae9-4ebb-ba36-485176895499', 'c552b8f7-0973-4f1a-bac2-a7d4b1d89beb')
/
insert into KSEN_LUI (OBJ_ID, VER_NBR, CREATEID, CREATETIME, UPDATEID, UPDATETIME, ATP_ID, CLU_ID, EFF_DT, EXPIR_DT, DESCR_FORMATTED, LUI_STATE, LUI_TYPE, MAX_SEATS, MIN_SEATS, NAME, DESCR_PLAIN, REF_URL, ID) values ('365511f4-220f-42ed-8e3c-3cadee9802bc', 0, 'admin', TIMESTAMP '2013-10-28 08:58:10.336', 'admin', TIMESTAMP '2013-10-28 08:58:10.336', 'kuali.atp.2012Spring', 'd925e275-370d-4d98-bbec-96fe2459a200', '', '', '1029', 'kuali.lui.registration.group.state.pending', 'kuali.lui.type.registration.group', '', '', '1029', '1029', '', '073f0eea-93f0-4f9e-9dae-140286c873bf')
/
insert into KSEN_LUI_ATTR (OBJ_ID, ATTR_KEY, OWNER_ID, ATTR_VALUE, ID) values ('ba9c201a-7173-4a1e-a35b-81a6ebb53c44', 'kuali.attribute.registration.group.aocluster.id', '073f0eea-93f0-4f9e-9dae-140286c873bf', '366050e2-6fe7-415d-b8bf-52017afbf785', '52a5e821-8722-4996-bdde-18259986d4e9')
/
insert into KSEN_LUI_ATTR (OBJ_ID, ATTR_KEY, OWNER_ID, ATTR_VALUE, ID) values ('39ed6bf8-9807-47dd-ab60-e5a3793e2306', 'kuali.attribute.registration.group.is.generated', '073f0eea-93f0-4f9e-9dae-140286c873bf', '1', '106db58d-8b5e-418c-8018-8466198551b8')
/
insert into KSEN_LUI_IDENT (OBJ_ID, VER_NBR, CREATEID, CREATETIME, UPDATEID, UPDATETIME, LUI_CD, DIVISION, IDENT_LEVEL, LNG_NAME, LUI_ID, ORGID, SHRT_NAME, LUI_ID_STATE, SUFX_CD, LUI_ID_TYPE, VARTN, ID) values ('d5665e3a-c500-43d1-b5f9-f3554f1c23c0', 0, 'admin', TIMESTAMP '2013-10-28 08:58:10.336', 'admin', TIMESTAMP '2013-10-28 08:58:10.336', '', '', '', '', '073f0eea-93f0-4f9e-9dae-140286c873bf', '', '', 'kuali.lui.identifier.state.active', '', 'kuali.lui.identifier.type.official', '', '47c6fd37-3fba-4aa8-8880-ba5f14f36fc8')
/
insert into KSEN_LUILUI_RELTN (OBJ_ID, VER_NBR, CREATEID, CREATETIME, UPDATEID, UPDATETIME, EFF_DT, EXPIR_DT, DESCR_FORMATTED, LUI_ID, LUILUI_RELTN_STATE, LUILUI_RELTN_TYPE, NAME, DESCR_PLAIN, RELATED_LUI_ID, ID) values ('b7135dc4-0387-4f55-81ed-9b290eebec2e', 0, 'admin', TIMESTAMP '2013-10-28 08:58:10.336', 'admin', TIMESTAMP '2013-10-28 08:58:10.336', TIMESTAMP '2013-10-28 08:58:27.259', '', 'CHEM242-FO-RG', '9a852c90-0ada-48a6-9e63-0d21cdbd687a', 'kuali.lui.lui.relation.state.active', 'kuali.lui.lui.relation.type.deliveredvia.fo2rg', 'fo-rg-relation', 'CHEM242-FO-RG', '073f0eea-93f0-4f9e-9dae-140286c873bf', '665f2a26-5122-4fca-860c-e6d208a79127')
/
insert into KSEN_LUILUI_RELTN (OBJ_ID, VER_NBR, CREATEID, CREATETIME, UPDATEID, UPDATETIME, EFF_DT, EXPIR_DT, DESCR_FORMATTED, LUI_ID, LUILUI_RELTN_STATE, LUILUI_RELTN_TYPE, NAME, DESCR_PLAIN, RELATED_LUI_ID, ID) values ('a4864e01-f237-4542-978c-6322dc93ec74', 0, 'admin', TIMESTAMP '2013-10-28 08:58:10.336', 'admin', TIMESTAMP '2013-10-28 08:58:10.336', TIMESTAMP '2013-10-28 08:58:27.26', '', 'CHEM242-RG-AO', '073f0eea-93f0-4f9e-9dae-140286c873bf', 'kuali.lui.lui.relation.state.active', 'kuali.lui.lui.relation.type.registeredforvia.rg2ao', 'rg-ao-relation', 'CHEM242-RG-AO', 'd126e608-b8d0-4eb1-bfcd-ec6096765b71', '1880abbd-1dd6-42c8-bc47-cd140bff56a6')
/
insert into KSEN_LUILUI_RELTN (OBJ_ID, VER_NBR, CREATEID, CREATETIME, UPDATEID, UPDATETIME, EFF_DT, EXPIR_DT, DESCR_FORMATTED, LUI_ID, LUILUI_RELTN_STATE, LUILUI_RELTN_TYPE, NAME, DESCR_PLAIN, RELATED_LUI_ID, ID) values ('146157a6-80e7-47bb-9832-7c17edad9ebb', 0, 'admin', TIMESTAMP '2013-10-28 08:58:10.336', 'admin', TIMESTAMP '2013-10-28 08:58:10.336', TIMESTAMP '2013-10-28 08:58:27.26', '', 'CHEM242-RG-AO', '073f0eea-93f0-4f9e-9dae-140286c873bf', 'kuali.lui.lui.relation.state.active', 'kuali.lui.lui.relation.type.registeredforvia.rg2ao', 'rg-ao-relation', 'CHEM242-RG-AO', '982a5a68-8cfa-4f5d-b5e8-f2d67de22d98', 'c7f11f98-7ba9-448c-9396-21e8be921e29')
/
insert into KSEN_LUI (OBJ_ID, VER_NBR, CREATEID, CREATETIME, UPDATEID, UPDATETIME, ATP_ID, CLU_ID, EFF_DT, EXPIR_DT, DESCR_FORMATTED, LUI_STATE, LUI_TYPE, MAX_SEATS, MIN_SEATS, NAME, DESCR_PLAIN, REF_URL, ID) values ('35a6561e-0d9a-4bbc-8e4b-dad49a6bd29d', 0, 'admin', TIMESTAMP '2013-10-28 08:58:10.336', 'admin', TIMESTAMP '2013-10-28 08:58:10.336', 'kuali.atp.2012Spring', 'd925e275-370d-4d98-bbec-96fe2459a200', '', '', '1030', 'kuali.lui.registration.group.state.pending', 'kuali.lui.type.registration.group', '', '', '1030', '1030', '', 'b2287a84-6c6f-4591-a843-c18290167a47')
/
insert into KSEN_LUI_ATTR (OBJ_ID, ATTR_KEY, OWNER_ID, ATTR_VALUE, ID) values ('a53c1756-a349-4e27-93f9-57414184217b', 'kuali.attribute.registration.group.is.generated', 'b2287a84-6c6f-4591-a843-c18290167a47', '1', 'ee9164e3-ccdc-4030-8692-2dfdd047805f')
/
insert into KSEN_LUI_ATTR (OBJ_ID, ATTR_KEY, OWNER_ID, ATTR_VALUE, ID) values ('1115dd78-a6e5-45b1-8d15-afaaca3d5ee8', 'kuali.attribute.registration.group.aocluster.id', 'b2287a84-6c6f-4591-a843-c18290167a47', '366050e2-6fe7-415d-b8bf-52017afbf785', 'e8705eb2-3e49-434a-a691-ac335af66939')
/
insert into KSEN_LUI_IDENT (OBJ_ID, VER_NBR, CREATEID, CREATETIME, UPDATEID, UPDATETIME, LUI_CD, DIVISION, IDENT_LEVEL, LNG_NAME, LUI_ID, ORGID, SHRT_NAME, LUI_ID_STATE, SUFX_CD, LUI_ID_TYPE, VARTN, ID) values ('2381cc3d-5ae4-46bb-ab7c-a8f416cbdea5', 0, 'admin', TIMESTAMP '2013-10-28 08:58:10.336', 'admin', TIMESTAMP '2013-10-28 08:58:10.336', '', '', '', '', 'b2287a84-6c6f-4591-a843-c18290167a47', '', '', 'kuali.lui.identifier.state.active', '', 'kuali.lui.identifier.type.official', '', '7316045e-3771-4bdf-82c3-a27e6d3dbc18')
/
insert into KSEN_LUILUI_RELTN (OBJ_ID, VER_NBR, CREATEID, CREATETIME, UPDATEID, UPDATETIME, EFF_DT, EXPIR_DT, DESCR_FORMATTED, LUI_ID, LUILUI_RELTN_STATE, LUILUI_RELTN_TYPE, NAME, DESCR_PLAIN, RELATED_LUI_ID, ID) values ('2f0d4a88-e859-461a-9bd5-0eaea0bed0e0', 0, 'admin', TIMESTAMP '2013-10-28 08:58:10.336', 'admin', TIMESTAMP '2013-10-28 08:58:10.336', TIMESTAMP '2013-10-28 08:58:27.614', '', 'CHEM242-FO-RG', '9a852c90-0ada-48a6-9e63-0d21cdbd687a', 'kuali.lui.lui.relation.state.active', 'kuali.lui.lui.relation.type.deliveredvia.fo2rg', 'fo-rg-relation', 'CHEM242-FO-RG', 'b2287a84-6c6f-4591-a843-c18290167a47', '20d9e77d-8acd-453b-8931-56f79332efb1')
/
insert into KSEN_LUILUI_RELTN (OBJ_ID, VER_NBR, CREATEID, CREATETIME, UPDATEID, UPDATETIME, EFF_DT, EXPIR_DT, DESCR_FORMATTED, LUI_ID, LUILUI_RELTN_STATE, LUILUI_RELTN_TYPE, NAME, DESCR_PLAIN, RELATED_LUI_ID, ID) values ('21ec8f49-7e67-4b4f-82d6-cb24a62a49ff', 0, 'admin', TIMESTAMP '2013-10-28 08:58:10.336', 'admin', TIMESTAMP '2013-10-28 08:58:10.336', TIMESTAMP '2013-10-28 08:58:27.615', '', 'CHEM242-RG-AO', 'b2287a84-6c6f-4591-a843-c18290167a47', 'kuali.lui.lui.relation.state.active', 'kuali.lui.lui.relation.type.registeredforvia.rg2ao', 'rg-ao-relation', 'CHEM242-RG-AO', 'd126e608-b8d0-4eb1-bfcd-ec6096765b71', 'a14f3c68-44ca-4546-9cbb-82fd40262a36')
/
insert into KSEN_LUILUI_RELTN (OBJ_ID, VER_NBR, CREATEID, CREATETIME, UPDATEID, UPDATETIME, EFF_DT, EXPIR_DT, DESCR_FORMATTED, LUI_ID, LUILUI_RELTN_STATE, LUILUI_RELTN_TYPE, NAME, DESCR_PLAIN, RELATED_LUI_ID, ID) values ('d3a7b896-9402-4131-ae8b-f9d8d70ee079', 0, 'admin', TIMESTAMP '2013-10-28 08:58:10.336', 'admin', TIMESTAMP '2013-10-28 08:58:10.336', TIMESTAMP '2013-10-28 08:58:27.615', '', 'CHEM242-RG-AO', 'b2287a84-6c6f-4591-a843-c18290167a47', 'kuali.lui.lui.relation.state.active', 'kuali.lui.lui.relation.type.registeredforvia.rg2ao', 'rg-ao-relation', 'CHEM242-RG-AO', 'c0732e27-94d9-497c-a40a-55a6373eab2a', 'd138f25c-b95d-414e-a69d-173dcf173fe3')
/
insert into KSEN_LUI (OBJ_ID, VER_NBR, CREATEID, CREATETIME, UPDATEID, UPDATETIME, ATP_ID, CLU_ID, EFF_DT, EXPIR_DT, DESCR_FORMATTED, LUI_STATE, LUI_TYPE, MAX_SEATS, MIN_SEATS, NAME, DESCR_PLAIN, REF_URL, ID) values ('962ac84a-97c4-4e93-a42a-22ec38649b2f', 0, 'admin', TIMESTAMP '2013-10-28 08:58:10.336', 'admin', TIMESTAMP '2013-10-28 08:58:10.336', 'kuali.atp.2012Spring', 'd925e275-370d-4d98-bbec-96fe2459a200', '', '', '1031', 'kuali.lui.registration.group.state.pending', 'kuali.lui.type.registration.group', '', '', '1031', '1031', '', 'fa5eae52-6dba-43b5-818d-9d2ddaf27b13')
/
insert into KSEN_LUI_ATTR (OBJ_ID, ATTR_KEY, OWNER_ID, ATTR_VALUE, ID) values ('8f36a489-ba5c-4f53-bd19-be4cc785edeb', 'kuali.attribute.registration.group.aocluster.id', 'fa5eae52-6dba-43b5-818d-9d2ddaf27b13', '366050e2-6fe7-415d-b8bf-52017afbf785', 'c749d2f3-d7b8-4fd7-921d-260e36dc77d9')
/
insert into KSEN_LUI_ATTR (OBJ_ID, ATTR_KEY, OWNER_ID, ATTR_VALUE, ID) values ('151cc66d-c5de-469b-b53f-507f5ad91d0d', 'kuali.attribute.registration.group.is.generated', 'fa5eae52-6dba-43b5-818d-9d2ddaf27b13', '1', '4ac02911-148c-48e1-8622-d169f9de02f6')
/
insert into KSEN_LUI_IDENT (OBJ_ID, VER_NBR, CREATEID, CREATETIME, UPDATEID, UPDATETIME, LUI_CD, DIVISION, IDENT_LEVEL, LNG_NAME, LUI_ID, ORGID, SHRT_NAME, LUI_ID_STATE, SUFX_CD, LUI_ID_TYPE, VARTN, ID) values ('8df7b00b-4fdb-4d24-83e5-3ed00677eb2e', 0, 'admin', TIMESTAMP '2013-10-28 08:58:10.336', 'admin', TIMESTAMP '2013-10-28 08:58:10.336', '', '', '', '', 'fa5eae52-6dba-43b5-818d-9d2ddaf27b13', '', '', 'kuali.lui.identifier.state.active', '', 'kuali.lui.identifier.type.official', '', '6dd48356-c65c-49bd-8030-bf7104a6adcc')
/
insert into KSEN_LUILUI_RELTN (OBJ_ID, VER_NBR, CREATEID, CREATETIME, UPDATEID, UPDATETIME, EFF_DT, EXPIR_DT, DESCR_FORMATTED, LUI_ID, LUILUI_RELTN_STATE, LUILUI_RELTN_TYPE, NAME, DESCR_PLAIN, RELATED_LUI_ID, ID) values ('feb142d0-2edf-471a-bc4f-f81d1f67004a', 0, 'admin', TIMESTAMP '2013-10-28 08:58:10.336', 'admin', TIMESTAMP '2013-10-28 08:58:10.336', TIMESTAMP '2013-10-28 08:58:27.978', '', 'CHEM242-FO-RG', '9a852c90-0ada-48a6-9e63-0d21cdbd687a', 'kuali.lui.lui.relation.state.active', 'kuali.lui.lui.relation.type.deliveredvia.fo2rg', 'fo-rg-relation', 'CHEM242-FO-RG', 'fa5eae52-6dba-43b5-818d-9d2ddaf27b13', 'e8f478e6-6d4c-440a-ab0e-9038500454d2')
/
insert into KSEN_LUILUI_RELTN (OBJ_ID, VER_NBR, CREATEID, CREATETIME, UPDATEID, UPDATETIME, EFF_DT, EXPIR_DT, DESCR_FORMATTED, LUI_ID, LUILUI_RELTN_STATE, LUILUI_RELTN_TYPE, NAME, DESCR_PLAIN, RELATED_LUI_ID, ID) values ('710c1a2e-a7be-4e71-8e5c-23f5065e4b9a', 0, 'admin', TIMESTAMP '2013-10-28 08:58:10.336', 'admin', TIMESTAMP '2013-10-28 08:58:10.336', TIMESTAMP '2013-10-28 08:58:27.979', '', 'CHEM242-RG-AO', 'fa5eae52-6dba-43b5-818d-9d2ddaf27b13', 'kuali.lui.lui.relation.state.active', 'kuali.lui.lui.relation.type.registeredforvia.rg2ao', 'rg-ao-relation', 'CHEM242-RG-AO', 'd126e608-b8d0-4eb1-bfcd-ec6096765b71', 'cb143823-5d2e-4648-b091-a4bfcde9e510')
/
insert into KSEN_LUILUI_RELTN (OBJ_ID, VER_NBR, CREATEID, CREATETIME, UPDATEID, UPDATETIME, EFF_DT, EXPIR_DT, DESCR_FORMATTED, LUI_ID, LUILUI_RELTN_STATE, LUILUI_RELTN_TYPE, NAME, DESCR_PLAIN, RELATED_LUI_ID, ID) values ('b4ecd072-9dda-4a6a-8c3a-2b29f8699abf', 0, 'admin', TIMESTAMP '2013-10-28 08:58:10.336', 'admin', TIMESTAMP '2013-10-28 08:58:10.336', TIMESTAMP '2013-10-28 08:58:27.979', '', 'CHEM242-RG-AO', 'fa5eae52-6dba-43b5-818d-9d2ddaf27b13', 'kuali.lui.lui.relation.state.active', 'kuali.lui.lui.relation.type.registeredforvia.rg2ao', 'rg-ao-relation', 'CHEM242-RG-AO', '989f60b7-237a-42fb-bdf5-8570cae5cd61', '9e2fea3a-7fde-4273-b2a0-5b97895931f3')
/
insert into KSEN_LUI (OBJ_ID, VER_NBR, CREATEID, CREATETIME, UPDATEID, UPDATETIME, ATP_ID, CLU_ID, EFF_DT, EXPIR_DT, DESCR_FORMATTED, LUI_STATE, LUI_TYPE, MAX_SEATS, MIN_SEATS, NAME, DESCR_PLAIN, REF_URL, ID) values ('057783fd-1882-4504-89a5-e528501abe67', 0, 'admin', TIMESTAMP '2013-10-28 08:58:10.336', 'admin', TIMESTAMP '2013-10-28 08:58:10.336', 'kuali.atp.2012Spring', 'd925e275-370d-4d98-bbec-96fe2459a200', '', '', '1032', 'kuali.lui.registration.group.state.pending', 'kuali.lui.type.registration.group', '', '', '1032', '1032', '', '0b424a8a-5df6-4f15-b49c-977c54036dcf')
/
insert into KSEN_LUI_ATTR (OBJ_ID, ATTR_KEY, OWNER_ID, ATTR_VALUE, ID) values ('75a15008-7aa4-49cf-aad9-9eaa46ad37e4', 'kuali.attribute.registration.group.aocluster.id', '0b424a8a-5df6-4f15-b49c-977c54036dcf', '366050e2-6fe7-415d-b8bf-52017afbf785', '216764be-9eee-4d3c-ab74-0d0e69a18aea')
/
insert into KSEN_LUI_ATTR (OBJ_ID, ATTR_KEY, OWNER_ID, ATTR_VALUE, ID) values ('3d871181-cd2b-42a6-9175-88863c5684e6', 'kuali.attribute.registration.group.is.generated', '0b424a8a-5df6-4f15-b49c-977c54036dcf', '1', '13feac5d-2d83-443a-97bf-1380993a41aa')
/
insert into KSEN_LUI_IDENT (OBJ_ID, VER_NBR, CREATEID, CREATETIME, UPDATEID, UPDATETIME, LUI_CD, DIVISION, IDENT_LEVEL, LNG_NAME, LUI_ID, ORGID, SHRT_NAME, LUI_ID_STATE, SUFX_CD, LUI_ID_TYPE, VARTN, ID) values ('31069f03-056b-4f64-a543-c9b3380ec35e', 0, 'admin', TIMESTAMP '2013-10-28 08:58:10.336', 'admin', TIMESTAMP '2013-10-28 08:58:10.336', '', '', '', '', '0b424a8a-5df6-4f15-b49c-977c54036dcf', '', '', 'kuali.lui.identifier.state.active', '', 'kuali.lui.identifier.type.official', '', '889af6ba-72ed-4f94-acce-1c5fad09a639')
/
insert into KSEN_LUILUI_RELTN (OBJ_ID, VER_NBR, CREATEID, CREATETIME, UPDATEID, UPDATETIME, EFF_DT, EXPIR_DT, DESCR_FORMATTED, LUI_ID, LUILUI_RELTN_STATE, LUILUI_RELTN_TYPE, NAME, DESCR_PLAIN, RELATED_LUI_ID, ID) values ('eaf4a66a-34a4-4905-b636-9358b2a90d51', 0, 'admin', TIMESTAMP '2013-10-28 08:58:10.336', 'admin', TIMESTAMP '2013-10-28 08:58:10.336', TIMESTAMP '2013-10-28 08:58:28.304', '', 'CHEM242-FO-RG', '9a852c90-0ada-48a6-9e63-0d21cdbd687a', 'kuali.lui.lui.relation.state.active', 'kuali.lui.lui.relation.type.deliveredvia.fo2rg', 'fo-rg-relation', 'CHEM242-FO-RG', '0b424a8a-5df6-4f15-b49c-977c54036dcf', 'c67467b5-658c-4ba5-8d9c-2716cd85401e')
/
insert into KSEN_LUILUI_RELTN (OBJ_ID, VER_NBR, CREATEID, CREATETIME, UPDATEID, UPDATETIME, EFF_DT, EXPIR_DT, DESCR_FORMATTED, LUI_ID, LUILUI_RELTN_STATE, LUILUI_RELTN_TYPE, NAME, DESCR_PLAIN, RELATED_LUI_ID, ID) values ('c2ae258c-092a-4be7-b697-ec2f1ebee1d1', 0, 'admin', TIMESTAMP '2013-10-28 08:58:10.336', 'admin', TIMESTAMP '2013-10-28 08:58:10.336', TIMESTAMP '2013-10-28 08:58:28.305', '', 'CHEM242-RG-AO', '0b424a8a-5df6-4f15-b49c-977c54036dcf', 'kuali.lui.lui.relation.state.active', 'kuali.lui.lui.relation.type.registeredforvia.rg2ao', 'rg-ao-relation', 'CHEM242-RG-AO', 'd126e608-b8d0-4eb1-bfcd-ec6096765b71', 'b9d3611f-7910-47d6-a85a-28b5cbdf2e53')
/
insert into KSEN_LUILUI_RELTN (OBJ_ID, VER_NBR, CREATEID, CREATETIME, UPDATEID, UPDATETIME, EFF_DT, EXPIR_DT, DESCR_FORMATTED, LUI_ID, LUILUI_RELTN_STATE, LUILUI_RELTN_TYPE, NAME, DESCR_PLAIN, RELATED_LUI_ID, ID) values ('d1955994-c1b5-4b20-a7d5-f32436c5f6e4', 0, 'admin', TIMESTAMP '2013-10-28 08:58:10.336', 'admin', TIMESTAMP '2013-10-28 08:58:10.336', TIMESTAMP '2013-10-28 08:58:28.305', '', 'CHEM242-RG-AO', '0b424a8a-5df6-4f15-b49c-977c54036dcf', 'kuali.lui.lui.relation.state.active', 'kuali.lui.lui.relation.type.registeredforvia.rg2ao', 'rg-ao-relation', 'CHEM242-RG-AO', '1f8c9aa8-3838-4179-8f2a-6bfbc9e3f85e', 'e8398154-6843-458f-aca9-d336f27c7798')
/
insert into KSEN_LUI (OBJ_ID, VER_NBR, CREATEID, CREATETIME, UPDATEID, UPDATETIME, ATP_ID, CLU_ID, EFF_DT, EXPIR_DT, DESCR_FORMATTED, LUI_STATE, LUI_TYPE, MAX_SEATS, MIN_SEATS, NAME, DESCR_PLAIN, REF_URL, ID) values ('8541c1e7-c2b3-47e6-8c7b-272bd2dbccf3', 0, 'admin', TIMESTAMP '2013-10-28 08:58:10.336', 'admin', TIMESTAMP '2013-10-28 08:58:10.336', 'kuali.atp.2012Spring', 'd925e275-370d-4d98-bbec-96fe2459a200', '', '', '1033', 'kuali.lui.registration.group.state.pending', 'kuali.lui.type.registration.group', '', '', '1033', '1033', '', 'bd1add4e-5aee-4cea-adad-fa515ed82ebd')
/
insert into KSEN_LUI_ATTR (OBJ_ID, ATTR_KEY, OWNER_ID, ATTR_VALUE, ID) values ('22e8b79f-224e-4c5e-8f46-1ae4576e6b48', 'kuali.attribute.registration.group.aocluster.id', 'bd1add4e-5aee-4cea-adad-fa515ed82ebd', '366050e2-6fe7-415d-b8bf-52017afbf785', '32b3345d-e59f-413c-a8da-cc7e7964298b')
/
insert into KSEN_LUI_ATTR (OBJ_ID, ATTR_KEY, OWNER_ID, ATTR_VALUE, ID) values ('e1ad651a-b32c-4242-b36c-a9e2e2892c3f', 'kuali.attribute.registration.group.is.generated', 'bd1add4e-5aee-4cea-adad-fa515ed82ebd', '1', 'a9f5eb0a-b843-4012-bfed-f498523505d6')
/
insert into KSEN_LUI_IDENT (OBJ_ID, VER_NBR, CREATEID, CREATETIME, UPDATEID, UPDATETIME, LUI_CD, DIVISION, IDENT_LEVEL, LNG_NAME, LUI_ID, ORGID, SHRT_NAME, LUI_ID_STATE, SUFX_CD, LUI_ID_TYPE, VARTN, ID) values ('7242c703-7506-4037-9039-2aa8a298d7c8', 0, 'admin', TIMESTAMP '2013-10-28 08:58:10.336', 'admin', TIMESTAMP '2013-10-28 08:58:10.336', '', '', '', '', 'bd1add4e-5aee-4cea-adad-fa515ed82ebd', '', '', 'kuali.lui.identifier.state.active', '', 'kuali.lui.identifier.type.official', '', 'cdbf19f1-a379-4d14-a3a3-f5e8ca1c6413')
/
insert into KSEN_LUILUI_RELTN (OBJ_ID, VER_NBR, CREATEID, CREATETIME, UPDATEID, UPDATETIME, EFF_DT, EXPIR_DT, DESCR_FORMATTED, LUI_ID, LUILUI_RELTN_STATE, LUILUI_RELTN_TYPE, NAME, DESCR_PLAIN, RELATED_LUI_ID, ID) values ('7106e2b9-2db4-4315-8ecc-028b2a1a1946', 0, 'admin', TIMESTAMP '2013-10-28 08:58:10.336', 'admin', TIMESTAMP '2013-10-28 08:58:10.336', TIMESTAMP '2013-10-28 08:58:28.623', '', 'CHEM242-FO-RG', '9a852c90-0ada-48a6-9e63-0d21cdbd687a', 'kuali.lui.lui.relation.state.active', 'kuali.lui.lui.relation.type.deliveredvia.fo2rg', 'fo-rg-relation', 'CHEM242-FO-RG', 'bd1add4e-5aee-4cea-adad-fa515ed82ebd', '3a781b8a-4947-4e72-9140-8c3b6bb16190')
/
insert into KSEN_LUILUI_RELTN (OBJ_ID, VER_NBR, CREATEID, CREATETIME, UPDATEID, UPDATETIME, EFF_DT, EXPIR_DT, DESCR_FORMATTED, LUI_ID, LUILUI_RELTN_STATE, LUILUI_RELTN_TYPE, NAME, DESCR_PLAIN, RELATED_LUI_ID, ID) values ('30910312-4537-4c96-8c27-42fe532814ec', 0, 'admin', TIMESTAMP '2013-10-28 08:58:10.336', 'admin', TIMESTAMP '2013-10-28 08:58:10.336', TIMESTAMP '2013-10-28 08:58:28.623', '', 'CHEM242-RG-AO', 'bd1add4e-5aee-4cea-adad-fa515ed82ebd', 'kuali.lui.lui.relation.state.active', 'kuali.lui.lui.relation.type.registeredforvia.rg2ao', 'rg-ao-relation', 'CHEM242-RG-AO', 'd126e608-b8d0-4eb1-bfcd-ec6096765b71', '263bc4c6-55f4-47f4-b42a-529a5f6aef85')
/
insert into KSEN_LUILUI_RELTN (OBJ_ID, VER_NBR, CREATEID, CREATETIME, UPDATEID, UPDATETIME, EFF_DT, EXPIR_DT, DESCR_FORMATTED, LUI_ID, LUILUI_RELTN_STATE, LUILUI_RELTN_TYPE, NAME, DESCR_PLAIN, RELATED_LUI_ID, ID) values ('773109ed-d92b-4ae5-9f57-045c9159a943', 0, 'admin', TIMESTAMP '2013-10-28 08:58:10.336', 'admin', TIMESTAMP '2013-10-28 08:58:10.336', TIMESTAMP '2013-10-28 08:58:28.624', '', 'CHEM242-RG-AO', 'bd1add4e-5aee-4cea-adad-fa515ed82ebd', 'kuali.lui.lui.relation.state.active', 'kuali.lui.lui.relation.type.registeredforvia.rg2ao', 'rg-ao-relation', 'CHEM242-RG-AO', 'cb8ff828-3d3c-4a6a-842b-b68ef440d017', 'b82eb55d-0af1-473c-8681-df7df2cc0aa9')
/
insert into KSEN_CWL (OBJ_ID, VER_NBR, CREATEID, CREATETIME, UPDATEID, UPDATETIME, ALLOW_HOLD_UTIL_ENTRIES_IND, AUTO_PROCESSED_IND, CHECK_IN_REQ_IND, CONF_REQ_IND, EFF_DT, EXPIR_DT, MAX_SIZE, REG_IN_FIRST_AAO_IND, STD_DUR_TIME_QTY, STD_DUR_TYPE, CWL_STATE, CWL_TYPE, ID) values ('830b042a-bbaf-4bac-802e-1ff5fb4a0857', 0, 'admin', TIMESTAMP '2013-10-28 08:58:10.336', 'admin', TIMESTAMP '2013-10-28 08:58:10.336', '0', '1', '0', '1', '', '', '', '', '', '', 'kuali.course.waitlist.state.active', 'kuali.course.waitlist.type.course.waitlist', '315055df-5128-44b5-86fe-e4b292bace58')
/
insert into KSEN_CWL_ACTIV_OFFER (CWL_ID, ACTIV_OFFER_ID) values ('315055df-5128-44b5-86fe-e4b292bace58', 'd126e608-b8d0-4eb1-bfcd-ec6096765b71')
/
insert into KSEN_CWL_FORMAT_OFFER (CWL_ID, FORMAT_OFFER_ID) values ('315055df-5128-44b5-86fe-e4b292bace58', '9a852c90-0ada-48a6-9e63-0d21cdbd687a')
/


-- Term = kuali.atp.2012Spring / 201201, coCode = BSCI105M
insert into KSEN_LUI (OBJ_ID, VER_NBR, CREATEID, CREATETIME, UPDATEID, UPDATETIME, ATP_ID, CLU_ID, EFF_DT, EXPIR_DT, DESCR_FORMATTED, LUI_STATE, LUI_TYPE, MAX_SEATS, MIN_SEATS, NAME, DESCR_PLAIN, REF_URL, ID) values ('b8fa2739-9cff-425c-8a95-a43c71145e78', 0, 'admin', TIMESTAMP '2013-10-28 09:01:34.996', 'admin', TIMESTAMP '2013-10-28 09:01:34.996', 'kuali.atp.2012Spring', '5fc1ad8f-2588-4d53-8ad3-66a87f5bc01d', '', '', '', 'kuali.lui.activity.offering.state.draft', 'kuali.lui.type.activity.offering.lab', 20, '', 'BSCI105M AO', '', '', '3444aa0d-3240-434c-941a-9ae79de10a6a')
/
insert into KSEN_LUI_ATTR (OBJ_ID, ATTR_KEY, OWNER_ID, ATTR_VALUE, ID) values ('4aec78c5-d25b-483d-a6e2-e84cb3dc766e', 'kuali.attribute.nonstd.ts.indicator', '3444aa0d-3240-434c-941a-9ae79de10a6a', '0', '0650a33f-bdaa-4239-921a-4ed350e0f88a')
/
insert into KSEN_LUI_ATTR (OBJ_ID, ATTR_KEY, OWNER_ID, ATTR_VALUE, ID) values ('4dae9011-151a-4f87-9a71-36e0e50ecdec', 'kuali.attribute.course.evaluation.indicator', '3444aa0d-3240-434c-941a-9ae79de10a6a', 'null', '32799495-2ce3-4d24-9b6c-707d70901335')
/
insert into KSEN_LUI_ATTR (OBJ_ID, ATTR_KEY, OWNER_ID, ATTR_VALUE, ID) values ('26f72991-b34f-43ca-9638-7033e952fa61', 'kuali.attribute.max.enrollment.is.estimate', '3444aa0d-3240-434c-941a-9ae79de10a6a', 'null', 'd4f16aa3-4d93-46a8-9420-a47a0adb849c')
/
insert into KSEN_LUI_IDENT (OBJ_ID, VER_NBR, CREATEID, CREATETIME, UPDATEID, UPDATETIME, LUI_CD, DIVISION, IDENT_LEVEL, LNG_NAME, LUI_ID, ORGID, SHRT_NAME, LUI_ID_STATE, SUFX_CD, LUI_ID_TYPE, VARTN, ID) values ('48ee1beb-cb42-477b-848c-cc29edf323f2', 0, 'admin', TIMESTAMP '2013-10-28 09:01:34.996', 'admin', TIMESTAMP '2013-10-28 09:01:34.996', 'E', '', '', '', '3444aa0d-3240-434c-941a-9ae79de10a6a', '', '', 'kuali.lui.identifier.state.active', '', 'kuali.lui.identifier.type.official', '', '599dbac3-6b5a-4c45-b698-172e9362d71c')
/
insert into KSEN_LUI_LU_CD (OBJ_ID, VER_NBR, CREATEID, CREATETIME, UPDATEID, UPDATETIME, DESCR_FORMATTED, LUI_ID, DESCR_PLAIN, LUI_LUCD_TYPE, VALUE, ID) values ('fff3a4a7-4e76-4169-ad4b-28fbf3f8f5ec', 0, 'admin', TIMESTAMP '2013-10-28 09:01:34.996', 'admin', TIMESTAMP '2013-10-28 09:01:34.996', '', '3444aa0d-3240-434c-941a-9ae79de10a6a', '', 'kuali.lu.code.honorsOffering', 'null', '1f0b78d5-0efd-4127-a08e-5dcd2bece9c6')
/
insert into KSEN_LUILUI_RELTN (OBJ_ID, VER_NBR, CREATEID, CREATETIME, UPDATEID, UPDATETIME, EFF_DT, EXPIR_DT, DESCR_FORMATTED, LUI_ID, LUILUI_RELTN_STATE, LUILUI_RELTN_TYPE, NAME, DESCR_PLAIN, RELATED_LUI_ID, ID) values ('9d07eadb-4fde-4d7d-8538-cebfe0bc9eee', 0, 'admin', TIMESTAMP '2013-10-28 09:01:34.996', 'admin', TIMESTAMP '2013-10-28 09:01:34.996', TIMESTAMP '2013-10-28 09:01:35.135', '', 'BSCI105M-FO-AO', '5236aa09-34a7-4e12-8636-26bd34952416', 'kuali.lui.lui.relation.state.active', 'kuali.lui.lui.relation.type.deliveredvia.fo2ao', 'fo-ao-relation', 'BSCI105M-FO-AO', '3444aa0d-3240-434c-941a-9ae79de10a6a', 'a4381333-ab7d-49e2-988e-c8e189cf187e')
/
insert into KSEN_CO_AO_CLUSTER_SET (OBJ_ID, ACTIVITY_OFFERING_TYPE, AO_CLUSTER_ID, ID) values ('482ea51b-e531-4a4e-aa14-f9e0b4ef0cb0', 'kuali.lui.type.activity.offering.lab', 'cbbeeff0-d800-49a5-b3b1-1bd21998994e', '8dd66c69-a8fb-421a-a0f6-b330213cc3f7')
/
insert into KSEN_CO_AO_CLUSTER_SET_AO (AOC_SET_ID, ACTIVITY_OFFERING_ID) values ('8dd66c69-a8fb-421a-a0f6-b330213cc3f7', '3444aa0d-3240-434c-941a-9ae79de10a6a')
/
delete from KSEN_LUILUI_RELTN where ID='f65b595e-0098-44b1-b72b-2c4d7347f889' and VER_NBR=0
/
delete from KSEN_LUILUI_RELTN where ID='0a837828-2da6-42ce-b8df-42e796c034a0' and VER_NBR=0
/
delete from KSEN_LUI_ATTR where ID='4be97483-419e-434a-ac0b-009c120b1ba4'
/
delete from KSEN_LUI_ATTR where ID='74543b5e-ea58-47c6-ade9-06558bc3e47a'
/
delete from KSEN_LUI_IDENT where ID='1df978ed-87c2-4d50-a10c-d0c014ec01c2' and VER_NBR=0
/
delete from KSEN_LUI where ID='66078c74-a7e4-46cc-83e6-59fbd31a9b73' and VER_NBR=1
/
delete from KSEN_LUILUI_RELTN where ID='80ae2609-6120-4da1-a8fb-1e9d6e191d91' and VER_NBR=0
/
delete from KSEN_LUILUI_RELTN where ID='43714d5d-247f-4fb3-9509-3dc0f18d9e36' and VER_NBR=0
/
delete from KSEN_LUI_ATTR where ID='ac03784b-c65c-451e-9cdd-40a4cc4b2f7a'
/
delete from KSEN_LUI_ATTR where ID='a6ad8074-0675-403d-831e-cb691cb1f1e7'
/
delete from KSEN_LUI_IDENT where ID='9d671d41-5b3d-4943-bd8e-d3f4cde4e8ed' and VER_NBR=0
/
delete from KSEN_LUI where ID='d478f5ed-9b20-4cbb-8017-719efabfba41' and VER_NBR=1
/
delete from KSEN_LUILUI_RELTN where ID='73662384-8323-4ffa-bfbd-2426fb437022' and VER_NBR=0
/
delete from KSEN_LUILUI_RELTN where ID='7e43fada-0e53-4e0a-b5c0-a08c85308bd2' and VER_NBR=0
/
delete from KSEN_LUI_ATTR where ID='7ffd97cd-588b-47ef-9a65-f44fd3e11729'
/
delete from KSEN_LUI_ATTR where ID='624fa2bb-d2e4-47ac-ab02-6e07acfad801'
/
delete from KSEN_LUI_IDENT where ID='9d8f6d16-e80d-412c-8553-c2824e2f5dd6' and VER_NBR=0
/
delete from KSEN_LUI where ID='fdd46222-189b-42f1-8bc1-66b1d719a291' and VER_NBR=1
/
delete from KSEN_LUILUI_RELTN where ID='5efc26ad-9202-4dff-a2ab-4039127e1c7c' and VER_NBR=0
/
delete from KSEN_LUILUI_RELTN where ID='4375070a-673b-4885-b78c-f314caf6532c' and VER_NBR=0
/
delete from KSEN_LUI_ATTR where ID='039e70ae-7b04-4284-9284-08add98e1faa'
/
delete from KSEN_LUI_ATTR where ID='0e8d91dd-f16e-47d8-80bf-e964cc09d55b'
/
delete from KSEN_LUI_IDENT where ID='8778c96f-2462-4e72-bdb1-650fcac5da52' and VER_NBR=0
/
delete from KSEN_LUI where ID='82cbb2ce-da70-4e96-b029-63f239c26c82' and VER_NBR=1
/
insert into KSEN_LUI_ATTR (OBJ_ID, ATTR_KEY, OWNER_ID, ATTR_VALUE, ID) values ('efe96329-abd1-402d-92f6-47b82e10ca56', 'regCodePrefix', '5236aa09-34a7-4e12-8636-26bd34952416', '1', 'c8339ac8-7b87-4320-92fb-cd0684904b26')
/
delete from KSEN_LUI_RELATED_LUI_TYPES where LUI_ID='5236aa09-34a7-4e12-8636-26bd34952416'
/
insert into KSEN_LUI_RELATED_LUI_TYPES (LUI_ID, RELATED_LUI_TYPE) values ('5236aa09-34a7-4e12-8636-26bd34952416', 'kuali.lui.type.activity.offering.lab')
/
insert into KSEN_LUI_RELATED_LUI_TYPES (LUI_ID, RELATED_LUI_TYPE) values ('5236aa09-34a7-4e12-8636-26bd34952416', 'kuali.lui.type.activity.offering.lecture')
/
insert into KSEN_LUI (OBJ_ID, VER_NBR, CREATEID, CREATETIME, UPDATEID, UPDATETIME, ATP_ID, CLU_ID, EFF_DT, EXPIR_DT, DESCR_FORMATTED, LUI_STATE, LUI_TYPE, MAX_SEATS, MIN_SEATS, NAME, DESCR_PLAIN, REF_URL, ID) values ('227f78f8-f579-4692-a353-f6eb7d1815e7', 0, 'admin', TIMESTAMP '2013-10-28 09:01:34.996', 'admin', TIMESTAMP '2013-10-28 09:01:34.996', 'kuali.atp.2012Spring', '4db34db8-41d6-4522-b55b-5c861acec773', '', '', '1001', 'kuali.lui.registration.group.state.pending', 'kuali.lui.type.registration.group', '', '', '1001', '1001', '', '369f59e4-dbed-4b72-ba9a-fded824b3972')
/
insert into KSEN_LUI_ATTR (OBJ_ID, ATTR_KEY, OWNER_ID, ATTR_VALUE, ID) values ('122cc332-2061-4121-a801-16be893fb4ed', 'kuali.attribute.registration.group.is.generated', '369f59e4-dbed-4b72-ba9a-fded824b3972', '1', '3061f37a-6e05-4b4d-866b-fe752c78fdd6')
/
insert into KSEN_LUI_ATTR (OBJ_ID, ATTR_KEY, OWNER_ID, ATTR_VALUE, ID) values ('7c3aeaa1-29f8-43e6-a5e4-437b70c8d5f6', 'kuali.attribute.registration.group.aocluster.id', '369f59e4-dbed-4b72-ba9a-fded824b3972', 'cbbeeff0-d800-49a5-b3b1-1bd21998994e', '058ee6a0-6ad1-41f8-bc1a-033e04d3fe5f')
/
insert into KSEN_LUI_IDENT (OBJ_ID, VER_NBR, CREATEID, CREATETIME, UPDATEID, UPDATETIME, LUI_CD, DIVISION, IDENT_LEVEL, LNG_NAME, LUI_ID, ORGID, SHRT_NAME, LUI_ID_STATE, SUFX_CD, LUI_ID_TYPE, VARTN, ID) values ('a5c3bcd2-435e-4812-af93-a0cbd1f91494', 0, 'admin', TIMESTAMP '2013-10-28 09:01:34.996', 'admin', TIMESTAMP '2013-10-28 09:01:34.996', '', '', '', '', '369f59e4-dbed-4b72-ba9a-fded824b3972', '', '', 'kuali.lui.identifier.state.active', '', 'kuali.lui.identifier.type.official', '', 'e44e5404-6416-4da8-afc6-46a5f3e53ef6')
/
insert into KSEN_LUILUI_RELTN (OBJ_ID, VER_NBR, CREATEID, CREATETIME, UPDATEID, UPDATETIME, EFF_DT, EXPIR_DT, DESCR_FORMATTED, LUI_ID, LUILUI_RELTN_STATE, LUILUI_RELTN_TYPE, NAME, DESCR_PLAIN, RELATED_LUI_ID, ID) values ('09a8d0dd-05c5-4c5c-b9cc-e0ad691cab3c', 0, 'admin', TIMESTAMP '2013-10-28 09:01:34.996', 'admin', TIMESTAMP '2013-10-28 09:01:34.996', TIMESTAMP '2013-10-28 09:01:36.396', '', 'BSCI105M-FO-RG', '5236aa09-34a7-4e12-8636-26bd34952416', 'kuali.lui.lui.relation.state.active', 'kuali.lui.lui.relation.type.deliveredvia.fo2rg', 'fo-rg-relation', 'BSCI105M-FO-RG', '369f59e4-dbed-4b72-ba9a-fded824b3972', '31526831-7309-4159-9268-1f04fd549d17')
/
insert into KSEN_LUILUI_RELTN (OBJ_ID, VER_NBR, CREATEID, CREATETIME, UPDATEID, UPDATETIME, EFF_DT, EXPIR_DT, DESCR_FORMATTED, LUI_ID, LUILUI_RELTN_STATE, LUILUI_RELTN_TYPE, NAME, DESCR_PLAIN, RELATED_LUI_ID, ID) values ('9bcfe4ee-fe53-4b76-87b8-edb45a39ebcc', 0, 'admin', TIMESTAMP '2013-10-28 09:01:34.996', 'admin', TIMESTAMP '2013-10-28 09:01:34.996', TIMESTAMP '2013-10-28 09:01:36.397', '', 'BSCI105M-RG-AO', '369f59e4-dbed-4b72-ba9a-fded824b3972', 'kuali.lui.lui.relation.state.active', 'kuali.lui.lui.relation.type.registeredforvia.rg2ao', 'rg-ao-relation', 'BSCI105M-RG-AO', 'fbd1cfef-a016-49f4-a6ac-c8b8838caeea', 'd1946c82-6826-45c1-b36f-e428328386a3')
/
insert into KSEN_LUILUI_RELTN (OBJ_ID, VER_NBR, CREATEID, CREATETIME, UPDATEID, UPDATETIME, EFF_DT, EXPIR_DT, DESCR_FORMATTED, LUI_ID, LUILUI_RELTN_STATE, LUILUI_RELTN_TYPE, NAME, DESCR_PLAIN, RELATED_LUI_ID, ID) values ('7d67cab8-a8e3-4def-9302-3697ffbe2597', 0, 'admin', TIMESTAMP '2013-10-28 09:01:34.996', 'admin', TIMESTAMP '2013-10-28 09:01:34.996', TIMESTAMP '2013-10-28 09:01:36.397', '', 'BSCI105M-RG-AO', '369f59e4-dbed-4b72-ba9a-fded824b3972', 'kuali.lui.lui.relation.state.active', 'kuali.lui.lui.relation.type.registeredforvia.rg2ao', 'rg-ao-relation', 'BSCI105M-RG-AO', '3444aa0d-3240-434c-941a-9ae79de10a6a', 'b26fbd5d-ef2e-49e1-a9b2-3315b3cde5c4')
/
insert into KSEN_LUI (OBJ_ID, VER_NBR, CREATEID, CREATETIME, UPDATEID, UPDATETIME, ATP_ID, CLU_ID, EFF_DT, EXPIR_DT, DESCR_FORMATTED, LUI_STATE, LUI_TYPE, MAX_SEATS, MIN_SEATS, NAME, DESCR_PLAIN, REF_URL, ID) values ('adc4a762-9fb8-4542-b132-e2ca35914b2a', 0, 'admin', TIMESTAMP '2013-10-28 09:01:34.996', 'admin', TIMESTAMP '2013-10-28 09:01:34.996', 'kuali.atp.2012Spring', '4db34db8-41d6-4522-b55b-5c861acec773', '', '', '1002', 'kuali.lui.registration.group.state.pending', 'kuali.lui.type.registration.group', '', '', '1002', '1002', '', '7b854c62-c3cd-4349-a236-26a16759ba31')
/
insert into KSEN_LUI_ATTR (OBJ_ID, ATTR_KEY, OWNER_ID, ATTR_VALUE, ID) values ('f4104a32-7649-4f2a-95f1-c8ec4ae47061', 'kuali.attribute.registration.group.aocluster.id', '7b854c62-c3cd-4349-a236-26a16759ba31', 'cbbeeff0-d800-49a5-b3b1-1bd21998994e', '382a3945-144c-4788-aa49-1f874c4a9c53')
/
insert into KSEN_LUI_ATTR (OBJ_ID, ATTR_KEY, OWNER_ID, ATTR_VALUE, ID) values ('41931609-0371-43dd-aff2-98ec98660ad2', 'kuali.attribute.registration.group.is.generated', '7b854c62-c3cd-4349-a236-26a16759ba31', '1', '70a578f3-6dbd-4362-8fe2-0121e357cc80')
/
insert into KSEN_LUI_IDENT (OBJ_ID, VER_NBR, CREATEID, CREATETIME, UPDATEID, UPDATETIME, LUI_CD, DIVISION, IDENT_LEVEL, LNG_NAME, LUI_ID, ORGID, SHRT_NAME, LUI_ID_STATE, SUFX_CD, LUI_ID_TYPE, VARTN, ID) values ('8a2ec8f9-c5b4-4153-89bf-4bd9fbe3ada9', 0, 'admin', TIMESTAMP '2013-10-28 09:01:34.996', 'admin', TIMESTAMP '2013-10-28 09:01:34.996', '', '', '', '', '7b854c62-c3cd-4349-a236-26a16759ba31', '', '', 'kuali.lui.identifier.state.active', '', 'kuali.lui.identifier.type.official', '', '8f86f2a9-86b3-46c8-8386-fb003855924f')
/
insert into KSEN_LUILUI_RELTN (OBJ_ID, VER_NBR, CREATEID, CREATETIME, UPDATEID, UPDATETIME, EFF_DT, EXPIR_DT, DESCR_FORMATTED, LUI_ID, LUILUI_RELTN_STATE, LUILUI_RELTN_TYPE, NAME, DESCR_PLAIN, RELATED_LUI_ID, ID) values ('52722b7f-12ed-49bd-bdb3-e319bacb7e69', 0, 'admin', TIMESTAMP '2013-10-28 09:01:34.996', 'admin', TIMESTAMP '2013-10-28 09:01:34.996', TIMESTAMP '2013-10-28 09:01:36.84', '', 'BSCI105M-FO-RG', '5236aa09-34a7-4e12-8636-26bd34952416', 'kuali.lui.lui.relation.state.active', 'kuali.lui.lui.relation.type.deliveredvia.fo2rg', 'fo-rg-relation', 'BSCI105M-FO-RG', '7b854c62-c3cd-4349-a236-26a16759ba31', '16ac8dcb-c139-4735-91ab-adea8b2f70c9')
/
insert into KSEN_LUILUI_RELTN (OBJ_ID, VER_NBR, CREATEID, CREATETIME, UPDATEID, UPDATETIME, EFF_DT, EXPIR_DT, DESCR_FORMATTED, LUI_ID, LUILUI_RELTN_STATE, LUILUI_RELTN_TYPE, NAME, DESCR_PLAIN, RELATED_LUI_ID, ID) values ('0a2e42f7-42ea-4700-ac1b-1b78c46553bc', 0, 'admin', TIMESTAMP '2013-10-28 09:01:34.996', 'admin', TIMESTAMP '2013-10-28 09:01:34.996', TIMESTAMP '2013-10-28 09:01:36.84', '', 'BSCI105M-RG-AO', '7b854c62-c3cd-4349-a236-26a16759ba31', 'kuali.lui.lui.relation.state.active', 'kuali.lui.lui.relation.type.registeredforvia.rg2ao', 'rg-ao-relation', 'BSCI105M-RG-AO', 'd9a9d722-2bbf-48e8-8de2-db0d7ab4b338', '22d63ae0-37e9-4f21-9dc0-98c15f315054')
/
insert into KSEN_LUILUI_RELTN (OBJ_ID, VER_NBR, CREATEID, CREATETIME, UPDATEID, UPDATETIME, EFF_DT, EXPIR_DT, DESCR_FORMATTED, LUI_ID, LUILUI_RELTN_STATE, LUILUI_RELTN_TYPE, NAME, DESCR_PLAIN, RELATED_LUI_ID, ID) values ('a5361e3f-e3e9-4a60-9384-d770d8ee7fbc', 0, 'admin', TIMESTAMP '2013-10-28 09:01:34.996', 'admin', TIMESTAMP '2013-10-28 09:01:34.996', TIMESTAMP '2013-10-28 09:01:36.841', '', 'BSCI105M-RG-AO', '7b854c62-c3cd-4349-a236-26a16759ba31', 'kuali.lui.lui.relation.state.active', 'kuali.lui.lui.relation.type.registeredforvia.rg2ao', 'rg-ao-relation', 'BSCI105M-RG-AO', '3444aa0d-3240-434c-941a-9ae79de10a6a', '762cf3b6-8527-4496-980e-ad315e7e24c9')
/
insert into KSEN_LUI (OBJ_ID, VER_NBR, CREATEID, CREATETIME, UPDATEID, UPDATETIME, ATP_ID, CLU_ID, EFF_DT, EXPIR_DT, DESCR_FORMATTED, LUI_STATE, LUI_TYPE, MAX_SEATS, MIN_SEATS, NAME, DESCR_PLAIN, REF_URL, ID) values ('9e0fcd68-d03d-4687-8f04-649b1cf963e1', 0, 'admin', TIMESTAMP '2013-10-28 09:01:34.996', 'admin', TIMESTAMP '2013-10-28 09:01:34.996', 'kuali.atp.2012Spring', '4db34db8-41d6-4522-b55b-5c861acec773', '', '', '1003', 'kuali.lui.registration.group.state.pending', 'kuali.lui.type.registration.group', '', '', '1003', '1003', '', '72527c0b-da4b-46a0-8f28-b2d5e89b79f6')
/
insert into KSEN_LUI_ATTR (OBJ_ID, ATTR_KEY, OWNER_ID, ATTR_VALUE, ID) values ('3ec6860e-86fa-4228-9bcc-bfa5ca7fafa0', 'kuali.attribute.registration.group.aocluster.id', '72527c0b-da4b-46a0-8f28-b2d5e89b79f6', 'cbbeeff0-d800-49a5-b3b1-1bd21998994e', '13e50528-ca34-486d-9191-c3bb3e26b98a')
/
insert into KSEN_LUI_ATTR (OBJ_ID, ATTR_KEY, OWNER_ID, ATTR_VALUE, ID) values ('b4787973-326d-428a-a857-2b2f37201399', 'kuali.attribute.registration.group.is.generated', '72527c0b-da4b-46a0-8f28-b2d5e89b79f6', '1', '3f58c3bf-c1f7-45f3-a7e7-163574c40be1')
/
insert into KSEN_LUI_IDENT (OBJ_ID, VER_NBR, CREATEID, CREATETIME, UPDATEID, UPDATETIME, LUI_CD, DIVISION, IDENT_LEVEL, LNG_NAME, LUI_ID, ORGID, SHRT_NAME, LUI_ID_STATE, SUFX_CD, LUI_ID_TYPE, VARTN, ID) values ('600fc44c-104e-458b-bf66-7e92d77284d3', 0, 'admin', TIMESTAMP '2013-10-28 09:01:34.996', 'admin', TIMESTAMP '2013-10-28 09:01:34.996', '', '', '', '', '72527c0b-da4b-46a0-8f28-b2d5e89b79f6', '', '', 'kuali.lui.identifier.state.active', '', 'kuali.lui.identifier.type.official', '', 'a839ca17-2528-42a4-a9d4-15f9d2b354fe')
/
insert into KSEN_LUILUI_RELTN (OBJ_ID, VER_NBR, CREATEID, CREATETIME, UPDATEID, UPDATETIME, EFF_DT, EXPIR_DT, DESCR_FORMATTED, LUI_ID, LUILUI_RELTN_STATE, LUILUI_RELTN_TYPE, NAME, DESCR_PLAIN, RELATED_LUI_ID, ID) values ('6708341a-819d-4cbd-8695-557d84bd13e0', 0, 'admin', TIMESTAMP '2013-10-28 09:01:34.996', 'admin', TIMESTAMP '2013-10-28 09:01:34.996', TIMESTAMP '2013-10-28 09:01:37.236', '', 'BSCI105M-FO-RG', '5236aa09-34a7-4e12-8636-26bd34952416', 'kuali.lui.lui.relation.state.active', 'kuali.lui.lui.relation.type.deliveredvia.fo2rg', 'fo-rg-relation', 'BSCI105M-FO-RG', '72527c0b-da4b-46a0-8f28-b2d5e89b79f6', '073542bc-46c7-4134-9775-64dc178b2410')
/
insert into KSEN_LUILUI_RELTN (OBJ_ID, VER_NBR, CREATEID, CREATETIME, UPDATEID, UPDATETIME, EFF_DT, EXPIR_DT, DESCR_FORMATTED, LUI_ID, LUILUI_RELTN_STATE, LUILUI_RELTN_TYPE, NAME, DESCR_PLAIN, RELATED_LUI_ID, ID) values ('124b2b28-ad7e-4f61-9d25-c5ffa1546bfc', 0, 'admin', TIMESTAMP '2013-10-28 09:01:34.996', 'admin', TIMESTAMP '2013-10-28 09:01:34.996', TIMESTAMP '2013-10-28 09:01:37.237', '', 'BSCI105M-RG-AO', '72527c0b-da4b-46a0-8f28-b2d5e89b79f6', 'kuali.lui.lui.relation.state.active', 'kuali.lui.lui.relation.type.registeredforvia.rg2ao', 'rg-ao-relation', 'BSCI105M-RG-AO', 'dcea3844-6a2a-410d-b209-9f686713c2d3', '3eff3868-c5c3-417c-874c-1f3d1d445018')
/
insert into KSEN_LUILUI_RELTN (OBJ_ID, VER_NBR, CREATEID, CREATETIME, UPDATEID, UPDATETIME, EFF_DT, EXPIR_DT, DESCR_FORMATTED, LUI_ID, LUILUI_RELTN_STATE, LUILUI_RELTN_TYPE, NAME, DESCR_PLAIN, RELATED_LUI_ID, ID) values ('33a30cbe-e6d2-4abf-881c-52c79cf75dc2', 0, 'admin', TIMESTAMP '2013-10-28 09:01:34.996', 'admin', TIMESTAMP '2013-10-28 09:01:34.996', TIMESTAMP '2013-10-28 09:01:37.237', '', 'BSCI105M-RG-AO', '72527c0b-da4b-46a0-8f28-b2d5e89b79f6', 'kuali.lui.lui.relation.state.active', 'kuali.lui.lui.relation.type.registeredforvia.rg2ao', 'rg-ao-relation', 'BSCI105M-RG-AO', '3444aa0d-3240-434c-941a-9ae79de10a6a', '75cdd37b-2e4e-4ee8-8ef8-156d3125acab')
/
insert into KSEN_LUI (OBJ_ID, VER_NBR, CREATEID, CREATETIME, UPDATEID, UPDATETIME, ATP_ID, CLU_ID, EFF_DT, EXPIR_DT, DESCR_FORMATTED, LUI_STATE, LUI_TYPE, MAX_SEATS, MIN_SEATS, NAME, DESCR_PLAIN, REF_URL, ID) values ('fcea4838-8e09-4a05-96d2-e2381242c9fc', 0, 'admin', TIMESTAMP '2013-10-28 09:01:34.996', 'admin', TIMESTAMP '2013-10-28 09:01:34.996', 'kuali.atp.2012Spring', '4db34db8-41d6-4522-b55b-5c861acec773', '', '', '1004', 'kuali.lui.registration.group.state.pending', 'kuali.lui.type.registration.group', '', '', '1004', '1004', '', '7ca6ddde-c63e-485d-9689-54c66b491440')
/
insert into KSEN_LUI_ATTR (OBJ_ID, ATTR_KEY, OWNER_ID, ATTR_VALUE, ID) values ('0790d939-f852-4972-8ce2-4331135cabe3', 'kuali.attribute.registration.group.aocluster.id', '7ca6ddde-c63e-485d-9689-54c66b491440', 'cbbeeff0-d800-49a5-b3b1-1bd21998994e', '329b8282-5c12-4a15-9097-8a5cf5e76409')
/
insert into KSEN_LUI_ATTR (OBJ_ID, ATTR_KEY, OWNER_ID, ATTR_VALUE, ID) values ('581c8ca6-aada-45b9-bcd4-3c6743d9d06e', 'kuali.attribute.registration.group.is.generated', '7ca6ddde-c63e-485d-9689-54c66b491440', '1', 'e7215cb3-d4f4-4524-8da2-595f861825e0')
/
insert into KSEN_LUI_IDENT (OBJ_ID, VER_NBR, CREATEID, CREATETIME, UPDATEID, UPDATETIME, LUI_CD, DIVISION, IDENT_LEVEL, LNG_NAME, LUI_ID, ORGID, SHRT_NAME, LUI_ID_STATE, SUFX_CD, LUI_ID_TYPE, VARTN, ID) values ('39309dac-bed5-4187-b6bc-15700046ca47', 0, 'admin', TIMESTAMP '2013-10-28 09:01:34.996', 'admin', TIMESTAMP '2013-10-28 09:01:34.996', '', '', '', '', '7ca6ddde-c63e-485d-9689-54c66b491440', '', '', 'kuali.lui.identifier.state.active', '', 'kuali.lui.identifier.type.official', '', '3cbbc685-6797-4833-aa85-ef7cfc66a2c8')
/
insert into KSEN_LUILUI_RELTN (OBJ_ID, VER_NBR, CREATEID, CREATETIME, UPDATEID, UPDATETIME, EFF_DT, EXPIR_DT, DESCR_FORMATTED, LUI_ID, LUILUI_RELTN_STATE, LUILUI_RELTN_TYPE, NAME, DESCR_PLAIN, RELATED_LUI_ID, ID) values ('2d92ebea-1fa8-42c4-83da-1c9b45c2b09c', 0, 'admin', TIMESTAMP '2013-10-28 09:01:34.996', 'admin', TIMESTAMP '2013-10-28 09:01:34.996', TIMESTAMP '2013-10-28 09:01:37.608', '', 'BSCI105M-FO-RG', '5236aa09-34a7-4e12-8636-26bd34952416', 'kuali.lui.lui.relation.state.active', 'kuali.lui.lui.relation.type.deliveredvia.fo2rg', 'fo-rg-relation', 'BSCI105M-FO-RG', '7ca6ddde-c63e-485d-9689-54c66b491440', '36f7b2f3-700a-4d16-bf9c-84eb65eae12d')
/
insert into KSEN_LUILUI_RELTN (OBJ_ID, VER_NBR, CREATEID, CREATETIME, UPDATEID, UPDATETIME, EFF_DT, EXPIR_DT, DESCR_FORMATTED, LUI_ID, LUILUI_RELTN_STATE, LUILUI_RELTN_TYPE, NAME, DESCR_PLAIN, RELATED_LUI_ID, ID) values ('095a5369-6739-4b16-89b6-33d6ec1d4881', 0, 'admin', TIMESTAMP '2013-10-28 09:01:34.996', 'admin', TIMESTAMP '2013-10-28 09:01:34.996', TIMESTAMP '2013-10-28 09:01:37.608', '', 'BSCI105M-RG-AO', '7ca6ddde-c63e-485d-9689-54c66b491440', 'kuali.lui.lui.relation.state.active', 'kuali.lui.lui.relation.type.registeredforvia.rg2ao', 'rg-ao-relation', 'BSCI105M-RG-AO', '98c66120-1c2d-45f9-8db3-7bd2fbd0f28d', '624570a1-ca5a-4a17-ac12-c89519dbe441')
/
insert into KSEN_LUILUI_RELTN (OBJ_ID, VER_NBR, CREATEID, CREATETIME, UPDATEID, UPDATETIME, EFF_DT, EXPIR_DT, DESCR_FORMATTED, LUI_ID, LUILUI_RELTN_STATE, LUILUI_RELTN_TYPE, NAME, DESCR_PLAIN, RELATED_LUI_ID, ID) values ('45ea68c1-5ee3-4b44-b849-59fe148a39c1', 0, 'admin', TIMESTAMP '2013-10-28 09:01:34.996', 'admin', TIMESTAMP '2013-10-28 09:01:34.996', TIMESTAMP '2013-10-28 09:01:37.609', '', 'BSCI105M-RG-AO', '7ca6ddde-c63e-485d-9689-54c66b491440', 'kuali.lui.lui.relation.state.active', 'kuali.lui.lui.relation.type.registeredforvia.rg2ao', 'rg-ao-relation', 'BSCI105M-RG-AO', '3444aa0d-3240-434c-941a-9ae79de10a6a', '789b9bd6-745a-4917-9e5a-ba3121ca9d07')
/
insert into KSEN_CWL (OBJ_ID, VER_NBR, CREATEID, CREATETIME, UPDATEID, UPDATETIME, ALLOW_HOLD_UTIL_ENTRIES_IND, AUTO_PROCESSED_IND, CHECK_IN_REQ_IND, CONF_REQ_IND, EFF_DT, EXPIR_DT, MAX_SIZE, REG_IN_FIRST_AAO_IND, STD_DUR_TIME_QTY, STD_DUR_TYPE, CWL_STATE, CWL_TYPE, ID) values ('5c3888d8-3346-496c-94f7-03183c62c3bd', 0, 'admin', TIMESTAMP '2013-10-28 09:01:34.996', 'admin', TIMESTAMP '2013-10-28 09:01:34.996', '0', '1', '0', '1', '', '', '', '', '', '', 'kuali.course.waitlist.state.active', 'kuali.course.waitlist.type.course.waitlist', 'c3d049f1-659b-40bb-8b1f-0c5f39d32e74')
/
insert into KSEN_CWL_ACTIV_OFFER (CWL_ID, ACTIV_OFFER_ID) values ('c3d049f1-659b-40bb-8b1f-0c5f39d32e74', '3444aa0d-3240-434c-941a-9ae79de10a6a')
/
insert into KSEN_CWL_FORMAT_OFFER (CWL_ID, FORMAT_OFFER_ID) values ('c3d049f1-659b-40bb-8b1f-0c5f39d32e74', '5236aa09-34a7-4e12-8636-26bd34952416')
/


-- Term = kuali.atp.2012Summer1 / 201205, coCode = BSCI414
insert into KSEN_LUI (OBJ_ID, VER_NBR, CREATEID, CREATETIME, UPDATEID, UPDATETIME, ATP_ID, CLU_ID, EFF_DT, EXPIR_DT, DESCR_FORMATTED, LUI_STATE, LUI_TYPE, MAX_SEATS, MIN_SEATS, NAME, DESCR_PLAIN, REF_URL, ID) values ('76baac92-dfc3-4a1b-beb6-595511008797', 0, 'admin', TIMESTAMP '2013-10-28 09:04:23.442', 'admin', TIMESTAMP '2013-10-28 09:04:23.442', 'kuali.atp.2012Summer1', 'ceeee86d-a877-40ec-b29b-6803e9ba6321', '', '', '', 'kuali.lui.activity.offering.state.draft', 'kuali.lui.type.activity.offering.lecture', 20, '', 'BSCI414 AO', '', '', '4110ad37-1572-4a45-a93f-c092ef9daef4')
/
insert into KSEN_LUI_ATTR (OBJ_ID, ATTR_KEY, OWNER_ID, ATTR_VALUE, ID) values ('a228d3c5-c350-46c7-a5a2-ece1232ad5c3', 'kuali.attribute.nonstd.ts.indicator', '4110ad37-1572-4a45-a93f-c092ef9daef4', '0', '7361c939-ad5e-49ef-9bb3-ee9ea9206b69')
/
insert into KSEN_LUI_ATTR (OBJ_ID, ATTR_KEY, OWNER_ID, ATTR_VALUE, ID) values ('d70ced4a-afc9-4ba5-aa3e-905c10a0c90f', 'kuali.attribute.max.enrollment.is.estimate', '4110ad37-1572-4a45-a93f-c092ef9daef4', 'null', 'dfddcdde-a0f3-4592-8af6-eb8f2a3c7cc6')
/
insert into KSEN_LUI_ATTR (OBJ_ID, ATTR_KEY, OWNER_ID, ATTR_VALUE, ID) values ('3e37f1e1-32bb-426e-a06f-0a62c3a40317', 'kuali.attribute.course.evaluation.indicator', '4110ad37-1572-4a45-a93f-c092ef9daef4', 'null', '32531452-ae07-414b-8f31-3421cc8334ba')
/
insert into KSEN_LUI_IDENT (OBJ_ID, VER_NBR, CREATEID, CREATETIME, UPDATEID, UPDATETIME, LUI_CD, DIVISION, IDENT_LEVEL, LNG_NAME, LUI_ID, ORGID, SHRT_NAME, LUI_ID_STATE, SUFX_CD, LUI_ID_TYPE, VARTN, ID) values ('3a69ded6-534c-44e3-8f9a-ade68ff6cc0a', 0, 'admin', TIMESTAMP '2013-10-28 09:04:23.442', 'admin', TIMESTAMP '2013-10-28 09:04:23.442', 'C', '', '', '', '4110ad37-1572-4a45-a93f-c092ef9daef4', '', '', 'kuali.lui.identifier.state.active', '', 'kuali.lui.identifier.type.official', '', '44b682a2-e624-4ba6-9d66-d8638aeb11a9')
/
insert into KSEN_LUI_LU_CD (OBJ_ID, VER_NBR, CREATEID, CREATETIME, UPDATEID, UPDATETIME, DESCR_FORMATTED, LUI_ID, DESCR_PLAIN, LUI_LUCD_TYPE, VALUE, ID) values ('525b7b9b-0369-4b8f-9b66-3b9041ad06f1', 0, 'admin', TIMESTAMP '2013-10-28 09:04:23.442', 'admin', TIMESTAMP '2013-10-28 09:04:23.442', '', '4110ad37-1572-4a45-a93f-c092ef9daef4', '', 'kuali.lu.code.honorsOffering', 'null', 'e0c33e98-7f0b-4afc-a0c6-df59b8baae4a')
/
insert into KSEN_LUILUI_RELTN (OBJ_ID, VER_NBR, CREATEID, CREATETIME, UPDATEID, UPDATETIME, EFF_DT, EXPIR_DT, DESCR_FORMATTED, LUI_ID, LUILUI_RELTN_STATE, LUILUI_RELTN_TYPE, NAME, DESCR_PLAIN, RELATED_LUI_ID, ID) values ('59f34af9-cfbe-4ed8-ab5e-5ccf4102ed03', 0, 'admin', TIMESTAMP '2013-10-28 09:04:23.442', 'admin', TIMESTAMP '2013-10-28 09:04:23.442', TIMESTAMP '2013-10-28 09:04:23.577', '', 'BSCI414-FO-AO', 'b07dc56c-5988-4c36-bdac-e1542299099b', 'kuali.lui.lui.relation.state.active', 'kuali.lui.lui.relation.type.deliveredvia.fo2ao', 'fo-ao-relation', 'BSCI414-FO-AO', '4110ad37-1572-4a45-a93f-c092ef9daef4', '21b70bde-e773-42ef-a91c-381fe286d294')
/
insert into KSEN_CO_AO_CLUSTER_SET (OBJ_ID, ACTIVITY_OFFERING_TYPE, AO_CLUSTER_ID, ID) values ('40c1ebde-1750-4396-a856-a485bc36dc0d', 'kuali.lui.type.activity.offering.lecture', '8978f617-ec9d-43c4-994b-0fcb87f1ed06', 'f0348a3b-8065-4ed1-be38-7666301d1813')
/
insert into KSEN_CO_AO_CLUSTER_SET_AO (AOC_SET_ID, ACTIVITY_OFFERING_ID) values ('f0348a3b-8065-4ed1-be38-7666301d1813', '4110ad37-1572-4a45-a93f-c092ef9daef4')
/
delete from KSEN_LUILUI_RELTN where ID='fe91649d-5f70-43a3-8a33-97276fae5a0c' and VER_NBR=0
/
delete from KSEN_LUILUI_RELTN where ID='42b3154c-a716-4f93-820a-5f52f92cb9ac' and VER_NBR=0
/
delete from KSEN_LUI_ATTR where ID='d096fb85-c9e7-4f71-91a7-e3e4f867d7fa'
/
delete from KSEN_LUI_ATTR where ID='7d2640e6-6b7e-4fc7-9e2e-1bebc2b74250'
/
delete from KSEN_LUI_IDENT where ID='132c4ead-2a54-4ef6-8128-c9c19f1f0cf7' and VER_NBR=0
/
delete from KSEN_LUI where ID='92d5900a-bb25-44b8-a682-1b0d52d69899' and VER_NBR=1
/
delete from KSEN_LUILUI_RELTN where ID='aff299d7-c0ec-4ad6-8428-62159f048a33' and VER_NBR=0
/
delete from KSEN_LUILUI_RELTN where ID='f415083c-62ac-4f6f-890c-deed73e7cce7' and VER_NBR=0
/
delete from KSEN_LUI_ATTR where ID='73646f01-064b-432f-aff5-8c03207f8ba9'
/
delete from KSEN_LUI_ATTR where ID='b9bbea43-b907-427a-b08f-2aafff8f57fe'
/
delete from KSEN_LUI_IDENT where ID='9e4f5bb6-11a6-4626-98ba-b520613478c8' and VER_NBR=0
/
delete from KSEN_LUI where ID='de2ce1a2-afbd-4272-bb0f-1e1a0d8825d5' and VER_NBR=1
/
insert into KSEN_LUI_ATTR (OBJ_ID, ATTR_KEY, OWNER_ID, ATTR_VALUE, ID) values ('b1381fef-e1f5-42b1-9fb7-455458be9866', 'regCodePrefix', 'b07dc56c-5988-4c36-bdac-e1542299099b', '1', '2e1d5df2-dbe4-49e4-a116-9f5a021f7ed7')
/
delete from KSEN_LUI_RELATED_LUI_TYPES where LUI_ID='b07dc56c-5988-4c36-bdac-e1542299099b'
/
insert into KSEN_LUI_RELATED_LUI_TYPES (LUI_ID, RELATED_LUI_TYPE) values ('b07dc56c-5988-4c36-bdac-e1542299099b', 'kuali.lui.type.activity.offering.lab')
/
insert into KSEN_LUI_RELATED_LUI_TYPES (LUI_ID, RELATED_LUI_TYPE) values ('b07dc56c-5988-4c36-bdac-e1542299099b', 'kuali.lui.type.activity.offering.lecture')
/
insert into KSEN_LUI (OBJ_ID, VER_NBR, CREATEID, CREATETIME, UPDATEID, UPDATETIME, ATP_ID, CLU_ID, EFF_DT, EXPIR_DT, DESCR_FORMATTED, LUI_STATE, LUI_TYPE, MAX_SEATS, MIN_SEATS, NAME, DESCR_PLAIN, REF_URL, ID) values ('5758be2b-fe6a-43a7-81b5-43f3faba37eb', 0, 'admin', TIMESTAMP '2013-10-28 09:04:23.442', 'admin', TIMESTAMP '2013-10-28 09:04:23.442', 'kuali.atp.2012Summer1', 'b6f97af3-4a32-4d1a-a846-5a6bc5cc2cf8', '', '', '1001', 'kuali.lui.registration.group.state.pending', 'kuali.lui.type.registration.group', '', '', '1001', '1001', '', '7f36ac62-db84-4266-98e2-641a27435666')
/
insert into KSEN_LUI_ATTR (OBJ_ID, ATTR_KEY, OWNER_ID, ATTR_VALUE, ID) values ('1105345c-274a-4b8d-b442-ac88d0e0d1d8', 'kuali.attribute.registration.group.is.generated', '7f36ac62-db84-4266-98e2-641a27435666', '1', 'de6cddbe-7098-40c8-86e9-c5c1b1259dc8')
/
insert into KSEN_LUI_ATTR (OBJ_ID, ATTR_KEY, OWNER_ID, ATTR_VALUE, ID) values ('89de91e0-c378-47a3-a204-8eb28113c0c5', 'kuali.attribute.registration.group.aocluster.id', '7f36ac62-db84-4266-98e2-641a27435666', '8978f617-ec9d-43c4-994b-0fcb87f1ed06', '32d69d24-ae27-4090-a6d8-4b4fde37804d')
/
insert into KSEN_LUI_IDENT (OBJ_ID, VER_NBR, CREATEID, CREATETIME, UPDATEID, UPDATETIME, LUI_CD, DIVISION, IDENT_LEVEL, LNG_NAME, LUI_ID, ORGID, SHRT_NAME, LUI_ID_STATE, SUFX_CD, LUI_ID_TYPE, VARTN, ID) values ('1407c686-368f-46db-9c2e-dbae34a337e9', 0, 'admin', TIMESTAMP '2013-10-28 09:04:23.442', 'admin', TIMESTAMP '2013-10-28 09:04:23.442', '', '', '', '', '7f36ac62-db84-4266-98e2-641a27435666', '', '', 'kuali.lui.identifier.state.active', '', 'kuali.lui.identifier.type.official', '', '86b6ee6d-9010-491a-8abd-a2603f648aa4')
/
insert into KSEN_LUILUI_RELTN (OBJ_ID, VER_NBR, CREATEID, CREATETIME, UPDATEID, UPDATETIME, EFF_DT, EXPIR_DT, DESCR_FORMATTED, LUI_ID, LUILUI_RELTN_STATE, LUILUI_RELTN_TYPE, NAME, DESCR_PLAIN, RELATED_LUI_ID, ID) values ('0b6ea59b-07da-486f-b4c9-75446b040d97', 0, 'admin', TIMESTAMP '2013-10-28 09:04:23.442', 'admin', TIMESTAMP '2013-10-28 09:04:23.442', TIMESTAMP '2013-10-28 09:04:24.602', '', 'BSCI414-FO-RG', 'b07dc56c-5988-4c36-bdac-e1542299099b', 'kuali.lui.lui.relation.state.active', 'kuali.lui.lui.relation.type.deliveredvia.fo2rg', 'fo-rg-relation', 'BSCI414-FO-RG', '7f36ac62-db84-4266-98e2-641a27435666', '05c5e754-5138-42b7-a432-b459b36b8c61')
/
insert into KSEN_LUILUI_RELTN (OBJ_ID, VER_NBR, CREATEID, CREATETIME, UPDATEID, UPDATETIME, EFF_DT, EXPIR_DT, DESCR_FORMATTED, LUI_ID, LUILUI_RELTN_STATE, LUILUI_RELTN_TYPE, NAME, DESCR_PLAIN, RELATED_LUI_ID, ID) values ('43a5d937-0c45-4cc5-862e-557b12ce6a26', 0, 'admin', TIMESTAMP '2013-10-28 09:04:23.442', 'admin', TIMESTAMP '2013-10-28 09:04:23.442', TIMESTAMP '2013-10-28 09:04:24.602', '', 'BSCI414-RG-AO', '7f36ac62-db84-4266-98e2-641a27435666', 'kuali.lui.lui.relation.state.active', 'kuali.lui.lui.relation.type.registeredforvia.rg2ao', 'rg-ao-relation', 'BSCI414-RG-AO', '3f698759-99a7-4928-a232-18969511886f', 'e147c6bd-56c3-48a2-af8d-e35427db4fc5')
/
insert into KSEN_LUILUI_RELTN (OBJ_ID, VER_NBR, CREATEID, CREATETIME, UPDATEID, UPDATETIME, EFF_DT, EXPIR_DT, DESCR_FORMATTED, LUI_ID, LUILUI_RELTN_STATE, LUILUI_RELTN_TYPE, NAME, DESCR_PLAIN, RELATED_LUI_ID, ID) values ('e885fe52-eb6a-422b-86ae-c4435060fa1f', 0, 'admin', TIMESTAMP '2013-10-28 09:04:23.442', 'admin', TIMESTAMP '2013-10-28 09:04:23.442', TIMESTAMP '2013-10-28 09:04:24.603', '', 'BSCI414-RG-AO', '7f36ac62-db84-4266-98e2-641a27435666', 'kuali.lui.lui.relation.state.active', 'kuali.lui.lui.relation.type.registeredforvia.rg2ao', 'rg-ao-relation', 'BSCI414-RG-AO', '4110ad37-1572-4a45-a93f-c092ef9daef4', '89f1cc85-8467-4353-890d-8448db0fdd44')
/
insert into KSEN_LUI (OBJ_ID, VER_NBR, CREATEID, CREATETIME, UPDATEID, UPDATETIME, ATP_ID, CLU_ID, EFF_DT, EXPIR_DT, DESCR_FORMATTED, LUI_STATE, LUI_TYPE, MAX_SEATS, MIN_SEATS, NAME, DESCR_PLAIN, REF_URL, ID) values ('9d506180-ea27-480c-8557-006c153e3e5d', 0, 'admin', TIMESTAMP '2013-10-28 09:04:23.442', 'admin', TIMESTAMP '2013-10-28 09:04:23.442', 'kuali.atp.2012Summer1', 'b6f97af3-4a32-4d1a-a846-5a6bc5cc2cf8', '', '', '1002', 'kuali.lui.registration.group.state.pending', 'kuali.lui.type.registration.group', '', '', '1002', '1002', '', 'cd411044-9a2e-40e6-8102-c7b2ddbffbbc')
/
insert into KSEN_LUI_ATTR (OBJ_ID, ATTR_KEY, OWNER_ID, ATTR_VALUE, ID) values ('36105f20-aae7-44a0-b074-d91c58ef692b', 'kuali.attribute.registration.group.is.generated', 'cd411044-9a2e-40e6-8102-c7b2ddbffbbc', '1', 'd2f7455b-6d93-424b-9b8d-3078c4ce8f5f')
/
insert into KSEN_LUI_ATTR (OBJ_ID, ATTR_KEY, OWNER_ID, ATTR_VALUE, ID) values ('684a92a9-b190-4469-8b47-c9a2751e1d0d', 'kuali.attribute.registration.group.aocluster.id', 'cd411044-9a2e-40e6-8102-c7b2ddbffbbc', '8978f617-ec9d-43c4-994b-0fcb87f1ed06', '4960319c-903a-4949-b6b4-b4d695e63f47')
/
insert into KSEN_LUI_IDENT (OBJ_ID, VER_NBR, CREATEID, CREATETIME, UPDATEID, UPDATETIME, LUI_CD, DIVISION, IDENT_LEVEL, LNG_NAME, LUI_ID, ORGID, SHRT_NAME, LUI_ID_STATE, SUFX_CD, LUI_ID_TYPE, VARTN, ID) values ('3988830e-e23e-4391-9004-f03aa25768c3', 0, 'admin', TIMESTAMP '2013-10-28 09:04:23.442', 'admin', TIMESTAMP '2013-10-28 09:04:23.442', '', '', '', '', 'cd411044-9a2e-40e6-8102-c7b2ddbffbbc', '', '', 'kuali.lui.identifier.state.active', '', 'kuali.lui.identifier.type.official', '', '2aeddbd8-6a72-4064-b145-73448b6ad79e')
/
insert into KSEN_LUILUI_RELTN (OBJ_ID, VER_NBR, CREATEID, CREATETIME, UPDATEID, UPDATETIME, EFF_DT, EXPIR_DT, DESCR_FORMATTED, LUI_ID, LUILUI_RELTN_STATE, LUILUI_RELTN_TYPE, NAME, DESCR_PLAIN, RELATED_LUI_ID, ID) values ('9f0b0aa3-3c40-4f0d-919f-730d240f9bae', 0, 'admin', TIMESTAMP '2013-10-28 09:04:23.442', 'admin', TIMESTAMP '2013-10-28 09:04:23.442', TIMESTAMP '2013-10-28 09:04:24.992', '', 'BSCI414-FO-RG', 'b07dc56c-5988-4c36-bdac-e1542299099b', 'kuali.lui.lui.relation.state.active', 'kuali.lui.lui.relation.type.deliveredvia.fo2rg', 'fo-rg-relation', 'BSCI414-FO-RG', 'cd411044-9a2e-40e6-8102-c7b2ddbffbbc', '56adbe88-89a6-41ff-aa66-f9fe345b832b')
/
insert into KSEN_LUILUI_RELTN (OBJ_ID, VER_NBR, CREATEID, CREATETIME, UPDATEID, UPDATETIME, EFF_DT, EXPIR_DT, DESCR_FORMATTED, LUI_ID, LUILUI_RELTN_STATE, LUILUI_RELTN_TYPE, NAME, DESCR_PLAIN, RELATED_LUI_ID, ID) values ('9dc2d7c4-c710-42c5-b31c-9b3889876545', 0, 'admin', TIMESTAMP '2013-10-28 09:04:23.442', 'admin', TIMESTAMP '2013-10-28 09:04:23.442', TIMESTAMP '2013-10-28 09:04:24.993', '', 'BSCI414-RG-AO', 'cd411044-9a2e-40e6-8102-c7b2ddbffbbc', 'kuali.lui.lui.relation.state.active', 'kuali.lui.lui.relation.type.registeredforvia.rg2ao', 'rg-ao-relation', 'BSCI414-RG-AO', '9ea64333-76a6-45db-9acf-764e9fa35e64', 'b32fa1a3-acf6-4d3d-bc44-dc434c119a45')
/
insert into KSEN_LUILUI_RELTN (OBJ_ID, VER_NBR, CREATEID, CREATETIME, UPDATEID, UPDATETIME, EFF_DT, EXPIR_DT, DESCR_FORMATTED, LUI_ID, LUILUI_RELTN_STATE, LUILUI_RELTN_TYPE, NAME, DESCR_PLAIN, RELATED_LUI_ID, ID) values ('a2a781f9-c7f7-4882-92b5-299297d332ae', 0, 'admin', TIMESTAMP '2013-10-28 09:04:23.442', 'admin', TIMESTAMP '2013-10-28 09:04:23.442', TIMESTAMP '2013-10-28 09:04:24.993', '', 'BSCI414-RG-AO', 'cd411044-9a2e-40e6-8102-c7b2ddbffbbc', 'kuali.lui.lui.relation.state.active', 'kuali.lui.lui.relation.type.registeredforvia.rg2ao', 'rg-ao-relation', 'BSCI414-RG-AO', '4110ad37-1572-4a45-a93f-c092ef9daef4', 'e042846e-f62c-464b-a091-69c8e96fae3a')
/
insert into KSEN_CWL (OBJ_ID, VER_NBR, CREATEID, CREATETIME, UPDATEID, UPDATETIME, ALLOW_HOLD_UTIL_ENTRIES_IND, AUTO_PROCESSED_IND, CHECK_IN_REQ_IND, CONF_REQ_IND, EFF_DT, EXPIR_DT, MAX_SIZE, REG_IN_FIRST_AAO_IND, STD_DUR_TIME_QTY, STD_DUR_TYPE, CWL_STATE, CWL_TYPE, ID) values ('ef07d38e-6ca2-4170-9a8f-0ac8d5f567e8', 0, 'admin', TIMESTAMP '2013-10-28 09:04:23.442', 'admin', TIMESTAMP '2013-10-28 09:04:23.442', '0', '1', '0', '1', '', '', '', '', '', '', 'kuali.course.waitlist.state.active', 'kuali.course.waitlist.type.course.waitlist', '9bc8e670-adb3-4a37-b505-f78d1bfe7d1e')
/
insert into KSEN_CWL_ACTIV_OFFER (CWL_ID, ACTIV_OFFER_ID) values ('9bc8e670-adb3-4a37-b505-f78d1bfe7d1e', '4110ad37-1572-4a45-a93f-c092ef9daef4')
/
insert into KSEN_CWL_FORMAT_OFFER (CWL_ID, FORMAT_OFFER_ID) values ('9bc8e670-adb3-4a37-b505-f78d1bfe7d1e', 'b07dc56c-5988-4c36-bdac-e1542299099b')
/


-- Term = kuali.atp.2012Summer1 / 201205, coCode = BSCI105M
insert into KSEN_LUI (OBJ_ID, VER_NBR, CREATEID, CREATETIME, UPDATEID, UPDATETIME, ATP_ID, CLU_ID, EFF_DT, EXPIR_DT, DESCR_FORMATTED, LUI_STATE, LUI_TYPE, MAX_SEATS, MIN_SEATS, NAME, DESCR_PLAIN, REF_URL, ID) values ('a8435ba9-9f04-4392-9391-35afb2ec1691', 0, 'admin', TIMESTAMP '2013-10-28 09:06:58.508', 'admin', TIMESTAMP '2013-10-28 09:06:58.508', 'kuali.atp.2012Summer1', '5fc1ad8f-2588-4d53-8ad3-66a87f5bc01d', '', '', '', 'kuali.lui.activity.offering.state.draft', 'kuali.lui.type.activity.offering.lab', 10, '', 'BSCI105M AO', '', '', '14f2553c-44a9-4995-93f4-6622d27412b0')
/
insert into KSEN_LUI_ATTR (OBJ_ID, ATTR_KEY, OWNER_ID, ATTR_VALUE, ID) values ('b8c4c270-eafa-40cb-b723-18b176ac36ca', 'kuali.attribute.max.enrollment.is.estimate', '14f2553c-44a9-4995-93f4-6622d27412b0', 'null', 'e33eb484-d964-4dc8-94c6-3f3aa33b6caa')
/
insert into KSEN_LUI_ATTR (OBJ_ID, ATTR_KEY, OWNER_ID, ATTR_VALUE, ID) values ('ce87973c-7e0f-47c4-b4ea-d0bcfe37ca3f', 'kuali.attribute.course.evaluation.indicator', '14f2553c-44a9-4995-93f4-6622d27412b0', 'null', '2e693cd4-d4c7-41b8-a3ff-ddd10ed7de6e')
/
insert into KSEN_LUI_ATTR (OBJ_ID, ATTR_KEY, OWNER_ID, ATTR_VALUE, ID) values ('9419ec4e-4ad6-4676-b295-14859a339ecb', 'kuali.attribute.nonstd.ts.indicator', '14f2553c-44a9-4995-93f4-6622d27412b0', '0', '9dff8c75-fed2-4f66-b29f-1aa47fd5b8e9')
/
insert into KSEN_LUI_IDENT (OBJ_ID, VER_NBR, CREATEID, CREATETIME, UPDATEID, UPDATETIME, LUI_CD, DIVISION, IDENT_LEVEL, LNG_NAME, LUI_ID, ORGID, SHRT_NAME, LUI_ID_STATE, SUFX_CD, LUI_ID_TYPE, VARTN, ID) values ('967cebb2-b4ba-4ef0-b5dd-8a7e432e095e', 0, 'admin', TIMESTAMP '2013-10-28 09:06:58.508', 'admin', TIMESTAMP '2013-10-28 09:06:58.508', 'B', '', '', '', '14f2553c-44a9-4995-93f4-6622d27412b0', '', '', 'kuali.lui.identifier.state.active', '', 'kuali.lui.identifier.type.official', '', '2676b0ef-a1e5-47e4-8c4e-0788e668cf1b')
/
insert into KSEN_LUI_LU_CD (OBJ_ID, VER_NBR, CREATEID, CREATETIME, UPDATEID, UPDATETIME, DESCR_FORMATTED, LUI_ID, DESCR_PLAIN, LUI_LUCD_TYPE, VALUE, ID) values ('1f6f5342-600c-4d15-8f3e-2088059ca246', 0, 'admin', TIMESTAMP '2013-10-28 09:06:58.508', 'admin', TIMESTAMP '2013-10-28 09:06:58.508', '', '14f2553c-44a9-4995-93f4-6622d27412b0', '', 'kuali.lu.code.honorsOffering', 'null', 'e9181422-41d5-4764-81c0-f4cb2808cbd4')
/
insert into KSEN_LUILUI_RELTN (OBJ_ID, VER_NBR, CREATEID, CREATETIME, UPDATEID, UPDATETIME, EFF_DT, EXPIR_DT, DESCR_FORMATTED, LUI_ID, LUILUI_RELTN_STATE, LUILUI_RELTN_TYPE, NAME, DESCR_PLAIN, RELATED_LUI_ID, ID) values ('1b1ed04c-c24d-4e5f-ac83-2d5d83617366', 0, 'admin', TIMESTAMP '2013-10-28 09:06:58.508', 'admin', TIMESTAMP '2013-10-28 09:06:58.508', TIMESTAMP '2013-10-28 09:06:58.637', '', 'BSCI105M-FO-AO', 'e6ff9d51-70b1-4a04-b51a-3dfb97c61555', 'kuali.lui.lui.relation.state.active', 'kuali.lui.lui.relation.type.deliveredvia.fo2ao', 'fo-ao-relation', 'BSCI105M-FO-AO', '14f2553c-44a9-4995-93f4-6622d27412b0', '347174eb-43f9-4b39-8c6c-f55e9de2aafc')
/
insert into KSEN_CO_AO_CLUSTER_SET (OBJ_ID, ACTIVITY_OFFERING_TYPE, AO_CLUSTER_ID, ID) values ('7beadbf3-aefc-4866-a689-1b16284ea416', 'kuali.lui.type.activity.offering.lab', '64fc6170-796d-4378-997e-24179ae44be9', '1f29cb78-99fd-4b0f-8926-4d7a0a53c80a')
/
insert into KSEN_CO_AO_CLUSTER_SET_AO (AOC_SET_ID, ACTIVITY_OFFERING_ID) values ('1f29cb78-99fd-4b0f-8926-4d7a0a53c80a', '14f2553c-44a9-4995-93f4-6622d27412b0')
/
delete from KSEN_LUILUI_RELTN where ID='52ec3899-d870-45dd-9eb8-82855bc1378f' and VER_NBR=0
/
delete from KSEN_LUILUI_RELTN where ID='b9947691-3780-4dfa-9e20-315454586e41' and VER_NBR=0
/
delete from KSEN_LUI_ATTR where ID='c51213c6-0d21-42e1-8372-5ed77adfb81c'
/
delete from KSEN_LUI_ATTR where ID='9752ff25-ec43-43f5-9d99-de6019ae4785'
/
delete from KSEN_LUI_IDENT where ID='d95de134-6b05-45cc-ab2a-4b847d13d7d9' and VER_NBR=0
/
delete from KSEN_LUI where ID='2405d20f-078f-4a80-8c4c-c8d154500a77' and VER_NBR=1
/
insert into KSEN_LUI_ATTR (OBJ_ID, ATTR_KEY, OWNER_ID, ATTR_VALUE, ID) values ('55b9d3c4-b87c-476e-a83b-aabac8501d4f', 'regCodePrefix', 'e6ff9d51-70b1-4a04-b51a-3dfb97c61555', '1', '5f0608ea-0a4b-4a54-814a-c15d1b191571')
/
delete from KSEN_LUI_RELATED_LUI_TYPES where LUI_ID='e6ff9d51-70b1-4a04-b51a-3dfb97c61555'
/
insert into KSEN_LUI_RELATED_LUI_TYPES (LUI_ID, RELATED_LUI_TYPE) values ('e6ff9d51-70b1-4a04-b51a-3dfb97c61555', 'kuali.lui.type.activity.offering.lab')
/
insert into KSEN_LUI_RELATED_LUI_TYPES (LUI_ID, RELATED_LUI_TYPE) values ('e6ff9d51-70b1-4a04-b51a-3dfb97c61555', 'kuali.lui.type.activity.offering.lecture')
/
insert into KSEN_LUI (OBJ_ID, VER_NBR, CREATEID, CREATETIME, UPDATEID, UPDATETIME, ATP_ID, CLU_ID, EFF_DT, EXPIR_DT, DESCR_FORMATTED, LUI_STATE, LUI_TYPE, MAX_SEATS, MIN_SEATS, NAME, DESCR_PLAIN, REF_URL, ID) values ('cca9c8eb-d40d-4d2e-9259-3badf9b6ad47', 0, 'admin', TIMESTAMP '2013-10-28 09:06:58.508', 'admin', TIMESTAMP '2013-10-28 09:06:58.508', 'kuali.atp.2012Summer1', '4db34db8-41d6-4522-b55b-5c861acec773', '', '', '1001', 'kuali.lui.registration.group.state.pending', 'kuali.lui.type.registration.group', '', '', '1001', '1001', '', '85a257d3-9395-4c63-a677-d95e2cca67c5')
/
insert into KSEN_LUI_ATTR (OBJ_ID, ATTR_KEY, OWNER_ID, ATTR_VALUE, ID) values ('0039b087-4a01-4903-9783-06d1f90f2552', 'kuali.attribute.registration.group.aocluster.id', '85a257d3-9395-4c63-a677-d95e2cca67c5', '64fc6170-796d-4378-997e-24179ae44be9', 'e610674c-11b2-43fc-b5a5-2849657ebfd7')
/
insert into KSEN_LUI_ATTR (OBJ_ID, ATTR_KEY, OWNER_ID, ATTR_VALUE, ID) values ('252ecc9b-43fe-4e39-9898-896ba3e73cd3', 'kuali.attribute.registration.group.is.generated', '85a257d3-9395-4c63-a677-d95e2cca67c5', '1', '7a20497e-de7f-45e5-b054-ba07fb858c86')
/
insert into KSEN_LUI_IDENT (OBJ_ID, VER_NBR, CREATEID, CREATETIME, UPDATEID, UPDATETIME, LUI_CD, DIVISION, IDENT_LEVEL, LNG_NAME, LUI_ID, ORGID, SHRT_NAME, LUI_ID_STATE, SUFX_CD, LUI_ID_TYPE, VARTN, ID) values ('c232039b-accc-47b0-b82a-1955e507cb08', 0, 'admin', TIMESTAMP '2013-10-28 09:06:58.508', 'admin', TIMESTAMP '2013-10-28 09:06:58.508', '', '', '', '', '85a257d3-9395-4c63-a677-d95e2cca67c5', '', '', 'kuali.lui.identifier.state.active', '', 'kuali.lui.identifier.type.official', '', '2330740a-36cf-4f09-ba38-32b616ca1b85')
/
insert into KSEN_LUILUI_RELTN (OBJ_ID, VER_NBR, CREATEID, CREATETIME, UPDATEID, UPDATETIME, EFF_DT, EXPIR_DT, DESCR_FORMATTED, LUI_ID, LUILUI_RELTN_STATE, LUILUI_RELTN_TYPE, NAME, DESCR_PLAIN, RELATED_LUI_ID, ID) values ('47d8f81f-dd79-4a0c-bbe4-11b191de5a08', 0, 'admin', TIMESTAMP '2013-10-28 09:06:58.508', 'admin', TIMESTAMP '2013-10-28 09:06:58.508', TIMESTAMP '2013-10-28 09:06:59.418', '', 'BSCI105M-FO-RG', 'e6ff9d51-70b1-4a04-b51a-3dfb97c61555', 'kuali.lui.lui.relation.state.active', 'kuali.lui.lui.relation.type.deliveredvia.fo2rg', 'fo-rg-relation', 'BSCI105M-FO-RG', '85a257d3-9395-4c63-a677-d95e2cca67c5', '4638ae01-cf76-421c-8cc8-54d82bbc2719')
/
insert into KSEN_LUILUI_RELTN (OBJ_ID, VER_NBR, CREATEID, CREATETIME, UPDATEID, UPDATETIME, EFF_DT, EXPIR_DT, DESCR_FORMATTED, LUI_ID, LUILUI_RELTN_STATE, LUILUI_RELTN_TYPE, NAME, DESCR_PLAIN, RELATED_LUI_ID, ID) values ('de90e023-08ed-4a62-bc22-2be300610c7c', 0, 'admin', TIMESTAMP '2013-10-28 09:06:58.508', 'admin', TIMESTAMP '2013-10-28 09:06:58.508', TIMESTAMP '2013-10-28 09:06:59.419', '', 'BSCI105M-RG-AO', '85a257d3-9395-4c63-a677-d95e2cca67c5', 'kuali.lui.lui.relation.state.active', 'kuali.lui.lui.relation.type.registeredforvia.rg2ao', 'rg-ao-relation', 'BSCI105M-RG-AO', '9ba027b2-ffa9-40dc-8608-9f37f573f6f7', '93dab6e3-9d3f-4b4f-b704-45d3e911439e')
/
insert into KSEN_LUILUI_RELTN (OBJ_ID, VER_NBR, CREATEID, CREATETIME, UPDATEID, UPDATETIME, EFF_DT, EXPIR_DT, DESCR_FORMATTED, LUI_ID, LUILUI_RELTN_STATE, LUILUI_RELTN_TYPE, NAME, DESCR_PLAIN, RELATED_LUI_ID, ID) values ('e756434d-fcdf-4d3a-a043-82ba296f19b3', 0, 'admin', TIMESTAMP '2013-10-28 09:06:58.508', 'admin', TIMESTAMP '2013-10-28 09:06:58.508', TIMESTAMP '2013-10-28 09:06:59.419', '', 'BSCI105M-RG-AO', '85a257d3-9395-4c63-a677-d95e2cca67c5', 'kuali.lui.lui.relation.state.active', 'kuali.lui.lui.relation.type.registeredforvia.rg2ao', 'rg-ao-relation', 'BSCI105M-RG-AO', '14f2553c-44a9-4995-93f4-6622d27412b0', '7b7df0af-d6f1-4fd8-84a4-5d30c7bdad45')
/
insert into KSEN_CWL (OBJ_ID, VER_NBR, CREATEID, CREATETIME, UPDATEID, UPDATETIME, ALLOW_HOLD_UTIL_ENTRIES_IND, AUTO_PROCESSED_IND, CHECK_IN_REQ_IND, CONF_REQ_IND, EFF_DT, EXPIR_DT, MAX_SIZE, REG_IN_FIRST_AAO_IND, STD_DUR_TIME_QTY, STD_DUR_TYPE, CWL_STATE, CWL_TYPE, ID) values ('cdb960e9-372d-46c9-aff4-efd875a43efc', 0, 'admin', TIMESTAMP '2013-10-28 09:06:58.508', 'admin', TIMESTAMP '2013-10-28 09:06:58.508', '0', '1', '0', '1', '', '', '', '', '', '', 'kuali.course.waitlist.state.active', 'kuali.course.waitlist.type.course.waitlist', '329c3631-0757-45f3-a35e-f77db5fa55ab')
/
insert into KSEN_CWL_ACTIV_OFFER (CWL_ID, ACTIV_OFFER_ID) values ('329c3631-0757-45f3-a35e-f77db5fa55ab', '14f2553c-44a9-4995-93f4-6622d27412b0')
/
insert into KSEN_CWL_FORMAT_OFFER (CWL_ID, FORMAT_OFFER_ID) values ('329c3631-0757-45f3-a35e-f77db5fa55ab', 'e6ff9d51-70b1-4a04-b51a-3dfb97c61555')
/


-- Term = kuali.atp.2012Summer1 / 201205, coCode = CHEM242
insert into KSEN_LUI (OBJ_ID, VER_NBR, CREATEID, CREATETIME, UPDATEID, UPDATETIME, ATP_ID, CLU_ID, EFF_DT, EXPIR_DT, DESCR_FORMATTED, LUI_STATE, LUI_TYPE, MAX_SEATS, MIN_SEATS, NAME, DESCR_PLAIN, REF_URL, ID) values ('6bb920a3-3089-4e35-9a77-dfe41764e674', 0, 'admin', TIMESTAMP '2013-10-28 09:08:52.985', 'admin', TIMESTAMP '2013-10-28 09:08:52.985', 'kuali.atp.2012Summer1', '06b65acf-167f-4864-8870-4aeb3e333277', '', '', '', 'kuali.lui.activity.offering.state.draft', 'kuali.lui.type.activity.offering.lecture', 128, '', 'CHEM242 AO', '', '', '95341763-685d-4f03-a80b-c10d28aef1ce')
/
insert into KSEN_LUI_ATTR (OBJ_ID, ATTR_KEY, OWNER_ID, ATTR_VALUE, ID) values ('b082cef8-94d2-48c7-9201-1fa99f461fd1', 'kuali.attribute.nonstd.ts.indicator', '95341763-685d-4f03-a80b-c10d28aef1ce', '0', '021cc6f2-6521-4449-a955-8b66f62df7e4')
/
insert into KSEN_LUI_ATTR (OBJ_ID, ATTR_KEY, OWNER_ID, ATTR_VALUE, ID) values ('4d80a6b4-876d-491a-a913-4b03c8113b9f', 'kuali.attribute.course.evaluation.indicator', '95341763-685d-4f03-a80b-c10d28aef1ce', 'null', 'a633d88d-d342-415f-bb04-9aea7e27e46b')
/
insert into KSEN_LUI_ATTR (OBJ_ID, ATTR_KEY, OWNER_ID, ATTR_VALUE, ID) values ('698d5476-5784-4984-a070-806d52d56140', 'kuali.attribute.max.enrollment.is.estimate', '95341763-685d-4f03-a80b-c10d28aef1ce', 'null', '6d03fc31-1910-4666-8ab2-076c4f8b30ad')
/
insert into KSEN_LUI_IDENT (OBJ_ID, VER_NBR, CREATEID, CREATETIME, UPDATEID, UPDATETIME, LUI_CD, DIVISION, IDENT_LEVEL, LNG_NAME, LUI_ID, ORGID, SHRT_NAME, LUI_ID_STATE, SUFX_CD, LUI_ID_TYPE, VARTN, ID) values ('e507a5f3-2772-4804-8e21-19d1ad4daa6a', 0, 'admin', TIMESTAMP '2013-10-28 09:08:52.985', 'admin', TIMESTAMP '2013-10-28 09:08:52.985', 'K', '', '', '', '95341763-685d-4f03-a80b-c10d28aef1ce', '', '', 'kuali.lui.identifier.state.active', '', 'kuali.lui.identifier.type.official', '', 'c3b9c006-36aa-4744-84ec-774d534cf7fb')
/
insert into KSEN_LUI_LU_CD (OBJ_ID, VER_NBR, CREATEID, CREATETIME, UPDATEID, UPDATETIME, DESCR_FORMATTED, LUI_ID, DESCR_PLAIN, LUI_LUCD_TYPE, VALUE, ID) values ('91ccbaf8-12e3-4bc1-8569-d1c0e42337bb', 0, 'admin', TIMESTAMP '2013-10-28 09:08:52.985', 'admin', TIMESTAMP '2013-10-28 09:08:52.985', '', '95341763-685d-4f03-a80b-c10d28aef1ce', '', 'kuali.lu.code.honorsOffering', 'null', '3a9dc1d9-2baf-4ada-b8f8-4f4eb28951e4')
/
insert into KSEN_LUILUI_RELTN (OBJ_ID, VER_NBR, CREATEID, CREATETIME, UPDATEID, UPDATETIME, EFF_DT, EXPIR_DT, DESCR_FORMATTED, LUI_ID, LUILUI_RELTN_STATE, LUILUI_RELTN_TYPE, NAME, DESCR_PLAIN, RELATED_LUI_ID, ID) values ('2584ed5a-2179-48c5-87f3-b18d4c617700', 0, 'admin', TIMESTAMP '2013-10-28 09:08:52.985', 'admin', TIMESTAMP '2013-10-28 09:08:52.985', TIMESTAMP '2013-10-28 09:08:53.114', '', 'CHEM242-FO-AO', '350782e0-9052-4885-93a0-9bffbdf62b27', 'kuali.lui.lui.relation.state.active', 'kuali.lui.lui.relation.type.deliveredvia.fo2ao', 'fo-ao-relation', 'CHEM242-FO-AO', '95341763-685d-4f03-a80b-c10d28aef1ce', '5978e950-41a7-481a-8fba-d93e41651a30')
/
insert into KSEN_CO_AO_CLUSTER_SET (OBJ_ID, ACTIVITY_OFFERING_TYPE, AO_CLUSTER_ID, ID) values ('5de41351-326c-47d5-9f97-487f29600095', 'kuali.lui.type.activity.offering.lecture', '36a2ea3d-a8d8-4520-8de7-fda3e1cc0cbd', '0ef526d0-45c8-4ed8-b372-df9278586116')
/
insert into KSEN_CO_AO_CLUSTER_SET_AO (AOC_SET_ID, ACTIVITY_OFFERING_ID) values ('0ef526d0-45c8-4ed8-b372-df9278586116', '95341763-685d-4f03-a80b-c10d28aef1ce')
/
delete from KSEN_LUILUI_RELTN where ID='a1f4c530-aa70-4b2a-b195-85b3feb27f5a' and VER_NBR=0
/
delete from KSEN_LUILUI_RELTN where ID='f8fda437-aa13-4b39-b737-62dd06e34952' and VER_NBR=0
/
delete from KSEN_LUI_ATTR where ID='a2e1b81a-6bfa-4ffd-b1e8-878a5a7eee86'
/
delete from KSEN_LUI_ATTR where ID='01c99049-d077-4079-a835-71aabd08289e'
/
delete from KSEN_LUI_IDENT where ID='d375d68f-70b4-4b0c-8b2b-909c000c40c9' and VER_NBR=0
/
delete from KSEN_LUI where ID='56d51348-953a-4923-aa53-4a0452657434' and VER_NBR=1
/
delete from KSEN_LUILUI_RELTN where ID='26deff45-c014-4a6b-91a5-c3fc010b8a14' and VER_NBR=0
/
delete from KSEN_LUILUI_RELTN where ID='587f57ac-dc4e-4991-98f2-4102d0d4406e' and VER_NBR=0
/
delete from KSEN_LUI_ATTR where ID='7f0f2b63-ffe3-4b5b-aadf-f4f015638f15'
/
delete from KSEN_LUI_ATTR where ID='45b357e0-5eb6-42e3-9702-1354576ee4c9'
/
delete from KSEN_LUI_IDENT where ID='5ba1392a-1c85-4b2f-b36f-7b6b6e872c46' and VER_NBR=0
/
delete from KSEN_LUI where ID='2d387e87-f5f6-475b-aada-6f6fad123486' and VER_NBR=1
/
delete from KSEN_LUILUI_RELTN where ID='64ae573a-6ef1-4661-aa24-f440b4d1b314' and VER_NBR=0
/
delete from KSEN_LUILUI_RELTN where ID='ca1be863-f9e4-4ae2-a4af-72c6e7ea200e' and VER_NBR=0
/
delete from KSEN_LUI_ATTR where ID='dfa699c2-caf4-4a1e-87af-9d8fe861c177'
/
delete from KSEN_LUI_ATTR where ID='09fb0280-ed9d-465c-b243-86362b4af299'
/
delete from KSEN_LUI_IDENT where ID='5823606a-749d-4f5d-ba0c-465356744537' and VER_NBR=0
/
delete from KSEN_LUI where ID='a0fea898-8a34-49de-b821-8e51b073b080' and VER_NBR=1
/
delete from KSEN_LUILUI_RELTN where ID='f2d965f1-1f3d-4ab5-9156-8307b2312ae5' and VER_NBR=0
/
delete from KSEN_LUILUI_RELTN where ID='9b50a9d7-f05e-4759-aace-dc5dfa40f1fb' and VER_NBR=0
/
delete from KSEN_LUI_ATTR where ID='05aac541-0b63-451a-a593-7decd1a742fb'
/
delete from KSEN_LUI_ATTR where ID='95f87112-625a-4db2-bf52-f7135f58981b'
/
delete from KSEN_LUI_IDENT where ID='b6510646-c05b-4f05-8bfe-56390ea5153f' and VER_NBR=0
/
delete from KSEN_LUI where ID='f5881713-c93b-4959-b042-a5ced73ae541' and VER_NBR=1
/
delete from KSEN_LUILUI_RELTN where ID='14849d49-db27-4772-a8d7-14d4ffd423bc' and VER_NBR=0
/
delete from KSEN_LUILUI_RELTN where ID='a419f1bf-5cda-4bd3-b076-edb2beb8c990' and VER_NBR=0
/
delete from KSEN_LUI_ATTR where ID='c8e9fe3e-4474-45bf-a519-a3e19583a9d0'
/
delete from KSEN_LUI_ATTR where ID='1862f3f5-f5f3-4165-ba35-bb6617d29072'
/
delete from KSEN_LUI_IDENT where ID='ee7dd674-f75f-4618-9633-c22aa36ac7ec' and VER_NBR=0
/
delete from KSEN_LUI where ID='f89a8efc-53f4-44fc-a7fb-95c87b42c8a6' and VER_NBR=1
/
delete from KSEN_LUILUI_RELTN where ID='acde6de0-6974-4740-b660-fcdd5a71e248' and VER_NBR=0
/
delete from KSEN_LUILUI_RELTN where ID='1451a04c-1013-4740-a80a-00715a4810f8' and VER_NBR=0
/
delete from KSEN_LUI_ATTR where ID='50221679-0063-4b2f-85b4-23047e78f532'
/
delete from KSEN_LUI_ATTR where ID='31512be5-23ba-416b-beb2-0cbfffc97522'
/
delete from KSEN_LUI_IDENT where ID='077069fa-da4e-4fb4-9119-5149afbf0252' and VER_NBR=0
/
delete from KSEN_LUI where ID='b85d0d31-1c5c-402e-9d0d-a6a816f03ba0' and VER_NBR=1
/
delete from KSEN_LUILUI_RELTN where ID='123b20cd-a9e9-485e-94a5-e707cd6154c9' and VER_NBR=0
/
delete from KSEN_LUILUI_RELTN where ID='016a21d4-0289-4752-b374-84264a5df781' and VER_NBR=0
/
delete from KSEN_LUI_ATTR where ID='022b51ab-b191-4803-97bf-47ec4c807a5f'
/
delete from KSEN_LUI_ATTR where ID='cecc8372-21b3-4542-b06f-10d83e4b6624'
/
delete from KSEN_LUI_IDENT where ID='7b86aeec-93a9-4a80-b9d3-4bcece1b9043' and VER_NBR=0
/
delete from KSEN_LUI where ID='f88848bb-a737-4cd6-940e-a058a002be6e' and VER_NBR=1
/
delete from KSEN_LUILUI_RELTN where ID='6f5beeca-0f84-48b5-be0a-100174aed8a2' and VER_NBR=0
/
delete from KSEN_LUILUI_RELTN where ID='a6c77590-ef86-4f67-ad16-b4d4c5e12021' and VER_NBR=0
/
delete from KSEN_LUI_ATTR where ID='1fb29db0-b330-43db-b5f5-89c63e1dce0b'
/
delete from KSEN_LUI_ATTR where ID='026fafcc-9bc1-4166-8ce2-fea55ca8cf96'
/
delete from KSEN_LUI_IDENT where ID='9cb863b5-e08a-49cf-ba7b-ee97f4cf70b5' and VER_NBR=0
/
delete from KSEN_LUI where ID='ee65c40e-74ad-43c2-a628-72d72cb93b25' and VER_NBR=1
/
delete from KSEN_LUILUI_RELTN where ID='988f1281-baba-452f-909d-aca848f61fee' and VER_NBR=0
/
delete from KSEN_LUILUI_RELTN where ID='b0da6e67-120b-4530-bef5-f74a79b7db5f' and VER_NBR=0
/
delete from KSEN_LUI_ATTR where ID='af50e857-4a3b-402b-8d56-eb557fd418da'
/
delete from KSEN_LUI_ATTR where ID='5f631cf4-4560-45c6-82df-a4fd5c67bfe3'
/
delete from KSEN_LUI_IDENT where ID='5eaab7f6-bce3-441c-99df-13e03b9ecd41' and VER_NBR=0
/
delete from KSEN_LUI where ID='9ce6954b-a545-473a-af3a-f20e39afca3d' and VER_NBR=1
/
delete from KSEN_LUILUI_RELTN where ID='032ee683-7e39-4df7-821c-a3fe8027ca72' and VER_NBR=0
/
delete from KSEN_LUILUI_RELTN where ID='62406956-b6a9-44f5-80a2-0496995947dd' and VER_NBR=0
/
delete from KSEN_LUI_ATTR where ID='4fa8e8b2-952d-4c1f-a8a9-238be973ac31'
/
delete from KSEN_LUI_ATTR where ID='2aec6e30-948a-4dd5-be74-a8da2eda08d7'
/
delete from KSEN_LUI_IDENT where ID='0a40cb1a-91ab-46c8-9ec0-593c0ef0df51' and VER_NBR=0
/
delete from KSEN_LUI where ID='b8980414-483b-409d-a52e-f3be5a17a04b' and VER_NBR=1
/
insert into KSEN_LUI_ATTR (OBJ_ID, ATTR_KEY, OWNER_ID, ATTR_VALUE, ID) values ('b4d4db79-3719-4ec2-8446-ed1d6049aa4f', 'regCodePrefix', '350782e0-9052-4885-93a0-9bffbdf62b27', '1', '028ad922-7810-49bd-b314-749b98a3b6b7')
/
delete from KSEN_LUI_RELATED_LUI_TYPES where LUI_ID='350782e0-9052-4885-93a0-9bffbdf62b27'
/
insert into KSEN_LUI_RELATED_LUI_TYPES (LUI_ID, RELATED_LUI_TYPE) values ('350782e0-9052-4885-93a0-9bffbdf62b27', 'kuali.lui.type.activity.offering.lab')
/
insert into KSEN_LUI_RELATED_LUI_TYPES (LUI_ID, RELATED_LUI_TYPE) values ('350782e0-9052-4885-93a0-9bffbdf62b27', 'kuali.lui.type.activity.offering.lecture')
/
insert into KSEN_LUI (OBJ_ID, VER_NBR, CREATEID, CREATETIME, UPDATEID, UPDATETIME, ATP_ID, CLU_ID, EFF_DT, EXPIR_DT, DESCR_FORMATTED, LUI_STATE, LUI_TYPE, MAX_SEATS, MIN_SEATS, NAME, DESCR_PLAIN, REF_URL, ID) values ('3d1fcfe5-e4f5-4e7d-87d4-e0370c94b9bc', 0, 'admin', TIMESTAMP '2013-10-28 09:08:52.985', 'admin', TIMESTAMP '2013-10-28 09:08:52.985', 'kuali.atp.2012Summer1', 'd925e275-370d-4d98-bbec-96fe2459a200', '', '', '1001', 'kuali.lui.registration.group.state.pending', 'kuali.lui.type.registration.group', '', '', '1001', '1001', '', 'd0fd99b4-3594-4c54-9825-c32929ce8356')
/
insert into KSEN_LUI_ATTR (OBJ_ID, ATTR_KEY, OWNER_ID, ATTR_VALUE, ID) values ('27e97e21-b024-4a07-9ec3-2723cdce4b4f', 'kuali.attribute.registration.group.is.generated', 'd0fd99b4-3594-4c54-9825-c32929ce8356', '1', '78dd3709-6587-4a5b-a829-9befcbb18997')
/
insert into KSEN_LUI_ATTR (OBJ_ID, ATTR_KEY, OWNER_ID, ATTR_VALUE, ID) values ('21d4121b-bbe4-4987-b398-dcf2a633c15e', 'kuali.attribute.registration.group.aocluster.id', 'd0fd99b4-3594-4c54-9825-c32929ce8356', '36a2ea3d-a8d8-4520-8de7-fda3e1cc0cbd', 'b908094a-d198-41a5-ab96-ee226288566a')
/
insert into KSEN_LUI_IDENT (OBJ_ID, VER_NBR, CREATEID, CREATETIME, UPDATEID, UPDATETIME, LUI_CD, DIVISION, IDENT_LEVEL, LNG_NAME, LUI_ID, ORGID, SHRT_NAME, LUI_ID_STATE, SUFX_CD, LUI_ID_TYPE, VARTN, ID) values ('ff0169d9-3d3d-45da-b0a9-d0949e97a005', 0, 'admin', TIMESTAMP '2013-10-28 09:08:52.985', 'admin', TIMESTAMP '2013-10-28 09:08:52.985', '', '', '', '', 'd0fd99b4-3594-4c54-9825-c32929ce8356', '', '', 'kuali.lui.identifier.state.active', '', 'kuali.lui.identifier.type.official', '', 'c56ce70f-bf3f-46ef-b3a1-09c71de8e3df')
/
insert into KSEN_LUILUI_RELTN (OBJ_ID, VER_NBR, CREATEID, CREATETIME, UPDATEID, UPDATETIME, EFF_DT, EXPIR_DT, DESCR_FORMATTED, LUI_ID, LUILUI_RELTN_STATE, LUILUI_RELTN_TYPE, NAME, DESCR_PLAIN, RELATED_LUI_ID, ID) values ('73a9a2db-e321-4196-839e-01b934727c26', 0, 'admin', TIMESTAMP '2013-10-28 09:08:52.985', 'admin', TIMESTAMP '2013-10-28 09:08:52.985', TIMESTAMP '2013-10-28 09:08:55.837', '', 'CHEM242-FO-RG', '350782e0-9052-4885-93a0-9bffbdf62b27', 'kuali.lui.lui.relation.state.active', 'kuali.lui.lui.relation.type.deliveredvia.fo2rg', 'fo-rg-relation', 'CHEM242-FO-RG', 'd0fd99b4-3594-4c54-9825-c32929ce8356', '1adb0f5b-1f83-4892-9399-b9be0b40659d')
/
insert into KSEN_LUILUI_RELTN (OBJ_ID, VER_NBR, CREATEID, CREATETIME, UPDATEID, UPDATETIME, EFF_DT, EXPIR_DT, DESCR_FORMATTED, LUI_ID, LUILUI_RELTN_STATE, LUILUI_RELTN_TYPE, NAME, DESCR_PLAIN, RELATED_LUI_ID, ID) values ('352fc1b8-7972-4b39-b38b-5c0fb24e15d5', 0, 'admin', TIMESTAMP '2013-10-28 09:08:52.985', 'admin', TIMESTAMP '2013-10-28 09:08:52.985', TIMESTAMP '2013-10-28 09:08:55.838', '', 'CHEM242-RG-AO', 'd0fd99b4-3594-4c54-9825-c32929ce8356', 'kuali.lui.lui.relation.state.active', 'kuali.lui.lui.relation.type.registeredforvia.rg2ao', 'rg-ao-relation', 'CHEM242-RG-AO', '4b2f6baf-068c-4fd9-9713-f6d126370870', '0a809518-4f8e-4091-b345-7bed0782d60c')
/
insert into KSEN_LUILUI_RELTN (OBJ_ID, VER_NBR, CREATEID, CREATETIME, UPDATEID, UPDATETIME, EFF_DT, EXPIR_DT, DESCR_FORMATTED, LUI_ID, LUILUI_RELTN_STATE, LUILUI_RELTN_TYPE, NAME, DESCR_PLAIN, RELATED_LUI_ID, ID) values ('0471cd3e-8d37-4a9d-96c4-e5ffe3ce23a6', 0, 'admin', TIMESTAMP '2013-10-28 09:08:52.985', 'admin', TIMESTAMP '2013-10-28 09:08:52.985', TIMESTAMP '2013-10-28 09:08:55.838', '', 'CHEM242-RG-AO', 'd0fd99b4-3594-4c54-9825-c32929ce8356', 'kuali.lui.lui.relation.state.active', 'kuali.lui.lui.relation.type.registeredforvia.rg2ao', 'rg-ao-relation', 'CHEM242-RG-AO', '95341763-685d-4f03-a80b-c10d28aef1ce', '46a8983a-ac7e-4b8a-885c-fad1eec3744d')
/
insert into KSEN_LUI (OBJ_ID, VER_NBR, CREATEID, CREATETIME, UPDATEID, UPDATETIME, ATP_ID, CLU_ID, EFF_DT, EXPIR_DT, DESCR_FORMATTED, LUI_STATE, LUI_TYPE, MAX_SEATS, MIN_SEATS, NAME, DESCR_PLAIN, REF_URL, ID) values ('db3909fd-62b4-4d66-88f4-0e2702f55e12', 0, 'admin', TIMESTAMP '2013-10-28 09:08:52.985', 'admin', TIMESTAMP '2013-10-28 09:08:52.985', 'kuali.atp.2012Summer1', 'd925e275-370d-4d98-bbec-96fe2459a200', '', '', '1002', 'kuali.lui.registration.group.state.pending', 'kuali.lui.type.registration.group', '', '', '1002', '1002', '', '34192970-15ed-4c4a-b853-3ad794e47f96')
/
insert into KSEN_LUI_ATTR (OBJ_ID, ATTR_KEY, OWNER_ID, ATTR_VALUE, ID) values ('22e3c432-918c-4e9b-804a-9ee5f691058d', 'kuali.attribute.registration.group.is.generated', '34192970-15ed-4c4a-b853-3ad794e47f96', '1', '629dc353-ba23-49dd-8175-73d960a0bdab')
/
insert into KSEN_LUI_ATTR (OBJ_ID, ATTR_KEY, OWNER_ID, ATTR_VALUE, ID) values ('b1523d36-3fde-44bc-ba1c-d6f32ea29002', 'kuali.attribute.registration.group.aocluster.id', '34192970-15ed-4c4a-b853-3ad794e47f96', '36a2ea3d-a8d8-4520-8de7-fda3e1cc0cbd', '9af748bd-664d-492d-b2bb-2edccc218bce')
/
insert into KSEN_LUI_IDENT (OBJ_ID, VER_NBR, CREATEID, CREATETIME, UPDATEID, UPDATETIME, LUI_CD, DIVISION, IDENT_LEVEL, LNG_NAME, LUI_ID, ORGID, SHRT_NAME, LUI_ID_STATE, SUFX_CD, LUI_ID_TYPE, VARTN, ID) values ('33a39e2a-2bdc-4e76-a345-044c77ec6cd5', 0, 'admin', TIMESTAMP '2013-10-28 09:08:52.985', 'admin', TIMESTAMP '2013-10-28 09:08:52.985', '', '', '', '', '34192970-15ed-4c4a-b853-3ad794e47f96', '', '', 'kuali.lui.identifier.state.active', '', 'kuali.lui.identifier.type.official', '', '0d4b12c3-603b-414b-aa43-414f86c58121')
/
insert into KSEN_LUILUI_RELTN (OBJ_ID, VER_NBR, CREATEID, CREATETIME, UPDATEID, UPDATETIME, EFF_DT, EXPIR_DT, DESCR_FORMATTED, LUI_ID, LUILUI_RELTN_STATE, LUILUI_RELTN_TYPE, NAME, DESCR_PLAIN, RELATED_LUI_ID, ID) values ('17cfb599-8111-4942-b1f8-919d45936c77', 0, 'admin', TIMESTAMP '2013-10-28 09:08:52.985', 'admin', TIMESTAMP '2013-10-28 09:08:52.985', TIMESTAMP '2013-10-28 09:08:56.194', '', 'CHEM242-FO-RG', '350782e0-9052-4885-93a0-9bffbdf62b27', 'kuali.lui.lui.relation.state.active', 'kuali.lui.lui.relation.type.deliveredvia.fo2rg', 'fo-rg-relation', 'CHEM242-FO-RG', '34192970-15ed-4c4a-b853-3ad794e47f96', 'fd1ead30-920b-44f7-be16-bde9501f47a8')
/
insert into KSEN_LUILUI_RELTN (OBJ_ID, VER_NBR, CREATEID, CREATETIME, UPDATEID, UPDATETIME, EFF_DT, EXPIR_DT, DESCR_FORMATTED, LUI_ID, LUILUI_RELTN_STATE, LUILUI_RELTN_TYPE, NAME, DESCR_PLAIN, RELATED_LUI_ID, ID) values ('d6f8adaa-2b93-4921-b02a-8e27c35416a4', 0, 'admin', TIMESTAMP '2013-10-28 09:08:52.985', 'admin', TIMESTAMP '2013-10-28 09:08:52.985', TIMESTAMP '2013-10-28 09:08:56.194', '', 'CHEM242-RG-AO', '34192970-15ed-4c4a-b853-3ad794e47f96', 'kuali.lui.lui.relation.state.active', 'kuali.lui.lui.relation.type.registeredforvia.rg2ao', 'rg-ao-relation', 'CHEM242-RG-AO', '639c9d2a-2018-4a29-b00b-b9eaea3b59bb', 'e47cd5a5-d266-4801-927d-9e3b7b1c34a1')
/
insert into KSEN_LUILUI_RELTN (OBJ_ID, VER_NBR, CREATEID, CREATETIME, UPDATEID, UPDATETIME, EFF_DT, EXPIR_DT, DESCR_FORMATTED, LUI_ID, LUILUI_RELTN_STATE, LUILUI_RELTN_TYPE, NAME, DESCR_PLAIN, RELATED_LUI_ID, ID) values ('c9222dcb-a140-4b4a-bd32-7078de5c55f3', 0, 'admin', TIMESTAMP '2013-10-28 09:08:52.985', 'admin', TIMESTAMP '2013-10-28 09:08:52.985', TIMESTAMP '2013-10-28 09:08:56.195', '', 'CHEM242-RG-AO', '34192970-15ed-4c4a-b853-3ad794e47f96', 'kuali.lui.lui.relation.state.active', 'kuali.lui.lui.relation.type.registeredforvia.rg2ao', 'rg-ao-relation', 'CHEM242-RG-AO', '95341763-685d-4f03-a80b-c10d28aef1ce', 'f2ebeebe-dec7-4b2e-b92c-52a31f7b2fbd')
/
insert into KSEN_LUI (OBJ_ID, VER_NBR, CREATEID, CREATETIME, UPDATEID, UPDATETIME, ATP_ID, CLU_ID, EFF_DT, EXPIR_DT, DESCR_FORMATTED, LUI_STATE, LUI_TYPE, MAX_SEATS, MIN_SEATS, NAME, DESCR_PLAIN, REF_URL, ID) values ('c875b118-cbd5-4b84-8dcf-924202223a5c', 0, 'admin', TIMESTAMP '2013-10-28 09:08:52.985', 'admin', TIMESTAMP '2013-10-28 09:08:52.985', 'kuali.atp.2012Summer1', 'd925e275-370d-4d98-bbec-96fe2459a200', '', '', '1003', 'kuali.lui.registration.group.state.pending', 'kuali.lui.type.registration.group', '', '', '1003', '1003', '', '39ee7c82-0f8d-4e14-9b12-bec16b576d2c')
/
insert into KSEN_LUI_ATTR (OBJ_ID, ATTR_KEY, OWNER_ID, ATTR_VALUE, ID) values ('e2404887-dc23-42ae-a172-395882b276c4', 'kuali.attribute.registration.group.is.generated', '39ee7c82-0f8d-4e14-9b12-bec16b576d2c', '1', '78b4c085-41d6-402a-93b0-448c1d5cb56b')
/
insert into KSEN_LUI_ATTR (OBJ_ID, ATTR_KEY, OWNER_ID, ATTR_VALUE, ID) values ('c79b71f9-9dab-4e80-8bae-cbb7bf8d3173', 'kuali.attribute.registration.group.aocluster.id', '39ee7c82-0f8d-4e14-9b12-bec16b576d2c', '36a2ea3d-a8d8-4520-8de7-fda3e1cc0cbd', '33101194-78e2-4379-9e50-b5e5bbdf2f1d')
/
insert into KSEN_LUI_IDENT (OBJ_ID, VER_NBR, CREATEID, CREATETIME, UPDATEID, UPDATETIME, LUI_CD, DIVISION, IDENT_LEVEL, LNG_NAME, LUI_ID, ORGID, SHRT_NAME, LUI_ID_STATE, SUFX_CD, LUI_ID_TYPE, VARTN, ID) values ('fc554374-d232-4b70-8f00-04b8d9e5e339', 0, 'admin', TIMESTAMP '2013-10-28 09:08:52.985', 'admin', TIMESTAMP '2013-10-28 09:08:52.985', '', '', '', '', '39ee7c82-0f8d-4e14-9b12-bec16b576d2c', '', '', 'kuali.lui.identifier.state.active', '', 'kuali.lui.identifier.type.official', '', '113f2862-208c-43fc-8777-631acb2dc4c7')
/
insert into KSEN_LUILUI_RELTN (OBJ_ID, VER_NBR, CREATEID, CREATETIME, UPDATEID, UPDATETIME, EFF_DT, EXPIR_DT, DESCR_FORMATTED, LUI_ID, LUILUI_RELTN_STATE, LUILUI_RELTN_TYPE, NAME, DESCR_PLAIN, RELATED_LUI_ID, ID) values ('fc14d881-2452-4a48-bf27-45640d3a2621', 0, 'admin', TIMESTAMP '2013-10-28 09:08:52.985', 'admin', TIMESTAMP '2013-10-28 09:08:52.985', TIMESTAMP '2013-10-28 09:08:56.556', '', 'CHEM242-FO-RG', '350782e0-9052-4885-93a0-9bffbdf62b27', 'kuali.lui.lui.relation.state.active', 'kuali.lui.lui.relation.type.deliveredvia.fo2rg', 'fo-rg-relation', 'CHEM242-FO-RG', '39ee7c82-0f8d-4e14-9b12-bec16b576d2c', '6a479930-105d-4cc6-9157-173a2d124639')
/
insert into KSEN_LUILUI_RELTN (OBJ_ID, VER_NBR, CREATEID, CREATETIME, UPDATEID, UPDATETIME, EFF_DT, EXPIR_DT, DESCR_FORMATTED, LUI_ID, LUILUI_RELTN_STATE, LUILUI_RELTN_TYPE, NAME, DESCR_PLAIN, RELATED_LUI_ID, ID) values ('5a1d0f2d-781e-43f4-b8b4-be157355e839', 0, 'admin', TIMESTAMP '2013-10-28 09:08:52.985', 'admin', TIMESTAMP '2013-10-28 09:08:52.985', TIMESTAMP '2013-10-28 09:08:56.556', '', 'CHEM242-RG-AO', '39ee7c82-0f8d-4e14-9b12-bec16b576d2c', 'kuali.lui.lui.relation.state.active', 'kuali.lui.lui.relation.type.registeredforvia.rg2ao', 'rg-ao-relation', 'CHEM242-RG-AO', '281df7d3-7130-477a-ab9c-11996890160c', '28fdb385-389d-4322-a7ae-19d4434acabc')
/
insert into KSEN_LUILUI_RELTN (OBJ_ID, VER_NBR, CREATEID, CREATETIME, UPDATEID, UPDATETIME, EFF_DT, EXPIR_DT, DESCR_FORMATTED, LUI_ID, LUILUI_RELTN_STATE, LUILUI_RELTN_TYPE, NAME, DESCR_PLAIN, RELATED_LUI_ID, ID) values ('57b298a8-ddac-4bd4-b03a-599012b8c83d', 0, 'admin', TIMESTAMP '2013-10-28 09:08:52.985', 'admin', TIMESTAMP '2013-10-28 09:08:52.985', TIMESTAMP '2013-10-28 09:08:56.557', '', 'CHEM242-RG-AO', '39ee7c82-0f8d-4e14-9b12-bec16b576d2c', 'kuali.lui.lui.relation.state.active', 'kuali.lui.lui.relation.type.registeredforvia.rg2ao', 'rg-ao-relation', 'CHEM242-RG-AO', '95341763-685d-4f03-a80b-c10d28aef1ce', 'e48f2687-e10e-464c-a703-1cf0b5182a27')
/
insert into KSEN_LUI (OBJ_ID, VER_NBR, CREATEID, CREATETIME, UPDATEID, UPDATETIME, ATP_ID, CLU_ID, EFF_DT, EXPIR_DT, DESCR_FORMATTED, LUI_STATE, LUI_TYPE, MAX_SEATS, MIN_SEATS, NAME, DESCR_PLAIN, REF_URL, ID) values ('800d7e33-abf5-4405-879c-86d096d6cfdc', 0, 'admin', TIMESTAMP '2013-10-28 09:08:52.985', 'admin', TIMESTAMP '2013-10-28 09:08:52.985', 'kuali.atp.2012Summer1', 'd925e275-370d-4d98-bbec-96fe2459a200', '', '', '1004', 'kuali.lui.registration.group.state.pending', 'kuali.lui.type.registration.group', '', '', '1004', '1004', '', '66522908-d41f-4ebd-b487-bf1dd3631ef4')
/
insert into KSEN_LUI_ATTR (OBJ_ID, ATTR_KEY, OWNER_ID, ATTR_VALUE, ID) values ('cb5063c5-abef-4d8c-a94b-a4fba116e780', 'kuali.attribute.registration.group.aocluster.id', '66522908-d41f-4ebd-b487-bf1dd3631ef4', '36a2ea3d-a8d8-4520-8de7-fda3e1cc0cbd', '173ce6a6-7fc2-4b96-934d-3bff2ec151ab')
/
insert into KSEN_LUI_ATTR (OBJ_ID, ATTR_KEY, OWNER_ID, ATTR_VALUE, ID) values ('619b500d-21a7-4e70-bf32-45fc2ff41d66', 'kuali.attribute.registration.group.is.generated', '66522908-d41f-4ebd-b487-bf1dd3631ef4', '1', '35be9790-1a4b-4deb-97ab-279971cbaa69')
/
insert into KSEN_LUI_IDENT (OBJ_ID, VER_NBR, CREATEID, CREATETIME, UPDATEID, UPDATETIME, LUI_CD, DIVISION, IDENT_LEVEL, LNG_NAME, LUI_ID, ORGID, SHRT_NAME, LUI_ID_STATE, SUFX_CD, LUI_ID_TYPE, VARTN, ID) values ('535cfe8b-9f00-494b-8068-68431e021697', 0, 'admin', TIMESTAMP '2013-10-28 09:08:52.985', 'admin', TIMESTAMP '2013-10-28 09:08:52.985', '', '', '', '', '66522908-d41f-4ebd-b487-bf1dd3631ef4', '', '', 'kuali.lui.identifier.state.active', '', 'kuali.lui.identifier.type.official', '', '1b2f4d88-7096-4843-a443-f9b32ba93967')
/
insert into KSEN_LUILUI_RELTN (OBJ_ID, VER_NBR, CREATEID, CREATETIME, UPDATEID, UPDATETIME, EFF_DT, EXPIR_DT, DESCR_FORMATTED, LUI_ID, LUILUI_RELTN_STATE, LUILUI_RELTN_TYPE, NAME, DESCR_PLAIN, RELATED_LUI_ID, ID) values ('cf9ceaad-4d1a-478e-b11e-199fa758c95a', 0, 'admin', TIMESTAMP '2013-10-28 09:08:52.985', 'admin', TIMESTAMP '2013-10-28 09:08:52.985', TIMESTAMP '2013-10-28 09:08:57.308', '', 'CHEM242-FO-RG', '350782e0-9052-4885-93a0-9bffbdf62b27', 'kuali.lui.lui.relation.state.active', 'kuali.lui.lui.relation.type.deliveredvia.fo2rg', 'fo-rg-relation', 'CHEM242-FO-RG', '66522908-d41f-4ebd-b487-bf1dd3631ef4', '585a5025-cf4e-41a1-9fd2-bdb0d04eb850')
/
insert into KSEN_LUILUI_RELTN (OBJ_ID, VER_NBR, CREATEID, CREATETIME, UPDATEID, UPDATETIME, EFF_DT, EXPIR_DT, DESCR_FORMATTED, LUI_ID, LUILUI_RELTN_STATE, LUILUI_RELTN_TYPE, NAME, DESCR_PLAIN, RELATED_LUI_ID, ID) values ('e957d652-59c1-4d25-bfc3-3d36256fc449', 0, 'admin', TIMESTAMP '2013-10-28 09:08:52.985', 'admin', TIMESTAMP '2013-10-28 09:08:52.985', TIMESTAMP '2013-10-28 09:08:57.308', '', 'CHEM242-RG-AO', '66522908-d41f-4ebd-b487-bf1dd3631ef4', 'kuali.lui.lui.relation.state.active', 'kuali.lui.lui.relation.type.registeredforvia.rg2ao', 'rg-ao-relation', 'CHEM242-RG-AO', '5c40f9c9-8afe-4786-beca-27bc72876b5b', 'c462f180-e2f8-45cc-83fe-68212c46ec93')
/
insert into KSEN_LUILUI_RELTN (OBJ_ID, VER_NBR, CREATEID, CREATETIME, UPDATEID, UPDATETIME, EFF_DT, EXPIR_DT, DESCR_FORMATTED, LUI_ID, LUILUI_RELTN_STATE, LUILUI_RELTN_TYPE, NAME, DESCR_PLAIN, RELATED_LUI_ID, ID) values ('4bc4c8b3-70cc-4b90-b4fa-c579ce8e6d27', 0, 'admin', TIMESTAMP '2013-10-28 09:08:52.985', 'admin', TIMESTAMP '2013-10-28 09:08:52.985', TIMESTAMP '2013-10-28 09:08:57.309', '', 'CHEM242-RG-AO', '66522908-d41f-4ebd-b487-bf1dd3631ef4', 'kuali.lui.lui.relation.state.active', 'kuali.lui.lui.relation.type.registeredforvia.rg2ao', 'rg-ao-relation', 'CHEM242-RG-AO', '95341763-685d-4f03-a80b-c10d28aef1ce', 'b6b4a238-8a90-4f60-b06c-7c0950bc804e')
/
insert into KSEN_LUI (OBJ_ID, VER_NBR, CREATEID, CREATETIME, UPDATEID, UPDATETIME, ATP_ID, CLU_ID, EFF_DT, EXPIR_DT, DESCR_FORMATTED, LUI_STATE, LUI_TYPE, MAX_SEATS, MIN_SEATS, NAME, DESCR_PLAIN, REF_URL, ID) values ('476b6e9d-6645-4fdb-a42b-0d71702532b2', 0, 'admin', TIMESTAMP '2013-10-28 09:08:52.985', 'admin', TIMESTAMP '2013-10-28 09:08:52.985', 'kuali.atp.2012Summer1', 'd925e275-370d-4d98-bbec-96fe2459a200', '', '', '1005', 'kuali.lui.registration.group.state.pending', 'kuali.lui.type.registration.group', '', '', '1005', '1005', '', '6b0982f7-4c16-4561-a859-b2b7193a2919')
/
insert into KSEN_LUI_ATTR (OBJ_ID, ATTR_KEY, OWNER_ID, ATTR_VALUE, ID) values ('aa04c84a-f3af-42fa-aa8f-d3e7b2d9fe41', 'kuali.attribute.registration.group.is.generated', '6b0982f7-4c16-4561-a859-b2b7193a2919', '1', 'cb9396e1-906f-49ec-86f6-50e491e71a22')
/
insert into KSEN_LUI_ATTR (OBJ_ID, ATTR_KEY, OWNER_ID, ATTR_VALUE, ID) values ('9793ac2f-5cc4-421f-acd8-c1cd893d9db8', 'kuali.attribute.registration.group.aocluster.id', '6b0982f7-4c16-4561-a859-b2b7193a2919', '36a2ea3d-a8d8-4520-8de7-fda3e1cc0cbd', 'a7cbc78d-ddef-4fb7-82d2-d6566e66c69b')
/
insert into KSEN_LUI_IDENT (OBJ_ID, VER_NBR, CREATEID, CREATETIME, UPDATEID, UPDATETIME, LUI_CD, DIVISION, IDENT_LEVEL, LNG_NAME, LUI_ID, ORGID, SHRT_NAME, LUI_ID_STATE, SUFX_CD, LUI_ID_TYPE, VARTN, ID) values ('e235ed64-eb14-4c27-909f-f9936645ef56', 0, 'admin', TIMESTAMP '2013-10-28 09:08:52.985', 'admin', TIMESTAMP '2013-10-28 09:08:52.985', '', '', '', '', '6b0982f7-4c16-4561-a859-b2b7193a2919', '', '', 'kuali.lui.identifier.state.active', '', 'kuali.lui.identifier.type.official', '', '3d4ff740-6e2d-4667-a036-0f7d7e39244f')
/
insert into KSEN_LUILUI_RELTN (OBJ_ID, VER_NBR, CREATEID, CREATETIME, UPDATEID, UPDATETIME, EFF_DT, EXPIR_DT, DESCR_FORMATTED, LUI_ID, LUILUI_RELTN_STATE, LUILUI_RELTN_TYPE, NAME, DESCR_PLAIN, RELATED_LUI_ID, ID) values ('964cc172-6c3f-424a-9566-8d036141fba0', 0, 'admin', TIMESTAMP '2013-10-28 09:08:52.985', 'admin', TIMESTAMP '2013-10-28 09:08:52.985', TIMESTAMP '2013-10-28 09:08:58.057', '', 'CHEM242-FO-RG', '350782e0-9052-4885-93a0-9bffbdf62b27', 'kuali.lui.lui.relation.state.active', 'kuali.lui.lui.relation.type.deliveredvia.fo2rg', 'fo-rg-relation', 'CHEM242-FO-RG', '6b0982f7-4c16-4561-a859-b2b7193a2919', '1e443334-2a29-4943-af8e-60ca0d5c6ad6')
/
insert into KSEN_LUILUI_RELTN (OBJ_ID, VER_NBR, CREATEID, CREATETIME, UPDATEID, UPDATETIME, EFF_DT, EXPIR_DT, DESCR_FORMATTED, LUI_ID, LUILUI_RELTN_STATE, LUILUI_RELTN_TYPE, NAME, DESCR_PLAIN, RELATED_LUI_ID, ID) values ('f05403b7-fead-4850-a752-543e6cc97d53', 0, 'admin', TIMESTAMP '2013-10-28 09:08:52.985', 'admin', TIMESTAMP '2013-10-28 09:08:52.985', TIMESTAMP '2013-10-28 09:08:58.058', '', 'CHEM242-RG-AO', '6b0982f7-4c16-4561-a859-b2b7193a2919', 'kuali.lui.lui.relation.state.active', 'kuali.lui.lui.relation.type.registeredforvia.rg2ao', 'rg-ao-relation', 'CHEM242-RG-AO', 'da9596eb-afef-4594-b50f-572551c6c6ab', 'd093d488-24b4-454a-adf5-052cd879bad0')
/
insert into KSEN_LUILUI_RELTN (OBJ_ID, VER_NBR, CREATEID, CREATETIME, UPDATEID, UPDATETIME, EFF_DT, EXPIR_DT, DESCR_FORMATTED, LUI_ID, LUILUI_RELTN_STATE, LUILUI_RELTN_TYPE, NAME, DESCR_PLAIN, RELATED_LUI_ID, ID) values ('ef1c4d49-9077-4378-8eec-d8c4b004c00e', 0, 'admin', TIMESTAMP '2013-10-28 09:08:52.985', 'admin', TIMESTAMP '2013-10-28 09:08:52.985', TIMESTAMP '2013-10-28 09:08:58.058', '', 'CHEM242-RG-AO', '6b0982f7-4c16-4561-a859-b2b7193a2919', 'kuali.lui.lui.relation.state.active', 'kuali.lui.lui.relation.type.registeredforvia.rg2ao', 'rg-ao-relation', 'CHEM242-RG-AO', '95341763-685d-4f03-a80b-c10d28aef1ce', '4e72b459-4ff1-46cf-bfe0-b17940e1c713')
/
insert into KSEN_LUI (OBJ_ID, VER_NBR, CREATEID, CREATETIME, UPDATEID, UPDATETIME, ATP_ID, CLU_ID, EFF_DT, EXPIR_DT, DESCR_FORMATTED, LUI_STATE, LUI_TYPE, MAX_SEATS, MIN_SEATS, NAME, DESCR_PLAIN, REF_URL, ID) values ('20022e38-307d-48e3-a06d-ed5f8f55ebaf', 0, 'admin', TIMESTAMP '2013-10-28 09:08:52.985', 'admin', TIMESTAMP '2013-10-28 09:08:52.985', 'kuali.atp.2012Summer1', 'd925e275-370d-4d98-bbec-96fe2459a200', '', '', '1006', 'kuali.lui.registration.group.state.pending', 'kuali.lui.type.registration.group', '', '', '1006', '1006', '', 'a3006e0f-4873-4420-b514-3df0dc386b83')
/
insert into KSEN_LUI_ATTR (OBJ_ID, ATTR_KEY, OWNER_ID, ATTR_VALUE, ID) values ('e9b41cdb-d9a9-4b77-8532-eeec48060ffa', 'kuali.attribute.registration.group.aocluster.id', 'a3006e0f-4873-4420-b514-3df0dc386b83', '36a2ea3d-a8d8-4520-8de7-fda3e1cc0cbd', '091b1fca-eae1-41c3-b480-3ea823c422f0')
/
insert into KSEN_LUI_ATTR (OBJ_ID, ATTR_KEY, OWNER_ID, ATTR_VALUE, ID) values ('6518c2c9-e0c2-4642-99c1-7b95cd11072b', 'kuali.attribute.registration.group.is.generated', 'a3006e0f-4873-4420-b514-3df0dc386b83', '1', 'ff3d5ce2-0d3e-4e4b-a999-0a5bafd5a906')
/
insert into KSEN_LUI_IDENT (OBJ_ID, VER_NBR, CREATEID, CREATETIME, UPDATEID, UPDATETIME, LUI_CD, DIVISION, IDENT_LEVEL, LNG_NAME, LUI_ID, ORGID, SHRT_NAME, LUI_ID_STATE, SUFX_CD, LUI_ID_TYPE, VARTN, ID) values ('19b3933f-88f0-468a-8a52-ec3d242d52ce', 0, 'admin', TIMESTAMP '2013-10-28 09:08:52.985', 'admin', TIMESTAMP '2013-10-28 09:08:52.985', '', '', '', '', 'a3006e0f-4873-4420-b514-3df0dc386b83', '', '', 'kuali.lui.identifier.state.active', '', 'kuali.lui.identifier.type.official', '', 'd9baf837-c94a-4e67-86e3-f3511edfb09e')
/
insert into KSEN_LUILUI_RELTN (OBJ_ID, VER_NBR, CREATEID, CREATETIME, UPDATEID, UPDATETIME, EFF_DT, EXPIR_DT, DESCR_FORMATTED, LUI_ID, LUILUI_RELTN_STATE, LUILUI_RELTN_TYPE, NAME, DESCR_PLAIN, RELATED_LUI_ID, ID) values ('16823c1a-d1f9-4391-b053-a5a151b4d63e', 0, 'admin', TIMESTAMP '2013-10-28 09:08:52.985', 'admin', TIMESTAMP '2013-10-28 09:08:52.985', TIMESTAMP '2013-10-28 09:08:58.529', '', 'CHEM242-FO-RG', '350782e0-9052-4885-93a0-9bffbdf62b27', 'kuali.lui.lui.relation.state.active', 'kuali.lui.lui.relation.type.deliveredvia.fo2rg', 'fo-rg-relation', 'CHEM242-FO-RG', 'a3006e0f-4873-4420-b514-3df0dc386b83', '668de2ea-6de2-40ad-8548-655bd319481e')
/
insert into KSEN_LUILUI_RELTN (OBJ_ID, VER_NBR, CREATEID, CREATETIME, UPDATEID, UPDATETIME, EFF_DT, EXPIR_DT, DESCR_FORMATTED, LUI_ID, LUILUI_RELTN_STATE, LUILUI_RELTN_TYPE, NAME, DESCR_PLAIN, RELATED_LUI_ID, ID) values ('f550e0c2-cc2d-4bb8-bdb7-658ea8a174f5', 0, 'admin', TIMESTAMP '2013-10-28 09:08:52.985', 'admin', TIMESTAMP '2013-10-28 09:08:52.985', TIMESTAMP '2013-10-28 09:08:58.53', '', 'CHEM242-RG-AO', 'a3006e0f-4873-4420-b514-3df0dc386b83', 'kuali.lui.lui.relation.state.active', 'kuali.lui.lui.relation.type.registeredforvia.rg2ao', 'rg-ao-relation', 'CHEM242-RG-AO', '0b6e0155-7a7a-40a8-8251-15a5ac98e612', 'c5f16d69-7b49-409d-bf95-ff869a7e3bdd')
/
insert into KSEN_LUILUI_RELTN (OBJ_ID, VER_NBR, CREATEID, CREATETIME, UPDATEID, UPDATETIME, EFF_DT, EXPIR_DT, DESCR_FORMATTED, LUI_ID, LUILUI_RELTN_STATE, LUILUI_RELTN_TYPE, NAME, DESCR_PLAIN, RELATED_LUI_ID, ID) values ('f00df701-0830-42c9-b933-b0f06489d8b1', 0, 'admin', TIMESTAMP '2013-10-28 09:08:52.985', 'admin', TIMESTAMP '2013-10-28 09:08:52.985', TIMESTAMP '2013-10-28 09:08:58.53', '', 'CHEM242-RG-AO', 'a3006e0f-4873-4420-b514-3df0dc386b83', 'kuali.lui.lui.relation.state.active', 'kuali.lui.lui.relation.type.registeredforvia.rg2ao', 'rg-ao-relation', 'CHEM242-RG-AO', '95341763-685d-4f03-a80b-c10d28aef1ce', '247c354f-c485-499b-9b22-e7ebbdaab975')
/
insert into KSEN_LUI (OBJ_ID, VER_NBR, CREATEID, CREATETIME, UPDATEID, UPDATETIME, ATP_ID, CLU_ID, EFF_DT, EXPIR_DT, DESCR_FORMATTED, LUI_STATE, LUI_TYPE, MAX_SEATS, MIN_SEATS, NAME, DESCR_PLAIN, REF_URL, ID) values ('5de149ba-7644-4aa9-a40e-ec6c718764c2', 0, 'admin', TIMESTAMP '2013-10-28 09:08:52.985', 'admin', TIMESTAMP '2013-10-28 09:08:52.985', 'kuali.atp.2012Summer1', 'd925e275-370d-4d98-bbec-96fe2459a200', '', '', '1007', 'kuali.lui.registration.group.state.pending', 'kuali.lui.type.registration.group', '', '', '1007', '1007', '', 'ff9c9b0f-a98b-4b8c-802d-b70485a9796b')
/
insert into KSEN_LUI_ATTR (OBJ_ID, ATTR_KEY, OWNER_ID, ATTR_VALUE, ID) values ('8e784ab9-ecbb-4fd4-a1f3-4e87281f81e7', 'kuali.attribute.registration.group.is.generated', 'ff9c9b0f-a98b-4b8c-802d-b70485a9796b', '1', '44e2acf7-ad8d-4b69-ba07-f51aa1e64d73')
/
insert into KSEN_LUI_ATTR (OBJ_ID, ATTR_KEY, OWNER_ID, ATTR_VALUE, ID) values ('4c522b7c-d12f-4920-a5f5-6583c7294f13', 'kuali.attribute.registration.group.aocluster.id', 'ff9c9b0f-a98b-4b8c-802d-b70485a9796b', '36a2ea3d-a8d8-4520-8de7-fda3e1cc0cbd', 'a719f525-b28b-459e-9cb1-b49e2e73eefe')
/
insert into KSEN_LUI_IDENT (OBJ_ID, VER_NBR, CREATEID, CREATETIME, UPDATEID, UPDATETIME, LUI_CD, DIVISION, IDENT_LEVEL, LNG_NAME, LUI_ID, ORGID, SHRT_NAME, LUI_ID_STATE, SUFX_CD, LUI_ID_TYPE, VARTN, ID) values ('db8f5302-3912-4178-b683-e43fe18cfee0', 0, 'admin', TIMESTAMP '2013-10-28 09:08:52.985', 'admin', TIMESTAMP '2013-10-28 09:08:52.985', '', '', '', '', 'ff9c9b0f-a98b-4b8c-802d-b70485a9796b', '', '', 'kuali.lui.identifier.state.active', '', 'kuali.lui.identifier.type.official', '', 'cdd16614-c55c-4005-82a6-1f216d76f84d')
/
insert into KSEN_LUILUI_RELTN (OBJ_ID, VER_NBR, CREATEID, CREATETIME, UPDATEID, UPDATETIME, EFF_DT, EXPIR_DT, DESCR_FORMATTED, LUI_ID, LUILUI_RELTN_STATE, LUILUI_RELTN_TYPE, NAME, DESCR_PLAIN, RELATED_LUI_ID, ID) values ('65f4b7bc-1228-4ef1-af64-d36336b88769', 0, 'admin', TIMESTAMP '2013-10-28 09:08:52.985', 'admin', TIMESTAMP '2013-10-28 09:08:52.985', TIMESTAMP '2013-10-28 09:08:59.001', '', 'CHEM242-FO-RG', '350782e0-9052-4885-93a0-9bffbdf62b27', 'kuali.lui.lui.relation.state.active', 'kuali.lui.lui.relation.type.deliveredvia.fo2rg', 'fo-rg-relation', 'CHEM242-FO-RG', 'ff9c9b0f-a98b-4b8c-802d-b70485a9796b', '857ae24d-279d-4051-b16e-99f59a4451f1')
/
insert into KSEN_LUILUI_RELTN (OBJ_ID, VER_NBR, CREATEID, CREATETIME, UPDATEID, UPDATETIME, EFF_DT, EXPIR_DT, DESCR_FORMATTED, LUI_ID, LUILUI_RELTN_STATE, LUILUI_RELTN_TYPE, NAME, DESCR_PLAIN, RELATED_LUI_ID, ID) values ('2bd8240e-4785-40f1-8bb0-2acd0715b10b', 0, 'admin', TIMESTAMP '2013-10-28 09:08:52.985', 'admin', TIMESTAMP '2013-10-28 09:08:52.985', TIMESTAMP '2013-10-28 09:08:59.001', '', 'CHEM242-RG-AO', 'ff9c9b0f-a98b-4b8c-802d-b70485a9796b', 'kuali.lui.lui.relation.state.active', 'kuali.lui.lui.relation.type.registeredforvia.rg2ao', 'rg-ao-relation', 'CHEM242-RG-AO', 'b8afc22c-c1b3-4279-8fe1-345b24ad48d9', 'e4be0eb1-2c35-4376-a3d4-5bf056d01496')
/
insert into KSEN_LUILUI_RELTN (OBJ_ID, VER_NBR, CREATEID, CREATETIME, UPDATEID, UPDATETIME, EFF_DT, EXPIR_DT, DESCR_FORMATTED, LUI_ID, LUILUI_RELTN_STATE, LUILUI_RELTN_TYPE, NAME, DESCR_PLAIN, RELATED_LUI_ID, ID) values ('723c0a0a-c0f1-4053-aac2-baa0f2757668', 0, 'admin', TIMESTAMP '2013-10-28 09:08:52.985', 'admin', TIMESTAMP '2013-10-28 09:08:52.985', TIMESTAMP '2013-10-28 09:08:59.002', '', 'CHEM242-RG-AO', 'ff9c9b0f-a98b-4b8c-802d-b70485a9796b', 'kuali.lui.lui.relation.state.active', 'kuali.lui.lui.relation.type.registeredforvia.rg2ao', 'rg-ao-relation', 'CHEM242-RG-AO', '95341763-685d-4f03-a80b-c10d28aef1ce', 'ae088c53-a36e-4f77-b19e-eca35cfc8496')
/
insert into KSEN_LUI (OBJ_ID, VER_NBR, CREATEID, CREATETIME, UPDATEID, UPDATETIME, ATP_ID, CLU_ID, EFF_DT, EXPIR_DT, DESCR_FORMATTED, LUI_STATE, LUI_TYPE, MAX_SEATS, MIN_SEATS, NAME, DESCR_PLAIN, REF_URL, ID) values ('d7a3d15c-d77d-4da6-8186-524f699fd631', 0, 'admin', TIMESTAMP '2013-10-28 09:08:52.985', 'admin', TIMESTAMP '2013-10-28 09:08:52.985', 'kuali.atp.2012Summer1', 'd925e275-370d-4d98-bbec-96fe2459a200', '', '', '1008', 'kuali.lui.registration.group.state.pending', 'kuali.lui.type.registration.group', '', '', '1008', '1008', '', '0199abad-6642-48f1-92f5-7bde48e88b67')
/
insert into KSEN_LUI_ATTR (OBJ_ID, ATTR_KEY, OWNER_ID, ATTR_VALUE, ID) values ('5688a208-2f94-4c9e-b574-36089999b5a9', 'kuali.attribute.registration.group.aocluster.id', '0199abad-6642-48f1-92f5-7bde48e88b67', '36a2ea3d-a8d8-4520-8de7-fda3e1cc0cbd', 'e67008b9-8c51-4aa6-a3cb-e2e2b89b164c')
/
insert into KSEN_LUI_ATTR (OBJ_ID, ATTR_KEY, OWNER_ID, ATTR_VALUE, ID) values ('26893f6b-9157-4ca9-95fe-0f08a14f070c', 'kuali.attribute.registration.group.is.generated', '0199abad-6642-48f1-92f5-7bde48e88b67', '1', 'd58e1884-7439-488e-a6d5-0d5b7526e7eb')
/
insert into KSEN_LUI_IDENT (OBJ_ID, VER_NBR, CREATEID, CREATETIME, UPDATEID, UPDATETIME, LUI_CD, DIVISION, IDENT_LEVEL, LNG_NAME, LUI_ID, ORGID, SHRT_NAME, LUI_ID_STATE, SUFX_CD, LUI_ID_TYPE, VARTN, ID) values ('9cacd3c4-b113-4c5f-af64-2aedf823aefb', 0, 'admin', TIMESTAMP '2013-10-28 09:08:52.985', 'admin', TIMESTAMP '2013-10-28 09:08:52.985', '', '', '', '', '0199abad-6642-48f1-92f5-7bde48e88b67', '', '', 'kuali.lui.identifier.state.active', '', 'kuali.lui.identifier.type.official', '', '1c20cb12-4311-47fc-9b1c-5aa84d1477d3')
/
insert into KSEN_LUILUI_RELTN (OBJ_ID, VER_NBR, CREATEID, CREATETIME, UPDATEID, UPDATETIME, EFF_DT, EXPIR_DT, DESCR_FORMATTED, LUI_ID, LUILUI_RELTN_STATE, LUILUI_RELTN_TYPE, NAME, DESCR_PLAIN, RELATED_LUI_ID, ID) values ('0344fb19-81fe-4267-8bda-a863807561ae', 0, 'admin', TIMESTAMP '2013-10-28 09:08:52.985', 'admin', TIMESTAMP '2013-10-28 09:08:52.985', TIMESTAMP '2013-10-28 09:08:59.437', '', 'CHEM242-FO-RG', '350782e0-9052-4885-93a0-9bffbdf62b27', 'kuali.lui.lui.relation.state.active', 'kuali.lui.lui.relation.type.deliveredvia.fo2rg', 'fo-rg-relation', 'CHEM242-FO-RG', '0199abad-6642-48f1-92f5-7bde48e88b67', '6b4801d0-2952-4cf8-8f26-8d1dcd28548d')
/
insert into KSEN_LUILUI_RELTN (OBJ_ID, VER_NBR, CREATEID, CREATETIME, UPDATEID, UPDATETIME, EFF_DT, EXPIR_DT, DESCR_FORMATTED, LUI_ID, LUILUI_RELTN_STATE, LUILUI_RELTN_TYPE, NAME, DESCR_PLAIN, RELATED_LUI_ID, ID) values ('ead30996-4446-4900-bd42-03ef9027d80d', 0, 'admin', TIMESTAMP '2013-10-28 09:08:52.985', 'admin', TIMESTAMP '2013-10-28 09:08:52.985', TIMESTAMP '2013-10-28 09:08:59.438', '', 'CHEM242-RG-AO', '0199abad-6642-48f1-92f5-7bde48e88b67', 'kuali.lui.lui.relation.state.active', 'kuali.lui.lui.relation.type.registeredforvia.rg2ao', 'rg-ao-relation', 'CHEM242-RG-AO', '2e1feaf5-73cd-44e6-9f2f-770cc8e15d22', '16c2c0f4-f6a0-49a1-ba06-acf1be22aa7c')
/
insert into KSEN_LUILUI_RELTN (OBJ_ID, VER_NBR, CREATEID, CREATETIME, UPDATEID, UPDATETIME, EFF_DT, EXPIR_DT, DESCR_FORMATTED, LUI_ID, LUILUI_RELTN_STATE, LUILUI_RELTN_TYPE, NAME, DESCR_PLAIN, RELATED_LUI_ID, ID) values ('1431da8f-9803-49b1-81a6-859bcc46d894', 0, 'admin', TIMESTAMP '2013-10-28 09:08:52.985', 'admin', TIMESTAMP '2013-10-28 09:08:52.985', TIMESTAMP '2013-10-28 09:08:59.438', '', 'CHEM242-RG-AO', '0199abad-6642-48f1-92f5-7bde48e88b67', 'kuali.lui.lui.relation.state.active', 'kuali.lui.lui.relation.type.registeredforvia.rg2ao', 'rg-ao-relation', 'CHEM242-RG-AO', '95341763-685d-4f03-a80b-c10d28aef1ce', '1e808917-be1e-4f51-86b8-fef8e2580e4c')
/
insert into KSEN_LUI (OBJ_ID, VER_NBR, CREATEID, CREATETIME, UPDATEID, UPDATETIME, ATP_ID, CLU_ID, EFF_DT, EXPIR_DT, DESCR_FORMATTED, LUI_STATE, LUI_TYPE, MAX_SEATS, MIN_SEATS, NAME, DESCR_PLAIN, REF_URL, ID) values ('ba360099-8840-44f4-bd6d-9e4e034f0c32', 0, 'admin', TIMESTAMP '2013-10-28 09:08:52.985', 'admin', TIMESTAMP '2013-10-28 09:08:52.985', 'kuali.atp.2012Summer1', 'd925e275-370d-4d98-bbec-96fe2459a200', '', '', '1009', 'kuali.lui.registration.group.state.pending', 'kuali.lui.type.registration.group', '', '', '1009', '1009', '', '7f47f1e2-be9f-4d68-953d-94bc598d781f')
/
insert into KSEN_LUI_ATTR (OBJ_ID, ATTR_KEY, OWNER_ID, ATTR_VALUE, ID) values ('7f525670-66fb-4d41-a22c-4bcb124c743a', 'kuali.attribute.registration.group.aocluster.id', '7f47f1e2-be9f-4d68-953d-94bc598d781f', '36a2ea3d-a8d8-4520-8de7-fda3e1cc0cbd', '32d66996-eb52-495f-84d3-c2aa7484eba8')
/
insert into KSEN_LUI_ATTR (OBJ_ID, ATTR_KEY, OWNER_ID, ATTR_VALUE, ID) values ('5410c3ef-9042-4409-b080-1dbb50cee5b0', 'kuali.attribute.registration.group.is.generated', '7f47f1e2-be9f-4d68-953d-94bc598d781f', '1', 'a39735ea-3074-41f4-b0ee-9d93e50299ec')
/
insert into KSEN_LUI_IDENT (OBJ_ID, VER_NBR, CREATEID, CREATETIME, UPDATEID, UPDATETIME, LUI_CD, DIVISION, IDENT_LEVEL, LNG_NAME, LUI_ID, ORGID, SHRT_NAME, LUI_ID_STATE, SUFX_CD, LUI_ID_TYPE, VARTN, ID) values ('3309236a-3e9b-457e-872a-4b91b26cf3ae', 0, 'admin', TIMESTAMP '2013-10-28 09:08:52.985', 'admin', TIMESTAMP '2013-10-28 09:08:52.985', '', '', '', '', '7f47f1e2-be9f-4d68-953d-94bc598d781f', '', '', 'kuali.lui.identifier.state.active', '', 'kuali.lui.identifier.type.official', '', '843bcb84-5dab-4aad-9689-95fc01a56547')
/
insert into KSEN_LUILUI_RELTN (OBJ_ID, VER_NBR, CREATEID, CREATETIME, UPDATEID, UPDATETIME, EFF_DT, EXPIR_DT, DESCR_FORMATTED, LUI_ID, LUILUI_RELTN_STATE, LUILUI_RELTN_TYPE, NAME, DESCR_PLAIN, RELATED_LUI_ID, ID) values ('e93496ae-7597-4267-a79e-28eb6e79d066', 0, 'admin', TIMESTAMP '2013-10-28 09:08:52.985', 'admin', TIMESTAMP '2013-10-28 09:08:52.985', TIMESTAMP '2013-10-28 09:09:00.186', '', 'CHEM242-FO-RG', '350782e0-9052-4885-93a0-9bffbdf62b27', 'kuali.lui.lui.relation.state.active', 'kuali.lui.lui.relation.type.deliveredvia.fo2rg', 'fo-rg-relation', 'CHEM242-FO-RG', '7f47f1e2-be9f-4d68-953d-94bc598d781f', 'a6b7f469-5cf9-4b3a-9dcc-c428a5ef0fa4')
/
insert into KSEN_LUILUI_RELTN (OBJ_ID, VER_NBR, CREATEID, CREATETIME, UPDATEID, UPDATETIME, EFF_DT, EXPIR_DT, DESCR_FORMATTED, LUI_ID, LUILUI_RELTN_STATE, LUILUI_RELTN_TYPE, NAME, DESCR_PLAIN, RELATED_LUI_ID, ID) values ('e050de88-81a1-42df-9602-8d3c2f9ab66e', 0, 'admin', TIMESTAMP '2013-10-28 09:08:52.985', 'admin', TIMESTAMP '2013-10-28 09:08:52.985', TIMESTAMP '2013-10-28 09:09:00.186', '', 'CHEM242-RG-AO', '7f47f1e2-be9f-4d68-953d-94bc598d781f', 'kuali.lui.lui.relation.state.active', 'kuali.lui.lui.relation.type.registeredforvia.rg2ao', 'rg-ao-relation', 'CHEM242-RG-AO', '8f3de31a-eb82-4e1d-9208-d75072ec540d', '8a80f6ce-a7ec-4169-843f-b362ea745085')
/
insert into KSEN_LUILUI_RELTN (OBJ_ID, VER_NBR, CREATEID, CREATETIME, UPDATEID, UPDATETIME, EFF_DT, EXPIR_DT, DESCR_FORMATTED, LUI_ID, LUILUI_RELTN_STATE, LUILUI_RELTN_TYPE, NAME, DESCR_PLAIN, RELATED_LUI_ID, ID) values ('93afb55e-bd44-4e17-8183-9604cebdd27f', 0, 'admin', TIMESTAMP '2013-10-28 09:08:52.985', 'admin', TIMESTAMP '2013-10-28 09:08:52.985', TIMESTAMP '2013-10-28 09:09:00.187', '', 'CHEM242-RG-AO', '7f47f1e2-be9f-4d68-953d-94bc598d781f', 'kuali.lui.lui.relation.state.active', 'kuali.lui.lui.relation.type.registeredforvia.rg2ao', 'rg-ao-relation', 'CHEM242-RG-AO', '95341763-685d-4f03-a80b-c10d28aef1ce', 'c5d332c7-b9c0-4c69-8e35-165d0380fa4f')
/
insert into KSEN_LUI (OBJ_ID, VER_NBR, CREATEID, CREATETIME, UPDATEID, UPDATETIME, ATP_ID, CLU_ID, EFF_DT, EXPIR_DT, DESCR_FORMATTED, LUI_STATE, LUI_TYPE, MAX_SEATS, MIN_SEATS, NAME, DESCR_PLAIN, REF_URL, ID) values ('cf985d80-84a0-4e93-b3ce-221708a44368', 0, 'admin', TIMESTAMP '2013-10-28 09:08:52.985', 'admin', TIMESTAMP '2013-10-28 09:08:52.985', 'kuali.atp.2012Summer1', 'd925e275-370d-4d98-bbec-96fe2459a200', '', '', '1010', 'kuali.lui.registration.group.state.pending', 'kuali.lui.type.registration.group', '', '', '1010', '1010', '', '9d485123-78f7-4f50-b8f3-3b44aee19211')
/
insert into KSEN_LUI_ATTR (OBJ_ID, ATTR_KEY, OWNER_ID, ATTR_VALUE, ID) values ('73ccc91c-eec0-40cd-9ecb-8c28848721a6', 'kuali.attribute.registration.group.is.generated', '9d485123-78f7-4f50-b8f3-3b44aee19211', '1', 'bfd75852-59e5-4af5-8663-8428cb09e362')
/
insert into KSEN_LUI_ATTR (OBJ_ID, ATTR_KEY, OWNER_ID, ATTR_VALUE, ID) values ('856c6e55-d191-43f8-b500-e898eb44ee73', 'kuali.attribute.registration.group.aocluster.id', '9d485123-78f7-4f50-b8f3-3b44aee19211', '36a2ea3d-a8d8-4520-8de7-fda3e1cc0cbd', '995f5787-eb6f-44e9-b333-e18275f381f4')
/
insert into KSEN_LUI_IDENT (OBJ_ID, VER_NBR, CREATEID, CREATETIME, UPDATEID, UPDATETIME, LUI_CD, DIVISION, IDENT_LEVEL, LNG_NAME, LUI_ID, ORGID, SHRT_NAME, LUI_ID_STATE, SUFX_CD, LUI_ID_TYPE, VARTN, ID) values ('f7ef871f-b222-4b6f-97b7-ab1596496929', 0, 'admin', TIMESTAMP '2013-10-28 09:08:52.985', 'admin', TIMESTAMP '2013-10-28 09:08:52.985', '', '', '', '', '9d485123-78f7-4f50-b8f3-3b44aee19211', '', '', 'kuali.lui.identifier.state.active', '', 'kuali.lui.identifier.type.official', '', 'd3e04520-1226-48cb-8a2f-af56cbf61179')
/
insert into KSEN_LUILUI_RELTN (OBJ_ID, VER_NBR, CREATEID, CREATETIME, UPDATEID, UPDATETIME, EFF_DT, EXPIR_DT, DESCR_FORMATTED, LUI_ID, LUILUI_RELTN_STATE, LUILUI_RELTN_TYPE, NAME, DESCR_PLAIN, RELATED_LUI_ID, ID) values ('3b9a0f28-0373-4d31-86d2-0b4b4452cdcb', 0, 'admin', TIMESTAMP '2013-10-28 09:08:52.985', 'admin', TIMESTAMP '2013-10-28 09:08:52.985', TIMESTAMP '2013-10-28 09:09:00.971', '', 'CHEM242-FO-RG', '350782e0-9052-4885-93a0-9bffbdf62b27', 'kuali.lui.lui.relation.state.active', 'kuali.lui.lui.relation.type.deliveredvia.fo2rg', 'fo-rg-relation', 'CHEM242-FO-RG', '9d485123-78f7-4f50-b8f3-3b44aee19211', '262174eb-396f-4f24-80a8-b541cdb43909')
/
insert into KSEN_LUILUI_RELTN (OBJ_ID, VER_NBR, CREATEID, CREATETIME, UPDATEID, UPDATETIME, EFF_DT, EXPIR_DT, DESCR_FORMATTED, LUI_ID, LUILUI_RELTN_STATE, LUILUI_RELTN_TYPE, NAME, DESCR_PLAIN, RELATED_LUI_ID, ID) values ('59cc3429-3081-470f-a2bc-7383eab6e9a4', 0, 'admin', TIMESTAMP '2013-10-28 09:08:52.985', 'admin', TIMESTAMP '2013-10-28 09:08:52.985', TIMESTAMP '2013-10-28 09:09:00.971', '', 'CHEM242-RG-AO', '9d485123-78f7-4f50-b8f3-3b44aee19211', 'kuali.lui.lui.relation.state.active', 'kuali.lui.lui.relation.type.registeredforvia.rg2ao', 'rg-ao-relation', 'CHEM242-RG-AO', '664b8086-cf4b-49ae-9672-504e45f784a1', '09c36fee-0fbe-4ad1-93f3-e4667c7fccf1')
/
insert into KSEN_LUILUI_RELTN (OBJ_ID, VER_NBR, CREATEID, CREATETIME, UPDATEID, UPDATETIME, EFF_DT, EXPIR_DT, DESCR_FORMATTED, LUI_ID, LUILUI_RELTN_STATE, LUILUI_RELTN_TYPE, NAME, DESCR_PLAIN, RELATED_LUI_ID, ID) values ('f66763d9-a661-4f8e-a158-7c51a253b4a1', 0, 'admin', TIMESTAMP '2013-10-28 09:08:52.985', 'admin', TIMESTAMP '2013-10-28 09:08:52.985', TIMESTAMP '2013-10-28 09:09:00.971', '', 'CHEM242-RG-AO', '9d485123-78f7-4f50-b8f3-3b44aee19211', 'kuali.lui.lui.relation.state.active', 'kuali.lui.lui.relation.type.registeredforvia.rg2ao', 'rg-ao-relation', 'CHEM242-RG-AO', '95341763-685d-4f03-a80b-c10d28aef1ce', '50126831-c377-458a-8e1a-820d3d17aaa3')
/
insert into KSEN_CWL (OBJ_ID, VER_NBR, CREATEID, CREATETIME, UPDATEID, UPDATETIME, ALLOW_HOLD_UTIL_ENTRIES_IND, AUTO_PROCESSED_IND, CHECK_IN_REQ_IND, CONF_REQ_IND, EFF_DT, EXPIR_DT, MAX_SIZE, REG_IN_FIRST_AAO_IND, STD_DUR_TIME_QTY, STD_DUR_TYPE, CWL_STATE, CWL_TYPE, ID) values ('3557a00b-11c8-4170-9b75-ff11edb45d82', 0, 'admin', TIMESTAMP '2013-10-28 09:08:52.985', 'admin', TIMESTAMP '2013-10-28 09:08:52.985', '0', '1', '0', '1', '', '', '', '', '', '', 'kuali.course.waitlist.state.active', 'kuali.course.waitlist.type.course.waitlist', 'e5334670-86a4-44bb-bae4-461ca0100b25')
/
insert into KSEN_CWL_ACTIV_OFFER (CWL_ID, ACTIV_OFFER_ID) values ('e5334670-86a4-44bb-bae4-461ca0100b25', '95341763-685d-4f03-a80b-c10d28aef1ce')
/
insert into KSEN_CWL_FORMAT_OFFER (CWL_ID, FORMAT_OFFER_ID) values ('e5334670-86a4-44bb-bae4-461ca0100b25', '350782e0-9052-4885-93a0-9bffbdf62b27')
/


-- Term = kuali.atp.2013Spring / 201301, coCode = CHEM484
insert into KSEN_LUI (OBJ_ID, VER_NBR, CREATEID, CREATETIME, UPDATEID, UPDATETIME, ATP_ID, CLU_ID, EFF_DT, EXPIR_DT, DESCR_FORMATTED, LUI_STATE, LUI_TYPE, MAX_SEATS, MIN_SEATS, NAME, DESCR_PLAIN, REF_URL, ID) values ('3ac83070-6a69-406a-940d-24a14ef0d401', 0, 'admin', TIMESTAMP '2013-10-28 09:43:48.514', 'admin', TIMESTAMP '2013-10-28 09:43:48.514', 'kuali.atp.2013Spring', '6f4753ab-dc6a-47dc-800f-22606390fbac', '', '', '', 'kuali.lui.activity.offering.state.draft', 'kuali.lui.type.activity.offering.discussion', 32, '', 'CHEM484 AO', '', '', '93705804-75ed-40b2-9aba-4293cc8a9bdf')
/
insert into KSEN_LUI_ATTR (OBJ_ID, ATTR_KEY, OWNER_ID, ATTR_VALUE, ID) values ('266c9f43-a12d-4cdf-abe8-93ff959d75be', 'kuali.attribute.nonstd.ts.indicator', '93705804-75ed-40b2-9aba-4293cc8a9bdf', '0', '412f89ab-faa7-4f9d-a840-28b2d3814e2c')
/
insert into KSEN_LUI_ATTR (OBJ_ID, ATTR_KEY, OWNER_ID, ATTR_VALUE, ID) values ('20bb53db-9a9a-4d21-bab9-8adb7c75b70b', 'kuali.attribute.max.enrollment.is.estimate', '93705804-75ed-40b2-9aba-4293cc8a9bdf', 'null', '5f18ae01-c2a5-4381-acb2-abe2ebd68796')
/
insert into KSEN_LUI_ATTR (OBJ_ID, ATTR_KEY, OWNER_ID, ATTR_VALUE, ID) values ('cacaba15-1e9f-4fae-997a-8fde0d914c05', 'kuali.attribute.course.evaluation.indicator', '93705804-75ed-40b2-9aba-4293cc8a9bdf', 'null', 'aa3762da-3f0a-4001-a7c1-f1a433961459')
/
insert into KSEN_LUI_IDENT (OBJ_ID, VER_NBR, CREATEID, CREATETIME, UPDATEID, UPDATETIME, LUI_CD, DIVISION, IDENT_LEVEL, LNG_NAME, LUI_ID, ORGID, SHRT_NAME, LUI_ID_STATE, SUFX_CD, LUI_ID_TYPE, VARTN, ID) values ('4b75ef34-7f01-41f6-93c2-5b04632f3e6f', 0, 'admin', TIMESTAMP '2013-10-28 09:43:48.514', 'admin', TIMESTAMP '2013-10-28 09:43:48.514', 'G', '', '', '', '93705804-75ed-40b2-9aba-4293cc8a9bdf', '', '', 'kuali.lui.identifier.state.active', '', 'kuali.lui.identifier.type.official', '', '8093ab14-2301-4707-ad39-b60f8138b8ac')
/
insert into KSEN_LUI_LU_CD (OBJ_ID, VER_NBR, CREATEID, CREATETIME, UPDATEID, UPDATETIME, DESCR_FORMATTED, LUI_ID, DESCR_PLAIN, LUI_LUCD_TYPE, VALUE, ID) values ('e9551651-0383-4117-bd80-ee1dbc17c6a8', 0, 'admin', TIMESTAMP '2013-10-28 09:43:48.514', 'admin', TIMESTAMP '2013-10-28 09:43:48.514', '', '93705804-75ed-40b2-9aba-4293cc8a9bdf', '', 'kuali.lu.code.honorsOffering', 'null', '19f093b0-8f97-4ff6-a0c5-2d41cc7c2a6b')
/
insert into KSEN_LUILUI_RELTN (OBJ_ID, VER_NBR, CREATEID, CREATETIME, UPDATEID, UPDATETIME, EFF_DT, EXPIR_DT, DESCR_FORMATTED, LUI_ID, LUILUI_RELTN_STATE, LUILUI_RELTN_TYPE, NAME, DESCR_PLAIN, RELATED_LUI_ID, ID) values ('5b77c089-662f-462d-9728-02f5912b0a90', 0, 'admin', TIMESTAMP '2013-10-28 09:43:48.514', 'admin', TIMESTAMP '2013-10-28 09:43:48.514', TIMESTAMP '2013-10-28 09:43:48.655', '', 'CHEM484-FO-AO', '908b16d1-8bab-46fe-be27-c5fc5bba400f', 'kuali.lui.lui.relation.state.active', 'kuali.lui.lui.relation.type.deliveredvia.fo2ao', 'fo-ao-relation', 'CHEM484-FO-AO', '93705804-75ed-40b2-9aba-4293cc8a9bdf', '81975253-d3f6-49ed-91eb-f530bac22a91')
/
insert into KSEN_CO_AO_CLUSTER_SET (OBJ_ID, ACTIVITY_OFFERING_TYPE, AO_CLUSTER_ID, ID) values ('3d35a9d7-ccf2-4af9-98ea-334b339e90de', 'kuali.lui.type.activity.offering.discussion', 'a197ff54-8f5a-4f74-956b-16c3b1416bf2', '78aceb1c-92dc-423b-a2a9-fdab56af2e3d')
/
insert into KSEN_CO_AO_CLUSTER_SET_AO (AOC_SET_ID, ACTIVITY_OFFERING_ID) values ('78aceb1c-92dc-423b-a2a9-fdab56af2e3d', '93705804-75ed-40b2-9aba-4293cc8a9bdf')
/
delete from KSEN_LUILUI_RELTN where ID='ce5a12a8-8eab-444b-914e-3050a2f448c1' and VER_NBR=0
/
delete from KSEN_LUILUI_RELTN where ID='29186df3-64aa-4825-8ab4-c5d7fc3d25c6' and VER_NBR=0
/
delete from KSEN_LUI_ATTR where ID='b0be681f-63cd-49f7-970e-07801956a515'
/
delete from KSEN_LUI_ATTR where ID='3bafa9e3-3e5d-47c6-b4f1-2a5aa9b45bc3'
/
delete from KSEN_LUI_IDENT where ID='7350b102-9dcd-48fe-8b6c-084c98caa039' and VER_NBR=0
/
delete from KSEN_LUI where ID='708bb7e7-4a47-472e-b1e8-98c4d3b4716c' and VER_NBR=1
/
delete from KSEN_LUILUI_RELTN where ID='fba72ae0-b5dc-49ed-944e-21b27a1fd541' and VER_NBR=0
/
delete from KSEN_LUILUI_RELTN where ID='64c99471-f912-4763-a8a0-7b4fb6f7180f' and VER_NBR=0
/
delete from KSEN_LUI_ATTR where ID='71a16a1e-f2fd-410f-bc96-8ac6560025b3'
/
delete from KSEN_LUI_ATTR where ID='390b74b1-43a6-42ee-8ab8-38d4077f5520'
/
delete from KSEN_LUI_IDENT where ID='3c3fd0f1-b2dc-4ce9-ba22-35161710acb5' and VER_NBR=0
/
delete from KSEN_LUI where ID='e37996d8-ae51-48ec-87b4-58c0e82344d9' and VER_NBR=1
/
delete from KSEN_LUILUI_RELTN where ID='8c29b28a-aa16-4f62-b2a4-10b54e3e4dce' and VER_NBR=0
/
delete from KSEN_LUILUI_RELTN where ID='699fdc59-d517-47db-b212-3c5375ea6b2c' and VER_NBR=0
/
delete from KSEN_LUI_ATTR where ID='f2c08bd6-d420-41fe-89e4-716397c9f144'
/
delete from KSEN_LUI_ATTR where ID='d0dbfbdc-7229-4f82-88b9-fcb5575ab807'
/
delete from KSEN_LUI_IDENT where ID='1b948763-331d-45ca-872d-67dc7a935d1f' and VER_NBR=0
/
delete from KSEN_LUI where ID='c799b76e-660b-4e78-9cc5-25af738ca0f2' and VER_NBR=1
/
insert into KSEN_LUI_ATTR (OBJ_ID, ATTR_KEY, OWNER_ID, ATTR_VALUE, ID) values ('1e828fd3-2375-41bd-aac3-6b67b375a0bc', 'regCodePrefix', '908b16d1-8bab-46fe-be27-c5fc5bba400f', '1', '76b4e17f-936e-4c61-b4ff-40f8801ebf67')
/
delete from KSEN_LUI_RELATED_LUI_TYPES where LUI_ID='908b16d1-8bab-46fe-be27-c5fc5bba400f'
/
insert into KSEN_LUI_RELATED_LUI_TYPES (LUI_ID, RELATED_LUI_TYPE) values ('908b16d1-8bab-46fe-be27-c5fc5bba400f', 'kuali.lui.type.activity.offering.discussion')
/
insert into KSEN_LUI_RELATED_LUI_TYPES (LUI_ID, RELATED_LUI_TYPE) values ('908b16d1-8bab-46fe-be27-c5fc5bba400f', 'kuali.lui.type.activity.offering.lab')
/
insert into KSEN_LUI (OBJ_ID, VER_NBR, CREATEID, CREATETIME, UPDATEID, UPDATETIME, ATP_ID, CLU_ID, EFF_DT, EXPIR_DT, DESCR_FORMATTED, LUI_STATE, LUI_TYPE, MAX_SEATS, MIN_SEATS, NAME, DESCR_PLAIN, REF_URL, ID) values ('11b31806-aa3a-436d-a7d5-66fc02d1a6a1', 0, 'admin', TIMESTAMP '2013-10-28 09:43:48.514', 'admin', TIMESTAMP '2013-10-28 09:43:48.514', 'kuali.atp.2013Spring', 'b4cfd499-4a44-4f1b-914d-092fd177dddd', '', '', '1001', 'kuali.lui.registration.group.state.pending', 'kuali.lui.type.registration.group', '', '', '1001', '1001', '', 'b82bb081-0bcd-4a38-9fc7-6ff6e3bce942')
/
insert into KSEN_LUI_ATTR (OBJ_ID, ATTR_KEY, OWNER_ID, ATTR_VALUE, ID) values ('0b362f03-8f4c-4885-a432-33913a8bd27b', 'kuali.attribute.registration.group.aocluster.id', 'b82bb081-0bcd-4a38-9fc7-6ff6e3bce942', 'a197ff54-8f5a-4f74-956b-16c3b1416bf2', 'e49ca82e-c89c-4a6a-a3a0-1437c39bcc81')
/
insert into KSEN_LUI_ATTR (OBJ_ID, ATTR_KEY, OWNER_ID, ATTR_VALUE, ID) values ('778abc8c-c3bf-4e4e-95d4-ee1530f2bb49', 'kuali.attribute.registration.group.is.generated', 'b82bb081-0bcd-4a38-9fc7-6ff6e3bce942', '1', '4312d834-f8f5-4138-a0dc-4cf95748c385')
/
insert into KSEN_LUI_IDENT (OBJ_ID, VER_NBR, CREATEID, CREATETIME, UPDATEID, UPDATETIME, LUI_CD, DIVISION, IDENT_LEVEL, LNG_NAME, LUI_ID, ORGID, SHRT_NAME, LUI_ID_STATE, SUFX_CD, LUI_ID_TYPE, VARTN, ID) values ('a5768e0b-9602-4473-a2ed-e22bb802ea55', 0, 'admin', TIMESTAMP '2013-10-28 09:43:48.514', 'admin', TIMESTAMP '2013-10-28 09:43:48.514', '', '', '', '', 'b82bb081-0bcd-4a38-9fc7-6ff6e3bce942', '', '', 'kuali.lui.identifier.state.active', '', 'kuali.lui.identifier.type.official', '', '72691444-81ce-4d2c-bdca-6bd9dcfc029f')
/
insert into KSEN_LUILUI_RELTN (OBJ_ID, VER_NBR, CREATEID, CREATETIME, UPDATEID, UPDATETIME, EFF_DT, EXPIR_DT, DESCR_FORMATTED, LUI_ID, LUILUI_RELTN_STATE, LUILUI_RELTN_TYPE, NAME, DESCR_PLAIN, RELATED_LUI_ID, ID) values ('764bfe9f-fbff-444d-aaed-65783b1eb01f', 0, 'admin', TIMESTAMP '2013-10-28 09:43:48.514', 'admin', TIMESTAMP '2013-10-28 09:43:48.514', TIMESTAMP '2013-10-28 09:43:49.672', '', 'CHEM484-FO-RG', '908b16d1-8bab-46fe-be27-c5fc5bba400f', 'kuali.lui.lui.relation.state.active', 'kuali.lui.lui.relation.type.deliveredvia.fo2rg', 'fo-rg-relation', 'CHEM484-FO-RG', 'b82bb081-0bcd-4a38-9fc7-6ff6e3bce942', '5b1dc2d4-0a02-4a54-a51e-ee58c1bd3105')
/
insert into KSEN_LUILUI_RELTN (OBJ_ID, VER_NBR, CREATEID, CREATETIME, UPDATEID, UPDATETIME, EFF_DT, EXPIR_DT, DESCR_FORMATTED, LUI_ID, LUILUI_RELTN_STATE, LUILUI_RELTN_TYPE, NAME, DESCR_PLAIN, RELATED_LUI_ID, ID) values ('49449ddb-adb3-41d3-8c19-988f7bb7ec81', 0, 'admin', TIMESTAMP '2013-10-28 09:43:48.514', 'admin', TIMESTAMP '2013-10-28 09:43:48.514', TIMESTAMP '2013-10-28 09:43:49.672', '', 'CHEM484-RG-AO', 'b82bb081-0bcd-4a38-9fc7-6ff6e3bce942', 'kuali.lui.lui.relation.state.active', 'kuali.lui.lui.relation.type.registeredforvia.rg2ao', 'rg-ao-relation', 'CHEM484-RG-AO', 'c68a317c-313a-495e-ae1c-20d2a418b975', 'c7c522d1-43a9-452a-8417-c6792470cbf0')
/
insert into KSEN_LUILUI_RELTN (OBJ_ID, VER_NBR, CREATEID, CREATETIME, UPDATEID, UPDATETIME, EFF_DT, EXPIR_DT, DESCR_FORMATTED, LUI_ID, LUILUI_RELTN_STATE, LUILUI_RELTN_TYPE, NAME, DESCR_PLAIN, RELATED_LUI_ID, ID) values ('e9137736-be18-4fac-8014-edbfb51ed99b', 0, 'admin', TIMESTAMP '2013-10-28 09:43:48.514', 'admin', TIMESTAMP '2013-10-28 09:43:48.514', TIMESTAMP '2013-10-28 09:43:49.673', '', 'CHEM484-RG-AO', 'b82bb081-0bcd-4a38-9fc7-6ff6e3bce942', 'kuali.lui.lui.relation.state.active', 'kuali.lui.lui.relation.type.registeredforvia.rg2ao', 'rg-ao-relation', 'CHEM484-RG-AO', '93705804-75ed-40b2-9aba-4293cc8a9bdf', '3cd984c2-f930-41aa-aac7-fd5f9bafd274')
/
insert into KSEN_LUI (OBJ_ID, VER_NBR, CREATEID, CREATETIME, UPDATEID, UPDATETIME, ATP_ID, CLU_ID, EFF_DT, EXPIR_DT, DESCR_FORMATTED, LUI_STATE, LUI_TYPE, MAX_SEATS, MIN_SEATS, NAME, DESCR_PLAIN, REF_URL, ID) values ('7e940087-dc24-4c43-a366-46eb07a300d6', 0, 'admin', TIMESTAMP '2013-10-28 09:43:48.514', 'admin', TIMESTAMP '2013-10-28 09:43:48.514', 'kuali.atp.2013Spring', 'b4cfd499-4a44-4f1b-914d-092fd177dddd', '', '', '1002', 'kuali.lui.registration.group.state.pending', 'kuali.lui.type.registration.group', '', '', '1002', '1002', '', '0db34076-c09b-4052-87e5-ccf63c0f70a5')
/
insert into KSEN_LUI_ATTR (OBJ_ID, ATTR_KEY, OWNER_ID, ATTR_VALUE, ID) values ('460c5a19-c17a-449b-8975-7a9635137f92', 'kuali.attribute.registration.group.is.generated', '0db34076-c09b-4052-87e5-ccf63c0f70a5', '1', '8408dcec-c2c5-4395-9969-6cd4bdfaa859')
/
insert into KSEN_LUI_ATTR (OBJ_ID, ATTR_KEY, OWNER_ID, ATTR_VALUE, ID) values ('bcacb8b8-c168-45e6-ba6f-4aa18e9decd7', 'kuali.attribute.registration.group.aocluster.id', '0db34076-c09b-4052-87e5-ccf63c0f70a5', 'a197ff54-8f5a-4f74-956b-16c3b1416bf2', 'ed3d1948-924d-4af4-8d25-f889c26ca482')
/
insert into KSEN_LUI_IDENT (OBJ_ID, VER_NBR, CREATEID, CREATETIME, UPDATEID, UPDATETIME, LUI_CD, DIVISION, IDENT_LEVEL, LNG_NAME, LUI_ID, ORGID, SHRT_NAME, LUI_ID_STATE, SUFX_CD, LUI_ID_TYPE, VARTN, ID) values ('78a3393c-ea36-4610-9853-f8c59bab2304', 0, 'admin', TIMESTAMP '2013-10-28 09:43:48.514', 'admin', TIMESTAMP '2013-10-28 09:43:48.514', '', '', '', '', '0db34076-c09b-4052-87e5-ccf63c0f70a5', '', '', 'kuali.lui.identifier.state.active', '', 'kuali.lui.identifier.type.official', '', '25355e7f-6e60-43ce-9cb3-970bc64b10bf')
/
insert into KSEN_LUILUI_RELTN (OBJ_ID, VER_NBR, CREATEID, CREATETIME, UPDATEID, UPDATETIME, EFF_DT, EXPIR_DT, DESCR_FORMATTED, LUI_ID, LUILUI_RELTN_STATE, LUILUI_RELTN_TYPE, NAME, DESCR_PLAIN, RELATED_LUI_ID, ID) values ('6a184c61-e124-4e82-9d86-7b3ffec9fc1f', 0, 'admin', TIMESTAMP '2013-10-28 09:43:48.514', 'admin', TIMESTAMP '2013-10-28 09:43:48.514', TIMESTAMP '2013-10-28 09:43:50.036', '', 'CHEM484-FO-RG', '908b16d1-8bab-46fe-be27-c5fc5bba400f', 'kuali.lui.lui.relation.state.active', 'kuali.lui.lui.relation.type.deliveredvia.fo2rg', 'fo-rg-relation', 'CHEM484-FO-RG', '0db34076-c09b-4052-87e5-ccf63c0f70a5', 'd32422be-388a-43ca-814e-60817beb9e3d')
/
insert into KSEN_LUILUI_RELTN (OBJ_ID, VER_NBR, CREATEID, CREATETIME, UPDATEID, UPDATETIME, EFF_DT, EXPIR_DT, DESCR_FORMATTED, LUI_ID, LUILUI_RELTN_STATE, LUILUI_RELTN_TYPE, NAME, DESCR_PLAIN, RELATED_LUI_ID, ID) values ('7d067de3-bfc6-44c6-a748-88e110dc9c3a', 0, 'admin', TIMESTAMP '2013-10-28 09:43:48.514', 'admin', TIMESTAMP '2013-10-28 09:43:48.514', TIMESTAMP '2013-10-28 09:43:50.036', '', 'CHEM484-RG-AO', '0db34076-c09b-4052-87e5-ccf63c0f70a5', 'kuali.lui.lui.relation.state.active', 'kuali.lui.lui.relation.type.registeredforvia.rg2ao', 'rg-ao-relation', 'CHEM484-RG-AO', '5395301b-503e-426a-9768-81cd2b74185b', '11c342aa-4c0d-449d-9ea6-83e404a1bef8')
/
insert into KSEN_LUILUI_RELTN (OBJ_ID, VER_NBR, CREATEID, CREATETIME, UPDATEID, UPDATETIME, EFF_DT, EXPIR_DT, DESCR_FORMATTED, LUI_ID, LUILUI_RELTN_STATE, LUILUI_RELTN_TYPE, NAME, DESCR_PLAIN, RELATED_LUI_ID, ID) values ('566de7f7-30e6-4871-812c-b99fd1223b01', 0, 'admin', TIMESTAMP '2013-10-28 09:43:48.514', 'admin', TIMESTAMP '2013-10-28 09:43:48.514', TIMESTAMP '2013-10-28 09:43:50.036', '', 'CHEM484-RG-AO', '0db34076-c09b-4052-87e5-ccf63c0f70a5', 'kuali.lui.lui.relation.state.active', 'kuali.lui.lui.relation.type.registeredforvia.rg2ao', 'rg-ao-relation', 'CHEM484-RG-AO', '93705804-75ed-40b2-9aba-4293cc8a9bdf', 'bf7b02d6-9dc9-4e87-a9d2-963619d2ce79')
/
insert into KSEN_LUI (OBJ_ID, VER_NBR, CREATEID, CREATETIME, UPDATEID, UPDATETIME, ATP_ID, CLU_ID, EFF_DT, EXPIR_DT, DESCR_FORMATTED, LUI_STATE, LUI_TYPE, MAX_SEATS, MIN_SEATS, NAME, DESCR_PLAIN, REF_URL, ID) values ('ddf41034-bf3d-4859-b376-d36736b3c4e4', 0, 'admin', TIMESTAMP '2013-10-28 09:43:48.514', 'admin', TIMESTAMP '2013-10-28 09:43:48.514', 'kuali.atp.2013Spring', 'b4cfd499-4a44-4f1b-914d-092fd177dddd', '', '', '1003', 'kuali.lui.registration.group.state.pending', 'kuali.lui.type.registration.group', '', '', '1003', '1003', '', '544968aa-c8d4-4c5e-9238-c3380b3b18c4')
/
insert into KSEN_LUI_ATTR (OBJ_ID, ATTR_KEY, OWNER_ID, ATTR_VALUE, ID) values ('1b74ca92-253d-42a0-ae00-287c77cc6bcf', 'kuali.attribute.registration.group.aocluster.id', '544968aa-c8d4-4c5e-9238-c3380b3b18c4', 'a197ff54-8f5a-4f74-956b-16c3b1416bf2', '809dc800-38ce-481c-806a-accd52af843a')
/
insert into KSEN_LUI_ATTR (OBJ_ID, ATTR_KEY, OWNER_ID, ATTR_VALUE, ID) values ('fa894814-0474-4e69-ae8e-6035d3c21751', 'kuali.attribute.registration.group.is.generated', '544968aa-c8d4-4c5e-9238-c3380b3b18c4', '1', '88ebfb22-bfb4-4cd4-92e2-11707006f8ff')
/
insert into KSEN_LUI_IDENT (OBJ_ID, VER_NBR, CREATEID, CREATETIME, UPDATEID, UPDATETIME, LUI_CD, DIVISION, IDENT_LEVEL, LNG_NAME, LUI_ID, ORGID, SHRT_NAME, LUI_ID_STATE, SUFX_CD, LUI_ID_TYPE, VARTN, ID) values ('04d73643-7d62-4ba2-aacf-b98583cc55ca', 0, 'admin', TIMESTAMP '2013-10-28 09:43:48.514', 'admin', TIMESTAMP '2013-10-28 09:43:48.514', '', '', '', '', '544968aa-c8d4-4c5e-9238-c3380b3b18c4', '', '', 'kuali.lui.identifier.state.active', '', 'kuali.lui.identifier.type.official', '', '78607dcd-7cbb-408d-a47d-c433d90e1c87')
/
insert into KSEN_LUILUI_RELTN (OBJ_ID, VER_NBR, CREATEID, CREATETIME, UPDATEID, UPDATETIME, EFF_DT, EXPIR_DT, DESCR_FORMATTED, LUI_ID, LUILUI_RELTN_STATE, LUILUI_RELTN_TYPE, NAME, DESCR_PLAIN, RELATED_LUI_ID, ID) values ('3e7c7057-55e7-4b78-9ab8-8674137a95e4', 0, 'admin', TIMESTAMP '2013-10-28 09:43:48.514', 'admin', TIMESTAMP '2013-10-28 09:43:48.514', TIMESTAMP '2013-10-28 09:43:50.405', '', 'CHEM484-FO-RG', '908b16d1-8bab-46fe-be27-c5fc5bba400f', 'kuali.lui.lui.relation.state.active', 'kuali.lui.lui.relation.type.deliveredvia.fo2rg', 'fo-rg-relation', 'CHEM484-FO-RG', '544968aa-c8d4-4c5e-9238-c3380b3b18c4', 'f5ca2994-0442-4bd5-a072-858f5cc865e9')
/
insert into KSEN_LUILUI_RELTN (OBJ_ID, VER_NBR, CREATEID, CREATETIME, UPDATEID, UPDATETIME, EFF_DT, EXPIR_DT, DESCR_FORMATTED, LUI_ID, LUILUI_RELTN_STATE, LUILUI_RELTN_TYPE, NAME, DESCR_PLAIN, RELATED_LUI_ID, ID) values ('f681c4ac-d925-4ade-a6c8-a3be07f3dc7f', 0, 'admin', TIMESTAMP '2013-10-28 09:43:48.514', 'admin', TIMESTAMP '2013-10-28 09:43:48.514', TIMESTAMP '2013-10-28 09:43:50.405', '', 'CHEM484-RG-AO', '544968aa-c8d4-4c5e-9238-c3380b3b18c4', 'kuali.lui.lui.relation.state.active', 'kuali.lui.lui.relation.type.registeredforvia.rg2ao', 'rg-ao-relation', 'CHEM484-RG-AO', '8274229b-b21b-422d-9979-c74ed30512af', '7be6b81a-7dc1-4122-8ce7-b072e69f4629')
/
insert into KSEN_LUILUI_RELTN (OBJ_ID, VER_NBR, CREATEID, CREATETIME, UPDATEID, UPDATETIME, EFF_DT, EXPIR_DT, DESCR_FORMATTED, LUI_ID, LUILUI_RELTN_STATE, LUILUI_RELTN_TYPE, NAME, DESCR_PLAIN, RELATED_LUI_ID, ID) values ('ddc0a86e-dbd1-4746-a167-3811505f2cea', 0, 'admin', TIMESTAMP '2013-10-28 09:43:48.514', 'admin', TIMESTAMP '2013-10-28 09:43:48.514', TIMESTAMP '2013-10-28 09:43:50.405', '', 'CHEM484-RG-AO', '544968aa-c8d4-4c5e-9238-c3380b3b18c4', 'kuali.lui.lui.relation.state.active', 'kuali.lui.lui.relation.type.registeredforvia.rg2ao', 'rg-ao-relation', 'CHEM484-RG-AO', '93705804-75ed-40b2-9aba-4293cc8a9bdf', '364ea909-11ea-41ec-ba94-b8125defb739')
/
insert into KSEN_CWL (OBJ_ID, VER_NBR, CREATEID, CREATETIME, UPDATEID, UPDATETIME, ALLOW_HOLD_UTIL_ENTRIES_IND, AUTO_PROCESSED_IND, CHECK_IN_REQ_IND, CONF_REQ_IND, EFF_DT, EXPIR_DT, MAX_SIZE, REG_IN_FIRST_AAO_IND, STD_DUR_TIME_QTY, STD_DUR_TYPE, CWL_STATE, CWL_TYPE, ID) values ('d9d812ae-2c46-4e4a-bf00-ba26e0770054', 0, 'admin', TIMESTAMP '2013-10-28 09:43:48.514', 'admin', TIMESTAMP '2013-10-28 09:43:48.514', '0', '1', '0', '1', '', '', '', '', '', '', 'kuali.course.waitlist.state.active', 'kuali.course.waitlist.type.course.waitlist', 'cf4a6cdf-2e07-446f-b96d-1e4c0cf69486')
/
insert into KSEN_CWL_ACTIV_OFFER (CWL_ID, ACTIV_OFFER_ID) values ('cf4a6cdf-2e07-446f-b96d-1e4c0cf69486', '93705804-75ed-40b2-9aba-4293cc8a9bdf')
/
insert into KSEN_CWL_FORMAT_OFFER (CWL_ID, FORMAT_OFFER_ID) values ('cf4a6cdf-2e07-446f-b96d-1e4c0cf69486', '908b16d1-8bab-46fe-be27-c5fc5bba400f')
/


-- Term = kuali.atp.2013Spring / 201301, coCode = BSCI105M
insert into KSEN_LUI (OBJ_ID, VER_NBR, CREATEID, CREATETIME, UPDATEID, UPDATETIME, ATP_ID, CLU_ID, EFF_DT, EXPIR_DT, DESCR_FORMATTED, LUI_STATE, LUI_TYPE, MAX_SEATS, MIN_SEATS, NAME, DESCR_PLAIN, REF_URL, ID) values ('10e1d642-7b90-49ff-bc21-f345ee207f7f', 0, 'admin', TIMESTAMP '2013-10-28 09:46:32.472', 'admin', TIMESTAMP '2013-10-28 09:46:32.472', 'kuali.atp.2013Spring', '9d78ad7c-0344-49c5-a238-29a8bbcf33b9', '', '', '', 'kuali.lui.activity.offering.state.draft', 'kuali.lui.type.activity.offering.lab', 20, '', 'BSCI105M AO', '', '', '11d38358-6416-4f0d-9f5d-5d167c19dc5f')
/
insert into KSEN_LUI_ATTR (OBJ_ID, ATTR_KEY, OWNER_ID, ATTR_VALUE, ID) values ('f123b9dc-1b24-4ce2-8243-3751f65fe693', 'kuali.attribute.nonstd.ts.indicator', '11d38358-6416-4f0d-9f5d-5d167c19dc5f', '0', '8a3efc7a-95bf-4433-8080-2f55ab836157')
/
insert into KSEN_LUI_ATTR (OBJ_ID, ATTR_KEY, OWNER_ID, ATTR_VALUE, ID) values ('1488eb85-6cfe-4414-af81-aa9d5970f72f', 'kuali.attribute.course.evaluation.indicator', '11d38358-6416-4f0d-9f5d-5d167c19dc5f', 'null', '7155af82-874e-451e-95f4-43c6e10c71ab')
/
insert into KSEN_LUI_ATTR (OBJ_ID, ATTR_KEY, OWNER_ID, ATTR_VALUE, ID) values ('42fc49ae-e9c7-4c20-9549-9a42297f27e7', 'kuali.attribute.max.enrollment.is.estimate', '11d38358-6416-4f0d-9f5d-5d167c19dc5f', 'null', 'a00c6995-8fb0-495d-9e0f-41f24417cd21')
/
insert into KSEN_LUI_IDENT (OBJ_ID, VER_NBR, CREATEID, CREATETIME, UPDATEID, UPDATETIME, LUI_CD, DIVISION, IDENT_LEVEL, LNG_NAME, LUI_ID, ORGID, SHRT_NAME, LUI_ID_STATE, SUFX_CD, LUI_ID_TYPE, VARTN, ID) values ('3d7739e7-03ea-40d0-b781-7950c6aab779', 0, 'admin', TIMESTAMP '2013-10-28 09:46:32.472', 'admin', TIMESTAMP '2013-10-28 09:46:32.472', 'E', '', '', '', '11d38358-6416-4f0d-9f5d-5d167c19dc5f', '', '', 'kuali.lui.identifier.state.active', '', 'kuali.lui.identifier.type.official', '', '288c5fac-6beb-4360-9862-bf25cc9a56a0')
/
insert into KSEN_LUI_LU_CD (OBJ_ID, VER_NBR, CREATEID, CREATETIME, UPDATEID, UPDATETIME, DESCR_FORMATTED, LUI_ID, DESCR_PLAIN, LUI_LUCD_TYPE, VALUE, ID) values ('ea5419df-9569-4689-8931-ac898c1549b3', 0, 'admin', TIMESTAMP '2013-10-28 09:46:32.472', 'admin', TIMESTAMP '2013-10-28 09:46:32.472', '', '11d38358-6416-4f0d-9f5d-5d167c19dc5f', '', 'kuali.lu.code.honorsOffering', 'null', '5fc95ac4-c602-4c4e-915f-4d3b1a1fb659')
/
insert into KSEN_LUILUI_RELTN (OBJ_ID, VER_NBR, CREATEID, CREATETIME, UPDATEID, UPDATETIME, EFF_DT, EXPIR_DT, DESCR_FORMATTED, LUI_ID, LUILUI_RELTN_STATE, LUILUI_RELTN_TYPE, NAME, DESCR_PLAIN, RELATED_LUI_ID, ID) values ('7573cd76-02a0-4ca1-be0d-4ab49f9648f0', 0, 'admin', TIMESTAMP '2013-10-28 09:46:32.472', 'admin', TIMESTAMP '2013-10-28 09:46:32.472', TIMESTAMP '2013-10-28 09:46:32.596', '', 'BSCI105M-FO-AO', 'a84b241d-ef14-4758-af01-5572c50d0c7b', 'kuali.lui.lui.relation.state.active', 'kuali.lui.lui.relation.type.deliveredvia.fo2ao', 'fo-ao-relation', 'BSCI105M-FO-AO', '11d38358-6416-4f0d-9f5d-5d167c19dc5f', '51118b54-e165-4436-9ea3-05a6c7ed305c')
/
insert into KSEN_CO_AO_CLUSTER_SET (OBJ_ID, ACTIVITY_OFFERING_TYPE, AO_CLUSTER_ID, ID) values ('fcec08d6-446d-40f9-9360-5d33a9bc3780', 'kuali.lui.type.activity.offering.lab', 'ba0ec38e-dd09-4cf6-8ed0-9226fbbcf3b7', 'b547517e-737b-42b4-bd68-622379bcc1b4')
/
insert into KSEN_CO_AO_CLUSTER_SET_AO (AOC_SET_ID, ACTIVITY_OFFERING_ID) values ('b547517e-737b-42b4-bd68-622379bcc1b4', '11d38358-6416-4f0d-9f5d-5d167c19dc5f')
/
delete from KSEN_LUILUI_RELTN where ID='278af299-d8f1-430e-b5af-a17df1f37177' and VER_NBR=0
/
delete from KSEN_LUILUI_RELTN where ID='b6f152e6-f2cd-43eb-a778-8deff710c6b3' and VER_NBR=0
/
delete from KSEN_LUI_ATTR where ID='00277c38-aae7-4f1b-aa88-aae9e6006a71'
/
delete from KSEN_LUI_ATTR where ID='88b9f793-f044-4ecd-b9c7-12dea9e57954'
/
delete from KSEN_LUI_IDENT where ID='28da1d6b-0474-448c-90ed-6ad5e8e8160f' and VER_NBR=0
/
delete from KSEN_LUI where ID='99872406-db3a-4489-ae26-f11c357a841c' and VER_NBR=1
/
delete from KSEN_LUILUI_RELTN where ID='7c022f3a-fee7-4167-8708-85cbeaec70d5' and VER_NBR=0
/
delete from KSEN_LUILUI_RELTN where ID='952c37fc-4bae-44f5-927c-3c945d07f50f' and VER_NBR=0
/
delete from KSEN_LUI_ATTR where ID='9ce2865f-da5a-43a7-97fe-ac96f1049742'
/
delete from KSEN_LUI_ATTR where ID='e1ef0295-6a5f-4f3e-b3ab-303834b4558d'
/
delete from KSEN_LUI_IDENT where ID='b22a2329-e351-497f-b02e-f3ebd5d3c0f5' and VER_NBR=0
/
delete from KSEN_LUI where ID='5c02eaaa-9a11-4071-8b55-78a7574e1fa2' and VER_NBR=1
/
delete from KSEN_LUILUI_RELTN where ID='8abaad19-da0a-4430-a5a6-ef3aaf2989a9' and VER_NBR=0
/
delete from KSEN_LUILUI_RELTN where ID='581da475-8714-4e45-bb27-b31f3fec32f6' and VER_NBR=0
/
delete from KSEN_LUI_ATTR where ID='f8d3148e-71f1-42c5-a4f5-503f313ed2ed'
/
delete from KSEN_LUI_ATTR where ID='e34dd6d8-ec1c-4a49-9602-9f7e6c7f3e2b'
/
delete from KSEN_LUI_IDENT where ID='cb85620e-c6df-47c1-a053-f5e5b485bd68' and VER_NBR=0
/
delete from KSEN_LUI where ID='3326f829-0ccb-40e7-bfb7-d660381a3834' and VER_NBR=1
/
delete from KSEN_LUILUI_RELTN where ID='93823554-780f-46bc-8529-2a3eef043c70' and VER_NBR=0
/
delete from KSEN_LUILUI_RELTN where ID='c8a68ca5-3f67-4bd2-911d-69c8d385b8ae' and VER_NBR=0
/
delete from KSEN_LUI_ATTR where ID='f87c15df-9a85-4799-8a83-d62b0a53a805'
/
delete from KSEN_LUI_ATTR where ID='5650eb7a-fd49-4a82-a9f3-7a00c7187d83'
/
delete from KSEN_LUI_IDENT where ID='f569c6a5-c1bc-4838-8cb9-606f8682d2a9' and VER_NBR=0
/
delete from KSEN_LUI where ID='3010ef1a-70f0-4fbe-9439-94a8fbd33806' and VER_NBR=1
/
insert into KSEN_LUI_ATTR (OBJ_ID, ATTR_KEY, OWNER_ID, ATTR_VALUE, ID) values ('c8e0bcf7-d6dc-4f85-afa0-a593467038b4', 'regCodePrefix', 'a84b241d-ef14-4758-af01-5572c50d0c7b', '1', 'd5f5aa06-bc58-4798-840f-1285e601cf2e')
/
delete from KSEN_LUI_RELATED_LUI_TYPES where LUI_ID='a84b241d-ef14-4758-af01-5572c50d0c7b'
/
insert into KSEN_LUI_RELATED_LUI_TYPES (LUI_ID, RELATED_LUI_TYPE) values ('a84b241d-ef14-4758-af01-5572c50d0c7b', 'kuali.lui.type.activity.offering.lab')
/
insert into KSEN_LUI_RELATED_LUI_TYPES (LUI_ID, RELATED_LUI_TYPE) values ('a84b241d-ef14-4758-af01-5572c50d0c7b', 'kuali.lui.type.activity.offering.lecture')
/
insert into KSEN_LUI (OBJ_ID, VER_NBR, CREATEID, CREATETIME, UPDATEID, UPDATETIME, ATP_ID, CLU_ID, EFF_DT, EXPIR_DT, DESCR_FORMATTED, LUI_STATE, LUI_TYPE, MAX_SEATS, MIN_SEATS, NAME, DESCR_PLAIN, REF_URL, ID) values ('5bea5642-3f4d-4cec-b969-8ebcf23c5e0d', 0, 'admin', TIMESTAMP '2013-10-28 09:46:32.472', 'admin', TIMESTAMP '2013-10-28 09:46:32.472', 'kuali.atp.2013Spring', '319dec00-dbd7-4fdb-9ded-d8c3b8735699', '', '', '1001', 'kuali.lui.registration.group.state.pending', 'kuali.lui.type.registration.group', '', '', '1001', '1001', '', '86766bfc-2e67-4eca-9852-9e5af2b8c4c6')
/
insert into KSEN_LUI_ATTR (OBJ_ID, ATTR_KEY, OWNER_ID, ATTR_VALUE, ID) values ('330cfff7-d854-418e-83b2-a971a92de496', 'kuali.attribute.registration.group.is.generated', '86766bfc-2e67-4eca-9852-9e5af2b8c4c6', '1', 'efa7c379-6ad1-4b00-9573-22b0a5734206')
/
insert into KSEN_LUI_ATTR (OBJ_ID, ATTR_KEY, OWNER_ID, ATTR_VALUE, ID) values ('fa85f1d8-14b6-46b9-8e9c-5ae2d532c40c', 'kuali.attribute.registration.group.aocluster.id', '86766bfc-2e67-4eca-9852-9e5af2b8c4c6', 'ba0ec38e-dd09-4cf6-8ed0-9226fbbcf3b7', '0079305d-6a79-4924-97e5-be4780bebb40')
/
insert into KSEN_LUI_IDENT (OBJ_ID, VER_NBR, CREATEID, CREATETIME, UPDATEID, UPDATETIME, LUI_CD, DIVISION, IDENT_LEVEL, LNG_NAME, LUI_ID, ORGID, SHRT_NAME, LUI_ID_STATE, SUFX_CD, LUI_ID_TYPE, VARTN, ID) values ('a2db2693-9f7a-4aa1-87e5-761c49ce4643', 0, 'admin', TIMESTAMP '2013-10-28 09:46:32.472', 'admin', TIMESTAMP '2013-10-28 09:46:32.472', '', '', '', '', '86766bfc-2e67-4eca-9852-9e5af2b8c4c6', '', '', 'kuali.lui.identifier.state.active', '', 'kuali.lui.identifier.type.official', '', '47d73a09-553a-4e03-a608-8be48536c085')
/
insert into KSEN_LUILUI_RELTN (OBJ_ID, VER_NBR, CREATEID, CREATETIME, UPDATEID, UPDATETIME, EFF_DT, EXPIR_DT, DESCR_FORMATTED, LUI_ID, LUILUI_RELTN_STATE, LUILUI_RELTN_TYPE, NAME, DESCR_PLAIN, RELATED_LUI_ID, ID) values ('df701944-967e-446a-a060-fdc573dcb595', 0, 'admin', TIMESTAMP '2013-10-28 09:46:32.472', 'admin', TIMESTAMP '2013-10-28 09:46:32.472', TIMESTAMP '2013-10-28 09:46:33.71', '', 'BSCI105M-FO-RG', 'a84b241d-ef14-4758-af01-5572c50d0c7b', 'kuali.lui.lui.relation.state.active', 'kuali.lui.lui.relation.type.deliveredvia.fo2rg', 'fo-rg-relation', 'BSCI105M-FO-RG', '86766bfc-2e67-4eca-9852-9e5af2b8c4c6', '521d0083-5bba-463a-ace1-3662b839bc29')
/
insert into KSEN_LUILUI_RELTN (OBJ_ID, VER_NBR, CREATEID, CREATETIME, UPDATEID, UPDATETIME, EFF_DT, EXPIR_DT, DESCR_FORMATTED, LUI_ID, LUILUI_RELTN_STATE, LUILUI_RELTN_TYPE, NAME, DESCR_PLAIN, RELATED_LUI_ID, ID) values ('ce6c4083-dc83-49d4-a5ac-6b92deb92f0e', 0, 'admin', TIMESTAMP '2013-10-28 09:46:32.472', 'admin', TIMESTAMP '2013-10-28 09:46:32.472', TIMESTAMP '2013-10-28 09:46:33.71', '', 'BSCI105M-RG-AO', '86766bfc-2e67-4eca-9852-9e5af2b8c4c6', 'kuali.lui.lui.relation.state.active', 'kuali.lui.lui.relation.type.registeredforvia.rg2ao', 'rg-ao-relation', 'BSCI105M-RG-AO', '882b8fe9-c075-42be-83e1-f6b32291b8fa', '0e70216c-c414-46cd-af21-ea2429773aff')
/
insert into KSEN_LUILUI_RELTN (OBJ_ID, VER_NBR, CREATEID, CREATETIME, UPDATEID, UPDATETIME, EFF_DT, EXPIR_DT, DESCR_FORMATTED, LUI_ID, LUILUI_RELTN_STATE, LUILUI_RELTN_TYPE, NAME, DESCR_PLAIN, RELATED_LUI_ID, ID) values ('c6ba58a8-4f6f-4011-bfe7-028c60dd737e', 0, 'admin', TIMESTAMP '2013-10-28 09:46:32.472', 'admin', TIMESTAMP '2013-10-28 09:46:32.472', TIMESTAMP '2013-10-28 09:46:33.711', '', 'BSCI105M-RG-AO', '86766bfc-2e67-4eca-9852-9e5af2b8c4c6', 'kuali.lui.lui.relation.state.active', 'kuali.lui.lui.relation.type.registeredforvia.rg2ao', 'rg-ao-relation', 'BSCI105M-RG-AO', '11d38358-6416-4f0d-9f5d-5d167c19dc5f', 'd027f26a-08d2-478e-b56e-a0a823f47a62')
/
insert into KSEN_LUI (OBJ_ID, VER_NBR, CREATEID, CREATETIME, UPDATEID, UPDATETIME, ATP_ID, CLU_ID, EFF_DT, EXPIR_DT, DESCR_FORMATTED, LUI_STATE, LUI_TYPE, MAX_SEATS, MIN_SEATS, NAME, DESCR_PLAIN, REF_URL, ID) values ('21af218e-58f9-4276-a3ca-f45d64fc6874', 0, 'admin', TIMESTAMP '2013-10-28 09:46:32.472', 'admin', TIMESTAMP '2013-10-28 09:46:32.472', 'kuali.atp.2013Spring', '319dec00-dbd7-4fdb-9ded-d8c3b8735699', '', '', '1002', 'kuali.lui.registration.group.state.pending', 'kuali.lui.type.registration.group', '', '', '1002', '1002', '', 'd4e50c6d-8857-45d8-a01c-cf492b84fb43')
/
insert into KSEN_LUI_ATTR (OBJ_ID, ATTR_KEY, OWNER_ID, ATTR_VALUE, ID) values ('05a77183-93ef-4047-96cf-b20b17431051', 'kuali.attribute.registration.group.aocluster.id', 'd4e50c6d-8857-45d8-a01c-cf492b84fb43', 'ba0ec38e-dd09-4cf6-8ed0-9226fbbcf3b7', '07757233-fae5-4ab2-9a9e-58b6c3877188')
/
insert into KSEN_LUI_ATTR (OBJ_ID, ATTR_KEY, OWNER_ID, ATTR_VALUE, ID) values ('8ad749fa-e1ff-4bf7-a53d-22d00727961c', 'kuali.attribute.registration.group.is.generated', 'd4e50c6d-8857-45d8-a01c-cf492b84fb43', '1', 'b50ca893-9dc3-43df-be07-f1ca404b8ec3')
/
insert into KSEN_LUI_IDENT (OBJ_ID, VER_NBR, CREATEID, CREATETIME, UPDATEID, UPDATETIME, LUI_CD, DIVISION, IDENT_LEVEL, LNG_NAME, LUI_ID, ORGID, SHRT_NAME, LUI_ID_STATE, SUFX_CD, LUI_ID_TYPE, VARTN, ID) values ('b4f27f37-8b97-4092-96ee-b86aabf7e637', 0, 'admin', TIMESTAMP '2013-10-28 09:46:32.472', 'admin', TIMESTAMP '2013-10-28 09:46:32.472', '', '', '', '', 'd4e50c6d-8857-45d8-a01c-cf492b84fb43', '', '', 'kuali.lui.identifier.state.active', '', 'kuali.lui.identifier.type.official', '', '7f3d66c6-596c-4399-b168-eb6f2656ede6')
/
insert into KSEN_LUILUI_RELTN (OBJ_ID, VER_NBR, CREATEID, CREATETIME, UPDATEID, UPDATETIME, EFF_DT, EXPIR_DT, DESCR_FORMATTED, LUI_ID, LUILUI_RELTN_STATE, LUILUI_RELTN_TYPE, NAME, DESCR_PLAIN, RELATED_LUI_ID, ID) values ('29dc7ea4-7180-40a1-986c-aad90c92e440', 0, 'admin', TIMESTAMP '2013-10-28 09:46:32.472', 'admin', TIMESTAMP '2013-10-28 09:46:32.472', TIMESTAMP '2013-10-28 09:46:34.151', '', 'BSCI105M-FO-RG', 'a84b241d-ef14-4758-af01-5572c50d0c7b', 'kuali.lui.lui.relation.state.active', 'kuali.lui.lui.relation.type.deliveredvia.fo2rg', 'fo-rg-relation', 'BSCI105M-FO-RG', 'd4e50c6d-8857-45d8-a01c-cf492b84fb43', '5153c9d9-d1a2-41c1-a6a0-6384975941c8')
/
insert into KSEN_LUILUI_RELTN (OBJ_ID, VER_NBR, CREATEID, CREATETIME, UPDATEID, UPDATETIME, EFF_DT, EXPIR_DT, DESCR_FORMATTED, LUI_ID, LUILUI_RELTN_STATE, LUILUI_RELTN_TYPE, NAME, DESCR_PLAIN, RELATED_LUI_ID, ID) values ('f6ef1d05-0e0a-45b4-9f51-7ce9ed6c7bc9', 0, 'admin', TIMESTAMP '2013-10-28 09:46:32.472', 'admin', TIMESTAMP '2013-10-28 09:46:32.472', TIMESTAMP '2013-10-28 09:46:34.151', '', 'BSCI105M-RG-AO', 'd4e50c6d-8857-45d8-a01c-cf492b84fb43', 'kuali.lui.lui.relation.state.active', 'kuali.lui.lui.relation.type.registeredforvia.rg2ao', 'rg-ao-relation', 'BSCI105M-RG-AO', '569642c8-edef-4341-afd0-eca4c0e61f2e', '1cee6c06-1ceb-46b8-a703-a2715bf2c309')
/
insert into KSEN_LUILUI_RELTN (OBJ_ID, VER_NBR, CREATEID, CREATETIME, UPDATEID, UPDATETIME, EFF_DT, EXPIR_DT, DESCR_FORMATTED, LUI_ID, LUILUI_RELTN_STATE, LUILUI_RELTN_TYPE, NAME, DESCR_PLAIN, RELATED_LUI_ID, ID) values ('cab70672-515e-46e8-bc63-78508693a9cb', 0, 'admin', TIMESTAMP '2013-10-28 09:46:32.472', 'admin', TIMESTAMP '2013-10-28 09:46:32.472', TIMESTAMP '2013-10-28 09:46:34.152', '', 'BSCI105M-RG-AO', 'd4e50c6d-8857-45d8-a01c-cf492b84fb43', 'kuali.lui.lui.relation.state.active', 'kuali.lui.lui.relation.type.registeredforvia.rg2ao', 'rg-ao-relation', 'BSCI105M-RG-AO', '11d38358-6416-4f0d-9f5d-5d167c19dc5f', '8c1eeb9e-9c4b-4d6f-aa86-f4c0583388c5')
/
insert into KSEN_LUI (OBJ_ID, VER_NBR, CREATEID, CREATETIME, UPDATEID, UPDATETIME, ATP_ID, CLU_ID, EFF_DT, EXPIR_DT, DESCR_FORMATTED, LUI_STATE, LUI_TYPE, MAX_SEATS, MIN_SEATS, NAME, DESCR_PLAIN, REF_URL, ID) values ('2376ca1b-4a9f-4df8-a8ec-de7b36fc3f94', 0, 'admin', TIMESTAMP '2013-10-28 09:46:32.472', 'admin', TIMESTAMP '2013-10-28 09:46:32.472', 'kuali.atp.2013Spring', '319dec00-dbd7-4fdb-9ded-d8c3b8735699', '', '', '1003', 'kuali.lui.registration.group.state.pending', 'kuali.lui.type.registration.group', '', '', '1003', '1003', '', '4fe1ecbd-e240-4a34-9659-353ba757e95a')
/
insert into KSEN_LUI_ATTR (OBJ_ID, ATTR_KEY, OWNER_ID, ATTR_VALUE, ID) values ('be4755c0-8b04-40d2-b767-7cf4f5d24bb8', 'kuali.attribute.registration.group.is.generated', '4fe1ecbd-e240-4a34-9659-353ba757e95a', '1', 'b1f3b640-4aea-4ffb-8cda-fe01ecd1f942')
/
insert into KSEN_LUI_ATTR (OBJ_ID, ATTR_KEY, OWNER_ID, ATTR_VALUE, ID) values ('c5f93ae2-12ce-4b22-9aab-954f78ba7786', 'kuali.attribute.registration.group.aocluster.id', '4fe1ecbd-e240-4a34-9659-353ba757e95a', 'ba0ec38e-dd09-4cf6-8ed0-9226fbbcf3b7', '05b5abb0-2f1d-4855-989d-05866267d53c')
/
insert into KSEN_LUI_IDENT (OBJ_ID, VER_NBR, CREATEID, CREATETIME, UPDATEID, UPDATETIME, LUI_CD, DIVISION, IDENT_LEVEL, LNG_NAME, LUI_ID, ORGID, SHRT_NAME, LUI_ID_STATE, SUFX_CD, LUI_ID_TYPE, VARTN, ID) values ('151b45b0-f227-4505-a178-787879cedd72', 0, 'admin', TIMESTAMP '2013-10-28 09:46:32.472', 'admin', TIMESTAMP '2013-10-28 09:46:32.472', '', '', '', '', '4fe1ecbd-e240-4a34-9659-353ba757e95a', '', '', 'kuali.lui.identifier.state.active', '', 'kuali.lui.identifier.type.official', '', '677ca41c-d9fc-4c11-8938-5dd3cdcd09d2')
/
insert into KSEN_LUILUI_RELTN (OBJ_ID, VER_NBR, CREATEID, CREATETIME, UPDATEID, UPDATETIME, EFF_DT, EXPIR_DT, DESCR_FORMATTED, LUI_ID, LUILUI_RELTN_STATE, LUILUI_RELTN_TYPE, NAME, DESCR_PLAIN, RELATED_LUI_ID, ID) values ('b5f8fc4a-22b4-4176-9e99-585fa466791d', 0, 'admin', TIMESTAMP '2013-10-28 09:46:32.472', 'admin', TIMESTAMP '2013-10-28 09:46:32.472', TIMESTAMP '2013-10-28 09:46:34.585', '', 'BSCI105M-FO-RG', 'a84b241d-ef14-4758-af01-5572c50d0c7b', 'kuali.lui.lui.relation.state.active', 'kuali.lui.lui.relation.type.deliveredvia.fo2rg', 'fo-rg-relation', 'BSCI105M-FO-RG', '4fe1ecbd-e240-4a34-9659-353ba757e95a', '47274af5-96c5-4090-bb34-9fc71bf12a3a')
/
insert into KSEN_LUILUI_RELTN (OBJ_ID, VER_NBR, CREATEID, CREATETIME, UPDATEID, UPDATETIME, EFF_DT, EXPIR_DT, DESCR_FORMATTED, LUI_ID, LUILUI_RELTN_STATE, LUILUI_RELTN_TYPE, NAME, DESCR_PLAIN, RELATED_LUI_ID, ID) values ('ce5c07ef-e968-408f-a5a2-6dea23b02584', 0, 'admin', TIMESTAMP '2013-10-28 09:46:32.472', 'admin', TIMESTAMP '2013-10-28 09:46:32.472', TIMESTAMP '2013-10-28 09:46:34.585', '', 'BSCI105M-RG-AO', '4fe1ecbd-e240-4a34-9659-353ba757e95a', 'kuali.lui.lui.relation.state.active', 'kuali.lui.lui.relation.type.registeredforvia.rg2ao', 'rg-ao-relation', 'BSCI105M-RG-AO', '6c910859-0891-47bd-8b33-6c7f9690677e', '6e585bea-0393-4975-bb8e-77e12c7eddfa')
/
insert into KSEN_LUILUI_RELTN (OBJ_ID, VER_NBR, CREATEID, CREATETIME, UPDATEID, UPDATETIME, EFF_DT, EXPIR_DT, DESCR_FORMATTED, LUI_ID, LUILUI_RELTN_STATE, LUILUI_RELTN_TYPE, NAME, DESCR_PLAIN, RELATED_LUI_ID, ID) values ('953417af-94da-43dd-8cd6-27bf913c587a', 0, 'admin', TIMESTAMP '2013-10-28 09:46:32.472', 'admin', TIMESTAMP '2013-10-28 09:46:32.472', TIMESTAMP '2013-10-28 09:46:34.586', '', 'BSCI105M-RG-AO', '4fe1ecbd-e240-4a34-9659-353ba757e95a', 'kuali.lui.lui.relation.state.active', 'kuali.lui.lui.relation.type.registeredforvia.rg2ao', 'rg-ao-relation', 'BSCI105M-RG-AO', '11d38358-6416-4f0d-9f5d-5d167c19dc5f', 'c5ae09eb-4309-4c8e-93b0-ec46920538bf')
/
insert into KSEN_LUI (OBJ_ID, VER_NBR, CREATEID, CREATETIME, UPDATEID, UPDATETIME, ATP_ID, CLU_ID, EFF_DT, EXPIR_DT, DESCR_FORMATTED, LUI_STATE, LUI_TYPE, MAX_SEATS, MIN_SEATS, NAME, DESCR_PLAIN, REF_URL, ID) values ('b211b2d7-c3ff-4649-955a-6f382d94e356', 0, 'admin', TIMESTAMP '2013-10-28 09:46:32.472', 'admin', TIMESTAMP '2013-10-28 09:46:32.472', 'kuali.atp.2013Spring', '319dec00-dbd7-4fdb-9ded-d8c3b8735699', '', '', '1004', 'kuali.lui.registration.group.state.pending', 'kuali.lui.type.registration.group', '', '', '1004', '1004', '', '5fa1d496-9d35-4cdd-9122-bbdf6349bd6f')
/
insert into KSEN_LUI_ATTR (OBJ_ID, ATTR_KEY, OWNER_ID, ATTR_VALUE, ID) values ('ebf9a15d-4dd7-4d5a-9854-0fb9635d3cc0', 'kuali.attribute.registration.group.is.generated', '5fa1d496-9d35-4cdd-9122-bbdf6349bd6f', '1', 'c2cb6270-d0e4-4754-a33a-c5ca3049992d')
/
insert into KSEN_LUI_ATTR (OBJ_ID, ATTR_KEY, OWNER_ID, ATTR_VALUE, ID) values ('6a5fbadb-b478-4bc1-b703-b87b86be3993', 'kuali.attribute.registration.group.aocluster.id', '5fa1d496-9d35-4cdd-9122-bbdf6349bd6f', 'ba0ec38e-dd09-4cf6-8ed0-9226fbbcf3b7', '331294da-765c-4810-86f7-3f0cc27521e2')
/
insert into KSEN_LUI_IDENT (OBJ_ID, VER_NBR, CREATEID, CREATETIME, UPDATEID, UPDATETIME, LUI_CD, DIVISION, IDENT_LEVEL, LNG_NAME, LUI_ID, ORGID, SHRT_NAME, LUI_ID_STATE, SUFX_CD, LUI_ID_TYPE, VARTN, ID) values ('7952f351-62f3-4742-bc30-66288ed6d6f9', 0, 'admin', TIMESTAMP '2013-10-28 09:46:32.472', 'admin', TIMESTAMP '2013-10-28 09:46:32.472', '', '', '', '', '5fa1d496-9d35-4cdd-9122-bbdf6349bd6f', '', '', 'kuali.lui.identifier.state.active', '', 'kuali.lui.identifier.type.official', '', '515afed8-ae9e-499b-9649-97354d2860da')
/
insert into KSEN_LUILUI_RELTN (OBJ_ID, VER_NBR, CREATEID, CREATETIME, UPDATEID, UPDATETIME, EFF_DT, EXPIR_DT, DESCR_FORMATTED, LUI_ID, LUILUI_RELTN_STATE, LUILUI_RELTN_TYPE, NAME, DESCR_PLAIN, RELATED_LUI_ID, ID) values ('d08407c6-12d3-460e-b955-ee0470af4635', 0, 'admin', TIMESTAMP '2013-10-28 09:46:32.472', 'admin', TIMESTAMP '2013-10-28 09:46:32.472', TIMESTAMP '2013-10-28 09:46:35.039', '', 'BSCI105M-FO-RG', 'a84b241d-ef14-4758-af01-5572c50d0c7b', 'kuali.lui.lui.relation.state.active', 'kuali.lui.lui.relation.type.deliveredvia.fo2rg', 'fo-rg-relation', 'BSCI105M-FO-RG', '5fa1d496-9d35-4cdd-9122-bbdf6349bd6f', '382fc422-f54f-4caa-be19-27d16629908e')
/
insert into KSEN_LUILUI_RELTN (OBJ_ID, VER_NBR, CREATEID, CREATETIME, UPDATEID, UPDATETIME, EFF_DT, EXPIR_DT, DESCR_FORMATTED, LUI_ID, LUILUI_RELTN_STATE, LUILUI_RELTN_TYPE, NAME, DESCR_PLAIN, RELATED_LUI_ID, ID) values ('7c2fe0f3-05da-45ed-8071-b7e898fb0e75', 0, 'admin', TIMESTAMP '2013-10-28 09:46:32.472', 'admin', TIMESTAMP '2013-10-28 09:46:32.472', TIMESTAMP '2013-10-28 09:46:35.04', '', 'BSCI105M-RG-AO', '5fa1d496-9d35-4cdd-9122-bbdf6349bd6f', 'kuali.lui.lui.relation.state.active', 'kuali.lui.lui.relation.type.registeredforvia.rg2ao', 'rg-ao-relation', 'BSCI105M-RG-AO', 'dca16234-7d8c-42ae-951e-89969702111a', 'c5c9c999-86ba-4a6f-b868-24a599e3e8db')
/
insert into KSEN_LUILUI_RELTN (OBJ_ID, VER_NBR, CREATEID, CREATETIME, UPDATEID, UPDATETIME, EFF_DT, EXPIR_DT, DESCR_FORMATTED, LUI_ID, LUILUI_RELTN_STATE, LUILUI_RELTN_TYPE, NAME, DESCR_PLAIN, RELATED_LUI_ID, ID) values ('bf5e3979-deb3-44a8-a9ad-80f95991d1b7', 0, 'admin', TIMESTAMP '2013-10-28 09:46:32.472', 'admin', TIMESTAMP '2013-10-28 09:46:32.472', TIMESTAMP '2013-10-28 09:46:35.04', '', 'BSCI105M-RG-AO', '5fa1d496-9d35-4cdd-9122-bbdf6349bd6f', 'kuali.lui.lui.relation.state.active', 'kuali.lui.lui.relation.type.registeredforvia.rg2ao', 'rg-ao-relation', 'BSCI105M-RG-AO', '11d38358-6416-4f0d-9f5d-5d167c19dc5f', 'defe0caf-add6-40f3-90f8-14dacfd5c056')
/
insert into KSEN_CWL (OBJ_ID, VER_NBR, CREATEID, CREATETIME, UPDATEID, UPDATETIME, ALLOW_HOLD_UTIL_ENTRIES_IND, AUTO_PROCESSED_IND, CHECK_IN_REQ_IND, CONF_REQ_IND, EFF_DT, EXPIR_DT, MAX_SIZE, REG_IN_FIRST_AAO_IND, STD_DUR_TIME_QTY, STD_DUR_TYPE, CWL_STATE, CWL_TYPE, ID) values ('295f23d8-5175-4483-9664-6f032da8b6fe', 0, 'admin', TIMESTAMP '2013-10-28 09:46:32.472', 'admin', TIMESTAMP '2013-10-28 09:46:32.472', '0', '1', '0', '1', '', '', '', '', '', '', 'kuali.course.waitlist.state.active', 'kuali.course.waitlist.type.course.waitlist', 'ad13cabe-f4a6-470f-b4f1-654daa857309')
/
insert into KSEN_CWL_ACTIV_OFFER (CWL_ID, ACTIV_OFFER_ID) values ('ad13cabe-f4a6-470f-b4f1-654daa857309', '11d38358-6416-4f0d-9f5d-5d167c19dc5f')
/
insert into KSEN_CWL_FORMAT_OFFER (CWL_ID, FORMAT_OFFER_ID) values ('ad13cabe-f4a6-470f-b4f1-654daa857309', 'a84b241d-ef14-4758-af01-5572c50d0c7b')
/


-- Term = kuali.atp.2013Spring / 201301, coCode = CHEM242
insert into KSEN_LUI (OBJ_ID, VER_NBR, CREATEID, CREATETIME, UPDATEID, UPDATETIME, ATP_ID, CLU_ID, EFF_DT, EXPIR_DT, DESCR_FORMATTED, LUI_STATE, LUI_TYPE, MAX_SEATS, MIN_SEATS, NAME, DESCR_PLAIN, REF_URL, ID) values ('834cfa52-ae5e-4b20-8e89-620c16c0cbb0', 0, 'admin', TIMESTAMP '2013-10-28 09:49:03.482', 'admin', TIMESTAMP '2013-10-28 09:49:03.482', 'kuali.atp.2013Spring', '06b65acf-167f-4864-8870-4aeb3e333277', '', '', '', 'kuali.lui.activity.offering.state.draft', 'kuali.lui.type.activity.offering.lecture', 590, '', 'CHEM242 AO', '', '', '8572d725-cf47-4763-b00e-71db7f9c10ff')
/
insert into KSEN_LUI_ATTR (OBJ_ID, ATTR_KEY, OWNER_ID, ATTR_VALUE, ID) values ('b4be86ec-4e4e-4b76-bbc9-a45a514e99d1', 'kuali.attribute.nonstd.ts.indicator', '8572d725-cf47-4763-b00e-71db7f9c10ff', '0', '61b39908-2e41-47b8-b2a6-21946f52dd47')
/
insert into KSEN_LUI_ATTR (OBJ_ID, ATTR_KEY, OWNER_ID, ATTR_VALUE, ID) values ('d42de275-e56d-4965-b8f7-98814e319e57', 'kuali.attribute.course.evaluation.indicator', '8572d725-cf47-4763-b00e-71db7f9c10ff', 'null', 'f3c0b1d3-283a-4fb5-8338-a7f9d3767766')
/
insert into KSEN_LUI_ATTR (OBJ_ID, ATTR_KEY, OWNER_ID, ATTR_VALUE, ID) values ('c6f1d5f6-3f0a-4ecd-a540-e40fab037467', 'kuali.attribute.max.enrollment.is.estimate', '8572d725-cf47-4763-b00e-71db7f9c10ff', 'null', '0deca00e-831f-473b-9a00-b1a9c05ed7be')
/
insert into KSEN_LUI_IDENT (OBJ_ID, VER_NBR, CREATEID, CREATETIME, UPDATEID, UPDATETIME, LUI_CD, DIVISION, IDENT_LEVEL, LNG_NAME, LUI_ID, ORGID, SHRT_NAME, LUI_ID_STATE, SUFX_CD, LUI_ID_TYPE, VARTN, ID) values ('5418aba7-1432-4f34-8c34-4035b87cb0ff', 0, 'admin', TIMESTAMP '2013-10-28 09:49:03.482', 'admin', TIMESTAMP '2013-10-28 09:49:03.482', 'AH', '', '', '', '8572d725-cf47-4763-b00e-71db7f9c10ff', '', '', 'kuali.lui.identifier.state.active', '', 'kuali.lui.identifier.type.official', '', '2b681f4f-f71e-4580-b256-15a98042138e')
/
insert into KSEN_LUI_LU_CD (OBJ_ID, VER_NBR, CREATEID, CREATETIME, UPDATEID, UPDATETIME, DESCR_FORMATTED, LUI_ID, DESCR_PLAIN, LUI_LUCD_TYPE, VALUE, ID) values ('3359159e-ee80-4ef4-9d59-76e98798037d', 0, 'admin', TIMESTAMP '2013-10-28 09:49:03.482', 'admin', TIMESTAMP '2013-10-28 09:49:03.482', '', '8572d725-cf47-4763-b00e-71db7f9c10ff', '', 'kuali.lu.code.honorsOffering', 'null', '2cc4c40b-e328-4095-b3ce-aafa78f50fe2')
/
insert into KSEN_LUILUI_RELTN (OBJ_ID, VER_NBR, CREATEID, CREATETIME, UPDATEID, UPDATETIME, EFF_DT, EXPIR_DT, DESCR_FORMATTED, LUI_ID, LUILUI_RELTN_STATE, LUILUI_RELTN_TYPE, NAME, DESCR_PLAIN, RELATED_LUI_ID, ID) values ('bfae24d4-a2b7-481e-9f4e-b380c1f51609', 0, 'admin', TIMESTAMP '2013-10-28 09:49:03.482', 'admin', TIMESTAMP '2013-10-28 09:49:03.482', TIMESTAMP '2013-10-28 09:49:03.599', '', 'CHEM242-FO-AO', '95329a72-d6c9-48b9-ba69-749c562248ea', 'kuali.lui.lui.relation.state.active', 'kuali.lui.lui.relation.type.deliveredvia.fo2ao', 'fo-ao-relation', 'CHEM242-FO-AO', '8572d725-cf47-4763-b00e-71db7f9c10ff', '6c7d3b5d-79fe-49d3-b411-b9c025e5318a')
/
insert into KSEN_CO_AO_CLUSTER_SET (OBJ_ID, ACTIVITY_OFFERING_TYPE, AO_CLUSTER_ID, ID) values ('099ca51b-8c9a-427c-aac9-c7f9a3f744c5', 'kuali.lui.type.activity.offering.lecture', '1f1e819a-d2c0-435e-b186-a04568c640c1', 'c8e9f3ec-a320-4f35-b753-91d88c8b27d6')
/
insert into KSEN_CO_AO_CLUSTER_SET_AO (AOC_SET_ID, ACTIVITY_OFFERING_ID) values ('c8e9f3ec-a320-4f35-b753-91d88c8b27d6', '8572d725-cf47-4763-b00e-71db7f9c10ff')
/
delete from KSEN_LUILUI_RELTN where ID='e0e3ed68-214a-499c-a722-a839212110d8' and VER_NBR=0
/
delete from KSEN_LUILUI_RELTN where ID='cce756c7-d774-415f-a4f8-a2e2b1ad8e0c' and VER_NBR=0
/
delete from KSEN_LUI_ATTR where ID='78cd254f-3f0a-4415-bd34-11519130bc97'
/
delete from KSEN_LUI_ATTR where ID='8748e88b-e566-46f9-b256-5ea2af4b7d55'
/
delete from KSEN_LUI_IDENT where ID='e498a9e3-1682-4ec0-a4d6-277e1832b2c5' and VER_NBR=0
/
delete from KSEN_LUI where ID='95f986f2-beb6-4a8e-828d-31e612ba2695' and VER_NBR=1
/
delete from KSEN_LUILUI_RELTN where ID='ce56691e-f73d-4632-ac77-7e2617a7f661' and VER_NBR=0
/
delete from KSEN_LUILUI_RELTN where ID='9698031f-1c65-4c96-8d59-88f3bb67b288' and VER_NBR=0
/
delete from KSEN_LUI_ATTR where ID='026dc9fb-ce8b-4965-aebe-284b9e384025'
/
delete from KSEN_LUI_ATTR where ID='a00b563b-c21b-4886-ad7e-62bf267df597'
/
delete from KSEN_LUI_IDENT where ID='bffe8581-8fd6-4242-b0b9-1b481d94cec4' and VER_NBR=0
/
delete from KSEN_LUI where ID='7bdbf6c4-cc77-45d5-bbef-d30cdd19ccbf' and VER_NBR=1
/
delete from KSEN_LUILUI_RELTN where ID='98b5fd24-7c9b-4486-8e02-a3e2703515a6' and VER_NBR=0
/
delete from KSEN_LUILUI_RELTN where ID='d8c9cd51-9842-40c7-9cd0-e807960e84fa' and VER_NBR=0
/
delete from KSEN_LUI_ATTR where ID='ddab38f7-9683-4919-b261-4908964d11bb'
/
delete from KSEN_LUI_ATTR where ID='c056dc25-3a96-44aa-9544-0c2b10304f00'
/
delete from KSEN_LUI_IDENT where ID='5845bd7a-5e04-4f2b-8445-2c0305014dd3' and VER_NBR=0
/
delete from KSEN_LUI where ID='c10932c6-32ec-4452-acd7-f7d22c1967a1' and VER_NBR=1
/
delete from KSEN_LUILUI_RELTN where ID='fcff687d-ce1e-432b-ba35-0269688456f7' and VER_NBR=0
/
delete from KSEN_LUILUI_RELTN where ID='c51e55ed-3eee-4ac9-a63a-898f6711eb7f' and VER_NBR=0
/
delete from KSEN_LUI_ATTR where ID='cd3de7bf-1b71-459a-b365-e2108f6e3b06'
/
delete from KSEN_LUI_ATTR where ID='0db289ce-076d-46c9-910e-ecc3a3f441d6'
/
delete from KSEN_LUI_IDENT where ID='c016b162-ab0a-4eb8-8031-faadd7a56eba' and VER_NBR=0
/
delete from KSEN_LUI where ID='dab5f61a-1d1b-471f-9705-07c1d39da8b1' and VER_NBR=1
/
delete from KSEN_LUILUI_RELTN where ID='9e9692d8-f365-4489-8b65-9afe85aa6d47' and VER_NBR=0
/
delete from KSEN_LUILUI_RELTN where ID='4b4cf9ee-18d6-44be-b247-4b80d5743e98' and VER_NBR=0
/
delete from KSEN_LUI_ATTR where ID='ea5bb20c-2f16-45fe-84e1-f202d95db198'
/
delete from KSEN_LUI_ATTR where ID='b385ffa1-27b7-43fd-a6b9-8dc8aa540b02'
/
delete from KSEN_LUI_IDENT where ID='70577ddb-5290-4e2d-860a-25260609bd5b' and VER_NBR=0
/
delete from KSEN_LUI where ID='e09e53e8-b9a2-4f2b-8bd8-d56b7973eb12' and VER_NBR=1
/
delete from KSEN_LUILUI_RELTN where ID='81675359-9980-4afe-a22c-9cec553e595d' and VER_NBR=0
/
delete from KSEN_LUILUI_RELTN where ID='ce401949-b11d-4c5c-a9d7-cd28794317f0' and VER_NBR=0
/
delete from KSEN_LUI_ATTR where ID='bd9cb309-79a8-4403-9f85-f05e30d33ac9'
/
delete from KSEN_LUI_ATTR where ID='488861b2-a9f2-4c89-b755-78ffb0747b16'
/
delete from KSEN_LUI_IDENT where ID='323d31d4-7c2a-4355-b35f-25436ffcedde' and VER_NBR=0
/
delete from KSEN_LUI where ID='b6dedc72-055a-4687-8019-c2bed236b141' and VER_NBR=1
/
delete from KSEN_LUILUI_RELTN where ID='61ccd61a-930d-4352-8ba1-248c9a218279' and VER_NBR=0
/
delete from KSEN_LUILUI_RELTN where ID='b15b65b5-63e8-4f0a-b5a5-7b5e7be34435' and VER_NBR=0
/
delete from KSEN_LUI_ATTR where ID='05a55c49-534b-4e46-86f9-bb1a1800d6af'
/
delete from KSEN_LUI_ATTR where ID='dd57ad42-3a8a-4b0c-a937-5fc133acc2de'
/
delete from KSEN_LUI_IDENT where ID='5604ece4-2952-4c0b-9212-9c58bc9f2488' and VER_NBR=0
/
delete from KSEN_LUI where ID='6e7c55bd-bb92-4ad5-937e-fd8bbb750636' and VER_NBR=1
/
delete from KSEN_LUILUI_RELTN where ID='56a41342-4a94-413d-8c16-60965e2768ea' and VER_NBR=0
/
delete from KSEN_LUILUI_RELTN where ID='41eab6e7-dbc0-4d07-b6c5-6fd4e991db6d' and VER_NBR=0
/
delete from KSEN_LUI_ATTR where ID='6ec0e4e8-9c8d-4863-a8c3-372ed8da4f75'
/
delete from KSEN_LUI_ATTR where ID='d8517b27-d228-4f10-9e05-255dfbaab6a8'
/
delete from KSEN_LUI_IDENT where ID='47cdf977-16cc-4b88-8b2f-f1bbb41a3b07' and VER_NBR=0
/
delete from KSEN_LUI where ID='74d6d21d-a50c-4b94-b829-a8496b30904b' and VER_NBR=1
/
delete from KSEN_LUILUI_RELTN where ID='356c44f8-6e23-410c-b192-795379fd466d' and VER_NBR=0
/
delete from KSEN_LUILUI_RELTN where ID='9a8ecaaa-612c-4a96-adfa-f969643f9f8d' and VER_NBR=0
/
delete from KSEN_LUI_ATTR where ID='010b269e-b6a2-4af9-8b24-d7cfe4c79f60'
/
delete from KSEN_LUI_ATTR where ID='f07170da-4f19-44de-a764-4e314e238ef3'
/
delete from KSEN_LUI_IDENT where ID='a03ac4df-717a-42b4-8f4c-807da550ad96' and VER_NBR=0
/
delete from KSEN_LUI where ID='9431a34c-a806-4d55-9487-3e84e7bee367' and VER_NBR=1
/
delete from KSEN_LUILUI_RELTN where ID='d5148614-9844-4e1e-984d-55c99b841000' and VER_NBR=0
/
delete from KSEN_LUILUI_RELTN where ID='76737fdf-1c9f-4211-b015-1f70be9186dc' and VER_NBR=0
/
delete from KSEN_LUI_ATTR where ID='42ed8816-4ba7-4671-a310-319fa9a90ed2'
/
delete from KSEN_LUI_ATTR where ID='c26e3a1c-cf0e-4f4c-a91d-644f0b098e53'
/
delete from KSEN_LUI_IDENT where ID='4ab23385-523f-4f6c-92cc-a77866d56568' and VER_NBR=0
/
delete from KSEN_LUI where ID='405d8379-82b4-4ed4-87d8-95a7965e9653' and VER_NBR=1
/
delete from KSEN_LUILUI_RELTN where ID='f85ae2e1-ad15-4886-ad2f-dacb93d5667c' and VER_NBR=0
/
delete from KSEN_LUILUI_RELTN where ID='ace61b2b-108a-4482-83ed-1e22d2f9c627' and VER_NBR=0
/
delete from KSEN_LUI_ATTR where ID='b03ac4f2-280a-4742-a622-a4ad9cb37935'
/
delete from KSEN_LUI_ATTR where ID='5c97a140-8cae-4178-bfb7-c8772d7b6ff3'
/
delete from KSEN_LUI_IDENT where ID='0f793414-3efa-4e80-b794-4d565dad3b21' and VER_NBR=0
/
delete from KSEN_LUI where ID='476f0426-a82d-4471-a802-23b20d82ec10' and VER_NBR=1
/
delete from KSEN_LUILUI_RELTN where ID='70b5cd6c-cf2c-4283-9a94-a002ca2a6bac' and VER_NBR=0
/
delete from KSEN_LUILUI_RELTN where ID='0d899317-216c-491b-89a6-449ff2379a1c' and VER_NBR=0
/
delete from KSEN_LUI_ATTR where ID='e44762b9-0de4-4bc2-a829-d9a7f5b91f63'
/
delete from KSEN_LUI_ATTR where ID='7c02231e-91f3-464e-a857-01420047dde3'
/
delete from KSEN_LUI_IDENT where ID='80b9098f-73c1-4ad2-aeac-9510c5aaf0b6' and VER_NBR=0
/
delete from KSEN_LUI where ID='548c5a62-9c85-48ab-bb82-e8bce2772569' and VER_NBR=1
/
delete from KSEN_LUILUI_RELTN where ID='ca886a94-e29d-4d3a-b624-70bdd4475d71' and VER_NBR=0
/
delete from KSEN_LUILUI_RELTN where ID='22040f77-ee82-4227-9fdf-0d4e21a25056' and VER_NBR=0
/
delete from KSEN_LUI_ATTR where ID='e3ffd732-8b91-4744-9257-16f864133570'
/
delete from KSEN_LUI_ATTR where ID='992b9a4b-b5b7-4ba4-8304-23ae58646249'
/
delete from KSEN_LUI_IDENT where ID='af8f0d9e-a535-4e0c-b8bf-a9f67888733f' and VER_NBR=0
/
delete from KSEN_LUI where ID='e79f1bcf-3b41-4dce-aa93-c5124e1a3d37' and VER_NBR=1
/
delete from KSEN_LUILUI_RELTN where ID='7a28c554-63e8-4e5b-89bc-00ae98d57323' and VER_NBR=0
/
delete from KSEN_LUILUI_RELTN where ID='52e997c5-9cad-414b-9500-60e5a0fb7841' and VER_NBR=0
/
delete from KSEN_LUI_ATTR where ID='3adc1a83-2451-4d88-92f9-e02178d34935'
/
delete from KSEN_LUI_ATTR where ID='b331551a-fe0b-4bb1-9f8c-840a6ab7526c'
/
delete from KSEN_LUI_IDENT where ID='538e6057-282c-4229-a6da-41a5d6fe5b98' and VER_NBR=0
/
delete from KSEN_LUI where ID='922698f4-bfec-48a6-aa62-a4b329b9eb4b' and VER_NBR=1
/
delete from KSEN_LUILUI_RELTN where ID='a8cbc383-6519-4b26-9984-0e7f2c1791ce' and VER_NBR=0
/
delete from KSEN_LUILUI_RELTN where ID='f214e040-314a-45ef-8f4e-409a53c1937a' and VER_NBR=0
/
delete from KSEN_LUI_ATTR where ID='a1563195-cb4d-4d8e-a21d-cc769e367a0c'
/
delete from KSEN_LUI_ATTR where ID='437c7424-6297-4dd5-aa53-f494c3a0573e'
/
delete from KSEN_LUI_IDENT where ID='c3dbd056-cdb6-4ec1-9792-110e5871f9f7' and VER_NBR=0
/
delete from KSEN_LUI where ID='78f0c079-5f27-4eee-8de1-40237fb9de42' and VER_NBR=1
/
delete from KSEN_LUILUI_RELTN where ID='430e4103-4d9a-41c0-9b54-51d37762f640' and VER_NBR=0
/
delete from KSEN_LUILUI_RELTN where ID='89006574-1255-4a3a-880f-15aefd6d1200' and VER_NBR=0
/
delete from KSEN_LUI_ATTR where ID='76f48ae2-9bd7-4fe3-b502-f64c041849c6'
/
delete from KSEN_LUI_ATTR where ID='0708c48b-8b1c-4985-aaf3-bc9e0b94a3e2'
/
delete from KSEN_LUI_IDENT where ID='45b2720c-a35d-4f64-8ff7-4330869a231e' and VER_NBR=0
/
delete from KSEN_LUI where ID='763c4aa7-4224-4315-8a66-041cd57e7d7a' and VER_NBR=1
/
delete from KSEN_LUILUI_RELTN where ID='2a43b510-aeb0-4d36-815e-3c64139c2db6' and VER_NBR=0
/
delete from KSEN_LUILUI_RELTN where ID='702fb081-f414-4834-be44-26bffb36a82a' and VER_NBR=0
/
delete from KSEN_LUI_ATTR where ID='6e67f7d3-29c8-4c54-93a1-7eb7f1d6397f'
/
delete from KSEN_LUI_ATTR where ID='36d5880d-9abe-41d2-93fe-5038e370e0f6'
/
delete from KSEN_LUI_IDENT where ID='4abf5edf-fc31-4e4d-abd3-344721efb287' and VER_NBR=0
/
delete from KSEN_LUI where ID='a556ae40-411c-4bb9-8dce-6e87202a2416' and VER_NBR=1
/
delete from KSEN_LUILUI_RELTN where ID='f3e3150d-c635-48a7-82c8-ae566778cd56' and VER_NBR=0
/
delete from KSEN_LUILUI_RELTN where ID='a0fa4af3-dd17-4ca2-8a57-8c6571899f76' and VER_NBR=0
/
delete from KSEN_LUI_ATTR where ID='3ff82981-0879-415e-b5d9-061ee8de39cf'
/
delete from KSEN_LUI_ATTR where ID='0536a154-870e-4c02-9218-c537201783ea'
/
delete from KSEN_LUI_IDENT where ID='79387fe2-0b25-422f-97dc-58df347c5b8e' and VER_NBR=0
/
delete from KSEN_LUI where ID='8d8a7e0d-a7df-4a32-bebc-14fa81b2ebc2' and VER_NBR=1
/
delete from KSEN_LUILUI_RELTN where ID='a070f65c-8211-4d0f-96a6-9da37a649127' and VER_NBR=0
/
delete from KSEN_LUILUI_RELTN where ID='07f8f09c-6d4d-4cd3-bf90-4739ce92ee27' and VER_NBR=0
/
delete from KSEN_LUI_ATTR where ID='e6a442a6-b86e-4084-a54f-c75936792218'
/
delete from KSEN_LUI_ATTR where ID='bead9d16-3559-4720-93ca-5624122169d0'
/
delete from KSEN_LUI_IDENT where ID='b535e1e2-89a2-4630-ab06-ba689f153ffd' and VER_NBR=0
/
delete from KSEN_LUI where ID='a37f300c-0918-4921-9d48-1fcf60156d72' and VER_NBR=1
/
delete from KSEN_LUILUI_RELTN where ID='f3092f69-7769-4581-a969-35ef08440cbb' and VER_NBR=0
/
delete from KSEN_LUILUI_RELTN where ID='c2d963e5-59dc-420f-8998-264e26afc0e2' and VER_NBR=0
/
delete from KSEN_LUI_ATTR where ID='454499ea-2c20-42b2-84f6-395059b19342'
/
delete from KSEN_LUI_ATTR where ID='42cdb13b-74ce-42bd-9344-84d1a8caa373'
/
delete from KSEN_LUI_IDENT where ID='20594aa3-bfb7-4fe7-b38a-ed9d953ec1e5' and VER_NBR=0
/
delete from KSEN_LUI where ID='d66a298c-8e58-4505-870e-86a5bda8fef7' and VER_NBR=1
/
delete from KSEN_LUILUI_RELTN where ID='1ba65fcc-0d60-4f2a-9e60-69f087e28aeb' and VER_NBR=0
/
delete from KSEN_LUILUI_RELTN where ID='7b14bd01-7555-4241-a02c-ec2506fe1cfd' and VER_NBR=0
/
delete from KSEN_LUI_ATTR where ID='05c029a3-546a-4b56-a35a-c0d71ac9f62e'
/
delete from KSEN_LUI_ATTR where ID='34f78b93-5a90-47f3-9c43-97f0934f7d2b'
/
delete from KSEN_LUI_IDENT where ID='70ea69fa-6b57-406b-821b-ec6e6a6a7d25' and VER_NBR=0
/
delete from KSEN_LUI where ID='1b0ab250-14c7-4d24-802c-aba60cfa8e8d' and VER_NBR=1
/
delete from KSEN_LUILUI_RELTN where ID='e763a412-6e08-4b08-b35d-846cdf8b1682' and VER_NBR=0
/
delete from KSEN_LUILUI_RELTN where ID='3782ee9b-2581-4247-8b59-5a602f4b9fea' and VER_NBR=0
/
delete from KSEN_LUI_ATTR where ID='7c101d74-b74c-47c6-8aef-38b862067923'
/
delete from KSEN_LUI_ATTR where ID='27c2241c-c614-4382-9878-b3058c21fb2f'
/
delete from KSEN_LUI_IDENT where ID='d2e00a4a-e3c2-4677-8fe3-5080358088fd' and VER_NBR=0
/
delete from KSEN_LUI where ID='21a4729a-a0bf-490f-bf51-4cfb3908a48a' and VER_NBR=1
/
delete from KSEN_LUILUI_RELTN where ID='213eb228-0cc4-4d30-bd39-6025025bec4d' and VER_NBR=0
/
delete from KSEN_LUILUI_RELTN where ID='02b50e6e-88f6-4b85-87f1-b4798526bade' and VER_NBR=0
/
delete from KSEN_LUI_ATTR where ID='921f9289-6eb9-4eb0-865a-259af825b763'
/
delete from KSEN_LUI_ATTR where ID='5301d7cd-f3e2-4c33-b680-702b353b0679'
/
delete from KSEN_LUI_IDENT where ID='014ecbd9-d9bc-4e6a-8834-b8e20d450ef3' and VER_NBR=0
/
delete from KSEN_LUI where ID='a2feb25c-dfc7-4f47-9be8-6a606ce4e165' and VER_NBR=1
/
delete from KSEN_LUILUI_RELTN where ID='23ef4048-02c5-4e64-9274-6d5264e39489' and VER_NBR=0
/
delete from KSEN_LUILUI_RELTN where ID='48c91e79-ca67-4c6c-80fa-9db4149385f3' and VER_NBR=0
/
delete from KSEN_LUI_ATTR where ID='f34fc235-df6b-4b69-a7fc-136ff86d50db'
/
delete from KSEN_LUI_ATTR where ID='7fb8ca0b-1489-4103-b713-4d9ce42f309a'
/
delete from KSEN_LUI_IDENT where ID='0b479c03-53de-4d64-8975-03e558e7c43c' and VER_NBR=0
/
delete from KSEN_LUI where ID='7af9014a-5db0-45c1-a9f2-09ffeb5968a8' and VER_NBR=1
/
delete from KSEN_LUILUI_RELTN where ID='2888c17b-fefe-4c73-89cc-3704766df2bb' and VER_NBR=0
/
delete from KSEN_LUILUI_RELTN where ID='7140bf59-9520-466a-8c97-a3d0df2a4700' and VER_NBR=0
/
delete from KSEN_LUI_ATTR where ID='9b32b9d1-d6e4-4005-b811-0871b95d8513'
/
delete from KSEN_LUI_ATTR where ID='2ed6c061-3807-4944-b915-486935bdd7b5'
/
delete from KSEN_LUI_IDENT where ID='5a0e1fed-61f8-4f5c-ac38-8c5e9bb31b8c' and VER_NBR=0
/
delete from KSEN_LUI where ID='629250ed-b5f7-4c6a-bf90-240a742f6f3b' and VER_NBR=1
/
delete from KSEN_LUILUI_RELTN where ID='ea93fdd0-5087-4089-878f-7b35922c28a0' and VER_NBR=0
/
delete from KSEN_LUILUI_RELTN where ID='8d13d572-b1fa-4df6-be1c-4b6ea8893fc9' and VER_NBR=0
/
delete from KSEN_LUI_ATTR where ID='07d5b248-2a05-4b06-ae3f-187e14803463'
/
delete from KSEN_LUI_ATTR where ID='85e218e9-78cf-41e5-83df-7dd73194e667'
/
delete from KSEN_LUI_IDENT where ID='60f95ba8-513f-40de-a7af-f31739f619ac' and VER_NBR=0
/
delete from KSEN_LUI where ID='061db61a-f36c-4a1c-adf5-a84213edea9b' and VER_NBR=1
/
delete from KSEN_LUILUI_RELTN where ID='c0678d53-cd6f-414f-9eb3-11b9b86fad41' and VER_NBR=0
/
delete from KSEN_LUILUI_RELTN where ID='36d36d69-7c96-4eca-9151-3f95e2414fb6' and VER_NBR=0
/
delete from KSEN_LUI_ATTR where ID='6fabb99f-69fa-4235-abba-eccdcd2ae521'
/
delete from KSEN_LUI_ATTR where ID='e96db5e7-053a-4ced-bc4a-903ca4e4aaa0'
/
delete from KSEN_LUI_IDENT where ID='19f3bcd8-ad56-4802-ab3f-5ff18294ccc7' and VER_NBR=0
/
delete from KSEN_LUI where ID='3cb65273-070a-4b37-8f57-caa242151da8' and VER_NBR=1
/
delete from KSEN_LUILUI_RELTN where ID='d41a25a5-ffae-4f11-8fc4-2865a8b9bc7b' and VER_NBR=0
/
delete from KSEN_LUILUI_RELTN where ID='1db369d7-b69f-4169-a8fb-1d6887138f79' and VER_NBR=0
/
delete from KSEN_LUI_ATTR where ID='5fdfcef0-2b88-42c6-8ad0-9840034c5ae2'
/
delete from KSEN_LUI_ATTR where ID='051b2a41-c619-482c-9452-c9473427c5cd'
/
delete from KSEN_LUI_IDENT where ID='6107263e-c4c8-4e9f-ad10-7ceb7ca2aede' and VER_NBR=0
/
delete from KSEN_LUI where ID='ec7cfef2-87c7-4826-8ee2-4cbee93d3305' and VER_NBR=1
/
delete from KSEN_LUILUI_RELTN where ID='5853cf8f-cb0f-43e4-89bc-e7296fb964b2' and VER_NBR=0
/
delete from KSEN_LUILUI_RELTN where ID='a541cb73-6133-4350-84dc-9f34e6049361' and VER_NBR=0
/
delete from KSEN_LUI_ATTR where ID='122c4d81-b879-484f-9d95-eb588c7c4be5'
/
delete from KSEN_LUI_ATTR where ID='026593ae-26b9-4596-a779-e7d97ee12a2b'
/
delete from KSEN_LUI_IDENT where ID='b7787f15-9a78-44b0-b7e2-e1e9a83df1e0' and VER_NBR=0
/
delete from KSEN_LUI where ID='683839b7-818a-42b0-84b8-109d6a8eb9ea' and VER_NBR=1
/
delete from KSEN_LUILUI_RELTN where ID='d0429c39-7f20-47e4-a72a-f500ee089f18' and VER_NBR=0
/
delete from KSEN_LUILUI_RELTN where ID='2b67b9ef-3cd6-43bc-bca3-0164d0da1261' and VER_NBR=0
/
delete from KSEN_LUI_ATTR where ID='8db14b36-1508-418f-9da2-84684112f936'
/
delete from KSEN_LUI_ATTR where ID='f5ec8cac-8aad-4bd4-9409-304566cb4e27'
/
delete from KSEN_LUI_IDENT where ID='2fd9d573-fd0a-471a-8b93-67bcefdccd13' and VER_NBR=0
/
delete from KSEN_LUI where ID='d77ddf61-c634-4be5-9245-cd9d98d3507c' and VER_NBR=1
/
delete from KSEN_LUILUI_RELTN where ID='d586636f-f73b-4faf-a43c-be6267da6c32' and VER_NBR=0
/
delete from KSEN_LUILUI_RELTN where ID='7226ed95-bfe5-45df-a34a-f02df12af0e0' and VER_NBR=0
/
delete from KSEN_LUI_ATTR where ID='02dfdfd8-d632-4141-87ac-e9759e8ddcbd'
/
delete from KSEN_LUI_ATTR where ID='1e60373d-de21-430b-b5bb-3f3d854159c9'
/
delete from KSEN_LUI_IDENT where ID='99ed7f1b-df5a-41f0-9556-e5c18e243998' and VER_NBR=0
/
delete from KSEN_LUI where ID='9628df09-b1a2-44d2-ad8f-18856b2ab5c5' and VER_NBR=1
/
delete from KSEN_LUILUI_RELTN where ID='f0f49a6b-0612-4597-82d7-c471c48b5045' and VER_NBR=0
/
delete from KSEN_LUILUI_RELTN where ID='205b3fe2-9565-4c2c-a8fb-32caf1bbd6e3' and VER_NBR=0
/
delete from KSEN_LUI_ATTR where ID='9e207a71-cd76-48c4-a426-ee1274452517'
/
delete from KSEN_LUI_ATTR where ID='1bf28cb2-b594-4837-815f-2b85d3651dfa'
/
delete from KSEN_LUI_IDENT where ID='c307c860-a4ab-4976-a770-1bc1310903b4' and VER_NBR=0
/
delete from KSEN_LUI where ID='c0ca1ce4-a8f7-46d1-8963-2b1465e87cb8' and VER_NBR=1
/
delete from KSEN_LUILUI_RELTN where ID='023a05e0-f885-42ac-b2c2-02511c475c59' and VER_NBR=0
/
delete from KSEN_LUILUI_RELTN where ID='027977e5-3001-41cf-b466-4c203da0386f' and VER_NBR=0
/
delete from KSEN_LUI_ATTR where ID='bd610ec7-6866-4af9-80df-967cb5f5b49b'
/
delete from KSEN_LUI_ATTR where ID='318c97f7-071d-4ab1-b8c3-f36addec94ee'
/
delete from KSEN_LUI_IDENT where ID='fff42739-9c77-440c-9a44-62718ca62b74' and VER_NBR=0
/
delete from KSEN_LUI where ID='3e08b73b-1539-404e-a741-3392e763b999' and VER_NBR=1
/
insert into KSEN_LUI_ATTR (OBJ_ID, ATTR_KEY, OWNER_ID, ATTR_VALUE, ID) values ('49f95aca-79da-4abe-91f5-af3d02475568', 'regCodePrefix', '95329a72-d6c9-48b9-ba69-749c562248ea', '1', 'bcc87724-b83c-494c-ae5f-874d28bbd745')
/
delete from KSEN_LUI_RELATED_LUI_TYPES where LUI_ID='95329a72-d6c9-48b9-ba69-749c562248ea'
/
insert into KSEN_LUI_RELATED_LUI_TYPES (LUI_ID, RELATED_LUI_TYPE) values ('95329a72-d6c9-48b9-ba69-749c562248ea', 'kuali.lui.type.activity.offering.lab')
/
insert into KSEN_LUI_RELATED_LUI_TYPES (LUI_ID, RELATED_LUI_TYPE) values ('95329a72-d6c9-48b9-ba69-749c562248ea', 'kuali.lui.type.activity.offering.lecture')
/
insert into KSEN_LUI (OBJ_ID, VER_NBR, CREATEID, CREATETIME, UPDATEID, UPDATETIME, ATP_ID, CLU_ID, EFF_DT, EXPIR_DT, DESCR_FORMATTED, LUI_STATE, LUI_TYPE, MAX_SEATS, MIN_SEATS, NAME, DESCR_PLAIN, REF_URL, ID) values ('0e3ee399-9f03-48c1-80e2-b2cf0285081d', 0, 'admin', TIMESTAMP '2013-10-28 09:49:03.482', 'admin', TIMESTAMP '2013-10-28 09:49:03.482', 'kuali.atp.2013Spring', 'd925e275-370d-4d98-bbec-96fe2459a200', '', '', '1001', 'kuali.lui.registration.group.state.pending', 'kuali.lui.type.registration.group', '', '', '1001', '1001', '', '6607e173-9470-4226-940f-c238762bd5d1')
/
insert into KSEN_LUI_ATTR (OBJ_ID, ATTR_KEY, OWNER_ID, ATTR_VALUE, ID) values ('24d79ea3-5b29-4689-b41f-d6e2d0e918a2', 'kuali.attribute.registration.group.is.generated', '6607e173-9470-4226-940f-c238762bd5d1', '1', 'f3ae9c4b-15e1-4dba-8c32-36254b5a8b10')
/
insert into KSEN_LUI_ATTR (OBJ_ID, ATTR_KEY, OWNER_ID, ATTR_VALUE, ID) values ('d16ec404-0350-42ea-a6ff-82faa53e171b', 'kuali.attribute.registration.group.aocluster.id', '6607e173-9470-4226-940f-c238762bd5d1', '1f1e819a-d2c0-435e-b186-a04568c640c1', '1c5c8988-8f19-48a9-a5ad-b78852400791')
/
insert into KSEN_LUI_IDENT (OBJ_ID, VER_NBR, CREATEID, CREATETIME, UPDATEID, UPDATETIME, LUI_CD, DIVISION, IDENT_LEVEL, LNG_NAME, LUI_ID, ORGID, SHRT_NAME, LUI_ID_STATE, SUFX_CD, LUI_ID_TYPE, VARTN, ID) values ('e5569e70-b95f-4f44-aef7-e9064702d5a6', 0, 'admin', TIMESTAMP '2013-10-28 09:49:03.482', 'admin', TIMESTAMP '2013-10-28 09:49:03.482', '', '', '', '', '6607e173-9470-4226-940f-c238762bd5d1', '', '', 'kuali.lui.identifier.state.active', '', 'kuali.lui.identifier.type.official', '', 'fd665e55-9c16-47fe-a2d6-57b7867119c5')
/
insert into KSEN_LUILUI_RELTN (OBJ_ID, VER_NBR, CREATEID, CREATETIME, UPDATEID, UPDATETIME, EFF_DT, EXPIR_DT, DESCR_FORMATTED, LUI_ID, LUILUI_RELTN_STATE, LUILUI_RELTN_TYPE, NAME, DESCR_PLAIN, RELATED_LUI_ID, ID) values ('da5510e8-ca9c-4bb9-b478-968c0a29e7e2', 0, 'admin', TIMESTAMP '2013-10-28 09:49:03.482', 'admin', TIMESTAMP '2013-10-28 09:49:03.482', TIMESTAMP '2013-10-28 09:49:09.162', '', 'CHEM242-FO-RG', '95329a72-d6c9-48b9-ba69-749c562248ea', 'kuali.lui.lui.relation.state.active', 'kuali.lui.lui.relation.type.deliveredvia.fo2rg', 'fo-rg-relation', 'CHEM242-FO-RG', '6607e173-9470-4226-940f-c238762bd5d1', '3653a1de-a107-478a-9dbb-c4947ff91d5e')
/
insert into KSEN_LUILUI_RELTN (OBJ_ID, VER_NBR, CREATEID, CREATETIME, UPDATEID, UPDATETIME, EFF_DT, EXPIR_DT, DESCR_FORMATTED, LUI_ID, LUILUI_RELTN_STATE, LUILUI_RELTN_TYPE, NAME, DESCR_PLAIN, RELATED_LUI_ID, ID) values ('b3f4cbc6-eed3-4ce8-b9c4-e2327d85c816', 0, 'admin', TIMESTAMP '2013-10-28 09:49:03.482', 'admin', TIMESTAMP '2013-10-28 09:49:03.482', TIMESTAMP '2013-10-28 09:49:09.163', '', 'CHEM242-RG-AO', '6607e173-9470-4226-940f-c238762bd5d1', 'kuali.lui.lui.relation.state.active', 'kuali.lui.lui.relation.type.registeredforvia.rg2ao', 'rg-ao-relation', 'CHEM242-RG-AO', 'c042b274-f70c-47dd-85c4-2461519173b5', '590a8eac-7800-4236-bc73-d3d49c3f4646')
/
insert into KSEN_LUILUI_RELTN (OBJ_ID, VER_NBR, CREATEID, CREATETIME, UPDATEID, UPDATETIME, EFF_DT, EXPIR_DT, DESCR_FORMATTED, LUI_ID, LUILUI_RELTN_STATE, LUILUI_RELTN_TYPE, NAME, DESCR_PLAIN, RELATED_LUI_ID, ID) values ('cc3c8d60-bd94-4edc-a292-965aa2f8061e', 0, 'admin', TIMESTAMP '2013-10-28 09:49:03.482', 'admin', TIMESTAMP '2013-10-28 09:49:03.482', TIMESTAMP '2013-10-28 09:49:09.163', '', 'CHEM242-RG-AO', '6607e173-9470-4226-940f-c238762bd5d1', 'kuali.lui.lui.relation.state.active', 'kuali.lui.lui.relation.type.registeredforvia.rg2ao', 'rg-ao-relation', 'CHEM242-RG-AO', '8572d725-cf47-4763-b00e-71db7f9c10ff', '859e0dd7-1edd-4b8f-92e3-2c0fcda5a799')
/
insert into KSEN_LUI (OBJ_ID, VER_NBR, CREATEID, CREATETIME, UPDATEID, UPDATETIME, ATP_ID, CLU_ID, EFF_DT, EXPIR_DT, DESCR_FORMATTED, LUI_STATE, LUI_TYPE, MAX_SEATS, MIN_SEATS, NAME, DESCR_PLAIN, REF_URL, ID) values ('1c032e9d-71a1-45d4-9de4-19c5b7c56b12', 0, 'admin', TIMESTAMP '2013-10-28 09:49:03.482', 'admin', TIMESTAMP '2013-10-28 09:49:03.482', 'kuali.atp.2013Spring', 'd925e275-370d-4d98-bbec-96fe2459a200', '', '', '1002', 'kuali.lui.registration.group.state.pending', 'kuali.lui.type.registration.group', '', '', '1002', '1002', '', '4382e35a-7437-4dc9-924d-c8d5dbd26d25')
/
insert into KSEN_LUI_ATTR (OBJ_ID, ATTR_KEY, OWNER_ID, ATTR_VALUE, ID) values ('c1df21ac-6642-4375-9b60-18b2b74703e2', 'kuali.attribute.registration.group.is.generated', '4382e35a-7437-4dc9-924d-c8d5dbd26d25', '1', '21ef3b24-5ed0-49a4-8cca-10911b161045')
/
insert into KSEN_LUI_ATTR (OBJ_ID, ATTR_KEY, OWNER_ID, ATTR_VALUE, ID) values ('a998c7c5-f7e1-463b-baaf-541847f61cf4', 'kuali.attribute.registration.group.aocluster.id', '4382e35a-7437-4dc9-924d-c8d5dbd26d25', '1f1e819a-d2c0-435e-b186-a04568c640c1', '2dd51080-611f-42bd-95f0-f2d44601bceb')
/
insert into KSEN_LUI_IDENT (OBJ_ID, VER_NBR, CREATEID, CREATETIME, UPDATEID, UPDATETIME, LUI_CD, DIVISION, IDENT_LEVEL, LNG_NAME, LUI_ID, ORGID, SHRT_NAME, LUI_ID_STATE, SUFX_CD, LUI_ID_TYPE, VARTN, ID) values ('aa99f438-f53a-4526-93f7-33b89faf2764', 0, 'admin', TIMESTAMP '2013-10-28 09:49:03.482', 'admin', TIMESTAMP '2013-10-28 09:49:03.482', '', '', '', '', '4382e35a-7437-4dc9-924d-c8d5dbd26d25', '', '', 'kuali.lui.identifier.state.active', '', 'kuali.lui.identifier.type.official', '', 'f8d1604c-25f1-4a72-afac-ccc34a6a3179')
/
insert into KSEN_LUILUI_RELTN (OBJ_ID, VER_NBR, CREATEID, CREATETIME, UPDATEID, UPDATETIME, EFF_DT, EXPIR_DT, DESCR_FORMATTED, LUI_ID, LUILUI_RELTN_STATE, LUILUI_RELTN_TYPE, NAME, DESCR_PLAIN, RELATED_LUI_ID, ID) values ('df2ea356-6341-4ff3-bb61-7fafa54b41e5', 0, 'admin', TIMESTAMP '2013-10-28 09:49:03.482', 'admin', TIMESTAMP '2013-10-28 09:49:03.482', TIMESTAMP '2013-10-28 09:49:09.53', '', 'CHEM242-FO-RG', '95329a72-d6c9-48b9-ba69-749c562248ea', 'kuali.lui.lui.relation.state.active', 'kuali.lui.lui.relation.type.deliveredvia.fo2rg', 'fo-rg-relation', 'CHEM242-FO-RG', '4382e35a-7437-4dc9-924d-c8d5dbd26d25', '819de1e8-31c7-46ff-989e-2b81bd507a0a')
/
insert into KSEN_LUILUI_RELTN (OBJ_ID, VER_NBR, CREATEID, CREATETIME, UPDATEID, UPDATETIME, EFF_DT, EXPIR_DT, DESCR_FORMATTED, LUI_ID, LUILUI_RELTN_STATE, LUILUI_RELTN_TYPE, NAME, DESCR_PLAIN, RELATED_LUI_ID, ID) values ('eb4677f1-496d-482d-9d4c-0559fb155b71', 0, 'admin', TIMESTAMP '2013-10-28 09:49:03.482', 'admin', TIMESTAMP '2013-10-28 09:49:03.482', TIMESTAMP '2013-10-28 09:49:09.53', '', 'CHEM242-RG-AO', '4382e35a-7437-4dc9-924d-c8d5dbd26d25', 'kuali.lui.lui.relation.state.active', 'kuali.lui.lui.relation.type.registeredforvia.rg2ao', 'rg-ao-relation', 'CHEM242-RG-AO', '00b4ea26-8e2d-480c-aefa-654a9b034c90', 'd10103b5-83b2-4705-93f0-466d0087d10c')
/
insert into KSEN_LUILUI_RELTN (OBJ_ID, VER_NBR, CREATEID, CREATETIME, UPDATEID, UPDATETIME, EFF_DT, EXPIR_DT, DESCR_FORMATTED, LUI_ID, LUILUI_RELTN_STATE, LUILUI_RELTN_TYPE, NAME, DESCR_PLAIN, RELATED_LUI_ID, ID) values ('024b94e0-5dc6-41ff-96cc-ce998ccb982a', 0, 'admin', TIMESTAMP '2013-10-28 09:49:03.482', 'admin', TIMESTAMP '2013-10-28 09:49:03.482', TIMESTAMP '2013-10-28 09:49:09.531', '', 'CHEM242-RG-AO', '4382e35a-7437-4dc9-924d-c8d5dbd26d25', 'kuali.lui.lui.relation.state.active', 'kuali.lui.lui.relation.type.registeredforvia.rg2ao', 'rg-ao-relation', 'CHEM242-RG-AO', '8572d725-cf47-4763-b00e-71db7f9c10ff', 'b629698a-f993-4201-9346-9f9d56710583')
/
insert into KSEN_LUI (OBJ_ID, VER_NBR, CREATEID, CREATETIME, UPDATEID, UPDATETIME, ATP_ID, CLU_ID, EFF_DT, EXPIR_DT, DESCR_FORMATTED, LUI_STATE, LUI_TYPE, MAX_SEATS, MIN_SEATS, NAME, DESCR_PLAIN, REF_URL, ID) values ('661e5fcb-7586-41a1-8d54-25a94115fc79', 0, 'admin', TIMESTAMP '2013-10-28 09:49:03.482', 'admin', TIMESTAMP '2013-10-28 09:49:03.482', 'kuali.atp.2013Spring', 'd925e275-370d-4d98-bbec-96fe2459a200', '', '', '1003', 'kuali.lui.registration.group.state.pending', 'kuali.lui.type.registration.group', '', '', '1003', '1003', '', '490a63cf-9594-417b-94ce-bb32f409528f')
/
insert into KSEN_LUI_ATTR (OBJ_ID, ATTR_KEY, OWNER_ID, ATTR_VALUE, ID) values ('ed25ecd7-b8c5-483e-a724-b5c5399e361e', 'kuali.attribute.registration.group.aocluster.id', '490a63cf-9594-417b-94ce-bb32f409528f', '1f1e819a-d2c0-435e-b186-a04568c640c1', '613a7f13-3113-4cc9-84c7-52d3641f1fec')
/
insert into KSEN_LUI_ATTR (OBJ_ID, ATTR_KEY, OWNER_ID, ATTR_VALUE, ID) values ('41d2d73a-0cf9-4803-9195-e9da1a6d0518', 'kuali.attribute.registration.group.is.generated', '490a63cf-9594-417b-94ce-bb32f409528f', '1', '88185c8a-b882-4c7f-bd71-fdb8c8483993')
/
insert into KSEN_LUI_IDENT (OBJ_ID, VER_NBR, CREATEID, CREATETIME, UPDATEID, UPDATETIME, LUI_CD, DIVISION, IDENT_LEVEL, LNG_NAME, LUI_ID, ORGID, SHRT_NAME, LUI_ID_STATE, SUFX_CD, LUI_ID_TYPE, VARTN, ID) values ('690917c8-4bec-4c5c-a6bd-4f31d85579f6', 0, 'admin', TIMESTAMP '2013-10-28 09:49:03.482', 'admin', TIMESTAMP '2013-10-28 09:49:03.482', '', '', '', '', '490a63cf-9594-417b-94ce-bb32f409528f', '', '', 'kuali.lui.identifier.state.active', '', 'kuali.lui.identifier.type.official', '', '7e42d2bc-f46e-467c-a246-26ac9465e12e')
/
insert into KSEN_LUILUI_RELTN (OBJ_ID, VER_NBR, CREATEID, CREATETIME, UPDATEID, UPDATETIME, EFF_DT, EXPIR_DT, DESCR_FORMATTED, LUI_ID, LUILUI_RELTN_STATE, LUILUI_RELTN_TYPE, NAME, DESCR_PLAIN, RELATED_LUI_ID, ID) values ('aad4c7ba-efc7-4707-bda6-86340cda75a7', 0, 'admin', TIMESTAMP '2013-10-28 09:49:03.482', 'admin', TIMESTAMP '2013-10-28 09:49:03.482', TIMESTAMP '2013-10-28 09:49:09.99', '', 'CHEM242-FO-RG', '95329a72-d6c9-48b9-ba69-749c562248ea', 'kuali.lui.lui.relation.state.active', 'kuali.lui.lui.relation.type.deliveredvia.fo2rg', 'fo-rg-relation', 'CHEM242-FO-RG', '490a63cf-9594-417b-94ce-bb32f409528f', '596280a7-bf51-43a4-a68e-023416d0042a')
/
insert into KSEN_LUILUI_RELTN (OBJ_ID, VER_NBR, CREATEID, CREATETIME, UPDATEID, UPDATETIME, EFF_DT, EXPIR_DT, DESCR_FORMATTED, LUI_ID, LUILUI_RELTN_STATE, LUILUI_RELTN_TYPE, NAME, DESCR_PLAIN, RELATED_LUI_ID, ID) values ('53ff0107-0e6a-444e-8b2e-e218f6560818', 0, 'admin', TIMESTAMP '2013-10-28 09:49:03.482', 'admin', TIMESTAMP '2013-10-28 09:49:03.482', TIMESTAMP '2013-10-28 09:49:09.991', '', 'CHEM242-RG-AO', '490a63cf-9594-417b-94ce-bb32f409528f', 'kuali.lui.lui.relation.state.active', 'kuali.lui.lui.relation.type.registeredforvia.rg2ao', 'rg-ao-relation', 'CHEM242-RG-AO', '6a2935a4-50ec-4831-ac25-98c26520233c', '40a4c2f8-3e48-4dcc-864f-e3d1469dbd13')
/
insert into KSEN_LUILUI_RELTN (OBJ_ID, VER_NBR, CREATEID, CREATETIME, UPDATEID, UPDATETIME, EFF_DT, EXPIR_DT, DESCR_FORMATTED, LUI_ID, LUILUI_RELTN_STATE, LUILUI_RELTN_TYPE, NAME, DESCR_PLAIN, RELATED_LUI_ID, ID) values ('24196ea2-7b65-42b4-a632-02f20a3141e3', 0, 'admin', TIMESTAMP '2013-10-28 09:49:03.482', 'admin', TIMESTAMP '2013-10-28 09:49:03.482', TIMESTAMP '2013-10-28 09:49:09.991', '', 'CHEM242-RG-AO', '490a63cf-9594-417b-94ce-bb32f409528f', 'kuali.lui.lui.relation.state.active', 'kuali.lui.lui.relation.type.registeredforvia.rg2ao', 'rg-ao-relation', 'CHEM242-RG-AO', '8572d725-cf47-4763-b00e-71db7f9c10ff', 'f2fd5374-9404-4d96-a983-c1a37643c4ec')
/
insert into KSEN_LUI (OBJ_ID, VER_NBR, CREATEID, CREATETIME, UPDATEID, UPDATETIME, ATP_ID, CLU_ID, EFF_DT, EXPIR_DT, DESCR_FORMATTED, LUI_STATE, LUI_TYPE, MAX_SEATS, MIN_SEATS, NAME, DESCR_PLAIN, REF_URL, ID) values ('64c3cb8c-7bbb-4354-bae3-eb42f7a9116b', 0, 'admin', TIMESTAMP '2013-10-28 09:49:03.482', 'admin', TIMESTAMP '2013-10-28 09:49:03.482', 'kuali.atp.2013Spring', 'd925e275-370d-4d98-bbec-96fe2459a200', '', '', '1004', 'kuali.lui.registration.group.state.pending', 'kuali.lui.type.registration.group', '', '', '1004', '1004', '', '531ed752-1787-47d6-b546-b0bde5a08446')
/
insert into KSEN_LUI_ATTR (OBJ_ID, ATTR_KEY, OWNER_ID, ATTR_VALUE, ID) values ('5c8c2c13-e0e9-4dbc-87d8-076752015a16', 'kuali.attribute.registration.group.is.generated', '531ed752-1787-47d6-b546-b0bde5a08446', '1', 'ab91fdce-8123-468c-8f1d-cdd759d6b66b')
/
insert into KSEN_LUI_ATTR (OBJ_ID, ATTR_KEY, OWNER_ID, ATTR_VALUE, ID) values ('1da3fd37-8607-4a5a-824a-8f7d0c1bece3', 'kuali.attribute.registration.group.aocluster.id', '531ed752-1787-47d6-b546-b0bde5a08446', '1f1e819a-d2c0-435e-b186-a04568c640c1', '345e5c3c-1c11-4636-9fd0-ce8b37f16ab5')
/
insert into KSEN_LUI_IDENT (OBJ_ID, VER_NBR, CREATEID, CREATETIME, UPDATEID, UPDATETIME, LUI_CD, DIVISION, IDENT_LEVEL, LNG_NAME, LUI_ID, ORGID, SHRT_NAME, LUI_ID_STATE, SUFX_CD, LUI_ID_TYPE, VARTN, ID) values ('3692476d-da87-4b13-b62b-bd8798d7634d', 0, 'admin', TIMESTAMP '2013-10-28 09:49:03.482', 'admin', TIMESTAMP '2013-10-28 09:49:03.482', '', '', '', '', '531ed752-1787-47d6-b546-b0bde5a08446', '', '', 'kuali.lui.identifier.state.active', '', 'kuali.lui.identifier.type.official', '', '4373bcb3-bfc1-4920-9abb-4ae773ae55f5')
/
insert into KSEN_LUILUI_RELTN (OBJ_ID, VER_NBR, CREATEID, CREATETIME, UPDATEID, UPDATETIME, EFF_DT, EXPIR_DT, DESCR_FORMATTED, LUI_ID, LUILUI_RELTN_STATE, LUILUI_RELTN_TYPE, NAME, DESCR_PLAIN, RELATED_LUI_ID, ID) values ('7b552f66-b3a2-4543-ab59-c1defe6742f9', 0, 'admin', TIMESTAMP '2013-10-28 09:49:03.482', 'admin', TIMESTAMP '2013-10-28 09:49:03.482', TIMESTAMP '2013-10-28 09:49:10.736', '', 'CHEM242-FO-RG', '95329a72-d6c9-48b9-ba69-749c562248ea', 'kuali.lui.lui.relation.state.active', 'kuali.lui.lui.relation.type.deliveredvia.fo2rg', 'fo-rg-relation', 'CHEM242-FO-RG', '531ed752-1787-47d6-b546-b0bde5a08446', '70ec15c8-1b3e-4255-b5a5-14b8a32cf580')
/
insert into KSEN_LUILUI_RELTN (OBJ_ID, VER_NBR, CREATEID, CREATETIME, UPDATEID, UPDATETIME, EFF_DT, EXPIR_DT, DESCR_FORMATTED, LUI_ID, LUILUI_RELTN_STATE, LUILUI_RELTN_TYPE, NAME, DESCR_PLAIN, RELATED_LUI_ID, ID) values ('c3e733f0-e25a-41dc-9e7a-36e7d7fd4dc1', 0, 'admin', TIMESTAMP '2013-10-28 09:49:03.482', 'admin', TIMESTAMP '2013-10-28 09:49:03.482', TIMESTAMP '2013-10-28 09:49:10.736', '', 'CHEM242-RG-AO', '531ed752-1787-47d6-b546-b0bde5a08446', 'kuali.lui.lui.relation.state.active', 'kuali.lui.lui.relation.type.registeredforvia.rg2ao', 'rg-ao-relation', 'CHEM242-RG-AO', '549bb5b5-9fcd-4cc1-b005-72abbdcfe8b5', '3f474ce1-0bb7-4f15-a2a4-c24b88854488')
/
insert into KSEN_LUILUI_RELTN (OBJ_ID, VER_NBR, CREATEID, CREATETIME, UPDATEID, UPDATETIME, EFF_DT, EXPIR_DT, DESCR_FORMATTED, LUI_ID, LUILUI_RELTN_STATE, LUILUI_RELTN_TYPE, NAME, DESCR_PLAIN, RELATED_LUI_ID, ID) values ('9ece31ba-a311-4de6-aa7f-7068d94ffd36', 0, 'admin', TIMESTAMP '2013-10-28 09:49:03.482', 'admin', TIMESTAMP '2013-10-28 09:49:03.482', TIMESTAMP '2013-10-28 09:49:10.737', '', 'CHEM242-RG-AO', '531ed752-1787-47d6-b546-b0bde5a08446', 'kuali.lui.lui.relation.state.active', 'kuali.lui.lui.relation.type.registeredforvia.rg2ao', 'rg-ao-relation', 'CHEM242-RG-AO', '8572d725-cf47-4763-b00e-71db7f9c10ff', '0b7ebe45-4329-49d6-81a5-63e65e1780ce')
/
insert into KSEN_LUI (OBJ_ID, VER_NBR, CREATEID, CREATETIME, UPDATEID, UPDATETIME, ATP_ID, CLU_ID, EFF_DT, EXPIR_DT, DESCR_FORMATTED, LUI_STATE, LUI_TYPE, MAX_SEATS, MIN_SEATS, NAME, DESCR_PLAIN, REF_URL, ID) values ('2894ab6e-ca9a-45c0-a493-04297685b158', 0, 'admin', TIMESTAMP '2013-10-28 09:49:03.482', 'admin', TIMESTAMP '2013-10-28 09:49:03.482', 'kuali.atp.2013Spring', 'd925e275-370d-4d98-bbec-96fe2459a200', '', '', '1005', 'kuali.lui.registration.group.state.pending', 'kuali.lui.type.registration.group', '', '', '1005', '1005', '', 'd7a18dc2-40ab-4b12-9157-529a2dc30cb8')
/
insert into KSEN_LUI_ATTR (OBJ_ID, ATTR_KEY, OWNER_ID, ATTR_VALUE, ID) values ('45b8c9c6-a3e8-4f93-b013-f1245b82e658', 'kuali.attribute.registration.group.aocluster.id', 'd7a18dc2-40ab-4b12-9157-529a2dc30cb8', '1f1e819a-d2c0-435e-b186-a04568c640c1', '3da67f74-1705-4ab1-bcdd-8b2e734cf44f')
/
insert into KSEN_LUI_ATTR (OBJ_ID, ATTR_KEY, OWNER_ID, ATTR_VALUE, ID) values ('1262bd3e-faf4-4194-b390-726f6ab9ddb5', 'kuali.attribute.registration.group.is.generated', 'd7a18dc2-40ab-4b12-9157-529a2dc30cb8', '1', 'd479eaa2-6cd5-461f-9cec-191095e9d688')
/
insert into KSEN_LUI_IDENT (OBJ_ID, VER_NBR, CREATEID, CREATETIME, UPDATEID, UPDATETIME, LUI_CD, DIVISION, IDENT_LEVEL, LNG_NAME, LUI_ID, ORGID, SHRT_NAME, LUI_ID_STATE, SUFX_CD, LUI_ID_TYPE, VARTN, ID) values ('23a57ccb-5173-4c5a-8aa2-717bf96804be', 0, 'admin', TIMESTAMP '2013-10-28 09:49:03.482', 'admin', TIMESTAMP '2013-10-28 09:49:03.482', '', '', '', '', 'd7a18dc2-40ab-4b12-9157-529a2dc30cb8', '', '', 'kuali.lui.identifier.state.active', '', 'kuali.lui.identifier.type.official', '', '8dab026c-b1ae-433a-9019-e7d2d7c9a0cc')
/
insert into KSEN_LUILUI_RELTN (OBJ_ID, VER_NBR, CREATEID, CREATETIME, UPDATEID, UPDATETIME, EFF_DT, EXPIR_DT, DESCR_FORMATTED, LUI_ID, LUILUI_RELTN_STATE, LUILUI_RELTN_TYPE, NAME, DESCR_PLAIN, RELATED_LUI_ID, ID) values ('1e8019e0-3f24-45fc-8298-dd18be0aa2fa', 0, 'admin', TIMESTAMP '2013-10-28 09:49:03.482', 'admin', TIMESTAMP '2013-10-28 09:49:03.482', TIMESTAMP '2013-10-28 09:49:11.18', '', 'CHEM242-FO-RG', '95329a72-d6c9-48b9-ba69-749c562248ea', 'kuali.lui.lui.relation.state.active', 'kuali.lui.lui.relation.type.deliveredvia.fo2rg', 'fo-rg-relation', 'CHEM242-FO-RG', 'd7a18dc2-40ab-4b12-9157-529a2dc30cb8', '3d449b9f-4164-4e86-8368-3e1a0e34db13')
/
insert into KSEN_LUILUI_RELTN (OBJ_ID, VER_NBR, CREATEID, CREATETIME, UPDATEID, UPDATETIME, EFF_DT, EXPIR_DT, DESCR_FORMATTED, LUI_ID, LUILUI_RELTN_STATE, LUILUI_RELTN_TYPE, NAME, DESCR_PLAIN, RELATED_LUI_ID, ID) values ('b7531d8e-dfb5-446f-a1b9-6f6589a7006e', 0, 'admin', TIMESTAMP '2013-10-28 09:49:03.482', 'admin', TIMESTAMP '2013-10-28 09:49:03.482', TIMESTAMP '2013-10-28 09:49:11.181', '', 'CHEM242-RG-AO', 'd7a18dc2-40ab-4b12-9157-529a2dc30cb8', 'kuali.lui.lui.relation.state.active', 'kuali.lui.lui.relation.type.registeredforvia.rg2ao', 'rg-ao-relation', 'CHEM242-RG-AO', '2d48ef42-cd56-462f-be96-b2ab3c17d59e', '4675349d-ba2a-4fa8-8664-cea71da94a91')
/
insert into KSEN_LUILUI_RELTN (OBJ_ID, VER_NBR, CREATEID, CREATETIME, UPDATEID, UPDATETIME, EFF_DT, EXPIR_DT, DESCR_FORMATTED, LUI_ID, LUILUI_RELTN_STATE, LUILUI_RELTN_TYPE, NAME, DESCR_PLAIN, RELATED_LUI_ID, ID) values ('8f26581c-5a47-4750-a8a7-97701f4855d2', 0, 'admin', TIMESTAMP '2013-10-28 09:49:03.482', 'admin', TIMESTAMP '2013-10-28 09:49:03.482', TIMESTAMP '2013-10-28 09:49:11.181', '', 'CHEM242-RG-AO', 'd7a18dc2-40ab-4b12-9157-529a2dc30cb8', 'kuali.lui.lui.relation.state.active', 'kuali.lui.lui.relation.type.registeredforvia.rg2ao', 'rg-ao-relation', 'CHEM242-RG-AO', '8572d725-cf47-4763-b00e-71db7f9c10ff', 'af51532e-866e-4f10-a358-16ebaae95081')
/
insert into KSEN_LUI (OBJ_ID, VER_NBR, CREATEID, CREATETIME, UPDATEID, UPDATETIME, ATP_ID, CLU_ID, EFF_DT, EXPIR_DT, DESCR_FORMATTED, LUI_STATE, LUI_TYPE, MAX_SEATS, MIN_SEATS, NAME, DESCR_PLAIN, REF_URL, ID) values ('e3e497fd-0c0c-452c-8e1a-ad507e7d522f', 0, 'admin', TIMESTAMP '2013-10-28 09:49:03.482', 'admin', TIMESTAMP '2013-10-28 09:49:03.482', 'kuali.atp.2013Spring', 'd925e275-370d-4d98-bbec-96fe2459a200', '', '', '1006', 'kuali.lui.registration.group.state.pending', 'kuali.lui.type.registration.group', '', '', '1006', '1006', '', '8d3b7da2-4a6b-4efb-b1d9-3c2dbd845bbb')
/
insert into KSEN_LUI_ATTR (OBJ_ID, ATTR_KEY, OWNER_ID, ATTR_VALUE, ID) values ('783ebabb-a3ce-4c2e-acb4-026903b26bf9', 'kuali.attribute.registration.group.aocluster.id', '8d3b7da2-4a6b-4efb-b1d9-3c2dbd845bbb', '1f1e819a-d2c0-435e-b186-a04568c640c1', '40aa7a56-a18d-4f56-bec3-027cc2a63f61')
/
insert into KSEN_LUI_ATTR (OBJ_ID, ATTR_KEY, OWNER_ID, ATTR_VALUE, ID) values ('89336fb8-c77b-4cd9-a76b-61a89df64f50', 'kuali.attribute.registration.group.is.generated', '8d3b7da2-4a6b-4efb-b1d9-3c2dbd845bbb', '1', '9f2ac5a4-8797-4169-a439-5c66df309519')
/
insert into KSEN_LUI_IDENT (OBJ_ID, VER_NBR, CREATEID, CREATETIME, UPDATEID, UPDATETIME, LUI_CD, DIVISION, IDENT_LEVEL, LNG_NAME, LUI_ID, ORGID, SHRT_NAME, LUI_ID_STATE, SUFX_CD, LUI_ID_TYPE, VARTN, ID) values ('932af338-a057-44b4-baa1-d33be4bdcd45', 0, 'admin', TIMESTAMP '2013-10-28 09:49:03.482', 'admin', TIMESTAMP '2013-10-28 09:49:03.482', '', '', '', '', '8d3b7da2-4a6b-4efb-b1d9-3c2dbd845bbb', '', '', 'kuali.lui.identifier.state.active', '', 'kuali.lui.identifier.type.official', '', '058abf79-8388-4812-94a7-7a2fb0ee6bf9')
/
insert into KSEN_LUILUI_RELTN (OBJ_ID, VER_NBR, CREATEID, CREATETIME, UPDATEID, UPDATETIME, EFF_DT, EXPIR_DT, DESCR_FORMATTED, LUI_ID, LUILUI_RELTN_STATE, LUILUI_RELTN_TYPE, NAME, DESCR_PLAIN, RELATED_LUI_ID, ID) values ('526c0381-c475-47c8-93c7-423ad5ef45e0', 0, 'admin', TIMESTAMP '2013-10-28 09:49:03.482', 'admin', TIMESTAMP '2013-10-28 09:49:03.482', TIMESTAMP '2013-10-28 09:49:11.644', '', 'CHEM242-FO-RG', '95329a72-d6c9-48b9-ba69-749c562248ea', 'kuali.lui.lui.relation.state.active', 'kuali.lui.lui.relation.type.deliveredvia.fo2rg', 'fo-rg-relation', 'CHEM242-FO-RG', '8d3b7da2-4a6b-4efb-b1d9-3c2dbd845bbb', 'e8734fff-dc9f-49e4-98c9-d44d1f29c5be')
/
insert into KSEN_LUILUI_RELTN (OBJ_ID, VER_NBR, CREATEID, CREATETIME, UPDATEID, UPDATETIME, EFF_DT, EXPIR_DT, DESCR_FORMATTED, LUI_ID, LUILUI_RELTN_STATE, LUILUI_RELTN_TYPE, NAME, DESCR_PLAIN, RELATED_LUI_ID, ID) values ('796a0dcc-b5d0-4225-9b1b-f3b9b22d505d', 0, 'admin', TIMESTAMP '2013-10-28 09:49:03.482', 'admin', TIMESTAMP '2013-10-28 09:49:03.482', TIMESTAMP '2013-10-28 09:49:11.645', '', 'CHEM242-RG-AO', '8d3b7da2-4a6b-4efb-b1d9-3c2dbd845bbb', 'kuali.lui.lui.relation.state.active', 'kuali.lui.lui.relation.type.registeredforvia.rg2ao', 'rg-ao-relation', 'CHEM242-RG-AO', '86c7f184-2577-4116-ba47-6dd3309d68b0', '5f5441d3-798b-4dfb-9d65-f4f25412de36')
/
insert into KSEN_LUILUI_RELTN (OBJ_ID, VER_NBR, CREATEID, CREATETIME, UPDATEID, UPDATETIME, EFF_DT, EXPIR_DT, DESCR_FORMATTED, LUI_ID, LUILUI_RELTN_STATE, LUILUI_RELTN_TYPE, NAME, DESCR_PLAIN, RELATED_LUI_ID, ID) values ('05c6a593-6190-4eba-8cea-2576bd0d40fb', 0, 'admin', TIMESTAMP '2013-10-28 09:49:03.482', 'admin', TIMESTAMP '2013-10-28 09:49:03.482', TIMESTAMP '2013-10-28 09:49:11.645', '', 'CHEM242-RG-AO', '8d3b7da2-4a6b-4efb-b1d9-3c2dbd845bbb', 'kuali.lui.lui.relation.state.active', 'kuali.lui.lui.relation.type.registeredforvia.rg2ao', 'rg-ao-relation', 'CHEM242-RG-AO', '8572d725-cf47-4763-b00e-71db7f9c10ff', 'a1fa46dd-4973-46f2-b955-8a70981903cd')
/
insert into KSEN_LUI (OBJ_ID, VER_NBR, CREATEID, CREATETIME, UPDATEID, UPDATETIME, ATP_ID, CLU_ID, EFF_DT, EXPIR_DT, DESCR_FORMATTED, LUI_STATE, LUI_TYPE, MAX_SEATS, MIN_SEATS, NAME, DESCR_PLAIN, REF_URL, ID) values ('39b53930-46ba-43c6-95d4-02b842f505ab', 0, 'admin', TIMESTAMP '2013-10-28 09:49:03.482', 'admin', TIMESTAMP '2013-10-28 09:49:03.482', 'kuali.atp.2013Spring', 'd925e275-370d-4d98-bbec-96fe2459a200', '', '', '1007', 'kuali.lui.registration.group.state.pending', 'kuali.lui.type.registration.group', '', '', '1007', '1007', '', '8425988e-28ea-4a87-8067-5d34df7a1903')
/
insert into KSEN_LUI_ATTR (OBJ_ID, ATTR_KEY, OWNER_ID, ATTR_VALUE, ID) values ('268b1cb7-61e5-4d14-818a-1479fac4541f', 'kuali.attribute.registration.group.aocluster.id', '8425988e-28ea-4a87-8067-5d34df7a1903', '1f1e819a-d2c0-435e-b186-a04568c640c1', '075d8174-1572-4bda-b437-32082b612ade')
/
insert into KSEN_LUI_ATTR (OBJ_ID, ATTR_KEY, OWNER_ID, ATTR_VALUE, ID) values ('99d0e924-d435-4417-90bf-4bfcc2b36e83', 'kuali.attribute.registration.group.is.generated', '8425988e-28ea-4a87-8067-5d34df7a1903', '1', '8efc53c7-67fa-4c07-8253-b348faabf8b6')
/
insert into KSEN_LUI_IDENT (OBJ_ID, VER_NBR, CREATEID, CREATETIME, UPDATEID, UPDATETIME, LUI_CD, DIVISION, IDENT_LEVEL, LNG_NAME, LUI_ID, ORGID, SHRT_NAME, LUI_ID_STATE, SUFX_CD, LUI_ID_TYPE, VARTN, ID) values ('642a4993-2cfb-4152-87a8-a28f4309ef66', 0, 'admin', TIMESTAMP '2013-10-28 09:49:03.482', 'admin', TIMESTAMP '2013-10-28 09:49:03.482', '', '', '', '', '8425988e-28ea-4a87-8067-5d34df7a1903', '', '', 'kuali.lui.identifier.state.active', '', 'kuali.lui.identifier.type.official', '', '3c2d45f2-e938-4f1f-bf4a-ec9e0c5d2791')
/
insert into KSEN_LUILUI_RELTN (OBJ_ID, VER_NBR, CREATEID, CREATETIME, UPDATEID, UPDATETIME, EFF_DT, EXPIR_DT, DESCR_FORMATTED, LUI_ID, LUILUI_RELTN_STATE, LUILUI_RELTN_TYPE, NAME, DESCR_PLAIN, RELATED_LUI_ID, ID) values ('12636ce8-a0e6-45a8-8051-c971cfe3b7ae', 0, 'admin', TIMESTAMP '2013-10-28 09:49:03.482', 'admin', TIMESTAMP '2013-10-28 09:49:03.482', TIMESTAMP '2013-10-28 09:49:12.395', '', 'CHEM242-FO-RG', '95329a72-d6c9-48b9-ba69-749c562248ea', 'kuali.lui.lui.relation.state.active', 'kuali.lui.lui.relation.type.deliveredvia.fo2rg', 'fo-rg-relation', 'CHEM242-FO-RG', '8425988e-28ea-4a87-8067-5d34df7a1903', 'b002615f-04d2-4f67-b223-b10dca65e87c')
/
insert into KSEN_LUILUI_RELTN (OBJ_ID, VER_NBR, CREATEID, CREATETIME, UPDATEID, UPDATETIME, EFF_DT, EXPIR_DT, DESCR_FORMATTED, LUI_ID, LUILUI_RELTN_STATE, LUILUI_RELTN_TYPE, NAME, DESCR_PLAIN, RELATED_LUI_ID, ID) values ('68ebc124-6395-4841-b74b-36ba1836c65a', 0, 'admin', TIMESTAMP '2013-10-28 09:49:03.482', 'admin', TIMESTAMP '2013-10-28 09:49:03.482', TIMESTAMP '2013-10-28 09:49:12.396', '', 'CHEM242-RG-AO', '8425988e-28ea-4a87-8067-5d34df7a1903', 'kuali.lui.lui.relation.state.active', 'kuali.lui.lui.relation.type.registeredforvia.rg2ao', 'rg-ao-relation', 'CHEM242-RG-AO', 'b2c7b5a0-9d02-4638-9ec5-0e4232a47989', '696e13bc-d4be-4537-b491-6ef539306c10')
/
insert into KSEN_LUILUI_RELTN (OBJ_ID, VER_NBR, CREATEID, CREATETIME, UPDATEID, UPDATETIME, EFF_DT, EXPIR_DT, DESCR_FORMATTED, LUI_ID, LUILUI_RELTN_STATE, LUILUI_RELTN_TYPE, NAME, DESCR_PLAIN, RELATED_LUI_ID, ID) values ('7eb14c0b-3a92-4d1b-888a-cbb87e3d598c', 0, 'admin', TIMESTAMP '2013-10-28 09:49:03.482', 'admin', TIMESTAMP '2013-10-28 09:49:03.482', TIMESTAMP '2013-10-28 09:49:12.396', '', 'CHEM242-RG-AO', '8425988e-28ea-4a87-8067-5d34df7a1903', 'kuali.lui.lui.relation.state.active', 'kuali.lui.lui.relation.type.registeredforvia.rg2ao', 'rg-ao-relation', 'CHEM242-RG-AO', '8572d725-cf47-4763-b00e-71db7f9c10ff', '927e1529-3c98-4c40-88a5-66c2d871df27')
/
insert into KSEN_LUI (OBJ_ID, VER_NBR, CREATEID, CREATETIME, UPDATEID, UPDATETIME, ATP_ID, CLU_ID, EFF_DT, EXPIR_DT, DESCR_FORMATTED, LUI_STATE, LUI_TYPE, MAX_SEATS, MIN_SEATS, NAME, DESCR_PLAIN, REF_URL, ID) values ('c416aaef-d960-4199-bad8-318b94721f3b', 0, 'admin', TIMESTAMP '2013-10-28 09:49:03.482', 'admin', TIMESTAMP '2013-10-28 09:49:03.482', 'kuali.atp.2013Spring', 'd925e275-370d-4d98-bbec-96fe2459a200', '', '', '1008', 'kuali.lui.registration.group.state.pending', 'kuali.lui.type.registration.group', '', '', '1008', '1008', '', 'bb1aa9df-6805-4c98-b203-2283a676abf4')
/
insert into KSEN_LUI_ATTR (OBJ_ID, ATTR_KEY, OWNER_ID, ATTR_VALUE, ID) values ('6388f14a-0c69-42b7-9d8d-b8c769d38ce3', 'kuali.attribute.registration.group.is.generated', 'bb1aa9df-6805-4c98-b203-2283a676abf4', '1', 'c016b638-3a1a-4a9f-8613-51aa3ec6a84c')
/
insert into KSEN_LUI_ATTR (OBJ_ID, ATTR_KEY, OWNER_ID, ATTR_VALUE, ID) values ('642907d8-0482-44d0-ad6c-20ce180dab5c', 'kuali.attribute.registration.group.aocluster.id', 'bb1aa9df-6805-4c98-b203-2283a676abf4', '1f1e819a-d2c0-435e-b186-a04568c640c1', '120da964-b8d6-49a6-b8a3-27a9bf57c064')
/
insert into KSEN_LUI_IDENT (OBJ_ID, VER_NBR, CREATEID, CREATETIME, UPDATEID, UPDATETIME, LUI_CD, DIVISION, IDENT_LEVEL, LNG_NAME, LUI_ID, ORGID, SHRT_NAME, LUI_ID_STATE, SUFX_CD, LUI_ID_TYPE, VARTN, ID) values ('15ed8789-eeec-4a52-bf58-5e7490a132e3', 0, 'admin', TIMESTAMP '2013-10-28 09:49:03.482', 'admin', TIMESTAMP '2013-10-28 09:49:03.482', '', '', '', '', 'bb1aa9df-6805-4c98-b203-2283a676abf4', '', '', 'kuali.lui.identifier.state.active', '', 'kuali.lui.identifier.type.official', '', 'ac2dbf1d-67ba-486d-b5b6-7339c98a080b')
/
insert into KSEN_LUILUI_RELTN (OBJ_ID, VER_NBR, CREATEID, CREATETIME, UPDATEID, UPDATETIME, EFF_DT, EXPIR_DT, DESCR_FORMATTED, LUI_ID, LUILUI_RELTN_STATE, LUILUI_RELTN_TYPE, NAME, DESCR_PLAIN, RELATED_LUI_ID, ID) values ('2d4e8825-aa7f-4700-8b42-f8df779f47a6', 0, 'admin', TIMESTAMP '2013-10-28 09:49:03.482', 'admin', TIMESTAMP '2013-10-28 09:49:03.482', TIMESTAMP '2013-10-28 09:49:12.858', '', 'CHEM242-FO-RG', '95329a72-d6c9-48b9-ba69-749c562248ea', 'kuali.lui.lui.relation.state.active', 'kuali.lui.lui.relation.type.deliveredvia.fo2rg', 'fo-rg-relation', 'CHEM242-FO-RG', 'bb1aa9df-6805-4c98-b203-2283a676abf4', 'ef47fc95-4eac-4397-95eb-889ec1963629')
/
insert into KSEN_LUILUI_RELTN (OBJ_ID, VER_NBR, CREATEID, CREATETIME, UPDATEID, UPDATETIME, EFF_DT, EXPIR_DT, DESCR_FORMATTED, LUI_ID, LUILUI_RELTN_STATE, LUILUI_RELTN_TYPE, NAME, DESCR_PLAIN, RELATED_LUI_ID, ID) values ('35ae74a3-8759-4136-81b4-51d676cd0981', 0, 'admin', TIMESTAMP '2013-10-28 09:49:03.482', 'admin', TIMESTAMP '2013-10-28 09:49:03.482', TIMESTAMP '2013-10-28 09:49:12.859', '', 'CHEM242-RG-AO', 'bb1aa9df-6805-4c98-b203-2283a676abf4', 'kuali.lui.lui.relation.state.active', 'kuali.lui.lui.relation.type.registeredforvia.rg2ao', 'rg-ao-relation', 'CHEM242-RG-AO', '09a4e14d-a47b-494d-9790-d54e0f44a453', 'b51f3ab9-5917-4561-8564-4fe7853f7a2f')
/
insert into KSEN_LUILUI_RELTN (OBJ_ID, VER_NBR, CREATEID, CREATETIME, UPDATEID, UPDATETIME, EFF_DT, EXPIR_DT, DESCR_FORMATTED, LUI_ID, LUILUI_RELTN_STATE, LUILUI_RELTN_TYPE, NAME, DESCR_PLAIN, RELATED_LUI_ID, ID) values ('f2a129e4-f974-44b3-bad9-fe1093057475', 0, 'admin', TIMESTAMP '2013-10-28 09:49:03.482', 'admin', TIMESTAMP '2013-10-28 09:49:03.482', TIMESTAMP '2013-10-28 09:49:12.859', '', 'CHEM242-RG-AO', 'bb1aa9df-6805-4c98-b203-2283a676abf4', 'kuali.lui.lui.relation.state.active', 'kuali.lui.lui.relation.type.registeredforvia.rg2ao', 'rg-ao-relation', 'CHEM242-RG-AO', '8572d725-cf47-4763-b00e-71db7f9c10ff', '37e5c8ba-7a9e-4034-b5bb-10bde166a2c9')
/
insert into KSEN_LUI (OBJ_ID, VER_NBR, CREATEID, CREATETIME, UPDATEID, UPDATETIME, ATP_ID, CLU_ID, EFF_DT, EXPIR_DT, DESCR_FORMATTED, LUI_STATE, LUI_TYPE, MAX_SEATS, MIN_SEATS, NAME, DESCR_PLAIN, REF_URL, ID) values ('82b8b58b-1e1d-4a67-9f6f-af913c63055d', 0, 'admin', TIMESTAMP '2013-10-28 09:49:03.482', 'admin', TIMESTAMP '2013-10-28 09:49:03.482', 'kuali.atp.2013Spring', 'd925e275-370d-4d98-bbec-96fe2459a200', '', '', '1009', 'kuali.lui.registration.group.state.pending', 'kuali.lui.type.registration.group', '', '', '1009', '1009', '', '986482c4-4dfb-4910-80e8-c720254ba5e3')
/
insert into KSEN_LUI_ATTR (OBJ_ID, ATTR_KEY, OWNER_ID, ATTR_VALUE, ID) values ('55d8c654-4863-4223-87b6-1ce4467ceda1', 'kuali.attribute.registration.group.is.generated', '986482c4-4dfb-4910-80e8-c720254ba5e3', '1', '283e70df-6daa-45b0-b72d-fb8c8235d21b')
/
insert into KSEN_LUI_ATTR (OBJ_ID, ATTR_KEY, OWNER_ID, ATTR_VALUE, ID) values ('e2423a73-ca98-44bb-b995-77c20f6b2464', 'kuali.attribute.registration.group.aocluster.id', '986482c4-4dfb-4910-80e8-c720254ba5e3', '1f1e819a-d2c0-435e-b186-a04568c640c1', 'adc0e44a-a38f-414f-b6ec-66d69ea30e63')
/
insert into KSEN_LUI_IDENT (OBJ_ID, VER_NBR, CREATEID, CREATETIME, UPDATEID, UPDATETIME, LUI_CD, DIVISION, IDENT_LEVEL, LNG_NAME, LUI_ID, ORGID, SHRT_NAME, LUI_ID_STATE, SUFX_CD, LUI_ID_TYPE, VARTN, ID) values ('c5e2a5be-4722-4e0e-9077-a4ea809eb69e', 0, 'admin', TIMESTAMP '2013-10-28 09:49:03.482', 'admin', TIMESTAMP '2013-10-28 09:49:03.482', '', '', '', '', '986482c4-4dfb-4910-80e8-c720254ba5e3', '', '', 'kuali.lui.identifier.state.active', '', 'kuali.lui.identifier.type.official', '', 'ffc254b6-056e-49e1-9b59-03cef2167bd6')
/
insert into KSEN_LUILUI_RELTN (OBJ_ID, VER_NBR, CREATEID, CREATETIME, UPDATEID, UPDATETIME, EFF_DT, EXPIR_DT, DESCR_FORMATTED, LUI_ID, LUILUI_RELTN_STATE, LUILUI_RELTN_TYPE, NAME, DESCR_PLAIN, RELATED_LUI_ID, ID) values ('cdba0035-f7f8-4752-897d-262e6633f15a', 0, 'admin', TIMESTAMP '2013-10-28 09:49:03.482', 'admin', TIMESTAMP '2013-10-28 09:49:03.482', TIMESTAMP '2013-10-28 09:49:13.256', '', 'CHEM242-FO-RG', '95329a72-d6c9-48b9-ba69-749c562248ea', 'kuali.lui.lui.relation.state.active', 'kuali.lui.lui.relation.type.deliveredvia.fo2rg', 'fo-rg-relation', 'CHEM242-FO-RG', '986482c4-4dfb-4910-80e8-c720254ba5e3', 'ecee8773-6773-4705-bcb3-96b3e52ab751')
/
insert into KSEN_LUILUI_RELTN (OBJ_ID, VER_NBR, CREATEID, CREATETIME, UPDATEID, UPDATETIME, EFF_DT, EXPIR_DT, DESCR_FORMATTED, LUI_ID, LUILUI_RELTN_STATE, LUILUI_RELTN_TYPE, NAME, DESCR_PLAIN, RELATED_LUI_ID, ID) values ('98e2d2f5-7c06-40c3-ac16-f00f0f337351', 0, 'admin', TIMESTAMP '2013-10-28 09:49:03.482', 'admin', TIMESTAMP '2013-10-28 09:49:03.482', TIMESTAMP '2013-10-28 09:49:13.256', '', 'CHEM242-RG-AO', '986482c4-4dfb-4910-80e8-c720254ba5e3', 'kuali.lui.lui.relation.state.active', 'kuali.lui.lui.relation.type.registeredforvia.rg2ao', 'rg-ao-relation', 'CHEM242-RG-AO', '8572d725-cf47-4763-b00e-71db7f9c10ff', 'fc3a8596-9abc-40f2-a52f-4f62e3e3bffe')
/
insert into KSEN_LUILUI_RELTN (OBJ_ID, VER_NBR, CREATEID, CREATETIME, UPDATEID, UPDATETIME, EFF_DT, EXPIR_DT, DESCR_FORMATTED, LUI_ID, LUILUI_RELTN_STATE, LUILUI_RELTN_TYPE, NAME, DESCR_PLAIN, RELATED_LUI_ID, ID) values ('ac2fdc37-4434-4c8b-b905-4166629f8314', 0, 'admin', TIMESTAMP '2013-10-28 09:49:03.482', 'admin', TIMESTAMP '2013-10-28 09:49:03.482', TIMESTAMP '2013-10-28 09:49:13.257', '', 'CHEM242-RG-AO', '986482c4-4dfb-4910-80e8-c720254ba5e3', 'kuali.lui.lui.relation.state.active', 'kuali.lui.lui.relation.type.registeredforvia.rg2ao', 'rg-ao-relation', 'CHEM242-RG-AO', '2765a401-dd1d-41c2-8c63-47caff1714b2', 'bbd105b8-6113-4527-9101-4203ebbe6e4f')
/
insert into KSEN_LUI (OBJ_ID, VER_NBR, CREATEID, CREATETIME, UPDATEID, UPDATETIME, ATP_ID, CLU_ID, EFF_DT, EXPIR_DT, DESCR_FORMATTED, LUI_STATE, LUI_TYPE, MAX_SEATS, MIN_SEATS, NAME, DESCR_PLAIN, REF_URL, ID) values ('344af68f-5e37-411b-aa0d-3e2cd4c993fb', 0, 'admin', TIMESTAMP '2013-10-28 09:49:03.482', 'admin', TIMESTAMP '2013-10-28 09:49:03.482', 'kuali.atp.2013Spring', 'd925e275-370d-4d98-bbec-96fe2459a200', '', '', '1010', 'kuali.lui.registration.group.state.pending', 'kuali.lui.type.registration.group', '', '', '1010', '1010', '', '507ea903-68a0-4378-8a90-d2f0ab89fb31')
/
insert into KSEN_LUI_ATTR (OBJ_ID, ATTR_KEY, OWNER_ID, ATTR_VALUE, ID) values ('3274dd05-0729-430d-8a66-933f37c76a45', 'kuali.attribute.registration.group.aocluster.id', '507ea903-68a0-4378-8a90-d2f0ab89fb31', '1f1e819a-d2c0-435e-b186-a04568c640c1', '5824badf-4216-4706-9fee-29871d116d9e')
/
insert into KSEN_LUI_ATTR (OBJ_ID, ATTR_KEY, OWNER_ID, ATTR_VALUE, ID) values ('c9ffe516-ac51-49b2-988d-845a0a4d7a0f', 'kuali.attribute.registration.group.is.generated', '507ea903-68a0-4378-8a90-d2f0ab89fb31', '1', 'f667f8cc-0aa0-43cf-b278-d352ff277a83')
/
insert into KSEN_LUI_IDENT (OBJ_ID, VER_NBR, CREATEID, CREATETIME, UPDATEID, UPDATETIME, LUI_CD, DIVISION, IDENT_LEVEL, LNG_NAME, LUI_ID, ORGID, SHRT_NAME, LUI_ID_STATE, SUFX_CD, LUI_ID_TYPE, VARTN, ID) values ('ffd6a030-0d38-4e93-9005-8e935fd8b762', 0, 'admin', TIMESTAMP '2013-10-28 09:49:03.482', 'admin', TIMESTAMP '2013-10-28 09:49:03.482', '', '', '', '', '507ea903-68a0-4378-8a90-d2f0ab89fb31', '', '', 'kuali.lui.identifier.state.active', '', 'kuali.lui.identifier.type.official', '', 'c8c755bd-2726-4834-9f81-accffa9c888e')
/
insert into KSEN_LUILUI_RELTN (OBJ_ID, VER_NBR, CREATEID, CREATETIME, UPDATEID, UPDATETIME, EFF_DT, EXPIR_DT, DESCR_FORMATTED, LUI_ID, LUILUI_RELTN_STATE, LUILUI_RELTN_TYPE, NAME, DESCR_PLAIN, RELATED_LUI_ID, ID) values ('f792331a-0dc3-46e7-a021-1ce48ae297f7', 0, 'admin', TIMESTAMP '2013-10-28 09:49:03.482', 'admin', TIMESTAMP '2013-10-28 09:49:03.482', TIMESTAMP '2013-10-28 09:49:13.658', '', 'CHEM242-FO-RG', '95329a72-d6c9-48b9-ba69-749c562248ea', 'kuali.lui.lui.relation.state.active', 'kuali.lui.lui.relation.type.deliveredvia.fo2rg', 'fo-rg-relation', 'CHEM242-FO-RG', '507ea903-68a0-4378-8a90-d2f0ab89fb31', 'b26acd1a-3f4a-4f3d-937d-5d4bc313edab')
/
insert into KSEN_LUILUI_RELTN (OBJ_ID, VER_NBR, CREATEID, CREATETIME, UPDATEID, UPDATETIME, EFF_DT, EXPIR_DT, DESCR_FORMATTED, LUI_ID, LUILUI_RELTN_STATE, LUILUI_RELTN_TYPE, NAME, DESCR_PLAIN, RELATED_LUI_ID, ID) values ('4d1df7ae-d4ed-4fdf-a8f9-9cbc34f26c0b', 0, 'admin', TIMESTAMP '2013-10-28 09:49:03.482', 'admin', TIMESTAMP '2013-10-28 09:49:03.482', TIMESTAMP '2013-10-28 09:49:13.658', '', 'CHEM242-RG-AO', '507ea903-68a0-4378-8a90-d2f0ab89fb31', 'kuali.lui.lui.relation.state.active', 'kuali.lui.lui.relation.type.registeredforvia.rg2ao', 'rg-ao-relation', 'CHEM242-RG-AO', '8572d725-cf47-4763-b00e-71db7f9c10ff', '0eeee796-dbe6-41de-a299-86084d8c2e89')
/
insert into KSEN_LUILUI_RELTN (OBJ_ID, VER_NBR, CREATEID, CREATETIME, UPDATEID, UPDATETIME, EFF_DT, EXPIR_DT, DESCR_FORMATTED, LUI_ID, LUILUI_RELTN_STATE, LUILUI_RELTN_TYPE, NAME, DESCR_PLAIN, RELATED_LUI_ID, ID) values ('049a9a27-dda8-4ff6-a93f-8ca3199b39d5', 0, 'admin', TIMESTAMP '2013-10-28 09:49:03.482', 'admin', TIMESTAMP '2013-10-28 09:49:03.482', TIMESTAMP '2013-10-28 09:49:13.659', '', 'CHEM242-RG-AO', '507ea903-68a0-4378-8a90-d2f0ab89fb31', 'kuali.lui.lui.relation.state.active', 'kuali.lui.lui.relation.type.registeredforvia.rg2ao', 'rg-ao-relation', 'CHEM242-RG-AO', '96b7df99-e493-4324-81c6-8bf2dcb3d324', '44f97dfc-c03a-4eda-8880-aa530c724ac0')
/
insert into KSEN_LUI (OBJ_ID, VER_NBR, CREATEID, CREATETIME, UPDATEID, UPDATETIME, ATP_ID, CLU_ID, EFF_DT, EXPIR_DT, DESCR_FORMATTED, LUI_STATE, LUI_TYPE, MAX_SEATS, MIN_SEATS, NAME, DESCR_PLAIN, REF_URL, ID) values ('520fcc03-85e2-4f54-ac7b-a9092b56d6d8', 0, 'admin', TIMESTAMP '2013-10-28 09:49:03.482', 'admin', TIMESTAMP '2013-10-28 09:49:03.482', 'kuali.atp.2013Spring', 'd925e275-370d-4d98-bbec-96fe2459a200', '', '', '1011', 'kuali.lui.registration.group.state.pending', 'kuali.lui.type.registration.group', '', '', '1011', '1011', '', 'b7ac2568-276a-4948-8536-0f821e27869f')
/
insert into KSEN_LUI_ATTR (OBJ_ID, ATTR_KEY, OWNER_ID, ATTR_VALUE, ID) values ('0aabc60c-5c6b-4f98-a943-f3b4b0467010', 'kuali.attribute.registration.group.is.generated', 'b7ac2568-276a-4948-8536-0f821e27869f', '1', 'a18b6aa7-0625-4cd9-aeb4-2e049a597f1c')
/
insert into KSEN_LUI_ATTR (OBJ_ID, ATTR_KEY, OWNER_ID, ATTR_VALUE, ID) values ('47d6b7ac-7117-4a05-ac2b-dfe93bb9a260', 'kuali.attribute.registration.group.aocluster.id', 'b7ac2568-276a-4948-8536-0f821e27869f', '1f1e819a-d2c0-435e-b186-a04568c640c1', '1d8896ef-247d-46c8-9add-b936ab2753e8')
/
insert into KSEN_LUI_IDENT (OBJ_ID, VER_NBR, CREATEID, CREATETIME, UPDATEID, UPDATETIME, LUI_CD, DIVISION, IDENT_LEVEL, LNG_NAME, LUI_ID, ORGID, SHRT_NAME, LUI_ID_STATE, SUFX_CD, LUI_ID_TYPE, VARTN, ID) values ('72509a96-f00e-4716-abec-7486010400ac', 0, 'admin', TIMESTAMP '2013-10-28 09:49:03.482', 'admin', TIMESTAMP '2013-10-28 09:49:03.482', '', '', '', '', 'b7ac2568-276a-4948-8536-0f821e27869f', '', '', 'kuali.lui.identifier.state.active', '', 'kuali.lui.identifier.type.official', '', 'cc25ac67-3c91-461f-87eb-5eebec891fa5')
/
insert into KSEN_LUILUI_RELTN (OBJ_ID, VER_NBR, CREATEID, CREATETIME, UPDATEID, UPDATETIME, EFF_DT, EXPIR_DT, DESCR_FORMATTED, LUI_ID, LUILUI_RELTN_STATE, LUILUI_RELTN_TYPE, NAME, DESCR_PLAIN, RELATED_LUI_ID, ID) values ('a72c1241-344b-4f8a-b1d7-af0a5d07e974', 0, 'admin', TIMESTAMP '2013-10-28 09:49:03.482', 'admin', TIMESTAMP '2013-10-28 09:49:03.482', TIMESTAMP '2013-10-28 09:49:14.062', '', 'CHEM242-FO-RG', '95329a72-d6c9-48b9-ba69-749c562248ea', 'kuali.lui.lui.relation.state.active', 'kuali.lui.lui.relation.type.deliveredvia.fo2rg', 'fo-rg-relation', 'CHEM242-FO-RG', 'b7ac2568-276a-4948-8536-0f821e27869f', '8bbb30e7-8fea-4908-aa91-aefd106b11d5')
/
insert into KSEN_LUILUI_RELTN (OBJ_ID, VER_NBR, CREATEID, CREATETIME, UPDATEID, UPDATETIME, EFF_DT, EXPIR_DT, DESCR_FORMATTED, LUI_ID, LUILUI_RELTN_STATE, LUILUI_RELTN_TYPE, NAME, DESCR_PLAIN, RELATED_LUI_ID, ID) values ('166ae65d-2a8a-4009-8b6a-ec87100c1356', 0, 'admin', TIMESTAMP '2013-10-28 09:49:03.482', 'admin', TIMESTAMP '2013-10-28 09:49:03.482', TIMESTAMP '2013-10-28 09:49:14.063', '', 'CHEM242-RG-AO', 'b7ac2568-276a-4948-8536-0f821e27869f', 'kuali.lui.lui.relation.state.active', 'kuali.lui.lui.relation.type.registeredforvia.rg2ao', 'rg-ao-relation', 'CHEM242-RG-AO', '8572d725-cf47-4763-b00e-71db7f9c10ff', 'aa674de2-d433-4113-898f-c8cd61f2ba63')
/
insert into KSEN_LUILUI_RELTN (OBJ_ID, VER_NBR, CREATEID, CREATETIME, UPDATEID, UPDATETIME, EFF_DT, EXPIR_DT, DESCR_FORMATTED, LUI_ID, LUILUI_RELTN_STATE, LUILUI_RELTN_TYPE, NAME, DESCR_PLAIN, RELATED_LUI_ID, ID) values ('14ab44f7-ffc1-493d-aa4e-3c16a1ab57f8', 0, 'admin', TIMESTAMP '2013-10-28 09:49:03.482', 'admin', TIMESTAMP '2013-10-28 09:49:03.482', TIMESTAMP '2013-10-28 09:49:14.063', '', 'CHEM242-RG-AO', 'b7ac2568-276a-4948-8536-0f821e27869f', 'kuali.lui.lui.relation.state.active', 'kuali.lui.lui.relation.type.registeredforvia.rg2ao', 'rg-ao-relation', 'CHEM242-RG-AO', '849fc05b-97d9-402a-9c2e-1bfdbf1290ce', 'ebfb2589-736a-46fa-b12f-851bacaaa8f4')
/
insert into KSEN_LUI (OBJ_ID, VER_NBR, CREATEID, CREATETIME, UPDATEID, UPDATETIME, ATP_ID, CLU_ID, EFF_DT, EXPIR_DT, DESCR_FORMATTED, LUI_STATE, LUI_TYPE, MAX_SEATS, MIN_SEATS, NAME, DESCR_PLAIN, REF_URL, ID) values ('d422cba9-f783-4e44-b1e0-deb1b4788d54', 0, 'admin', TIMESTAMP '2013-10-28 09:49:03.482', 'admin', TIMESTAMP '2013-10-28 09:49:03.482', 'kuali.atp.2013Spring', 'd925e275-370d-4d98-bbec-96fe2459a200', '', '', '1012', 'kuali.lui.registration.group.state.pending', 'kuali.lui.type.registration.group', '', '', '1012', '1012', '', 'f0c42bd6-032e-4f11-a891-a499812557d3')
/
insert into KSEN_LUI_ATTR (OBJ_ID, ATTR_KEY, OWNER_ID, ATTR_VALUE, ID) values ('005e48d6-2923-4ff1-8820-bdfc3be9471f', 'kuali.attribute.registration.group.aocluster.id', 'f0c42bd6-032e-4f11-a891-a499812557d3', '1f1e819a-d2c0-435e-b186-a04568c640c1', 'c4a4d701-1d84-49f9-ab0f-787066112628')
/
insert into KSEN_LUI_ATTR (OBJ_ID, ATTR_KEY, OWNER_ID, ATTR_VALUE, ID) values ('73a15cab-726d-4d4f-9bb6-d2d35c4e9180', 'kuali.attribute.registration.group.is.generated', 'f0c42bd6-032e-4f11-a891-a499812557d3', '1', 'bdb29634-886d-43c5-beea-87910c0617f4')
/
insert into KSEN_LUI_IDENT (OBJ_ID, VER_NBR, CREATEID, CREATETIME, UPDATEID, UPDATETIME, LUI_CD, DIVISION, IDENT_LEVEL, LNG_NAME, LUI_ID, ORGID, SHRT_NAME, LUI_ID_STATE, SUFX_CD, LUI_ID_TYPE, VARTN, ID) values ('511e64c6-96d3-4544-877c-d2b2e1041af3', 0, 'admin', TIMESTAMP '2013-10-28 09:49:03.482', 'admin', TIMESTAMP '2013-10-28 09:49:03.482', '', '', '', '', 'f0c42bd6-032e-4f11-a891-a499812557d3', '', '', 'kuali.lui.identifier.state.active', '', 'kuali.lui.identifier.type.official', '', 'a3e300f7-d800-44f9-91f7-4441fe2eadde')
/
insert into KSEN_LUILUI_RELTN (OBJ_ID, VER_NBR, CREATEID, CREATETIME, UPDATEID, UPDATETIME, EFF_DT, EXPIR_DT, DESCR_FORMATTED, LUI_ID, LUILUI_RELTN_STATE, LUILUI_RELTN_TYPE, NAME, DESCR_PLAIN, RELATED_LUI_ID, ID) values ('94b5e84f-ff2e-4cbb-9232-d0a1b293affc', 0, 'admin', TIMESTAMP '2013-10-28 09:49:03.482', 'admin', TIMESTAMP '2013-10-28 09:49:03.482', TIMESTAMP '2013-10-28 09:49:14.434', '', 'CHEM242-FO-RG', '95329a72-d6c9-48b9-ba69-749c562248ea', 'kuali.lui.lui.relation.state.active', 'kuali.lui.lui.relation.type.deliveredvia.fo2rg', 'fo-rg-relation', 'CHEM242-FO-RG', 'f0c42bd6-032e-4f11-a891-a499812557d3', 'a3150e80-8232-41b6-8ee8-b763ba065cdc')
/
insert into KSEN_LUILUI_RELTN (OBJ_ID, VER_NBR, CREATEID, CREATETIME, UPDATEID, UPDATETIME, EFF_DT, EXPIR_DT, DESCR_FORMATTED, LUI_ID, LUILUI_RELTN_STATE, LUILUI_RELTN_TYPE, NAME, DESCR_PLAIN, RELATED_LUI_ID, ID) values ('9d48d908-a600-41e0-9c81-d38de26cfeb9', 0, 'admin', TIMESTAMP '2013-10-28 09:49:03.482', 'admin', TIMESTAMP '2013-10-28 09:49:03.482', TIMESTAMP '2013-10-28 09:49:14.435', '', 'CHEM242-RG-AO', 'f0c42bd6-032e-4f11-a891-a499812557d3', 'kuali.lui.lui.relation.state.active', 'kuali.lui.lui.relation.type.registeredforvia.rg2ao', 'rg-ao-relation', 'CHEM242-RG-AO', '8572d725-cf47-4763-b00e-71db7f9c10ff', '96e48191-4930-44be-9dbf-500aa077a290')
/
insert into KSEN_LUILUI_RELTN (OBJ_ID, VER_NBR, CREATEID, CREATETIME, UPDATEID, UPDATETIME, EFF_DT, EXPIR_DT, DESCR_FORMATTED, LUI_ID, LUILUI_RELTN_STATE, LUILUI_RELTN_TYPE, NAME, DESCR_PLAIN, RELATED_LUI_ID, ID) values ('3127ceef-636e-4c1b-9bb4-7341601bc598', 0, 'admin', TIMESTAMP '2013-10-28 09:49:03.482', 'admin', TIMESTAMP '2013-10-28 09:49:03.482', TIMESTAMP '2013-10-28 09:49:14.435', '', 'CHEM242-RG-AO', 'f0c42bd6-032e-4f11-a891-a499812557d3', 'kuali.lui.lui.relation.state.active', 'kuali.lui.lui.relation.type.registeredforvia.rg2ao', 'rg-ao-relation', 'CHEM242-RG-AO', '0c28be3b-70e0-4367-b835-81d2e973cb5a', 'c9242546-2d0b-49fc-a2e5-c89c0d870ce6')
/
insert into KSEN_LUI (OBJ_ID, VER_NBR, CREATEID, CREATETIME, UPDATEID, UPDATETIME, ATP_ID, CLU_ID, EFF_DT, EXPIR_DT, DESCR_FORMATTED, LUI_STATE, LUI_TYPE, MAX_SEATS, MIN_SEATS, NAME, DESCR_PLAIN, REF_URL, ID) values ('355faec8-2182-4811-aa45-976e261c8e5f', 0, 'admin', TIMESTAMP '2013-10-28 09:49:03.482', 'admin', TIMESTAMP '2013-10-28 09:49:03.482', 'kuali.atp.2013Spring', 'd925e275-370d-4d98-bbec-96fe2459a200', '', '', '1013', 'kuali.lui.registration.group.state.pending', 'kuali.lui.type.registration.group', '', '', '1013', '1013', '', 'c5595848-7a5b-407b-85aa-f4e97d3ddd91')
/
insert into KSEN_LUI_ATTR (OBJ_ID, ATTR_KEY, OWNER_ID, ATTR_VALUE, ID) values ('e1645d2d-5ad7-4131-bc5a-8cf8513655ac', 'kuali.attribute.registration.group.is.generated', 'c5595848-7a5b-407b-85aa-f4e97d3ddd91', '1', 'e9544cae-1e0c-4236-bab8-a25e081c52e5')
/
insert into KSEN_LUI_ATTR (OBJ_ID, ATTR_KEY, OWNER_ID, ATTR_VALUE, ID) values ('d2edc89f-42f7-465f-bdbb-06bce3a417ae', 'kuali.attribute.registration.group.aocluster.id', 'c5595848-7a5b-407b-85aa-f4e97d3ddd91', '1f1e819a-d2c0-435e-b186-a04568c640c1', 'a7c9bd5a-d05b-4b40-9c2b-bf2bd5933cf3')
/
insert into KSEN_LUI_IDENT (OBJ_ID, VER_NBR, CREATEID, CREATETIME, UPDATEID, UPDATETIME, LUI_CD, DIVISION, IDENT_LEVEL, LNG_NAME, LUI_ID, ORGID, SHRT_NAME, LUI_ID_STATE, SUFX_CD, LUI_ID_TYPE, VARTN, ID) values ('73f977f9-47ab-4fb5-958f-5edc59ac8ea3', 0, 'admin', TIMESTAMP '2013-10-28 09:49:03.482', 'admin', TIMESTAMP '2013-10-28 09:49:03.482', '', '', '', '', 'c5595848-7a5b-407b-85aa-f4e97d3ddd91', '', '', 'kuali.lui.identifier.state.active', '', 'kuali.lui.identifier.type.official', '', 'dd750584-ddfb-4460-a8bb-371a1b6c3dcc')
/
insert into KSEN_LUILUI_RELTN (OBJ_ID, VER_NBR, CREATEID, CREATETIME, UPDATEID, UPDATETIME, EFF_DT, EXPIR_DT, DESCR_FORMATTED, LUI_ID, LUILUI_RELTN_STATE, LUILUI_RELTN_TYPE, NAME, DESCR_PLAIN, RELATED_LUI_ID, ID) values ('e0e934ee-444e-45f5-9e10-1d689f14c38e', 0, 'admin', TIMESTAMP '2013-10-28 09:49:03.482', 'admin', TIMESTAMP '2013-10-28 09:49:03.482', TIMESTAMP '2013-10-28 09:49:14.74', '', 'CHEM242-FO-RG', '95329a72-d6c9-48b9-ba69-749c562248ea', 'kuali.lui.lui.relation.state.active', 'kuali.lui.lui.relation.type.deliveredvia.fo2rg', 'fo-rg-relation', 'CHEM242-FO-RG', 'c5595848-7a5b-407b-85aa-f4e97d3ddd91', '7526754e-9a1c-4c6f-8a4b-4b09b930b537')
/
insert into KSEN_LUILUI_RELTN (OBJ_ID, VER_NBR, CREATEID, CREATETIME, UPDATEID, UPDATETIME, EFF_DT, EXPIR_DT, DESCR_FORMATTED, LUI_ID, LUILUI_RELTN_STATE, LUILUI_RELTN_TYPE, NAME, DESCR_PLAIN, RELATED_LUI_ID, ID) values ('1b559b4a-e849-4889-b6b2-be788622ad7f', 0, 'admin', TIMESTAMP '2013-10-28 09:49:03.482', 'admin', TIMESTAMP '2013-10-28 09:49:03.482', TIMESTAMP '2013-10-28 09:49:14.74', '', 'CHEM242-RG-AO', 'c5595848-7a5b-407b-85aa-f4e97d3ddd91', 'kuali.lui.lui.relation.state.active', 'kuali.lui.lui.relation.type.registeredforvia.rg2ao', 'rg-ao-relation', 'CHEM242-RG-AO', '8572d725-cf47-4763-b00e-71db7f9c10ff', '1c9c5f41-5642-4e45-a6ed-e589f8abcf33')
/
insert into KSEN_LUILUI_RELTN (OBJ_ID, VER_NBR, CREATEID, CREATETIME, UPDATEID, UPDATETIME, EFF_DT, EXPIR_DT, DESCR_FORMATTED, LUI_ID, LUILUI_RELTN_STATE, LUILUI_RELTN_TYPE, NAME, DESCR_PLAIN, RELATED_LUI_ID, ID) values ('6da71092-7540-4f19-9cf4-6a8bfae71165', 0, 'admin', TIMESTAMP '2013-10-28 09:49:03.482', 'admin', TIMESTAMP '2013-10-28 09:49:03.482', TIMESTAMP '2013-10-28 09:49:14.741', '', 'CHEM242-RG-AO', 'c5595848-7a5b-407b-85aa-f4e97d3ddd91', 'kuali.lui.lui.relation.state.active', 'kuali.lui.lui.relation.type.registeredforvia.rg2ao', 'rg-ao-relation', 'CHEM242-RG-AO', '40fcc6b1-2304-47ac-9e32-c7faefc01bd0', '1c82de3b-c5fa-4f46-8461-b7458186214f')
/
insert into KSEN_LUI (OBJ_ID, VER_NBR, CREATEID, CREATETIME, UPDATEID, UPDATETIME, ATP_ID, CLU_ID, EFF_DT, EXPIR_DT, DESCR_FORMATTED, LUI_STATE, LUI_TYPE, MAX_SEATS, MIN_SEATS, NAME, DESCR_PLAIN, REF_URL, ID) values ('4eb761c3-c28a-452c-b809-90a4c606d553', 0, 'admin', TIMESTAMP '2013-10-28 09:49:03.482', 'admin', TIMESTAMP '2013-10-28 09:49:03.482', 'kuali.atp.2013Spring', 'd925e275-370d-4d98-bbec-96fe2459a200', '', '', '1014', 'kuali.lui.registration.group.state.pending', 'kuali.lui.type.registration.group', '', '', '1014', '1014', '', '7c910616-713e-47d1-89ee-19124b4048fd')
/
insert into KSEN_LUI_ATTR (OBJ_ID, ATTR_KEY, OWNER_ID, ATTR_VALUE, ID) values ('b45e0251-39c1-4e17-b4de-49c7542d2eab', 'kuali.attribute.registration.group.is.generated', '7c910616-713e-47d1-89ee-19124b4048fd', '1', '90ab52d1-21d4-4087-b1fc-2be1459cd75e')
/
insert into KSEN_LUI_ATTR (OBJ_ID, ATTR_KEY, OWNER_ID, ATTR_VALUE, ID) values ('63494efa-5fe0-4608-8642-d3e4b845998a', 'kuali.attribute.registration.group.aocluster.id', '7c910616-713e-47d1-89ee-19124b4048fd', '1f1e819a-d2c0-435e-b186-a04568c640c1', '7d7fe282-f3de-4396-813c-ccbd07b39c51')
/
insert into KSEN_LUI_IDENT (OBJ_ID, VER_NBR, CREATEID, CREATETIME, UPDATEID, UPDATETIME, LUI_CD, DIVISION, IDENT_LEVEL, LNG_NAME, LUI_ID, ORGID, SHRT_NAME, LUI_ID_STATE, SUFX_CD, LUI_ID_TYPE, VARTN, ID) values ('4eda244a-a7ea-4c9f-938c-194a54dfd0e8', 0, 'admin', TIMESTAMP '2013-10-28 09:49:03.482', 'admin', TIMESTAMP '2013-10-28 09:49:03.482', '', '', '', '', '7c910616-713e-47d1-89ee-19124b4048fd', '', '', 'kuali.lui.identifier.state.active', '', 'kuali.lui.identifier.type.official', '', '253d90e1-08f4-4154-83c9-3c4e1131722b')
/
insert into KSEN_LUILUI_RELTN (OBJ_ID, VER_NBR, CREATEID, CREATETIME, UPDATEID, UPDATETIME, EFF_DT, EXPIR_DT, DESCR_FORMATTED, LUI_ID, LUILUI_RELTN_STATE, LUILUI_RELTN_TYPE, NAME, DESCR_PLAIN, RELATED_LUI_ID, ID) values ('ddc840d9-8cc5-4c24-b04b-724372dc3301', 0, 'admin', TIMESTAMP '2013-10-28 09:49:03.482', 'admin', TIMESTAMP '2013-10-28 09:49:03.482', TIMESTAMP '2013-10-28 09:49:15.041', '', 'CHEM242-FO-RG', '95329a72-d6c9-48b9-ba69-749c562248ea', 'kuali.lui.lui.relation.state.active', 'kuali.lui.lui.relation.type.deliveredvia.fo2rg', 'fo-rg-relation', 'CHEM242-FO-RG', '7c910616-713e-47d1-89ee-19124b4048fd', '4faacf29-23ef-4e29-8095-775d0f4f6919')
/
insert into KSEN_LUILUI_RELTN (OBJ_ID, VER_NBR, CREATEID, CREATETIME, UPDATEID, UPDATETIME, EFF_DT, EXPIR_DT, DESCR_FORMATTED, LUI_ID, LUILUI_RELTN_STATE, LUILUI_RELTN_TYPE, NAME, DESCR_PLAIN, RELATED_LUI_ID, ID) values ('e47a2d40-d584-409c-a75a-798805179c04', 0, 'admin', TIMESTAMP '2013-10-28 09:49:03.482', 'admin', TIMESTAMP '2013-10-28 09:49:03.482', TIMESTAMP '2013-10-28 09:49:15.042', '', 'CHEM242-RG-AO', '7c910616-713e-47d1-89ee-19124b4048fd', 'kuali.lui.lui.relation.state.active', 'kuali.lui.lui.relation.type.registeredforvia.rg2ao', 'rg-ao-relation', 'CHEM242-RG-AO', '8572d725-cf47-4763-b00e-71db7f9c10ff', '80ebfbba-8d72-4f3d-bfa2-6b4bc1d940af')
/
insert into KSEN_LUILUI_RELTN (OBJ_ID, VER_NBR, CREATEID, CREATETIME, UPDATEID, UPDATETIME, EFF_DT, EXPIR_DT, DESCR_FORMATTED, LUI_ID, LUILUI_RELTN_STATE, LUILUI_RELTN_TYPE, NAME, DESCR_PLAIN, RELATED_LUI_ID, ID) values ('ee8258e6-e0bd-4552-b288-7008ddcce66f', 0, 'admin', TIMESTAMP '2013-10-28 09:49:03.482', 'admin', TIMESTAMP '2013-10-28 09:49:03.482', TIMESTAMP '2013-10-28 09:49:15.042', '', 'CHEM242-RG-AO', '7c910616-713e-47d1-89ee-19124b4048fd', 'kuali.lui.lui.relation.state.active', 'kuali.lui.lui.relation.type.registeredforvia.rg2ao', 'rg-ao-relation', 'CHEM242-RG-AO', '2e7368ca-85e9-4098-80a9-8eae89e826e3', '351ca6bb-eaea-4f7b-adf3-efe19f4000dc')
/
insert into KSEN_LUI (OBJ_ID, VER_NBR, CREATEID, CREATETIME, UPDATEID, UPDATETIME, ATP_ID, CLU_ID, EFF_DT, EXPIR_DT, DESCR_FORMATTED, LUI_STATE, LUI_TYPE, MAX_SEATS, MIN_SEATS, NAME, DESCR_PLAIN, REF_URL, ID) values ('6fe905fb-3d14-4d9f-982d-124cdc09c8af', 0, 'admin', TIMESTAMP '2013-10-28 09:49:03.482', 'admin', TIMESTAMP '2013-10-28 09:49:03.482', 'kuali.atp.2013Spring', 'd925e275-370d-4d98-bbec-96fe2459a200', '', '', '1015', 'kuali.lui.registration.group.state.pending', 'kuali.lui.type.registration.group', '', '', '1015', '1015', '', '52670d4e-fd5e-4a35-8291-aa94930ee54c')
/
insert into KSEN_LUI_ATTR (OBJ_ID, ATTR_KEY, OWNER_ID, ATTR_VALUE, ID) values ('e9721887-ad87-469f-8563-b9d5e2287c87', 'kuali.attribute.registration.group.aocluster.id', '52670d4e-fd5e-4a35-8291-aa94930ee54c', '1f1e819a-d2c0-435e-b186-a04568c640c1', '7bcdc472-7b44-4de2-a03d-326786d71942')
/
insert into KSEN_LUI_ATTR (OBJ_ID, ATTR_KEY, OWNER_ID, ATTR_VALUE, ID) values ('b93f2059-24dd-46a0-a817-f0ed337da9f5', 'kuali.attribute.registration.group.is.generated', '52670d4e-fd5e-4a35-8291-aa94930ee54c', '1', '1447e329-9a16-46a6-b535-7ca45723125c')
/
insert into KSEN_LUI_IDENT (OBJ_ID, VER_NBR, CREATEID, CREATETIME, UPDATEID, UPDATETIME, LUI_CD, DIVISION, IDENT_LEVEL, LNG_NAME, LUI_ID, ORGID, SHRT_NAME, LUI_ID_STATE, SUFX_CD, LUI_ID_TYPE, VARTN, ID) values ('9193a476-f738-4a6a-93fd-eebea44250c9', 0, 'admin', TIMESTAMP '2013-10-28 09:49:03.482', 'admin', TIMESTAMP '2013-10-28 09:49:03.482', '', '', '', '', '52670d4e-fd5e-4a35-8291-aa94930ee54c', '', '', 'kuali.lui.identifier.state.active', '', 'kuali.lui.identifier.type.official', '', 'de09af5e-1efb-47f2-9755-bbcd2759dc1c')
/
insert into KSEN_LUILUI_RELTN (OBJ_ID, VER_NBR, CREATEID, CREATETIME, UPDATEID, UPDATETIME, EFF_DT, EXPIR_DT, DESCR_FORMATTED, LUI_ID, LUILUI_RELTN_STATE, LUILUI_RELTN_TYPE, NAME, DESCR_PLAIN, RELATED_LUI_ID, ID) values ('ad7aec03-a50b-4058-8b16-2ccddc6cf1bf', 0, 'admin', TIMESTAMP '2013-10-28 09:49:03.482', 'admin', TIMESTAMP '2013-10-28 09:49:03.482', TIMESTAMP '2013-10-28 09:49:15.335', '', 'CHEM242-FO-RG', '95329a72-d6c9-48b9-ba69-749c562248ea', 'kuali.lui.lui.relation.state.active', 'kuali.lui.lui.relation.type.deliveredvia.fo2rg', 'fo-rg-relation', 'CHEM242-FO-RG', '52670d4e-fd5e-4a35-8291-aa94930ee54c', '7f4a8631-aa72-4bbb-bde0-b6fabc04df1c')
/
insert into KSEN_LUILUI_RELTN (OBJ_ID, VER_NBR, CREATEID, CREATETIME, UPDATEID, UPDATETIME, EFF_DT, EXPIR_DT, DESCR_FORMATTED, LUI_ID, LUILUI_RELTN_STATE, LUILUI_RELTN_TYPE, NAME, DESCR_PLAIN, RELATED_LUI_ID, ID) values ('b66c0dcf-55f7-4a39-921e-6407e1f1b07c', 0, 'admin', TIMESTAMP '2013-10-28 09:49:03.482', 'admin', TIMESTAMP '2013-10-28 09:49:03.482', TIMESTAMP '2013-10-28 09:49:15.335', '', 'CHEM242-RG-AO', '52670d4e-fd5e-4a35-8291-aa94930ee54c', 'kuali.lui.lui.relation.state.active', 'kuali.lui.lui.relation.type.registeredforvia.rg2ao', 'rg-ao-relation', 'CHEM242-RG-AO', '8572d725-cf47-4763-b00e-71db7f9c10ff', '00f5e584-870a-4335-a657-47b2e53bb7f6')
/
insert into KSEN_LUILUI_RELTN (OBJ_ID, VER_NBR, CREATEID, CREATETIME, UPDATEID, UPDATETIME, EFF_DT, EXPIR_DT, DESCR_FORMATTED, LUI_ID, LUILUI_RELTN_STATE, LUILUI_RELTN_TYPE, NAME, DESCR_PLAIN, RELATED_LUI_ID, ID) values ('b6d89521-abfc-486d-97e5-fad493e51ed1', 0, 'admin', TIMESTAMP '2013-10-28 09:49:03.482', 'admin', TIMESTAMP '2013-10-28 09:49:03.482', TIMESTAMP '2013-10-28 09:49:15.336', '', 'CHEM242-RG-AO', '52670d4e-fd5e-4a35-8291-aa94930ee54c', 'kuali.lui.lui.relation.state.active', 'kuali.lui.lui.relation.type.registeredforvia.rg2ao', 'rg-ao-relation', 'CHEM242-RG-AO', '053991d6-8ead-4b1a-a3f3-9c7639476382', '92cca1f2-3b3f-42c8-8949-7eda29e59345')
/
insert into KSEN_LUI (OBJ_ID, VER_NBR, CREATEID, CREATETIME, UPDATEID, UPDATETIME, ATP_ID, CLU_ID, EFF_DT, EXPIR_DT, DESCR_FORMATTED, LUI_STATE, LUI_TYPE, MAX_SEATS, MIN_SEATS, NAME, DESCR_PLAIN, REF_URL, ID) values ('bbc2bebe-7cd3-469e-a031-07ea36b08a7c', 0, 'admin', TIMESTAMP '2013-10-28 09:49:03.482', 'admin', TIMESTAMP '2013-10-28 09:49:03.482', 'kuali.atp.2013Spring', 'd925e275-370d-4d98-bbec-96fe2459a200', '', '', '1016', 'kuali.lui.registration.group.state.pending', 'kuali.lui.type.registration.group', '', '', '1016', '1016', '', '3fc33032-8172-4f95-9b29-a05c87cc043c')
/
insert into KSEN_LUI_ATTR (OBJ_ID, ATTR_KEY, OWNER_ID, ATTR_VALUE, ID) values ('f705651d-1146-444b-8459-6f38f17e2f6c', 'kuali.attribute.registration.group.aocluster.id', '3fc33032-8172-4f95-9b29-a05c87cc043c', '1f1e819a-d2c0-435e-b186-a04568c640c1', 'b5c9031b-0ada-4b01-8b93-56ce4b5dbe86')
/
insert into KSEN_LUI_ATTR (OBJ_ID, ATTR_KEY, OWNER_ID, ATTR_VALUE, ID) values ('ed6d6ace-9db4-4d64-9686-d42258b52543', 'kuali.attribute.registration.group.is.generated', '3fc33032-8172-4f95-9b29-a05c87cc043c', '1', 'b24f5d8f-5ee3-4b55-8a93-958bfc2b9253')
/
insert into KSEN_LUI_IDENT (OBJ_ID, VER_NBR, CREATEID, CREATETIME, UPDATEID, UPDATETIME, LUI_CD, DIVISION, IDENT_LEVEL, LNG_NAME, LUI_ID, ORGID, SHRT_NAME, LUI_ID_STATE, SUFX_CD, LUI_ID_TYPE, VARTN, ID) values ('eaba76b4-e9f8-4b14-95fd-84aa65b56aa7', 0, 'admin', TIMESTAMP '2013-10-28 09:49:03.482', 'admin', TIMESTAMP '2013-10-28 09:49:03.482', '', '', '', '', '3fc33032-8172-4f95-9b29-a05c87cc043c', '', '', 'kuali.lui.identifier.state.active', '', 'kuali.lui.identifier.type.official', '', '2e36add2-75d6-4159-8911-461a34b49aa1')
/
insert into KSEN_LUILUI_RELTN (OBJ_ID, VER_NBR, CREATEID, CREATETIME, UPDATEID, UPDATETIME, EFF_DT, EXPIR_DT, DESCR_FORMATTED, LUI_ID, LUILUI_RELTN_STATE, LUILUI_RELTN_TYPE, NAME, DESCR_PLAIN, RELATED_LUI_ID, ID) values ('8d4a2006-a63f-49c4-87a6-b9cd1507fd1c', 0, 'admin', TIMESTAMP '2013-10-28 09:49:03.482', 'admin', TIMESTAMP '2013-10-28 09:49:03.482', TIMESTAMP '2013-10-28 09:49:15.67', '', 'CHEM242-FO-RG', '95329a72-d6c9-48b9-ba69-749c562248ea', 'kuali.lui.lui.relation.state.active', 'kuali.lui.lui.relation.type.deliveredvia.fo2rg', 'fo-rg-relation', 'CHEM242-FO-RG', '3fc33032-8172-4f95-9b29-a05c87cc043c', '5e9db28d-e623-4527-89c9-66ea5afaf2a6')
/
insert into KSEN_LUILUI_RELTN (OBJ_ID, VER_NBR, CREATEID, CREATETIME, UPDATEID, UPDATETIME, EFF_DT, EXPIR_DT, DESCR_FORMATTED, LUI_ID, LUILUI_RELTN_STATE, LUILUI_RELTN_TYPE, NAME, DESCR_PLAIN, RELATED_LUI_ID, ID) values ('b2ce0a3a-b917-4def-9e53-ab2bf9f781d1', 0, 'admin', TIMESTAMP '2013-10-28 09:49:03.482', 'admin', TIMESTAMP '2013-10-28 09:49:03.482', TIMESTAMP '2013-10-28 09:49:15.671', '', 'CHEM242-RG-AO', '3fc33032-8172-4f95-9b29-a05c87cc043c', 'kuali.lui.lui.relation.state.active', 'kuali.lui.lui.relation.type.registeredforvia.rg2ao', 'rg-ao-relation', 'CHEM242-RG-AO', '8572d725-cf47-4763-b00e-71db7f9c10ff', '951831e7-e17a-4605-b100-5f5f7a2e308b')
/
insert into KSEN_LUILUI_RELTN (OBJ_ID, VER_NBR, CREATEID, CREATETIME, UPDATEID, UPDATETIME, EFF_DT, EXPIR_DT, DESCR_FORMATTED, LUI_ID, LUILUI_RELTN_STATE, LUILUI_RELTN_TYPE, NAME, DESCR_PLAIN, RELATED_LUI_ID, ID) values ('e7f64115-c019-4b04-b767-6e9a7c51b70d', 0, 'admin', TIMESTAMP '2013-10-28 09:49:03.482', 'admin', TIMESTAMP '2013-10-28 09:49:03.482', TIMESTAMP '2013-10-28 09:49:15.671', '', 'CHEM242-RG-AO', '3fc33032-8172-4f95-9b29-a05c87cc043c', 'kuali.lui.lui.relation.state.active', 'kuali.lui.lui.relation.type.registeredforvia.rg2ao', 'rg-ao-relation', 'CHEM242-RG-AO', '1bc2b107-9caf-4727-abee-1c25a83523cf', '1e6df8ce-8671-4948-a3dd-819b88cd04ad')
/
insert into KSEN_LUI (OBJ_ID, VER_NBR, CREATEID, CREATETIME, UPDATEID, UPDATETIME, ATP_ID, CLU_ID, EFF_DT, EXPIR_DT, DESCR_FORMATTED, LUI_STATE, LUI_TYPE, MAX_SEATS, MIN_SEATS, NAME, DESCR_PLAIN, REF_URL, ID) values ('8b7b3bf5-7b91-48de-a900-17f838b5f8a9', 0, 'admin', TIMESTAMP '2013-10-28 09:49:03.482', 'admin', TIMESTAMP '2013-10-28 09:49:03.482', 'kuali.atp.2013Spring', 'd925e275-370d-4d98-bbec-96fe2459a200', '', '', '1017', 'kuali.lui.registration.group.state.pending', 'kuali.lui.type.registration.group', '', '', '1017', '1017', '', '40541b7a-2d95-4e68-a30a-791382b38c6e')
/
insert into KSEN_LUI_ATTR (OBJ_ID, ATTR_KEY, OWNER_ID, ATTR_VALUE, ID) values ('404b713c-f24d-44f1-9e48-e06e60283f21', 'kuali.attribute.registration.group.is.generated', '40541b7a-2d95-4e68-a30a-791382b38c6e', '1', 'b80ca5da-e04f-484d-8789-739d3ee51100')
/
insert into KSEN_LUI_ATTR (OBJ_ID, ATTR_KEY, OWNER_ID, ATTR_VALUE, ID) values ('7e0d62fd-b71d-4e03-b451-e5616fc40be4', 'kuali.attribute.registration.group.aocluster.id', '40541b7a-2d95-4e68-a30a-791382b38c6e', '1f1e819a-d2c0-435e-b186-a04568c640c1', '72ccf2b2-609a-419d-86e7-79cdb8e9c820')
/
insert into KSEN_LUI_IDENT (OBJ_ID, VER_NBR, CREATEID, CREATETIME, UPDATEID, UPDATETIME, LUI_CD, DIVISION, IDENT_LEVEL, LNG_NAME, LUI_ID, ORGID, SHRT_NAME, LUI_ID_STATE, SUFX_CD, LUI_ID_TYPE, VARTN, ID) values ('405d5ec9-92df-4a09-9250-f8f06b3dbc59', 0, 'admin', TIMESTAMP '2013-10-28 09:49:03.482', 'admin', TIMESTAMP '2013-10-28 09:49:03.482', '', '', '', '', '40541b7a-2d95-4e68-a30a-791382b38c6e', '', '', 'kuali.lui.identifier.state.active', '', 'kuali.lui.identifier.type.official', '', '710bc377-920e-45a4-a551-f6822acab174')
/
insert into KSEN_LUILUI_RELTN (OBJ_ID, VER_NBR, CREATEID, CREATETIME, UPDATEID, UPDATETIME, EFF_DT, EXPIR_DT, DESCR_FORMATTED, LUI_ID, LUILUI_RELTN_STATE, LUILUI_RELTN_TYPE, NAME, DESCR_PLAIN, RELATED_LUI_ID, ID) values ('cc0366ad-ef2c-41e2-9020-58675aadcdbf', 0, 'admin', TIMESTAMP '2013-10-28 09:49:03.482', 'admin', TIMESTAMP '2013-10-28 09:49:03.482', TIMESTAMP '2013-10-28 09:49:16.007', '', 'CHEM242-FO-RG', '95329a72-d6c9-48b9-ba69-749c562248ea', 'kuali.lui.lui.relation.state.active', 'kuali.lui.lui.relation.type.deliveredvia.fo2rg', 'fo-rg-relation', 'CHEM242-FO-RG', '40541b7a-2d95-4e68-a30a-791382b38c6e', '1b1fd393-6cb5-46eb-b7b7-bf028a86de48')
/
insert into KSEN_LUILUI_RELTN (OBJ_ID, VER_NBR, CREATEID, CREATETIME, UPDATEID, UPDATETIME, EFF_DT, EXPIR_DT, DESCR_FORMATTED, LUI_ID, LUILUI_RELTN_STATE, LUILUI_RELTN_TYPE, NAME, DESCR_PLAIN, RELATED_LUI_ID, ID) values ('00526e34-e29b-4193-8409-2211eeb6d6d4', 0, 'admin', TIMESTAMP '2013-10-28 09:49:03.482', 'admin', TIMESTAMP '2013-10-28 09:49:03.482', TIMESTAMP '2013-10-28 09:49:16.007', '', 'CHEM242-RG-AO', '40541b7a-2d95-4e68-a30a-791382b38c6e', 'kuali.lui.lui.relation.state.active', 'kuali.lui.lui.relation.type.registeredforvia.rg2ao', 'rg-ao-relation', 'CHEM242-RG-AO', '8572d725-cf47-4763-b00e-71db7f9c10ff', '5704c4f4-8169-47df-bef0-8fffc4cdee7e')
/
insert into KSEN_LUILUI_RELTN (OBJ_ID, VER_NBR, CREATEID, CREATETIME, UPDATEID, UPDATETIME, EFF_DT, EXPIR_DT, DESCR_FORMATTED, LUI_ID, LUILUI_RELTN_STATE, LUILUI_RELTN_TYPE, NAME, DESCR_PLAIN, RELATED_LUI_ID, ID) values ('b321572b-551b-4135-89a3-78add2d275e8', 0, 'admin', TIMESTAMP '2013-10-28 09:49:03.482', 'admin', TIMESTAMP '2013-10-28 09:49:03.482', TIMESTAMP '2013-10-28 09:49:16.008', '', 'CHEM242-RG-AO', '40541b7a-2d95-4e68-a30a-791382b38c6e', 'kuali.lui.lui.relation.state.active', 'kuali.lui.lui.relation.type.registeredforvia.rg2ao', 'rg-ao-relation', 'CHEM242-RG-AO', '7fcb7436-b30b-4bba-a5f9-12140826c038', '669abafb-3ae6-4dc2-9d7b-95c20917465f')
/
insert into KSEN_LUI (OBJ_ID, VER_NBR, CREATEID, CREATETIME, UPDATEID, UPDATETIME, ATP_ID, CLU_ID, EFF_DT, EXPIR_DT, DESCR_FORMATTED, LUI_STATE, LUI_TYPE, MAX_SEATS, MIN_SEATS, NAME, DESCR_PLAIN, REF_URL, ID) values ('b8c38e64-483f-4e77-9458-c1c5c37b425a', 0, 'admin', TIMESTAMP '2013-10-28 09:49:03.482', 'admin', TIMESTAMP '2013-10-28 09:49:03.482', 'kuali.atp.2013Spring', 'd925e275-370d-4d98-bbec-96fe2459a200', '', '', '1018', 'kuali.lui.registration.group.state.pending', 'kuali.lui.type.registration.group', '', '', '1018', '1018', '', '12702e24-fd50-491b-bdd4-78655920d7cd')
/
insert into KSEN_LUI_ATTR (OBJ_ID, ATTR_KEY, OWNER_ID, ATTR_VALUE, ID) values ('b1317e68-9a92-4dc9-be14-2e0c85194c6c', 'kuali.attribute.registration.group.is.generated', '12702e24-fd50-491b-bdd4-78655920d7cd', '1', '38c9f563-2c0a-4d7d-8968-1be663752455')
/
insert into KSEN_LUI_ATTR (OBJ_ID, ATTR_KEY, OWNER_ID, ATTR_VALUE, ID) values ('1c7867f7-61fc-47ce-8dd2-d3bf4c8339aa', 'kuali.attribute.registration.group.aocluster.id', '12702e24-fd50-491b-bdd4-78655920d7cd', '1f1e819a-d2c0-435e-b186-a04568c640c1', 'b817a139-1ea3-43a1-b64f-8bcb41b2bd8e')
/
insert into KSEN_LUI_IDENT (OBJ_ID, VER_NBR, CREATEID, CREATETIME, UPDATEID, UPDATETIME, LUI_CD, DIVISION, IDENT_LEVEL, LNG_NAME, LUI_ID, ORGID, SHRT_NAME, LUI_ID_STATE, SUFX_CD, LUI_ID_TYPE, VARTN, ID) values ('986ab4a1-5906-4f1e-9603-d2d419449f73', 0, 'admin', TIMESTAMP '2013-10-28 09:49:03.482', 'admin', TIMESTAMP '2013-10-28 09:49:03.482', '', '', '', '', '12702e24-fd50-491b-bdd4-78655920d7cd', '', '', 'kuali.lui.identifier.state.active', '', 'kuali.lui.identifier.type.official', '', '8a31233a-a85d-40f8-8425-65d55ed11fd9')
/
insert into KSEN_LUILUI_RELTN (OBJ_ID, VER_NBR, CREATEID, CREATETIME, UPDATEID, UPDATETIME, EFF_DT, EXPIR_DT, DESCR_FORMATTED, LUI_ID, LUILUI_RELTN_STATE, LUILUI_RELTN_TYPE, NAME, DESCR_PLAIN, RELATED_LUI_ID, ID) values ('a675c1b0-f5d6-4632-a72e-00030f90400e', 0, 'admin', TIMESTAMP '2013-10-28 09:49:03.482', 'admin', TIMESTAMP '2013-10-28 09:49:03.482', TIMESTAMP '2013-10-28 09:49:16.363', '', 'CHEM242-FO-RG', '95329a72-d6c9-48b9-ba69-749c562248ea', 'kuali.lui.lui.relation.state.active', 'kuali.lui.lui.relation.type.deliveredvia.fo2rg', 'fo-rg-relation', 'CHEM242-FO-RG', '12702e24-fd50-491b-bdd4-78655920d7cd', '5e7b84f8-e427-4536-ad5e-bc468c1d52e6')
/
insert into KSEN_LUILUI_RELTN (OBJ_ID, VER_NBR, CREATEID, CREATETIME, UPDATEID, UPDATETIME, EFF_DT, EXPIR_DT, DESCR_FORMATTED, LUI_ID, LUILUI_RELTN_STATE, LUILUI_RELTN_TYPE, NAME, DESCR_PLAIN, RELATED_LUI_ID, ID) values ('8e6babc7-1c0a-48a0-a1f5-e6960922bcd3', 0, 'admin', TIMESTAMP '2013-10-28 09:49:03.482', 'admin', TIMESTAMP '2013-10-28 09:49:03.482', TIMESTAMP '2013-10-28 09:49:16.364', '', 'CHEM242-RG-AO', '12702e24-fd50-491b-bdd4-78655920d7cd', 'kuali.lui.lui.relation.state.active', 'kuali.lui.lui.relation.type.registeredforvia.rg2ao', 'rg-ao-relation', 'CHEM242-RG-AO', '8572d725-cf47-4763-b00e-71db7f9c10ff', 'e234d2b9-6a87-41ac-9f7d-a198fda90900')
/
insert into KSEN_LUILUI_RELTN (OBJ_ID, VER_NBR, CREATEID, CREATETIME, UPDATEID, UPDATETIME, EFF_DT, EXPIR_DT, DESCR_FORMATTED, LUI_ID, LUILUI_RELTN_STATE, LUILUI_RELTN_TYPE, NAME, DESCR_PLAIN, RELATED_LUI_ID, ID) values ('ab0f778e-1b2c-4c40-9211-5663581a2379', 0, 'admin', TIMESTAMP '2013-10-28 09:49:03.482', 'admin', TIMESTAMP '2013-10-28 09:49:03.482', TIMESTAMP '2013-10-28 09:49:16.364', '', 'CHEM242-RG-AO', '12702e24-fd50-491b-bdd4-78655920d7cd', 'kuali.lui.lui.relation.state.active', 'kuali.lui.lui.relation.type.registeredforvia.rg2ao', 'rg-ao-relation', 'CHEM242-RG-AO', '63e6d81f-ea0d-4fa7-ad72-24859f81324d', '712edef4-b847-40ee-9fd3-e3f39deb3d50')
/
insert into KSEN_LUI (OBJ_ID, VER_NBR, CREATEID, CREATETIME, UPDATEID, UPDATETIME, ATP_ID, CLU_ID, EFF_DT, EXPIR_DT, DESCR_FORMATTED, LUI_STATE, LUI_TYPE, MAX_SEATS, MIN_SEATS, NAME, DESCR_PLAIN, REF_URL, ID) values ('524eb038-4afc-4031-991f-06eaa3e6d239', 0, 'admin', TIMESTAMP '2013-10-28 09:49:03.482', 'admin', TIMESTAMP '2013-10-28 09:49:03.482', 'kuali.atp.2013Spring', 'd925e275-370d-4d98-bbec-96fe2459a200', '', '', '1019', 'kuali.lui.registration.group.state.pending', 'kuali.lui.type.registration.group', '', '', '1019', '1019', '', '471527c3-7bb9-4c03-8ee5-763bc21f093e')
/
insert into KSEN_LUI_ATTR (OBJ_ID, ATTR_KEY, OWNER_ID, ATTR_VALUE, ID) values ('d2898c81-fd4d-4038-bef4-2d566e214ed6', 'kuali.attribute.registration.group.aocluster.id', '471527c3-7bb9-4c03-8ee5-763bc21f093e', '1f1e819a-d2c0-435e-b186-a04568c640c1', 'e81bb4f2-101c-4c9b-8019-34e71442a7c2')
/
insert into KSEN_LUI_ATTR (OBJ_ID, ATTR_KEY, OWNER_ID, ATTR_VALUE, ID) values ('f397845a-2981-465b-b295-70d9a51b0742', 'kuali.attribute.registration.group.is.generated', '471527c3-7bb9-4c03-8ee5-763bc21f093e', '1', 'f9bfe228-c207-44db-aa65-12414e8bf3d5')
/
insert into KSEN_LUI_IDENT (OBJ_ID, VER_NBR, CREATEID, CREATETIME, UPDATEID, UPDATETIME, LUI_CD, DIVISION, IDENT_LEVEL, LNG_NAME, LUI_ID, ORGID, SHRT_NAME, LUI_ID_STATE, SUFX_CD, LUI_ID_TYPE, VARTN, ID) values ('59d1b13d-1090-476f-a31f-d48fd795dd8a', 0, 'admin', TIMESTAMP '2013-10-28 09:49:03.482', 'admin', TIMESTAMP '2013-10-28 09:49:03.482', '', '', '', '', '471527c3-7bb9-4c03-8ee5-763bc21f093e', '', '', 'kuali.lui.identifier.state.active', '', 'kuali.lui.identifier.type.official', '', '8f0af622-ca73-4c09-b413-6c065f1e5b9c')
/
insert into KSEN_LUILUI_RELTN (OBJ_ID, VER_NBR, CREATEID, CREATETIME, UPDATEID, UPDATETIME, EFF_DT, EXPIR_DT, DESCR_FORMATTED, LUI_ID, LUILUI_RELTN_STATE, LUILUI_RELTN_TYPE, NAME, DESCR_PLAIN, RELATED_LUI_ID, ID) values ('93f75b18-c854-42c9-8faf-ff50f74a3499', 0, 'admin', TIMESTAMP '2013-10-28 09:49:03.482', 'admin', TIMESTAMP '2013-10-28 09:49:03.482', TIMESTAMP '2013-10-28 09:49:16.718', '', 'CHEM242-FO-RG', '95329a72-d6c9-48b9-ba69-749c562248ea', 'kuali.lui.lui.relation.state.active', 'kuali.lui.lui.relation.type.deliveredvia.fo2rg', 'fo-rg-relation', 'CHEM242-FO-RG', '471527c3-7bb9-4c03-8ee5-763bc21f093e', '00efb947-cce1-4128-8d04-b8198ada70b0')
/
insert into KSEN_LUILUI_RELTN (OBJ_ID, VER_NBR, CREATEID, CREATETIME, UPDATEID, UPDATETIME, EFF_DT, EXPIR_DT, DESCR_FORMATTED, LUI_ID, LUILUI_RELTN_STATE, LUILUI_RELTN_TYPE, NAME, DESCR_PLAIN, RELATED_LUI_ID, ID) values ('7c44cd80-b782-479a-bd3a-ebba514db88f', 0, 'admin', TIMESTAMP '2013-10-28 09:49:03.482', 'admin', TIMESTAMP '2013-10-28 09:49:03.482', TIMESTAMP '2013-10-28 09:49:16.718', '', 'CHEM242-RG-AO', '471527c3-7bb9-4c03-8ee5-763bc21f093e', 'kuali.lui.lui.relation.state.active', 'kuali.lui.lui.relation.type.registeredforvia.rg2ao', 'rg-ao-relation', 'CHEM242-RG-AO', '8572d725-cf47-4763-b00e-71db7f9c10ff', '4855fcaf-1395-4ae4-a19b-2d485ccb5f55')
/
insert into KSEN_LUILUI_RELTN (OBJ_ID, VER_NBR, CREATEID, CREATETIME, UPDATEID, UPDATETIME, EFF_DT, EXPIR_DT, DESCR_FORMATTED, LUI_ID, LUILUI_RELTN_STATE, LUILUI_RELTN_TYPE, NAME, DESCR_PLAIN, RELATED_LUI_ID, ID) values ('6ca4d0dc-d374-4e76-ad03-efa471b07574', 0, 'admin', TIMESTAMP '2013-10-28 09:49:03.482', 'admin', TIMESTAMP '2013-10-28 09:49:03.482', TIMESTAMP '2013-10-28 09:49:16.719', '', 'CHEM242-RG-AO', '471527c3-7bb9-4c03-8ee5-763bc21f093e', 'kuali.lui.lui.relation.state.active', 'kuali.lui.lui.relation.type.registeredforvia.rg2ao', 'rg-ao-relation', 'CHEM242-RG-AO', '26c2f806-54fa-4ab7-8e62-a5e6fb1edcdc', 'aa6966a2-f8a4-45bf-b9dc-768878572d3d')
/
insert into KSEN_LUI (OBJ_ID, VER_NBR, CREATEID, CREATETIME, UPDATEID, UPDATETIME, ATP_ID, CLU_ID, EFF_DT, EXPIR_DT, DESCR_FORMATTED, LUI_STATE, LUI_TYPE, MAX_SEATS, MIN_SEATS, NAME, DESCR_PLAIN, REF_URL, ID) values ('ef0589ff-02df-44c5-8ca3-6550588b8001', 0, 'admin', TIMESTAMP '2013-10-28 09:49:03.482', 'admin', TIMESTAMP '2013-10-28 09:49:03.482', 'kuali.atp.2013Spring', 'd925e275-370d-4d98-bbec-96fe2459a200', '', '', '1020', 'kuali.lui.registration.group.state.pending', 'kuali.lui.type.registration.group', '', '', '1020', '1020', '', '89abaac7-c46a-4fed-a1f7-c48728809df4')
/
insert into KSEN_LUI_ATTR (OBJ_ID, ATTR_KEY, OWNER_ID, ATTR_VALUE, ID) values ('e879b5c3-ee6d-4cb9-b37f-d1aa9293dcac', 'kuali.attribute.registration.group.is.generated', '89abaac7-c46a-4fed-a1f7-c48728809df4', '1', '1c1c85e9-b3e9-43f6-9ae5-16d1c4acd7b5')
/
insert into KSEN_LUI_ATTR (OBJ_ID, ATTR_KEY, OWNER_ID, ATTR_VALUE, ID) values ('95bfe8d4-5246-4237-94e8-593ad37a2a90', 'kuali.attribute.registration.group.aocluster.id', '89abaac7-c46a-4fed-a1f7-c48728809df4', '1f1e819a-d2c0-435e-b186-a04568c640c1', 'f128c82f-344d-4653-9c9f-5c50f1f4bfec')
/
insert into KSEN_LUI_IDENT (OBJ_ID, VER_NBR, CREATEID, CREATETIME, UPDATEID, UPDATETIME, LUI_CD, DIVISION, IDENT_LEVEL, LNG_NAME, LUI_ID, ORGID, SHRT_NAME, LUI_ID_STATE, SUFX_CD, LUI_ID_TYPE, VARTN, ID) values ('56fc4ec2-75ac-488c-a83f-e719f88c8bad', 0, 'admin', TIMESTAMP '2013-10-28 09:49:03.482', 'admin', TIMESTAMP '2013-10-28 09:49:03.482', '', '', '', '', '89abaac7-c46a-4fed-a1f7-c48728809df4', '', '', 'kuali.lui.identifier.state.active', '', 'kuali.lui.identifier.type.official', '', '8b6c214f-0eec-4c0b-b6ac-ef7db9b68ed1')
/
insert into KSEN_LUILUI_RELTN (OBJ_ID, VER_NBR, CREATEID, CREATETIME, UPDATEID, UPDATETIME, EFF_DT, EXPIR_DT, DESCR_FORMATTED, LUI_ID, LUILUI_RELTN_STATE, LUILUI_RELTN_TYPE, NAME, DESCR_PLAIN, RELATED_LUI_ID, ID) values ('bbe92e3f-c9e9-4243-9dff-da548ad8fc0b', 0, 'admin', TIMESTAMP '2013-10-28 09:49:03.482', 'admin', TIMESTAMP '2013-10-28 09:49:03.482', TIMESTAMP '2013-10-28 09:49:17.089', '', 'CHEM242-FO-RG', '95329a72-d6c9-48b9-ba69-749c562248ea', 'kuali.lui.lui.relation.state.active', 'kuali.lui.lui.relation.type.deliveredvia.fo2rg', 'fo-rg-relation', 'CHEM242-FO-RG', '89abaac7-c46a-4fed-a1f7-c48728809df4', 'd7841466-932f-42af-8d21-cc408e4ddaf1')
/
insert into KSEN_LUILUI_RELTN (OBJ_ID, VER_NBR, CREATEID, CREATETIME, UPDATEID, UPDATETIME, EFF_DT, EXPIR_DT, DESCR_FORMATTED, LUI_ID, LUILUI_RELTN_STATE, LUILUI_RELTN_TYPE, NAME, DESCR_PLAIN, RELATED_LUI_ID, ID) values ('cb3da1ae-543a-4a1b-8dee-b7c306202441', 0, 'admin', TIMESTAMP '2013-10-28 09:49:03.482', 'admin', TIMESTAMP '2013-10-28 09:49:03.482', TIMESTAMP '2013-10-28 09:49:17.089', '', 'CHEM242-RG-AO', '89abaac7-c46a-4fed-a1f7-c48728809df4', 'kuali.lui.lui.relation.state.active', 'kuali.lui.lui.relation.type.registeredforvia.rg2ao', 'rg-ao-relation', 'CHEM242-RG-AO', '8572d725-cf47-4763-b00e-71db7f9c10ff', '757ec5f5-a55f-4c6d-b243-d719c9ab7f39')
/
insert into KSEN_LUILUI_RELTN (OBJ_ID, VER_NBR, CREATEID, CREATETIME, UPDATEID, UPDATETIME, EFF_DT, EXPIR_DT, DESCR_FORMATTED, LUI_ID, LUILUI_RELTN_STATE, LUILUI_RELTN_TYPE, NAME, DESCR_PLAIN, RELATED_LUI_ID, ID) values ('d2eda002-a9d9-4c4f-bf14-012a806e7e8a', 0, 'admin', TIMESTAMP '2013-10-28 09:49:03.482', 'admin', TIMESTAMP '2013-10-28 09:49:03.482', TIMESTAMP '2013-10-28 09:49:17.09', '', 'CHEM242-RG-AO', '89abaac7-c46a-4fed-a1f7-c48728809df4', 'kuali.lui.lui.relation.state.active', 'kuali.lui.lui.relation.type.registeredforvia.rg2ao', 'rg-ao-relation', 'CHEM242-RG-AO', '0c91961a-8ea1-4bff-b00a-588d64831373', '94968e95-647d-43cb-88fa-e99c43851daf')
/
insert into KSEN_LUI (OBJ_ID, VER_NBR, CREATEID, CREATETIME, UPDATEID, UPDATETIME, ATP_ID, CLU_ID, EFF_DT, EXPIR_DT, DESCR_FORMATTED, LUI_STATE, LUI_TYPE, MAX_SEATS, MIN_SEATS, NAME, DESCR_PLAIN, REF_URL, ID) values ('91994cd6-5fb3-4455-8a3a-706190f1e891', 0, 'admin', TIMESTAMP '2013-10-28 09:49:03.482', 'admin', TIMESTAMP '2013-10-28 09:49:03.482', 'kuali.atp.2013Spring', 'd925e275-370d-4d98-bbec-96fe2459a200', '', '', '1021', 'kuali.lui.registration.group.state.pending', 'kuali.lui.type.registration.group', '', '', '1021', '1021', '', '863b1989-9bc4-4fc0-bbf8-a68363f594a1')
/
insert into KSEN_LUI_ATTR (OBJ_ID, ATTR_KEY, OWNER_ID, ATTR_VALUE, ID) values ('32418e04-97df-4493-a12e-fd9b3308d2c9', 'kuali.attribute.registration.group.aocluster.id', '863b1989-9bc4-4fc0-bbf8-a68363f594a1', '1f1e819a-d2c0-435e-b186-a04568c640c1', '20b73bbe-df45-48a6-b268-330c233fd552')
/
insert into KSEN_LUI_ATTR (OBJ_ID, ATTR_KEY, OWNER_ID, ATTR_VALUE, ID) values ('8823595c-0923-4a98-a0b7-2a4e21397086', 'kuali.attribute.registration.group.is.generated', '863b1989-9bc4-4fc0-bbf8-a68363f594a1', '1', '12956634-fc17-4308-8663-34a44fe8d6e3')
/
insert into KSEN_LUI_IDENT (OBJ_ID, VER_NBR, CREATEID, CREATETIME, UPDATEID, UPDATETIME, LUI_CD, DIVISION, IDENT_LEVEL, LNG_NAME, LUI_ID, ORGID, SHRT_NAME, LUI_ID_STATE, SUFX_CD, LUI_ID_TYPE, VARTN, ID) values ('6d00a2b0-539d-45d9-b607-543156da0f4e', 0, 'admin', TIMESTAMP '2013-10-28 09:49:03.482', 'admin', TIMESTAMP '2013-10-28 09:49:03.482', '', '', '', '', '863b1989-9bc4-4fc0-bbf8-a68363f594a1', '', '', 'kuali.lui.identifier.state.active', '', 'kuali.lui.identifier.type.official', '', '3ee1638b-2156-4e7c-9a93-582f937659ce')
/
insert into KSEN_LUILUI_RELTN (OBJ_ID, VER_NBR, CREATEID, CREATETIME, UPDATEID, UPDATETIME, EFF_DT, EXPIR_DT, DESCR_FORMATTED, LUI_ID, LUILUI_RELTN_STATE, LUILUI_RELTN_TYPE, NAME, DESCR_PLAIN, RELATED_LUI_ID, ID) values ('6f38dfc3-2637-42d4-a703-3f3453d1f47b', 0, 'admin', TIMESTAMP '2013-10-28 09:49:03.482', 'admin', TIMESTAMP '2013-10-28 09:49:03.482', TIMESTAMP '2013-10-28 09:49:17.463', '', 'CHEM242-FO-RG', '95329a72-d6c9-48b9-ba69-749c562248ea', 'kuali.lui.lui.relation.state.active', 'kuali.lui.lui.relation.type.deliveredvia.fo2rg', 'fo-rg-relation', 'CHEM242-FO-RG', '863b1989-9bc4-4fc0-bbf8-a68363f594a1', 'afd4c805-6e17-4939-9706-7b956bf4c0bb')
/
insert into KSEN_LUILUI_RELTN (OBJ_ID, VER_NBR, CREATEID, CREATETIME, UPDATEID, UPDATETIME, EFF_DT, EXPIR_DT, DESCR_FORMATTED, LUI_ID, LUILUI_RELTN_STATE, LUILUI_RELTN_TYPE, NAME, DESCR_PLAIN, RELATED_LUI_ID, ID) values ('32f4b229-b13f-4f24-87c3-45849d9c0e3f', 0, 'admin', TIMESTAMP '2013-10-28 09:49:03.482', 'admin', TIMESTAMP '2013-10-28 09:49:03.482', TIMESTAMP '2013-10-28 09:49:17.463', '', 'CHEM242-RG-AO', '863b1989-9bc4-4fc0-bbf8-a68363f594a1', 'kuali.lui.lui.relation.state.active', 'kuali.lui.lui.relation.type.registeredforvia.rg2ao', 'rg-ao-relation', 'CHEM242-RG-AO', '8572d725-cf47-4763-b00e-71db7f9c10ff', '2d49907d-9241-44d9-9705-5ff4b0102f19')
/
insert into KSEN_LUILUI_RELTN (OBJ_ID, VER_NBR, CREATEID, CREATETIME, UPDATEID, UPDATETIME, EFF_DT, EXPIR_DT, DESCR_FORMATTED, LUI_ID, LUILUI_RELTN_STATE, LUILUI_RELTN_TYPE, NAME, DESCR_PLAIN, RELATED_LUI_ID, ID) values ('f097e835-27c7-42ae-b5d8-0b8796225067', 0, 'admin', TIMESTAMP '2013-10-28 09:49:03.482', 'admin', TIMESTAMP '2013-10-28 09:49:03.482', TIMESTAMP '2013-10-28 09:49:17.464', '', 'CHEM242-RG-AO', '863b1989-9bc4-4fc0-bbf8-a68363f594a1', 'kuali.lui.lui.relation.state.active', 'kuali.lui.lui.relation.type.registeredforvia.rg2ao', 'rg-ao-relation', 'CHEM242-RG-AO', '6dcb942f-7c0e-4db2-a715-387a72c3b5c3', 'd806d100-ebd5-42fa-a708-3c4600c90984')
/
insert into KSEN_LUI (OBJ_ID, VER_NBR, CREATEID, CREATETIME, UPDATEID, UPDATETIME, ATP_ID, CLU_ID, EFF_DT, EXPIR_DT, DESCR_FORMATTED, LUI_STATE, LUI_TYPE, MAX_SEATS, MIN_SEATS, NAME, DESCR_PLAIN, REF_URL, ID) values ('7f099b95-65b4-49dd-8f6d-6a8f5bac66a2', 0, 'admin', TIMESTAMP '2013-10-28 09:49:03.482', 'admin', TIMESTAMP '2013-10-28 09:49:03.482', 'kuali.atp.2013Spring', 'd925e275-370d-4d98-bbec-96fe2459a200', '', '', '1022', 'kuali.lui.registration.group.state.pending', 'kuali.lui.type.registration.group', '', '', '1022', '1022', '', '768d6fb8-8d9f-4009-b909-43b63be8e9ca')
/
insert into KSEN_LUI_ATTR (OBJ_ID, ATTR_KEY, OWNER_ID, ATTR_VALUE, ID) values ('776943be-c7d2-4379-8731-683e12dde801', 'kuali.attribute.registration.group.is.generated', '768d6fb8-8d9f-4009-b909-43b63be8e9ca', '1', 'd68c6062-b8e3-4fc1-846e-cefe4834ab12')
/
insert into KSEN_LUI_ATTR (OBJ_ID, ATTR_KEY, OWNER_ID, ATTR_VALUE, ID) values ('c18dad4d-915d-418e-bc54-788ee245ae01', 'kuali.attribute.registration.group.aocluster.id', '768d6fb8-8d9f-4009-b909-43b63be8e9ca', '1f1e819a-d2c0-435e-b186-a04568c640c1', '58dcb503-70b6-4f23-802c-84df5779d266')
/
insert into KSEN_LUI_IDENT (OBJ_ID, VER_NBR, CREATEID, CREATETIME, UPDATEID, UPDATETIME, LUI_CD, DIVISION, IDENT_LEVEL, LNG_NAME, LUI_ID, ORGID, SHRT_NAME, LUI_ID_STATE, SUFX_CD, LUI_ID_TYPE, VARTN, ID) values ('492df30b-39a4-44c2-af4d-4ff31d627ec4', 0, 'admin', TIMESTAMP '2013-10-28 09:49:03.482', 'admin', TIMESTAMP '2013-10-28 09:49:03.482', '', '', '', '', '768d6fb8-8d9f-4009-b909-43b63be8e9ca', '', '', 'kuali.lui.identifier.state.active', '', 'kuali.lui.identifier.type.official', '', '99f55a1d-c938-4885-ac17-f00d93f3058a')
/
insert into KSEN_LUILUI_RELTN (OBJ_ID, VER_NBR, CREATEID, CREATETIME, UPDATEID, UPDATETIME, EFF_DT, EXPIR_DT, DESCR_FORMATTED, LUI_ID, LUILUI_RELTN_STATE, LUILUI_RELTN_TYPE, NAME, DESCR_PLAIN, RELATED_LUI_ID, ID) values ('c69a9f64-6a02-4dfe-9988-8f00aa1dd3a3', 0, 'admin', TIMESTAMP '2013-10-28 09:49:03.482', 'admin', TIMESTAMP '2013-10-28 09:49:03.482', TIMESTAMP '2013-10-28 09:49:17.776', '', 'CHEM242-FO-RG', '95329a72-d6c9-48b9-ba69-749c562248ea', 'kuali.lui.lui.relation.state.active', 'kuali.lui.lui.relation.type.deliveredvia.fo2rg', 'fo-rg-relation', 'CHEM242-FO-RG', '768d6fb8-8d9f-4009-b909-43b63be8e9ca', '926513f5-7a91-4057-b827-9d61c29a89b9')
/
insert into KSEN_LUILUI_RELTN (OBJ_ID, VER_NBR, CREATEID, CREATETIME, UPDATEID, UPDATETIME, EFF_DT, EXPIR_DT, DESCR_FORMATTED, LUI_ID, LUILUI_RELTN_STATE, LUILUI_RELTN_TYPE, NAME, DESCR_PLAIN, RELATED_LUI_ID, ID) values ('10c8e7d1-3650-40e7-97ce-c79dab89a39e', 0, 'admin', TIMESTAMP '2013-10-28 09:49:03.482', 'admin', TIMESTAMP '2013-10-28 09:49:03.482', TIMESTAMP '2013-10-28 09:49:17.777', '', 'CHEM242-RG-AO', '768d6fb8-8d9f-4009-b909-43b63be8e9ca', 'kuali.lui.lui.relation.state.active', 'kuali.lui.lui.relation.type.registeredforvia.rg2ao', 'rg-ao-relation', 'CHEM242-RG-AO', '8572d725-cf47-4763-b00e-71db7f9c10ff', 'b8190c28-8cba-40c7-b350-47c1d0e4df98')
/
insert into KSEN_LUILUI_RELTN (OBJ_ID, VER_NBR, CREATEID, CREATETIME, UPDATEID, UPDATETIME, EFF_DT, EXPIR_DT, DESCR_FORMATTED, LUI_ID, LUILUI_RELTN_STATE, LUILUI_RELTN_TYPE, NAME, DESCR_PLAIN, RELATED_LUI_ID, ID) values ('f4edb730-3fbb-4ded-b504-c3885f956536', 0, 'admin', TIMESTAMP '2013-10-28 09:49:03.482', 'admin', TIMESTAMP '2013-10-28 09:49:03.482', TIMESTAMP '2013-10-28 09:49:17.777', '', 'CHEM242-RG-AO', '768d6fb8-8d9f-4009-b909-43b63be8e9ca', 'kuali.lui.lui.relation.state.active', 'kuali.lui.lui.relation.type.registeredforvia.rg2ao', 'rg-ao-relation', 'CHEM242-RG-AO', 'd2086e10-ba59-4339-b9df-f6ae1acbc465', '9603625e-7588-4fb7-8c5a-65febbb0c5e1')
/
insert into KSEN_LUI (OBJ_ID, VER_NBR, CREATEID, CREATETIME, UPDATEID, UPDATETIME, ATP_ID, CLU_ID, EFF_DT, EXPIR_DT, DESCR_FORMATTED, LUI_STATE, LUI_TYPE, MAX_SEATS, MIN_SEATS, NAME, DESCR_PLAIN, REF_URL, ID) values ('35958174-b77c-48f3-837c-96b2c53deeef', 0, 'admin', TIMESTAMP '2013-10-28 09:49:03.482', 'admin', TIMESTAMP '2013-10-28 09:49:03.482', 'kuali.atp.2013Spring', 'd925e275-370d-4d98-bbec-96fe2459a200', '', '', '1023', 'kuali.lui.registration.group.state.pending', 'kuali.lui.type.registration.group', '', '', '1023', '1023', '', '7f93eb45-d43f-418c-9d88-7927b3f2fcde')
/
insert into KSEN_LUI_ATTR (OBJ_ID, ATTR_KEY, OWNER_ID, ATTR_VALUE, ID) values ('40f12ea8-bed8-4cfe-a58e-0dfe852a6bf4', 'kuali.attribute.registration.group.aocluster.id', '7f93eb45-d43f-418c-9d88-7927b3f2fcde', '1f1e819a-d2c0-435e-b186-a04568c640c1', 'ad8d40fe-b05a-4231-95dd-bbb13e2a6f35')
/
insert into KSEN_LUI_ATTR (OBJ_ID, ATTR_KEY, OWNER_ID, ATTR_VALUE, ID) values ('0ab65fd5-8f4f-4ffd-be93-95bd84290c4a', 'kuali.attribute.registration.group.is.generated', '7f93eb45-d43f-418c-9d88-7927b3f2fcde', '1', 'a8c39f0b-0e27-4f98-a8ae-d677297df074')
/
insert into KSEN_LUI_IDENT (OBJ_ID, VER_NBR, CREATEID, CREATETIME, UPDATEID, UPDATETIME, LUI_CD, DIVISION, IDENT_LEVEL, LNG_NAME, LUI_ID, ORGID, SHRT_NAME, LUI_ID_STATE, SUFX_CD, LUI_ID_TYPE, VARTN, ID) values ('29c01817-b758-43ac-8e94-08011831b4aa', 0, 'admin', TIMESTAMP '2013-10-28 09:49:03.482', 'admin', TIMESTAMP '2013-10-28 09:49:03.482', '', '', '', '', '7f93eb45-d43f-418c-9d88-7927b3f2fcde', '', '', 'kuali.lui.identifier.state.active', '', 'kuali.lui.identifier.type.official', '', '947c8e94-65d1-4772-a1b4-7efbeccdeaf5')
/
insert into KSEN_LUILUI_RELTN (OBJ_ID, VER_NBR, CREATEID, CREATETIME, UPDATEID, UPDATETIME, EFF_DT, EXPIR_DT, DESCR_FORMATTED, LUI_ID, LUILUI_RELTN_STATE, LUILUI_RELTN_TYPE, NAME, DESCR_PLAIN, RELATED_LUI_ID, ID) values ('7966b2b3-6e43-4cd7-bebe-72f412a97318', 0, 'admin', TIMESTAMP '2013-10-28 09:49:03.482', 'admin', TIMESTAMP '2013-10-28 09:49:03.482', TIMESTAMP '2013-10-28 09:49:18.165', '', 'CHEM242-FO-RG', '95329a72-d6c9-48b9-ba69-749c562248ea', 'kuali.lui.lui.relation.state.active', 'kuali.lui.lui.relation.type.deliveredvia.fo2rg', 'fo-rg-relation', 'CHEM242-FO-RG', '7f93eb45-d43f-418c-9d88-7927b3f2fcde', '180dd03c-e4fc-4cfa-b1f5-05b83424f206')
/
insert into KSEN_LUILUI_RELTN (OBJ_ID, VER_NBR, CREATEID, CREATETIME, UPDATEID, UPDATETIME, EFF_DT, EXPIR_DT, DESCR_FORMATTED, LUI_ID, LUILUI_RELTN_STATE, LUILUI_RELTN_TYPE, NAME, DESCR_PLAIN, RELATED_LUI_ID, ID) values ('a63344e6-5be3-454f-8794-89d48acb511f', 0, 'admin', TIMESTAMP '2013-10-28 09:49:03.482', 'admin', TIMESTAMP '2013-10-28 09:49:03.482', TIMESTAMP '2013-10-28 09:49:18.165', '', 'CHEM242-RG-AO', '7f93eb45-d43f-418c-9d88-7927b3f2fcde', 'kuali.lui.lui.relation.state.active', 'kuali.lui.lui.relation.type.registeredforvia.rg2ao', 'rg-ao-relation', 'CHEM242-RG-AO', '8572d725-cf47-4763-b00e-71db7f9c10ff', 'bc8e727d-eaa0-4623-affe-503e45c8bee6')
/
insert into KSEN_LUILUI_RELTN (OBJ_ID, VER_NBR, CREATEID, CREATETIME, UPDATEID, UPDATETIME, EFF_DT, EXPIR_DT, DESCR_FORMATTED, LUI_ID, LUILUI_RELTN_STATE, LUILUI_RELTN_TYPE, NAME, DESCR_PLAIN, RELATED_LUI_ID, ID) values ('f7a9d5a0-2084-4644-8fbc-07d021aef0c5', 0, 'admin', TIMESTAMP '2013-10-28 09:49:03.482', 'admin', TIMESTAMP '2013-10-28 09:49:03.482', TIMESTAMP '2013-10-28 09:49:18.166', '', 'CHEM242-RG-AO', '7f93eb45-d43f-418c-9d88-7927b3f2fcde', 'kuali.lui.lui.relation.state.active', 'kuali.lui.lui.relation.type.registeredforvia.rg2ao', 'rg-ao-relation', 'CHEM242-RG-AO', '4af651f7-fb3c-49ba-b9eb-d2fdf0be7371', 'c9f1afd7-1d8c-4e9c-ada3-d8353857f1cc')
/
insert into KSEN_LUI (OBJ_ID, VER_NBR, CREATEID, CREATETIME, UPDATEID, UPDATETIME, ATP_ID, CLU_ID, EFF_DT, EXPIR_DT, DESCR_FORMATTED, LUI_STATE, LUI_TYPE, MAX_SEATS, MIN_SEATS, NAME, DESCR_PLAIN, REF_URL, ID) values ('58cd1cd3-4399-494b-beb9-97b2f13ed52c', 0, 'admin', TIMESTAMP '2013-10-28 09:49:03.482', 'admin', TIMESTAMP '2013-10-28 09:49:03.482', 'kuali.atp.2013Spring', 'd925e275-370d-4d98-bbec-96fe2459a200', '', '', '1024', 'kuali.lui.registration.group.state.pending', 'kuali.lui.type.registration.group', '', '', '1024', '1024', '', '7098a9a2-e1bc-491f-ab5f-04c108487c50')
/
insert into KSEN_LUI_ATTR (OBJ_ID, ATTR_KEY, OWNER_ID, ATTR_VALUE, ID) values ('e148e025-038e-4632-8b7a-0199e128e5d6', 'kuali.attribute.registration.group.is.generated', '7098a9a2-e1bc-491f-ab5f-04c108487c50', '1', 'a9714d59-236d-4ddc-9ed9-8db221a73442')
/
insert into KSEN_LUI_ATTR (OBJ_ID, ATTR_KEY, OWNER_ID, ATTR_VALUE, ID) values ('2a4a6bc6-1827-4d81-b726-9d1f0d2febf3', 'kuali.attribute.registration.group.aocluster.id', '7098a9a2-e1bc-491f-ab5f-04c108487c50', '1f1e819a-d2c0-435e-b186-a04568c640c1', 'cdd9b8cc-ed6f-4208-b6db-5b8951295c4b')
/
insert into KSEN_LUI_IDENT (OBJ_ID, VER_NBR, CREATEID, CREATETIME, UPDATEID, UPDATETIME, LUI_CD, DIVISION, IDENT_LEVEL, LNG_NAME, LUI_ID, ORGID, SHRT_NAME, LUI_ID_STATE, SUFX_CD, LUI_ID_TYPE, VARTN, ID) values ('1f055f52-225d-4ab4-93e3-0e4f7889ce32', 0, 'admin', TIMESTAMP '2013-10-28 09:49:03.482', 'admin', TIMESTAMP '2013-10-28 09:49:03.482', '', '', '', '', '7098a9a2-e1bc-491f-ab5f-04c108487c50', '', '', 'kuali.lui.identifier.state.active', '', 'kuali.lui.identifier.type.official', '', '7577669a-a890-4ff1-a786-eeecddf1863f')
/
insert into KSEN_LUILUI_RELTN (OBJ_ID, VER_NBR, CREATEID, CREATETIME, UPDATEID, UPDATETIME, EFF_DT, EXPIR_DT, DESCR_FORMATTED, LUI_ID, LUILUI_RELTN_STATE, LUILUI_RELTN_TYPE, NAME, DESCR_PLAIN, RELATED_LUI_ID, ID) values ('00846858-6395-4d39-993f-fc94bd86e498', 0, 'admin', TIMESTAMP '2013-10-28 09:49:03.482', 'admin', TIMESTAMP '2013-10-28 09:49:03.482', TIMESTAMP '2013-10-28 09:49:18.511', '', 'CHEM242-FO-RG', '95329a72-d6c9-48b9-ba69-749c562248ea', 'kuali.lui.lui.relation.state.active', 'kuali.lui.lui.relation.type.deliveredvia.fo2rg', 'fo-rg-relation', 'CHEM242-FO-RG', '7098a9a2-e1bc-491f-ab5f-04c108487c50', '6408ec5c-9e30-4a1d-bc88-6817fe4c67de')
/
insert into KSEN_LUILUI_RELTN (OBJ_ID, VER_NBR, CREATEID, CREATETIME, UPDATEID, UPDATETIME, EFF_DT, EXPIR_DT, DESCR_FORMATTED, LUI_ID, LUILUI_RELTN_STATE, LUILUI_RELTN_TYPE, NAME, DESCR_PLAIN, RELATED_LUI_ID, ID) values ('602c6ad7-a076-47b6-a92e-e237c61b56ed', 0, 'admin', TIMESTAMP '2013-10-28 09:49:03.482', 'admin', TIMESTAMP '2013-10-28 09:49:03.482', TIMESTAMP '2013-10-28 09:49:18.512', '', 'CHEM242-RG-AO', '7098a9a2-e1bc-491f-ab5f-04c108487c50', 'kuali.lui.lui.relation.state.active', 'kuali.lui.lui.relation.type.registeredforvia.rg2ao', 'rg-ao-relation', 'CHEM242-RG-AO', '8572d725-cf47-4763-b00e-71db7f9c10ff', '3f8e32be-a47f-48c5-b17a-4ae2795d5ef5')
/
insert into KSEN_LUILUI_RELTN (OBJ_ID, VER_NBR, CREATEID, CREATETIME, UPDATEID, UPDATETIME, EFF_DT, EXPIR_DT, DESCR_FORMATTED, LUI_ID, LUILUI_RELTN_STATE, LUILUI_RELTN_TYPE, NAME, DESCR_PLAIN, RELATED_LUI_ID, ID) values ('ef63d853-6b43-4adf-a843-85c9fd82e40c', 0, 'admin', TIMESTAMP '2013-10-28 09:49:03.482', 'admin', TIMESTAMP '2013-10-28 09:49:03.482', TIMESTAMP '2013-10-28 09:49:18.512', '', 'CHEM242-RG-AO', '7098a9a2-e1bc-491f-ab5f-04c108487c50', 'kuali.lui.lui.relation.state.active', 'kuali.lui.lui.relation.type.registeredforvia.rg2ao', 'rg-ao-relation', 'CHEM242-RG-AO', '03a465a3-f2a4-4470-821c-144e43fee8dc', 'f103a51a-643f-4d6f-a519-45b2427f038f')
/
insert into KSEN_LUI (OBJ_ID, VER_NBR, CREATEID, CREATETIME, UPDATEID, UPDATETIME, ATP_ID, CLU_ID, EFF_DT, EXPIR_DT, DESCR_FORMATTED, LUI_STATE, LUI_TYPE, MAX_SEATS, MIN_SEATS, NAME, DESCR_PLAIN, REF_URL, ID) values ('a7b98075-d4af-4ce8-a4d6-2c44f1fe9a9e', 0, 'admin', TIMESTAMP '2013-10-28 09:49:03.482', 'admin', TIMESTAMP '2013-10-28 09:49:03.482', 'kuali.atp.2013Spring', 'd925e275-370d-4d98-bbec-96fe2459a200', '', '', '1025', 'kuali.lui.registration.group.state.pending', 'kuali.lui.type.registration.group', '', '', '1025', '1025', '', '15038838-992f-4eee-bc86-a6ec43fdca28')
/
insert into KSEN_LUI_ATTR (OBJ_ID, ATTR_KEY, OWNER_ID, ATTR_VALUE, ID) values ('a75233be-bb78-4783-b791-6879a061daad', 'kuali.attribute.registration.group.aocluster.id', '15038838-992f-4eee-bc86-a6ec43fdca28', '1f1e819a-d2c0-435e-b186-a04568c640c1', '001d015f-2705-4581-9de9-9e23dd3624a3')
/
insert into KSEN_LUI_ATTR (OBJ_ID, ATTR_KEY, OWNER_ID, ATTR_VALUE, ID) values ('9ab0de85-e3ce-40dd-9805-f6503491b60e', 'kuali.attribute.registration.group.is.generated', '15038838-992f-4eee-bc86-a6ec43fdca28', '1', '171b4412-b671-4013-9e39-c6a18a2f5cc6')
/
insert into KSEN_LUI_IDENT (OBJ_ID, VER_NBR, CREATEID, CREATETIME, UPDATEID, UPDATETIME, LUI_CD, DIVISION, IDENT_LEVEL, LNG_NAME, LUI_ID, ORGID, SHRT_NAME, LUI_ID_STATE, SUFX_CD, LUI_ID_TYPE, VARTN, ID) values ('c653a69c-4868-4da3-99e6-f16d1ca6a56c', 0, 'admin', TIMESTAMP '2013-10-28 09:49:03.482', 'admin', TIMESTAMP '2013-10-28 09:49:03.482', '', '', '', '', '15038838-992f-4eee-bc86-a6ec43fdca28', '', '', 'kuali.lui.identifier.state.active', '', 'kuali.lui.identifier.type.official', '', '69744a01-a5df-4293-a407-90654e5c32de')
/
insert into KSEN_LUILUI_RELTN (OBJ_ID, VER_NBR, CREATEID, CREATETIME, UPDATEID, UPDATETIME, EFF_DT, EXPIR_DT, DESCR_FORMATTED, LUI_ID, LUILUI_RELTN_STATE, LUILUI_RELTN_TYPE, NAME, DESCR_PLAIN, RELATED_LUI_ID, ID) values ('1cfdc145-cda5-4d47-a590-db72a0075a99', 0, 'admin', TIMESTAMP '2013-10-28 09:49:03.482', 'admin', TIMESTAMP '2013-10-28 09:49:03.482', TIMESTAMP '2013-10-28 09:49:18.833', '', 'CHEM242-FO-RG', '95329a72-d6c9-48b9-ba69-749c562248ea', 'kuali.lui.lui.relation.state.active', 'kuali.lui.lui.relation.type.deliveredvia.fo2rg', 'fo-rg-relation', 'CHEM242-FO-RG', '15038838-992f-4eee-bc86-a6ec43fdca28', 'dd72ea50-9853-4608-8bf0-c7448cddf39a')
/
insert into KSEN_LUILUI_RELTN (OBJ_ID, VER_NBR, CREATEID, CREATETIME, UPDATEID, UPDATETIME, EFF_DT, EXPIR_DT, DESCR_FORMATTED, LUI_ID, LUILUI_RELTN_STATE, LUILUI_RELTN_TYPE, NAME, DESCR_PLAIN, RELATED_LUI_ID, ID) values ('cd32adaa-95fb-429f-b71f-354f7d565871', 0, 'admin', TIMESTAMP '2013-10-28 09:49:03.482', 'admin', TIMESTAMP '2013-10-28 09:49:03.482', TIMESTAMP '2013-10-28 09:49:18.834', '', 'CHEM242-RG-AO', '15038838-992f-4eee-bc86-a6ec43fdca28', 'kuali.lui.lui.relation.state.active', 'kuali.lui.lui.relation.type.registeredforvia.rg2ao', 'rg-ao-relation', 'CHEM242-RG-AO', '8572d725-cf47-4763-b00e-71db7f9c10ff', 'f5288529-ae6f-49fc-9458-a7142749b587')
/
insert into KSEN_LUILUI_RELTN (OBJ_ID, VER_NBR, CREATEID, CREATETIME, UPDATEID, UPDATETIME, EFF_DT, EXPIR_DT, DESCR_FORMATTED, LUI_ID, LUILUI_RELTN_STATE, LUILUI_RELTN_TYPE, NAME, DESCR_PLAIN, RELATED_LUI_ID, ID) values ('b50edc83-1577-4a96-8620-84e7b7e4f9a0', 0, 'admin', TIMESTAMP '2013-10-28 09:49:03.482', 'admin', TIMESTAMP '2013-10-28 09:49:03.482', TIMESTAMP '2013-10-28 09:49:18.834', '', 'CHEM242-RG-AO', '15038838-992f-4eee-bc86-a6ec43fdca28', 'kuali.lui.lui.relation.state.active', 'kuali.lui.lui.relation.type.registeredforvia.rg2ao', 'rg-ao-relation', 'CHEM242-RG-AO', 'db6fc113-a432-4e05-add7-8f85ec7249bd', '78fbfa20-39b5-4942-a9a8-d8573bf2aa82')
/
insert into KSEN_LUI (OBJ_ID, VER_NBR, CREATEID, CREATETIME, UPDATEID, UPDATETIME, ATP_ID, CLU_ID, EFF_DT, EXPIR_DT, DESCR_FORMATTED, LUI_STATE, LUI_TYPE, MAX_SEATS, MIN_SEATS, NAME, DESCR_PLAIN, REF_URL, ID) values ('db73dd24-58fd-49d9-bee9-cefc042bdcd9', 0, 'admin', TIMESTAMP '2013-10-28 09:49:03.482', 'admin', TIMESTAMP '2013-10-28 09:49:03.482', 'kuali.atp.2013Spring', 'd925e275-370d-4d98-bbec-96fe2459a200', '', '', '1026', 'kuali.lui.registration.group.state.pending', 'kuali.lui.type.registration.group', '', '', '1026', '1026', '', '61304d08-d330-40fb-8b49-f190461638e8')
/
insert into KSEN_LUI_ATTR (OBJ_ID, ATTR_KEY, OWNER_ID, ATTR_VALUE, ID) values ('638e4966-fc63-4375-a4a6-8446baaae86a', 'kuali.attribute.registration.group.aocluster.id', '61304d08-d330-40fb-8b49-f190461638e8', '1f1e819a-d2c0-435e-b186-a04568c640c1', '4dd47a36-2d48-456a-aa28-729f2767fc18')
/
insert into KSEN_LUI_ATTR (OBJ_ID, ATTR_KEY, OWNER_ID, ATTR_VALUE, ID) values ('fa609a0d-2f0c-43f9-9df8-d15158cb318c', 'kuali.attribute.registration.group.is.generated', '61304d08-d330-40fb-8b49-f190461638e8', '1', 'bf019ba7-078c-4ac3-8c06-25a0c0ce5f10')
/
insert into KSEN_LUI_IDENT (OBJ_ID, VER_NBR, CREATEID, CREATETIME, UPDATEID, UPDATETIME, LUI_CD, DIVISION, IDENT_LEVEL, LNG_NAME, LUI_ID, ORGID, SHRT_NAME, LUI_ID_STATE, SUFX_CD, LUI_ID_TYPE, VARTN, ID) values ('5e995e16-9a5e-4dbd-8afd-2af4a73b991b', 0, 'admin', TIMESTAMP '2013-10-28 09:49:03.482', 'admin', TIMESTAMP '2013-10-28 09:49:03.482', '', '', '', '', '61304d08-d330-40fb-8b49-f190461638e8', '', '', 'kuali.lui.identifier.state.active', '', 'kuali.lui.identifier.type.official', '', '777ba3cb-cc7a-467f-accd-4102b11a6216')
/
insert into KSEN_LUILUI_RELTN (OBJ_ID, VER_NBR, CREATEID, CREATETIME, UPDATEID, UPDATETIME, EFF_DT, EXPIR_DT, DESCR_FORMATTED, LUI_ID, LUILUI_RELTN_STATE, LUILUI_RELTN_TYPE, NAME, DESCR_PLAIN, RELATED_LUI_ID, ID) values ('f3a377e7-5964-4cb8-bce6-e83a8b414c45', 0, 'admin', TIMESTAMP '2013-10-28 09:49:03.482', 'admin', TIMESTAMP '2013-10-28 09:49:03.482', TIMESTAMP '2013-10-28 09:49:19.176', '', 'CHEM242-FO-RG', '95329a72-d6c9-48b9-ba69-749c562248ea', 'kuali.lui.lui.relation.state.active', 'kuali.lui.lui.relation.type.deliveredvia.fo2rg', 'fo-rg-relation', 'CHEM242-FO-RG', '61304d08-d330-40fb-8b49-f190461638e8', '7fbae3e1-6a2d-49f3-8e72-2745b98bd153')
/
insert into KSEN_LUILUI_RELTN (OBJ_ID, VER_NBR, CREATEID, CREATETIME, UPDATEID, UPDATETIME, EFF_DT, EXPIR_DT, DESCR_FORMATTED, LUI_ID, LUILUI_RELTN_STATE, LUILUI_RELTN_TYPE, NAME, DESCR_PLAIN, RELATED_LUI_ID, ID) values ('e05a9241-4c71-4ddb-86b9-d82a24f58b50', 0, 'admin', TIMESTAMP '2013-10-28 09:49:03.482', 'admin', TIMESTAMP '2013-10-28 09:49:03.482', TIMESTAMP '2013-10-28 09:49:19.177', '', 'CHEM242-RG-AO', '61304d08-d330-40fb-8b49-f190461638e8', 'kuali.lui.lui.relation.state.active', 'kuali.lui.lui.relation.type.registeredforvia.rg2ao', 'rg-ao-relation', 'CHEM242-RG-AO', '8572d725-cf47-4763-b00e-71db7f9c10ff', 'fb9ef589-e268-40b9-bfdf-7c687f5aaa50')
/
insert into KSEN_LUILUI_RELTN (OBJ_ID, VER_NBR, CREATEID, CREATETIME, UPDATEID, UPDATETIME, EFF_DT, EXPIR_DT, DESCR_FORMATTED, LUI_ID, LUILUI_RELTN_STATE, LUILUI_RELTN_TYPE, NAME, DESCR_PLAIN, RELATED_LUI_ID, ID) values ('2a58082f-d7ad-4a19-b9a0-5cab0332237d', 0, 'admin', TIMESTAMP '2013-10-28 09:49:03.482', 'admin', TIMESTAMP '2013-10-28 09:49:03.482', TIMESTAMP '2013-10-28 09:49:19.177', '', 'CHEM242-RG-AO', '61304d08-d330-40fb-8b49-f190461638e8', 'kuali.lui.lui.relation.state.active', 'kuali.lui.lui.relation.type.registeredforvia.rg2ao', 'rg-ao-relation', 'CHEM242-RG-AO', 'c6f52786-51d9-4ed2-bd15-436443f11fe5', '86177cab-487d-4076-9d78-f353c1d764e9')
/
insert into KSEN_LUI (OBJ_ID, VER_NBR, CREATEID, CREATETIME, UPDATEID, UPDATETIME, ATP_ID, CLU_ID, EFF_DT, EXPIR_DT, DESCR_FORMATTED, LUI_STATE, LUI_TYPE, MAX_SEATS, MIN_SEATS, NAME, DESCR_PLAIN, REF_URL, ID) values ('af9508a1-96c5-41f6-b2a0-652944d40072', 0, 'admin', TIMESTAMP '2013-10-28 09:49:03.482', 'admin', TIMESTAMP '2013-10-28 09:49:03.482', 'kuali.atp.2013Spring', 'd925e275-370d-4d98-bbec-96fe2459a200', '', '', '1027', 'kuali.lui.registration.group.state.pending', 'kuali.lui.type.registration.group', '', '', '1027', '1027', '', '49fade83-0269-413e-9167-6ec1143682c7')
/
insert into KSEN_LUI_ATTR (OBJ_ID, ATTR_KEY, OWNER_ID, ATTR_VALUE, ID) values ('6f5288f3-d8a5-476f-a585-dfe5d517d078', 'kuali.attribute.registration.group.aocluster.id', '49fade83-0269-413e-9167-6ec1143682c7', '1f1e819a-d2c0-435e-b186-a04568c640c1', '35d1cc75-4e07-403d-aabd-9b4242a52b14')
/
insert into KSEN_LUI_ATTR (OBJ_ID, ATTR_KEY, OWNER_ID, ATTR_VALUE, ID) values ('cd2a2b90-01bc-4579-9b27-8b807de4bbc9', 'kuali.attribute.registration.group.is.generated', '49fade83-0269-413e-9167-6ec1143682c7', '1', '651385ad-8370-4efa-a122-e1800391e7eb')
/
insert into KSEN_LUI_IDENT (OBJ_ID, VER_NBR, CREATEID, CREATETIME, UPDATEID, UPDATETIME, LUI_CD, DIVISION, IDENT_LEVEL, LNG_NAME, LUI_ID, ORGID, SHRT_NAME, LUI_ID_STATE, SUFX_CD, LUI_ID_TYPE, VARTN, ID) values ('498aaa02-61b2-4545-bdb7-a7c90e52fecd', 0, 'admin', TIMESTAMP '2013-10-28 09:49:03.482', 'admin', TIMESTAMP '2013-10-28 09:49:03.482', '', '', '', '', '49fade83-0269-413e-9167-6ec1143682c7', '', '', 'kuali.lui.identifier.state.active', '', 'kuali.lui.identifier.type.official', '', '5345aed6-f57c-4035-aaa7-0a31a8067ca8')
/
insert into KSEN_LUILUI_RELTN (OBJ_ID, VER_NBR, CREATEID, CREATETIME, UPDATEID, UPDATETIME, EFF_DT, EXPIR_DT, DESCR_FORMATTED, LUI_ID, LUILUI_RELTN_STATE, LUILUI_RELTN_TYPE, NAME, DESCR_PLAIN, RELATED_LUI_ID, ID) values ('b9d4bdaa-9396-439a-ac24-8eafa1726732', 0, 'admin', TIMESTAMP '2013-10-28 09:49:03.482', 'admin', TIMESTAMP '2013-10-28 09:49:03.482', TIMESTAMP '2013-10-28 09:49:19.535', '', 'CHEM242-FO-RG', '95329a72-d6c9-48b9-ba69-749c562248ea', 'kuali.lui.lui.relation.state.active', 'kuali.lui.lui.relation.type.deliveredvia.fo2rg', 'fo-rg-relation', 'CHEM242-FO-RG', '49fade83-0269-413e-9167-6ec1143682c7', '8ee2e017-17dc-4465-9602-a9b0511c3afb')
/
insert into KSEN_LUILUI_RELTN (OBJ_ID, VER_NBR, CREATEID, CREATETIME, UPDATEID, UPDATETIME, EFF_DT, EXPIR_DT, DESCR_FORMATTED, LUI_ID, LUILUI_RELTN_STATE, LUILUI_RELTN_TYPE, NAME, DESCR_PLAIN, RELATED_LUI_ID, ID) values ('742bb346-f8d6-42ae-b677-2fae7cbe3d2a', 0, 'admin', TIMESTAMP '2013-10-28 09:49:03.482', 'admin', TIMESTAMP '2013-10-28 09:49:03.482', TIMESTAMP '2013-10-28 09:49:19.536', '', 'CHEM242-RG-AO', '49fade83-0269-413e-9167-6ec1143682c7', 'kuali.lui.lui.relation.state.active', 'kuali.lui.lui.relation.type.registeredforvia.rg2ao', 'rg-ao-relation', 'CHEM242-RG-AO', '8572d725-cf47-4763-b00e-71db7f9c10ff', 'bb6171ac-522b-4b61-b700-90b010f1ce19')
/
insert into KSEN_LUILUI_RELTN (OBJ_ID, VER_NBR, CREATEID, CREATETIME, UPDATEID, UPDATETIME, EFF_DT, EXPIR_DT, DESCR_FORMATTED, LUI_ID, LUILUI_RELTN_STATE, LUILUI_RELTN_TYPE, NAME, DESCR_PLAIN, RELATED_LUI_ID, ID) values ('7d4516d6-b7b4-448e-9204-7b15af899d0b', 0, 'admin', TIMESTAMP '2013-10-28 09:49:03.482', 'admin', TIMESTAMP '2013-10-28 09:49:03.482', TIMESTAMP '2013-10-28 09:49:19.536', '', 'CHEM242-RG-AO', '49fade83-0269-413e-9167-6ec1143682c7', 'kuali.lui.lui.relation.state.active', 'kuali.lui.lui.relation.type.registeredforvia.rg2ao', 'rg-ao-relation', 'CHEM242-RG-AO', 'd55e1de2-4b3d-4042-bbeb-0dd85bbbf544', '84528e14-d14c-423c-9f13-1ae5a10a619c')
/
insert into KSEN_LUI (OBJ_ID, VER_NBR, CREATEID, CREATETIME, UPDATEID, UPDATETIME, ATP_ID, CLU_ID, EFF_DT, EXPIR_DT, DESCR_FORMATTED, LUI_STATE, LUI_TYPE, MAX_SEATS, MIN_SEATS, NAME, DESCR_PLAIN, REF_URL, ID) values ('cb13bcea-c7e2-49bb-95d9-c9ed307594fe', 0, 'admin', TIMESTAMP '2013-10-28 09:49:03.482', 'admin', TIMESTAMP '2013-10-28 09:49:03.482', 'kuali.atp.2013Spring', 'd925e275-370d-4d98-bbec-96fe2459a200', '', '', '1028', 'kuali.lui.registration.group.state.pending', 'kuali.lui.type.registration.group', '', '', '1028', '1028', '', '0d78f452-03b5-4163-86f4-b663257c94fe')
/
insert into KSEN_LUI_ATTR (OBJ_ID, ATTR_KEY, OWNER_ID, ATTR_VALUE, ID) values ('35093db2-d4e9-49b0-8085-95af5d0de6dc', 'kuali.attribute.registration.group.is.generated', '0d78f452-03b5-4163-86f4-b663257c94fe', '1', '1810ef28-567d-4739-b422-5fb477c7524f')
/
insert into KSEN_LUI_ATTR (OBJ_ID, ATTR_KEY, OWNER_ID, ATTR_VALUE, ID) values ('1fa3f5e4-47d8-488c-b949-c94861b32ec3', 'kuali.attribute.registration.group.aocluster.id', '0d78f452-03b5-4163-86f4-b663257c94fe', '1f1e819a-d2c0-435e-b186-a04568c640c1', 'dbacc6fa-46b0-4b48-acc1-14c8dfe050c6')
/
insert into KSEN_LUI_IDENT (OBJ_ID, VER_NBR, CREATEID, CREATETIME, UPDATEID, UPDATETIME, LUI_CD, DIVISION, IDENT_LEVEL, LNG_NAME, LUI_ID, ORGID, SHRT_NAME, LUI_ID_STATE, SUFX_CD, LUI_ID_TYPE, VARTN, ID) values ('0e92f379-7779-4d39-9270-ecd69f290e3b', 0, 'admin', TIMESTAMP '2013-10-28 09:49:03.482', 'admin', TIMESTAMP '2013-10-28 09:49:03.482', '', '', '', '', '0d78f452-03b5-4163-86f4-b663257c94fe', '', '', 'kuali.lui.identifier.state.active', '', 'kuali.lui.identifier.type.official', '', '62c6f280-3465-4c5e-8f61-98e21fb9d17d')
/
insert into KSEN_LUILUI_RELTN (OBJ_ID, VER_NBR, CREATEID, CREATETIME, UPDATEID, UPDATETIME, EFF_DT, EXPIR_DT, DESCR_FORMATTED, LUI_ID, LUILUI_RELTN_STATE, LUILUI_RELTN_TYPE, NAME, DESCR_PLAIN, RELATED_LUI_ID, ID) values ('3d92e90e-940c-4dbb-a196-14b9210bc0e4', 0, 'admin', TIMESTAMP '2013-10-28 09:49:03.482', 'admin', TIMESTAMP '2013-10-28 09:49:03.482', TIMESTAMP '2013-10-28 09:49:19.844', '', 'CHEM242-FO-RG', '95329a72-d6c9-48b9-ba69-749c562248ea', 'kuali.lui.lui.relation.state.active', 'kuali.lui.lui.relation.type.deliveredvia.fo2rg', 'fo-rg-relation', 'CHEM242-FO-RG', '0d78f452-03b5-4163-86f4-b663257c94fe', 'bbd2402d-187b-4261-b090-dae70b2c5da4')
/
insert into KSEN_LUILUI_RELTN (OBJ_ID, VER_NBR, CREATEID, CREATETIME, UPDATEID, UPDATETIME, EFF_DT, EXPIR_DT, DESCR_FORMATTED, LUI_ID, LUILUI_RELTN_STATE, LUILUI_RELTN_TYPE, NAME, DESCR_PLAIN, RELATED_LUI_ID, ID) values ('591fce62-336b-4e4f-88bc-d144bda4b253', 0, 'admin', TIMESTAMP '2013-10-28 09:49:03.482', 'admin', TIMESTAMP '2013-10-28 09:49:03.482', TIMESTAMP '2013-10-28 09:49:19.844', '', 'CHEM242-RG-AO', '0d78f452-03b5-4163-86f4-b663257c94fe', 'kuali.lui.lui.relation.state.active', 'kuali.lui.lui.relation.type.registeredforvia.rg2ao', 'rg-ao-relation', 'CHEM242-RG-AO', '8572d725-cf47-4763-b00e-71db7f9c10ff', '509bc64e-0516-4f79-9304-76b90ee4ac26')
/
insert into KSEN_LUILUI_RELTN (OBJ_ID, VER_NBR, CREATEID, CREATETIME, UPDATEID, UPDATETIME, EFF_DT, EXPIR_DT, DESCR_FORMATTED, LUI_ID, LUILUI_RELTN_STATE, LUILUI_RELTN_TYPE, NAME, DESCR_PLAIN, RELATED_LUI_ID, ID) values ('5cf01954-2eeb-49d1-9035-1fd482944569', 0, 'admin', TIMESTAMP '2013-10-28 09:49:03.482', 'admin', TIMESTAMP '2013-10-28 09:49:03.482', TIMESTAMP '2013-10-28 09:49:19.844', '', 'CHEM242-RG-AO', '0d78f452-03b5-4163-86f4-b663257c94fe', 'kuali.lui.lui.relation.state.active', 'kuali.lui.lui.relation.type.registeredforvia.rg2ao', 'rg-ao-relation', 'CHEM242-RG-AO', '451c681d-2754-48a9-987d-5c26471b3c86', '250db642-75d7-406c-aedf-1b45b094eb4f')
/
insert into KSEN_LUI (OBJ_ID, VER_NBR, CREATEID, CREATETIME, UPDATEID, UPDATETIME, ATP_ID, CLU_ID, EFF_DT, EXPIR_DT, DESCR_FORMATTED, LUI_STATE, LUI_TYPE, MAX_SEATS, MIN_SEATS, NAME, DESCR_PLAIN, REF_URL, ID) values ('3a720367-5c24-4288-9176-fada86eb2d5a', 0, 'admin', TIMESTAMP '2013-10-28 09:49:03.482', 'admin', TIMESTAMP '2013-10-28 09:49:03.482', 'kuali.atp.2013Spring', 'd925e275-370d-4d98-bbec-96fe2459a200', '', '', '1029', 'kuali.lui.registration.group.state.pending', 'kuali.lui.type.registration.group', '', '', '1029', '1029', '', '17f3663d-69f8-4212-abbc-2a706f5d71f2')
/
insert into KSEN_LUI_ATTR (OBJ_ID, ATTR_KEY, OWNER_ID, ATTR_VALUE, ID) values ('553c17b5-05c5-418e-84ae-f1d644285a9d', 'kuali.attribute.registration.group.aocluster.id', '17f3663d-69f8-4212-abbc-2a706f5d71f2', '1f1e819a-d2c0-435e-b186-a04568c640c1', 'ace0ffa0-5daf-420c-b055-c441aca677fe')
/
insert into KSEN_LUI_ATTR (OBJ_ID, ATTR_KEY, OWNER_ID, ATTR_VALUE, ID) values ('e2d35890-37f2-40c9-ac43-14bb27d0a503', 'kuali.attribute.registration.group.is.generated', '17f3663d-69f8-4212-abbc-2a706f5d71f2', '1', '824c32f1-025d-4ce7-9491-5d6860165de9')
/
insert into KSEN_LUI_IDENT (OBJ_ID, VER_NBR, CREATEID, CREATETIME, UPDATEID, UPDATETIME, LUI_CD, DIVISION, IDENT_LEVEL, LNG_NAME, LUI_ID, ORGID, SHRT_NAME, LUI_ID_STATE, SUFX_CD, LUI_ID_TYPE, VARTN, ID) values ('0cbb4450-50d8-4832-93d4-579fd37c4235', 0, 'admin', TIMESTAMP '2013-10-28 09:49:03.482', 'admin', TIMESTAMP '2013-10-28 09:49:03.482', '', '', '', '', '17f3663d-69f8-4212-abbc-2a706f5d71f2', '', '', 'kuali.lui.identifier.state.active', '', 'kuali.lui.identifier.type.official', '', '2e34c9eb-0fdd-41d4-ace1-ab4f644fc0b1')
/
insert into KSEN_LUILUI_RELTN (OBJ_ID, VER_NBR, CREATEID, CREATETIME, UPDATEID, UPDATETIME, EFF_DT, EXPIR_DT, DESCR_FORMATTED, LUI_ID, LUILUI_RELTN_STATE, LUILUI_RELTN_TYPE, NAME, DESCR_PLAIN, RELATED_LUI_ID, ID) values ('1897b71a-0072-48d1-97ff-3ace74b4a849', 0, 'admin', TIMESTAMP '2013-10-28 09:49:03.482', 'admin', TIMESTAMP '2013-10-28 09:49:03.482', TIMESTAMP '2013-10-28 09:49:20.214', '', 'CHEM242-FO-RG', '95329a72-d6c9-48b9-ba69-749c562248ea', 'kuali.lui.lui.relation.state.active', 'kuali.lui.lui.relation.type.deliveredvia.fo2rg', 'fo-rg-relation', 'CHEM242-FO-RG', '17f3663d-69f8-4212-abbc-2a706f5d71f2', '78500960-ca08-42f3-96cf-bee99d651ece')
/
insert into KSEN_LUILUI_RELTN (OBJ_ID, VER_NBR, CREATEID, CREATETIME, UPDATEID, UPDATETIME, EFF_DT, EXPIR_DT, DESCR_FORMATTED, LUI_ID, LUILUI_RELTN_STATE, LUILUI_RELTN_TYPE, NAME, DESCR_PLAIN, RELATED_LUI_ID, ID) values ('6a07a133-54f7-413d-853b-7580e30a836f', 0, 'admin', TIMESTAMP '2013-10-28 09:49:03.482', 'admin', TIMESTAMP '2013-10-28 09:49:03.482', TIMESTAMP '2013-10-28 09:49:20.214', '', 'CHEM242-RG-AO', '17f3663d-69f8-4212-abbc-2a706f5d71f2', 'kuali.lui.lui.relation.state.active', 'kuali.lui.lui.relation.type.registeredforvia.rg2ao', 'rg-ao-relation', 'CHEM242-RG-AO', '8572d725-cf47-4763-b00e-71db7f9c10ff', '5741bc61-1f29-48b1-9265-13e725546dfb')
/
insert into KSEN_LUILUI_RELTN (OBJ_ID, VER_NBR, CREATEID, CREATETIME, UPDATEID, UPDATETIME, EFF_DT, EXPIR_DT, DESCR_FORMATTED, LUI_ID, LUILUI_RELTN_STATE, LUILUI_RELTN_TYPE, NAME, DESCR_PLAIN, RELATED_LUI_ID, ID) values ('8a5c2831-feef-43e2-9c91-680f4d63fab4', 0, 'admin', TIMESTAMP '2013-10-28 09:49:03.482', 'admin', TIMESTAMP '2013-10-28 09:49:03.482', TIMESTAMP '2013-10-28 09:49:20.215', '', 'CHEM242-RG-AO', '17f3663d-69f8-4212-abbc-2a706f5d71f2', 'kuali.lui.lui.relation.state.active', 'kuali.lui.lui.relation.type.registeredforvia.rg2ao', 'rg-ao-relation', 'CHEM242-RG-AO', '1885df5b-e9e8-4a46-b5f4-59942b082546', '83207d12-abee-4128-9caf-8b51ee4166bc')
/
insert into KSEN_LUI (OBJ_ID, VER_NBR, CREATEID, CREATETIME, UPDATEID, UPDATETIME, ATP_ID, CLU_ID, EFF_DT, EXPIR_DT, DESCR_FORMATTED, LUI_STATE, LUI_TYPE, MAX_SEATS, MIN_SEATS, NAME, DESCR_PLAIN, REF_URL, ID) values ('85dfa05e-93f2-4346-8107-4d6b0af28efd', 0, 'admin', TIMESTAMP '2013-10-28 09:49:03.482', 'admin', TIMESTAMP '2013-10-28 09:49:03.482', 'kuali.atp.2013Spring', 'd925e275-370d-4d98-bbec-96fe2459a200', '', '', '1030', 'kuali.lui.registration.group.state.pending', 'kuali.lui.type.registration.group', '', '', '1030', '1030', '', 'bb8520d6-f05e-4f47-8983-78eec980d918')
/
insert into KSEN_LUI_ATTR (OBJ_ID, ATTR_KEY, OWNER_ID, ATTR_VALUE, ID) values ('7ec72e61-afef-480a-a033-a0071416f43f', 'kuali.attribute.registration.group.aocluster.id', 'bb8520d6-f05e-4f47-8983-78eec980d918', '1f1e819a-d2c0-435e-b186-a04568c640c1', 'feaee534-9739-49fc-8693-bf57ab33a645')
/
insert into KSEN_LUI_ATTR (OBJ_ID, ATTR_KEY, OWNER_ID, ATTR_VALUE, ID) values ('445bca84-cd51-48c7-85dc-b5318078e779', 'kuali.attribute.registration.group.is.generated', 'bb8520d6-f05e-4f47-8983-78eec980d918', '1', '5ee1ac38-138f-411c-9ed9-c3c0afc654bd')
/
insert into KSEN_LUI_IDENT (OBJ_ID, VER_NBR, CREATEID, CREATETIME, UPDATEID, UPDATETIME, LUI_CD, DIVISION, IDENT_LEVEL, LNG_NAME, LUI_ID, ORGID, SHRT_NAME, LUI_ID_STATE, SUFX_CD, LUI_ID_TYPE, VARTN, ID) values ('bbcff586-e12b-4ad3-9272-09b4dec42f66', 0, 'admin', TIMESTAMP '2013-10-28 09:49:03.482', 'admin', TIMESTAMP '2013-10-28 09:49:03.482', '', '', '', '', 'bb8520d6-f05e-4f47-8983-78eec980d918', '', '', 'kuali.lui.identifier.state.active', '', 'kuali.lui.identifier.type.official', '', 'b6f4145b-7d6f-441a-8271-51f1b07ef82c')
/
insert into KSEN_LUILUI_RELTN (OBJ_ID, VER_NBR, CREATEID, CREATETIME, UPDATEID, UPDATETIME, EFF_DT, EXPIR_DT, DESCR_FORMATTED, LUI_ID, LUILUI_RELTN_STATE, LUILUI_RELTN_TYPE, NAME, DESCR_PLAIN, RELATED_LUI_ID, ID) values ('647e4b04-3c2f-4abd-94a8-cf9ea99dd4a6', 0, 'admin', TIMESTAMP '2013-10-28 09:49:03.482', 'admin', TIMESTAMP '2013-10-28 09:49:03.482', TIMESTAMP '2013-10-28 09:49:20.569', '', 'CHEM242-FO-RG', '95329a72-d6c9-48b9-ba69-749c562248ea', 'kuali.lui.lui.relation.state.active', 'kuali.lui.lui.relation.type.deliveredvia.fo2rg', 'fo-rg-relation', 'CHEM242-FO-RG', 'bb8520d6-f05e-4f47-8983-78eec980d918', 'd00c3469-1dd8-487c-af15-f0fb9f87a679')
/
insert into KSEN_LUILUI_RELTN (OBJ_ID, VER_NBR, CREATEID, CREATETIME, UPDATEID, UPDATETIME, EFF_DT, EXPIR_DT, DESCR_FORMATTED, LUI_ID, LUILUI_RELTN_STATE, LUILUI_RELTN_TYPE, NAME, DESCR_PLAIN, RELATED_LUI_ID, ID) values ('b4fd9d0c-77fc-40d3-912b-5d50f8e2c261', 0, 'admin', TIMESTAMP '2013-10-28 09:49:03.482', 'admin', TIMESTAMP '2013-10-28 09:49:03.482', TIMESTAMP '2013-10-28 09:49:20.569', '', 'CHEM242-RG-AO', 'bb8520d6-f05e-4f47-8983-78eec980d918', 'kuali.lui.lui.relation.state.active', 'kuali.lui.lui.relation.type.registeredforvia.rg2ao', 'rg-ao-relation', 'CHEM242-RG-AO', '8572d725-cf47-4763-b00e-71db7f9c10ff', '3610b194-e9e3-4543-8e65-3a040aeae330')
/
insert into KSEN_LUILUI_RELTN (OBJ_ID, VER_NBR, CREATEID, CREATETIME, UPDATEID, UPDATETIME, EFF_DT, EXPIR_DT, DESCR_FORMATTED, LUI_ID, LUILUI_RELTN_STATE, LUILUI_RELTN_TYPE, NAME, DESCR_PLAIN, RELATED_LUI_ID, ID) values ('e0619a79-904f-431e-8cf7-711366263ecb', 0, 'admin', TIMESTAMP '2013-10-28 09:49:03.482', 'admin', TIMESTAMP '2013-10-28 09:49:03.482', TIMESTAMP '2013-10-28 09:49:20.57', '', 'CHEM242-RG-AO', 'bb8520d6-f05e-4f47-8983-78eec980d918', 'kuali.lui.lui.relation.state.active', 'kuali.lui.lui.relation.type.registeredforvia.rg2ao', 'rg-ao-relation', 'CHEM242-RG-AO', '8a736398-38fd-46dc-95cc-22fee81ade21', 'aab79443-882f-4ec9-b8d8-fadc5156118a')
/
insert into KSEN_LUI (OBJ_ID, VER_NBR, CREATEID, CREATETIME, UPDATEID, UPDATETIME, ATP_ID, CLU_ID, EFF_DT, EXPIR_DT, DESCR_FORMATTED, LUI_STATE, LUI_TYPE, MAX_SEATS, MIN_SEATS, NAME, DESCR_PLAIN, REF_URL, ID) values ('6e51103c-ccb3-4c10-bfc5-b317fce0d6f3', 0, 'admin', TIMESTAMP '2013-10-28 09:49:03.482', 'admin', TIMESTAMP '2013-10-28 09:49:03.482', 'kuali.atp.2013Spring', 'd925e275-370d-4d98-bbec-96fe2459a200', '', '', '1031', 'kuali.lui.registration.group.state.pending', 'kuali.lui.type.registration.group', '', '', '1031', '1031', '', 'a76a6376-8d7e-470e-86be-871800717d13')
/
insert into KSEN_LUI_ATTR (OBJ_ID, ATTR_KEY, OWNER_ID, ATTR_VALUE, ID) values ('70b7cb76-8e27-40f3-b62f-332220c39dca', 'kuali.attribute.registration.group.aocluster.id', 'a76a6376-8d7e-470e-86be-871800717d13', '1f1e819a-d2c0-435e-b186-a04568c640c1', 'defd8bfe-e9ec-4c56-8074-ad1312726821')
/
insert into KSEN_LUI_ATTR (OBJ_ID, ATTR_KEY, OWNER_ID, ATTR_VALUE, ID) values ('38b5eb37-5581-40e3-8133-209f66e758f8', 'kuali.attribute.registration.group.is.generated', 'a76a6376-8d7e-470e-86be-871800717d13', '1', '0e203c38-019a-4564-a293-340e250a56dd')
/
insert into KSEN_LUI_IDENT (OBJ_ID, VER_NBR, CREATEID, CREATETIME, UPDATEID, UPDATETIME, LUI_CD, DIVISION, IDENT_LEVEL, LNG_NAME, LUI_ID, ORGID, SHRT_NAME, LUI_ID_STATE, SUFX_CD, LUI_ID_TYPE, VARTN, ID) values ('60790c56-33d7-468b-9701-2024f0815686', 0, 'admin', TIMESTAMP '2013-10-28 09:49:03.482', 'admin', TIMESTAMP '2013-10-28 09:49:03.482', '', '', '', '', 'a76a6376-8d7e-470e-86be-871800717d13', '', '', 'kuali.lui.identifier.state.active', '', 'kuali.lui.identifier.type.official', '', '5fb87949-6b72-4866-bfed-093749076e9f')
/
insert into KSEN_LUILUI_RELTN (OBJ_ID, VER_NBR, CREATEID, CREATETIME, UPDATEID, UPDATETIME, EFF_DT, EXPIR_DT, DESCR_FORMATTED, LUI_ID, LUILUI_RELTN_STATE, LUILUI_RELTN_TYPE, NAME, DESCR_PLAIN, RELATED_LUI_ID, ID) values ('2bbdf2e8-4265-4734-8cb4-6a3534873530', 0, 'admin', TIMESTAMP '2013-10-28 09:49:03.482', 'admin', TIMESTAMP '2013-10-28 09:49:03.482', TIMESTAMP '2013-10-28 09:49:20.863', '', 'CHEM242-FO-RG', '95329a72-d6c9-48b9-ba69-749c562248ea', 'kuali.lui.lui.relation.state.active', 'kuali.lui.lui.relation.type.deliveredvia.fo2rg', 'fo-rg-relation', 'CHEM242-FO-RG', 'a76a6376-8d7e-470e-86be-871800717d13', 'c6fb06e5-9426-45f5-ae46-abde02ca82ce')
/
insert into KSEN_LUILUI_RELTN (OBJ_ID, VER_NBR, CREATEID, CREATETIME, UPDATEID, UPDATETIME, EFF_DT, EXPIR_DT, DESCR_FORMATTED, LUI_ID, LUILUI_RELTN_STATE, LUILUI_RELTN_TYPE, NAME, DESCR_PLAIN, RELATED_LUI_ID, ID) values ('bd448a93-5856-4fd2-9be7-48e656f21fc5', 0, 'admin', TIMESTAMP '2013-10-28 09:49:03.482', 'admin', TIMESTAMP '2013-10-28 09:49:03.482', TIMESTAMP '2013-10-28 09:49:20.863', '', 'CHEM242-RG-AO', 'a76a6376-8d7e-470e-86be-871800717d13', 'kuali.lui.lui.relation.state.active', 'kuali.lui.lui.relation.type.registeredforvia.rg2ao', 'rg-ao-relation', 'CHEM242-RG-AO', '8572d725-cf47-4763-b00e-71db7f9c10ff', '9a81d914-1807-4fe6-8294-998d9dfb4a44')
/
insert into KSEN_LUILUI_RELTN (OBJ_ID, VER_NBR, CREATEID, CREATETIME, UPDATEID, UPDATETIME, EFF_DT, EXPIR_DT, DESCR_FORMATTED, LUI_ID, LUILUI_RELTN_STATE, LUILUI_RELTN_TYPE, NAME, DESCR_PLAIN, RELATED_LUI_ID, ID) values ('2000484c-931c-450e-bfb6-68ca47a6b343', 0, 'admin', TIMESTAMP '2013-10-28 09:49:03.482', 'admin', TIMESTAMP '2013-10-28 09:49:03.482', TIMESTAMP '2013-10-28 09:49:20.864', '', 'CHEM242-RG-AO', 'a76a6376-8d7e-470e-86be-871800717d13', 'kuali.lui.lui.relation.state.active', 'kuali.lui.lui.relation.type.registeredforvia.rg2ao', 'rg-ao-relation', 'CHEM242-RG-AO', '6593ccdb-c6e0-46f9-a23d-96ee97037a19', '4886d6d6-6ad8-4aa0-a51c-ac5bb63cadeb')
/
insert into KSEN_LUI (OBJ_ID, VER_NBR, CREATEID, CREATETIME, UPDATEID, UPDATETIME, ATP_ID, CLU_ID, EFF_DT, EXPIR_DT, DESCR_FORMATTED, LUI_STATE, LUI_TYPE, MAX_SEATS, MIN_SEATS, NAME, DESCR_PLAIN, REF_URL, ID) values ('0d5a757c-d48d-46ab-acee-ef1b4ecea31c', 0, 'admin', TIMESTAMP '2013-10-28 09:49:03.482', 'admin', TIMESTAMP '2013-10-28 09:49:03.482', 'kuali.atp.2013Spring', 'd925e275-370d-4d98-bbec-96fe2459a200', '', '', '1032', 'kuali.lui.registration.group.state.pending', 'kuali.lui.type.registration.group', '', '', '1032', '1032', '', '6e81576a-53b7-4ff5-9a7b-4cb7f23354b7')
/
insert into KSEN_LUI_ATTR (OBJ_ID, ATTR_KEY, OWNER_ID, ATTR_VALUE, ID) values ('0c0f5edb-3ea7-4cdb-9ac7-c2847929668d', 'kuali.attribute.registration.group.is.generated', '6e81576a-53b7-4ff5-9a7b-4cb7f23354b7', '1', 'ffeadd21-9637-4b3e-8958-3c36b47c5255')
/
insert into KSEN_LUI_ATTR (OBJ_ID, ATTR_KEY, OWNER_ID, ATTR_VALUE, ID) values ('07827ae7-6b23-440e-a2a8-49d6f8941a13', 'kuali.attribute.registration.group.aocluster.id', '6e81576a-53b7-4ff5-9a7b-4cb7f23354b7', '1f1e819a-d2c0-435e-b186-a04568c640c1', '75278ca4-5a47-4530-ad2e-4e6e96b49c63')
/
insert into KSEN_LUI_IDENT (OBJ_ID, VER_NBR, CREATEID, CREATETIME, UPDATEID, UPDATETIME, LUI_CD, DIVISION, IDENT_LEVEL, LNG_NAME, LUI_ID, ORGID, SHRT_NAME, LUI_ID_STATE, SUFX_CD, LUI_ID_TYPE, VARTN, ID) values ('40793328-10a3-45c8-8344-b482805585dc', 0, 'admin', TIMESTAMP '2013-10-28 09:49:03.482', 'admin', TIMESTAMP '2013-10-28 09:49:03.482', '', '', '', '', '6e81576a-53b7-4ff5-9a7b-4cb7f23354b7', '', '', 'kuali.lui.identifier.state.active', '', 'kuali.lui.identifier.type.official', '', '1b729229-d5f1-4513-89c3-fc787869a030')
/
insert into KSEN_LUILUI_RELTN (OBJ_ID, VER_NBR, CREATEID, CREATETIME, UPDATEID, UPDATETIME, EFF_DT, EXPIR_DT, DESCR_FORMATTED, LUI_ID, LUILUI_RELTN_STATE, LUILUI_RELTN_TYPE, NAME, DESCR_PLAIN, RELATED_LUI_ID, ID) values ('54150e38-b67c-4c5e-8bbd-34e5ad444e66', 0, 'admin', TIMESTAMP '2013-10-28 09:49:03.482', 'admin', TIMESTAMP '2013-10-28 09:49:03.482', TIMESTAMP '2013-10-28 09:49:21.156', '', 'CHEM242-FO-RG', '95329a72-d6c9-48b9-ba69-749c562248ea', 'kuali.lui.lui.relation.state.active', 'kuali.lui.lui.relation.type.deliveredvia.fo2rg', 'fo-rg-relation', 'CHEM242-FO-RG', '6e81576a-53b7-4ff5-9a7b-4cb7f23354b7', 'feb28c68-aadd-49b9-9bcb-6eec4527d421')
/
insert into KSEN_LUILUI_RELTN (OBJ_ID, VER_NBR, CREATEID, CREATETIME, UPDATEID, UPDATETIME, EFF_DT, EXPIR_DT, DESCR_FORMATTED, LUI_ID, LUILUI_RELTN_STATE, LUILUI_RELTN_TYPE, NAME, DESCR_PLAIN, RELATED_LUI_ID, ID) values ('54c74a4c-d58f-45de-876c-42472ab7ddf4', 0, 'admin', TIMESTAMP '2013-10-28 09:49:03.482', 'admin', TIMESTAMP '2013-10-28 09:49:03.482', TIMESTAMP '2013-10-28 09:49:21.157', '', 'CHEM242-RG-AO', '6e81576a-53b7-4ff5-9a7b-4cb7f23354b7', 'kuali.lui.lui.relation.state.active', 'kuali.lui.lui.relation.type.registeredforvia.rg2ao', 'rg-ao-relation', 'CHEM242-RG-AO', '8572d725-cf47-4763-b00e-71db7f9c10ff', 'dcfbc03a-9568-4321-8628-1acee59b442f')
/
insert into KSEN_LUILUI_RELTN (OBJ_ID, VER_NBR, CREATEID, CREATETIME, UPDATEID, UPDATETIME, EFF_DT, EXPIR_DT, DESCR_FORMATTED, LUI_ID, LUILUI_RELTN_STATE, LUILUI_RELTN_TYPE, NAME, DESCR_PLAIN, RELATED_LUI_ID, ID) values ('c558edb6-6bfe-4199-b935-de004a6db73b', 0, 'admin', TIMESTAMP '2013-10-28 09:49:03.482', 'admin', TIMESTAMP '2013-10-28 09:49:03.482', TIMESTAMP '2013-10-28 09:49:21.157', '', 'CHEM242-RG-AO', '6e81576a-53b7-4ff5-9a7b-4cb7f23354b7', 'kuali.lui.lui.relation.state.active', 'kuali.lui.lui.relation.type.registeredforvia.rg2ao', 'rg-ao-relation', 'CHEM242-RG-AO', '91f6799e-70a9-42ba-9a62-9ee2e06fecc3', '41817108-c8b7-4d88-a8d5-30b8ac343357')
/
insert into KSEN_LUI (OBJ_ID, VER_NBR, CREATEID, CREATETIME, UPDATEID, UPDATETIME, ATP_ID, CLU_ID, EFF_DT, EXPIR_DT, DESCR_FORMATTED, LUI_STATE, LUI_TYPE, MAX_SEATS, MIN_SEATS, NAME, DESCR_PLAIN, REF_URL, ID) values ('22f1f983-adfe-4615-9818-40e3e4e6df60', 0, 'admin', TIMESTAMP '2013-10-28 09:49:03.482', 'admin', TIMESTAMP '2013-10-28 09:49:03.482', 'kuali.atp.2013Spring', 'd925e275-370d-4d98-bbec-96fe2459a200', '', '', '1033', 'kuali.lui.registration.group.state.pending', 'kuali.lui.type.registration.group', '', '', '1033', '1033', '', '20c76f09-44ea-42d5-a4f2-b0158cfd0c52')
/
insert into KSEN_LUI_ATTR (OBJ_ID, ATTR_KEY, OWNER_ID, ATTR_VALUE, ID) values ('d089258c-1c4a-4cdc-be38-f53180714db6', 'kuali.attribute.registration.group.aocluster.id', '20c76f09-44ea-42d5-a4f2-b0158cfd0c52', '1f1e819a-d2c0-435e-b186-a04568c640c1', '8834b97d-b2f7-4806-956e-109530f7bafe')
/
insert into KSEN_LUI_ATTR (OBJ_ID, ATTR_KEY, OWNER_ID, ATTR_VALUE, ID) values ('17721413-a9cf-4671-8cbe-203f3e5ff518', 'kuali.attribute.registration.group.is.generated', '20c76f09-44ea-42d5-a4f2-b0158cfd0c52', '1', '931c1c19-3f32-4cf8-90cd-dcd82b4d6b28')
/
insert into KSEN_LUI_IDENT (OBJ_ID, VER_NBR, CREATEID, CREATETIME, UPDATEID, UPDATETIME, LUI_CD, DIVISION, IDENT_LEVEL, LNG_NAME, LUI_ID, ORGID, SHRT_NAME, LUI_ID_STATE, SUFX_CD, LUI_ID_TYPE, VARTN, ID) values ('16805bb4-2866-4dbd-b47b-0c40ba171220', 0, 'admin', TIMESTAMP '2013-10-28 09:49:03.482', 'admin', TIMESTAMP '2013-10-28 09:49:03.482', '', '', '', '', '20c76f09-44ea-42d5-a4f2-b0158cfd0c52', '', '', 'kuali.lui.identifier.state.active', '', 'kuali.lui.identifier.type.official', '', '9b5f85a8-6b92-44f0-a630-31e5964f8ef3')
/
insert into KSEN_LUILUI_RELTN (OBJ_ID, VER_NBR, CREATEID, CREATETIME, UPDATEID, UPDATETIME, EFF_DT, EXPIR_DT, DESCR_FORMATTED, LUI_ID, LUILUI_RELTN_STATE, LUILUI_RELTN_TYPE, NAME, DESCR_PLAIN, RELATED_LUI_ID, ID) values ('039f6487-dd00-476e-b426-3803b7c7094c', 0, 'admin', TIMESTAMP '2013-10-28 09:49:03.482', 'admin', TIMESTAMP '2013-10-28 09:49:03.482', TIMESTAMP '2013-10-28 09:49:21.454', '', 'CHEM242-FO-RG', '95329a72-d6c9-48b9-ba69-749c562248ea', 'kuali.lui.lui.relation.state.active', 'kuali.lui.lui.relation.type.deliveredvia.fo2rg', 'fo-rg-relation', 'CHEM242-FO-RG', '20c76f09-44ea-42d5-a4f2-b0158cfd0c52', '4e636daa-22c5-451d-8662-204cb5d544a5')
/
insert into KSEN_LUILUI_RELTN (OBJ_ID, VER_NBR, CREATEID, CREATETIME, UPDATEID, UPDATETIME, EFF_DT, EXPIR_DT, DESCR_FORMATTED, LUI_ID, LUILUI_RELTN_STATE, LUILUI_RELTN_TYPE, NAME, DESCR_PLAIN, RELATED_LUI_ID, ID) values ('d383eb94-dd95-4f4a-9e05-f398cfdf5e54', 0, 'admin', TIMESTAMP '2013-10-28 09:49:03.482', 'admin', TIMESTAMP '2013-10-28 09:49:03.482', TIMESTAMP '2013-10-28 09:49:21.455', '', 'CHEM242-RG-AO', '20c76f09-44ea-42d5-a4f2-b0158cfd0c52', 'kuali.lui.lui.relation.state.active', 'kuali.lui.lui.relation.type.registeredforvia.rg2ao', 'rg-ao-relation', 'CHEM242-RG-AO', '8572d725-cf47-4763-b00e-71db7f9c10ff', '7ff3a19e-876f-4979-908f-fbd6693c17d2')
/
insert into KSEN_LUILUI_RELTN (OBJ_ID, VER_NBR, CREATEID, CREATETIME, UPDATEID, UPDATETIME, EFF_DT, EXPIR_DT, DESCR_FORMATTED, LUI_ID, LUILUI_RELTN_STATE, LUILUI_RELTN_TYPE, NAME, DESCR_PLAIN, RELATED_LUI_ID, ID) values ('9825dd7c-e11b-46df-95b6-a6b1d6330df4', 0, 'admin', TIMESTAMP '2013-10-28 09:49:03.482', 'admin', TIMESTAMP '2013-10-28 09:49:03.482', TIMESTAMP '2013-10-28 09:49:21.455', '', 'CHEM242-RG-AO', '20c76f09-44ea-42d5-a4f2-b0158cfd0c52', 'kuali.lui.lui.relation.state.active', 'kuali.lui.lui.relation.type.registeredforvia.rg2ao', 'rg-ao-relation', 'CHEM242-RG-AO', '34db510e-4e62-4e33-8619-aa14b8490968', '1049081b-3664-4b9b-b653-f89fa083da56')
/
insert into KSEN_CWL (OBJ_ID, VER_NBR, CREATEID, CREATETIME, UPDATEID, UPDATETIME, ALLOW_HOLD_UTIL_ENTRIES_IND, AUTO_PROCESSED_IND, CHECK_IN_REQ_IND, CONF_REQ_IND, EFF_DT, EXPIR_DT, MAX_SIZE, REG_IN_FIRST_AAO_IND, STD_DUR_TIME_QTY, STD_DUR_TYPE, CWL_STATE, CWL_TYPE, ID) values ('89ed0c45-3b93-4ae9-8b3b-5a06a7fae585', 0, 'admin', TIMESTAMP '2013-10-28 09:49:03.482', 'admin', TIMESTAMP '2013-10-28 09:49:03.482', '0', '1', '0', '1', '', '', '', '', '', '', 'kuali.course.waitlist.state.active', 'kuali.course.waitlist.type.course.waitlist', '411e4d6a-235b-4fa9-b280-0b7879578b02')
/
insert into KSEN_CWL_ACTIV_OFFER (CWL_ID, ACTIV_OFFER_ID) values ('411e4d6a-235b-4fa9-b280-0b7879578b02', '8572d725-cf47-4763-b00e-71db7f9c10ff')
/
insert into KSEN_CWL_FORMAT_OFFER (CWL_ID, FORMAT_OFFER_ID) values ('411e4d6a-235b-4fa9-b280-0b7879578b02', '95329a72-d6c9-48b9-ba69-749c562248ea')
/


-- Term = kuali.atp.2013Summer1 / 201305, coCode = BSCI105M
insert into KSEN_LUI (OBJ_ID, VER_NBR, CREATEID, CREATETIME, UPDATEID, UPDATETIME, ATP_ID, CLU_ID, EFF_DT, EXPIR_DT, DESCR_FORMATTED, LUI_STATE, LUI_TYPE, MAX_SEATS, MIN_SEATS, NAME, DESCR_PLAIN, REF_URL, ID) values ('2cdd3ad3-6a2e-4618-a96a-677ca546a231', 0, 'admin', TIMESTAMP '2013-10-28 10:15:51.467', 'admin', TIMESTAMP '2013-10-28 10:15:51.467', 'kuali.atp.2013Summer1', '9d78ad7c-0344-49c5-a238-29a8bbcf33b9', '', '', '', 'kuali.lui.activity.offering.state.draft', 'kuali.lui.type.activity.offering.lab', 10, '', 'BSCI105M AO', '', '', 'a5d3acf5-be7e-4bef-b05d-48580360638c')
/
insert into KSEN_LUI_ATTR (OBJ_ID, ATTR_KEY, OWNER_ID, ATTR_VALUE, ID) values ('36b54160-ce50-4494-bafd-8fc2dfacd403', 'kuali.attribute.max.enrollment.is.estimate', 'a5d3acf5-be7e-4bef-b05d-48580360638c', 'null', 'e2bdb1c5-cb90-4f9b-877c-a7ec53fc20f2')
/
insert into KSEN_LUI_ATTR (OBJ_ID, ATTR_KEY, OWNER_ID, ATTR_VALUE, ID) values ('e7251ff7-fd73-45da-9a11-7f95d8751546', 'kuali.attribute.nonstd.ts.indicator', 'a5d3acf5-be7e-4bef-b05d-48580360638c', '0', 'd421697e-414f-44c6-9ba9-ce4064c7443d')
/
insert into KSEN_LUI_ATTR (OBJ_ID, ATTR_KEY, OWNER_ID, ATTR_VALUE, ID) values ('31071b65-bdc8-4482-83d2-08befb0aaed5', 'kuali.attribute.course.evaluation.indicator', 'a5d3acf5-be7e-4bef-b05d-48580360638c', 'null', '06b0945e-721e-4670-b6dd-8b625b63106a')
/
insert into KSEN_LUI_IDENT (OBJ_ID, VER_NBR, CREATEID, CREATETIME, UPDATEID, UPDATETIME, LUI_CD, DIVISION, IDENT_LEVEL, LNG_NAME, LUI_ID, ORGID, SHRT_NAME, LUI_ID_STATE, SUFX_CD, LUI_ID_TYPE, VARTN, ID) values ('5d9e661f-fa51-415d-9c72-9dd67833c1c4', 0, 'admin', TIMESTAMP '2013-10-28 10:15:51.467', 'admin', TIMESTAMP '2013-10-28 10:15:51.467', 'B', '', '', '', 'a5d3acf5-be7e-4bef-b05d-48580360638c', '', '', 'kuali.lui.identifier.state.active', '', 'kuali.lui.identifier.type.official', '', 'f7136f8d-7000-478e-a299-c822ba0e66c9')
/
insert into KSEN_LUI_LU_CD (OBJ_ID, VER_NBR, CREATEID, CREATETIME, UPDATEID, UPDATETIME, DESCR_FORMATTED, LUI_ID, DESCR_PLAIN, LUI_LUCD_TYPE, VALUE, ID) values ('56234ebd-972e-4857-b7f0-ab5e12bcf767', 0, 'admin', TIMESTAMP '2013-10-28 10:15:51.467', 'admin', TIMESTAMP '2013-10-28 10:15:51.467', '', 'a5d3acf5-be7e-4bef-b05d-48580360638c', '', 'kuali.lu.code.honorsOffering', 'null', '1945ccac-17d3-4f81-ad3c-9cd574ceddc2')
/
insert into KSEN_LUILUI_RELTN (OBJ_ID, VER_NBR, CREATEID, CREATETIME, UPDATEID, UPDATETIME, EFF_DT, EXPIR_DT, DESCR_FORMATTED, LUI_ID, LUILUI_RELTN_STATE, LUILUI_RELTN_TYPE, NAME, DESCR_PLAIN, RELATED_LUI_ID, ID) values ('88eb7deb-6b1d-4cbf-b572-bdd67fe3b900', 0, 'admin', TIMESTAMP '2013-10-28 10:15:51.467', 'admin', TIMESTAMP '2013-10-28 10:15:51.467', TIMESTAMP '2013-10-28 10:15:51.597', '', 'BSCI105M-FO-AO', '9759c1b9-cca2-4970-a22a-742190a34c28', 'kuali.lui.lui.relation.state.active', 'kuali.lui.lui.relation.type.deliveredvia.fo2ao', 'fo-ao-relation', 'BSCI105M-FO-AO', 'a5d3acf5-be7e-4bef-b05d-48580360638c', '1372c1db-4683-457e-8286-ba757d026bad')
/
insert into KSEN_CO_AO_CLUSTER_SET (OBJ_ID, ACTIVITY_OFFERING_TYPE, AO_CLUSTER_ID, ID) values ('409b6f79-14fd-4d9e-acc8-0c6d3ab987e7', 'kuali.lui.type.activity.offering.lab', 'df246d58-01ce-4fe0-9780-0b0d55dee6ef', 'aca7d7c7-b76d-4a33-9e50-1def0b545a90')
/
insert into KSEN_CO_AO_CLUSTER_SET_AO (AOC_SET_ID, ACTIVITY_OFFERING_ID) values ('aca7d7c7-b76d-4a33-9e50-1def0b545a90', 'a5d3acf5-be7e-4bef-b05d-48580360638c')
/
delete from KSEN_LUILUI_RELTN where ID='d43d50bc-4498-4d49-ba89-da806703d704' and VER_NBR=0
/
delete from KSEN_LUILUI_RELTN where ID='87abdf8f-a812-4ce7-bc30-5b2314ca5eeb' and VER_NBR=0
/
delete from KSEN_LUI_ATTR where ID='49fa6899-eb0f-468c-ae76-dbeb6b5a7df6'
/
delete from KSEN_LUI_ATTR where ID='5172f5a8-4e20-434d-8095-aecd2a46f0d2'
/
delete from KSEN_LUI_IDENT where ID='a4f67f2b-2322-48ef-83db-c65506013121' and VER_NBR=0
/
delete from KSEN_LUI where ID='9d163556-0324-40b3-9ab4-a03f63d86535' and VER_NBR=1
/
insert into KSEN_LUI_ATTR (OBJ_ID, ATTR_KEY, OWNER_ID, ATTR_VALUE, ID) values ('49ab5eaa-b0c9-4318-a59a-4b09dc6ff0f0', 'regCodePrefix', '9759c1b9-cca2-4970-a22a-742190a34c28', '1', '24f27dc2-a5d2-4ca9-8c0f-4b920f75011f')
/
delete from KSEN_LUI_RELATED_LUI_TYPES where LUI_ID='9759c1b9-cca2-4970-a22a-742190a34c28'
/
insert into KSEN_LUI_RELATED_LUI_TYPES (LUI_ID, RELATED_LUI_TYPE) values ('9759c1b9-cca2-4970-a22a-742190a34c28', 'kuali.lui.type.activity.offering.lab')
/
insert into KSEN_LUI_RELATED_LUI_TYPES (LUI_ID, RELATED_LUI_TYPE) values ('9759c1b9-cca2-4970-a22a-742190a34c28', 'kuali.lui.type.activity.offering.lecture')
/
insert into KSEN_LUI (OBJ_ID, VER_NBR, CREATEID, CREATETIME, UPDATEID, UPDATETIME, ATP_ID, CLU_ID, EFF_DT, EXPIR_DT, DESCR_FORMATTED, LUI_STATE, LUI_TYPE, MAX_SEATS, MIN_SEATS, NAME, DESCR_PLAIN, REF_URL, ID) values ('b50e5fad-4503-4621-9c5d-86406790576c', 0, 'admin', TIMESTAMP '2013-10-28 10:15:51.467', 'admin', TIMESTAMP '2013-10-28 10:15:51.467', 'kuali.atp.2013Summer1', '319dec00-dbd7-4fdb-9ded-d8c3b8735699', '', '', '1001', 'kuali.lui.registration.group.state.pending', 'kuali.lui.type.registration.group', '', '', '1001', '1001', '', 'c1e8f054-f8b5-4438-8c0c-ccdd06ea4281')
/
insert into KSEN_LUI_ATTR (OBJ_ID, ATTR_KEY, OWNER_ID, ATTR_VALUE, ID) values ('0d4b99bc-dcc2-4395-9abc-c4e30b731f37', 'kuali.attribute.registration.group.is.generated', 'c1e8f054-f8b5-4438-8c0c-ccdd06ea4281', '1', '29ba8be9-0934-4ed9-9111-c1b423044707')
/
insert into KSEN_LUI_ATTR (OBJ_ID, ATTR_KEY, OWNER_ID, ATTR_VALUE, ID) values ('c8d38183-2c01-45b1-983e-3380feef1824', 'kuali.attribute.registration.group.aocluster.id', 'c1e8f054-f8b5-4438-8c0c-ccdd06ea4281', 'df246d58-01ce-4fe0-9780-0b0d55dee6ef', '739b8d39-419e-43b9-85bc-cc6cd2daea13')
/
insert into KSEN_LUI_IDENT (OBJ_ID, VER_NBR, CREATEID, CREATETIME, UPDATEID, UPDATETIME, LUI_CD, DIVISION, IDENT_LEVEL, LNG_NAME, LUI_ID, ORGID, SHRT_NAME, LUI_ID_STATE, SUFX_CD, LUI_ID_TYPE, VARTN, ID) values ('35a9c5e4-0939-4770-9c8f-57f8ec5c6fb4', 0, 'admin', TIMESTAMP '2013-10-28 10:15:51.467', 'admin', TIMESTAMP '2013-10-28 10:15:51.467', '', '', '', '', 'c1e8f054-f8b5-4438-8c0c-ccdd06ea4281', '', '', 'kuali.lui.identifier.state.active', '', 'kuali.lui.identifier.type.official', '', '0256fc00-01bd-4b4c-addc-eeef70abe075')
/
insert into KSEN_LUILUI_RELTN (OBJ_ID, VER_NBR, CREATEID, CREATETIME, UPDATEID, UPDATETIME, EFF_DT, EXPIR_DT, DESCR_FORMATTED, LUI_ID, LUILUI_RELTN_STATE, LUILUI_RELTN_TYPE, NAME, DESCR_PLAIN, RELATED_LUI_ID, ID) values ('11db0ee5-ae88-41b8-a029-da598133b052', 0, 'admin', TIMESTAMP '2013-10-28 10:15:51.467', 'admin', TIMESTAMP '2013-10-28 10:15:51.467', TIMESTAMP '2013-10-28 10:15:52.447', '', 'BSCI105M-FO-RG', '9759c1b9-cca2-4970-a22a-742190a34c28', 'kuali.lui.lui.relation.state.active', 'kuali.lui.lui.relation.type.deliveredvia.fo2rg', 'fo-rg-relation', 'BSCI105M-FO-RG', 'c1e8f054-f8b5-4438-8c0c-ccdd06ea4281', '5af6d588-c20e-49c2-92f3-c61b41e6359b')
/
insert into KSEN_LUILUI_RELTN (OBJ_ID, VER_NBR, CREATEID, CREATETIME, UPDATEID, UPDATETIME, EFF_DT, EXPIR_DT, DESCR_FORMATTED, LUI_ID, LUILUI_RELTN_STATE, LUILUI_RELTN_TYPE, NAME, DESCR_PLAIN, RELATED_LUI_ID, ID) values ('ba8621c6-d875-4fa3-835b-921e19a00b81', 0, 'admin', TIMESTAMP '2013-10-28 10:15:51.467', 'admin', TIMESTAMP '2013-10-28 10:15:51.467', TIMESTAMP '2013-10-28 10:15:52.447', '', 'BSCI105M-RG-AO', 'c1e8f054-f8b5-4438-8c0c-ccdd06ea4281', 'kuali.lui.lui.relation.state.active', 'kuali.lui.lui.relation.type.registeredforvia.rg2ao', 'rg-ao-relation', 'BSCI105M-RG-AO', 'c868c5b3-aeab-4c82-8dd6-1f03d3b8ca0f', 'dfb88056-8bbe-49c0-9c52-4ae1a7bad30f')
/
insert into KSEN_LUILUI_RELTN (OBJ_ID, VER_NBR, CREATEID, CREATETIME, UPDATEID, UPDATETIME, EFF_DT, EXPIR_DT, DESCR_FORMATTED, LUI_ID, LUILUI_RELTN_STATE, LUILUI_RELTN_TYPE, NAME, DESCR_PLAIN, RELATED_LUI_ID, ID) values ('88a31805-5fce-4896-8317-518c23d34eb9', 0, 'admin', TIMESTAMP '2013-10-28 10:15:51.467', 'admin', TIMESTAMP '2013-10-28 10:15:51.467', TIMESTAMP '2013-10-28 10:15:52.447', '', 'BSCI105M-RG-AO', 'c1e8f054-f8b5-4438-8c0c-ccdd06ea4281', 'kuali.lui.lui.relation.state.active', 'kuali.lui.lui.relation.type.registeredforvia.rg2ao', 'rg-ao-relation', 'BSCI105M-RG-AO', 'a5d3acf5-be7e-4bef-b05d-48580360638c', '314ec5dc-6628-4b36-85f4-116b84e18f4c')
/
insert into KSEN_CWL (OBJ_ID, VER_NBR, CREATEID, CREATETIME, UPDATEID, UPDATETIME, ALLOW_HOLD_UTIL_ENTRIES_IND, AUTO_PROCESSED_IND, CHECK_IN_REQ_IND, CONF_REQ_IND, EFF_DT, EXPIR_DT, MAX_SIZE, REG_IN_FIRST_AAO_IND, STD_DUR_TIME_QTY, STD_DUR_TYPE, CWL_STATE, CWL_TYPE, ID) values ('86e9fcc0-7889-4766-b16e-0e43abe0b293', 0, 'admin', TIMESTAMP '2013-10-28 10:15:51.467', 'admin', TIMESTAMP '2013-10-28 10:15:51.467', '0', '1', '0', '1', '', '', '', '', '', '', 'kuali.course.waitlist.state.active', 'kuali.course.waitlist.type.course.waitlist', '8345a729-4c71-4497-a40f-09a8199e5ee9')
/
insert into KSEN_CWL_ACTIV_OFFER (CWL_ID, ACTIV_OFFER_ID) values ('8345a729-4c71-4497-a40f-09a8199e5ee9', 'a5d3acf5-be7e-4bef-b05d-48580360638c')
/
insert into KSEN_CWL_FORMAT_OFFER (CWL_ID, FORMAT_OFFER_ID) values ('8345a729-4c71-4497-a40f-09a8199e5ee9', '9759c1b9-cca2-4970-a22a-742190a34c28')
/


-- Term = kuali.atp.2013Summer1 / 201305, coCode = BSCI414
insert into KSEN_LUI (OBJ_ID, VER_NBR, CREATEID, CREATETIME, UPDATEID, UPDATETIME, ATP_ID, CLU_ID, EFF_DT, EXPIR_DT, DESCR_FORMATTED, LUI_STATE, LUI_TYPE, MAX_SEATS, MIN_SEATS, NAME, DESCR_PLAIN, REF_URL, ID) values ('291f3c32-8e09-41cd-8682-ad61fb9de49a', 0, 'admin', TIMESTAMP '2013-10-28 10:18:44.307', 'admin', TIMESTAMP '2013-10-28 10:18:44.307', 'kuali.atp.2013Summer1', '9d060087-a87d-4b2d-bbc7-cc9e2a9df740', '', '', '', 'kuali.lui.activity.offering.state.draft', 'kuali.lui.type.activity.offering.lecture', 20, '', 'BSCI414 AO', '', '', '9ade0d21-b6b8-4c30-8557-158bad3a610f')
/
insert into KSEN_LUI_ATTR (OBJ_ID, ATTR_KEY, OWNER_ID, ATTR_VALUE, ID) values ('8eda635a-bfdf-4734-b1be-ffd776a895a1', 'kuali.attribute.course.evaluation.indicator', '9ade0d21-b6b8-4c30-8557-158bad3a610f', 'null', '380ab2c3-9ad1-4a57-b50f-165207b8c711')
/
insert into KSEN_LUI_ATTR (OBJ_ID, ATTR_KEY, OWNER_ID, ATTR_VALUE, ID) values ('b7eb9d70-3a6e-461d-966d-01645b86538d', 'kuali.attribute.max.enrollment.is.estimate', '9ade0d21-b6b8-4c30-8557-158bad3a610f', 'null', '49cdbf84-f8ac-426b-a9a0-641504ff5e40')
/
insert into KSEN_LUI_ATTR (OBJ_ID, ATTR_KEY, OWNER_ID, ATTR_VALUE, ID) values ('9f0e33af-6e84-4ad9-85a1-0d9a47912806', 'kuali.attribute.nonstd.ts.indicator', '9ade0d21-b6b8-4c30-8557-158bad3a610f', '0', '95d248fd-52d2-48d0-bd5d-d16c8646fc77')
/
insert into KSEN_LUI_IDENT (OBJ_ID, VER_NBR, CREATEID, CREATETIME, UPDATEID, UPDATETIME, LUI_CD, DIVISION, IDENT_LEVEL, LNG_NAME, LUI_ID, ORGID, SHRT_NAME, LUI_ID_STATE, SUFX_CD, LUI_ID_TYPE, VARTN, ID) values ('a4b8a870-2c5b-48f8-8425-d09a923ed446', 0, 'admin', TIMESTAMP '2013-10-28 10:18:44.307', 'admin', TIMESTAMP '2013-10-28 10:18:44.307', 'B', '', '', '', '9ade0d21-b6b8-4c30-8557-158bad3a610f', '', '', 'kuali.lui.identifier.state.active', '', 'kuali.lui.identifier.type.official', '', '29b7cd0a-d9b0-49a7-856c-eec0feb1b7db')
/
insert into KSEN_LUI_LU_CD (OBJ_ID, VER_NBR, CREATEID, CREATETIME, UPDATEID, UPDATETIME, DESCR_FORMATTED, LUI_ID, DESCR_PLAIN, LUI_LUCD_TYPE, VALUE, ID) values ('63426451-2d3f-4b94-a43e-564195344048', 0, 'admin', TIMESTAMP '2013-10-28 10:18:44.307', 'admin', TIMESTAMP '2013-10-28 10:18:44.307', '', '9ade0d21-b6b8-4c30-8557-158bad3a610f', '', 'kuali.lu.code.honorsOffering', 'null', 'b29d3bb9-2bd9-4534-9584-02fffacddd29')
/
insert into KSEN_LUILUI_RELTN (OBJ_ID, VER_NBR, CREATEID, CREATETIME, UPDATEID, UPDATETIME, EFF_DT, EXPIR_DT, DESCR_FORMATTED, LUI_ID, LUILUI_RELTN_STATE, LUILUI_RELTN_TYPE, NAME, DESCR_PLAIN, RELATED_LUI_ID, ID) values ('a9af8726-c878-426c-89b8-86f0ff165181', 0, 'admin', TIMESTAMP '2013-10-28 10:18:44.307', 'admin', TIMESTAMP '2013-10-28 10:18:44.307', TIMESTAMP '2013-10-28 10:18:44.434', '', 'BSCI414-FO-AO', '8d4c9db9-1b97-4bcc-a45c-26e7bcb33299', 'kuali.lui.lui.relation.state.active', 'kuali.lui.lui.relation.type.deliveredvia.fo2ao', 'fo-ao-relation', 'BSCI414-FO-AO', '9ade0d21-b6b8-4c30-8557-158bad3a610f', '457e3a02-395f-4d6b-a8f0-bd7fe2036b90')
/
insert into KSEN_CO_AO_CLUSTER_SET (OBJ_ID, ACTIVITY_OFFERING_TYPE, AO_CLUSTER_ID, ID) values ('ac3cc7bf-1957-412d-896a-e09da582553b', 'kuali.lui.type.activity.offering.lecture', '2624ee64-adb2-4650-8b78-4644ada6e68e', 'bc1ca35d-4bbf-4a8f-8c11-cb794f3aa252')
/
insert into KSEN_CO_AO_CLUSTER_SET_AO (AOC_SET_ID, ACTIVITY_OFFERING_ID) values ('bc1ca35d-4bbf-4a8f-8c11-cb794f3aa252', '9ade0d21-b6b8-4c30-8557-158bad3a610f')
/
delete from KSEN_LUILUI_RELTN where ID='b1226866-dd90-4d98-9e98-9dbc520a9014' and VER_NBR=0
/
delete from KSEN_LUILUI_RELTN where ID='5d2d97a4-6e6f-4857-990e-e7e096c23487' and VER_NBR=0
/
delete from KSEN_LUI_ATTR where ID='8f9dc108-a2ab-4651-97bb-aaab774c132c'
/
delete from KSEN_LUI_ATTR where ID='50d91240-6812-4a9a-a47b-e53329ac26d7'
/
delete from KSEN_LUI_IDENT where ID='19664fd5-38b5-40b6-8ec8-db34ea1901be' and VER_NBR=0
/
delete from KSEN_LUI where ID='2926e2e7-079c-4401-914c-6594ee63fe7d' and VER_NBR=1
/
insert into KSEN_LUI_ATTR (OBJ_ID, ATTR_KEY, OWNER_ID, ATTR_VALUE, ID) values ('66203ac3-71aa-4a30-892f-c7133b64e314', 'regCodePrefix', '8d4c9db9-1b97-4bcc-a45c-26e7bcb33299', '1', '55d49f58-fee7-4214-bdf8-dd31312b8e57')
/
delete from KSEN_LUI_RELATED_LUI_TYPES where LUI_ID='8d4c9db9-1b97-4bcc-a45c-26e7bcb33299'
/
insert into KSEN_LUI_RELATED_LUI_TYPES (LUI_ID, RELATED_LUI_TYPE) values ('8d4c9db9-1b97-4bcc-a45c-26e7bcb33299', 'kuali.lui.type.activity.offering.lab')
/
insert into KSEN_LUI_RELATED_LUI_TYPES (LUI_ID, RELATED_LUI_TYPE) values ('8d4c9db9-1b97-4bcc-a45c-26e7bcb33299', 'kuali.lui.type.activity.offering.lecture')
/
insert into KSEN_LUI (OBJ_ID, VER_NBR, CREATEID, CREATETIME, UPDATEID, UPDATETIME, ATP_ID, CLU_ID, EFF_DT, EXPIR_DT, DESCR_FORMATTED, LUI_STATE, LUI_TYPE, MAX_SEATS, MIN_SEATS, NAME, DESCR_PLAIN, REF_URL, ID) values ('35332fda-e957-4cfa-b572-fcad29dda375', 0, 'admin', TIMESTAMP '2013-10-28 10:18:44.307', 'admin', TIMESTAMP '2013-10-28 10:18:44.307', 'kuali.atp.2013Summer1', 'c4dd38d9-c35e-4ec7-81e9-c6ee6cb1af68', '', '', '1001', 'kuali.lui.registration.group.state.pending', 'kuali.lui.type.registration.group', '', '', '1001', '1001', '', '204ded0a-5f75-4f67-8c36-18481f656da0')
/
insert into KSEN_LUI_ATTR (OBJ_ID, ATTR_KEY, OWNER_ID, ATTR_VALUE, ID) values ('cfff9afe-3791-492d-93fb-b848ce494a09', 'kuali.attribute.registration.group.aocluster.id', '204ded0a-5f75-4f67-8c36-18481f656da0', '2624ee64-adb2-4650-8b78-4644ada6e68e', '4f894364-4b38-466e-9af2-f04f4a907329')
/
insert into KSEN_LUI_ATTR (OBJ_ID, ATTR_KEY, OWNER_ID, ATTR_VALUE, ID) values ('10ef358e-68b4-4459-bfcc-605190ef1939', 'kuali.attribute.registration.group.is.generated', '204ded0a-5f75-4f67-8c36-18481f656da0', '1', '8b0fd92a-744f-449d-a0f8-e8a91da11824')
/
insert into KSEN_LUI_IDENT (OBJ_ID, VER_NBR, CREATEID, CREATETIME, UPDATEID, UPDATETIME, LUI_CD, DIVISION, IDENT_LEVEL, LNG_NAME, LUI_ID, ORGID, SHRT_NAME, LUI_ID_STATE, SUFX_CD, LUI_ID_TYPE, VARTN, ID) values ('bcbe4bea-8847-469d-810d-80edf7436506', 0, 'admin', TIMESTAMP '2013-10-28 10:18:44.307', 'admin', TIMESTAMP '2013-10-28 10:18:44.307', '', '', '', '', '204ded0a-5f75-4f67-8c36-18481f656da0', '', '', 'kuali.lui.identifier.state.active', '', 'kuali.lui.identifier.type.official', '', 'c6720428-8b16-4f05-87c0-a2ba7ab497d5')
/
insert into KSEN_LUILUI_RELTN (OBJ_ID, VER_NBR, CREATEID, CREATETIME, UPDATEID, UPDATETIME, EFF_DT, EXPIR_DT, DESCR_FORMATTED, LUI_ID, LUILUI_RELTN_STATE, LUILUI_RELTN_TYPE, NAME, DESCR_PLAIN, RELATED_LUI_ID, ID) values ('0744dced-4f9a-41f0-8d36-5c0486ce14ec', 0, 'admin', TIMESTAMP '2013-10-28 10:18:44.307', 'admin', TIMESTAMP '2013-10-28 10:18:44.307', TIMESTAMP '2013-10-28 10:18:44.949', '', 'BSCI414-FO-RG', '8d4c9db9-1b97-4bcc-a45c-26e7bcb33299', 'kuali.lui.lui.relation.state.active', 'kuali.lui.lui.relation.type.deliveredvia.fo2rg', 'fo-rg-relation', 'BSCI414-FO-RG', '204ded0a-5f75-4f67-8c36-18481f656da0', '9999fc0d-11b9-45b3-9d03-598872195d2b')
/
insert into KSEN_LUILUI_RELTN (OBJ_ID, VER_NBR, CREATEID, CREATETIME, UPDATEID, UPDATETIME, EFF_DT, EXPIR_DT, DESCR_FORMATTED, LUI_ID, LUILUI_RELTN_STATE, LUILUI_RELTN_TYPE, NAME, DESCR_PLAIN, RELATED_LUI_ID, ID) values ('6eb01ec0-3ec6-4df2-840b-ce0beeb636d2', 0, 'admin', TIMESTAMP '2013-10-28 10:18:44.307', 'admin', TIMESTAMP '2013-10-28 10:18:44.307', TIMESTAMP '2013-10-28 10:18:44.95', '', 'BSCI414-RG-AO', '204ded0a-5f75-4f67-8c36-18481f656da0', 'kuali.lui.lui.relation.state.active', 'kuali.lui.lui.relation.type.registeredforvia.rg2ao', 'rg-ao-relation', 'BSCI414-RG-AO', 'd1b4c534-1b9e-4f07-9d3c-9831440eefba', 'e761d232-c431-48f6-bc0b-da687c9854ef')
/
insert into KSEN_LUILUI_RELTN (OBJ_ID, VER_NBR, CREATEID, CREATETIME, UPDATEID, UPDATETIME, EFF_DT, EXPIR_DT, DESCR_FORMATTED, LUI_ID, LUILUI_RELTN_STATE, LUILUI_RELTN_TYPE, NAME, DESCR_PLAIN, RELATED_LUI_ID, ID) values ('d1f5103d-6e22-4257-992b-0a29ad11bb76', 0, 'admin', TIMESTAMP '2013-10-28 10:18:44.307', 'admin', TIMESTAMP '2013-10-28 10:18:44.307', TIMESTAMP '2013-10-28 10:18:44.95', '', 'BSCI414-RG-AO', '204ded0a-5f75-4f67-8c36-18481f656da0', 'kuali.lui.lui.relation.state.active', 'kuali.lui.lui.relation.type.registeredforvia.rg2ao', 'rg-ao-relation', 'BSCI414-RG-AO', '9ade0d21-b6b8-4c30-8557-158bad3a610f', 'a59bce38-de9e-428a-a2b6-e34fe086d909')
/
insert into KSEN_CWL (OBJ_ID, VER_NBR, CREATEID, CREATETIME, UPDATEID, UPDATETIME, ALLOW_HOLD_UTIL_ENTRIES_IND, AUTO_PROCESSED_IND, CHECK_IN_REQ_IND, CONF_REQ_IND, EFF_DT, EXPIR_DT, MAX_SIZE, REG_IN_FIRST_AAO_IND, STD_DUR_TIME_QTY, STD_DUR_TYPE, CWL_STATE, CWL_TYPE, ID) values ('a19f7e40-53fb-4aa0-b820-7a0ebc3efd13', 0, 'admin', TIMESTAMP '2013-10-28 10:18:44.307', 'admin', TIMESTAMP '2013-10-28 10:18:44.307', '0', '1', '0', '1', '', '', '', '', '', '', 'kuali.course.waitlist.state.active', 'kuali.course.waitlist.type.course.waitlist', '991d6dd6-e7be-43a1-b8d3-b537cc69ad5a')
/
insert into KSEN_CWL_ACTIV_OFFER (CWL_ID, ACTIV_OFFER_ID) values ('991d6dd6-e7be-43a1-b8d3-b537cc69ad5a', '9ade0d21-b6b8-4c30-8557-158bad3a610f')
/
insert into KSEN_CWL_FORMAT_OFFER (CWL_ID, FORMAT_OFFER_ID) values ('991d6dd6-e7be-43a1-b8d3-b537cc69ad5a', '8d4c9db9-1b97-4bcc-a45c-26e7bcb33299')
/



-- Term = kuali.atp.2013Summer1 / 201305, coCode = CHEM242
insert into KSEN_LUI (OBJ_ID, VER_NBR, CREATEID, CREATETIME, UPDATEID, UPDATETIME, ATP_ID, CLU_ID, EFF_DT, EXPIR_DT, DESCR_FORMATTED, LUI_STATE, LUI_TYPE, MAX_SEATS, MIN_SEATS, NAME, DESCR_PLAIN, REF_URL, ID) values ('2e9131c8-5130-4846-9bba-252b93d0bb7a', 0, 'admin', TIMESTAMP '2013-10-28 10:20:20.077', 'admin', TIMESTAMP '2013-10-28 10:20:20.077', 'kuali.atp.2013Summer1', '06b65acf-167f-4864-8870-4aeb3e333277', '', '', '', 'kuali.lui.activity.offering.state.draft', 'kuali.lui.type.activity.offering.lecture', 128, '', 'CHEM242 AO', '', '', '0406406e-40f1-4a21-82ba-21267e8bf5ef')
/
insert into KSEN_LUI_ATTR (OBJ_ID, ATTR_KEY, OWNER_ID, ATTR_VALUE, ID) values ('dd7f51ae-b3b3-4f77-9cc3-ec139405aa04', 'kuali.attribute.course.evaluation.indicator', '0406406e-40f1-4a21-82ba-21267e8bf5ef', 'null', '6969bf5e-83eb-4816-a5d4-06ce9e2fabc5')
/
insert into KSEN_LUI_ATTR (OBJ_ID, ATTR_KEY, OWNER_ID, ATTR_VALUE, ID) values ('8f7fe2e6-f716-4f74-8071-0d57b974cf9e', 'kuali.attribute.nonstd.ts.indicator', '0406406e-40f1-4a21-82ba-21267e8bf5ef', '0', 'f3bdd843-7d3d-40a1-92dc-c9c7621e9e91')
/
insert into KSEN_LUI_ATTR (OBJ_ID, ATTR_KEY, OWNER_ID, ATTR_VALUE, ID) values ('473271cd-1709-4426-b768-04eb67453f63', 'kuali.attribute.max.enrollment.is.estimate', '0406406e-40f1-4a21-82ba-21267e8bf5ef', 'null', '96902aa2-7a89-495d-859e-5639790467eb')
/
insert into KSEN_LUI_IDENT (OBJ_ID, VER_NBR, CREATEID, CREATETIME, UPDATEID, UPDATETIME, LUI_CD, DIVISION, IDENT_LEVEL, LNG_NAME, LUI_ID, ORGID, SHRT_NAME, LUI_ID_STATE, SUFX_CD, LUI_ID_TYPE, VARTN, ID) values ('df9ef1e1-aa72-423a-b055-975519df4bf7', 0, 'admin', TIMESTAMP '2013-10-28 10:20:20.077', 'admin', TIMESTAMP '2013-10-28 10:20:20.077', 'H', '', '', '', '0406406e-40f1-4a21-82ba-21267e8bf5ef', '', '', 'kuali.lui.identifier.state.active', '', 'kuali.lui.identifier.type.official', '', '71de5d6c-170f-4b4f-8c8c-e435263132fa')
/
insert into KSEN_LUI_LU_CD (OBJ_ID, VER_NBR, CREATEID, CREATETIME, UPDATEID, UPDATETIME, DESCR_FORMATTED, LUI_ID, DESCR_PLAIN, LUI_LUCD_TYPE, VALUE, ID) values ('168d945f-c234-4212-b381-8d587141abed', 0, 'admin', TIMESTAMP '2013-10-28 10:20:20.077', 'admin', TIMESTAMP '2013-10-28 10:20:20.077', '', '0406406e-40f1-4a21-82ba-21267e8bf5ef', '', 'kuali.lu.code.honorsOffering', 'null', '89cf7aeb-2a89-4a34-8b50-b5eeafc4492c')
/
insert into KSEN_LUILUI_RELTN (OBJ_ID, VER_NBR, CREATEID, CREATETIME, UPDATEID, UPDATETIME, EFF_DT, EXPIR_DT, DESCR_FORMATTED, LUI_ID, LUILUI_RELTN_STATE, LUILUI_RELTN_TYPE, NAME, DESCR_PLAIN, RELATED_LUI_ID, ID) values ('26042851-4b04-4995-ac06-b251e978bfe1', 0, 'admin', TIMESTAMP '2013-10-28 10:20:20.077', 'admin', TIMESTAMP '2013-10-28 10:20:20.077', TIMESTAMP '2013-10-28 10:20:20.195', '', 'CHEM242-FO-AO', '07b807aa-b067-4abf-aed0-5f5c5a7094ad', 'kuali.lui.lui.relation.state.active', 'kuali.lui.lui.relation.type.deliveredvia.fo2ao', 'fo-ao-relation', 'CHEM242-FO-AO', '0406406e-40f1-4a21-82ba-21267e8bf5ef', 'af235345-2ce9-419b-8ebf-e233fdb0bb82')
/
insert into KSEN_CO_AO_CLUSTER_SET (OBJ_ID, ACTIVITY_OFFERING_TYPE, AO_CLUSTER_ID, ID) values ('dd1281d5-db3b-410e-ba7e-7b189ebad629', 'kuali.lui.type.activity.offering.lecture', 'e4cdd6f3-43d9-4566-b694-4a411b91ac0f', '3fe74450-0c4f-4cda-bda9-f8c4bfa69990')
/
insert into KSEN_CO_AO_CLUSTER_SET_AO (AOC_SET_ID, ACTIVITY_OFFERING_ID) values ('3fe74450-0c4f-4cda-bda9-f8c4bfa69990', '0406406e-40f1-4a21-82ba-21267e8bf5ef')
/
delete from KSEN_LUILUI_RELTN where ID='65d6d9dd-a5db-4169-9f61-227ae63976da' and VER_NBR=0
/
delete from KSEN_LUILUI_RELTN where ID='3ec27e7e-331f-494f-ab87-4b8be69ab203' and VER_NBR=0
/
delete from KSEN_LUI_ATTR where ID='860d3273-abec-4c87-b840-9e0e6fcc99d0'
/
delete from KSEN_LUI_ATTR where ID='24bd62b3-1660-43d0-8123-774a92cc87bd'
/
delete from KSEN_LUI_IDENT where ID='53a1be10-8558-4dc0-ba73-b9ef9052a5fb' and VER_NBR=0
/
delete from KSEN_LUI where ID='f1183bb6-4c1e-4c5e-b4ea-c34ad29232bb' and VER_NBR=1
/
delete from KSEN_LUILUI_RELTN where ID='faef53d0-a887-4273-a9c2-7cd28b45e28a' and VER_NBR=0
/
delete from KSEN_LUILUI_RELTN where ID='6992ccf2-3dca-4a9d-a118-1ac40e0ec97f' and VER_NBR=0
/
delete from KSEN_LUI_ATTR where ID='13c178c3-8240-4f38-a600-c04439cd1d0b'
/
delete from KSEN_LUI_ATTR where ID='37ae9080-044d-4ab4-bf76-cb71461b153e'
/
delete from KSEN_LUI_IDENT where ID='897f6614-8656-45af-b6fa-8b95eae3ab45' and VER_NBR=0
/
delete from KSEN_LUI where ID='4b753aae-9574-4343-8f58-d11a2ea5c360' and VER_NBR=1
/
delete from KSEN_LUILUI_RELTN where ID='f16b6b15-a3f8-42f3-a985-db86c7268925' and VER_NBR=0
/
delete from KSEN_LUILUI_RELTN where ID='3cb872ef-25e7-4654-a09f-d7e00327e99c' and VER_NBR=0
/
delete from KSEN_LUI_ATTR where ID='9fb95d13-7ae9-44dd-b879-6532193f15eb'
/
delete from KSEN_LUI_ATTR where ID='634db632-ed2e-40e0-8334-0231152c8808'
/
delete from KSEN_LUI_IDENT where ID='b4b8390f-7d41-4e32-87b8-714a5242ecc1' and VER_NBR=0
/
delete from KSEN_LUI where ID='57798857-2622-4343-bb89-096070afca71' and VER_NBR=1
/
delete from KSEN_LUILUI_RELTN where ID='6a64bdcf-1eeb-4e66-ab30-e00d7dd491b2' and VER_NBR=0
/
delete from KSEN_LUILUI_RELTN where ID='0af3a224-eb91-4ed5-b3e7-8c95dc6c9801' and VER_NBR=0
/
delete from KSEN_LUI_ATTR where ID='0997fc23-ae59-4972-9d46-021a3c1e9eca'
/
delete from KSEN_LUI_ATTR where ID='771c310a-0d22-477e-b4ea-fe2b0dc47fee'
/
delete from KSEN_LUI_IDENT where ID='905daa03-26e8-480d-bee5-ab3405704088' and VER_NBR=0
/
delete from KSEN_LUI where ID='a4e4ed60-009b-426a-b683-91fa35df6df7' and VER_NBR=1
/
delete from KSEN_LUILUI_RELTN where ID='232a130d-ceb3-4cb4-b2ca-e2421a903061' and VER_NBR=0
/
delete from KSEN_LUILUI_RELTN where ID='7f074740-8167-49fc-9992-a3fa89bda4dd' and VER_NBR=0
/
delete from KSEN_LUI_ATTR where ID='88bdd463-bc07-482c-988e-6944f9a81888'
/
delete from KSEN_LUI_ATTR where ID='49fa3bb6-03f0-48bb-be04-a2ee781a139b'
/
delete from KSEN_LUI_IDENT where ID='3769813d-55f2-4cd5-9bf4-4b02f15176eb' and VER_NBR=0
/
delete from KSEN_LUI where ID='28e1488f-86ed-47d0-80d6-71ff757c6cae' and VER_NBR=1
/
delete from KSEN_LUILUI_RELTN where ID='15f08c41-551c-43b4-9f23-9205e35eeb0b' and VER_NBR=0
/
delete from KSEN_LUILUI_RELTN where ID='04b4448f-913d-4d79-8e91-eca51f1cf508' and VER_NBR=0
/
delete from KSEN_LUI_ATTR where ID='28772b03-96c4-4002-a52c-ce5a6e34e55a'
/
delete from KSEN_LUI_ATTR where ID='4a4bcc3c-e297-4dee-96f7-f807fe28a669'
/
delete from KSEN_LUI_IDENT where ID='7b44df2b-0df2-4511-9dbf-a870df41eeee' and VER_NBR=0
/
delete from KSEN_LUI where ID='5f011fe8-6bf0-4645-a69a-45a36e043e98' and VER_NBR=1
/
delete from KSEN_LUILUI_RELTN where ID='81f63519-c02f-4dc0-8a35-6bf218ef1b40' and VER_NBR=0
/
delete from KSEN_LUILUI_RELTN where ID='6388aad5-ea99-4437-a3cc-5eab3770bbcc' and VER_NBR=0
/
delete from KSEN_LUI_ATTR where ID='fa53d397-de5d-4fd4-9b01-0a168a71bbc6'
/
delete from KSEN_LUI_ATTR where ID='7ca4a023-a928-40f9-b951-bee69c990aee'
/
delete from KSEN_LUI_IDENT where ID='87f623e6-c7b5-48cd-a93e-564a9fcc448f' and VER_NBR=0
/
delete from KSEN_LUI where ID='59c7991d-fef2-4e3a-8546-5edd3a02174a' and VER_NBR=1
/
insert into KSEN_LUI_ATTR (OBJ_ID, ATTR_KEY, OWNER_ID, ATTR_VALUE, ID) values ('d4c7ad30-76cb-404d-8948-8efe901ef44b', 'regCodePrefix', '07b807aa-b067-4abf-aed0-5f5c5a7094ad', '1', '1b4988a5-0f24-4a32-93bd-144c5a23acc8')
/
delete from KSEN_LUI_RELATED_LUI_TYPES where LUI_ID='07b807aa-b067-4abf-aed0-5f5c5a7094ad'
/
insert into KSEN_LUI_RELATED_LUI_TYPES (LUI_ID, RELATED_LUI_TYPE) values ('07b807aa-b067-4abf-aed0-5f5c5a7094ad', 'kuali.lui.type.activity.offering.lab')
/
insert into KSEN_LUI_RELATED_LUI_TYPES (LUI_ID, RELATED_LUI_TYPE) values ('07b807aa-b067-4abf-aed0-5f5c5a7094ad', 'kuali.lui.type.activity.offering.lecture')
/
insert into KSEN_LUI (OBJ_ID, VER_NBR, CREATEID, CREATETIME, UPDATEID, UPDATETIME, ATP_ID, CLU_ID, EFF_DT, EXPIR_DT, DESCR_FORMATTED, LUI_STATE, LUI_TYPE, MAX_SEATS, MIN_SEATS, NAME, DESCR_PLAIN, REF_URL, ID) values ('94ebbb6e-9cd9-4f15-aa7a-87c62ed19422', 0, 'admin', TIMESTAMP '2013-10-28 10:20:20.077', 'admin', TIMESTAMP '2013-10-28 10:20:20.077', 'kuali.atp.2013Summer1', 'd925e275-370d-4d98-bbec-96fe2459a200', '', '', '1001', 'kuali.lui.registration.group.state.pending', 'kuali.lui.type.registration.group', '', '', '1001', '1001', '', 'b8fb1b59-acea-4b4a-a836-f03714dcd6d2')
/
insert into KSEN_LUI_ATTR (OBJ_ID, ATTR_KEY, OWNER_ID, ATTR_VALUE, ID) values ('310b383e-fe95-4760-bd37-e4c91d1a9ab3', 'kuali.attribute.registration.group.is.generated', 'b8fb1b59-acea-4b4a-a836-f03714dcd6d2', '1', '8a19e923-a1cc-4ec7-b032-d9a9380236d7')
/
insert into KSEN_LUI_ATTR (OBJ_ID, ATTR_KEY, OWNER_ID, ATTR_VALUE, ID) values ('c6637157-2b9e-4f39-959c-89a2032147bf', 'kuali.attribute.registration.group.aocluster.id', 'b8fb1b59-acea-4b4a-a836-f03714dcd6d2', 'e4cdd6f3-43d9-4566-b694-4a411b91ac0f', '6c722e91-a5af-440a-a771-a0b2dece2530')
/
insert into KSEN_LUI_IDENT (OBJ_ID, VER_NBR, CREATEID, CREATETIME, UPDATEID, UPDATETIME, LUI_CD, DIVISION, IDENT_LEVEL, LNG_NAME, LUI_ID, ORGID, SHRT_NAME, LUI_ID_STATE, SUFX_CD, LUI_ID_TYPE, VARTN, ID) values ('ec12eeb8-6e4e-4682-afea-7b34322fafcc', 0, 'admin', TIMESTAMP '2013-10-28 10:20:20.077', 'admin', TIMESTAMP '2013-10-28 10:20:20.077', '', '', '', '', 'b8fb1b59-acea-4b4a-a836-f03714dcd6d2', '', '', 'kuali.lui.identifier.state.active', '', 'kuali.lui.identifier.type.official', '', 'cc9fcd72-ef84-42cf-b042-f3b54bba1d3d')
/
insert into KSEN_LUILUI_RELTN (OBJ_ID, VER_NBR, CREATEID, CREATETIME, UPDATEID, UPDATETIME, EFF_DT, EXPIR_DT, DESCR_FORMATTED, LUI_ID, LUILUI_RELTN_STATE, LUILUI_RELTN_TYPE, NAME, DESCR_PLAIN, RELATED_LUI_ID, ID) values ('129e0ed6-e8dd-45d0-9467-963a7e451710', 0, 'admin', TIMESTAMP '2013-10-28 10:20:20.077', 'admin', TIMESTAMP '2013-10-28 10:20:20.077', TIMESTAMP '2013-10-28 10:20:21.782', '', 'CHEM242-FO-RG', '07b807aa-b067-4abf-aed0-5f5c5a7094ad', 'kuali.lui.lui.relation.state.active', 'kuali.lui.lui.relation.type.deliveredvia.fo2rg', 'fo-rg-relation', 'CHEM242-FO-RG', 'b8fb1b59-acea-4b4a-a836-f03714dcd6d2', '83611c28-72cb-42ce-8a54-36eede1579ca')
/
insert into KSEN_LUILUI_RELTN (OBJ_ID, VER_NBR, CREATEID, CREATETIME, UPDATEID, UPDATETIME, EFF_DT, EXPIR_DT, DESCR_FORMATTED, LUI_ID, LUILUI_RELTN_STATE, LUILUI_RELTN_TYPE, NAME, DESCR_PLAIN, RELATED_LUI_ID, ID) values ('f9fc02ed-56f3-4a09-acc5-a1d3e9267932', 0, 'admin', TIMESTAMP '2013-10-28 10:20:20.077', 'admin', TIMESTAMP '2013-10-28 10:20:20.077', TIMESTAMP '2013-10-28 10:20:21.782', '', 'CHEM242-RG-AO', 'b8fb1b59-acea-4b4a-a836-f03714dcd6d2', 'kuali.lui.lui.relation.state.active', 'kuali.lui.lui.relation.type.registeredforvia.rg2ao', 'rg-ao-relation', 'CHEM242-RG-AO', '7ce7493a-5b52-4ef5-9e0f-a6fde06518f4', '0c827056-0a11-4dbb-84ef-793c3c6cca47')
/
insert into KSEN_LUILUI_RELTN (OBJ_ID, VER_NBR, CREATEID, CREATETIME, UPDATEID, UPDATETIME, EFF_DT, EXPIR_DT, DESCR_FORMATTED, LUI_ID, LUILUI_RELTN_STATE, LUILUI_RELTN_TYPE, NAME, DESCR_PLAIN, RELATED_LUI_ID, ID) values ('d18e893e-f37f-434f-9988-e170b4acae25', 0, 'admin', TIMESTAMP '2013-10-28 10:20:20.077', 'admin', TIMESTAMP '2013-10-28 10:20:20.077', TIMESTAMP '2013-10-28 10:20:21.783', '', 'CHEM242-RG-AO', 'b8fb1b59-acea-4b4a-a836-f03714dcd6d2', 'kuali.lui.lui.relation.state.active', 'kuali.lui.lui.relation.type.registeredforvia.rg2ao', 'rg-ao-relation', 'CHEM242-RG-AO', '0406406e-40f1-4a21-82ba-21267e8bf5ef', '01df3ca1-7c26-4030-80e5-60289fd53724')
/
insert into KSEN_LUI (OBJ_ID, VER_NBR, CREATEID, CREATETIME, UPDATEID, UPDATETIME, ATP_ID, CLU_ID, EFF_DT, EXPIR_DT, DESCR_FORMATTED, LUI_STATE, LUI_TYPE, MAX_SEATS, MIN_SEATS, NAME, DESCR_PLAIN, REF_URL, ID) values ('28289c00-7308-4756-bb30-8e2a1c90ac0f', 0, 'admin', TIMESTAMP '2013-10-28 10:20:20.077', 'admin', TIMESTAMP '2013-10-28 10:20:20.077', 'kuali.atp.2013Summer1', 'd925e275-370d-4d98-bbec-96fe2459a200', '', '', '1002', 'kuali.lui.registration.group.state.pending', 'kuali.lui.type.registration.group', '', '', '1002', '1002', '', 'fbf985b0-718d-4e3b-b6f9-d7c859d6092d')
/
insert into KSEN_LUI_ATTR (OBJ_ID, ATTR_KEY, OWNER_ID, ATTR_VALUE, ID) values ('0e3c5d83-dc4b-4e38-ac5c-2de59216fd6b', 'kuali.attribute.registration.group.is.generated', 'fbf985b0-718d-4e3b-b6f9-d7c859d6092d', '1', '1fa436cf-4d4c-42cf-b998-2668e1ed6264')
/
insert into KSEN_LUI_ATTR (OBJ_ID, ATTR_KEY, OWNER_ID, ATTR_VALUE, ID) values ('e4c3441a-a11c-4ac1-a8a5-e20e30856868', 'kuali.attribute.registration.group.aocluster.id', 'fbf985b0-718d-4e3b-b6f9-d7c859d6092d', 'e4cdd6f3-43d9-4566-b694-4a411b91ac0f', '91f4d87e-938c-4490-90c5-0fd0b4765004')
/
insert into KSEN_LUI_IDENT (OBJ_ID, VER_NBR, CREATEID, CREATETIME, UPDATEID, UPDATETIME, LUI_CD, DIVISION, IDENT_LEVEL, LNG_NAME, LUI_ID, ORGID, SHRT_NAME, LUI_ID_STATE, SUFX_CD, LUI_ID_TYPE, VARTN, ID) values ('1f121eb7-7033-4599-aa0b-2c93c30e216b', 0, 'admin', TIMESTAMP '2013-10-28 10:20:20.077', 'admin', TIMESTAMP '2013-10-28 10:20:20.077', '', '', '', '', 'fbf985b0-718d-4e3b-b6f9-d7c859d6092d', '', '', 'kuali.lui.identifier.state.active', '', 'kuali.lui.identifier.type.official', '', '9e71589d-3932-4971-accf-e96439266836')
/
insert into KSEN_LUILUI_RELTN (OBJ_ID, VER_NBR, CREATEID, CREATETIME, UPDATEID, UPDATETIME, EFF_DT, EXPIR_DT, DESCR_FORMATTED, LUI_ID, LUILUI_RELTN_STATE, LUILUI_RELTN_TYPE, NAME, DESCR_PLAIN, RELATED_LUI_ID, ID) values ('35dec98a-d315-4d92-87bc-19227d8c8f7f', 0, 'admin', TIMESTAMP '2013-10-28 10:20:20.077', 'admin', TIMESTAMP '2013-10-28 10:20:20.077', TIMESTAMP '2013-10-28 10:20:22.2', '', 'CHEM242-FO-RG', '07b807aa-b067-4abf-aed0-5f5c5a7094ad', 'kuali.lui.lui.relation.state.active', 'kuali.lui.lui.relation.type.deliveredvia.fo2rg', 'fo-rg-relation', 'CHEM242-FO-RG', 'fbf985b0-718d-4e3b-b6f9-d7c859d6092d', '33e701d1-6924-49af-94b0-139f3f53f2a5')
/
insert into KSEN_LUILUI_RELTN (OBJ_ID, VER_NBR, CREATEID, CREATETIME, UPDATEID, UPDATETIME, EFF_DT, EXPIR_DT, DESCR_FORMATTED, LUI_ID, LUILUI_RELTN_STATE, LUILUI_RELTN_TYPE, NAME, DESCR_PLAIN, RELATED_LUI_ID, ID) values ('c60fb2de-0f74-4446-9a3f-e76f590743b4', 0, 'admin', TIMESTAMP '2013-10-28 10:20:20.077', 'admin', TIMESTAMP '2013-10-28 10:20:20.077', TIMESTAMP '2013-10-28 10:20:22.201', '', 'CHEM242-RG-AO', 'fbf985b0-718d-4e3b-b6f9-d7c859d6092d', 'kuali.lui.lui.relation.state.active', 'kuali.lui.lui.relation.type.registeredforvia.rg2ao', 'rg-ao-relation', 'CHEM242-RG-AO', '32c9e0d4-940c-423e-9fcb-a47691cb0ec5', '018e6203-3492-41ce-a192-8f2cfe8a681a')
/
insert into KSEN_LUILUI_RELTN (OBJ_ID, VER_NBR, CREATEID, CREATETIME, UPDATEID, UPDATETIME, EFF_DT, EXPIR_DT, DESCR_FORMATTED, LUI_ID, LUILUI_RELTN_STATE, LUILUI_RELTN_TYPE, NAME, DESCR_PLAIN, RELATED_LUI_ID, ID) values ('9b65996c-1280-4859-a97c-fb74ebb6fe0f', 0, 'admin', TIMESTAMP '2013-10-28 10:20:20.077', 'admin', TIMESTAMP '2013-10-28 10:20:20.077', TIMESTAMP '2013-10-28 10:20:22.201', '', 'CHEM242-RG-AO', 'fbf985b0-718d-4e3b-b6f9-d7c859d6092d', 'kuali.lui.lui.relation.state.active', 'kuali.lui.lui.relation.type.registeredforvia.rg2ao', 'rg-ao-relation', 'CHEM242-RG-AO', '0406406e-40f1-4a21-82ba-21267e8bf5ef', 'a5356d65-b1da-4b75-83ea-2fbec45c8c88')
/
insert into KSEN_LUI (OBJ_ID, VER_NBR, CREATEID, CREATETIME, UPDATEID, UPDATETIME, ATP_ID, CLU_ID, EFF_DT, EXPIR_DT, DESCR_FORMATTED, LUI_STATE, LUI_TYPE, MAX_SEATS, MIN_SEATS, NAME, DESCR_PLAIN, REF_URL, ID) values ('e9fb8376-bdf8-482f-a817-67d3f22edefa', 0, 'admin', TIMESTAMP '2013-10-28 10:20:20.077', 'admin', TIMESTAMP '2013-10-28 10:20:20.077', 'kuali.atp.2013Summer1', 'd925e275-370d-4d98-bbec-96fe2459a200', '', '', '1003', 'kuali.lui.registration.group.state.pending', 'kuali.lui.type.registration.group', '', '', '1003', '1003', '', '8e02cb99-3a4f-4b1d-806f-51fa294fdf8e')
/
insert into KSEN_LUI_ATTR (OBJ_ID, ATTR_KEY, OWNER_ID, ATTR_VALUE, ID) values ('7478fc8f-32f2-429d-9b11-875a54b460cb', 'kuali.attribute.registration.group.aocluster.id', '8e02cb99-3a4f-4b1d-806f-51fa294fdf8e', 'e4cdd6f3-43d9-4566-b694-4a411b91ac0f', 'c22d86ce-1bfc-4c78-9012-e1e9bdaf3bff')
/
insert into KSEN_LUI_ATTR (OBJ_ID, ATTR_KEY, OWNER_ID, ATTR_VALUE, ID) values ('0dc14120-4724-4daa-aee2-3f7a5fb27bfd', 'kuali.attribute.registration.group.is.generated', '8e02cb99-3a4f-4b1d-806f-51fa294fdf8e', '1', '0c71119a-3621-48d5-91c3-7b3885a5ac59')
/
insert into KSEN_LUI_IDENT (OBJ_ID, VER_NBR, CREATEID, CREATETIME, UPDATEID, UPDATETIME, LUI_CD, DIVISION, IDENT_LEVEL, LNG_NAME, LUI_ID, ORGID, SHRT_NAME, LUI_ID_STATE, SUFX_CD, LUI_ID_TYPE, VARTN, ID) values ('1d113104-7c3e-4359-b0c6-d22c2f36c935', 0, 'admin', TIMESTAMP '2013-10-28 10:20:20.077', 'admin', TIMESTAMP '2013-10-28 10:20:20.077', '', '', '', '', '8e02cb99-3a4f-4b1d-806f-51fa294fdf8e', '', '', 'kuali.lui.identifier.state.active', '', 'kuali.lui.identifier.type.official', '', '2b206889-c887-4f85-ad57-ac2d2f1757d6')
/
insert into KSEN_LUILUI_RELTN (OBJ_ID, VER_NBR, CREATEID, CREATETIME, UPDATEID, UPDATETIME, EFF_DT, EXPIR_DT, DESCR_FORMATTED, LUI_ID, LUILUI_RELTN_STATE, LUILUI_RELTN_TYPE, NAME, DESCR_PLAIN, RELATED_LUI_ID, ID) values ('0efe4119-2bfd-48ea-ae1f-7cec971e5efc', 0, 'admin', TIMESTAMP '2013-10-28 10:20:20.077', 'admin', TIMESTAMP '2013-10-28 10:20:20.077', TIMESTAMP '2013-10-28 10:20:22.626', '', 'CHEM242-FO-RG', '07b807aa-b067-4abf-aed0-5f5c5a7094ad', 'kuali.lui.lui.relation.state.active', 'kuali.lui.lui.relation.type.deliveredvia.fo2rg', 'fo-rg-relation', 'CHEM242-FO-RG', '8e02cb99-3a4f-4b1d-806f-51fa294fdf8e', 'c1e7e2f3-5847-44b6-8806-637be1412468')
/
insert into KSEN_LUILUI_RELTN (OBJ_ID, VER_NBR, CREATEID, CREATETIME, UPDATEID, UPDATETIME, EFF_DT, EXPIR_DT, DESCR_FORMATTED, LUI_ID, LUILUI_RELTN_STATE, LUILUI_RELTN_TYPE, NAME, DESCR_PLAIN, RELATED_LUI_ID, ID) values ('babf538c-8e6f-4b36-9fb6-760a0b900f05', 0, 'admin', TIMESTAMP '2013-10-28 10:20:20.077', 'admin', TIMESTAMP '2013-10-28 10:20:20.077', TIMESTAMP '2013-10-28 10:20:22.627', '', 'CHEM242-RG-AO', '8e02cb99-3a4f-4b1d-806f-51fa294fdf8e', 'kuali.lui.lui.relation.state.active', 'kuali.lui.lui.relation.type.registeredforvia.rg2ao', 'rg-ao-relation', 'CHEM242-RG-AO', 'c9ee8b20-be79-407a-8605-233c1137851a', '3427fa77-7142-47d3-b0e9-34be2443b692')
/
insert into KSEN_LUILUI_RELTN (OBJ_ID, VER_NBR, CREATEID, CREATETIME, UPDATEID, UPDATETIME, EFF_DT, EXPIR_DT, DESCR_FORMATTED, LUI_ID, LUILUI_RELTN_STATE, LUILUI_RELTN_TYPE, NAME, DESCR_PLAIN, RELATED_LUI_ID, ID) values ('8cfd1362-1811-4360-8ff5-0f5783aa1f8c', 0, 'admin', TIMESTAMP '2013-10-28 10:20:20.077', 'admin', TIMESTAMP '2013-10-28 10:20:20.077', TIMESTAMP '2013-10-28 10:20:22.627', '', 'CHEM242-RG-AO', '8e02cb99-3a4f-4b1d-806f-51fa294fdf8e', 'kuali.lui.lui.relation.state.active', 'kuali.lui.lui.relation.type.registeredforvia.rg2ao', 'rg-ao-relation', 'CHEM242-RG-AO', '0406406e-40f1-4a21-82ba-21267e8bf5ef', '508900c5-6c3f-4e7e-911c-2e720c811d86')
/
insert into KSEN_LUI (OBJ_ID, VER_NBR, CREATEID, CREATETIME, UPDATEID, UPDATETIME, ATP_ID, CLU_ID, EFF_DT, EXPIR_DT, DESCR_FORMATTED, LUI_STATE, LUI_TYPE, MAX_SEATS, MIN_SEATS, NAME, DESCR_PLAIN, REF_URL, ID) values ('bd2f902e-15b7-451f-afdc-0c05dbfef489', 0, 'admin', TIMESTAMP '2013-10-28 10:20:20.077', 'admin', TIMESTAMP '2013-10-28 10:20:20.077', 'kuali.atp.2013Summer1', 'd925e275-370d-4d98-bbec-96fe2459a200', '', '', '1004', 'kuali.lui.registration.group.state.pending', 'kuali.lui.type.registration.group', '', '', '1004', '1004', '', '1af362f7-455f-41e4-87ad-0bb54fa3ea75')
/
insert into KSEN_LUI_ATTR (OBJ_ID, ATTR_KEY, OWNER_ID, ATTR_VALUE, ID) values ('bc30ce3a-bc4a-43a3-b103-0e0d70007b1e', 'kuali.attribute.registration.group.is.generated', '1af362f7-455f-41e4-87ad-0bb54fa3ea75', '1', 'c21b7604-a147-431d-bb83-15d84346b901')
/
insert into KSEN_LUI_ATTR (OBJ_ID, ATTR_KEY, OWNER_ID, ATTR_VALUE, ID) values ('b548373e-179e-4d75-a22a-2ce35eaebf85', 'kuali.attribute.registration.group.aocluster.id', '1af362f7-455f-41e4-87ad-0bb54fa3ea75', 'e4cdd6f3-43d9-4566-b694-4a411b91ac0f', 'f3ad2925-9550-40ef-92bb-ba882cdee03b')
/
insert into KSEN_LUI_IDENT (OBJ_ID, VER_NBR, CREATEID, CREATETIME, UPDATEID, UPDATETIME, LUI_CD, DIVISION, IDENT_LEVEL, LNG_NAME, LUI_ID, ORGID, SHRT_NAME, LUI_ID_STATE, SUFX_CD, LUI_ID_TYPE, VARTN, ID) values ('294a373c-f735-405a-98c0-b70db8019252', 0, 'admin', TIMESTAMP '2013-10-28 10:20:20.077', 'admin', TIMESTAMP '2013-10-28 10:20:20.077', '', '', '', '', '1af362f7-455f-41e4-87ad-0bb54fa3ea75', '', '', 'kuali.lui.identifier.state.active', '', 'kuali.lui.identifier.type.official', '', '2e7c74c4-281e-4a40-8369-7ef52ccc1c44')
/
insert into KSEN_LUILUI_RELTN (OBJ_ID, VER_NBR, CREATEID, CREATETIME, UPDATEID, UPDATETIME, EFF_DT, EXPIR_DT, DESCR_FORMATTED, LUI_ID, LUILUI_RELTN_STATE, LUILUI_RELTN_TYPE, NAME, DESCR_PLAIN, RELATED_LUI_ID, ID) values ('bc6e91d6-230f-4ad3-bc63-f13c83406a9e', 0, 'admin', TIMESTAMP '2013-10-28 10:20:20.077', 'admin', TIMESTAMP '2013-10-28 10:20:20.077', TIMESTAMP '2013-10-28 10:20:23.329', '', 'CHEM242-FO-RG', '07b807aa-b067-4abf-aed0-5f5c5a7094ad', 'kuali.lui.lui.relation.state.active', 'kuali.lui.lui.relation.type.deliveredvia.fo2rg', 'fo-rg-relation', 'CHEM242-FO-RG', '1af362f7-455f-41e4-87ad-0bb54fa3ea75', '09c56147-a566-42f6-a00d-620b81ca2559')
/
insert into KSEN_LUILUI_RELTN (OBJ_ID, VER_NBR, CREATEID, CREATETIME, UPDATEID, UPDATETIME, EFF_DT, EXPIR_DT, DESCR_FORMATTED, LUI_ID, LUILUI_RELTN_STATE, LUILUI_RELTN_TYPE, NAME, DESCR_PLAIN, RELATED_LUI_ID, ID) values ('cc12e278-db9a-4b2f-9a3f-ff48545b2f3e', 0, 'admin', TIMESTAMP '2013-10-28 10:20:20.077', 'admin', TIMESTAMP '2013-10-28 10:20:20.077', TIMESTAMP '2013-10-28 10:20:23.329', '', 'CHEM242-RG-AO', '1af362f7-455f-41e4-87ad-0bb54fa3ea75', 'kuali.lui.lui.relation.state.active', 'kuali.lui.lui.relation.type.registeredforvia.rg2ao', 'rg-ao-relation', 'CHEM242-RG-AO', '2778c3cc-bdf3-48ed-b003-410875ff4a21', '1a725467-01a5-4cc5-9697-b9efdec1e042')
/
insert into KSEN_LUILUI_RELTN (OBJ_ID, VER_NBR, CREATEID, CREATETIME, UPDATEID, UPDATETIME, EFF_DT, EXPIR_DT, DESCR_FORMATTED, LUI_ID, LUILUI_RELTN_STATE, LUILUI_RELTN_TYPE, NAME, DESCR_PLAIN, RELATED_LUI_ID, ID) values ('6a23a3d9-03f0-4132-9051-1ca623d269fa', 0, 'admin', TIMESTAMP '2013-10-28 10:20:20.077', 'admin', TIMESTAMP '2013-10-28 10:20:20.077', TIMESTAMP '2013-10-28 10:20:23.33', '', 'CHEM242-RG-AO', '1af362f7-455f-41e4-87ad-0bb54fa3ea75', 'kuali.lui.lui.relation.state.active', 'kuali.lui.lui.relation.type.registeredforvia.rg2ao', 'rg-ao-relation', 'CHEM242-RG-AO', '0406406e-40f1-4a21-82ba-21267e8bf5ef', '01b96f53-9fd9-474f-8a87-7051266c4272')
/
insert into KSEN_LUI (OBJ_ID, VER_NBR, CREATEID, CREATETIME, UPDATEID, UPDATETIME, ATP_ID, CLU_ID, EFF_DT, EXPIR_DT, DESCR_FORMATTED, LUI_STATE, LUI_TYPE, MAX_SEATS, MIN_SEATS, NAME, DESCR_PLAIN, REF_URL, ID) values ('96539f8c-1954-4cc0-8201-b5de8a42bf52', 0, 'admin', TIMESTAMP '2013-10-28 10:20:20.077', 'admin', TIMESTAMP '2013-10-28 10:20:20.077', 'kuali.atp.2013Summer1', 'd925e275-370d-4d98-bbec-96fe2459a200', '', '', '1005', 'kuali.lui.registration.group.state.pending', 'kuali.lui.type.registration.group', '', '', '1005', '1005', '', 'e97d42d4-1e0d-4087-a7fb-8b3923f6ff81')
/
insert into KSEN_LUI_ATTR (OBJ_ID, ATTR_KEY, OWNER_ID, ATTR_VALUE, ID) values ('1695c618-b72b-441d-87cc-c013e33cdb3c', 'kuali.attribute.registration.group.is.generated', 'e97d42d4-1e0d-4087-a7fb-8b3923f6ff81', '1', 'cfb8f4e8-d5b2-421e-a994-17970638ed67')
/
insert into KSEN_LUI_ATTR (OBJ_ID, ATTR_KEY, OWNER_ID, ATTR_VALUE, ID) values ('6b7604c9-d536-4734-b095-4e015e18436e', 'kuali.attribute.registration.group.aocluster.id', 'e97d42d4-1e0d-4087-a7fb-8b3923f6ff81', 'e4cdd6f3-43d9-4566-b694-4a411b91ac0f', '5323dd7c-29a1-4ab9-bf25-726425cac4b0')
/
insert into KSEN_LUI_IDENT (OBJ_ID, VER_NBR, CREATEID, CREATETIME, UPDATEID, UPDATETIME, LUI_CD, DIVISION, IDENT_LEVEL, LNG_NAME, LUI_ID, ORGID, SHRT_NAME, LUI_ID_STATE, SUFX_CD, LUI_ID_TYPE, VARTN, ID) values ('2f99b793-9f81-449d-811d-ec478d517daf', 0, 'admin', TIMESTAMP '2013-10-28 10:20:20.077', 'admin', TIMESTAMP '2013-10-28 10:20:20.077', '', '', '', '', 'e97d42d4-1e0d-4087-a7fb-8b3923f6ff81', '', '', 'kuali.lui.identifier.state.active', '', 'kuali.lui.identifier.type.official', '', '22e07c77-663c-462c-b90b-9afb44b7f8f1')
/
insert into KSEN_LUILUI_RELTN (OBJ_ID, VER_NBR, CREATEID, CREATETIME, UPDATEID, UPDATETIME, EFF_DT, EXPIR_DT, DESCR_FORMATTED, LUI_ID, LUILUI_RELTN_STATE, LUILUI_RELTN_TYPE, NAME, DESCR_PLAIN, RELATED_LUI_ID, ID) values ('ae65ae25-1d72-4883-92a2-46e1361ddf4d', 0, 'admin', TIMESTAMP '2013-10-28 10:20:20.077', 'admin', TIMESTAMP '2013-10-28 10:20:20.077', TIMESTAMP '2013-10-28 10:20:24.039', '', 'CHEM242-FO-RG', '07b807aa-b067-4abf-aed0-5f5c5a7094ad', 'kuali.lui.lui.relation.state.active', 'kuali.lui.lui.relation.type.deliveredvia.fo2rg', 'fo-rg-relation', 'CHEM242-FO-RG', 'e97d42d4-1e0d-4087-a7fb-8b3923f6ff81', '93864b93-7b95-4786-89ed-4ced25d6749f')
/
insert into KSEN_LUILUI_RELTN (OBJ_ID, VER_NBR, CREATEID, CREATETIME, UPDATEID, UPDATETIME, EFF_DT, EXPIR_DT, DESCR_FORMATTED, LUI_ID, LUILUI_RELTN_STATE, LUILUI_RELTN_TYPE, NAME, DESCR_PLAIN, RELATED_LUI_ID, ID) values ('0ad38b1d-5141-4dcb-a43c-5a789111211c', 0, 'admin', TIMESTAMP '2013-10-28 10:20:20.077', 'admin', TIMESTAMP '2013-10-28 10:20:20.077', TIMESTAMP '2013-10-28 10:20:24.04', '', 'CHEM242-RG-AO', 'e97d42d4-1e0d-4087-a7fb-8b3923f6ff81', 'kuali.lui.lui.relation.state.active', 'kuali.lui.lui.relation.type.registeredforvia.rg2ao', 'rg-ao-relation', 'CHEM242-RG-AO', '7e9130a0-68d4-4ecd-9390-6202252009c1', '0d8f348b-42ca-4853-9e72-78d9c3c9046a')
/
insert into KSEN_LUILUI_RELTN (OBJ_ID, VER_NBR, CREATEID, CREATETIME, UPDATEID, UPDATETIME, EFF_DT, EXPIR_DT, DESCR_FORMATTED, LUI_ID, LUILUI_RELTN_STATE, LUILUI_RELTN_TYPE, NAME, DESCR_PLAIN, RELATED_LUI_ID, ID) values ('6b9876e4-baae-4469-9947-75c46ecfc1b1', 0, 'admin', TIMESTAMP '2013-10-28 10:20:20.077', 'admin', TIMESTAMP '2013-10-28 10:20:20.077', TIMESTAMP '2013-10-28 10:20:24.04', '', 'CHEM242-RG-AO', 'e97d42d4-1e0d-4087-a7fb-8b3923f6ff81', 'kuali.lui.lui.relation.state.active', 'kuali.lui.lui.relation.type.registeredforvia.rg2ao', 'rg-ao-relation', 'CHEM242-RG-AO', '0406406e-40f1-4a21-82ba-21267e8bf5ef', '3abb8d2f-ab24-4ef0-b83c-8f1be3241cd6')
/
insert into KSEN_LUI (OBJ_ID, VER_NBR, CREATEID, CREATETIME, UPDATEID, UPDATETIME, ATP_ID, CLU_ID, EFF_DT, EXPIR_DT, DESCR_FORMATTED, LUI_STATE, LUI_TYPE, MAX_SEATS, MIN_SEATS, NAME, DESCR_PLAIN, REF_URL, ID) values ('11cd8d98-9572-4169-bb00-ab641697b449', 0, 'admin', TIMESTAMP '2013-10-28 10:20:20.077', 'admin', TIMESTAMP '2013-10-28 10:20:20.077', 'kuali.atp.2013Summer1', 'd925e275-370d-4d98-bbec-96fe2459a200', '', '', '1006', 'kuali.lui.registration.group.state.pending', 'kuali.lui.type.registration.group', '', '', '1006', '1006', '', 'e6e4e0e0-ed7b-4862-8e84-e2688d67a516')
/
insert into KSEN_LUI_ATTR (OBJ_ID, ATTR_KEY, OWNER_ID, ATTR_VALUE, ID) values ('a3518332-18f1-45f9-af82-72ce1e485431', 'kuali.attribute.registration.group.is.generated', 'e6e4e0e0-ed7b-4862-8e84-e2688d67a516', '1', '7e6fff74-dc4d-4d83-aceb-af4cb16a8f6f')
/
insert into KSEN_LUI_ATTR (OBJ_ID, ATTR_KEY, OWNER_ID, ATTR_VALUE, ID) values ('124f08f8-446d-4f5e-87c9-e6bd0ba07c93', 'kuali.attribute.registration.group.aocluster.id', 'e6e4e0e0-ed7b-4862-8e84-e2688d67a516', 'e4cdd6f3-43d9-4566-b694-4a411b91ac0f', 'e7a5893f-752c-420f-95a9-452973f8769f')
/
insert into KSEN_LUI_IDENT (OBJ_ID, VER_NBR, CREATEID, CREATETIME, UPDATEID, UPDATETIME, LUI_CD, DIVISION, IDENT_LEVEL, LNG_NAME, LUI_ID, ORGID, SHRT_NAME, LUI_ID_STATE, SUFX_CD, LUI_ID_TYPE, VARTN, ID) values ('3f02e91a-68bf-4a42-af0d-453c08085708', 0, 'admin', TIMESTAMP '2013-10-28 10:20:20.077', 'admin', TIMESTAMP '2013-10-28 10:20:20.077', '', '', '', '', 'e6e4e0e0-ed7b-4862-8e84-e2688d67a516', '', '', 'kuali.lui.identifier.state.active', '', 'kuali.lui.identifier.type.official', '', 'b158f448-ddef-4f0b-b700-607c2ad15cd1')
/
insert into KSEN_LUILUI_RELTN (OBJ_ID, VER_NBR, CREATEID, CREATETIME, UPDATEID, UPDATETIME, EFF_DT, EXPIR_DT, DESCR_FORMATTED, LUI_ID, LUILUI_RELTN_STATE, LUILUI_RELTN_TYPE, NAME, DESCR_PLAIN, RELATED_LUI_ID, ID) values ('e4670c39-5f84-4849-8671-d54bf5993f1f', 0, 'admin', TIMESTAMP '2013-10-28 10:20:20.077', 'admin', TIMESTAMP '2013-10-28 10:20:20.077', TIMESTAMP '2013-10-28 10:20:24.467', '', 'CHEM242-FO-RG', '07b807aa-b067-4abf-aed0-5f5c5a7094ad', 'kuali.lui.lui.relation.state.active', 'kuali.lui.lui.relation.type.deliveredvia.fo2rg', 'fo-rg-relation', 'CHEM242-FO-RG', 'e6e4e0e0-ed7b-4862-8e84-e2688d67a516', '93126041-ed13-48af-8c5e-2d7133452faa')
/
insert into KSEN_LUILUI_RELTN (OBJ_ID, VER_NBR, CREATEID, CREATETIME, UPDATEID, UPDATETIME, EFF_DT, EXPIR_DT, DESCR_FORMATTED, LUI_ID, LUILUI_RELTN_STATE, LUILUI_RELTN_TYPE, NAME, DESCR_PLAIN, RELATED_LUI_ID, ID) values ('c8fd58c0-c156-44b4-9b5f-b361d53e0390', 0, 'admin', TIMESTAMP '2013-10-28 10:20:20.077', 'admin', TIMESTAMP '2013-10-28 10:20:20.077', TIMESTAMP '2013-10-28 10:20:24.468', '', 'CHEM242-RG-AO', 'e6e4e0e0-ed7b-4862-8e84-e2688d67a516', 'kuali.lui.lui.relation.state.active', 'kuali.lui.lui.relation.type.registeredforvia.rg2ao', 'rg-ao-relation', 'CHEM242-RG-AO', '7f3b1aee-7e3f-4d28-b410-c1fe1cd817a3', 'deb05692-9cef-4d50-93a9-729e1b90ffbd')
/
insert into KSEN_LUILUI_RELTN (OBJ_ID, VER_NBR, CREATEID, CREATETIME, UPDATEID, UPDATETIME, EFF_DT, EXPIR_DT, DESCR_FORMATTED, LUI_ID, LUILUI_RELTN_STATE, LUILUI_RELTN_TYPE, NAME, DESCR_PLAIN, RELATED_LUI_ID, ID) values ('9799a653-2190-429f-8197-17e3c18d27be', 0, 'admin', TIMESTAMP '2013-10-28 10:20:20.077', 'admin', TIMESTAMP '2013-10-28 10:20:20.077', TIMESTAMP '2013-10-28 10:20:24.468', '', 'CHEM242-RG-AO', 'e6e4e0e0-ed7b-4862-8e84-e2688d67a516', 'kuali.lui.lui.relation.state.active', 'kuali.lui.lui.relation.type.registeredforvia.rg2ao', 'rg-ao-relation', 'CHEM242-RG-AO', '0406406e-40f1-4a21-82ba-21267e8bf5ef', '34105956-9e74-4e83-b3e1-f14153ca3c98')
/
insert into KSEN_LUI (OBJ_ID, VER_NBR, CREATEID, CREATETIME, UPDATEID, UPDATETIME, ATP_ID, CLU_ID, EFF_DT, EXPIR_DT, DESCR_FORMATTED, LUI_STATE, LUI_TYPE, MAX_SEATS, MIN_SEATS, NAME, DESCR_PLAIN, REF_URL, ID) values ('c12113e7-776e-44d4-8459-6b850756860a', 0, 'admin', TIMESTAMP '2013-10-28 10:20:20.077', 'admin', TIMESTAMP '2013-10-28 10:20:20.077', 'kuali.atp.2013Summer1', 'd925e275-370d-4d98-bbec-96fe2459a200', '', '', '1007', 'kuali.lui.registration.group.state.pending', 'kuali.lui.type.registration.group', '', '', '1007', '1007', '', '6536bf4f-4724-44b7-918f-347c23e6d8a3')
/
insert into KSEN_LUI_ATTR (OBJ_ID, ATTR_KEY, OWNER_ID, ATTR_VALUE, ID) values ('f31272f1-c2ff-492d-ae25-d119e511b424', 'kuali.attribute.registration.group.is.generated', '6536bf4f-4724-44b7-918f-347c23e6d8a3', '1', '1a17199a-4e36-45c4-a74d-492dcc301ff2')
/
insert into KSEN_LUI_ATTR (OBJ_ID, ATTR_KEY, OWNER_ID, ATTR_VALUE, ID) values ('f63ddd0c-efc3-4109-a9ee-55c03f0e39e7', 'kuali.attribute.registration.group.aocluster.id', '6536bf4f-4724-44b7-918f-347c23e6d8a3', 'e4cdd6f3-43d9-4566-b694-4a411b91ac0f', '308c794f-12c0-43ea-b37a-46f3cbf2152a')
/
insert into KSEN_LUI_IDENT (OBJ_ID, VER_NBR, CREATEID, CREATETIME, UPDATEID, UPDATETIME, LUI_CD, DIVISION, IDENT_LEVEL, LNG_NAME, LUI_ID, ORGID, SHRT_NAME, LUI_ID_STATE, SUFX_CD, LUI_ID_TYPE, VARTN, ID) values ('05ca6807-7a58-4228-912e-784106520dd3', 0, 'admin', TIMESTAMP '2013-10-28 10:20:20.077', 'admin', TIMESTAMP '2013-10-28 10:20:20.077', '', '', '', '', '6536bf4f-4724-44b7-918f-347c23e6d8a3', '', '', 'kuali.lui.identifier.state.active', '', 'kuali.lui.identifier.type.official', '', '0d24aeab-5623-4f1c-bf6f-e2af33964813')
/
insert into KSEN_LUILUI_RELTN (OBJ_ID, VER_NBR, CREATEID, CREATETIME, UPDATEID, UPDATETIME, EFF_DT, EXPIR_DT, DESCR_FORMATTED, LUI_ID, LUILUI_RELTN_STATE, LUILUI_RELTN_TYPE, NAME, DESCR_PLAIN, RELATED_LUI_ID, ID) values ('47617639-9c23-4e2d-ad62-d9a2a87d34af', 0, 'admin', TIMESTAMP '2013-10-28 10:20:20.077', 'admin', TIMESTAMP '2013-10-28 10:20:20.077', TIMESTAMP '2013-10-28 10:20:24.836', '', 'CHEM242-FO-RG', '07b807aa-b067-4abf-aed0-5f5c5a7094ad', 'kuali.lui.lui.relation.state.active', 'kuali.lui.lui.relation.type.deliveredvia.fo2rg', 'fo-rg-relation', 'CHEM242-FO-RG', '6536bf4f-4724-44b7-918f-347c23e6d8a3', 'f37e70fd-60a0-4133-a688-895f367070c1')
/
insert into KSEN_LUILUI_RELTN (OBJ_ID, VER_NBR, CREATEID, CREATETIME, UPDATEID, UPDATETIME, EFF_DT, EXPIR_DT, DESCR_FORMATTED, LUI_ID, LUILUI_RELTN_STATE, LUILUI_RELTN_TYPE, NAME, DESCR_PLAIN, RELATED_LUI_ID, ID) values ('3a4f92d3-d655-4c8f-b9a6-66f14dbcb34c', 0, 'admin', TIMESTAMP '2013-10-28 10:20:20.077', 'admin', TIMESTAMP '2013-10-28 10:20:20.077', TIMESTAMP '2013-10-28 10:20:24.836', '', 'CHEM242-RG-AO', '6536bf4f-4724-44b7-918f-347c23e6d8a3', 'kuali.lui.lui.relation.state.active', 'kuali.lui.lui.relation.type.registeredforvia.rg2ao', 'rg-ao-relation', 'CHEM242-RG-AO', '98df9c52-7d9d-4e8d-a49e-286b1a54e76f', 'f56376f3-0182-4546-9548-8d2a685d3a3a')
/
insert into KSEN_LUILUI_RELTN (OBJ_ID, VER_NBR, CREATEID, CREATETIME, UPDATEID, UPDATETIME, EFF_DT, EXPIR_DT, DESCR_FORMATTED, LUI_ID, LUILUI_RELTN_STATE, LUILUI_RELTN_TYPE, NAME, DESCR_PLAIN, RELATED_LUI_ID, ID) values ('3cb9a9b9-5625-4ac5-ba0f-451e9d209065', 0, 'admin', TIMESTAMP '2013-10-28 10:20:20.077', 'admin', TIMESTAMP '2013-10-28 10:20:20.077', TIMESTAMP '2013-10-28 10:20:24.837', '', 'CHEM242-RG-AO', '6536bf4f-4724-44b7-918f-347c23e6d8a3', 'kuali.lui.lui.relation.state.active', 'kuali.lui.lui.relation.type.registeredforvia.rg2ao', 'rg-ao-relation', 'CHEM242-RG-AO', '0406406e-40f1-4a21-82ba-21267e8bf5ef', 'bb62c401-a5c1-474c-ac01-b9a7cdc18045')
/
insert into KSEN_CWL (OBJ_ID, VER_NBR, CREATEID, CREATETIME, UPDATEID, UPDATETIME, ALLOW_HOLD_UTIL_ENTRIES_IND, AUTO_PROCESSED_IND, CHECK_IN_REQ_IND, CONF_REQ_IND, EFF_DT, EXPIR_DT, MAX_SIZE, REG_IN_FIRST_AAO_IND, STD_DUR_TIME_QTY, STD_DUR_TYPE, CWL_STATE, CWL_TYPE, ID) values ('d5424fd2-18ba-4c00-ad61-5c2f5e51bdc0', 0, 'admin', TIMESTAMP '2013-10-28 10:20:20.077', 'admin', TIMESTAMP '2013-10-28 10:20:20.077', '0', '1', '0', '1', '', '', '', '', '', '', 'kuali.course.waitlist.state.active', 'kuali.course.waitlist.type.course.waitlist', '67756d26-c780-4d5e-8206-8ec87f492bf0')
/
insert into KSEN_CWL_ACTIV_OFFER (CWL_ID, ACTIV_OFFER_ID) values ('67756d26-c780-4d5e-8206-8ec87f492bf0', '0406406e-40f1-4a21-82ba-21267e8bf5ef')
/
insert into KSEN_CWL_FORMAT_OFFER (CWL_ID, FORMAT_OFFER_ID) values ('67756d26-c780-4d5e-8206-8ec87f492bf0', '07b807aa-b067-4abf-aed0-5f5c5a7094ad')
/



-- Term = kuali.atp.2015Summer1 / 201505, coCode = CHEM242
insert into KSEN_LUI (OBJ_ID, VER_NBR, CREATEID, CREATETIME, UPDATEID, UPDATETIME, ATP_ID, CLU_ID, EFF_DT, EXPIR_DT, DESCR_FORMATTED, LUI_STATE, LUI_TYPE, MAX_SEATS, MIN_SEATS, NAME, DESCR_PLAIN, REF_URL, ID) values ('7a9206a4-e786-4d8e-83ba-e727734f207b', 0, 'admin', TIMESTAMP '2013-10-28 10:23:10.869', 'admin', TIMESTAMP '2013-10-28 10:23:10.869', 'kuali.atp.2015Summer1', '06b65acf-167f-4864-8870-4aeb3e333277', '', '', '', 'kuali.lui.activity.offering.state.draft', 'kuali.lui.type.activity.offering.lecture', 182, '', 'CHEM242 AO', '', '', 'cb213ef4-0d58-4c3e-87cf-d4a18d3b589e')
/
insert into KSEN_LUI_ATTR (OBJ_ID, ATTR_KEY, OWNER_ID, ATTR_VALUE, ID) values ('24ae1de0-7fbe-4a16-a7e5-8088195eaf37', 'kuali.attribute.nonstd.ts.indicator', 'cb213ef4-0d58-4c3e-87cf-d4a18d3b589e', '0', 'b9d7c898-49a0-4f03-8c4a-fc9c1c53dd2a')
/
insert into KSEN_LUI_ATTR (OBJ_ID, ATTR_KEY, OWNER_ID, ATTR_VALUE, ID) values ('c0a459c4-2adb-4fec-935b-72f830e3de65', 'kuali.attribute.max.enrollment.is.estimate', 'cb213ef4-0d58-4c3e-87cf-d4a18d3b589e', 'null', '41a0b4cf-0b61-46df-b3cb-4349bd2d19c6')
/
insert into KSEN_LUI_ATTR (OBJ_ID, ATTR_KEY, OWNER_ID, ATTR_VALUE, ID) values ('810cb23a-9c02-4d7b-b893-525141e61c49', 'kuali.attribute.course.evaluation.indicator', 'cb213ef4-0d58-4c3e-87cf-d4a18d3b589e', 'null', 'b20f2e5e-b6ea-4f89-8d03-57fe112fdcf8')
/
insert into KSEN_LUI_IDENT (OBJ_ID, VER_NBR, CREATEID, CREATETIME, UPDATEID, UPDATETIME, LUI_CD, DIVISION, IDENT_LEVEL, LNG_NAME, LUI_ID, ORGID, SHRT_NAME, LUI_ID_STATE, SUFX_CD, LUI_ID_TYPE, VARTN, ID) values ('fdfc6f1f-b2b2-4f13-ab49-4cfc18ced7c2', 0, 'admin', TIMESTAMP '2013-10-28 10:23:10.869', 'admin', TIMESTAMP '2013-10-28 10:23:10.869', 'K', '', '', '', 'cb213ef4-0d58-4c3e-87cf-d4a18d3b589e', '', '', 'kuali.lui.identifier.state.active', '', 'kuali.lui.identifier.type.official', '', 'd464c773-c5f7-447c-8c96-5b5ce21bd736')
/
insert into KSEN_LUI_LU_CD (OBJ_ID, VER_NBR, CREATEID, CREATETIME, UPDATEID, UPDATETIME, DESCR_FORMATTED, LUI_ID, DESCR_PLAIN, LUI_LUCD_TYPE, VALUE, ID) values ('68d32d48-dcc9-481e-a138-d1178e0bed17', 0, 'admin', TIMESTAMP '2013-10-28 10:23:10.869', 'admin', TIMESTAMP '2013-10-28 10:23:10.869', '', 'cb213ef4-0d58-4c3e-87cf-d4a18d3b589e', '', 'kuali.lu.code.honorsOffering', 'null', '50317f78-5b73-43d9-a9dc-882fb87c64c8')
/
insert into KSEN_LUILUI_RELTN (OBJ_ID, VER_NBR, CREATEID, CREATETIME, UPDATEID, UPDATETIME, EFF_DT, EXPIR_DT, DESCR_FORMATTED, LUI_ID, LUILUI_RELTN_STATE, LUILUI_RELTN_TYPE, NAME, DESCR_PLAIN, RELATED_LUI_ID, ID) values ('ed9ecabe-a8c9-42a4-a3e8-2d2bbf03e1a4', 0, 'admin', TIMESTAMP '2013-10-28 10:23:10.869', 'admin', TIMESTAMP '2013-10-28 10:23:10.869', TIMESTAMP '2013-10-28 10:23:11.0', '', 'CHEM242-FO-AO', '0c2e8d8d-5b09-4e5e-9b4b-1f846849196c', 'kuali.lui.lui.relation.state.active', 'kuali.lui.lui.relation.type.deliveredvia.fo2ao', 'fo-ao-relation', 'CHEM242-FO-AO', 'cb213ef4-0d58-4c3e-87cf-d4a18d3b589e', 'f565f798-ba9d-4c11-9e39-01fb6abf972b')
/
insert into KSEN_CO_AO_CLUSTER_SET (OBJ_ID, ACTIVITY_OFFERING_TYPE, AO_CLUSTER_ID, ID) values ('d6812e5b-5527-4ebc-a9ab-bf42c20a37c5', 'kuali.lui.type.activity.offering.lecture', '252f1266-db1f-4941-ad55-a267e953b18e', '2ecb188a-77ec-46b5-953e-133da3d3cdfc')
/
insert into KSEN_CO_AO_CLUSTER_SET_AO (AOC_SET_ID, ACTIVITY_OFFERING_ID) values ('2ecb188a-77ec-46b5-953e-133da3d3cdfc', 'cb213ef4-0d58-4c3e-87cf-d4a18d3b589e')
/
delete from KSEN_LUILUI_RELTN where ID='e23161fb-24cf-46c9-b1c1-0d802c54f698' and VER_NBR=0
/
delete from KSEN_LUILUI_RELTN where ID='0725a5e2-1aac-4319-94be-02741f8132bd' and VER_NBR=0
/
delete from KSEN_LUI_ATTR where ID='429a7890-53cb-4706-8bed-6d6cff1908b2'
/
delete from KSEN_LUI_ATTR where ID='35e65ba7-db0e-4e5c-895f-86e3355fe658'
/
delete from KSEN_LUI_IDENT where ID='e185ef28-2ccd-450b-8645-34872028e132' and VER_NBR=0
/
delete from KSEN_LUI where ID='25ac581c-3f7b-476d-a4ce-5711ff735005' and VER_NBR=0
/
delete from KSEN_LUILUI_RELTN where ID='24bbe69d-1a49-4257-82f8-bb4106604e74' and VER_NBR=0
/
delete from KSEN_LUILUI_RELTN where ID='f8807730-8ce2-4fc5-9074-c0d85683b093' and VER_NBR=0
/
delete from KSEN_LUI_ATTR where ID='c185321e-061d-43d1-8b68-82977e78a794'
/
delete from KSEN_LUI_ATTR where ID='4f93c000-1abc-4930-b57d-7b9492ff330b'
/
delete from KSEN_LUI_IDENT where ID='19e7274a-89d4-44c6-a022-c31d6387fdf7' and VER_NBR=0
/
delete from KSEN_LUI where ID='9a95ba72-d9f3-4865-a356-824e3bd14449' and VER_NBR=0
/
delete from KSEN_LUILUI_RELTN where ID='dfd0cecc-d0b0-4eae-8de6-db9921994778' and VER_NBR=0
/
delete from KSEN_LUILUI_RELTN where ID='5946f792-91b4-4c19-ba39-0d0e44f007ba' and VER_NBR=0
/
delete from KSEN_LUI_ATTR where ID='60e7d70d-e023-4397-97ad-ef8262956a17'
/
delete from KSEN_LUI_ATTR where ID='1a148fe3-f5e3-463e-9d23-f56a0e8119d0'
/
delete from KSEN_LUI_IDENT where ID='7130053c-e061-4135-b4e3-64cf7d699942' and VER_NBR=0
/
delete from KSEN_LUI where ID='5639ba60-3963-452f-8e22-3bd312fcb2a4' and VER_NBR=0
/
delete from KSEN_LUILUI_RELTN where ID='5d9cd69e-8e9f-4c45-9221-444208ab45c9' and VER_NBR=0
/
delete from KSEN_LUILUI_RELTN where ID='6040b215-dadc-42dc-943f-56168591a386' and VER_NBR=0
/
delete from KSEN_LUI_ATTR where ID='f0ac8495-489a-4538-9643-58010b4f85c9'
/
delete from KSEN_LUI_ATTR where ID='55dc393f-0e4c-4ee1-ab1f-09421891a688'
/
delete from KSEN_LUI_IDENT where ID='65c0a8f9-e212-4c37-9356-76f5d249a503' and VER_NBR=0
/
delete from KSEN_LUI where ID='99e0ad83-bc96-4226-b578-46f39be3f091' and VER_NBR=0
/
delete from KSEN_LUILUI_RELTN where ID='6fe01ce1-8f94-486c-8835-eefe5d13a18d' and VER_NBR=0
/
delete from KSEN_LUILUI_RELTN where ID='897a03ab-474c-462d-a43c-b1766d6fcd24' and VER_NBR=0
/
delete from KSEN_LUI_ATTR where ID='837e45a6-036e-4cbd-af6f-24161476bc4d'
/
delete from KSEN_LUI_ATTR where ID='2abbaa0e-2204-4a11-abf7-29766649e924'
/
delete from KSEN_LUI_IDENT where ID='83263a9b-c674-4142-9682-4491a29096ab' and VER_NBR=0
/
delete from KSEN_LUI where ID='5eb05e8b-cdf2-45c6-b6db-b8683915bbcd' and VER_NBR=0
/
delete from KSEN_LUILUI_RELTN where ID='8bc20213-72df-4dae-8b26-3f76b8b6a69b' and VER_NBR=0
/
delete from KSEN_LUILUI_RELTN where ID='905b4a8c-9681-421a-8671-8c8979ee5cb0' and VER_NBR=0
/
delete from KSEN_LUI_ATTR where ID='8eff6d0f-9295-4fd5-ade6-f0f9c527302c'
/
delete from KSEN_LUI_ATTR where ID='883e8a96-7d02-4265-a16e-0b9821c56006'
/
delete from KSEN_LUI_IDENT where ID='0bb83f3b-50c6-40c1-9010-0d0340558f52' and VER_NBR=0
/
delete from KSEN_LUI where ID='d76e1d99-9de0-48ac-8787-f599f745481f' and VER_NBR=0
/
delete from KSEN_LUILUI_RELTN where ID='534acf34-06fe-42ae-a9f9-bd8ff4325cb0' and VER_NBR=0
/
delete from KSEN_LUILUI_RELTN where ID='2989db72-321e-4e63-9e9a-cef83eaf6931' and VER_NBR=0
/
delete from KSEN_LUI_ATTR where ID='f9919616-5109-4258-93fa-b80343fd0c6e'
/
delete from KSEN_LUI_ATTR where ID='e04be669-a6da-4296-b293-e1b891197641'
/
delete from KSEN_LUI_IDENT where ID='77573da9-0b8d-43a3-a13a-73ec4a9edab5' and VER_NBR=0
/
delete from KSEN_LUI where ID='180d81df-3053-489c-9f81-6f1a7a55c06e' and VER_NBR=0
/
delete from KSEN_LUILUI_RELTN where ID='a3502a4e-c501-4818-a9d1-36e507c140ef' and VER_NBR=0
/
delete from KSEN_LUILUI_RELTN where ID='6dd1c53f-0c0b-4a43-9f54-997ccb63d600' and VER_NBR=0
/
delete from KSEN_LUI_ATTR where ID='8a8f4fc1-7908-4938-aca4-dc471e379993'
/
delete from KSEN_LUI_ATTR where ID='bfc3695f-fd86-4397-bc97-f2f55afbac64'
/
delete from KSEN_LUI_IDENT where ID='c03fefff-7147-4ab0-8542-d3bc0b8772ee' and VER_NBR=0
/
delete from KSEN_LUI where ID='a65532bb-813b-47b0-8d59-12fb69848112' and VER_NBR=0
/
delete from KSEN_LUILUI_RELTN where ID='24720fb6-53a9-4715-a0d4-3b318203b9d7' and VER_NBR=0
/
delete from KSEN_LUILUI_RELTN where ID='19051531-f2dc-4e82-9e89-53866e4d437d' and VER_NBR=0
/
delete from KSEN_LUI_ATTR where ID='7bd15694-d410-46a8-89cc-e40d8a4ae522'
/
delete from KSEN_LUI_ATTR where ID='c0fb1e25-b2b8-4146-8b6f-5c85a19fb6aa'
/
delete from KSEN_LUI_IDENT where ID='5245ff6c-3eb8-4bf2-b316-b19d953980e2' and VER_NBR=0
/
delete from KSEN_LUI where ID='d0ec8d77-714d-468b-b830-52f1c39b9ab4' and VER_NBR=0
/
delete from KSEN_LUILUI_RELTN where ID='3cd52de3-7392-4f4c-acd6-c6b6a97598ce' and VER_NBR=0
/
delete from KSEN_LUILUI_RELTN where ID='92b4c58c-4f3d-4d99-a943-ad0b6b6a93aa' and VER_NBR=0
/
delete from KSEN_LUI_ATTR where ID='601c7822-f28c-4422-8a01-827e36d1badd'
/
delete from KSEN_LUI_ATTR where ID='6e0916fe-5950-4297-9e99-066997ef08b0'
/
delete from KSEN_LUI_IDENT where ID='2efc6ad2-fcee-433e-a8d7-4aca2bcb0b7d' and VER_NBR=0
/
delete from KSEN_LUI where ID='6b69ea9b-cd78-4245-8b84-37a489da7ebd' and VER_NBR=0
/
insert into KSEN_LUI_ATTR (OBJ_ID, ATTR_KEY, OWNER_ID, ATTR_VALUE, ID) values ('6d19ad84-6a08-4b39-8a7b-a5381566972e', 'regCodePrefix', '0c2e8d8d-5b09-4e5e-9b4b-1f846849196c', '1', 'e847904c-b2c5-4c99-9f56-6d21ff7e3dc5')
/
delete from KSEN_LUI_RELATED_LUI_TYPES where LUI_ID='0c2e8d8d-5b09-4e5e-9b4b-1f846849196c'
/
insert into KSEN_LUI_RELATED_LUI_TYPES (LUI_ID, RELATED_LUI_TYPE) values ('0c2e8d8d-5b09-4e5e-9b4b-1f846849196c', 'kuali.lui.type.activity.offering.lab')
/
insert into KSEN_LUI_RELATED_LUI_TYPES (LUI_ID, RELATED_LUI_TYPE) values ('0c2e8d8d-5b09-4e5e-9b4b-1f846849196c', 'kuali.lui.type.activity.offering.lecture')
/
insert into KSEN_LUI (OBJ_ID, VER_NBR, CREATEID, CREATETIME, UPDATEID, UPDATETIME, ATP_ID, CLU_ID, EFF_DT, EXPIR_DT, DESCR_FORMATTED, LUI_STATE, LUI_TYPE, MAX_SEATS, MIN_SEATS, NAME, DESCR_PLAIN, REF_URL, ID) values ('fc92f0c6-d04d-4ac3-ba02-fd89bc057c86', 0, 'admin', TIMESTAMP '2013-10-28 10:23:10.869', 'admin', TIMESTAMP '2013-10-28 10:23:10.869', 'kuali.atp.2015Summer1', 'd925e275-370d-4d98-bbec-96fe2459a200', '', '', '1001', 'kuali.lui.registration.group.state.pending', 'kuali.lui.type.registration.group', '', '', '1001', '1001', '', '043fcdd9-0a81-4cf5-9fc1-529649bc918a')
/
insert into KSEN_LUI_ATTR (OBJ_ID, ATTR_KEY, OWNER_ID, ATTR_VALUE, ID) values ('945270c8-b0d3-414d-8ccf-73b6c038d591', 'kuali.attribute.registration.group.is.generated', '043fcdd9-0a81-4cf5-9fc1-529649bc918a', '1', '719b7968-33e7-4752-97ac-7ebdf1e91ec8')
/
insert into KSEN_LUI_ATTR (OBJ_ID, ATTR_KEY, OWNER_ID, ATTR_VALUE, ID) values ('c0ba7393-9b2b-400f-b398-e104714da31a', 'kuali.attribute.registration.group.aocluster.id', '043fcdd9-0a81-4cf5-9fc1-529649bc918a', '252f1266-db1f-4941-ad55-a267e953b18e', '08388905-a15f-4651-9377-4115391e5ab9')
/
insert into KSEN_LUI_IDENT (OBJ_ID, VER_NBR, CREATEID, CREATETIME, UPDATEID, UPDATETIME, LUI_CD, DIVISION, IDENT_LEVEL, LNG_NAME, LUI_ID, ORGID, SHRT_NAME, LUI_ID_STATE, SUFX_CD, LUI_ID_TYPE, VARTN, ID) values ('90db0a7b-58e0-48dd-b5e0-c277d5aa3e7d', 0, 'admin', TIMESTAMP '2013-10-28 10:23:10.869', 'admin', TIMESTAMP '2013-10-28 10:23:10.869', '', '', '', '', '043fcdd9-0a81-4cf5-9fc1-529649bc918a', '', '', 'kuali.lui.identifier.state.active', '', 'kuali.lui.identifier.type.official', '', '1601a289-91a3-43e9-afdd-cebb73f1e975')
/
insert into KSEN_LUILUI_RELTN (OBJ_ID, VER_NBR, CREATEID, CREATETIME, UPDATEID, UPDATETIME, EFF_DT, EXPIR_DT, DESCR_FORMATTED, LUI_ID, LUILUI_RELTN_STATE, LUILUI_RELTN_TYPE, NAME, DESCR_PLAIN, RELATED_LUI_ID, ID) values ('d68950a6-a779-4ce6-8fd2-b3833a060bc4', 0, 'admin', TIMESTAMP '2013-10-28 10:23:10.869', 'admin', TIMESTAMP '2013-10-28 10:23:10.869', TIMESTAMP '2013-10-28 10:23:15.028', '', 'CHEM242-FO-RG', '0c2e8d8d-5b09-4e5e-9b4b-1f846849196c', 'kuali.lui.lui.relation.state.active', 'kuali.lui.lui.relation.type.deliveredvia.fo2rg', 'fo-rg-relation', 'CHEM242-FO-RG', '043fcdd9-0a81-4cf5-9fc1-529649bc918a', 'aa93ee8f-1f20-4a01-905e-32204207ed0e')
/
insert into KSEN_LUILUI_RELTN (OBJ_ID, VER_NBR, CREATEID, CREATETIME, UPDATEID, UPDATETIME, EFF_DT, EXPIR_DT, DESCR_FORMATTED, LUI_ID, LUILUI_RELTN_STATE, LUILUI_RELTN_TYPE, NAME, DESCR_PLAIN, RELATED_LUI_ID, ID) values ('358169ad-cb74-49af-a0d6-6bef7effd896', 0, 'admin', TIMESTAMP '2013-10-28 10:23:10.869', 'admin', TIMESTAMP '2013-10-28 10:23:10.869', TIMESTAMP '2013-10-28 10:23:15.029', '', 'CHEM242-RG-AO', '043fcdd9-0a81-4cf5-9fc1-529649bc918a', 'kuali.lui.lui.relation.state.active', 'kuali.lui.lui.relation.type.registeredforvia.rg2ao', 'rg-ao-relation', 'CHEM242-RG-AO', '4230089d-7170-4597-80da-e65714bf7c26', '1ae43334-4dd5-461b-bee8-6d4e19c1d26d')
/
insert into KSEN_LUILUI_RELTN (OBJ_ID, VER_NBR, CREATEID, CREATETIME, UPDATEID, UPDATETIME, EFF_DT, EXPIR_DT, DESCR_FORMATTED, LUI_ID, LUILUI_RELTN_STATE, LUILUI_RELTN_TYPE, NAME, DESCR_PLAIN, RELATED_LUI_ID, ID) values ('2625cb85-f7ab-448c-8a69-2c9a44b8301a', 0, 'admin', TIMESTAMP '2013-10-28 10:23:10.869', 'admin', TIMESTAMP '2013-10-28 10:23:10.869', TIMESTAMP '2013-10-28 10:23:15.029', '', 'CHEM242-RG-AO', '043fcdd9-0a81-4cf5-9fc1-529649bc918a', 'kuali.lui.lui.relation.state.active', 'kuali.lui.lui.relation.type.registeredforvia.rg2ao', 'rg-ao-relation', 'CHEM242-RG-AO', 'cb213ef4-0d58-4c3e-87cf-d4a18d3b589e', 'e896a2e1-77c3-4f64-a951-28ea61f6190d')
/
insert into KSEN_LUI (OBJ_ID, VER_NBR, CREATEID, CREATETIME, UPDATEID, UPDATETIME, ATP_ID, CLU_ID, EFF_DT, EXPIR_DT, DESCR_FORMATTED, LUI_STATE, LUI_TYPE, MAX_SEATS, MIN_SEATS, NAME, DESCR_PLAIN, REF_URL, ID) values ('56cc3174-71de-4941-a6a7-ab2c5fe91315', 0, 'admin', TIMESTAMP '2013-10-28 10:23:10.869', 'admin', TIMESTAMP '2013-10-28 10:23:10.869', 'kuali.atp.2015Summer1', 'd925e275-370d-4d98-bbec-96fe2459a200', '', '', '1002', 'kuali.lui.registration.group.state.pending', 'kuali.lui.type.registration.group', '', '', '1002', '1002', '', '7a684a1c-bbff-4e56-aaa0-fa52eabb20e3')
/
insert into KSEN_LUI_ATTR (OBJ_ID, ATTR_KEY, OWNER_ID, ATTR_VALUE, ID) values ('06d7cadd-6c7a-4abe-a31b-787dc6e70845', 'kuali.attribute.registration.group.aocluster.id', '7a684a1c-bbff-4e56-aaa0-fa52eabb20e3', '252f1266-db1f-4941-ad55-a267e953b18e', '6b38d62e-4088-4095-b5a3-fb8f80af66a5')
/
insert into KSEN_LUI_ATTR (OBJ_ID, ATTR_KEY, OWNER_ID, ATTR_VALUE, ID) values ('1ba33599-8ed7-41f1-a794-718c5a29e8f7', 'kuali.attribute.registration.group.is.generated', '7a684a1c-bbff-4e56-aaa0-fa52eabb20e3', '1', 'c0fbe14a-11c3-43d5-9791-444dd6a1eeee')
/
insert into KSEN_LUI_IDENT (OBJ_ID, VER_NBR, CREATEID, CREATETIME, UPDATEID, UPDATETIME, LUI_CD, DIVISION, IDENT_LEVEL, LNG_NAME, LUI_ID, ORGID, SHRT_NAME, LUI_ID_STATE, SUFX_CD, LUI_ID_TYPE, VARTN, ID) values ('2c4b5d39-fbc4-431f-aa3f-00ac9e269b7f', 0, 'admin', TIMESTAMP '2013-10-28 10:23:10.869', 'admin', TIMESTAMP '2013-10-28 10:23:10.869', '', '', '', '', '7a684a1c-bbff-4e56-aaa0-fa52eabb20e3', '', '', 'kuali.lui.identifier.state.active', '', 'kuali.lui.identifier.type.official', '', '3f48ec33-43b9-4587-8343-5ba9c5be6348')
/
insert into KSEN_LUILUI_RELTN (OBJ_ID, VER_NBR, CREATEID, CREATETIME, UPDATEID, UPDATETIME, EFF_DT, EXPIR_DT, DESCR_FORMATTED, LUI_ID, LUILUI_RELTN_STATE, LUILUI_RELTN_TYPE, NAME, DESCR_PLAIN, RELATED_LUI_ID, ID) values ('905be1f2-b6aa-4cff-a8ea-9f048231bf89', 0, 'admin', TIMESTAMP '2013-10-28 10:23:10.869', 'admin', TIMESTAMP '2013-10-28 10:23:10.869', TIMESTAMP '2013-10-28 10:23:15.378', '', 'CHEM242-FO-RG', '0c2e8d8d-5b09-4e5e-9b4b-1f846849196c', 'kuali.lui.lui.relation.state.active', 'kuali.lui.lui.relation.type.deliveredvia.fo2rg', 'fo-rg-relation', 'CHEM242-FO-RG', '7a684a1c-bbff-4e56-aaa0-fa52eabb20e3', 'd96fdfdf-9d04-465f-b611-b47e8df2d89c')
/
insert into KSEN_LUILUI_RELTN (OBJ_ID, VER_NBR, CREATEID, CREATETIME, UPDATEID, UPDATETIME, EFF_DT, EXPIR_DT, DESCR_FORMATTED, LUI_ID, LUILUI_RELTN_STATE, LUILUI_RELTN_TYPE, NAME, DESCR_PLAIN, RELATED_LUI_ID, ID) values ('4639d63f-d2a4-4591-b35e-184b8ab4ab09', 0, 'admin', TIMESTAMP '2013-10-28 10:23:10.869', 'admin', TIMESTAMP '2013-10-28 10:23:10.869', TIMESTAMP '2013-10-28 10:23:15.38', '', 'CHEM242-RG-AO', '7a684a1c-bbff-4e56-aaa0-fa52eabb20e3', 'kuali.lui.lui.relation.state.active', 'kuali.lui.lui.relation.type.registeredforvia.rg2ao', 'rg-ao-relation', 'CHEM242-RG-AO', '1d343cd8-c29a-4218-948f-608bf004c7b4', 'e2737bcc-e55f-419d-84ad-2a77734e30c7')
/
insert into KSEN_LUILUI_RELTN (OBJ_ID, VER_NBR, CREATEID, CREATETIME, UPDATEID, UPDATETIME, EFF_DT, EXPIR_DT, DESCR_FORMATTED, LUI_ID, LUILUI_RELTN_STATE, LUILUI_RELTN_TYPE, NAME, DESCR_PLAIN, RELATED_LUI_ID, ID) values ('5fe0bf07-1972-4e62-b846-2f0b2fa94f21', 0, 'admin', TIMESTAMP '2013-10-28 10:23:10.869', 'admin', TIMESTAMP '2013-10-28 10:23:10.869', TIMESTAMP '2013-10-28 10:23:15.382', '', 'CHEM242-RG-AO', '7a684a1c-bbff-4e56-aaa0-fa52eabb20e3', 'kuali.lui.lui.relation.state.active', 'kuali.lui.lui.relation.type.registeredforvia.rg2ao', 'rg-ao-relation', 'CHEM242-RG-AO', 'cb213ef4-0d58-4c3e-87cf-d4a18d3b589e', '57ca225f-3358-4411-bb0e-fdbe55deae4e')
/
insert into KSEN_LUI (OBJ_ID, VER_NBR, CREATEID, CREATETIME, UPDATEID, UPDATETIME, ATP_ID, CLU_ID, EFF_DT, EXPIR_DT, DESCR_FORMATTED, LUI_STATE, LUI_TYPE, MAX_SEATS, MIN_SEATS, NAME, DESCR_PLAIN, REF_URL, ID) values ('deaf9744-9712-4fcc-b419-d3905ec8fd9b', 0, 'admin', TIMESTAMP '2013-10-28 10:23:10.869', 'admin', TIMESTAMP '2013-10-28 10:23:10.869', 'kuali.atp.2015Summer1', 'd925e275-370d-4d98-bbec-96fe2459a200', '', '', '1003', 'kuali.lui.registration.group.state.pending', 'kuali.lui.type.registration.group', '', '', '1003', '1003', '', 'ad01e2fc-7163-49f6-8b0d-3873e89d0b6e')
/
insert into KSEN_LUI_ATTR (OBJ_ID, ATTR_KEY, OWNER_ID, ATTR_VALUE, ID) values ('c9ccd34e-0c04-4196-9591-b2fa0ecb9a05', 'kuali.attribute.registration.group.aocluster.id', 'ad01e2fc-7163-49f6-8b0d-3873e89d0b6e', '252f1266-db1f-4941-ad55-a267e953b18e', '3c15282d-2353-4e05-a68f-ade5ae526ce7')
/
insert into KSEN_LUI_ATTR (OBJ_ID, ATTR_KEY, OWNER_ID, ATTR_VALUE, ID) values ('e81d2aa4-19c5-485b-ae6e-3cb7d603f873', 'kuali.attribute.registration.group.is.generated', 'ad01e2fc-7163-49f6-8b0d-3873e89d0b6e', '1', '11337439-9aca-417e-baad-1c5a57663537')
/
insert into KSEN_LUI_IDENT (OBJ_ID, VER_NBR, CREATEID, CREATETIME, UPDATEID, UPDATETIME, LUI_CD, DIVISION, IDENT_LEVEL, LNG_NAME, LUI_ID, ORGID, SHRT_NAME, LUI_ID_STATE, SUFX_CD, LUI_ID_TYPE, VARTN, ID) values ('143ac100-597e-4278-abbd-c6744dfe25b1', 0, 'admin', TIMESTAMP '2013-10-28 10:23:10.869', 'admin', TIMESTAMP '2013-10-28 10:23:10.869', '', '', '', '', 'ad01e2fc-7163-49f6-8b0d-3873e89d0b6e', '', '', 'kuali.lui.identifier.state.active', '', 'kuali.lui.identifier.type.official', '', '88dcd10b-9a2d-46ac-a93c-f6bb17b2d17a')
/
insert into KSEN_LUILUI_RELTN (OBJ_ID, VER_NBR, CREATEID, CREATETIME, UPDATEID, UPDATETIME, EFF_DT, EXPIR_DT, DESCR_FORMATTED, LUI_ID, LUILUI_RELTN_STATE, LUILUI_RELTN_TYPE, NAME, DESCR_PLAIN, RELATED_LUI_ID, ID) values ('01816017-23af-4ddd-b656-3033414024e3', 0, 'admin', TIMESTAMP '2013-10-28 10:23:10.869', 'admin', TIMESTAMP '2013-10-28 10:23:10.869', TIMESTAMP '2013-10-28 10:23:15.722', '', 'CHEM242-FO-RG', '0c2e8d8d-5b09-4e5e-9b4b-1f846849196c', 'kuali.lui.lui.relation.state.active', 'kuali.lui.lui.relation.type.deliveredvia.fo2rg', 'fo-rg-relation', 'CHEM242-FO-RG', 'ad01e2fc-7163-49f6-8b0d-3873e89d0b6e', 'fdc72dcd-5267-4d05-8434-72f0132c9454')
/
insert into KSEN_LUILUI_RELTN (OBJ_ID, VER_NBR, CREATEID, CREATETIME, UPDATEID, UPDATETIME, EFF_DT, EXPIR_DT, DESCR_FORMATTED, LUI_ID, LUILUI_RELTN_STATE, LUILUI_RELTN_TYPE, NAME, DESCR_PLAIN, RELATED_LUI_ID, ID) values ('d0a82b44-c87f-453d-a231-e0075a383aaa', 0, 'admin', TIMESTAMP '2013-10-28 10:23:10.869', 'admin', TIMESTAMP '2013-10-28 10:23:10.869', TIMESTAMP '2013-10-28 10:23:15.722', '', 'CHEM242-RG-AO', 'ad01e2fc-7163-49f6-8b0d-3873e89d0b6e', 'kuali.lui.lui.relation.state.active', 'kuali.lui.lui.relation.type.registeredforvia.rg2ao', 'rg-ao-relation', 'CHEM242-RG-AO', '6be4df00-58f2-48a9-af4d-08e5835a1e1c', '3fa55e53-0765-43cb-bbef-04bcb6d794e9')
/
insert into KSEN_LUILUI_RELTN (OBJ_ID, VER_NBR, CREATEID, CREATETIME, UPDATEID, UPDATETIME, EFF_DT, EXPIR_DT, DESCR_FORMATTED, LUI_ID, LUILUI_RELTN_STATE, LUILUI_RELTN_TYPE, NAME, DESCR_PLAIN, RELATED_LUI_ID, ID) values ('7e43f656-cad3-40d4-bbd5-e603af0f3f2d', 0, 'admin', TIMESTAMP '2013-10-28 10:23:10.869', 'admin', TIMESTAMP '2013-10-28 10:23:10.869', TIMESTAMP '2013-10-28 10:23:15.723', '', 'CHEM242-RG-AO', 'ad01e2fc-7163-49f6-8b0d-3873e89d0b6e', 'kuali.lui.lui.relation.state.active', 'kuali.lui.lui.relation.type.registeredforvia.rg2ao', 'rg-ao-relation', 'CHEM242-RG-AO', 'cb213ef4-0d58-4c3e-87cf-d4a18d3b589e', '717827b9-0f83-48a4-8c04-fdbca0dd9635')
/
insert into KSEN_LUI (OBJ_ID, VER_NBR, CREATEID, CREATETIME, UPDATEID, UPDATETIME, ATP_ID, CLU_ID, EFF_DT, EXPIR_DT, DESCR_FORMATTED, LUI_STATE, LUI_TYPE, MAX_SEATS, MIN_SEATS, NAME, DESCR_PLAIN, REF_URL, ID) values ('3f4d79bc-a5c2-4c6a-978e-ee643e16c192', 0, 'admin', TIMESTAMP '2013-10-28 10:23:10.869', 'admin', TIMESTAMP '2013-10-28 10:23:10.869', 'kuali.atp.2015Summer1', 'd925e275-370d-4d98-bbec-96fe2459a200', '', '', '1004', 'kuali.lui.registration.group.state.pending', 'kuali.lui.type.registration.group', '', '', '1004', '1004', '', '715d2ae0-7b57-4ee8-aa8b-a98144908774')
/
insert into KSEN_LUI_ATTR (OBJ_ID, ATTR_KEY, OWNER_ID, ATTR_VALUE, ID) values ('425353d8-31c2-4d2e-92db-61b3db0806c9', 'kuali.attribute.registration.group.aocluster.id', '715d2ae0-7b57-4ee8-aa8b-a98144908774', '252f1266-db1f-4941-ad55-a267e953b18e', '4e670a6a-2195-44ff-ab1d-0cfebaeac545')
/
insert into KSEN_LUI_ATTR (OBJ_ID, ATTR_KEY, OWNER_ID, ATTR_VALUE, ID) values ('646694c5-a7ac-4c51-9a65-7a06582a9101', 'kuali.attribute.registration.group.is.generated', '715d2ae0-7b57-4ee8-aa8b-a98144908774', '1', '8a46332f-be3e-4da3-ae22-b8582c287e6d')
/
insert into KSEN_LUI_IDENT (OBJ_ID, VER_NBR, CREATEID, CREATETIME, UPDATEID, UPDATETIME, LUI_CD, DIVISION, IDENT_LEVEL, LNG_NAME, LUI_ID, ORGID, SHRT_NAME, LUI_ID_STATE, SUFX_CD, LUI_ID_TYPE, VARTN, ID) values ('4c2e10b2-0035-4701-8550-d01acfe6201d', 0, 'admin', TIMESTAMP '2013-10-28 10:23:10.869', 'admin', TIMESTAMP '2013-10-28 10:23:10.869', '', '', '', '', '715d2ae0-7b57-4ee8-aa8b-a98144908774', '', '', 'kuali.lui.identifier.state.active', '', 'kuali.lui.identifier.type.official', '', '05af8139-e874-4f54-9bc6-c0588ebe5f67')
/
insert into KSEN_LUILUI_RELTN (OBJ_ID, VER_NBR, CREATEID, CREATETIME, UPDATEID, UPDATETIME, EFF_DT, EXPIR_DT, DESCR_FORMATTED, LUI_ID, LUILUI_RELTN_STATE, LUILUI_RELTN_TYPE, NAME, DESCR_PLAIN, RELATED_LUI_ID, ID) values ('6d7adf61-959c-40ce-8b31-bbcd2c525168', 0, 'admin', TIMESTAMP '2013-10-28 10:23:10.869', 'admin', TIMESTAMP '2013-10-28 10:23:10.869', TIMESTAMP '2013-10-28 10:23:16.021', '', 'CHEM242-FO-RG', '0c2e8d8d-5b09-4e5e-9b4b-1f846849196c', 'kuali.lui.lui.relation.state.active', 'kuali.lui.lui.relation.type.deliveredvia.fo2rg', 'fo-rg-relation', 'CHEM242-FO-RG', '715d2ae0-7b57-4ee8-aa8b-a98144908774', '1250e0b0-8bb0-4378-a8b3-4b942f226fcb')
/
insert into KSEN_LUILUI_RELTN (OBJ_ID, VER_NBR, CREATEID, CREATETIME, UPDATEID, UPDATETIME, EFF_DT, EXPIR_DT, DESCR_FORMATTED, LUI_ID, LUILUI_RELTN_STATE, LUILUI_RELTN_TYPE, NAME, DESCR_PLAIN, RELATED_LUI_ID, ID) values ('5b6a1e6e-9fe5-4bb1-b062-076d3ffe2882', 0, 'admin', TIMESTAMP '2013-10-28 10:23:10.869', 'admin', TIMESTAMP '2013-10-28 10:23:10.869', TIMESTAMP '2013-10-28 10:23:16.022', '', 'CHEM242-RG-AO', '715d2ae0-7b57-4ee8-aa8b-a98144908774', 'kuali.lui.lui.relation.state.active', 'kuali.lui.lui.relation.type.registeredforvia.rg2ao', 'rg-ao-relation', 'CHEM242-RG-AO', 'e0739794-584a-47b3-a668-afa1755b520b', '7e86c6be-0cd1-4b87-9403-ad7b67e90820')
/
insert into KSEN_LUILUI_RELTN (OBJ_ID, VER_NBR, CREATEID, CREATETIME, UPDATEID, UPDATETIME, EFF_DT, EXPIR_DT, DESCR_FORMATTED, LUI_ID, LUILUI_RELTN_STATE, LUILUI_RELTN_TYPE, NAME, DESCR_PLAIN, RELATED_LUI_ID, ID) values ('c3699687-4be5-443f-aff4-28e317951a69', 0, 'admin', TIMESTAMP '2013-10-28 10:23:10.869', 'admin', TIMESTAMP '2013-10-28 10:23:10.869', TIMESTAMP '2013-10-28 10:23:16.022', '', 'CHEM242-RG-AO', '715d2ae0-7b57-4ee8-aa8b-a98144908774', 'kuali.lui.lui.relation.state.active', 'kuali.lui.lui.relation.type.registeredforvia.rg2ao', 'rg-ao-relation', 'CHEM242-RG-AO', 'cb213ef4-0d58-4c3e-87cf-d4a18d3b589e', '146ad22a-84cc-43f1-873d-9cc5899d8dd2')
/
insert into KSEN_LUI (OBJ_ID, VER_NBR, CREATEID, CREATETIME, UPDATEID, UPDATETIME, ATP_ID, CLU_ID, EFF_DT, EXPIR_DT, DESCR_FORMATTED, LUI_STATE, LUI_TYPE, MAX_SEATS, MIN_SEATS, NAME, DESCR_PLAIN, REF_URL, ID) values ('343c6713-03b4-4703-b632-368ae914be18', 0, 'admin', TIMESTAMP '2013-10-28 10:23:10.869', 'admin', TIMESTAMP '2013-10-28 10:23:10.869', 'kuali.atp.2015Summer1', 'd925e275-370d-4d98-bbec-96fe2459a200', '', '', '1005', 'kuali.lui.registration.group.state.pending', 'kuali.lui.type.registration.group', '', '', '1005', '1005', '', 'ebc61aab-02aa-4373-bd00-40c139917841')
/
insert into KSEN_LUI_ATTR (OBJ_ID, ATTR_KEY, OWNER_ID, ATTR_VALUE, ID) values ('0496b1b9-053f-4b86-b25b-4e4188751623', 'kuali.attribute.registration.group.aocluster.id', 'ebc61aab-02aa-4373-bd00-40c139917841', '252f1266-db1f-4941-ad55-a267e953b18e', 'e7bcb934-b4ba-4dde-b0b9-e5cb8af4eedb')
/
insert into KSEN_LUI_ATTR (OBJ_ID, ATTR_KEY, OWNER_ID, ATTR_VALUE, ID) values ('153a2fc0-f491-4eb6-a611-f7b0c45a68c3', 'kuali.attribute.registration.group.is.generated', 'ebc61aab-02aa-4373-bd00-40c139917841', '1', '9c8b4518-9084-4d0d-abfc-0d9e597afe42')
/
insert into KSEN_LUI_IDENT (OBJ_ID, VER_NBR, CREATEID, CREATETIME, UPDATEID, UPDATETIME, LUI_CD, DIVISION, IDENT_LEVEL, LNG_NAME, LUI_ID, ORGID, SHRT_NAME, LUI_ID_STATE, SUFX_CD, LUI_ID_TYPE, VARTN, ID) values ('47a3be6e-c3d5-4d26-bd6f-34a8198a990e', 0, 'admin', TIMESTAMP '2013-10-28 10:23:10.869', 'admin', TIMESTAMP '2013-10-28 10:23:10.869', '', '', '', '', 'ebc61aab-02aa-4373-bd00-40c139917841', '', '', 'kuali.lui.identifier.state.active', '', 'kuali.lui.identifier.type.official', '', '7a4bab0a-9380-4552-96fa-5ea9a5b96ce3')
/
insert into KSEN_LUILUI_RELTN (OBJ_ID, VER_NBR, CREATEID, CREATETIME, UPDATEID, UPDATETIME, EFF_DT, EXPIR_DT, DESCR_FORMATTED, LUI_ID, LUILUI_RELTN_STATE, LUILUI_RELTN_TYPE, NAME, DESCR_PLAIN, RELATED_LUI_ID, ID) values ('fcf89b12-65ae-45a7-8a37-867b370d1b81', 0, 'admin', TIMESTAMP '2013-10-28 10:23:10.869', 'admin', TIMESTAMP '2013-10-28 10:23:10.869', TIMESTAMP '2013-10-28 10:23:16.306', '', 'CHEM242-FO-RG', '0c2e8d8d-5b09-4e5e-9b4b-1f846849196c', 'kuali.lui.lui.relation.state.active', 'kuali.lui.lui.relation.type.deliveredvia.fo2rg', 'fo-rg-relation', 'CHEM242-FO-RG', 'ebc61aab-02aa-4373-bd00-40c139917841', '08560f99-5c8f-4c67-92f0-be2982411aa0')
/
insert into KSEN_LUILUI_RELTN (OBJ_ID, VER_NBR, CREATEID, CREATETIME, UPDATEID, UPDATETIME, EFF_DT, EXPIR_DT, DESCR_FORMATTED, LUI_ID, LUILUI_RELTN_STATE, LUILUI_RELTN_TYPE, NAME, DESCR_PLAIN, RELATED_LUI_ID, ID) values ('407e0277-e7d9-4018-bde8-c1436c189755', 0, 'admin', TIMESTAMP '2013-10-28 10:23:10.869', 'admin', TIMESTAMP '2013-10-28 10:23:10.869', TIMESTAMP '2013-10-28 10:23:16.307', '', 'CHEM242-RG-AO', 'ebc61aab-02aa-4373-bd00-40c139917841', 'kuali.lui.lui.relation.state.active', 'kuali.lui.lui.relation.type.registeredforvia.rg2ao', 'rg-ao-relation', 'CHEM242-RG-AO', 'a0b80002-1718-4eac-8e6d-dee58cad2f10', '3ad2fa3e-08a2-4f28-a374-d71abc6824fd')
/
insert into KSEN_LUILUI_RELTN (OBJ_ID, VER_NBR, CREATEID, CREATETIME, UPDATEID, UPDATETIME, EFF_DT, EXPIR_DT, DESCR_FORMATTED, LUI_ID, LUILUI_RELTN_STATE, LUILUI_RELTN_TYPE, NAME, DESCR_PLAIN, RELATED_LUI_ID, ID) values ('4b91a61f-2644-4848-b03d-e45508df4bbe', 0, 'admin', TIMESTAMP '2013-10-28 10:23:10.869', 'admin', TIMESTAMP '2013-10-28 10:23:10.869', TIMESTAMP '2013-10-28 10:23:16.307', '', 'CHEM242-RG-AO', 'ebc61aab-02aa-4373-bd00-40c139917841', 'kuali.lui.lui.relation.state.active', 'kuali.lui.lui.relation.type.registeredforvia.rg2ao', 'rg-ao-relation', 'CHEM242-RG-AO', 'cb213ef4-0d58-4c3e-87cf-d4a18d3b589e', 'd1057853-cfa1-4c9f-94b1-7ef19abd70f8')
/
insert into KSEN_LUI (OBJ_ID, VER_NBR, CREATEID, CREATETIME, UPDATEID, UPDATETIME, ATP_ID, CLU_ID, EFF_DT, EXPIR_DT, DESCR_FORMATTED, LUI_STATE, LUI_TYPE, MAX_SEATS, MIN_SEATS, NAME, DESCR_PLAIN, REF_URL, ID) values ('43428ef3-8553-4628-88c8-70e5e1fc9581', 0, 'admin', TIMESTAMP '2013-10-28 10:23:10.869', 'admin', TIMESTAMP '2013-10-28 10:23:10.869', 'kuali.atp.2015Summer1', 'd925e275-370d-4d98-bbec-96fe2459a200', '', '', '1006', 'kuali.lui.registration.group.state.pending', 'kuali.lui.type.registration.group', '', '', '1006', '1006', '', '14d970a9-bdef-4563-8cea-61e3d15b9676')
/
insert into KSEN_LUI_ATTR (OBJ_ID, ATTR_KEY, OWNER_ID, ATTR_VALUE, ID) values ('127730d8-9c4c-4794-9850-52e7924e1a82', 'kuali.attribute.registration.group.aocluster.id', '14d970a9-bdef-4563-8cea-61e3d15b9676', '252f1266-db1f-4941-ad55-a267e953b18e', '8ed37b17-5f78-4762-bf85-939aa9b77eb9')
/
insert into KSEN_LUI_ATTR (OBJ_ID, ATTR_KEY, OWNER_ID, ATTR_VALUE, ID) values ('2bbcfe59-481c-4203-abc3-562a91aeac85', 'kuali.attribute.registration.group.is.generated', '14d970a9-bdef-4563-8cea-61e3d15b9676', '1', '6f5f6305-1879-4537-90d3-c0fb14abce33')
/
insert into KSEN_LUI_IDENT (OBJ_ID, VER_NBR, CREATEID, CREATETIME, UPDATEID, UPDATETIME, LUI_CD, DIVISION, IDENT_LEVEL, LNG_NAME, LUI_ID, ORGID, SHRT_NAME, LUI_ID_STATE, SUFX_CD, LUI_ID_TYPE, VARTN, ID) values ('cca38b0f-996d-495b-92fe-ba837187698f', 0, 'admin', TIMESTAMP '2013-10-28 10:23:10.869', 'admin', TIMESTAMP '2013-10-28 10:23:10.869', '', '', '', '', '14d970a9-bdef-4563-8cea-61e3d15b9676', '', '', 'kuali.lui.identifier.state.active', '', 'kuali.lui.identifier.type.official', '', '81f18f03-eaa2-40c9-a4de-0833b37a12b1')
/
insert into KSEN_LUILUI_RELTN (OBJ_ID, VER_NBR, CREATEID, CREATETIME, UPDATEID, UPDATETIME, EFF_DT, EXPIR_DT, DESCR_FORMATTED, LUI_ID, LUILUI_RELTN_STATE, LUILUI_RELTN_TYPE, NAME, DESCR_PLAIN, RELATED_LUI_ID, ID) values ('3847d2b9-b49a-42e4-a858-d2fd14fb846c', 0, 'admin', TIMESTAMP '2013-10-28 10:23:10.869', 'admin', TIMESTAMP '2013-10-28 10:23:10.869', TIMESTAMP '2013-10-28 10:23:16.589', '', 'CHEM242-FO-RG', '0c2e8d8d-5b09-4e5e-9b4b-1f846849196c', 'kuali.lui.lui.relation.state.active', 'kuali.lui.lui.relation.type.deliveredvia.fo2rg', 'fo-rg-relation', 'CHEM242-FO-RG', '14d970a9-bdef-4563-8cea-61e3d15b9676', 'd4c1fb84-f339-4336-b997-ee30986e9f45')
/
insert into KSEN_LUILUI_RELTN (OBJ_ID, VER_NBR, CREATEID, CREATETIME, UPDATEID, UPDATETIME, EFF_DT, EXPIR_DT, DESCR_FORMATTED, LUI_ID, LUILUI_RELTN_STATE, LUILUI_RELTN_TYPE, NAME, DESCR_PLAIN, RELATED_LUI_ID, ID) values ('00253a9d-824a-428e-bd65-444183243786', 0, 'admin', TIMESTAMP '2013-10-28 10:23:10.869', 'admin', TIMESTAMP '2013-10-28 10:23:10.869', TIMESTAMP '2013-10-28 10:23:16.589', '', 'CHEM242-RG-AO', '14d970a9-bdef-4563-8cea-61e3d15b9676', 'kuali.lui.lui.relation.state.active', 'kuali.lui.lui.relation.type.registeredforvia.rg2ao', 'rg-ao-relation', 'CHEM242-RG-AO', 'bf65f0b2-cd70-42c8-9e11-407db2e5c1bb', '448d3595-bd3b-44f2-b4d7-937e4db92758')
/
insert into KSEN_LUILUI_RELTN (OBJ_ID, VER_NBR, CREATEID, CREATETIME, UPDATEID, UPDATETIME, EFF_DT, EXPIR_DT, DESCR_FORMATTED, LUI_ID, LUILUI_RELTN_STATE, LUILUI_RELTN_TYPE, NAME, DESCR_PLAIN, RELATED_LUI_ID, ID) values ('899b69b8-867e-4015-a77c-f13f516be8f2', 0, 'admin', TIMESTAMP '2013-10-28 10:23:10.869', 'admin', TIMESTAMP '2013-10-28 10:23:10.869', TIMESTAMP '2013-10-28 10:23:16.59', '', 'CHEM242-RG-AO', '14d970a9-bdef-4563-8cea-61e3d15b9676', 'kuali.lui.lui.relation.state.active', 'kuali.lui.lui.relation.type.registeredforvia.rg2ao', 'rg-ao-relation', 'CHEM242-RG-AO', 'cb213ef4-0d58-4c3e-87cf-d4a18d3b589e', '0f4269a1-4201-4eaa-90e6-4f824912252d')
/
insert into KSEN_LUI (OBJ_ID, VER_NBR, CREATEID, CREATETIME, UPDATEID, UPDATETIME, ATP_ID, CLU_ID, EFF_DT, EXPIR_DT, DESCR_FORMATTED, LUI_STATE, LUI_TYPE, MAX_SEATS, MIN_SEATS, NAME, DESCR_PLAIN, REF_URL, ID) values ('34928c70-0b27-49fb-a1b7-66ae6983c896', 0, 'admin', TIMESTAMP '2013-10-28 10:23:10.869', 'admin', TIMESTAMP '2013-10-28 10:23:10.869', 'kuali.atp.2015Summer1', 'd925e275-370d-4d98-bbec-96fe2459a200', '', '', '1007', 'kuali.lui.registration.group.state.pending', 'kuali.lui.type.registration.group', '', '', '1007', '1007', '', 'ad2c4e18-07d6-4421-ad21-faa426d8605c')
/
insert into KSEN_LUI_ATTR (OBJ_ID, ATTR_KEY, OWNER_ID, ATTR_VALUE, ID) values ('3234d1e2-5885-4fb8-bde3-3d1ff344de0b', 'kuali.attribute.registration.group.aocluster.id', 'ad2c4e18-07d6-4421-ad21-faa426d8605c', '252f1266-db1f-4941-ad55-a267e953b18e', '075c7d2a-d5ca-4b0c-8fd7-cab5d4d4ecc5')
/
insert into KSEN_LUI_ATTR (OBJ_ID, ATTR_KEY, OWNER_ID, ATTR_VALUE, ID) values ('85bbbd51-51d6-4e3a-bcea-e49c94cfc5e2', 'kuali.attribute.registration.group.is.generated', 'ad2c4e18-07d6-4421-ad21-faa426d8605c', '1', '5c71f183-0d08-4e28-8768-a001e17c8441')
/
insert into KSEN_LUI_IDENT (OBJ_ID, VER_NBR, CREATEID, CREATETIME, UPDATEID, UPDATETIME, LUI_CD, DIVISION, IDENT_LEVEL, LNG_NAME, LUI_ID, ORGID, SHRT_NAME, LUI_ID_STATE, SUFX_CD, LUI_ID_TYPE, VARTN, ID) values ('eaeafe51-ade0-47a1-a610-ab7bf24072c4', 0, 'admin', TIMESTAMP '2013-10-28 10:23:10.869', 'admin', TIMESTAMP '2013-10-28 10:23:10.869', '', '', '', '', 'ad2c4e18-07d6-4421-ad21-faa426d8605c', '', '', 'kuali.lui.identifier.state.active', '', 'kuali.lui.identifier.type.official', '', 'b95752c8-1968-4ac2-9523-bb8ada72e6fd')
/
insert into KSEN_LUILUI_RELTN (OBJ_ID, VER_NBR, CREATEID, CREATETIME, UPDATEID, UPDATETIME, EFF_DT, EXPIR_DT, DESCR_FORMATTED, LUI_ID, LUILUI_RELTN_STATE, LUILUI_RELTN_TYPE, NAME, DESCR_PLAIN, RELATED_LUI_ID, ID) values ('a03eab07-0c5a-43df-a310-7a296a9d42ea', 0, 'admin', TIMESTAMP '2013-10-28 10:23:10.869', 'admin', TIMESTAMP '2013-10-28 10:23:10.869', TIMESTAMP '2013-10-28 10:23:16.952', '', 'CHEM242-FO-RG', '0c2e8d8d-5b09-4e5e-9b4b-1f846849196c', 'kuali.lui.lui.relation.state.active', 'kuali.lui.lui.relation.type.deliveredvia.fo2rg', 'fo-rg-relation', 'CHEM242-FO-RG', 'ad2c4e18-07d6-4421-ad21-faa426d8605c', '72ecfa8c-a766-4de2-82b0-a3831fbad392')
/
insert into KSEN_LUILUI_RELTN (OBJ_ID, VER_NBR, CREATEID, CREATETIME, UPDATEID, UPDATETIME, EFF_DT, EXPIR_DT, DESCR_FORMATTED, LUI_ID, LUILUI_RELTN_STATE, LUILUI_RELTN_TYPE, NAME, DESCR_PLAIN, RELATED_LUI_ID, ID) values ('8c5b6c79-fb74-4ff2-b1fe-e5d37666ed10', 0, 'admin', TIMESTAMP '2013-10-28 10:23:10.869', 'admin', TIMESTAMP '2013-10-28 10:23:10.869', TIMESTAMP '2013-10-28 10:23:16.953', '', 'CHEM242-RG-AO', 'ad2c4e18-07d6-4421-ad21-faa426d8605c', 'kuali.lui.lui.relation.state.active', 'kuali.lui.lui.relation.type.registeredforvia.rg2ao', 'rg-ao-relation', 'CHEM242-RG-AO', '3d3bbced-9a74-424f-af87-8851a9ab924c', '03c3afe0-7001-4c80-b4a6-1652b778dba3')
/
insert into KSEN_LUILUI_RELTN (OBJ_ID, VER_NBR, CREATEID, CREATETIME, UPDATEID, UPDATETIME, EFF_DT, EXPIR_DT, DESCR_FORMATTED, LUI_ID, LUILUI_RELTN_STATE, LUILUI_RELTN_TYPE, NAME, DESCR_PLAIN, RELATED_LUI_ID, ID) values ('3e3c6da8-e5e1-4ae1-9fcf-705340e6b189', 0, 'admin', TIMESTAMP '2013-10-28 10:23:10.869', 'admin', TIMESTAMP '2013-10-28 10:23:10.869', TIMESTAMP '2013-10-28 10:23:16.954', '', 'CHEM242-RG-AO', 'ad2c4e18-07d6-4421-ad21-faa426d8605c', 'kuali.lui.lui.relation.state.active', 'kuali.lui.lui.relation.type.registeredforvia.rg2ao', 'rg-ao-relation', 'CHEM242-RG-AO', 'cb213ef4-0d58-4c3e-87cf-d4a18d3b589e', '69f07b74-de00-4381-ba69-1aaac3ab45ee')
/
insert into KSEN_LUI (OBJ_ID, VER_NBR, CREATEID, CREATETIME, UPDATEID, UPDATETIME, ATP_ID, CLU_ID, EFF_DT, EXPIR_DT, DESCR_FORMATTED, LUI_STATE, LUI_TYPE, MAX_SEATS, MIN_SEATS, NAME, DESCR_PLAIN, REF_URL, ID) values ('c51cb87a-f89c-4e2a-87d4-3e7f0f438aed', 0, 'admin', TIMESTAMP '2013-10-28 10:23:10.869', 'admin', TIMESTAMP '2013-10-28 10:23:10.869', 'kuali.atp.2015Summer1', 'd925e275-370d-4d98-bbec-96fe2459a200', '', '', '1008', 'kuali.lui.registration.group.state.pending', 'kuali.lui.type.registration.group', '', '', '1008', '1008', '', 'a68ce12d-82a0-4724-8a2d-9c915da61b2a')
/
insert into KSEN_LUI_ATTR (OBJ_ID, ATTR_KEY, OWNER_ID, ATTR_VALUE, ID) values ('fe5329a1-eb8c-4287-863c-7a26e361fec8', 'kuali.attribute.registration.group.is.generated', 'a68ce12d-82a0-4724-8a2d-9c915da61b2a', '1', '5a63385e-bf8f-4158-8146-dbf16f678910')
/
insert into KSEN_LUI_ATTR (OBJ_ID, ATTR_KEY, OWNER_ID, ATTR_VALUE, ID) values ('3d7b22cd-894c-4dce-96c3-6931c1a21e59', 'kuali.attribute.registration.group.aocluster.id', 'a68ce12d-82a0-4724-8a2d-9c915da61b2a', '252f1266-db1f-4941-ad55-a267e953b18e', '7c30a434-8a42-4087-976d-15c41bc6ad37')
/
insert into KSEN_LUI_IDENT (OBJ_ID, VER_NBR, CREATEID, CREATETIME, UPDATEID, UPDATETIME, LUI_CD, DIVISION, IDENT_LEVEL, LNG_NAME, LUI_ID, ORGID, SHRT_NAME, LUI_ID_STATE, SUFX_CD, LUI_ID_TYPE, VARTN, ID) values ('a9dd195d-d0b0-4fb2-bee4-0014db23e37b', 0, 'admin', TIMESTAMP '2013-10-28 10:23:10.869', 'admin', TIMESTAMP '2013-10-28 10:23:10.869', '', '', '', '', 'a68ce12d-82a0-4724-8a2d-9c915da61b2a', '', '', 'kuali.lui.identifier.state.active', '', 'kuali.lui.identifier.type.official', '', '0ec2c203-5e31-47d9-9d52-c15655126aa4')
/
insert into KSEN_LUILUI_RELTN (OBJ_ID, VER_NBR, CREATEID, CREATETIME, UPDATEID, UPDATETIME, EFF_DT, EXPIR_DT, DESCR_FORMATTED, LUI_ID, LUILUI_RELTN_STATE, LUILUI_RELTN_TYPE, NAME, DESCR_PLAIN, RELATED_LUI_ID, ID) values ('f5901873-04c8-42f8-bf4c-25c132a0eabb', 0, 'admin', TIMESTAMP '2013-10-28 10:23:10.869', 'admin', TIMESTAMP '2013-10-28 10:23:10.869', TIMESTAMP '2013-10-28 10:23:17.309', '', 'CHEM242-FO-RG', '0c2e8d8d-5b09-4e5e-9b4b-1f846849196c', 'kuali.lui.lui.relation.state.active', 'kuali.lui.lui.relation.type.deliveredvia.fo2rg', 'fo-rg-relation', 'CHEM242-FO-RG', 'a68ce12d-82a0-4724-8a2d-9c915da61b2a', '34aa05db-e5f3-40cf-90f7-228ac4abe45b')
/
insert into KSEN_LUILUI_RELTN (OBJ_ID, VER_NBR, CREATEID, CREATETIME, UPDATEID, UPDATETIME, EFF_DT, EXPIR_DT, DESCR_FORMATTED, LUI_ID, LUILUI_RELTN_STATE, LUILUI_RELTN_TYPE, NAME, DESCR_PLAIN, RELATED_LUI_ID, ID) values ('7c147249-011f-492a-b9ab-dfb7ec827adb', 0, 'admin', TIMESTAMP '2013-10-28 10:23:10.869', 'admin', TIMESTAMP '2013-10-28 10:23:10.869', TIMESTAMP '2013-10-28 10:23:17.31', '', 'CHEM242-RG-AO', 'a68ce12d-82a0-4724-8a2d-9c915da61b2a', 'kuali.lui.lui.relation.state.active', 'kuali.lui.lui.relation.type.registeredforvia.rg2ao', 'rg-ao-relation', 'CHEM242-RG-AO', 'e7cfdd04-1210-4906-a2d3-674a2e4da566', 'bda77d53-6765-4edf-ba6d-9d812c7a099f')
/
insert into KSEN_LUILUI_RELTN (OBJ_ID, VER_NBR, CREATEID, CREATETIME, UPDATEID, UPDATETIME, EFF_DT, EXPIR_DT, DESCR_FORMATTED, LUI_ID, LUILUI_RELTN_STATE, LUILUI_RELTN_TYPE, NAME, DESCR_PLAIN, RELATED_LUI_ID, ID) values ('f26bd9aa-c938-405b-8335-0426c205bd9b', 0, 'admin', TIMESTAMP '2013-10-28 10:23:10.869', 'admin', TIMESTAMP '2013-10-28 10:23:10.869', TIMESTAMP '2013-10-28 10:23:17.31', '', 'CHEM242-RG-AO', 'a68ce12d-82a0-4724-8a2d-9c915da61b2a', 'kuali.lui.lui.relation.state.active', 'kuali.lui.lui.relation.type.registeredforvia.rg2ao', 'rg-ao-relation', 'CHEM242-RG-AO', 'cb213ef4-0d58-4c3e-87cf-d4a18d3b589e', '474bb876-ea13-4dbc-9b19-44d77853052e')
/
insert into KSEN_LUI (OBJ_ID, VER_NBR, CREATEID, CREATETIME, UPDATEID, UPDATETIME, ATP_ID, CLU_ID, EFF_DT, EXPIR_DT, DESCR_FORMATTED, LUI_STATE, LUI_TYPE, MAX_SEATS, MIN_SEATS, NAME, DESCR_PLAIN, REF_URL, ID) values ('07cd2078-fc7d-4ad3-879b-d384d2c98b67', 0, 'admin', TIMESTAMP '2013-10-28 10:23:10.869', 'admin', TIMESTAMP '2013-10-28 10:23:10.869', 'kuali.atp.2015Summer1', 'd925e275-370d-4d98-bbec-96fe2459a200', '', '', '1009', 'kuali.lui.registration.group.state.pending', 'kuali.lui.type.registration.group', '', '', '1009', '1009', '', '28e591f7-3503-4af8-bf63-96b83401273e')
/
insert into KSEN_LUI_ATTR (OBJ_ID, ATTR_KEY, OWNER_ID, ATTR_VALUE, ID) values ('001916eb-7772-495d-9941-77d476d8d39a', 'kuali.attribute.registration.group.aocluster.id', '28e591f7-3503-4af8-bf63-96b83401273e', '252f1266-db1f-4941-ad55-a267e953b18e', 'c187ddb2-cb80-45b7-9f41-cc04ca98191a')
/
insert into KSEN_LUI_ATTR (OBJ_ID, ATTR_KEY, OWNER_ID, ATTR_VALUE, ID) values ('e70431c5-128a-4642-9920-8228222e7ba4', 'kuali.attribute.registration.group.is.generated', '28e591f7-3503-4af8-bf63-96b83401273e', '1', 'd0c2d3f7-d8fc-4f9a-82cf-1ae12ce03c56')
/
insert into KSEN_LUI_IDENT (OBJ_ID, VER_NBR, CREATEID, CREATETIME, UPDATEID, UPDATETIME, LUI_CD, DIVISION, IDENT_LEVEL, LNG_NAME, LUI_ID, ORGID, SHRT_NAME, LUI_ID_STATE, SUFX_CD, LUI_ID_TYPE, VARTN, ID) values ('ee11b840-cf6e-4f92-97f2-d6103d64c6e1', 0, 'admin', TIMESTAMP '2013-10-28 10:23:10.869', 'admin', TIMESTAMP '2013-10-28 10:23:10.869', '', '', '', '', '28e591f7-3503-4af8-bf63-96b83401273e', '', '', 'kuali.lui.identifier.state.active', '', 'kuali.lui.identifier.type.official', '', '7e2ab4d6-c149-4731-b78e-54d16b110597')
/
insert into KSEN_LUILUI_RELTN (OBJ_ID, VER_NBR, CREATEID, CREATETIME, UPDATEID, UPDATETIME, EFF_DT, EXPIR_DT, DESCR_FORMATTED, LUI_ID, LUILUI_RELTN_STATE, LUILUI_RELTN_TYPE, NAME, DESCR_PLAIN, RELATED_LUI_ID, ID) values ('a9882d7c-02b6-40af-9f6d-d5da149e4a87', 0, 'admin', TIMESTAMP '2013-10-28 10:23:10.869', 'admin', TIMESTAMP '2013-10-28 10:23:10.869', TIMESTAMP '2013-10-28 10:23:17.675', '', 'CHEM242-FO-RG', '0c2e8d8d-5b09-4e5e-9b4b-1f846849196c', 'kuali.lui.lui.relation.state.active', 'kuali.lui.lui.relation.type.deliveredvia.fo2rg', 'fo-rg-relation', 'CHEM242-FO-RG', '28e591f7-3503-4af8-bf63-96b83401273e', 'e86b8f4c-d971-4a6a-b81b-dd8c4e5f2455')
/
insert into KSEN_LUILUI_RELTN (OBJ_ID, VER_NBR, CREATEID, CREATETIME, UPDATEID, UPDATETIME, EFF_DT, EXPIR_DT, DESCR_FORMATTED, LUI_ID, LUILUI_RELTN_STATE, LUILUI_RELTN_TYPE, NAME, DESCR_PLAIN, RELATED_LUI_ID, ID) values ('54c288a2-cf37-4ab5-b57e-c5bdad0b59a2', 0, 'admin', TIMESTAMP '2013-10-28 10:23:10.869', 'admin', TIMESTAMP '2013-10-28 10:23:10.869', TIMESTAMP '2013-10-28 10:23:17.677', '', 'CHEM242-RG-AO', '28e591f7-3503-4af8-bf63-96b83401273e', 'kuali.lui.lui.relation.state.active', 'kuali.lui.lui.relation.type.registeredforvia.rg2ao', 'rg-ao-relation', 'CHEM242-RG-AO', '42d56dcf-bd2e-421c-8000-25c2d5d4e507', '71418f28-a873-4e55-808f-d531e6e37d26')
/
insert into KSEN_LUILUI_RELTN (OBJ_ID, VER_NBR, CREATEID, CREATETIME, UPDATEID, UPDATETIME, EFF_DT, EXPIR_DT, DESCR_FORMATTED, LUI_ID, LUILUI_RELTN_STATE, LUILUI_RELTN_TYPE, NAME, DESCR_PLAIN, RELATED_LUI_ID, ID) values ('e1029cca-370b-4e80-8880-940adb701db9', 0, 'admin', TIMESTAMP '2013-10-28 10:23:10.869', 'admin', TIMESTAMP '2013-10-28 10:23:10.869', TIMESTAMP '2013-10-28 10:23:17.678', '', 'CHEM242-RG-AO', '28e591f7-3503-4af8-bf63-96b83401273e', 'kuali.lui.lui.relation.state.active', 'kuali.lui.lui.relation.type.registeredforvia.rg2ao', 'rg-ao-relation', 'CHEM242-RG-AO', 'cb213ef4-0d58-4c3e-87cf-d4a18d3b589e', '8a460722-2d8e-4f42-b350-0c9853078a75')
/
insert into KSEN_LUI (OBJ_ID, VER_NBR, CREATEID, CREATETIME, UPDATEID, UPDATETIME, ATP_ID, CLU_ID, EFF_DT, EXPIR_DT, DESCR_FORMATTED, LUI_STATE, LUI_TYPE, MAX_SEATS, MIN_SEATS, NAME, DESCR_PLAIN, REF_URL, ID) values ('ce291339-6473-4a3b-b937-5fe1d5ff1fdd', 0, 'admin', TIMESTAMP '2013-10-28 10:23:10.869', 'admin', TIMESTAMP '2013-10-28 10:23:10.869', 'kuali.atp.2015Summer1', 'd925e275-370d-4d98-bbec-96fe2459a200', '', '', '1010', 'kuali.lui.registration.group.state.pending', 'kuali.lui.type.registration.group', '', '', '1010', '1010', '', 'a5373ad5-b811-4497-b61e-7dd8af449a63')
/
insert into KSEN_LUI_ATTR (OBJ_ID, ATTR_KEY, OWNER_ID, ATTR_VALUE, ID) values ('4b253291-d8df-4377-a761-be526c65d9bd', 'kuali.attribute.registration.group.aocluster.id', 'a5373ad5-b811-4497-b61e-7dd8af449a63', '252f1266-db1f-4941-ad55-a267e953b18e', 'b3548707-f061-41b6-813f-32070cc1fc5d')
/
insert into KSEN_LUI_ATTR (OBJ_ID, ATTR_KEY, OWNER_ID, ATTR_VALUE, ID) values ('a3398979-2f32-4c14-bda4-c3ed75f18aff', 'kuali.attribute.registration.group.is.generated', 'a5373ad5-b811-4497-b61e-7dd8af449a63', '1', '858415a3-0667-40d2-b407-ca172f515e40')
/
insert into KSEN_LUI_IDENT (OBJ_ID, VER_NBR, CREATEID, CREATETIME, UPDATEID, UPDATETIME, LUI_CD, DIVISION, IDENT_LEVEL, LNG_NAME, LUI_ID, ORGID, SHRT_NAME, LUI_ID_STATE, SUFX_CD, LUI_ID_TYPE, VARTN, ID) values ('3fb37889-a685-48d3-a744-c1a5e770d147', 0, 'admin', TIMESTAMP '2013-10-28 10:23:10.869', 'admin', TIMESTAMP '2013-10-28 10:23:10.869', '', '', '', '', 'a5373ad5-b811-4497-b61e-7dd8af449a63', '', '', 'kuali.lui.identifier.state.active', '', 'kuali.lui.identifier.type.official', '', '1c23f8d3-b36d-486a-9faf-4bb40a7b2be1')
/
insert into KSEN_LUILUI_RELTN (OBJ_ID, VER_NBR, CREATEID, CREATETIME, UPDATEID, UPDATETIME, EFF_DT, EXPIR_DT, DESCR_FORMATTED, LUI_ID, LUILUI_RELTN_STATE, LUILUI_RELTN_TYPE, NAME, DESCR_PLAIN, RELATED_LUI_ID, ID) values ('b4d7bba5-de02-4b66-b093-c7342528edb3', 0, 'admin', TIMESTAMP '2013-10-28 10:23:10.869', 'admin', TIMESTAMP '2013-10-28 10:23:10.869', TIMESTAMP '2013-10-28 10:23:17.981', '', 'CHEM242-FO-RG', '0c2e8d8d-5b09-4e5e-9b4b-1f846849196c', 'kuali.lui.lui.relation.state.active', 'kuali.lui.lui.relation.type.deliveredvia.fo2rg', 'fo-rg-relation', 'CHEM242-FO-RG', 'a5373ad5-b811-4497-b61e-7dd8af449a63', 'c81f1377-dda2-46e0-9d91-6e3e91f17441')
/
insert into KSEN_LUILUI_RELTN (OBJ_ID, VER_NBR, CREATEID, CREATETIME, UPDATEID, UPDATETIME, EFF_DT, EXPIR_DT, DESCR_FORMATTED, LUI_ID, LUILUI_RELTN_STATE, LUILUI_RELTN_TYPE, NAME, DESCR_PLAIN, RELATED_LUI_ID, ID) values ('122f7c4d-a81e-4a07-a17e-6f765724e174', 0, 'admin', TIMESTAMP '2013-10-28 10:23:10.869', 'admin', TIMESTAMP '2013-10-28 10:23:10.869', TIMESTAMP '2013-10-28 10:23:17.981', '', 'CHEM242-RG-AO', 'a5373ad5-b811-4497-b61e-7dd8af449a63', 'kuali.lui.lui.relation.state.active', 'kuali.lui.lui.relation.type.registeredforvia.rg2ao', 'rg-ao-relation', 'CHEM242-RG-AO', 'bc12b8ef-1012-4c49-876c-30dc536e3791', 'b343bce5-8005-4ed0-ac4a-13d6eb34c7fa')
/
insert into KSEN_LUILUI_RELTN (OBJ_ID, VER_NBR, CREATEID, CREATETIME, UPDATEID, UPDATETIME, EFF_DT, EXPIR_DT, DESCR_FORMATTED, LUI_ID, LUILUI_RELTN_STATE, LUILUI_RELTN_TYPE, NAME, DESCR_PLAIN, RELATED_LUI_ID, ID) values ('bac33616-e6a3-4ded-838a-f8a8576a9a52', 0, 'admin', TIMESTAMP '2013-10-28 10:23:10.869', 'admin', TIMESTAMP '2013-10-28 10:23:10.869', TIMESTAMP '2013-10-28 10:23:17.982', '', 'CHEM242-RG-AO', 'a5373ad5-b811-4497-b61e-7dd8af449a63', 'kuali.lui.lui.relation.state.active', 'kuali.lui.lui.relation.type.registeredforvia.rg2ao', 'rg-ao-relation', 'CHEM242-RG-AO', 'cb213ef4-0d58-4c3e-87cf-d4a18d3b589e', 'd217e0a8-b73d-4040-b647-47b23203ed53')
/
insert into KSEN_CWL (OBJ_ID, VER_NBR, CREATEID, CREATETIME, UPDATEID, UPDATETIME, ALLOW_HOLD_UTIL_ENTRIES_IND, AUTO_PROCESSED_IND, CHECK_IN_REQ_IND, CONF_REQ_IND, EFF_DT, EXPIR_DT, MAX_SIZE, REG_IN_FIRST_AAO_IND, STD_DUR_TIME_QTY, STD_DUR_TYPE, CWL_STATE, CWL_TYPE, ID) values ('5658b3a8-37c4-4a8e-9130-9300af9af0dd', 0, 'admin', TIMESTAMP '2013-10-28 10:23:10.869', 'admin', TIMESTAMP '2013-10-28 10:23:10.869', '0', '1', '0', '1', '', '', '', '', '', '', 'kuali.course.waitlist.state.active', 'kuali.course.waitlist.type.course.waitlist', '4f499554-c7a5-42a1-bf46-0d8de87ea79b')
/
insert into KSEN_CWL_ACTIV_OFFER (CWL_ID, ACTIV_OFFER_ID) values ('4f499554-c7a5-42a1-bf46-0d8de87ea79b', 'cb213ef4-0d58-4c3e-87cf-d4a18d3b589e')
/
insert into KSEN_CWL_FORMAT_OFFER (CWL_ID, FORMAT_OFFER_ID) values ('4f499554-c7a5-42a1-bf46-0d8de87ea79b', '0c2e8d8d-5b09-4e5e-9b4b-1f846849196c')
/



-- Term = kuali.atp.2016Summer1 / 201605, coCode = CHEM242
insert into KSEN_LUI (OBJ_ID, VER_NBR, CREATEID, CREATETIME, UPDATEID, UPDATETIME, ATP_ID, CLU_ID, EFF_DT, EXPIR_DT, DESCR_FORMATTED, LUI_STATE, LUI_TYPE, MAX_SEATS, MIN_SEATS, NAME, DESCR_PLAIN, REF_URL, ID) values ('52df3791-6d04-42c6-9eb7-e95bf334bd0b', 0, 'admin', TIMESTAMP '2013-10-28 10:25:26.717', 'admin', TIMESTAMP '2013-10-28 10:25:26.717', 'kuali.atp.2016Summer1', '06b65acf-167f-4864-8870-4aeb3e333277', '', '', '', 'kuali.lui.activity.offering.state.draft', 'kuali.lui.type.activity.offering.lecture', 182, '', 'CHEM242 AO', '', '', '66a48bad-0bba-408b-a96a-6fc2d0a39723')
/
insert into KSEN_LUI_ATTR (OBJ_ID, ATTR_KEY, OWNER_ID, ATTR_VALUE, ID) values ('a497918d-1db3-4852-a323-16754257ad89', 'kuali.attribute.course.evaluation.indicator', '66a48bad-0bba-408b-a96a-6fc2d0a39723', 'null', '08b58e8e-e701-4df8-8ec1-5a13157ece98')
/
insert into KSEN_LUI_ATTR (OBJ_ID, ATTR_KEY, OWNER_ID, ATTR_VALUE, ID) values ('a94d0350-2ce2-4ddf-a620-c10ce6939cdc', 'kuali.attribute.nonstd.ts.indicator', '66a48bad-0bba-408b-a96a-6fc2d0a39723', '0', '84316fa1-a5da-4dac-8cd7-480788aa3155')
/
insert into KSEN_LUI_ATTR (OBJ_ID, ATTR_KEY, OWNER_ID, ATTR_VALUE, ID) values ('0ca3cc17-2850-40e9-b920-596ad60cb848', 'kuali.attribute.max.enrollment.is.estimate', '66a48bad-0bba-408b-a96a-6fc2d0a39723', 'null', '1413b09c-02fe-421e-8f42-5848bc8b90d7')
/
insert into KSEN_LUI_IDENT (OBJ_ID, VER_NBR, CREATEID, CREATETIME, UPDATEID, UPDATETIME, LUI_CD, DIVISION, IDENT_LEVEL, LNG_NAME, LUI_ID, ORGID, SHRT_NAME, LUI_ID_STATE, SUFX_CD, LUI_ID_TYPE, VARTN, ID) values ('1d8333db-bd89-4d0f-8490-2a5ad95134bc', 0, 'admin', TIMESTAMP '2013-10-28 10:25:26.717', 'admin', TIMESTAMP '2013-10-28 10:25:26.717', 'K', '', '', '', '66a48bad-0bba-408b-a96a-6fc2d0a39723', '', '', 'kuali.lui.identifier.state.active', '', 'kuali.lui.identifier.type.official', '', '8307cc57-49e1-4f55-af31-2ad9f37885fe')
/
insert into KSEN_LUI_LU_CD (OBJ_ID, VER_NBR, CREATEID, CREATETIME, UPDATEID, UPDATETIME, DESCR_FORMATTED, LUI_ID, DESCR_PLAIN, LUI_LUCD_TYPE, VALUE, ID) values ('888bd30b-f118-4881-9885-73a7a41fb172', 0, 'admin', TIMESTAMP '2013-10-28 10:25:26.717', 'admin', TIMESTAMP '2013-10-28 10:25:26.717', '', '66a48bad-0bba-408b-a96a-6fc2d0a39723', '', 'kuali.lu.code.honorsOffering', 'null', '7dd75f2f-5796-44f6-b4a9-84c9665f1502')
/
insert into KSEN_LUILUI_RELTN (OBJ_ID, VER_NBR, CREATEID, CREATETIME, UPDATEID, UPDATETIME, EFF_DT, EXPIR_DT, DESCR_FORMATTED, LUI_ID, LUILUI_RELTN_STATE, LUILUI_RELTN_TYPE, NAME, DESCR_PLAIN, RELATED_LUI_ID, ID) values ('afa55852-6af8-4145-92dd-2e98e168f2f4', 0, 'admin', TIMESTAMP '2013-10-28 10:25:26.717', 'admin', TIMESTAMP '2013-10-28 10:25:26.717', TIMESTAMP '2013-10-28 10:25:26.836', '', 'CHEM242-FO-AO', '8a8cae8e-c0b5-4265-af92-9ef6fee90f77', 'kuali.lui.lui.relation.state.active', 'kuali.lui.lui.relation.type.deliveredvia.fo2ao', 'fo-ao-relation', 'CHEM242-FO-AO', '66a48bad-0bba-408b-a96a-6fc2d0a39723', '02acb5da-8b5a-460c-89f0-22e01b73e941')
/
insert into KSEN_CO_AO_CLUSTER_SET (OBJ_ID, ACTIVITY_OFFERING_TYPE, AO_CLUSTER_ID, ID) values ('da9bb838-053e-4ea6-ad81-f8b594b7ff49', 'kuali.lui.type.activity.offering.lecture', '70f4a8b2-200e-4202-b870-4efca416e8ee', 'd3fa58c6-61cd-4f6a-bcc2-e578fc9aa34a')
/
insert into KSEN_CO_AO_CLUSTER_SET_AO (AOC_SET_ID, ACTIVITY_OFFERING_ID) values ('d3fa58c6-61cd-4f6a-bcc2-e578fc9aa34a', '66a48bad-0bba-408b-a96a-6fc2d0a39723')
/
delete from KSEN_LUILUI_RELTN where ID='272be1d5-9617-486c-a844-aebef368c345' and VER_NBR=0
/
delete from KSEN_LUILUI_RELTN where ID='b39e24f7-2f9d-4baa-aeca-ae8739576c4e' and VER_NBR=0
/
delete from KSEN_LUI_ATTR where ID='7ad532de-c88e-466e-b74f-baa237993ce4'
/
delete from KSEN_LUI_ATTR where ID='5868bbaa-e480-4a87-8097-6e1f066abac2'
/
delete from KSEN_LUI_IDENT where ID='bcb1f560-2667-4e68-bfd4-5ea0f743fde5' and VER_NBR=0
/
delete from KSEN_LUI where ID='fd676a63-ace7-4ccb-9c9b-9a20797046fe' and VER_NBR=0
/
delete from KSEN_LUILUI_RELTN where ID='89b3ca5d-0210-4723-b347-04bcca6f32cb' and VER_NBR=0
/
delete from KSEN_LUILUI_RELTN where ID='51cb72c6-ea3d-4c0b-af84-0939b3606de0' and VER_NBR=0
/
delete from KSEN_LUI_ATTR where ID='8e0b38b4-c45e-428d-a836-6c343ad78c04'
/
delete from KSEN_LUI_ATTR where ID='3c6b4047-8327-40a9-a4df-b9dc0774d21c'
/
delete from KSEN_LUI_IDENT where ID='703c0fc3-3e40-4555-af08-5bd0d9f7adbb' and VER_NBR=0
/
delete from KSEN_LUI where ID='333fe1c2-2ff7-4afa-85b0-0775c7a9d5e1' and VER_NBR=0
/
delete from KSEN_LUILUI_RELTN where ID='f98a8b50-f00d-4c7e-85ac-4009dfe2d3d8' and VER_NBR=0
/
delete from KSEN_LUILUI_RELTN where ID='8d22b34b-6090-416c-b371-d16abc711363' and VER_NBR=0
/
delete from KSEN_LUI_ATTR where ID='5882cd38-03e2-46f6-b6b7-857350015410'
/
delete from KSEN_LUI_ATTR where ID='bda0b6d7-694c-4f56-95ee-3589801aae05'
/
delete from KSEN_LUI_IDENT where ID='5674ae70-5fe2-4f34-b1d9-bc40ba84afe9' and VER_NBR=0
/
delete from KSEN_LUI where ID='f79de046-11d8-46cd-9f59-b0009129c33b' and VER_NBR=0
/
delete from KSEN_LUILUI_RELTN where ID='6fb6d03e-f386-4aa4-95b0-13d94515d1a2' and VER_NBR=0
/
delete from KSEN_LUILUI_RELTN where ID='930a9111-0cea-4aee-92a3-866e8ea55c6f' and VER_NBR=0
/
delete from KSEN_LUI_ATTR where ID='ed9c9527-eaaf-4a59-8e27-6718a948308b'
/
delete from KSEN_LUI_ATTR where ID='a292a324-be8b-4df1-be1c-46641ab96bf7'
/
delete from KSEN_LUI_IDENT where ID='1466c7cb-e991-4d15-93da-55f2fde5fcb6' and VER_NBR=0
/
delete from KSEN_LUI where ID='5edde17e-6beb-4519-b853-be2b42811575' and VER_NBR=0
/
delete from KSEN_LUILUI_RELTN where ID='74566897-3394-402c-96a5-645c049b5131' and VER_NBR=0
/
delete from KSEN_LUILUI_RELTN where ID='8e9b732e-56a6-49ec-a520-09bda70dddad' and VER_NBR=0
/
delete from KSEN_LUI_ATTR where ID='9a304540-9de3-401a-a999-561cc90f4adb'
/
delete from KSEN_LUI_ATTR where ID='5dca8bee-2353-4a80-b27c-79519207be9b'
/
delete from KSEN_LUI_IDENT where ID='1fb6d0a9-fa33-4ab0-9731-d60d20762756' and VER_NBR=0
/
delete from KSEN_LUI where ID='10cb682e-c764-424d-b69b-e9ac85ba5914' and VER_NBR=0
/
delete from KSEN_LUILUI_RELTN where ID='ea35dfbc-0e96-487a-8832-e813407b1359' and VER_NBR=0
/
delete from KSEN_LUILUI_RELTN where ID='69eef530-033a-46be-b40d-1b8dcacd9106' and VER_NBR=0
/
delete from KSEN_LUI_ATTR where ID='f7817baa-db4b-4099-8dae-3fbf2a448533'
/
delete from KSEN_LUI_ATTR where ID='ab63f972-24e2-46ca-85a5-e2bdd46abdb3'
/
delete from KSEN_LUI_IDENT where ID='0b4bf4ad-23ba-41ce-ab34-e4f0512d341e' and VER_NBR=0
/
delete from KSEN_LUI where ID='2a92a058-abed-4b46-9b34-e365827806f7' and VER_NBR=0
/
delete from KSEN_LUILUI_RELTN where ID='9ca7ff0a-fd35-44fc-9df0-2c273546bf83' and VER_NBR=0
/
delete from KSEN_LUILUI_RELTN where ID='8f73083b-e36d-4470-bfb4-942c45c0b107' and VER_NBR=0
/
delete from KSEN_LUI_ATTR where ID='c0a4cccd-9897-4e88-861c-a426d65d4d06'
/
delete from KSEN_LUI_ATTR where ID='b61f67d7-59f5-44bc-9119-5f1b7d40e477'
/
delete from KSEN_LUI_IDENT where ID='cad3ffab-c236-464d-b50a-49fc48367f62' and VER_NBR=0
/
delete from KSEN_LUI where ID='8025626f-395d-45a7-8463-c340a572d7c7' and VER_NBR=0
/
delete from KSEN_LUILUI_RELTN where ID='a9f603c9-c839-4bb4-a738-0b5c50f687c3' and VER_NBR=0
/
delete from KSEN_LUILUI_RELTN where ID='fbdae6e2-691a-4246-9089-59296145dcd0' and VER_NBR=0
/
delete from KSEN_LUI_ATTR where ID='cf817188-e7df-454e-9447-7179f8a7b8a7'
/
delete from KSEN_LUI_ATTR where ID='3d376f70-d7d5-49d4-b7cf-ddf9885989fd'
/
delete from KSEN_LUI_IDENT where ID='ef4c0a18-1591-4af9-a08d-5aa74fddcbbd' and VER_NBR=0
/
delete from KSEN_LUI where ID='5868b58e-7ec1-4d4a-a990-059999593583' and VER_NBR=0
/
delete from KSEN_LUILUI_RELTN where ID='a60db3ac-acba-4040-8f69-4bf221133278' and VER_NBR=0
/
delete from KSEN_LUILUI_RELTN where ID='bf2963a9-54d3-4a58-bf36-7d0d14bc2f46' and VER_NBR=0
/
delete from KSEN_LUI_ATTR where ID='3cbbbeeb-f3cf-4ea6-a66e-1d5e90bfac10'
/
delete from KSEN_LUI_ATTR where ID='66e8b9c1-0c1f-4420-afc2-6e9670dcf1e6'
/
delete from KSEN_LUI_IDENT where ID='4669705a-c7a0-48e3-91ee-e299c30d49f6' and VER_NBR=0
/
delete from KSEN_LUI where ID='00547f93-4259-4725-9bb6-a76b2d92f85b' and VER_NBR=0
/
delete from KSEN_LUILUI_RELTN where ID='f7b0a75d-b290-4d6e-a3f9-17ea166906df' and VER_NBR=0
/
delete from KSEN_LUILUI_RELTN where ID='cc754094-22e1-49ca-bb28-a2aaf5383e16' and VER_NBR=0
/
delete from KSEN_LUI_ATTR where ID='9943d8e6-38f7-46d3-a221-385480a13290'
/
delete from KSEN_LUI_ATTR where ID='70bcf614-2865-4d9a-8eca-41fd0ab7167d'
/
delete from KSEN_LUI_IDENT where ID='54894750-9e37-40c0-8117-b09acea9c4c9' and VER_NBR=0
/
delete from KSEN_LUI where ID='ef6f94a7-82a3-4d38-ae97-9d0182def2af' and VER_NBR=0
/
insert into KSEN_LUI_ATTR (OBJ_ID, ATTR_KEY, OWNER_ID, ATTR_VALUE, ID) values ('6871f0e1-3fc9-4255-8387-6130969c844b', 'regCodePrefix', '8a8cae8e-c0b5-4265-af92-9ef6fee90f77', '1', '7e57cf30-9db3-4696-8952-df92e814f6ac')
/
delete from KSEN_LUI_RELATED_LUI_TYPES where LUI_ID='8a8cae8e-c0b5-4265-af92-9ef6fee90f77'
/
insert into KSEN_LUI_RELATED_LUI_TYPES (LUI_ID, RELATED_LUI_TYPE) values ('8a8cae8e-c0b5-4265-af92-9ef6fee90f77', 'kuali.lui.type.activity.offering.lab')
/
insert into KSEN_LUI_RELATED_LUI_TYPES (LUI_ID, RELATED_LUI_TYPE) values ('8a8cae8e-c0b5-4265-af92-9ef6fee90f77', 'kuali.lui.type.activity.offering.lecture')
/
insert into KSEN_LUI (OBJ_ID, VER_NBR, CREATEID, CREATETIME, UPDATEID, UPDATETIME, ATP_ID, CLU_ID, EFF_DT, EXPIR_DT, DESCR_FORMATTED, LUI_STATE, LUI_TYPE, MAX_SEATS, MIN_SEATS, NAME, DESCR_PLAIN, REF_URL, ID) values ('80127198-3571-40a2-b0f1-a7e7bf70a059', 0, 'admin', TIMESTAMP '2013-10-28 10:25:26.717', 'admin', TIMESTAMP '2013-10-28 10:25:26.717', 'kuali.atp.2016Summer1', 'd925e275-370d-4d98-bbec-96fe2459a200', '', '', '1001', 'kuali.lui.registration.group.state.pending', 'kuali.lui.type.registration.group', '', '', '1001', '1001', '', '54975c3c-8c4c-4159-b63d-11582623ab3e')
/
insert into KSEN_LUI_ATTR (OBJ_ID, ATTR_KEY, OWNER_ID, ATTR_VALUE, ID) values ('b857526e-073e-437f-9f34-537eec06f0aa', 'kuali.attribute.registration.group.is.generated', '54975c3c-8c4c-4159-b63d-11582623ab3e', '1', 'ae08f816-aa02-4739-9673-45cc4464657b')
/
insert into KSEN_LUI_ATTR (OBJ_ID, ATTR_KEY, OWNER_ID, ATTR_VALUE, ID) values ('3aea0883-19c7-47f2-8302-9e5fe85e20e6', 'kuali.attribute.registration.group.aocluster.id', '54975c3c-8c4c-4159-b63d-11582623ab3e', '70f4a8b2-200e-4202-b870-4efca416e8ee', 'd100ce6a-6110-4323-b2a0-0120a6e5486f')
/
insert into KSEN_LUI_IDENT (OBJ_ID, VER_NBR, CREATEID, CREATETIME, UPDATEID, UPDATETIME, LUI_CD, DIVISION, IDENT_LEVEL, LNG_NAME, LUI_ID, ORGID, SHRT_NAME, LUI_ID_STATE, SUFX_CD, LUI_ID_TYPE, VARTN, ID) values ('aa3c64e9-c367-4fd0-8594-7f567c160a14', 0, 'admin', TIMESTAMP '2013-10-28 10:25:26.717', 'admin', TIMESTAMP '2013-10-28 10:25:26.717', '', '', '', '', '54975c3c-8c4c-4159-b63d-11582623ab3e', '', '', 'kuali.lui.identifier.state.active', '', 'kuali.lui.identifier.type.official', '', '7fb17d31-2929-473b-a2f0-f70d940feb27')
/
insert into KSEN_LUILUI_RELTN (OBJ_ID, VER_NBR, CREATEID, CREATETIME, UPDATEID, UPDATETIME, EFF_DT, EXPIR_DT, DESCR_FORMATTED, LUI_ID, LUILUI_RELTN_STATE, LUILUI_RELTN_TYPE, NAME, DESCR_PLAIN, RELATED_LUI_ID, ID) values ('cd3f4ff2-48bc-4984-97ff-474e0f079817', 0, 'admin', TIMESTAMP '2013-10-28 10:25:26.717', 'admin', TIMESTAMP '2013-10-28 10:25:26.717', TIMESTAMP '2013-10-28 10:25:30.928', '', 'CHEM242-FO-RG', '8a8cae8e-c0b5-4265-af92-9ef6fee90f77', 'kuali.lui.lui.relation.state.active', 'kuali.lui.lui.relation.type.deliveredvia.fo2rg', 'fo-rg-relation', 'CHEM242-FO-RG', '54975c3c-8c4c-4159-b63d-11582623ab3e', '02136db1-cbd4-4031-bf75-71d12268db9f')
/
insert into KSEN_LUILUI_RELTN (OBJ_ID, VER_NBR, CREATEID, CREATETIME, UPDATEID, UPDATETIME, EFF_DT, EXPIR_DT, DESCR_FORMATTED, LUI_ID, LUILUI_RELTN_STATE, LUILUI_RELTN_TYPE, NAME, DESCR_PLAIN, RELATED_LUI_ID, ID) values ('b4e8b602-db9a-449a-b6e8-a4e6188f56b7', 0, 'admin', TIMESTAMP '2013-10-28 10:25:26.717', 'admin', TIMESTAMP '2013-10-28 10:25:26.717', TIMESTAMP '2013-10-28 10:25:30.928', '', 'CHEM242-RG-AO', '54975c3c-8c4c-4159-b63d-11582623ab3e', 'kuali.lui.lui.relation.state.active', 'kuali.lui.lui.relation.type.registeredforvia.rg2ao', 'rg-ao-relation', 'CHEM242-RG-AO', 'bce241d6-d527-41ad-a3db-16c58239cc17', '136943f7-1082-4d93-9c1b-9f0bc1ba655b')
/
insert into KSEN_LUILUI_RELTN (OBJ_ID, VER_NBR, CREATEID, CREATETIME, UPDATEID, UPDATETIME, EFF_DT, EXPIR_DT, DESCR_FORMATTED, LUI_ID, LUILUI_RELTN_STATE, LUILUI_RELTN_TYPE, NAME, DESCR_PLAIN, RELATED_LUI_ID, ID) values ('fd862455-7043-4ad9-9e30-e5e82925a82e', 0, 'admin', TIMESTAMP '2013-10-28 10:25:26.717', 'admin', TIMESTAMP '2013-10-28 10:25:26.717', TIMESTAMP '2013-10-28 10:25:30.929', '', 'CHEM242-RG-AO', '54975c3c-8c4c-4159-b63d-11582623ab3e', 'kuali.lui.lui.relation.state.active', 'kuali.lui.lui.relation.type.registeredforvia.rg2ao', 'rg-ao-relation', 'CHEM242-RG-AO', '66a48bad-0bba-408b-a96a-6fc2d0a39723', 'c98a137b-3afc-4d22-aa51-546c4476cf19')
/
insert into KSEN_LUI (OBJ_ID, VER_NBR, CREATEID, CREATETIME, UPDATEID, UPDATETIME, ATP_ID, CLU_ID, EFF_DT, EXPIR_DT, DESCR_FORMATTED, LUI_STATE, LUI_TYPE, MAX_SEATS, MIN_SEATS, NAME, DESCR_PLAIN, REF_URL, ID) values ('5f90f9a7-0a3d-459e-8fae-ed70ca14e350', 0, 'admin', TIMESTAMP '2013-10-28 10:25:26.717', 'admin', TIMESTAMP '2013-10-28 10:25:26.717', 'kuali.atp.2016Summer1', 'd925e275-370d-4d98-bbec-96fe2459a200', '', '', '1002', 'kuali.lui.registration.group.state.pending', 'kuali.lui.type.registration.group', '', '', '1002', '1002', '', 'b58120dc-4080-4a19-b0d1-8366864d082c')
/
insert into KSEN_LUI_ATTR (OBJ_ID, ATTR_KEY, OWNER_ID, ATTR_VALUE, ID) values ('98612946-a40e-4200-a8b3-3ed7c0abb64e', 'kuali.attribute.registration.group.aocluster.id', 'b58120dc-4080-4a19-b0d1-8366864d082c', '70f4a8b2-200e-4202-b870-4efca416e8ee', '4bd8d74f-4ced-4fe5-b435-0db0c56b4c13')
/
insert into KSEN_LUI_ATTR (OBJ_ID, ATTR_KEY, OWNER_ID, ATTR_VALUE, ID) values ('ff72c4aa-2b05-499e-9cb5-69f83ac2ebba', 'kuali.attribute.registration.group.is.generated', 'b58120dc-4080-4a19-b0d1-8366864d082c', '1', '7a1d7d07-9fc5-4e2e-b722-ec1d7afade57')
/
insert into KSEN_LUI_IDENT (OBJ_ID, VER_NBR, CREATEID, CREATETIME, UPDATEID, UPDATETIME, LUI_CD, DIVISION, IDENT_LEVEL, LNG_NAME, LUI_ID, ORGID, SHRT_NAME, LUI_ID_STATE, SUFX_CD, LUI_ID_TYPE, VARTN, ID) values ('d386b390-ae9a-4c74-bdf9-9ed1988d6898', 0, 'admin', TIMESTAMP '2013-10-28 10:25:26.717', 'admin', TIMESTAMP '2013-10-28 10:25:26.717', '', '', '', '', 'b58120dc-4080-4a19-b0d1-8366864d082c', '', '', 'kuali.lui.identifier.state.active', '', 'kuali.lui.identifier.type.official', '', '295d5728-d8e3-4915-a247-9264d5867648')
/
insert into KSEN_LUILUI_RELTN (OBJ_ID, VER_NBR, CREATEID, CREATETIME, UPDATEID, UPDATETIME, EFF_DT, EXPIR_DT, DESCR_FORMATTED, LUI_ID, LUILUI_RELTN_STATE, LUILUI_RELTN_TYPE, NAME, DESCR_PLAIN, RELATED_LUI_ID, ID) values ('e81fda51-dcf2-4461-8e78-9fe2f2457868', 0, 'admin', TIMESTAMP '2013-10-28 10:25:26.717', 'admin', TIMESTAMP '2013-10-28 10:25:26.717', TIMESTAMP '2013-10-28 10:25:31.28', '', 'CHEM242-FO-RG', '8a8cae8e-c0b5-4265-af92-9ef6fee90f77', 'kuali.lui.lui.relation.state.active', 'kuali.lui.lui.relation.type.deliveredvia.fo2rg', 'fo-rg-relation', 'CHEM242-FO-RG', 'b58120dc-4080-4a19-b0d1-8366864d082c', '9e61c8c7-5e72-46a8-8185-1b623d7905aa')
/
insert into KSEN_LUILUI_RELTN (OBJ_ID, VER_NBR, CREATEID, CREATETIME, UPDATEID, UPDATETIME, EFF_DT, EXPIR_DT, DESCR_FORMATTED, LUI_ID, LUILUI_RELTN_STATE, LUILUI_RELTN_TYPE, NAME, DESCR_PLAIN, RELATED_LUI_ID, ID) values ('44ad9d7b-1c08-4b33-a39a-c96437da1b2f', 0, 'admin', TIMESTAMP '2013-10-28 10:25:26.717', 'admin', TIMESTAMP '2013-10-28 10:25:26.717', TIMESTAMP '2013-10-28 10:25:31.281', '', 'CHEM242-RG-AO', 'b58120dc-4080-4a19-b0d1-8366864d082c', 'kuali.lui.lui.relation.state.active', 'kuali.lui.lui.relation.type.registeredforvia.rg2ao', 'rg-ao-relation', 'CHEM242-RG-AO', 'b6655d3c-5bbf-464b-8d58-55a53aef9cd9', '7a360158-cffe-44cf-a480-6f4903489530')
/
insert into KSEN_LUILUI_RELTN (OBJ_ID, VER_NBR, CREATEID, CREATETIME, UPDATEID, UPDATETIME, EFF_DT, EXPIR_DT, DESCR_FORMATTED, LUI_ID, LUILUI_RELTN_STATE, LUILUI_RELTN_TYPE, NAME, DESCR_PLAIN, RELATED_LUI_ID, ID) values ('9729e319-5549-437a-ac38-17824c7c4d9a', 0, 'admin', TIMESTAMP '2013-10-28 10:25:26.717', 'admin', TIMESTAMP '2013-10-28 10:25:26.717', TIMESTAMP '2013-10-28 10:25:31.281', '', 'CHEM242-RG-AO', 'b58120dc-4080-4a19-b0d1-8366864d082c', 'kuali.lui.lui.relation.state.active', 'kuali.lui.lui.relation.type.registeredforvia.rg2ao', 'rg-ao-relation', 'CHEM242-RG-AO', '66a48bad-0bba-408b-a96a-6fc2d0a39723', 'f57fa606-636c-4d60-a844-164eb3f7cd69')
/
insert into KSEN_LUI (OBJ_ID, VER_NBR, CREATEID, CREATETIME, UPDATEID, UPDATETIME, ATP_ID, CLU_ID, EFF_DT, EXPIR_DT, DESCR_FORMATTED, LUI_STATE, LUI_TYPE, MAX_SEATS, MIN_SEATS, NAME, DESCR_PLAIN, REF_URL, ID) values ('b4d79999-9577-4a4a-bc4c-18feb6f9173e', 0, 'admin', TIMESTAMP '2013-10-28 10:25:26.717', 'admin', TIMESTAMP '2013-10-28 10:25:26.717', 'kuali.atp.2016Summer1', 'd925e275-370d-4d98-bbec-96fe2459a200', '', '', '1003', 'kuali.lui.registration.group.state.pending', 'kuali.lui.type.registration.group', '', '', '1003', '1003', '', '5827cb02-ad68-4167-bdd9-981e81e9e51e')
/
insert into KSEN_LUI_ATTR (OBJ_ID, ATTR_KEY, OWNER_ID, ATTR_VALUE, ID) values ('64ae2181-3e32-4bf7-a348-d7a0343249d7', 'kuali.attribute.registration.group.is.generated', '5827cb02-ad68-4167-bdd9-981e81e9e51e', '1', 'd4c3421c-38e6-4247-8978-f1d926ceaeea')
/
insert into KSEN_LUI_ATTR (OBJ_ID, ATTR_KEY, OWNER_ID, ATTR_VALUE, ID) values ('169f3301-5bae-49eb-8c0a-77f643aa72cf', 'kuali.attribute.registration.group.aocluster.id', '5827cb02-ad68-4167-bdd9-981e81e9e51e', '70f4a8b2-200e-4202-b870-4efca416e8ee', 'fe4fc87f-27d7-4666-8bc9-a7c8ea1a9802')
/
insert into KSEN_LUI_IDENT (OBJ_ID, VER_NBR, CREATEID, CREATETIME, UPDATEID, UPDATETIME, LUI_CD, DIVISION, IDENT_LEVEL, LNG_NAME, LUI_ID, ORGID, SHRT_NAME, LUI_ID_STATE, SUFX_CD, LUI_ID_TYPE, VARTN, ID) values ('9793d4a4-6234-4259-9b5b-19429add8488', 0, 'admin', TIMESTAMP '2013-10-28 10:25:26.717', 'admin', TIMESTAMP '2013-10-28 10:25:26.717', '', '', '', '', '5827cb02-ad68-4167-bdd9-981e81e9e51e', '', '', 'kuali.lui.identifier.state.active', '', 'kuali.lui.identifier.type.official', '', '99181fef-4c09-425e-b00e-8b772692a665')
/
insert into KSEN_LUILUI_RELTN (OBJ_ID, VER_NBR, CREATEID, CREATETIME, UPDATEID, UPDATETIME, EFF_DT, EXPIR_DT, DESCR_FORMATTED, LUI_ID, LUILUI_RELTN_STATE, LUILUI_RELTN_TYPE, NAME, DESCR_PLAIN, RELATED_LUI_ID, ID) values ('21842cf2-6263-435e-9e55-d1fcc3cfa980', 0, 'admin', TIMESTAMP '2013-10-28 10:25:26.717', 'admin', TIMESTAMP '2013-10-28 10:25:26.717', TIMESTAMP '2013-10-28 10:25:31.592', '', 'CHEM242-FO-RG', '8a8cae8e-c0b5-4265-af92-9ef6fee90f77', 'kuali.lui.lui.relation.state.active', 'kuali.lui.lui.relation.type.deliveredvia.fo2rg', 'fo-rg-relation', 'CHEM242-FO-RG', '5827cb02-ad68-4167-bdd9-981e81e9e51e', '1c00585d-27c8-453f-aa11-490d9e8e399b')
/
insert into KSEN_LUILUI_RELTN (OBJ_ID, VER_NBR, CREATEID, CREATETIME, UPDATEID, UPDATETIME, EFF_DT, EXPIR_DT, DESCR_FORMATTED, LUI_ID, LUILUI_RELTN_STATE, LUILUI_RELTN_TYPE, NAME, DESCR_PLAIN, RELATED_LUI_ID, ID) values ('727971f8-4d41-4803-916b-83d18da81bf2', 0, 'admin', TIMESTAMP '2013-10-28 10:25:26.717', 'admin', TIMESTAMP '2013-10-28 10:25:26.717', TIMESTAMP '2013-10-28 10:25:31.593', '', 'CHEM242-RG-AO', '5827cb02-ad68-4167-bdd9-981e81e9e51e', 'kuali.lui.lui.relation.state.active', 'kuali.lui.lui.relation.type.registeredforvia.rg2ao', 'rg-ao-relation', 'CHEM242-RG-AO', 'cf0c2925-2a1f-4d3f-937a-15f6caffc958', '3c4e2913-6e77-4468-8948-5c59474782f1')
/
insert into KSEN_LUILUI_RELTN (OBJ_ID, VER_NBR, CREATEID, CREATETIME, UPDATEID, UPDATETIME, EFF_DT, EXPIR_DT, DESCR_FORMATTED, LUI_ID, LUILUI_RELTN_STATE, LUILUI_RELTN_TYPE, NAME, DESCR_PLAIN, RELATED_LUI_ID, ID) values ('ac7bf116-14fd-40db-8610-d36c752fe431', 0, 'admin', TIMESTAMP '2013-10-28 10:25:26.717', 'admin', TIMESTAMP '2013-10-28 10:25:26.717', TIMESTAMP '2013-10-28 10:25:31.593', '', 'CHEM242-RG-AO', '5827cb02-ad68-4167-bdd9-981e81e9e51e', 'kuali.lui.lui.relation.state.active', 'kuali.lui.lui.relation.type.registeredforvia.rg2ao', 'rg-ao-relation', 'CHEM242-RG-AO', '66a48bad-0bba-408b-a96a-6fc2d0a39723', '45ac0c1a-00ee-4dd3-abc1-c8b698ea7f32')
/
insert into KSEN_LUI (OBJ_ID, VER_NBR, CREATEID, CREATETIME, UPDATEID, UPDATETIME, ATP_ID, CLU_ID, EFF_DT, EXPIR_DT, DESCR_FORMATTED, LUI_STATE, LUI_TYPE, MAX_SEATS, MIN_SEATS, NAME, DESCR_PLAIN, REF_URL, ID) values ('f568b53c-1497-4bb7-bb5f-2871b276b7d8', 0, 'admin', TIMESTAMP '2013-10-28 10:25:26.717', 'admin', TIMESTAMP '2013-10-28 10:25:26.717', 'kuali.atp.2016Summer1', 'd925e275-370d-4d98-bbec-96fe2459a200', '', '', '1004', 'kuali.lui.registration.group.state.pending', 'kuali.lui.type.registration.group', '', '', '1004', '1004', '', '29f0dff7-fd91-4ee1-86b6-a3d23c308bef')
/
insert into KSEN_LUI_ATTR (OBJ_ID, ATTR_KEY, OWNER_ID, ATTR_VALUE, ID) values ('66500bf9-3d5c-49ef-b930-42d5fd35b7bf', 'kuali.attribute.registration.group.is.generated', '29f0dff7-fd91-4ee1-86b6-a3d23c308bef', '1', 'a5a6c752-c41e-4e9c-9bb9-22f3e3165fd8')
/
insert into KSEN_LUI_ATTR (OBJ_ID, ATTR_KEY, OWNER_ID, ATTR_VALUE, ID) values ('3d418514-03f9-436d-a6ff-065ec445340b', 'kuali.attribute.registration.group.aocluster.id', '29f0dff7-fd91-4ee1-86b6-a3d23c308bef', '70f4a8b2-200e-4202-b870-4efca416e8ee', 'dfafeea6-fe4e-423e-8d77-9a2925ffaada')
/
insert into KSEN_LUI_IDENT (OBJ_ID, VER_NBR, CREATEID, CREATETIME, UPDATEID, UPDATETIME, LUI_CD, DIVISION, IDENT_LEVEL, LNG_NAME, LUI_ID, ORGID, SHRT_NAME, LUI_ID_STATE, SUFX_CD, LUI_ID_TYPE, VARTN, ID) values ('6879ce2f-f5ec-425e-b3f2-d8793af1fc89', 0, 'admin', TIMESTAMP '2013-10-28 10:25:26.717', 'admin', TIMESTAMP '2013-10-28 10:25:26.717', '', '', '', '', '29f0dff7-fd91-4ee1-86b6-a3d23c308bef', '', '', 'kuali.lui.identifier.state.active', '', 'kuali.lui.identifier.type.official', '', '82fd3ae6-dba5-4270-a966-e9944267d45a')
/
insert into KSEN_LUILUI_RELTN (OBJ_ID, VER_NBR, CREATEID, CREATETIME, UPDATEID, UPDATETIME, EFF_DT, EXPIR_DT, DESCR_FORMATTED, LUI_ID, LUILUI_RELTN_STATE, LUILUI_RELTN_TYPE, NAME, DESCR_PLAIN, RELATED_LUI_ID, ID) values ('cdcafdad-97dc-4781-a97a-242621514d01', 0, 'admin', TIMESTAMP '2013-10-28 10:25:26.717', 'admin', TIMESTAMP '2013-10-28 10:25:26.717', TIMESTAMP '2013-10-28 10:25:31.87', '', 'CHEM242-FO-RG', '8a8cae8e-c0b5-4265-af92-9ef6fee90f77', 'kuali.lui.lui.relation.state.active', 'kuali.lui.lui.relation.type.deliveredvia.fo2rg', 'fo-rg-relation', 'CHEM242-FO-RG', '29f0dff7-fd91-4ee1-86b6-a3d23c308bef', '758ec1e1-e65b-4f5a-b9f5-b7c523750cda')
/
insert into KSEN_LUILUI_RELTN (OBJ_ID, VER_NBR, CREATEID, CREATETIME, UPDATEID, UPDATETIME, EFF_DT, EXPIR_DT, DESCR_FORMATTED, LUI_ID, LUILUI_RELTN_STATE, LUILUI_RELTN_TYPE, NAME, DESCR_PLAIN, RELATED_LUI_ID, ID) values ('1b9eb410-95d8-4998-b80a-847210ea48fe', 0, 'admin', TIMESTAMP '2013-10-28 10:25:26.717', 'admin', TIMESTAMP '2013-10-28 10:25:26.717', TIMESTAMP '2013-10-28 10:25:31.871', '', 'CHEM242-RG-AO', '29f0dff7-fd91-4ee1-86b6-a3d23c308bef', 'kuali.lui.lui.relation.state.active', 'kuali.lui.lui.relation.type.registeredforvia.rg2ao', 'rg-ao-relation', 'CHEM242-RG-AO', '1052593e-1f63-444d-98dd-d3a82d55f385', '4db70f31-9952-4d7b-ba07-bb18cff9941b')
/
insert into KSEN_LUILUI_RELTN (OBJ_ID, VER_NBR, CREATEID, CREATETIME, UPDATEID, UPDATETIME, EFF_DT, EXPIR_DT, DESCR_FORMATTED, LUI_ID, LUILUI_RELTN_STATE, LUILUI_RELTN_TYPE, NAME, DESCR_PLAIN, RELATED_LUI_ID, ID) values ('78535b36-9d57-4c8d-9b3c-e2ddb9fa8adb', 0, 'admin', TIMESTAMP '2013-10-28 10:25:26.717', 'admin', TIMESTAMP '2013-10-28 10:25:26.717', TIMESTAMP '2013-10-28 10:25:31.871', '', 'CHEM242-RG-AO', '29f0dff7-fd91-4ee1-86b6-a3d23c308bef', 'kuali.lui.lui.relation.state.active', 'kuali.lui.lui.relation.type.registeredforvia.rg2ao', 'rg-ao-relation', 'CHEM242-RG-AO', '66a48bad-0bba-408b-a96a-6fc2d0a39723', '3583c6c6-7caa-4a8b-83b9-aa78281c6ce8')
/
insert into KSEN_LUI (OBJ_ID, VER_NBR, CREATEID, CREATETIME, UPDATEID, UPDATETIME, ATP_ID, CLU_ID, EFF_DT, EXPIR_DT, DESCR_FORMATTED, LUI_STATE, LUI_TYPE, MAX_SEATS, MIN_SEATS, NAME, DESCR_PLAIN, REF_URL, ID) values ('faa5c324-f86f-4c72-ae4e-9eff3d531876', 0, 'admin', TIMESTAMP '2013-10-28 10:25:26.717', 'admin', TIMESTAMP '2013-10-28 10:25:26.717', 'kuali.atp.2016Summer1', 'd925e275-370d-4d98-bbec-96fe2459a200', '', '', '1005', 'kuali.lui.registration.group.state.pending', 'kuali.lui.type.registration.group', '', '', '1005', '1005', '', '35fe13f6-d19b-4d33-b814-a28ce94a87bc')
/
insert into KSEN_LUI_ATTR (OBJ_ID, ATTR_KEY, OWNER_ID, ATTR_VALUE, ID) values ('3557bec8-036b-4ecf-b195-4e85f922efbe', 'kuali.attribute.registration.group.is.generated', '35fe13f6-d19b-4d33-b814-a28ce94a87bc', '1', 'd0da0981-f267-484b-b240-a4a74e3a5923')
/
insert into KSEN_LUI_ATTR (OBJ_ID, ATTR_KEY, OWNER_ID, ATTR_VALUE, ID) values ('0b5dcf46-e162-4c13-95f9-c6cdbbe9a283', 'kuali.attribute.registration.group.aocluster.id', '35fe13f6-d19b-4d33-b814-a28ce94a87bc', '70f4a8b2-200e-4202-b870-4efca416e8ee', '966eb002-1386-431d-b343-048f6429dc8f')
/
insert into KSEN_LUI_IDENT (OBJ_ID, VER_NBR, CREATEID, CREATETIME, UPDATEID, UPDATETIME, LUI_CD, DIVISION, IDENT_LEVEL, LNG_NAME, LUI_ID, ORGID, SHRT_NAME, LUI_ID_STATE, SUFX_CD, LUI_ID_TYPE, VARTN, ID) values ('6bb72d88-62ed-4ab2-81eb-48d2ec869120', 0, 'admin', TIMESTAMP '2013-10-28 10:25:26.717', 'admin', TIMESTAMP '2013-10-28 10:25:26.717', '', '', '', '', '35fe13f6-d19b-4d33-b814-a28ce94a87bc', '', '', 'kuali.lui.identifier.state.active', '', 'kuali.lui.identifier.type.official', '', '9962eca7-3b4e-4c6e-893e-b1d71ab8e545')
/
insert into KSEN_LUILUI_RELTN (OBJ_ID, VER_NBR, CREATEID, CREATETIME, UPDATEID, UPDATETIME, EFF_DT, EXPIR_DT, DESCR_FORMATTED, LUI_ID, LUILUI_RELTN_STATE, LUILUI_RELTN_TYPE, NAME, DESCR_PLAIN, RELATED_LUI_ID, ID) values ('3876e199-e22c-4b66-9767-57e5080494ea', 0, 'admin', TIMESTAMP '2013-10-28 10:25:26.717', 'admin', TIMESTAMP '2013-10-28 10:25:26.717', TIMESTAMP '2013-10-28 10:25:32.161', '', 'CHEM242-FO-RG', '8a8cae8e-c0b5-4265-af92-9ef6fee90f77', 'kuali.lui.lui.relation.state.active', 'kuali.lui.lui.relation.type.deliveredvia.fo2rg', 'fo-rg-relation', 'CHEM242-FO-RG', '35fe13f6-d19b-4d33-b814-a28ce94a87bc', 'a124ed1c-37e2-4f48-a9bb-296bea743182')
/
insert into KSEN_LUILUI_RELTN (OBJ_ID, VER_NBR, CREATEID, CREATETIME, UPDATEID, UPDATETIME, EFF_DT, EXPIR_DT, DESCR_FORMATTED, LUI_ID, LUILUI_RELTN_STATE, LUILUI_RELTN_TYPE, NAME, DESCR_PLAIN, RELATED_LUI_ID, ID) values ('18541571-ee91-49df-8560-2ae3f85749ca', 0, 'admin', TIMESTAMP '2013-10-28 10:25:26.717', 'admin', TIMESTAMP '2013-10-28 10:25:26.717', TIMESTAMP '2013-10-28 10:25:32.161', '', 'CHEM242-RG-AO', '35fe13f6-d19b-4d33-b814-a28ce94a87bc', 'kuali.lui.lui.relation.state.active', 'kuali.lui.lui.relation.type.registeredforvia.rg2ao', 'rg-ao-relation', 'CHEM242-RG-AO', 'd432a876-2a8d-4b64-95c0-ac67224c91ff', 'c12babef-77ef-4c93-af79-614f91218096')
/
insert into KSEN_LUILUI_RELTN (OBJ_ID, VER_NBR, CREATEID, CREATETIME, UPDATEID, UPDATETIME, EFF_DT, EXPIR_DT, DESCR_FORMATTED, LUI_ID, LUILUI_RELTN_STATE, LUILUI_RELTN_TYPE, NAME, DESCR_PLAIN, RELATED_LUI_ID, ID) values ('0b94c058-0d89-4a20-9c5f-f72ca1e8abb0', 0, 'admin', TIMESTAMP '2013-10-28 10:25:26.717', 'admin', TIMESTAMP '2013-10-28 10:25:26.717', TIMESTAMP '2013-10-28 10:25:32.161', '', 'CHEM242-RG-AO', '35fe13f6-d19b-4d33-b814-a28ce94a87bc', 'kuali.lui.lui.relation.state.active', 'kuali.lui.lui.relation.type.registeredforvia.rg2ao', 'rg-ao-relation', 'CHEM242-RG-AO', '66a48bad-0bba-408b-a96a-6fc2d0a39723', '54c0557d-ee11-4d42-831b-ecbb927e70b6')
/
insert into KSEN_LUI (OBJ_ID, VER_NBR, CREATEID, CREATETIME, UPDATEID, UPDATETIME, ATP_ID, CLU_ID, EFF_DT, EXPIR_DT, DESCR_FORMATTED, LUI_STATE, LUI_TYPE, MAX_SEATS, MIN_SEATS, NAME, DESCR_PLAIN, REF_URL, ID) values ('5e9938a7-2e0c-4eca-b257-17089a79bd53', 0, 'admin', TIMESTAMP '2013-10-28 10:25:26.717', 'admin', TIMESTAMP '2013-10-28 10:25:26.717', 'kuali.atp.2016Summer1', 'd925e275-370d-4d98-bbec-96fe2459a200', '', '', '1006', 'kuali.lui.registration.group.state.pending', 'kuali.lui.type.registration.group', '', '', '1006', '1006', '', 'd7e736fb-1ac6-4729-8b79-c1faf988922c')
/
insert into KSEN_LUI_ATTR (OBJ_ID, ATTR_KEY, OWNER_ID, ATTR_VALUE, ID) values ('7cecb75d-e969-4d88-bcdc-9c9ed78220b6', 'kuali.attribute.registration.group.aocluster.id', 'd7e736fb-1ac6-4729-8b79-c1faf988922c', '70f4a8b2-200e-4202-b870-4efca416e8ee', 'eeafe503-db69-490b-8c8b-b82d693b82ea')
/
insert into KSEN_LUI_ATTR (OBJ_ID, ATTR_KEY, OWNER_ID, ATTR_VALUE, ID) values ('84fab682-033d-453b-87c8-3285fad738d3', 'kuali.attribute.registration.group.is.generated', 'd7e736fb-1ac6-4729-8b79-c1faf988922c', '1', '4dae09c0-0d97-49eb-a211-ecc14aba37a6')
/
insert into KSEN_LUI_IDENT (OBJ_ID, VER_NBR, CREATEID, CREATETIME, UPDATEID, UPDATETIME, LUI_CD, DIVISION, IDENT_LEVEL, LNG_NAME, LUI_ID, ORGID, SHRT_NAME, LUI_ID_STATE, SUFX_CD, LUI_ID_TYPE, VARTN, ID) values ('0a3b41db-a5fb-423c-9210-a4a6979aea3d', 0, 'admin', TIMESTAMP '2013-10-28 10:25:26.717', 'admin', TIMESTAMP '2013-10-28 10:25:26.717', '', '', '', '', 'd7e736fb-1ac6-4729-8b79-c1faf988922c', '', '', 'kuali.lui.identifier.state.active', '', 'kuali.lui.identifier.type.official', '', '4fb80c2f-88b9-43a4-9cd0-d1cd62ec4b41')
/
insert into KSEN_LUILUI_RELTN (OBJ_ID, VER_NBR, CREATEID, CREATETIME, UPDATEID, UPDATETIME, EFF_DT, EXPIR_DT, DESCR_FORMATTED, LUI_ID, LUILUI_RELTN_STATE, LUILUI_RELTN_TYPE, NAME, DESCR_PLAIN, RELATED_LUI_ID, ID) values ('22f290c3-729b-40a9-81c8-f23de2415fa8', 0, 'admin', TIMESTAMP '2013-10-28 10:25:26.717', 'admin', TIMESTAMP '2013-10-28 10:25:26.717', TIMESTAMP '2013-10-28 10:25:32.436', '', 'CHEM242-FO-RG', '8a8cae8e-c0b5-4265-af92-9ef6fee90f77', 'kuali.lui.lui.relation.state.active', 'kuali.lui.lui.relation.type.deliveredvia.fo2rg', 'fo-rg-relation', 'CHEM242-FO-RG', 'd7e736fb-1ac6-4729-8b79-c1faf988922c', '59774542-c432-423c-b7f9-5711cef113c7')
/
insert into KSEN_LUILUI_RELTN (OBJ_ID, VER_NBR, CREATEID, CREATETIME, UPDATEID, UPDATETIME, EFF_DT, EXPIR_DT, DESCR_FORMATTED, LUI_ID, LUILUI_RELTN_STATE, LUILUI_RELTN_TYPE, NAME, DESCR_PLAIN, RELATED_LUI_ID, ID) values ('2fe833f6-de8a-4c30-85b9-3491ec831117', 0, 'admin', TIMESTAMP '2013-10-28 10:25:26.717', 'admin', TIMESTAMP '2013-10-28 10:25:26.717', TIMESTAMP '2013-10-28 10:25:32.437', '', 'CHEM242-RG-AO', 'd7e736fb-1ac6-4729-8b79-c1faf988922c', 'kuali.lui.lui.relation.state.active', 'kuali.lui.lui.relation.type.registeredforvia.rg2ao', 'rg-ao-relation', 'CHEM242-RG-AO', 'f0a33372-ab0c-43d6-87e1-3d83e7977756', 'b5e54857-fb17-4062-b6b6-ece36e520daf')
/
insert into KSEN_LUILUI_RELTN (OBJ_ID, VER_NBR, CREATEID, CREATETIME, UPDATEID, UPDATETIME, EFF_DT, EXPIR_DT, DESCR_FORMATTED, LUI_ID, LUILUI_RELTN_STATE, LUILUI_RELTN_TYPE, NAME, DESCR_PLAIN, RELATED_LUI_ID, ID) values ('003693c0-210c-4b6d-9882-004ae3f9c300', 0, 'admin', TIMESTAMP '2013-10-28 10:25:26.717', 'admin', TIMESTAMP '2013-10-28 10:25:26.717', TIMESTAMP '2013-10-28 10:25:32.437', '', 'CHEM242-RG-AO', 'd7e736fb-1ac6-4729-8b79-c1faf988922c', 'kuali.lui.lui.relation.state.active', 'kuali.lui.lui.relation.type.registeredforvia.rg2ao', 'rg-ao-relation', 'CHEM242-RG-AO', '66a48bad-0bba-408b-a96a-6fc2d0a39723', '75e15454-3c1c-4cbc-aa1b-6e13b7a27dca')
/
insert into KSEN_LUI (OBJ_ID, VER_NBR, CREATEID, CREATETIME, UPDATEID, UPDATETIME, ATP_ID, CLU_ID, EFF_DT, EXPIR_DT, DESCR_FORMATTED, LUI_STATE, LUI_TYPE, MAX_SEATS, MIN_SEATS, NAME, DESCR_PLAIN, REF_URL, ID) values ('67ac6fd5-86f9-447c-b048-2fc376cb1e9c', 0, 'admin', TIMESTAMP '2013-10-28 10:25:26.717', 'admin', TIMESTAMP '2013-10-28 10:25:26.717', 'kuali.atp.2016Summer1', 'd925e275-370d-4d98-bbec-96fe2459a200', '', '', '1007', 'kuali.lui.registration.group.state.pending', 'kuali.lui.type.registration.group', '', '', '1007', '1007', '', '5af9c731-141b-4d17-aa74-7e0dc7a5ed27')
/
insert into KSEN_LUI_ATTR (OBJ_ID, ATTR_KEY, OWNER_ID, ATTR_VALUE, ID) values ('a5038c04-2b41-41ac-b29b-648a6e8f81c1', 'kuali.attribute.registration.group.is.generated', '5af9c731-141b-4d17-aa74-7e0dc7a5ed27', '1', '817957c2-0526-4e40-a365-0e97884acccb')
/
insert into KSEN_LUI_ATTR (OBJ_ID, ATTR_KEY, OWNER_ID, ATTR_VALUE, ID) values ('26d9f1b3-dab4-4c73-8e36-f090111f1deb', 'kuali.attribute.registration.group.aocluster.id', '5af9c731-141b-4d17-aa74-7e0dc7a5ed27', '70f4a8b2-200e-4202-b870-4efca416e8ee', 'c939a6a7-5944-431d-b43d-a9c6ad2fbc91')
/
insert into KSEN_LUI_IDENT (OBJ_ID, VER_NBR, CREATEID, CREATETIME, UPDATEID, UPDATETIME, LUI_CD, DIVISION, IDENT_LEVEL, LNG_NAME, LUI_ID, ORGID, SHRT_NAME, LUI_ID_STATE, SUFX_CD, LUI_ID_TYPE, VARTN, ID) values ('c1c64b03-ac39-498d-ad6a-edb55deb3b29', 0, 'admin', TIMESTAMP '2013-10-28 10:25:26.717', 'admin', TIMESTAMP '2013-10-28 10:25:26.717', '', '', '', '', '5af9c731-141b-4d17-aa74-7e0dc7a5ed27', '', '', 'kuali.lui.identifier.state.active', '', 'kuali.lui.identifier.type.official', '', 'e9cbe60d-5569-4a60-9309-c32fbdebb950')
/
insert into KSEN_LUILUI_RELTN (OBJ_ID, VER_NBR, CREATEID, CREATETIME, UPDATEID, UPDATETIME, EFF_DT, EXPIR_DT, DESCR_FORMATTED, LUI_ID, LUILUI_RELTN_STATE, LUILUI_RELTN_TYPE, NAME, DESCR_PLAIN, RELATED_LUI_ID, ID) values ('02e17d40-f868-47be-9c16-5be17e882bcc', 0, 'admin', TIMESTAMP '2013-10-28 10:25:26.717', 'admin', TIMESTAMP '2013-10-28 10:25:26.717', TIMESTAMP '2013-10-28 10:25:32.736', '', 'CHEM242-FO-RG', '8a8cae8e-c0b5-4265-af92-9ef6fee90f77', 'kuali.lui.lui.relation.state.active', 'kuali.lui.lui.relation.type.deliveredvia.fo2rg', 'fo-rg-relation', 'CHEM242-FO-RG', '5af9c731-141b-4d17-aa74-7e0dc7a5ed27', '4ca41e38-7966-4294-a6e3-f968f9229fb1')
/
insert into KSEN_LUILUI_RELTN (OBJ_ID, VER_NBR, CREATEID, CREATETIME, UPDATEID, UPDATETIME, EFF_DT, EXPIR_DT, DESCR_FORMATTED, LUI_ID, LUILUI_RELTN_STATE, LUILUI_RELTN_TYPE, NAME, DESCR_PLAIN, RELATED_LUI_ID, ID) values ('7a685394-d1cc-4727-9014-7b9ea0a6c80e', 0, 'admin', TIMESTAMP '2013-10-28 10:25:26.717', 'admin', TIMESTAMP '2013-10-28 10:25:26.717', TIMESTAMP '2013-10-28 10:25:32.737', '', 'CHEM242-RG-AO', '5af9c731-141b-4d17-aa74-7e0dc7a5ed27', 'kuali.lui.lui.relation.state.active', 'kuali.lui.lui.relation.type.registeredforvia.rg2ao', 'rg-ao-relation', 'CHEM242-RG-AO', '8b5554a0-fe6d-4023-a8f3-334aacc46fc0', 'bde4afce-0f5d-4b18-ac13-716f6ad2cc08')
/
insert into KSEN_LUILUI_RELTN (OBJ_ID, VER_NBR, CREATEID, CREATETIME, UPDATEID, UPDATETIME, EFF_DT, EXPIR_DT, DESCR_FORMATTED, LUI_ID, LUILUI_RELTN_STATE, LUILUI_RELTN_TYPE, NAME, DESCR_PLAIN, RELATED_LUI_ID, ID) values ('718fca4d-5942-4352-9f3c-bd87580d4746', 0, 'admin', TIMESTAMP '2013-10-28 10:25:26.717', 'admin', TIMESTAMP '2013-10-28 10:25:26.717', TIMESTAMP '2013-10-28 10:25:32.737', '', 'CHEM242-RG-AO', '5af9c731-141b-4d17-aa74-7e0dc7a5ed27', 'kuali.lui.lui.relation.state.active', 'kuali.lui.lui.relation.type.registeredforvia.rg2ao', 'rg-ao-relation', 'CHEM242-RG-AO', '66a48bad-0bba-408b-a96a-6fc2d0a39723', 'a78a2d24-98a6-49f1-9128-c0d7a8f62741')
/
insert into KSEN_LUI (OBJ_ID, VER_NBR, CREATEID, CREATETIME, UPDATEID, UPDATETIME, ATP_ID, CLU_ID, EFF_DT, EXPIR_DT, DESCR_FORMATTED, LUI_STATE, LUI_TYPE, MAX_SEATS, MIN_SEATS, NAME, DESCR_PLAIN, REF_URL, ID) values ('f43197a5-c1b0-4bc8-b77a-1cb7d3ab96db', 0, 'admin', TIMESTAMP '2013-10-28 10:25:26.717', 'admin', TIMESTAMP '2013-10-28 10:25:26.717', 'kuali.atp.2016Summer1', 'd925e275-370d-4d98-bbec-96fe2459a200', '', '', '1008', 'kuali.lui.registration.group.state.pending', 'kuali.lui.type.registration.group', '', '', '1008', '1008', '', 'caf20e37-c156-4817-a152-ae9557fb0b31')
/
insert into KSEN_LUI_ATTR (OBJ_ID, ATTR_KEY, OWNER_ID, ATTR_VALUE, ID) values ('61019444-985f-4313-9b2c-5ee3090c9e00', 'kuali.attribute.registration.group.aocluster.id', 'caf20e37-c156-4817-a152-ae9557fb0b31', '70f4a8b2-200e-4202-b870-4efca416e8ee', '3b858b74-4c48-4eeb-921b-3e927263a2cf')
/
insert into KSEN_LUI_ATTR (OBJ_ID, ATTR_KEY, OWNER_ID, ATTR_VALUE, ID) values ('cef74e66-815f-44f9-bfe5-8db814507b09', 'kuali.attribute.registration.group.is.generated', 'caf20e37-c156-4817-a152-ae9557fb0b31', '1', '05c5d04b-9255-4d29-947a-212aec3f7642')
/
insert into KSEN_LUI_IDENT (OBJ_ID, VER_NBR, CREATEID, CREATETIME, UPDATEID, UPDATETIME, LUI_CD, DIVISION, IDENT_LEVEL, LNG_NAME, LUI_ID, ORGID, SHRT_NAME, LUI_ID_STATE, SUFX_CD, LUI_ID_TYPE, VARTN, ID) values ('01bab242-e7fe-4af9-9490-d1e73d556dd0', 0, 'admin', TIMESTAMP '2013-10-28 10:25:26.717', 'admin', TIMESTAMP '2013-10-28 10:25:26.717', '', '', '', '', 'caf20e37-c156-4817-a152-ae9557fb0b31', '', '', 'kuali.lui.identifier.state.active', '', 'kuali.lui.identifier.type.official', '', 'f7dfed22-60aa-4e73-9666-74fb875609b7')
/
insert into KSEN_LUILUI_RELTN (OBJ_ID, VER_NBR, CREATEID, CREATETIME, UPDATEID, UPDATETIME, EFF_DT, EXPIR_DT, DESCR_FORMATTED, LUI_ID, LUILUI_RELTN_STATE, LUILUI_RELTN_TYPE, NAME, DESCR_PLAIN, RELATED_LUI_ID, ID) values ('43c181cb-d7c0-4cf8-8a70-c5773e49e997', 0, 'admin', TIMESTAMP '2013-10-28 10:25:26.717', 'admin', TIMESTAMP '2013-10-28 10:25:26.717', TIMESTAMP '2013-10-28 10:25:33.063', '', 'CHEM242-FO-RG', '8a8cae8e-c0b5-4265-af92-9ef6fee90f77', 'kuali.lui.lui.relation.state.active', 'kuali.lui.lui.relation.type.deliveredvia.fo2rg', 'fo-rg-relation', 'CHEM242-FO-RG', 'caf20e37-c156-4817-a152-ae9557fb0b31', 'c890034a-a868-42ef-8091-a307a43f7485')
/
insert into KSEN_LUILUI_RELTN (OBJ_ID, VER_NBR, CREATEID, CREATETIME, UPDATEID, UPDATETIME, EFF_DT, EXPIR_DT, DESCR_FORMATTED, LUI_ID, LUILUI_RELTN_STATE, LUILUI_RELTN_TYPE, NAME, DESCR_PLAIN, RELATED_LUI_ID, ID) values ('c04cb6f7-23d5-49c5-b733-af089c8d9a77', 0, 'admin', TIMESTAMP '2013-10-28 10:25:26.717', 'admin', TIMESTAMP '2013-10-28 10:25:26.717', TIMESTAMP '2013-10-28 10:25:33.063', '', 'CHEM242-RG-AO', 'caf20e37-c156-4817-a152-ae9557fb0b31', 'kuali.lui.lui.relation.state.active', 'kuali.lui.lui.relation.type.registeredforvia.rg2ao', 'rg-ao-relation', 'CHEM242-RG-AO', 'b195969d-da96-4709-aa1a-89ef21a4efe3', 'f5137a2b-cc54-4e85-a12b-5ca09325e938')
/
insert into KSEN_LUILUI_RELTN (OBJ_ID, VER_NBR, CREATEID, CREATETIME, UPDATEID, UPDATETIME, EFF_DT, EXPIR_DT, DESCR_FORMATTED, LUI_ID, LUILUI_RELTN_STATE, LUILUI_RELTN_TYPE, NAME, DESCR_PLAIN, RELATED_LUI_ID, ID) values ('81475ae6-82f0-4cab-a56b-a9ef8867f25a', 0, 'admin', TIMESTAMP '2013-10-28 10:25:26.717', 'admin', TIMESTAMP '2013-10-28 10:25:26.717', TIMESTAMP '2013-10-28 10:25:33.064', '', 'CHEM242-RG-AO', 'caf20e37-c156-4817-a152-ae9557fb0b31', 'kuali.lui.lui.relation.state.active', 'kuali.lui.lui.relation.type.registeredforvia.rg2ao', 'rg-ao-relation', 'CHEM242-RG-AO', '66a48bad-0bba-408b-a96a-6fc2d0a39723', '12653924-39f4-49a6-935d-5ac93896a365')
/
insert into KSEN_LUI (OBJ_ID, VER_NBR, CREATEID, CREATETIME, UPDATEID, UPDATETIME, ATP_ID, CLU_ID, EFF_DT, EXPIR_DT, DESCR_FORMATTED, LUI_STATE, LUI_TYPE, MAX_SEATS, MIN_SEATS, NAME, DESCR_PLAIN, REF_URL, ID) values ('b0608b9f-655a-4b5a-a2c5-2425cdc1a863', 0, 'admin', TIMESTAMP '2013-10-28 10:25:26.717', 'admin', TIMESTAMP '2013-10-28 10:25:26.717', 'kuali.atp.2016Summer1', 'd925e275-370d-4d98-bbec-96fe2459a200', '', '', '1009', 'kuali.lui.registration.group.state.pending', 'kuali.lui.type.registration.group', '', '', '1009', '1009', '', '78817146-f903-4905-a966-9aa75924f38e')
/
insert into KSEN_LUI_ATTR (OBJ_ID, ATTR_KEY, OWNER_ID, ATTR_VALUE, ID) values ('7598cdae-ee5d-4c5f-a18c-8ce3505e0b12', 'kuali.attribute.registration.group.aocluster.id', '78817146-f903-4905-a966-9aa75924f38e', '70f4a8b2-200e-4202-b870-4efca416e8ee', '0c71f3b9-06eb-43f8-9ba4-ec844272acbf')
/
insert into KSEN_LUI_ATTR (OBJ_ID, ATTR_KEY, OWNER_ID, ATTR_VALUE, ID) values ('69b0b5fd-2b4f-4f94-829e-a7a48f3cab35', 'kuali.attribute.registration.group.is.generated', '78817146-f903-4905-a966-9aa75924f38e', '1', '85accc50-046e-425b-9f92-afd5299ae8fe')
/
insert into KSEN_LUI_IDENT (OBJ_ID, VER_NBR, CREATEID, CREATETIME, UPDATEID, UPDATETIME, LUI_CD, DIVISION, IDENT_LEVEL, LNG_NAME, LUI_ID, ORGID, SHRT_NAME, LUI_ID_STATE, SUFX_CD, LUI_ID_TYPE, VARTN, ID) values ('66247689-6a47-434d-ba74-0d9b723441b1', 0, 'admin', TIMESTAMP '2013-10-28 10:25:26.717', 'admin', TIMESTAMP '2013-10-28 10:25:26.717', '', '', '', '', '78817146-f903-4905-a966-9aa75924f38e', '', '', 'kuali.lui.identifier.state.active', '', 'kuali.lui.identifier.type.official', '', 'c774c25a-d0e9-4977-97eb-0c927a431e26')
/
insert into KSEN_LUILUI_RELTN (OBJ_ID, VER_NBR, CREATEID, CREATETIME, UPDATEID, UPDATETIME, EFF_DT, EXPIR_DT, DESCR_FORMATTED, LUI_ID, LUILUI_RELTN_STATE, LUILUI_RELTN_TYPE, NAME, DESCR_PLAIN, RELATED_LUI_ID, ID) values ('131f703a-deb6-4429-b0e3-951692217dc7', 0, 'admin', TIMESTAMP '2013-10-28 10:25:26.717', 'admin', TIMESTAMP '2013-10-28 10:25:26.717', TIMESTAMP '2013-10-28 10:25:33.382', '', 'CHEM242-FO-RG', '8a8cae8e-c0b5-4265-af92-9ef6fee90f77', 'kuali.lui.lui.relation.state.active', 'kuali.lui.lui.relation.type.deliveredvia.fo2rg', 'fo-rg-relation', 'CHEM242-FO-RG', '78817146-f903-4905-a966-9aa75924f38e', 'f5239dce-5639-4d37-9a5f-924c78bbd944')
/
insert into KSEN_LUILUI_RELTN (OBJ_ID, VER_NBR, CREATEID, CREATETIME, UPDATEID, UPDATETIME, EFF_DT, EXPIR_DT, DESCR_FORMATTED, LUI_ID, LUILUI_RELTN_STATE, LUILUI_RELTN_TYPE, NAME, DESCR_PLAIN, RELATED_LUI_ID, ID) values ('01ca6af3-a4f0-4ee7-99be-86d94578a492', 0, 'admin', TIMESTAMP '2013-10-28 10:25:26.717', 'admin', TIMESTAMP '2013-10-28 10:25:26.717', TIMESTAMP '2013-10-28 10:25:33.383', '', 'CHEM242-RG-AO', '78817146-f903-4905-a966-9aa75924f38e', 'kuali.lui.lui.relation.state.active', 'kuali.lui.lui.relation.type.registeredforvia.rg2ao', 'rg-ao-relation', 'CHEM242-RG-AO', 'adabc15e-3f95-4bbe-a3e9-95f7348a53f6', 'e9ef97ef-66b8-418b-8bf3-43be16c56851')
/
insert into KSEN_LUILUI_RELTN (OBJ_ID, VER_NBR, CREATEID, CREATETIME, UPDATEID, UPDATETIME, EFF_DT, EXPIR_DT, DESCR_FORMATTED, LUI_ID, LUILUI_RELTN_STATE, LUILUI_RELTN_TYPE, NAME, DESCR_PLAIN, RELATED_LUI_ID, ID) values ('065206fd-cbcd-4686-a547-86ce9519dd89', 0, 'admin', TIMESTAMP '2013-10-28 10:25:26.717', 'admin', TIMESTAMP '2013-10-28 10:25:26.717', TIMESTAMP '2013-10-28 10:25:33.383', '', 'CHEM242-RG-AO', '78817146-f903-4905-a966-9aa75924f38e', 'kuali.lui.lui.relation.state.active', 'kuali.lui.lui.relation.type.registeredforvia.rg2ao', 'rg-ao-relation', 'CHEM242-RG-AO', '66a48bad-0bba-408b-a96a-6fc2d0a39723', '08fc2fdf-21a0-4f6a-bde9-3729e0cf5cd7')
/
insert into KSEN_LUI (OBJ_ID, VER_NBR, CREATEID, CREATETIME, UPDATEID, UPDATETIME, ATP_ID, CLU_ID, EFF_DT, EXPIR_DT, DESCR_FORMATTED, LUI_STATE, LUI_TYPE, MAX_SEATS, MIN_SEATS, NAME, DESCR_PLAIN, REF_URL, ID) values ('013be74d-0b8d-40dc-a72c-2ed52cc97726', 0, 'admin', TIMESTAMP '2013-10-28 10:25:26.717', 'admin', TIMESTAMP '2013-10-28 10:25:26.717', 'kuali.atp.2016Summer1', 'd925e275-370d-4d98-bbec-96fe2459a200', '', '', '1010', 'kuali.lui.registration.group.state.pending', 'kuali.lui.type.registration.group', '', '', '1010', '1010', '', 'c6ce7aeb-a6f8-4d04-8084-8593c5ee80b8')
/
insert into KSEN_LUI_ATTR (OBJ_ID, ATTR_KEY, OWNER_ID, ATTR_VALUE, ID) values ('b9bbcbcf-9377-46ff-b0f8-26f82f7c03c9', 'kuali.attribute.registration.group.aocluster.id', 'c6ce7aeb-a6f8-4d04-8084-8593c5ee80b8', '70f4a8b2-200e-4202-b870-4efca416e8ee', 'ba63df52-f8a5-49d3-943d-0c774143867f')
/
insert into KSEN_LUI_ATTR (OBJ_ID, ATTR_KEY, OWNER_ID, ATTR_VALUE, ID) values ('5b1b15ed-922f-4564-806b-3347fcfd8b36', 'kuali.attribute.registration.group.is.generated', 'c6ce7aeb-a6f8-4d04-8084-8593c5ee80b8', '1', '1fa35916-effb-45fb-b79c-44d93caea469')
/
insert into KSEN_LUI_IDENT (OBJ_ID, VER_NBR, CREATEID, CREATETIME, UPDATEID, UPDATETIME, LUI_CD, DIVISION, IDENT_LEVEL, LNG_NAME, LUI_ID, ORGID, SHRT_NAME, LUI_ID_STATE, SUFX_CD, LUI_ID_TYPE, VARTN, ID) values ('54b5f3f0-2838-4057-8e97-b31463a01373', 0, 'admin', TIMESTAMP '2013-10-28 10:25:26.717', 'admin', TIMESTAMP '2013-10-28 10:25:26.717', '', '', '', '', 'c6ce7aeb-a6f8-4d04-8084-8593c5ee80b8', '', '', 'kuali.lui.identifier.state.active', '', 'kuali.lui.identifier.type.official', '', '0a46b1cd-996e-4640-b44b-125ff3b35676')
/
insert into KSEN_LUILUI_RELTN (OBJ_ID, VER_NBR, CREATEID, CREATETIME, UPDATEID, UPDATETIME, EFF_DT, EXPIR_DT, DESCR_FORMATTED, LUI_ID, LUILUI_RELTN_STATE, LUILUI_RELTN_TYPE, NAME, DESCR_PLAIN, RELATED_LUI_ID, ID) values ('771386fd-9747-4d59-a1c8-f0644c5e0de9', 0, 'admin', TIMESTAMP '2013-10-28 10:25:26.717', 'admin', TIMESTAMP '2013-10-28 10:25:26.717', TIMESTAMP '2013-10-28 10:25:33.723', '', 'CHEM242-FO-RG', '8a8cae8e-c0b5-4265-af92-9ef6fee90f77', 'kuali.lui.lui.relation.state.active', 'kuali.lui.lui.relation.type.deliveredvia.fo2rg', 'fo-rg-relation', 'CHEM242-FO-RG', 'c6ce7aeb-a6f8-4d04-8084-8593c5ee80b8', '7dffcdf3-5cb5-4361-9056-ed768afc44ff')
/
insert into KSEN_LUILUI_RELTN (OBJ_ID, VER_NBR, CREATEID, CREATETIME, UPDATEID, UPDATETIME, EFF_DT, EXPIR_DT, DESCR_FORMATTED, LUI_ID, LUILUI_RELTN_STATE, LUILUI_RELTN_TYPE, NAME, DESCR_PLAIN, RELATED_LUI_ID, ID) values ('642fbfcd-8000-4f89-9c65-8c7e4e32976b', 0, 'admin', TIMESTAMP '2013-10-28 10:25:26.717', 'admin', TIMESTAMP '2013-10-28 10:25:26.717', TIMESTAMP '2013-10-28 10:25:33.723', '', 'CHEM242-RG-AO', 'c6ce7aeb-a6f8-4d04-8084-8593c5ee80b8', 'kuali.lui.lui.relation.state.active', 'kuali.lui.lui.relation.type.registeredforvia.rg2ao', 'rg-ao-relation', 'CHEM242-RG-AO', '43f755ab-bc3c-494c-9cb0-9bde93047cbb', '609450a0-e10a-4184-aeba-8e7002c99ae3')
/
insert into KSEN_LUILUI_RELTN (OBJ_ID, VER_NBR, CREATEID, CREATETIME, UPDATEID, UPDATETIME, EFF_DT, EXPIR_DT, DESCR_FORMATTED, LUI_ID, LUILUI_RELTN_STATE, LUILUI_RELTN_TYPE, NAME, DESCR_PLAIN, RELATED_LUI_ID, ID) values ('b714809c-63a3-4eea-b380-e5046e18f59b', 0, 'admin', TIMESTAMP '2013-10-28 10:25:26.717', 'admin', TIMESTAMP '2013-10-28 10:25:26.717', TIMESTAMP '2013-10-28 10:25:33.724', '', 'CHEM242-RG-AO', 'c6ce7aeb-a6f8-4d04-8084-8593c5ee80b8', 'kuali.lui.lui.relation.state.active', 'kuali.lui.lui.relation.type.registeredforvia.rg2ao', 'rg-ao-relation', 'CHEM242-RG-AO', '66a48bad-0bba-408b-a96a-6fc2d0a39723', '122b3125-f6f1-428b-b5b3-62c1cc34dea5')
/
insert into KSEN_CWL (OBJ_ID, VER_NBR, CREATEID, CREATETIME, UPDATEID, UPDATETIME, ALLOW_HOLD_UTIL_ENTRIES_IND, AUTO_PROCESSED_IND, CHECK_IN_REQ_IND, CONF_REQ_IND, EFF_DT, EXPIR_DT, MAX_SIZE, REG_IN_FIRST_AAO_IND, STD_DUR_TIME_QTY, STD_DUR_TYPE, CWL_STATE, CWL_TYPE, ID) values ('a578e483-f877-4ed7-a2f9-8840751c4651', 0, 'admin', TIMESTAMP '2013-10-28 10:25:26.717', 'admin', TIMESTAMP '2013-10-28 10:25:26.717', '0', '1', '0', '1', '', '', '', '', '', '', 'kuali.course.waitlist.state.active', 'kuali.course.waitlist.type.course.waitlist', 'a2b91165-b530-40b3-95b5-021a14fdd9be')
/
insert into KSEN_CWL_ACTIV_OFFER (CWL_ID, ACTIV_OFFER_ID) values ('a2b91165-b530-40b3-95b5-021a14fdd9be', '66a48bad-0bba-408b-a96a-6fc2d0a39723')
/
insert into KSEN_CWL_FORMAT_OFFER (CWL_ID, FORMAT_OFFER_ID) values ('a2b91165-b530-40b3-95b5-021a14fdd9be', '8a8cae8e-c0b5-4265-af92-9ef6fee90f77')
/


-- Term = kuali.atp.2017Summer1 / 201705, coCode = CHEM242
insert into KSEN_LUI (OBJ_ID, VER_NBR, CREATEID, CREATETIME, UPDATEID, UPDATETIME, ATP_ID, CLU_ID, EFF_DT, EXPIR_DT, DESCR_FORMATTED, LUI_STATE, LUI_TYPE, MAX_SEATS, MIN_SEATS, NAME, DESCR_PLAIN, REF_URL, ID) values ('ccb1e304-547e-4cfe-b8c0-d03deddd853f', 0, 'admin', TIMESTAMP '2013-10-28 10:27:25.868', 'admin', TIMESTAMP '2013-10-28 10:27:25.868', 'kuali.atp.2017Summer1', '06b65acf-167f-4864-8870-4aeb3e333277', '', '', '', 'kuali.lui.activity.offering.state.draft', 'kuali.lui.type.activity.offering.lecture', 182, '', 'CHEM242 AO', '', '', '7de8e31a-6cb9-48cc-84f5-94e479285ed8')
/
insert into KSEN_LUI_ATTR (OBJ_ID, ATTR_KEY, OWNER_ID, ATTR_VALUE, ID) values ('49b5311f-4734-457e-89e6-bbf6dc7dcc0c', 'kuali.attribute.nonstd.ts.indicator', '7de8e31a-6cb9-48cc-84f5-94e479285ed8', '0', '4fcf9278-9c43-48aa-af98-e2e8889a78a8')
/
insert into KSEN_LUI_ATTR (OBJ_ID, ATTR_KEY, OWNER_ID, ATTR_VALUE, ID) values ('ea4c5741-fbe7-4263-ade2-6aadeca2fe9e', 'kuali.attribute.max.enrollment.is.estimate', '7de8e31a-6cb9-48cc-84f5-94e479285ed8', 'null', 'a5e576d8-aa54-4110-af30-15be4c7cd37c')
/
insert into KSEN_LUI_ATTR (OBJ_ID, ATTR_KEY, OWNER_ID, ATTR_VALUE, ID) values ('d7c9a536-35ee-4002-9485-a23f86d17aaf', 'kuali.attribute.course.evaluation.indicator', '7de8e31a-6cb9-48cc-84f5-94e479285ed8', 'null', '5df3fa9b-60ba-4567-bbb2-ebb8f64e489e')
/
insert into KSEN_LUI_IDENT (OBJ_ID, VER_NBR, CREATEID, CREATETIME, UPDATEID, UPDATETIME, LUI_CD, DIVISION, IDENT_LEVEL, LNG_NAME, LUI_ID, ORGID, SHRT_NAME, LUI_ID_STATE, SUFX_CD, LUI_ID_TYPE, VARTN, ID) values ('ceafe194-7f5d-4e52-ab46-8a5608193a33', 0, 'admin', TIMESTAMP '2013-10-28 10:27:25.868', 'admin', TIMESTAMP '2013-10-28 10:27:25.868', 'K', '', '', '', '7de8e31a-6cb9-48cc-84f5-94e479285ed8', '', '', 'kuali.lui.identifier.state.active', '', 'kuali.lui.identifier.type.official', '', '8d891772-a512-477c-810c-a6d7b82a913f')
/
insert into KSEN_LUI_LU_CD (OBJ_ID, VER_NBR, CREATEID, CREATETIME, UPDATEID, UPDATETIME, DESCR_FORMATTED, LUI_ID, DESCR_PLAIN, LUI_LUCD_TYPE, VALUE, ID) values ('de0f0408-e2fa-44b1-b193-1d5a4ebaf19f', 0, 'admin', TIMESTAMP '2013-10-28 10:27:25.868', 'admin', TIMESTAMP '2013-10-28 10:27:25.868', '', '7de8e31a-6cb9-48cc-84f5-94e479285ed8', '', 'kuali.lu.code.honorsOffering', 'null', '702e23f1-5542-433e-ad0d-935b9c45153c')
/
insert into KSEN_LUILUI_RELTN (OBJ_ID, VER_NBR, CREATEID, CREATETIME, UPDATEID, UPDATETIME, EFF_DT, EXPIR_DT, DESCR_FORMATTED, LUI_ID, LUILUI_RELTN_STATE, LUILUI_RELTN_TYPE, NAME, DESCR_PLAIN, RELATED_LUI_ID, ID) values ('ccd15f92-06f4-42c1-a136-af4d69064797', 0, 'admin', TIMESTAMP '2013-10-28 10:27:25.868', 'admin', TIMESTAMP '2013-10-28 10:27:25.868', TIMESTAMP '2013-10-28 10:27:25.986', '', 'CHEM242-FO-AO', '7c1c7dbe-d224-49db-bc21-c32ac5a5ccd3', 'kuali.lui.lui.relation.state.active', 'kuali.lui.lui.relation.type.deliveredvia.fo2ao', 'fo-ao-relation', 'CHEM242-FO-AO', '7de8e31a-6cb9-48cc-84f5-94e479285ed8', '891be8dd-9f50-48f1-bf4a-1310f08fb1eb')
/
insert into KSEN_CO_AO_CLUSTER_SET (OBJ_ID, ACTIVITY_OFFERING_TYPE, AO_CLUSTER_ID, ID) values ('10958e38-29e2-4362-a1c3-583aae7d8646', 'kuali.lui.type.activity.offering.lecture', '5f952c7f-016c-4494-8ab1-29f178f48598', '91ddd624-3a96-4692-8699-d45690f067cb')
/
insert into KSEN_CO_AO_CLUSTER_SET_AO (AOC_SET_ID, ACTIVITY_OFFERING_ID) values ('91ddd624-3a96-4692-8699-d45690f067cb', '7de8e31a-6cb9-48cc-84f5-94e479285ed8')
/
delete from KSEN_LUILUI_RELTN where ID='88589d01-158b-4bca-ba6f-c49eaff94a41' and VER_NBR=0
/
delete from KSEN_LUILUI_RELTN where ID='cddc2e0c-1288-490a-9ac0-d6e1fbd7328a' and VER_NBR=0
/
delete from KSEN_LUI_ATTR where ID='cc09834a-e512-43e5-8982-826b937a1026'
/
delete from KSEN_LUI_ATTR where ID='c7be8138-5007-4832-acf3-25dc768b748c'
/
delete from KSEN_LUI_IDENT where ID='26891b7e-2020-47e0-8a45-fc25936dd6b5' and VER_NBR=0
/
delete from KSEN_LUI where ID='373be47c-6793-49ee-8e84-59f30425ee77' and VER_NBR=0
/
delete from KSEN_LUILUI_RELTN where ID='520552f7-88d5-41ec-afa4-4f24870c715a' and VER_NBR=0
/
delete from KSEN_LUILUI_RELTN where ID='2faa4c5f-2c96-4746-a005-947bbf724bba' and VER_NBR=0
/
delete from KSEN_LUI_ATTR where ID='7bb6bc6b-5c4e-45f0-a73e-232004d7ffe5'
/
delete from KSEN_LUI_ATTR where ID='02c82a15-ab88-4ed1-a82d-16b43630430d'
/
delete from KSEN_LUI_IDENT where ID='28702af0-e2b5-4b06-8de9-dab07d0504e1' and VER_NBR=0
/
delete from KSEN_LUI where ID='b0225d91-6838-4959-bbbb-f41cbb23e394' and VER_NBR=0
/
delete from KSEN_LUILUI_RELTN where ID='889ac974-e1cc-42a1-8dcf-63141d4de4a7' and VER_NBR=0
/
delete from KSEN_LUILUI_RELTN where ID='90744eb9-174f-4f48-bdd0-b71a71fbd744' and VER_NBR=0
/
delete from KSEN_LUI_ATTR where ID='0be26818-8afb-4cab-84f1-f14a01c8fd48'
/
delete from KSEN_LUI_ATTR where ID='c350fb2b-24d9-493c-a086-264eff1b5770'
/
delete from KSEN_LUI_IDENT where ID='2d38dd95-b6f1-4eb6-be97-8801374a0c14' and VER_NBR=0
/
delete from KSEN_LUI where ID='14dab90c-c0f3-434e-b330-c2d3656ba45a' and VER_NBR=0
/
delete from KSEN_LUILUI_RELTN where ID='3fbc5440-282f-4d95-91e3-e137ac021a01' and VER_NBR=0
/
delete from KSEN_LUILUI_RELTN where ID='44e90827-4a1f-4bb6-96df-ce76ac775fd0' and VER_NBR=0
/
delete from KSEN_LUI_ATTR where ID='3b24963b-f0a4-475d-b03d-949b408fba28'
/
delete from KSEN_LUI_ATTR where ID='2cfb2cd9-2069-49e5-9f8d-a32edc0af31a'
/
delete from KSEN_LUI_IDENT where ID='11d7d48f-07dc-4115-b260-794483a92501' and VER_NBR=0
/
delete from KSEN_LUI where ID='6ba315ce-784b-434d-a570-dac5b12cf5f8' and VER_NBR=0
/
delete from KSEN_LUILUI_RELTN where ID='7adf751b-e54e-4e03-ae8b-b1d6770eb8ed' and VER_NBR=0
/
delete from KSEN_LUILUI_RELTN where ID='bb8a681a-d47e-48ce-9b86-af69122a0631' and VER_NBR=0
/
delete from KSEN_LUI_ATTR where ID='f3cff890-caf3-4d8b-adeb-431c9ba9bb2d'
/
delete from KSEN_LUI_ATTR where ID='b5e516bc-7854-42bd-85b1-cc5269c2bce4'
/
delete from KSEN_LUI_IDENT where ID='b476eb9a-3302-4c08-a9d2-ed48edf47bb2' and VER_NBR=0
/
delete from KSEN_LUI where ID='20e50ee6-fa05-42cd-be61-80f38ba08ca1' and VER_NBR=0
/
delete from KSEN_LUILUI_RELTN where ID='eaf21db2-5420-4d7a-9ebf-3aa2408676e3' and VER_NBR=0
/
delete from KSEN_LUILUI_RELTN where ID='d38997d2-c63d-48a7-95e5-2f888bb7e20c' and VER_NBR=0
/
delete from KSEN_LUI_ATTR where ID='9ab244a6-32b0-42b2-89c5-8e68433748b2'
/
delete from KSEN_LUI_ATTR where ID='22b320ef-895d-46e1-930a-70e9725df71f'
/
delete from KSEN_LUI_IDENT where ID='ac4d06a7-9129-47a0-9e0a-52384b109dd9' and VER_NBR=0
/
delete from KSEN_LUI where ID='06cc6fe8-e3a8-4602-ab83-7c5cf53150c9' and VER_NBR=0
/
delete from KSEN_LUILUI_RELTN where ID='d622bf9f-5d9f-4b89-ad16-3c3f1afbeed1' and VER_NBR=0
/
delete from KSEN_LUILUI_RELTN where ID='e8e6d1ec-6b02-41b3-85b3-9aa53038678e' and VER_NBR=0
/
delete from KSEN_LUI_ATTR where ID='e5cc4c39-6a65-4562-89fb-999904f476f9'
/
delete from KSEN_LUI_ATTR where ID='59def885-8b65-44a1-b473-221645b20245'
/
delete from KSEN_LUI_IDENT where ID='f1e77d92-647d-4b16-9a84-f1e8d34ef69a' and VER_NBR=0
/
delete from KSEN_LUI where ID='34cf218e-3961-4aae-942f-c978e5c57ae1' and VER_NBR=0
/
delete from KSEN_LUILUI_RELTN where ID='9f7e67ef-b1b1-4d2f-aeff-d3cd649a5930' and VER_NBR=0
/
delete from KSEN_LUILUI_RELTN where ID='ae623f8f-446d-48e1-bd9f-baedbc603c75' and VER_NBR=0
/
delete from KSEN_LUI_ATTR where ID='71f4757a-a94e-43f7-a114-8cc06a27d8d3'
/
delete from KSEN_LUI_ATTR where ID='3c29d12e-5b2a-4373-b3e1-ed7e0ce1df8c'
/
delete from KSEN_LUI_IDENT where ID='741aee3b-796c-4d86-b715-8b9f6b025268' and VER_NBR=0
/
delete from KSEN_LUI where ID='ff61421b-8c9b-4897-989b-a1f027e33c18' and VER_NBR=0
/
delete from KSEN_LUILUI_RELTN where ID='91cc486d-cd6a-4c62-82a3-d9bf384cef3c' and VER_NBR=0
/
delete from KSEN_LUILUI_RELTN where ID='e35ec8c0-bc8f-40c9-afe5-4201710a4232' and VER_NBR=0
/
delete from KSEN_LUI_ATTR where ID='f6482950-8a5c-4565-8e53-699b5f08a57c'
/
delete from KSEN_LUI_ATTR where ID='74b0e390-fd58-42f0-8f1c-fd28565128a6'
/
delete from KSEN_LUI_IDENT where ID='c19c9362-0b69-4348-b11e-cdbb35e6ad35' and VER_NBR=0
/
delete from KSEN_LUI where ID='ed3c1c83-b95d-4980-9dc0-fb4100f8d21e' and VER_NBR=0
/
delete from KSEN_LUILUI_RELTN where ID='9b64eb61-a9a8-4afe-8fee-1260cabf48dd' and VER_NBR=0
/
delete from KSEN_LUILUI_RELTN where ID='8235809e-2196-49db-903c-23233ab8e40e' and VER_NBR=0
/
delete from KSEN_LUI_ATTR where ID='a1a800b4-6862-4f03-8bbe-b12b8651608a'
/
delete from KSEN_LUI_ATTR where ID='56faa93b-ae43-42a2-88aa-eca2d4f476ae'
/
delete from KSEN_LUI_IDENT where ID='08082098-c0ae-4937-938e-ee966dae1a7b' and VER_NBR=0
/
delete from KSEN_LUI where ID='a814324f-b21e-4e28-8ed0-6f7f50ce2a07' and VER_NBR=0
/
insert into KSEN_LUI_ATTR (OBJ_ID, ATTR_KEY, OWNER_ID, ATTR_VALUE, ID) values ('e0ecd52a-e9b6-4661-9c5d-34af1581e7cd', 'regCodePrefix', '7c1c7dbe-d224-49db-bc21-c32ac5a5ccd3', '1', '1b2785fa-a829-449c-8c0f-6ff8f392a337')
/
delete from KSEN_LUI_RELATED_LUI_TYPES where LUI_ID='7c1c7dbe-d224-49db-bc21-c32ac5a5ccd3'
/
insert into KSEN_LUI_RELATED_LUI_TYPES (LUI_ID, RELATED_LUI_TYPE) values ('7c1c7dbe-d224-49db-bc21-c32ac5a5ccd3', 'kuali.lui.type.activity.offering.lab')
/
insert into KSEN_LUI_RELATED_LUI_TYPES (LUI_ID, RELATED_LUI_TYPE) values ('7c1c7dbe-d224-49db-bc21-c32ac5a5ccd3', 'kuali.lui.type.activity.offering.lecture')
/
insert into KSEN_LUI (OBJ_ID, VER_NBR, CREATEID, CREATETIME, UPDATEID, UPDATETIME, ATP_ID, CLU_ID, EFF_DT, EXPIR_DT, DESCR_FORMATTED, LUI_STATE, LUI_TYPE, MAX_SEATS, MIN_SEATS, NAME, DESCR_PLAIN, REF_URL, ID) values ('a38ad6cc-6bb3-49ef-abde-0bea7c617eac', 0, 'admin', TIMESTAMP '2013-10-28 10:27:25.868', 'admin', TIMESTAMP '2013-10-28 10:27:25.868', 'kuali.atp.2017Summer1', 'd925e275-370d-4d98-bbec-96fe2459a200', '', '', '1001', 'kuali.lui.registration.group.state.pending', 'kuali.lui.type.registration.group', '', '', '1001', '1001', '', '0b657d99-88df-42ce-a392-2a6a89e5be90')
/
insert into KSEN_LUI_ATTR (OBJ_ID, ATTR_KEY, OWNER_ID, ATTR_VALUE, ID) values ('257d9877-cc94-44a9-a4bb-9e6698b5a24e', 'kuali.attribute.registration.group.is.generated', '0b657d99-88df-42ce-a392-2a6a89e5be90', '1', '24573cc5-b0e3-4c7e-b865-f9cb6b1e6c5c')
/
insert into KSEN_LUI_ATTR (OBJ_ID, ATTR_KEY, OWNER_ID, ATTR_VALUE, ID) values ('d36b15dc-3f6c-499d-a7f7-5ba7438ed9ca', 'kuali.attribute.registration.group.aocluster.id', '0b657d99-88df-42ce-a392-2a6a89e5be90', '5f952c7f-016c-4494-8ab1-29f178f48598', '3ce5ebee-5e0b-4e06-8e8e-e7cb583bde03')
/
insert into KSEN_LUI_IDENT (OBJ_ID, VER_NBR, CREATEID, CREATETIME, UPDATEID, UPDATETIME, LUI_CD, DIVISION, IDENT_LEVEL, LNG_NAME, LUI_ID, ORGID, SHRT_NAME, LUI_ID_STATE, SUFX_CD, LUI_ID_TYPE, VARTN, ID) values ('b5d95634-ecaa-453b-a5f9-2d1733077e8c', 0, 'admin', TIMESTAMP '2013-10-28 10:27:25.868', 'admin', TIMESTAMP '2013-10-28 10:27:25.868', '', '', '', '', '0b657d99-88df-42ce-a392-2a6a89e5be90', '', '', 'kuali.lui.identifier.state.active', '', 'kuali.lui.identifier.type.official', '', '84d412e6-8307-4fe4-95e3-acac37adc0ed')
/
insert into KSEN_LUILUI_RELTN (OBJ_ID, VER_NBR, CREATEID, CREATETIME, UPDATEID, UPDATETIME, EFF_DT, EXPIR_DT, DESCR_FORMATTED, LUI_ID, LUILUI_RELTN_STATE, LUILUI_RELTN_TYPE, NAME, DESCR_PLAIN, RELATED_LUI_ID, ID) values ('8fdc7b18-033d-4e4d-8c80-9291fb5d5267', 0, 'admin', TIMESTAMP '2013-10-28 10:27:25.868', 'admin', TIMESTAMP '2013-10-28 10:27:25.868', TIMESTAMP '2013-10-28 10:27:27.915', '', 'CHEM242-FO-RG', '7c1c7dbe-d224-49db-bc21-c32ac5a5ccd3', 'kuali.lui.lui.relation.state.active', 'kuali.lui.lui.relation.type.deliveredvia.fo2rg', 'fo-rg-relation', 'CHEM242-FO-RG', '0b657d99-88df-42ce-a392-2a6a89e5be90', 'b8559227-60f6-4889-862a-903988f71ce1')
/
insert into KSEN_LUILUI_RELTN (OBJ_ID, VER_NBR, CREATEID, CREATETIME, UPDATEID, UPDATETIME, EFF_DT, EXPIR_DT, DESCR_FORMATTED, LUI_ID, LUILUI_RELTN_STATE, LUILUI_RELTN_TYPE, NAME, DESCR_PLAIN, RELATED_LUI_ID, ID) values ('db09579d-517c-4c78-9a7c-9c524dda740b', 0, 'admin', TIMESTAMP '2013-10-28 10:27:25.868', 'admin', TIMESTAMP '2013-10-28 10:27:25.868', TIMESTAMP '2013-10-28 10:27:27.915', '', 'CHEM242-RG-AO', '0b657d99-88df-42ce-a392-2a6a89e5be90', 'kuali.lui.lui.relation.state.active', 'kuali.lui.lui.relation.type.registeredforvia.rg2ao', 'rg-ao-relation', 'CHEM242-RG-AO', '49fcaff2-d3d5-4470-bfcd-001c6087d8c6', 'c45fa971-6486-4383-b37e-95fcbfae75ab')
/
insert into KSEN_LUILUI_RELTN (OBJ_ID, VER_NBR, CREATEID, CREATETIME, UPDATEID, UPDATETIME, EFF_DT, EXPIR_DT, DESCR_FORMATTED, LUI_ID, LUILUI_RELTN_STATE, LUILUI_RELTN_TYPE, NAME, DESCR_PLAIN, RELATED_LUI_ID, ID) values ('3e2874ef-b5e5-49c5-858b-f847dd846c68', 0, 'admin', TIMESTAMP '2013-10-28 10:27:25.868', 'admin', TIMESTAMP '2013-10-28 10:27:25.868', TIMESTAMP '2013-10-28 10:27:27.916', '', 'CHEM242-RG-AO', '0b657d99-88df-42ce-a392-2a6a89e5be90', 'kuali.lui.lui.relation.state.active', 'kuali.lui.lui.relation.type.registeredforvia.rg2ao', 'rg-ao-relation', 'CHEM242-RG-AO', '7de8e31a-6cb9-48cc-84f5-94e479285ed8', 'bd439544-80c3-4d34-bf4a-b0caca345e40')
/
insert into KSEN_LUI (OBJ_ID, VER_NBR, CREATEID, CREATETIME, UPDATEID, UPDATETIME, ATP_ID, CLU_ID, EFF_DT, EXPIR_DT, DESCR_FORMATTED, LUI_STATE, LUI_TYPE, MAX_SEATS, MIN_SEATS, NAME, DESCR_PLAIN, REF_URL, ID) values ('47dca351-21d2-4e03-ae2f-39d66fc0f672', 0, 'admin', TIMESTAMP '2013-10-28 10:27:25.868', 'admin', TIMESTAMP '2013-10-28 10:27:25.868', 'kuali.atp.2017Summer1', 'd925e275-370d-4d98-bbec-96fe2459a200', '', '', '1002', 'kuali.lui.registration.group.state.pending', 'kuali.lui.type.registration.group', '', '', '1002', '1002', '', '3b5e2f0d-23ff-4171-a42a-9f06e48c7258')
/
insert into KSEN_LUI_ATTR (OBJ_ID, ATTR_KEY, OWNER_ID, ATTR_VALUE, ID) values ('cf0e92bf-b4f9-4726-9e14-a9ca74b3883b', 'kuali.attribute.registration.group.aocluster.id', '3b5e2f0d-23ff-4171-a42a-9f06e48c7258', '5f952c7f-016c-4494-8ab1-29f178f48598', 'cf63dff8-178d-4fb2-bdaa-cb01c534b942')
/
insert into KSEN_LUI_ATTR (OBJ_ID, ATTR_KEY, OWNER_ID, ATTR_VALUE, ID) values ('42ac9ada-7105-432b-87bd-aafeaa5d8e97', 'kuali.attribute.registration.group.is.generated', '3b5e2f0d-23ff-4171-a42a-9f06e48c7258', '1', '5336f2c9-43f0-4480-b560-10e98ce00682')
/
insert into KSEN_LUI_IDENT (OBJ_ID, VER_NBR, CREATEID, CREATETIME, UPDATEID, UPDATETIME, LUI_CD, DIVISION, IDENT_LEVEL, LNG_NAME, LUI_ID, ORGID, SHRT_NAME, LUI_ID_STATE, SUFX_CD, LUI_ID_TYPE, VARTN, ID) values ('07abcc3e-d7f4-4d21-aea7-0e07d5873bb2', 0, 'admin', TIMESTAMP '2013-10-28 10:27:25.868', 'admin', TIMESTAMP '2013-10-28 10:27:25.868', '', '', '', '', '3b5e2f0d-23ff-4171-a42a-9f06e48c7258', '', '', 'kuali.lui.identifier.state.active', '', 'kuali.lui.identifier.type.official', '', 'ffc3b039-ea49-4696-a4a4-2fa744fd7f2b')
/
insert into KSEN_LUILUI_RELTN (OBJ_ID, VER_NBR, CREATEID, CREATETIME, UPDATEID, UPDATETIME, EFF_DT, EXPIR_DT, DESCR_FORMATTED, LUI_ID, LUILUI_RELTN_STATE, LUILUI_RELTN_TYPE, NAME, DESCR_PLAIN, RELATED_LUI_ID, ID) values ('199bf9e7-5318-4f74-bdd5-0093e4734faf', 0, 'admin', TIMESTAMP '2013-10-28 10:27:25.868', 'admin', TIMESTAMP '2013-10-28 10:27:25.868', TIMESTAMP '2013-10-28 10:27:28.273', '', 'CHEM242-FO-RG', '7c1c7dbe-d224-49db-bc21-c32ac5a5ccd3', 'kuali.lui.lui.relation.state.active', 'kuali.lui.lui.relation.type.deliveredvia.fo2rg', 'fo-rg-relation', 'CHEM242-FO-RG', '3b5e2f0d-23ff-4171-a42a-9f06e48c7258', '8d0a8508-3f2c-4ed0-80db-f597aea12759')
/
insert into KSEN_LUILUI_RELTN (OBJ_ID, VER_NBR, CREATEID, CREATETIME, UPDATEID, UPDATETIME, EFF_DT, EXPIR_DT, DESCR_FORMATTED, LUI_ID, LUILUI_RELTN_STATE, LUILUI_RELTN_TYPE, NAME, DESCR_PLAIN, RELATED_LUI_ID, ID) values ('12a7090d-8f88-40e7-b011-0ffdc7e8017d', 0, 'admin', TIMESTAMP '2013-10-28 10:27:25.868', 'admin', TIMESTAMP '2013-10-28 10:27:25.868', TIMESTAMP '2013-10-28 10:27:28.273', '', 'CHEM242-RG-AO', '3b5e2f0d-23ff-4171-a42a-9f06e48c7258', 'kuali.lui.lui.relation.state.active', 'kuali.lui.lui.relation.type.registeredforvia.rg2ao', 'rg-ao-relation', 'CHEM242-RG-AO', 'f353b4c9-3b23-45be-9ce9-2b831d55d669', '928b583d-1e7c-461b-ba01-da259ff42a33')
/
insert into KSEN_LUILUI_RELTN (OBJ_ID, VER_NBR, CREATEID, CREATETIME, UPDATEID, UPDATETIME, EFF_DT, EXPIR_DT, DESCR_FORMATTED, LUI_ID, LUILUI_RELTN_STATE, LUILUI_RELTN_TYPE, NAME, DESCR_PLAIN, RELATED_LUI_ID, ID) values ('53064cc3-43c8-497e-8644-417388f91ff7', 0, 'admin', TIMESTAMP '2013-10-28 10:27:25.868', 'admin', TIMESTAMP '2013-10-28 10:27:25.868', TIMESTAMP '2013-10-28 10:27:28.273', '', 'CHEM242-RG-AO', '3b5e2f0d-23ff-4171-a42a-9f06e48c7258', 'kuali.lui.lui.relation.state.active', 'kuali.lui.lui.relation.type.registeredforvia.rg2ao', 'rg-ao-relation', 'CHEM242-RG-AO', '7de8e31a-6cb9-48cc-84f5-94e479285ed8', '30647dbe-84d1-41e8-bbc6-405a2d18116b')
/
insert into KSEN_LUI (OBJ_ID, VER_NBR, CREATEID, CREATETIME, UPDATEID, UPDATETIME, ATP_ID, CLU_ID, EFF_DT, EXPIR_DT, DESCR_FORMATTED, LUI_STATE, LUI_TYPE, MAX_SEATS, MIN_SEATS, NAME, DESCR_PLAIN, REF_URL, ID) values ('e7e4c82e-776d-45eb-8cda-c5405d64cdc2', 0, 'admin', TIMESTAMP '2013-10-28 10:27:25.868', 'admin', TIMESTAMP '2013-10-28 10:27:25.868', 'kuali.atp.2017Summer1', 'd925e275-370d-4d98-bbec-96fe2459a200', '', '', '1003', 'kuali.lui.registration.group.state.pending', 'kuali.lui.type.registration.group', '', '', '1003', '1003', '', '7f7b1df7-3c22-4c0e-9de7-20df28c529e3')
/
insert into KSEN_LUI_ATTR (OBJ_ID, ATTR_KEY, OWNER_ID, ATTR_VALUE, ID) values ('b1dabbb9-c73f-49e5-b3a1-3fcd53610dbb', 'kuali.attribute.registration.group.is.generated', '7f7b1df7-3c22-4c0e-9de7-20df28c529e3', '1', '4b43c37a-fae2-4773-abf1-2982088f513f')
/
insert into KSEN_LUI_ATTR (OBJ_ID, ATTR_KEY, OWNER_ID, ATTR_VALUE, ID) values ('4af6115f-5687-4f6b-b2f4-897e5160a220', 'kuali.attribute.registration.group.aocluster.id', '7f7b1df7-3c22-4c0e-9de7-20df28c529e3', '5f952c7f-016c-4494-8ab1-29f178f48598', '1c5e2a73-1631-4f35-a141-b9ede231cff7')
/
insert into KSEN_LUI_IDENT (OBJ_ID, VER_NBR, CREATEID, CREATETIME, UPDATEID, UPDATETIME, LUI_CD, DIVISION, IDENT_LEVEL, LNG_NAME, LUI_ID, ORGID, SHRT_NAME, LUI_ID_STATE, SUFX_CD, LUI_ID_TYPE, VARTN, ID) values ('556210ae-4136-4f94-a843-17cecba2268a', 0, 'admin', TIMESTAMP '2013-10-28 10:27:25.868', 'admin', TIMESTAMP '2013-10-28 10:27:25.868', '', '', '', '', '7f7b1df7-3c22-4c0e-9de7-20df28c529e3', '', '', 'kuali.lui.identifier.state.active', '', 'kuali.lui.identifier.type.official', '', '02c29542-da76-4fd1-be70-40309d2de80c')
/
insert into KSEN_LUILUI_RELTN (OBJ_ID, VER_NBR, CREATEID, CREATETIME, UPDATEID, UPDATETIME, EFF_DT, EXPIR_DT, DESCR_FORMATTED, LUI_ID, LUILUI_RELTN_STATE, LUILUI_RELTN_TYPE, NAME, DESCR_PLAIN, RELATED_LUI_ID, ID) values ('b61c0a76-2f19-437c-b6fe-b03e1b36b5e0', 0, 'admin', TIMESTAMP '2013-10-28 10:27:25.868', 'admin', TIMESTAMP '2013-10-28 10:27:25.868', TIMESTAMP '2013-10-28 10:27:28.67', '', 'CHEM242-FO-RG', '7c1c7dbe-d224-49db-bc21-c32ac5a5ccd3', 'kuali.lui.lui.relation.state.active', 'kuali.lui.lui.relation.type.deliveredvia.fo2rg', 'fo-rg-relation', 'CHEM242-FO-RG', '7f7b1df7-3c22-4c0e-9de7-20df28c529e3', 'e5ca217b-cfb6-4103-98b0-6f44397bd20d')
/
insert into KSEN_LUILUI_RELTN (OBJ_ID, VER_NBR, CREATEID, CREATETIME, UPDATEID, UPDATETIME, EFF_DT, EXPIR_DT, DESCR_FORMATTED, LUI_ID, LUILUI_RELTN_STATE, LUILUI_RELTN_TYPE, NAME, DESCR_PLAIN, RELATED_LUI_ID, ID) values ('4b4d9285-5cb6-45fd-9898-45095e8edcdb', 0, 'admin', TIMESTAMP '2013-10-28 10:27:25.868', 'admin', TIMESTAMP '2013-10-28 10:27:25.868', TIMESTAMP '2013-10-28 10:27:28.67', '', 'CHEM242-RG-AO', '7f7b1df7-3c22-4c0e-9de7-20df28c529e3', 'kuali.lui.lui.relation.state.active', 'kuali.lui.lui.relation.type.registeredforvia.rg2ao', 'rg-ao-relation', 'CHEM242-RG-AO', 'd000874a-c249-41b1-8264-41db711f7080', '5ab236a2-4a8a-4e81-b5d0-0452cb102794')
/
insert into KSEN_LUILUI_RELTN (OBJ_ID, VER_NBR, CREATEID, CREATETIME, UPDATEID, UPDATETIME, EFF_DT, EXPIR_DT, DESCR_FORMATTED, LUI_ID, LUILUI_RELTN_STATE, LUILUI_RELTN_TYPE, NAME, DESCR_PLAIN, RELATED_LUI_ID, ID) values ('10b0b61b-d08e-4782-b097-79117abc823f', 0, 'admin', TIMESTAMP '2013-10-28 10:27:25.868', 'admin', TIMESTAMP '2013-10-28 10:27:25.868', TIMESTAMP '2013-10-28 10:27:28.671', '', 'CHEM242-RG-AO', '7f7b1df7-3c22-4c0e-9de7-20df28c529e3', 'kuali.lui.lui.relation.state.active', 'kuali.lui.lui.relation.type.registeredforvia.rg2ao', 'rg-ao-relation', 'CHEM242-RG-AO', '7de8e31a-6cb9-48cc-84f5-94e479285ed8', '22b85731-1e61-4217-97ed-494a05605a27')
/
insert into KSEN_LUI (OBJ_ID, VER_NBR, CREATEID, CREATETIME, UPDATEID, UPDATETIME, ATP_ID, CLU_ID, EFF_DT, EXPIR_DT, DESCR_FORMATTED, LUI_STATE, LUI_TYPE, MAX_SEATS, MIN_SEATS, NAME, DESCR_PLAIN, REF_URL, ID) values ('2ace412e-d513-4bda-a5d6-521d33ee034d', 0, 'admin', TIMESTAMP '2013-10-28 10:27:25.868', 'admin', TIMESTAMP '2013-10-28 10:27:25.868', 'kuali.atp.2017Summer1', 'd925e275-370d-4d98-bbec-96fe2459a200', '', '', '1004', 'kuali.lui.registration.group.state.pending', 'kuali.lui.type.registration.group', '', '', '1004', '1004', '', '7e1c3638-f289-48e7-9b88-3b083bfd2a1d')
/
insert into KSEN_LUI_ATTR (OBJ_ID, ATTR_KEY, OWNER_ID, ATTR_VALUE, ID) values ('9a7e4279-3e0f-48a6-9eb1-242de2c0a618', 'kuali.attribute.registration.group.aocluster.id', '7e1c3638-f289-48e7-9b88-3b083bfd2a1d', '5f952c7f-016c-4494-8ab1-29f178f48598', '89e7c05f-8496-45b8-b1fa-fd32744b8b5d')
/
insert into KSEN_LUI_ATTR (OBJ_ID, ATTR_KEY, OWNER_ID, ATTR_VALUE, ID) values ('326a7a79-6fab-4dab-a5fb-741fd6abd670', 'kuali.attribute.registration.group.is.generated', '7e1c3638-f289-48e7-9b88-3b083bfd2a1d', '1', 'c32bf366-0c91-45b6-97b4-a12c2bdb55af')
/
insert into KSEN_LUI_IDENT (OBJ_ID, VER_NBR, CREATEID, CREATETIME, UPDATEID, UPDATETIME, LUI_CD, DIVISION, IDENT_LEVEL, LNG_NAME, LUI_ID, ORGID, SHRT_NAME, LUI_ID_STATE, SUFX_CD, LUI_ID_TYPE, VARTN, ID) values ('f9cf5a65-acee-4c93-964d-990e58d272e4', 0, 'admin', TIMESTAMP '2013-10-28 10:27:25.868', 'admin', TIMESTAMP '2013-10-28 10:27:25.868', '', '', '', '', '7e1c3638-f289-48e7-9b88-3b083bfd2a1d', '', '', 'kuali.lui.identifier.state.active', '', 'kuali.lui.identifier.type.official', '', '06c1885d-4083-48da-97bf-974951a08c42')
/
insert into KSEN_LUILUI_RELTN (OBJ_ID, VER_NBR, CREATEID, CREATETIME, UPDATEID, UPDATETIME, EFF_DT, EXPIR_DT, DESCR_FORMATTED, LUI_ID, LUILUI_RELTN_STATE, LUILUI_RELTN_TYPE, NAME, DESCR_PLAIN, RELATED_LUI_ID, ID) values ('b26126fe-15d6-4a74-ba0d-1b73488a408b', 0, 'admin', TIMESTAMP '2013-10-28 10:27:25.868', 'admin', TIMESTAMP '2013-10-28 10:27:25.868', TIMESTAMP '2013-10-28 10:27:29.038', '', 'CHEM242-FO-RG', '7c1c7dbe-d224-49db-bc21-c32ac5a5ccd3', 'kuali.lui.lui.relation.state.active', 'kuali.lui.lui.relation.type.deliveredvia.fo2rg', 'fo-rg-relation', 'CHEM242-FO-RG', '7e1c3638-f289-48e7-9b88-3b083bfd2a1d', '910d4d61-9e5b-40fc-8b70-75d4ad025f2f')
/
insert into KSEN_LUILUI_RELTN (OBJ_ID, VER_NBR, CREATEID, CREATETIME, UPDATEID, UPDATETIME, EFF_DT, EXPIR_DT, DESCR_FORMATTED, LUI_ID, LUILUI_RELTN_STATE, LUILUI_RELTN_TYPE, NAME, DESCR_PLAIN, RELATED_LUI_ID, ID) values ('c047cdfb-1303-462a-bd7a-68b5edbb4ba5', 0, 'admin', TIMESTAMP '2013-10-28 10:27:25.868', 'admin', TIMESTAMP '2013-10-28 10:27:25.868', TIMESTAMP '2013-10-28 10:27:29.038', '', 'CHEM242-RG-AO', '7e1c3638-f289-48e7-9b88-3b083bfd2a1d', 'kuali.lui.lui.relation.state.active', 'kuali.lui.lui.relation.type.registeredforvia.rg2ao', 'rg-ao-relation', 'CHEM242-RG-AO', '22f570bf-c013-479c-b546-cd079bc7cd3f', 'f405ee8d-03e1-4819-a277-e4d124af7cd6')
/
insert into KSEN_LUILUI_RELTN (OBJ_ID, VER_NBR, CREATEID, CREATETIME, UPDATEID, UPDATETIME, EFF_DT, EXPIR_DT, DESCR_FORMATTED, LUI_ID, LUILUI_RELTN_STATE, LUILUI_RELTN_TYPE, NAME, DESCR_PLAIN, RELATED_LUI_ID, ID) values ('711d3957-ece6-4060-9df4-36d6256161c2', 0, 'admin', TIMESTAMP '2013-10-28 10:27:25.868', 'admin', TIMESTAMP '2013-10-28 10:27:25.868', TIMESTAMP '2013-10-28 10:27:29.039', '', 'CHEM242-RG-AO', '7e1c3638-f289-48e7-9b88-3b083bfd2a1d', 'kuali.lui.lui.relation.state.active', 'kuali.lui.lui.relation.type.registeredforvia.rg2ao', 'rg-ao-relation', 'CHEM242-RG-AO', '7de8e31a-6cb9-48cc-84f5-94e479285ed8', '41f10432-1a5c-4395-a16c-5f22b054f505')
/
insert into KSEN_LUI (OBJ_ID, VER_NBR, CREATEID, CREATETIME, UPDATEID, UPDATETIME, ATP_ID, CLU_ID, EFF_DT, EXPIR_DT, DESCR_FORMATTED, LUI_STATE, LUI_TYPE, MAX_SEATS, MIN_SEATS, NAME, DESCR_PLAIN, REF_URL, ID) values ('997b80ae-b6bd-4863-9a2f-19249a8cdd9e', 0, 'admin', TIMESTAMP '2013-10-28 10:27:25.868', 'admin', TIMESTAMP '2013-10-28 10:27:25.868', 'kuali.atp.2017Summer1', 'd925e275-370d-4d98-bbec-96fe2459a200', '', '', '1005', 'kuali.lui.registration.group.state.pending', 'kuali.lui.type.registration.group', '', '', '1005', '1005', '', '42c11752-bbfe-4c64-90e6-cdd9ae9a9a59')
/
insert into KSEN_LUI_ATTR (OBJ_ID, ATTR_KEY, OWNER_ID, ATTR_VALUE, ID) values ('374bf329-9520-4da5-81e1-10a1e17a0e49', 'kuali.attribute.registration.group.aocluster.id', '42c11752-bbfe-4c64-90e6-cdd9ae9a9a59', '5f952c7f-016c-4494-8ab1-29f178f48598', 'f37b8a8b-80fc-4eeb-b698-6b065d20fa2a')
/
insert into KSEN_LUI_ATTR (OBJ_ID, ATTR_KEY, OWNER_ID, ATTR_VALUE, ID) values ('64b43fb7-1274-4dc6-90a1-1f046124069f', 'kuali.attribute.registration.group.is.generated', '42c11752-bbfe-4c64-90e6-cdd9ae9a9a59', '1', 'dd462ffe-4347-4407-ae65-813112a66ea9')
/
insert into KSEN_LUI_IDENT (OBJ_ID, VER_NBR, CREATEID, CREATETIME, UPDATEID, UPDATETIME, LUI_CD, DIVISION, IDENT_LEVEL, LNG_NAME, LUI_ID, ORGID, SHRT_NAME, LUI_ID_STATE, SUFX_CD, LUI_ID_TYPE, VARTN, ID) values ('793803ba-e732-438a-9df4-dc20b4a953c0', 0, 'admin', TIMESTAMP '2013-10-28 10:27:25.868', 'admin', TIMESTAMP '2013-10-28 10:27:25.868', '', '', '', '', '42c11752-bbfe-4c64-90e6-cdd9ae9a9a59', '', '', 'kuali.lui.identifier.state.active', '', 'kuali.lui.identifier.type.official', '', '23aba0c2-035e-4e2e-843e-413d4fcc6631')
/
insert into KSEN_LUILUI_RELTN (OBJ_ID, VER_NBR, CREATEID, CREATETIME, UPDATEID, UPDATETIME, EFF_DT, EXPIR_DT, DESCR_FORMATTED, LUI_ID, LUILUI_RELTN_STATE, LUILUI_RELTN_TYPE, NAME, DESCR_PLAIN, RELATED_LUI_ID, ID) values ('8a8ff9f7-103c-4429-b3e0-8259fb1a700b', 0, 'admin', TIMESTAMP '2013-10-28 10:27:25.868', 'admin', TIMESTAMP '2013-10-28 10:27:25.868', TIMESTAMP '2013-10-28 10:27:29.405', '', 'CHEM242-FO-RG', '7c1c7dbe-d224-49db-bc21-c32ac5a5ccd3', 'kuali.lui.lui.relation.state.active', 'kuali.lui.lui.relation.type.deliveredvia.fo2rg', 'fo-rg-relation', 'CHEM242-FO-RG', '42c11752-bbfe-4c64-90e6-cdd9ae9a9a59', '58f5317c-d737-4155-9361-dbb5c4d9d418')
/
insert into KSEN_LUILUI_RELTN (OBJ_ID, VER_NBR, CREATEID, CREATETIME, UPDATEID, UPDATETIME, EFF_DT, EXPIR_DT, DESCR_FORMATTED, LUI_ID, LUILUI_RELTN_STATE, LUILUI_RELTN_TYPE, NAME, DESCR_PLAIN, RELATED_LUI_ID, ID) values ('18ff650d-4fc7-42a3-86c5-f1b5f8cae66f', 0, 'admin', TIMESTAMP '2013-10-28 10:27:25.868', 'admin', TIMESTAMP '2013-10-28 10:27:25.868', TIMESTAMP '2013-10-28 10:27:29.405', '', 'CHEM242-RG-AO', '42c11752-bbfe-4c64-90e6-cdd9ae9a9a59', 'kuali.lui.lui.relation.state.active', 'kuali.lui.lui.relation.type.registeredforvia.rg2ao', 'rg-ao-relation', 'CHEM242-RG-AO', 'e2654a50-6c50-4be4-8e78-7cd08b9e995a', 'f42d696f-b35c-4050-a368-6ac16604a64c')
/
insert into KSEN_LUILUI_RELTN (OBJ_ID, VER_NBR, CREATEID, CREATETIME, UPDATEID, UPDATETIME, EFF_DT, EXPIR_DT, DESCR_FORMATTED, LUI_ID, LUILUI_RELTN_STATE, LUILUI_RELTN_TYPE, NAME, DESCR_PLAIN, RELATED_LUI_ID, ID) values ('63c86cb3-d059-4f68-9ddb-331cddace550', 0, 'admin', TIMESTAMP '2013-10-28 10:27:25.868', 'admin', TIMESTAMP '2013-10-28 10:27:25.868', TIMESTAMP '2013-10-28 10:27:29.406', '', 'CHEM242-RG-AO', '42c11752-bbfe-4c64-90e6-cdd9ae9a9a59', 'kuali.lui.lui.relation.state.active', 'kuali.lui.lui.relation.type.registeredforvia.rg2ao', 'rg-ao-relation', 'CHEM242-RG-AO', '7de8e31a-6cb9-48cc-84f5-94e479285ed8', '98bda39e-7d24-48b3-b056-ef1c58a4c9cc')
/
insert into KSEN_LUI (OBJ_ID, VER_NBR, CREATEID, CREATETIME, UPDATEID, UPDATETIME, ATP_ID, CLU_ID, EFF_DT, EXPIR_DT, DESCR_FORMATTED, LUI_STATE, LUI_TYPE, MAX_SEATS, MIN_SEATS, NAME, DESCR_PLAIN, REF_URL, ID) values ('49cd2aea-271d-4afc-9398-7994fa0aebe2', 0, 'admin', TIMESTAMP '2013-10-28 10:27:25.868', 'admin', TIMESTAMP '2013-10-28 10:27:25.868', 'kuali.atp.2017Summer1', 'd925e275-370d-4d98-bbec-96fe2459a200', '', '', '1006', 'kuali.lui.registration.group.state.pending', 'kuali.lui.type.registration.group', '', '', '1006', '1006', '', '7e9d2011-6cb5-446e-891c-bd76a35f81e8')
/
insert into KSEN_LUI_ATTR (OBJ_ID, ATTR_KEY, OWNER_ID, ATTR_VALUE, ID) values ('70d472aa-b5d1-46c9-a076-6f9cfa944513', 'kuali.attribute.registration.group.is.generated', '7e9d2011-6cb5-446e-891c-bd76a35f81e8', '1', 'c60b28cc-a3d0-45bb-97e2-c06108ebdd71')
/
insert into KSEN_LUI_ATTR (OBJ_ID, ATTR_KEY, OWNER_ID, ATTR_VALUE, ID) values ('910e3527-dd2b-418f-b9b6-9ae72fc65dc4', 'kuali.attribute.registration.group.aocluster.id', '7e9d2011-6cb5-446e-891c-bd76a35f81e8', '5f952c7f-016c-4494-8ab1-29f178f48598', 'a30f4a36-645f-40d9-a594-66db96e1d717')
/
insert into KSEN_LUI_IDENT (OBJ_ID, VER_NBR, CREATEID, CREATETIME, UPDATEID, UPDATETIME, LUI_CD, DIVISION, IDENT_LEVEL, LNG_NAME, LUI_ID, ORGID, SHRT_NAME, LUI_ID_STATE, SUFX_CD, LUI_ID_TYPE, VARTN, ID) values ('e44912d7-4be4-4881-b6bd-516849b8a457', 0, 'admin', TIMESTAMP '2013-10-28 10:27:25.868', 'admin', TIMESTAMP '2013-10-28 10:27:25.868', '', '', '', '', '7e9d2011-6cb5-446e-891c-bd76a35f81e8', '', '', 'kuali.lui.identifier.state.active', '', 'kuali.lui.identifier.type.official', '', '1a75e5df-f8db-4a17-975c-fb2b7acb9adb')
/
insert into KSEN_LUILUI_RELTN (OBJ_ID, VER_NBR, CREATEID, CREATETIME, UPDATEID, UPDATETIME, EFF_DT, EXPIR_DT, DESCR_FORMATTED, LUI_ID, LUILUI_RELTN_STATE, LUILUI_RELTN_TYPE, NAME, DESCR_PLAIN, RELATED_LUI_ID, ID) values ('21f14da7-78da-4c4a-8537-eb6c3909869f', 0, 'admin', TIMESTAMP '2013-10-28 10:27:25.868', 'admin', TIMESTAMP '2013-10-28 10:27:25.868', TIMESTAMP '2013-10-28 10:27:29.789', '', 'CHEM242-FO-RG', '7c1c7dbe-d224-49db-bc21-c32ac5a5ccd3', 'kuali.lui.lui.relation.state.active', 'kuali.lui.lui.relation.type.deliveredvia.fo2rg', 'fo-rg-relation', 'CHEM242-FO-RG', '7e9d2011-6cb5-446e-891c-bd76a35f81e8', '2dc12105-2730-4a88-88e4-ebeec4209f6d')
/
insert into KSEN_LUILUI_RELTN (OBJ_ID, VER_NBR, CREATEID, CREATETIME, UPDATEID, UPDATETIME, EFF_DT, EXPIR_DT, DESCR_FORMATTED, LUI_ID, LUILUI_RELTN_STATE, LUILUI_RELTN_TYPE, NAME, DESCR_PLAIN, RELATED_LUI_ID, ID) values ('3ccb5ab9-08a7-4761-b66d-526b13990d40', 0, 'admin', TIMESTAMP '2013-10-28 10:27:25.868', 'admin', TIMESTAMP '2013-10-28 10:27:25.868', TIMESTAMP '2013-10-28 10:27:29.79', '', 'CHEM242-RG-AO', '7e9d2011-6cb5-446e-891c-bd76a35f81e8', 'kuali.lui.lui.relation.state.active', 'kuali.lui.lui.relation.type.registeredforvia.rg2ao', 'rg-ao-relation', 'CHEM242-RG-AO', '893d5f04-b6ba-420f-a10b-b0b113dc221d', 'aff42544-5c04-4d11-868e-0bfd8f6bbe23')
/
insert into KSEN_LUILUI_RELTN (OBJ_ID, VER_NBR, CREATEID, CREATETIME, UPDATEID, UPDATETIME, EFF_DT, EXPIR_DT, DESCR_FORMATTED, LUI_ID, LUILUI_RELTN_STATE, LUILUI_RELTN_TYPE, NAME, DESCR_PLAIN, RELATED_LUI_ID, ID) values ('17d29441-1964-4e49-aa4c-4f825a5bdc41', 0, 'admin', TIMESTAMP '2013-10-28 10:27:25.868', 'admin', TIMESTAMP '2013-10-28 10:27:25.868', TIMESTAMP '2013-10-28 10:27:29.79', '', 'CHEM242-RG-AO', '7e9d2011-6cb5-446e-891c-bd76a35f81e8', 'kuali.lui.lui.relation.state.active', 'kuali.lui.lui.relation.type.registeredforvia.rg2ao', 'rg-ao-relation', 'CHEM242-RG-AO', '7de8e31a-6cb9-48cc-84f5-94e479285ed8', '61e6f0f7-7849-4b1c-a8d8-b08195315450')
/
insert into KSEN_LUI (OBJ_ID, VER_NBR, CREATEID, CREATETIME, UPDATEID, UPDATETIME, ATP_ID, CLU_ID, EFF_DT, EXPIR_DT, DESCR_FORMATTED, LUI_STATE, LUI_TYPE, MAX_SEATS, MIN_SEATS, NAME, DESCR_PLAIN, REF_URL, ID) values ('00c9cb37-9049-463a-a770-c7852feb335b', 0, 'admin', TIMESTAMP '2013-10-28 10:27:25.868', 'admin', TIMESTAMP '2013-10-28 10:27:25.868', 'kuali.atp.2017Summer1', 'd925e275-370d-4d98-bbec-96fe2459a200', '', '', '1007', 'kuali.lui.registration.group.state.pending', 'kuali.lui.type.registration.group', '', '', '1007', '1007', '', '2aee9fcc-cc80-48ef-940e-e9fe7c77719d')
/
insert into KSEN_LUI_ATTR (OBJ_ID, ATTR_KEY, OWNER_ID, ATTR_VALUE, ID) values ('aad083dd-0767-44e5-b8f7-d59d1668cc75', 'kuali.attribute.registration.group.aocluster.id', '2aee9fcc-cc80-48ef-940e-e9fe7c77719d', '5f952c7f-016c-4494-8ab1-29f178f48598', '013e7b63-0c29-47a7-8049-db2ec5265c15')
/
insert into KSEN_LUI_ATTR (OBJ_ID, ATTR_KEY, OWNER_ID, ATTR_VALUE, ID) values ('9de9c922-1d2f-458c-9742-861cf14d42f5', 'kuali.attribute.registration.group.is.generated', '2aee9fcc-cc80-48ef-940e-e9fe7c77719d', '1', '6d08ef4b-6243-47b5-8d97-4304bd38c921')
/
insert into KSEN_LUI_IDENT (OBJ_ID, VER_NBR, CREATEID, CREATETIME, UPDATEID, UPDATETIME, LUI_CD, DIVISION, IDENT_LEVEL, LNG_NAME, LUI_ID, ORGID, SHRT_NAME, LUI_ID_STATE, SUFX_CD, LUI_ID_TYPE, VARTN, ID) values ('62cc423b-5105-46c0-a80a-035fbf6b2c01', 0, 'admin', TIMESTAMP '2013-10-28 10:27:25.868', 'admin', TIMESTAMP '2013-10-28 10:27:25.868', '', '', '', '', '2aee9fcc-cc80-48ef-940e-e9fe7c77719d', '', '', 'kuali.lui.identifier.state.active', '', 'kuali.lui.identifier.type.official', '', 'af04b054-b8b5-46d7-9470-48093ca6beea')
/
insert into KSEN_LUILUI_RELTN (OBJ_ID, VER_NBR, CREATEID, CREATETIME, UPDATEID, UPDATETIME, EFF_DT, EXPIR_DT, DESCR_FORMATTED, LUI_ID, LUILUI_RELTN_STATE, LUILUI_RELTN_TYPE, NAME, DESCR_PLAIN, RELATED_LUI_ID, ID) values ('3fe42ac3-5f12-4063-a536-4d04b74e9fb2', 0, 'admin', TIMESTAMP '2013-10-28 10:27:25.868', 'admin', TIMESTAMP '2013-10-28 10:27:25.868', TIMESTAMP '2013-10-28 10:27:30.089', '', 'CHEM242-FO-RG', '7c1c7dbe-d224-49db-bc21-c32ac5a5ccd3', 'kuali.lui.lui.relation.state.active', 'kuali.lui.lui.relation.type.deliveredvia.fo2rg', 'fo-rg-relation', 'CHEM242-FO-RG', '2aee9fcc-cc80-48ef-940e-e9fe7c77719d', '8791e57c-9d0e-4fdc-83be-2b4b19728b1f')
/
insert into KSEN_LUILUI_RELTN (OBJ_ID, VER_NBR, CREATEID, CREATETIME, UPDATEID, UPDATETIME, EFF_DT, EXPIR_DT, DESCR_FORMATTED, LUI_ID, LUILUI_RELTN_STATE, LUILUI_RELTN_TYPE, NAME, DESCR_PLAIN, RELATED_LUI_ID, ID) values ('4bc7d8d8-2ae7-4a52-9ea2-e9bbd8753f0d', 0, 'admin', TIMESTAMP '2013-10-28 10:27:25.868', 'admin', TIMESTAMP '2013-10-28 10:27:25.868', TIMESTAMP '2013-10-28 10:27:30.089', '', 'CHEM242-RG-AO', '2aee9fcc-cc80-48ef-940e-e9fe7c77719d', 'kuali.lui.lui.relation.state.active', 'kuali.lui.lui.relation.type.registeredforvia.rg2ao', 'rg-ao-relation', 'CHEM242-RG-AO', 'b6cbf266-366b-4ba4-a96d-5e8933c6e15c', 'd97e2739-fd1f-43cc-97e7-78bfd8fe3692')
/
insert into KSEN_LUILUI_RELTN (OBJ_ID, VER_NBR, CREATEID, CREATETIME, UPDATEID, UPDATETIME, EFF_DT, EXPIR_DT, DESCR_FORMATTED, LUI_ID, LUILUI_RELTN_STATE, LUILUI_RELTN_TYPE, NAME, DESCR_PLAIN, RELATED_LUI_ID, ID) values ('5d9b079a-e8f6-48ed-ba73-0d10500e3e46', 0, 'admin', TIMESTAMP '2013-10-28 10:27:25.868', 'admin', TIMESTAMP '2013-10-28 10:27:25.868', TIMESTAMP '2013-10-28 10:27:30.09', '', 'CHEM242-RG-AO', '2aee9fcc-cc80-48ef-940e-e9fe7c77719d', 'kuali.lui.lui.relation.state.active', 'kuali.lui.lui.relation.type.registeredforvia.rg2ao', 'rg-ao-relation', 'CHEM242-RG-AO', '7de8e31a-6cb9-48cc-84f5-94e479285ed8', '4828b2df-5eba-452a-978f-a645e02e600f')
/
insert into KSEN_LUI (OBJ_ID, VER_NBR, CREATEID, CREATETIME, UPDATEID, UPDATETIME, ATP_ID, CLU_ID, EFF_DT, EXPIR_DT, DESCR_FORMATTED, LUI_STATE, LUI_TYPE, MAX_SEATS, MIN_SEATS, NAME, DESCR_PLAIN, REF_URL, ID) values ('c245718e-002a-4cc9-8e45-055d9449bafc', 0, 'admin', TIMESTAMP '2013-10-28 10:27:25.868', 'admin', TIMESTAMP '2013-10-28 10:27:25.868', 'kuali.atp.2017Summer1', 'd925e275-370d-4d98-bbec-96fe2459a200', '', '', '1008', 'kuali.lui.registration.group.state.pending', 'kuali.lui.type.registration.group', '', '', '1008', '1008', '', '0f814d18-ac55-488f-a3ee-65057858a29e')
/
insert into KSEN_LUI_ATTR (OBJ_ID, ATTR_KEY, OWNER_ID, ATTR_VALUE, ID) values ('19be55ed-b1da-426a-a8a3-581ed86d889f', 'kuali.attribute.registration.group.is.generated', '0f814d18-ac55-488f-a3ee-65057858a29e', '1', '728772dc-046b-437f-a095-7e973662a0a9')
/
insert into KSEN_LUI_ATTR (OBJ_ID, ATTR_KEY, OWNER_ID, ATTR_VALUE, ID) values ('c8d7b51a-3d0f-4839-9d16-3b6f9d33a11e', 'kuali.attribute.registration.group.aocluster.id', '0f814d18-ac55-488f-a3ee-65057858a29e', '5f952c7f-016c-4494-8ab1-29f178f48598', 'a9d86b4e-bb0f-484f-81f4-28a10bc86fc6')
/
insert into KSEN_LUI_IDENT (OBJ_ID, VER_NBR, CREATEID, CREATETIME, UPDATEID, UPDATETIME, LUI_CD, DIVISION, IDENT_LEVEL, LNG_NAME, LUI_ID, ORGID, SHRT_NAME, LUI_ID_STATE, SUFX_CD, LUI_ID_TYPE, VARTN, ID) values ('aff330b9-d381-4bfa-b93e-f3cf200a6494', 0, 'admin', TIMESTAMP '2013-10-28 10:27:25.868', 'admin', TIMESTAMP '2013-10-28 10:27:25.868', '', '', '', '', '0f814d18-ac55-488f-a3ee-65057858a29e', '', '', 'kuali.lui.identifier.state.active', '', 'kuali.lui.identifier.type.official', '', 'c5eb9d11-b7c4-4abe-b05d-65469241c413')
/
insert into KSEN_LUILUI_RELTN (OBJ_ID, VER_NBR, CREATEID, CREATETIME, UPDATEID, UPDATETIME, EFF_DT, EXPIR_DT, DESCR_FORMATTED, LUI_ID, LUILUI_RELTN_STATE, LUILUI_RELTN_TYPE, NAME, DESCR_PLAIN, RELATED_LUI_ID, ID) values ('229790e4-6cca-4c9a-91bc-666472b4572b', 0, 'admin', TIMESTAMP '2013-10-28 10:27:25.868', 'admin', TIMESTAMP '2013-10-28 10:27:25.868', TIMESTAMP '2013-10-28 10:27:30.386', '', 'CHEM242-FO-RG', '7c1c7dbe-d224-49db-bc21-c32ac5a5ccd3', 'kuali.lui.lui.relation.state.active', 'kuali.lui.lui.relation.type.deliveredvia.fo2rg', 'fo-rg-relation', 'CHEM242-FO-RG', '0f814d18-ac55-488f-a3ee-65057858a29e', 'a491cbb2-205a-4fbb-9deb-089043b81486')
/
insert into KSEN_LUILUI_RELTN (OBJ_ID, VER_NBR, CREATEID, CREATETIME, UPDATEID, UPDATETIME, EFF_DT, EXPIR_DT, DESCR_FORMATTED, LUI_ID, LUILUI_RELTN_STATE, LUILUI_RELTN_TYPE, NAME, DESCR_PLAIN, RELATED_LUI_ID, ID) values ('a165c7ff-3fa0-4d83-a11b-50fe9b98ec1c', 0, 'admin', TIMESTAMP '2013-10-28 10:27:25.868', 'admin', TIMESTAMP '2013-10-28 10:27:25.868', TIMESTAMP '2013-10-28 10:27:30.386', '', 'CHEM242-RG-AO', '0f814d18-ac55-488f-a3ee-65057858a29e', 'kuali.lui.lui.relation.state.active', 'kuali.lui.lui.relation.type.registeredforvia.rg2ao', 'rg-ao-relation', 'CHEM242-RG-AO', '8a0bbfd2-a2fd-461c-968c-fd2fefbd1342', '754ca032-8182-4f0d-908f-b7b7db1bbfdf')
/
insert into KSEN_LUILUI_RELTN (OBJ_ID, VER_NBR, CREATEID, CREATETIME, UPDATEID, UPDATETIME, EFF_DT, EXPIR_DT, DESCR_FORMATTED, LUI_ID, LUILUI_RELTN_STATE, LUILUI_RELTN_TYPE, NAME, DESCR_PLAIN, RELATED_LUI_ID, ID) values ('4e27910b-7b0b-419f-8519-0e1c8b58e0f3', 0, 'admin', TIMESTAMP '2013-10-28 10:27:25.868', 'admin', TIMESTAMP '2013-10-28 10:27:25.868', TIMESTAMP '2013-10-28 10:27:30.386', '', 'CHEM242-RG-AO', '0f814d18-ac55-488f-a3ee-65057858a29e', 'kuali.lui.lui.relation.state.active', 'kuali.lui.lui.relation.type.registeredforvia.rg2ao', 'rg-ao-relation', 'CHEM242-RG-AO', '7de8e31a-6cb9-48cc-84f5-94e479285ed8', '91b95405-3a30-47bc-86ec-ba1a85be72ce')
/
insert into KSEN_LUI (OBJ_ID, VER_NBR, CREATEID, CREATETIME, UPDATEID, UPDATETIME, ATP_ID, CLU_ID, EFF_DT, EXPIR_DT, DESCR_FORMATTED, LUI_STATE, LUI_TYPE, MAX_SEATS, MIN_SEATS, NAME, DESCR_PLAIN, REF_URL, ID) values ('6906a194-6797-40a6-8467-7bee6b4397d4', 0, 'admin', TIMESTAMP '2013-10-28 10:27:25.868', 'admin', TIMESTAMP '2013-10-28 10:27:25.868', 'kuali.atp.2017Summer1', 'd925e275-370d-4d98-bbec-96fe2459a200', '', '', '1009', 'kuali.lui.registration.group.state.pending', 'kuali.lui.type.registration.group', '', '', '1009', '1009', '', 'a9d3cbaa-6229-4a1b-896a-d8e4ef69aebc')
/
insert into KSEN_LUI_ATTR (OBJ_ID, ATTR_KEY, OWNER_ID, ATTR_VALUE, ID) values ('d8e1096a-852d-4e8f-a70a-ce0171ac337e', 'kuali.attribute.registration.group.is.generated', 'a9d3cbaa-6229-4a1b-896a-d8e4ef69aebc', '1', '9a8cc070-dfc2-4c74-9593-cdd531caab8e')
/
insert into KSEN_LUI_ATTR (OBJ_ID, ATTR_KEY, OWNER_ID, ATTR_VALUE, ID) values ('1e42151b-9ac9-4a84-9a2e-8aaafc4429ea', 'kuali.attribute.registration.group.aocluster.id', 'a9d3cbaa-6229-4a1b-896a-d8e4ef69aebc', '5f952c7f-016c-4494-8ab1-29f178f48598', '779de231-4948-459b-9710-7d27dc2738fa')
/
insert into KSEN_LUI_IDENT (OBJ_ID, VER_NBR, CREATEID, CREATETIME, UPDATEID, UPDATETIME, LUI_CD, DIVISION, IDENT_LEVEL, LNG_NAME, LUI_ID, ORGID, SHRT_NAME, LUI_ID_STATE, SUFX_CD, LUI_ID_TYPE, VARTN, ID) values ('677b1321-e1f6-466f-b509-9887d7b49f2b', 0, 'admin', TIMESTAMP '2013-10-28 10:27:25.868', 'admin', TIMESTAMP '2013-10-28 10:27:25.868', '', '', '', '', 'a9d3cbaa-6229-4a1b-896a-d8e4ef69aebc', '', '', 'kuali.lui.identifier.state.active', '', 'kuali.lui.identifier.type.official', '', '1a8dce9d-f0d1-45fe-8111-d428db56a3a4')
/
insert into KSEN_LUILUI_RELTN (OBJ_ID, VER_NBR, CREATEID, CREATETIME, UPDATEID, UPDATETIME, EFF_DT, EXPIR_DT, DESCR_FORMATTED, LUI_ID, LUILUI_RELTN_STATE, LUILUI_RELTN_TYPE, NAME, DESCR_PLAIN, RELATED_LUI_ID, ID) values ('5de71c52-1a96-4d28-b9f0-6bc96faa975f', 0, 'admin', TIMESTAMP '2013-10-28 10:27:25.868', 'admin', TIMESTAMP '2013-10-28 10:27:25.868', TIMESTAMP '2013-10-28 10:27:30.683', '', 'CHEM242-FO-RG', '7c1c7dbe-d224-49db-bc21-c32ac5a5ccd3', 'kuali.lui.lui.relation.state.active', 'kuali.lui.lui.relation.type.deliveredvia.fo2rg', 'fo-rg-relation', 'CHEM242-FO-RG', 'a9d3cbaa-6229-4a1b-896a-d8e4ef69aebc', '954a8bbc-a1ee-4742-88d7-36787addb79d')
/
insert into KSEN_LUILUI_RELTN (OBJ_ID, VER_NBR, CREATEID, CREATETIME, UPDATEID, UPDATETIME, EFF_DT, EXPIR_DT, DESCR_FORMATTED, LUI_ID, LUILUI_RELTN_STATE, LUILUI_RELTN_TYPE, NAME, DESCR_PLAIN, RELATED_LUI_ID, ID) values ('08e9e0b6-145a-48a9-99dd-ca314b448a88', 0, 'admin', TIMESTAMP '2013-10-28 10:27:25.868', 'admin', TIMESTAMP '2013-10-28 10:27:25.868', TIMESTAMP '2013-10-28 10:27:30.684', '', 'CHEM242-RG-AO', 'a9d3cbaa-6229-4a1b-896a-d8e4ef69aebc', 'kuali.lui.lui.relation.state.active', 'kuali.lui.lui.relation.type.registeredforvia.rg2ao', 'rg-ao-relation', 'CHEM242-RG-AO', 'cbc4a766-a639-4daf-b5b8-d6134bd51eaa', 'ffe31dd9-850a-4e2f-9af7-5337ef653edb')
/
insert into KSEN_LUILUI_RELTN (OBJ_ID, VER_NBR, CREATEID, CREATETIME, UPDATEID, UPDATETIME, EFF_DT, EXPIR_DT, DESCR_FORMATTED, LUI_ID, LUILUI_RELTN_STATE, LUILUI_RELTN_TYPE, NAME, DESCR_PLAIN, RELATED_LUI_ID, ID) values ('92052c4f-4ab7-4354-93f4-bf8ce0b99c07', 0, 'admin', TIMESTAMP '2013-10-28 10:27:25.868', 'admin', TIMESTAMP '2013-10-28 10:27:25.868', TIMESTAMP '2013-10-28 10:27:30.684', '', 'CHEM242-RG-AO', 'a9d3cbaa-6229-4a1b-896a-d8e4ef69aebc', 'kuali.lui.lui.relation.state.active', 'kuali.lui.lui.relation.type.registeredforvia.rg2ao', 'rg-ao-relation', 'CHEM242-RG-AO', '7de8e31a-6cb9-48cc-84f5-94e479285ed8', 'd0d2d041-0d46-4bc7-bd77-d2498c4627b1')
/
insert into KSEN_LUI (OBJ_ID, VER_NBR, CREATEID, CREATETIME, UPDATEID, UPDATETIME, ATP_ID, CLU_ID, EFF_DT, EXPIR_DT, DESCR_FORMATTED, LUI_STATE, LUI_TYPE, MAX_SEATS, MIN_SEATS, NAME, DESCR_PLAIN, REF_URL, ID) values ('59343cbf-28d4-490c-b2be-36ee819d9c5f', 0, 'admin', TIMESTAMP '2013-10-28 10:27:25.868', 'admin', TIMESTAMP '2013-10-28 10:27:25.868', 'kuali.atp.2017Summer1', 'd925e275-370d-4d98-bbec-96fe2459a200', '', '', '1010', 'kuali.lui.registration.group.state.pending', 'kuali.lui.type.registration.group', '', '', '1010', '1010', '', '602c352e-bd48-4f8b-b2b9-7469c25bf169')
/
insert into KSEN_LUI_ATTR (OBJ_ID, ATTR_KEY, OWNER_ID, ATTR_VALUE, ID) values ('e5d8d5af-604f-4a43-82d7-c4d5f5465f84', 'kuali.attribute.registration.group.aocluster.id', '602c352e-bd48-4f8b-b2b9-7469c25bf169', '5f952c7f-016c-4494-8ab1-29f178f48598', '3d7762d6-24e3-4b89-804d-ea59dbfc6846')
/
insert into KSEN_LUI_ATTR (OBJ_ID, ATTR_KEY, OWNER_ID, ATTR_VALUE, ID) values ('93a35fb6-afa1-472b-8dd6-4756399cfb38', 'kuali.attribute.registration.group.is.generated', '602c352e-bd48-4f8b-b2b9-7469c25bf169', '1', '7d32e7c3-817c-4e22-93f8-f75109094b59')
/
insert into KSEN_LUI_IDENT (OBJ_ID, VER_NBR, CREATEID, CREATETIME, UPDATEID, UPDATETIME, LUI_CD, DIVISION, IDENT_LEVEL, LNG_NAME, LUI_ID, ORGID, SHRT_NAME, LUI_ID_STATE, SUFX_CD, LUI_ID_TYPE, VARTN, ID) values ('93b1b542-61f5-4e48-8996-4c0d0f8892ea', 0, 'admin', TIMESTAMP '2013-10-28 10:27:25.868', 'admin', TIMESTAMP '2013-10-28 10:27:25.868', '', '', '', '', '602c352e-bd48-4f8b-b2b9-7469c25bf169', '', '', 'kuali.lui.identifier.state.active', '', 'kuali.lui.identifier.type.official', '', '47579445-656b-4f9b-9bf8-4084d7fad638')
/
insert into KSEN_LUILUI_RELTN (OBJ_ID, VER_NBR, CREATEID, CREATETIME, UPDATEID, UPDATETIME, EFF_DT, EXPIR_DT, DESCR_FORMATTED, LUI_ID, LUILUI_RELTN_STATE, LUILUI_RELTN_TYPE, NAME, DESCR_PLAIN, RELATED_LUI_ID, ID) values ('831b9312-7865-4d6e-b80a-5a7eb3d1bc6e', 0, 'admin', TIMESTAMP '2013-10-28 10:27:25.868', 'admin', TIMESTAMP '2013-10-28 10:27:25.868', TIMESTAMP '2013-10-28 10:27:31.04', '', 'CHEM242-FO-RG', '7c1c7dbe-d224-49db-bc21-c32ac5a5ccd3', 'kuali.lui.lui.relation.state.active', 'kuali.lui.lui.relation.type.deliveredvia.fo2rg', 'fo-rg-relation', 'CHEM242-FO-RG', '602c352e-bd48-4f8b-b2b9-7469c25bf169', '0386fdd1-ab14-4fa8-a924-fc0756e71b0d')
/
insert into KSEN_LUILUI_RELTN (OBJ_ID, VER_NBR, CREATEID, CREATETIME, UPDATEID, UPDATETIME, EFF_DT, EXPIR_DT, DESCR_FORMATTED, LUI_ID, LUILUI_RELTN_STATE, LUILUI_RELTN_TYPE, NAME, DESCR_PLAIN, RELATED_LUI_ID, ID) values ('5310fe93-90ab-4945-9204-d26119b48ee1', 0, 'admin', TIMESTAMP '2013-10-28 10:27:25.868', 'admin', TIMESTAMP '2013-10-28 10:27:25.868', TIMESTAMP '2013-10-28 10:27:31.041', '', 'CHEM242-RG-AO', '602c352e-bd48-4f8b-b2b9-7469c25bf169', 'kuali.lui.lui.relation.state.active', 'kuali.lui.lui.relation.type.registeredforvia.rg2ao', 'rg-ao-relation', 'CHEM242-RG-AO', '84082376-8f01-45de-8968-f191ce43db26', 'dc0eff22-1877-4383-b8f3-531f8e709343')
/
insert into KSEN_LUILUI_RELTN (OBJ_ID, VER_NBR, CREATEID, CREATETIME, UPDATEID, UPDATETIME, EFF_DT, EXPIR_DT, DESCR_FORMATTED, LUI_ID, LUILUI_RELTN_STATE, LUILUI_RELTN_TYPE, NAME, DESCR_PLAIN, RELATED_LUI_ID, ID) values ('863dfdd6-575b-4983-aeba-33a6145646f8', 0, 'admin', TIMESTAMP '2013-10-28 10:27:25.868', 'admin', TIMESTAMP '2013-10-28 10:27:25.868', TIMESTAMP '2013-10-28 10:27:31.041', '', 'CHEM242-RG-AO', '602c352e-bd48-4f8b-b2b9-7469c25bf169', 'kuali.lui.lui.relation.state.active', 'kuali.lui.lui.relation.type.registeredforvia.rg2ao', 'rg-ao-relation', 'CHEM242-RG-AO', '7de8e31a-6cb9-48cc-84f5-94e479285ed8', '88fdfb37-6894-4e83-841b-792530a8d6f3')
/
insert into KSEN_CWL (OBJ_ID, VER_NBR, CREATEID, CREATETIME, UPDATEID, UPDATETIME, ALLOW_HOLD_UTIL_ENTRIES_IND, AUTO_PROCESSED_IND, CHECK_IN_REQ_IND, CONF_REQ_IND, EFF_DT, EXPIR_DT, MAX_SIZE, REG_IN_FIRST_AAO_IND, STD_DUR_TIME_QTY, STD_DUR_TYPE, CWL_STATE, CWL_TYPE, ID) values ('aae90874-5251-436e-aea9-0d6e054256e1', 0, 'admin', TIMESTAMP '2013-10-28 10:27:25.868', 'admin', TIMESTAMP '2013-10-28 10:27:25.868', '0', '1', '0', '1', '', '', '', '', '', '', 'kuali.course.waitlist.state.active', 'kuali.course.waitlist.type.course.waitlist', 'f58e64af-db56-4690-b25f-4ca1c8861cbb')
/
insert into KSEN_CWL_ACTIV_OFFER (CWL_ID, ACTIV_OFFER_ID) values ('f58e64af-db56-4690-b25f-4ca1c8861cbb', '7de8e31a-6cb9-48cc-84f5-94e479285ed8')
/
insert into KSEN_CWL_FORMAT_OFFER (CWL_ID, FORMAT_OFFER_ID) values ('f58e64af-db56-4690-b25f-4ca1c8861cbb', '7c1c7dbe-d224-49db-bc21-c32ac5a5ccd3')
/


-- Term = kuali.atp.2018Summer1 / 201805, coCode = CHEM242
insert into KSEN_LUI (OBJ_ID, VER_NBR, CREATEID, CREATETIME, UPDATEID, UPDATETIME, ATP_ID, CLU_ID, EFF_DT, EXPIR_DT, DESCR_FORMATTED, LUI_STATE, LUI_TYPE, MAX_SEATS, MIN_SEATS, NAME, DESCR_PLAIN, REF_URL, ID) values ('f801965e-761d-44b4-a329-f5bd633f9026', 0, 'admin', TIMESTAMP '2013-10-28 10:29:09.99', 'admin', TIMESTAMP '2013-10-28 10:29:09.99', 'kuali.atp.2018Summer1', '06b65acf-167f-4864-8870-4aeb3e333277', '', '', '', 'kuali.lui.activity.offering.state.draft', 'kuali.lui.type.activity.offering.lecture', 182, '', 'CHEM242 AO', '', '', '01ee3da3-7c60-4499-a9c3-523189332478')
/
insert into KSEN_LUI_ATTR (OBJ_ID, ATTR_KEY, OWNER_ID, ATTR_VALUE, ID) values ('cfe892e9-2346-4450-9d40-1905fed23e2c', 'kuali.attribute.nonstd.ts.indicator', '01ee3da3-7c60-4499-a9c3-523189332478', '0', '4c7aff37-6316-4e8f-9fb2-a1a029c794ad')
/
insert into KSEN_LUI_ATTR (OBJ_ID, ATTR_KEY, OWNER_ID, ATTR_VALUE, ID) values ('a87a5361-d41d-4721-878d-4c101fddcd0f', 'kuali.attribute.course.evaluation.indicator', '01ee3da3-7c60-4499-a9c3-523189332478', 'null', 'd6556d4d-de82-4155-8ba5-cf0c733f90e8')
/
insert into KSEN_LUI_ATTR (OBJ_ID, ATTR_KEY, OWNER_ID, ATTR_VALUE, ID) values ('60a7a533-1fa8-4151-ba04-9691f5b3eec8', 'kuali.attribute.max.enrollment.is.estimate', '01ee3da3-7c60-4499-a9c3-523189332478', 'null', '6ff3421b-18be-43cf-9293-05d15d599642')
/
insert into KSEN_LUI_IDENT (OBJ_ID, VER_NBR, CREATEID, CREATETIME, UPDATEID, UPDATETIME, LUI_CD, DIVISION, IDENT_LEVEL, LNG_NAME, LUI_ID, ORGID, SHRT_NAME, LUI_ID_STATE, SUFX_CD, LUI_ID_TYPE, VARTN, ID) values ('ded7eca0-4c44-418e-9dcd-bfa7e4301539', 0, 'admin', TIMESTAMP '2013-10-28 10:29:09.99', 'admin', TIMESTAMP '2013-10-28 10:29:09.99', 'K', '', '', '', '01ee3da3-7c60-4499-a9c3-523189332478', '', '', 'kuali.lui.identifier.state.active', '', 'kuali.lui.identifier.type.official', '', '4d23d4b5-6e12-4e90-997f-3e6b2cdb64aa')
/
insert into KSEN_LUI_LU_CD (OBJ_ID, VER_NBR, CREATEID, CREATETIME, UPDATEID, UPDATETIME, DESCR_FORMATTED, LUI_ID, DESCR_PLAIN, LUI_LUCD_TYPE, VALUE, ID) values ('4d60b94a-0a98-48cf-a475-1fb60c69bac9', 0, 'admin', TIMESTAMP '2013-10-28 10:29:09.99', 'admin', TIMESTAMP '2013-10-28 10:29:09.99', '', '01ee3da3-7c60-4499-a9c3-523189332478', '', 'kuali.lu.code.honorsOffering', 'null', 'a25a64ed-ebba-4776-9dc6-35982911bbea')
/
insert into KSEN_LUILUI_RELTN (OBJ_ID, VER_NBR, CREATEID, CREATETIME, UPDATEID, UPDATETIME, EFF_DT, EXPIR_DT, DESCR_FORMATTED, LUI_ID, LUILUI_RELTN_STATE, LUILUI_RELTN_TYPE, NAME, DESCR_PLAIN, RELATED_LUI_ID, ID) values ('bbcff58b-4d83-4b3f-b265-9b2bdc1067b6', 0, 'admin', TIMESTAMP '2013-10-28 10:29:09.99', 'admin', TIMESTAMP '2013-10-28 10:29:09.99', TIMESTAMP '2013-10-28 10:29:10.097', '', 'CHEM242-FO-AO', '082c0f44-3e1a-4f7b-84b0-45569aed5044', 'kuali.lui.lui.relation.state.active', 'kuali.lui.lui.relation.type.deliveredvia.fo2ao', 'fo-ao-relation', 'CHEM242-FO-AO', '01ee3da3-7c60-4499-a9c3-523189332478', '5a7e9a67-a5fe-4c9b-9c63-f3c689e3d8dd')
/
insert into KSEN_CO_AO_CLUSTER_SET (OBJ_ID, ACTIVITY_OFFERING_TYPE, AO_CLUSTER_ID, ID) values ('fa44fcee-36c1-44b7-a1c5-7ca5e51027ab', 'kuali.lui.type.activity.offering.lecture', '4dd5c028-d2aa-4ae1-87a5-0a641db5198f', '57c3fee5-f9a1-4b93-b32e-dde9f1b441e9')
/
insert into KSEN_CO_AO_CLUSTER_SET_AO (AOC_SET_ID, ACTIVITY_OFFERING_ID) values ('57c3fee5-f9a1-4b93-b32e-dde9f1b441e9', '01ee3da3-7c60-4499-a9c3-523189332478')
/
delete from KSEN_LUILUI_RELTN where ID='9a50b5ba-63e6-4345-8e9b-4f994be95011' and VER_NBR=0
/
delete from KSEN_LUILUI_RELTN where ID='b2e80263-002a-459f-a9c2-b0a589cd79b2' and VER_NBR=0
/
delete from KSEN_LUI_ATTR where ID='ca85120b-d33a-4586-b604-4c2c5afcfdab'
/
delete from KSEN_LUI_ATTR where ID='01b08f47-bb4a-475c-81e9-cb664714d6b3'
/
delete from KSEN_LUI_IDENT where ID='168c6a61-98a6-4397-80c8-d75d91284070' and VER_NBR=1
/
delete from KSEN_LUI where ID='d3372764-6645-4e37-8a3a-da10f101f6f1' and VER_NBR=1
/
delete from KSEN_LUILUI_RELTN where ID='95fbbd56-dd0e-429b-9454-adedfde3a0ee' and VER_NBR=0
/
delete from KSEN_LUILUI_RELTN where ID='58a4b772-bb86-4b17-8f91-1a1f875eea0b' and VER_NBR=0
/
delete from KSEN_LUI_ATTR where ID='5a7d4796-5ea3-4a02-9c2f-3c8a1c9b3e73'
/
delete from KSEN_LUI_ATTR where ID='0a17f24b-5c26-4487-8087-f64ffa6bb881'
/
delete from KSEN_LUI_IDENT where ID='0302e1fb-022e-4bb1-800a-efb3fe9180a7' and VER_NBR=1
/
delete from KSEN_LUI where ID='b33068ce-2414-42da-9718-266ab19605e7' and VER_NBR=1
/
delete from KSEN_LUILUI_RELTN where ID='78021b0b-5b3a-4aa8-a46b-edf6e13a6027' and VER_NBR=0
/
delete from KSEN_LUILUI_RELTN where ID='30534edd-4b75-41fa-b227-3022e7976943' and VER_NBR=0
/
delete from KSEN_LUI_ATTR where ID='70a9c662-45cb-4865-ae6c-d51ed115dd00'
/
delete from KSEN_LUI_ATTR where ID='ad69f65e-9553-42cd-9588-c7e22e14767f'
/
delete from KSEN_LUI_IDENT where ID='be0e9d8f-9b9b-4175-811e-d194a82290fa' and VER_NBR=1
/
delete from KSEN_LUI where ID='f03a8504-d1ad-4a2a-ae9b-72ce6235e796' and VER_NBR=1
/
delete from KSEN_LUILUI_RELTN where ID='823ed783-9aa7-4b4b-bd50-47720109bb18' and VER_NBR=0
/
delete from KSEN_LUILUI_RELTN where ID='105256f6-470f-47a1-a638-8e8ed5c155bf' and VER_NBR=0
/
delete from KSEN_LUI_ATTR where ID='453a825c-bd40-414c-88e7-2c8eda4e03d4'
/
delete from KSEN_LUI_ATTR where ID='fc582340-fc6b-4b1b-adac-2e2954db759a'
/
delete from KSEN_LUI_IDENT where ID='0dacd9c2-3624-4a73-a33d-93163aa8667e' and VER_NBR=1
/
delete from KSEN_LUI where ID='5cf85298-fb0c-4920-a05c-b7bba2241d36' and VER_NBR=1
/
delete from KSEN_LUILUI_RELTN where ID='fe65f088-814e-4703-8964-b1c3a37f83fc' and VER_NBR=0
/
delete from KSEN_LUILUI_RELTN where ID='31a62d4a-38b3-4106-bb0f-a3f9ba64c722' and VER_NBR=0
/
delete from KSEN_LUI_ATTR where ID='404162cd-fa01-427e-81e4-a7a62d7199e4'
/
delete from KSEN_LUI_ATTR where ID='672217df-2a26-4377-b989-e96ddfd49b0e'
/
delete from KSEN_LUI_IDENT where ID='07a02194-0d14-4e21-9c14-7f91189fe30d' and VER_NBR=1
/
delete from KSEN_LUI where ID='b690c8a6-541e-46c2-b1a3-982261942d86' and VER_NBR=1
/
delete from KSEN_LUILUI_RELTN where ID='1af9a429-d807-44f1-99b2-2f77ca51134e' and VER_NBR=0
/
delete from KSEN_LUILUI_RELTN where ID='7d51dd3f-0e07-4219-b0c2-ee7064921c89' and VER_NBR=0
/
delete from KSEN_LUI_ATTR where ID='e61f63b1-4bb8-43c9-8280-166353b0eabe'
/
delete from KSEN_LUI_ATTR where ID='0236ac35-81ab-4799-bed4-e023d468b82c'
/
delete from KSEN_LUI_IDENT where ID='09c35391-d34c-43d6-969d-b7cd5ed126e3' and VER_NBR=1
/
delete from KSEN_LUI where ID='8ef78bc7-9173-478e-ba56-1792c4706b7c' and VER_NBR=1
/
delete from KSEN_LUILUI_RELTN where ID='2d6977af-589b-4616-9c51-560e31fa1d4e' and VER_NBR=0
/
delete from KSEN_LUILUI_RELTN where ID='28136b41-938a-41d7-a97b-0e55b33e9574' and VER_NBR=0
/
delete from KSEN_LUI_ATTR where ID='8570d06e-071f-4ac0-8792-bd74d71661ae'
/
delete from KSEN_LUI_ATTR where ID='4383ed51-da82-48df-a584-a6f619de8999'
/
delete from KSEN_LUI_IDENT where ID='1ebc2bb6-de5a-4135-a144-e20f4a7ecca9' and VER_NBR=1
/
delete from KSEN_LUI where ID='c5808de6-22d9-43e4-b68f-819b4b359261' and VER_NBR=1
/
delete from KSEN_LUILUI_RELTN where ID='3d8c2984-90b0-4b72-b8c3-d6f0259061d3' and VER_NBR=0
/
delete from KSEN_LUILUI_RELTN where ID='aa5a8b11-60d0-491d-9183-dd5579bfd5a5' and VER_NBR=0
/
delete from KSEN_LUI_ATTR where ID='98ba7643-fc09-498f-8a4c-040b0b78a3d9'
/
delete from KSEN_LUI_ATTR where ID='3c7fdbc5-ce7f-4475-8b3b-b67e346c9815'
/
delete from KSEN_LUI_IDENT where ID='e135766b-25fe-460c-8865-1db88e7ee939' and VER_NBR=1
/
delete from KSEN_LUI where ID='0dcace91-790b-4f57-b86f-b7ffedb9829c' and VER_NBR=1
/
delete from KSEN_LUILUI_RELTN where ID='c89f5ab4-f869-452c-8f66-c5df0000c963' and VER_NBR=0
/
delete from KSEN_LUILUI_RELTN where ID='19b7bc39-1ecd-4a16-9493-dcc2ada27a3c' and VER_NBR=0
/
delete from KSEN_LUI_ATTR where ID='093bee85-8fbf-4dae-9363-982ad0330e60'
/
delete from KSEN_LUI_ATTR where ID='11884d6e-1940-45a1-bb46-d43d87f38411'
/
delete from KSEN_LUI_IDENT where ID='d72f80ad-d1ed-4656-8e6e-d051a277538f' and VER_NBR=1
/
delete from KSEN_LUI where ID='dcc059a0-3039-43cf-b433-5e14fe5a45c7' and VER_NBR=1
/
delete from KSEN_LUILUI_RELTN where ID='653cb0d4-c7b3-46d4-ac9b-8d8cbc9ee838' and VER_NBR=0
/
delete from KSEN_LUILUI_RELTN where ID='33fe614e-9ba4-4b62-9d30-a3e2502046b0' and VER_NBR=0
/
delete from KSEN_LUI_ATTR where ID='c1d68e3b-c436-48cd-9913-0a475804c92c'
/
delete from KSEN_LUI_ATTR where ID='927a869c-e282-4931-833f-a710ba8d0985'
/
delete from KSEN_LUI_IDENT where ID='3ef68457-db3e-4956-8aec-454b8ad36d17' and VER_NBR=1
/
delete from KSEN_LUI where ID='8d1e875d-65b0-4c1c-948f-bbb328b6a6eb' and VER_NBR=1
/
insert into KSEN_LUI_ATTR (OBJ_ID, ATTR_KEY, OWNER_ID, ATTR_VALUE, ID) values ('978bd78e-4a1a-45df-8624-86780098e25d', 'regCodePrefix', '082c0f44-3e1a-4f7b-84b0-45569aed5044', '1', '6f17c6d3-9836-4d26-83de-422d85323eb6')
/
delete from KSEN_LUI_RELATED_LUI_TYPES where LUI_ID='082c0f44-3e1a-4f7b-84b0-45569aed5044'
/
insert into KSEN_LUI_RELATED_LUI_TYPES (LUI_ID, RELATED_LUI_TYPE) values ('082c0f44-3e1a-4f7b-84b0-45569aed5044', 'kuali.lui.type.activity.offering.lab')
/
insert into KSEN_LUI_RELATED_LUI_TYPES (LUI_ID, RELATED_LUI_TYPE) values ('082c0f44-3e1a-4f7b-84b0-45569aed5044', 'kuali.lui.type.activity.offering.lecture')
/
insert into KSEN_LUI (OBJ_ID, VER_NBR, CREATEID, CREATETIME, UPDATEID, UPDATETIME, ATP_ID, CLU_ID, EFF_DT, EXPIR_DT, DESCR_FORMATTED, LUI_STATE, LUI_TYPE, MAX_SEATS, MIN_SEATS, NAME, DESCR_PLAIN, REF_URL, ID) values ('50b005f2-5381-463f-92fd-590549116694', 0, 'admin', TIMESTAMP '2013-10-28 10:29:09.99', 'admin', TIMESTAMP '2013-10-28 10:29:09.99', 'kuali.atp.2018Summer1', 'd925e275-370d-4d98-bbec-96fe2459a200', '', '', '1001', 'kuali.lui.registration.group.state.pending', 'kuali.lui.type.registration.group', '', '', '1001', '1001', '', '0dabc9e6-5017-4f99-ab4a-9807c70a444d')
/
insert into KSEN_LUI_ATTR (OBJ_ID, ATTR_KEY, OWNER_ID, ATTR_VALUE, ID) values ('101716d4-e43f-4c15-ac81-f9b70f461621', 'kuali.attribute.registration.group.aocluster.id', '0dabc9e6-5017-4f99-ab4a-9807c70a444d', '4dd5c028-d2aa-4ae1-87a5-0a641db5198f', '7ba50a40-926d-45cf-9400-5b53964f0bb8')
/
insert into KSEN_LUI_ATTR (OBJ_ID, ATTR_KEY, OWNER_ID, ATTR_VALUE, ID) values ('884d3982-de93-4d52-9380-90a5983d3fe3', 'kuali.attribute.registration.group.is.generated', '0dabc9e6-5017-4f99-ab4a-9807c70a444d', '1', '44c1c1ee-c85f-43da-842c-7426c32e4921')
/
insert into KSEN_LUI_IDENT (OBJ_ID, VER_NBR, CREATEID, CREATETIME, UPDATEID, UPDATETIME, LUI_CD, DIVISION, IDENT_LEVEL, LNG_NAME, LUI_ID, ORGID, SHRT_NAME, LUI_ID_STATE, SUFX_CD, LUI_ID_TYPE, VARTN, ID) values ('8f0307a9-8c3e-426a-8044-965827e1a8e3', 0, 'admin', TIMESTAMP '2013-10-28 10:29:09.99', 'admin', TIMESTAMP '2013-10-28 10:29:09.99', '', '', '', '', '0dabc9e6-5017-4f99-ab4a-9807c70a444d', '', '', 'kuali.lui.identifier.state.active', '', 'kuali.lui.identifier.type.official', '', '0500f23b-b4ad-4291-bc43-f7d4464accb1')
/
insert into KSEN_LUILUI_RELTN (OBJ_ID, VER_NBR, CREATEID, CREATETIME, UPDATEID, UPDATETIME, EFF_DT, EXPIR_DT, DESCR_FORMATTED, LUI_ID, LUILUI_RELTN_STATE, LUILUI_RELTN_TYPE, NAME, DESCR_PLAIN, RELATED_LUI_ID, ID) values ('80757914-9630-456d-8b66-d5c244a067c4', 0, 'admin', TIMESTAMP '2013-10-28 10:29:09.99', 'admin', TIMESTAMP '2013-10-28 10:29:09.99', TIMESTAMP '2013-10-28 10:29:11.81', '', 'CHEM242-FO-RG', '082c0f44-3e1a-4f7b-84b0-45569aed5044', 'kuali.lui.lui.relation.state.active', 'kuali.lui.lui.relation.type.deliveredvia.fo2rg', 'fo-rg-relation', 'CHEM242-FO-RG', '0dabc9e6-5017-4f99-ab4a-9807c70a444d', 'fada2929-20e5-4508-a418-929003945f8a')
/
insert into KSEN_LUILUI_RELTN (OBJ_ID, VER_NBR, CREATEID, CREATETIME, UPDATEID, UPDATETIME, EFF_DT, EXPIR_DT, DESCR_FORMATTED, LUI_ID, LUILUI_RELTN_STATE, LUILUI_RELTN_TYPE, NAME, DESCR_PLAIN, RELATED_LUI_ID, ID) values ('0a5f116e-da7e-4dad-a7f8-a245e8028700', 0, 'admin', TIMESTAMP '2013-10-28 10:29:09.99', 'admin', TIMESTAMP '2013-10-28 10:29:09.99', TIMESTAMP '2013-10-28 10:29:11.811', '', 'CHEM242-RG-AO', '0dabc9e6-5017-4f99-ab4a-9807c70a444d', 'kuali.lui.lui.relation.state.active', 'kuali.lui.lui.relation.type.registeredforvia.rg2ao', 'rg-ao-relation', 'CHEM242-RG-AO', '7c377afa-11e2-4c3a-b187-f8e335f84237', 'a037f027-8482-4103-8841-20580b09e20e')
/
insert into KSEN_LUILUI_RELTN (OBJ_ID, VER_NBR, CREATEID, CREATETIME, UPDATEID, UPDATETIME, EFF_DT, EXPIR_DT, DESCR_FORMATTED, LUI_ID, LUILUI_RELTN_STATE, LUILUI_RELTN_TYPE, NAME, DESCR_PLAIN, RELATED_LUI_ID, ID) values ('c42658a5-40cf-49d7-bae6-9dd366246ebf', 0, 'admin', TIMESTAMP '2013-10-28 10:29:09.99', 'admin', TIMESTAMP '2013-10-28 10:29:09.99', TIMESTAMP '2013-10-28 10:29:11.811', '', 'CHEM242-RG-AO', '0dabc9e6-5017-4f99-ab4a-9807c70a444d', 'kuali.lui.lui.relation.state.active', 'kuali.lui.lui.relation.type.registeredforvia.rg2ao', 'rg-ao-relation', 'CHEM242-RG-AO', '01ee3da3-7c60-4499-a9c3-523189332478', 'cbb95666-9866-49e6-8d3c-e1b0250e5c64')
/
insert into KSEN_LUI (OBJ_ID, VER_NBR, CREATEID, CREATETIME, UPDATEID, UPDATETIME, ATP_ID, CLU_ID, EFF_DT, EXPIR_DT, DESCR_FORMATTED, LUI_STATE, LUI_TYPE, MAX_SEATS, MIN_SEATS, NAME, DESCR_PLAIN, REF_URL, ID) values ('7358085b-958f-427d-bab9-3c4e81759693', 0, 'admin', TIMESTAMP '2013-10-28 10:29:09.99', 'admin', TIMESTAMP '2013-10-28 10:29:09.99', 'kuali.atp.2018Summer1', 'd925e275-370d-4d98-bbec-96fe2459a200', '', '', '1002', 'kuali.lui.registration.group.state.pending', 'kuali.lui.type.registration.group', '', '', '1002', '1002', '', '630b4eb7-9cda-4f17-b938-53b1bb1d3358')
/
insert into KSEN_LUI_ATTR (OBJ_ID, ATTR_KEY, OWNER_ID, ATTR_VALUE, ID) values ('9de720ee-59b6-4472-91c1-e5b4eb3279a8', 'kuali.attribute.registration.group.aocluster.id', '630b4eb7-9cda-4f17-b938-53b1bb1d3358', '4dd5c028-d2aa-4ae1-87a5-0a641db5198f', 'fa25c178-bf8f-4225-bbeb-831d266068f2')
/
insert into KSEN_LUI_ATTR (OBJ_ID, ATTR_KEY, OWNER_ID, ATTR_VALUE, ID) values ('cf45193a-3631-43fb-936d-e7172125e0f1', 'kuali.attribute.registration.group.is.generated', '630b4eb7-9cda-4f17-b938-53b1bb1d3358', '1', '2451d50a-c4eb-4b0e-8fa0-3f0f0612e8ef')
/
insert into KSEN_LUI_IDENT (OBJ_ID, VER_NBR, CREATEID, CREATETIME, UPDATEID, UPDATETIME, LUI_CD, DIVISION, IDENT_LEVEL, LNG_NAME, LUI_ID, ORGID, SHRT_NAME, LUI_ID_STATE, SUFX_CD, LUI_ID_TYPE, VARTN, ID) values ('7eb9ed60-da53-4197-b535-5fb290dd4953', 0, 'admin', TIMESTAMP '2013-10-28 10:29:09.99', 'admin', TIMESTAMP '2013-10-28 10:29:09.99', '', '', '', '', '630b4eb7-9cda-4f17-b938-53b1bb1d3358', '', '', 'kuali.lui.identifier.state.active', '', 'kuali.lui.identifier.type.official', '', '9528d54a-2875-44e8-a992-858f7de1d482')
/
insert into KSEN_LUILUI_RELTN (OBJ_ID, VER_NBR, CREATEID, CREATETIME, UPDATEID, UPDATETIME, EFF_DT, EXPIR_DT, DESCR_FORMATTED, LUI_ID, LUILUI_RELTN_STATE, LUILUI_RELTN_TYPE, NAME, DESCR_PLAIN, RELATED_LUI_ID, ID) values ('8aa8054d-077b-4ace-9e04-2156a884cda3', 0, 'admin', TIMESTAMP '2013-10-28 10:29:09.99', 'admin', TIMESTAMP '2013-10-28 10:29:09.99', TIMESTAMP '2013-10-28 10:29:12.219', '', 'CHEM242-FO-RG', '082c0f44-3e1a-4f7b-84b0-45569aed5044', 'kuali.lui.lui.relation.state.active', 'kuali.lui.lui.relation.type.deliveredvia.fo2rg', 'fo-rg-relation', 'CHEM242-FO-RG', '630b4eb7-9cda-4f17-b938-53b1bb1d3358', '7e73af96-6706-4298-8d82-0acbca8547eb')
/
insert into KSEN_LUILUI_RELTN (OBJ_ID, VER_NBR, CREATEID, CREATETIME, UPDATEID, UPDATETIME, EFF_DT, EXPIR_DT, DESCR_FORMATTED, LUI_ID, LUILUI_RELTN_STATE, LUILUI_RELTN_TYPE, NAME, DESCR_PLAIN, RELATED_LUI_ID, ID) values ('152ea3d7-b58b-4c72-a935-ebd162753eff', 0, 'admin', TIMESTAMP '2013-10-28 10:29:09.99', 'admin', TIMESTAMP '2013-10-28 10:29:09.99', TIMESTAMP '2013-10-28 10:29:12.219', '', 'CHEM242-RG-AO', '630b4eb7-9cda-4f17-b938-53b1bb1d3358', 'kuali.lui.lui.relation.state.active', 'kuali.lui.lui.relation.type.registeredforvia.rg2ao', 'rg-ao-relation', 'CHEM242-RG-AO', '18af7755-7af2-463d-a5a4-51e98b3a8294', '4b7bf022-63eb-4903-9fa1-2719773267c7')
/
insert into KSEN_LUILUI_RELTN (OBJ_ID, VER_NBR, CREATEID, CREATETIME, UPDATEID, UPDATETIME, EFF_DT, EXPIR_DT, DESCR_FORMATTED, LUI_ID, LUILUI_RELTN_STATE, LUILUI_RELTN_TYPE, NAME, DESCR_PLAIN, RELATED_LUI_ID, ID) values ('eaa91166-1f92-4119-919f-637ca505629a', 0, 'admin', TIMESTAMP '2013-10-28 10:29:09.99', 'admin', TIMESTAMP '2013-10-28 10:29:09.99', TIMESTAMP '2013-10-28 10:29:12.219', '', 'CHEM242-RG-AO', '630b4eb7-9cda-4f17-b938-53b1bb1d3358', 'kuali.lui.lui.relation.state.active', 'kuali.lui.lui.relation.type.registeredforvia.rg2ao', 'rg-ao-relation', 'CHEM242-RG-AO', '01ee3da3-7c60-4499-a9c3-523189332478', 'e9346f54-cb3a-44cf-ab9a-0b62ffce9a2f')
/
insert into KSEN_LUI (OBJ_ID, VER_NBR, CREATEID, CREATETIME, UPDATEID, UPDATETIME, ATP_ID, CLU_ID, EFF_DT, EXPIR_DT, DESCR_FORMATTED, LUI_STATE, LUI_TYPE, MAX_SEATS, MIN_SEATS, NAME, DESCR_PLAIN, REF_URL, ID) values ('ada9a32d-e847-4fb4-a6af-3d0babdaca2d', 0, 'admin', TIMESTAMP '2013-10-28 10:29:09.99', 'admin', TIMESTAMP '2013-10-28 10:29:09.99', 'kuali.atp.2018Summer1', 'd925e275-370d-4d98-bbec-96fe2459a200', '', '', '1003', 'kuali.lui.registration.group.state.pending', 'kuali.lui.type.registration.group', '', '', '1003', '1003', '', '668bc88e-dfc8-4b50-b026-d92300529a99')
/
insert into KSEN_LUI_ATTR (OBJ_ID, ATTR_KEY, OWNER_ID, ATTR_VALUE, ID) values ('9f87dc1f-f242-4699-ac2e-3ba3e1969139', 'kuali.attribute.registration.group.aocluster.id', '668bc88e-dfc8-4b50-b026-d92300529a99', '4dd5c028-d2aa-4ae1-87a5-0a641db5198f', '54a100a0-c63e-4425-8717-b8147c61df5d')
/
insert into KSEN_LUI_ATTR (OBJ_ID, ATTR_KEY, OWNER_ID, ATTR_VALUE, ID) values ('a10246fc-8e9c-48be-9dd2-780428f074d5', 'kuali.attribute.registration.group.is.generated', '668bc88e-dfc8-4b50-b026-d92300529a99', '1', '109ba92e-43ae-4153-8527-198d25ee59d7')
/
insert into KSEN_LUI_IDENT (OBJ_ID, VER_NBR, CREATEID, CREATETIME, UPDATEID, UPDATETIME, LUI_CD, DIVISION, IDENT_LEVEL, LNG_NAME, LUI_ID, ORGID, SHRT_NAME, LUI_ID_STATE, SUFX_CD, LUI_ID_TYPE, VARTN, ID) values ('b320c937-6e13-4478-a7ad-74b86e6d14e7', 0, 'admin', TIMESTAMP '2013-10-28 10:29:09.99', 'admin', TIMESTAMP '2013-10-28 10:29:09.99', '', '', '', '', '668bc88e-dfc8-4b50-b026-d92300529a99', '', '', 'kuali.lui.identifier.state.active', '', 'kuali.lui.identifier.type.official', '', '2ec1b65e-7df8-4356-a824-786d3baead09')
/
insert into KSEN_LUILUI_RELTN (OBJ_ID, VER_NBR, CREATEID, CREATETIME, UPDATEID, UPDATETIME, EFF_DT, EXPIR_DT, DESCR_FORMATTED, LUI_ID, LUILUI_RELTN_STATE, LUILUI_RELTN_TYPE, NAME, DESCR_PLAIN, RELATED_LUI_ID, ID) values ('c5301eee-f286-4ea4-a52c-e04068626373', 0, 'admin', TIMESTAMP '2013-10-28 10:29:09.99', 'admin', TIMESTAMP '2013-10-28 10:29:09.99', TIMESTAMP '2013-10-28 10:29:12.657', '', 'CHEM242-FO-RG', '082c0f44-3e1a-4f7b-84b0-45569aed5044', 'kuali.lui.lui.relation.state.active', 'kuali.lui.lui.relation.type.deliveredvia.fo2rg', 'fo-rg-relation', 'CHEM242-FO-RG', '668bc88e-dfc8-4b50-b026-d92300529a99', 'f89155b9-2031-4555-b18f-42e06144347e')
/
insert into KSEN_LUILUI_RELTN (OBJ_ID, VER_NBR, CREATEID, CREATETIME, UPDATEID, UPDATETIME, EFF_DT, EXPIR_DT, DESCR_FORMATTED, LUI_ID, LUILUI_RELTN_STATE, LUILUI_RELTN_TYPE, NAME, DESCR_PLAIN, RELATED_LUI_ID, ID) values ('35900614-cef5-4f9f-add7-4260f83c696c', 0, 'admin', TIMESTAMP '2013-10-28 10:29:09.99', 'admin', TIMESTAMP '2013-10-28 10:29:09.99', TIMESTAMP '2013-10-28 10:29:12.658', '', 'CHEM242-RG-AO', '668bc88e-dfc8-4b50-b026-d92300529a99', 'kuali.lui.lui.relation.state.active', 'kuali.lui.lui.relation.type.registeredforvia.rg2ao', 'rg-ao-relation', 'CHEM242-RG-AO', '1746e95c-ac2c-4d6a-853e-76d0776f1a9f', '92c23d1b-e0b9-49b2-adaf-fd69e74ec843')
/
insert into KSEN_LUILUI_RELTN (OBJ_ID, VER_NBR, CREATEID, CREATETIME, UPDATEID, UPDATETIME, EFF_DT, EXPIR_DT, DESCR_FORMATTED, LUI_ID, LUILUI_RELTN_STATE, LUILUI_RELTN_TYPE, NAME, DESCR_PLAIN, RELATED_LUI_ID, ID) values ('0ada7427-ec29-4782-85a6-f54129a7ad18', 0, 'admin', TIMESTAMP '2013-10-28 10:29:09.99', 'admin', TIMESTAMP '2013-10-28 10:29:09.99', TIMESTAMP '2013-10-28 10:29:12.658', '', 'CHEM242-RG-AO', '668bc88e-dfc8-4b50-b026-d92300529a99', 'kuali.lui.lui.relation.state.active', 'kuali.lui.lui.relation.type.registeredforvia.rg2ao', 'rg-ao-relation', 'CHEM242-RG-AO', '01ee3da3-7c60-4499-a9c3-523189332478', 'b0943aa3-2a12-4588-aa42-e3704a73567a')
/
insert into KSEN_LUI (OBJ_ID, VER_NBR, CREATEID, CREATETIME, UPDATEID, UPDATETIME, ATP_ID, CLU_ID, EFF_DT, EXPIR_DT, DESCR_FORMATTED, LUI_STATE, LUI_TYPE, MAX_SEATS, MIN_SEATS, NAME, DESCR_PLAIN, REF_URL, ID) values ('a1833747-ce84-4a06-9d90-4c59762e3377', 0, 'admin', TIMESTAMP '2013-10-28 10:29:09.99', 'admin', TIMESTAMP '2013-10-28 10:29:09.99', 'kuali.atp.2018Summer1', 'd925e275-370d-4d98-bbec-96fe2459a200', '', '', '1004', 'kuali.lui.registration.group.state.pending', 'kuali.lui.type.registration.group', '', '', '1004', '1004', '', '87790bb8-6135-41cf-8407-fac81c38f78c')
/
insert into KSEN_LUI_ATTR (OBJ_ID, ATTR_KEY, OWNER_ID, ATTR_VALUE, ID) values ('3cd5597e-420c-4c66-b830-e709469f2502', 'kuali.attribute.registration.group.aocluster.id', '87790bb8-6135-41cf-8407-fac81c38f78c', '4dd5c028-d2aa-4ae1-87a5-0a641db5198f', 'f29a7fa6-1145-432f-963c-11d4e3eb7203')
/
insert into KSEN_LUI_ATTR (OBJ_ID, ATTR_KEY, OWNER_ID, ATTR_VALUE, ID) values ('7ac6de24-9a15-4fb9-902c-b6fe1fc3b1d2', 'kuali.attribute.registration.group.is.generated', '87790bb8-6135-41cf-8407-fac81c38f78c', '1', 'f07a3f41-3f1c-4a18-95ff-1e25fa617301')
/
insert into KSEN_LUI_IDENT (OBJ_ID, VER_NBR, CREATEID, CREATETIME, UPDATEID, UPDATETIME, LUI_CD, DIVISION, IDENT_LEVEL, LNG_NAME, LUI_ID, ORGID, SHRT_NAME, LUI_ID_STATE, SUFX_CD, LUI_ID_TYPE, VARTN, ID) values ('415c1e6b-fd33-4795-8c7b-6b03093ca750', 0, 'admin', TIMESTAMP '2013-10-28 10:29:09.99', 'admin', TIMESTAMP '2013-10-28 10:29:09.99', '', '', '', '', '87790bb8-6135-41cf-8407-fac81c38f78c', '', '', 'kuali.lui.identifier.state.active', '', 'kuali.lui.identifier.type.official', '', 'cce6a588-dd57-4e95-8d5a-b1368dca7cf3')
/
insert into KSEN_LUILUI_RELTN (OBJ_ID, VER_NBR, CREATEID, CREATETIME, UPDATEID, UPDATETIME, EFF_DT, EXPIR_DT, DESCR_FORMATTED, LUI_ID, LUILUI_RELTN_STATE, LUILUI_RELTN_TYPE, NAME, DESCR_PLAIN, RELATED_LUI_ID, ID) values ('1804fab8-64b5-455a-ae6b-75c8e9e7c8d7', 0, 'admin', TIMESTAMP '2013-10-28 10:29:09.99', 'admin', TIMESTAMP '2013-10-28 10:29:09.99', TIMESTAMP '2013-10-28 10:29:13.064', '', 'CHEM242-FO-RG', '082c0f44-3e1a-4f7b-84b0-45569aed5044', 'kuali.lui.lui.relation.state.active', 'kuali.lui.lui.relation.type.deliveredvia.fo2rg', 'fo-rg-relation', 'CHEM242-FO-RG', '87790bb8-6135-41cf-8407-fac81c38f78c', '669468d4-c9c7-4fcc-a46c-2d55960ccb0e')
/
insert into KSEN_LUILUI_RELTN (OBJ_ID, VER_NBR, CREATEID, CREATETIME, UPDATEID, UPDATETIME, EFF_DT, EXPIR_DT, DESCR_FORMATTED, LUI_ID, LUILUI_RELTN_STATE, LUILUI_RELTN_TYPE, NAME, DESCR_PLAIN, RELATED_LUI_ID, ID) values ('3565df61-3039-4eb9-a04a-79fddda62c24', 0, 'admin', TIMESTAMP '2013-10-28 10:29:09.99', 'admin', TIMESTAMP '2013-10-28 10:29:09.99', TIMESTAMP '2013-10-28 10:29:13.065', '', 'CHEM242-RG-AO', '87790bb8-6135-41cf-8407-fac81c38f78c', 'kuali.lui.lui.relation.state.active', 'kuali.lui.lui.relation.type.registeredforvia.rg2ao', 'rg-ao-relation', 'CHEM242-RG-AO', 'fa521239-4c05-471c-a257-52705b12f48a', '2979574d-d05d-4003-a525-7fa8d2780652')
/
insert into KSEN_LUILUI_RELTN (OBJ_ID, VER_NBR, CREATEID, CREATETIME, UPDATEID, UPDATETIME, EFF_DT, EXPIR_DT, DESCR_FORMATTED, LUI_ID, LUILUI_RELTN_STATE, LUILUI_RELTN_TYPE, NAME, DESCR_PLAIN, RELATED_LUI_ID, ID) values ('b1a40060-936b-4c1a-ae43-8eabb9548107', 0, 'admin', TIMESTAMP '2013-10-28 10:29:09.99', 'admin', TIMESTAMP '2013-10-28 10:29:09.99', TIMESTAMP '2013-10-28 10:29:13.065', '', 'CHEM242-RG-AO', '87790bb8-6135-41cf-8407-fac81c38f78c', 'kuali.lui.lui.relation.state.active', 'kuali.lui.lui.relation.type.registeredforvia.rg2ao', 'rg-ao-relation', 'CHEM242-RG-AO', '01ee3da3-7c60-4499-a9c3-523189332478', 'b7118872-eaea-44ae-b2ee-4cb3eaad9212')
/
insert into KSEN_LUI (OBJ_ID, VER_NBR, CREATEID, CREATETIME, UPDATEID, UPDATETIME, ATP_ID, CLU_ID, EFF_DT, EXPIR_DT, DESCR_FORMATTED, LUI_STATE, LUI_TYPE, MAX_SEATS, MIN_SEATS, NAME, DESCR_PLAIN, REF_URL, ID) values ('d357cf0c-8204-400f-b5b1-d6daee2d9892', 0, 'admin', TIMESTAMP '2013-10-28 10:29:09.99', 'admin', TIMESTAMP '2013-10-28 10:29:09.99', 'kuali.atp.2018Summer1', 'd925e275-370d-4d98-bbec-96fe2459a200', '', '', '1005', 'kuali.lui.registration.group.state.pending', 'kuali.lui.type.registration.group', '', '', '1005', '1005', '', '89768548-f16a-4090-b043-904cbd23f5e2')
/
insert into KSEN_LUI_ATTR (OBJ_ID, ATTR_KEY, OWNER_ID, ATTR_VALUE, ID) values ('58a711e0-626d-43a7-8819-a0da85142825', 'kuali.attribute.registration.group.aocluster.id', '89768548-f16a-4090-b043-904cbd23f5e2', '4dd5c028-d2aa-4ae1-87a5-0a641db5198f', '6a6dacdf-508b-4438-8f26-c2ac34a259e8')
/
insert into KSEN_LUI_ATTR (OBJ_ID, ATTR_KEY, OWNER_ID, ATTR_VALUE, ID) values ('ab56b6cc-922f-4726-bf3c-957fe1c7d523', 'kuali.attribute.registration.group.is.generated', '89768548-f16a-4090-b043-904cbd23f5e2', '1', '4df3a9f3-bdd8-4afe-85e3-92b541872e7c')
/
insert into KSEN_LUI_IDENT (OBJ_ID, VER_NBR, CREATEID, CREATETIME, UPDATEID, UPDATETIME, LUI_CD, DIVISION, IDENT_LEVEL, LNG_NAME, LUI_ID, ORGID, SHRT_NAME, LUI_ID_STATE, SUFX_CD, LUI_ID_TYPE, VARTN, ID) values ('0047c527-e54a-4d36-a059-27607eb7755c', 0, 'admin', TIMESTAMP '2013-10-28 10:29:09.99', 'admin', TIMESTAMP '2013-10-28 10:29:09.99', '', '', '', '', '89768548-f16a-4090-b043-904cbd23f5e2', '', '', 'kuali.lui.identifier.state.active', '', 'kuali.lui.identifier.type.official', '', '94238c52-1742-4d69-9bf0-9a781f944d78')
/
insert into KSEN_LUILUI_RELTN (OBJ_ID, VER_NBR, CREATEID, CREATETIME, UPDATEID, UPDATETIME, EFF_DT, EXPIR_DT, DESCR_FORMATTED, LUI_ID, LUILUI_RELTN_STATE, LUILUI_RELTN_TYPE, NAME, DESCR_PLAIN, RELATED_LUI_ID, ID) values ('c236709c-aad9-4cb1-b5bf-732f2ea16767', 0, 'admin', TIMESTAMP '2013-10-28 10:29:09.99', 'admin', TIMESTAMP '2013-10-28 10:29:09.99', TIMESTAMP '2013-10-28 10:29:13.492', '', 'CHEM242-FO-RG', '082c0f44-3e1a-4f7b-84b0-45569aed5044', 'kuali.lui.lui.relation.state.active', 'kuali.lui.lui.relation.type.deliveredvia.fo2rg', 'fo-rg-relation', 'CHEM242-FO-RG', '89768548-f16a-4090-b043-904cbd23f5e2', 'e0af9d28-26e9-46f2-b5ec-449c933deb6e')
/
insert into KSEN_LUILUI_RELTN (OBJ_ID, VER_NBR, CREATEID, CREATETIME, UPDATEID, UPDATETIME, EFF_DT, EXPIR_DT, DESCR_FORMATTED, LUI_ID, LUILUI_RELTN_STATE, LUILUI_RELTN_TYPE, NAME, DESCR_PLAIN, RELATED_LUI_ID, ID) values ('55c3da5f-3049-403d-8f99-91f850f82b35', 0, 'admin', TIMESTAMP '2013-10-28 10:29:09.99', 'admin', TIMESTAMP '2013-10-28 10:29:09.99', TIMESTAMP '2013-10-28 10:29:13.492', '', 'CHEM242-RG-AO', '89768548-f16a-4090-b043-904cbd23f5e2', 'kuali.lui.lui.relation.state.active', 'kuali.lui.lui.relation.type.registeredforvia.rg2ao', 'rg-ao-relation', 'CHEM242-RG-AO', '0f864d2e-6f36-455e-8454-c9325333a38b', '6f6b6b94-51cc-4d53-b7a1-1af7a832c463')
/
insert into KSEN_LUILUI_RELTN (OBJ_ID, VER_NBR, CREATEID, CREATETIME, UPDATEID, UPDATETIME, EFF_DT, EXPIR_DT, DESCR_FORMATTED, LUI_ID, LUILUI_RELTN_STATE, LUILUI_RELTN_TYPE, NAME, DESCR_PLAIN, RELATED_LUI_ID, ID) values ('a1f5ee19-9618-44bf-8bb3-25d6e5afa725', 0, 'admin', TIMESTAMP '2013-10-28 10:29:09.99', 'admin', TIMESTAMP '2013-10-28 10:29:09.99', TIMESTAMP '2013-10-28 10:29:13.493', '', 'CHEM242-RG-AO', '89768548-f16a-4090-b043-904cbd23f5e2', 'kuali.lui.lui.relation.state.active', 'kuali.lui.lui.relation.type.registeredforvia.rg2ao', 'rg-ao-relation', 'CHEM242-RG-AO', '01ee3da3-7c60-4499-a9c3-523189332478', '80dbc487-f7e6-482d-9ce0-302a24f40e11')
/
insert into KSEN_LUI (OBJ_ID, VER_NBR, CREATEID, CREATETIME, UPDATEID, UPDATETIME, ATP_ID, CLU_ID, EFF_DT, EXPIR_DT, DESCR_FORMATTED, LUI_STATE, LUI_TYPE, MAX_SEATS, MIN_SEATS, NAME, DESCR_PLAIN, REF_URL, ID) values ('401a082d-2486-4fd0-a903-0dae5d82076d', 0, 'admin', TIMESTAMP '2013-10-28 10:29:09.99', 'admin', TIMESTAMP '2013-10-28 10:29:09.99', 'kuali.atp.2018Summer1', 'd925e275-370d-4d98-bbec-96fe2459a200', '', '', '1006', 'kuali.lui.registration.group.state.pending', 'kuali.lui.type.registration.group', '', '', '1006', '1006', '', 'b9e500fb-867a-454d-a97e-a4dc48469226')
/
insert into KSEN_LUI_ATTR (OBJ_ID, ATTR_KEY, OWNER_ID, ATTR_VALUE, ID) values ('520abd7e-1eb9-4320-9f75-e48da496d7e5', 'kuali.attribute.registration.group.is.generated', 'b9e500fb-867a-454d-a97e-a4dc48469226', '1', '6e890b6a-7c5e-4ae3-b985-97bbbd08fb3e')
/
insert into KSEN_LUI_ATTR (OBJ_ID, ATTR_KEY, OWNER_ID, ATTR_VALUE, ID) values ('65331b83-e8e0-4879-a3d7-9776370bc913', 'kuali.attribute.registration.group.aocluster.id', 'b9e500fb-867a-454d-a97e-a4dc48469226', '4dd5c028-d2aa-4ae1-87a5-0a641db5198f', '6d06e5a5-d21d-43a1-9f6f-d68dfa310728')
/
insert into KSEN_LUI_IDENT (OBJ_ID, VER_NBR, CREATEID, CREATETIME, UPDATEID, UPDATETIME, LUI_CD, DIVISION, IDENT_LEVEL, LNG_NAME, LUI_ID, ORGID, SHRT_NAME, LUI_ID_STATE, SUFX_CD, LUI_ID_TYPE, VARTN, ID) values ('8b2521b5-690f-4699-9f65-0335f3d9bb47', 0, 'admin', TIMESTAMP '2013-10-28 10:29:09.99', 'admin', TIMESTAMP '2013-10-28 10:29:09.99', '', '', '', '', 'b9e500fb-867a-454d-a97e-a4dc48469226', '', '', 'kuali.lui.identifier.state.active', '', 'kuali.lui.identifier.type.official', '', '4167ae50-48b5-49f2-9b7f-84c7f0fdbfcf')
/
insert into KSEN_LUILUI_RELTN (OBJ_ID, VER_NBR, CREATEID, CREATETIME, UPDATEID, UPDATETIME, EFF_DT, EXPIR_DT, DESCR_FORMATTED, LUI_ID, LUILUI_RELTN_STATE, LUILUI_RELTN_TYPE, NAME, DESCR_PLAIN, RELATED_LUI_ID, ID) values ('e54baa26-e013-4bdc-84fb-4b02041e98aa', 0, 'admin', TIMESTAMP '2013-10-28 10:29:09.99', 'admin', TIMESTAMP '2013-10-28 10:29:09.99', TIMESTAMP '2013-10-28 10:29:13.907', '', 'CHEM242-FO-RG', '082c0f44-3e1a-4f7b-84b0-45569aed5044', 'kuali.lui.lui.relation.state.active', 'kuali.lui.lui.relation.type.deliveredvia.fo2rg', 'fo-rg-relation', 'CHEM242-FO-RG', 'b9e500fb-867a-454d-a97e-a4dc48469226', '67e9614b-13c6-403b-93a4-acfb368c8768')
/
insert into KSEN_LUILUI_RELTN (OBJ_ID, VER_NBR, CREATEID, CREATETIME, UPDATEID, UPDATETIME, EFF_DT, EXPIR_DT, DESCR_FORMATTED, LUI_ID, LUILUI_RELTN_STATE, LUILUI_RELTN_TYPE, NAME, DESCR_PLAIN, RELATED_LUI_ID, ID) values ('971e4310-4c8b-46c3-ab44-3069f1796f6a', 0, 'admin', TIMESTAMP '2013-10-28 10:29:09.99', 'admin', TIMESTAMP '2013-10-28 10:29:09.99', TIMESTAMP '2013-10-28 10:29:13.907', '', 'CHEM242-RG-AO', 'b9e500fb-867a-454d-a97e-a4dc48469226', 'kuali.lui.lui.relation.state.active', 'kuali.lui.lui.relation.type.registeredforvia.rg2ao', 'rg-ao-relation', 'CHEM242-RG-AO', 'b0c3ee64-afc8-4779-aa0c-640e16a7b5e6', 'bd5bb30e-ac89-49d7-9edd-acfe9f4ddffe')
/
insert into KSEN_LUILUI_RELTN (OBJ_ID, VER_NBR, CREATEID, CREATETIME, UPDATEID, UPDATETIME, EFF_DT, EXPIR_DT, DESCR_FORMATTED, LUI_ID, LUILUI_RELTN_STATE, LUILUI_RELTN_TYPE, NAME, DESCR_PLAIN, RELATED_LUI_ID, ID) values ('bd3f6718-4074-4949-b5a4-1802726b7d41', 0, 'admin', TIMESTAMP '2013-10-28 10:29:09.99', 'admin', TIMESTAMP '2013-10-28 10:29:09.99', TIMESTAMP '2013-10-28 10:29:13.908', '', 'CHEM242-RG-AO', 'b9e500fb-867a-454d-a97e-a4dc48469226', 'kuali.lui.lui.relation.state.active', 'kuali.lui.lui.relation.type.registeredforvia.rg2ao', 'rg-ao-relation', 'CHEM242-RG-AO', '01ee3da3-7c60-4499-a9c3-523189332478', '0010f4b0-6f51-4a90-ac48-dcbc940d9346')
/
insert into KSEN_LUI (OBJ_ID, VER_NBR, CREATEID, CREATETIME, UPDATEID, UPDATETIME, ATP_ID, CLU_ID, EFF_DT, EXPIR_DT, DESCR_FORMATTED, LUI_STATE, LUI_TYPE, MAX_SEATS, MIN_SEATS, NAME, DESCR_PLAIN, REF_URL, ID) values ('42d0e959-edbd-492b-946c-a8355ccf90ea', 0, 'admin', TIMESTAMP '2013-10-28 10:29:09.99', 'admin', TIMESTAMP '2013-10-28 10:29:09.99', 'kuali.atp.2018Summer1', 'd925e275-370d-4d98-bbec-96fe2459a200', '', '', '1007', 'kuali.lui.registration.group.state.pending', 'kuali.lui.type.registration.group', '', '', '1007', '1007', '', '506b7fcb-cbb3-41d3-8648-ad5fd99ed536')
/
insert into KSEN_LUI_ATTR (OBJ_ID, ATTR_KEY, OWNER_ID, ATTR_VALUE, ID) values ('4baacf81-d4b8-4820-a281-766267ec9d57', 'kuali.attribute.registration.group.aocluster.id', '506b7fcb-cbb3-41d3-8648-ad5fd99ed536', '4dd5c028-d2aa-4ae1-87a5-0a641db5198f', '64ee6457-0db6-4003-8999-f2cb85e4701d')
/
insert into KSEN_LUI_ATTR (OBJ_ID, ATTR_KEY, OWNER_ID, ATTR_VALUE, ID) values ('f6e3658e-e5d8-4982-910b-4660311037c7', 'kuali.attribute.registration.group.is.generated', '506b7fcb-cbb3-41d3-8648-ad5fd99ed536', '1', '2fe34b51-7bff-4660-8c84-815943371b66')
/
insert into KSEN_LUI_IDENT (OBJ_ID, VER_NBR, CREATEID, CREATETIME, UPDATEID, UPDATETIME, LUI_CD, DIVISION, IDENT_LEVEL, LNG_NAME, LUI_ID, ORGID, SHRT_NAME, LUI_ID_STATE, SUFX_CD, LUI_ID_TYPE, VARTN, ID) values ('c6f6d987-d6fb-4c2f-a04d-647d018adf67', 0, 'admin', TIMESTAMP '2013-10-28 10:29:09.99', 'admin', TIMESTAMP '2013-10-28 10:29:09.99', '', '', '', '', '506b7fcb-cbb3-41d3-8648-ad5fd99ed536', '', '', 'kuali.lui.identifier.state.active', '', 'kuali.lui.identifier.type.official', '', 'c1f146af-f7aa-427e-b1ef-be83a61d2613')
/
insert into KSEN_LUILUI_RELTN (OBJ_ID, VER_NBR, CREATEID, CREATETIME, UPDATEID, UPDATETIME, EFF_DT, EXPIR_DT, DESCR_FORMATTED, LUI_ID, LUILUI_RELTN_STATE, LUILUI_RELTN_TYPE, NAME, DESCR_PLAIN, RELATED_LUI_ID, ID) values ('e8bbe913-6403-42ab-b5ce-c3639f7d1ce3', 0, 'admin', TIMESTAMP '2013-10-28 10:29:09.99', 'admin', TIMESTAMP '2013-10-28 10:29:09.99', TIMESTAMP '2013-10-28 10:29:14.348', '', 'CHEM242-FO-RG', '082c0f44-3e1a-4f7b-84b0-45569aed5044', 'kuali.lui.lui.relation.state.active', 'kuali.lui.lui.relation.type.deliveredvia.fo2rg', 'fo-rg-relation', 'CHEM242-FO-RG', '506b7fcb-cbb3-41d3-8648-ad5fd99ed536', '5b9ab12c-6a39-41aa-9963-1329be2fc147')
/
insert into KSEN_LUILUI_RELTN (OBJ_ID, VER_NBR, CREATEID, CREATETIME, UPDATEID, UPDATETIME, EFF_DT, EXPIR_DT, DESCR_FORMATTED, LUI_ID, LUILUI_RELTN_STATE, LUILUI_RELTN_TYPE, NAME, DESCR_PLAIN, RELATED_LUI_ID, ID) values ('8a631c15-132f-43e0-bb39-7f0c75faa743', 0, 'admin', TIMESTAMP '2013-10-28 10:29:09.99', 'admin', TIMESTAMP '2013-10-28 10:29:09.99', TIMESTAMP '2013-10-28 10:29:14.348', '', 'CHEM242-RG-AO', '506b7fcb-cbb3-41d3-8648-ad5fd99ed536', 'kuali.lui.lui.relation.state.active', 'kuali.lui.lui.relation.type.registeredforvia.rg2ao', 'rg-ao-relation', 'CHEM242-RG-AO', '45950c6a-f0a4-49ec-91d3-810259939bf0', '7f07fea7-988f-4cb3-bab3-0297a47085d1')
/
insert into KSEN_LUILUI_RELTN (OBJ_ID, VER_NBR, CREATEID, CREATETIME, UPDATEID, UPDATETIME, EFF_DT, EXPIR_DT, DESCR_FORMATTED, LUI_ID, LUILUI_RELTN_STATE, LUILUI_RELTN_TYPE, NAME, DESCR_PLAIN, RELATED_LUI_ID, ID) values ('c1f691dc-1cad-431b-a812-e07f25b6637c', 0, 'admin', TIMESTAMP '2013-10-28 10:29:09.99', 'admin', TIMESTAMP '2013-10-28 10:29:09.99', TIMESTAMP '2013-10-28 10:29:14.348', '', 'CHEM242-RG-AO', '506b7fcb-cbb3-41d3-8648-ad5fd99ed536', 'kuali.lui.lui.relation.state.active', 'kuali.lui.lui.relation.type.registeredforvia.rg2ao', 'rg-ao-relation', 'CHEM242-RG-AO', '01ee3da3-7c60-4499-a9c3-523189332478', 'b8a47601-7ebf-4cfd-a6c4-879b52afc61b')
/
insert into KSEN_LUI (OBJ_ID, VER_NBR, CREATEID, CREATETIME, UPDATEID, UPDATETIME, ATP_ID, CLU_ID, EFF_DT, EXPIR_DT, DESCR_FORMATTED, LUI_STATE, LUI_TYPE, MAX_SEATS, MIN_SEATS, NAME, DESCR_PLAIN, REF_URL, ID) values ('55f6f3c1-d50e-45e8-85f1-aa692d6a04d7', 0, 'admin', TIMESTAMP '2013-10-28 10:29:09.99', 'admin', TIMESTAMP '2013-10-28 10:29:09.99', 'kuali.atp.2018Summer1', 'd925e275-370d-4d98-bbec-96fe2459a200', '', '', '1008', 'kuali.lui.registration.group.state.pending', 'kuali.lui.type.registration.group', '', '', '1008', '1008', '', '43a92a44-c235-4b9b-b30f-5ad7814b6da8')
/
insert into KSEN_LUI_ATTR (OBJ_ID, ATTR_KEY, OWNER_ID, ATTR_VALUE, ID) values ('a4db3f03-9f7a-4185-8771-543e4f6418ce', 'kuali.attribute.registration.group.aocluster.id', '43a92a44-c235-4b9b-b30f-5ad7814b6da8', '4dd5c028-d2aa-4ae1-87a5-0a641db5198f', '52bc83e7-9e52-4b07-abf7-b7648b11e048')
/
insert into KSEN_LUI_ATTR (OBJ_ID, ATTR_KEY, OWNER_ID, ATTR_VALUE, ID) values ('6646933d-8775-47a1-a634-b10b1d58f2bb', 'kuali.attribute.registration.group.is.generated', '43a92a44-c235-4b9b-b30f-5ad7814b6da8', '1', '4812a08a-e1b9-48bd-bf13-ac6f8975ca3a')
/
insert into KSEN_LUI_IDENT (OBJ_ID, VER_NBR, CREATEID, CREATETIME, UPDATEID, UPDATETIME, LUI_CD, DIVISION, IDENT_LEVEL, LNG_NAME, LUI_ID, ORGID, SHRT_NAME, LUI_ID_STATE, SUFX_CD, LUI_ID_TYPE, VARTN, ID) values ('2c1970f0-ea11-4cf1-848c-345e29cf4383', 0, 'admin', TIMESTAMP '2013-10-28 10:29:09.99', 'admin', TIMESTAMP '2013-10-28 10:29:09.99', '', '', '', '', '43a92a44-c235-4b9b-b30f-5ad7814b6da8', '', '', 'kuali.lui.identifier.state.active', '', 'kuali.lui.identifier.type.official', '', '8638a19d-5c1f-47cc-923d-2b755ef60ea1')
/
insert into KSEN_LUILUI_RELTN (OBJ_ID, VER_NBR, CREATEID, CREATETIME, UPDATEID, UPDATETIME, EFF_DT, EXPIR_DT, DESCR_FORMATTED, LUI_ID, LUILUI_RELTN_STATE, LUILUI_RELTN_TYPE, NAME, DESCR_PLAIN, RELATED_LUI_ID, ID) values ('ad3088ef-85e5-4181-a52d-31e31202cf42', 0, 'admin', TIMESTAMP '2013-10-28 10:29:09.99', 'admin', TIMESTAMP '2013-10-28 10:29:09.99', TIMESTAMP '2013-10-28 10:29:14.785', '', 'CHEM242-FO-RG', '082c0f44-3e1a-4f7b-84b0-45569aed5044', 'kuali.lui.lui.relation.state.active', 'kuali.lui.lui.relation.type.deliveredvia.fo2rg', 'fo-rg-relation', 'CHEM242-FO-RG', '43a92a44-c235-4b9b-b30f-5ad7814b6da8', 'ba48909c-329c-4a56-85ee-62d02f897b65')
/
insert into KSEN_LUILUI_RELTN (OBJ_ID, VER_NBR, CREATEID, CREATETIME, UPDATEID, UPDATETIME, EFF_DT, EXPIR_DT, DESCR_FORMATTED, LUI_ID, LUILUI_RELTN_STATE, LUILUI_RELTN_TYPE, NAME, DESCR_PLAIN, RELATED_LUI_ID, ID) values ('4ad7dd09-aa9f-4e9c-97ee-032813c0c7a3', 0, 'admin', TIMESTAMP '2013-10-28 10:29:09.99', 'admin', TIMESTAMP '2013-10-28 10:29:09.99', TIMESTAMP '2013-10-28 10:29:14.786', '', 'CHEM242-RG-AO', '43a92a44-c235-4b9b-b30f-5ad7814b6da8', 'kuali.lui.lui.relation.state.active', 'kuali.lui.lui.relation.type.registeredforvia.rg2ao', 'rg-ao-relation', 'CHEM242-RG-AO', 'ed551435-adc7-457e-bb34-2157254aafa3', '97c9e20f-d31b-4404-8120-6b5ef06ebc7f')
/
insert into KSEN_LUILUI_RELTN (OBJ_ID, VER_NBR, CREATEID, CREATETIME, UPDATEID, UPDATETIME, EFF_DT, EXPIR_DT, DESCR_FORMATTED, LUI_ID, LUILUI_RELTN_STATE, LUILUI_RELTN_TYPE, NAME, DESCR_PLAIN, RELATED_LUI_ID, ID) values ('58e599e3-bb67-405b-9a57-5d62d030b16d', 0, 'admin', TIMESTAMP '2013-10-28 10:29:09.99', 'admin', TIMESTAMP '2013-10-28 10:29:09.99', TIMESTAMP '2013-10-28 10:29:14.786', '', 'CHEM242-RG-AO', '43a92a44-c235-4b9b-b30f-5ad7814b6da8', 'kuali.lui.lui.relation.state.active', 'kuali.lui.lui.relation.type.registeredforvia.rg2ao', 'rg-ao-relation', 'CHEM242-RG-AO', '01ee3da3-7c60-4499-a9c3-523189332478', 'bbe4cec4-422a-4f08-8594-6de84569984c')
/
insert into KSEN_LUI (OBJ_ID, VER_NBR, CREATEID, CREATETIME, UPDATEID, UPDATETIME, ATP_ID, CLU_ID, EFF_DT, EXPIR_DT, DESCR_FORMATTED, LUI_STATE, LUI_TYPE, MAX_SEATS, MIN_SEATS, NAME, DESCR_PLAIN, REF_URL, ID) values ('be4b0bfc-edfb-4ce0-95c8-95403462d187', 0, 'admin', TIMESTAMP '2013-10-28 10:29:09.99', 'admin', TIMESTAMP '2013-10-28 10:29:09.99', 'kuali.atp.2018Summer1', 'd925e275-370d-4d98-bbec-96fe2459a200', '', '', '1009', 'kuali.lui.registration.group.state.pending', 'kuali.lui.type.registration.group', '', '', '1009', '1009', '', 'c79075df-d523-4846-aec4-f702e7b6dfe2')
/
insert into KSEN_LUI_ATTR (OBJ_ID, ATTR_KEY, OWNER_ID, ATTR_VALUE, ID) values ('975928e6-8099-4b24-b532-81bc3c3d3088', 'kuali.attribute.registration.group.aocluster.id', 'c79075df-d523-4846-aec4-f702e7b6dfe2', '4dd5c028-d2aa-4ae1-87a5-0a641db5198f', '06a0f1d9-f27f-4cd1-949a-5ec5e500f8f7')
/
insert into KSEN_LUI_ATTR (OBJ_ID, ATTR_KEY, OWNER_ID, ATTR_VALUE, ID) values ('72c88414-0560-4dc7-812b-f34afa5d928f', 'kuali.attribute.registration.group.is.generated', 'c79075df-d523-4846-aec4-f702e7b6dfe2', '1', 'f23cbc64-b3da-45a8-9514-e7f44ad4bed1')
/
insert into KSEN_LUI_IDENT (OBJ_ID, VER_NBR, CREATEID, CREATETIME, UPDATEID, UPDATETIME, LUI_CD, DIVISION, IDENT_LEVEL, LNG_NAME, LUI_ID, ORGID, SHRT_NAME, LUI_ID_STATE, SUFX_CD, LUI_ID_TYPE, VARTN, ID) values ('c92628b2-96a1-4776-b3a9-6d90eb4c3f2a', 0, 'admin', TIMESTAMP '2013-10-28 10:29:09.99', 'admin', TIMESTAMP '2013-10-28 10:29:09.99', '', '', '', '', 'c79075df-d523-4846-aec4-f702e7b6dfe2', '', '', 'kuali.lui.identifier.state.active', '', 'kuali.lui.identifier.type.official', '', '0d282204-26f2-4a2c-a24a-07819dc6f939')
/
insert into KSEN_LUILUI_RELTN (OBJ_ID, VER_NBR, CREATEID, CREATETIME, UPDATEID, UPDATETIME, EFF_DT, EXPIR_DT, DESCR_FORMATTED, LUI_ID, LUILUI_RELTN_STATE, LUILUI_RELTN_TYPE, NAME, DESCR_PLAIN, RELATED_LUI_ID, ID) values ('f0f2a310-1edd-4f05-b5b3-20d875835e22', 0, 'admin', TIMESTAMP '2013-10-28 10:29:09.99', 'admin', TIMESTAMP '2013-10-28 10:29:09.99', TIMESTAMP '2013-10-28 10:29:15.224', '', 'CHEM242-FO-RG', '082c0f44-3e1a-4f7b-84b0-45569aed5044', 'kuali.lui.lui.relation.state.active', 'kuali.lui.lui.relation.type.deliveredvia.fo2rg', 'fo-rg-relation', 'CHEM242-FO-RG', 'c79075df-d523-4846-aec4-f702e7b6dfe2', '9dd28990-57a3-4739-9adf-bf80ce265dad')
/
insert into KSEN_LUILUI_RELTN (OBJ_ID, VER_NBR, CREATEID, CREATETIME, UPDATEID, UPDATETIME, EFF_DT, EXPIR_DT, DESCR_FORMATTED, LUI_ID, LUILUI_RELTN_STATE, LUILUI_RELTN_TYPE, NAME, DESCR_PLAIN, RELATED_LUI_ID, ID) values ('e12df640-3204-40a0-958a-f565b58ca33e', 0, 'admin', TIMESTAMP '2013-10-28 10:29:09.99', 'admin', TIMESTAMP '2013-10-28 10:29:09.99', TIMESTAMP '2013-10-28 10:29:15.224', '', 'CHEM242-RG-AO', 'c79075df-d523-4846-aec4-f702e7b6dfe2', 'kuali.lui.lui.relation.state.active', 'kuali.lui.lui.relation.type.registeredforvia.rg2ao', 'rg-ao-relation', 'CHEM242-RG-AO', '3d9ce9a2-da39-417a-a373-907e37d404a9', 'b6d81987-6440-420b-beea-77adb34b47d8')
/
insert into KSEN_LUILUI_RELTN (OBJ_ID, VER_NBR, CREATEID, CREATETIME, UPDATEID, UPDATETIME, EFF_DT, EXPIR_DT, DESCR_FORMATTED, LUI_ID, LUILUI_RELTN_STATE, LUILUI_RELTN_TYPE, NAME, DESCR_PLAIN, RELATED_LUI_ID, ID) values ('91ca593c-0bd0-4643-93e1-2621f410e42d', 0, 'admin', TIMESTAMP '2013-10-28 10:29:09.99', 'admin', TIMESTAMP '2013-10-28 10:29:09.99', TIMESTAMP '2013-10-28 10:29:15.225', '', 'CHEM242-RG-AO', 'c79075df-d523-4846-aec4-f702e7b6dfe2', 'kuali.lui.lui.relation.state.active', 'kuali.lui.lui.relation.type.registeredforvia.rg2ao', 'rg-ao-relation', 'CHEM242-RG-AO', '01ee3da3-7c60-4499-a9c3-523189332478', '1d49cb89-e94d-4b83-b2ea-6e6ee3b2e586')
/
insert into KSEN_LUI (OBJ_ID, VER_NBR, CREATEID, CREATETIME, UPDATEID, UPDATETIME, ATP_ID, CLU_ID, EFF_DT, EXPIR_DT, DESCR_FORMATTED, LUI_STATE, LUI_TYPE, MAX_SEATS, MIN_SEATS, NAME, DESCR_PLAIN, REF_URL, ID) values ('4c3a3ef8-f7e7-4998-94a6-a7f4addecd45', 0, 'admin', TIMESTAMP '2013-10-28 10:29:09.99', 'admin', TIMESTAMP '2013-10-28 10:29:09.99', 'kuali.atp.2018Summer1', 'd925e275-370d-4d98-bbec-96fe2459a200', '', '', '1010', 'kuali.lui.registration.group.state.pending', 'kuali.lui.type.registration.group', '', '', '1010', '1010', '', 'f84737f4-49db-4c4b-b644-3c5e84bdff3d')
/
insert into KSEN_LUI_ATTR (OBJ_ID, ATTR_KEY, OWNER_ID, ATTR_VALUE, ID) values ('752746b6-7d90-427a-a295-aa5b8d28e52f', 'kuali.attribute.registration.group.aocluster.id', 'f84737f4-49db-4c4b-b644-3c5e84bdff3d', '4dd5c028-d2aa-4ae1-87a5-0a641db5198f', '506f665a-3c72-48a8-aa67-991d2d28825a')
/
insert into KSEN_LUI_ATTR (OBJ_ID, ATTR_KEY, OWNER_ID, ATTR_VALUE, ID) values ('d33fc4cb-199a-47cd-b1f0-fcafc6dad2aa', 'kuali.attribute.registration.group.is.generated', 'f84737f4-49db-4c4b-b644-3c5e84bdff3d', '1', 'b0e3f849-a928-4008-be7d-a2fb7806fc79')
/
insert into KSEN_LUI_IDENT (OBJ_ID, VER_NBR, CREATEID, CREATETIME, UPDATEID, UPDATETIME, LUI_CD, DIVISION, IDENT_LEVEL, LNG_NAME, LUI_ID, ORGID, SHRT_NAME, LUI_ID_STATE, SUFX_CD, LUI_ID_TYPE, VARTN, ID) values ('66491175-6088-45b7-ab56-50c2a254c60f', 0, 'admin', TIMESTAMP '2013-10-28 10:29:09.99', 'admin', TIMESTAMP '2013-10-28 10:29:09.99', '', '', '', '', 'f84737f4-49db-4c4b-b644-3c5e84bdff3d', '', '', 'kuali.lui.identifier.state.active', '', 'kuali.lui.identifier.type.official', '', 'f2416aa0-232a-4eb1-968f-de6a87567753')
/
insert into KSEN_LUILUI_RELTN (OBJ_ID, VER_NBR, CREATEID, CREATETIME, UPDATEID, UPDATETIME, EFF_DT, EXPIR_DT, DESCR_FORMATTED, LUI_ID, LUILUI_RELTN_STATE, LUILUI_RELTN_TYPE, NAME, DESCR_PLAIN, RELATED_LUI_ID, ID) values ('df8592f0-2775-4abb-b6a3-767c27070bc7', 0, 'admin', TIMESTAMP '2013-10-28 10:29:09.99', 'admin', TIMESTAMP '2013-10-28 10:29:09.99', TIMESTAMP '2013-10-28 10:29:15.705', '', 'CHEM242-FO-RG', '082c0f44-3e1a-4f7b-84b0-45569aed5044', 'kuali.lui.lui.relation.state.active', 'kuali.lui.lui.relation.type.deliveredvia.fo2rg', 'fo-rg-relation', 'CHEM242-FO-RG', 'f84737f4-49db-4c4b-b644-3c5e84bdff3d', '6ed6ccdd-716f-46fa-a0ed-4f4b3ac98b7c')
/
insert into KSEN_LUILUI_RELTN (OBJ_ID, VER_NBR, CREATEID, CREATETIME, UPDATEID, UPDATETIME, EFF_DT, EXPIR_DT, DESCR_FORMATTED, LUI_ID, LUILUI_RELTN_STATE, LUILUI_RELTN_TYPE, NAME, DESCR_PLAIN, RELATED_LUI_ID, ID) values ('a10ca19c-d725-4a88-89d6-ddd750b9aed1', 0, 'admin', TIMESTAMP '2013-10-28 10:29:09.99', 'admin', TIMESTAMP '2013-10-28 10:29:09.99', TIMESTAMP '2013-10-28 10:29:15.705', '', 'CHEM242-RG-AO', 'f84737f4-49db-4c4b-b644-3c5e84bdff3d', 'kuali.lui.lui.relation.state.active', 'kuali.lui.lui.relation.type.registeredforvia.rg2ao', 'rg-ao-relation', 'CHEM242-RG-AO', 'e2b9536f-be8a-4f65-9e1c-9314d8a1c08f', 'ce90cdbe-16d6-41fe-98a2-79b668ce7176')
/
insert into KSEN_LUILUI_RELTN (OBJ_ID, VER_NBR, CREATEID, CREATETIME, UPDATEID, UPDATETIME, EFF_DT, EXPIR_DT, DESCR_FORMATTED, LUI_ID, LUILUI_RELTN_STATE, LUILUI_RELTN_TYPE, NAME, DESCR_PLAIN, RELATED_LUI_ID, ID) values ('b2bd61e1-ea94-4f55-af48-f75f56bc6950', 0, 'admin', TIMESTAMP '2013-10-28 10:29:09.99', 'admin', TIMESTAMP '2013-10-28 10:29:09.99', TIMESTAMP '2013-10-28 10:29:15.706', '', 'CHEM242-RG-AO', 'f84737f4-49db-4c4b-b644-3c5e84bdff3d', 'kuali.lui.lui.relation.state.active', 'kuali.lui.lui.relation.type.registeredforvia.rg2ao', 'rg-ao-relation', 'CHEM242-RG-AO', '01ee3da3-7c60-4499-a9c3-523189332478', 'e79333d3-ce8b-46db-96b1-1d54053090c2')
/
insert into KSEN_CWL (OBJ_ID, VER_NBR, CREATEID, CREATETIME, UPDATEID, UPDATETIME, ALLOW_HOLD_UTIL_ENTRIES_IND, AUTO_PROCESSED_IND, CHECK_IN_REQ_IND, CONF_REQ_IND, EFF_DT, EXPIR_DT, MAX_SIZE, REG_IN_FIRST_AAO_IND, STD_DUR_TIME_QTY, STD_DUR_TYPE, CWL_STATE, CWL_TYPE, ID) values ('b00313e8-8a71-400f-8d3d-94fdab9971c9', 0, 'admin', TIMESTAMP '2013-10-28 10:29:09.99', 'admin', TIMESTAMP '2013-10-28 10:29:09.99', '0', '1', '0', '1', '', '', '', '', '', '', 'kuali.course.waitlist.state.active', 'kuali.course.waitlist.type.course.waitlist', 'fb57945b-c9be-468b-84e2-9669f5181056')
/
insert into KSEN_CWL_ACTIV_OFFER (CWL_ID, ACTIV_OFFER_ID) values ('fb57945b-c9be-468b-84e2-9669f5181056', '01ee3da3-7c60-4499-a9c3-523189332478')
/
insert into KSEN_CWL_FORMAT_OFFER (CWL_ID, FORMAT_OFFER_ID) values ('fb57945b-c9be-468b-84e2-9669f5181056', '082c0f44-3e1a-4f7b-84b0-45569aed5044')
/