INSERT INTO KREW_DOC_HDR_T (DOC_HDR_ID,DOC_TYP_ID,DOC_HDR_STAT_CD,RTE_LVL,APP_DOC_STAT,STAT_MDFN_DT,CRTE_DT,APRV_DT,FNL_DT,RTE_STAT_MDFN_DT,APP_DOC_STAT_MDFN_DT,TTL,APP_DOC_ID,DOC_VER_NBR,INITR_PRNCPL_ID,RTE_PRNCPL_ID,OBJ_ID,VER_NBR) VALUES ('KS-KREW-DOC-HDR-1000',(SELECT DOC_TYP_ID FROM KREW_DOC_TYP_T WHERE DOC_TYP_NM='kuali.proposal.type.course.create' AND DOC_TYP_VER_NBR = 1),'I','0','',TIMESTAMP '2013-02-18 13:11:27.479',TIMESTAMP '2013-02-18 13:11:27.479','','','','','Intro to Biology','d4d0b3ce-8bb4-41c1-a629-ae26f1bd1262','1','admin','','1224df97-af34-4b57-9d0f-226524175d97','1')
/
INSERT INTO KREW_DOC_HDR_CNTNT_T (DOC_HDR_ID,DOC_CNTNT_TXT) VALUES ('KS-KREW-DOC-HDR-1000',null)
/
INSERT INTO KREW_RTE_BRCH_T (RTE_BRCH_ID,NM,PARNT_ID,INIT_RTE_NODE_INSTN_ID,JOIN_RTE_NODE_INSTN_ID,SPLT_RTE_NODE_INSTN_ID,VER_NBR) VALUES ('KS-KREW-RTE-BRCH-1000','PRIMARY','','','','','1')
/
INSERT INTO KREW_RTE_NODE_INSTN_T (RTE_NODE_INSTN_ID,DOC_HDR_ID,RTE_NODE_ID,BRCH_ID,PROC_RTE_NODE_INSTN_ID,ACTV_IND,CMPLT_IND,INIT_IND,VER_NBR) VALUES ('KS-KREW-RTE-NODE-INSTN-1000','KS-KREW-DOC-HDR-1000','2987','KS-KREW-RTE-BRCH-1000','','1','0','1','1')
/
INSERT INTO KREW_INIT_RTE_NODE_INSTN_T (DOC_HDR_ID,RTE_NODE_INSTN_ID) VALUES ('KS-KREW-DOC-HDR-1000','KS-KREW-RTE-NODE-INSTN-1000')
/
INSERT INTO KREW_ACTN_TKN_T (ACTN_TKN_ID,DOC_HDR_ID,ACTN_CD,ACTN_DT,ANNOTN,DOC_VER_NBR,VER_NBR,PRNCPL_ID,DLGTR_PRNCPL_ID,DLGTR_GRP_ID,CUR_IND) VALUES ('KS-KREW-ACTN-TKN-1000','KS-KREW-DOC-HDR-1000','S',TIMESTAMP '2013-02-18 13:11:27.672','','1','1','admin','','','1')
/
INSERT INTO KREW_ACTN_RQST_T (ACTN_RQST_ID,PARNT_ID,ACTN_RQST_CD,DOC_HDR_ID,RULE_ID,STAT_CD,RSP_ID,GRP_ID,ROLE_NM,QUAL_ROLE_NM,QUAL_ROLE_NM_LBL_TXT,RECIP_TYP_CD,PRIO_NBR,RTE_LVL_NBR,RTE_NODE_INSTN_ID,ACTN_TKN_ID,DOC_VER_NBR,CRTE_DT,RSP_DESC_TXT,ACTN_RQST_ANNOTN_TXT,VER_NBR,PRNCPL_ID,FRC_ACTN,CUR_IND,APPR_PLCY,DLGN_TYP,RQST_LBL) VALUES ('KS-KREW-ACTN-RQST-1000','','C','KS-KREW-DOC-HDR-1000','','A','-3','','','','','U','0','0','3011','','1',TIMESTAMP '2013-02-18 13:11:27.71','Initiator needs to complete document.','','0','admin','1','1','F','','')
/
INSERT INTO KREW_ACTN_ITM_T (ACTN_ITM_ID,PRNCPL_ID,ASND_DT,RQST_CD,ACTN_RQST_ID,DOC_HDR_ID,RSP_ID,GRP_ID,ROLE_NM,DOC_HDR_TTL,DOC_TYP_LBL,DOC_HDLR_URL,DOC_TYP_NM,DLGN_PRNCPL_ID,DLGN_GRP_ID,DLGN_TYP,RQST_LBL) VALUES ('KS-KREW-ACTN-ITM-1000','admin',TIMESTAMP '2013-02-18 13:11:27.741','C','KS-KREW-ACTN-RQST-1000','KS-KREW-DOC-HDR-1000','-3','','','Intro to Biology','Credit Course Proposal','http://localhost:8081/ks-with-rice-bundled-dev/org.kuali.student.lum.lu.ui.main.LUMMain/LUMMain.jsp?view=COURSE_PROPOSAL&idType=documentNumber','kuali.proposal.type.course.create','','','','')
/
UPDATE KREW_ACTN_RQST_T SET PARNT_ID='',ACTN_RQST_CD='C',DOC_HDR_ID='KS-KREW-DOC-HDR-1000',RULE_ID='',STAT_CD='A',RSP_ID='-3',GRP_ID='',ROLE_NM='',QUAL_ROLE_NM='',QUAL_ROLE_NM_LBL_TXT='',RECIP_TYP_CD='U',PRIO_NBR='0',RTE_LVL_NBR='0',RTE_NODE_INSTN_ID='KS-KREW-RTE-NODE-INSTN-1000',ACTN_TKN_ID='',DOC_VER_NBR='1',CRTE_DT=TIMESTAMP '2013-02-18 13:11:27.71',RSP_DESC_TXT='Initiator needs to complete document.',ACTN_RQST_ANNOTN_TXT='',VER_NBR='0',PRNCPL_ID='admin',FRC_ACTN='1',CUR_IND='1',APPR_PLCY='F',DLGN_TYP='',RQST_LBL='' WHERE ACTN_RQST_ID = 'KS-KREW-ACTN-RQST-1000'
/

INSERT INTO KREW_DOC_HDR_EXT_T (DOC_HDR_EXT_ID,DOC_HDR_ID,KEY_CD,VAL) VALUES ('KS-KREW-DOC-HDR-EXT-1000','KS-KREW-DOC-HDR-1000','id','')
/
INSERT INTO KREW_DOC_HDR_EXT_T (DOC_HDR_EXT_ID,DOC_HDR_ID,KEY_CD,VAL) VALUES ('KS-KREW-DOC-HDR-EXT-1001','KS-KREW-DOC-HDR-1000','id','')
/

INSERT INTO KREW_DOC_HDR_EXT_T (DOC_HDR_EXT_ID,DOC_HDR_ID,KEY_CD,VAL) VALUES ('KS-KREW-DOC-HDR-EXT-1002','KS-KREW-DOC-HDR-1000','id','')
/
INSERT INTO KREW_DOC_HDR_EXT_T (DOC_HDR_EXT_ID,DOC_HDR_ID,KEY_CD,VAL) VALUES ('KS-KREW-DOC-HDR-EXT-1003','KS-KREW-DOC-HDR-1000','id','')
/

INSERT INTO KREW_DOC_HDR_EXT_T (DOC_HDR_EXT_ID,DOC_HDR_ID,KEY_CD,VAL) VALUES ('KS-KREW-DOC-HDR-EXT-1004','KS-KREW-DOC-HDR-1000','id','')
/
INSERT INTO KREW_DOC_HDR_EXT_T (DOC_HDR_EXT_ID,DOC_HDR_ID,KEY_CD,VAL) VALUES ('KS-KREW-DOC-HDR-EXT-1005','KS-KREW-DOC-HDR-1000','id','')
/

UPDATE KREW_RTE_BRCH_T SET NM='PRIMARY',PARNT_ID='',INIT_RTE_NODE_INSTN_ID='KS-KREW-RTE-NODE-INSTN-1000',JOIN_RTE_NODE_INSTN_ID='',SPLT_RTE_NODE_INSTN_ID='',VER_NBR='18' WHERE RTE_BRCH_ID = 'KS-KREW-RTE-BRCH-1000'  AND VER_NBR = '1'
/
UPDATE KREW_RTE_NODE_INSTN_T SET PROC_RTE_NODE_INSTN_ID='',ACTV_IND='1',CMPLT_IND='0',INIT_IND='0',VER_NBR='9' WHERE RTE_NODE_INSTN_ID = 'KS-KREW-RTE-NODE-INSTN-1000'  AND VER_NBR = '1'
/
UPDATE KREW_DOC_HDR_T SET DOC_HDR_STAT_CD='S',RTE_LVL='0',APP_DOC_STAT='',STAT_MDFN_DT=TIMESTAMP '2013-02-18 13:12:37.0',CRTE_DT=TIMESTAMP '2013-02-18 13:11:27.0',APRV_DT='',FNL_DT='',RTE_STAT_MDFN_DT=TIMESTAMP '2013-02-18 13:11:27.0',APP_DOC_STAT_MDFN_DT='',TTL='Intro to Biology',APP_DOC_ID='d4d0b3ce-8bb4-41c1-a629-ae26f1bd1262',DOC_VER_NBR='1',INITR_PRNCPL_ID='admin',RTE_PRNCPL_ID='',OBJ_ID='1224df97-af34-4b57-9d0f-226524175d97',VER_NBR='11' WHERE DOC_HDR_ID = 'KS-KREW-DOC-HDR-1000'  AND VER_NBR = '1'
/
INSERT INTO KREW_DOC_HDR_EXT_T (DOC_HDR_EXT_ID,DOC_HDR_ID,KEY_CD,VAL) VALUES ('KS-KREW-DOC-HDR-EXT-1006','KS-KREW-DOC-HDR-1000','id','')
/
INSERT INTO KREW_DOC_HDR_EXT_T (DOC_HDR_EXT_ID,DOC_HDR_ID,KEY_CD,VAL) VALUES ('KS-KREW-DOC-HDR-EXT-1007','KS-KREW-DOC-HDR-1000','id','')
/
INSERT INTO KREW_DOC_HDR_T (DOC_HDR_ID,DOC_TYP_ID,DOC_HDR_STAT_CD,RTE_LVL,APP_DOC_STAT,STAT_MDFN_DT,CRTE_DT,APRV_DT,FNL_DT,RTE_STAT_MDFN_DT,APP_DOC_STAT_MDFN_DT,TTL,APP_DOC_ID,DOC_VER_NBR,INITR_PRNCPL_ID,RTE_PRNCPL_ID,OBJ_ID,VER_NBR) VALUES ('KS-KREW-DOC-HDR-1001',(SELECT DOC_TYP_ID FROM KREW_DOC_TYP_T WHERE DOC_TYP_NM='kuali.proposal.type.course.create' AND DOC_TYP_VER_NBR = 1),'I','0','',TIMESTAMP '2013-02-18 13:20:11.485',TIMESTAMP '2013-02-18 13:20:11.485','','','','','Writing for Teachers','20dc6b94-1d0a-4712-85ca-5846c7e82ca6','1','admin','','c6336f6f-4edf-47a0-8b00-35e7ed4680d5','1')
/
INSERT INTO KREW_DOC_HDR_CNTNT_T (DOC_HDR_ID,DOC_CNTNT_TXT) VALUES ('KS-KREW-DOC-HDR-1001',null)
/
INSERT INTO KREW_RTE_BRCH_T (RTE_BRCH_ID,NM,PARNT_ID,INIT_RTE_NODE_INSTN_ID,JOIN_RTE_NODE_INSTN_ID,SPLT_RTE_NODE_INSTN_ID,VER_NBR) VALUES ('KS-KREW-RTE-BRCH-1001','PRIMARY','','','','','1')
/
INSERT INTO KREW_RTE_NODE_INSTN_T (RTE_NODE_INSTN_ID,DOC_HDR_ID,RTE_NODE_ID,BRCH_ID,PROC_RTE_NODE_INSTN_ID,ACTV_IND,CMPLT_IND,INIT_IND,VER_NBR) VALUES ('KS-KREW-RTE-NODE-INSTN-1001','KS-KREW-DOC-HDR-1001','2987','KS-KREW-RTE-BRCH-1001','','1','0','1','1')
/
INSERT INTO KREW_INIT_RTE_NODE_INSTN_T (DOC_HDR_ID,RTE_NODE_INSTN_ID) VALUES ('KS-KREW-DOC-HDR-1001','KS-KREW-RTE-NODE-INSTN-1001')
/
INSERT INTO KREW_ACTN_TKN_T (ACTN_TKN_ID,DOC_HDR_ID,ACTN_CD,ACTN_DT,ANNOTN,DOC_VER_NBR,VER_NBR,PRNCPL_ID,DLGTR_PRNCPL_ID,DLGTR_GRP_ID,CUR_IND) VALUES ('KS-KREW-ACTN-TKN-1001','KS-KREW-DOC-HDR-1001','S',TIMESTAMP '2013-02-18 13:20:11.534','','1','1','admin','','','1')
/
INSERT INTO KREW_ACTN_RQST_T (ACTN_RQST_ID,PARNT_ID,ACTN_RQST_CD,DOC_HDR_ID,RULE_ID,STAT_CD,RSP_ID,GRP_ID,ROLE_NM,QUAL_ROLE_NM,QUAL_ROLE_NM_LBL_TXT,RECIP_TYP_CD,PRIO_NBR,RTE_LVL_NBR,RTE_NODE_INSTN_ID,ACTN_TKN_ID,DOC_VER_NBR,CRTE_DT,RSP_DESC_TXT,ACTN_RQST_ANNOTN_TXT,VER_NBR,PRNCPL_ID,FRC_ACTN,CUR_IND,APPR_PLCY,DLGN_TYP,RQST_LBL) VALUES ('KS-KREW-ACTN-RQST-1001','','C','KS-KREW-DOC-HDR-1001','','A','-3','','','','','U','0','0','3013','','1',TIMESTAMP '2013-02-18 13:20:11.536','Initiator needs to complete document.','','0','admin','1','1','F','','')
/
INSERT INTO KREW_ACTN_ITM_T (ACTN_ITM_ID,PRNCPL_ID,ASND_DT,RQST_CD,ACTN_RQST_ID,DOC_HDR_ID,RSP_ID,GRP_ID,ROLE_NM,DOC_HDR_TTL,DOC_TYP_LBL,DOC_HDLR_URL,DOC_TYP_NM,DLGN_PRNCPL_ID,DLGN_GRP_ID,DLGN_TYP,RQST_LBL) VALUES ('KS-KREW-ACTN-ITM-1001','admin',TIMESTAMP '2013-02-18 13:20:11.542','C','KS-KREW-ACTN-RQST-1001','KS-KREW-DOC-HDR-1001','-3','','','Writing for Teachers','Credit Course Proposal','http://localhost:8081/ks-with-rice-bundled-dev/org.kuali.student.lum.lu.ui.main.LUMMain/LUMMain.jsp?view=COURSE_PROPOSAL&idType=documentNumber','kuali.proposal.type.course.create','','','','')
/
UPDATE KREW_ACTN_RQST_T SET PARNT_ID='',ACTN_RQST_CD='C',DOC_HDR_ID='KS-KREW-DOC-HDR-1001',RULE_ID='',STAT_CD='A',RSP_ID='-3',GRP_ID='',ROLE_NM='',QUAL_ROLE_NM='',QUAL_ROLE_NM_LBL_TXT='',RECIP_TYP_CD='U',PRIO_NBR='0',RTE_LVL_NBR='0',RTE_NODE_INSTN_ID='KS-KREW-RTE-NODE-INSTN-1001',ACTN_TKN_ID='',DOC_VER_NBR='1',CRTE_DT=TIMESTAMP '2013-02-18 13:20:11.536',RSP_DESC_TXT='Initiator needs to complete document.',ACTN_RQST_ANNOTN_TXT='',VER_NBR='0',PRNCPL_ID='admin',FRC_ACTN='1',CUR_IND='1',APPR_PLCY='F',DLGN_TYP='',RQST_LBL='' WHERE ACTN_RQST_ID = 'KS-KREW-ACTN-RQST-1001'
/


INSERT INTO KREW_DOC_HDR_EXT_T (DOC_HDR_EXT_ID,DOC_HDR_ID,KEY_CD,VAL) VALUES ('KS-KREW-DOC-HDR-EXT-1009','KS-KREW-DOC-HDR-1001','id','')
/

INSERT INTO KREW_DOC_HDR_EXT_T (DOC_HDR_EXT_ID,DOC_HDR_ID,KEY_CD,VAL) VALUES ('KS-KREW-DOC-HDR-EXT-1010','KS-KREW-DOC-HDR-1001','id','')
/

UPDATE KREW_RTE_BRCH_T SET NM='PRIMARY',PARNT_ID='',INIT_RTE_NODE_INSTN_ID='KS-KREW-RTE-NODE-INSTN-1001',JOIN_RTE_NODE_INSTN_ID='',SPLT_RTE_NODE_INSTN_ID='',VER_NBR='14' WHERE RTE_BRCH_ID = 'KS-KREW-RTE-BRCH-1001'  AND VER_NBR = '1'
/
UPDATE KREW_RTE_NODE_INSTN_T SET PROC_RTE_NODE_INSTN_ID='',ACTV_IND='1',CMPLT_IND='0',INIT_IND='0',VER_NBR='7' WHERE RTE_NODE_INSTN_ID = 'KS-KREW-RTE-NODE-INSTN-1001'  AND VER_NBR = '1'
/
UPDATE KREW_DOC_HDR_T SET DOC_HDR_STAT_CD='S',RTE_LVL='0',APP_DOC_STAT='',STAT_MDFN_DT=TIMESTAMP '2013-02-18 13:20:41.0',CRTE_DT=TIMESTAMP '2013-02-18 13:20:11.0',APRV_DT='',FNL_DT='',RTE_STAT_MDFN_DT=TIMESTAMP '2013-02-18 13:20:11.0',APP_DOC_STAT_MDFN_DT='',TTL='Writing for Teachers',APP_DOC_ID='20dc6b94-1d0a-4712-85ca-5846c7e82ca6',DOC_VER_NBR='1',INITR_PRNCPL_ID='admin',RTE_PRNCPL_ID='',OBJ_ID='c6336f6f-4edf-47a0-8b00-35e7ed4680d5',VER_NBR='9' WHERE DOC_HDR_ID = 'KS-KREW-DOC-HDR-1001'  AND VER_NBR = '1'
/
INSERT INTO KREW_DOC_HDR_EXT_T (DOC_HDR_EXT_ID,DOC_HDR_ID,KEY_CD,VAL) VALUES ('KS-KREW-DOC-HDR-EXT-1011','KS-KREW-DOC-HDR-1001','id','')
/

INSERT INTO KREW_DOC_HDR_T (DOC_HDR_ID,DOC_TYP_ID,DOC_HDR_STAT_CD,RTE_LVL,APP_DOC_STAT,STAT_MDFN_DT,CRTE_DT,APRV_DT,FNL_DT,RTE_STAT_MDFN_DT,APP_DOC_STAT_MDFN_DT,TTL,APP_DOC_ID,DOC_VER_NBR,INITR_PRNCPL_ID,RTE_PRNCPL_ID,OBJ_ID,VER_NBR) VALUES ('KS-KREW-DOC-HDR-1002',(SELECT DOC_TYP_ID FROM KREW_DOC_TYP_T WHERE DOC_TYP_NM='kuali.proposal.type.course.modify' AND DOC_TYP_VER_NBR = 1),'I','0','',TIMESTAMP '2013-02-18 13:23:34.043',TIMESTAMP '2013-02-18 13:23:34.043','','','','','Modify: Special Projects','d8b6cb16-0c95-4994-925d-b8061afb4d27','1','admin','','932d1733-25be-41d7-a0f3-e2340a5296e8','1')
/
INSERT INTO KREW_DOC_HDR_CNTNT_T (DOC_HDR_ID,DOC_CNTNT_TXT) VALUES ('KS-KREW-DOC-HDR-1002',null)
/
INSERT INTO KREW_RTE_BRCH_T (RTE_BRCH_ID,NM,PARNT_ID,INIT_RTE_NODE_INSTN_ID,JOIN_RTE_NODE_INSTN_ID,SPLT_RTE_NODE_INSTN_ID,VER_NBR) VALUES ('KS-KREW-RTE-BRCH-1002','PRIMARY','','','','','1')
/
INSERT INTO KREW_RTE_NODE_INSTN_T (RTE_NODE_INSTN_ID,DOC_HDR_ID,RTE_NODE_ID,BRCH_ID,PROC_RTE_NODE_INSTN_ID,ACTV_IND,CMPLT_IND,INIT_IND,VER_NBR) VALUES ('KS-KREW-RTE-NODE-INSTN-1002','KS-KREW-DOC-HDR-1002','2978','KS-KREW-RTE-BRCH-1002','','1','0','1','1')
/
INSERT INTO KREW_INIT_RTE_NODE_INSTN_T (DOC_HDR_ID,RTE_NODE_INSTN_ID) VALUES ('KS-KREW-DOC-HDR-1002','KS-KREW-RTE-NODE-INSTN-1002')
/
INSERT INTO KREW_ACTN_TKN_T (ACTN_TKN_ID,DOC_HDR_ID,ACTN_CD,ACTN_DT,ANNOTN,DOC_VER_NBR,VER_NBR,PRNCPL_ID,DLGTR_PRNCPL_ID,DLGTR_GRP_ID,CUR_IND) VALUES ('KS-KREW-ACTN-TKN-1002','KS-KREW-DOC-HDR-1002','S',TIMESTAMP '2013-02-18 13:23:34.088','','1','1','admin','','','1')
/
INSERT INTO KREW_ACTN_RQST_T (ACTN_RQST_ID,PARNT_ID,ACTN_RQST_CD,DOC_HDR_ID,RULE_ID,STAT_CD,RSP_ID,GRP_ID,ROLE_NM,QUAL_ROLE_NM,QUAL_ROLE_NM_LBL_TXT,RECIP_TYP_CD,PRIO_NBR,RTE_LVL_NBR,RTE_NODE_INSTN_ID,ACTN_TKN_ID,DOC_VER_NBR,CRTE_DT,RSP_DESC_TXT,ACTN_RQST_ANNOTN_TXT,VER_NBR,PRNCPL_ID,FRC_ACTN,CUR_IND,APPR_PLCY,DLGN_TYP,RQST_LBL) VALUES ('KS-KREW-ACTN-RQST-1002','','C','KS-KREW-DOC-HDR-1002','','A','-3','','','','','U','0','0','3015','','1',TIMESTAMP '2013-02-18 13:23:34.09','Initiator needs to complete document.','','0','admin','1','1','F','','')
/
INSERT INTO KREW_ACTN_ITM_T (ACTN_ITM_ID,PRNCPL_ID,ASND_DT,RQST_CD,ACTN_RQST_ID,DOC_HDR_ID,RSP_ID,GRP_ID,ROLE_NM,DOC_HDR_TTL,DOC_TYP_LBL,DOC_HDLR_URL,DOC_TYP_NM,DLGN_PRNCPL_ID,DLGN_GRP_ID,DLGN_TYP,RQST_LBL) VALUES ('KS-KREW-ACTN-ITM-1002','admin',TIMESTAMP '2013-02-18 13:23:34.094','C','KS-KREW-ACTN-RQST-1002','KS-KREW-DOC-HDR-1002','-3','','','Modify: Special Projects','Credit Course Modification','http://localhost:8081/ks-with-rice-bundled-dev/org.kuali.student.lum.lu.ui.main.LUMMain/LUMMain.jsp?view=COURSE_PROPOSAL&idType=documentNumber','kuali.proposal.type.course.modify','','','','')
/
UPDATE KREW_ACTN_RQST_T SET PARNT_ID='',ACTN_RQST_CD='C',DOC_HDR_ID='KS-KREW-DOC-HDR-1002',RULE_ID='',STAT_CD='A',RSP_ID='-3',GRP_ID='',ROLE_NM='',QUAL_ROLE_NM='',QUAL_ROLE_NM_LBL_TXT='',RECIP_TYP_CD='U',PRIO_NBR='0',RTE_LVL_NBR='0',RTE_NODE_INSTN_ID='KS-KREW-RTE-NODE-INSTN-1002',ACTN_TKN_ID='',DOC_VER_NBR='1',CRTE_DT=TIMESTAMP '2013-02-18 13:23:34.09',RSP_DESC_TXT='Initiator needs to complete document.',ACTN_RQST_ANNOTN_TXT='',VER_NBR='0',PRNCPL_ID='admin',FRC_ACTN='1',CUR_IND='1',APPR_PLCY='F',DLGN_TYP='',RQST_LBL='' WHERE ACTN_RQST_ID = 'KS-KREW-ACTN-RQST-1002'
/

INSERT INTO KREW_DOC_HDR_EXT_T (DOC_HDR_EXT_ID,DOC_HDR_ID,KEY_CD,VAL) VALUES ('KS-KREW-DOC-HDR-EXT-1012','KS-KREW-DOC-HDR-1002','id','')
/

UPDATE KREW_RTE_BRCH_T SET NM='PRIMARY',PARNT_ID='',INIT_RTE_NODE_INSTN_ID='KS-KREW-RTE-NODE-INSTN-1002',JOIN_RTE_NODE_INSTN_ID='',SPLT_RTE_NODE_INSTN_ID='',VER_NBR='10' WHERE RTE_BRCH_ID = 'KS-KREW-RTE-BRCH-1002'  AND VER_NBR = '1'
/
UPDATE KREW_RTE_NODE_INSTN_T SET PROC_RTE_NODE_INSTN_ID='',ACTV_IND='1',CMPLT_IND='0',INIT_IND='0',VER_NBR='5' WHERE RTE_NODE_INSTN_ID = 'KS-KREW-RTE-NODE-INSTN-1002'  AND VER_NBR = '1'
/
UPDATE KREW_DOC_HDR_T SET DOC_HDR_STAT_CD='S',RTE_LVL='0',APP_DOC_STAT='',STAT_MDFN_DT=TIMESTAMP '2013-02-18 13:23:55.0',CRTE_DT=TIMESTAMP '2013-02-18 13:23:34.0',APRV_DT='',FNL_DT='',RTE_STAT_MDFN_DT=TIMESTAMP '2013-02-18 13:23:34.0',APP_DOC_STAT_MDFN_DT='',TTL='Modify: Special Projects',APP_DOC_ID='d8b6cb16-0c95-4994-925d-b8061afb4d27',DOC_VER_NBR='1',INITR_PRNCPL_ID='admin',RTE_PRNCPL_ID='',OBJ_ID='932d1733-25be-41d7-a0f3-e2340a5296e8',VER_NBR='7' WHERE DOC_HDR_ID = 'KS-KREW-DOC-HDR-1002'  AND VER_NBR = '1'
/
INSERT INTO KREW_DOC_HDR_EXT_T (DOC_HDR_EXT_ID,DOC_HDR_ID,KEY_CD,VAL) VALUES ('KS-KREW-DOC-HDR-EXT-1013','KS-KREW-DOC-HDR-1002','id','')
/
INSERT INTO KREW_DOC_HDR_EXT_T (DOC_HDR_EXT_ID,DOC_HDR_ID,KEY_CD,VAL) VALUES ('KS-KREW-DOC-HDR-EXT-1014','KS-KREW-DOC-HDR-1002','id','')
/

INSERT INTO KREW_DOC_HDR_T (DOC_HDR_ID,DOC_TYP_ID,DOC_HDR_STAT_CD,RTE_LVL,APP_DOC_STAT,STAT_MDFN_DT,CRTE_DT,APRV_DT,FNL_DT,RTE_STAT_MDFN_DT,APP_DOC_STAT_MDFN_DT,TTL,APP_DOC_ID,DOC_VER_NBR,INITR_PRNCPL_ID,RTE_PRNCPL_ID,OBJ_ID,VER_NBR) VALUES ('KS-KREW-DOC-HDR-1003',(SELECT DOC_TYP_ID FROM KREW_DOC_TYP_T WHERE DOC_TYP_NM='kuali.proposal.type.course.modify' AND DOC_TYP_VER_NBR = 1),'I','0','',TIMESTAMP '2013-02-18 13:26:07.1',TIMESTAMP '2013-02-18 13:26:07.1','','','','','Modify: Biology of Cancer','cee1f753-a3d8-49b8-a1f7-12fbf62f7226','1','admin','','9a6e143c-0ce0-489d-8b5c-c469c0e9ff76','1')
/
INSERT INTO KREW_DOC_HDR_CNTNT_T (DOC_HDR_ID,DOC_CNTNT_TXT) VALUES ('KS-KREW-DOC-HDR-1003',null)
/
INSERT INTO KREW_RTE_BRCH_T (RTE_BRCH_ID,NM,PARNT_ID,INIT_RTE_NODE_INSTN_ID,JOIN_RTE_NODE_INSTN_ID,SPLT_RTE_NODE_INSTN_ID,VER_NBR) VALUES ('KS-KREW-RTE-BRCH-1003','PRIMARY','','','','','1')
/
INSERT INTO KREW_RTE_NODE_INSTN_T (RTE_NODE_INSTN_ID,DOC_HDR_ID,RTE_NODE_ID,BRCH_ID,PROC_RTE_NODE_INSTN_ID,ACTV_IND,CMPLT_IND,INIT_IND,VER_NBR) VALUES ('KS-KREW-RTE-NODE-INSTN-1003','KS-KREW-DOC-HDR-1003','2978','KS-KREW-RTE-BRCH-1003','','1','0','1','1')
/
INSERT INTO KREW_INIT_RTE_NODE_INSTN_T (DOC_HDR_ID,RTE_NODE_INSTN_ID) VALUES ('KS-KREW-DOC-HDR-1003','KS-KREW-RTE-NODE-INSTN-1003')
/
INSERT INTO KREW_ACTN_TKN_T (ACTN_TKN_ID,DOC_HDR_ID,ACTN_CD,ACTN_DT,ANNOTN,DOC_VER_NBR,VER_NBR,PRNCPL_ID,DLGTR_PRNCPL_ID,DLGTR_GRP_ID,CUR_IND) VALUES ('KS-KREW-ACTN-TKN-1003','KS-KREW-DOC-HDR-1003','S',TIMESTAMP '2013-02-18 13:26:07.147','','1','1','admin','','','1')
/
INSERT INTO KREW_ACTN_RQST_T (ACTN_RQST_ID,PARNT_ID,ACTN_RQST_CD,DOC_HDR_ID,RULE_ID,STAT_CD,RSP_ID,GRP_ID,ROLE_NM,QUAL_ROLE_NM,QUAL_ROLE_NM_LBL_TXT,RECIP_TYP_CD,PRIO_NBR,RTE_LVL_NBR,RTE_NODE_INSTN_ID,ACTN_TKN_ID,DOC_VER_NBR,CRTE_DT,RSP_DESC_TXT,ACTN_RQST_ANNOTN_TXT,VER_NBR,PRNCPL_ID,FRC_ACTN,CUR_IND,APPR_PLCY,DLGN_TYP,RQST_LBL) VALUES ('KS-KREW-ACTN-RQST-1003','','C','KS-KREW-DOC-HDR-1003','','A','-3','','','','','U','0','0','3017','','1',TIMESTAMP '2013-02-18 13:26:07.149','Initiator needs to complete document.','','0','admin','1','1','F','','')
/
INSERT INTO KREW_ACTN_ITM_T (ACTN_ITM_ID,PRNCPL_ID,ASND_DT,RQST_CD,ACTN_RQST_ID,DOC_HDR_ID,RSP_ID,GRP_ID,ROLE_NM,DOC_HDR_TTL,DOC_TYP_LBL,DOC_HDLR_URL,DOC_TYP_NM,DLGN_PRNCPL_ID,DLGN_GRP_ID,DLGN_TYP,RQST_LBL) VALUES ('KS-KREW-ACTN-ITM-1003','admin',TIMESTAMP '2013-02-18 13:26:07.153','C','KS-KREW-ACTN-RQST-1003','KS-KREW-DOC-HDR-1003','-3','','','Modify: Biology of Cancer','Credit Course Modification','http://localhost:8081/ks-with-rice-bundled-dev/org.kuali.student.lum.lu.ui.main.LUMMain/LUMMain.jsp?view=COURSE_PROPOSAL&idType=documentNumber','kuali.proposal.type.course.modify','','','','')
/
UPDATE KREW_ACTN_RQST_T SET PARNT_ID='',ACTN_RQST_CD='C',DOC_HDR_ID='KS-KREW-DOC-HDR-1001',RULE_ID='',STAT_CD='A',RSP_ID='-3',GRP_ID='',ROLE_NM='',QUAL_ROLE_NM='',QUAL_ROLE_NM_LBL_TXT='',RECIP_TYP_CD='U',PRIO_NBR='0',RTE_LVL_NBR='0',RTE_NODE_INSTN_ID='KS-KREW-RTE-NODE-INSTN-1003',ACTN_TKN_ID='',DOC_VER_NBR='1',CRTE_DT=TIMESTAMP '2013-02-18 13:26:07.149',RSP_DESC_TXT='Initiator needs to complete document.',ACTN_RQST_ANNOTN_TXT='',VER_NBR='0',PRNCPL_ID='admin',FRC_ACTN='1',CUR_IND='1',APPR_PLCY='F',DLGN_TYP='',RQST_LBL='' WHERE ACTN_RQST_ID = 'KS-KREW-ACTN-RQST-1003'
/

INSERT INTO KREW_DOC_HDR_EXT_T (DOC_HDR_EXT_ID,DOC_HDR_ID,KEY_CD,VAL) VALUES ('KS-KREW-DOC-HDR-EXT-1015','KS-KREW-DOC-HDR-1003','id','')
/
INSERT INTO KREW_DOC_HDR_EXT_T (DOC_HDR_EXT_ID,DOC_HDR_ID,KEY_CD,VAL) VALUES ('KS-KREW-DOC-HDR-EXT-1016','KS-KREW-DOC-HDR-1003','id','')
/
UPDATE KREW_RTE_BRCH_T SET NM='PRIMARY',PARNT_ID='',INIT_RTE_NODE_INSTN_ID='KS-KREW-RTE-NODE-INSTN-1003',JOIN_RTE_NODE_INSTN_ID='',SPLT_RTE_NODE_INSTN_ID='',VER_NBR='10' WHERE RTE_BRCH_ID = 'KS-KREW-RTE-BRCH-1003'  AND VER_NBR = '1'
/
UPDATE KREW_RTE_NODE_INSTN_T SET PROC_RTE_NODE_INSTN_ID='',ACTV_IND='1',CMPLT_IND='0',INIT_IND='0',VER_NBR='5' WHERE RTE_NODE_INSTN_ID = 'KS-KREW-RTE-NODE-INSTN-1003'  AND VER_NBR = '1'
/
UPDATE KREW_DOC_HDR_T SET DOC_HDR_STAT_CD='S',RTE_LVL='0',APP_DOC_STAT='',STAT_MDFN_DT=TIMESTAMP '2013-02-18 13:26:17.0',CRTE_DT=TIMESTAMP '2013-02-18 13:26:07.0',APRV_DT='',FNL_DT='',RTE_STAT_MDFN_DT=TIMESTAMP '2013-02-18 13:26:07.0',APP_DOC_STAT_MDFN_DT='',TTL='Modify: Biology of Cancer',APP_DOC_ID='cee1f753-a3d8-49b8-a1f7-12fbf62f7226',DOC_VER_NBR='1',INITR_PRNCPL_ID='admin',RTE_PRNCPL_ID='',OBJ_ID='9a6e143c-0ce0-489d-8b5c-c469c0e9ff76',VER_NBR='7' WHERE DOC_HDR_ID = 'KS-KREW-DOC-HDR-1003'  AND VER_NBR = '1'
/
INSERT INTO KREW_DOC_HDR_EXT_T (DOC_HDR_EXT_ID,DOC_HDR_ID,KEY_CD,VAL) VALUES ('KS-KREW-DOC-HDR-EXT-1017','KS-KREW-DOC-HDR-1003','id','')
/