-- CREATING CHEM277 201212 from CHEM211 201201 --
insert into KSEN_LUI (OBJ_ID, VER_NBR, CREATEID, CREATETIME, UPDATEID, UPDATETIME, ATP_ID, CLU_ID, EFF_DT, EXPIR_DT, DESCR_FORMATTED, LUI_STATE, LUI_TYPE, MAX_SEATS, MIN_SEATS, NAME, DESCR_PLAIN, REF_URL, SCHEDULE_ID, ID) values ('f4ccd150-30d5-4639-85ad-a49b73b22769', 0, 'admin', TIMESTAMP '2013-04-11 09:21:58.974', 'admin', TIMESTAMP '2013-04-11 09:21:58.974', 'kuali.atp.2012Winter', 'CLUID-CHEM277-200608000000', TIMESTAMP '2013-01-01 19:00:00.0', '', 'Quantitative analysis, inorganic analytical chemistry, and an introduction to bio-analytical instrumentation and techniques.', 'kuali.lui.course.offering.state.draft', 'kuali.lui.type.course.offering', '', '', 'CHEM277 CO', 'Quantitative analysis, inorganic analytical chemistry, and an introduction to bio-analytical instrumentation and techniques.', 'null', '', '08345864-2994-4101-aedd-a1ead352f249')
/
insert into KSEN_LUI_ATTR (OBJ_ID, ATTR_KEY, OWNER_ID, ATTR_VALUE, ID) values ('a496817a-45a2-48ce-8b0c-cfb35e27957a', 'kuali.attribute.final.exam.indicator', '08345864-2994-4101-aedd-a1ead352f249', 'STANDARD', '3f565325-8610-4d84-a0c9-3afa8fcf9ab5')
/
insert into KSEN_LUI_ATTR (OBJ_ID, ATTR_KEY, OWNER_ID, ATTR_VALUE, ID) values ('aba02964-027a-4d0a-8474-b8c5148dcf69', 'kuali.attribute.wait.list.type.key', '08345864-2994-4101-aedd-a1ead352f249', 'kuali.waitlist.type.semiautomatic', '6444863e-ac5b-498e-95e6-c2a2b2ca82d9')
/
insert into KSEN_LUI_ATTR (OBJ_ID, ATTR_KEY, OWNER_ID, ATTR_VALUE, ID) values ('9b0b410b-c9be-4bfe-91c0-9cca49cfc56b', 'kuali.attribute.course.evaluation.indicator', '08345864-2994-4101-aedd-a1ead352f249', '0', '80a21879-08a4-4ac0-98b3-4dd64c7f0404')
/
insert into KSEN_LUI_ATTR (OBJ_ID, ATTR_KEY, OWNER_ID, ATTR_VALUE, ID) values ('2e1b5c5d-edf5-430f-bd46-756c38306070', 'kuali.attribute.wait.list.indicator', '08345864-2994-4101-aedd-a1ead352f249', '1', '04fffe40-1e51-493a-9c6b-d366f968fb7c')
/
insert into KSEN_LUI_ATTR (OBJ_ID, ATTR_KEY, OWNER_ID, ATTR_VALUE, ID) values ('f20f657f-e2fc-4cd1-bebf-b9d23cd76822', 'kuali.attribute.funding.source', '08345864-2994-4101-aedd-a1ead352f249', '', '64676edd-94e3-4a87-b414-1e5b64c78f6a')
/
insert into KSEN_LUI_ATTR (OBJ_ID, ATTR_KEY, OWNER_ID, ATTR_VALUE, ID) values ('48ca6f0a-50e6-40aa-bc5b-d271c66ccb10', 'kuali.attribute.where.fees.attached.flag', '08345864-2994-4101-aedd-a1ead352f249', '0', 'b994f6cd-48de-432f-a6f1-c1f7874cd6af')
/
insert into KSEN_LUI_ATTR (OBJ_ID, ATTR_KEY, OWNER_ID, ATTR_VALUE, ID) values ('9d6902cf-b65c-400c-8110-3a0c440c6690', 'kuali.attribute.wait.list.level.type.key', '08345864-2994-4101-aedd-a1ead352f249', 'AO', '72fd355c-486f-4a95-9a66-6d168b177ac3')
/
insert into KSEN_LUI_ATTR (OBJ_ID, ATTR_KEY, OWNER_ID, ATTR_VALUE, ID) values ('04657493-bcfa-43c7-97c6-4be7713e60a5', 'kuali.attribute.course.number.internal.suffix', '08345864-2994-4101-aedd-a1ead352f249', 'A', '7018b0cd-bff3-4db7-aa20-27bdea1fafa7')
/
insert into KSEN_LUI_IDENT (OBJ_ID, VER_NBR, CREATEID, CREATETIME, UPDATEID, UPDATETIME, LUI_CD, DIVISION, IDENT_LEVEL, LNG_NAME, LUI_ID, ORGID, SHRT_NAME, LUI_ID_STATE, SUFX_CD, LUI_ID_TYPE, VARTN, ID) values ('7dac633c-d468-4c85-b90c-703b7cc328fd', 0, 'admin', TIMESTAMP '2013-04-11 09:21:58.974', 'admin', TIMESTAMP '2013-04-11 09:21:58.974', 'CHEM277', 'CHEM', '', 'Fundamentals of Analytical and Bioanalytical Chemistry Laboratory', '08345864-2994-4101-aedd-a1ead352f249', '', '', 'kuali.lui.identifier.state.active', '', 'kuali.lui.identifier.type.official', '', '6fc0fddf-c202-4fc9-ad5f-5d414117a53f')
/
insert into KSEN_LUI_LU_CD (OBJ_ID, VER_NBR, CREATEID, CREATETIME, UPDATEID, UPDATETIME, DESCR_FORMATTED, LUI_ID, DESCR_PLAIN, LUI_LUCD_TYPE, VALUE, ID) values ('d3cfd587-7731-4ec9-a3f1-f62489582123', 0, 'admin', TIMESTAMP '2013-04-11 09:21:58.974', 'admin', TIMESTAMP '2013-04-11 09:21:58.974', '', '08345864-2994-4101-aedd-a1ead352f249', '', 'kuali.lu.code.honorsOffering', '', '9cd70e02-0691-4f36-95e4-989f881fa315')
/
insert into KSEN_LUI_UNITS_DEPLOYMENT (LUI_ID, ORG_ID, ID) values ('08345864-2994-4101-aedd-a1ead352f249', '4284516367', '53723d80-c52e-438b-b689-f0b1edb1bf02')
/
insert into KSEN_LUI_UNITS_CONT_OWNER (LUI_ID, ORG_ID) values ('08345864-2994-4101-aedd-a1ead352f249', '4284516367')
/
insert into KSEN_LUI_RESULT_VAL_GRP (LUI_ID, RESULT_VAL_GRP_ID) values ('08345864-2994-4101-aedd-a1ead352f249', 'kuali.resultComponent.grade.letter')
/
insert into KSEN_LUI_RESULT_VAL_GRP (LUI_ID, RESULT_VAL_GRP_ID) values ('08345864-2994-4101-aedd-a1ead352f249', 'kuali.creditType.credit.degree.3.0')
/
insert into KSEN_LUI (OBJ_ID, VER_NBR, CREATEID, CREATETIME, UPDATEID, UPDATETIME, ATP_ID, CLU_ID, EFF_DT, EXPIR_DT, DESCR_FORMATTED, LUI_STATE, LUI_TYPE, MAX_SEATS, MIN_SEATS, NAME, DESCR_PLAIN, REF_URL, SCHEDULE_ID, ID) values ('823529b7-e45f-4708-bff6-88f729615a44', 0, 'admin', TIMESTAMP '2013-04-11 09:21:58.974', 'admin', TIMESTAMP '2013-04-11 09:21:58.974', 'kuali.atp.2012Winter', '25889d4f-0612-424c-87a5-e96f60f3e096', '', '', 'Courses with Lecture/Lab', 'kuali.lui.format.offering.state.draft', 'kuali.lui.type.course.format.offering', '', '', 'Lecture/Lab', 'Courses with Lecture/Lab', '', '', 'ea393e8f-5319-43a5-9478-7461251686aa')
/
insert into KSEN_LUI_ATTR (OBJ_ID, ATTR_KEY, OWNER_ID, ATTR_VALUE, ID) values ('fb361000-9913-4082-b037-30756ba7c6ad', 'kuali.attribute.grade.roster.level.type.key', 'ea393e8f-5319-43a5-9478-7461251686aa', 'kuali.lui.type.activity.offering.lab', '1d74ca8d-f378-4210-a8d0-ae1a127093da')
/
insert into KSEN_LUI_ATTR (OBJ_ID, ATTR_KEY, OWNER_ID, ATTR_VALUE, ID) values ('02beeb78-a3be-4681-87fd-c05eea7132a2', 'regCodePrefix', 'ea393e8f-5319-43a5-9478-7461251686aa', '1', 'f6e8eaa9-21e0-404d-a379-36a73448dbf3')
/
insert into KSEN_LUI_ATTR (OBJ_ID, ATTR_KEY, OWNER_ID, ATTR_VALUE, ID) values ('c97a3753-bb29-46dc-b783-109ca0bba24a', 'kuali.attribute.final.exam.level.type', 'ea393e8f-5319-43a5-9478-7461251686aa', 'kuali.lui.type.activity.offering.lab', '20d25e25-5076-4552-b573-7531194aeab2')
/
insert into KSEN_LUI_IDENT (OBJ_ID, VER_NBR, CREATEID, CREATETIME, UPDATEID, UPDATETIME, LUI_CD, DIVISION, IDENT_LEVEL, LNG_NAME, LUI_ID, ORGID, SHRT_NAME, LUI_ID_STATE, SUFX_CD, LUI_ID_TYPE, VARTN, ID) values ('0150b181-34c2-4aba-9d75-87afb6b97c3f', 0, 'admin', TIMESTAMP '2013-04-11 09:21:58.974', 'admin', TIMESTAMP '2013-04-11 09:21:58.974', '', '', '', 'Lecture/Lab', 'ea393e8f-5319-43a5-9478-7461251686aa', '', 'LEC/LAB', 'kuali.lui.identifier.state.active', '', 'kuali.lui.identifier.type.official', '', '88dcd814-730a-4954-b28e-0d05b0607531')
/
insert into KSEN_LUILUI_RELTN (OBJ_ID, VER_NBR, CREATEID, CREATETIME, UPDATEID, UPDATETIME, EFF_DT, EXPIR_DT, DESCR_FORMATTED, LUI_ID, LUILUI_RELTN_STATE, LUILUI_RELTN_TYPE, NAME, DESCR_PLAIN, RELATED_LUI_ID, ID) values ('f8d28730-f7ae-4d9d-84ad-59187e4dcf5d', 0, 'admin', TIMESTAMP '2013-04-11 09:21:58.974', 'admin', TIMESTAMP '2013-04-11 09:21:58.974', TIMESTAMP '2013-04-11 09:22:00.096', '', 'CHEM277-CO-FO', '08345864-2994-4101-aedd-a1ead352f249', 'kuali.lui.lui.relation.state.active', 'kuali.lui.lui.relation.type.deliveredvia.co2fo', 'co-fo-relation', 'CHEM277-CO-FO', 'ea393e8f-5319-43a5-9478-7461251686aa', 'e12272f0-1542-4466-9d9f-ce1ea9f93250')
/
insert into KSEN_LUI_RELATED_LUI_TYPES (LUI_ID, RELATED_LUI_TYPE) values ('ea393e8f-5319-43a5-9478-7461251686aa', 'kuali.lui.type.activity.offering.lab')
/
insert into KSEN_LUI_RELATED_LUI_TYPES (LUI_ID, RELATED_LUI_TYPE) values ('ea393e8f-5319-43a5-9478-7461251686aa', 'kuali.lui.type.activity.offering.lecture')
/
insert into KSEN_LUI (OBJ_ID, VER_NBR, CREATEID, CREATETIME, UPDATEID, UPDATETIME, ATP_ID, CLU_ID, EFF_DT, EXPIR_DT, DESCR_FORMATTED, LUI_STATE, LUI_TYPE, MAX_SEATS, MIN_SEATS, NAME, DESCR_PLAIN, REF_URL, SCHEDULE_ID, ID) values ('3d779da4-2606-4f77-a133-d70119f9a288', 0, 'admin', TIMESTAMP '2013-04-11 09:21:58.974', 'admin', TIMESTAMP '2013-04-11 09:21:58.974', 'kuali.atp.2012Winter', 'ef2963d7-9647-4ce7-ac63-9523204dd654', '', '', 'Courses with lecture', 'kuali.lui.activity.offering.state.draft', 'kuali.lui.type.activity.offering.lecture', 48, 48, 'Lecture', 'Courses with lecture', 'null', '', '56b51109-72d0-4f61-b589-bdad7280c560')
/
insert into KSEN_LUI_ATTR (OBJ_ID, ATTR_KEY, OWNER_ID, ATTR_VALUE, ID) values ('ce927072-f4cb-4418-8d28-a245b704d955', 'kuali.attribute.max.enrollment.is.estimate', '56b51109-72d0-4f61-b589-bdad7280c560', '0', 'e87a2eb5-3eac-47ba-9cef-d1911ffdfa5b')
/
insert into KSEN_LUI_ATTR (OBJ_ID, ATTR_KEY, OWNER_ID, ATTR_VALUE, ID) values ('5cf34ee2-2cdd-4c9d-a8f0-16fb62fcbb64', 'kuali.attribute.course.evaluation.indicator', '56b51109-72d0-4f61-b589-bdad7280c560', '0', '2c1affb7-674d-4c9a-8036-7ddf15da9e29')
/
insert into KSEN_LUI_ATTR (OBJ_ID, ATTR_KEY, OWNER_ID, ATTR_VALUE, ID) values ('da1f21c3-40c8-4156-bb90-53362d39ec75', 'isWaitlistCheckinRequired', '56b51109-72d0-4f61-b589-bdad7280c560', '0', '486ac33f-8824-44d6-b540-bac9fcf8ca87')
/
insert into KSEN_LUI_IDENT (OBJ_ID, VER_NBR, CREATEID, CREATETIME, UPDATEID, UPDATETIME, LUI_CD, DIVISION, IDENT_LEVEL, LNG_NAME, LUI_ID, ORGID, SHRT_NAME, LUI_ID_STATE, SUFX_CD, LUI_ID_TYPE, VARTN, ID) values ('1ebcc902-73df-4234-92ed-4d1affa27736', 0, 'admin', TIMESTAMP '2013-04-11 09:21:58.974', 'admin', TIMESTAMP '2013-04-11 09:21:58.974', 'A', '', '', '', '56b51109-72d0-4f61-b589-bdad7280c560', '', '', 'kuali.lui.identifier.state.active', '', 'kuali.lui.identifier.type.official', '', 'b2aa2f31-d2e7-4113-b521-0765e5f83c69')
/
insert into KSEN_LUI_LU_CD (OBJ_ID, VER_NBR, CREATEID, CREATETIME, UPDATEID, UPDATETIME, DESCR_FORMATTED, LUI_ID, DESCR_PLAIN, LUI_LUCD_TYPE, VALUE, ID) values ('e95aabd7-2c6b-4c67-8492-97ce3a5e026d', 0, 'admin', TIMESTAMP '2013-04-11 09:21:58.974', 'admin', TIMESTAMP '2013-04-11 09:21:58.974', '', '56b51109-72d0-4f61-b589-bdad7280c560', '', 'kuali.lu.code.honorsOffering', '0', '02ce63d6-ea9d-4889-b7a9-57b5c2741992')
/
insert into KSEN_LPR (OBJ_ID, VER_NBR, CREATEID, CREATETIME, UPDATEID, UPDATETIME, COMMIT_PERCT, EFF_DT, EXPIR_DT, LUI_ID, PERS_ID, LPR_STATE, LPR_TYPE, ID) values ('f7c83dce-2ced-430b-972e-a12ae70e49b1', 0, 'admin', TIMESTAMP '2013-04-11 09:21:58.974', 'admin', TIMESTAMP '2013-04-11 09:21:58.974', '100.0', TIMESTAMP '2013-04-11 09:22:00.896', '', '56b51109-72d0-4f61-b589-bdad7280c560', 'W.TIMOTHYC', 'kuali.lpr.state.active', 'kuali.lpr.type.instructor.main', 'f1f6c92a-8a28-4f3a-8a4b-e4d34af7b216')
/
insert into KSEN_LUILUI_RELTN (OBJ_ID, VER_NBR, CREATEID, CREATETIME, UPDATEID, UPDATETIME, EFF_DT, EXPIR_DT, DESCR_FORMATTED, LUI_ID, LUILUI_RELTN_STATE, LUILUI_RELTN_TYPE, NAME, DESCR_PLAIN, RELATED_LUI_ID, ID) values ('deab34aa-a76a-4e30-95b4-cf3027ce89ab', 0, 'admin', TIMESTAMP '2013-04-11 09:21:58.974', 'admin', TIMESTAMP '2013-04-11 09:21:58.974', TIMESTAMP '2013-04-11 09:22:00.897', '', 'CHEM277-FO-AO', 'ea393e8f-5319-43a5-9478-7461251686aa', 'kuali.lui.lui.relation.state.active', 'kuali.lui.lui.relation.type.deliveredvia.fo2ao', 'fo-ao-relation', 'CHEM277-FO-AO', '56b51109-72d0-4f61-b589-bdad7280c560', 'c1b3ad76-8328-464e-94f9-d0eb6e11700f')
/
insert into KSEN_SCHED_RQST (OBJ_ID, VER_NBR, CREATEID, CREATETIME, UPDATEID, UPDATETIME, DESCR_FORMATTED, NAME, DESCR_PLAIN, REF_OBJECT_ID, REF_OBJECT_TYPE, SCHED_RQST_STATE, SCHED_RQST_TYPE, ID) values ('255f1c0d-6682-40ae-b207-1ebe7ecbe95f', 0, 'admin', TIMESTAMP '2013-04-11 09:21:58.974', 'admin', TIMESTAMP '2013-04-11 09:21:58.974', '', 'Schedule reqeust for CHEM277 - A', '', '56b51109-72d0-4f61-b589-bdad7280c560', 'http://student.kuali.org/wsdl/courseOffering/ActivityOfferingInfo', 'kuali.scheduling.schedule.request.state.created', 'kuali.scheduling.schedule.request.type.schedule.request', '10bfac2b-7e01-4fc8-bfdc-781fb0436cce')
/
insert into KSEN_SCHED_RQST_CMP (OBJ_ID, TBA_IND, SCHED_RQST_ID, ID) values ('be493047-2cee-4641-bfcb-0a61aa96deaa', '0', '10bfac2b-7e01-4fc8-bfdc-781fb0436cce', '9ce021bb-8837-4d9c-ba6a-fc87e61b2a1c')
/
insert into KSEN_LUI (OBJ_ID, VER_NBR, CREATEID, CREATETIME, UPDATEID, UPDATETIME, ATP_ID, CLU_ID, EFF_DT, EXPIR_DT, DESCR_FORMATTED, LUI_STATE, LUI_TYPE, MAX_SEATS, MIN_SEATS, NAME, DESCR_PLAIN, REF_URL, SCHEDULE_ID, ID) values ('5a9da596-5a61-4a69-9c15-a2b6cdc0963b', 0, 'admin', TIMESTAMP '2013-04-11 09:21:58.974', 'admin', TIMESTAMP '2013-04-11 09:21:58.974', 'kuali.atp.2012Winter', '9b0d7d87-31ec-498b-bfe4-31a4f1e92021', '', '', 'Courses with lab', 'kuali.lui.activity.offering.state.draft', 'kuali.lui.type.activity.offering.lab', 24, 24, 'Lab', 'Courses with lab', 'null', '', '8ce5704d-fc51-4452-8caf-5e33332bb910')
/
insert into KSEN_LUI_ATTR (OBJ_ID, ATTR_KEY, OWNER_ID, ATTR_VALUE, ID) values ('d44bb1b2-4df9-40a8-b354-4831f639dfcb', 'kuali.attribute.max.enrollment.is.estimate', '8ce5704d-fc51-4452-8caf-5e33332bb910', '0', '253108e3-7f24-4441-b16d-8371c7380fd5')
/
insert into KSEN_LUI_ATTR (OBJ_ID, ATTR_KEY, OWNER_ID, ATTR_VALUE, ID) values ('fddbfbe8-4186-4082-86bb-ce3736e0e59e', 'kuali.attribute.course.evaluation.indicator', '8ce5704d-fc51-4452-8caf-5e33332bb910', '0', 'ef8498f5-b72b-45ea-bd46-9c125cee89c9')
/
insert into KSEN_LUI_ATTR (OBJ_ID, ATTR_KEY, OWNER_ID, ATTR_VALUE, ID) values ('698b2802-f21a-4373-aa06-21818fc5e310', 'isWaitlistCheckinRequired', '8ce5704d-fc51-4452-8caf-5e33332bb910', '0', '08cf3499-6a53-4ee1-8f0f-e6cd3fb1930b')
/
insert into KSEN_LUI_IDENT (OBJ_ID, VER_NBR, CREATEID, CREATETIME, UPDATEID, UPDATETIME, LUI_CD, DIVISION, IDENT_LEVEL, LNG_NAME, LUI_ID, ORGID, SHRT_NAME, LUI_ID_STATE, SUFX_CD, LUI_ID_TYPE, VARTN, ID) values ('e50dc306-71fe-401e-b8c6-4427865af8aa', 0, 'admin', TIMESTAMP '2013-04-11 09:21:58.974', 'admin', TIMESTAMP '2013-04-11 09:21:58.974', 'B', '', '', '', '8ce5704d-fc51-4452-8caf-5e33332bb910', '', '', 'kuali.lui.identifier.state.active', '', 'kuali.lui.identifier.type.official', '', '32d175fb-3047-49da-a60b-dd5196f9df58')
/
insert into KSEN_LUI_LU_CD (OBJ_ID, VER_NBR, CREATEID, CREATETIME, UPDATEID, UPDATETIME, DESCR_FORMATTED, LUI_ID, DESCR_PLAIN, LUI_LUCD_TYPE, VALUE, ID) values ('cf04c7bf-6d33-4de3-9fff-72f3eb7273ba', 0, 'admin', TIMESTAMP '2013-04-11 09:21:58.974', 'admin', TIMESTAMP '2013-04-11 09:21:58.974', '', '8ce5704d-fc51-4452-8caf-5e33332bb910', '', 'kuali.lu.code.honorsOffering', '0', 'b83b45a3-a3c9-4a18-bc02-a8e979a4753f')
/
insert into KSEN_LPR (OBJ_ID, VER_NBR, CREATEID, CREATETIME, UPDATEID, UPDATETIME, COMMIT_PERCT, EFF_DT, EXPIR_DT, LUI_ID, PERS_ID, LPR_STATE, LPR_TYPE, ID) values ('89e08c2b-cc58-42b2-9faf-9c58fbc1fa2e', 0, 'admin', TIMESTAMP '2013-04-11 09:21:58.974', 'admin', TIMESTAMP '2013-04-11 09:21:58.974', '100.0', TIMESTAMP '2013-04-11 09:22:01.339', '', '8ce5704d-fc51-4452-8caf-5e33332bb910', 'J.JRH', 'kuali.lpr.state.active', 'kuali.lpr.type.instructor.main', '3cf43be9-566b-4210-8b70-4ccaaffb8015')
/
insert into KSEN_LUILUI_RELTN (OBJ_ID, VER_NBR, CREATEID, CREATETIME, UPDATEID, UPDATETIME, EFF_DT, EXPIR_DT, DESCR_FORMATTED, LUI_ID, LUILUI_RELTN_STATE, LUILUI_RELTN_TYPE, NAME, DESCR_PLAIN, RELATED_LUI_ID, ID) values ('3d673923-858b-4d40-8bed-9a0dc662905b', 0, 'admin', TIMESTAMP '2013-04-11 09:21:58.974', 'admin', TIMESTAMP '2013-04-11 09:21:58.974', TIMESTAMP '2013-04-11 09:22:01.339', '', 'CHEM277-FO-AO', 'ea393e8f-5319-43a5-9478-7461251686aa', 'kuali.lui.lui.relation.state.active', 'kuali.lui.lui.relation.type.deliveredvia.fo2ao', 'fo-ao-relation', 'CHEM277-FO-AO', '8ce5704d-fc51-4452-8caf-5e33332bb910', 'f8b9b3f0-8737-4991-8014-ed009e08a4d3')
/
insert into KSEN_SCHED_RQST_CMP_BLDG (CMP_ID, BUILDING_ID) values ('9ce021bb-8837-4d9c-ba6a-fc87e61b2a1c', '6f2e8f26-95bc-4bb1-a3d0-3206324cad4a')
/
insert into KSEN_SCHED_RQST_CMP_CAMPUS (CMP_ID, CAMPUS_ID) values ('9ce021bb-8837-4d9c-ba6a-fc87e61b2a1c', 'UMCP')
/
insert into KSEN_SCHED_RQST_CMP_ROOM (CMP_ID, ROOM_ID) values ('9ce021bb-8837-4d9c-ba6a-fc87e61b2a1c', 'a8ce091f-4b9d-4f52-ae15-d2eaf275d76a')
/
insert into KSEN_SCHED_RQST_CMP_TMSLOT (CMP_ID, TM_SLOT_ID) values ('9ce021bb-8837-4d9c-ba6a-fc87e61b2a1c', '5a4cae65-9d9b-429d-a926-c64b72d6e1b4')
/
insert into KSEN_SCHED_RQST (OBJ_ID, VER_NBR, CREATEID, CREATETIME, UPDATEID, UPDATETIME, DESCR_FORMATTED, NAME, DESCR_PLAIN, REF_OBJECT_ID, REF_OBJECT_TYPE, SCHED_RQST_STATE, SCHED_RQST_TYPE, ID) values ('edb748a6-9fce-4b90-a6eb-6ea73874c312', 0, 'admin', TIMESTAMP '2013-04-11 09:21:58.974', 'admin', TIMESTAMP '2013-04-11 09:21:58.974', '', 'Schedule reqeust for CHEM277 - B', '', '8ce5704d-fc51-4452-8caf-5e33332bb910', 'http://student.kuali.org/wsdl/courseOffering/ActivityOfferingInfo', 'kuali.scheduling.schedule.request.state.created', 'kuali.scheduling.schedule.request.type.schedule.request', '4721e431-544d-480d-8e20-c54958225c21')
/
insert into KSEN_SCHED_RQST_CMP (OBJ_ID, TBA_IND, SCHED_RQST_ID, ID) values ('2cd244bc-6cbf-452e-bc12-63cba03a389c', '0', '4721e431-544d-480d-8e20-c54958225c21', '71fd7772-7596-44ab-a432-f2a4fe5eef36')
/
insert into KSEN_LUI (OBJ_ID, VER_NBR, CREATEID, CREATETIME, UPDATEID, UPDATETIME, ATP_ID, CLU_ID, EFF_DT, EXPIR_DT, DESCR_FORMATTED, LUI_STATE, LUI_TYPE, MAX_SEATS, MIN_SEATS, NAME, DESCR_PLAIN, REF_URL, SCHEDULE_ID, ID) values ('78a45bf7-f97e-4f95-8a6a-b084ba6ee288', 0, 'admin', TIMESTAMP '2013-04-11 09:21:58.974', 'admin', TIMESTAMP '2013-04-11 09:21:58.974', 'kuali.atp.2012Winter', '6138a014-70d6-4716-a817-d096d4c79371', '', '', 'Courses with lab', 'kuali.lui.activity.offering.state.draft', 'kuali.lui.type.activity.offering.lab', 24, 24, 'Lab', 'Courses with lab', 'null', '', 'd43ba532-5f70-4b3a-8bad-70a392cea869')
/
insert into KSEN_LUI_ATTR (OBJ_ID, ATTR_KEY, OWNER_ID, ATTR_VALUE, ID) values ('160d20b4-1a26-48b2-ab1b-0a35938b55fd', 'isWaitlistCheckinRequired', 'd43ba532-5f70-4b3a-8bad-70a392cea869', '0', '2d2e68e4-5008-4b4b-a82c-04b28115f428')
/
insert into KSEN_LUI_ATTR (OBJ_ID, ATTR_KEY, OWNER_ID, ATTR_VALUE, ID) values ('74867cf0-2fe7-45ef-a55d-83e2d7db52b5', 'kuali.attribute.max.enrollment.is.estimate', 'd43ba532-5f70-4b3a-8bad-70a392cea869', '0', 'b5a0fc72-c94f-49d5-a545-a86feea1ed2a')
/
insert into KSEN_LUI_ATTR (OBJ_ID, ATTR_KEY, OWNER_ID, ATTR_VALUE, ID) values ('e19cf829-bee0-4f59-b742-b7f7ea0025de', 'kuali.attribute.course.evaluation.indicator', 'd43ba532-5f70-4b3a-8bad-70a392cea869', '0', '27a5be00-570a-4c13-aefc-2e846c907ade')
/
insert into KSEN_LUI_IDENT (OBJ_ID, VER_NBR, CREATEID, CREATETIME, UPDATEID, UPDATETIME, LUI_CD, DIVISION, IDENT_LEVEL, LNG_NAME, LUI_ID, ORGID, SHRT_NAME, LUI_ID_STATE, SUFX_CD, LUI_ID_TYPE, VARTN, ID) values ('9fef82b4-41f0-420c-ad38-aeb8382e850f', 0, 'admin', TIMESTAMP '2013-04-11 09:21:58.974', 'admin', TIMESTAMP '2013-04-11 09:21:58.974', 'C', '', '', '', 'd43ba532-5f70-4b3a-8bad-70a392cea869', '', '', 'kuali.lui.identifier.state.active', '', 'kuali.lui.identifier.type.official', '', '7f0f3598-7e39-4ff0-be47-36aae2ae8d44')
/
insert into KSEN_LUI_LU_CD (OBJ_ID, VER_NBR, CREATEID, CREATETIME, UPDATEID, UPDATETIME, DESCR_FORMATTED, LUI_ID, DESCR_PLAIN, LUI_LUCD_TYPE, VALUE, ID) values ('8f96428b-afbb-4a72-afb7-7134b86e5761', 0, 'admin', TIMESTAMP '2013-04-11 09:21:58.974', 'admin', TIMESTAMP '2013-04-11 09:21:58.974', '', 'd43ba532-5f70-4b3a-8bad-70a392cea869', '', 'kuali.lu.code.honorsOffering', '0', '2769d34a-c828-4cfa-a423-e5cce70e6378')
/
insert into KSEN_LPR (OBJ_ID, VER_NBR, CREATEID, CREATETIME, UPDATEID, UPDATETIME, COMMIT_PERCT, EFF_DT, EXPIR_DT, LUI_ID, PERS_ID, LPR_STATE, LPR_TYPE, ID) values ('896fd896-3980-40e7-9e99-9b88dbe86b28', 0, 'admin', TIMESTAMP '2013-04-11 09:21:58.974', 'admin', TIMESTAMP '2013-04-11 09:21:58.974', '100.0', TIMESTAMP '2013-04-11 09:22:01.609', '', 'd43ba532-5f70-4b3a-8bad-70a392cea869', 'C.PHILIPPES', 'kuali.lpr.state.active', 'kuali.lpr.type.instructor.main', '33a539d9-4dcf-4b1e-99f9-2cb496130c59')
/
insert into KSEN_LUILUI_RELTN (OBJ_ID, VER_NBR, CREATEID, CREATETIME, UPDATEID, UPDATETIME, EFF_DT, EXPIR_DT, DESCR_FORMATTED, LUI_ID, LUILUI_RELTN_STATE, LUILUI_RELTN_TYPE, NAME, DESCR_PLAIN, RELATED_LUI_ID, ID) values ('a03469b3-9b80-4253-9f21-cf5c17240adf', 0, 'admin', TIMESTAMP '2013-04-11 09:21:58.974', 'admin', TIMESTAMP '2013-04-11 09:21:58.974', TIMESTAMP '2013-04-11 09:22:01.61', '', 'CHEM277-FO-AO', 'ea393e8f-5319-43a5-9478-7461251686aa', 'kuali.lui.lui.relation.state.active', 'kuali.lui.lui.relation.type.deliveredvia.fo2ao', 'fo-ao-relation', 'CHEM277-FO-AO', 'd43ba532-5f70-4b3a-8bad-70a392cea869', '649053fb-ca54-403d-9963-2cdf4a5fcd8a')
/
insert into KSEN_SCHED_RQST_CMP_BLDG (CMP_ID, BUILDING_ID) values ('71fd7772-7596-44ab-a432-f2a4fe5eef36', '6f2e8f26-95bc-4bb1-a3d0-3206324cad4a')
/
insert into KSEN_SCHED_RQST_CMP_CAMPUS (CMP_ID, CAMPUS_ID) values ('71fd7772-7596-44ab-a432-f2a4fe5eef36', 'UMCP')
/
insert into KSEN_SCHED_RQST_CMP_ROOM (CMP_ID, ROOM_ID) values ('71fd7772-7596-44ab-a432-f2a4fe5eef36', '5fcaeba7-a010-40dc-a069-568c197f0809')
/
insert into KSEN_SCHED_RQST_CMP_TMSLOT (CMP_ID, TM_SLOT_ID) values ('71fd7772-7596-44ab-a432-f2a4fe5eef36', '22483a90-028c-4146-ae8f-f80591aa5e12')
/
insert into KSEN_SCHED_RQST (OBJ_ID, VER_NBR, CREATEID, CREATETIME, UPDATEID, UPDATETIME, DESCR_FORMATTED, NAME, DESCR_PLAIN, REF_OBJECT_ID, REF_OBJECT_TYPE, SCHED_RQST_STATE, SCHED_RQST_TYPE, ID) values ('d59004d4-5530-41c7-90d9-13e2ea829a77', 0, 'admin', TIMESTAMP '2013-04-11 09:21:58.974', 'admin', TIMESTAMP '2013-04-11 09:21:58.974', '', 'Schedule reqeust for CHEM277 - C', '', 'd43ba532-5f70-4b3a-8bad-70a392cea869', 'http://student.kuali.org/wsdl/courseOffering/ActivityOfferingInfo', 'kuali.scheduling.schedule.request.state.created', 'kuali.scheduling.schedule.request.type.schedule.request', 'e2c3f703-4eb5-440e-90da-b2066f78479d')
/
insert into KSEN_SCHED_RQST_CMP (OBJ_ID, TBA_IND, SCHED_RQST_ID, ID) values ('d72fe4ef-5697-4436-8908-8d5213cdaa85', '0', 'e2c3f703-4eb5-440e-90da-b2066f78479d', 'f3311a1a-2dbf-47e4-8f85-5de595573eed')
/
insert into KSEN_SCHED_RQST_CMP_BLDG (CMP_ID, BUILDING_ID) values ('f3311a1a-2dbf-47e4-8f85-5de595573eed', '6f2e8f26-95bc-4bb1-a3d0-3206324cad4a')
/
insert into KSEN_SCHED_RQST_CMP_CAMPUS (CMP_ID, CAMPUS_ID) values ('f3311a1a-2dbf-47e4-8f85-5de595573eed', 'UMCP')
/
insert into KSEN_SCHED_RQST_CMP_ROOM (CMP_ID, ROOM_ID) values ('f3311a1a-2dbf-47e4-8f85-5de595573eed', '5fcaeba7-a010-40dc-a069-568c197f0809')
/
insert into KSEN_SCHED_RQST_CMP_TMSLOT (CMP_ID, TM_SLOT_ID) values ('f3311a1a-2dbf-47e4-8f85-5de595573eed', '22287b98-85d9-4631-8ff3-ab278626615b')
/
insert into KSEN_CO_AO_CLUSTER (OBJ_ID, VER_NBR, CREATEID, CREATETIME, UPDATEID, UPDATETIME, AO_CLUSTER_STATE, AO_CLUSTER_TYPE, DESCR_FORMATTED, DESCR_PLAIN, FORMAT_OFFERING_ID, NAME, PRIVATE_NAME, ID) values ('b443ed3d-fac1-4563-ad66-6347c30d2b7d', 0, 'admin', TIMESTAMP '2013-04-11 09:21:58.974', 'admin', TIMESTAMP '2013-04-11 09:21:58.974', 'kuali.activity.offering.cluster.state.active', 'kuali.activity.offering.cluster.type.activity.offering.cluster', '', '', 'ea393e8f-5319-43a5-9478-7461251686aa', 'CL 1', 'CL 1', 'bb8a2116-7b60-4732-8625-d99a26e1d005')
/
insert into KSEN_CO_AO_CLUSTER_SET (OBJ_ID, ACTIVITY_OFFERING_TYPE, AO_CLUSTER_ID, ID) values ('5e36dc13-cd8f-44cc-8403-9cb0e5d92ed4', 'kuali.lui.type.activity.offering.lecture', 'bb8a2116-7b60-4732-8625-d99a26e1d005', '651b99b5-bb46-40a9-9759-96c64dc96a59')
/
insert into KSEN_CO_AO_CLUSTER_SET (OBJ_ID, ACTIVITY_OFFERING_TYPE, AO_CLUSTER_ID, ID) values ('43775912-3007-4f55-b5ff-91e67f94d170', 'kuali.lui.type.activity.offering.lab', 'bb8a2116-7b60-4732-8625-d99a26e1d005', '9c29966d-a95c-40f6-b3e4-2610c6ab3c20')
/
insert into KSEN_CO_AO_CLUSTER_SET_AO (AOC_SET_ID, ACTIVITY_OFFERING_ID) values ('651b99b5-bb46-40a9-9759-96c64dc96a59', '56b51109-72d0-4f61-b589-bdad7280c560')
/
insert into KSEN_CO_AO_CLUSTER_SET_AO (AOC_SET_ID, ACTIVITY_OFFERING_ID) values ('9c29966d-a95c-40f6-b3e4-2610c6ab3c20', 'd43ba532-5f70-4b3a-8bad-70a392cea869')
/
insert into KSEN_CO_AO_CLUSTER_SET_AO (AOC_SET_ID, ACTIVITY_OFFERING_ID) values ('9c29966d-a95c-40f6-b3e4-2610c6ab3c20', '8ce5704d-fc51-4452-8caf-5e33332bb910')
/
insert into KSEN_LUI (OBJ_ID, VER_NBR, CREATEID, CREATETIME, UPDATEID, UPDATETIME, ATP_ID, CLU_ID, EFF_DT, EXPIR_DT, DESCR_FORMATTED, LUI_STATE, LUI_TYPE, MAX_SEATS, MIN_SEATS, NAME, DESCR_PLAIN, REF_URL, SCHEDULE_ID, ID) values ('2aee205e-b6f8-42f8-9ed5-2b646c7126a8', 0, 'admin', TIMESTAMP '2013-04-11 09:21:58.974', 'admin', TIMESTAMP '2013-04-11 09:21:58.974', 'kuali.atp.2012Winter', '25889d4f-0612-424c-87a5-e96f60f3e096', '', '', '1001', 'kuali.lui.registration.group.state.pending', 'kuali.lui.type.registration.group', '', '', '1001', '1001', '', '', '18236664-fdb4-4adc-95cf-1531567d3549')
/
insert into KSEN_LUI_ATTR (OBJ_ID, ATTR_KEY, OWNER_ID, ATTR_VALUE, ID) values ('cf6fd721-12a8-4095-80d4-56b5df89f91a', 'kuali.attribute.registration.group.aocluster.id', '18236664-fdb4-4adc-95cf-1531567d3549', 'bb8a2116-7b60-4732-8625-d99a26e1d005', 'e7348845-0e6a-4ea6-a886-578b8140d276')
/
insert into KSEN_LUI_ATTR (OBJ_ID, ATTR_KEY, OWNER_ID, ATTR_VALUE, ID) values ('d0f06c2e-477b-4021-aa16-8a0d2fe8c595', 'kuali.attribute.registration.group.is.generated', '18236664-fdb4-4adc-95cf-1531567d3549', '1', 'bc876960-bae3-4aa7-903a-8f0265df3796')
/
insert into KSEN_LUI_IDENT (OBJ_ID, VER_NBR, CREATEID, CREATETIME, UPDATEID, UPDATETIME, LUI_CD, DIVISION, IDENT_LEVEL, LNG_NAME, LUI_ID, ORGID, SHRT_NAME, LUI_ID_STATE, SUFX_CD, LUI_ID_TYPE, VARTN, ID) values ('3ce8fac3-044d-4795-a853-4bc864f196ae', 0, 'admin', TIMESTAMP '2013-04-11 09:21:58.974', 'admin', TIMESTAMP '2013-04-11 09:21:58.974', '', '', '', '', '18236664-fdb4-4adc-95cf-1531567d3549', '', '', 'kuali.lui.identifier.state.active', '', 'kuali.lui.identifier.type.official', '', '8f8b165b-83a4-4c2d-84b0-77e43f60fbf2')
/
insert into KSEN_LUILUI_RELTN (OBJ_ID, VER_NBR, CREATEID, CREATETIME, UPDATEID, UPDATETIME, EFF_DT, EXPIR_DT, DESCR_FORMATTED, LUI_ID, LUILUI_RELTN_STATE, LUILUI_RELTN_TYPE, NAME, DESCR_PLAIN, RELATED_LUI_ID, ID) values ('5246d5fb-dccf-4f0a-96a2-d88c1f115f51', 0, 'admin', TIMESTAMP '2013-04-11 09:21:58.974', 'admin', TIMESTAMP '2013-04-11 09:21:58.974', TIMESTAMP '2013-04-11 09:22:02.165', '', 'CHEM277-FO-RG', 'ea393e8f-5319-43a5-9478-7461251686aa', 'kuali.lui.lui.relation.state.active', 'kuali.lui.lui.relation.type.deliveredvia.fo2rg', 'fo-rg-relation', 'CHEM277-FO-RG', '18236664-fdb4-4adc-95cf-1531567d3549', 'd84caef0-2d71-4bc7-a21b-e2b802893022')
/
insert into KSEN_LUILUI_RELTN (OBJ_ID, VER_NBR, CREATEID, CREATETIME, UPDATEID, UPDATETIME, EFF_DT, EXPIR_DT, DESCR_FORMATTED, LUI_ID, LUILUI_RELTN_STATE, LUILUI_RELTN_TYPE, NAME, DESCR_PLAIN, RELATED_LUI_ID, ID) values ('7911c16b-81ab-4359-8eaf-8a2335f24b1a', 0, 'admin', TIMESTAMP '2013-04-11 09:21:58.974', 'admin', TIMESTAMP '2013-04-11 09:21:58.974', TIMESTAMP '2013-04-11 09:22:02.169', '', 'CHEM277-RG-AO', '18236664-fdb4-4adc-95cf-1531567d3549', 'kuali.lui.lui.relation.state.active', 'kuali.lui.lui.relation.type.registeredforvia.rg2ao', 'rg-ao-relation', 'CHEM277-RG-AO', '56b51109-72d0-4f61-b589-bdad7280c560', '6ec12457-0a5b-44f4-8103-f95c57b18d99')
/
insert into KSEN_LUILUI_RELTN (OBJ_ID, VER_NBR, CREATEID, CREATETIME, UPDATEID, UPDATETIME, EFF_DT, EXPIR_DT, DESCR_FORMATTED, LUI_ID, LUILUI_RELTN_STATE, LUILUI_RELTN_TYPE, NAME, DESCR_PLAIN, RELATED_LUI_ID, ID) values ('947fe1f4-3093-4c69-ada5-56d3d600ad16', 0, 'admin', TIMESTAMP '2013-04-11 09:21:58.974', 'admin', TIMESTAMP '2013-04-11 09:21:58.974', TIMESTAMP '2013-04-11 09:22:02.173', '', 'CHEM277-RG-AO', '18236664-fdb4-4adc-95cf-1531567d3549', 'kuali.lui.lui.relation.state.active', 'kuali.lui.lui.relation.type.registeredforvia.rg2ao', 'rg-ao-relation', 'CHEM277-RG-AO', '8ce5704d-fc51-4452-8caf-5e33332bb910', '17d99baf-d656-44b8-9b58-9dce6d6dae08')
/
insert into KSEN_LUI (OBJ_ID, VER_NBR, CREATEID, CREATETIME, UPDATEID, UPDATETIME, ATP_ID, CLU_ID, EFF_DT, EXPIR_DT, DESCR_FORMATTED, LUI_STATE, LUI_TYPE, MAX_SEATS, MIN_SEATS, NAME, DESCR_PLAIN, REF_URL, SCHEDULE_ID, ID) values ('b86aaf98-2df8-41b7-9016-e5158f06f4b2', 0, 'admin', TIMESTAMP '2013-04-11 09:21:58.974', 'admin', TIMESTAMP '2013-04-11 09:21:58.974', 'kuali.atp.2012Winter', '25889d4f-0612-424c-87a5-e96f60f3e096', '', '', '1002', 'kuali.lui.registration.group.state.pending', 'kuali.lui.type.registration.group', '', '', '1002', '1002', '', '', '724a1c90-7153-4693-b9b7-2d673561e35b')
/
insert into KSEN_LUI_ATTR (OBJ_ID, ATTR_KEY, OWNER_ID, ATTR_VALUE, ID) values ('8856f356-6260-4f78-a043-a11f63a811d8', 'kuali.attribute.registration.group.aocluster.id', '724a1c90-7153-4693-b9b7-2d673561e35b', 'bb8a2116-7b60-4732-8625-d99a26e1d005', 'd4ca12f8-e4cc-4b3e-a18c-c9d2b419e63e')
/
insert into KSEN_LUI_ATTR (OBJ_ID, ATTR_KEY, OWNER_ID, ATTR_VALUE, ID) values ('17224c96-7ea0-45de-a95e-aadf2ff4aaee', 'kuali.attribute.registration.group.is.generated', '724a1c90-7153-4693-b9b7-2d673561e35b', '1', '26b23382-f515-45fa-b3b8-50925db00920')
/
insert into KSEN_LUI_IDENT (OBJ_ID, VER_NBR, CREATEID, CREATETIME, UPDATEID, UPDATETIME, LUI_CD, DIVISION, IDENT_LEVEL, LNG_NAME, LUI_ID, ORGID, SHRT_NAME, LUI_ID_STATE, SUFX_CD, LUI_ID_TYPE, VARTN, ID) values ('e4b2c4e0-a1ea-42a8-b4ab-175627363f01', 0, 'admin', TIMESTAMP '2013-04-11 09:21:58.974', 'admin', TIMESTAMP '2013-04-11 09:21:58.974', '', '', '', '', '724a1c90-7153-4693-b9b7-2d673561e35b', '', '', 'kuali.lui.identifier.state.active', '', 'kuali.lui.identifier.type.official', '', '6149a9f0-f967-46db-8657-383aefb4c11c')
/
insert into KSEN_LUILUI_RELTN (OBJ_ID, VER_NBR, CREATEID, CREATETIME, UPDATEID, UPDATETIME, EFF_DT, EXPIR_DT, DESCR_FORMATTED, LUI_ID, LUILUI_RELTN_STATE, LUILUI_RELTN_TYPE, NAME, DESCR_PLAIN, RELATED_LUI_ID, ID) values ('0c78bf2d-2cb3-4091-aa2a-b9b7d9f4345e', 0, 'admin', TIMESTAMP '2013-04-11 09:21:58.974', 'admin', TIMESTAMP '2013-04-11 09:21:58.974', TIMESTAMP '2013-04-11 09:22:03.039', '', 'CHEM277-FO-RG', 'ea393e8f-5319-43a5-9478-7461251686aa', 'kuali.lui.lui.relation.state.active', 'kuali.lui.lui.relation.type.deliveredvia.fo2rg', 'fo-rg-relation', 'CHEM277-FO-RG', '724a1c90-7153-4693-b9b7-2d673561e35b', '7fd674bd-c8ec-4016-aa66-62f8fee30d39')
/
insert into KSEN_LUILUI_RELTN (OBJ_ID, VER_NBR, CREATEID, CREATETIME, UPDATEID, UPDATETIME, EFF_DT, EXPIR_DT, DESCR_FORMATTED, LUI_ID, LUILUI_RELTN_STATE, LUILUI_RELTN_TYPE, NAME, DESCR_PLAIN, RELATED_LUI_ID, ID) values ('693ecb48-8ad6-4eea-94a2-042592c25ab8', 0, 'admin', TIMESTAMP '2013-04-11 09:21:58.974', 'admin', TIMESTAMP '2013-04-11 09:21:58.974', TIMESTAMP '2013-04-11 09:22:03.043', '', 'CHEM277-RG-AO', '724a1c90-7153-4693-b9b7-2d673561e35b', 'kuali.lui.lui.relation.state.active', 'kuali.lui.lui.relation.type.registeredforvia.rg2ao', 'rg-ao-relation', 'CHEM277-RG-AO', '56b51109-72d0-4f61-b589-bdad7280c560', 'aa01eca2-f352-45a5-b52a-300c6c4a6c02')
/
insert into KSEN_LUILUI_RELTN (OBJ_ID, VER_NBR, CREATEID, CREATETIME, UPDATEID, UPDATETIME, EFF_DT, EXPIR_DT, DESCR_FORMATTED, LUI_ID, LUILUI_RELTN_STATE, LUILUI_RELTN_TYPE, NAME, DESCR_PLAIN, RELATED_LUI_ID, ID) values ('7f6cb8ca-8c7e-4ca2-9bfa-c9295e2ec24b', 0, 'admin', TIMESTAMP '2013-04-11 09:21:58.974', 'admin', TIMESTAMP '2013-04-11 09:21:58.974', TIMESTAMP '2013-04-11 09:22:03.047', '', 'CHEM277-RG-AO', '724a1c90-7153-4693-b9b7-2d673561e35b', 'kuali.lui.lui.relation.state.active', 'kuali.lui.lui.relation.type.registeredforvia.rg2ao', 'rg-ao-relation', 'CHEM277-RG-AO', 'd43ba532-5f70-4b3a-8bad-70a392cea869', '322953da-763d-49fe-8272-d258f4dd89d6')
/

-- In CHEM277 201212 copy LECTURE --
insert into KSEN_LUI (OBJ_ID, VER_NBR, CREATEID, CREATETIME, UPDATEID, UPDATETIME, ATP_ID, CLU_ID, EFF_DT, EXPIR_DT, DESCR_FORMATTED, LUI_STATE, LUI_TYPE, MAX_SEATS, MIN_SEATS, NAME, DESCR_PLAIN, REF_URL, SCHEDULE_ID, ID) values ('858f0e4d-a84c-4698-b8d0-e9d7146b221f', 0, 'admin', TIMESTAMP '2013-04-11 10:46:25.427', 'admin', TIMESTAMP '2013-04-11 10:46:25.427', 'kuali.atp.2012Winter', 'ef2963d7-9647-4ce7-ac63-9523204dd654', '', '', 'Courses with lecture', 'kuali.lui.activity.offering.state.draft', 'kuali.lui.type.activity.offering.lecture', 48, 48, 'Lecture', 'Courses with lecture', 'null', '', '79434b13-3b8f-49a3-9801-ded4abb7f4ec')
/
insert into KSEN_LUI_ATTR (OBJ_ID, ATTR_KEY, OWNER_ID, ATTR_VALUE, ID) values ('81733d36-95c8-44e1-8635-1ea83cca29d6', 'kuali.attribute.course.evaluation.indicator', '79434b13-3b8f-49a3-9801-ded4abb7f4ec', '0', '7f5e712b-7c5d-4346-ad40-6b7d97890157')
/
insert into KSEN_LUI_ATTR (OBJ_ID, ATTR_KEY, OWNER_ID, ATTR_VALUE, ID) values ('830bd888-f688-4f22-a20d-32311aa316ac', 'kuali.attribute.max.enrollment.is.estimate', '79434b13-3b8f-49a3-9801-ded4abb7f4ec', '0', '6b8cecd7-a1ba-4959-a22e-63a6f34910bd')
/
insert into KSEN_LUI_ATTR (OBJ_ID, ATTR_KEY, OWNER_ID, ATTR_VALUE, ID) values ('2ba737d2-ef20-4584-a55f-6667fc36a811', 'isWaitlistCheckinRequired', '79434b13-3b8f-49a3-9801-ded4abb7f4ec', '0', '23d26f2b-57b5-4566-add0-853c9d7cf170')
/
insert into KSEN_LUI_IDENT (OBJ_ID, VER_NBR, CREATEID, CREATETIME, UPDATEID, UPDATETIME, LUI_CD, DIVISION, IDENT_LEVEL, LNG_NAME, LUI_ID, ORGID, SHRT_NAME, LUI_ID_STATE, SUFX_CD, LUI_ID_TYPE, VARTN, ID) values ('182d22fa-4bad-44e5-90bd-66495047a5d4', 0, 'admin', TIMESTAMP '2013-04-11 10:46:25.427', 'admin', TIMESTAMP '2013-04-11 10:46:25.427', 'D', '', '', '', '79434b13-3b8f-49a3-9801-ded4abb7f4ec', '', '', 'kuali.lui.identifier.state.active', '', 'kuali.lui.identifier.type.official', '', '66d9b249-4749-476d-9fcf-25f82df42581')
/
insert into KSEN_LUI_LU_CD (OBJ_ID, VER_NBR, CREATEID, CREATETIME, UPDATEID, UPDATETIME, DESCR_FORMATTED, LUI_ID, DESCR_PLAIN, LUI_LUCD_TYPE, VALUE, ID) values ('e801321a-e0b5-4183-8046-6b159996a4fc', 0, 'admin', TIMESTAMP '2013-04-11 10:46:25.427', 'admin', TIMESTAMP '2013-04-11 10:46:25.427', '', '79434b13-3b8f-49a3-9801-ded4abb7f4ec', '', 'kuali.lu.code.honorsOffering', '0', 'd2215993-9941-45f4-b848-03041c9dee3b')
/
insert into KSEN_LPR (OBJ_ID, VER_NBR, CREATEID, CREATETIME, UPDATEID, UPDATETIME, COMMIT_PERCT, EFF_DT, EXPIR_DT, LUI_ID, PERS_ID, LPR_STATE, LPR_TYPE, ID) values ('c25b874d-0991-4af8-9df6-343e4605b004', 0, 'admin', TIMESTAMP '2013-04-11 10:46:25.427', 'admin', TIMESTAMP '2013-04-11 10:46:25.427', '100.0', TIMESTAMP '2013-04-11 10:46:25.804', '', '79434b13-3b8f-49a3-9801-ded4abb7f4ec', 'W.TIMOTHYC', 'kuali.lpr.state.active', 'kuali.lpr.type.instructor.main', 'f6a58994-f98e-4180-afbc-f5579fa99823')
/
insert into KSEN_LUILUI_RELTN (OBJ_ID, VER_NBR, CREATEID, CREATETIME, UPDATEID, UPDATETIME, EFF_DT, EXPIR_DT, DESCR_FORMATTED, LUI_ID, LUILUI_RELTN_STATE, LUILUI_RELTN_TYPE, NAME, DESCR_PLAIN, RELATED_LUI_ID, ID) values ('acabef27-8fb0-429f-a1cf-e646637176eb', 0, 'admin', TIMESTAMP '2013-04-11 10:46:25.427', 'admin', TIMESTAMP '2013-04-11 10:46:25.427', TIMESTAMP '2013-04-11 10:46:25.804', '', 'CHEM277-FO-AO', 'ea393e8f-5319-43a5-9478-7461251686aa', 'kuali.lui.lui.relation.state.active', 'kuali.lui.lui.relation.type.deliveredvia.fo2ao', 'fo-ao-relation', 'CHEM277-FO-AO', '79434b13-3b8f-49a3-9801-ded4abb7f4ec', 'eeb270e3-ed0f-418f-84ff-d21cac2debc7')
/
insert into KSEN_SCHED_RQST (OBJ_ID, VER_NBR, CREATEID, CREATETIME, UPDATEID, UPDATETIME, DESCR_FORMATTED, NAME, DESCR_PLAIN, REF_OBJECT_ID, REF_OBJECT_TYPE, SCHED_RQST_STATE, SCHED_RQST_TYPE, ID) values ('2d637d2a-7243-4aec-9fdc-c644dcdbb703', 0, 'admin', TIMESTAMP '2013-04-11 10:46:25.427', 'admin', TIMESTAMP '2013-04-11 10:46:25.427', '', 'Schedule reqeust for CHEM277 - D', '', '79434b13-3b8f-49a3-9801-ded4abb7f4ec', 'http://student.kuali.org/wsdl/courseOffering/ActivityOfferingInfo', 'kuali.scheduling.schedule.request.state.created', 'kuali.scheduling.schedule.request.type.schedule.request', 'f0709fd3-0200-4cbb-8afe-94bdbebaba4f')
/
insert into KSEN_SCHED_RQST_CMP (OBJ_ID, TBA_IND, SCHED_RQST_ID, ID) values ('c16de5ee-c721-40f9-b447-bb769f5aeb08', '0', 'f0709fd3-0200-4cbb-8afe-94bdbebaba4f', 'd747746b-91b4-49b2-aa9f-6f223acf3186')
/
insert into KSEN_SCHED_RQST_CMP_BLDG (CMP_ID, BUILDING_ID) values ('d747746b-91b4-49b2-aa9f-6f223acf3186', '6f2e8f26-95bc-4bb1-a3d0-3206324cad4a')
/
insert into KSEN_SCHED_RQST_CMP_CAMPUS (CMP_ID, CAMPUS_ID) values ('d747746b-91b4-49b2-aa9f-6f223acf3186', 'UMCP')
/
insert into KSEN_SCHED_RQST_CMP_ROOM (CMP_ID, ROOM_ID) values ('d747746b-91b4-49b2-aa9f-6f223acf3186', 'a8ce091f-4b9d-4f52-ae15-d2eaf275d76a')
/
insert into KSEN_SCHED_RQST_CMP_TMSLOT (CMP_ID, TM_SLOT_ID) values ('d747746b-91b4-49b2-aa9f-6f223acf3186', '5a4cae65-9d9b-429d-a926-c64b72d6e1b4')
/
update KSEN_CO_AO_CLUSTER set OBJ_ID='b443ed3d-fac1-4563-ad66-6347c30d2b7d', VER_NBR=1, UPDATEID='admin', UPDATETIME=TIMESTAMP '2013-04-11 10:46:25.427', AO_CLUSTER_STATE='kuali.activity.offering.cluster.state.active', AO_CLUSTER_TYPE='kuali.activity.offering.cluster.type.activity.offering.cluster', DESCR_FORMATTED='', DESCR_PLAIN='', FORMAT_OFFERING_ID='ea393e8f-5319-43a5-9478-7461251686aa', NAME='CL 1', PRIVATE_NAME='CL 1' where ID='bb8a2116-7b60-4732-8625-d99a26e1d005' and VER_NBR=0
/
insert into KSEN_CO_AO_CLUSTER_SET_AO (AOC_SET_ID, ACTIVITY_OFFERING_ID) values ('651b99b5-bb46-40a9-9759-96c64dc96a59', '79434b13-3b8f-49a3-9801-ded4abb7f4ec')
/
insert into KSEN_LUI (OBJ_ID, VER_NBR, CREATEID, CREATETIME, UPDATEID, UPDATETIME, ATP_ID, CLU_ID, EFF_DT, EXPIR_DT, DESCR_FORMATTED, LUI_STATE, LUI_TYPE, MAX_SEATS, MIN_SEATS, NAME, DESCR_PLAIN, REF_URL, SCHEDULE_ID, ID) values ('fe71538b-058a-47d4-9826-95abbc1e3377', 0, 'admin', TIMESTAMP '2013-04-11 10:46:25.427', 'admin', TIMESTAMP '2013-04-11 10:46:25.427', 'kuali.atp.2012Winter', '25889d4f-0612-424c-87a5-e96f60f3e096', '', '', '1003', 'kuali.lui.registration.group.state.pending', 'kuali.lui.type.registration.group', '', '', '1003', '1003', '', '', '43e9d227-c2c3-4c15-beb4-961b393c3ac5')
/
insert into KSEN_LUI_ATTR (OBJ_ID, ATTR_KEY, OWNER_ID, ATTR_VALUE, ID) values ('c3fcbb82-b2f7-4e27-a7cc-cb3dabe65c9b', 'kuali.attribute.registration.group.is.generated', '43e9d227-c2c3-4c15-beb4-961b393c3ac5', '1', 'e51cb7b5-3a6a-4529-8769-91c4d6a3b310')
/
insert into KSEN_LUI_ATTR (OBJ_ID, ATTR_KEY, OWNER_ID, ATTR_VALUE, ID) values ('0a1c72b7-a08a-4b82-893d-1c5af699adc6', 'kuali.attribute.registration.group.aocluster.id', '43e9d227-c2c3-4c15-beb4-961b393c3ac5', 'bb8a2116-7b60-4732-8625-d99a26e1d005', '5e7136fb-4e79-4b36-a9a4-914d8271ce04')
/
insert into KSEN_LUI_IDENT (OBJ_ID, VER_NBR, CREATEID, CREATETIME, UPDATEID, UPDATETIME, LUI_CD, DIVISION, IDENT_LEVEL, LNG_NAME, LUI_ID, ORGID, SHRT_NAME, LUI_ID_STATE, SUFX_CD, LUI_ID_TYPE, VARTN, ID) values ('6379d0fa-8f73-4469-9f52-e7bb2de04dd6', 0, 'admin', TIMESTAMP '2013-04-11 10:46:25.427', 'admin', TIMESTAMP '2013-04-11 10:46:25.427', '', '', '', '', '43e9d227-c2c3-4c15-beb4-961b393c3ac5', '', '', 'kuali.lui.identifier.state.active', '', 'kuali.lui.identifier.type.official', '', '671af769-74f9-48b4-8108-865f3bf3a60c')
/
insert into KSEN_LUILUI_RELTN (OBJ_ID, VER_NBR, CREATEID, CREATETIME, UPDATEID, UPDATETIME, EFF_DT, EXPIR_DT, DESCR_FORMATTED, LUI_ID, LUILUI_RELTN_STATE, LUILUI_RELTN_TYPE, NAME, DESCR_PLAIN, RELATED_LUI_ID, ID) values ('8734c1ec-db38-4b32-954d-80ccb98fb7fb', 0, 'admin', TIMESTAMP '2013-04-11 10:46:25.427', 'admin', TIMESTAMP '2013-04-11 10:46:25.427', TIMESTAMP '2013-04-11 10:46:27.429', '', 'CHEM277-FO-RG', 'ea393e8f-5319-43a5-9478-7461251686aa', 'kuali.lui.lui.relation.state.active', 'kuali.lui.lui.relation.type.deliveredvia.fo2rg', 'fo-rg-relation', 'CHEM277-FO-RG', '43e9d227-c2c3-4c15-beb4-961b393c3ac5', 'e7964219-0498-4fe5-a4b9-ec207ace7081')
/
insert into KSEN_LUILUI_RELTN (OBJ_ID, VER_NBR, CREATEID, CREATETIME, UPDATEID, UPDATETIME, EFF_DT, EXPIR_DT, DESCR_FORMATTED, LUI_ID, LUILUI_RELTN_STATE, LUILUI_RELTN_TYPE, NAME, DESCR_PLAIN, RELATED_LUI_ID, ID) values ('283a0dbf-4ae3-447b-a623-2b90188d4eea', 0, 'admin', TIMESTAMP '2013-04-11 10:46:25.427', 'admin', TIMESTAMP '2013-04-11 10:46:25.427', TIMESTAMP '2013-04-11 10:46:27.432', '', 'CHEM277-RG-AO', '43e9d227-c2c3-4c15-beb4-961b393c3ac5', 'kuali.lui.lui.relation.state.active', 'kuali.lui.lui.relation.type.registeredforvia.rg2ao', 'rg-ao-relation', 'CHEM277-RG-AO', 'd43ba532-5f70-4b3a-8bad-70a392cea869', 'ac46b16d-68bb-4b30-b079-800f83d3ecd8')
/
insert into KSEN_LUILUI_RELTN (OBJ_ID, VER_NBR, CREATEID, CREATETIME, UPDATEID, UPDATETIME, EFF_DT, EXPIR_DT, DESCR_FORMATTED, LUI_ID, LUILUI_RELTN_STATE, LUILUI_RELTN_TYPE, NAME, DESCR_PLAIN, RELATED_LUI_ID, ID) values ('ea0008fe-ced8-4448-8195-89d637316a31', 0, 'admin', TIMESTAMP '2013-04-11 10:46:25.427', 'admin', TIMESTAMP '2013-04-11 10:46:25.427', TIMESTAMP '2013-04-11 10:46:27.434', '', 'CHEM277-RG-AO', '43e9d227-c2c3-4c15-beb4-961b393c3ac5', 'kuali.lui.lui.relation.state.active', 'kuali.lui.lui.relation.type.registeredforvia.rg2ao', 'rg-ao-relation', 'CHEM277-RG-AO', '79434b13-3b8f-49a3-9801-ded4abb7f4ec', '0e9abcd3-8a1d-426c-a529-fe8e07ee6344')
/
insert into KSEN_LUI (OBJ_ID, VER_NBR, CREATEID, CREATETIME, UPDATEID, UPDATETIME, ATP_ID, CLU_ID, EFF_DT, EXPIR_DT, DESCR_FORMATTED, LUI_STATE, LUI_TYPE, MAX_SEATS, MIN_SEATS, NAME, DESCR_PLAIN, REF_URL, SCHEDULE_ID, ID) values ('7225eca2-9ea7-4de7-b33a-bef14c404525', 0, 'admin', TIMESTAMP '2013-04-11 10:46:25.427', 'admin', TIMESTAMP '2013-04-11 10:46:25.427', 'kuali.atp.2012Winter', '25889d4f-0612-424c-87a5-e96f60f3e096', '', '', '1004', 'kuali.lui.registration.group.state.pending', 'kuali.lui.type.registration.group', '', '', '1004', '1004', '', '', '7f90c140-0512-4a5d-b67f-dce91b176ba0')
/
insert into KSEN_LUI_ATTR (OBJ_ID, ATTR_KEY, OWNER_ID, ATTR_VALUE, ID) values ('25176a04-2e13-4965-bb7a-544849494668', 'kuali.attribute.registration.group.is.generated', '7f90c140-0512-4a5d-b67f-dce91b176ba0', '1', 'a0994b65-99b8-4557-b7e2-e9700d9066ae')
/
insert into KSEN_LUI_ATTR (OBJ_ID, ATTR_KEY, OWNER_ID, ATTR_VALUE, ID) values ('ed7064f4-eba3-4346-bc03-499d739e58d1', 'kuali.attribute.registration.group.aocluster.id', '7f90c140-0512-4a5d-b67f-dce91b176ba0', 'bb8a2116-7b60-4732-8625-d99a26e1d005', '0214ef89-33aa-4266-abb6-f1a93bc01103')
/
insert into KSEN_LUI_IDENT (OBJ_ID, VER_NBR, CREATEID, CREATETIME, UPDATEID, UPDATETIME, LUI_CD, DIVISION, IDENT_LEVEL, LNG_NAME, LUI_ID, ORGID, SHRT_NAME, LUI_ID_STATE, SUFX_CD, LUI_ID_TYPE, VARTN, ID) values ('c5841b18-2adb-436f-9f85-b43aed781b71', 0, 'admin', TIMESTAMP '2013-04-11 10:46:25.427', 'admin', TIMESTAMP '2013-04-11 10:46:25.427', '', '', '', '', '7f90c140-0512-4a5d-b67f-dce91b176ba0', '', '', 'kuali.lui.identifier.state.active', '', 'kuali.lui.identifier.type.official', '', '7d90e84f-d558-43e7-96b8-8b42f20387dc')
/
insert into KSEN_LUILUI_RELTN (OBJ_ID, VER_NBR, CREATEID, CREATETIME, UPDATEID, UPDATETIME, EFF_DT, EXPIR_DT, DESCR_FORMATTED, LUI_ID, LUILUI_RELTN_STATE, LUILUI_RELTN_TYPE, NAME, DESCR_PLAIN, RELATED_LUI_ID, ID) values ('d4aed1d1-931f-4db4-b02c-47c29d6aedcc', 0, 'admin', TIMESTAMP '2013-04-11 10:46:25.427', 'admin', TIMESTAMP '2013-04-11 10:46:25.427', TIMESTAMP '2013-04-11 10:46:28.165', '', 'CHEM277-FO-RG', 'ea393e8f-5319-43a5-9478-7461251686aa', 'kuali.lui.lui.relation.state.active', 'kuali.lui.lui.relation.type.deliveredvia.fo2rg', 'fo-rg-relation', 'CHEM277-FO-RG', '7f90c140-0512-4a5d-b67f-dce91b176ba0', '276dfbd3-e7d2-4922-b559-a6dcfda841e7')
/
insert into KSEN_LUILUI_RELTN (OBJ_ID, VER_NBR, CREATEID, CREATETIME, UPDATEID, UPDATETIME, EFF_DT, EXPIR_DT, DESCR_FORMATTED, LUI_ID, LUILUI_RELTN_STATE, LUILUI_RELTN_TYPE, NAME, DESCR_PLAIN, RELATED_LUI_ID, ID) values ('6479dd73-d2a7-4cbf-a0bb-6ac5f97723ec', 0, 'admin', TIMESTAMP '2013-04-11 10:46:25.427', 'admin', TIMESTAMP '2013-04-11 10:46:25.427', TIMESTAMP '2013-04-11 10:46:28.168', '', 'CHEM277-RG-AO', '7f90c140-0512-4a5d-b67f-dce91b176ba0', 'kuali.lui.lui.relation.state.active', 'kuali.lui.lui.relation.type.registeredforvia.rg2ao', 'rg-ao-relation', 'CHEM277-RG-AO', '8ce5704d-fc51-4452-8caf-5e33332bb910', '707d5a8d-c876-46e4-a949-bd7d09c90be6')
/
insert into KSEN_LUILUI_RELTN (OBJ_ID, VER_NBR, CREATEID, CREATETIME, UPDATEID, UPDATETIME, EFF_DT, EXPIR_DT, DESCR_FORMATTED, LUI_ID, LUILUI_RELTN_STATE, LUILUI_RELTN_TYPE, NAME, DESCR_PLAIN, RELATED_LUI_ID, ID) values ('af89c38f-90d1-473b-aa9c-6a897573e635', 0, 'admin', TIMESTAMP '2013-04-11 10:46:25.427', 'admin', TIMESTAMP '2013-04-11 10:46:25.427', TIMESTAMP '2013-04-11 10:46:28.172', '', 'CHEM277-RG-AO', '7f90c140-0512-4a5d-b67f-dce91b176ba0', 'kuali.lui.lui.relation.state.active', 'kuali.lui.lui.relation.type.registeredforvia.rg2ao', 'rg-ao-relation', 'CHEM277-RG-AO', '79434b13-3b8f-49a3-9801-ded4abb7f4ec', '6de7f1dc-4077-4240-9681-a2177ad73564')
/

-- In CHEM277 201212 copy 1st LAB --
insert into KSEN_LUI (OBJ_ID, VER_NBR, CREATEID, CREATETIME, UPDATEID, UPDATETIME, ATP_ID, CLU_ID, EFF_DT, EXPIR_DT, DESCR_FORMATTED, LUI_STATE, LUI_TYPE, MAX_SEATS, MIN_SEATS, NAME, DESCR_PLAIN, REF_URL, SCHEDULE_ID, ID) values ('51221f63-c3c0-462e-b1d6-ae5239c532ac', 0, 'admin', TIMESTAMP '2013-04-11 10:56:16.661', 'admin', TIMESTAMP '2013-04-11 10:56:16.661', 'kuali.atp.2012Winter', '9b0d7d87-31ec-498b-bfe4-31a4f1e92021', '', '', 'Courses with lab', 'kuali.lui.activity.offering.state.draft', 'kuali.lui.type.activity.offering.lab', 24, 24, 'Lab', 'Courses with lab', 'null', '', '848df80a-a5d1-4df6-bd5a-f1e8a8317023')
/
insert into KSEN_LUI_ATTR (OBJ_ID, ATTR_KEY, OWNER_ID, ATTR_VALUE, ID) values ('ab9f9148-205b-4b24-9090-f220c31cba24', 'isWaitlistCheckinRequired', '848df80a-a5d1-4df6-bd5a-f1e8a8317023', '0', '7422ca5c-3952-4ba7-b288-64dac0bf6106')
/
insert into KSEN_LUI_ATTR (OBJ_ID, ATTR_KEY, OWNER_ID, ATTR_VALUE, ID) values ('1d93b356-8a3d-4bb9-aed7-512878088317', 'kuali.attribute.course.evaluation.indicator', '848df80a-a5d1-4df6-bd5a-f1e8a8317023', '0', 'fda7758a-a794-4463-8057-d5ece0eed213')
/
insert into KSEN_LUI_ATTR (OBJ_ID, ATTR_KEY, OWNER_ID, ATTR_VALUE, ID) values ('95941781-7772-4096-8b82-6cc00ddd1bd2', 'kuali.attribute.max.enrollment.is.estimate', '848df80a-a5d1-4df6-bd5a-f1e8a8317023', '0', '1c57331b-7971-4509-b58f-87fca7cabd71')
/
insert into KSEN_LUI_IDENT (OBJ_ID, VER_NBR, CREATEID, CREATETIME, UPDATEID, UPDATETIME, LUI_CD, DIVISION, IDENT_LEVEL, LNG_NAME, LUI_ID, ORGID, SHRT_NAME, LUI_ID_STATE, SUFX_CD, LUI_ID_TYPE, VARTN, ID) values ('e1f10efa-d3bf-42ee-bd91-ee6f58637e0b', 0, 'admin', TIMESTAMP '2013-04-11 10:56:16.661', 'admin', TIMESTAMP '2013-04-11 10:56:16.661', 'E', '', '', '', '848df80a-a5d1-4df6-bd5a-f1e8a8317023', '', '', 'kuali.lui.identifier.state.active', '', 'kuali.lui.identifier.type.official', '', '140a7921-8a05-44c9-9940-665724608071')
/
insert into KSEN_LUI_LU_CD (OBJ_ID, VER_NBR, CREATEID, CREATETIME, UPDATEID, UPDATETIME, DESCR_FORMATTED, LUI_ID, DESCR_PLAIN, LUI_LUCD_TYPE, VALUE, ID) values ('65bb36a2-28b5-4bc0-9bab-1b399326a0be', 0, 'admin', TIMESTAMP '2013-04-11 10:56:16.661', 'admin', TIMESTAMP '2013-04-11 10:56:16.661', '', '848df80a-a5d1-4df6-bd5a-f1e8a8317023', '', 'kuali.lu.code.honorsOffering', '0', '5ea7edda-b99b-4af5-800d-66ceaacfd272')
/
insert into KSEN_LPR (OBJ_ID, VER_NBR, CREATEID, CREATETIME, UPDATEID, UPDATETIME, COMMIT_PERCT, EFF_DT, EXPIR_DT, LUI_ID, PERS_ID, LPR_STATE, LPR_TYPE, ID) values ('dba45c7b-3157-4302-b55e-11dfb0fe6b5c', 0, 'admin', TIMESTAMP '2013-04-11 10:56:16.661', 'admin', TIMESTAMP '2013-04-11 10:56:16.661', '100.0', TIMESTAMP '2013-04-11 10:56:16.993', '', '848df80a-a5d1-4df6-bd5a-f1e8a8317023', 'J.JRH', 'kuali.lpr.state.active', 'kuali.lpr.type.instructor.main', 'aadb5965-54eb-4a7b-bf31-fc68b651f32c')
/
insert into KSEN_LUILUI_RELTN (OBJ_ID, VER_NBR, CREATEID, CREATETIME, UPDATEID, UPDATETIME, EFF_DT, EXPIR_DT, DESCR_FORMATTED, LUI_ID, LUILUI_RELTN_STATE, LUILUI_RELTN_TYPE, NAME, DESCR_PLAIN, RELATED_LUI_ID, ID) values ('e13d3f66-e7ac-4deb-b505-3f4831658da6', 0, 'admin', TIMESTAMP '2013-04-11 10:56:16.661', 'admin', TIMESTAMP '2013-04-11 10:56:16.661', TIMESTAMP '2013-04-11 10:56:16.993', '', 'CHEM277-FO-AO', 'ea393e8f-5319-43a5-9478-7461251686aa', 'kuali.lui.lui.relation.state.active', 'kuali.lui.lui.relation.type.deliveredvia.fo2ao', 'fo-ao-relation', 'CHEM277-FO-AO', '848df80a-a5d1-4df6-bd5a-f1e8a8317023', '306b1f9f-39f2-4fa1-b85f-cefcccdaaa00')
/
insert into KSEN_SCHED_RQST (OBJ_ID, VER_NBR, CREATEID, CREATETIME, UPDATEID, UPDATETIME, DESCR_FORMATTED, NAME, DESCR_PLAIN, REF_OBJECT_ID, REF_OBJECT_TYPE, SCHED_RQST_STATE, SCHED_RQST_TYPE, ID) values ('41041edc-7bb6-4006-b60c-a68a1a57d87d', 0, 'admin', TIMESTAMP '2013-04-11 10:56:16.661', 'admin', TIMESTAMP '2013-04-11 10:56:16.661', '', 'Schedule reqeust for CHEM277 - E', '', '848df80a-a5d1-4df6-bd5a-f1e8a8317023', 'http://student.kuali.org/wsdl/courseOffering/ActivityOfferingInfo', 'kuali.scheduling.schedule.request.state.created', 'kuali.scheduling.schedule.request.type.schedule.request', 'e099cc85-2a14-42b6-be34-a8b84f9d1b9c')
/
insert into KSEN_SCHED_RQST_CMP (OBJ_ID, TBA_IND, SCHED_RQST_ID, ID) values ('308b2f00-5b3a-43c5-8786-905ea4d7e6c0', '0', 'e099cc85-2a14-42b6-be34-a8b84f9d1b9c', '429a412a-99a4-4c9d-b653-d1991e595931')
/
insert into KSEN_SCHED_RQST_CMP_BLDG (CMP_ID, BUILDING_ID) values ('429a412a-99a4-4c9d-b653-d1991e595931', '6f2e8f26-95bc-4bb1-a3d0-3206324cad4a')
/
insert into KSEN_SCHED_RQST_CMP_CAMPUS (CMP_ID, CAMPUS_ID) values ('429a412a-99a4-4c9d-b653-d1991e595931', 'UMCP')
/
insert into KSEN_SCHED_RQST_CMP_ROOM (CMP_ID, ROOM_ID) values ('429a412a-99a4-4c9d-b653-d1991e595931', '5fcaeba7-a010-40dc-a069-568c197f0809')
/
insert into KSEN_SCHED_RQST_CMP_TMSLOT (CMP_ID, TM_SLOT_ID) values ('429a412a-99a4-4c9d-b653-d1991e595931', '22483a90-028c-4146-ae8f-f80591aa5e12')
/
update KSEN_CO_AO_CLUSTER set OBJ_ID='b443ed3d-fac1-4563-ad66-6347c30d2b7d', VER_NBR=2, UPDATEID='admin', UPDATETIME=TIMESTAMP '2013-04-11 10:56:16.661', AO_CLUSTER_STATE='kuali.activity.offering.cluster.state.active', AO_CLUSTER_TYPE='kuali.activity.offering.cluster.type.activity.offering.cluster', DESCR_FORMATTED='', DESCR_PLAIN='', FORMAT_OFFERING_ID='ea393e8f-5319-43a5-9478-7461251686aa', NAME='CL 1', PRIVATE_NAME='CL 1' where ID='bb8a2116-7b60-4732-8625-d99a26e1d005' and VER_NBR=1
/
insert into KSEN_CO_AO_CLUSTER_SET_AO (AOC_SET_ID, ACTIVITY_OFFERING_ID) values ('9c29966d-a95c-40f6-b3e4-2610c6ab3c20', '848df80a-a5d1-4df6-bd5a-f1e8a8317023')
/
insert into KSEN_LUI (OBJ_ID, VER_NBR, CREATEID, CREATETIME, UPDATEID, UPDATETIME, ATP_ID, CLU_ID, EFF_DT, EXPIR_DT, DESCR_FORMATTED, LUI_STATE, LUI_TYPE, MAX_SEATS, MIN_SEATS, NAME, DESCR_PLAIN, REF_URL, SCHEDULE_ID, ID) values ('31f6c146-f6c9-47d7-baaf-5620bb65f019', 0, 'admin', TIMESTAMP '2013-04-11 10:56:16.661', 'admin', TIMESTAMP '2013-04-11 10:56:16.661', 'kuali.atp.2012Winter', '25889d4f-0612-424c-87a5-e96f60f3e096', '', '', '1005', 'kuali.lui.registration.group.state.pending', 'kuali.lui.type.registration.group', '', '', '1005', '1005', '', '', '1a5f254d-61ef-4486-bb7d-4d7ad812bafd')
/
insert into KSEN_LUI_ATTR (OBJ_ID, ATTR_KEY, OWNER_ID, ATTR_VALUE, ID) values ('f0a4f9a9-4e10-4ba1-8894-8c08eb70c5a5', 'kuali.attribute.registration.group.is.generated', '1a5f254d-61ef-4486-bb7d-4d7ad812bafd', '1', 'ad4cf2eb-f62e-4820-a2c6-c84441c20b70')
/
insert into KSEN_LUI_ATTR (OBJ_ID, ATTR_KEY, OWNER_ID, ATTR_VALUE, ID) values ('3d3d5b2f-d1dd-4be6-8d3d-a5bceb9bc59a', 'kuali.attribute.registration.group.aocluster.id', '1a5f254d-61ef-4486-bb7d-4d7ad812bafd', 'bb8a2116-7b60-4732-8625-d99a26e1d005', '53f06783-e9a0-45e4-bcdd-a8902669badf')
/
insert into KSEN_LUI_IDENT (OBJ_ID, VER_NBR, CREATEID, CREATETIME, UPDATEID, UPDATETIME, LUI_CD, DIVISION, IDENT_LEVEL, LNG_NAME, LUI_ID, ORGID, SHRT_NAME, LUI_ID_STATE, SUFX_CD, LUI_ID_TYPE, VARTN, ID) values ('26d822ee-c4e9-4524-a17c-a5291116b53c', 0, 'admin', TIMESTAMP '2013-04-11 10:56:16.661', 'admin', TIMESTAMP '2013-04-11 10:56:16.661', '', '', '', '', '1a5f254d-61ef-4486-bb7d-4d7ad812bafd', '', '', 'kuali.lui.identifier.state.active', '', 'kuali.lui.identifier.type.official', '', 'ca9c2362-6904-44fb-9c0e-e27f2eb2203e')
/
insert into KSEN_LUILUI_RELTN (OBJ_ID, VER_NBR, CREATEID, CREATETIME, UPDATEID, UPDATETIME, EFF_DT, EXPIR_DT, DESCR_FORMATTED, LUI_ID, LUILUI_RELTN_STATE, LUILUI_RELTN_TYPE, NAME, DESCR_PLAIN, RELATED_LUI_ID, ID) values ('31b63bfc-a57d-4bfa-9f86-b5c9ec076e64', 0, 'admin', TIMESTAMP '2013-04-11 10:56:16.661', 'admin', TIMESTAMP '2013-04-11 10:56:16.661', TIMESTAMP '2013-04-11 10:56:19.776', '', 'CHEM277-FO-RG', 'ea393e8f-5319-43a5-9478-7461251686aa', 'kuali.lui.lui.relation.state.active', 'kuali.lui.lui.relation.type.deliveredvia.fo2rg', 'fo-rg-relation', 'CHEM277-FO-RG', '1a5f254d-61ef-4486-bb7d-4d7ad812bafd', '442480df-10c0-40ad-a8eb-bcb27fca290b')
/
insert into KSEN_LUILUI_RELTN (OBJ_ID, VER_NBR, CREATEID, CREATETIME, UPDATEID, UPDATETIME, EFF_DT, EXPIR_DT, DESCR_FORMATTED, LUI_ID, LUILUI_RELTN_STATE, LUILUI_RELTN_TYPE, NAME, DESCR_PLAIN, RELATED_LUI_ID, ID) values ('bf7c1917-415d-4bee-b06f-803dd8aef57c', 0, 'admin', TIMESTAMP '2013-04-11 10:56:16.661', 'admin', TIMESTAMP '2013-04-11 10:56:16.661', TIMESTAMP '2013-04-11 10:56:19.778', '', 'CHEM277-RG-AO', '1a5f254d-61ef-4486-bb7d-4d7ad812bafd', 'kuali.lui.lui.relation.state.active', 'kuali.lui.lui.relation.type.registeredforvia.rg2ao', 'rg-ao-relation', 'CHEM277-RG-AO', '56b51109-72d0-4f61-b589-bdad7280c560', 'a4b3e40c-06e9-44d5-86ef-cd13148b5a51')
/
insert into KSEN_LUILUI_RELTN (OBJ_ID, VER_NBR, CREATEID, CREATETIME, UPDATEID, UPDATETIME, EFF_DT, EXPIR_DT, DESCR_FORMATTED, LUI_ID, LUILUI_RELTN_STATE, LUILUI_RELTN_TYPE, NAME, DESCR_PLAIN, RELATED_LUI_ID, ID) values ('d8a7521c-f733-4d02-991d-b26db09e42fc', 0, 'admin', TIMESTAMP '2013-04-11 10:56:16.661', 'admin', TIMESTAMP '2013-04-11 10:56:16.661', TIMESTAMP '2013-04-11 10:56:19.781', '', 'CHEM277-RG-AO', '1a5f254d-61ef-4486-bb7d-4d7ad812bafd', 'kuali.lui.lui.relation.state.active', 'kuali.lui.lui.relation.type.registeredforvia.rg2ao', 'rg-ao-relation', 'CHEM277-RG-AO', '848df80a-a5d1-4df6-bd5a-f1e8a8317023', '503d0118-a093-4d40-9ffc-7921c12fad7c')
/
insert into KSEN_LUI (OBJ_ID, VER_NBR, CREATEID, CREATETIME, UPDATEID, UPDATETIME, ATP_ID, CLU_ID, EFF_DT, EXPIR_DT, DESCR_FORMATTED, LUI_STATE, LUI_TYPE, MAX_SEATS, MIN_SEATS, NAME, DESCR_PLAIN, REF_URL, SCHEDULE_ID, ID) values ('2de0679a-0bfe-4836-a360-6bb8bb36a41f', 0, 'admin', TIMESTAMP '2013-04-11 10:56:16.661', 'admin', TIMESTAMP '2013-04-11 10:56:16.661', 'kuali.atp.2012Winter', '25889d4f-0612-424c-87a5-e96f60f3e096', '', '', '1006', 'kuali.lui.registration.group.state.pending', 'kuali.lui.type.registration.group', '', '', '1006', '1006', '', '', '835e0e07-c7bf-4be4-92da-58c1644bc128')
/
insert into KSEN_LUI_ATTR (OBJ_ID, ATTR_KEY, OWNER_ID, ATTR_VALUE, ID) values ('e1707e0d-d1fc-4dd2-bb05-e5bcd63d225b', 'kuali.attribute.registration.group.aocluster.id', '835e0e07-c7bf-4be4-92da-58c1644bc128', 'bb8a2116-7b60-4732-8625-d99a26e1d005', 'f460cd1d-9dd7-4332-8b8a-968a781e10e3')
/
insert into KSEN_LUI_ATTR (OBJ_ID, ATTR_KEY, OWNER_ID, ATTR_VALUE, ID) values ('fda4ef68-624e-4dcd-8a65-e11e280f1712', 'kuali.attribute.registration.group.is.generated', '835e0e07-c7bf-4be4-92da-58c1644bc128', '1', '6179f91e-4ae1-41da-a261-20dafed5e766')
/
insert into KSEN_LUI_IDENT (OBJ_ID, VER_NBR, CREATEID, CREATETIME, UPDATEID, UPDATETIME, LUI_CD, DIVISION, IDENT_LEVEL, LNG_NAME, LUI_ID, ORGID, SHRT_NAME, LUI_ID_STATE, SUFX_CD, LUI_ID_TYPE, VARTN, ID) values ('258994bf-e120-44e6-bcd1-92326db4216f', 0, 'admin', TIMESTAMP '2013-04-11 10:56:16.661', 'admin', TIMESTAMP '2013-04-11 10:56:16.661', '', '', '', '', '835e0e07-c7bf-4be4-92da-58c1644bc128', '', '', 'kuali.lui.identifier.state.active', '', 'kuali.lui.identifier.type.official', '', 'aa02b9ca-a0b6-46fe-aefc-99b41d247b1b')
/
insert into KSEN_LUILUI_RELTN (OBJ_ID, VER_NBR, CREATEID, CREATETIME, UPDATEID, UPDATETIME, EFF_DT, EXPIR_DT, DESCR_FORMATTED, LUI_ID, LUILUI_RELTN_STATE, LUILUI_RELTN_TYPE, NAME, DESCR_PLAIN, RELATED_LUI_ID, ID) values ('862e91ad-f313-46af-9d9f-f7441f043f6c', 0, 'admin', TIMESTAMP '2013-04-11 10:56:16.661', 'admin', TIMESTAMP '2013-04-11 10:56:16.661', TIMESTAMP '2013-04-11 10:56:20.57', '', 'CHEM277-FO-RG', 'ea393e8f-5319-43a5-9478-7461251686aa', 'kuali.lui.lui.relation.state.active', 'kuali.lui.lui.relation.type.deliveredvia.fo2rg', 'fo-rg-relation', 'CHEM277-FO-RG', '835e0e07-c7bf-4be4-92da-58c1644bc128', 'b459167e-f2a8-4796-8217-684e7b3bfb04')
/
insert into KSEN_LUILUI_RELTN (OBJ_ID, VER_NBR, CREATEID, CREATETIME, UPDATEID, UPDATETIME, EFF_DT, EXPIR_DT, DESCR_FORMATTED, LUI_ID, LUILUI_RELTN_STATE, LUILUI_RELTN_TYPE, NAME, DESCR_PLAIN, RELATED_LUI_ID, ID) values ('493f80a5-364a-49b4-8fe9-7baef814a660', 0, 'admin', TIMESTAMP '2013-04-11 10:56:16.661', 'admin', TIMESTAMP '2013-04-11 10:56:16.661', TIMESTAMP '2013-04-11 10:56:20.573', '', 'CHEM277-RG-AO', '835e0e07-c7bf-4be4-92da-58c1644bc128', 'kuali.lui.lui.relation.state.active', 'kuali.lui.lui.relation.type.registeredforvia.rg2ao', 'rg-ao-relation', 'CHEM277-RG-AO', '79434b13-3b8f-49a3-9801-ded4abb7f4ec', 'ab38ba4e-043f-4003-8e9c-1988d54d9543')
/
insert into KSEN_LUILUI_RELTN (OBJ_ID, VER_NBR, CREATEID, CREATETIME, UPDATEID, UPDATETIME, EFF_DT, EXPIR_DT, DESCR_FORMATTED, LUI_ID, LUILUI_RELTN_STATE, LUILUI_RELTN_TYPE, NAME, DESCR_PLAIN, RELATED_LUI_ID, ID) values ('64adf395-60d1-444f-bde3-e3d347ef370a', 0, 'admin', TIMESTAMP '2013-04-11 10:56:16.661', 'admin', TIMESTAMP '2013-04-11 10:56:16.661', TIMESTAMP '2013-04-11 10:56:20.575', '', 'CHEM277-RG-AO', '835e0e07-c7bf-4be4-92da-58c1644bc128', 'kuali.lui.lui.relation.state.active', 'kuali.lui.lui.relation.type.registeredforvia.rg2ao', 'rg-ao-relation', 'CHEM277-RG-AO', '848df80a-a5d1-4df6-bd5a-f1e8a8317023', '453a803e-e2de-447a-83cc-e626b3078f34')
/

-- In CHEM277 201212 copy 2nd LAB --
insert into KSEN_LUI (OBJ_ID, VER_NBR, CREATEID, CREATETIME, UPDATEID, UPDATETIME, ATP_ID, CLU_ID, EFF_DT, EXPIR_DT, DESCR_FORMATTED, LUI_STATE, LUI_TYPE, MAX_SEATS, MIN_SEATS, NAME, DESCR_PLAIN, REF_URL, SCHEDULE_ID, ID) values ('792b4aa8-0dbc-4511-9bd3-e36670260c2a', 0, 'admin', TIMESTAMP '2013-04-11 11:25:42.39', 'admin', TIMESTAMP '2013-04-11 11:25:42.39', 'kuali.atp.2012Winter', '6138a014-70d6-4716-a817-d096d4c79371', '', '', 'Courses with lab', 'kuali.lui.activity.offering.state.draft', 'kuali.lui.type.activity.offering.lab', 24, 24, 'Lab', 'Courses with lab', 'null', '', 'fbdc0d98-09df-4c7d-a7b3-b0ea4370532b')
/
insert into KSEN_LUI_ATTR (OBJ_ID, ATTR_KEY, OWNER_ID, ATTR_VALUE, ID) values ('d54a07cb-4ee4-4572-b6c8-ee4e9eaed098', 'kuali.attribute.course.evaluation.indicator', 'fbdc0d98-09df-4c7d-a7b3-b0ea4370532b', '0', 'd3060a71-54bd-417b-b85a-177c0d0bd82b')
/
insert into KSEN_LUI_ATTR (OBJ_ID, ATTR_KEY, OWNER_ID, ATTR_VALUE, ID) values ('d77ee178-ee71-4cde-9594-dbc96c93cccf', 'kuali.attribute.max.enrollment.is.estimate', 'fbdc0d98-09df-4c7d-a7b3-b0ea4370532b', '0', '13dae781-ccc1-4da0-823d-8508a6c7eecc')
/
insert into KSEN_LUI_ATTR (OBJ_ID, ATTR_KEY, OWNER_ID, ATTR_VALUE, ID) values ('cac6f8ba-f28e-4599-84e9-a12ed8d2756c', 'isWaitlistCheckinRequired', 'fbdc0d98-09df-4c7d-a7b3-b0ea4370532b', '0', 'b072594b-eb49-4231-9aa8-f547215875b1')
/
insert into KSEN_LUI_IDENT (OBJ_ID, VER_NBR, CREATEID, CREATETIME, UPDATEID, UPDATETIME, LUI_CD, DIVISION, IDENT_LEVEL, LNG_NAME, LUI_ID, ORGID, SHRT_NAME, LUI_ID_STATE, SUFX_CD, LUI_ID_TYPE, VARTN, ID) values ('fe9c2e21-4611-41b9-beed-902d4889b3e9', 0, 'admin', TIMESTAMP '2013-04-11 11:25:42.39', 'admin', TIMESTAMP '2013-04-11 11:25:42.39', 'F', '', '', '', 'fbdc0d98-09df-4c7d-a7b3-b0ea4370532b', '', '', 'kuali.lui.identifier.state.active', '', 'kuali.lui.identifier.type.official', '', '777f13a2-dc1c-408e-a41e-f576c0fc55b3')
/
insert into KSEN_LUI_LU_CD (OBJ_ID, VER_NBR, CREATEID, CREATETIME, UPDATEID, UPDATETIME, DESCR_FORMATTED, LUI_ID, DESCR_PLAIN, LUI_LUCD_TYPE, VALUE, ID) values ('61debedf-926c-4cff-a6e3-d0e29cf0a9f5', 0, 'admin', TIMESTAMP '2013-04-11 11:25:42.39', 'admin', TIMESTAMP '2013-04-11 11:25:42.39', '', 'fbdc0d98-09df-4c7d-a7b3-b0ea4370532b', '', 'kuali.lu.code.honorsOffering', '0', 'cd42d05b-e06c-4c3b-90fc-8f2a7cea4237')
/
insert into KSEN_LPR (OBJ_ID, VER_NBR, CREATEID, CREATETIME, UPDATEID, UPDATETIME, COMMIT_PERCT, EFF_DT, EXPIR_DT, LUI_ID, PERS_ID, LPR_STATE, LPR_TYPE, ID) values ('351c32c4-21d1-426c-8b0c-65c4660511df', 0, 'admin', TIMESTAMP '2013-04-11 11:25:42.39', 'admin', TIMESTAMP '2013-04-11 11:25:42.39', '100.0', TIMESTAMP '2013-04-11 11:25:42.774', '', 'fbdc0d98-09df-4c7d-a7b3-b0ea4370532b', 'C.PHILIPPES', 'kuali.lpr.state.active', 'kuali.lpr.type.instructor.main', '8f26c45e-3a32-411e-8614-6d0e7679856c')
/
insert into KSEN_LUILUI_RELTN (OBJ_ID, VER_NBR, CREATEID, CREATETIME, UPDATEID, UPDATETIME, EFF_DT, EXPIR_DT, DESCR_FORMATTED, LUI_ID, LUILUI_RELTN_STATE, LUILUI_RELTN_TYPE, NAME, DESCR_PLAIN, RELATED_LUI_ID, ID) values ('e5b1469b-6f01-4006-b79f-68190ecb55b7', 0, 'admin', TIMESTAMP '2013-04-11 11:25:42.39', 'admin', TIMESTAMP '2013-04-11 11:25:42.39', TIMESTAMP '2013-04-11 11:25:42.774', '', 'CHEM277-FO-AO', 'ea393e8f-5319-43a5-9478-7461251686aa', 'kuali.lui.lui.relation.state.active', 'kuali.lui.lui.relation.type.deliveredvia.fo2ao', 'fo-ao-relation', 'CHEM277-FO-AO', 'fbdc0d98-09df-4c7d-a7b3-b0ea4370532b', 'a72f0076-40ba-44f1-a21c-24002875d46a')
/
insert into KSEN_SCHED_RQST (OBJ_ID, VER_NBR, CREATEID, CREATETIME, UPDATEID, UPDATETIME, DESCR_FORMATTED, NAME, DESCR_PLAIN, REF_OBJECT_ID, REF_OBJECT_TYPE, SCHED_RQST_STATE, SCHED_RQST_TYPE, ID) values ('286aee48-b4a2-4cf2-b450-3de942e7ef03', 0, 'admin', TIMESTAMP '2013-04-11 11:25:42.39', 'admin', TIMESTAMP '2013-04-11 11:25:42.39', '', 'Schedule reqeust for CHEM277 - F', '', 'fbdc0d98-09df-4c7d-a7b3-b0ea4370532b', 'http://student.kuali.org/wsdl/courseOffering/ActivityOfferingInfo', 'kuali.scheduling.schedule.request.state.created', 'kuali.scheduling.schedule.request.type.schedule.request', 'c99db4ca-0c96-42bf-8c25-46f332de11dd')
/
insert into KSEN_SCHED_RQST_CMP (OBJ_ID, TBA_IND, SCHED_RQST_ID, ID) values ('cfae0c80-617c-4b1f-a238-7a62cf5df5d6', '0', 'c99db4ca-0c96-42bf-8c25-46f332de11dd', 'fe933ffc-fb84-44f6-b683-f9840d1674c9')
/
insert into KSEN_SCHED_RQST_CMP_BLDG (CMP_ID, BUILDING_ID) values ('fe933ffc-fb84-44f6-b683-f9840d1674c9', '6f2e8f26-95bc-4bb1-a3d0-3206324cad4a')
/
insert into KSEN_SCHED_RQST_CMP_CAMPUS (CMP_ID, CAMPUS_ID) values ('fe933ffc-fb84-44f6-b683-f9840d1674c9', 'UMCP')
/
insert into KSEN_SCHED_RQST_CMP_ROOM (CMP_ID, ROOM_ID) values ('fe933ffc-fb84-44f6-b683-f9840d1674c9', '5fcaeba7-a010-40dc-a069-568c197f0809')
/
insert into KSEN_SCHED_RQST_CMP_TMSLOT (CMP_ID, TM_SLOT_ID) values ('fe933ffc-fb84-44f6-b683-f9840d1674c9', '22287b98-85d9-4631-8ff3-ab278626615b')
/
update KSEN_CO_AO_CLUSTER set OBJ_ID='b443ed3d-fac1-4563-ad66-6347c30d2b7d', VER_NBR=3, UPDATEID='admin', UPDATETIME=TIMESTAMP '2013-04-11 11:25:42.39', AO_CLUSTER_STATE='kuali.activity.offering.cluster.state.active', AO_CLUSTER_TYPE='kuali.activity.offering.cluster.type.activity.offering.cluster', DESCR_FORMATTED='', DESCR_PLAIN='', FORMAT_OFFERING_ID='ea393e8f-5319-43a5-9478-7461251686aa', NAME='CL 1', PRIVATE_NAME='CL 1' where ID='bb8a2116-7b60-4732-8625-d99a26e1d005' and VER_NBR=2
/
insert into KSEN_CO_AO_CLUSTER_SET_AO (AOC_SET_ID, ACTIVITY_OFFERING_ID) values ('9c29966d-a95c-40f6-b3e4-2610c6ab3c20', 'fbdc0d98-09df-4c7d-a7b3-b0ea4370532b')
/
insert into KSEN_LUI (OBJ_ID, VER_NBR, CREATEID, CREATETIME, UPDATEID, UPDATETIME, ATP_ID, CLU_ID, EFF_DT, EXPIR_DT, DESCR_FORMATTED, LUI_STATE, LUI_TYPE, MAX_SEATS, MIN_SEATS, NAME, DESCR_PLAIN, REF_URL, SCHEDULE_ID, ID) values ('fca52887-7eff-4b2d-a26a-528795e9d18c', 0, 'admin', TIMESTAMP '2013-04-11 11:25:42.39', 'admin', TIMESTAMP '2013-04-11 11:25:42.39', 'kuali.atp.2012Winter', '25889d4f-0612-424c-87a5-e96f60f3e096', '', '', '1007', 'kuali.lui.registration.group.state.pending', 'kuali.lui.type.registration.group', '', '', '1007', '1007', '', '', 'f917cfae-2e55-4b87-8edb-85485f16d52f')
/
insert into KSEN_LUI_ATTR (OBJ_ID, ATTR_KEY, OWNER_ID, ATTR_VALUE, ID) values ('7e9ca81a-9ea5-47a4-aecc-731b33627d22', 'kuali.attribute.registration.group.aocluster.id', 'f917cfae-2e55-4b87-8edb-85485f16d52f', 'bb8a2116-7b60-4732-8625-d99a26e1d005', '5a2b0d12-ca4d-439d-ae69-ad6e154079e0')
/
insert into KSEN_LUI_ATTR (OBJ_ID, ATTR_KEY, OWNER_ID, ATTR_VALUE, ID) values ('94b69554-4f84-47ff-b0a2-1dcdcbc73960', 'kuali.attribute.registration.group.is.generated', 'f917cfae-2e55-4b87-8edb-85485f16d52f', '1', 'f9325795-aac2-4784-8c4a-f06848da7213')
/
insert into KSEN_LUI_IDENT (OBJ_ID, VER_NBR, CREATEID, CREATETIME, UPDATEID, UPDATETIME, LUI_CD, DIVISION, IDENT_LEVEL, LNG_NAME, LUI_ID, ORGID, SHRT_NAME, LUI_ID_STATE, SUFX_CD, LUI_ID_TYPE, VARTN, ID) values ('7607abee-76db-4028-9d53-74cd36a6088f', 0, 'admin', TIMESTAMP '2013-04-11 11:25:42.39', 'admin', TIMESTAMP '2013-04-11 11:25:42.39', '', '', '', '', 'f917cfae-2e55-4b87-8edb-85485f16d52f', '', '', 'kuali.lui.identifier.state.active', '', 'kuali.lui.identifier.type.official', '', '5a5f5047-a43c-40a2-bf0b-a3d4e7e4c74a')
/
insert into KSEN_LUILUI_RELTN (OBJ_ID, VER_NBR, CREATEID, CREATETIME, UPDATEID, UPDATETIME, EFF_DT, EXPIR_DT, DESCR_FORMATTED, LUI_ID, LUILUI_RELTN_STATE, LUILUI_RELTN_TYPE, NAME, DESCR_PLAIN, RELATED_LUI_ID, ID) values ('7d9d0485-24d4-41c4-82c7-7c4bb683e5ef', 0, 'admin', TIMESTAMP '2013-04-11 11:25:42.39', 'admin', TIMESTAMP '2013-04-11 11:25:42.39', TIMESTAMP '2013-04-11 11:25:47.045', '', 'CHEM277-FO-RG', 'ea393e8f-5319-43a5-9478-7461251686aa', 'kuali.lui.lui.relation.state.active', 'kuali.lui.lui.relation.type.deliveredvia.fo2rg', 'fo-rg-relation', 'CHEM277-FO-RG', 'f917cfae-2e55-4b87-8edb-85485f16d52f', '85d741a5-0027-4a99-b3d6-6b45e2527ba7')
/
insert into KSEN_LUILUI_RELTN (OBJ_ID, VER_NBR, CREATEID, CREATETIME, UPDATEID, UPDATETIME, EFF_DT, EXPIR_DT, DESCR_FORMATTED, LUI_ID, LUILUI_RELTN_STATE, LUILUI_RELTN_TYPE, NAME, DESCR_PLAIN, RELATED_LUI_ID, ID) values ('ca6cf144-daf6-47f4-b9ce-42e9ab157602', 0, 'admin', TIMESTAMP '2013-04-11 11:25:42.39', 'admin', TIMESTAMP '2013-04-11 11:25:42.39', TIMESTAMP '2013-04-11 11:25:47.048', '', 'CHEM277-RG-AO', 'f917cfae-2e55-4b87-8edb-85485f16d52f', 'kuali.lui.lui.relation.state.active', 'kuali.lui.lui.relation.type.registeredforvia.rg2ao', 'rg-ao-relation', 'CHEM277-RG-AO', 'fbdc0d98-09df-4c7d-a7b3-b0ea4370532b', 'ec38f325-36d9-4db7-a5f2-afd1b2a10055')
/
insert into KSEN_LUILUI_RELTN (OBJ_ID, VER_NBR, CREATEID, CREATETIME, UPDATEID, UPDATETIME, EFF_DT, EXPIR_DT, DESCR_FORMATTED, LUI_ID, LUILUI_RELTN_STATE, LUILUI_RELTN_TYPE, NAME, DESCR_PLAIN, RELATED_LUI_ID, ID) values ('9b380e84-7caf-4c50-97df-e757b4e3a90d', 0, 'admin', TIMESTAMP '2013-04-11 11:25:42.39', 'admin', TIMESTAMP '2013-04-11 11:25:42.39', TIMESTAMP '2013-04-11 11:25:47.05', '', 'CHEM277-RG-AO', 'f917cfae-2e55-4b87-8edb-85485f16d52f', 'kuali.lui.lui.relation.state.active', 'kuali.lui.lui.relation.type.registeredforvia.rg2ao', 'rg-ao-relation', 'CHEM277-RG-AO', '56b51109-72d0-4f61-b589-bdad7280c560', '6492ef68-3096-460f-ada8-90403d472f91')
/
insert into KSEN_LUI (OBJ_ID, VER_NBR, CREATEID, CREATETIME, UPDATEID, UPDATETIME, ATP_ID, CLU_ID, EFF_DT, EXPIR_DT, DESCR_FORMATTED, LUI_STATE, LUI_TYPE, MAX_SEATS, MIN_SEATS, NAME, DESCR_PLAIN, REF_URL, SCHEDULE_ID, ID) values ('87a2d5c8-293b-43b8-bec1-3ebde2d38d39', 0, 'admin', TIMESTAMP '2013-04-11 11:25:42.39', 'admin', TIMESTAMP '2013-04-11 11:25:42.39', 'kuali.atp.2012Winter', '25889d4f-0612-424c-87a5-e96f60f3e096', '', '', '1008', 'kuali.lui.registration.group.state.pending', 'kuali.lui.type.registration.group', '', '', '1008', '1008', '', '', 'cba624b2-bc71-49af-87ae-9edfab43340c')
/
insert into KSEN_LUI_ATTR (OBJ_ID, ATTR_KEY, OWNER_ID, ATTR_VALUE, ID) values ('e0af0a46-000c-4036-8386-04518159f558', 'kuali.attribute.registration.group.is.generated', 'cba624b2-bc71-49af-87ae-9edfab43340c', '1', 'd21a534f-29cb-47c2-99cb-c73b982ae7de')
/
insert into KSEN_LUI_ATTR (OBJ_ID, ATTR_KEY, OWNER_ID, ATTR_VALUE, ID) values ('41c4d35a-c4e6-4298-a5c3-5e758630125a', 'kuali.attribute.registration.group.aocluster.id', 'cba624b2-bc71-49af-87ae-9edfab43340c', 'bb8a2116-7b60-4732-8625-d99a26e1d005', '92997bb3-b108-4e67-8e92-67613a0930ef')
/
insert into KSEN_LUI_IDENT (OBJ_ID, VER_NBR, CREATEID, CREATETIME, UPDATEID, UPDATETIME, LUI_CD, DIVISION, IDENT_LEVEL, LNG_NAME, LUI_ID, ORGID, SHRT_NAME, LUI_ID_STATE, SUFX_CD, LUI_ID_TYPE, VARTN, ID) values ('f814ae27-69cb-4313-a3ed-4bf2b5c0e007', 0, 'admin', TIMESTAMP '2013-04-11 11:25:42.39', 'admin', TIMESTAMP '2013-04-11 11:25:42.39', '', '', '', '', 'cba624b2-bc71-49af-87ae-9edfab43340c', '', '', 'kuali.lui.identifier.state.active', '', 'kuali.lui.identifier.type.official', '', '72c29ddf-fe20-462b-ae7a-89054cdcb324')
/
insert into KSEN_LUILUI_RELTN (OBJ_ID, VER_NBR, CREATEID, CREATETIME, UPDATEID, UPDATETIME, EFF_DT, EXPIR_DT, DESCR_FORMATTED, LUI_ID, LUILUI_RELTN_STATE, LUILUI_RELTN_TYPE, NAME, DESCR_PLAIN, RELATED_LUI_ID, ID) values ('162ebf79-bfd9-468f-b708-df704a5d8c42', 0, 'admin', TIMESTAMP '2013-04-11 11:25:42.39', 'admin', TIMESTAMP '2013-04-11 11:25:42.39', TIMESTAMP '2013-04-11 11:25:47.655', '', 'CHEM277-FO-RG', 'ea393e8f-5319-43a5-9478-7461251686aa', 'kuali.lui.lui.relation.state.active', 'kuali.lui.lui.relation.type.deliveredvia.fo2rg', 'fo-rg-relation', 'CHEM277-FO-RG', 'cba624b2-bc71-49af-87ae-9edfab43340c', 'c719c61d-7c43-4195-9440-7b2277cf94b2')
/
insert into KSEN_LUILUI_RELTN (OBJ_ID, VER_NBR, CREATEID, CREATETIME, UPDATEID, UPDATETIME, EFF_DT, EXPIR_DT, DESCR_FORMATTED, LUI_ID, LUILUI_RELTN_STATE, LUILUI_RELTN_TYPE, NAME, DESCR_PLAIN, RELATED_LUI_ID, ID) values ('5c9c311e-b00a-47f6-82e3-8a88fed702af', 0, 'admin', TIMESTAMP '2013-04-11 11:25:42.39', 'admin', TIMESTAMP '2013-04-11 11:25:42.39', TIMESTAMP '2013-04-11 11:25:47.658', '', 'CHEM277-RG-AO', 'cba624b2-bc71-49af-87ae-9edfab43340c', 'kuali.lui.lui.relation.state.active', 'kuali.lui.lui.relation.type.registeredforvia.rg2ao', 'rg-ao-relation', 'CHEM277-RG-AO', 'fbdc0d98-09df-4c7d-a7b3-b0ea4370532b', '908bc621-9630-45a7-8076-2704d670910a')
/
insert into KSEN_LUILUI_RELTN (OBJ_ID, VER_NBR, CREATEID, CREATETIME, UPDATEID, UPDATETIME, EFF_DT, EXPIR_DT, DESCR_FORMATTED, LUI_ID, LUILUI_RELTN_STATE, LUILUI_RELTN_TYPE, NAME, DESCR_PLAIN, RELATED_LUI_ID, ID) values ('1c091912-8d1c-4982-bca1-d14760c1bc85', 0, 'admin', TIMESTAMP '2013-04-11 11:25:42.39', 'admin', TIMESTAMP '2013-04-11 11:25:42.39', TIMESTAMP '2013-04-11 11:25:47.661', '', 'CHEM277-RG-AO', 'cba624b2-bc71-49af-87ae-9edfab43340c', 'kuali.lui.lui.relation.state.active', 'kuali.lui.lui.relation.type.registeredforvia.rg2ao', 'rg-ao-relation', 'CHEM277-RG-AO', '79434b13-3b8f-49a3-9801-ded4abb7f4ec', '6045d37f-6d9f-40be-9422-d6f060864fd1')
/

-- EDIT new LECTURE --
insert into KSEN_LUI_IDENT (OBJ_ID, VER_NBR, CREATEID, CREATETIME, UPDATEID, UPDATETIME, LUI_CD, DIVISION, IDENT_LEVEL, LNG_NAME, LUI_ID, ORGID, SHRT_NAME, LUI_ID_STATE, SUFX_CD, LUI_ID_TYPE, VARTN, ID) values ('63727bc0-aac0-41df-9440-d713d2b363da', 0, 'admin', TIMESTAMP '2013-04-11 11:46:03.879', 'admin', TIMESTAMP '2013-04-11 11:46:03.879', 'D', '', '', '', '79434b13-3b8f-49a3-9801-ded4abb7f4ec', '', '', 'kuali.lui.identifier.state.active', '', 'kuali.lui.identifier.type.official', '', 'a478166a-1f99-4ffd-8a60-8247604784cc')
/
update KSEN_LUI set OBJ_ID='858f0e4d-a84c-4698-b8d0-e9d7146b221f', VER_NBR=1, UPDATEID='admin', UPDATETIME=TIMESTAMP '2013-04-11 11:46:03.879', ATP_ID='kuali.atp.2012Winter', CLU_ID='ef2963d7-9647-4ce7-ac63-9523204dd654', EFF_DT='', EXPIR_DT='', DESCR_FORMATTED='Courses with lecture', LUI_STATE='kuali.lui.activity.offering.state.draft', LUI_TYPE='kuali.lui.type.activity.offering.lecture', MAX_SEATS=48, MIN_SEATS=48, NAME='Lecture', DESCR_PLAIN='Courses with lecture', REF_URL='null', SCHEDULE_ID='' where ID='79434b13-3b8f-49a3-9801-ded4abb7f4ec' and VER_NBR=0
/
update KSEN_LUI_IDENT set OBJ_ID='63727bc0-aac0-41df-9440-d713d2b363da', VER_NBR=1, UPDATEID='admin', UPDATETIME=TIMESTAMP '2013-04-11 11:46:03.879', LUI_CD='D', DIVISION='', IDENT_LEVEL='', LNG_NAME='', LUI_ID='79434b13-3b8f-49a3-9801-ded4abb7f4ec', ORGID='', SHRT_NAME='', LUI_ID_STATE='kuali.lui.identifier.state.active', SUFX_CD='', LUI_ID_TYPE='kuali.lui.identifier.type.official', VARTN='' where ID='a478166a-1f99-4ffd-8a60-8247604784cc' and VER_NBR=0
/
update KSEN_LUI_LU_CD set OBJ_ID='e801321a-e0b5-4183-8046-6b159996a4fc', VER_NBR=1, UPDATEID='admin', UPDATETIME=TIMESTAMP '2013-04-11 11:46:03.879', DESCR_FORMATTED='', LUI_ID='79434b13-3b8f-49a3-9801-ded4abb7f4ec', DESCR_PLAIN='', LUI_LUCD_TYPE='kuali.lu.code.honorsOffering', VALUE='0' where ID='d2215993-9941-45f4-b848-03041c9dee3b' and VER_NBR=0
/
update KSEN_LPR set OBJ_ID='c25b874d-0991-4af8-9df6-343e4605b004', VER_NBR=1, UPDATEID='admin', UPDATETIME=TIMESTAMP '2013-04-11 11:46:03.879', COMMIT_PERCT='100.0', EFF_DT=TIMESTAMP '2013-04-11 11:46:04.206', EXPIR_DT='', LUI_ID='79434b13-3b8f-49a3-9801-ded4abb7f4ec', PERS_ID='W.TIMOTHYC', LPR_STATE='kuali.lpr.state.active', LPR_TYPE='kuali.lpr.type.instructor.main' where ID='f6a58994-f98e-4180-afbc-f5579fa99823' and VER_NBR=0
/
delete from KSEN_LUI_IDENT where ID='66d9b249-4749-476d-9fcf-25f82df42581' and VER_NBR=0
/
insert into KSEN_SCHED_TMSLOT (OBJ_ID, VER_NBR, CREATEID, CREATETIME, UPDATEID, UPDATETIME, DESCR_FORMATTED, DESCR_PLAIN, END_TIME_MS, NAME, START_TIME_MS, TM_SLOT_STATE, TM_SLOT_TYPE, WEEKDAYS, ID) values ('93224c1b-b456-4299-8455-a0653ebc32ce', 0, 'admin', TIMESTAMP '2013-04-11 11:46:04.268', 'admin', TIMESTAMP '2013-04-11 11:46:04.268', '', '', 57000000, '', 54000000, 'kuali.scheduling.time.slot.state.standard', 'kuali.scheduling.time.slot.type.activityoffering', 'MTH', '4b3f6a8f-16be-4f0a-93a3-18b1a50aae48')
/
insert into KSEN_SCHED_RQST_CMP (OBJ_ID, TBA_IND, SCHED_RQST_ID, ID) values ('d4c1575c-f575-446c-b1cc-61f9e70ab08c', '0', 'f0709fd3-0200-4cbb-8afe-94bdbebaba4f', 'f0ccdffa-b408-4995-8286-b87dc05b4e99')
/
update KSEN_SCHED_RQST set OBJ_ID='2d637d2a-7243-4aec-9fdc-c644dcdbb703', VER_NBR=1, UPDATEID='admin', UPDATETIME=TIMESTAMP '2013-04-11 11:46:04.268', DESCR_FORMATTED='', NAME='Schedule request for CHEM277 - D', DESCR_PLAIN='', REF_OBJECT_ID='79434b13-3b8f-49a3-9801-ded4abb7f4ec', REF_OBJECT_TYPE='http://student.kuali.org/wsdl/courseOffering/ActivityOfferingInfo', SCHED_RQST_STATE='kuali.scheduling.schedule.request.state.created', SCHED_RQST_TYPE='kuali.scheduling.schedule.request.type.schedule.request' where ID='f0709fd3-0200-4cbb-8afe-94bdbebaba4f' and VER_NBR=0
/
delete from KSEN_SCHED_RQST_CMP_BLDG where CMP_ID='d747746b-91b4-49b2-aa9f-6f223acf3186'
/
delete from KSEN_SCHED_RQST_CMP_CAMPUS where CMP_ID='d747746b-91b4-49b2-aa9f-6f223acf3186'
/
delete from KSEN_SCHED_RQST_CMP_ORG where CMP_ID='d747746b-91b4-49b2-aa9f-6f223acf3186'
/
delete from KSEN_SCHED_RQST_CMP_RT where CMP_ID='d747746b-91b4-49b2-aa9f-6f223acf3186'
/
delete from KSEN_SCHED_RQST_CMP_ROOM where CMP_ID='d747746b-91b4-49b2-aa9f-6f223acf3186'
/
delete from KSEN_SCHED_RQST_CMP_TMSLOT where CMP_ID='d747746b-91b4-49b2-aa9f-6f223acf3186'
/
insert into KSEN_SCHED_RQST_CMP_ROOM (CMP_ID, ROOM_ID) values ('f0ccdffa-b408-4995-8286-b87dc05b4e99', '000134ee-051b-403a-940e-eff45c3a987b')
/
insert into KSEN_SCHED_RQST_CMP_TMSLOT (CMP_ID, TM_SLOT_ID) values ('f0ccdffa-b408-4995-8286-b87dc05b4e99', '4b3f6a8f-16be-4f0a-93a3-18b1a50aae48')
/
delete from KSEN_SCHED_RQST_CMP where ID='d747746b-91b4-49b2-aa9f-6f223acf3186'
/
update KSEN_LUI set OBJ_ID='fe71538b-058a-47d4-9826-95abbc1e3377', VER_NBR=1, UPDATEID='admin', UPDATETIME=TIMESTAMP '2013-04-11 11:46:03.879', ATP_ID='kuali.atp.2012Winter', CLU_ID='25889d4f-0612-424c-87a5-e96f60f3e096', EFF_DT='', EXPIR_DT='', DESCR_FORMATTED='1003', LUI_STATE='kuali.lui.registration.group.state.pending', LUI_TYPE='kuali.lui.type.registration.group', MAX_SEATS='', MIN_SEATS='', NAME='1003', DESCR_PLAIN='1003', REF_URL='', SCHEDULE_ID='' where ID='43e9d227-c2c3-4c15-beb4-961b393c3ac5' and VER_NBR=0
/
update KSEN_LUI_IDENT set OBJ_ID='6379d0fa-8f73-4469-9f52-e7bb2de04dd6', VER_NBR=1, UPDATEID='admin', UPDATETIME=TIMESTAMP '2013-04-11 11:46:03.879', LUI_CD='', DIVISION='', IDENT_LEVEL='', LNG_NAME='', LUI_ID='43e9d227-c2c3-4c15-beb4-961b393c3ac5', ORGID='', SHRT_NAME='', LUI_ID_STATE='kuali.lui.identifier.state.active', SUFX_CD='', LUI_ID_TYPE='kuali.lui.identifier.type.official', VARTN='' where ID='671af769-74f9-48b4-8108-865f3bf3a60c' and VER_NBR=0
/
update KSEN_LUI set OBJ_ID='7225eca2-9ea7-4de7-b33a-bef14c404525', VER_NBR=1, UPDATEID='admin', UPDATETIME=TIMESTAMP '2013-04-11 11:46:03.879', ATP_ID='kuali.atp.2012Winter', CLU_ID='25889d4f-0612-424c-87a5-e96f60f3e096', EFF_DT='', EXPIR_DT='', DESCR_FORMATTED='1004', LUI_STATE='kuali.lui.registration.group.state.invalid', LUI_TYPE='kuali.lui.type.registration.group', MAX_SEATS='', MIN_SEATS='', NAME='1004', DESCR_PLAIN='1004', REF_URL='', SCHEDULE_ID='' where ID='7f90c140-0512-4a5d-b67f-dce91b176ba0' and VER_NBR=0
/
update KSEN_LUI_IDENT set OBJ_ID='c5841b18-2adb-436f-9f85-b43aed781b71', VER_NBR=1, UPDATEID='admin', UPDATETIME=TIMESTAMP '2013-04-11 11:46:03.879', LUI_CD='', DIVISION='', IDENT_LEVEL='', LNG_NAME='', LUI_ID='7f90c140-0512-4a5d-b67f-dce91b176ba0', ORGID='', SHRT_NAME='', LUI_ID_STATE='kuali.lui.identifier.state.active', SUFX_CD='', LUI_ID_TYPE='kuali.lui.identifier.type.official', VARTN='' where ID='7d90e84f-d558-43e7-96b8-8b42f20387dc' and VER_NBR=0
/
update KSEN_LUI set OBJ_ID='2de0679a-0bfe-4836-a360-6bb8bb36a41f', VER_NBR=1, UPDATEID='admin', UPDATETIME=TIMESTAMP '2013-04-11 11:46:03.879', ATP_ID='kuali.atp.2012Winter', CLU_ID='25889d4f-0612-424c-87a5-e96f60f3e096', EFF_DT='', EXPIR_DT='', DESCR_FORMATTED='1006', LUI_STATE='kuali.lui.registration.group.state.invalid', LUI_TYPE='kuali.lui.type.registration.group', MAX_SEATS='', MIN_SEATS='', NAME='1006', DESCR_PLAIN='1006', REF_URL='', SCHEDULE_ID='' where ID='835e0e07-c7bf-4be4-92da-58c1644bc128' and VER_NBR=0
/
update KSEN_LUI_IDENT set OBJ_ID='258994bf-e120-44e6-bcd1-92326db4216f', VER_NBR=1, UPDATEID='admin', UPDATETIME=TIMESTAMP '2013-04-11 11:46:03.879', LUI_CD='', DIVISION='', IDENT_LEVEL='', LNG_NAME='', LUI_ID='835e0e07-c7bf-4be4-92da-58c1644bc128', ORGID='', SHRT_NAME='', LUI_ID_STATE='kuali.lui.identifier.state.active', SUFX_CD='', LUI_ID_TYPE='kuali.lui.identifier.type.official', VARTN='' where ID='aa02b9ca-a0b6-46fe-aefc-99b41d247b1b' and VER_NBR=0
/
update KSEN_LUI set OBJ_ID='87a2d5c8-293b-43b8-bec1-3ebde2d38d39', VER_NBR=1, UPDATEID='admin', UPDATETIME=TIMESTAMP '2013-04-11 11:46:03.879', ATP_ID='kuali.atp.2012Winter', CLU_ID='25889d4f-0612-424c-87a5-e96f60f3e096', EFF_DT='', EXPIR_DT='', DESCR_FORMATTED='1008', LUI_STATE='kuali.lui.registration.group.state.pending', LUI_TYPE='kuali.lui.type.registration.group', MAX_SEATS='', MIN_SEATS='', NAME='1008', DESCR_PLAIN='1008', REF_URL='', SCHEDULE_ID='' where ID='cba624b2-bc71-49af-87ae-9edfab43340c' and VER_NBR=0
/
update KSEN_LUI_IDENT set OBJ_ID='f814ae27-69cb-4313-a3ed-4bf2b5c0e007', VER_NBR=1, UPDATEID='admin', UPDATETIME=TIMESTAMP '2013-04-11 11:46:03.879', LUI_CD='', DIVISION='', IDENT_LEVEL='', LNG_NAME='', LUI_ID='cba624b2-bc71-49af-87ae-9edfab43340c', ORGID='', SHRT_NAME='', LUI_ID_STATE='kuali.lui.identifier.state.active', SUFX_CD='', LUI_ID_TYPE='kuali.lui.identifier.type.official', VARTN='' where ID='72c29ddf-fe20-462b-ae7a-89054cdcb324' and VER_NBR=0
/

-- EDIT 1st LAB --
insert into KSEN_LUI_IDENT (OBJ_ID, VER_NBR, CREATEID, CREATETIME, UPDATEID, UPDATETIME, LUI_CD, DIVISION, IDENT_LEVEL, LNG_NAME, LUI_ID, ORGID, SHRT_NAME, LUI_ID_STATE, SUFX_CD, LUI_ID_TYPE, VARTN, ID) values ('54ea8907-4376-4dc1-b17a-c75062dcd0d0', 0, 'admin', TIMESTAMP '2013-04-11 12:12:04.332', 'admin', TIMESTAMP '2013-04-11 12:12:04.332', 'B', '', '', '', '8ce5704d-fc51-4452-8caf-5e33332bb910', '', '', 'kuali.lui.identifier.state.active', '', 'kuali.lui.identifier.type.official', '', 'f2a4658d-ed78-4d4a-b9f6-765c003d4a25')
/
update KSEN_LUI set OBJ_ID='5a9da596-5a61-4a69-9c15-a2b6cdc0963b', VER_NBR=1, UPDATEID='admin', UPDATETIME=TIMESTAMP '2013-04-11 12:12:04.332', ATP_ID='kuali.atp.2012Winter', CLU_ID='9b0d7d87-31ec-498b-bfe4-31a4f1e92021', EFF_DT='', EXPIR_DT='', DESCR_FORMATTED='Courses with lab', LUI_STATE='kuali.lui.activity.offering.state.draft', LUI_TYPE='kuali.lui.type.activity.offering.lab', MAX_SEATS=20, MIN_SEATS=24, NAME='Lab', DESCR_PLAIN='Courses with lab', REF_URL='null', SCHEDULE_ID='' where ID='8ce5704d-fc51-4452-8caf-5e33332bb910' and VER_NBR=0
/
update KSEN_LUI_IDENT set OBJ_ID='54ea8907-4376-4dc1-b17a-c75062dcd0d0', VER_NBR=1, UPDATEID='admin', UPDATETIME=TIMESTAMP '2013-04-11 12:12:04.332', LUI_CD='B', DIVISION='', IDENT_LEVEL='', LNG_NAME='', LUI_ID='8ce5704d-fc51-4452-8caf-5e33332bb910', ORGID='', SHRT_NAME='', LUI_ID_STATE='kuali.lui.identifier.state.active', SUFX_CD='', LUI_ID_TYPE='kuali.lui.identifier.type.official', VARTN='' where ID='f2a4658d-ed78-4d4a-b9f6-765c003d4a25' and VER_NBR=0
/
update KSEN_LUI_LU_CD set OBJ_ID='cf04c7bf-6d33-4de3-9fff-72f3eb7273ba', VER_NBR=1, UPDATEID='admin', UPDATETIME=TIMESTAMP '2013-04-11 12:12:04.332', DESCR_FORMATTED='', LUI_ID='8ce5704d-fc51-4452-8caf-5e33332bb910', DESCR_PLAIN='', LUI_LUCD_TYPE='kuali.lu.code.honorsOffering', VALUE='0' where ID='b83b45a3-a3c9-4a18-bc02-a8e979a4753f' and VER_NBR=0
/
update KSEN_LPR set OBJ_ID='89e08c2b-cc58-42b2-9faf-9c58fbc1fa2e', VER_NBR=1, UPDATEID='admin', UPDATETIME=TIMESTAMP '2013-04-11 12:12:04.332', COMMIT_PERCT='100.0', EFF_DT=TIMESTAMP '2013-04-11 12:12:04.566', EXPIR_DT='', LUI_ID='8ce5704d-fc51-4452-8caf-5e33332bb910', PERS_ID='J.JRH', LPR_STATE='kuali.lpr.state.active', LPR_TYPE='kuali.lpr.type.instructor.main' where ID='3cf43be9-566b-4210-8b70-4ccaaffb8015' and VER_NBR=0
/
delete from KSEN_LUI_IDENT where ID='32d175fb-3047-49da-a60b-dd5196f9df58' and VER_NBR=0
/
update KSEN_SCHED_RQST_CMP set OBJ_ID='', TBA_IND='0', SCHED_RQST_ID='4721e431-544d-480d-8e20-c54958225c21' where ID='71fd7772-7596-44ab-a432-f2a4fe5eef36'
/
update KSEN_SCHED_RQST set OBJ_ID='edb748a6-9fce-4b90-a6eb-6ea73874c312', VER_NBR=1, UPDATEID='admin', UPDATETIME=TIMESTAMP '2013-04-11 12:12:04.628', DESCR_FORMATTED='', NAME='Schedule request for CHEM277 - B', DESCR_PLAIN='', REF_OBJECT_ID='8ce5704d-fc51-4452-8caf-5e33332bb910', REF_OBJECT_TYPE='http://student.kuali.org/wsdl/courseOffering/ActivityOfferingInfo', SCHED_RQST_STATE='kuali.scheduling.schedule.request.state.created', SCHED_RQST_TYPE='kuali.scheduling.schedule.request.type.schedule.request' where ID='4721e431-544d-480d-8e20-c54958225c21' and VER_NBR=0
/
delete from KSEN_SCHED_RQST_CMP_BLDG where CMP_ID='71fd7772-7596-44ab-a432-f2a4fe5eef36'
/
insert into KSEN_SCHED_RQST_CMP_BLDG (CMP_ID, BUILDING_ID) values ('71fd7772-7596-44ab-a432-f2a4fe5eef36', '6f2e8f26-95bc-4bb1-a3d0-3206324cad4a')
/
delete from KSEN_SCHED_RQST_CMP_CAMPUS where CMP_ID='71fd7772-7596-44ab-a432-f2a4fe5eef36'
/
insert into KSEN_SCHED_RQST_CMP_CAMPUS (CMP_ID, CAMPUS_ID) values ('71fd7772-7596-44ab-a432-f2a4fe5eef36', 'UMCP')
/
delete from KSEN_SCHED_RQST_CMP_ROOM where CMP_ID='71fd7772-7596-44ab-a432-f2a4fe5eef36'
/
insert into KSEN_SCHED_RQST_CMP_ROOM (CMP_ID, ROOM_ID) values ('71fd7772-7596-44ab-a432-f2a4fe5eef36', '5fcaeba7-a010-40dc-a069-568c197f0809')
/
delete from KSEN_SCHED_RQST_CMP_TMSLOT where CMP_ID='71fd7772-7596-44ab-a432-f2a4fe5eef36'
/
insert into KSEN_SCHED_RQST_CMP_TMSLOT (CMP_ID, TM_SLOT_ID) values ('71fd7772-7596-44ab-a432-f2a4fe5eef36', '22483a90-028c-4146-ae8f-f80591aa5e12')
/
update KSEN_LUI set OBJ_ID='2aee205e-b6f8-42f8-9ed5-2b646c7126a8', VER_NBR=1, UPDATEID='admin', UPDATETIME=TIMESTAMP '2013-04-11 12:12:04.332', ATP_ID='kuali.atp.2012Winter', CLU_ID='25889d4f-0612-424c-87a5-e96f60f3e096', EFF_DT='', EXPIR_DT='', DESCR_FORMATTED='1001', LUI_STATE='kuali.lui.registration.group.state.pending', LUI_TYPE='kuali.lui.type.registration.group', MAX_SEATS='', MIN_SEATS='', NAME='1001', DESCR_PLAIN='1001', REF_URL='', SCHEDULE_ID='' where ID='18236664-fdb4-4adc-95cf-1531567d3549' and VER_NBR=0
/
update KSEN_LUI_IDENT set OBJ_ID='3ce8fac3-044d-4795-a853-4bc864f196ae', VER_NBR=1, UPDATEID='admin', UPDATETIME=TIMESTAMP '2013-04-11 12:12:04.332', LUI_CD='', DIVISION='', IDENT_LEVEL='', LNG_NAME='', LUI_ID='18236664-fdb4-4adc-95cf-1531567d3549', ORGID='', SHRT_NAME='', LUI_ID_STATE='kuali.lui.identifier.state.active', SUFX_CD='', LUI_ID_TYPE='kuali.lui.identifier.type.official', VARTN='' where ID='8f8b165b-83a4-4c2d-84b0-77e43f60fbf2' and VER_NBR=0
/
update KSEN_LUI set OBJ_ID='7225eca2-9ea7-4de7-b33a-bef14c404525', VER_NBR=2, UPDATEID='admin', UPDATETIME=TIMESTAMP '2013-04-11 12:12:04.332', ATP_ID='kuali.atp.2012Winter', CLU_ID='25889d4f-0612-424c-87a5-e96f60f3e096', EFF_DT='', EXPIR_DT='', DESCR_FORMATTED='1004', LUI_STATE='kuali.lui.registration.group.state.invalid', LUI_TYPE='kuali.lui.type.registration.group', MAX_SEATS='', MIN_SEATS='', NAME='1004', DESCR_PLAIN='1004', REF_URL='', SCHEDULE_ID='' where ID='7f90c140-0512-4a5d-b67f-dce91b176ba0' and VER_NBR=1
/
update KSEN_LUI_IDENT set OBJ_ID='c5841b18-2adb-436f-9f85-b43aed781b71', VER_NBR=2, UPDATEID='admin', UPDATETIME=TIMESTAMP '2013-04-11 12:12:04.332', LUI_CD='', DIVISION='', IDENT_LEVEL='', LNG_NAME='', LUI_ID='7f90c140-0512-4a5d-b67f-dce91b176ba0', ORGID='', SHRT_NAME='', LUI_ID_STATE='kuali.lui.identifier.state.active', SUFX_CD='', LUI_ID_TYPE='kuali.lui.identifier.type.official', VARTN='' where ID='7d90e84f-d558-43e7-96b8-8b42f20387dc' and VER_NBR=1
/

-- EDIT 2nd LAB  --
insert into KSEN_LUI_IDENT (OBJ_ID, VER_NBR, CREATEID, CREATETIME, UPDATEID, UPDATETIME, LUI_CD, DIVISION, IDENT_LEVEL, LNG_NAME, LUI_ID, ORGID, SHRT_NAME, LUI_ID_STATE, SUFX_CD, LUI_ID_TYPE, VARTN, ID) values ('b93cc283-cd13-49f3-84e0-7f68a7333987', 0, 'admin', TIMESTAMP '2013-04-11 12:31:21.251', 'admin', TIMESTAMP '2013-04-11 12:31:21.251', 'F', '', '', '', 'fbdc0d98-09df-4c7d-a7b3-b0ea4370532b', '', '', 'kuali.lui.identifier.state.active', '', 'kuali.lui.identifier.type.official', '', 'c703a160-b2fa-4192-8914-43687b1fcc5d')
/
insert into KSEN_LPR (OBJ_ID, VER_NBR, CREATEID, CREATETIME, UPDATEID, UPDATETIME, COMMIT_PERCT, EFF_DT, EXPIR_DT, LUI_ID, PERS_ID, LPR_STATE, LPR_TYPE, ID) values ('9e2cc85e-a8b2-41d9-9c2c-d78b29014fed', 0, 'admin', TIMESTAMP '2013-04-11 12:31:21.251', 'admin', TIMESTAMP '2013-04-11 12:31:21.251', '100.0', TIMESTAMP '2013-04-11 12:31:21.512', '', 'fbdc0d98-09df-4c7d-a7b3-b0ea4370532b', 'J.JRH', 'kuali.lpr.state.tentative', 'kuali.lpr.type.instructor.main', '12b4e4ad-98b9-400c-bf89-6775ae2cf686')
/
update KSEN_LUI set OBJ_ID='792b4aa8-0dbc-4511-9bd3-e36670260c2a', VER_NBR=1, UPDATEID='admin', UPDATETIME=TIMESTAMP '2013-04-11 12:31:21.251', ATP_ID='kuali.atp.2012Winter', CLU_ID='6138a014-70d6-4716-a817-d096d4c79371', EFF_DT='', EXPIR_DT='', DESCR_FORMATTED='Courses with lab', LUI_STATE='kuali.lui.activity.offering.state.draft', LUI_TYPE='kuali.lui.type.activity.offering.lab', MAX_SEATS=24, MIN_SEATS=24, NAME='Lab', DESCR_PLAIN='Courses with lab', REF_URL='null', SCHEDULE_ID='' where ID='fbdc0d98-09df-4c7d-a7b3-b0ea4370532b' and VER_NBR=0
/
update KSEN_LUI_IDENT set OBJ_ID='b93cc283-cd13-49f3-84e0-7f68a7333987', VER_NBR=1, UPDATEID='admin', UPDATETIME=TIMESTAMP '2013-04-11 12:31:21.251', LUI_CD='F', DIVISION='', IDENT_LEVEL='', LNG_NAME='', LUI_ID='fbdc0d98-09df-4c7d-a7b3-b0ea4370532b', ORGID='', SHRT_NAME='', LUI_ID_STATE='kuali.lui.identifier.state.active', SUFX_CD='', LUI_ID_TYPE='kuali.lui.identifier.type.official', VARTN='' where ID='c703a160-b2fa-4192-8914-43687b1fcc5d' and VER_NBR=0
/
update KSEN_LUI_LU_CD set OBJ_ID='61debedf-926c-4cff-a6e3-d0e29cf0a9f5', VER_NBR=1, UPDATEID='admin', UPDATETIME=TIMESTAMP '2013-04-11 12:31:21.251', DESCR_FORMATTED='', LUI_ID='fbdc0d98-09df-4c7d-a7b3-b0ea4370532b', DESCR_PLAIN='', LUI_LUCD_TYPE='kuali.lu.code.honorsOffering', VALUE='0' where ID='cd42d05b-e06c-4c3b-90fc-8f2a7cea4237' and VER_NBR=0
/
delete from KSEN_LUI_IDENT where ID='777f13a2-dc1c-408e-a41e-f576c0fc55b3' and VER_NBR=0
/
delete from KSEN_LPR where ID='8f26c45e-3a32-411e-8614-6d0e7679856c' and VER_NBR=0
/
insert into KSEN_SCHED_TMSLOT (OBJ_ID, VER_NBR, CREATEID, CREATETIME, UPDATEID, UPDATETIME, DESCR_FORMATTED, DESCR_PLAIN, END_TIME_MS, NAME, START_TIME_MS, TM_SLOT_STATE, TM_SLOT_TYPE, WEEKDAYS, ID) values ('708aa3e3-c6a9-4fab-a3ef-774c40d8b779', 0, 'admin', TIMESTAMP '2013-04-11 12:31:21.563', 'admin', TIMESTAMP '2013-04-11 12:31:21.563', '', '', 66000000, '', 55800000, 'kuali.scheduling.time.slot.state.standard', 'kuali.scheduling.time.slot.type.activityoffering', 'TH', '08564b4d-d4aa-4353-ba96-eaf349771f98')
/
insert into KSEN_SCHED_RQST_CMP (OBJ_ID, TBA_IND, SCHED_RQST_ID, ID) values ('133f2784-781e-4899-9562-47c7bb19052a', '0', 'c99db4ca-0c96-42bf-8c25-46f332de11dd', 'dbc7c57c-96ba-4508-998e-ffa92952d636')
/
update KSEN_SCHED_RQST set OBJ_ID='286aee48-b4a2-4cf2-b450-3de942e7ef03', VER_NBR=1, UPDATEID='admin', UPDATETIME=TIMESTAMP '2013-04-11 12:31:21.563', DESCR_FORMATTED='', NAME='Schedule request for CHEM277 - F', DESCR_PLAIN='', REF_OBJECT_ID='fbdc0d98-09df-4c7d-a7b3-b0ea4370532b', REF_OBJECT_TYPE='http://student.kuali.org/wsdl/courseOffering/ActivityOfferingInfo', SCHED_RQST_STATE='kuali.scheduling.schedule.request.state.created', SCHED_RQST_TYPE='kuali.scheduling.schedule.request.type.schedule.request' where ID='c99db4ca-0c96-42bf-8c25-46f332de11dd' and VER_NBR=0
/
delete from KSEN_SCHED_RQST_CMP_BLDG where CMP_ID='fe933ffc-fb84-44f6-b683-f9840d1674c9'
/
delete from KSEN_SCHED_RQST_CMP_CAMPUS where CMP_ID='fe933ffc-fb84-44f6-b683-f9840d1674c9'
/
delete from KSEN_SCHED_RQST_CMP_ORG where CMP_ID='fe933ffc-fb84-44f6-b683-f9840d1674c9'
/
delete from KSEN_SCHED_RQST_CMP_RT where CMP_ID='fe933ffc-fb84-44f6-b683-f9840d1674c9'
/
delete from KSEN_SCHED_RQST_CMP_ROOM where CMP_ID='fe933ffc-fb84-44f6-b683-f9840d1674c9'
/
delete from KSEN_SCHED_RQST_CMP_TMSLOT where CMP_ID='fe933ffc-fb84-44f6-b683-f9840d1674c9'
/
insert into KSEN_SCHED_RQST_CMP_ROOM (CMP_ID, ROOM_ID) values ('dbc7c57c-96ba-4508-998e-ffa92952d636', '5fcaeba7-a010-40dc-a069-568c197f0809')
/
insert into KSEN_SCHED_RQST_CMP_TMSLOT (CMP_ID, TM_SLOT_ID) values ('dbc7c57c-96ba-4508-998e-ffa92952d636', '08564b4d-d4aa-4353-ba96-eaf349771f98')
/
delete from KSEN_SCHED_RQST_CMP where ID='fe933ffc-fb84-44f6-b683-f9840d1674c9'
/
update KSEN_LUI set OBJ_ID='fca52887-7eff-4b2d-a26a-528795e9d18c', VER_NBR=1, UPDATEID='admin', UPDATETIME=TIMESTAMP '2013-04-11 12:31:21.251', ATP_ID='kuali.atp.2012Winter', CLU_ID='25889d4f-0612-424c-87a5-e96f60f3e096', EFF_DT='', EXPIR_DT='', DESCR_FORMATTED='1007', LUI_STATE='kuali.lui.registration.group.state.pending', LUI_TYPE='kuali.lui.type.registration.group', MAX_SEATS='', MIN_SEATS='', NAME='1007', DESCR_PLAIN='1007', REF_URL='', SCHEDULE_ID='' where ID='f917cfae-2e55-4b87-8edb-85485f16d52f' and VER_NBR=0
/
update KSEN_LUI_IDENT set OBJ_ID='7607abee-76db-4028-9d53-74cd36a6088f', VER_NBR=1, UPDATEID='admin', UPDATETIME=TIMESTAMP '2013-04-11 12:31:21.251', LUI_CD='', DIVISION='', IDENT_LEVEL='', LNG_NAME='', LUI_ID='f917cfae-2e55-4b87-8edb-85485f16d52f', ORGID='', SHRT_NAME='', LUI_ID_STATE='kuali.lui.identifier.state.active', SUFX_CD='', LUI_ID_TYPE='kuali.lui.identifier.type.official', VARTN='' where ID='5a5f5047-a43c-40a2-bf0b-a3d4e7e4c74a' and VER_NBR=0
/
update KSEN_LUI set OBJ_ID='87a2d5c8-293b-43b8-bec1-3ebde2d38d39', VER_NBR=2, UPDATEID='admin', UPDATETIME=TIMESTAMP '2013-04-11 12:31:21.251', ATP_ID='kuali.atp.2012Winter', CLU_ID='25889d4f-0612-424c-87a5-e96f60f3e096', EFF_DT='', EXPIR_DT='', DESCR_FORMATTED='1008', LUI_STATE='kuali.lui.registration.group.state.invalid', LUI_TYPE='kuali.lui.type.registration.group', MAX_SEATS='', MIN_SEATS='', NAME='1008', DESCR_PLAIN='1008', REF_URL='', SCHEDULE_ID='' where ID='cba624b2-bc71-49af-87ae-9edfab43340c' and VER_NBR=1
/
update KSEN_LUI_IDENT set OBJ_ID='f814ae27-69cb-4313-a3ed-4bf2b5c0e007', VER_NBR=2, UPDATEID='admin', UPDATETIME=TIMESTAMP '2013-04-11 12:31:21.251', LUI_CD='', DIVISION='', IDENT_LEVEL='', LNG_NAME='', LUI_ID='cba624b2-bc71-49af-87ae-9edfab43340c', ORGID='', SHRT_NAME='', LUI_ID_STATE='kuali.lui.identifier.state.active', SUFX_CD='', LUI_ID_TYPE='kuali.lui.identifier.type.official', VARTN='' where ID='72c29ddf-fe20-462b-ae7a-89054cdcb324' and VER_NBR=1
/

-- Creating new cluster --
insert into KSEN_CO_AO_CLUSTER (OBJ_ID, VER_NBR, CREATEID, CREATETIME, UPDATEID, UPDATETIME, AO_CLUSTER_STATE, AO_CLUSTER_TYPE, DESCR_FORMATTED, DESCR_PLAIN, FORMAT_OFFERING_ID, NAME, PRIVATE_NAME, ID) values ('a516e309-fb4b-4a50-85e9-3f14b75bd911', 0, 'admin', TIMESTAMP '2013-04-11 12:51:29.086', 'admin', TIMESTAMP '2013-04-11 12:51:29.086', 'kuali.activity.offering.cluster.state.active', 'kuali.activity.offering.cluster.type.activity.offering.cluster', '', '', 'ea393e8f-5319-43a5-9478-7461251686aa', 'CL 1 Conflict', 'CL 1 Conflict', 'e70550b9-1e23-4dd3-956d-3055509530d2')
/
insert into KSEN_CO_AO_CLUSTER_SET (OBJ_ID, ACTIVITY_OFFERING_TYPE, AO_CLUSTER_ID, ID) values ('8cbdafee-999e-4645-844a-2db588e61d5b', 'kuali.lui.type.activity.offering.lab', 'e70550b9-1e23-4dd3-956d-3055509530d2', 'e912e3a5-105a-404d-b6bb-e7256996204c')
/
insert into KSEN_CO_AO_CLUSTER_SET (OBJ_ID, ACTIVITY_OFFERING_TYPE, AO_CLUSTER_ID, ID) values ('3bca8bc0-31ca-4458-8c6a-5e27f94f55c9', 'kuali.lui.type.activity.offering.lecture', 'e70550b9-1e23-4dd3-956d-3055509530d2', '5b8b3911-4451-4b83-8e8b-423a30dc225a')
/
update KSEN_CO_AO_CLUSTER_SET set AO_CLUSTER_ID='e70550b9-1e23-4dd3-956d-3055509530d2' where ID='e912e3a5-105a-404d-b6bb-e7256996204c'
/
update KSEN_CO_AO_CLUSTER_SET set AO_CLUSTER_ID='e70550b9-1e23-4dd3-956d-3055509530d2' where ID='5b8b3911-4451-4b83-8e8b-423a30dc225a'
/
update KSEN_CO_AO_CLUSTER set OBJ_ID='b443ed3d-fac1-4563-ad66-6347c30d2b7d', VER_NBR=4, UPDATEID='admin', UPDATETIME=TIMESTAMP '2013-04-11 12:51:29.06', AO_CLUSTER_STATE='kuali.activity.offering.cluster.state.active', AO_CLUSTER_TYPE='kuali.activity.offering.cluster.type.activity.offering.cluster', DESCR_FORMATTED='', DESCR_PLAIN='', FORMAT_OFFERING_ID='ea393e8f-5319-43a5-9478-7461251686aa', NAME='CL 1', PRIVATE_NAME='CL 1' where ID='bb8a2116-7b60-4732-8625-d99a26e1d005' and VER_NBR=3
/
delete from KSEN_CO_AO_CLUSTER_SET_AO where AOC_SET_ID='651b99b5-bb46-40a9-9759-96c64dc96a59' and ACTIVITY_OFFERING_ID='79434b13-3b8f-49a3-9801-ded4abb7f4ec'
/
delete from KSEN_LUILUI_RELTN where ID='e7964219-0498-4fe5-a4b9-ec207ace7081' and VER_NBR=0
/
delete from KSEN_LUILUI_RELTN where ID='ac46b16d-68bb-4b30-b079-800f83d3ecd8' and VER_NBR=0
/
delete from KSEN_LUILUI_RELTN where ID='0e9abcd3-8a1d-426c-a529-fe8e07ee6344' and VER_NBR=0
/
delete from KSEN_LUI_ATTR where ID='5e7136fb-4e79-4b36-a9a4-914d8271ce04'
/
delete from KSEN_LUI_ATTR where ID='e51cb7b5-3a6a-4529-8769-91c4d6a3b310'
/
delete from KSEN_LUI_IDENT where ID='671af769-74f9-48b4-8108-865f3bf3a60c' and VER_NBR=1
/
delete from KSEN_LUI where ID='43e9d227-c2c3-4c15-beb4-961b393c3ac5' and VER_NBR=1
/
delete from KSEN_LUILUI_RELTN where ID='276dfbd3-e7d2-4922-b559-a6dcfda841e7' and VER_NBR=0
/
delete from KSEN_LUILUI_RELTN where ID='707d5a8d-c876-46e4-a949-bd7d09c90be6' and VER_NBR=0
/
delete from KSEN_LUILUI_RELTN where ID='6de7f1dc-4077-4240-9681-a2177ad73564' and VER_NBR=0
/
delete from KSEN_LUI_ATTR where ID='a0994b65-99b8-4557-b7e2-e9700d9066ae'
/
delete from KSEN_LUI_ATTR where ID='0214ef89-33aa-4266-abb6-f1a93bc01103'
/
delete from KSEN_LUI_IDENT where ID='7d90e84f-d558-43e7-96b8-8b42f20387dc' and VER_NBR=2
/
delete from KSEN_LUI where ID='7f90c140-0512-4a5d-b67f-dce91b176ba0' and VER_NBR=2
/
delete from KSEN_LUILUI_RELTN where ID='b459167e-f2a8-4796-8217-684e7b3bfb04' and VER_NBR=0
/
delete from KSEN_LUILUI_RELTN where ID='ab38ba4e-043f-4003-8e9c-1988d54d9543' and VER_NBR=0
/
delete from KSEN_LUILUI_RELTN where ID='453a803e-e2de-447a-83cc-e626b3078f34' and VER_NBR=0
/
delete from KSEN_LUI_ATTR where ID='6179f91e-4ae1-41da-a261-20dafed5e766'
/
delete from KSEN_LUI_ATTR where ID='f460cd1d-9dd7-4332-8b8a-968a781e10e3'
/
delete from KSEN_LUI_IDENT where ID='aa02b9ca-a0b6-46fe-aefc-99b41d247b1b' and VER_NBR=1
/
delete from KSEN_LUI where ID='835e0e07-c7bf-4be4-92da-58c1644bc128' and VER_NBR=1
/
delete from KSEN_LUILUI_RELTN where ID='c719c61d-7c43-4195-9440-7b2277cf94b2' and VER_NBR=0
/
delete from KSEN_LUILUI_RELTN where ID='908bc621-9630-45a7-8076-2704d670910a' and VER_NBR=0
/
delete from KSEN_LUILUI_RELTN where ID='6045d37f-6d9f-40be-9422-d6f060864fd1' and VER_NBR=0
/
delete from KSEN_LUI_ATTR where ID='d21a534f-29cb-47c2-99cb-c73b982ae7de'
/
delete from KSEN_LUI_ATTR where ID='92997bb3-b108-4e67-8e92-67613a0930ef'
/
delete from KSEN_LUI_IDENT where ID='72c29ddf-fe20-462b-ae7a-89054cdcb324' and VER_NBR=2
/
delete from KSEN_LUI where ID='cba624b2-bc71-49af-87ae-9edfab43340c' and VER_NBR=2
/
update KSEN_CO_AO_CLUSTER set OBJ_ID='a516e309-fb4b-4a50-85e9-3f14b75bd911', VER_NBR=1, UPDATEID='admin', UPDATETIME=TIMESTAMP '2013-04-11 12:51:29.06', AO_CLUSTER_STATE='kuali.activity.offering.cluster.state.active', AO_CLUSTER_TYPE='kuali.activity.offering.cluster.type.activity.offering.cluster', DESCR_FORMATTED='', DESCR_PLAIN='', FORMAT_OFFERING_ID='ea393e8f-5319-43a5-9478-7461251686aa', NAME='CL 1 Conflict', PRIVATE_NAME='CL 1 Conflict' where ID='e70550b9-1e23-4dd3-956d-3055509530d2' and VER_NBR=0
/
insert into KSEN_CO_AO_CLUSTER_SET_AO (AOC_SET_ID, ACTIVITY_OFFERING_ID) values ('5b8b3911-4451-4b83-8e8b-423a30dc225a', '79434b13-3b8f-49a3-9801-ded4abb7f4ec')
/
update KSEN_CO_AO_CLUSTER set OBJ_ID='b443ed3d-fac1-4563-ad66-6347c30d2b7d', VER_NBR=5, UPDATEID='admin', UPDATETIME=TIMESTAMP '2013-04-11 12:51:29.06', AO_CLUSTER_STATE='kuali.activity.offering.cluster.state.active', AO_CLUSTER_TYPE='kuali.activity.offering.cluster.type.activity.offering.cluster', DESCR_FORMATTED='', DESCR_PLAIN='', FORMAT_OFFERING_ID='ea393e8f-5319-43a5-9478-7461251686aa', NAME='CL 1', PRIVATE_NAME='CL 1' where ID='bb8a2116-7b60-4732-8625-d99a26e1d005' and VER_NBR=4
/
delete from KSEN_CO_AO_CLUSTER_SET_AO where AOC_SET_ID='9c29966d-a95c-40f6-b3e4-2610c6ab3c20' and ACTIVITY_OFFERING_ID='848df80a-a5d1-4df6-bd5a-f1e8a8317023'
/
delete from KSEN_LUILUI_RELTN where ID='442480df-10c0-40ad-a8eb-bcb27fca290b' and VER_NBR=0
/
delete from KSEN_LUILUI_RELTN where ID='a4b3e40c-06e9-44d5-86ef-cd13148b5a51' and VER_NBR=0
/
delete from KSEN_LUILUI_RELTN where ID='503d0118-a093-4d40-9ffc-7921c12fad7c' and VER_NBR=0
/
delete from KSEN_LUI_ATTR where ID='ad4cf2eb-f62e-4820-a2c6-c84441c20b70'
/
delete from KSEN_LUI_ATTR where ID='53f06783-e9a0-45e4-bcdd-a8902669badf'
/
delete from KSEN_LUI_IDENT where ID='ca9c2362-6904-44fb-9c0e-e27f2eb2203e' and VER_NBR=0
/
delete from KSEN_LUI where ID='1a5f254d-61ef-4486-bb7d-4d7ad812bafd' and VER_NBR=0
/
update KSEN_CO_AO_CLUSTER set OBJ_ID='a516e309-fb4b-4a50-85e9-3f14b75bd911', VER_NBR=2, UPDATEID='admin', UPDATETIME=TIMESTAMP '2013-04-11 12:51:29.06', AO_CLUSTER_STATE='kuali.activity.offering.cluster.state.active', AO_CLUSTER_TYPE='kuali.activity.offering.cluster.type.activity.offering.cluster', DESCR_FORMATTED='', DESCR_PLAIN='', FORMAT_OFFERING_ID='ea393e8f-5319-43a5-9478-7461251686aa', NAME='CL 1 Conflict', PRIVATE_NAME='CL 1 Conflict' where ID='e70550b9-1e23-4dd3-956d-3055509530d2' and VER_NBR=1
/
insert into KSEN_CO_AO_CLUSTER_SET_AO (AOC_SET_ID, ACTIVITY_OFFERING_ID) values ('e912e3a5-105a-404d-b6bb-e7256996204c', '848df80a-a5d1-4df6-bd5a-f1e8a8317023')
/
insert into KSEN_LUI (OBJ_ID, VER_NBR, CREATEID, CREATETIME, UPDATEID, UPDATETIME, ATP_ID, CLU_ID, EFF_DT, EXPIR_DT, DESCR_FORMATTED, LUI_STATE, LUI_TYPE, MAX_SEATS, MIN_SEATS, NAME, DESCR_PLAIN, REF_URL, SCHEDULE_ID, ID) values ('c0cd2132-d1b2-4a64-9ad0-bbf87260f450', 0, 'admin', TIMESTAMP '2013-04-11 12:51:29.06', 'admin', TIMESTAMP '2013-04-11 12:51:29.06', 'kuali.atp.2012Winter', '25889d4f-0612-424c-87a5-e96f60f3e096', '', '', '1008', 'kuali.lui.registration.group.state.pending', 'kuali.lui.type.registration.group', '', '', '1008', '1008', '', '', '1fbe76ae-10c8-4a20-92fd-d49287f0d26e')
/
insert into KSEN_LUI_ATTR (OBJ_ID, ATTR_KEY, OWNER_ID, ATTR_VALUE, ID) values ('94c017ba-6e4b-4f86-b723-7116d603f5a0', 'kuali.attribute.registration.group.aocluster.id', '1fbe76ae-10c8-4a20-92fd-d49287f0d26e', 'e70550b9-1e23-4dd3-956d-3055509530d2', 'e856c195-6cc0-4c40-a9ba-93f8af6dc41c')
/
insert into KSEN_LUI_ATTR (OBJ_ID, ATTR_KEY, OWNER_ID, ATTR_VALUE, ID) values ('4ca8e39e-4789-4817-a86e-fb9d725db68d', 'kuali.attribute.registration.group.is.generated', '1fbe76ae-10c8-4a20-92fd-d49287f0d26e', '1', '14f7934e-a54b-4dce-81dc-e171a3dd558b')
/
insert into KSEN_LUI_IDENT (OBJ_ID, VER_NBR, CREATEID, CREATETIME, UPDATEID, UPDATETIME, LUI_CD, DIVISION, IDENT_LEVEL, LNG_NAME, LUI_ID, ORGID, SHRT_NAME, LUI_ID_STATE, SUFX_CD, LUI_ID_TYPE, VARTN, ID) values ('1280d900-6d0a-4ec1-ba1a-149af06ebc0e', 0, 'admin', TIMESTAMP '2013-04-11 12:51:29.06', 'admin', TIMESTAMP '2013-04-11 12:51:29.06', '', '', '', '', '1fbe76ae-10c8-4a20-92fd-d49287f0d26e', '', '', 'kuali.lui.identifier.state.active', '', 'kuali.lui.identifier.type.official', '', '5b650f93-14e2-48db-877c-b3034f8e7bf9')
/
insert into KSEN_LUILUI_RELTN (OBJ_ID, VER_NBR, CREATEID, CREATETIME, UPDATEID, UPDATETIME, EFF_DT, EXPIR_DT, DESCR_FORMATTED, LUI_ID, LUILUI_RELTN_STATE, LUILUI_RELTN_TYPE, NAME, DESCR_PLAIN, RELATED_LUI_ID, ID) values ('c6b011e1-909b-46d4-acb9-3566a9e464f0', 0, 'admin', TIMESTAMP '2013-04-11 12:51:29.06', 'admin', TIMESTAMP '2013-04-11 12:51:29.06', TIMESTAMP '2013-04-11 12:51:38.721', '', 'CHEM277-FO-RG', 'ea393e8f-5319-43a5-9478-7461251686aa', 'kuali.lui.lui.relation.state.active', 'kuali.lui.lui.relation.type.deliveredvia.fo2rg', 'fo-rg-relation', 'CHEM277-FO-RG', '1fbe76ae-10c8-4a20-92fd-d49287f0d26e', 'fb6a1382-e998-4374-acd2-a7b9ac8fc860')
/
insert into KSEN_LUILUI_RELTN (OBJ_ID, VER_NBR, CREATEID, CREATETIME, UPDATEID, UPDATETIME, EFF_DT, EXPIR_DT, DESCR_FORMATTED, LUI_ID, LUILUI_RELTN_STATE, LUILUI_RELTN_TYPE, NAME, DESCR_PLAIN, RELATED_LUI_ID, ID) values ('091df93d-ebbb-407a-8f6d-2b0a3d8c7efd', 0, 'admin', TIMESTAMP '2013-04-11 12:51:29.06', 'admin', TIMESTAMP '2013-04-11 12:51:29.06', TIMESTAMP '2013-04-11 12:51:38.726', '', 'CHEM277-RG-AO', '1fbe76ae-10c8-4a20-92fd-d49287f0d26e', 'kuali.lui.lui.relation.state.active', 'kuali.lui.lui.relation.type.registeredforvia.rg2ao', 'rg-ao-relation', 'CHEM277-RG-AO', '848df80a-a5d1-4df6-bd5a-f1e8a8317023', 'e1947b7a-b10f-42cb-a7a3-d4840a941809')
/
insert into KSEN_LUILUI_RELTN (OBJ_ID, VER_NBR, CREATEID, CREATETIME, UPDATEID, UPDATETIME, EFF_DT, EXPIR_DT, DESCR_FORMATTED, LUI_ID, LUILUI_RELTN_STATE, LUILUI_RELTN_TYPE, NAME, DESCR_PLAIN, RELATED_LUI_ID, ID) values ('8f65e5c9-d63b-48c1-8781-038bbad9fbbe', 0, 'admin', TIMESTAMP '2013-04-11 12:51:29.06', 'admin', TIMESTAMP '2013-04-11 12:51:29.06', TIMESTAMP '2013-04-11 12:51:38.728', '', 'CHEM277-RG-AO', '1fbe76ae-10c8-4a20-92fd-d49287f0d26e', 'kuali.lui.lui.relation.state.active', 'kuali.lui.lui.relation.type.registeredforvia.rg2ao', 'rg-ao-relation', 'CHEM277-RG-AO', '79434b13-3b8f-49a3-9801-ded4abb7f4ec', '66a61b9b-ef96-4076-8608-2f473a873a51')
/
update KSEN_LUI set OBJ_ID='c0cd2132-d1b2-4a64-9ad0-bbf87260f450', VER_NBR=1, UPDATEID='admin', UPDATETIME=TIMESTAMP '2013-04-11 12:51:29.06', ATP_ID='kuali.atp.2012Winter', CLU_ID='25889d4f-0612-424c-87a5-e96f60f3e096', EFF_DT='', EXPIR_DT='', DESCR_FORMATTED='1008', LUI_STATE='kuali.lui.registration.group.state.invalid', LUI_TYPE='kuali.lui.type.registration.group', MAX_SEATS='', MIN_SEATS='', NAME='1008', DESCR_PLAIN='1008', REF_URL='', SCHEDULE_ID='' where ID='1fbe76ae-10c8-4a20-92fd-d49287f0d26e' and VER_NBR=0
/
update KSEN_CO_AO_CLUSTER set OBJ_ID='b443ed3d-fac1-4563-ad66-6347c30d2b7d', VER_NBR=6, UPDATEID='admin', UPDATETIME=TIMESTAMP '2013-04-11 12:51:29.06', AO_CLUSTER_STATE='kuali.activity.offering.cluster.state.active', AO_CLUSTER_TYPE='kuali.activity.offering.cluster.type.activity.offering.cluster', DESCR_FORMATTED='', DESCR_PLAIN='', FORMAT_OFFERING_ID='ea393e8f-5319-43a5-9478-7461251686aa', NAME='CL 1', PRIVATE_NAME='CL 1' where ID='bb8a2116-7b60-4732-8625-d99a26e1d005' and VER_NBR=5
/
delete from KSEN_CO_AO_CLUSTER_SET_AO where AOC_SET_ID='9c29966d-a95c-40f6-b3e4-2610c6ab3c20' and ACTIVITY_OFFERING_ID='fbdc0d98-09df-4c7d-a7b3-b0ea4370532b'
/
delete from KSEN_LUILUI_RELTN where ID='85d741a5-0027-4a99-b3d6-6b45e2527ba7' and VER_NBR=0
/
delete from KSEN_LUILUI_RELTN where ID='ec38f325-36d9-4db7-a5f2-afd1b2a10055' and VER_NBR=0
/
delete from KSEN_LUILUI_RELTN where ID='6492ef68-3096-460f-ada8-90403d472f91' and VER_NBR=0
/
delete from KSEN_LUI_ATTR where ID='f9325795-aac2-4784-8c4a-f06848da7213'
/
delete from KSEN_LUI_ATTR where ID='5a2b0d12-ca4d-439d-ae69-ad6e154079e0'
/
delete from KSEN_LUI_IDENT where ID='5a5f5047-a43c-40a2-bf0b-a3d4e7e4c74a' and VER_NBR=1
/
delete from KSEN_LUI where ID='f917cfae-2e55-4b87-8edb-85485f16d52f' and VER_NBR=1
/
update KSEN_CO_AO_CLUSTER set OBJ_ID='a516e309-fb4b-4a50-85e9-3f14b75bd911', VER_NBR=3, UPDATEID='admin', UPDATETIME=TIMESTAMP '2013-04-11 12:51:29.06', AO_CLUSTER_STATE='kuali.activity.offering.cluster.state.active', AO_CLUSTER_TYPE='kuali.activity.offering.cluster.type.activity.offering.cluster', DESCR_FORMATTED='', DESCR_PLAIN='', FORMAT_OFFERING_ID='ea393e8f-5319-43a5-9478-7461251686aa', NAME='CL 1 Conflict', PRIVATE_NAME='CL 1 Conflict' where ID='e70550b9-1e23-4dd3-956d-3055509530d2' and VER_NBR=2
/
insert into KSEN_CO_AO_CLUSTER_SET_AO (AOC_SET_ID, ACTIVITY_OFFERING_ID) values ('e912e3a5-105a-404d-b6bb-e7256996204c', 'fbdc0d98-09df-4c7d-a7b3-b0ea4370532b')
/
insert into KSEN_LUI (OBJ_ID, VER_NBR, CREATEID, CREATETIME, UPDATEID, UPDATETIME, ATP_ID, CLU_ID, EFF_DT, EXPIR_DT, DESCR_FORMATTED, LUI_STATE, LUI_TYPE, MAX_SEATS, MIN_SEATS, NAME, DESCR_PLAIN, REF_URL, SCHEDULE_ID, ID) values ('52729d2c-389b-4514-9db1-061b4ffb27e0', 0, 'admin', TIMESTAMP '2013-04-11 12:51:29.06', 'admin', TIMESTAMP '2013-04-11 12:51:29.06', 'kuali.atp.2012Winter', '25889d4f-0612-424c-87a5-e96f60f3e096', '', '', '1009', 'kuali.lui.registration.group.state.pending', 'kuali.lui.type.registration.group', '', '', '1009', '1009', '', '', '18d70403-235d-4923-9599-3a7f4a8ffd17')
/
insert into KSEN_LUI_ATTR (OBJ_ID, ATTR_KEY, OWNER_ID, ATTR_VALUE, ID) values ('33ad4cd8-7967-4c58-aa30-52bdb8202776', 'kuali.attribute.registration.group.is.generated', '18d70403-235d-4923-9599-3a7f4a8ffd17', '1', '52d19b98-d689-4bc5-bba7-2ef2ff9d58a6')
/
insert into KSEN_LUI_ATTR (OBJ_ID, ATTR_KEY, OWNER_ID, ATTR_VALUE, ID) values ('b7f2fed3-8c43-4a1b-8cad-65bc43ee8e24', 'kuali.attribute.registration.group.aocluster.id', '18d70403-235d-4923-9599-3a7f4a8ffd17', 'e70550b9-1e23-4dd3-956d-3055509530d2', '0f5214e0-2b24-487a-bdd8-2687bc00b32a')
/
insert into KSEN_LUI_IDENT (OBJ_ID, VER_NBR, CREATEID, CREATETIME, UPDATEID, UPDATETIME, LUI_CD, DIVISION, IDENT_LEVEL, LNG_NAME, LUI_ID, ORGID, SHRT_NAME, LUI_ID_STATE, SUFX_CD, LUI_ID_TYPE, VARTN, ID) values ('a720afca-56b9-4fb3-b51b-760fd566fd1d', 0, 'admin', TIMESTAMP '2013-04-11 12:51:29.06', 'admin', TIMESTAMP '2013-04-11 12:51:29.06', '', '', '', '', '18d70403-235d-4923-9599-3a7f4a8ffd17', '', '', 'kuali.lui.identifier.state.active', '', 'kuali.lui.identifier.type.official', '', '8be7c8cc-2f93-4bcf-9029-09f1cdc9112d')
/
insert into KSEN_LUILUI_RELTN (OBJ_ID, VER_NBR, CREATEID, CREATETIME, UPDATEID, UPDATETIME, EFF_DT, EXPIR_DT, DESCR_FORMATTED, LUI_ID, LUILUI_RELTN_STATE, LUILUI_RELTN_TYPE, NAME, DESCR_PLAIN, RELATED_LUI_ID, ID) values ('92081688-7c6d-4913-b953-13d99280cbdc', 0, 'admin', TIMESTAMP '2013-04-11 12:51:29.06', 'admin', TIMESTAMP '2013-04-11 12:51:29.06', TIMESTAMP '2013-04-11 12:51:43.414', '', 'CHEM277-FO-RG', 'ea393e8f-5319-43a5-9478-7461251686aa', 'kuali.lui.lui.relation.state.active', 'kuali.lui.lui.relation.type.deliveredvia.fo2rg', 'fo-rg-relation', 'CHEM277-FO-RG', '18d70403-235d-4923-9599-3a7f4a8ffd17', 'ca9c45b5-9939-4452-bab9-acd5b4379f44')
/
insert into KSEN_LUILUI_RELTN (OBJ_ID, VER_NBR, CREATEID, CREATETIME, UPDATEID, UPDATETIME, EFF_DT, EXPIR_DT, DESCR_FORMATTED, LUI_ID, LUILUI_RELTN_STATE, LUILUI_RELTN_TYPE, NAME, DESCR_PLAIN, RELATED_LUI_ID, ID) values ('4bd6f9db-2a80-45e6-9ae1-0a888de710fd', 0, 'admin', TIMESTAMP '2013-04-11 12:51:29.06', 'admin', TIMESTAMP '2013-04-11 12:51:29.06', TIMESTAMP '2013-04-11 12:51:43.416', '', 'CHEM277-RG-AO', '18d70403-235d-4923-9599-3a7f4a8ffd17', 'kuali.lui.lui.relation.state.active', 'kuali.lui.lui.relation.type.registeredforvia.rg2ao', 'rg-ao-relation', 'CHEM277-RG-AO', '79434b13-3b8f-49a3-9801-ded4abb7f4ec', 'a3fb55a2-e880-4753-b11e-108718124650')
/
insert into KSEN_LUILUI_RELTN (OBJ_ID, VER_NBR, CREATEID, CREATETIME, UPDATEID, UPDATETIME, EFF_DT, EXPIR_DT, DESCR_FORMATTED, LUI_ID, LUILUI_RELTN_STATE, LUILUI_RELTN_TYPE, NAME, DESCR_PLAIN, RELATED_LUI_ID, ID) values ('1998e66f-edf9-40b8-8a32-78e05417e657', 0, 'admin', TIMESTAMP '2013-04-11 12:51:29.06', 'admin', TIMESTAMP '2013-04-11 12:51:29.06', TIMESTAMP '2013-04-11 12:51:43.419', '', 'CHEM277-RG-AO', '18d70403-235d-4923-9599-3a7f4a8ffd17', 'kuali.lui.lui.relation.state.active', 'kuali.lui.lui.relation.type.registeredforvia.rg2ao', 'rg-ao-relation', 'CHEM277-RG-AO', 'fbdc0d98-09df-4c7d-a7b3-b0ea4370532b', 'b99fce2c-cf59-4396-a81a-029981f30a93')
/
update KSEN_LUI set OBJ_ID='52729d2c-389b-4514-9db1-061b4ffb27e0', VER_NBR=1, UPDATEID='admin', UPDATETIME=TIMESTAMP '2013-04-11 12:51:29.06', ATP_ID='kuali.atp.2012Winter', CLU_ID='25889d4f-0612-424c-87a5-e96f60f3e096', EFF_DT='', EXPIR_DT='', DESCR_FORMATTED='1009', LUI_STATE='kuali.lui.registration.group.state.invalid', LUI_TYPE='kuali.lui.type.registration.group', MAX_SEATS='', MIN_SEATS='', NAME='1009', DESCR_PLAIN='1009', REF_URL='', SCHEDULE_ID='' where ID='18d70403-235d-4923-9599-3a7f4a8ffd17' and VER_NBR=0
/