insert into KSEN_LUI (OBJ_ID, VER_NBR, CREATEID, CREATETIME, UPDATEID, UPDATETIME, ATP_ID, CLU_ID, EFF_DT, EXPIR_DT, DESCR_FORMATTED, LUI_STATE, LUI_TYPE, MAX_SEATS, MIN_SEATS, NAME, DESCR_PLAIN, REF_URL, ID) values ('b3f512c8-6800-498a-97b6-a2f3da58e0e7', 0, 'admin', TIMESTAMP '2013-06-04 11:09:45.446', 'admin', TIMESTAMP '2013-06-04 11:09:45.446', 'kuali.atp.2012CETerm1', '31831b51-5be1-4f61-961f-a23d60ad2c53', TIMESTAMP '2011-08-26 20:00:00.0', '', 'The chemistry of carbon: aliphatic compounds, aromatic compounds, stere chemistry, halides, amines, and amides, acids, esters, carbohydrates, and natural products. This course is intended for students in curricula requiring only one semester of organic chemistry. Students requiring two or more years of chemistry should register for CHEM231/232 or CHEM237.', 'kuali.lui.course.offering.state.draft', 'kuali.lui.type.course.offering', '', '', 'CHEM105 CO', 'The chemistry of carbon: aliphatic compounds, aromatic compounds, stere chemistry, halides, amines, and amides, acids, esters, carbohydrates, and natural products. This course is intended for students in curricula requiring only one semester of organic chemistry. Students requiring two or more years of chemistry should register for CHEM231/232 or CHEM237.', 'null', 'fd03541a-0e49-4725-a56c-048ca06ae3e3')
/
insert into KSEN_LUI_ATTR (OBJ_ID, ATTR_KEY, OWNER_ID, ATTR_VALUE, ID) values ('aab528f6-4377-4413-bb72-b49c7cf15c71', 'kuali.attribute.funding.source', 'fd03541a-0e49-4725-a56c-048ca06ae3e3', '', 'dc19bced-2708-4c44-966c-d74a4c0bd1a3')
/
insert into KSEN_LUI_ATTR (OBJ_ID, ATTR_KEY, OWNER_ID, ATTR_VALUE, ID) values ('67df30f1-bbb3-45ce-8e17-928837816b10', 'kuali.attribute.wait.list.indicator', 'fd03541a-0e49-4725-a56c-048ca06ae3e3', '1', '3f9bf5ca-223c-4664-93f7-66d3a18b96ef')
/
insert into KSEN_LUI_ATTR (OBJ_ID, ATTR_KEY, OWNER_ID, ATTR_VALUE, ID) values ('938706b2-50d7-472e-8807-c462c9928d4d', 'kuali.attribute.wait.list.level.type.key', 'fd03541a-0e49-4725-a56c-048ca06ae3e3', 'AO', '829ecbdb-4350-47af-886f-6733c4598459')
/
insert into KSEN_LUI_ATTR (OBJ_ID, ATTR_KEY, OWNER_ID, ATTR_VALUE, ID) values ('d926d09e-e65c-4ea7-a079-95bd543ded52', 'kuali.attribute.course.number.internal.suffix', 'fd03541a-0e49-4725-a56c-048ca06ae3e3', 'A', '5e402b05-3ef5-4ddf-b7bd-79cd5d982c8b')
/
insert into KSEN_LUI_ATTR (OBJ_ID, ATTR_KEY, OWNER_ID, ATTR_VALUE, ID) values ('26fb82d1-73dc-438e-9d5f-5b88d817bd8a', 'kuali.attribute.where.fees.attached.flag', 'fd03541a-0e49-4725-a56c-048ca06ae3e3', '0', '47b78b5a-941f-406b-9f40-c9f6cbecdba7')
/
insert into KSEN_LUI_ATTR (OBJ_ID, ATTR_KEY, OWNER_ID, ATTR_VALUE, ID) values ('4c737abb-6778-4928-b3b8-aca70419719f', 'kuali.attribute.final.exam.indicator', 'fd03541a-0e49-4725-a56c-048ca06ae3e3', 'STANDARD', '3214b37a-69aa-4891-aa08-0238d46899e5')
/
insert into KSEN_LUI_ATTR (OBJ_ID, ATTR_KEY, OWNER_ID, ATTR_VALUE, ID) values ('68029941-4b73-4bd6-8b40-422e0d803d72', 'kuali.attribute.course.evaluation.indicator', 'fd03541a-0e49-4725-a56c-048ca06ae3e3', '0', '7092eb20-675f-4e01-af45-6da0749e31c9')
/
insert into KSEN_LUI_ATTR (OBJ_ID, ATTR_KEY, OWNER_ID, ATTR_VALUE, ID) values ('e43f04cf-5fed-4e69-8c4e-daa683a70116', 'kuali.attribute.wait.list.type.key', 'fd03541a-0e49-4725-a56c-048ca06ae3e3', 'kuali.waitlist.type.semiautomatic', 'd3cb379d-1bfa-4e97-82b0-7c8a324ad77b')
/
insert into KSEN_LUI_IDENT (OBJ_ID, VER_NBR, CREATEID, CREATETIME, UPDATEID, UPDATETIME, LUI_CD, DIVISION, IDENT_LEVEL, LNG_NAME, LUI_ID, ORGID, SHRT_NAME, LUI_ID_STATE, SUFX_CD, LUI_ID_TYPE, VARTN, ID) values ('2c785cbc-b30a-429f-b8c8-65579e063b15', 0, 'admin', TIMESTAMP '2013-06-04 11:09:45.446', 'admin', TIMESTAMP '2013-06-04 11:09:45.446', 'CHEM105', 'CHEM', '', 'Fundamental of Organic and Biochemistry', 'fd03541a-0e49-4725-a56c-048ca06ae3e3', '', '', 'kuali.lui.identifier.state.active', '', 'kuali.lui.identifier.type.official', '', 'a350733f-eb6d-407a-909a-a84f59708293')
/
insert into KSEN_LUI_LU_CD (OBJ_ID, VER_NBR, CREATEID, CREATETIME, UPDATEID, UPDATETIME, DESCR_FORMATTED, LUI_ID, DESCR_PLAIN, LUI_LUCD_TYPE, VALUE, ID) values ('3bea2ae7-7037-4554-b193-0e5a5064d97d', 0, 'admin', TIMESTAMP '2013-06-04 11:09:45.446', 'admin', TIMESTAMP '2013-06-04 11:09:45.446', '', 'fd03541a-0e49-4725-a56c-048ca06ae3e3', '', 'kuali.lu.code.honorsOffering', '', 'f6b0ffb7-a597-40f6-a012-e0bd6fb49ed0')
/
insert into KSEN_LUI_UNITS_DEPLOYMENT (LUI_ID, ORG_ID, ID) values ('fd03541a-0e49-4725-a56c-048ca06ae3e3', '4284516367', '73f4782f-0276-4773-9860-ef9fa18dff24')
/
insert into KSEN_LUI_UNITS_CONT_OWNER (LUI_ID, ORG_ID) values ('fd03541a-0e49-4725-a56c-048ca06ae3e3', '4284516367')
/
insert into KSEN_LUI_RESULT_VAL_GRP (LUI_ID, RESULT_VAL_GRP_ID) values ('fd03541a-0e49-4725-a56c-048ca06ae3e3', 'kuali.resultComponent.grade.letter')
/
insert into KSEN_LUI_RESULT_VAL_GRP (LUI_ID, RESULT_VAL_GRP_ID) values ('fd03541a-0e49-4725-a56c-048ca06ae3e3', 'kuali.resultComponent.grade.audit')
/
insert into KSEN_LUI_RESULT_VAL_GRP (LUI_ID, RESULT_VAL_GRP_ID) values ('fd03541a-0e49-4725-a56c-048ca06ae3e3', 'kuali.resultComponent.grade.passFail')
/
insert into KSEN_LUI_RESULT_VAL_GRP (LUI_ID, RESULT_VAL_GRP_ID) values ('fd03541a-0e49-4725-a56c-048ca06ae3e3', 'kuali.creditType.credit.degree.3.0')
/
insert into KSEN_LUI (OBJ_ID, VER_NBR, CREATEID, CREATETIME, UPDATEID, UPDATETIME, ATP_ID, CLU_ID, EFF_DT, EXPIR_DT, DESCR_FORMATTED, LUI_STATE, LUI_TYPE, MAX_SEATS, MIN_SEATS, NAME, DESCR_PLAIN, REF_URL, ID) values ('9fe2fd51-a876-4387-98f1-623cc71dd5da', 0, 'admin', TIMESTAMP '2013-06-04 11:09:45.446', 'admin', TIMESTAMP '2013-06-04 11:09:45.446', 'kuali.atp.2012CETerm1', 'fbe00f3e-788a-460c-b686-3303215621fa', '', '', 'Courses with Lecture/Discussion', 'kuali.lui.format.offering.state.draft', 'kuali.lui.type.course.format.offering', '', '', 'Lecture/Discussion', 'Courses with Lecture/Discussion', '', '3f00e87c-ad8f-43ae-a84e-e640a77df3e8')
/
insert into KSEN_LUI_ATTR (OBJ_ID, ATTR_KEY, OWNER_ID, ATTR_VALUE, ID) values ('257991c8-f0cf-4082-90ec-af1dd4bb4a9d', 'regCodePrefix', '3f00e87c-ad8f-43ae-a84e-e640a77df3e8', '1', '7e4c9606-0f6f-43e9-ab29-34218c15907a')
/
insert into KSEN_LUI_ATTR (OBJ_ID, ATTR_KEY, OWNER_ID, ATTR_VALUE, ID) values ('74142dec-0e70-4660-b93a-f4546b54ecb9', 'kuali.attribute.final.exam.level.type', '3f00e87c-ad8f-43ae-a84e-e640a77df3e8', 'kuali.lui.type.activity.offering.discussion', '62f7b0bb-9992-4664-9db1-2c0808db333c')
/
insert into KSEN_LUI_ATTR (OBJ_ID, ATTR_KEY, OWNER_ID, ATTR_VALUE, ID) values ('2bda52c1-2ab3-4aec-bf6d-e96f534579e6', 'kuali.attribute.grade.roster.level.type.key', '3f00e87c-ad8f-43ae-a84e-e640a77df3e8', 'kuali.lui.type.activity.offering.discussion', 'e3200fed-faa4-4f73-bc87-db4e6521d3da')
/
insert into KSEN_LUI_IDENT (OBJ_ID, VER_NBR, CREATEID, CREATETIME, UPDATEID, UPDATETIME, LUI_CD, DIVISION, IDENT_LEVEL, LNG_NAME, LUI_ID, ORGID, SHRT_NAME, LUI_ID_STATE, SUFX_CD, LUI_ID_TYPE, VARTN, ID) values ('dc6a5036-f60c-4105-95c5-ad2165bd55fb', 0, 'admin', TIMESTAMP '2013-06-04 11:09:45.446', 'admin', TIMESTAMP '2013-06-04 11:09:45.446', '', '', '', 'Lecture/Discussion', '3f00e87c-ad8f-43ae-a84e-e640a77df3e8', '', 'LEC/DIS', 'kuali.lui.identifier.state.active', '', 'kuali.lui.identifier.type.official', '', 'a33d63e4-723a-4ae8-87f3-9d544b347a99')
/
insert into KSEN_LUILUI_RELTN (OBJ_ID, VER_NBR, CREATEID, CREATETIME, UPDATEID, UPDATETIME, EFF_DT, EXPIR_DT, DESCR_FORMATTED, LUI_ID, LUILUI_RELTN_STATE, LUILUI_RELTN_TYPE, NAME, DESCR_PLAIN, RELATED_LUI_ID, ID) values ('47bcbbfd-16d5-4d6b-9b6c-b0b0ee8bc819', 0, 'admin', TIMESTAMP '2013-06-04 11:09:45.446', 'admin', TIMESTAMP '2013-06-04 11:09:45.446', TIMESTAMP '2013-06-04 11:09:46.804', '', 'CHEM105-CO-FO', 'fd03541a-0e49-4725-a56c-048ca06ae3e3', 'kuali.lui.lui.relation.state.active', 'kuali.lui.lui.relation.type.deliveredvia.co2fo', 'co-fo-relation', 'CHEM105-CO-FO', '3f00e87c-ad8f-43ae-a84e-e640a77df3e8', 'cce86547-5abb-4d37-ab93-e83afd8ccc0f')
/
insert into KSEN_LUI_RELATED_LUI_TYPES (LUI_ID, RELATED_LUI_TYPE) values ('3f00e87c-ad8f-43ae-a84e-e640a77df3e8', 'kuali.lui.type.activity.offering.discussion')
/
insert into KSEN_LUI_RELATED_LUI_TYPES (LUI_ID, RELATED_LUI_TYPE) values ('3f00e87c-ad8f-43ae-a84e-e640a77df3e8', 'kuali.lui.type.activity.offering.lecture')
/
insert into KSEN_LUI (OBJ_ID, VER_NBR, CREATEID, CREATETIME, UPDATEID, UPDATETIME, ATP_ID, CLU_ID, EFF_DT, EXPIR_DT, DESCR_FORMATTED, LUI_STATE, LUI_TYPE, MAX_SEATS, MIN_SEATS, NAME, DESCR_PLAIN, REF_URL, ID) values ('3a57d248-de5b-4b6d-9bcc-7571fd59b20f', 0, 'admin', TIMESTAMP '2013-06-04 11:09:45.446', 'admin', TIMESTAMP '2013-06-04 11:09:45.446', 'kuali.atp.2012CETerm1', '1bf3adb6-8b48-441f-9d68-cc1005dd9cc6', '', '', 'Courses with lecture', 'kuali.lui.activity.offering.state.draft', 'kuali.lui.type.activity.offering.lecture', 46, 46, 'Lecture', 'Courses with lecture', 'null', '036a740e-f4a6-4c63-8044-4b43495303df')
/
insert into KSEN_LUI_ATTR (OBJ_ID, ATTR_KEY, OWNER_ID, ATTR_VALUE, ID) values ('39119c8a-5cb9-4a10-bd49-fcecd9de0801', 'kuali.attribute.course.evaluation.indicator', '036a740e-f4a6-4c63-8044-4b43495303df', '0', 'c91d9c15-c009-4d3b-953e-3af6b382da48')
/
insert into KSEN_LUI_ATTR (OBJ_ID, ATTR_KEY, OWNER_ID, ATTR_VALUE, ID) values ('882924c8-105a-4909-9f7c-1d3be934c284', 'kuali.attribute.max.enrollment.is.estimate', '036a740e-f4a6-4c63-8044-4b43495303df', '0', 'c4721aa7-02bf-42fb-b7b4-d6753738f2f0')
/
insert into KSEN_LUI_ATTR (OBJ_ID, ATTR_KEY, OWNER_ID, ATTR_VALUE, ID) values ('15769928-251b-409e-aabd-ba92c87bbda8', 'isWaitlistCheckinRequired', '036a740e-f4a6-4c63-8044-4b43495303df', '0', '6d34cd8a-048c-4028-a04a-8a564ff201d5')
/
insert into KSEN_LUI_IDENT (OBJ_ID, VER_NBR, CREATEID, CREATETIME, UPDATEID, UPDATETIME, LUI_CD, DIVISION, IDENT_LEVEL, LNG_NAME, LUI_ID, ORGID, SHRT_NAME, LUI_ID_STATE, SUFX_CD, LUI_ID_TYPE, VARTN, ID) values ('c2dd2111-6e98-487c-8b96-92b51bd9d0a6', 0, 'admin', TIMESTAMP '2013-06-04 11:09:45.446', 'admin', TIMESTAMP '2013-06-04 11:09:45.446', 'A', '', '', '', '036a740e-f4a6-4c63-8044-4b43495303df', '', '', 'kuali.lui.identifier.state.active', '', 'kuali.lui.identifier.type.official', '', '17627545-fc60-4454-bc37-ec4efacd5b7f')
/
insert into KSEN_LUI_LU_CD (OBJ_ID, VER_NBR, CREATEID, CREATETIME, UPDATEID, UPDATETIME, DESCR_FORMATTED, LUI_ID, DESCR_PLAIN, LUI_LUCD_TYPE, VALUE, ID) values ('e2af45e3-fb6c-499b-8234-2a5c154f2c20', 0, 'admin', TIMESTAMP '2013-06-04 11:09:45.446', 'admin', TIMESTAMP '2013-06-04 11:09:45.446', '', '036a740e-f4a6-4c63-8044-4b43495303df', '', 'kuali.lu.code.honorsOffering', '0', '2c5efb26-aa03-4110-b1be-1605033f5333')
/
insert into KSEN_LPR (OBJ_ID, VER_NBR, CREATEID, CREATETIME, UPDATEID, UPDATETIME, COMMIT_PERCT, EFF_DT, EXPIR_DT, LUI_ID, PERS_ID, LPR_STATE, LPR_TYPE, ID) values ('b92fc60c-ad1e-43ee-ab15-738a6a9c42f1', 0, 'admin', TIMESTAMP '2013-06-04 11:09:45.446', 'admin', TIMESTAMP '2013-06-04 11:09:45.446', '100.0', TIMESTAMP '2013-06-04 11:09:48.541', '', '036a740e-f4a6-4c63-8044-4b43495303df', 'N.BENOITM', 'kuali.lpr.state.active', 'kuali.lpr.type.instructor.main', '5b1e3211-c6c4-4026-8df6-e2ba162a4ce6')
/
insert into KSEN_LUILUI_RELTN (OBJ_ID, VER_NBR, CREATEID, CREATETIME, UPDATEID, UPDATETIME, EFF_DT, EXPIR_DT, DESCR_FORMATTED, LUI_ID, LUILUI_RELTN_STATE, LUILUI_RELTN_TYPE, NAME, DESCR_PLAIN, RELATED_LUI_ID, ID) values ('1062f660-4d61-4075-b6b3-e31b79f5b30f', 0, 'admin', TIMESTAMP '2013-06-04 11:09:45.446', 'admin', TIMESTAMP '2013-06-04 11:09:45.446', TIMESTAMP '2013-06-04 11:09:48.542', '', 'CHEM105-FO-AO', '3f00e87c-ad8f-43ae-a84e-e640a77df3e8', 'kuali.lui.lui.relation.state.active', 'kuali.lui.lui.relation.type.deliveredvia.fo2ao', 'fo-ao-relation', 'CHEM105-FO-AO', '036a740e-f4a6-4c63-8044-4b43495303df', '96a8865f-0d2d-4801-9693-2ec4036caa95')
/
insert into KSEN_SCHED_RQST_SET (OBJ_ID, VER_NBR, CREATEID, CREATETIME, UPDATEID, UPDATETIME, DESCR_FORMATTED, MAX_ENRL_SHARED_IND, MAX_ENRL, NAME, DESCR_PLAIN, REF_OBJECT_TYPE, SCHED_RQST_SET_STATE, SCHED_RQST_SET_TYPE, ID) values ('88399006-e5f9-4139-a498-9011c9e684e9', 0, 'admin', TIMESTAMP '2013-06-04 11:09:45.446', 'admin', TIMESTAMP '2013-06-04 11:09:45.446', '', '', '', '', '', 'http://student.kuali.org/wsdl/courseOffering/ActivityOfferingInfo', 'kuali.scheduling.schedule.request.state.created', 'kuali.scheduling.schedule.request.set.type.schedule.request.set', '06100d05-b7f1-48cf-b48c-956d83c91a09')
/
insert into KSEN_SCHED_RQST (OBJ_ID, VER_NBR, CREATEID, CREATETIME, UPDATEID, UPDATETIME, DESCR_FORMATTED, NAME, DESCR_PLAIN, SCHED_RQST_STATE, SCHED_RQST_TYPE, SCHED_ID, SCHED_RQST_SET_ID, ID) values ('a09d1450-8065-4e20-ad72-49dc3364ad60', 0, 'admin', TIMESTAMP '2013-06-04 11:09:45.446', 'admin', TIMESTAMP '2013-06-04 11:09:45.446', '', 'Schedule request for CHEM105 - A', '', 'kuali.scheduling.schedule.request.state.created', 'kuali.scheduling.schedule.request.type.schedule.request', '', '06100d05-b7f1-48cf-b48c-956d83c91a09', '85567321-69c0-4e8b-8c8b-e15252ecc60a')
/
insert into KSEN_SCHED_RQST_CMP (OBJ_ID, TBA_IND, SCHED_RQST_ID, ID) values ('457be930-c525-4d40-ad2b-693e17807234', '0', '85567321-69c0-4e8b-8c8b-e15252ecc60a', 'ab2bb19f-f007-452d-b543-7f51717858fd')
/
insert into KSEN_LUI (OBJ_ID, VER_NBR, CREATEID, CREATETIME, UPDATEID, UPDATETIME, ATP_ID, CLU_ID, EFF_DT, EXPIR_DT, DESCR_FORMATTED, LUI_STATE, LUI_TYPE, MAX_SEATS, MIN_SEATS, NAME, DESCR_PLAIN, REF_URL, ID) values ('e7c8dd67-047a-494a-a1bf-29c3f824da9f', 0, 'admin', TIMESTAMP '2013-06-04 11:09:45.446', 'admin', TIMESTAMP '2013-06-04 11:09:45.446', 'kuali.atp.2012CETerm1', 'e073a783-300c-4e22-8e41-f661639d3ce5', '', '', 'Courses with discussion', 'kuali.lui.activity.offering.state.draft', 'kuali.lui.type.activity.offering.discussion', 46, 46, 'Discussion', 'Courses with discussion', 'null', '9bc78b34-81d7-4869-9070-d90076845599')
/
insert into KSEN_LUI_ATTR (OBJ_ID, ATTR_KEY, OWNER_ID, ATTR_VALUE, ID) values ('0eb2e55c-b049-4270-83eb-571ba1e74d1a', 'isWaitlistCheckinRequired', '9bc78b34-81d7-4869-9070-d90076845599', '0', '04fd3cad-53a3-4406-96f9-0abc7f9d3e2b')
/
insert into KSEN_LUI_ATTR (OBJ_ID, ATTR_KEY, OWNER_ID, ATTR_VALUE, ID) values ('ddbd8c7b-a786-4dcb-8113-333a08d55689', 'kuali.attribute.max.enrollment.is.estimate', '9bc78b34-81d7-4869-9070-d90076845599', '0', 'b7eb94da-7073-40e5-ad66-c70f88dc9329')
/
insert into KSEN_LUI_ATTR (OBJ_ID, ATTR_KEY, OWNER_ID, ATTR_VALUE, ID) values ('dbf912f6-fa30-4a03-8afd-2738901ed2ae', 'kuali.attribute.course.evaluation.indicator', '9bc78b34-81d7-4869-9070-d90076845599', '0', 'be0d48da-b924-42dd-91cb-9f479e2a60f5')
/
insert into KSEN_LUI_IDENT (OBJ_ID, VER_NBR, CREATEID, CREATETIME, UPDATEID, UPDATETIME, LUI_CD, DIVISION, IDENT_LEVEL, LNG_NAME, LUI_ID, ORGID, SHRT_NAME, LUI_ID_STATE, SUFX_CD, LUI_ID_TYPE, VARTN, ID) values ('3da0a94f-d347-430f-83b4-46f3ee6ee2a3', 0, 'admin', TIMESTAMP '2013-06-04 11:09:45.446', 'admin', TIMESTAMP '2013-06-04 11:09:45.446', 'B', '', '', '', '9bc78b34-81d7-4869-9070-d90076845599', '', '', 'kuali.lui.identifier.state.active', '', 'kuali.lui.identifier.type.official', '', '0ebd17c5-e0cb-4d6a-8c11-9a8381d8c0e3')
/
insert into KSEN_LUI_LU_CD (OBJ_ID, VER_NBR, CREATEID, CREATETIME, UPDATEID, UPDATETIME, DESCR_FORMATTED, LUI_ID, DESCR_PLAIN, LUI_LUCD_TYPE, VALUE, ID) values ('b951ab6f-751a-4c0a-a6c6-c338edbc6c07', 0, 'admin', TIMESTAMP '2013-06-04 11:09:45.446', 'admin', TIMESTAMP '2013-06-04 11:09:45.446', '', '9bc78b34-81d7-4869-9070-d90076845599', '', 'kuali.lu.code.honorsOffering', '0', 'e0224bd6-e295-4cde-a619-28f4ef1fb13d')
/
insert into KSEN_LPR (OBJ_ID, VER_NBR, CREATEID, CREATETIME, UPDATEID, UPDATETIME, COMMIT_PERCT, EFF_DT, EXPIR_DT, LUI_ID, PERS_ID, LPR_STATE, LPR_TYPE, ID) values ('7221fc1a-afa3-410c-a930-de595bdc7793', 0, 'admin', TIMESTAMP '2013-06-04 11:09:45.446', 'admin', TIMESTAMP '2013-06-04 11:09:45.446', '100.0', TIMESTAMP '2013-06-04 11:09:48.984', '', '9bc78b34-81d7-4869-9070-d90076845599', 'D.RAMONAB', 'kuali.lpr.state.active', 'kuali.lpr.type.instructor.main', '219e4641-0426-4e1c-bcb7-975668fda2d6')
/
insert into KSEN_LUILUI_RELTN (OBJ_ID, VER_NBR, CREATEID, CREATETIME, UPDATEID, UPDATETIME, EFF_DT, EXPIR_DT, DESCR_FORMATTED, LUI_ID, LUILUI_RELTN_STATE, LUILUI_RELTN_TYPE, NAME, DESCR_PLAIN, RELATED_LUI_ID, ID) values ('448247dc-4c79-492a-8c4f-fdd33ab63670', 0, 'admin', TIMESTAMP '2013-06-04 11:09:45.446', 'admin', TIMESTAMP '2013-06-04 11:09:45.446', TIMESTAMP '2013-06-04 11:09:48.985', '', 'CHEM105-FO-AO', '3f00e87c-ad8f-43ae-a84e-e640a77df3e8', 'kuali.lui.lui.relation.state.active', 'kuali.lui.lui.relation.type.deliveredvia.fo2ao', 'fo-ao-relation', 'CHEM105-FO-AO', '9bc78b34-81d7-4869-9070-d90076845599', '5f264b86-eba8-4b55-89f4-4fa08b2901e3')
/
insert into KSEN_SCHED_REF_OBJECT (SCHED_RQST_SET_ID, REF_OBJECT_ID) values ('06100d05-b7f1-48cf-b48c-956d83c91a09', '036a740e-f4a6-4c63-8044-4b43495303df')
/
insert into KSEN_SCHED_RQST_CMP_BLDG (CMP_ID, BUILDING_ID) values ('ab2bb19f-f007-452d-b543-7f51717858fd', '6f2e8f26-95bc-4bb1-a3d0-3206324cad4a')
/
insert into KSEN_SCHED_RQST_CMP_CAMPUS (CMP_ID, CAMPUS_ID) values ('ab2bb19f-f007-452d-b543-7f51717858fd', 'UMCP')
/
insert into KSEN_SCHED_RQST_CMP_ROOM (CMP_ID, ROOM_ID) values ('ab2bb19f-f007-452d-b543-7f51717858fd', '2246d609-9fbb-4d06-b45e-a57ef80539b7')
/
insert into KSEN_SCHED_RQST_CMP_TMSLOT (CMP_ID, TM_SLOT_ID) values ('ab2bb19f-f007-452d-b543-7f51717858fd', 'f183d4dd-0d23-42d6-a2d0-55d1d8607d56')
/
insert into KSEN_SCHED_RQST_SET (OBJ_ID, VER_NBR, CREATEID, CREATETIME, UPDATEID, UPDATETIME, DESCR_FORMATTED, MAX_ENRL_SHARED_IND, MAX_ENRL, NAME, DESCR_PLAIN, REF_OBJECT_TYPE, SCHED_RQST_SET_STATE, SCHED_RQST_SET_TYPE, ID) values ('161cd78b-a1b8-4a45-b367-eec4712ddd08', 0, 'admin', TIMESTAMP '2013-06-04 11:09:45.446', 'admin', TIMESTAMP '2013-06-04 11:09:45.446', '', '', '', '', '', 'http://student.kuali.org/wsdl/courseOffering/ActivityOfferingInfo', 'kuali.scheduling.schedule.request.state.created', 'kuali.scheduling.schedule.request.set.type.schedule.request.set', '48384abe-1875-454d-8107-ba032487d233')
/
insert into KSEN_SCHED_RQST (OBJ_ID, VER_NBR, CREATEID, CREATETIME, UPDATEID, UPDATETIME, DESCR_FORMATTED, NAME, DESCR_PLAIN, SCHED_RQST_STATE, SCHED_RQST_TYPE, SCHED_ID, SCHED_RQST_SET_ID, ID) values ('34da9751-3328-4be2-926b-7f6fa742f6a1', 0, 'admin', TIMESTAMP '2013-06-04 11:09:45.446', 'admin', TIMESTAMP '2013-06-04 11:09:45.446', '', 'Schedule request for CHEM105 - B', '', 'kuali.scheduling.schedule.request.state.created', 'kuali.scheduling.schedule.request.type.schedule.request', '', '48384abe-1875-454d-8107-ba032487d233', 'fe6ef321-df1d-4fe0-bcd8-6fdfa049b4b1')
/
insert into KSEN_SCHED_RQST_CMP (OBJ_ID, TBA_IND, SCHED_RQST_ID, ID) values ('5e228a7d-116c-482a-8e1e-9e1c16d9f658', '0', 'fe6ef321-df1d-4fe0-bcd8-6fdfa049b4b1', '465e5060-4153-4f33-b3dd-9c4a22947af1')
/
insert into KSEN_SCHED_REF_OBJECT (SCHED_RQST_SET_ID, REF_OBJECT_ID) values ('48384abe-1875-454d-8107-ba032487d233', '9bc78b34-81d7-4869-9070-d90076845599')
/
insert into KSEN_SCHED_RQST_CMP_BLDG (CMP_ID, BUILDING_ID) values ('465e5060-4153-4f33-b3dd-9c4a22947af1', '6f2e8f26-95bc-4bb1-a3d0-3206324cad4a')
/
insert into KSEN_SCHED_RQST_CMP_CAMPUS (CMP_ID, CAMPUS_ID) values ('465e5060-4153-4f33-b3dd-9c4a22947af1', 'UMCP')
/
insert into KSEN_SCHED_RQST_CMP_ROOM (CMP_ID, ROOM_ID) values ('465e5060-4153-4f33-b3dd-9c4a22947af1', '2246d609-9fbb-4d06-b45e-a57ef80539b7')
/
insert into KSEN_SCHED_RQST_CMP_TMSLOT (CMP_ID, TM_SLOT_ID) values ('465e5060-4153-4f33-b3dd-9c4a22947af1', '74ee45cc-8ed0-4c7d-82d3-617ebfe30d8c')
/
insert into KSEN_CO_AO_CLUSTER (OBJ_ID, VER_NBR, CREATEID, CREATETIME, UPDATEID, UPDATETIME, AO_CLUSTER_STATE, AO_CLUSTER_TYPE, DESCR_FORMATTED, DESCR_PLAIN, FORMAT_OFFERING_ID, NAME, PRIVATE_NAME, ID) values ('7407fea0-3587-4bca-9548-7bf4268b094f', 0, 'admin', TIMESTAMP '2013-06-04 11:09:45.446', 'admin', TIMESTAMP '2013-06-04 11:09:45.446', 'kuali.activity.offering.cluster.state.active', 'kuali.activity.offering.cluster.type.activity.offering.cluster', '', '', '3f00e87c-ad8f-43ae-a84e-e640a77df3e8', 'CL 1', 'CL 1', '09f9cb05-7b38-40d2-a5b7-65f16b12c06e')
/
insert into KSEN_CO_AO_CLUSTER_SET (OBJ_ID, ACTIVITY_OFFERING_TYPE, AO_CLUSTER_ID, ID) values ('86a3780d-3af7-4199-a8af-3b9570511a60', 'kuali.lui.type.activity.offering.lecture', '09f9cb05-7b38-40d2-a5b7-65f16b12c06e', '03c74ef1-363f-4e5b-83ab-60d720921116')
/
insert into KSEN_CO_AO_CLUSTER_SET (OBJ_ID, ACTIVITY_OFFERING_TYPE, AO_CLUSTER_ID, ID) values ('a9906aa9-4631-4d4e-b714-c41d9597f64d', 'kuali.lui.type.activity.offering.discussion', '09f9cb05-7b38-40d2-a5b7-65f16b12c06e', 'cff4cf52-a3c5-44df-a242-71e6863f30bd')
/
insert into KSEN_CO_AO_CLUSTER_SET_AO (AOC_SET_ID, ACTIVITY_OFFERING_ID) values ('03c74ef1-363f-4e5b-83ab-60d720921116', '036a740e-f4a6-4c63-8044-4b43495303df')
/
insert into KSEN_CO_AO_CLUSTER_SET_AO (AOC_SET_ID, ACTIVITY_OFFERING_ID) values ('cff4cf52-a3c5-44df-a242-71e6863f30bd', '9bc78b34-81d7-4869-9070-d90076845599')
/
update KSEN_CO_AO_CLUSTER_SET set AO_CLUSTER_ID='09f9cb05-7b38-40d2-a5b7-65f16b12c06e' where ID='03c74ef1-363f-4e5b-83ab-60d720921116'
/
update KSEN_CO_AO_CLUSTER_SET set AO_CLUSTER_ID='09f9cb05-7b38-40d2-a5b7-65f16b12c06e' where ID='cff4cf52-a3c5-44df-a242-71e6863f30bd'
/
insert into KSEN_LUI (OBJ_ID, VER_NBR, CREATEID, CREATETIME, UPDATEID, UPDATETIME, ATP_ID, CLU_ID, EFF_DT, EXPIR_DT, DESCR_FORMATTED, LUI_STATE, LUI_TYPE, MAX_SEATS, MIN_SEATS, NAME, DESCR_PLAIN, REF_URL, ID) values ('815c1f96-49e7-4b95-831d-209cce2e7780', 0, 'admin', TIMESTAMP '2013-06-04 11:09:45.446', 'admin', TIMESTAMP '2013-06-04 11:09:45.446', 'kuali.atp.2012CETerm1', 'fbe00f3e-788a-460c-b686-3303215621fa', '', '', '1001', 'kuali.lui.registration.group.state.pending', 'kuali.lui.type.registration.group', '', '', '1001', '1001', '', '0f0710db-fa2d-4ba6-9b12-8ca6e9dea613')
/
insert into KSEN_LUI_ATTR (OBJ_ID, ATTR_KEY, OWNER_ID, ATTR_VALUE, ID) values ('5245bcdb-7328-4dff-b5e9-e1ee19ce122e', 'kuali.attribute.registration.group.is.generated', '0f0710db-fa2d-4ba6-9b12-8ca6e9dea613', '1', '16020894-5902-456b-808e-123df31d3977')
/
insert into KSEN_LUI_ATTR (OBJ_ID, ATTR_KEY, OWNER_ID, ATTR_VALUE, ID) values ('77b5c0dd-a55a-41bc-b4ab-726544ce5413', 'kuali.attribute.registration.group.aocluster.id', '0f0710db-fa2d-4ba6-9b12-8ca6e9dea613', '09f9cb05-7b38-40d2-a5b7-65f16b12c06e', '04b2a16d-55e8-49ac-8ee2-c1a3bd1f48b5')
/
insert into KSEN_LUI_IDENT (OBJ_ID, VER_NBR, CREATEID, CREATETIME, UPDATEID, UPDATETIME, LUI_CD, DIVISION, IDENT_LEVEL, LNG_NAME, LUI_ID, ORGID, SHRT_NAME, LUI_ID_STATE, SUFX_CD, LUI_ID_TYPE, VARTN, ID) values ('a1849098-025c-4d08-834f-f1ba57eef691', 0, 'admin', TIMESTAMP '2013-06-04 11:09:45.446', 'admin', TIMESTAMP '2013-06-04 11:09:45.446', '', '', '', '', '0f0710db-fa2d-4ba6-9b12-8ca6e9dea613', '', '', 'kuali.lui.identifier.state.active', '', 'kuali.lui.identifier.type.official', '', '1ba63443-775d-4c51-91c8-f34c71c160f4')
/
insert into KSEN_LUILUI_RELTN (OBJ_ID, VER_NBR, CREATEID, CREATETIME, UPDATEID, UPDATETIME, EFF_DT, EXPIR_DT, DESCR_FORMATTED, LUI_ID, LUILUI_RELTN_STATE, LUILUI_RELTN_TYPE, NAME, DESCR_PLAIN, RELATED_LUI_ID, ID) values ('9df209bd-e99e-43b5-b2c5-c8263a814ef8', 0, 'admin', TIMESTAMP '2013-06-04 11:09:45.446', 'admin', TIMESTAMP '2013-06-04 11:09:45.446', TIMESTAMP '2013-06-04 11:09:50.118', '', 'CHEM105-FO-RG', '3f00e87c-ad8f-43ae-a84e-e640a77df3e8', 'kuali.lui.lui.relation.state.active', 'kuali.lui.lui.relation.type.deliveredvia.fo2rg', 'fo-rg-relation', 'CHEM105-FO-RG', '0f0710db-fa2d-4ba6-9b12-8ca6e9dea613', '5389d39c-60f9-4e11-8d7c-66540210a264')
/
insert into KSEN_LUILUI_RELTN (OBJ_ID, VER_NBR, CREATEID, CREATETIME, UPDATEID, UPDATETIME, EFF_DT, EXPIR_DT, DESCR_FORMATTED, LUI_ID, LUILUI_RELTN_STATE, LUILUI_RELTN_TYPE, NAME, DESCR_PLAIN, RELATED_LUI_ID, ID) values ('b9fc44e2-0848-427a-ada9-38bc5b0e7b18', 0, 'admin', TIMESTAMP '2013-06-04 11:09:45.446', 'admin', TIMESTAMP '2013-06-04 11:09:45.446', TIMESTAMP '2013-06-04 11:09:50.12', '', 'CHEM105-RG-AO', '0f0710db-fa2d-4ba6-9b12-8ca6e9dea613', 'kuali.lui.lui.relation.state.active', 'kuali.lui.lui.relation.type.registeredforvia.rg2ao', 'rg-ao-relation', 'CHEM105-RG-AO', '036a740e-f4a6-4c63-8044-4b43495303df', '3ee60812-7403-4eef-847a-7f57b58d8fc2')
/
insert into KSEN_LUILUI_RELTN (OBJ_ID, VER_NBR, CREATEID, CREATETIME, UPDATEID, UPDATETIME, EFF_DT, EXPIR_DT, DESCR_FORMATTED, LUI_ID, LUILUI_RELTN_STATE, LUILUI_RELTN_TYPE, NAME, DESCR_PLAIN, RELATED_LUI_ID, ID) values ('7336d69a-4652-4a7f-ac2d-850c7fab1668', 0, 'admin', TIMESTAMP '2013-06-04 11:09:45.446', 'admin', TIMESTAMP '2013-06-04 11:09:45.446', TIMESTAMP '2013-06-04 11:09:50.121', '', 'CHEM105-RG-AO', '0f0710db-fa2d-4ba6-9b12-8ca6e9dea613', 'kuali.lui.lui.relation.state.active', 'kuali.lui.lui.relation.type.registeredforvia.rg2ao', 'rg-ao-relation', 'CHEM105-RG-AO', '9bc78b34-81d7-4869-9070-d90076845599', '7ca2477a-4824-4e98-8418-ce9b83c577f4')
/
insert into KSEN_LUI (OBJ_ID, VER_NBR, CREATEID, CREATETIME, UPDATEID, UPDATETIME, ATP_ID, CLU_ID, EFF_DT, EXPIR_DT, DESCR_FORMATTED, LUI_STATE, LUI_TYPE, MAX_SEATS, MIN_SEATS, NAME, DESCR_PLAIN, REF_URL, ID) values ('7ab68367-9925-4a20-bdd6-072dc74f4f91', 0, 'admin', TIMESTAMP '2013-06-04 11:10:03.139', 'admin', TIMESTAMP '2013-06-04 11:10:03.139', 'kuali.atp.2012CETerm1', 'CLUID-CHEM277-200608000000', TIMESTAMP '2011-08-26 20:00:00.0', '', 'Quantitative analysis, inorganic analytical chemistry, and an introduction to bio-analytical instrumentation and techniques.', 'kuali.lui.course.offering.state.draft', 'kuali.lui.type.course.offering', '', '', 'CHEM277 CO', 'Quantitative analysis, inorganic analytical chemistry, and an introduction to bio-analytical instrumentation and techniques.', 'null', 'ca0c00f4-ff28-4bce-8ba7-faad4692f320')
/
insert into KSEN_LUI_ATTR (OBJ_ID, ATTR_KEY, OWNER_ID, ATTR_VALUE, ID) values ('e4bc62fc-e4ec-4f40-96df-f1bd540d4993', 'kuali.attribute.final.exam.indicator', 'ca0c00f4-ff28-4bce-8ba7-faad4692f320', 'STANDARD', '32dae651-bac5-4737-87ae-8ce4246de614')
/
insert into KSEN_LUI_ATTR (OBJ_ID, ATTR_KEY, OWNER_ID, ATTR_VALUE, ID) values ('8a0ca108-b8ea-4947-ac40-7a1592be7c63', 'kuali.attribute.course.number.internal.suffix', 'ca0c00f4-ff28-4bce-8ba7-faad4692f320', 'A', 'c6f23feb-6c6b-4bad-8548-c1e342eadeb1')
/
insert into KSEN_LUI_ATTR (OBJ_ID, ATTR_KEY, OWNER_ID, ATTR_VALUE, ID) values ('4171913d-30af-4940-a8c0-aa84afc490cb', 'kuali.attribute.course.evaluation.indicator', 'ca0c00f4-ff28-4bce-8ba7-faad4692f320', '0', '44c8eadf-a35a-4f08-af42-ec27e33ee35f')
/
insert into KSEN_LUI_ATTR (OBJ_ID, ATTR_KEY, OWNER_ID, ATTR_VALUE, ID) values ('ec49df55-a58d-4c51-998d-7804b329bac2', 'kuali.attribute.funding.source', 'ca0c00f4-ff28-4bce-8ba7-faad4692f320', '', 'bdc5bd4d-cb84-4ccd-8374-bdbe1edd9a2f')
/
insert into KSEN_LUI_ATTR (OBJ_ID, ATTR_KEY, OWNER_ID, ATTR_VALUE, ID) values ('4714d31e-7f1d-4a77-bcc8-8c30a98f3266', 'kuali.attribute.where.fees.attached.flag', 'ca0c00f4-ff28-4bce-8ba7-faad4692f320', '0', 'b7af96aa-3f72-4877-8741-2105d4726b48')
/
insert into KSEN_LUI_ATTR (OBJ_ID, ATTR_KEY, OWNER_ID, ATTR_VALUE, ID) values ('70aa6ab6-a1bd-4f97-93c2-77a2754b841f', 'kuali.attribute.wait.list.type.key', 'ca0c00f4-ff28-4bce-8ba7-faad4692f320', 'kuali.waitlist.type.semiautomatic', '8934b449-1a9d-40da-ae0d-c49e29b794f0')
/
insert into KSEN_LUI_ATTR (OBJ_ID, ATTR_KEY, OWNER_ID, ATTR_VALUE, ID) values ('624629d1-b0a8-4188-8831-2ec17b42ba5c', 'kuali.attribute.wait.list.indicator', 'ca0c00f4-ff28-4bce-8ba7-faad4692f320', '1', '228da3ca-de02-46f7-bb65-a060339cb561')
/
insert into KSEN_LUI_ATTR (OBJ_ID, ATTR_KEY, OWNER_ID, ATTR_VALUE, ID) values ('917e4336-1018-4c84-bfb1-22c809ee0d2e', 'kuali.attribute.wait.list.level.type.key', 'ca0c00f4-ff28-4bce-8ba7-faad4692f320', 'AO', '8d12ae83-3fee-45e8-9247-e690c87ba7a0')
/
insert into KSEN_LUI_IDENT (OBJ_ID, VER_NBR, CREATEID, CREATETIME, UPDATEID, UPDATETIME, LUI_CD, DIVISION, IDENT_LEVEL, LNG_NAME, LUI_ID, ORGID, SHRT_NAME, LUI_ID_STATE, SUFX_CD, LUI_ID_TYPE, VARTN, ID) values ('c02cd516-64fe-450c-ab7d-5abfcccb5aa6', 0, 'admin', TIMESTAMP '2013-06-04 11:10:03.139', 'admin', TIMESTAMP '2013-06-04 11:10:03.139', 'CHEM277', 'CHEM', '', 'Fundamentals of Analytical and Bioanalytical Chemistry Laboratory', 'ca0c00f4-ff28-4bce-8ba7-faad4692f320', '', '', 'kuali.lui.identifier.state.active', '', 'kuali.lui.identifier.type.official', '', 'da57f2de-c49a-4b2f-a03c-d5b96455d1f6')
/
insert into KSEN_LUI_LU_CD (OBJ_ID, VER_NBR, CREATEID, CREATETIME, UPDATEID, UPDATETIME, DESCR_FORMATTED, LUI_ID, DESCR_PLAIN, LUI_LUCD_TYPE, VALUE, ID) values ('4fe60067-c0ec-4e31-8559-e1192cfea184', 0, 'admin', TIMESTAMP '2013-06-04 11:10:03.139', 'admin', TIMESTAMP '2013-06-04 11:10:03.139', '', 'ca0c00f4-ff28-4bce-8ba7-faad4692f320', '', 'kuali.lu.code.honorsOffering', '', '0c40bf5b-b799-4b66-9d86-17f272c04087')
/
insert into KSEN_LUI_UNITS_DEPLOYMENT (LUI_ID, ORG_ID, ID) values ('ca0c00f4-ff28-4bce-8ba7-faad4692f320', '4284516367', '1eb097c9-09c9-4f85-acbe-09014ca2705b')
/
insert into KSEN_LUI_UNITS_CONT_OWNER (LUI_ID, ORG_ID) values ('ca0c00f4-ff28-4bce-8ba7-faad4692f320', '4284516367')
/
insert into KSEN_LUI_RESULT_VAL_GRP (LUI_ID, RESULT_VAL_GRP_ID) values ('ca0c00f4-ff28-4bce-8ba7-faad4692f320', 'kuali.resultComponent.grade.letter')
/
insert into KSEN_LUI_RESULT_VAL_GRP (LUI_ID, RESULT_VAL_GRP_ID) values ('ca0c00f4-ff28-4bce-8ba7-faad4692f320', 'kuali.creditType.credit.degree.3.0')
/
insert into KSEN_LUI (OBJ_ID, VER_NBR, CREATEID, CREATETIME, UPDATEID, UPDATETIME, ATP_ID, CLU_ID, EFF_DT, EXPIR_DT, DESCR_FORMATTED, LUI_STATE, LUI_TYPE, MAX_SEATS, MIN_SEATS, NAME, DESCR_PLAIN, REF_URL, ID) values ('b3b7f446-3734-4e9c-9ac3-ec4d74ad3046', 0, 'admin', TIMESTAMP '2013-06-04 11:10:03.139', 'admin', TIMESTAMP '2013-06-04 11:10:03.139', 'kuali.atp.2012CETerm1', '25889d4f-0612-424c-87a5-e96f60f3e096', '', '', 'Courses with Lecture/Lab', 'kuali.lui.format.offering.state.draft', 'kuali.lui.type.course.format.offering', '', '', 'Lecture/Lab', 'Courses with Lecture/Lab', '', '075fbf70-3d90-4d8f-b81f-0c8c9cdb794e')
/
insert into KSEN_LUI_ATTR (OBJ_ID, ATTR_KEY, OWNER_ID, ATTR_VALUE, ID) values ('8e92f439-5ca3-43f5-8806-83aca11c94f9', 'kuali.attribute.final.exam.level.type', '075fbf70-3d90-4d8f-b81f-0c8c9cdb794e', 'kuali.lui.type.activity.offering.lab', '0a1f2419-5b93-4c81-a0b3-e450167c127a')
/
insert into KSEN_LUI_ATTR (OBJ_ID, ATTR_KEY, OWNER_ID, ATTR_VALUE, ID) values ('f2d16ce3-58fd-4285-a14f-ac8899c16c66', 'regCodePrefix', '075fbf70-3d90-4d8f-b81f-0c8c9cdb794e', '1', '82cebdc6-cd85-415b-bc62-8f6b3012ac07')
/
insert into KSEN_LUI_ATTR (OBJ_ID, ATTR_KEY, OWNER_ID, ATTR_VALUE, ID) values ('4ba2a200-a5e7-4221-aa39-03af756811be', 'kuali.attribute.grade.roster.level.type.key', '075fbf70-3d90-4d8f-b81f-0c8c9cdb794e', 'kuali.lui.type.activity.offering.lab', '481d864a-390e-4106-9e4f-6c299cbd5df3')
/
insert into KSEN_LUI_IDENT (OBJ_ID, VER_NBR, CREATEID, CREATETIME, UPDATEID, UPDATETIME, LUI_CD, DIVISION, IDENT_LEVEL, LNG_NAME, LUI_ID, ORGID, SHRT_NAME, LUI_ID_STATE, SUFX_CD, LUI_ID_TYPE, VARTN, ID) values ('0062fec3-426b-4e8e-a6e6-b247da9e69d9', 0, 'admin', TIMESTAMP '2013-06-04 11:10:03.139', 'admin', TIMESTAMP '2013-06-04 11:10:03.139', '', '', '', 'Lecture/Lab', '075fbf70-3d90-4d8f-b81f-0c8c9cdb794e', '', 'LEC/LAB', 'kuali.lui.identifier.state.active', '', 'kuali.lui.identifier.type.official', '', 'c34cc25c-109a-41b7-9c48-3fb68b11cb3f')
/
insert into KSEN_LUILUI_RELTN (OBJ_ID, VER_NBR, CREATEID, CREATETIME, UPDATEID, UPDATETIME, EFF_DT, EXPIR_DT, DESCR_FORMATTED, LUI_ID, LUILUI_RELTN_STATE, LUILUI_RELTN_TYPE, NAME, DESCR_PLAIN, RELATED_LUI_ID, ID) values ('2aab38a1-7e3c-484b-8271-25112ba67b62', 0, 'admin', TIMESTAMP '2013-06-04 11:10:03.139', 'admin', TIMESTAMP '2013-06-04 11:10:03.139', TIMESTAMP '2013-06-04 11:10:03.825', '', 'CHEM277-CO-FO', 'ca0c00f4-ff28-4bce-8ba7-faad4692f320', 'kuali.lui.lui.relation.state.active', 'kuali.lui.lui.relation.type.deliveredvia.co2fo', 'co-fo-relation', 'CHEM277-CO-FO', '075fbf70-3d90-4d8f-b81f-0c8c9cdb794e', '8a53fa9c-70f5-47d6-b29e-864fdf4ec292')
/
insert into KSEN_LUI_RELATED_LUI_TYPES (LUI_ID, RELATED_LUI_TYPE) values ('075fbf70-3d90-4d8f-b81f-0c8c9cdb794e', 'kuali.lui.type.activity.offering.lab')
/
insert into KSEN_LUI_RELATED_LUI_TYPES (LUI_ID, RELATED_LUI_TYPE) values ('075fbf70-3d90-4d8f-b81f-0c8c9cdb794e', 'kuali.lui.type.activity.offering.lecture')
/
insert into KSEN_LUI (OBJ_ID, VER_NBR, CREATEID, CREATETIME, UPDATEID, UPDATETIME, ATP_ID, CLU_ID, EFF_DT, EXPIR_DT, DESCR_FORMATTED, LUI_STATE, LUI_TYPE, MAX_SEATS, MIN_SEATS, NAME, DESCR_PLAIN, REF_URL, ID) values ('4385fbd0-ef56-4967-8d3e-0d9090016e19', 0, 'admin', TIMESTAMP '2013-06-04 11:10:03.139', 'admin', TIMESTAMP '2013-06-04 11:10:03.139', 'kuali.atp.2012CETerm1', '29737d5a-57a4-49c5-a8fb-2dd1eb0ea581', '', '', 'Courses with lecture', 'kuali.lui.activity.offering.state.draft', 'kuali.lui.type.activity.offering.lecture', 48, 48, 'Lecture', 'Courses with lecture', 'null', 'f9ecdacf-a144-4319-9a3e-35b0ed00982b')
/
insert into KSEN_LUI_ATTR (OBJ_ID, ATTR_KEY, OWNER_ID, ATTR_VALUE, ID) values ('8fc4f964-8fc0-4e77-a4b9-acd848282b2a', 'kuali.attribute.max.enrollment.is.estimate', 'f9ecdacf-a144-4319-9a3e-35b0ed00982b', '0', '216f5af9-044e-445b-95e5-0b266a1ba375')
/
insert into KSEN_LUI_ATTR (OBJ_ID, ATTR_KEY, OWNER_ID, ATTR_VALUE, ID) values ('44bc7815-6791-4fff-a938-fdac430a416d', 'kuali.attribute.course.evaluation.indicator', 'f9ecdacf-a144-4319-9a3e-35b0ed00982b', '0', 'a2ac000d-d671-4fe5-bf90-e648c5460658')
/
insert into KSEN_LUI_ATTR (OBJ_ID, ATTR_KEY, OWNER_ID, ATTR_VALUE, ID) values ('96bf2230-922c-4e52-8d9c-41f4a78fdd09', 'isWaitlistCheckinRequired', 'f9ecdacf-a144-4319-9a3e-35b0ed00982b', '0', 'a9361229-3e9f-4858-ba0c-a0b15ee4e6ce')
/
insert into KSEN_LUI_IDENT (OBJ_ID, VER_NBR, CREATEID, CREATETIME, UPDATEID, UPDATETIME, LUI_CD, DIVISION, IDENT_LEVEL, LNG_NAME, LUI_ID, ORGID, SHRT_NAME, LUI_ID_STATE, SUFX_CD, LUI_ID_TYPE, VARTN, ID) values ('7a6726f5-155d-4637-bb6a-b5b5ff3109e7', 0, 'admin', TIMESTAMP '2013-06-04 11:10:03.139', 'admin', TIMESTAMP '2013-06-04 11:10:03.139', 'A', '', '', '', 'f9ecdacf-a144-4319-9a3e-35b0ed00982b', '', '', 'kuali.lui.identifier.state.active', '', 'kuali.lui.identifier.type.official', '', 'b8c7ade6-d54b-4482-821f-909b3d4f7e31')
/
insert into KSEN_LUI_LU_CD (OBJ_ID, VER_NBR, CREATEID, CREATETIME, UPDATEID, UPDATETIME, DESCR_FORMATTED, LUI_ID, DESCR_PLAIN, LUI_LUCD_TYPE, VALUE, ID) values ('1e42e9e9-d017-493b-88a3-af58870a624b', 0, 'admin', TIMESTAMP '2013-06-04 11:10:03.139', 'admin', TIMESTAMP '2013-06-04 11:10:03.139', '', 'f9ecdacf-a144-4319-9a3e-35b0ed00982b', '', 'kuali.lu.code.honorsOffering', '0', 'aa76ecbd-61fc-42a9-8822-1503973ac19a')
/
insert into KSEN_LPR (OBJ_ID, VER_NBR, CREATEID, CREATETIME, UPDATEID, UPDATETIME, COMMIT_PERCT, EFF_DT, EXPIR_DT, LUI_ID, PERS_ID, LPR_STATE, LPR_TYPE, ID) values ('91bab2a2-2e0a-4afb-a289-3c1d81772c89', 0, 'admin', TIMESTAMP '2013-06-04 11:10:03.139', 'admin', TIMESTAMP '2013-06-04 11:10:03.139', '100.0', TIMESTAMP '2013-06-04 11:10:05.566', '', 'f9ecdacf-a144-4319-9a3e-35b0ed00982b', 'D.YADAC', 'kuali.lpr.state.active', 'kuali.lpr.type.instructor.main', 'df04f9d9-1f89-4174-b108-b962c9065b29')
/
insert into KSEN_LUILUI_RELTN (OBJ_ID, VER_NBR, CREATEID, CREATETIME, UPDATEID, UPDATETIME, EFF_DT, EXPIR_DT, DESCR_FORMATTED, LUI_ID, LUILUI_RELTN_STATE, LUILUI_RELTN_TYPE, NAME, DESCR_PLAIN, RELATED_LUI_ID, ID) values ('f3089bea-35d2-4fd0-ad1d-28ef5f1fd91f', 0, 'admin', TIMESTAMP '2013-06-04 11:10:03.139', 'admin', TIMESTAMP '2013-06-04 11:10:03.139', TIMESTAMP '2013-06-04 11:10:05.566', '', 'CHEM277-FO-AO', '075fbf70-3d90-4d8f-b81f-0c8c9cdb794e', 'kuali.lui.lui.relation.state.active', 'kuali.lui.lui.relation.type.deliveredvia.fo2ao', 'fo-ao-relation', 'CHEM277-FO-AO', 'f9ecdacf-a144-4319-9a3e-35b0ed00982b', 'ef707fc6-e0b6-4e4d-b28f-0d447a92b484')
/
insert into KSEN_SCHED_RQST_SET (OBJ_ID, VER_NBR, CREATEID, CREATETIME, UPDATEID, UPDATETIME, DESCR_FORMATTED, MAX_ENRL_SHARED_IND, MAX_ENRL, NAME, DESCR_PLAIN, REF_OBJECT_TYPE, SCHED_RQST_SET_STATE, SCHED_RQST_SET_TYPE, ID) values ('5110ff24-9159-4478-87fe-3082c3b15f7a', 0, 'admin', TIMESTAMP '2013-06-04 11:10:03.139', 'admin', TIMESTAMP '2013-06-04 11:10:03.139', '', '', '', '', '', 'http://student.kuali.org/wsdl/courseOffering/ActivityOfferingInfo', 'kuali.scheduling.schedule.request.state.created', 'kuali.scheduling.schedule.request.set.type.schedule.request.set', 'f98739a6-f8f0-4ba3-93d8-d9ecddd71816')
/
insert into KSEN_SCHED_RQST (OBJ_ID, VER_NBR, CREATEID, CREATETIME, UPDATEID, UPDATETIME, DESCR_FORMATTED, NAME, DESCR_PLAIN, SCHED_RQST_STATE, SCHED_RQST_TYPE, SCHED_ID, SCHED_RQST_SET_ID, ID) values ('c29a0f01-9673-41ca-af61-d0c13b8491ae', 0, 'admin', TIMESTAMP '2013-06-04 11:10:03.139', 'admin', TIMESTAMP '2013-06-04 11:10:03.139', '', 'Schedule request for CHEM277 - A', '', 'kuali.scheduling.schedule.request.state.created', 'kuali.scheduling.schedule.request.type.schedule.request', '', 'f98739a6-f8f0-4ba3-93d8-d9ecddd71816', '180671b7-4ebe-4b9e-a29d-ef0075817fd9')
/
insert into KSEN_SCHED_RQST_CMP (OBJ_ID, TBA_IND, SCHED_RQST_ID, ID) values ('8ce8e8b9-45ae-4a52-837d-ce9873061893', '0', '180671b7-4ebe-4b9e-a29d-ef0075817fd9', '63d0b344-96bf-468f-ac47-86761702f364')
/
insert into KSEN_LUI (OBJ_ID, VER_NBR, CREATEID, CREATETIME, UPDATEID, UPDATETIME, ATP_ID, CLU_ID, EFF_DT, EXPIR_DT, DESCR_FORMATTED, LUI_STATE, LUI_TYPE, MAX_SEATS, MIN_SEATS, NAME, DESCR_PLAIN, REF_URL, ID) values ('fbf374ae-f7c0-40fa-814b-5be9fd9004c4', 0, 'admin', TIMESTAMP '2013-06-04 11:10:03.139', 'admin', TIMESTAMP '2013-06-04 11:10:03.139', 'kuali.atp.2012CETerm1', 'a29cf7a2-e3f1-4074-af10-5efd16838937', '', '', 'Courses with lab', 'kuali.lui.activity.offering.state.draft', 'kuali.lui.type.activity.offering.lab', 24, 24, 'Lab', 'Courses with lab', 'null', 'a57312f3-d0ba-4e47-bf6a-59892353b332')
/
insert into KSEN_LUI_ATTR (OBJ_ID, ATTR_KEY, OWNER_ID, ATTR_VALUE, ID) values ('5166f051-062a-412e-8c96-a02a3575ce8a', 'kuali.attribute.max.enrollment.is.estimate', 'a57312f3-d0ba-4e47-bf6a-59892353b332', '0', '6702b1a2-eac7-44e8-8f01-3020cac1aec4')
/
insert into KSEN_LUI_ATTR (OBJ_ID, ATTR_KEY, OWNER_ID, ATTR_VALUE, ID) values ('a6fad35a-3164-4a60-b4f9-db4b0b2ceb50', 'isWaitlistCheckinRequired', 'a57312f3-d0ba-4e47-bf6a-59892353b332', '0', '85c7c931-c5e8-40dc-9d47-fcaca9998b5e')
/
insert into KSEN_LUI_ATTR (OBJ_ID, ATTR_KEY, OWNER_ID, ATTR_VALUE, ID) values ('d3535356-32e3-4eff-bf83-473604af7192', 'kuali.attribute.course.evaluation.indicator', 'a57312f3-d0ba-4e47-bf6a-59892353b332', '0', '1fdafb94-d302-45e7-ba57-97b3f42efb60')
/
insert into KSEN_LUI_IDENT (OBJ_ID, VER_NBR, CREATEID, CREATETIME, UPDATEID, UPDATETIME, LUI_CD, DIVISION, IDENT_LEVEL, LNG_NAME, LUI_ID, ORGID, SHRT_NAME, LUI_ID_STATE, SUFX_CD, LUI_ID_TYPE, VARTN, ID) values ('711bec62-07f6-4d47-9f04-7e1161c86c9c', 0, 'admin', TIMESTAMP '2013-06-04 11:10:03.139', 'admin', TIMESTAMP '2013-06-04 11:10:03.139', 'B', '', '', '', 'a57312f3-d0ba-4e47-bf6a-59892353b332', '', '', 'kuali.lui.identifier.state.active', '', 'kuali.lui.identifier.type.official', '', '30a87c0e-f571-4c00-b0d2-d4bfe2e88f76')
/
insert into KSEN_LUI_LU_CD (OBJ_ID, VER_NBR, CREATEID, CREATETIME, UPDATEID, UPDATETIME, DESCR_FORMATTED, LUI_ID, DESCR_PLAIN, LUI_LUCD_TYPE, VALUE, ID) values ('32ee5e3e-582e-4666-9727-4086fa8d6354', 0, 'admin', TIMESTAMP '2013-06-04 11:10:03.139', 'admin', TIMESTAMP '2013-06-04 11:10:03.139', '', 'a57312f3-d0ba-4e47-bf6a-59892353b332', '', 'kuali.lu.code.honorsOffering', '0', 'b5977d0c-6767-447c-9b05-e277cc8f6af4')
/
insert into KSEN_LPR (OBJ_ID, VER_NBR, CREATEID, CREATETIME, UPDATEID, UPDATETIME, COMMIT_PERCT, EFF_DT, EXPIR_DT, LUI_ID, PERS_ID, LPR_STATE, LPR_TYPE, ID) values ('57e3a643-8c2a-4c7b-a1ea-96c9d67e069a', 0, 'admin', TIMESTAMP '2013-06-04 11:10:03.139', 'admin', TIMESTAMP '2013-06-04 11:10:03.139', '100.0', TIMESTAMP '2013-06-04 11:10:05.901', '', 'a57312f3-d0ba-4e47-bf6a-59892353b332', 'V.CATHERINEP', 'kuali.lpr.state.active', 'kuali.lpr.type.instructor.main', 'b2ce8499-3da3-4065-a0f6-3758da87e62b')
/
insert into KSEN_LUILUI_RELTN (OBJ_ID, VER_NBR, CREATEID, CREATETIME, UPDATEID, UPDATETIME, EFF_DT, EXPIR_DT, DESCR_FORMATTED, LUI_ID, LUILUI_RELTN_STATE, LUILUI_RELTN_TYPE, NAME, DESCR_PLAIN, RELATED_LUI_ID, ID) values ('328c9f95-4f27-4ceb-a69b-587456852d2d', 0, 'admin', TIMESTAMP '2013-06-04 11:10:03.139', 'admin', TIMESTAMP '2013-06-04 11:10:03.139', TIMESTAMP '2013-06-04 11:10:05.901', '', 'CHEM277-FO-AO', '075fbf70-3d90-4d8f-b81f-0c8c9cdb794e', 'kuali.lui.lui.relation.state.active', 'kuali.lui.lui.relation.type.deliveredvia.fo2ao', 'fo-ao-relation', 'CHEM277-FO-AO', 'a57312f3-d0ba-4e47-bf6a-59892353b332', '571a187b-6b2f-4114-a93b-41b7627590a3')
/
insert into KSEN_SCHED_REF_OBJECT (SCHED_RQST_SET_ID, REF_OBJECT_ID) values ('f98739a6-f8f0-4ba3-93d8-d9ecddd71816', 'f9ecdacf-a144-4319-9a3e-35b0ed00982b')
/
insert into KSEN_SCHED_RQST_CMP_BLDG (CMP_ID, BUILDING_ID) values ('63d0b344-96bf-468f-ac47-86761702f364', '6f2e8f26-95bc-4bb1-a3d0-3206324cad4a')
/
insert into KSEN_SCHED_RQST_CMP_CAMPUS (CMP_ID, CAMPUS_ID) values ('63d0b344-96bf-468f-ac47-86761702f364', 'UMCP')
/
insert into KSEN_SCHED_RQST_CMP_ROOM (CMP_ID, ROOM_ID) values ('63d0b344-96bf-468f-ac47-86761702f364', 'a8ce091f-4b9d-4f52-ae15-d2eaf275d76a')
/
insert into KSEN_SCHED_RQST_CMP_TMSLOT (CMP_ID, TM_SLOT_ID) values ('63d0b344-96bf-468f-ac47-86761702f364', 'afd9e9ab-58fe-44a3-a628-378ae8dc21b0')
/
insert into KSEN_SCHED_RQST_SET (OBJ_ID, VER_NBR, CREATEID, CREATETIME, UPDATEID, UPDATETIME, DESCR_FORMATTED, MAX_ENRL_SHARED_IND, MAX_ENRL, NAME, DESCR_PLAIN, REF_OBJECT_TYPE, SCHED_RQST_SET_STATE, SCHED_RQST_SET_TYPE, ID) values ('78128040-6f01-4622-92fd-1d474a00bb51', 0, 'admin', TIMESTAMP '2013-06-04 11:10:03.139', 'admin', TIMESTAMP '2013-06-04 11:10:03.139', '', '', '', '', '', 'http://student.kuali.org/wsdl/courseOffering/ActivityOfferingInfo', 'kuali.scheduling.schedule.request.state.created', 'kuali.scheduling.schedule.request.set.type.schedule.request.set', '25c24cb6-9775-4f7e-b2ed-f653b12a58b9')
/
insert into KSEN_SCHED_RQST (OBJ_ID, VER_NBR, CREATEID, CREATETIME, UPDATEID, UPDATETIME, DESCR_FORMATTED, NAME, DESCR_PLAIN, SCHED_RQST_STATE, SCHED_RQST_TYPE, SCHED_ID, SCHED_RQST_SET_ID, ID) values ('bc6deb96-459b-427b-8c24-8376c055f69b', 0, 'admin', TIMESTAMP '2013-06-04 11:10:03.139', 'admin', TIMESTAMP '2013-06-04 11:10:03.139', '', 'Schedule request for CHEM277 - B', '', 'kuali.scheduling.schedule.request.state.created', 'kuali.scheduling.schedule.request.type.schedule.request', '', '25c24cb6-9775-4f7e-b2ed-f653b12a58b9', '7d03b8e0-5b68-4cb7-8c63-fb3700801413')
/
insert into KSEN_SCHED_RQST_CMP (OBJ_ID, TBA_IND, SCHED_RQST_ID, ID) values ('9d86189d-e27e-4df8-9778-b1d1a54f6e08', '0', '7d03b8e0-5b68-4cb7-8c63-fb3700801413', 'ddec6540-8878-48df-84b4-95cfc64e38cb')
/
insert into KSEN_LUI (OBJ_ID, VER_NBR, CREATEID, CREATETIME, UPDATEID, UPDATETIME, ATP_ID, CLU_ID, EFF_DT, EXPIR_DT, DESCR_FORMATTED, LUI_STATE, LUI_TYPE, MAX_SEATS, MIN_SEATS, NAME, DESCR_PLAIN, REF_URL, ID) values ('1d6da209-8c06-46a0-8414-3cdab004c353', 0, 'admin', TIMESTAMP '2013-06-04 11:10:03.139', 'admin', TIMESTAMP '2013-06-04 11:10:03.139', 'kuali.atp.2012CETerm1', '172819c3-11a4-4baf-81c5-63a08bbfb3ed', '', '', 'Courses with lab', 'kuali.lui.activity.offering.state.draft', 'kuali.lui.type.activity.offering.lab', 24, 24, 'Lab', 'Courses with lab', 'null', '1240da0c-7e1d-4538-9384-9039d41c0d80')
/
insert into KSEN_LUI_ATTR (OBJ_ID, ATTR_KEY, OWNER_ID, ATTR_VALUE, ID) values ('8e088560-609e-42f4-9189-e6d8ffa12b7f', 'kuali.attribute.max.enrollment.is.estimate', '1240da0c-7e1d-4538-9384-9039d41c0d80', '0', '4c0bdb9e-54dd-4bf0-b46e-fb9ce999e4b4')
/
insert into KSEN_LUI_ATTR (OBJ_ID, ATTR_KEY, OWNER_ID, ATTR_VALUE, ID) values ('143dbee2-30e6-4849-baf9-dbae5a32b447', 'isWaitlistCheckinRequired', '1240da0c-7e1d-4538-9384-9039d41c0d80', '0', '4314a6bc-0d7e-4653-a5f6-2572ac525651')
/
insert into KSEN_LUI_ATTR (OBJ_ID, ATTR_KEY, OWNER_ID, ATTR_VALUE, ID) values ('2d120721-421d-4d1a-9225-45a9b3128899', 'kuali.attribute.course.evaluation.indicator', '1240da0c-7e1d-4538-9384-9039d41c0d80', '0', 'a0707a93-9b68-412d-a16b-de25106c4ce8')
/
insert into KSEN_LUI_IDENT (OBJ_ID, VER_NBR, CREATEID, CREATETIME, UPDATEID, UPDATETIME, LUI_CD, DIVISION, IDENT_LEVEL, LNG_NAME, LUI_ID, ORGID, SHRT_NAME, LUI_ID_STATE, SUFX_CD, LUI_ID_TYPE, VARTN, ID) values ('bbbf9fa2-cc3b-4c4f-b87a-5d9efba30f44', 0, 'admin', TIMESTAMP '2013-06-04 11:10:03.139', 'admin', TIMESTAMP '2013-06-04 11:10:03.139', 'C', '', '', '', '1240da0c-7e1d-4538-9384-9039d41c0d80', '', '', 'kuali.lui.identifier.state.active', '', 'kuali.lui.identifier.type.official', '', '651626f0-5fc5-4d5e-9228-70fde0fc6ce5')
/
insert into KSEN_LUI_LU_CD (OBJ_ID, VER_NBR, CREATEID, CREATETIME, UPDATEID, UPDATETIME, DESCR_FORMATTED, LUI_ID, DESCR_PLAIN, LUI_LUCD_TYPE, VALUE, ID) values ('d5037bfc-390f-49e0-9167-1574294037cc', 0, 'admin', TIMESTAMP '2013-06-04 11:10:03.139', 'admin', TIMESTAMP '2013-06-04 11:10:03.139', '', '1240da0c-7e1d-4538-9384-9039d41c0d80', '', 'kuali.lu.code.honorsOffering', '0', 'b910cf92-c5e3-406f-8fc7-740a73ce369a')
/
insert into KSEN_LPR (OBJ_ID, VER_NBR, CREATEID, CREATETIME, UPDATEID, UPDATETIME, COMMIT_PERCT, EFF_DT, EXPIR_DT, LUI_ID, PERS_ID, LPR_STATE, LPR_TYPE, ID) values ('70b4a8b9-5ce9-4e6b-8645-d4dbadeeab96', 0, 'admin', TIMESTAMP '2013-06-04 11:10:03.139', 'admin', TIMESTAMP '2013-06-04 11:10:03.139', '100.0', TIMESTAMP '2013-06-04 11:10:06.139', '', '1240da0c-7e1d-4538-9384-9039d41c0d80', 'G.SONALK', 'kuali.lpr.state.active', 'kuali.lpr.type.instructor.main', '3c19012b-be11-4a97-b3f2-b7c5e19f3f67')
/
insert into KSEN_LUILUI_RELTN (OBJ_ID, VER_NBR, CREATEID, CREATETIME, UPDATEID, UPDATETIME, EFF_DT, EXPIR_DT, DESCR_FORMATTED, LUI_ID, LUILUI_RELTN_STATE, LUILUI_RELTN_TYPE, NAME, DESCR_PLAIN, RELATED_LUI_ID, ID) values ('35d91216-8ca0-4343-ae2a-2ee93da367ff', 0, 'admin', TIMESTAMP '2013-06-04 11:10:03.139', 'admin', TIMESTAMP '2013-06-04 11:10:03.139', TIMESTAMP '2013-06-04 11:10:06.139', '', 'CHEM277-FO-AO', '075fbf70-3d90-4d8f-b81f-0c8c9cdb794e', 'kuali.lui.lui.relation.state.active', 'kuali.lui.lui.relation.type.deliveredvia.fo2ao', 'fo-ao-relation', 'CHEM277-FO-AO', '1240da0c-7e1d-4538-9384-9039d41c0d80', '0989ae97-633a-4954-b84c-17ef07e6b630')
/
insert into KSEN_SCHED_REF_OBJECT (SCHED_RQST_SET_ID, REF_OBJECT_ID) values ('25c24cb6-9775-4f7e-b2ed-f653b12a58b9', 'a57312f3-d0ba-4e47-bf6a-59892353b332')
/
insert into KSEN_SCHED_RQST_CMP_BLDG (CMP_ID, BUILDING_ID) values ('ddec6540-8878-48df-84b4-95cfc64e38cb', '6f2e8f26-95bc-4bb1-a3d0-3206324cad4a')
/
insert into KSEN_SCHED_RQST_CMP_CAMPUS (CMP_ID, CAMPUS_ID) values ('ddec6540-8878-48df-84b4-95cfc64e38cb', 'UMCP')
/
insert into KSEN_SCHED_RQST_CMP_ROOM (CMP_ID, ROOM_ID) values ('ddec6540-8878-48df-84b4-95cfc64e38cb', '5fcaeba7-a010-40dc-a069-568c197f0809')
/
insert into KSEN_SCHED_RQST_CMP_TMSLOT (CMP_ID, TM_SLOT_ID) values ('ddec6540-8878-48df-84b4-95cfc64e38cb', '8540bc88-c449-45bd-a9c3-8cf346a1a898')
/
insert into KSEN_SCHED_RQST_SET (OBJ_ID, VER_NBR, CREATEID, CREATETIME, UPDATEID, UPDATETIME, DESCR_FORMATTED, MAX_ENRL_SHARED_IND, MAX_ENRL, NAME, DESCR_PLAIN, REF_OBJECT_TYPE, SCHED_RQST_SET_STATE, SCHED_RQST_SET_TYPE, ID) values ('93927330-1871-4138-81cf-8951b40ac0ff', 0, 'admin', TIMESTAMP '2013-06-04 11:10:03.139', 'admin', TIMESTAMP '2013-06-04 11:10:03.139', '', '', '', '', '', 'http://student.kuali.org/wsdl/courseOffering/ActivityOfferingInfo', 'kuali.scheduling.schedule.request.state.created', 'kuali.scheduling.schedule.request.set.type.schedule.request.set', '4a04d9c3-138c-459f-a78b-1fb28fba14b7')
/
insert into KSEN_SCHED_RQST (OBJ_ID, VER_NBR, CREATEID, CREATETIME, UPDATEID, UPDATETIME, DESCR_FORMATTED, NAME, DESCR_PLAIN, SCHED_RQST_STATE, SCHED_RQST_TYPE, SCHED_ID, SCHED_RQST_SET_ID, ID) values ('bd7774e8-b9fa-4be2-a793-00e62b5e5185', 0, 'admin', TIMESTAMP '2013-06-04 11:10:03.139', 'admin', TIMESTAMP '2013-06-04 11:10:03.139', '', 'Schedule request for CHEM277 - C', '', 'kuali.scheduling.schedule.request.state.created', 'kuali.scheduling.schedule.request.type.schedule.request', '', '4a04d9c3-138c-459f-a78b-1fb28fba14b7', '25151f71-13f1-4fbf-8c13-d85c3941beb6')
/
insert into KSEN_SCHED_RQST_CMP (OBJ_ID, TBA_IND, SCHED_RQST_ID, ID) values ('1d8f7f8b-8b4b-4df4-8e11-c5ae6b49b607', '0', '25151f71-13f1-4fbf-8c13-d85c3941beb6', '90013d96-3e24-48a4-b5e0-b7f28d6f15cc')
/
insert into KSEN_SCHED_REF_OBJECT (SCHED_RQST_SET_ID, REF_OBJECT_ID) values ('4a04d9c3-138c-459f-a78b-1fb28fba14b7', '1240da0c-7e1d-4538-9384-9039d41c0d80')
/
insert into KSEN_SCHED_RQST_CMP_BLDG (CMP_ID, BUILDING_ID) values ('90013d96-3e24-48a4-b5e0-b7f28d6f15cc', '6f2e8f26-95bc-4bb1-a3d0-3206324cad4a')
/
insert into KSEN_SCHED_RQST_CMP_CAMPUS (CMP_ID, CAMPUS_ID) values ('90013d96-3e24-48a4-b5e0-b7f28d6f15cc', 'UMCP')
/
insert into KSEN_SCHED_RQST_CMP_ROOM (CMP_ID, ROOM_ID) values ('90013d96-3e24-48a4-b5e0-b7f28d6f15cc', '5fcaeba7-a010-40dc-a069-568c197f0809')
/
insert into KSEN_SCHED_RQST_CMP_TMSLOT (CMP_ID, TM_SLOT_ID) values ('90013d96-3e24-48a4-b5e0-b7f28d6f15cc', 'f7086834-699e-4db3-88a3-0686a83a6fa7')
/
insert into KSEN_CO_AO_CLUSTER (OBJ_ID, VER_NBR, CREATEID, CREATETIME, UPDATEID, UPDATETIME, AO_CLUSTER_STATE, AO_CLUSTER_TYPE, DESCR_FORMATTED, DESCR_PLAIN, FORMAT_OFFERING_ID, NAME, PRIVATE_NAME, ID) values ('1d0c9c98-dc4a-4a88-9b0c-8fa8105e15b8', 0, 'admin', TIMESTAMP '2013-06-04 11:10:03.139', 'admin', TIMESTAMP '2013-06-04 11:10:03.139', 'kuali.activity.offering.cluster.state.active', 'kuali.activity.offering.cluster.type.activity.offering.cluster', '', '', '075fbf70-3d90-4d8f-b81f-0c8c9cdb794e', 'CL 223', 'CL 223', '86ced120-f350-444d-bd97-5b2108c7bd87')
/
insert into KSEN_CO_AO_CLUSTER_SET (OBJ_ID, ACTIVITY_OFFERING_TYPE, AO_CLUSTER_ID, ID) values ('14b517b2-4c62-4188-a8e9-03486718b567', 'kuali.lui.type.activity.offering.lecture', '86ced120-f350-444d-bd97-5b2108c7bd87', 'f7975aa9-c2bc-4561-bd11-9e465c34b93b')
/
insert into KSEN_CO_AO_CLUSTER_SET (OBJ_ID, ACTIVITY_OFFERING_TYPE, AO_CLUSTER_ID, ID) values ('cea5b0a4-2d8b-4b7a-9c9e-a3b97d41b717', 'kuali.lui.type.activity.offering.lab', '86ced120-f350-444d-bd97-5b2108c7bd87', '75ad193f-5c49-476c-ad77-32151a231e96')
/
insert into KSEN_CO_AO_CLUSTER_SET_AO (AOC_SET_ID, ACTIVITY_OFFERING_ID) values ('f7975aa9-c2bc-4561-bd11-9e465c34b93b', 'f9ecdacf-a144-4319-9a3e-35b0ed00982b')
/
insert into KSEN_CO_AO_CLUSTER_SET_AO (AOC_SET_ID, ACTIVITY_OFFERING_ID) values ('75ad193f-5c49-476c-ad77-32151a231e96', '1240da0c-7e1d-4538-9384-9039d41c0d80')
/
insert into KSEN_CO_AO_CLUSTER_SET_AO (AOC_SET_ID, ACTIVITY_OFFERING_ID) values ('75ad193f-5c49-476c-ad77-32151a231e96', 'a57312f3-d0ba-4e47-bf6a-59892353b332')
/
update KSEN_CO_AO_CLUSTER_SET set AO_CLUSTER_ID='86ced120-f350-444d-bd97-5b2108c7bd87' where ID='f7975aa9-c2bc-4561-bd11-9e465c34b93b'
/
update KSEN_CO_AO_CLUSTER_SET set AO_CLUSTER_ID='86ced120-f350-444d-bd97-5b2108c7bd87' where ID='75ad193f-5c49-476c-ad77-32151a231e96'
/
insert into KSEN_LUI (OBJ_ID, VER_NBR, CREATEID, CREATETIME, UPDATEID, UPDATETIME, ATP_ID, CLU_ID, EFF_DT, EXPIR_DT, DESCR_FORMATTED, LUI_STATE, LUI_TYPE, MAX_SEATS, MIN_SEATS, NAME, DESCR_PLAIN, REF_URL, ID) values ('3218e7b5-1546-4750-a273-bfca11657f49', 0, 'admin', TIMESTAMP '2013-06-04 11:10:03.139', 'admin', TIMESTAMP '2013-06-04 11:10:03.139', 'kuali.atp.2012CETerm1', '25889d4f-0612-424c-87a5-e96f60f3e096', '', '', '1001', 'kuali.lui.registration.group.state.pending', 'kuali.lui.type.registration.group', '', '', '1001', '1001', '', '3b32816e-8111-4610-8eef-9a6ae603aa89')
/
insert into KSEN_LUI_ATTR (OBJ_ID, ATTR_KEY, OWNER_ID, ATTR_VALUE, ID) values ('80fe9c94-5c39-42c6-a32e-cd99a24cc804', 'kuali.attribute.registration.group.is.generated', '3b32816e-8111-4610-8eef-9a6ae603aa89', '1', 'e51a9b22-3964-4a76-a57d-ee2d85f77ee1')
/
insert into KSEN_LUI_ATTR (OBJ_ID, ATTR_KEY, OWNER_ID, ATTR_VALUE, ID) values ('2e9cfc42-17c9-4900-b581-ef5dbd76222f', 'kuali.attribute.registration.group.aocluster.id', '3b32816e-8111-4610-8eef-9a6ae603aa89', '86ced120-f350-444d-bd97-5b2108c7bd87', '4d4cf275-cccd-40d0-a6d5-0b5e4fe11856')
/
insert into KSEN_LUI_IDENT (OBJ_ID, VER_NBR, CREATEID, CREATETIME, UPDATEID, UPDATETIME, LUI_CD, DIVISION, IDENT_LEVEL, LNG_NAME, LUI_ID, ORGID, SHRT_NAME, LUI_ID_STATE, SUFX_CD, LUI_ID_TYPE, VARTN, ID) values ('9efa851e-007e-4ab6-86b6-571100497f8a', 0, 'admin', TIMESTAMP '2013-06-04 11:10:03.139', 'admin', TIMESTAMP '2013-06-04 11:10:03.139', '', '', '', '', '3b32816e-8111-4610-8eef-9a6ae603aa89', '', '', 'kuali.lui.identifier.state.active', '', 'kuali.lui.identifier.type.official', '', '1bba5835-1e3d-4fda-a4e2-3750145b2ce6')
/
insert into KSEN_LUILUI_RELTN (OBJ_ID, VER_NBR, CREATEID, CREATETIME, UPDATEID, UPDATETIME, EFF_DT, EXPIR_DT, DESCR_FORMATTED, LUI_ID, LUILUI_RELTN_STATE, LUILUI_RELTN_TYPE, NAME, DESCR_PLAIN, RELATED_LUI_ID, ID) values ('39757ba8-386b-4c38-a4c0-3fef5a8f374d', 0, 'admin', TIMESTAMP '2013-06-04 11:10:03.139', 'admin', TIMESTAMP '2013-06-04 11:10:03.139', TIMESTAMP '2013-06-04 11:10:07.473', '', 'CHEM277-FO-RG', '075fbf70-3d90-4d8f-b81f-0c8c9cdb794e', 'kuali.lui.lui.relation.state.active', 'kuali.lui.lui.relation.type.deliveredvia.fo2rg', 'fo-rg-relation', 'CHEM277-FO-RG', '3b32816e-8111-4610-8eef-9a6ae603aa89', '06ec1903-92a1-41f8-a567-e136f4060cbd')
/
insert into KSEN_LUILUI_RELTN (OBJ_ID, VER_NBR, CREATEID, CREATETIME, UPDATEID, UPDATETIME, EFF_DT, EXPIR_DT, DESCR_FORMATTED, LUI_ID, LUILUI_RELTN_STATE, LUILUI_RELTN_TYPE, NAME, DESCR_PLAIN, RELATED_LUI_ID, ID) values ('070d95ae-becc-4bfe-8ddc-8a0f7a1d6ca0', 0, 'admin', TIMESTAMP '2013-06-04 11:10:03.139', 'admin', TIMESTAMP '2013-06-04 11:10:03.139', TIMESTAMP '2013-06-04 11:10:07.474', '', 'CHEM277-RG-AO', '3b32816e-8111-4610-8eef-9a6ae603aa89', 'kuali.lui.lui.relation.state.active', 'kuali.lui.lui.relation.type.registeredforvia.rg2ao', 'rg-ao-relation', 'CHEM277-RG-AO', 'f9ecdacf-a144-4319-9a3e-35b0ed00982b', '364dbd93-c177-4462-b933-aa1cdecd9f7e')
/
insert into KSEN_LUILUI_RELTN (OBJ_ID, VER_NBR, CREATEID, CREATETIME, UPDATEID, UPDATETIME, EFF_DT, EXPIR_DT, DESCR_FORMATTED, LUI_ID, LUILUI_RELTN_STATE, LUILUI_RELTN_TYPE, NAME, DESCR_PLAIN, RELATED_LUI_ID, ID) values ('65be9bca-8ac9-4b8e-bc9e-de9568e03d7e', 0, 'admin', TIMESTAMP '2013-06-04 11:10:03.139', 'admin', TIMESTAMP '2013-06-04 11:10:03.139', TIMESTAMP '2013-06-04 11:10:07.474', '', 'CHEM277-RG-AO', '3b32816e-8111-4610-8eef-9a6ae603aa89', 'kuali.lui.lui.relation.state.active', 'kuali.lui.lui.relation.type.registeredforvia.rg2ao', 'rg-ao-relation', 'CHEM277-RG-AO', 'a57312f3-d0ba-4e47-bf6a-59892353b332', '88657f81-d283-41a5-aaea-98be3a781295')
/
insert into KSEN_LUI (OBJ_ID, VER_NBR, CREATEID, CREATETIME, UPDATEID, UPDATETIME, ATP_ID, CLU_ID, EFF_DT, EXPIR_DT, DESCR_FORMATTED, LUI_STATE, LUI_TYPE, MAX_SEATS, MIN_SEATS, NAME, DESCR_PLAIN, REF_URL, ID) values ('f1cecfb7-b0ea-45a5-a595-4734eea07abe', 0, 'admin', TIMESTAMP '2013-06-04 11:10:03.139', 'admin', TIMESTAMP '2013-06-04 11:10:03.139', 'kuali.atp.2012CETerm1', '25889d4f-0612-424c-87a5-e96f60f3e096', '', '', '1002', 'kuali.lui.registration.group.state.pending', 'kuali.lui.type.registration.group', '', '', '1002', '1002', '', '297f55bf-76af-4535-82c2-39ae5867d485')
/
insert into KSEN_LUI_ATTR (OBJ_ID, ATTR_KEY, OWNER_ID, ATTR_VALUE, ID) values ('d7b86c12-bab6-4b1f-9911-b0609b121a33', 'kuali.attribute.registration.group.is.generated', '297f55bf-76af-4535-82c2-39ae5867d485', '1', 'a3532694-3e94-48ba-863c-466620b4018e')
/
insert into KSEN_LUI_ATTR (OBJ_ID, ATTR_KEY, OWNER_ID, ATTR_VALUE, ID) values ('c00237cd-746b-4551-8a05-c9d1b44852ff', 'kuali.attribute.registration.group.aocluster.id', '297f55bf-76af-4535-82c2-39ae5867d485', '86ced120-f350-444d-bd97-5b2108c7bd87', '74d5e224-741b-414b-8881-592d539d44fe')
/
insert into KSEN_LUI_IDENT (OBJ_ID, VER_NBR, CREATEID, CREATETIME, UPDATEID, UPDATETIME, LUI_CD, DIVISION, IDENT_LEVEL, LNG_NAME, LUI_ID, ORGID, SHRT_NAME, LUI_ID_STATE, SUFX_CD, LUI_ID_TYPE, VARTN, ID) values ('ce702e63-a005-42fe-be2a-c08271f20cd3', 0, 'admin', TIMESTAMP '2013-06-04 11:10:03.139', 'admin', TIMESTAMP '2013-06-04 11:10:03.139', '', '', '', '', '297f55bf-76af-4535-82c2-39ae5867d485', '', '', 'kuali.lui.identifier.state.active', '', 'kuali.lui.identifier.type.official', '', '562f7d05-4c4f-4c1c-a344-1fe91681c825')
/
insert into KSEN_LUILUI_RELTN (OBJ_ID, VER_NBR, CREATEID, CREATETIME, UPDATEID, UPDATETIME, EFF_DT, EXPIR_DT, DESCR_FORMATTED, LUI_ID, LUILUI_RELTN_STATE, LUILUI_RELTN_TYPE, NAME, DESCR_PLAIN, RELATED_LUI_ID, ID) values ('2ce6d6f0-76e8-4521-8bc3-4962ffa940aa', 0, 'admin', TIMESTAMP '2013-06-04 11:10:03.139', 'admin', TIMESTAMP '2013-06-04 11:10:03.139', TIMESTAMP '2013-06-04 11:10:07.696', '', 'CHEM277-FO-RG', '075fbf70-3d90-4d8f-b81f-0c8c9cdb794e', 'kuali.lui.lui.relation.state.active', 'kuali.lui.lui.relation.type.deliveredvia.fo2rg', 'fo-rg-relation', 'CHEM277-FO-RG', '297f55bf-76af-4535-82c2-39ae5867d485', '568affa5-1be3-44df-80f9-f0562f63b894')
/
insert into KSEN_LUILUI_RELTN (OBJ_ID, VER_NBR, CREATEID, CREATETIME, UPDATEID, UPDATETIME, EFF_DT, EXPIR_DT, DESCR_FORMATTED, LUI_ID, LUILUI_RELTN_STATE, LUILUI_RELTN_TYPE, NAME, DESCR_PLAIN, RELATED_LUI_ID, ID) values ('f54bb657-1ceb-4e58-80e9-171a7b3909a4', 0, 'admin', TIMESTAMP '2013-06-04 11:10:03.139', 'admin', TIMESTAMP '2013-06-04 11:10:03.139', TIMESTAMP '2013-06-04 11:10:07.696', '', 'CHEM277-RG-AO', '297f55bf-76af-4535-82c2-39ae5867d485', 'kuali.lui.lui.relation.state.active', 'kuali.lui.lui.relation.type.registeredforvia.rg2ao', 'rg-ao-relation', 'CHEM277-RG-AO', 'f9ecdacf-a144-4319-9a3e-35b0ed00982b', 'f523b33b-6d66-4aba-88da-ff476ffa7116')
/
insert into KSEN_LUILUI_RELTN (OBJ_ID, VER_NBR, CREATEID, CREATETIME, UPDATEID, UPDATETIME, EFF_DT, EXPIR_DT, DESCR_FORMATTED, LUI_ID, LUILUI_RELTN_STATE, LUILUI_RELTN_TYPE, NAME, DESCR_PLAIN, RELATED_LUI_ID, ID) values ('3638945e-2cf2-44bb-94ee-3c53b74e26e5', 0, 'admin', TIMESTAMP '2013-06-04 11:10:03.139', 'admin', TIMESTAMP '2013-06-04 11:10:03.139', TIMESTAMP '2013-06-04 11:10:07.697', '', 'CHEM277-RG-AO', '297f55bf-76af-4535-82c2-39ae5867d485', 'kuali.lui.lui.relation.state.active', 'kuali.lui.lui.relation.type.registeredforvia.rg2ao', 'rg-ao-relation', 'CHEM277-RG-AO', '1240da0c-7e1d-4538-9384-9039d41c0d80', '22b672f2-4c95-48fd-8b25-e564b67a6370')
/
insert into KSEN_LUI (OBJ_ID, VER_NBR, CREATEID, CREATETIME, UPDATEID, UPDATETIME, ATP_ID, CLU_ID, EFF_DT, EXPIR_DT, DESCR_FORMATTED, LUI_STATE, LUI_TYPE, MAX_SEATS, MIN_SEATS, NAME, DESCR_PLAIN, REF_URL, ID) values ('1e0e699a-e95a-4fcd-9004-0192d670cebf', 0, 'admin', TIMESTAMP '2013-06-04 11:10:24.128', 'admin', TIMESTAMP '2013-06-04 11:10:24.128', 'kuali.atp.2012CETerm1', '5030c77c-dcd9-4906-8d7a-18c41bf3c44e', TIMESTAMP '2011-08-26 20:00:00.0', '', 'A detailed study of selected major texts of American literature from th 17th century to the 20th century. Issues such as race, gender, and regionalism. Authors such as Franklin, Hawthorne, Dickinson, Hemingway, and Morrison.', 'kuali.lui.course.offering.state.draft', 'kuali.lui.type.course.offering', '', '', 'ENGL313 CO', 'A detailed study of selected major texts of American literature from th 17th century to the 20th century. Issues such as race, gender, and regionalism. Authors such as Franklin, Hawthorne, Dickinson, Hemingway, and Morrison.', 'null', '22b1caeb-5ad7-4de7-93a5-8db056d43984')
/
insert into KSEN_LUI_ATTR (OBJ_ID, ATTR_KEY, OWNER_ID, ATTR_VALUE, ID) values ('57c1bd5d-bfa2-4965-8d2d-a03a1a77f118', 'kuali.attribute.wait.list.type.key', '22b1caeb-5ad7-4de7-93a5-8db056d43984', 'kuali.waitlist.type.semiautomatic', '3a51a09e-6e45-4239-94bc-f96f0ca6fa5b')
/
insert into KSEN_LUI_ATTR (OBJ_ID, ATTR_KEY, OWNER_ID, ATTR_VALUE, ID) values ('56e06eec-8861-4ceb-8e1a-e3922df620c6', 'kuali.attribute.course.number.internal.suffix', '22b1caeb-5ad7-4de7-93a5-8db056d43984', 'A', 'f59d6724-134b-468d-a964-a0155ec63c40')
/
insert into KSEN_LUI_ATTR (OBJ_ID, ATTR_KEY, OWNER_ID, ATTR_VALUE, ID) values ('a67c8006-3a0a-4c91-9a9d-0d07ccd2c7cf', 'kuali.attribute.wait.list.indicator', '22b1caeb-5ad7-4de7-93a5-8db056d43984', '1', '81f89835-086e-49cf-9b96-729d02a7f236')
/
insert into KSEN_LUI_ATTR (OBJ_ID, ATTR_KEY, OWNER_ID, ATTR_VALUE, ID) values ('8bb555f5-e9cc-45ab-8e4d-e7d09bb49b5a', 'kuali.attribute.wait.list.level.type.key', '22b1caeb-5ad7-4de7-93a5-8db056d43984', 'AO', '6073b658-b2e8-4cb4-ae1d-acc197036649')
/
insert into KSEN_LUI_ATTR (OBJ_ID, ATTR_KEY, OWNER_ID, ATTR_VALUE, ID) values ('9107d82b-e6ac-41d9-9526-91eba35b88aa', 'kuali.attribute.final.exam.indicator', '22b1caeb-5ad7-4de7-93a5-8db056d43984', 'STANDARD', '8ae44443-6b72-4ed0-aab2-dde06a87291e')
/
insert into KSEN_LUI_ATTR (OBJ_ID, ATTR_KEY, OWNER_ID, ATTR_VALUE, ID) values ('5459153c-e8b9-4d6e-8089-c9f7a71374a3', 'kuali.attribute.funding.source', '22b1caeb-5ad7-4de7-93a5-8db056d43984', '', '7863a2a9-c943-4e64-80f8-6c674e299469')
/
insert into KSEN_LUI_ATTR (OBJ_ID, ATTR_KEY, OWNER_ID, ATTR_VALUE, ID) values ('a134b5a3-3d98-49e2-9ce1-366b674ee5d6', 'kuali.attribute.where.fees.attached.flag', '22b1caeb-5ad7-4de7-93a5-8db056d43984', '0', 'e17ea6ee-2b71-47e0-a548-4ebb8518a458')
/
insert into KSEN_LUI_ATTR (OBJ_ID, ATTR_KEY, OWNER_ID, ATTR_VALUE, ID) values ('c33d968b-a1b9-4775-b9e2-c0c9b51a7593', 'kuali.attribute.course.evaluation.indicator', '22b1caeb-5ad7-4de7-93a5-8db056d43984', '0', '37ce5651-16ad-424e-9cc6-a9d1f1c1de61')
/
insert into KSEN_LUI_IDENT (OBJ_ID, VER_NBR, CREATEID, CREATETIME, UPDATEID, UPDATETIME, LUI_CD, DIVISION, IDENT_LEVEL, LNG_NAME, LUI_ID, ORGID, SHRT_NAME, LUI_ID_STATE, SUFX_CD, LUI_ID_TYPE, VARTN, ID) values ('d3ffe01c-5f3e-4893-a19e-bb0236335609', 0, 'admin', TIMESTAMP '2013-06-04 11:10:24.128', 'admin', TIMESTAMP '2013-06-04 11:10:24.128', 'ENGL313', 'ENGL', '', 'American Literature', '22b1caeb-5ad7-4de7-93a5-8db056d43984', '', '', 'kuali.lui.identifier.state.active', '', 'kuali.lui.identifier.type.official', '', 'c8470fda-8209-4e5d-82da-7bfd036df384')
/
insert into KSEN_LUI_LU_CD (OBJ_ID, VER_NBR, CREATEID, CREATETIME, UPDATEID, UPDATETIME, DESCR_FORMATTED, LUI_ID, DESCR_PLAIN, LUI_LUCD_TYPE, VALUE, ID) values ('a43b65ef-5f6d-4d8d-864e-e95d089e4935', 0, 'admin', TIMESTAMP '2013-06-04 11:10:24.128', 'admin', TIMESTAMP '2013-06-04 11:10:24.128', '', '22b1caeb-5ad7-4de7-93a5-8db056d43984', '', 'kuali.lu.code.honorsOffering', '', '67233c95-26ee-4b50-9a1e-8fc9a9a10f94')
/
insert into KSEN_LUI_UNITS_DEPLOYMENT (LUI_ID, ORG_ID, ID) values ('22b1caeb-5ad7-4de7-93a5-8db056d43984', '2677933260', '7b9b3791-c7c6-43d9-8eb5-24f89ecc1868')
/
insert into KSEN_LUI_UNITS_CONT_OWNER (LUI_ID, ORG_ID) values ('22b1caeb-5ad7-4de7-93a5-8db056d43984', '2677933260')
/
insert into KSEN_LUI_RESULT_VAL_GRP (LUI_ID, RESULT_VAL_GRP_ID) values ('22b1caeb-5ad7-4de7-93a5-8db056d43984', 'kuali.resultComponent.grade.letter')
/
insert into KSEN_LUI_RESULT_VAL_GRP (LUI_ID, RESULT_VAL_GRP_ID) values ('22b1caeb-5ad7-4de7-93a5-8db056d43984', 'kuali.resultComponent.grade.audit')
/
insert into KSEN_LUI_RESULT_VAL_GRP (LUI_ID, RESULT_VAL_GRP_ID) values ('22b1caeb-5ad7-4de7-93a5-8db056d43984', 'kuali.resultComponent.grade.passFail')
/
insert into KSEN_LUI_RESULT_VAL_GRP (LUI_ID, RESULT_VAL_GRP_ID) values ('22b1caeb-5ad7-4de7-93a5-8db056d43984', 'kuali.creditType.credit.degree.3.0')
/
insert into KSEN_LUI (OBJ_ID, VER_NBR, CREATEID, CREATETIME, UPDATEID, UPDATETIME, ATP_ID, CLU_ID, EFF_DT, EXPIR_DT, DESCR_FORMATTED, LUI_STATE, LUI_TYPE, MAX_SEATS, MIN_SEATS, NAME, DESCR_PLAIN, REF_URL, ID) values ('17a94bde-0d50-4015-9fff-6c0e15fac02e', 0, 'admin', TIMESTAMP '2013-06-04 11:10:24.128', 'admin', TIMESTAMP '2013-06-04 11:10:24.128', 'kuali.atp.2012CETerm1', 'c6a8b277-7dba-4e06-9f9c-47e5dc936a68', '', '', 'Courses with Lecture/Discussion', 'kuali.lui.format.offering.state.draft', 'kuali.lui.type.course.format.offering', '', '', 'Lecture/Discussion', 'Courses with Lecture/Discussion', '', 'c5825a7c-743a-460d-9d98-beb9d1a8e087')
/
insert into KSEN_LUI_ATTR (OBJ_ID, ATTR_KEY, OWNER_ID, ATTR_VALUE, ID) values ('a41480ab-ba85-4a18-a4b2-62fae9ae8cf6', 'kuali.attribute.grade.roster.level.type.key', 'c5825a7c-743a-460d-9d98-beb9d1a8e087', 'kuali.lui.type.activity.offering.discussion', '4224d3a3-0d78-443c-afde-71a787168941')
/
insert into KSEN_LUI_ATTR (OBJ_ID, ATTR_KEY, OWNER_ID, ATTR_VALUE, ID) values ('7332f261-164d-43ed-99f7-90d622bacda3', 'kuali.attribute.final.exam.level.type', 'c5825a7c-743a-460d-9d98-beb9d1a8e087', 'kuali.lui.type.activity.offering.discussion', '3ff4c509-200b-4d1d-ba4a-ac2510b7183e')
/
insert into KSEN_LUI_ATTR (OBJ_ID, ATTR_KEY, OWNER_ID, ATTR_VALUE, ID) values ('4f6c06c8-af7b-4057-bb5e-b5d9d8c00f3b', 'regCodePrefix', 'c5825a7c-743a-460d-9d98-beb9d1a8e087', '1', 'a0c1b690-41ac-4a6e-9b46-deb0472f07d9')
/
insert into KSEN_LUI_IDENT (OBJ_ID, VER_NBR, CREATEID, CREATETIME, UPDATEID, UPDATETIME, LUI_CD, DIVISION, IDENT_LEVEL, LNG_NAME, LUI_ID, ORGID, SHRT_NAME, LUI_ID_STATE, SUFX_CD, LUI_ID_TYPE, VARTN, ID) values ('10a288b4-7150-4a6d-a776-0ff40a16d6d8', 0, 'admin', TIMESTAMP '2013-06-04 11:10:24.128', 'admin', TIMESTAMP '2013-06-04 11:10:24.128', '', '', '', 'Lecture/Discussion', 'c5825a7c-743a-460d-9d98-beb9d1a8e087', '', 'LEC/DIS', 'kuali.lui.identifier.state.active', '', 'kuali.lui.identifier.type.official', '', '8befee5b-8175-4dfd-9b9a-eb19d88e4d2c')
/
insert into KSEN_LUILUI_RELTN (OBJ_ID, VER_NBR, CREATEID, CREATETIME, UPDATEID, UPDATETIME, EFF_DT, EXPIR_DT, DESCR_FORMATTED, LUI_ID, LUILUI_RELTN_STATE, LUILUI_RELTN_TYPE, NAME, DESCR_PLAIN, RELATED_LUI_ID, ID) values ('a456791a-fe6c-452d-990e-b3d374aa6525', 0, 'admin', TIMESTAMP '2013-06-04 11:10:24.128', 'admin', TIMESTAMP '2013-06-04 11:10:24.128', TIMESTAMP '2013-06-04 11:10:25.089', '', 'ENGL313-CO-FO', '22b1caeb-5ad7-4de7-93a5-8db056d43984', 'kuali.lui.lui.relation.state.active', 'kuali.lui.lui.relation.type.deliveredvia.co2fo', 'co-fo-relation', 'ENGL313-CO-FO', 'c5825a7c-743a-460d-9d98-beb9d1a8e087', 'cfd8e0f9-ab8f-4c9b-97e2-2c5da4f14883')
/
insert into KSEN_LUI_RELATED_LUI_TYPES (LUI_ID, RELATED_LUI_TYPE) values ('c5825a7c-743a-460d-9d98-beb9d1a8e087', 'kuali.lui.type.activity.offering.discussion')
/
insert into KSEN_LUI_RELATED_LUI_TYPES (LUI_ID, RELATED_LUI_TYPE) values ('c5825a7c-743a-460d-9d98-beb9d1a8e087', 'kuali.lui.type.activity.offering.lecture')
/
insert into KSEN_LUI (OBJ_ID, VER_NBR, CREATEID, CREATETIME, UPDATEID, UPDATETIME, ATP_ID, CLU_ID, EFF_DT, EXPIR_DT, DESCR_FORMATTED, LUI_STATE, LUI_TYPE, MAX_SEATS, MIN_SEATS, NAME, DESCR_PLAIN, REF_URL, ID) values ('6daaa8a4-5e08-4e22-a000-123c7f95f47e', 0, 'admin', TIMESTAMP '2013-06-04 11:10:24.128', 'admin', TIMESTAMP '2013-06-04 11:10:24.128', 'kuali.atp.2012CETerm1', '13d328e5-e4d2-4be5-b63c-3c227edb36fa', '', '', 'Courses with lecture', 'kuali.lui.activity.offering.state.draft', 'kuali.lui.type.activity.offering.lecture', 96, 96, 'Lecture', 'Courses with lecture', 'null', '4ed64abb-e257-4c18-af2a-edc034278b89')
/
insert into KSEN_LUI_ATTR (OBJ_ID, ATTR_KEY, OWNER_ID, ATTR_VALUE, ID) values ('6f02bfce-8bc3-4b99-830f-7c06101ce081', 'kuali.attribute.max.enrollment.is.estimate', '4ed64abb-e257-4c18-af2a-edc034278b89', '0', 'bc76248e-def2-4970-af14-87efa9c3ed5d')
/
insert into KSEN_LUI_ATTR (OBJ_ID, ATTR_KEY, OWNER_ID, ATTR_VALUE, ID) values ('f7d4a0dd-b2f0-488c-80aa-6726e5f966a2', 'kuali.attribute.course.evaluation.indicator', '4ed64abb-e257-4c18-af2a-edc034278b89', '0', '72613bd7-e235-4fc0-a465-ebcb134e8084')
/
insert into KSEN_LUI_ATTR (OBJ_ID, ATTR_KEY, OWNER_ID, ATTR_VALUE, ID) values ('e2e6c28d-a962-4864-981f-efffc1968ac8', 'isWaitlistCheckinRequired', '4ed64abb-e257-4c18-af2a-edc034278b89', '0', 'f0f57e77-1331-4eda-9fc9-e3e94e23d1ed')
/
insert into KSEN_LUI_IDENT (OBJ_ID, VER_NBR, CREATEID, CREATETIME, UPDATEID, UPDATETIME, LUI_CD, DIVISION, IDENT_LEVEL, LNG_NAME, LUI_ID, ORGID, SHRT_NAME, LUI_ID_STATE, SUFX_CD, LUI_ID_TYPE, VARTN, ID) values ('e0091f51-75e0-4de8-a972-40be94cf1516', 0, 'admin', TIMESTAMP '2013-06-04 11:10:24.128', 'admin', TIMESTAMP '2013-06-04 11:10:24.128', 'A', '', '', '', '4ed64abb-e257-4c18-af2a-edc034278b89', '', '', 'kuali.lui.identifier.state.active', '', 'kuali.lui.identifier.type.official', '', 'f2271a37-a44f-402c-a22a-4d028b32ffd4')
/
insert into KSEN_LUI_LU_CD (OBJ_ID, VER_NBR, CREATEID, CREATETIME, UPDATEID, UPDATETIME, DESCR_FORMATTED, LUI_ID, DESCR_PLAIN, LUI_LUCD_TYPE, VALUE, ID) values ('a73c02d6-ac97-4ffa-914c-bce8d1cb1c6c', 0, 'admin', TIMESTAMP '2013-06-04 11:10:24.128', 'admin', TIMESTAMP '2013-06-04 11:10:24.128', '', '4ed64abb-e257-4c18-af2a-edc034278b89', '', 'kuali.lu.code.honorsOffering', '0', 'b3a71a8e-1384-461b-badc-00dfe1644a16')
/
insert into KSEN_LPR (OBJ_ID, VER_NBR, CREATEID, CREATETIME, UPDATEID, UPDATETIME, COMMIT_PERCT, EFF_DT, EXPIR_DT, LUI_ID, PERS_ID, LPR_STATE, LPR_TYPE, ID) values ('09a2d78f-f19c-4c28-a641-5b16f14f98b5', 0, 'admin', TIMESTAMP '2013-06-04 11:10:24.128', 'admin', TIMESTAMP '2013-06-04 11:10:24.128', '100.0', TIMESTAMP '2013-06-04 11:10:27.946', '', '4ed64abb-e257-4c18-af2a-edc034278b89', 'S.TONYAP', 'kuali.lpr.state.active', 'kuali.lpr.type.instructor.main', 'a645a535-9c1b-40bc-97c2-d00cd6fc477f')
/
insert into KSEN_LUILUI_RELTN (OBJ_ID, VER_NBR, CREATEID, CREATETIME, UPDATEID, UPDATETIME, EFF_DT, EXPIR_DT, DESCR_FORMATTED, LUI_ID, LUILUI_RELTN_STATE, LUILUI_RELTN_TYPE, NAME, DESCR_PLAIN, RELATED_LUI_ID, ID) values ('170c2a25-6bdf-469b-99c1-277b37f3f6ac', 0, 'admin', TIMESTAMP '2013-06-04 11:10:24.128', 'admin', TIMESTAMP '2013-06-04 11:10:24.128', TIMESTAMP '2013-06-04 11:10:27.946', '', 'ENGL313-FO-AO', 'c5825a7c-743a-460d-9d98-beb9d1a8e087', 'kuali.lui.lui.relation.state.active', 'kuali.lui.lui.relation.type.deliveredvia.fo2ao', 'fo-ao-relation', 'ENGL313-FO-AO', '4ed64abb-e257-4c18-af2a-edc034278b89', 'a26da452-cd61-47b6-83ba-e4ea181e87ea')
/
insert into KSEN_SCHED_RQST_SET (OBJ_ID, VER_NBR, CREATEID, CREATETIME, UPDATEID, UPDATETIME, DESCR_FORMATTED, MAX_ENRL_SHARED_IND, MAX_ENRL, NAME, DESCR_PLAIN, REF_OBJECT_TYPE, SCHED_RQST_SET_STATE, SCHED_RQST_SET_TYPE, ID) values ('36180282-9fd3-46b8-a4a2-5cca6d233edf', 0, 'admin', TIMESTAMP '2013-06-04 11:10:24.128', 'admin', TIMESTAMP '2013-06-04 11:10:24.128', '', '', '', '', '', 'http://student.kuali.org/wsdl/courseOffering/ActivityOfferingInfo', 'kuali.scheduling.schedule.request.state.created', 'kuali.scheduling.schedule.request.set.type.schedule.request.set', 'fd4b4922-24ba-4bb6-8350-4e114cdbc072')
/
insert into KSEN_SCHED_RQST (OBJ_ID, VER_NBR, CREATEID, CREATETIME, UPDATEID, UPDATETIME, DESCR_FORMATTED, NAME, DESCR_PLAIN, SCHED_RQST_STATE, SCHED_RQST_TYPE, SCHED_ID, SCHED_RQST_SET_ID, ID) values ('0ae2b762-612e-44ad-ae48-99c32178cc82', 0, 'admin', TIMESTAMP '2013-06-04 11:10:24.128', 'admin', TIMESTAMP '2013-06-04 11:10:24.128', '', 'Schedule request for ENGL313 - A', '', 'kuali.scheduling.schedule.request.state.created', 'kuali.scheduling.schedule.request.type.schedule.request', '', 'fd4b4922-24ba-4bb6-8350-4e114cdbc072', 'a8739130-b02c-40ed-936d-783114fa86e1')
/
insert into KSEN_SCHED_RQST_CMP (OBJ_ID, TBA_IND, SCHED_RQST_ID, ID) values ('47c30284-b92c-42a8-8735-ebe2d38926f7', '0', 'a8739130-b02c-40ed-936d-783114fa86e1', 'e4d40e10-09a7-432c-98dc-cfa0fb7269f0')
/
insert into KSEN_CO_SEAT_POOL_DEFN (OBJ_ID, VER_NBR, CREATEID, CREATETIME, UPDATEID, UPDATETIME, ACTIVITY_OFFERING_ID, EXPIR_MSTONE_TYPE, PERCENTAGE_IND, NAME, POPULATION_ID, PROCESSING_PRIORITY, SEAT_LIMIT, SEAT_POOL_DEFN_STATE, SEAT_POOL_DEFN_TYPE, ID) values ('9d0f8a1a-3d45-4827-8c6c-a751f2d90365', 1, 'admin', TIMESTAMP '2013-06-04 11:10:24.128', 'admin', TIMESTAMP '2013-06-04 11:10:24.128', '', 'kuali.atp.milestone.firstdayofclasses', '0', '300-level Senior Seatpool', '4160a52b-d353-4ab3-b72d-a3c2f9969783', 1, 5, 'kuali.lui.capacity.state.active', 'kuali.lui.capacity.type.seatpool', '1e3fda88-4044-4b3b-9fb2-e4f546087ea6')
/
insert into KSEN_SCHED_REF_OBJECT (SCHED_RQST_SET_ID, REF_OBJECT_ID) values ('fd4b4922-24ba-4bb6-8350-4e114cdbc072', '4ed64abb-e257-4c18-af2a-edc034278b89')
/
insert into KSEN_SCHED_RQST_CMP_BLDG (CMP_ID, BUILDING_ID) values ('e4d40e10-09a7-432c-98dc-cfa0fb7269f0', '84e53b2a-f39a-4b7a-8916-731087cff42d')
/
insert into KSEN_SCHED_RQST_CMP_CAMPUS (CMP_ID, CAMPUS_ID) values ('e4d40e10-09a7-432c-98dc-cfa0fb7269f0', 'UMCP')
/
insert into KSEN_SCHED_RQST_CMP_ROOM (CMP_ID, ROOM_ID) values ('e4d40e10-09a7-432c-98dc-cfa0fb7269f0', '374a4a42-7596-462a-87d6-f1f27a7e2922')
/
insert into KSEN_SCHED_RQST_CMP_TMSLOT (CMP_ID, TM_SLOT_ID) values ('e4d40e10-09a7-432c-98dc-cfa0fb7269f0', '6cd0c8f0-20f6-489f-ba1c-9d729a73bbde')
/
insert into KSEN_LUI (OBJ_ID, VER_NBR, CREATEID, CREATETIME, UPDATEID, UPDATETIME, ATP_ID, CLU_ID, EFF_DT, EXPIR_DT, DESCR_FORMATTED, LUI_STATE, LUI_TYPE, MAX_SEATS, MIN_SEATS, NAME, DESCR_PLAIN, REF_URL, ID) values ('634d25e5-a8ef-4be1-8e39-620707622a49', 0, 'admin', TIMESTAMP '2013-06-04 11:10:24.128', 'admin', TIMESTAMP '2013-06-04 11:10:24.128', 'kuali.atp.2012CETerm1', '7031694d-60f2-4012-8e96-4b2f6fc7ff1c', '', '', 'Courses with discussion', 'kuali.lui.activity.offering.state.draft', 'kuali.lui.type.activity.offering.discussion', 24, 24, 'Discussion', 'Courses with discussion', 'null', '0e5e5ded-2722-4d46-9ac5-964b6b95006c')
/
insert into KSEN_LUI_ATTR (OBJ_ID, ATTR_KEY, OWNER_ID, ATTR_VALUE, ID) values ('34d4fd51-0da0-4e79-afa8-1fb6317489b7', 'isWaitlistCheckinRequired', '0e5e5ded-2722-4d46-9ac5-964b6b95006c', '0', '70d3cdca-043e-4f64-b911-d5efceef8c7e')
/
insert into KSEN_LUI_ATTR (OBJ_ID, ATTR_KEY, OWNER_ID, ATTR_VALUE, ID) values ('80944350-55e8-4086-8d9d-32d3e13c1cdb', 'kuali.attribute.max.enrollment.is.estimate', '0e5e5ded-2722-4d46-9ac5-964b6b95006c', '0', 'cd557af2-28d9-4abc-af25-eb916e2a68d6')
/
insert into KSEN_LUI_ATTR (OBJ_ID, ATTR_KEY, OWNER_ID, ATTR_VALUE, ID) values ('3dadd2c3-233f-4e45-9df5-591916977c6c', 'kuali.attribute.course.evaluation.indicator', '0e5e5ded-2722-4d46-9ac5-964b6b95006c', '0', 'c24e1554-4dc6-44d4-9bf6-f35a32bc8fb0')
/
insert into KSEN_LUI_IDENT (OBJ_ID, VER_NBR, CREATEID, CREATETIME, UPDATEID, UPDATETIME, LUI_CD, DIVISION, IDENT_LEVEL, LNG_NAME, LUI_ID, ORGID, SHRT_NAME, LUI_ID_STATE, SUFX_CD, LUI_ID_TYPE, VARTN, ID) values ('9a7930a0-8e79-4246-8af7-469b89980b93', 0, 'admin', TIMESTAMP '2013-06-04 11:10:24.128', 'admin', TIMESTAMP '2013-06-04 11:10:24.128', 'B', '', '', '', '0e5e5ded-2722-4d46-9ac5-964b6b95006c', '', '', 'kuali.lui.identifier.state.active', '', 'kuali.lui.identifier.type.official', '', '1d01d910-0cfa-4d1e-869f-4d44580e6a2b')
/
insert into KSEN_LUI_LU_CD (OBJ_ID, VER_NBR, CREATEID, CREATETIME, UPDATEID, UPDATETIME, DESCR_FORMATTED, LUI_ID, DESCR_PLAIN, LUI_LUCD_TYPE, VALUE, ID) values ('73488f34-6fd4-4375-82f2-ef849f26bb96', 0, 'admin', TIMESTAMP '2013-06-04 11:10:24.128', 'admin', TIMESTAMP '2013-06-04 11:10:24.128', '', '0e5e5ded-2722-4d46-9ac5-964b6b95006c', '', 'kuali.lu.code.honorsOffering', '0', 'bbdc63e7-3f0d-4de2-873a-3777a6c83700')
/
insert into KSEN_LPR (OBJ_ID, VER_NBR, CREATEID, CREATETIME, UPDATEID, UPDATETIME, COMMIT_PERCT, EFF_DT, EXPIR_DT, LUI_ID, PERS_ID, LPR_STATE, LPR_TYPE, ID) values ('2c2d3267-d4a4-4be0-8d03-e8d996999730', 0, 'admin', TIMESTAMP '2013-06-04 11:10:24.128', 'admin', TIMESTAMP '2013-06-04 11:10:24.128', '100.0', TIMESTAMP '2013-06-04 11:10:28.328', '', '0e5e5ded-2722-4d46-9ac5-964b6b95006c', 'S.JAMESF', 'kuali.lpr.state.active', 'kuali.lpr.type.instructor.main', '60eced09-6d34-450d-8813-31bb6bf82d83')
/
insert into KSEN_LUILUI_RELTN (OBJ_ID, VER_NBR, CREATEID, CREATETIME, UPDATEID, UPDATETIME, EFF_DT, EXPIR_DT, DESCR_FORMATTED, LUI_ID, LUILUI_RELTN_STATE, LUILUI_RELTN_TYPE, NAME, DESCR_PLAIN, RELATED_LUI_ID, ID) values ('4522210b-aa7a-416a-9619-2346b7aef3f3', 0, 'admin', TIMESTAMP '2013-06-04 11:10:24.128', 'admin', TIMESTAMP '2013-06-04 11:10:24.128', TIMESTAMP '2013-06-04 11:10:28.328', '', 'ENGL313-FO-AO', 'c5825a7c-743a-460d-9d98-beb9d1a8e087', 'kuali.lui.lui.relation.state.active', 'kuali.lui.lui.relation.type.deliveredvia.fo2ao', 'fo-ao-relation', 'ENGL313-FO-AO', '0e5e5ded-2722-4d46-9ac5-964b6b95006c', 'b5a8be2c-4772-41c6-ae81-ee6563217781')
/
update KSEN_CO_SEAT_POOL_DEFN set OBJ_ID='9d0f8a1a-3d45-4827-8c6c-a751f2d90365', VER_NBR=2, UPDATEID='admin', UPDATETIME=TIMESTAMP '2013-06-04 11:10:24.128', ACTIVITY_OFFERING_ID='4ed64abb-e257-4c18-af2a-edc034278b89', EXPIR_MSTONE_TYPE='kuali.atp.milestone.firstdayofclasses', PERCENTAGE_IND='0', NAME='300-level Senior Seatpool', POPULATION_ID='4160a52b-d353-4ab3-b72d-a3c2f9969783', PROCESSING_PRIORITY=1, SEAT_LIMIT=5, SEAT_POOL_DEFN_STATE='kuali.lui.capacity.state.active', SEAT_POOL_DEFN_TYPE='kuali.lui.capacity.type.seatpool' where ID='1e3fda88-4044-4b3b-9fb2-e4f546087ea6' and VER_NBR=1
/
insert into KSEN_SCHED_RQST_SET (OBJ_ID, VER_NBR, CREATEID, CREATETIME, UPDATEID, UPDATETIME, DESCR_FORMATTED, MAX_ENRL_SHARED_IND, MAX_ENRL, NAME, DESCR_PLAIN, REF_OBJECT_TYPE, SCHED_RQST_SET_STATE, SCHED_RQST_SET_TYPE, ID) values ('ea5d3567-84da-4d78-a964-c7440a1d3576', 0, 'admin', TIMESTAMP '2013-06-04 11:10:24.128', 'admin', TIMESTAMP '2013-06-04 11:10:24.128', '', '', '', '', '', 'http://student.kuali.org/wsdl/courseOffering/ActivityOfferingInfo', 'kuali.scheduling.schedule.request.state.created', 'kuali.scheduling.schedule.request.set.type.schedule.request.set', 'a75cc16a-d6c2-452c-952a-315ab52da11c')
/
insert into KSEN_SCHED_RQST (OBJ_ID, VER_NBR, CREATEID, CREATETIME, UPDATEID, UPDATETIME, DESCR_FORMATTED, NAME, DESCR_PLAIN, SCHED_RQST_STATE, SCHED_RQST_TYPE, SCHED_ID, SCHED_RQST_SET_ID, ID) values ('aacf7320-520d-4aef-bee7-eb34dd34e644', 0, 'admin', TIMESTAMP '2013-06-04 11:10:24.128', 'admin', TIMESTAMP '2013-06-04 11:10:24.128', '', 'Schedule request for ENGL313 - B', '', 'kuali.scheduling.schedule.request.state.created', 'kuali.scheduling.schedule.request.type.schedule.request', '', 'a75cc16a-d6c2-452c-952a-315ab52da11c', 'e5172799-1d2d-4aef-b1d4-8769f105b4f2')
/
insert into KSEN_SCHED_RQST_CMP (OBJ_ID, TBA_IND, SCHED_RQST_ID, ID) values ('7c69d2d0-cf8b-49f3-8449-b9eac6b78614', '0', 'e5172799-1d2d-4aef-b1d4-8769f105b4f2', '03929b74-82c5-4ca9-b1be-45872b5aefda')
/
insert into KSEN_CO_SEAT_POOL_DEFN (OBJ_ID, VER_NBR, CREATEID, CREATETIME, UPDATEID, UPDATETIME, ACTIVITY_OFFERING_ID, EXPIR_MSTONE_TYPE, PERCENTAGE_IND, NAME, POPULATION_ID, PROCESSING_PRIORITY, SEAT_LIMIT, SEAT_POOL_DEFN_STATE, SEAT_POOL_DEFN_TYPE, ID) values ('f2f79ffa-99a5-4dc0-9673-08ac6b6829de', 1, 'admin', TIMESTAMP '2013-06-04 11:10:24.128', 'admin', TIMESTAMP '2013-06-04 11:10:24.128', '', 'kuali.atp.milestone.firstdayofclasses', '0', '300-level Senior Seatpool', '4160a52b-d353-4ab3-b72d-a3c2f9969783', 1, 5, 'kuali.lui.capacity.state.active', 'kuali.lui.capacity.type.seatpool', '74e40cde-cbe2-4efe-b3e3-b8612a7cf864')
/
insert into KSEN_SCHED_REF_OBJECT (SCHED_RQST_SET_ID, REF_OBJECT_ID) values ('a75cc16a-d6c2-452c-952a-315ab52da11c', '0e5e5ded-2722-4d46-9ac5-964b6b95006c')
/
insert into KSEN_SCHED_RQST_CMP_BLDG (CMP_ID, BUILDING_ID) values ('03929b74-82c5-4ca9-b1be-45872b5aefda', 'e16ca603-1563-4787-88bf-d17f94032970')
/
insert into KSEN_SCHED_RQST_CMP_CAMPUS (CMP_ID, CAMPUS_ID) values ('03929b74-82c5-4ca9-b1be-45872b5aefda', 'UMCP')
/
insert into KSEN_SCHED_RQST_CMP_ROOM (CMP_ID, ROOM_ID) values ('03929b74-82c5-4ca9-b1be-45872b5aefda', '191be69d-a17e-479c-9234-c919beba2424')
/
insert into KSEN_SCHED_RQST_CMP_TMSLOT (CMP_ID, TM_SLOT_ID) values ('03929b74-82c5-4ca9-b1be-45872b5aefda', 'dc2b0e50-8a44-4834-a5ec-50b460e09563')
/
insert into KSEN_LUI (OBJ_ID, VER_NBR, CREATEID, CREATETIME, UPDATEID, UPDATETIME, ATP_ID, CLU_ID, EFF_DT, EXPIR_DT, DESCR_FORMATTED, LUI_STATE, LUI_TYPE, MAX_SEATS, MIN_SEATS, NAME, DESCR_PLAIN, REF_URL, ID) values ('156442bb-9d91-4466-80d8-eb3d0ee8aba3', 0, 'admin', TIMESTAMP '2013-06-04 11:10:24.128', 'admin', TIMESTAMP '2013-06-04 11:10:24.128', 'kuali.atp.2012CETerm1', '8a6d57fc-0732-47ef-9fd8-44d6318922b3', '', '', 'Courses with discussion', 'kuali.lui.activity.offering.state.draft', 'kuali.lui.type.activity.offering.discussion', 24, 24, 'Discussion', 'Courses with discussion', 'null', 'fa925c0c-0077-4a2f-bae3-1a1be93342ba')
/
insert into KSEN_LUI_ATTR (OBJ_ID, ATTR_KEY, OWNER_ID, ATTR_VALUE, ID) values ('21711a36-b489-44f9-be15-6ea1482e0df6', 'isWaitlistCheckinRequired', 'fa925c0c-0077-4a2f-bae3-1a1be93342ba', '0', 'cd4fafb3-eddd-4c22-b24d-7a019aa69ff3')
/
insert into KSEN_LUI_ATTR (OBJ_ID, ATTR_KEY, OWNER_ID, ATTR_VALUE, ID) values ('a6b65c01-1377-47b0-a716-b7a558eae969', 'kuali.attribute.course.evaluation.indicator', 'fa925c0c-0077-4a2f-bae3-1a1be93342ba', '0', 'a75bad66-1046-4c4a-87ef-66b9aa803a0d')
/
insert into KSEN_LUI_ATTR (OBJ_ID, ATTR_KEY, OWNER_ID, ATTR_VALUE, ID) values ('2435d6a5-989d-44e8-9228-0188b7773d01', 'kuali.attribute.max.enrollment.is.estimate', 'fa925c0c-0077-4a2f-bae3-1a1be93342ba', '0', 'b2c3ff90-5e15-4481-97b7-366089f924fc')
/
insert into KSEN_LUI_IDENT (OBJ_ID, VER_NBR, CREATEID, CREATETIME, UPDATEID, UPDATETIME, LUI_CD, DIVISION, IDENT_LEVEL, LNG_NAME, LUI_ID, ORGID, SHRT_NAME, LUI_ID_STATE, SUFX_CD, LUI_ID_TYPE, VARTN, ID) values ('c33e333b-9596-479a-86eb-347265e5bd9a', 0, 'admin', TIMESTAMP '2013-06-04 11:10:24.128', 'admin', TIMESTAMP '2013-06-04 11:10:24.128', 'C', '', '', '', 'fa925c0c-0077-4a2f-bae3-1a1be93342ba', '', '', 'kuali.lui.identifier.state.active', '', 'kuali.lui.identifier.type.official', '', '1d14222c-c457-4373-b085-572206b9a41a')
/
insert into KSEN_LUI_LU_CD (OBJ_ID, VER_NBR, CREATEID, CREATETIME, UPDATEID, UPDATETIME, DESCR_FORMATTED, LUI_ID, DESCR_PLAIN, LUI_LUCD_TYPE, VALUE, ID) values ('1cdf5baf-608f-46ce-b668-328b0172192c', 0, 'admin', TIMESTAMP '2013-06-04 11:10:24.128', 'admin', TIMESTAMP '2013-06-04 11:10:24.128', '', 'fa925c0c-0077-4a2f-bae3-1a1be93342ba', '', 'kuali.lu.code.honorsOffering', '0', 'b49fece1-5348-422d-9fcc-ae9175a36754')
/
insert into KSEN_LPR (OBJ_ID, VER_NBR, CREATEID, CREATETIME, UPDATEID, UPDATETIME, COMMIT_PERCT, EFF_DT, EXPIR_DT, LUI_ID, PERS_ID, LPR_STATE, LPR_TYPE, ID) values ('50c24f89-89b3-488f-a92c-14d7d5399c34', 0, 'admin', TIMESTAMP '2013-06-04 11:10:24.128', 'admin', TIMESTAMP '2013-06-04 11:10:24.128', '100.0', TIMESTAMP '2013-06-04 11:10:28.584', '', 'fa925c0c-0077-4a2f-bae3-1a1be93342ba', 'D.JUSTINM', 'kuali.lpr.state.active', 'kuali.lpr.type.instructor.main', '17cc9f08-4dce-4eb9-a0a0-bb22ddcc923f')
/
insert into KSEN_LUILUI_RELTN (OBJ_ID, VER_NBR, CREATEID, CREATETIME, UPDATEID, UPDATETIME, EFF_DT, EXPIR_DT, DESCR_FORMATTED, LUI_ID, LUILUI_RELTN_STATE, LUILUI_RELTN_TYPE, NAME, DESCR_PLAIN, RELATED_LUI_ID, ID) values ('e1c6ea52-f431-4f4b-ae13-e9abb1d3c00d', 0, 'admin', TIMESTAMP '2013-06-04 11:10:24.128', 'admin', TIMESTAMP '2013-06-04 11:10:24.128', TIMESTAMP '2013-06-04 11:10:28.585', '', 'ENGL313-FO-AO', 'c5825a7c-743a-460d-9d98-beb9d1a8e087', 'kuali.lui.lui.relation.state.active', 'kuali.lui.lui.relation.type.deliveredvia.fo2ao', 'fo-ao-relation', 'ENGL313-FO-AO', 'fa925c0c-0077-4a2f-bae3-1a1be93342ba', '437ab328-ed68-4d53-a233-40d548c026de')
/
update KSEN_CO_SEAT_POOL_DEFN set OBJ_ID='f2f79ffa-99a5-4dc0-9673-08ac6b6829de', VER_NBR=2, UPDATEID='admin', UPDATETIME=TIMESTAMP '2013-06-04 11:10:24.128', ACTIVITY_OFFERING_ID='0e5e5ded-2722-4d46-9ac5-964b6b95006c', EXPIR_MSTONE_TYPE='kuali.atp.milestone.firstdayofclasses', PERCENTAGE_IND='0', NAME='300-level Senior Seatpool', POPULATION_ID='4160a52b-d353-4ab3-b72d-a3c2f9969783', PROCESSING_PRIORITY=1, SEAT_LIMIT=5, SEAT_POOL_DEFN_STATE='kuali.lui.capacity.state.active', SEAT_POOL_DEFN_TYPE='kuali.lui.capacity.type.seatpool' where ID='74e40cde-cbe2-4efe-b3e3-b8612a7cf864' and VER_NBR=1
/
insert into KSEN_SCHED_RQST_SET (OBJ_ID, VER_NBR, CREATEID, CREATETIME, UPDATEID, UPDATETIME, DESCR_FORMATTED, MAX_ENRL_SHARED_IND, MAX_ENRL, NAME, DESCR_PLAIN, REF_OBJECT_TYPE, SCHED_RQST_SET_STATE, SCHED_RQST_SET_TYPE, ID) values ('e8481b14-c44f-40e2-9dd0-a84a13e75738', 0, 'admin', TIMESTAMP '2013-06-04 11:10:24.128', 'admin', TIMESTAMP '2013-06-04 11:10:24.128', '', '', '', '', '', 'http://student.kuali.org/wsdl/courseOffering/ActivityOfferingInfo', 'kuali.scheduling.schedule.request.state.created', 'kuali.scheduling.schedule.request.set.type.schedule.request.set', '2dff4505-9e3a-4c28-809e-ba3d84a85600')
/
insert into KSEN_SCHED_RQST (OBJ_ID, VER_NBR, CREATEID, CREATETIME, UPDATEID, UPDATETIME, DESCR_FORMATTED, NAME, DESCR_PLAIN, SCHED_RQST_STATE, SCHED_RQST_TYPE, SCHED_ID, SCHED_RQST_SET_ID, ID) values ('3fd4ccad-c0e2-4c78-8a8d-127e5787e72f', 0, 'admin', TIMESTAMP '2013-06-04 11:10:24.128', 'admin', TIMESTAMP '2013-06-04 11:10:24.128', '', 'Schedule request for ENGL313 - C', '', 'kuali.scheduling.schedule.request.state.created', 'kuali.scheduling.schedule.request.type.schedule.request', '', '2dff4505-9e3a-4c28-809e-ba3d84a85600', 'b5ae7b21-ca85-47b0-9286-4b0be369983d')
/
insert into KSEN_SCHED_RQST_CMP (OBJ_ID, TBA_IND, SCHED_RQST_ID, ID) values ('0fcc1e6f-fbdb-41fa-a64b-d61cba332eb8', '0', 'b5ae7b21-ca85-47b0-9286-4b0be369983d', '8fe27992-0826-4e75-9e40-9c539d8ac79d')
/
insert into KSEN_CO_SEAT_POOL_DEFN (OBJ_ID, VER_NBR, CREATEID, CREATETIME, UPDATEID, UPDATETIME, ACTIVITY_OFFERING_ID, EXPIR_MSTONE_TYPE, PERCENTAGE_IND, NAME, POPULATION_ID, PROCESSING_PRIORITY, SEAT_LIMIT, SEAT_POOL_DEFN_STATE, SEAT_POOL_DEFN_TYPE, ID) values ('519e2b25-fc40-46fd-b20b-b40c04c927e1', 1, 'admin', TIMESTAMP '2013-06-04 11:10:24.128', 'admin', TIMESTAMP '2013-06-04 11:10:24.128', '', 'kuali.atp.milestone.firstdayofclasses', '0', '300-level Senior Seatpool', '4160a52b-d353-4ab3-b72d-a3c2f9969783', 1, 5, 'kuali.lui.capacity.state.active', 'kuali.lui.capacity.type.seatpool', '55cbab16-7f76-4d0c-8ff5-945a09ebb1b2')
/
insert into KSEN_SCHED_REF_OBJECT (SCHED_RQST_SET_ID, REF_OBJECT_ID) values ('2dff4505-9e3a-4c28-809e-ba3d84a85600', 'fa925c0c-0077-4a2f-bae3-1a1be93342ba')
/
insert into KSEN_SCHED_RQST_CMP_BLDG (CMP_ID, BUILDING_ID) values ('8fe27992-0826-4e75-9e40-9c539d8ac79d', '84e53b2a-f39a-4b7a-8916-731087cff42d')
/
insert into KSEN_SCHED_RQST_CMP_CAMPUS (CMP_ID, CAMPUS_ID) values ('8fe27992-0826-4e75-9e40-9c539d8ac79d', 'UMCP')
/
insert into KSEN_SCHED_RQST_CMP_ROOM (CMP_ID, ROOM_ID) values ('8fe27992-0826-4e75-9e40-9c539d8ac79d', 'e26b7710-1faa-4f4e-ad57-52caec27baa9')
/
insert into KSEN_SCHED_RQST_CMP_TMSLOT (CMP_ID, TM_SLOT_ID) values ('8fe27992-0826-4e75-9e40-9c539d8ac79d', '676a9d93-cc4e-4d61-af13-5aaf6e46757e')
/
insert into KSEN_LUI (OBJ_ID, VER_NBR, CREATEID, CREATETIME, UPDATEID, UPDATETIME, ATP_ID, CLU_ID, EFF_DT, EXPIR_DT, DESCR_FORMATTED, LUI_STATE, LUI_TYPE, MAX_SEATS, MIN_SEATS, NAME, DESCR_PLAIN, REF_URL, ID) values ('69ba85fd-1de8-4c55-b94a-a6f44b3f0cba', 0, 'admin', TIMESTAMP '2013-06-04 11:10:24.128', 'admin', TIMESTAMP '2013-06-04 11:10:24.128', 'kuali.atp.2012CETerm1', 'bd80c228-fc5d-4178-9a88-896fa8a1b17e', '', '', 'Courses with discussion', 'kuali.lui.activity.offering.state.draft', 'kuali.lui.type.activity.offering.discussion', 24, 24, 'Discussion', 'Courses with discussion', 'null', '62350ce0-2b1e-4566-bf95-ead6429383ce')
/
insert into KSEN_LUI_ATTR (OBJ_ID, ATTR_KEY, OWNER_ID, ATTR_VALUE, ID) values ('e17afee8-9343-4154-8a4c-7bb702c49597', 'kuali.attribute.max.enrollment.is.estimate', '62350ce0-2b1e-4566-bf95-ead6429383ce', '0', 'dcf4215b-2088-49c3-9d3d-a99809c8d567')
/
insert into KSEN_LUI_ATTR (OBJ_ID, ATTR_KEY, OWNER_ID, ATTR_VALUE, ID) values ('fa95a7fe-2e66-402e-92ef-aa2d717b84e3', 'isWaitlistCheckinRequired', '62350ce0-2b1e-4566-bf95-ead6429383ce', '0', '0b98bf80-e4fe-4627-a379-ac6bf1829017')
/
insert into KSEN_LUI_ATTR (OBJ_ID, ATTR_KEY, OWNER_ID, ATTR_VALUE, ID) values ('bd4de0dc-62a2-4e69-83be-74164747269d', 'kuali.attribute.course.evaluation.indicator', '62350ce0-2b1e-4566-bf95-ead6429383ce', '0', '77164478-d1c2-469e-a2a2-ddec6c7a1328')
/
insert into KSEN_LUI_IDENT (OBJ_ID, VER_NBR, CREATEID, CREATETIME, UPDATEID, UPDATETIME, LUI_CD, DIVISION, IDENT_LEVEL, LNG_NAME, LUI_ID, ORGID, SHRT_NAME, LUI_ID_STATE, SUFX_CD, LUI_ID_TYPE, VARTN, ID) values ('e593635e-bf76-4520-89ab-a632efe1ba8b', 0, 'admin', TIMESTAMP '2013-06-04 11:10:24.128', 'admin', TIMESTAMP '2013-06-04 11:10:24.128', 'D', '', '', '', '62350ce0-2b1e-4566-bf95-ead6429383ce', '', '', 'kuali.lui.identifier.state.active', '', 'kuali.lui.identifier.type.official', '', 'efa9294f-8805-45d7-a3de-06713904b85f')
/
insert into KSEN_LUI_LU_CD (OBJ_ID, VER_NBR, CREATEID, CREATETIME, UPDATEID, UPDATETIME, DESCR_FORMATTED, LUI_ID, DESCR_PLAIN, LUI_LUCD_TYPE, VALUE, ID) values ('af6af553-d900-4bad-a923-c4c358c0bd5a', 0, 'admin', TIMESTAMP '2013-06-04 11:10:24.128', 'admin', TIMESTAMP '2013-06-04 11:10:24.128', '', '62350ce0-2b1e-4566-bf95-ead6429383ce', '', 'kuali.lu.code.honorsOffering', '0', 'e3dd1380-a4b2-48b1-8f4b-17d1068e419b')
/
insert into KSEN_LPR (OBJ_ID, VER_NBR, CREATEID, CREATETIME, UPDATEID, UPDATETIME, COMMIT_PERCT, EFF_DT, EXPIR_DT, LUI_ID, PERS_ID, LPR_STATE, LPR_TYPE, ID) values ('c4ca7a96-2787-43fc-8c46-58869c9d67d1', 0, 'admin', TIMESTAMP '2013-06-04 11:10:24.128', 'admin', TIMESTAMP '2013-06-04 11:10:24.128', '100.0', TIMESTAMP '2013-06-04 11:10:28.83', '', '62350ce0-2b1e-4566-bf95-ead6429383ce', 'C.MATTHEWS', 'kuali.lpr.state.active', 'kuali.lpr.type.instructor.main', '8ff23184-be5e-4eca-a605-65f5fca11767')
/
insert into KSEN_LUILUI_RELTN (OBJ_ID, VER_NBR, CREATEID, CREATETIME, UPDATEID, UPDATETIME, EFF_DT, EXPIR_DT, DESCR_FORMATTED, LUI_ID, LUILUI_RELTN_STATE, LUILUI_RELTN_TYPE, NAME, DESCR_PLAIN, RELATED_LUI_ID, ID) values ('0d571bc8-ccd9-4415-9e72-678444286363', 0, 'admin', TIMESTAMP '2013-06-04 11:10:24.128', 'admin', TIMESTAMP '2013-06-04 11:10:24.128', TIMESTAMP '2013-06-04 11:10:28.83', '', 'ENGL313-FO-AO', 'c5825a7c-743a-460d-9d98-beb9d1a8e087', 'kuali.lui.lui.relation.state.active', 'kuali.lui.lui.relation.type.deliveredvia.fo2ao', 'fo-ao-relation', 'ENGL313-FO-AO', '62350ce0-2b1e-4566-bf95-ead6429383ce', '4425c5f5-efe5-4593-bdc9-f5c96f29d2e5')
/
update KSEN_CO_SEAT_POOL_DEFN set OBJ_ID='519e2b25-fc40-46fd-b20b-b40c04c927e1', VER_NBR=2, UPDATEID='admin', UPDATETIME=TIMESTAMP '2013-06-04 11:10:24.128', ACTIVITY_OFFERING_ID='fa925c0c-0077-4a2f-bae3-1a1be93342ba', EXPIR_MSTONE_TYPE='kuali.atp.milestone.firstdayofclasses', PERCENTAGE_IND='0', NAME='300-level Senior Seatpool', POPULATION_ID='4160a52b-d353-4ab3-b72d-a3c2f9969783', PROCESSING_PRIORITY=1, SEAT_LIMIT=5, SEAT_POOL_DEFN_STATE='kuali.lui.capacity.state.active', SEAT_POOL_DEFN_TYPE='kuali.lui.capacity.type.seatpool' where ID='55cbab16-7f76-4d0c-8ff5-945a09ebb1b2' and VER_NBR=1
/
insert into KSEN_SCHED_RQST_SET (OBJ_ID, VER_NBR, CREATEID, CREATETIME, UPDATEID, UPDATETIME, DESCR_FORMATTED, MAX_ENRL_SHARED_IND, MAX_ENRL, NAME, DESCR_PLAIN, REF_OBJECT_TYPE, SCHED_RQST_SET_STATE, SCHED_RQST_SET_TYPE, ID) values ('5070be5d-3858-4e7c-a07a-4b5a22e5bc64', 0, 'admin', TIMESTAMP '2013-06-04 11:10:24.128', 'admin', TIMESTAMP '2013-06-04 11:10:24.128', '', '', '', '', '', 'http://student.kuali.org/wsdl/courseOffering/ActivityOfferingInfo', 'kuali.scheduling.schedule.request.state.created', 'kuali.scheduling.schedule.request.set.type.schedule.request.set', 'b2d3db14-3d74-4986-affe-ca9b5d1eb7e1')
/
insert into KSEN_SCHED_RQST (OBJ_ID, VER_NBR, CREATEID, CREATETIME, UPDATEID, UPDATETIME, DESCR_FORMATTED, NAME, DESCR_PLAIN, SCHED_RQST_STATE, SCHED_RQST_TYPE, SCHED_ID, SCHED_RQST_SET_ID, ID) values ('00ccad85-9d9c-465a-90be-d3a7aec3e3f9', 0, 'admin', TIMESTAMP '2013-06-04 11:10:24.128', 'admin', TIMESTAMP '2013-06-04 11:10:24.128', '', 'Schedule request for ENGL313 - D', '', 'kuali.scheduling.schedule.request.state.created', 'kuali.scheduling.schedule.request.type.schedule.request', '', 'b2d3db14-3d74-4986-affe-ca9b5d1eb7e1', 'ae9fa592-466c-4750-b386-82c0e842e5c5')
/
insert into KSEN_SCHED_RQST_CMP (OBJ_ID, TBA_IND, SCHED_RQST_ID, ID) values ('907111f0-5442-4b7d-bac4-498dbd409dd2', '0', 'ae9fa592-466c-4750-b386-82c0e842e5c5', 'f3a39c71-faa0-4f0a-b2cb-f9d744139519')
/
insert into KSEN_CO_SEAT_POOL_DEFN (OBJ_ID, VER_NBR, CREATEID, CREATETIME, UPDATEID, UPDATETIME, ACTIVITY_OFFERING_ID, EXPIR_MSTONE_TYPE, PERCENTAGE_IND, NAME, POPULATION_ID, PROCESSING_PRIORITY, SEAT_LIMIT, SEAT_POOL_DEFN_STATE, SEAT_POOL_DEFN_TYPE, ID) values ('c1bbfc4b-4df5-45f9-84db-0a34dfda1126', 1, 'admin', TIMESTAMP '2013-06-04 11:10:24.128', 'admin', TIMESTAMP '2013-06-04 11:10:24.128', '', 'kuali.atp.milestone.firstdayofclasses', '0', '300-level Senior Seatpool', '4160a52b-d353-4ab3-b72d-a3c2f9969783', 1, 5, 'kuali.lui.capacity.state.active', 'kuali.lui.capacity.type.seatpool', 'f7ca3445-e850-4711-b16a-992a1cb9c082')
/
insert into KSEN_SCHED_REF_OBJECT (SCHED_RQST_SET_ID, REF_OBJECT_ID) values ('b2d3db14-3d74-4986-affe-ca9b5d1eb7e1', '62350ce0-2b1e-4566-bf95-ead6429383ce')
/
insert into KSEN_SCHED_RQST_CMP_BLDG (CMP_ID, BUILDING_ID) values ('f3a39c71-faa0-4f0a-b2cb-f9d744139519', '84e53b2a-f39a-4b7a-8916-731087cff42d')
/
insert into KSEN_SCHED_RQST_CMP_CAMPUS (CMP_ID, CAMPUS_ID) values ('f3a39c71-faa0-4f0a-b2cb-f9d744139519', 'UMCP')
/
insert into KSEN_SCHED_RQST_CMP_ROOM (CMP_ID, ROOM_ID) values ('f3a39c71-faa0-4f0a-b2cb-f9d744139519', '4cf97f60-d7e8-4e69-a4e8-eb1294db4b26')
/
insert into KSEN_SCHED_RQST_CMP_TMSLOT (CMP_ID, TM_SLOT_ID) values ('f3a39c71-faa0-4f0a-b2cb-f9d744139519', 'dd2b8785-5f56-4c86-b6c7-c77aabcc288c')
/
insert into KSEN_LUI (OBJ_ID, VER_NBR, CREATEID, CREATETIME, UPDATEID, UPDATETIME, ATP_ID, CLU_ID, EFF_DT, EXPIR_DT, DESCR_FORMATTED, LUI_STATE, LUI_TYPE, MAX_SEATS, MIN_SEATS, NAME, DESCR_PLAIN, REF_URL, ID) values ('745ba1f2-d943-49d8-b84f-4da00ca4ce2f', 0, 'admin', TIMESTAMP '2013-06-04 11:10:24.128', 'admin', TIMESTAMP '2013-06-04 11:10:24.128', 'kuali.atp.2012CETerm1', '38e4c5cd-0e98-4174-8712-9f08616c677e', '', '', 'Courses with discussion', 'kuali.lui.activity.offering.state.draft', 'kuali.lui.type.activity.offering.discussion', 24, 24, 'Discussion', 'Courses with discussion', 'null', '122dc077-c07c-419d-ae57-f816b712a562')
/
insert into KSEN_LUI_ATTR (OBJ_ID, ATTR_KEY, OWNER_ID, ATTR_VALUE, ID) values ('6e5e5292-3876-4993-92de-9f57b3d59ba4', 'kuali.attribute.course.evaluation.indicator', '122dc077-c07c-419d-ae57-f816b712a562', '0', 'd6abd6e9-8a28-4412-9bbf-7365870e2496')
/
insert into KSEN_LUI_ATTR (OBJ_ID, ATTR_KEY, OWNER_ID, ATTR_VALUE, ID) values ('a4fa67c4-41b5-498a-85b8-c3fb19fabc79', 'kuali.attribute.max.enrollment.is.estimate', '122dc077-c07c-419d-ae57-f816b712a562', '0', 'e5ac988e-b3bc-425c-a3bd-f4c4b96d62e8')
/
insert into KSEN_LUI_ATTR (OBJ_ID, ATTR_KEY, OWNER_ID, ATTR_VALUE, ID) values ('336e7dac-1db8-4989-bc7c-da4e9ad4ffb1', 'isWaitlistCheckinRequired', '122dc077-c07c-419d-ae57-f816b712a562', '0', '518a3a0b-5b74-491c-b98d-c2245e1f3a0b')
/
insert into KSEN_LUI_IDENT (OBJ_ID, VER_NBR, CREATEID, CREATETIME, UPDATEID, UPDATETIME, LUI_CD, DIVISION, IDENT_LEVEL, LNG_NAME, LUI_ID, ORGID, SHRT_NAME, LUI_ID_STATE, SUFX_CD, LUI_ID_TYPE, VARTN, ID) values ('86c0259f-32ec-49a5-a0d0-78baf5294b98', 0, 'admin', TIMESTAMP '2013-06-04 11:10:24.128', 'admin', TIMESTAMP '2013-06-04 11:10:24.128', 'E', '', '', '', '122dc077-c07c-419d-ae57-f816b712a562', '', '', 'kuali.lui.identifier.state.active', '', 'kuali.lui.identifier.type.official', '', '9abce5d8-3d5e-4084-a18b-5925be131125')
/
insert into KSEN_LUI_LU_CD (OBJ_ID, VER_NBR, CREATEID, CREATETIME, UPDATEID, UPDATETIME, DESCR_FORMATTED, LUI_ID, DESCR_PLAIN, LUI_LUCD_TYPE, VALUE, ID) values ('f9b9217d-0b82-4a3e-9b88-416be14398de', 0, 'admin', TIMESTAMP '2013-06-04 11:10:24.128', 'admin', TIMESTAMP '2013-06-04 11:10:24.128', '', '122dc077-c07c-419d-ae57-f816b712a562', '', 'kuali.lu.code.honorsOffering', '0', 'cddf1caa-6c95-4924-b4d5-a3044eadcac1')
/
insert into KSEN_LPR (OBJ_ID, VER_NBR, CREATEID, CREATETIME, UPDATEID, UPDATETIME, COMMIT_PERCT, EFF_DT, EXPIR_DT, LUI_ID, PERS_ID, LPR_STATE, LPR_TYPE, ID) values ('6dc152d9-fb10-42cc-bc7b-da94456f203b', 0, 'admin', TIMESTAMP '2013-06-04 11:10:24.128', 'admin', TIMESTAMP '2013-06-04 11:10:24.128', '100.0', TIMESTAMP '2013-06-04 11:10:29.078', '', '122dc077-c07c-419d-ae57-f816b712a562', 'K.NIELV', 'kuali.lpr.state.active', 'kuali.lpr.type.instructor.main', '7d971c1d-ccc3-485f-918b-e66214c96c70')
/
insert into KSEN_LUILUI_RELTN (OBJ_ID, VER_NBR, CREATEID, CREATETIME, UPDATEID, UPDATETIME, EFF_DT, EXPIR_DT, DESCR_FORMATTED, LUI_ID, LUILUI_RELTN_STATE, LUILUI_RELTN_TYPE, NAME, DESCR_PLAIN, RELATED_LUI_ID, ID) values ('b0455849-393e-4290-9836-bc913c9a3937', 0, 'admin', TIMESTAMP '2013-06-04 11:10:24.128', 'admin', TIMESTAMP '2013-06-04 11:10:24.128', TIMESTAMP '2013-06-04 11:10:29.079', '', 'ENGL313-FO-AO', 'c5825a7c-743a-460d-9d98-beb9d1a8e087', 'kuali.lui.lui.relation.state.active', 'kuali.lui.lui.relation.type.deliveredvia.fo2ao', 'fo-ao-relation', 'ENGL313-FO-AO', '122dc077-c07c-419d-ae57-f816b712a562', '67651b6d-6fbf-4eca-a902-92886c04e132')
/
update KSEN_CO_SEAT_POOL_DEFN set OBJ_ID='c1bbfc4b-4df5-45f9-84db-0a34dfda1126', VER_NBR=2, UPDATEID='admin', UPDATETIME=TIMESTAMP '2013-06-04 11:10:24.128', ACTIVITY_OFFERING_ID='62350ce0-2b1e-4566-bf95-ead6429383ce', EXPIR_MSTONE_TYPE='kuali.atp.milestone.firstdayofclasses', PERCENTAGE_IND='0', NAME='300-level Senior Seatpool', POPULATION_ID='4160a52b-d353-4ab3-b72d-a3c2f9969783', PROCESSING_PRIORITY=1, SEAT_LIMIT=5, SEAT_POOL_DEFN_STATE='kuali.lui.capacity.state.active', SEAT_POOL_DEFN_TYPE='kuali.lui.capacity.type.seatpool' where ID='f7ca3445-e850-4711-b16a-992a1cb9c082' and VER_NBR=1
/
insert into KSEN_SCHED_RQST_SET (OBJ_ID, VER_NBR, CREATEID, CREATETIME, UPDATEID, UPDATETIME, DESCR_FORMATTED, MAX_ENRL_SHARED_IND, MAX_ENRL, NAME, DESCR_PLAIN, REF_OBJECT_TYPE, SCHED_RQST_SET_STATE, SCHED_RQST_SET_TYPE, ID) values ('3f17b500-124e-4d11-95f0-b70d612d8534', 0, 'admin', TIMESTAMP '2013-06-04 11:10:24.128', 'admin', TIMESTAMP '2013-06-04 11:10:24.128', '', '', '', '', '', 'http://student.kuali.org/wsdl/courseOffering/ActivityOfferingInfo', 'kuali.scheduling.schedule.request.state.created', 'kuali.scheduling.schedule.request.set.type.schedule.request.set', 'a172f860-7a55-443e-ae08-1a2f8fa26622')
/
insert into KSEN_SCHED_RQST (OBJ_ID, VER_NBR, CREATEID, CREATETIME, UPDATEID, UPDATETIME, DESCR_FORMATTED, NAME, DESCR_PLAIN, SCHED_RQST_STATE, SCHED_RQST_TYPE, SCHED_ID, SCHED_RQST_SET_ID, ID) values ('25752fbd-37f7-43f9-9ae3-5b092f20ef56', 0, 'admin', TIMESTAMP '2013-06-04 11:10:24.128', 'admin', TIMESTAMP '2013-06-04 11:10:24.128', '', 'Schedule request for ENGL313 - E', '', 'kuali.scheduling.schedule.request.state.created', 'kuali.scheduling.schedule.request.type.schedule.request', '', 'a172f860-7a55-443e-ae08-1a2f8fa26622', '7ee2ccd8-b14d-4922-a8ff-313ea8842f06')
/
insert into KSEN_SCHED_RQST_CMP (OBJ_ID, TBA_IND, SCHED_RQST_ID, ID) values ('4cbe543c-9587-46ff-9135-ad78f959975d', '0', '7ee2ccd8-b14d-4922-a8ff-313ea8842f06', 'e62c597c-4de7-42a1-8448-636523c3f77d')
/
insert into KSEN_CO_SEAT_POOL_DEFN (OBJ_ID, VER_NBR, CREATEID, CREATETIME, UPDATEID, UPDATETIME, ACTIVITY_OFFERING_ID, EXPIR_MSTONE_TYPE, PERCENTAGE_IND, NAME, POPULATION_ID, PROCESSING_PRIORITY, SEAT_LIMIT, SEAT_POOL_DEFN_STATE, SEAT_POOL_DEFN_TYPE, ID) values ('5c875cd8-ec92-4ab9-9e6f-c4969168e6d8', 1, 'admin', TIMESTAMP '2013-06-04 11:10:24.128', 'admin', TIMESTAMP '2013-06-04 11:10:24.128', '', 'kuali.atp.milestone.firstdayofclasses', '0', '300-level Senior Seatpool', '4160a52b-d353-4ab3-b72d-a3c2f9969783', 1, 5, 'kuali.lui.capacity.state.active', 'kuali.lui.capacity.type.seatpool', '29e8670f-6cb3-43cc-8e4b-bb21e0773a0c')
/
insert into KSEN_SCHED_REF_OBJECT (SCHED_RQST_SET_ID, REF_OBJECT_ID) values ('a172f860-7a55-443e-ae08-1a2f8fa26622', '122dc077-c07c-419d-ae57-f816b712a562')
/
insert into KSEN_SCHED_RQST_CMP_BLDG (CMP_ID, BUILDING_ID) values ('e62c597c-4de7-42a1-8448-636523c3f77d', '84e53b2a-f39a-4b7a-8916-731087cff42d')
/
insert into KSEN_SCHED_RQST_CMP_CAMPUS (CMP_ID, CAMPUS_ID) values ('e62c597c-4de7-42a1-8448-636523c3f77d', 'UMCP')
/
insert into KSEN_SCHED_RQST_CMP_ROOM (CMP_ID, ROOM_ID) values ('e62c597c-4de7-42a1-8448-636523c3f77d', '62e733ab-c66b-4859-b56e-3cca707cca9d')
/
insert into KSEN_SCHED_RQST_CMP_TMSLOT (CMP_ID, TM_SLOT_ID) values ('e62c597c-4de7-42a1-8448-636523c3f77d', '008a4de4-839a-481b-a00f-122801aa7f75')
/
insert into KSEN_CO_AO_CLUSTER (OBJ_ID, VER_NBR, CREATEID, CREATETIME, UPDATEID, UPDATETIME, AO_CLUSTER_STATE, AO_CLUSTER_TYPE, DESCR_FORMATTED, DESCR_PLAIN, FORMAT_OFFERING_ID, NAME, PRIVATE_NAME, ID) values ('78f3c706-dbaf-4caf-813d-0b65d2eab11c', 0, 'admin', TIMESTAMP '2013-06-04 11:10:24.128', 'admin', TIMESTAMP '2013-06-04 11:10:24.128', 'kuali.activity.offering.cluster.state.active', 'kuali.activity.offering.cluster.type.activity.offering.cluster', '', '', 'c5825a7c-743a-460d-9d98-beb9d1a8e087', 'CL 101', 'CL 101', '40eede52-0d22-4101-9c0f-f91c7ca48ca1')
/
insert into KSEN_CO_AO_CLUSTER_SET (OBJ_ID, ACTIVITY_OFFERING_TYPE, AO_CLUSTER_ID, ID) values ('baf55c07-085e-4efb-90b2-64266928e59c', 'kuali.lui.type.activity.offering.lecture', '40eede52-0d22-4101-9c0f-f91c7ca48ca1', 'c9bd9b73-e307-4633-b965-70e20d3f50c1')
/
insert into KSEN_CO_AO_CLUSTER_SET (OBJ_ID, ACTIVITY_OFFERING_TYPE, AO_CLUSTER_ID, ID) values ('3f8669e6-cf49-4b8b-a12d-59c4e70d99c9', 'kuali.lui.type.activity.offering.discussion', '40eede52-0d22-4101-9c0f-f91c7ca48ca1', '4a8414b2-0d0f-4c11-a32a-83f7a0ac852f')
/
update KSEN_CO_SEAT_POOL_DEFN set OBJ_ID='5c875cd8-ec92-4ab9-9e6f-c4969168e6d8', VER_NBR=2, UPDATEID='admin', UPDATETIME=TIMESTAMP '2013-06-04 11:10:24.128', ACTIVITY_OFFERING_ID='122dc077-c07c-419d-ae57-f816b712a562', EXPIR_MSTONE_TYPE='kuali.atp.milestone.firstdayofclasses', PERCENTAGE_IND='0', NAME='300-level Senior Seatpool', POPULATION_ID='4160a52b-d353-4ab3-b72d-a3c2f9969783', PROCESSING_PRIORITY=1, SEAT_LIMIT=5, SEAT_POOL_DEFN_STATE='kuali.lui.capacity.state.active', SEAT_POOL_DEFN_TYPE='kuali.lui.capacity.type.seatpool' where ID='29e8670f-6cb3-43cc-8e4b-bb21e0773a0c' and VER_NBR=1
/
insert into KSEN_CO_AO_CLUSTER_SET_AO (AOC_SET_ID, ACTIVITY_OFFERING_ID) values ('c9bd9b73-e307-4633-b965-70e20d3f50c1', '4ed64abb-e257-4c18-af2a-edc034278b89')
/
insert into KSEN_CO_AO_CLUSTER_SET_AO (AOC_SET_ID, ACTIVITY_OFFERING_ID) values ('4a8414b2-0d0f-4c11-a32a-83f7a0ac852f', '122dc077-c07c-419d-ae57-f816b712a562')
/
insert into KSEN_CO_AO_CLUSTER_SET_AO (AOC_SET_ID, ACTIVITY_OFFERING_ID) values ('4a8414b2-0d0f-4c11-a32a-83f7a0ac852f', '0e5e5ded-2722-4d46-9ac5-964b6b95006c')
/
insert into KSEN_CO_AO_CLUSTER_SET_AO (AOC_SET_ID, ACTIVITY_OFFERING_ID) values ('4a8414b2-0d0f-4c11-a32a-83f7a0ac852f', 'fa925c0c-0077-4a2f-bae3-1a1be93342ba')
/
insert into KSEN_CO_AO_CLUSTER_SET_AO (AOC_SET_ID, ACTIVITY_OFFERING_ID) values ('4a8414b2-0d0f-4c11-a32a-83f7a0ac852f', '62350ce0-2b1e-4566-bf95-ead6429383ce')
/
update KSEN_CO_AO_CLUSTER_SET set AO_CLUSTER_ID='40eede52-0d22-4101-9c0f-f91c7ca48ca1' where ID='c9bd9b73-e307-4633-b965-70e20d3f50c1'
/
update KSEN_CO_AO_CLUSTER_SET set AO_CLUSTER_ID='40eede52-0d22-4101-9c0f-f91c7ca48ca1' where ID='4a8414b2-0d0f-4c11-a32a-83f7a0ac852f'
/
insert into KSEN_LUI (OBJ_ID, VER_NBR, CREATEID, CREATETIME, UPDATEID, UPDATETIME, ATP_ID, CLU_ID, EFF_DT, EXPIR_DT, DESCR_FORMATTED, LUI_STATE, LUI_TYPE, MAX_SEATS, MIN_SEATS, NAME, DESCR_PLAIN, REF_URL, ID) values ('07582fb5-4d1a-4510-808c-beeaa303f1de', 0, 'admin', TIMESTAMP '2013-06-04 11:10:24.128', 'admin', TIMESTAMP '2013-06-04 11:10:24.128', 'kuali.atp.2012CETerm1', 'c6a8b277-7dba-4e06-9f9c-47e5dc936a68', '', '', '1001', 'kuali.lui.registration.group.state.pending', 'kuali.lui.type.registration.group', '', '', '1001', '1001', '', 'ee333ab4-eb59-4b69-9982-7aa6d16c13d3')
/
insert into KSEN_LUI_ATTR (OBJ_ID, ATTR_KEY, OWNER_ID, ATTR_VALUE, ID) values ('77f4f832-f9ba-4943-8292-3ab440107776', 'kuali.attribute.registration.group.aocluster.id', 'ee333ab4-eb59-4b69-9982-7aa6d16c13d3', '40eede52-0d22-4101-9c0f-f91c7ca48ca1', 'e68f09f5-c5e7-4072-b285-173e6581346b')
/
insert into KSEN_LUI_ATTR (OBJ_ID, ATTR_KEY, OWNER_ID, ATTR_VALUE, ID) values ('3ce097c5-6f95-470e-acbf-04e0ad00273e', 'kuali.attribute.registration.group.is.generated', 'ee333ab4-eb59-4b69-9982-7aa6d16c13d3', '1', 'ddd4ad4f-49ae-45a8-aaeb-10b9430204f9')
/
insert into KSEN_LUI_IDENT (OBJ_ID, VER_NBR, CREATEID, CREATETIME, UPDATEID, UPDATETIME, LUI_CD, DIVISION, IDENT_LEVEL, LNG_NAME, LUI_ID, ORGID, SHRT_NAME, LUI_ID_STATE, SUFX_CD, LUI_ID_TYPE, VARTN, ID) values ('937a34dd-0b17-49ab-ba58-457acf8820bf', 0, 'admin', TIMESTAMP '2013-06-04 11:10:24.128', 'admin', TIMESTAMP '2013-06-04 11:10:24.128', '', '', '', '', 'ee333ab4-eb59-4b69-9982-7aa6d16c13d3', '', '', 'kuali.lui.identifier.state.active', '', 'kuali.lui.identifier.type.official', '', '1f11739a-a985-4b98-836e-3feadcd5e75a')
/
insert into KSEN_LUILUI_RELTN (OBJ_ID, VER_NBR, CREATEID, CREATETIME, UPDATEID, UPDATETIME, EFF_DT, EXPIR_DT, DESCR_FORMATTED, LUI_ID, LUILUI_RELTN_STATE, LUILUI_RELTN_TYPE, NAME, DESCR_PLAIN, RELATED_LUI_ID, ID) values ('e8310bc8-7e7d-43d0-a447-4b383ea13556', 0, 'admin', TIMESTAMP '2013-06-04 11:10:24.128', 'admin', TIMESTAMP '2013-06-04 11:10:24.128', TIMESTAMP '2013-06-04 11:10:31.136', '', 'ENGL313-FO-RG', 'c5825a7c-743a-460d-9d98-beb9d1a8e087', 'kuali.lui.lui.relation.state.active', 'kuali.lui.lui.relation.type.deliveredvia.fo2rg', 'fo-rg-relation', 'ENGL313-FO-RG', 'ee333ab4-eb59-4b69-9982-7aa6d16c13d3', '19091a12-4db6-4a10-8171-db3ff812fe99')
/
insert into KSEN_LUILUI_RELTN (OBJ_ID, VER_NBR, CREATEID, CREATETIME, UPDATEID, UPDATETIME, EFF_DT, EXPIR_DT, DESCR_FORMATTED, LUI_ID, LUILUI_RELTN_STATE, LUILUI_RELTN_TYPE, NAME, DESCR_PLAIN, RELATED_LUI_ID, ID) values ('5a416002-bfe7-48b2-bc23-daa38889e112', 0, 'admin', TIMESTAMP '2013-06-04 11:10:24.128', 'admin', TIMESTAMP '2013-06-04 11:10:24.128', TIMESTAMP '2013-06-04 11:10:31.137', '', 'ENGL313-RG-AO', 'ee333ab4-eb59-4b69-9982-7aa6d16c13d3', 'kuali.lui.lui.relation.state.active', 'kuali.lui.lui.relation.type.registeredforvia.rg2ao', 'rg-ao-relation', 'ENGL313-RG-AO', '4ed64abb-e257-4c18-af2a-edc034278b89', 'b65b0dd1-be17-49ef-a38d-dc94f616cccf')
/
insert into KSEN_LUILUI_RELTN (OBJ_ID, VER_NBR, CREATEID, CREATETIME, UPDATEID, UPDATETIME, EFF_DT, EXPIR_DT, DESCR_FORMATTED, LUI_ID, LUILUI_RELTN_STATE, LUILUI_RELTN_TYPE, NAME, DESCR_PLAIN, RELATED_LUI_ID, ID) values ('a4446b94-2f43-4ea3-be6b-95ff6fa9be39', 0, 'admin', TIMESTAMP '2013-06-04 11:10:24.128', 'admin', TIMESTAMP '2013-06-04 11:10:24.128', TIMESTAMP '2013-06-04 11:10:31.138', '', 'ENGL313-RG-AO', 'ee333ab4-eb59-4b69-9982-7aa6d16c13d3', 'kuali.lui.lui.relation.state.active', 'kuali.lui.lui.relation.type.registeredforvia.rg2ao', 'rg-ao-relation', 'ENGL313-RG-AO', '122dc077-c07c-419d-ae57-f816b712a562', '3ba973b7-e17f-476c-9e07-985c3137cd5c')
/
insert into KSEN_LUI (OBJ_ID, VER_NBR, CREATEID, CREATETIME, UPDATEID, UPDATETIME, ATP_ID, CLU_ID, EFF_DT, EXPIR_DT, DESCR_FORMATTED, LUI_STATE, LUI_TYPE, MAX_SEATS, MIN_SEATS, NAME, DESCR_PLAIN, REF_URL, ID) values ('9c92d0ed-fe53-4735-90f3-a1e8d692df6e', 0, 'admin', TIMESTAMP '2013-06-04 11:10:24.128', 'admin', TIMESTAMP '2013-06-04 11:10:24.128', 'kuali.atp.2012CETerm1', 'c6a8b277-7dba-4e06-9f9c-47e5dc936a68', '', '', '1002', 'kuali.lui.registration.group.state.pending', 'kuali.lui.type.registration.group', '', '', '1002', '1002', '', 'd44bfbea-9d74-4447-8fe0-6ba456525321')
/
insert into KSEN_LUI_ATTR (OBJ_ID, ATTR_KEY, OWNER_ID, ATTR_VALUE, ID) values ('1c4b1ffb-0aff-4442-b744-c7b7658027b2', 'kuali.attribute.registration.group.is.generated', 'd44bfbea-9d74-4447-8fe0-6ba456525321', '1', '9fc2ea38-0e5a-4629-ac60-bf3ca16ee7c5')
/
insert into KSEN_LUI_ATTR (OBJ_ID, ATTR_KEY, OWNER_ID, ATTR_VALUE, ID) values ('f08aea5d-096b-4594-9b73-fa227cb246e2', 'kuali.attribute.registration.group.aocluster.id', 'd44bfbea-9d74-4447-8fe0-6ba456525321', '40eede52-0d22-4101-9c0f-f91c7ca48ca1', 'a59bd0ad-d961-4476-ad29-7b6ad2186404')
/
insert into KSEN_LUI_IDENT (OBJ_ID, VER_NBR, CREATEID, CREATETIME, UPDATEID, UPDATETIME, LUI_CD, DIVISION, IDENT_LEVEL, LNG_NAME, LUI_ID, ORGID, SHRT_NAME, LUI_ID_STATE, SUFX_CD, LUI_ID_TYPE, VARTN, ID) values ('2ba5bf01-d6ef-4f15-853c-93a10af65033', 0, 'admin', TIMESTAMP '2013-06-04 11:10:24.128', 'admin', TIMESTAMP '2013-06-04 11:10:24.128', '', '', '', '', 'd44bfbea-9d74-4447-8fe0-6ba456525321', '', '', 'kuali.lui.identifier.state.active', '', 'kuali.lui.identifier.type.official', '', 'd7b03947-857e-40e3-b97c-33ad57d3d450')
/
insert into KSEN_LUILUI_RELTN (OBJ_ID, VER_NBR, CREATEID, CREATETIME, UPDATEID, UPDATETIME, EFF_DT, EXPIR_DT, DESCR_FORMATTED, LUI_ID, LUILUI_RELTN_STATE, LUILUI_RELTN_TYPE, NAME, DESCR_PLAIN, RELATED_LUI_ID, ID) values ('aae89634-91ba-4c6e-bde0-a9be62aabcc2', 0, 'admin', TIMESTAMP '2013-06-04 11:10:24.128', 'admin', TIMESTAMP '2013-06-04 11:10:24.128', TIMESTAMP '2013-06-04 11:10:31.357', '', 'ENGL313-FO-RG', 'c5825a7c-743a-460d-9d98-beb9d1a8e087', 'kuali.lui.lui.relation.state.active', 'kuali.lui.lui.relation.type.deliveredvia.fo2rg', 'fo-rg-relation', 'ENGL313-FO-RG', 'd44bfbea-9d74-4447-8fe0-6ba456525321', 'fa400174-6d5e-4b21-bc79-e24b67dc3f43')
/
insert into KSEN_LUILUI_RELTN (OBJ_ID, VER_NBR, CREATEID, CREATETIME, UPDATEID, UPDATETIME, EFF_DT, EXPIR_DT, DESCR_FORMATTED, LUI_ID, LUILUI_RELTN_STATE, LUILUI_RELTN_TYPE, NAME, DESCR_PLAIN, RELATED_LUI_ID, ID) values ('d0b9c226-0386-4d83-8730-9bd9e86cedd4', 0, 'admin', TIMESTAMP '2013-06-04 11:10:24.128', 'admin', TIMESTAMP '2013-06-04 11:10:24.128', TIMESTAMP '2013-06-04 11:10:31.358', '', 'ENGL313-RG-AO', 'd44bfbea-9d74-4447-8fe0-6ba456525321', 'kuali.lui.lui.relation.state.active', 'kuali.lui.lui.relation.type.registeredforvia.rg2ao', 'rg-ao-relation', 'ENGL313-RG-AO', '4ed64abb-e257-4c18-af2a-edc034278b89', 'e8ba252a-42b5-4a57-b9e6-3e2bb8629a07')
/
insert into KSEN_LUILUI_RELTN (OBJ_ID, VER_NBR, CREATEID, CREATETIME, UPDATEID, UPDATETIME, EFF_DT, EXPIR_DT, DESCR_FORMATTED, LUI_ID, LUILUI_RELTN_STATE, LUILUI_RELTN_TYPE, NAME, DESCR_PLAIN, RELATED_LUI_ID, ID) values ('67686818-fb6c-4b49-be0d-184f376f5506', 0, 'admin', TIMESTAMP '2013-06-04 11:10:24.128', 'admin', TIMESTAMP '2013-06-04 11:10:24.128', TIMESTAMP '2013-06-04 11:10:31.358', '', 'ENGL313-RG-AO', 'd44bfbea-9d74-4447-8fe0-6ba456525321', 'kuali.lui.lui.relation.state.active', 'kuali.lui.lui.relation.type.registeredforvia.rg2ao', 'rg-ao-relation', 'ENGL313-RG-AO', 'fa925c0c-0077-4a2f-bae3-1a1be93342ba', 'e042a2eb-a756-451c-817c-ad782fe1f74e')
/
insert into KSEN_LUI (OBJ_ID, VER_NBR, CREATEID, CREATETIME, UPDATEID, UPDATETIME, ATP_ID, CLU_ID, EFF_DT, EXPIR_DT, DESCR_FORMATTED, LUI_STATE, LUI_TYPE, MAX_SEATS, MIN_SEATS, NAME, DESCR_PLAIN, REF_URL, ID) values ('e5a34d11-77ef-480c-b19d-2fa0f85aad30', 0, 'admin', TIMESTAMP '2013-06-04 11:10:24.128', 'admin', TIMESTAMP '2013-06-04 11:10:24.128', 'kuali.atp.2012CETerm1', 'c6a8b277-7dba-4e06-9f9c-47e5dc936a68', '', '', '1003', 'kuali.lui.registration.group.state.pending', 'kuali.lui.type.registration.group', '', '', '1003', '1003', '', '263f01fc-ccc6-4b9e-85d1-03ca5140ff83')
/
insert into KSEN_LUI_ATTR (OBJ_ID, ATTR_KEY, OWNER_ID, ATTR_VALUE, ID) values ('f382d9b1-b671-47c7-81dc-4d47e9ac5722', 'kuali.attribute.registration.group.is.generated', '263f01fc-ccc6-4b9e-85d1-03ca5140ff83', '1', 'f85d445a-eadc-47b4-8db7-ac77c6c50659')
/
insert into KSEN_LUI_ATTR (OBJ_ID, ATTR_KEY, OWNER_ID, ATTR_VALUE, ID) values ('3e972645-3d08-4671-907b-f72bae1b964f', 'kuali.attribute.registration.group.aocluster.id', '263f01fc-ccc6-4b9e-85d1-03ca5140ff83', '40eede52-0d22-4101-9c0f-f91c7ca48ca1', '74a278a9-2243-454f-8b35-e72b6b180b97')
/
insert into KSEN_LUI_IDENT (OBJ_ID, VER_NBR, CREATEID, CREATETIME, UPDATEID, UPDATETIME, LUI_CD, DIVISION, IDENT_LEVEL, LNG_NAME, LUI_ID, ORGID, SHRT_NAME, LUI_ID_STATE, SUFX_CD, LUI_ID_TYPE, VARTN, ID) values ('ffe876aa-5a06-427b-a345-95f1c9f644ee', 0, 'admin', TIMESTAMP '2013-06-04 11:10:24.128', 'admin', TIMESTAMP '2013-06-04 11:10:24.128', '', '', '', '', '263f01fc-ccc6-4b9e-85d1-03ca5140ff83', '', '', 'kuali.lui.identifier.state.active', '', 'kuali.lui.identifier.type.official', '', '9be5ee0d-bbac-4585-b07f-f368c0dc2acf')
/
insert into KSEN_LUILUI_RELTN (OBJ_ID, VER_NBR, CREATEID, CREATETIME, UPDATEID, UPDATETIME, EFF_DT, EXPIR_DT, DESCR_FORMATTED, LUI_ID, LUILUI_RELTN_STATE, LUILUI_RELTN_TYPE, NAME, DESCR_PLAIN, RELATED_LUI_ID, ID) values ('c4742252-f76f-400a-926b-7038cdc7932e', 0, 'admin', TIMESTAMP '2013-06-04 11:10:24.128', 'admin', TIMESTAMP '2013-06-04 11:10:24.128', TIMESTAMP '2013-06-04 11:10:31.572', '', 'ENGL313-FO-RG', 'c5825a7c-743a-460d-9d98-beb9d1a8e087', 'kuali.lui.lui.relation.state.active', 'kuali.lui.lui.relation.type.deliveredvia.fo2rg', 'fo-rg-relation', 'ENGL313-FO-RG', '263f01fc-ccc6-4b9e-85d1-03ca5140ff83', 'b321ec05-9192-4329-9928-2b1ea3c88be7')
/
insert into KSEN_LUILUI_RELTN (OBJ_ID, VER_NBR, CREATEID, CREATETIME, UPDATEID, UPDATETIME, EFF_DT, EXPIR_DT, DESCR_FORMATTED, LUI_ID, LUILUI_RELTN_STATE, LUILUI_RELTN_TYPE, NAME, DESCR_PLAIN, RELATED_LUI_ID, ID) values ('95faa743-7934-4306-9778-45615cd4b430', 0, 'admin', TIMESTAMP '2013-06-04 11:10:24.128', 'admin', TIMESTAMP '2013-06-04 11:10:24.128', TIMESTAMP '2013-06-04 11:10:31.573', '', 'ENGL313-RG-AO', '263f01fc-ccc6-4b9e-85d1-03ca5140ff83', 'kuali.lui.lui.relation.state.active', 'kuali.lui.lui.relation.type.registeredforvia.rg2ao', 'rg-ao-relation', 'ENGL313-RG-AO', '4ed64abb-e257-4c18-af2a-edc034278b89', 'd5fd9c76-9e18-4aea-b600-640adcc457df')
/
insert into KSEN_LUILUI_RELTN (OBJ_ID, VER_NBR, CREATEID, CREATETIME, UPDATEID, UPDATETIME, EFF_DT, EXPIR_DT, DESCR_FORMATTED, LUI_ID, LUILUI_RELTN_STATE, LUILUI_RELTN_TYPE, NAME, DESCR_PLAIN, RELATED_LUI_ID, ID) values ('3f70b5ce-d27e-4303-954a-8d976e16d588', 0, 'admin', TIMESTAMP '2013-06-04 11:10:24.128', 'admin', TIMESTAMP '2013-06-04 11:10:24.128', TIMESTAMP '2013-06-04 11:10:31.574', '', 'ENGL313-RG-AO', '263f01fc-ccc6-4b9e-85d1-03ca5140ff83', 'kuali.lui.lui.relation.state.active', 'kuali.lui.lui.relation.type.registeredforvia.rg2ao', 'rg-ao-relation', 'ENGL313-RG-AO', '0e5e5ded-2722-4d46-9ac5-964b6b95006c', '6e2e5dd7-e3a6-4f00-80ba-bd9775c11fbf')
/
insert into KSEN_LUI (OBJ_ID, VER_NBR, CREATEID, CREATETIME, UPDATEID, UPDATETIME, ATP_ID, CLU_ID, EFF_DT, EXPIR_DT, DESCR_FORMATTED, LUI_STATE, LUI_TYPE, MAX_SEATS, MIN_SEATS, NAME, DESCR_PLAIN, REF_URL, ID) values ('4883be38-c1e7-4bff-936d-3c1cc6d0018f', 0, 'admin', TIMESTAMP '2013-06-04 11:10:24.128', 'admin', TIMESTAMP '2013-06-04 11:10:24.128', 'kuali.atp.2012CETerm1', 'c6a8b277-7dba-4e06-9f9c-47e5dc936a68', '', '', '1004', 'kuali.lui.registration.group.state.pending', 'kuali.lui.type.registration.group', '', '', '1004', '1004', '', 'fee5e9ca-b597-4d2c-8bb7-46870e502ac4')
/
insert into KSEN_LUI_ATTR (OBJ_ID, ATTR_KEY, OWNER_ID, ATTR_VALUE, ID) values ('2f0dbe42-6cc3-42f4-9708-2622643529e5', 'kuali.attribute.registration.group.is.generated', 'fee5e9ca-b597-4d2c-8bb7-46870e502ac4', '1', 'b5465bc8-2533-4217-837a-015cbcf66d83')
/
insert into KSEN_LUI_ATTR (OBJ_ID, ATTR_KEY, OWNER_ID, ATTR_VALUE, ID) values ('b4c18303-c77c-44c2-85d2-5e1fceb35892', 'kuali.attribute.registration.group.aocluster.id', 'fee5e9ca-b597-4d2c-8bb7-46870e502ac4', '40eede52-0d22-4101-9c0f-f91c7ca48ca1', '90aa1422-3eb8-4014-8f5e-6a4e7e4f8a28')
/
insert into KSEN_LUI_IDENT (OBJ_ID, VER_NBR, CREATEID, CREATETIME, UPDATEID, UPDATETIME, LUI_CD, DIVISION, IDENT_LEVEL, LNG_NAME, LUI_ID, ORGID, SHRT_NAME, LUI_ID_STATE, SUFX_CD, LUI_ID_TYPE, VARTN, ID) values ('086bafb9-175c-4972-932e-14b877fc6051', 0, 'admin', TIMESTAMP '2013-06-04 11:10:24.128', 'admin', TIMESTAMP '2013-06-04 11:10:24.128', '', '', '', '', 'fee5e9ca-b597-4d2c-8bb7-46870e502ac4', '', '', 'kuali.lui.identifier.state.active', '', 'kuali.lui.identifier.type.official', '', 'db938f0c-4b82-4b58-bdfa-75c32b5cc722')
/
insert into KSEN_LUILUI_RELTN (OBJ_ID, VER_NBR, CREATEID, CREATETIME, UPDATEID, UPDATETIME, EFF_DT, EXPIR_DT, DESCR_FORMATTED, LUI_ID, LUILUI_RELTN_STATE, LUILUI_RELTN_TYPE, NAME, DESCR_PLAIN, RELATED_LUI_ID, ID) values ('a059874f-5b45-40e5-8b70-61980fac8d31', 0, 'admin', TIMESTAMP '2013-06-04 11:10:24.128', 'admin', TIMESTAMP '2013-06-04 11:10:24.128', TIMESTAMP '2013-06-04 11:10:31.789', '', 'ENGL313-FO-RG', 'c5825a7c-743a-460d-9d98-beb9d1a8e087', 'kuali.lui.lui.relation.state.active', 'kuali.lui.lui.relation.type.deliveredvia.fo2rg', 'fo-rg-relation', 'ENGL313-FO-RG', 'fee5e9ca-b597-4d2c-8bb7-46870e502ac4', 'a4c07a6c-1b74-497d-b605-13772a8b5fb6')
/
insert into KSEN_LUILUI_RELTN (OBJ_ID, VER_NBR, CREATEID, CREATETIME, UPDATEID, UPDATETIME, EFF_DT, EXPIR_DT, DESCR_FORMATTED, LUI_ID, LUILUI_RELTN_STATE, LUILUI_RELTN_TYPE, NAME, DESCR_PLAIN, RELATED_LUI_ID, ID) values ('9d27f073-5024-42c5-9aad-e88a3a765e42', 0, 'admin', TIMESTAMP '2013-06-04 11:10:24.128', 'admin', TIMESTAMP '2013-06-04 11:10:24.128', TIMESTAMP '2013-06-04 11:10:31.79', '', 'ENGL313-RG-AO', 'fee5e9ca-b597-4d2c-8bb7-46870e502ac4', 'kuali.lui.lui.relation.state.active', 'kuali.lui.lui.relation.type.registeredforvia.rg2ao', 'rg-ao-relation', 'ENGL313-RG-AO', '4ed64abb-e257-4c18-af2a-edc034278b89', 'd349043c-0f03-4eb6-95f1-7d1904b0bb03')
/
insert into KSEN_LUILUI_RELTN (OBJ_ID, VER_NBR, CREATEID, CREATETIME, UPDATEID, UPDATETIME, EFF_DT, EXPIR_DT, DESCR_FORMATTED, LUI_ID, LUILUI_RELTN_STATE, LUILUI_RELTN_TYPE, NAME, DESCR_PLAIN, RELATED_LUI_ID, ID) values ('786b7fc7-c821-40b7-8eb4-262a89e1d16d', 0, 'admin', TIMESTAMP '2013-06-04 11:10:24.128', 'admin', TIMESTAMP '2013-06-04 11:10:24.128', TIMESTAMP '2013-06-04 11:10:31.79', '', 'ENGL313-RG-AO', 'fee5e9ca-b597-4d2c-8bb7-46870e502ac4', 'kuali.lui.lui.relation.state.active', 'kuali.lui.lui.relation.type.registeredforvia.rg2ao', 'rg-ao-relation', 'ENGL313-RG-AO', '62350ce0-2b1e-4566-bf95-ead6429383ce', '2de072b3-2a1b-4966-8c77-d0980ee99bb4')
/
insert into KSEN_LUI (OBJ_ID, VER_NBR, CREATEID, CREATETIME, UPDATEID, UPDATETIME, ATP_ID, CLU_ID, EFF_DT, EXPIR_DT, DESCR_FORMATTED, LUI_STATE, LUI_TYPE, MAX_SEATS, MIN_SEATS, NAME, DESCR_PLAIN, REF_URL, ID) values ('b1d7772b-39e2-45a7-9c56-8c5be1aa4c74', 0, 'admin', TIMESTAMP '2013-06-04 11:10:56.805', 'admin', TIMESTAMP '2013-06-04 11:10:56.805', 'kuali.atp.2012CETerm1', '18f8deda-26ce-4cb0-a66e-631f690f1650', TIMESTAMP '2011-08-26 20:00:00.0', '', 'Wide range of texts, genres, and themes from ancient and medieval Western traditions. Study of cultural, historical, and artistic forces shaping traditions, and the influence and relevance of those traditions to life in twenty-first century.', 'kuali.lui.course.offering.state.draft', 'kuali.lui.type.course.offering', '', '', 'ENGL201 CO', 'Wide range of texts, genres, and themes from ancient and medieval Western traditions. Study of cultural, historical, and artistic forces shaping traditions, and the influence and relevance of those traditions to life in twenty-first century.', 'null', '74101915-ee0e-44d5-8780-4301345fa925')
/
insert into KSEN_LUI_ATTR (OBJ_ID, ATTR_KEY, OWNER_ID, ATTR_VALUE, ID) values ('886c6c22-da22-48b1-839f-452719c35d9f', 'kuali.attribute.where.fees.attached.flag', '74101915-ee0e-44d5-8780-4301345fa925', '0', '9b627858-a1f2-4e3b-9581-8b9e94a65966')
/
insert into KSEN_LUI_ATTR (OBJ_ID, ATTR_KEY, OWNER_ID, ATTR_VALUE, ID) values ('b69c14aa-d3f6-4d13-842c-17410ab268b0', 'kuali.attribute.wait.list.type.key', '74101915-ee0e-44d5-8780-4301345fa925', 'kuali.waitlist.type.semiautomatic', '9faa236c-8bba-44c3-880e-3c826a01ef59')
/
insert into KSEN_LUI_ATTR (OBJ_ID, ATTR_KEY, OWNER_ID, ATTR_VALUE, ID) values ('8e46d5c4-dcfb-4011-bd94-9840f2326463', 'kuali.attribute.funding.source', '74101915-ee0e-44d5-8780-4301345fa925', '', 'a4ce1767-6d7c-45c7-b67a-d596fb39ceae')
/
insert into KSEN_LUI_ATTR (OBJ_ID, ATTR_KEY, OWNER_ID, ATTR_VALUE, ID) values ('1f08fc10-a54c-4c99-a370-18f3353799ae', 'kuali.attribute.course.evaluation.indicator', '74101915-ee0e-44d5-8780-4301345fa925', '0', 'facd5df3-eacb-4d07-848b-b8b2012d7373')
/
insert into KSEN_LUI_ATTR (OBJ_ID, ATTR_KEY, OWNER_ID, ATTR_VALUE, ID) values ('81842c34-50a2-437f-8518-c31d885a429f', 'kuali.attribute.final.exam.indicator', '74101915-ee0e-44d5-8780-4301345fa925', 'STANDARD', '3c34c97c-18c2-4eb1-8489-eff77b26aa12')
/
insert into KSEN_LUI_ATTR (OBJ_ID, ATTR_KEY, OWNER_ID, ATTR_VALUE, ID) values ('7a1a001d-d3d6-4b05-9a70-948f4dcc76fa', 'kuali.attribute.wait.list.indicator', '74101915-ee0e-44d5-8780-4301345fa925', '1', 'efd4833a-c657-4fc0-a5fc-7ea1e1f2d0cf')
/
insert into KSEN_LUI_ATTR (OBJ_ID, ATTR_KEY, OWNER_ID, ATTR_VALUE, ID) values ('fc157872-fad1-4a1f-9bfb-5862116b4f9d', 'kuali.attribute.wait.list.level.type.key', '74101915-ee0e-44d5-8780-4301345fa925', 'AO', 'd10b93ba-4ab3-478a-b9e4-291c403e7dd4')
/
insert into KSEN_LUI_ATTR (OBJ_ID, ATTR_KEY, OWNER_ID, ATTR_VALUE, ID) values ('97e510cb-5f9f-4937-a629-0e04078dbcf8', 'kuali.attribute.course.number.internal.suffix', '74101915-ee0e-44d5-8780-4301345fa925', 'A', 'dc467385-a429-445c-8326-27a2cfa8e106')
/
insert into KSEN_LUI_IDENT (OBJ_ID, VER_NBR, CREATEID, CREATETIME, UPDATEID, UPDATETIME, LUI_CD, DIVISION, IDENT_LEVEL, LNG_NAME, LUI_ID, ORGID, SHRT_NAME, LUI_ID_STATE, SUFX_CD, LUI_ID_TYPE, VARTN, ID) values ('07f711c1-8f5a-4389-9ebe-6c4deb71afec', 0, 'admin', TIMESTAMP '2013-06-04 11:10:56.805', 'admin', TIMESTAMP '2013-06-04 11:10:56.805', 'ENGL201', 'ENGL', '', 'Inventing Western Literature: Ancient and Medieval Traditions', '74101915-ee0e-44d5-8780-4301345fa925', '', '', 'kuali.lui.identifier.state.active', '', 'kuali.lui.identifier.type.official', '', 'bbe4cdeb-cc5e-42db-85d0-a106112edb21')
/
insert into KSEN_LUI_LU_CD (OBJ_ID, VER_NBR, CREATEID, CREATETIME, UPDATEID, UPDATETIME, DESCR_FORMATTED, LUI_ID, DESCR_PLAIN, LUI_LUCD_TYPE, VALUE, ID) values ('ee43d3ef-d4d1-432e-9fa7-24472f39c5e5', 0, 'admin', TIMESTAMP '2013-06-04 11:10:56.805', 'admin', TIMESTAMP '2013-06-04 11:10:56.805', '', '74101915-ee0e-44d5-8780-4301345fa925', '', 'kuali.lu.code.honorsOffering', '', '3758b45f-3317-47f4-bf0a-99f0ad99f578')
/
insert into KSEN_LUI_UNITS_DEPLOYMENT (LUI_ID, ORG_ID, ID) values ('74101915-ee0e-44d5-8780-4301345fa925', '2677933260', '50414898-8db8-4ad3-a78c-9e54b217b3f8')
/
insert into KSEN_LUI_UNITS_CONT_OWNER (LUI_ID, ORG_ID) values ('74101915-ee0e-44d5-8780-4301345fa925', '2677933260')
/
insert into KSEN_LUI_RESULT_VAL_GRP (LUI_ID, RESULT_VAL_GRP_ID) values ('74101915-ee0e-44d5-8780-4301345fa925', 'kuali.resultComponent.grade.letter')
/
insert into KSEN_LUI_RESULT_VAL_GRP (LUI_ID, RESULT_VAL_GRP_ID) values ('74101915-ee0e-44d5-8780-4301345fa925', 'kuali.resultComponent.grade.audit')
/
insert into KSEN_LUI_RESULT_VAL_GRP (LUI_ID, RESULT_VAL_GRP_ID) values ('74101915-ee0e-44d5-8780-4301345fa925', 'kuali.resultComponent.grade.passFail')
/
insert into KSEN_LUI_RESULT_VAL_GRP (LUI_ID, RESULT_VAL_GRP_ID) values ('74101915-ee0e-44d5-8780-4301345fa925', 'kuali.creditType.credit.degree.3.0')
/
insert into KSEN_LUI (OBJ_ID, VER_NBR, CREATEID, CREATETIME, UPDATEID, UPDATETIME, ATP_ID, CLU_ID, EFF_DT, EXPIR_DT, DESCR_FORMATTED, LUI_STATE, LUI_TYPE, MAX_SEATS, MIN_SEATS, NAME, DESCR_PLAIN, REF_URL, ID) values ('5a1732ea-5104-4773-bef8-e84d1f421da7', 0, 'admin', TIMESTAMP '2013-06-04 11:10:56.805', 'admin', TIMESTAMP '2013-06-04 11:10:56.805', 'kuali.atp.2012CETerm1', 'f9d59526-20d1-418c-864f-9da66959d0fd', '', '', 'Courses with Lecture only', 'kuali.lui.format.offering.state.draft', 'kuali.lui.type.course.format.offering', '', '', 'Lecture Only', 'Courses with Lecture only', '', 'f17c3c48-6bc1-42c8-9bad-5ecbace05b2a')
/
insert into KSEN_LUI_ATTR (OBJ_ID, ATTR_KEY, OWNER_ID, ATTR_VALUE, ID) values ('f638f2ae-2f6d-4cb7-975e-208f32000100', 'kuali.attribute.final.exam.level.type', 'f17c3c48-6bc1-42c8-9bad-5ecbace05b2a', 'kuali.lui.type.activity.offering.lecture', 'e0bb2983-170d-4f7a-a549-64d007dd67dc')
/
insert into KSEN_LUI_ATTR (OBJ_ID, ATTR_KEY, OWNER_ID, ATTR_VALUE, ID) values ('9be7d54d-b1b4-4e0d-89ba-104e8a8c2dbc', 'regCodePrefix', 'f17c3c48-6bc1-42c8-9bad-5ecbace05b2a', '1', 'c56df725-5f14-48d6-aab4-8f5fdf5475b0')
/
insert into KSEN_LUI_ATTR (OBJ_ID, ATTR_KEY, OWNER_ID, ATTR_VALUE, ID) values ('58aea29c-186d-4f67-ba73-4e8cd2c081ea', 'kuali.attribute.grade.roster.level.type.key', 'f17c3c48-6bc1-42c8-9bad-5ecbace05b2a', 'kuali.lui.type.activity.offering.lecture', 'ad509d7f-5b76-42dd-9a39-3231fef66a20')
/
insert into KSEN_LUI_IDENT (OBJ_ID, VER_NBR, CREATEID, CREATETIME, UPDATEID, UPDATETIME, LUI_CD, DIVISION, IDENT_LEVEL, LNG_NAME, LUI_ID, ORGID, SHRT_NAME, LUI_ID_STATE, SUFX_CD, LUI_ID_TYPE, VARTN, ID) values ('e443a755-94aa-4cfd-9252-92b1e13d6708', 0, 'admin', TIMESTAMP '2013-06-04 11:10:56.805', 'admin', TIMESTAMP '2013-06-04 11:10:56.805', '', '', '', 'Lecture Only', 'f17c3c48-6bc1-42c8-9bad-5ecbace05b2a', '', 'LEC', 'kuali.lui.identifier.state.active', '', 'kuali.lui.identifier.type.official', '', 'f9dfddde-2cbb-4d7f-8c35-e2b794656656')
/
insert into KSEN_LUILUI_RELTN (OBJ_ID, VER_NBR, CREATEID, CREATETIME, UPDATEID, UPDATETIME, EFF_DT, EXPIR_DT, DESCR_FORMATTED, LUI_ID, LUILUI_RELTN_STATE, LUILUI_RELTN_TYPE, NAME, DESCR_PLAIN, RELATED_LUI_ID, ID) values ('21161bbd-ac66-436e-a59a-e461893aed8f', 0, 'admin', TIMESTAMP '2013-06-04 11:10:56.805', 'admin', TIMESTAMP '2013-06-04 11:10:56.805', TIMESTAMP '2013-06-04 11:10:58.123', '', 'ENGL201-CO-FO', '74101915-ee0e-44d5-8780-4301345fa925', 'kuali.lui.lui.relation.state.active', 'kuali.lui.lui.relation.type.deliveredvia.co2fo', 'co-fo-relation', 'ENGL201-CO-FO', 'f17c3c48-6bc1-42c8-9bad-5ecbace05b2a', '98486ba3-b104-47dc-a469-b33e21d63ded')
/
insert into KSEN_LUI_RELATED_LUI_TYPES (LUI_ID, RELATED_LUI_TYPE) values ('f17c3c48-6bc1-42c8-9bad-5ecbace05b2a', 'kuali.lui.type.activity.offering.lecture')
/
insert into KSEN_LUI (OBJ_ID, VER_NBR, CREATEID, CREATETIME, UPDATEID, UPDATETIME, ATP_ID, CLU_ID, EFF_DT, EXPIR_DT, DESCR_FORMATTED, LUI_STATE, LUI_TYPE, MAX_SEATS, MIN_SEATS, NAME, DESCR_PLAIN, REF_URL, ID) values ('24b6b458-fdf2-4e30-ab14-feb8b9a95a40', 0, 'admin', TIMESTAMP '2013-06-04 11:10:56.805', 'admin', TIMESTAMP '2013-06-04 11:10:56.805', 'kuali.atp.2012CETerm1', 'c7ce59fa-08cf-483d-9ade-9c4dab5a94e3', '', '', 'Courses with lecture', 'kuali.lui.activity.offering.state.draft', 'kuali.lui.type.activity.offering.lecture', 35, 35, 'Lecture', 'Courses with lecture', 'null', '8719e6fd-34c8-409f-951c-d87d08a44a6b')
/
insert into KSEN_LUI_ATTR (OBJ_ID, ATTR_KEY, OWNER_ID, ATTR_VALUE, ID) values ('61fd7c26-5960-4144-a161-83a327e79f90', 'isWaitlistCheckinRequired', '8719e6fd-34c8-409f-951c-d87d08a44a6b', '0', 'b0a4bd6d-dfc8-4eee-aaa2-120e53713a85')
/
insert into KSEN_LUI_ATTR (OBJ_ID, ATTR_KEY, OWNER_ID, ATTR_VALUE, ID) values ('f7e164a8-208b-47ac-9ab6-a4e28198a5bb', 'kuali.attribute.max.enrollment.is.estimate', '8719e6fd-34c8-409f-951c-d87d08a44a6b', '0', '9afc2657-44f9-462d-b6f3-05b8afbf01f7')
/
insert into KSEN_LUI_ATTR (OBJ_ID, ATTR_KEY, OWNER_ID, ATTR_VALUE, ID) values ('d1686cb2-b6ab-4302-be13-1b6c5770b8fa', 'kuali.attribute.course.evaluation.indicator', '8719e6fd-34c8-409f-951c-d87d08a44a6b', '0', '3877551d-d37b-4ac0-96a7-615a22d8e0dc')
/
insert into KSEN_LUI_IDENT (OBJ_ID, VER_NBR, CREATEID, CREATETIME, UPDATEID, UPDATETIME, LUI_CD, DIVISION, IDENT_LEVEL, LNG_NAME, LUI_ID, ORGID, SHRT_NAME, LUI_ID_STATE, SUFX_CD, LUI_ID_TYPE, VARTN, ID) values ('1bbdfc31-e6f1-401a-8508-7d00f649b836', 0, 'admin', TIMESTAMP '2013-06-04 11:10:56.805', 'admin', TIMESTAMP '2013-06-04 11:10:56.805', 'A', '', '', '', '8719e6fd-34c8-409f-951c-d87d08a44a6b', '', '', 'kuali.lui.identifier.state.active', '', 'kuali.lui.identifier.type.official', '', '376165a6-8aae-4d73-bcfb-49b6e9f8db8c')
/
insert into KSEN_LUI_LU_CD (OBJ_ID, VER_NBR, CREATEID, CREATETIME, UPDATEID, UPDATETIME, DESCR_FORMATTED, LUI_ID, DESCR_PLAIN, LUI_LUCD_TYPE, VALUE, ID) values ('2424104c-219f-4e41-93fa-eab17923e88a', 0, 'admin', TIMESTAMP '2013-06-04 11:10:56.805', 'admin', TIMESTAMP '2013-06-04 11:10:56.805', '', '8719e6fd-34c8-409f-951c-d87d08a44a6b', '', 'kuali.lu.code.honorsOffering', '0', '6f31f742-d214-4f1d-b4ec-11faf3c4445a')
/
insert into KSEN_LPR (OBJ_ID, VER_NBR, CREATEID, CREATETIME, UPDATEID, UPDATETIME, COMMIT_PERCT, EFF_DT, EXPIR_DT, LUI_ID, PERS_ID, LPR_STATE, LPR_TYPE, ID) values ('7d6f6a12-2788-4a89-a326-c544b9128f95', 0, 'admin', TIMESTAMP '2013-06-04 11:10:56.805', 'admin', TIMESTAMP '2013-06-04 11:10:56.805', '100.0', TIMESTAMP '2013-06-04 11:10:58.768', '', '8719e6fd-34c8-409f-951c-d87d08a44a6b', 'T.THOMASE', 'kuali.lpr.state.active', 'kuali.lpr.type.instructor.main', '51a43629-58cd-452e-a127-1cc6463f6c25')
/
insert into KSEN_LUILUI_RELTN (OBJ_ID, VER_NBR, CREATEID, CREATETIME, UPDATEID, UPDATETIME, EFF_DT, EXPIR_DT, DESCR_FORMATTED, LUI_ID, LUILUI_RELTN_STATE, LUILUI_RELTN_TYPE, NAME, DESCR_PLAIN, RELATED_LUI_ID, ID) values ('cd5c7ffb-5bb9-436a-9a2f-2bc805a90f06', 0, 'admin', TIMESTAMP '2013-06-04 11:10:56.805', 'admin', TIMESTAMP '2013-06-04 11:10:56.805', TIMESTAMP '2013-06-04 11:10:58.768', '', 'ENGL201-FO-AO', 'f17c3c48-6bc1-42c8-9bad-5ecbace05b2a', 'kuali.lui.lui.relation.state.active', 'kuali.lui.lui.relation.type.deliveredvia.fo2ao', 'fo-ao-relation', 'ENGL201-FO-AO', '8719e6fd-34c8-409f-951c-d87d08a44a6b', '29ad0439-6288-4bee-9aa1-b2487a9df726')
/
insert into KSEN_SCHED_RQST_SET (OBJ_ID, VER_NBR, CREATEID, CREATETIME, UPDATEID, UPDATETIME, DESCR_FORMATTED, MAX_ENRL_SHARED_IND, MAX_ENRL, NAME, DESCR_PLAIN, REF_OBJECT_TYPE, SCHED_RQST_SET_STATE, SCHED_RQST_SET_TYPE, ID) values ('34142323-5d94-4bce-b5a8-4d6bda757001', 0, 'admin', TIMESTAMP '2013-06-04 11:10:56.805', 'admin', TIMESTAMP '2013-06-04 11:10:56.805', '', '', '', '', '', 'http://student.kuali.org/wsdl/courseOffering/ActivityOfferingInfo', 'kuali.scheduling.schedule.request.state.created', 'kuali.scheduling.schedule.request.set.type.schedule.request.set', '9e3b3dd9-ab37-4e57-9112-994622b513d0')
/
insert into KSEN_SCHED_RQST (OBJ_ID, VER_NBR, CREATEID, CREATETIME, UPDATEID, UPDATETIME, DESCR_FORMATTED, NAME, DESCR_PLAIN, SCHED_RQST_STATE, SCHED_RQST_TYPE, SCHED_ID, SCHED_RQST_SET_ID, ID) values ('2f5e94c9-e38e-4dc9-a698-ee32dba94363', 0, 'admin', TIMESTAMP '2013-06-04 11:10:56.805', 'admin', TIMESTAMP '2013-06-04 11:10:56.805', '', 'Schedule request for ENGL201 - A', '', 'kuali.scheduling.schedule.request.state.created', 'kuali.scheduling.schedule.request.type.schedule.request', '', '9e3b3dd9-ab37-4e57-9112-994622b513d0', 'ebce9ae5-529b-40d6-aff4-af2e4dad34ff')
/
insert into KSEN_SCHED_RQST_CMP (OBJ_ID, TBA_IND, SCHED_RQST_ID, ID) values ('7cd61868-9a19-46a2-837b-9526e8f8a5ed', '0', 'ebce9ae5-529b-40d6-aff4-af2e4dad34ff', '773187b6-f533-4bf2-a195-6c7a961eeed3')
/
insert into KSEN_SCHED_REF_OBJECT (SCHED_RQST_SET_ID, REF_OBJECT_ID) values ('9e3b3dd9-ab37-4e57-9112-994622b513d0', '8719e6fd-34c8-409f-951c-d87d08a44a6b')
/
insert into KSEN_SCHED_RQST_CMP_BLDG (CMP_ID, BUILDING_ID) values ('773187b6-f533-4bf2-a195-6c7a961eeed3', 'f55b7127-c68e-4b8c-86d6-fe24f6b77d18')
/
insert into KSEN_SCHED_RQST_CMP_CAMPUS (CMP_ID, CAMPUS_ID) values ('773187b6-f533-4bf2-a195-6c7a961eeed3', 'UMCP')
/
insert into KSEN_SCHED_RQST_CMP_ROOM (CMP_ID, ROOM_ID) values ('773187b6-f533-4bf2-a195-6c7a961eeed3', '12561fb1-edb2-4a87-ab08-8e61c7dc9e68')
/
insert into KSEN_SCHED_RQST_CMP_TMSLOT (CMP_ID, TM_SLOT_ID) values ('773187b6-f533-4bf2-a195-6c7a961eeed3', '6b485ecf-f9d5-45ff-8c08-158d2c6af95b')
/
insert into KSEN_CO_AO_CLUSTER (OBJ_ID, VER_NBR, CREATEID, CREATETIME, UPDATEID, UPDATETIME, AO_CLUSTER_STATE, AO_CLUSTER_TYPE, DESCR_FORMATTED, DESCR_PLAIN, FORMAT_OFFERING_ID, NAME, PRIVATE_NAME, ID) values ('c729950b-56e0-4ce8-8c2a-d7a64c2735ea', 0, 'admin', TIMESTAMP '2013-06-04 11:10:56.805', 'admin', TIMESTAMP '2013-06-04 11:10:56.805', 'kuali.activity.offering.cluster.state.active', 'kuali.activity.offering.cluster.type.activity.offering.cluster', '', '', 'f17c3c48-6bc1-42c8-9bad-5ecbace05b2a', 'CL 1', 'CL 1', '16d33756-fe6a-44d6-9f1b-3c4ba6fd6c17')
/
insert into KSEN_CO_AO_CLUSTER_SET (OBJ_ID, ACTIVITY_OFFERING_TYPE, AO_CLUSTER_ID, ID) values ('dd877159-5f95-47e4-b43a-1bba4b211ba1', 'kuali.lui.type.activity.offering.lecture', '16d33756-fe6a-44d6-9f1b-3c4ba6fd6c17', 'dab86805-3cea-455e-a03f-c7dcc0bf8961')
/
insert into KSEN_CO_AO_CLUSTER_SET_AO (AOC_SET_ID, ACTIVITY_OFFERING_ID) values ('dab86805-3cea-455e-a03f-c7dcc0bf8961', '8719e6fd-34c8-409f-951c-d87d08a44a6b')
/
update KSEN_CO_AO_CLUSTER_SET set AO_CLUSTER_ID='16d33756-fe6a-44d6-9f1b-3c4ba6fd6c17' where ID='dab86805-3cea-455e-a03f-c7dcc0bf8961'
/
insert into KSEN_LUI (OBJ_ID, VER_NBR, CREATEID, CREATETIME, UPDATEID, UPDATETIME, ATP_ID, CLU_ID, EFF_DT, EXPIR_DT, DESCR_FORMATTED, LUI_STATE, LUI_TYPE, MAX_SEATS, MIN_SEATS, NAME, DESCR_PLAIN, REF_URL, ID) values ('f80152d1-4b8a-47aa-b13f-623986acaea8', 0, 'admin', TIMESTAMP '2013-06-04 11:10:56.805', 'admin', TIMESTAMP '2013-06-04 11:10:56.805', 'kuali.atp.2012CETerm1', 'f9d59526-20d1-418c-864f-9da66959d0fd', '', '', '1001', 'kuali.lui.registration.group.state.pending', 'kuali.lui.type.registration.group', '', '', '1001', '1001', '', '52d37d84-aeb6-4402-b2a5-2a54fdd9eff3')
/
insert into KSEN_LUI_ATTR (OBJ_ID, ATTR_KEY, OWNER_ID, ATTR_VALUE, ID) values ('b6787160-69b1-4833-90c6-6b7f7bb9b9bd', 'kuali.attribute.registration.group.aocluster.id', '52d37d84-aeb6-4402-b2a5-2a54fdd9eff3', '16d33756-fe6a-44d6-9f1b-3c4ba6fd6c17', '8f55f4c4-2c1b-44fa-a101-361083fdfbfc')
/
insert into KSEN_LUI_ATTR (OBJ_ID, ATTR_KEY, OWNER_ID, ATTR_VALUE, ID) values ('5bde267c-5f86-4ce5-9b05-c24d011f9331', 'kuali.attribute.registration.group.is.generated', '52d37d84-aeb6-4402-b2a5-2a54fdd9eff3', '1', '4097128d-d12b-429f-8629-7fc77cbd5eda')
/
insert into KSEN_LUI_IDENT (OBJ_ID, VER_NBR, CREATEID, CREATETIME, UPDATEID, UPDATETIME, LUI_CD, DIVISION, IDENT_LEVEL, LNG_NAME, LUI_ID, ORGID, SHRT_NAME, LUI_ID_STATE, SUFX_CD, LUI_ID_TYPE, VARTN, ID) values ('3d911b24-ac9b-4300-a550-02957242457a', 0, 'admin', TIMESTAMP '2013-06-04 11:10:56.805', 'admin', TIMESTAMP '2013-06-04 11:10:56.805', '', '', '', '', '52d37d84-aeb6-4402-b2a5-2a54fdd9eff3', '', '', 'kuali.lui.identifier.state.active', '', 'kuali.lui.identifier.type.official', '', '803f5d7e-f5ca-4941-b832-8b9be03b4730')
/
insert into KSEN_LUILUI_RELTN (OBJ_ID, VER_NBR, CREATEID, CREATETIME, UPDATEID, UPDATETIME, EFF_DT, EXPIR_DT, DESCR_FORMATTED, LUI_ID, LUILUI_RELTN_STATE, LUILUI_RELTN_TYPE, NAME, DESCR_PLAIN, RELATED_LUI_ID, ID) values ('1b8ae8cb-39d3-413b-9aa8-1d2410bc62b1', 0, 'admin', TIMESTAMP '2013-06-04 11:10:56.805', 'admin', TIMESTAMP '2013-06-04 11:10:56.805', TIMESTAMP '2013-06-04 11:10:59.431', '', 'ENGL201-FO-RG', 'f17c3c48-6bc1-42c8-9bad-5ecbace05b2a', 'kuali.lui.lui.relation.state.active', 'kuali.lui.lui.relation.type.deliveredvia.fo2rg', 'fo-rg-relation', 'ENGL201-FO-RG', '52d37d84-aeb6-4402-b2a5-2a54fdd9eff3', 'b47c09e5-a378-4bc9-88fb-c48437eb35c3')
/
insert into KSEN_LUILUI_RELTN (OBJ_ID, VER_NBR, CREATEID, CREATETIME, UPDATEID, UPDATETIME, EFF_DT, EXPIR_DT, DESCR_FORMATTED, LUI_ID, LUILUI_RELTN_STATE, LUILUI_RELTN_TYPE, NAME, DESCR_PLAIN, RELATED_LUI_ID, ID) values ('54c980d4-4164-43e0-9728-aa0e8f213de0', 0, 'admin', TIMESTAMP '2013-06-04 11:10:56.805', 'admin', TIMESTAMP '2013-06-04 11:10:56.805', TIMESTAMP '2013-06-04 11:10:59.431', '', 'ENGL201-RG-AO', '52d37d84-aeb6-4402-b2a5-2a54fdd9eff3', 'kuali.lui.lui.relation.state.active', 'kuali.lui.lui.relation.type.registeredforvia.rg2ao', 'rg-ao-relation', 'ENGL201-RG-AO', '8719e6fd-34c8-409f-951c-d87d08a44a6b', 'f8aba684-10af-4234-a5d6-442163241c33')
/
insert into KSEN_LUI (OBJ_ID, VER_NBR, CREATEID, CREATETIME, UPDATEID, UPDATETIME, ATP_ID, CLU_ID, EFF_DT, EXPIR_DT, DESCR_FORMATTED, LUI_STATE, LUI_TYPE, MAX_SEATS, MIN_SEATS, NAME, DESCR_PLAIN, REF_URL, ID) values ('5ca8913d-5584-4924-a0ea-0b3f7b3a67d3', 0, 'admin', TIMESTAMP '2013-06-04 11:11:17.196', 'admin', TIMESTAMP '2013-06-04 11:11:17.196', 'kuali.atp.2012CETerm1', 'CLUID-HIST204-201101000000', TIMESTAMP '2011-08-26 20:00:00.0', '', 'An exploration of the roots of modern science from the ancient Greeks through the medieval and early modern periods. Focus on the men and women who helped to create the sciences as well as changing public perceptions of their disciplines.', 'kuali.lui.course.offering.state.draft', 'kuali.lui.type.course.offering', '', '', 'HIST204 CO', 'An exploration of the roots of modern science from the ancient Greeks through the medieval and early modern periods. Focus on the men and women who helped to create the sciences as well as changing public perceptions of their disciplines.', 'null', '565a6a2c-8621-4aba-a511-44348a904809')
/
insert into KSEN_LUI_ATTR (OBJ_ID, ATTR_KEY, OWNER_ID, ATTR_VALUE, ID) values ('49b8a60e-e425-4e8a-abca-4cca73005e3d', 'kuali.attribute.course.number.internal.suffix', '565a6a2c-8621-4aba-a511-44348a904809', 'A', '496b3700-352c-4565-8a58-08142e4f3691')
/
insert into KSEN_LUI_ATTR (OBJ_ID, ATTR_KEY, OWNER_ID, ATTR_VALUE, ID) values ('bb3be791-054e-4515-86c4-b2b4dbf59c78', 'kuali.attribute.where.fees.attached.flag', '565a6a2c-8621-4aba-a511-44348a904809', '0', 'a66f106e-3721-4588-a2ae-2b6ca97de813')
/
insert into KSEN_LUI_ATTR (OBJ_ID, ATTR_KEY, OWNER_ID, ATTR_VALUE, ID) values ('cd5fdf6e-2eb3-4c41-8c0d-2bbf6f255750', 'kuali.attribute.funding.source', '565a6a2c-8621-4aba-a511-44348a904809', '', '67f35e94-f764-4901-94fa-fb3b3fe99192')
/
insert into KSEN_LUI_ATTR (OBJ_ID, ATTR_KEY, OWNER_ID, ATTR_VALUE, ID) values ('c5fc205b-7c3e-4483-a372-fe39d7eaa4f4', 'kuali.attribute.wait.list.indicator', '565a6a2c-8621-4aba-a511-44348a904809', '1', '7c1ade0f-712c-4fa2-b43e-8c2f9f9cc433')
/
insert into KSEN_LUI_ATTR (OBJ_ID, ATTR_KEY, OWNER_ID, ATTR_VALUE, ID) values ('fedb54d8-60c5-4223-a21f-5079571b5c97', 'kuali.attribute.wait.list.level.type.key', '565a6a2c-8621-4aba-a511-44348a904809', 'AO', 'a3678228-ce8c-414d-9052-a59a9b3491b9')
/
insert into KSEN_LUI_ATTR (OBJ_ID, ATTR_KEY, OWNER_ID, ATTR_VALUE, ID) values ('7827ed7a-43f5-46dc-ab5d-163dc3a0fbd1', 'kuali.attribute.course.evaluation.indicator', '565a6a2c-8621-4aba-a511-44348a904809', '0', '0169dbd0-b5b9-43a5-82ad-267984b59652')
/
insert into KSEN_LUI_ATTR (OBJ_ID, ATTR_KEY, OWNER_ID, ATTR_VALUE, ID) values ('72473347-c0a3-4c8d-bdc1-b97c584011ec', 'kuali.attribute.wait.list.type.key', '565a6a2c-8621-4aba-a511-44348a904809', 'kuali.waitlist.type.semiautomatic', '24056e5d-9fa2-4c5b-ac35-09904bdeb8d4')
/
insert into KSEN_LUI_ATTR (OBJ_ID, ATTR_KEY, OWNER_ID, ATTR_VALUE, ID) values ('1c0b632e-1eda-4f17-a88a-b16e8e616837', 'kuali.attribute.final.exam.indicator', '565a6a2c-8621-4aba-a511-44348a904809', 'STANDARD', 'd817793c-2c87-458f-97c0-e00006919ef1')
/
insert into KSEN_LUI_IDENT (OBJ_ID, VER_NBR, CREATEID, CREATETIME, UPDATEID, UPDATETIME, LUI_CD, DIVISION, IDENT_LEVEL, LNG_NAME, LUI_ID, ORGID, SHRT_NAME, LUI_ID_STATE, SUFX_CD, LUI_ID_TYPE, VARTN, ID) values ('b6aeeb56-d2f1-46fb-bb2f-80405199622c', 0, 'admin', TIMESTAMP '2013-06-04 11:11:17.196', 'admin', TIMESTAMP '2013-06-04 11:11:17.196', 'HIST204', 'HIST', '', 'Introduction to the History of Science', '565a6a2c-8621-4aba-a511-44348a904809', '', '', 'kuali.lui.identifier.state.active', '', 'kuali.lui.identifier.type.official', '', '0bef670e-1ca2-499a-87f6-4a77d31ce44e')
/
insert into KSEN_LUI_LU_CD (OBJ_ID, VER_NBR, CREATEID, CREATETIME, UPDATEID, UPDATETIME, DESCR_FORMATTED, LUI_ID, DESCR_PLAIN, LUI_LUCD_TYPE, VALUE, ID) values ('c468db13-b97b-451e-9961-52332659e5a2', 0, 'admin', TIMESTAMP '2013-06-04 11:11:17.196', 'admin', TIMESTAMP '2013-06-04 11:11:17.196', '', '565a6a2c-8621-4aba-a511-44348a904809', '', 'kuali.lu.code.honorsOffering', '', 'bc83033f-bf55-4a11-8e24-2c502abec0df')
/
insert into KSEN_LUI_UNITS_DEPLOYMENT (LUI_ID, ORG_ID, ID) values ('565a6a2c-8621-4aba-a511-44348a904809', '3213375036', '49291012-4f38-4e15-8d7c-449d30b11951')
/
insert into KSEN_LUI_UNITS_CONT_OWNER (LUI_ID, ORG_ID) values ('565a6a2c-8621-4aba-a511-44348a904809', '3213375036')
/
insert into KSEN_LUI_RESULT_VAL_GRP (LUI_ID, RESULT_VAL_GRP_ID) values ('565a6a2c-8621-4aba-a511-44348a904809', 'kuali.resultComponent.grade.letter')
/
insert into KSEN_LUI_RESULT_VAL_GRP (LUI_ID, RESULT_VAL_GRP_ID) values ('565a6a2c-8621-4aba-a511-44348a904809', 'kuali.resultComponent.grade.audit')
/
insert into KSEN_LUI_RESULT_VAL_GRP (LUI_ID, RESULT_VAL_GRP_ID) values ('565a6a2c-8621-4aba-a511-44348a904809', 'kuali.resultComponent.grade.passFail')
/
insert into KSEN_LUI_RESULT_VAL_GRP (LUI_ID, RESULT_VAL_GRP_ID) values ('565a6a2c-8621-4aba-a511-44348a904809', 'kuali.creditType.credit.degree.3.0')
/
insert into KSEN_LUI (OBJ_ID, VER_NBR, CREATEID, CREATETIME, UPDATEID, UPDATETIME, ATP_ID, CLU_ID, EFF_DT, EXPIR_DT, DESCR_FORMATTED, LUI_STATE, LUI_TYPE, MAX_SEATS, MIN_SEATS, NAME, DESCR_PLAIN, REF_URL, ID) values ('bc5f3d7d-020f-419e-ac58-77be494410fe', 0, 'admin', TIMESTAMP '2013-06-04 11:11:17.196', 'admin', TIMESTAMP '2013-06-04 11:11:17.196', 'kuali.atp.2012CETerm1', 'f1dee561-a3e7-41b5-a1e0-0d4a77d7987e', '', '', 'Courses with Lecture/Discussion', 'kuali.lui.format.offering.state.draft', 'kuali.lui.type.course.format.offering', '', '', 'Lecture/Discussion', 'Courses with Lecture/Discussion', '', '8e8eef1c-0b14-45ff-9f3f-b25a7d00769e')
/
insert into KSEN_LUI_ATTR (OBJ_ID, ATTR_KEY, OWNER_ID, ATTR_VALUE, ID) values ('72d86d57-2203-480e-a298-e680e54a5b30', 'kuali.attribute.final.exam.level.type', '8e8eef1c-0b14-45ff-9f3f-b25a7d00769e', 'kuali.lui.type.activity.offering.discussion', '016ed7da-cb8d-4e5b-a788-63fce393e79b')
/
insert into KSEN_LUI_ATTR (OBJ_ID, ATTR_KEY, OWNER_ID, ATTR_VALUE, ID) values ('833c81e6-d65c-4c10-9844-d633698cd95c', 'kuali.attribute.grade.roster.level.type.key', '8e8eef1c-0b14-45ff-9f3f-b25a7d00769e', 'kuali.lui.type.activity.offering.discussion', '8805fb85-6d79-4bcd-b6ab-0784d24e71ee')
/
insert into KSEN_LUI_ATTR (OBJ_ID, ATTR_KEY, OWNER_ID, ATTR_VALUE, ID) values ('dd36931c-410a-47fd-8a7c-bae95ecbf996', 'regCodePrefix', '8e8eef1c-0b14-45ff-9f3f-b25a7d00769e', '1', 'd87c0c49-569c-412d-bcc4-023f3c448fa4')
/
insert into KSEN_LUI_IDENT (OBJ_ID, VER_NBR, CREATEID, CREATETIME, UPDATEID, UPDATETIME, LUI_CD, DIVISION, IDENT_LEVEL, LNG_NAME, LUI_ID, ORGID, SHRT_NAME, LUI_ID_STATE, SUFX_CD, LUI_ID_TYPE, VARTN, ID) values ('820fe705-a7ee-491e-9f6e-827ac70c3b55', 0, 'admin', TIMESTAMP '2013-06-04 11:11:17.196', 'admin', TIMESTAMP '2013-06-04 11:11:17.196', '', '', '', 'Lecture/Discussion', '8e8eef1c-0b14-45ff-9f3f-b25a7d00769e', '', 'LEC/DIS', 'kuali.lui.identifier.state.active', '', 'kuali.lui.identifier.type.official', '', 'b0b63824-a3b9-48bb-87c5-0861e7561e9f')
/
insert into KSEN_LUILUI_RELTN (OBJ_ID, VER_NBR, CREATEID, CREATETIME, UPDATEID, UPDATETIME, EFF_DT, EXPIR_DT, DESCR_FORMATTED, LUI_ID, LUILUI_RELTN_STATE, LUILUI_RELTN_TYPE, NAME, DESCR_PLAIN, RELATED_LUI_ID, ID) values ('7e0297fd-5445-4fe6-b22f-9627820b8c26', 0, 'admin', TIMESTAMP '2013-06-04 11:11:17.196', 'admin', TIMESTAMP '2013-06-04 11:11:17.196', TIMESTAMP '2013-06-04 11:11:17.865', '', 'HIST204-CO-FO', '565a6a2c-8621-4aba-a511-44348a904809', 'kuali.lui.lui.relation.state.active', 'kuali.lui.lui.relation.type.deliveredvia.co2fo', 'co-fo-relation', 'HIST204-CO-FO', '8e8eef1c-0b14-45ff-9f3f-b25a7d00769e', 'c2ff88a1-8232-48d2-a30a-039692a20d95')
/
insert into KSEN_LUI_RELATED_LUI_TYPES (LUI_ID, RELATED_LUI_TYPE) values ('8e8eef1c-0b14-45ff-9f3f-b25a7d00769e', 'kuali.lui.type.activity.offering.discussion')
/
insert into KSEN_LUI_RELATED_LUI_TYPES (LUI_ID, RELATED_LUI_TYPE) values ('8e8eef1c-0b14-45ff-9f3f-b25a7d00769e', 'kuali.lui.type.activity.offering.lecture')
/
insert into KSEN_LUI (OBJ_ID, VER_NBR, CREATEID, CREATETIME, UPDATEID, UPDATETIME, ATP_ID, CLU_ID, EFF_DT, EXPIR_DT, DESCR_FORMATTED, LUI_STATE, LUI_TYPE, MAX_SEATS, MIN_SEATS, NAME, DESCR_PLAIN, REF_URL, ID) values ('615802c9-95b2-404a-9e0b-29cc2caba09f', 0, 'admin', TIMESTAMP '2013-06-04 11:11:17.196', 'admin', TIMESTAMP '2013-06-04 11:11:17.196', 'kuali.atp.2012CETerm1', '9f2b36b3-4761-4469-a11f-68064bb11909', '', '', 'Courses with lecture', 'kuali.lui.activity.offering.state.draft', 'kuali.lui.type.activity.offering.lecture', 80, 80, 'Lecture', 'Courses with lecture', 'null', '3aade379-d19f-4f49-ab85-ec4ff4f2bd4f')
/
insert into KSEN_LUI_ATTR (OBJ_ID, ATTR_KEY, OWNER_ID, ATTR_VALUE, ID) values ('064b7f65-320d-414f-a3f5-bc4393284c0e', 'kuali.attribute.course.evaluation.indicator', '3aade379-d19f-4f49-ab85-ec4ff4f2bd4f', '0', 'ae890925-9087-4964-872c-5f8d51d50780')
/
insert into KSEN_LUI_ATTR (OBJ_ID, ATTR_KEY, OWNER_ID, ATTR_VALUE, ID) values ('14a97696-55a2-4104-8bdc-3b9c2bad6c35', 'isWaitlistCheckinRequired', '3aade379-d19f-4f49-ab85-ec4ff4f2bd4f', '0', '806018fe-ee5a-4a54-b38a-9baac59e5882')
/
insert into KSEN_LUI_ATTR (OBJ_ID, ATTR_KEY, OWNER_ID, ATTR_VALUE, ID) values ('c5018e2a-71e0-4f09-912b-1ca87ee35a49', 'kuali.attribute.max.enrollment.is.estimate', '3aade379-d19f-4f49-ab85-ec4ff4f2bd4f', '0', 'bb240aa3-3b7f-4791-85e2-12aa1f83269e')
/
insert into KSEN_LUI_IDENT (OBJ_ID, VER_NBR, CREATEID, CREATETIME, UPDATEID, UPDATETIME, LUI_CD, DIVISION, IDENT_LEVEL, LNG_NAME, LUI_ID, ORGID, SHRT_NAME, LUI_ID_STATE, SUFX_CD, LUI_ID_TYPE, VARTN, ID) values ('a1f7efe7-7a01-4851-b7fb-4dbda050c26e', 0, 'admin', TIMESTAMP '2013-06-04 11:11:17.196', 'admin', TIMESTAMP '2013-06-04 11:11:17.196', 'A', '', '', '', '3aade379-d19f-4f49-ab85-ec4ff4f2bd4f', '', '', 'kuali.lui.identifier.state.active', '', 'kuali.lui.identifier.type.official', '', 'b7a784bf-a73f-45dc-b5bd-ebbe1ff94a73')
/
insert into KSEN_LUI_LU_CD (OBJ_ID, VER_NBR, CREATEID, CREATETIME, UPDATEID, UPDATETIME, DESCR_FORMATTED, LUI_ID, DESCR_PLAIN, LUI_LUCD_TYPE, VALUE, ID) values ('f7048aa1-bcc2-430e-87e5-582695439370', 0, 'admin', TIMESTAMP '2013-06-04 11:11:17.196', 'admin', TIMESTAMP '2013-06-04 11:11:17.196', '', '3aade379-d19f-4f49-ab85-ec4ff4f2bd4f', '', 'kuali.lu.code.honorsOffering', '0', '930a024b-04da-4c2e-ab2a-daefb08ae305')
/
insert into KSEN_LPR (OBJ_ID, VER_NBR, CREATEID, CREATETIME, UPDATEID, UPDATETIME, COMMIT_PERCT, EFF_DT, EXPIR_DT, LUI_ID, PERS_ID, LPR_STATE, LPR_TYPE, ID) values ('f7e278e3-7295-4b5c-944f-28fe300a3c4c', 0, 'admin', TIMESTAMP '2013-06-04 11:11:17.196', 'admin', TIMESTAMP '2013-06-04 11:11:17.196', '100.0', TIMESTAMP '2013-06-04 11:11:20.532', '', '3aade379-d19f-4f49-ab85-ec4ff4f2bd4f', 'M.GLENNG', 'kuali.lpr.state.active', 'kuali.lpr.type.instructor.main', '185b0c18-621a-4ebd-a292-004d1e616e84')
/
insert into KSEN_LUILUI_RELTN (OBJ_ID, VER_NBR, CREATEID, CREATETIME, UPDATEID, UPDATETIME, EFF_DT, EXPIR_DT, DESCR_FORMATTED, LUI_ID, LUILUI_RELTN_STATE, LUILUI_RELTN_TYPE, NAME, DESCR_PLAIN, RELATED_LUI_ID, ID) values ('6d916463-c104-4460-8554-21029e903826', 0, 'admin', TIMESTAMP '2013-06-04 11:11:17.196', 'admin', TIMESTAMP '2013-06-04 11:11:17.196', TIMESTAMP '2013-06-04 11:11:20.532', '', 'HIST204-FO-AO', '8e8eef1c-0b14-45ff-9f3f-b25a7d00769e', 'kuali.lui.lui.relation.state.active', 'kuali.lui.lui.relation.type.deliveredvia.fo2ao', 'fo-ao-relation', 'HIST204-FO-AO', '3aade379-d19f-4f49-ab85-ec4ff4f2bd4f', 'aaee7b11-87f6-4ecf-8082-c82e47032826')
/
insert into KSEN_SCHED_RQST_SET (OBJ_ID, VER_NBR, CREATEID, CREATETIME, UPDATEID, UPDATETIME, DESCR_FORMATTED, MAX_ENRL_SHARED_IND, MAX_ENRL, NAME, DESCR_PLAIN, REF_OBJECT_TYPE, SCHED_RQST_SET_STATE, SCHED_RQST_SET_TYPE, ID) values ('ffa0cce5-d2fc-4f04-8bad-bf7bfd8497cb', 0, 'admin', TIMESTAMP '2013-06-04 11:11:17.196', 'admin', TIMESTAMP '2013-06-04 11:11:17.196', '', '', '', '', '', 'http://student.kuali.org/wsdl/courseOffering/ActivityOfferingInfo', 'kuali.scheduling.schedule.request.state.created', 'kuali.scheduling.schedule.request.set.type.schedule.request.set', '5d9ddb1a-78dd-47cd-b61f-c82d29a80367')
/
insert into KSEN_SCHED_RQST (OBJ_ID, VER_NBR, CREATEID, CREATETIME, UPDATEID, UPDATETIME, DESCR_FORMATTED, NAME, DESCR_PLAIN, SCHED_RQST_STATE, SCHED_RQST_TYPE, SCHED_ID, SCHED_RQST_SET_ID, ID) values ('32a377a0-3408-4a1d-a697-b235d915785b', 0, 'admin', TIMESTAMP '2013-06-04 11:11:17.196', 'admin', TIMESTAMP '2013-06-04 11:11:17.196', '', 'Schedule request for HIST204 - A', '', 'kuali.scheduling.schedule.request.state.created', 'kuali.scheduling.schedule.request.type.schedule.request', '', '5d9ddb1a-78dd-47cd-b61f-c82d29a80367', 'd97b9030-00ec-42fc-8ce6-4cf9b5e42261')
/
insert into KSEN_SCHED_RQST_CMP (OBJ_ID, TBA_IND, SCHED_RQST_ID, ID) values ('f51c25f1-5e53-4516-a41e-d887d58cb16f', '0', 'd97b9030-00ec-42fc-8ce6-4cf9b5e42261', 'd5faae87-1709-4dfe-a4b8-923e1651c2cc')
/
insert into KSEN_LUI (OBJ_ID, VER_NBR, CREATEID, CREATETIME, UPDATEID, UPDATETIME, ATP_ID, CLU_ID, EFF_DT, EXPIR_DT, DESCR_FORMATTED, LUI_STATE, LUI_TYPE, MAX_SEATS, MIN_SEATS, NAME, DESCR_PLAIN, REF_URL, ID) values ('be555447-e339-4fc2-8ea1-f88e01c01064', 0, 'admin', TIMESTAMP '2013-06-04 11:11:17.196', 'admin', TIMESTAMP '2013-06-04 11:11:17.196', 'kuali.atp.2012CETerm1', 'e70ffd7e-977a-4241-ad53-4a98dbdb8bed', '', '', 'Courses with discussion', 'kuali.lui.activity.offering.state.draft', 'kuali.lui.type.activity.offering.discussion', 20, 20, 'Discussion', 'Courses with discussion', 'null', '003cb053-a83d-4e93-b0ed-e470bed6f29a')
/
insert into KSEN_LUI_ATTR (OBJ_ID, ATTR_KEY, OWNER_ID, ATTR_VALUE, ID) values ('8f3f6cfe-8498-46e4-9490-e0ad1165c0e8', 'kuali.attribute.course.evaluation.indicator', '003cb053-a83d-4e93-b0ed-e470bed6f29a', '0', '67f8e54e-b35e-4d60-8e24-706c2c420ec6')
/
insert into KSEN_LUI_ATTR (OBJ_ID, ATTR_KEY, OWNER_ID, ATTR_VALUE, ID) values ('944e7d1c-1326-4687-a3b8-e087394a18a2', 'kuali.attribute.max.enrollment.is.estimate', '003cb053-a83d-4e93-b0ed-e470bed6f29a', '0', '1583231e-c277-47ff-811d-61ed5adc3e2e')
/
insert into KSEN_LUI_ATTR (OBJ_ID, ATTR_KEY, OWNER_ID, ATTR_VALUE, ID) values ('61e06619-0da1-46c9-8e09-af5f487e9da5', 'isWaitlistCheckinRequired', '003cb053-a83d-4e93-b0ed-e470bed6f29a', '0', 'dad4733b-6d40-4bdb-aa4c-c0a0d4e261b2')
/
insert into KSEN_LUI_IDENT (OBJ_ID, VER_NBR, CREATEID, CREATETIME, UPDATEID, UPDATETIME, LUI_CD, DIVISION, IDENT_LEVEL, LNG_NAME, LUI_ID, ORGID, SHRT_NAME, LUI_ID_STATE, SUFX_CD, LUI_ID_TYPE, VARTN, ID) values ('4899694f-9d43-459f-bb27-1a498040bf48', 0, 'admin', TIMESTAMP '2013-06-04 11:11:17.196', 'admin', TIMESTAMP '2013-06-04 11:11:17.196', 'B', '', '', '', '003cb053-a83d-4e93-b0ed-e470bed6f29a', '', '', 'kuali.lui.identifier.state.active', '', 'kuali.lui.identifier.type.official', '', '34febd32-8c6a-4307-b88a-f08353750bcc')
/
insert into KSEN_LUI_LU_CD (OBJ_ID, VER_NBR, CREATEID, CREATETIME, UPDATEID, UPDATETIME, DESCR_FORMATTED, LUI_ID, DESCR_PLAIN, LUI_LUCD_TYPE, VALUE, ID) values ('5832607f-f99a-4c44-98e9-259bf8a4c75c', 0, 'admin', TIMESTAMP '2013-06-04 11:11:17.196', 'admin', TIMESTAMP '2013-06-04 11:11:17.196', '', '003cb053-a83d-4e93-b0ed-e470bed6f29a', '', 'kuali.lu.code.honorsOffering', '0', 'e1e51c5f-4610-4f1e-9541-2c3551411dd4')
/
insert into KSEN_LPR (OBJ_ID, VER_NBR, CREATEID, CREATETIME, UPDATEID, UPDATETIME, COMMIT_PERCT, EFF_DT, EXPIR_DT, LUI_ID, PERS_ID, LPR_STATE, LPR_TYPE, ID) values ('9d5b0c60-c6aa-49e5-89b7-ccb2d8a120d6', 0, 'admin', TIMESTAMP '2013-06-04 11:11:17.196', 'admin', TIMESTAMP '2013-06-04 11:11:17.196', '100.0', TIMESTAMP '2013-06-04 11:11:20.778', '', '003cb053-a83d-4e93-b0ed-e470bed6f29a', 'C.SANDRAS', 'kuali.lpr.state.active', 'kuali.lpr.type.instructor.main', '3a08c636-f1fd-4dbd-88e0-dc45db38c417')
/
insert into KSEN_LUILUI_RELTN (OBJ_ID, VER_NBR, CREATEID, CREATETIME, UPDATEID, UPDATETIME, EFF_DT, EXPIR_DT, DESCR_FORMATTED, LUI_ID, LUILUI_RELTN_STATE, LUILUI_RELTN_TYPE, NAME, DESCR_PLAIN, RELATED_LUI_ID, ID) values ('434f9378-0e27-468a-afc7-f5f2b23d3f9b', 0, 'admin', TIMESTAMP '2013-06-04 11:11:17.196', 'admin', TIMESTAMP '2013-06-04 11:11:17.196', TIMESTAMP '2013-06-04 11:11:20.779', '', 'HIST204-FO-AO', '8e8eef1c-0b14-45ff-9f3f-b25a7d00769e', 'kuali.lui.lui.relation.state.active', 'kuali.lui.lui.relation.type.deliveredvia.fo2ao', 'fo-ao-relation', 'HIST204-FO-AO', '003cb053-a83d-4e93-b0ed-e470bed6f29a', '32adfb32-620f-473d-8c52-dcc92d19e94e')
/
insert into KSEN_SCHED_REF_OBJECT (SCHED_RQST_SET_ID, REF_OBJECT_ID) values ('5d9ddb1a-78dd-47cd-b61f-c82d29a80367', '3aade379-d19f-4f49-ab85-ec4ff4f2bd4f')
/
insert into KSEN_SCHED_RQST_CMP_BLDG (CMP_ID, BUILDING_ID) values ('d5faae87-1709-4dfe-a4b8-923e1651c2cc', 'af22fa59-42ab-4d09-9a5b-6980f8b4ae7d')
/
insert into KSEN_SCHED_RQST_CMP_CAMPUS (CMP_ID, CAMPUS_ID) values ('d5faae87-1709-4dfe-a4b8-923e1651c2cc', 'UMCP')
/
insert into KSEN_SCHED_RQST_CMP_ROOM (CMP_ID, ROOM_ID) values ('d5faae87-1709-4dfe-a4b8-923e1651c2cc', 'b4a5b349-cdc0-4d40-992d-41a07f1cbc2c')
/
insert into KSEN_SCHED_RQST_CMP_TMSLOT (CMP_ID, TM_SLOT_ID) values ('d5faae87-1709-4dfe-a4b8-923e1651c2cc', '984a672e-4762-449d-a5f5-f3f035924b4c')
/
insert into KSEN_SCHED_RQST_SET (OBJ_ID, VER_NBR, CREATEID, CREATETIME, UPDATEID, UPDATETIME, DESCR_FORMATTED, MAX_ENRL_SHARED_IND, MAX_ENRL, NAME, DESCR_PLAIN, REF_OBJECT_TYPE, SCHED_RQST_SET_STATE, SCHED_RQST_SET_TYPE, ID) values ('97883f08-b5e9-4479-a387-dae49e0ce761', 0, 'admin', TIMESTAMP '2013-06-04 11:11:17.196', 'admin', TIMESTAMP '2013-06-04 11:11:17.196', '', '', '', '', '', 'http://student.kuali.org/wsdl/courseOffering/ActivityOfferingInfo', 'kuali.scheduling.schedule.request.state.created', 'kuali.scheduling.schedule.request.set.type.schedule.request.set', 'ccdf9ea2-eef0-4562-931c-5fa62466841b')
/
insert into KSEN_SCHED_RQST (OBJ_ID, VER_NBR, CREATEID, CREATETIME, UPDATEID, UPDATETIME, DESCR_FORMATTED, NAME, DESCR_PLAIN, SCHED_RQST_STATE, SCHED_RQST_TYPE, SCHED_ID, SCHED_RQST_SET_ID, ID) values ('4edb3b8f-0c03-48f3-8d7e-93491cf387a7', 0, 'admin', TIMESTAMP '2013-06-04 11:11:17.196', 'admin', TIMESTAMP '2013-06-04 11:11:17.196', '', 'Schedule request for HIST204 - B', '', 'kuali.scheduling.schedule.request.state.created', 'kuali.scheduling.schedule.request.type.schedule.request', '', 'ccdf9ea2-eef0-4562-931c-5fa62466841b', 'fe6777f1-0feb-4dc9-9a23-94b1c5587cce')
/
insert into KSEN_SCHED_RQST_CMP (OBJ_ID, TBA_IND, SCHED_RQST_ID, ID) values ('2fbd8e3d-05df-44bf-8ac4-af1e5ab3ed69', '0', 'fe6777f1-0feb-4dc9-9a23-94b1c5587cce', '13b32534-402a-4428-9d84-5dc0aa06d0e4')
/
insert into KSEN_LUI (OBJ_ID, VER_NBR, CREATEID, CREATETIME, UPDATEID, UPDATETIME, ATP_ID, CLU_ID, EFF_DT, EXPIR_DT, DESCR_FORMATTED, LUI_STATE, LUI_TYPE, MAX_SEATS, MIN_SEATS, NAME, DESCR_PLAIN, REF_URL, ID) values ('73736666-026d-4e1c-ae2b-840befa52a50', 0, 'admin', TIMESTAMP '2013-06-04 11:11:17.196', 'admin', TIMESTAMP '2013-06-04 11:11:17.196', 'kuali.atp.2012CETerm1', '04f3e47b-d1ba-47f3-b243-5cd531b84f40', '', '', 'Courses with discussion', 'kuali.lui.activity.offering.state.draft', 'kuali.lui.type.activity.offering.discussion', 20, 20, 'Discussion', 'Courses with discussion', 'null', '397f2167-77a8-4e89-ad44-79be6ae1da74')
/
insert into KSEN_LUI_ATTR (OBJ_ID, ATTR_KEY, OWNER_ID, ATTR_VALUE, ID) values ('80d79c82-382b-4dbb-937d-ed69611c6e20', 'isWaitlistCheckinRequired', '397f2167-77a8-4e89-ad44-79be6ae1da74', '0', '0cad2ffe-cd5e-4e55-a1d5-4c449fa28edf')
/
insert into KSEN_LUI_ATTR (OBJ_ID, ATTR_KEY, OWNER_ID, ATTR_VALUE, ID) values ('b5c366f4-5531-44bd-a00a-112b8a08e9cc', 'kuali.attribute.course.evaluation.indicator', '397f2167-77a8-4e89-ad44-79be6ae1da74', '0', '5ebd20c8-be03-4881-a88e-9a09a01268a6')
/
insert into KSEN_LUI_ATTR (OBJ_ID, ATTR_KEY, OWNER_ID, ATTR_VALUE, ID) values ('605bbf5d-366c-453d-9ffe-006f148321e7', 'kuali.attribute.max.enrollment.is.estimate', '397f2167-77a8-4e89-ad44-79be6ae1da74', '0', 'c5d05480-afc0-4ccd-b82f-00aadf9dfc09')
/
insert into KSEN_LUI_IDENT (OBJ_ID, VER_NBR, CREATEID, CREATETIME, UPDATEID, UPDATETIME, LUI_CD, DIVISION, IDENT_LEVEL, LNG_NAME, LUI_ID, ORGID, SHRT_NAME, LUI_ID_STATE, SUFX_CD, LUI_ID_TYPE, VARTN, ID) values ('6aef903a-1d9c-4f9a-8915-58f339cdd3f7', 0, 'admin', TIMESTAMP '2013-06-04 11:11:17.196', 'admin', TIMESTAMP '2013-06-04 11:11:17.196', 'C', '', '', '', '397f2167-77a8-4e89-ad44-79be6ae1da74', '', '', 'kuali.lui.identifier.state.active', '', 'kuali.lui.identifier.type.official', '', 'bc3d0777-0eeb-4e45-9227-12de8aba11a9')
/
insert into KSEN_LUI_LU_CD (OBJ_ID, VER_NBR, CREATEID, CREATETIME, UPDATEID, UPDATETIME, DESCR_FORMATTED, LUI_ID, DESCR_PLAIN, LUI_LUCD_TYPE, VALUE, ID) values ('82a7a8d5-4fb1-4c72-ba65-46c2a6d21bac', 0, 'admin', TIMESTAMP '2013-06-04 11:11:17.196', 'admin', TIMESTAMP '2013-06-04 11:11:17.196', '', '397f2167-77a8-4e89-ad44-79be6ae1da74', '', 'kuali.lu.code.honorsOffering', '0', '7c09b0b0-b0f7-4676-854e-f4e5adc5767f')
/
insert into KSEN_LPR (OBJ_ID, VER_NBR, CREATEID, CREATETIME, UPDATEID, UPDATETIME, COMMIT_PERCT, EFF_DT, EXPIR_DT, LUI_ID, PERS_ID, LPR_STATE, LPR_TYPE, ID) values ('b4f612ee-351f-418e-9f53-afd857154314', 0, 'admin', TIMESTAMP '2013-06-04 11:11:17.196', 'admin', TIMESTAMP '2013-06-04 11:11:17.196', '100.0', TIMESTAMP '2013-06-04 11:11:20.992', '', '397f2167-77a8-4e89-ad44-79be6ae1da74', 'F.MENGC', 'kuali.lpr.state.active', 'kuali.lpr.type.instructor.main', '5be18470-74c7-4911-beb9-1ca94da8db70')
/
insert into KSEN_LUILUI_RELTN (OBJ_ID, VER_NBR, CREATEID, CREATETIME, UPDATEID, UPDATETIME, EFF_DT, EXPIR_DT, DESCR_FORMATTED, LUI_ID, LUILUI_RELTN_STATE, LUILUI_RELTN_TYPE, NAME, DESCR_PLAIN, RELATED_LUI_ID, ID) values ('749eda97-eff5-4e64-8498-475b7bae28bd', 0, 'admin', TIMESTAMP '2013-06-04 11:11:17.196', 'admin', TIMESTAMP '2013-06-04 11:11:17.196', TIMESTAMP '2013-06-04 11:11:20.992', '', 'HIST204-FO-AO', '8e8eef1c-0b14-45ff-9f3f-b25a7d00769e', 'kuali.lui.lui.relation.state.active', 'kuali.lui.lui.relation.type.deliveredvia.fo2ao', 'fo-ao-relation', 'HIST204-FO-AO', '397f2167-77a8-4e89-ad44-79be6ae1da74', '746984e3-e106-4039-9c55-ea75817df0e0')
/
insert into KSEN_SCHED_REF_OBJECT (SCHED_RQST_SET_ID, REF_OBJECT_ID) values ('ccdf9ea2-eef0-4562-931c-5fa62466841b', '003cb053-a83d-4e93-b0ed-e470bed6f29a')
/
insert into KSEN_SCHED_RQST_CMP_BLDG (CMP_ID, BUILDING_ID) values ('13b32534-402a-4428-9d84-5dc0aa06d0e4', '9a171e1e-dde4-4095-8fc9-b8fde0da485e')
/
insert into KSEN_SCHED_RQST_CMP_CAMPUS (CMP_ID, CAMPUS_ID) values ('13b32534-402a-4428-9d84-5dc0aa06d0e4', 'UMCP')
/
insert into KSEN_SCHED_RQST_CMP_ROOM (CMP_ID, ROOM_ID) values ('13b32534-402a-4428-9d84-5dc0aa06d0e4', '814cca13-7f76-4657-b1b9-283f6cbb3e6a')
/
insert into KSEN_SCHED_RQST_CMP_TMSLOT (CMP_ID, TM_SLOT_ID) values ('13b32534-402a-4428-9d84-5dc0aa06d0e4', '3ce01fde-9493-47b8-beb8-1e33b1cea742')
/
insert into KSEN_SCHED_RQST_SET (OBJ_ID, VER_NBR, CREATEID, CREATETIME, UPDATEID, UPDATETIME, DESCR_FORMATTED, MAX_ENRL_SHARED_IND, MAX_ENRL, NAME, DESCR_PLAIN, REF_OBJECT_TYPE, SCHED_RQST_SET_STATE, SCHED_RQST_SET_TYPE, ID) values ('f7c17b49-1a90-4919-ba2c-b7528155cf3a', 0, 'admin', TIMESTAMP '2013-06-04 11:11:17.196', 'admin', TIMESTAMP '2013-06-04 11:11:17.196', '', '', '', '', '', 'http://student.kuali.org/wsdl/courseOffering/ActivityOfferingInfo', 'kuali.scheduling.schedule.request.state.created', 'kuali.scheduling.schedule.request.set.type.schedule.request.set', '06c95bf7-28d7-49db-bb47-740f5e75ea0d')
/
insert into KSEN_SCHED_RQST (OBJ_ID, VER_NBR, CREATEID, CREATETIME, UPDATEID, UPDATETIME, DESCR_FORMATTED, NAME, DESCR_PLAIN, SCHED_RQST_STATE, SCHED_RQST_TYPE, SCHED_ID, SCHED_RQST_SET_ID, ID) values ('7f73fa51-db66-4640-8a6b-81099e749d7d', 0, 'admin', TIMESTAMP '2013-06-04 11:11:17.196', 'admin', TIMESTAMP '2013-06-04 11:11:17.196', '', 'Schedule request for HIST204 - C', '', 'kuali.scheduling.schedule.request.state.created', 'kuali.scheduling.schedule.request.type.schedule.request', '', '06c95bf7-28d7-49db-bb47-740f5e75ea0d', '2afed63d-a055-4351-b12a-c2bbe051020d')
/
insert into KSEN_SCHED_RQST_CMP (OBJ_ID, TBA_IND, SCHED_RQST_ID, ID) values ('4db29eb5-e638-47a8-ba10-c275c1b0ae93', '0', '2afed63d-a055-4351-b12a-c2bbe051020d', '9a3f2b6d-8712-4ecc-ba69-dfdaf82d43ff')
/
insert into KSEN_LUI (OBJ_ID, VER_NBR, CREATEID, CREATETIME, UPDATEID, UPDATETIME, ATP_ID, CLU_ID, EFF_DT, EXPIR_DT, DESCR_FORMATTED, LUI_STATE, LUI_TYPE, MAX_SEATS, MIN_SEATS, NAME, DESCR_PLAIN, REF_URL, ID) values ('d38afa57-bc17-41e3-ab5e-4955fe8e2f89', 0, 'admin', TIMESTAMP '2013-06-04 11:11:17.196', 'admin', TIMESTAMP '2013-06-04 11:11:17.196', 'kuali.atp.2012CETerm1', '50f30065-8756-4f96-b186-b822f3973474', '', '', 'Courses with discussion', 'kuali.lui.activity.offering.state.draft', 'kuali.lui.type.activity.offering.discussion', 20, 20, 'Discussion', 'Courses with discussion', 'null', 'db7f5043-3473-4bb5-93fa-677394dc793a')
/
insert into KSEN_LUI_ATTR (OBJ_ID, ATTR_KEY, OWNER_ID, ATTR_VALUE, ID) values ('3c95b8f2-a431-470c-ab3b-ab7f67af81cf', 'isWaitlistCheckinRequired', 'db7f5043-3473-4bb5-93fa-677394dc793a', '0', 'ad89c006-5c41-4be6-9813-009b06b4d1d6')
/
insert into KSEN_LUI_ATTR (OBJ_ID, ATTR_KEY, OWNER_ID, ATTR_VALUE, ID) values ('36cbd2f3-b1e3-4234-9944-027d75443445', 'kuali.attribute.max.enrollment.is.estimate', 'db7f5043-3473-4bb5-93fa-677394dc793a', '0', '39ba745b-5a67-480b-9a39-77ede3b04c90')
/
insert into KSEN_LUI_ATTR (OBJ_ID, ATTR_KEY, OWNER_ID, ATTR_VALUE, ID) values ('5c4c001d-988c-4dfe-ac6c-48bb6aa5e010', 'kuali.attribute.course.evaluation.indicator', 'db7f5043-3473-4bb5-93fa-677394dc793a', '0', '8da02c0d-fcd8-443a-ad47-462d000dcadc')
/
insert into KSEN_LUI_IDENT (OBJ_ID, VER_NBR, CREATEID, CREATETIME, UPDATEID, UPDATETIME, LUI_CD, DIVISION, IDENT_LEVEL, LNG_NAME, LUI_ID, ORGID, SHRT_NAME, LUI_ID_STATE, SUFX_CD, LUI_ID_TYPE, VARTN, ID) values ('172af769-9c8e-436b-85b5-f327d33b6349', 0, 'admin', TIMESTAMP '2013-06-04 11:11:17.196', 'admin', TIMESTAMP '2013-06-04 11:11:17.196', 'D', '', '', '', 'db7f5043-3473-4bb5-93fa-677394dc793a', '', '', 'kuali.lui.identifier.state.active', '', 'kuali.lui.identifier.type.official', '', '2f2ece2e-2c63-4aa1-8ddf-390aeff8df42')
/
insert into KSEN_LUI_LU_CD (OBJ_ID, VER_NBR, CREATEID, CREATETIME, UPDATEID, UPDATETIME, DESCR_FORMATTED, LUI_ID, DESCR_PLAIN, LUI_LUCD_TYPE, VALUE, ID) values ('3eb6f35d-49b9-4e55-b0a2-419fb02129f8', 0, 'admin', TIMESTAMP '2013-06-04 11:11:17.196', 'admin', TIMESTAMP '2013-06-04 11:11:17.196', '', 'db7f5043-3473-4bb5-93fa-677394dc793a', '', 'kuali.lu.code.honorsOffering', '0', '8e263552-9308-4e30-b06e-0678d5d49e5e')
/
insert into KSEN_LPR (OBJ_ID, VER_NBR, CREATEID, CREATETIME, UPDATEID, UPDATETIME, COMMIT_PERCT, EFF_DT, EXPIR_DT, LUI_ID, PERS_ID, LPR_STATE, LPR_TYPE, ID) values ('5f0d1a63-4cf4-4e18-bfe9-f1489acde80f', 0, 'admin', TIMESTAMP '2013-06-04 11:11:17.196', 'admin', TIMESTAMP '2013-06-04 11:11:17.196', '100.0', TIMESTAMP '2013-06-04 11:11:21.206', '', 'db7f5043-3473-4bb5-93fa-677394dc793a', 'B.JAMIES', 'kuali.lpr.state.active', 'kuali.lpr.type.instructor.main', 'b83c32ae-2887-4180-bea8-4d56d1576d68')
/
insert into KSEN_LUILUI_RELTN (OBJ_ID, VER_NBR, CREATEID, CREATETIME, UPDATEID, UPDATETIME, EFF_DT, EXPIR_DT, DESCR_FORMATTED, LUI_ID, LUILUI_RELTN_STATE, LUILUI_RELTN_TYPE, NAME, DESCR_PLAIN, RELATED_LUI_ID, ID) values ('3ac5cec6-20c4-4728-ac08-57cf1a6d2e54', 0, 'admin', TIMESTAMP '2013-06-04 11:11:17.196', 'admin', TIMESTAMP '2013-06-04 11:11:17.196', TIMESTAMP '2013-06-04 11:11:21.206', '', 'HIST204-FO-AO', '8e8eef1c-0b14-45ff-9f3f-b25a7d00769e', 'kuali.lui.lui.relation.state.active', 'kuali.lui.lui.relation.type.deliveredvia.fo2ao', 'fo-ao-relation', 'HIST204-FO-AO', 'db7f5043-3473-4bb5-93fa-677394dc793a', '7dc076c3-f7a1-4ea0-89cf-e8274f07bd11')
/
insert into KSEN_SCHED_REF_OBJECT (SCHED_RQST_SET_ID, REF_OBJECT_ID) values ('06c95bf7-28d7-49db-bb47-740f5e75ea0d', '397f2167-77a8-4e89-ad44-79be6ae1da74')
/
insert into KSEN_SCHED_RQST_CMP_BLDG (CMP_ID, BUILDING_ID) values ('9a3f2b6d-8712-4ecc-ba69-dfdaf82d43ff', 'af22fa59-42ab-4d09-9a5b-6980f8b4ae7d')
/
insert into KSEN_SCHED_RQST_CMP_CAMPUS (CMP_ID, CAMPUS_ID) values ('9a3f2b6d-8712-4ecc-ba69-dfdaf82d43ff', 'UMCP')
/
insert into KSEN_SCHED_RQST_CMP_ROOM (CMP_ID, ROOM_ID) values ('9a3f2b6d-8712-4ecc-ba69-dfdaf82d43ff', 'fdd1e716-7c99-4cc9-afbe-d8fa2e44ec66')
/
insert into KSEN_SCHED_RQST_CMP_TMSLOT (CMP_ID, TM_SLOT_ID) values ('9a3f2b6d-8712-4ecc-ba69-dfdaf82d43ff', '46916bec-9ac8-4cae-aa47-e749c72d8143')
/
insert into KSEN_SCHED_RQST_SET (OBJ_ID, VER_NBR, CREATEID, CREATETIME, UPDATEID, UPDATETIME, DESCR_FORMATTED, MAX_ENRL_SHARED_IND, MAX_ENRL, NAME, DESCR_PLAIN, REF_OBJECT_TYPE, SCHED_RQST_SET_STATE, SCHED_RQST_SET_TYPE, ID) values ('ac1b4892-1758-40ba-9fc2-80392b6c4fac', 0, 'admin', TIMESTAMP '2013-06-04 11:11:17.196', 'admin', TIMESTAMP '2013-06-04 11:11:17.196', '', '', '', '', '', 'http://student.kuali.org/wsdl/courseOffering/ActivityOfferingInfo', 'kuali.scheduling.schedule.request.state.created', 'kuali.scheduling.schedule.request.set.type.schedule.request.set', '971a34f3-7264-4e06-859b-76d0e5f0b773')
/
insert into KSEN_SCHED_RQST (OBJ_ID, VER_NBR, CREATEID, CREATETIME, UPDATEID, UPDATETIME, DESCR_FORMATTED, NAME, DESCR_PLAIN, SCHED_RQST_STATE, SCHED_RQST_TYPE, SCHED_ID, SCHED_RQST_SET_ID, ID) values ('a65d58ff-3e23-486c-8a6e-917eb41ef638', 0, 'admin', TIMESTAMP '2013-06-04 11:11:17.196', 'admin', TIMESTAMP '2013-06-04 11:11:17.196', '', 'Schedule request for HIST204 - D', '', 'kuali.scheduling.schedule.request.state.created', 'kuali.scheduling.schedule.request.type.schedule.request', '', '971a34f3-7264-4e06-859b-76d0e5f0b773', 'bd3c3b41-1ef4-4472-bf76-002a35d15dba')
/
insert into KSEN_SCHED_RQST_CMP (OBJ_ID, TBA_IND, SCHED_RQST_ID, ID) values ('c42738e1-ba19-4209-8bf3-82472574a369', '0', 'bd3c3b41-1ef4-4472-bf76-002a35d15dba', 'e1dbfffd-00b2-4a10-a250-2020a4af88af')
/
insert into KSEN_LUI (OBJ_ID, VER_NBR, CREATEID, CREATETIME, UPDATEID, UPDATETIME, ATP_ID, CLU_ID, EFF_DT, EXPIR_DT, DESCR_FORMATTED, LUI_STATE, LUI_TYPE, MAX_SEATS, MIN_SEATS, NAME, DESCR_PLAIN, REF_URL, ID) values ('5efc9d51-adb0-46f2-a0c8-5fad631fbe40', 0, 'admin', TIMESTAMP '2013-06-04 11:11:17.196', 'admin', TIMESTAMP '2013-06-04 11:11:17.196', 'kuali.atp.2012CETerm1', 'b117ee2a-8141-4a83-8bf9-c9c667db3ed7', '', '', 'Courses with discussion', 'kuali.lui.activity.offering.state.draft', 'kuali.lui.type.activity.offering.discussion', 20, 20, 'Discussion', 'Courses with discussion', 'null', '7cc4db78-b0e8-40cc-8f98-33c95a969f6e')
/
insert into KSEN_LUI_ATTR (OBJ_ID, ATTR_KEY, OWNER_ID, ATTR_VALUE, ID) values ('720c6f36-e5d3-40ac-8fbf-c97f016ac2b7', 'kuali.attribute.max.enrollment.is.estimate', '7cc4db78-b0e8-40cc-8f98-33c95a969f6e', '0', '7d374fee-34aa-45e8-89e3-a28f67e30fb7')
/
insert into KSEN_LUI_ATTR (OBJ_ID, ATTR_KEY, OWNER_ID, ATTR_VALUE, ID) values ('bbefaa41-c729-4c33-8ee9-e651ba1b889b', 'kuali.attribute.course.evaluation.indicator', '7cc4db78-b0e8-40cc-8f98-33c95a969f6e', '0', 'e8e7559b-d1bd-491f-99d7-7951ecd02a43')
/
insert into KSEN_LUI_ATTR (OBJ_ID, ATTR_KEY, OWNER_ID, ATTR_VALUE, ID) values ('10c2aa49-7c7a-4fdf-a36d-17c0d497532e', 'isWaitlistCheckinRequired', '7cc4db78-b0e8-40cc-8f98-33c95a969f6e', '0', 'eb1c2a40-c805-4496-a4b7-8174db06652e')
/
insert into KSEN_LUI_IDENT (OBJ_ID, VER_NBR, CREATEID, CREATETIME, UPDATEID, UPDATETIME, LUI_CD, DIVISION, IDENT_LEVEL, LNG_NAME, LUI_ID, ORGID, SHRT_NAME, LUI_ID_STATE, SUFX_CD, LUI_ID_TYPE, VARTN, ID) values ('c4e84d51-ec82-4c68-b09e-1ab411619df1', 0, 'admin', TIMESTAMP '2013-06-04 11:11:17.196', 'admin', TIMESTAMP '2013-06-04 11:11:17.196', 'E', '', '', '', '7cc4db78-b0e8-40cc-8f98-33c95a969f6e', '', '', 'kuali.lui.identifier.state.active', '', 'kuali.lui.identifier.type.official', '', 'bf12059f-0a29-4d3a-81b6-7ff2334abec3')
/
insert into KSEN_LUI_LU_CD (OBJ_ID, VER_NBR, CREATEID, CREATETIME, UPDATEID, UPDATETIME, DESCR_FORMATTED, LUI_ID, DESCR_PLAIN, LUI_LUCD_TYPE, VALUE, ID) values ('eb76594b-4dbd-4c6e-9ac7-48ad487fef7d', 0, 'admin', TIMESTAMP '2013-06-04 11:11:17.196', 'admin', TIMESTAMP '2013-06-04 11:11:17.196', '', '7cc4db78-b0e8-40cc-8f98-33c95a969f6e', '', 'kuali.lu.code.honorsOffering', '0', '6dfce852-d7f8-43dc-988a-b982497e0f65')
/
insert into KSEN_LPR (OBJ_ID, VER_NBR, CREATEID, CREATETIME, UPDATEID, UPDATETIME, COMMIT_PERCT, EFF_DT, EXPIR_DT, LUI_ID, PERS_ID, LPR_STATE, LPR_TYPE, ID) values ('2d5601e3-a418-4333-bd8f-006e0af62b3c', 0, 'admin', TIMESTAMP '2013-06-04 11:11:17.196', 'admin', TIMESTAMP '2013-06-04 11:11:17.196', '100.0', TIMESTAMP '2013-06-04 11:11:21.432', '', '7cc4db78-b0e8-40cc-8f98-33c95a969f6e', 'M.JULIAM', 'kuali.lpr.state.active', 'kuali.lpr.type.instructor.main', '22428c4e-4263-45fe-afec-61e97548c083')
/
insert into KSEN_LUILUI_RELTN (OBJ_ID, VER_NBR, CREATEID, CREATETIME, UPDATEID, UPDATETIME, EFF_DT, EXPIR_DT, DESCR_FORMATTED, LUI_ID, LUILUI_RELTN_STATE, LUILUI_RELTN_TYPE, NAME, DESCR_PLAIN, RELATED_LUI_ID, ID) values ('b01629b5-e337-47fa-b9ac-6f7ddc2fcad6', 0, 'admin', TIMESTAMP '2013-06-04 11:11:17.196', 'admin', TIMESTAMP '2013-06-04 11:11:17.196', TIMESTAMP '2013-06-04 11:11:21.432', '', 'HIST204-FO-AO', '8e8eef1c-0b14-45ff-9f3f-b25a7d00769e', 'kuali.lui.lui.relation.state.active', 'kuali.lui.lui.relation.type.deliveredvia.fo2ao', 'fo-ao-relation', 'HIST204-FO-AO', '7cc4db78-b0e8-40cc-8f98-33c95a969f6e', '15b104fb-06da-47ab-b63a-6bfb84c67f50')
/
insert into KSEN_SCHED_REF_OBJECT (SCHED_RQST_SET_ID, REF_OBJECT_ID) values ('971a34f3-7264-4e06-859b-76d0e5f0b773', 'db7f5043-3473-4bb5-93fa-677394dc793a')
/
insert into KSEN_SCHED_RQST_CMP_BLDG (CMP_ID, BUILDING_ID) values ('e1dbfffd-00b2-4a10-a250-2020a4af88af', '9c7cd2c1-1c88-4b2e-98b3-aec7b1517ccf')
/
insert into KSEN_SCHED_RQST_CMP_CAMPUS (CMP_ID, CAMPUS_ID) values ('e1dbfffd-00b2-4a10-a250-2020a4af88af', 'UMCP')
/
insert into KSEN_SCHED_RQST_CMP_ROOM (CMP_ID, ROOM_ID) values ('e1dbfffd-00b2-4a10-a250-2020a4af88af', 'afd18bcc-481d-4ef3-a569-4c877dfb4008')
/
insert into KSEN_SCHED_RQST_CMP_TMSLOT (CMP_ID, TM_SLOT_ID) values ('e1dbfffd-00b2-4a10-a250-2020a4af88af', '1b7e7a62-9aff-4692-be9d-89b90122494a')
/
insert into KSEN_SCHED_RQST_SET (OBJ_ID, VER_NBR, CREATEID, CREATETIME, UPDATEID, UPDATETIME, DESCR_FORMATTED, MAX_ENRL_SHARED_IND, MAX_ENRL, NAME, DESCR_PLAIN, REF_OBJECT_TYPE, SCHED_RQST_SET_STATE, SCHED_RQST_SET_TYPE, ID) values ('a47f7a1c-fae5-46d4-8581-94bd2b392b7e', 0, 'admin', TIMESTAMP '2013-06-04 11:11:17.196', 'admin', TIMESTAMP '2013-06-04 11:11:17.196', '', '', '', '', '', 'http://student.kuali.org/wsdl/courseOffering/ActivityOfferingInfo', 'kuali.scheduling.schedule.request.state.created', 'kuali.scheduling.schedule.request.set.type.schedule.request.set', 'd2c11b2d-4de5-4635-a198-de7239977145')
/
insert into KSEN_SCHED_RQST (OBJ_ID, VER_NBR, CREATEID, CREATETIME, UPDATEID, UPDATETIME, DESCR_FORMATTED, NAME, DESCR_PLAIN, SCHED_RQST_STATE, SCHED_RQST_TYPE, SCHED_ID, SCHED_RQST_SET_ID, ID) values ('8bd72ad1-9ec8-4025-9def-0ffffca9cddd', 0, 'admin', TIMESTAMP '2013-06-04 11:11:17.196', 'admin', TIMESTAMP '2013-06-04 11:11:17.196', '', 'Schedule request for HIST204 - E', '', 'kuali.scheduling.schedule.request.state.created', 'kuali.scheduling.schedule.request.type.schedule.request', '', 'd2c11b2d-4de5-4635-a198-de7239977145', '1e808ab3-65c9-43a6-aefe-b6ddfaba6854')
/
insert into KSEN_SCHED_RQST_CMP (OBJ_ID, TBA_IND, SCHED_RQST_ID, ID) values ('c33b5f5f-43b6-4098-bf26-789ff95bc026', '0', '1e808ab3-65c9-43a6-aefe-b6ddfaba6854', '6287ea91-17ad-471e-a097-55e9c00ecf53')
/
insert into KSEN_SCHED_REF_OBJECT (SCHED_RQST_SET_ID, REF_OBJECT_ID) values ('d2c11b2d-4de5-4635-a198-de7239977145', '7cc4db78-b0e8-40cc-8f98-33c95a969f6e')
/
insert into KSEN_SCHED_RQST_CMP_BLDG (CMP_ID, BUILDING_ID) values ('6287ea91-17ad-471e-a097-55e9c00ecf53', '5fff58a6-05a5-44e9-8c9f-f21ce039ce39')
/
insert into KSEN_SCHED_RQST_CMP_CAMPUS (CMP_ID, CAMPUS_ID) values ('6287ea91-17ad-471e-a097-55e9c00ecf53', 'UMCP')
/
insert into KSEN_SCHED_RQST_CMP_ROOM (CMP_ID, ROOM_ID) values ('6287ea91-17ad-471e-a097-55e9c00ecf53', '7cc9ed5b-f029-4886-b1dc-df4a9e2ef042')
/
insert into KSEN_SCHED_RQST_CMP_TMSLOT (CMP_ID, TM_SLOT_ID) values ('6287ea91-17ad-471e-a097-55e9c00ecf53', '857445bd-43db-40ef-8a3f-c60c04f593e1')
/
insert into KSEN_CO_AO_CLUSTER (OBJ_ID, VER_NBR, CREATEID, CREATETIME, UPDATEID, UPDATETIME, AO_CLUSTER_STATE, AO_CLUSTER_TYPE, DESCR_FORMATTED, DESCR_PLAIN, FORMAT_OFFERING_ID, NAME, PRIVATE_NAME, ID) values ('9e803049-b16a-4976-88c2-be37e6423c44', 0, 'admin', TIMESTAMP '2013-06-04 11:11:17.196', 'admin', TIMESTAMP '2013-06-04 11:11:17.196', 'kuali.activity.offering.cluster.state.active', 'kuali.activity.offering.cluster.type.activity.offering.cluster', '', '', '8e8eef1c-0b14-45ff-9f3f-b25a7d00769e', 'CL 101', 'CL 101', '19f884d6-32b6-4f55-8e9f-28e8c04b3b58')
/
insert into KSEN_CO_AO_CLUSTER_SET (OBJ_ID, ACTIVITY_OFFERING_TYPE, AO_CLUSTER_ID, ID) values ('50a909bf-9014-497a-b3d1-ae7d8f46ef01', 'kuali.lui.type.activity.offering.discussion', '19f884d6-32b6-4f55-8e9f-28e8c04b3b58', '2c35f5df-cdb1-4167-9796-3c0d2723fc82')
/
insert into KSEN_CO_AO_CLUSTER_SET (OBJ_ID, ACTIVITY_OFFERING_TYPE, AO_CLUSTER_ID, ID) values ('5338b248-f8da-40a8-827c-ec7d34629775', 'kuali.lui.type.activity.offering.lecture', '19f884d6-32b6-4f55-8e9f-28e8c04b3b58', '000ac070-8600-4643-9281-eef730142d62')
/
insert into KSEN_CO_AO_CLUSTER_SET_AO (AOC_SET_ID, ACTIVITY_OFFERING_ID) values ('2c35f5df-cdb1-4167-9796-3c0d2723fc82', '7cc4db78-b0e8-40cc-8f98-33c95a969f6e')
/
insert into KSEN_CO_AO_CLUSTER_SET_AO (AOC_SET_ID, ACTIVITY_OFFERING_ID) values ('2c35f5df-cdb1-4167-9796-3c0d2723fc82', '397f2167-77a8-4e89-ad44-79be6ae1da74')
/
insert into KSEN_CO_AO_CLUSTER_SET_AO (AOC_SET_ID, ACTIVITY_OFFERING_ID) values ('2c35f5df-cdb1-4167-9796-3c0d2723fc82', 'db7f5043-3473-4bb5-93fa-677394dc793a')
/
insert into KSEN_CO_AO_CLUSTER_SET_AO (AOC_SET_ID, ACTIVITY_OFFERING_ID) values ('2c35f5df-cdb1-4167-9796-3c0d2723fc82', '003cb053-a83d-4e93-b0ed-e470bed6f29a')
/
insert into KSEN_CO_AO_CLUSTER_SET_AO (AOC_SET_ID, ACTIVITY_OFFERING_ID) values ('000ac070-8600-4643-9281-eef730142d62', '3aade379-d19f-4f49-ab85-ec4ff4f2bd4f')
/
update KSEN_CO_AO_CLUSTER_SET set AO_CLUSTER_ID='19f884d6-32b6-4f55-8e9f-28e8c04b3b58' where ID='2c35f5df-cdb1-4167-9796-3c0d2723fc82'
/
update KSEN_CO_AO_CLUSTER_SET set AO_CLUSTER_ID='19f884d6-32b6-4f55-8e9f-28e8c04b3b58' where ID='000ac070-8600-4643-9281-eef730142d62'
/
insert into KSEN_LUI (OBJ_ID, VER_NBR, CREATEID, CREATETIME, UPDATEID, UPDATETIME, ATP_ID, CLU_ID, EFF_DT, EXPIR_DT, DESCR_FORMATTED, LUI_STATE, LUI_TYPE, MAX_SEATS, MIN_SEATS, NAME, DESCR_PLAIN, REF_URL, ID) values ('6e5be296-025e-4065-82b3-327481a9afe1', 0, 'admin', TIMESTAMP '2013-06-04 11:11:17.196', 'admin', TIMESTAMP '2013-06-04 11:11:17.196', 'kuali.atp.2012CETerm1', 'f1dee561-a3e7-41b5-a1e0-0d4a77d7987e', '', '', '1001', 'kuali.lui.registration.group.state.pending', 'kuali.lui.type.registration.group', '', '', '1001', '1001', '', '827f74fe-619a-48ef-b590-21abad2d6724')
/
insert into KSEN_LUI_ATTR (OBJ_ID, ATTR_KEY, OWNER_ID, ATTR_VALUE, ID) values ('5e4e3d4e-c62f-4ae4-882e-7e81d2a4ce51', 'kuali.attribute.registration.group.is.generated', '827f74fe-619a-48ef-b590-21abad2d6724', '1', 'abcd69fb-15ca-462b-8109-7fd36636a793')
/
insert into KSEN_LUI_ATTR (OBJ_ID, ATTR_KEY, OWNER_ID, ATTR_VALUE, ID) values ('2089cb25-1dcc-4d26-8f1f-da6f27c77742', 'kuali.attribute.registration.group.aocluster.id', '827f74fe-619a-48ef-b590-21abad2d6724', '19f884d6-32b6-4f55-8e9f-28e8c04b3b58', 'df0a496f-aab2-403b-a0e6-af0daa701db7')
/
insert into KSEN_LUI_IDENT (OBJ_ID, VER_NBR, CREATEID, CREATETIME, UPDATEID, UPDATETIME, LUI_CD, DIVISION, IDENT_LEVEL, LNG_NAME, LUI_ID, ORGID, SHRT_NAME, LUI_ID_STATE, SUFX_CD, LUI_ID_TYPE, VARTN, ID) values ('1f58adad-c315-4fcc-acaf-51a2247bcac6', 0, 'admin', TIMESTAMP '2013-06-04 11:11:17.196', 'admin', TIMESTAMP '2013-06-04 11:11:17.196', '', '', '', '', '827f74fe-619a-48ef-b590-21abad2d6724', '', '', 'kuali.lui.identifier.state.active', '', 'kuali.lui.identifier.type.official', '', 'db1ef8a8-0186-4cb0-8276-db3005558f96')
/
insert into KSEN_LUILUI_RELTN (OBJ_ID, VER_NBR, CREATEID, CREATETIME, UPDATEID, UPDATETIME, EFF_DT, EXPIR_DT, DESCR_FORMATTED, LUI_ID, LUILUI_RELTN_STATE, LUILUI_RELTN_TYPE, NAME, DESCR_PLAIN, RELATED_LUI_ID, ID) values ('84bcce3c-8c49-496e-acfd-48cd1cfce782', 0, 'admin', TIMESTAMP '2013-06-04 11:11:17.196', 'admin', TIMESTAMP '2013-06-04 11:11:17.196', TIMESTAMP '2013-06-04 11:11:23.463', '', 'HIST204-FO-RG', '8e8eef1c-0b14-45ff-9f3f-b25a7d00769e', 'kuali.lui.lui.relation.state.active', 'kuali.lui.lui.relation.type.deliveredvia.fo2rg', 'fo-rg-relation', 'HIST204-FO-RG', '827f74fe-619a-48ef-b590-21abad2d6724', '30af0a06-c7e9-4bf0-b328-b7587101caf6')
/
insert into KSEN_LUILUI_RELTN (OBJ_ID, VER_NBR, CREATEID, CREATETIME, UPDATEID, UPDATETIME, EFF_DT, EXPIR_DT, DESCR_FORMATTED, LUI_ID, LUILUI_RELTN_STATE, LUILUI_RELTN_TYPE, NAME, DESCR_PLAIN, RELATED_LUI_ID, ID) values ('4df0d4c2-ee3f-4e85-82d6-d566bdd26336', 0, 'admin', TIMESTAMP '2013-06-04 11:11:17.196', 'admin', TIMESTAMP '2013-06-04 11:11:17.196', TIMESTAMP '2013-06-04 11:11:23.463', '', 'HIST204-RG-AO', '827f74fe-619a-48ef-b590-21abad2d6724', 'kuali.lui.lui.relation.state.active', 'kuali.lui.lui.relation.type.registeredforvia.rg2ao', 'rg-ao-relation', 'HIST204-RG-AO', '003cb053-a83d-4e93-b0ed-e470bed6f29a', 'e97604d4-086d-4fc8-af5c-d0da9334adb5')
/
insert into KSEN_LUILUI_RELTN (OBJ_ID, VER_NBR, CREATEID, CREATETIME, UPDATEID, UPDATETIME, EFF_DT, EXPIR_DT, DESCR_FORMATTED, LUI_ID, LUILUI_RELTN_STATE, LUILUI_RELTN_TYPE, NAME, DESCR_PLAIN, RELATED_LUI_ID, ID) values ('12a98656-646e-446e-80fe-d0e5389a9e2e', 0, 'admin', TIMESTAMP '2013-06-04 11:11:17.196', 'admin', TIMESTAMP '2013-06-04 11:11:17.196', TIMESTAMP '2013-06-04 11:11:23.464', '', 'HIST204-RG-AO', '827f74fe-619a-48ef-b590-21abad2d6724', 'kuali.lui.lui.relation.state.active', 'kuali.lui.lui.relation.type.registeredforvia.rg2ao', 'rg-ao-relation', 'HIST204-RG-AO', '3aade379-d19f-4f49-ab85-ec4ff4f2bd4f', '3ece756b-6c65-4097-90a6-5ce87d391911')
/
insert into KSEN_LUI (OBJ_ID, VER_NBR, CREATEID, CREATETIME, UPDATEID, UPDATETIME, ATP_ID, CLU_ID, EFF_DT, EXPIR_DT, DESCR_FORMATTED, LUI_STATE, LUI_TYPE, MAX_SEATS, MIN_SEATS, NAME, DESCR_PLAIN, REF_URL, ID) values ('e29125ed-595b-45ae-9d5f-8654937fb226', 0, 'admin', TIMESTAMP '2013-06-04 11:11:17.196', 'admin', TIMESTAMP '2013-06-04 11:11:17.196', 'kuali.atp.2012CETerm1', 'f1dee561-a3e7-41b5-a1e0-0d4a77d7987e', '', '', '1002', 'kuali.lui.registration.group.state.pending', 'kuali.lui.type.registration.group', '', '', '1002', '1002', '', '30982dc9-c243-41ce-a90e-ac08c1885ad5')
/
insert into KSEN_LUI_ATTR (OBJ_ID, ATTR_KEY, OWNER_ID, ATTR_VALUE, ID) values ('03c702d3-c67e-4466-b5cd-cd82211504bd', 'kuali.attribute.registration.group.aocluster.id', '30982dc9-c243-41ce-a90e-ac08c1885ad5', '19f884d6-32b6-4f55-8e9f-28e8c04b3b58', 'ead6d950-1a77-4d62-8a32-4bebd92205a1')
/
insert into KSEN_LUI_ATTR (OBJ_ID, ATTR_KEY, OWNER_ID, ATTR_VALUE, ID) values ('dc44ab85-d9dd-494e-9096-889559aa4add', 'kuali.attribute.registration.group.is.generated', '30982dc9-c243-41ce-a90e-ac08c1885ad5', '1', '6a003a27-6706-4f50-9672-08dab39b9a8e')
/
insert into KSEN_LUI_IDENT (OBJ_ID, VER_NBR, CREATEID, CREATETIME, UPDATEID, UPDATETIME, LUI_CD, DIVISION, IDENT_LEVEL, LNG_NAME, LUI_ID, ORGID, SHRT_NAME, LUI_ID_STATE, SUFX_CD, LUI_ID_TYPE, VARTN, ID) values ('294f19a4-2c09-42e4-be36-dc0f62ee833f', 0, 'admin', TIMESTAMP '2013-06-04 11:11:17.196', 'admin', TIMESTAMP '2013-06-04 11:11:17.196', '', '', '', '', '30982dc9-c243-41ce-a90e-ac08c1885ad5', '', '', 'kuali.lui.identifier.state.active', '', 'kuali.lui.identifier.type.official', '', '2e80ff78-1e09-4f8e-9771-088691e25be8')
/
insert into KSEN_LUILUI_RELTN (OBJ_ID, VER_NBR, CREATEID, CREATETIME, UPDATEID, UPDATETIME, EFF_DT, EXPIR_DT, DESCR_FORMATTED, LUI_ID, LUILUI_RELTN_STATE, LUILUI_RELTN_TYPE, NAME, DESCR_PLAIN, RELATED_LUI_ID, ID) values ('43fa1481-4963-448c-903c-f0496d3c2718', 0, 'admin', TIMESTAMP '2013-06-04 11:11:17.196', 'admin', TIMESTAMP '2013-06-04 11:11:17.196', TIMESTAMP '2013-06-04 11:11:23.674', '', 'HIST204-FO-RG', '8e8eef1c-0b14-45ff-9f3f-b25a7d00769e', 'kuali.lui.lui.relation.state.active', 'kuali.lui.lui.relation.type.deliveredvia.fo2rg', 'fo-rg-relation', 'HIST204-FO-RG', '30982dc9-c243-41ce-a90e-ac08c1885ad5', '4bf1a9fb-fc76-433c-8aaf-4ea871b4c399')
/
insert into KSEN_LUILUI_RELTN (OBJ_ID, VER_NBR, CREATEID, CREATETIME, UPDATEID, UPDATETIME, EFF_DT, EXPIR_DT, DESCR_FORMATTED, LUI_ID, LUILUI_RELTN_STATE, LUILUI_RELTN_TYPE, NAME, DESCR_PLAIN, RELATED_LUI_ID, ID) values ('eb776d5e-8644-4871-b72f-9a5929864cf0', 0, 'admin', TIMESTAMP '2013-06-04 11:11:17.196', 'admin', TIMESTAMP '2013-06-04 11:11:17.196', TIMESTAMP '2013-06-04 11:11:23.674', '', 'HIST204-RG-AO', '30982dc9-c243-41ce-a90e-ac08c1885ad5', 'kuali.lui.lui.relation.state.active', 'kuali.lui.lui.relation.type.registeredforvia.rg2ao', 'rg-ao-relation', 'HIST204-RG-AO', 'db7f5043-3473-4bb5-93fa-677394dc793a', '828cb5f8-1a1d-49fb-852a-78b2f911ca28')
/
insert into KSEN_LUILUI_RELTN (OBJ_ID, VER_NBR, CREATEID, CREATETIME, UPDATEID, UPDATETIME, EFF_DT, EXPIR_DT, DESCR_FORMATTED, LUI_ID, LUILUI_RELTN_STATE, LUILUI_RELTN_TYPE, NAME, DESCR_PLAIN, RELATED_LUI_ID, ID) values ('ce7e9680-825f-4a2c-804e-b524ccc592c7', 0, 'admin', TIMESTAMP '2013-06-04 11:11:17.196', 'admin', TIMESTAMP '2013-06-04 11:11:17.196', TIMESTAMP '2013-06-04 11:11:23.675', '', 'HIST204-RG-AO', '30982dc9-c243-41ce-a90e-ac08c1885ad5', 'kuali.lui.lui.relation.state.active', 'kuali.lui.lui.relation.type.registeredforvia.rg2ao', 'rg-ao-relation', 'HIST204-RG-AO', '3aade379-d19f-4f49-ab85-ec4ff4f2bd4f', 'f01e1e86-73ab-49e9-8ff1-3f4a034a48ea')
/
insert into KSEN_LUI (OBJ_ID, VER_NBR, CREATEID, CREATETIME, UPDATEID, UPDATETIME, ATP_ID, CLU_ID, EFF_DT, EXPIR_DT, DESCR_FORMATTED, LUI_STATE, LUI_TYPE, MAX_SEATS, MIN_SEATS, NAME, DESCR_PLAIN, REF_URL, ID) values ('7802f5cf-eef9-4542-aeaf-999da4ecaa30', 0, 'admin', TIMESTAMP '2013-06-04 11:11:17.196', 'admin', TIMESTAMP '2013-06-04 11:11:17.196', 'kuali.atp.2012CETerm1', 'f1dee561-a3e7-41b5-a1e0-0d4a77d7987e', '', '', '1003', 'kuali.lui.registration.group.state.pending', 'kuali.lui.type.registration.group', '', '', '1003', '1003', '', '85452bcd-6bbf-4dc8-97b8-1abbee3ea9bb')
/
insert into KSEN_LUI_ATTR (OBJ_ID, ATTR_KEY, OWNER_ID, ATTR_VALUE, ID) values ('b0fcb130-a561-437f-bc41-3607e4427926', 'kuali.attribute.registration.group.aocluster.id', '85452bcd-6bbf-4dc8-97b8-1abbee3ea9bb', '19f884d6-32b6-4f55-8e9f-28e8c04b3b58', 'dbacbf4a-1a24-4ff5-a127-aa6260ccabc4')
/
insert into KSEN_LUI_ATTR (OBJ_ID, ATTR_KEY, OWNER_ID, ATTR_VALUE, ID) values ('d77b331b-51e8-44b5-9de9-6f476e8c4a9d', 'kuali.attribute.registration.group.is.generated', '85452bcd-6bbf-4dc8-97b8-1abbee3ea9bb', '1', 'be832010-7141-4886-9104-144ace7f7718')
/
insert into KSEN_LUI_IDENT (OBJ_ID, VER_NBR, CREATEID, CREATETIME, UPDATEID, UPDATETIME, LUI_CD, DIVISION, IDENT_LEVEL, LNG_NAME, LUI_ID, ORGID, SHRT_NAME, LUI_ID_STATE, SUFX_CD, LUI_ID_TYPE, VARTN, ID) values ('87a6c127-08be-4b1f-a026-08fd048f0344', 0, 'admin', TIMESTAMP '2013-06-04 11:11:17.196', 'admin', TIMESTAMP '2013-06-04 11:11:17.196', '', '', '', '', '85452bcd-6bbf-4dc8-97b8-1abbee3ea9bb', '', '', 'kuali.lui.identifier.state.active', '', 'kuali.lui.identifier.type.official', '', 'b97bf126-5138-488e-8a24-fcd4079b1c27')
/
insert into KSEN_LUILUI_RELTN (OBJ_ID, VER_NBR, CREATEID, CREATETIME, UPDATEID, UPDATETIME, EFF_DT, EXPIR_DT, DESCR_FORMATTED, LUI_ID, LUILUI_RELTN_STATE, LUILUI_RELTN_TYPE, NAME, DESCR_PLAIN, RELATED_LUI_ID, ID) values ('dfaaec78-b587-4d9f-b814-2746d322da36', 0, 'admin', TIMESTAMP '2013-06-04 11:11:17.196', 'admin', TIMESTAMP '2013-06-04 11:11:17.196', TIMESTAMP '2013-06-04 11:11:23.886', '', 'HIST204-FO-RG', '8e8eef1c-0b14-45ff-9f3f-b25a7d00769e', 'kuali.lui.lui.relation.state.active', 'kuali.lui.lui.relation.type.deliveredvia.fo2rg', 'fo-rg-relation', 'HIST204-FO-RG', '85452bcd-6bbf-4dc8-97b8-1abbee3ea9bb', 'd339a18e-b830-4fce-959c-8baf8f45fdaf')
/
insert into KSEN_LUILUI_RELTN (OBJ_ID, VER_NBR, CREATEID, CREATETIME, UPDATEID, UPDATETIME, EFF_DT, EXPIR_DT, DESCR_FORMATTED, LUI_ID, LUILUI_RELTN_STATE, LUILUI_RELTN_TYPE, NAME, DESCR_PLAIN, RELATED_LUI_ID, ID) values ('d2e8dfdd-957d-4c1e-bfb4-fe902ad4bf8b', 0, 'admin', TIMESTAMP '2013-06-04 11:11:17.196', 'admin', TIMESTAMP '2013-06-04 11:11:17.196', TIMESTAMP '2013-06-04 11:11:23.887', '', 'HIST204-RG-AO', '85452bcd-6bbf-4dc8-97b8-1abbee3ea9bb', 'kuali.lui.lui.relation.state.active', 'kuali.lui.lui.relation.type.registeredforvia.rg2ao', 'rg-ao-relation', 'HIST204-RG-AO', '397f2167-77a8-4e89-ad44-79be6ae1da74', '720ada54-cd87-4b2b-9424-cfc7d64f3e3a')
/
insert into KSEN_LUILUI_RELTN (OBJ_ID, VER_NBR, CREATEID, CREATETIME, UPDATEID, UPDATETIME, EFF_DT, EXPIR_DT, DESCR_FORMATTED, LUI_ID, LUILUI_RELTN_STATE, LUILUI_RELTN_TYPE, NAME, DESCR_PLAIN, RELATED_LUI_ID, ID) values ('095f8a13-c19f-442a-8e6d-9cdfc470c04f', 0, 'admin', TIMESTAMP '2013-06-04 11:11:17.196', 'admin', TIMESTAMP '2013-06-04 11:11:17.196', TIMESTAMP '2013-06-04 11:11:23.887', '', 'HIST204-RG-AO', '85452bcd-6bbf-4dc8-97b8-1abbee3ea9bb', 'kuali.lui.lui.relation.state.active', 'kuali.lui.lui.relation.type.registeredforvia.rg2ao', 'rg-ao-relation', 'HIST204-RG-AO', '3aade379-d19f-4f49-ab85-ec4ff4f2bd4f', '292ff630-48ac-4a06-b9e0-c267f1c4eea7')
/
insert into KSEN_LUI (OBJ_ID, VER_NBR, CREATEID, CREATETIME, UPDATEID, UPDATETIME, ATP_ID, CLU_ID, EFF_DT, EXPIR_DT, DESCR_FORMATTED, LUI_STATE, LUI_TYPE, MAX_SEATS, MIN_SEATS, NAME, DESCR_PLAIN, REF_URL, ID) values ('4e6061c3-230c-4f86-beae-c4940c10fd14', 0, 'admin', TIMESTAMP '2013-06-04 11:11:17.196', 'admin', TIMESTAMP '2013-06-04 11:11:17.196', 'kuali.atp.2012CETerm1', 'f1dee561-a3e7-41b5-a1e0-0d4a77d7987e', '', '', '1004', 'kuali.lui.registration.group.state.pending', 'kuali.lui.type.registration.group', '', '', '1004', '1004', '', '5a09d786-e292-4ab6-8b36-4aa2e97691c4')
/
insert into KSEN_LUI_ATTR (OBJ_ID, ATTR_KEY, OWNER_ID, ATTR_VALUE, ID) values ('cd78eaab-f6df-40c2-9505-3e18c325cd4c', 'kuali.attribute.registration.group.is.generated', '5a09d786-e292-4ab6-8b36-4aa2e97691c4', '1', 'f55110cf-0ebd-4fbb-ba49-2f1a819ba1c9')
/
insert into KSEN_LUI_ATTR (OBJ_ID, ATTR_KEY, OWNER_ID, ATTR_VALUE, ID) values ('7d10260e-e5ce-4c86-8e9d-2c204e33867a', 'kuali.attribute.registration.group.aocluster.id', '5a09d786-e292-4ab6-8b36-4aa2e97691c4', '19f884d6-32b6-4f55-8e9f-28e8c04b3b58', '05493efa-783f-4c85-a42e-b576c4feff85')
/
insert into KSEN_LUI_IDENT (OBJ_ID, VER_NBR, CREATEID, CREATETIME, UPDATEID, UPDATETIME, LUI_CD, DIVISION, IDENT_LEVEL, LNG_NAME, LUI_ID, ORGID, SHRT_NAME, LUI_ID_STATE, SUFX_CD, LUI_ID_TYPE, VARTN, ID) values ('c632f656-7299-4ef2-a0e3-96cd77d036cd', 0, 'admin', TIMESTAMP '2013-06-04 11:11:17.196', 'admin', TIMESTAMP '2013-06-04 11:11:17.196', '', '', '', '', '5a09d786-e292-4ab6-8b36-4aa2e97691c4', '', '', 'kuali.lui.identifier.state.active', '', 'kuali.lui.identifier.type.official', '', 'bee6d11c-9b80-4d55-9f83-e7e5bee55b9c')
/
insert into KSEN_LUILUI_RELTN (OBJ_ID, VER_NBR, CREATEID, CREATETIME, UPDATEID, UPDATETIME, EFF_DT, EXPIR_DT, DESCR_FORMATTED, LUI_ID, LUILUI_RELTN_STATE, LUILUI_RELTN_TYPE, NAME, DESCR_PLAIN, RELATED_LUI_ID, ID) values ('7b767244-71a0-4cf8-89cf-e2b5d382c30f', 0, 'admin', TIMESTAMP '2013-06-04 11:11:17.196', 'admin', TIMESTAMP '2013-06-04 11:11:17.196', TIMESTAMP '2013-06-04 11:11:24.095', '', 'HIST204-FO-RG', '8e8eef1c-0b14-45ff-9f3f-b25a7d00769e', 'kuali.lui.lui.relation.state.active', 'kuali.lui.lui.relation.type.deliveredvia.fo2rg', 'fo-rg-relation', 'HIST204-FO-RG', '5a09d786-e292-4ab6-8b36-4aa2e97691c4', 'b2d86c93-4d48-4b1c-945d-aacdf723690c')
/
insert into KSEN_LUILUI_RELTN (OBJ_ID, VER_NBR, CREATEID, CREATETIME, UPDATEID, UPDATETIME, EFF_DT, EXPIR_DT, DESCR_FORMATTED, LUI_ID, LUILUI_RELTN_STATE, LUILUI_RELTN_TYPE, NAME, DESCR_PLAIN, RELATED_LUI_ID, ID) values ('6d2d90c1-86f5-43bd-9b0f-1f39d37d9736', 0, 'admin', TIMESTAMP '2013-06-04 11:11:17.196', 'admin', TIMESTAMP '2013-06-04 11:11:17.196', TIMESTAMP '2013-06-04 11:11:24.096', '', 'HIST204-RG-AO', '5a09d786-e292-4ab6-8b36-4aa2e97691c4', 'kuali.lui.lui.relation.state.active', 'kuali.lui.lui.relation.type.registeredforvia.rg2ao', 'rg-ao-relation', 'HIST204-RG-AO', '7cc4db78-b0e8-40cc-8f98-33c95a969f6e', '17517f48-6c94-4e5e-aa9e-05ce06268cbb')
/
insert into KSEN_LUILUI_RELTN (OBJ_ID, VER_NBR, CREATEID, CREATETIME, UPDATEID, UPDATETIME, EFF_DT, EXPIR_DT, DESCR_FORMATTED, LUI_ID, LUILUI_RELTN_STATE, LUILUI_RELTN_TYPE, NAME, DESCR_PLAIN, RELATED_LUI_ID, ID) values ('d5130d8b-6ab6-4419-8e01-d775646107f3', 0, 'admin', TIMESTAMP '2013-06-04 11:11:17.196', 'admin', TIMESTAMP '2013-06-04 11:11:17.196', TIMESTAMP '2013-06-04 11:11:24.096', '', 'HIST204-RG-AO', '5a09d786-e292-4ab6-8b36-4aa2e97691c4', 'kuali.lui.lui.relation.state.active', 'kuali.lui.lui.relation.type.registeredforvia.rg2ao', 'rg-ao-relation', 'HIST204-RG-AO', '3aade379-d19f-4f49-ab85-ec4ff4f2bd4f', 'e20109e6-4e01-4738-a969-97517cf72304')
/
insert into KSEN_LUI (OBJ_ID, VER_NBR, CREATEID, CREATETIME, UPDATEID, UPDATETIME, ATP_ID, CLU_ID, EFF_DT, EXPIR_DT, DESCR_FORMATTED, LUI_STATE, LUI_TYPE, MAX_SEATS, MIN_SEATS, NAME, DESCR_PLAIN, REF_URL, ID) values ('73952c20-7ae1-45fc-ba3b-531e584ffa71', 0, 'admin', TIMESTAMP '2013-06-04 11:11:36.187', 'admin', TIMESTAMP '2013-06-04 11:11:36.187', 'kuali.atp.2012CETerm1', 'a80b4adf-214f-4e33-8492-af5b9beb48e8', TIMESTAMP '2011-08-26 20:00:00.0', '', 'Interpretation of select literature and art of the ancient Mediterranean world with a view to illuminating the antecedents of modern culture; religion and myth in the ancient near East; Greek philosophical, scientific, and literary invention; and the Roman tradition in politics and administration.', 'kuali.lui.course.offering.state.draft', 'kuali.lui.type.course.offering', '', '', 'HIST110 CO', 'Interpretation of select literature and art of the ancient Mediterranean world with a view to illuminating the antecedents of modern culture; religion and myth in the ancient near East; Greek philosophical, scientific, and literary invention; and the Roman tradition in politics and administration.', 'null', '4a11a872-7f15-4fa4-b3bb-31b02e1b945e')
/
insert into KSEN_LUI_ATTR (OBJ_ID, ATTR_KEY, OWNER_ID, ATTR_VALUE, ID) values ('4f04a4f8-4b4f-45d8-8f62-fcd9f6a9b2da', 'kuali.attribute.wait.list.level.type.key', '4a11a872-7f15-4fa4-b3bb-31b02e1b945e', 'AO', '546feb79-4e8a-41fb-8914-818c7e314a96')
/
insert into KSEN_LUI_ATTR (OBJ_ID, ATTR_KEY, OWNER_ID, ATTR_VALUE, ID) values ('b9af050a-b7bd-4074-9e4b-6faa4bf5fe55', 'kuali.attribute.course.number.internal.suffix', '4a11a872-7f15-4fa4-b3bb-31b02e1b945e', 'A', 'abe81d4c-5b0c-407f-9d50-5ae679b2e283')
/
insert into KSEN_LUI_ATTR (OBJ_ID, ATTR_KEY, OWNER_ID, ATTR_VALUE, ID) values ('cc890959-bffd-48d8-bafd-ce1453b3f746', 'kuali.attribute.course.evaluation.indicator', '4a11a872-7f15-4fa4-b3bb-31b02e1b945e', '0', 'eeca4af4-c73b-44e0-a422-a42b0479f7cb')
/
insert into KSEN_LUI_ATTR (OBJ_ID, ATTR_KEY, OWNER_ID, ATTR_VALUE, ID) values ('b8162bca-7524-4b70-bcb6-1ea677fd99d7', 'kuali.attribute.wait.list.indicator', '4a11a872-7f15-4fa4-b3bb-31b02e1b945e', '1', '64af7931-0e3c-4a8f-9f47-69471a4bb958')
/
insert into KSEN_LUI_ATTR (OBJ_ID, ATTR_KEY, OWNER_ID, ATTR_VALUE, ID) values ('568d169e-0722-4ab1-8fd3-1041d670be03', 'kuali.attribute.wait.list.type.key', '4a11a872-7f15-4fa4-b3bb-31b02e1b945e', 'kuali.waitlist.type.semiautomatic', '14b11266-8135-46ff-84fc-1a7e7e6ac438')
/
insert into KSEN_LUI_ATTR (OBJ_ID, ATTR_KEY, OWNER_ID, ATTR_VALUE, ID) values ('989586fa-8d46-43d3-8123-ab11def644a7', 'kuali.attribute.where.fees.attached.flag', '4a11a872-7f15-4fa4-b3bb-31b02e1b945e', '0', '0b3c908e-82b5-4fc4-ac26-927c646e6945')
/
insert into KSEN_LUI_ATTR (OBJ_ID, ATTR_KEY, OWNER_ID, ATTR_VALUE, ID) values ('1563fe6b-3984-43dc-8084-88c92f4ec060', 'kuali.attribute.final.exam.indicator', '4a11a872-7f15-4fa4-b3bb-31b02e1b945e', 'STANDARD', '27445384-1a7e-4a6b-85a0-2b6de75b069a')
/
insert into KSEN_LUI_ATTR (OBJ_ID, ATTR_KEY, OWNER_ID, ATTR_VALUE, ID) values ('91d8773a-08fe-43c8-8ef9-02fa4d15a03a', 'kuali.attribute.funding.source', '4a11a872-7f15-4fa4-b3bb-31b02e1b945e', '', '12fa863e-1511-42c7-b333-d2fdb309e179')
/
insert into KSEN_LUI_IDENT (OBJ_ID, VER_NBR, CREATEID, CREATETIME, UPDATEID, UPDATETIME, LUI_CD, DIVISION, IDENT_LEVEL, LNG_NAME, LUI_ID, ORGID, SHRT_NAME, LUI_ID_STATE, SUFX_CD, LUI_ID_TYPE, VARTN, ID) values ('72c5123a-8268-4461-a98b-14e48b1821d6', 0, 'admin', TIMESTAMP '2013-06-04 11:11:36.187', 'admin', TIMESTAMP '2013-06-04 11:11:36.187', 'HIST110', 'HIST', '', 'The Ancient World', '4a11a872-7f15-4fa4-b3bb-31b02e1b945e', '', '', 'kuali.lui.identifier.state.active', '', 'kuali.lui.identifier.type.official', '', '7c0f16ca-c9e0-4bcb-aae9-bb669ce77786')
/
insert into KSEN_LUI_LU_CD (OBJ_ID, VER_NBR, CREATEID, CREATETIME, UPDATEID, UPDATETIME, DESCR_FORMATTED, LUI_ID, DESCR_PLAIN, LUI_LUCD_TYPE, VALUE, ID) values ('307a9b93-2724-4982-b690-f71b0bd791ca', 0, 'admin', TIMESTAMP '2013-06-04 11:11:36.187', 'admin', TIMESTAMP '2013-06-04 11:11:36.187', '', '4a11a872-7f15-4fa4-b3bb-31b02e1b945e', '', 'kuali.lu.code.honorsOffering', '', 'dba1ae29-977e-4aed-86c2-c7285f8a3775')
/
insert into KSEN_LUI_UNITS_DEPLOYMENT (LUI_ID, ORG_ID, ID) values ('4a11a872-7f15-4fa4-b3bb-31b02e1b945e', '3213375036', 'c0b95c5f-576d-44ee-836a-d627bb65e023')
/
insert into KSEN_LUI_UNITS_CONT_OWNER (LUI_ID, ORG_ID) values ('4a11a872-7f15-4fa4-b3bb-31b02e1b945e', '3213375036')
/
insert into KSEN_LUI_RESULT_VAL_GRP (LUI_ID, RESULT_VAL_GRP_ID) values ('4a11a872-7f15-4fa4-b3bb-31b02e1b945e', 'kuali.resultComponent.grade.letter')
/
insert into KSEN_LUI_RESULT_VAL_GRP (LUI_ID, RESULT_VAL_GRP_ID) values ('4a11a872-7f15-4fa4-b3bb-31b02e1b945e', 'kuali.resultComponent.grade.audit')
/
insert into KSEN_LUI_RESULT_VAL_GRP (LUI_ID, RESULT_VAL_GRP_ID) values ('4a11a872-7f15-4fa4-b3bb-31b02e1b945e', 'kuali.resultComponent.grade.passFail')
/
insert into KSEN_LUI_RESULT_VAL_GRP (LUI_ID, RESULT_VAL_GRP_ID) values ('4a11a872-7f15-4fa4-b3bb-31b02e1b945e', 'kuali.creditType.credit.degree.3.0')
/
insert into KSEN_LUI (OBJ_ID, VER_NBR, CREATEID, CREATETIME, UPDATEID, UPDATETIME, ATP_ID, CLU_ID, EFF_DT, EXPIR_DT, DESCR_FORMATTED, LUI_STATE, LUI_TYPE, MAX_SEATS, MIN_SEATS, NAME, DESCR_PLAIN, REF_URL, ID) values ('a7c1706e-9732-42ec-98f0-fd67ae054af2', 0, 'admin', TIMESTAMP '2013-06-04 11:11:36.187', 'admin', TIMESTAMP '2013-06-04 11:11:36.187', 'kuali.atp.2012CETerm1', '9c7796d1-4985-4e4f-a376-f94735348147', '', '', 'Courses with Lecture/Discussion', 'kuali.lui.format.offering.state.draft', 'kuali.lui.type.course.format.offering', '', '', 'Lecture/Discussion', 'Courses with Lecture/Discussion', '', '56d750c7-44db-4fc0-a891-f09c6f86d55f')
/
insert into KSEN_LUI_ATTR (OBJ_ID, ATTR_KEY, OWNER_ID, ATTR_VALUE, ID) values ('c96fe5b3-cb0c-4ab7-ac8f-65e41a779014', 'kuali.attribute.final.exam.level.type', '56d750c7-44db-4fc0-a891-f09c6f86d55f', 'kuali.lui.type.activity.offering.discussion', '117f2cdf-5830-4674-8f68-070c58d3b08f')
/
insert into KSEN_LUI_ATTR (OBJ_ID, ATTR_KEY, OWNER_ID, ATTR_VALUE, ID) values ('ad366502-c291-474a-bdbd-e3545e0309ef', 'regCodePrefix', '56d750c7-44db-4fc0-a891-f09c6f86d55f', '1', '9a138ddf-5428-4753-a483-fbd0ecb750e3')
/
insert into KSEN_LUI_ATTR (OBJ_ID, ATTR_KEY, OWNER_ID, ATTR_VALUE, ID) values ('536e1118-b040-4cc6-ac3b-7543ecd3e8b0', 'kuali.attribute.grade.roster.level.type.key', '56d750c7-44db-4fc0-a891-f09c6f86d55f', 'kuali.lui.type.activity.offering.discussion', '5b5264db-c004-4d3f-9f27-be882ddf1340')
/
insert into KSEN_LUI_IDENT (OBJ_ID, VER_NBR, CREATEID, CREATETIME, UPDATEID, UPDATETIME, LUI_CD, DIVISION, IDENT_LEVEL, LNG_NAME, LUI_ID, ORGID, SHRT_NAME, LUI_ID_STATE, SUFX_CD, LUI_ID_TYPE, VARTN, ID) values ('79c5c0cc-3cda-4bea-ac55-db0f48973dd4', 0, 'admin', TIMESTAMP '2013-06-04 11:11:36.187', 'admin', TIMESTAMP '2013-06-04 11:11:36.187', '', '', '', 'Lecture/Discussion', '56d750c7-44db-4fc0-a891-f09c6f86d55f', '', 'LEC/DIS', 'kuali.lui.identifier.state.active', '', 'kuali.lui.identifier.type.official', '', '40727aa6-af5e-40ba-886c-f7a810fe1d6d')
/
insert into KSEN_LUILUI_RELTN (OBJ_ID, VER_NBR, CREATEID, CREATETIME, UPDATEID, UPDATETIME, EFF_DT, EXPIR_DT, DESCR_FORMATTED, LUI_ID, LUILUI_RELTN_STATE, LUILUI_RELTN_TYPE, NAME, DESCR_PLAIN, RELATED_LUI_ID, ID) values ('7e752a74-6143-4106-8b8e-47bc7cc8d61e', 0, 'admin', TIMESTAMP '2013-06-04 11:11:36.187', 'admin', TIMESTAMP '2013-06-04 11:11:36.187', TIMESTAMP '2013-06-04 11:11:37.142', '', 'HIST110-CO-FO', '4a11a872-7f15-4fa4-b3bb-31b02e1b945e', 'kuali.lui.lui.relation.state.active', 'kuali.lui.lui.relation.type.deliveredvia.co2fo', 'co-fo-relation', 'HIST110-CO-FO', '56d750c7-44db-4fc0-a891-f09c6f86d55f', '3a1719c1-8991-43a2-99d4-c9b9afa9a38b')
/
insert into KSEN_LUI_RELATED_LUI_TYPES (LUI_ID, RELATED_LUI_TYPE) values ('56d750c7-44db-4fc0-a891-f09c6f86d55f', 'kuali.lui.type.activity.offering.discussion')
/
insert into KSEN_LUI_RELATED_LUI_TYPES (LUI_ID, RELATED_LUI_TYPE) values ('56d750c7-44db-4fc0-a891-f09c6f86d55f', 'kuali.lui.type.activity.offering.lecture')
/
insert into KSEN_LUI (OBJ_ID, VER_NBR, CREATEID, CREATETIME, UPDATEID, UPDATETIME, ATP_ID, CLU_ID, EFF_DT, EXPIR_DT, DESCR_FORMATTED, LUI_STATE, LUI_TYPE, MAX_SEATS, MIN_SEATS, NAME, DESCR_PLAIN, REF_URL, ID) values ('df57e4f6-18f2-4c5a-85c3-c394c5284696', 0, 'admin', TIMESTAMP '2013-06-04 11:11:36.187', 'admin', TIMESTAMP '2013-06-04 11:11:36.187', 'kuali.atp.2012CETerm1', '25f408c6-e481-48cb-82f8-76baf92f9a31', '', '', 'Courses with lecture', 'kuali.lui.activity.offering.state.draft', 'kuali.lui.type.activity.offering.lecture', 180, 180, 'Lecture', 'Courses with lecture', 'null', 'c186e825-424e-48b4-86ae-bfc6aeffdfee')
/
insert into KSEN_LUI_ATTR (OBJ_ID, ATTR_KEY, OWNER_ID, ATTR_VALUE, ID) values ('87b51abd-0414-482d-bd59-ce04a2d8e579', 'isWaitlistCheckinRequired', 'c186e825-424e-48b4-86ae-bfc6aeffdfee', '0', '9f045d92-54e0-44a3-ad31-ed8afe7a1946')
/
insert into KSEN_LUI_ATTR (OBJ_ID, ATTR_KEY, OWNER_ID, ATTR_VALUE, ID) values ('c85c3ff7-5699-48a0-9785-c8863596ab11', 'kuali.attribute.max.enrollment.is.estimate', 'c186e825-424e-48b4-86ae-bfc6aeffdfee', '0', '772d7985-7b4e-4491-95a1-e70932216167')
/
insert into KSEN_LUI_ATTR (OBJ_ID, ATTR_KEY, OWNER_ID, ATTR_VALUE, ID) values ('c942f205-28da-456c-a8f0-44a249a93724', 'kuali.attribute.course.evaluation.indicator', 'c186e825-424e-48b4-86ae-bfc6aeffdfee', '0', 'bb8ac3f6-7d1f-4f43-bad3-098dbca2cf4f')
/
insert into KSEN_LUI_IDENT (OBJ_ID, VER_NBR, CREATEID, CREATETIME, UPDATEID, UPDATETIME, LUI_CD, DIVISION, IDENT_LEVEL, LNG_NAME, LUI_ID, ORGID, SHRT_NAME, LUI_ID_STATE, SUFX_CD, LUI_ID_TYPE, VARTN, ID) values ('d4eb7727-0f50-4557-9cbf-858e811d6829', 0, 'admin', TIMESTAMP '2013-06-04 11:11:36.187', 'admin', TIMESTAMP '2013-06-04 11:11:36.187', 'A', '', '', '', 'c186e825-424e-48b4-86ae-bfc6aeffdfee', '', '', 'kuali.lui.identifier.state.active', '', 'kuali.lui.identifier.type.official', '', 'de82ae12-1824-428d-801c-c0bce308ee86')
/
insert into KSEN_LUI_LU_CD (OBJ_ID, VER_NBR, CREATEID, CREATETIME, UPDATEID, UPDATETIME, DESCR_FORMATTED, LUI_ID, DESCR_PLAIN, LUI_LUCD_TYPE, VALUE, ID) values ('31e827eb-c6dd-44d9-ab02-7b596d9ce6be', 0, 'admin', TIMESTAMP '2013-06-04 11:11:36.187', 'admin', TIMESTAMP '2013-06-04 11:11:36.187', '', 'c186e825-424e-48b4-86ae-bfc6aeffdfee', '', 'kuali.lu.code.honorsOffering', '0', '6e11902d-6901-4919-a3a2-0e8f60128870')
/
insert into KSEN_LPR (OBJ_ID, VER_NBR, CREATEID, CREATETIME, UPDATEID, UPDATETIME, COMMIT_PERCT, EFF_DT, EXPIR_DT, LUI_ID, PERS_ID, LPR_STATE, LPR_TYPE, ID) values ('a57f81f2-ba74-463c-8154-2dcfd5102ab2', 0, 'admin', TIMESTAMP '2013-06-04 11:11:36.187', 'admin', TIMESTAMP '2013-06-04 11:11:36.187', '100.0', TIMESTAMP '2013-06-04 11:11:42.552', '', 'c186e825-424e-48b4-86ae-bfc6aeffdfee', 'D.KARING', 'kuali.lpr.state.active', 'kuali.lpr.type.instructor.main', 'bfdfece0-9f43-4b87-973b-7719f2b163df')
/
insert into KSEN_LUILUI_RELTN (OBJ_ID, VER_NBR, CREATEID, CREATETIME, UPDATEID, UPDATETIME, EFF_DT, EXPIR_DT, DESCR_FORMATTED, LUI_ID, LUILUI_RELTN_STATE, LUILUI_RELTN_TYPE, NAME, DESCR_PLAIN, RELATED_LUI_ID, ID) values ('bd8c7919-c288-4e13-950d-ee1611110dad', 0, 'admin', TIMESTAMP '2013-06-04 11:11:36.187', 'admin', TIMESTAMP '2013-06-04 11:11:36.187', TIMESTAMP '2013-06-04 11:11:42.552', '', 'HIST110-FO-AO', '56d750c7-44db-4fc0-a891-f09c6f86d55f', 'kuali.lui.lui.relation.state.active', 'kuali.lui.lui.relation.type.deliveredvia.fo2ao', 'fo-ao-relation', 'HIST110-FO-AO', 'c186e825-424e-48b4-86ae-bfc6aeffdfee', 'b9c324bd-ebb5-4b02-a589-a14302c21ab7')
/
insert into KSEN_SCHED_RQST_SET (OBJ_ID, VER_NBR, CREATEID, CREATETIME, UPDATEID, UPDATETIME, DESCR_FORMATTED, MAX_ENRL_SHARED_IND, MAX_ENRL, NAME, DESCR_PLAIN, REF_OBJECT_TYPE, SCHED_RQST_SET_STATE, SCHED_RQST_SET_TYPE, ID) values ('ead05a90-3d6a-4d65-9bbf-2db7d7c1e0d7', 0, 'admin', TIMESTAMP '2013-06-04 11:11:36.187', 'admin', TIMESTAMP '2013-06-04 11:11:36.187', '', '', '', '', '', 'http://student.kuali.org/wsdl/courseOffering/ActivityOfferingInfo', 'kuali.scheduling.schedule.request.state.created', 'kuali.scheduling.schedule.request.set.type.schedule.request.set', '8d26316c-b869-4cc2-9899-bd6c3e689d03')
/
insert into KSEN_SCHED_RQST (OBJ_ID, VER_NBR, CREATEID, CREATETIME, UPDATEID, UPDATETIME, DESCR_FORMATTED, NAME, DESCR_PLAIN, SCHED_RQST_STATE, SCHED_RQST_TYPE, SCHED_ID, SCHED_RQST_SET_ID, ID) values ('5dfd235d-1ee9-46b1-91cf-1a124bfe77ab', 0, 'admin', TIMESTAMP '2013-06-04 11:11:36.187', 'admin', TIMESTAMP '2013-06-04 11:11:36.187', '', 'Schedule request for HIST110 - A', '', 'kuali.scheduling.schedule.request.state.created', 'kuali.scheduling.schedule.request.type.schedule.request', '', '8d26316c-b869-4cc2-9899-bd6c3e689d03', 'f8ec2684-523d-4b9f-bdea-d063b24b02a5')
/
insert into KSEN_SCHED_RQST_CMP (OBJ_ID, TBA_IND, SCHED_RQST_ID, ID) values ('12cd7530-5519-47b8-96a4-babb63b90dd6', '0', 'f8ec2684-523d-4b9f-bdea-d063b24b02a5', '6a299727-68c0-4489-b1e8-0fe4218cd396')
/
insert into KSEN_LUI (OBJ_ID, VER_NBR, CREATEID, CREATETIME, UPDATEID, UPDATETIME, ATP_ID, CLU_ID, EFF_DT, EXPIR_DT, DESCR_FORMATTED, LUI_STATE, LUI_TYPE, MAX_SEATS, MIN_SEATS, NAME, DESCR_PLAIN, REF_URL, ID) values ('cdc59953-6d16-46f6-ae70-3a2813d40880', 0, 'admin', TIMESTAMP '2013-06-04 11:11:36.187', 'admin', TIMESTAMP '2013-06-04 11:11:36.187', 'kuali.atp.2012CETerm1', '3e116be8-1102-41ec-945f-92f8cb201300', '', '', 'Courses with discussion', 'kuali.lui.activity.offering.state.draft', 'kuali.lui.type.activity.offering.discussion', 20, 20, 'Discussion', 'Courses with discussion', 'null', 'ae9703d9-be4e-4e8a-9288-3df4067ba126')
/
insert into KSEN_LUI_ATTR (OBJ_ID, ATTR_KEY, OWNER_ID, ATTR_VALUE, ID) values ('288a6348-4ad6-4a63-88a0-990ffab1d3b2', 'isWaitlistCheckinRequired', 'ae9703d9-be4e-4e8a-9288-3df4067ba126', '0', 'eccefff9-9611-4174-8052-ceac427a4295')
/
insert into KSEN_LUI_ATTR (OBJ_ID, ATTR_KEY, OWNER_ID, ATTR_VALUE, ID) values ('8bbd5810-fa14-466d-9a50-6acf439a81a4', 'kuali.attribute.max.enrollment.is.estimate', 'ae9703d9-be4e-4e8a-9288-3df4067ba126', '0', '92d3f070-8064-4c32-83b6-ce03a380610e')
/
insert into KSEN_LUI_ATTR (OBJ_ID, ATTR_KEY, OWNER_ID, ATTR_VALUE, ID) values ('773f2076-faa2-43d5-a0e5-f3b3f60f6121', 'kuali.attribute.course.evaluation.indicator', 'ae9703d9-be4e-4e8a-9288-3df4067ba126', '0', '29b46437-b33d-46ce-b52d-14d6a7de2628')
/
insert into KSEN_LUI_IDENT (OBJ_ID, VER_NBR, CREATEID, CREATETIME, UPDATEID, UPDATETIME, LUI_CD, DIVISION, IDENT_LEVEL, LNG_NAME, LUI_ID, ORGID, SHRT_NAME, LUI_ID_STATE, SUFX_CD, LUI_ID_TYPE, VARTN, ID) values ('914b24d3-94db-4b38-a5a9-5f025058ef58', 0, 'admin', TIMESTAMP '2013-06-04 11:11:36.187', 'admin', TIMESTAMP '2013-06-04 11:11:36.187', 'B', '', '', '', 'ae9703d9-be4e-4e8a-9288-3df4067ba126', '', '', 'kuali.lui.identifier.state.active', '', 'kuali.lui.identifier.type.official', '', 'd6c0de06-1220-4dab-8cbb-803998329bd3')
/
insert into KSEN_LUI_LU_CD (OBJ_ID, VER_NBR, CREATEID, CREATETIME, UPDATEID, UPDATETIME, DESCR_FORMATTED, LUI_ID, DESCR_PLAIN, LUI_LUCD_TYPE, VALUE, ID) values ('f7a72ab6-3d8c-47b0-9cdb-b6e0fef5da5d', 0, 'admin', TIMESTAMP '2013-06-04 11:11:36.187', 'admin', TIMESTAMP '2013-06-04 11:11:36.187', '', 'ae9703d9-be4e-4e8a-9288-3df4067ba126', '', 'kuali.lu.code.honorsOffering', '0', 'cde324ce-8569-4dda-bf27-4a0a0aa91a36')
/
insert into KSEN_LPR (OBJ_ID, VER_NBR, CREATEID, CREATETIME, UPDATEID, UPDATETIME, COMMIT_PERCT, EFF_DT, EXPIR_DT, LUI_ID, PERS_ID, LPR_STATE, LPR_TYPE, ID) values ('deb650c8-5a3a-46aa-a84d-5a28a2475fd0', 0, 'admin', TIMESTAMP '2013-06-04 11:11:36.187', 'admin', TIMESTAMP '2013-06-04 11:11:36.187', '100.0', TIMESTAMP '2013-06-04 11:11:42.79', '', 'ae9703d9-be4e-4e8a-9288-3df4067ba126', 'S.CELESTEB', 'kuali.lpr.state.active', 'kuali.lpr.type.instructor.main', 'b48c9368-8699-450f-baf1-9707287d38ec')
/
insert into KSEN_LUILUI_RELTN (OBJ_ID, VER_NBR, CREATEID, CREATETIME, UPDATEID, UPDATETIME, EFF_DT, EXPIR_DT, DESCR_FORMATTED, LUI_ID, LUILUI_RELTN_STATE, LUILUI_RELTN_TYPE, NAME, DESCR_PLAIN, RELATED_LUI_ID, ID) values ('915402b0-974f-4e38-8435-a0963e7337fa', 0, 'admin', TIMESTAMP '2013-06-04 11:11:36.187', 'admin', TIMESTAMP '2013-06-04 11:11:36.187', TIMESTAMP '2013-06-04 11:11:42.79', '', 'HIST110-FO-AO', '56d750c7-44db-4fc0-a891-f09c6f86d55f', 'kuali.lui.lui.relation.state.active', 'kuali.lui.lui.relation.type.deliveredvia.fo2ao', 'fo-ao-relation', 'HIST110-FO-AO', 'ae9703d9-be4e-4e8a-9288-3df4067ba126', '1b434f13-8199-4862-8508-ae8d442e59fd')
/
insert into KSEN_SCHED_REF_OBJECT (SCHED_RQST_SET_ID, REF_OBJECT_ID) values ('8d26316c-b869-4cc2-9899-bd6c3e689d03', 'c186e825-424e-48b4-86ae-bfc6aeffdfee')
/
insert into KSEN_SCHED_RQST_CMP_BLDG (CMP_ID, BUILDING_ID) values ('6a299727-68c0-4489-b1e8-0fe4218cd396', 'af22fa59-42ab-4d09-9a5b-6980f8b4ae7d')
/
insert into KSEN_SCHED_RQST_CMP_CAMPUS (CMP_ID, CAMPUS_ID) values ('6a299727-68c0-4489-b1e8-0fe4218cd396', 'UMCP')
/
insert into KSEN_SCHED_RQST_CMP_ROOM (CMP_ID, ROOM_ID) values ('6a299727-68c0-4489-b1e8-0fe4218cd396', '7c1897ff-18ec-408d-8144-aa8c60b7b5ba')
/
insert into KSEN_SCHED_RQST_CMP_TMSLOT (CMP_ID, TM_SLOT_ID) values ('6a299727-68c0-4489-b1e8-0fe4218cd396', 'defea910-3dac-4695-9697-40c9a6c2f884')
/
insert into KSEN_SCHED_RQST_SET (OBJ_ID, VER_NBR, CREATEID, CREATETIME, UPDATEID, UPDATETIME, DESCR_FORMATTED, MAX_ENRL_SHARED_IND, MAX_ENRL, NAME, DESCR_PLAIN, REF_OBJECT_TYPE, SCHED_RQST_SET_STATE, SCHED_RQST_SET_TYPE, ID) values ('a618955d-cd9c-477a-9d5e-879ae27eb0d3', 0, 'admin', TIMESTAMP '2013-06-04 11:11:36.187', 'admin', TIMESTAMP '2013-06-04 11:11:36.187', '', '', '', '', '', 'http://student.kuali.org/wsdl/courseOffering/ActivityOfferingInfo', 'kuali.scheduling.schedule.request.state.created', 'kuali.scheduling.schedule.request.set.type.schedule.request.set', '63970644-b871-4430-90af-be046b0175f2')
/
insert into KSEN_SCHED_RQST (OBJ_ID, VER_NBR, CREATEID, CREATETIME, UPDATEID, UPDATETIME, DESCR_FORMATTED, NAME, DESCR_PLAIN, SCHED_RQST_STATE, SCHED_RQST_TYPE, SCHED_ID, SCHED_RQST_SET_ID, ID) values ('932ff6d4-2b72-4ff3-a109-d6a5bc25b5f4', 0, 'admin', TIMESTAMP '2013-06-04 11:11:36.187', 'admin', TIMESTAMP '2013-06-04 11:11:36.187', '', 'Schedule request for HIST110 - B', '', 'kuali.scheduling.schedule.request.state.created', 'kuali.scheduling.schedule.request.type.schedule.request', '', '63970644-b871-4430-90af-be046b0175f2', 'ebae068c-07b3-4257-8009-d8c67cd2d2a9')
/
insert into KSEN_SCHED_RQST_CMP (OBJ_ID, TBA_IND, SCHED_RQST_ID, ID) values ('845035eb-68a2-4780-98ff-d9c8c56fe78c', '0', 'ebae068c-07b3-4257-8009-d8c67cd2d2a9', '090686a6-ab5f-4ad5-9f28-6c2097d3a68b')
/
insert into KSEN_LUI (OBJ_ID, VER_NBR, CREATEID, CREATETIME, UPDATEID, UPDATETIME, ATP_ID, CLU_ID, EFF_DT, EXPIR_DT, DESCR_FORMATTED, LUI_STATE, LUI_TYPE, MAX_SEATS, MIN_SEATS, NAME, DESCR_PLAIN, REF_URL, ID) values ('1ad7231a-eac1-47eb-b978-54630c9b3497', 0, 'admin', TIMESTAMP '2013-06-04 11:11:36.187', 'admin', TIMESTAMP '2013-06-04 11:11:36.187', 'kuali.atp.2012CETerm1', '778c4a89-a3be-48c8-ae02-afbdf2f34970', '', '', 'Courses with discussion', 'kuali.lui.activity.offering.state.draft', 'kuali.lui.type.activity.offering.discussion', 20, 20, 'Discussion', 'Courses with discussion', 'null', 'c4771b96-a10a-4857-aaf8-bd4beb3c0f85')
/
insert into KSEN_LUI_ATTR (OBJ_ID, ATTR_KEY, OWNER_ID, ATTR_VALUE, ID) values ('eb1c7ae1-ea62-4329-84ac-ab17d78b769a', 'kuali.attribute.max.enrollment.is.estimate', 'c4771b96-a10a-4857-aaf8-bd4beb3c0f85', '0', 'a56086fd-82e3-4094-bfaf-949079b2f545')
/
insert into KSEN_LUI_ATTR (OBJ_ID, ATTR_KEY, OWNER_ID, ATTR_VALUE, ID) values ('e90135d2-11f5-4672-b92b-77233e6b9d4e', 'kuali.attribute.course.evaluation.indicator', 'c4771b96-a10a-4857-aaf8-bd4beb3c0f85', '0', '6fee2fa3-c24e-47eb-b5c3-951666fb9af7')
/
insert into KSEN_LUI_ATTR (OBJ_ID, ATTR_KEY, OWNER_ID, ATTR_VALUE, ID) values ('0166ce76-8062-4414-b384-1bcfad0e164a', 'isWaitlistCheckinRequired', 'c4771b96-a10a-4857-aaf8-bd4beb3c0f85', '0', '417b674b-c6b9-4b96-8de7-9f5639e03557')
/
insert into KSEN_LUI_IDENT (OBJ_ID, VER_NBR, CREATEID, CREATETIME, UPDATEID, UPDATETIME, LUI_CD, DIVISION, IDENT_LEVEL, LNG_NAME, LUI_ID, ORGID, SHRT_NAME, LUI_ID_STATE, SUFX_CD, LUI_ID_TYPE, VARTN, ID) values ('87aa1da0-2dad-4e86-ad6d-39bf5ff70e44', 0, 'admin', TIMESTAMP '2013-06-04 11:11:36.187', 'admin', TIMESTAMP '2013-06-04 11:11:36.187', 'C', '', '', '', 'c4771b96-a10a-4857-aaf8-bd4beb3c0f85', '', '', 'kuali.lui.identifier.state.active', '', 'kuali.lui.identifier.type.official', '', 'e90a296b-b8be-4e94-a195-7459734856ab')
/
insert into KSEN_LUI_LU_CD (OBJ_ID, VER_NBR, CREATEID, CREATETIME, UPDATEID, UPDATETIME, DESCR_FORMATTED, LUI_ID, DESCR_PLAIN, LUI_LUCD_TYPE, VALUE, ID) values ('04998963-bfbd-4d99-bdb5-4f6eaf31f517', 0, 'admin', TIMESTAMP '2013-06-04 11:11:36.187', 'admin', TIMESTAMP '2013-06-04 11:11:36.187', '', 'c4771b96-a10a-4857-aaf8-bd4beb3c0f85', '', 'kuali.lu.code.honorsOffering', '0', '61ca476a-ce8e-40a9-9fd3-526e37d2dd45')
/
insert into KSEN_LPR (OBJ_ID, VER_NBR, CREATEID, CREATETIME, UPDATEID, UPDATETIME, COMMIT_PERCT, EFF_DT, EXPIR_DT, LUI_ID, PERS_ID, LPR_STATE, LPR_TYPE, ID) values ('9bdd99b5-eee8-47b0-ad20-8e08528f1e1e', 0, 'admin', TIMESTAMP '2013-06-04 11:11:36.187', 'admin', TIMESTAMP '2013-06-04 11:11:36.187', '100.0', TIMESTAMP '2013-06-04 11:11:43.058', '', 'c4771b96-a10a-4857-aaf8-bd4beb3c0f85', 'K.LAURAR', 'kuali.lpr.state.active', 'kuali.lpr.type.instructor.main', '936d8764-08ff-48cc-9a26-15cc9810c33d')
/
insert into KSEN_LUILUI_RELTN (OBJ_ID, VER_NBR, CREATEID, CREATETIME, UPDATEID, UPDATETIME, EFF_DT, EXPIR_DT, DESCR_FORMATTED, LUI_ID, LUILUI_RELTN_STATE, LUILUI_RELTN_TYPE, NAME, DESCR_PLAIN, RELATED_LUI_ID, ID) values ('29f68f78-44c1-4e19-99dc-f08cd430f793', 0, 'admin', TIMESTAMP '2013-06-04 11:11:36.187', 'admin', TIMESTAMP '2013-06-04 11:11:36.187', TIMESTAMP '2013-06-04 11:11:43.058', '', 'HIST110-FO-AO', '56d750c7-44db-4fc0-a891-f09c6f86d55f', 'kuali.lui.lui.relation.state.active', 'kuali.lui.lui.relation.type.deliveredvia.fo2ao', 'fo-ao-relation', 'HIST110-FO-AO', 'c4771b96-a10a-4857-aaf8-bd4beb3c0f85', 'b0b26a9b-46da-4034-a12d-487673f410ab')
/
insert into KSEN_SCHED_REF_OBJECT (SCHED_RQST_SET_ID, REF_OBJECT_ID) values ('63970644-b871-4430-90af-be046b0175f2', 'ae9703d9-be4e-4e8a-9288-3df4067ba126')
/
insert into KSEN_SCHED_RQST_CMP_BLDG (CMP_ID, BUILDING_ID) values ('090686a6-ab5f-4ad5-9f28-6c2097d3a68b', 'af22fa59-42ab-4d09-9a5b-6980f8b4ae7d')
/
insert into KSEN_SCHED_RQST_CMP_CAMPUS (CMP_ID, CAMPUS_ID) values ('090686a6-ab5f-4ad5-9f28-6c2097d3a68b', 'UMCP')
/
insert into KSEN_SCHED_RQST_CMP_ROOM (CMP_ID, ROOM_ID) values ('090686a6-ab5f-4ad5-9f28-6c2097d3a68b', '3a65af54-eb98-475e-9970-e8b8408cf750')
/
insert into KSEN_SCHED_RQST_CMP_TMSLOT (CMP_ID, TM_SLOT_ID) values ('090686a6-ab5f-4ad5-9f28-6c2097d3a68b', '0c1d66ea-3ffe-439b-9e66-a1d9374fa6e1')
/
insert into KSEN_SCHED_RQST_SET (OBJ_ID, VER_NBR, CREATEID, CREATETIME, UPDATEID, UPDATETIME, DESCR_FORMATTED, MAX_ENRL_SHARED_IND, MAX_ENRL, NAME, DESCR_PLAIN, REF_OBJECT_TYPE, SCHED_RQST_SET_STATE, SCHED_RQST_SET_TYPE, ID) values ('a729eac5-5b1f-46f9-88bb-13a3d310f7b6', 0, 'admin', TIMESTAMP '2013-06-04 11:11:36.187', 'admin', TIMESTAMP '2013-06-04 11:11:36.187', '', '', '', '', '', 'http://student.kuali.org/wsdl/courseOffering/ActivityOfferingInfo', 'kuali.scheduling.schedule.request.state.created', 'kuali.scheduling.schedule.request.set.type.schedule.request.set', '2ba81b5b-a540-4b6c-b910-9c314f5813db')
/
insert into KSEN_SCHED_RQST (OBJ_ID, VER_NBR, CREATEID, CREATETIME, UPDATEID, UPDATETIME, DESCR_FORMATTED, NAME, DESCR_PLAIN, SCHED_RQST_STATE, SCHED_RQST_TYPE, SCHED_ID, SCHED_RQST_SET_ID, ID) values ('8313597b-74da-4de1-a9a1-cd951f087313', 0, 'admin', TIMESTAMP '2013-06-04 11:11:36.187', 'admin', TIMESTAMP '2013-06-04 11:11:36.187', '', 'Schedule request for HIST110 - C', '', 'kuali.scheduling.schedule.request.state.created', 'kuali.scheduling.schedule.request.type.schedule.request', '', '2ba81b5b-a540-4b6c-b910-9c314f5813db', '258717fb-e86f-48bd-98b1-ade2426addf9')
/
insert into KSEN_SCHED_RQST_CMP (OBJ_ID, TBA_IND, SCHED_RQST_ID, ID) values ('fae9922d-d261-432d-8d94-304ac9179c8d', '0', '258717fb-e86f-48bd-98b1-ade2426addf9', '33aa6b79-bce8-43af-adf3-c0f701b39b16')
/
insert into KSEN_LUI (OBJ_ID, VER_NBR, CREATEID, CREATETIME, UPDATEID, UPDATETIME, ATP_ID, CLU_ID, EFF_DT, EXPIR_DT, DESCR_FORMATTED, LUI_STATE, LUI_TYPE, MAX_SEATS, MIN_SEATS, NAME, DESCR_PLAIN, REF_URL, ID) values ('42b1dc8b-3e9f-412a-ad39-d9aeef73fdd7', 0, 'admin', TIMESTAMP '2013-06-04 11:11:36.187', 'admin', TIMESTAMP '2013-06-04 11:11:36.187', 'kuali.atp.2012CETerm1', '3cad8c8d-4ded-4ff1-aa0a-60f5dce6edf1', '', '', 'Courses with discussion', 'kuali.lui.activity.offering.state.draft', 'kuali.lui.type.activity.offering.discussion', 20, 20, 'Discussion', 'Courses with discussion', 'null', 'a3b6c14e-8615-4479-a1c0-b033d0228401')
/
insert into KSEN_LUI_ATTR (OBJ_ID, ATTR_KEY, OWNER_ID, ATTR_VALUE, ID) values ('bb5b5de5-4f02-43a6-a9fa-7774d551b89f', 'isWaitlistCheckinRequired', 'a3b6c14e-8615-4479-a1c0-b033d0228401', '0', '0889c69e-438d-4cc5-9dfc-7e0e3b1e416f')
/
insert into KSEN_LUI_ATTR (OBJ_ID, ATTR_KEY, OWNER_ID, ATTR_VALUE, ID) values ('2c9d948f-4cd2-4764-af7b-8fae688d4802', 'kuali.attribute.max.enrollment.is.estimate', 'a3b6c14e-8615-4479-a1c0-b033d0228401', '0', 'bd58d13f-5478-4fc2-a603-7e808a2708be')
/
insert into KSEN_LUI_ATTR (OBJ_ID, ATTR_KEY, OWNER_ID, ATTR_VALUE, ID) values ('dcc45b93-1553-4d7e-bf49-9ca62e52be07', 'kuali.attribute.course.evaluation.indicator', 'a3b6c14e-8615-4479-a1c0-b033d0228401', '0', 'a42ba3d4-6721-4ed1-b6f2-6ab2cd09fa2f')
/
insert into KSEN_LUI_IDENT (OBJ_ID, VER_NBR, CREATEID, CREATETIME, UPDATEID, UPDATETIME, LUI_CD, DIVISION, IDENT_LEVEL, LNG_NAME, LUI_ID, ORGID, SHRT_NAME, LUI_ID_STATE, SUFX_CD, LUI_ID_TYPE, VARTN, ID) values ('e233ebc2-c961-4be7-8895-baf4db0c2363', 0, 'admin', TIMESTAMP '2013-06-04 11:11:36.187', 'admin', TIMESTAMP '2013-06-04 11:11:36.187', 'D', '', '', '', 'a3b6c14e-8615-4479-a1c0-b033d0228401', '', '', 'kuali.lui.identifier.state.active', '', 'kuali.lui.identifier.type.official', '', '637d1b50-cf92-4526-be19-cfac7117666e')
/
insert into KSEN_LUI_LU_CD (OBJ_ID, VER_NBR, CREATEID, CREATETIME, UPDATEID, UPDATETIME, DESCR_FORMATTED, LUI_ID, DESCR_PLAIN, LUI_LUCD_TYPE, VALUE, ID) values ('df443f6d-c787-4ecc-9918-af278a5288f0', 0, 'admin', TIMESTAMP '2013-06-04 11:11:36.187', 'admin', TIMESTAMP '2013-06-04 11:11:36.187', '', 'a3b6c14e-8615-4479-a1c0-b033d0228401', '', 'kuali.lu.code.honorsOffering', '0', 'af4f3036-dea3-491f-93d2-a264946ef3ea')
/
insert into KSEN_LPR (OBJ_ID, VER_NBR, CREATEID, CREATETIME, UPDATEID, UPDATETIME, COMMIT_PERCT, EFF_DT, EXPIR_DT, LUI_ID, PERS_ID, LPR_STATE, LPR_TYPE, ID) values ('fd8ef88d-9b3d-4cc8-94c1-b0b973392ae7', 0, 'admin', TIMESTAMP '2013-06-04 11:11:36.187', 'admin', TIMESTAMP '2013-06-04 11:11:36.187', '100.0', TIMESTAMP '2013-06-04 11:11:43.277', '', 'a3b6c14e-8615-4479-a1c0-b033d0228401', 'J.ARIELZ', 'kuali.lpr.state.active', 'kuali.lpr.type.instructor.main', '8ecee118-37f0-4ade-b5dc-b0811e40117e')
/
insert into KSEN_LUILUI_RELTN (OBJ_ID, VER_NBR, CREATEID, CREATETIME, UPDATEID, UPDATETIME, EFF_DT, EXPIR_DT, DESCR_FORMATTED, LUI_ID, LUILUI_RELTN_STATE, LUILUI_RELTN_TYPE, NAME, DESCR_PLAIN, RELATED_LUI_ID, ID) values ('c4bbfbb5-3824-4da7-999a-8d6faf11e74d', 0, 'admin', TIMESTAMP '2013-06-04 11:11:36.187', 'admin', TIMESTAMP '2013-06-04 11:11:36.187', TIMESTAMP '2013-06-04 11:11:43.278', '', 'HIST110-FO-AO', '56d750c7-44db-4fc0-a891-f09c6f86d55f', 'kuali.lui.lui.relation.state.active', 'kuali.lui.lui.relation.type.deliveredvia.fo2ao', 'fo-ao-relation', 'HIST110-FO-AO', 'a3b6c14e-8615-4479-a1c0-b033d0228401', 'e0967a0a-b4e5-4320-acdc-75dd70338073')
/
insert into KSEN_SCHED_REF_OBJECT (SCHED_RQST_SET_ID, REF_OBJECT_ID) values ('2ba81b5b-a540-4b6c-b910-9c314f5813db', 'c4771b96-a10a-4857-aaf8-bd4beb3c0f85')
/
insert into KSEN_SCHED_RQST_CMP_BLDG (CMP_ID, BUILDING_ID) values ('33aa6b79-bce8-43af-adf3-c0f701b39b16', '099f0cbc-e9f5-4c5b-b4bf-5f8a0a6e0955')
/
insert into KSEN_SCHED_RQST_CMP_CAMPUS (CMP_ID, CAMPUS_ID) values ('33aa6b79-bce8-43af-adf3-c0f701b39b16', 'UMCP')
/
insert into KSEN_SCHED_RQST_CMP_ROOM (CMP_ID, ROOM_ID) values ('33aa6b79-bce8-43af-adf3-c0f701b39b16', '7f7f8668-b45b-4beb-a877-5b9461240b1c')
/
insert into KSEN_SCHED_RQST_CMP_TMSLOT (CMP_ID, TM_SLOT_ID) values ('33aa6b79-bce8-43af-adf3-c0f701b39b16', '38481905-7e0f-4682-ab2e-df530abd95fd')
/
insert into KSEN_SCHED_RQST_SET (OBJ_ID, VER_NBR, CREATEID, CREATETIME, UPDATEID, UPDATETIME, DESCR_FORMATTED, MAX_ENRL_SHARED_IND, MAX_ENRL, NAME, DESCR_PLAIN, REF_OBJECT_TYPE, SCHED_RQST_SET_STATE, SCHED_RQST_SET_TYPE, ID) values ('4bc21963-4162-444a-9f34-36193d2e717d', 0, 'admin', TIMESTAMP '2013-06-04 11:11:36.187', 'admin', TIMESTAMP '2013-06-04 11:11:36.187', '', '', '', '', '', 'http://student.kuali.org/wsdl/courseOffering/ActivityOfferingInfo', 'kuali.scheduling.schedule.request.state.created', 'kuali.scheduling.schedule.request.set.type.schedule.request.set', 'd1a9444f-3dd1-4bc0-940d-ec469d19c440')
/
insert into KSEN_SCHED_RQST (OBJ_ID, VER_NBR, CREATEID, CREATETIME, UPDATEID, UPDATETIME, DESCR_FORMATTED, NAME, DESCR_PLAIN, SCHED_RQST_STATE, SCHED_RQST_TYPE, SCHED_ID, SCHED_RQST_SET_ID, ID) values ('cef694bf-a2ab-4ffa-aaeb-52b17859b783', 0, 'admin', TIMESTAMP '2013-06-04 11:11:36.187', 'admin', TIMESTAMP '2013-06-04 11:11:36.187', '', 'Schedule request for HIST110 - D', '', 'kuali.scheduling.schedule.request.state.created', 'kuali.scheduling.schedule.request.type.schedule.request', '', 'd1a9444f-3dd1-4bc0-940d-ec469d19c440', 'fef6e692-e42b-4314-a4b5-9995925badb6')
/
insert into KSEN_SCHED_RQST_CMP (OBJ_ID, TBA_IND, SCHED_RQST_ID, ID) values ('9dfc8735-4543-447e-adb2-9c9558995b7a', '0', 'fef6e692-e42b-4314-a4b5-9995925badb6', 'a8d8e1a7-a8bc-4bf8-ad78-a2d9b8a805aa')
/
insert into KSEN_LUI (OBJ_ID, VER_NBR, CREATEID, CREATETIME, UPDATEID, UPDATETIME, ATP_ID, CLU_ID, EFF_DT, EXPIR_DT, DESCR_FORMATTED, LUI_STATE, LUI_TYPE, MAX_SEATS, MIN_SEATS, NAME, DESCR_PLAIN, REF_URL, ID) values ('a157ef3d-05de-421b-9e3d-3193ca83cec2', 0, 'admin', TIMESTAMP '2013-06-04 11:11:36.187', 'admin', TIMESTAMP '2013-06-04 11:11:36.187', 'kuali.atp.2012CETerm1', '2d5222a0-843e-4c1b-9f7e-847887ab9d2c', '', '', 'Courses with discussion', 'kuali.lui.activity.offering.state.draft', 'kuali.lui.type.activity.offering.discussion', 20, 20, 'Discussion', 'Courses with discussion', 'null', 'bc880949-6bc5-4c4a-8e9a-ff2dc107b92a')
/
insert into KSEN_LUI_ATTR (OBJ_ID, ATTR_KEY, OWNER_ID, ATTR_VALUE, ID) values ('a0d329a6-3fc5-4916-85fc-dd52bc1d7fcd', 'kuali.attribute.course.evaluation.indicator', 'bc880949-6bc5-4c4a-8e9a-ff2dc107b92a', '0', '24e46f29-10ca-46c5-a332-1846009d64fc')
/
insert into KSEN_LUI_ATTR (OBJ_ID, ATTR_KEY, OWNER_ID, ATTR_VALUE, ID) values ('a5afdad3-5465-4464-8618-309d29ffe9c0', 'isWaitlistCheckinRequired', 'bc880949-6bc5-4c4a-8e9a-ff2dc107b92a', '0', 'e8940579-b830-4cf4-ae72-927b6b37f5ea')
/
insert into KSEN_LUI_ATTR (OBJ_ID, ATTR_KEY, OWNER_ID, ATTR_VALUE, ID) values ('355215b3-83f4-4e2d-9dc8-cb0826681f03', 'kuali.attribute.max.enrollment.is.estimate', 'bc880949-6bc5-4c4a-8e9a-ff2dc107b92a', '0', 'f2aa393b-01e1-42ad-b81d-ec232cceb3fe')
/
insert into KSEN_LUI_IDENT (OBJ_ID, VER_NBR, CREATEID, CREATETIME, UPDATEID, UPDATETIME, LUI_CD, DIVISION, IDENT_LEVEL, LNG_NAME, LUI_ID, ORGID, SHRT_NAME, LUI_ID_STATE, SUFX_CD, LUI_ID_TYPE, VARTN, ID) values ('2fc43111-ab2a-4f34-a69a-fbfa760e3c46', 0, 'admin', TIMESTAMP '2013-06-04 11:11:36.187', 'admin', TIMESTAMP '2013-06-04 11:11:36.187', 'E', '', '', '', 'bc880949-6bc5-4c4a-8e9a-ff2dc107b92a', '', '', 'kuali.lui.identifier.state.active', '', 'kuali.lui.identifier.type.official', '', 'b03ea796-6c19-429a-8a8e-e10d12d0d698')
/
insert into KSEN_LUI_LU_CD (OBJ_ID, VER_NBR, CREATEID, CREATETIME, UPDATEID, UPDATETIME, DESCR_FORMATTED, LUI_ID, DESCR_PLAIN, LUI_LUCD_TYPE, VALUE, ID) values ('f0f17554-d686-4b9f-b807-81f8611f7d68', 0, 'admin', TIMESTAMP '2013-06-04 11:11:36.187', 'admin', TIMESTAMP '2013-06-04 11:11:36.187', '', 'bc880949-6bc5-4c4a-8e9a-ff2dc107b92a', '', 'kuali.lu.code.honorsOffering', '0', '5f6d499c-9356-45de-926f-0ac339cb7a49')
/
insert into KSEN_LPR (OBJ_ID, VER_NBR, CREATEID, CREATETIME, UPDATEID, UPDATETIME, COMMIT_PERCT, EFF_DT, EXPIR_DT, LUI_ID, PERS_ID, LPR_STATE, LPR_TYPE, ID) values ('07d9f40f-ebe6-4ea6-a1cf-fb987d95b3cb', 0, 'admin', TIMESTAMP '2013-06-04 11:11:36.187', 'admin', TIMESTAMP '2013-06-04 11:11:36.187', '100.0', TIMESTAMP '2013-06-04 11:11:43.517', '', 'bc880949-6bc5-4c4a-8e9a-ff2dc107b92a', 'M.SANDRAM', 'kuali.lpr.state.active', 'kuali.lpr.type.instructor.main', '2dee1dd1-8b38-42f0-9362-95762c41f51e')
/
insert into KSEN_LUILUI_RELTN (OBJ_ID, VER_NBR, CREATEID, CREATETIME, UPDATEID, UPDATETIME, EFF_DT, EXPIR_DT, DESCR_FORMATTED, LUI_ID, LUILUI_RELTN_STATE, LUILUI_RELTN_TYPE, NAME, DESCR_PLAIN, RELATED_LUI_ID, ID) values ('941e1cd3-3db3-488a-ae05-de9012f21ada', 0, 'admin', TIMESTAMP '2013-06-04 11:11:36.187', 'admin', TIMESTAMP '2013-06-04 11:11:36.187', TIMESTAMP '2013-06-04 11:11:43.517', '', 'HIST110-FO-AO', '56d750c7-44db-4fc0-a891-f09c6f86d55f', 'kuali.lui.lui.relation.state.active', 'kuali.lui.lui.relation.type.deliveredvia.fo2ao', 'fo-ao-relation', 'HIST110-FO-AO', 'bc880949-6bc5-4c4a-8e9a-ff2dc107b92a', '23a0ffaa-9acf-4339-a571-7ae44cf547a3')
/
insert into KSEN_SCHED_REF_OBJECT (SCHED_RQST_SET_ID, REF_OBJECT_ID) values ('d1a9444f-3dd1-4bc0-940d-ec469d19c440', 'a3b6c14e-8615-4479-a1c0-b033d0228401')
/
insert into KSEN_SCHED_RQST_CMP_BLDG (CMP_ID, BUILDING_ID) values ('a8d8e1a7-a8bc-4bf8-ad78-a2d9b8a805aa', '099f0cbc-e9f5-4c5b-b4bf-5f8a0a6e0955')
/
insert into KSEN_SCHED_RQST_CMP_CAMPUS (CMP_ID, CAMPUS_ID) values ('a8d8e1a7-a8bc-4bf8-ad78-a2d9b8a805aa', 'UMCP')
/
insert into KSEN_SCHED_RQST_CMP_ROOM (CMP_ID, ROOM_ID) values ('a8d8e1a7-a8bc-4bf8-ad78-a2d9b8a805aa', '7f7f8668-b45b-4beb-a877-5b9461240b1c')
/
insert into KSEN_SCHED_RQST_CMP_TMSLOT (CMP_ID, TM_SLOT_ID) values ('a8d8e1a7-a8bc-4bf8-ad78-a2d9b8a805aa', '36e07114-eafe-46f8-8e75-c3716f8e20f8')
/
insert into KSEN_SCHED_RQST_SET (OBJ_ID, VER_NBR, CREATEID, CREATETIME, UPDATEID, UPDATETIME, DESCR_FORMATTED, MAX_ENRL_SHARED_IND, MAX_ENRL, NAME, DESCR_PLAIN, REF_OBJECT_TYPE, SCHED_RQST_SET_STATE, SCHED_RQST_SET_TYPE, ID) values ('161b6b67-4c04-48d5-a532-c683b5b0f226', 0, 'admin', TIMESTAMP '2013-06-04 11:11:36.187', 'admin', TIMESTAMP '2013-06-04 11:11:36.187', '', '', '', '', '', 'http://student.kuali.org/wsdl/courseOffering/ActivityOfferingInfo', 'kuali.scheduling.schedule.request.state.created', 'kuali.scheduling.schedule.request.set.type.schedule.request.set', '9876eac8-ef9f-4c90-aad6-c3ed57f6bea9')
/
insert into KSEN_SCHED_RQST (OBJ_ID, VER_NBR, CREATEID, CREATETIME, UPDATEID, UPDATETIME, DESCR_FORMATTED, NAME, DESCR_PLAIN, SCHED_RQST_STATE, SCHED_RQST_TYPE, SCHED_ID, SCHED_RQST_SET_ID, ID) values ('ad7a1d35-bc7a-470a-afa0-6c1d66edac13', 0, 'admin', TIMESTAMP '2013-06-04 11:11:36.187', 'admin', TIMESTAMP '2013-06-04 11:11:36.187', '', 'Schedule request for HIST110 - E', '', 'kuali.scheduling.schedule.request.state.created', 'kuali.scheduling.schedule.request.type.schedule.request', '', '9876eac8-ef9f-4c90-aad6-c3ed57f6bea9', '8711ae11-d5d2-4908-8845-c490c71a1cb6')
/
insert into KSEN_SCHED_RQST_CMP (OBJ_ID, TBA_IND, SCHED_RQST_ID, ID) values ('a53cd25b-d9c0-447d-823c-14d79b0c9dfa', '0', '8711ae11-d5d2-4908-8845-c490c71a1cb6', '5bd7210d-a12e-4c33-8f96-a55a6cfcedb6')
/
insert into KSEN_LUI (OBJ_ID, VER_NBR, CREATEID, CREATETIME, UPDATEID, UPDATETIME, ATP_ID, CLU_ID, EFF_DT, EXPIR_DT, DESCR_FORMATTED, LUI_STATE, LUI_TYPE, MAX_SEATS, MIN_SEATS, NAME, DESCR_PLAIN, REF_URL, ID) values ('c6b0fc9d-dbbc-4da3-93c6-97d09ed1ea3a', 0, 'admin', TIMESTAMP '2013-06-04 11:11:36.187', 'admin', TIMESTAMP '2013-06-04 11:11:36.187', 'kuali.atp.2012CETerm1', '347af0e5-98a9-4b65-9527-2976bcf251a0', '', '', 'Courses with discussion', 'kuali.lui.activity.offering.state.draft', 'kuali.lui.type.activity.offering.discussion', 20, 20, 'Discussion', 'Courses with discussion', 'null', 'b2789b95-350b-4f3a-9183-7fdfd9108283')
/
insert into KSEN_LUI_ATTR (OBJ_ID, ATTR_KEY, OWNER_ID, ATTR_VALUE, ID) values ('eb78671c-f21d-4a9c-be6c-5428d1aab7a0', 'kuali.attribute.course.evaluation.indicator', 'b2789b95-350b-4f3a-9183-7fdfd9108283', '0', 'be988162-27e6-48db-9879-13f51555df05')
/
insert into KSEN_LUI_ATTR (OBJ_ID, ATTR_KEY, OWNER_ID, ATTR_VALUE, ID) values ('73c038a4-12d9-4f65-812c-4da9c96b0469', 'isWaitlistCheckinRequired', 'b2789b95-350b-4f3a-9183-7fdfd9108283', '0', 'f1592df8-24d3-43dd-91ca-1f6c62595e0d')
/
insert into KSEN_LUI_ATTR (OBJ_ID, ATTR_KEY, OWNER_ID, ATTR_VALUE, ID) values ('bfe511a9-f540-4629-990a-87f9682f55b0', 'kuali.attribute.max.enrollment.is.estimate', 'b2789b95-350b-4f3a-9183-7fdfd9108283', '0', '2e7820f5-97da-4883-96a0-79b3a17cb838')
/
insert into KSEN_LUI_IDENT (OBJ_ID, VER_NBR, CREATEID, CREATETIME, UPDATEID, UPDATETIME, LUI_CD, DIVISION, IDENT_LEVEL, LNG_NAME, LUI_ID, ORGID, SHRT_NAME, LUI_ID_STATE, SUFX_CD, LUI_ID_TYPE, VARTN, ID) values ('1aa46b9a-040f-4f43-9ef4-765b105912e9', 0, 'admin', TIMESTAMP '2013-06-04 11:11:36.187', 'admin', TIMESTAMP '2013-06-04 11:11:36.187', 'F', '', '', '', 'b2789b95-350b-4f3a-9183-7fdfd9108283', '', '', 'kuali.lui.identifier.state.active', '', 'kuali.lui.identifier.type.official', '', '3c6ab59c-bbac-456b-a321-2d697495333b')
/
insert into KSEN_LUI_LU_CD (OBJ_ID, VER_NBR, CREATEID, CREATETIME, UPDATEID, UPDATETIME, DESCR_FORMATTED, LUI_ID, DESCR_PLAIN, LUI_LUCD_TYPE, VALUE, ID) values ('21c0d420-0dda-41d1-a03d-f183605e88e4', 0, 'admin', TIMESTAMP '2013-06-04 11:11:36.187', 'admin', TIMESTAMP '2013-06-04 11:11:36.187', '', 'b2789b95-350b-4f3a-9183-7fdfd9108283', '', 'kuali.lu.code.honorsOffering', '0', '13d63d98-a4ce-49a2-b4b6-446274ba77d7')
/
insert into KSEN_LPR (OBJ_ID, VER_NBR, CREATEID, CREATETIME, UPDATEID, UPDATETIME, COMMIT_PERCT, EFF_DT, EXPIR_DT, LUI_ID, PERS_ID, LPR_STATE, LPR_TYPE, ID) values ('28128611-4ca9-4aef-a197-452ee5faac5d', 0, 'admin', TIMESTAMP '2013-06-04 11:11:36.187', 'admin', TIMESTAMP '2013-06-04 11:11:36.187', '100.0', TIMESTAMP '2013-06-04 11:11:43.739', '', 'b2789b95-350b-4f3a-9183-7fdfd9108283', 'M.BONNIEL', 'kuali.lpr.state.active', 'kuali.lpr.type.instructor.main', 'e751e5ef-1877-4915-b833-978971d04447')
/
insert into KSEN_LUILUI_RELTN (OBJ_ID, VER_NBR, CREATEID, CREATETIME, UPDATEID, UPDATETIME, EFF_DT, EXPIR_DT, DESCR_FORMATTED, LUI_ID, LUILUI_RELTN_STATE, LUILUI_RELTN_TYPE, NAME, DESCR_PLAIN, RELATED_LUI_ID, ID) values ('6dd0b097-9a28-41ab-be9d-4a6b9965018e', 0, 'admin', TIMESTAMP '2013-06-04 11:11:36.187', 'admin', TIMESTAMP '2013-06-04 11:11:36.187', TIMESTAMP '2013-06-04 11:11:43.739', '', 'HIST110-FO-AO', '56d750c7-44db-4fc0-a891-f09c6f86d55f', 'kuali.lui.lui.relation.state.active', 'kuali.lui.lui.relation.type.deliveredvia.fo2ao', 'fo-ao-relation', 'HIST110-FO-AO', 'b2789b95-350b-4f3a-9183-7fdfd9108283', 'aa510696-dae5-4861-8261-2ee4371cfb62')
/
insert into KSEN_SCHED_REF_OBJECT (SCHED_RQST_SET_ID, REF_OBJECT_ID) values ('9876eac8-ef9f-4c90-aad6-c3ed57f6bea9', 'bc880949-6bc5-4c4a-8e9a-ff2dc107b92a')
/
insert into KSEN_SCHED_RQST_CMP_BLDG (CMP_ID, BUILDING_ID) values ('5bd7210d-a12e-4c33-8f96-a55a6cfcedb6', '9a171e1e-dde4-4095-8fc9-b8fde0da485e')
/
insert into KSEN_SCHED_RQST_CMP_CAMPUS (CMP_ID, CAMPUS_ID) values ('5bd7210d-a12e-4c33-8f96-a55a6cfcedb6', 'UMCP')
/
insert into KSEN_SCHED_RQST_CMP_ROOM (CMP_ID, ROOM_ID) values ('5bd7210d-a12e-4c33-8f96-a55a6cfcedb6', '814cca13-7f76-4657-b1b9-283f6cbb3e6a')
/
insert into KSEN_SCHED_RQST_CMP_TMSLOT (CMP_ID, TM_SLOT_ID) values ('5bd7210d-a12e-4c33-8f96-a55a6cfcedb6', 'c3ba6332-f07f-4203-bda9-ba3ebeff907a')
/
insert into KSEN_SCHED_RQST_SET (OBJ_ID, VER_NBR, CREATEID, CREATETIME, UPDATEID, UPDATETIME, DESCR_FORMATTED, MAX_ENRL_SHARED_IND, MAX_ENRL, NAME, DESCR_PLAIN, REF_OBJECT_TYPE, SCHED_RQST_SET_STATE, SCHED_RQST_SET_TYPE, ID) values ('6094454e-1bbc-40de-9566-70029a474d9d', 0, 'admin', TIMESTAMP '2013-06-04 11:11:36.187', 'admin', TIMESTAMP '2013-06-04 11:11:36.187', '', '', '', '', '', 'http://student.kuali.org/wsdl/courseOffering/ActivityOfferingInfo', 'kuali.scheduling.schedule.request.state.created', 'kuali.scheduling.schedule.request.set.type.schedule.request.set', '235076a9-4ff8-4cd3-ab80-a6e324194c41')
/
insert into KSEN_SCHED_RQST (OBJ_ID, VER_NBR, CREATEID, CREATETIME, UPDATEID, UPDATETIME, DESCR_FORMATTED, NAME, DESCR_PLAIN, SCHED_RQST_STATE, SCHED_RQST_TYPE, SCHED_ID, SCHED_RQST_SET_ID, ID) values ('a8f1bf92-7bdb-4264-a4f9-c2256fbe358e', 0, 'admin', TIMESTAMP '2013-06-04 11:11:36.187', 'admin', TIMESTAMP '2013-06-04 11:11:36.187', '', 'Schedule request for HIST110 - F', '', 'kuali.scheduling.schedule.request.state.created', 'kuali.scheduling.schedule.request.type.schedule.request', '', '235076a9-4ff8-4cd3-ab80-a6e324194c41', '2a5991f0-2941-491e-88c1-a82d6dae620e')
/
insert into KSEN_SCHED_RQST_CMP (OBJ_ID, TBA_IND, SCHED_RQST_ID, ID) values ('80a719a7-f97d-4850-9766-1caec49254ef', '0', '2a5991f0-2941-491e-88c1-a82d6dae620e', '37400d6d-d8be-41d8-b631-e0d47c9efed2')
/
insert into KSEN_LUI (OBJ_ID, VER_NBR, CREATEID, CREATETIME, UPDATEID, UPDATETIME, ATP_ID, CLU_ID, EFF_DT, EXPIR_DT, DESCR_FORMATTED, LUI_STATE, LUI_TYPE, MAX_SEATS, MIN_SEATS, NAME, DESCR_PLAIN, REF_URL, ID) values ('1fe9043a-aec3-4f82-83f9-f05c27bdc3a8', 0, 'admin', TIMESTAMP '2013-06-04 11:11:36.187', 'admin', TIMESTAMP '2013-06-04 11:11:36.187', 'kuali.atp.2012CETerm1', 'fece0248-468d-4b08-9fcf-955a6b6b703d', '', '', 'Courses with discussion', 'kuali.lui.activity.offering.state.draft', 'kuali.lui.type.activity.offering.discussion', 20, 20, 'Discussion', 'Courses with discussion', 'null', '873a3992-bd23-4f96-90cf-9b0ffca8c0d9')
/
insert into KSEN_LUI_ATTR (OBJ_ID, ATTR_KEY, OWNER_ID, ATTR_VALUE, ID) values ('2750785d-a970-4626-bb08-9e5631c0dea0', 'kuali.attribute.course.evaluation.indicator', '873a3992-bd23-4f96-90cf-9b0ffca8c0d9', '0', '4d3176f6-02ad-48e5-8d10-9b0149f12273')
/
insert into KSEN_LUI_ATTR (OBJ_ID, ATTR_KEY, OWNER_ID, ATTR_VALUE, ID) values ('51affe9d-91c6-4a0c-9360-684aa44d7592', 'isWaitlistCheckinRequired', '873a3992-bd23-4f96-90cf-9b0ffca8c0d9', '0', 'b8595f43-42c8-41fa-a1d2-bad430d167ee')
/
insert into KSEN_LUI_ATTR (OBJ_ID, ATTR_KEY, OWNER_ID, ATTR_VALUE, ID) values ('06be480e-d0cd-47f7-b22b-88694f9aecb9', 'kuali.attribute.max.enrollment.is.estimate', '873a3992-bd23-4f96-90cf-9b0ffca8c0d9', '0', '96598611-daef-46de-87f3-036f05c32546')
/
insert into KSEN_LUI_IDENT (OBJ_ID, VER_NBR, CREATEID, CREATETIME, UPDATEID, UPDATETIME, LUI_CD, DIVISION, IDENT_LEVEL, LNG_NAME, LUI_ID, ORGID, SHRT_NAME, LUI_ID_STATE, SUFX_CD, LUI_ID_TYPE, VARTN, ID) values ('770327d4-ecfe-4c5e-a143-8f58d2ca1f90', 0, 'admin', TIMESTAMP '2013-06-04 11:11:36.187', 'admin', TIMESTAMP '2013-06-04 11:11:36.187', 'G', '', '', '', '873a3992-bd23-4f96-90cf-9b0ffca8c0d9', '', '', 'kuali.lui.identifier.state.active', '', 'kuali.lui.identifier.type.official', '', '4cf56318-432e-4635-8771-801a7c7d577b')
/
insert into KSEN_LUI_LU_CD (OBJ_ID, VER_NBR, CREATEID, CREATETIME, UPDATEID, UPDATETIME, DESCR_FORMATTED, LUI_ID, DESCR_PLAIN, LUI_LUCD_TYPE, VALUE, ID) values ('a969ba2d-a22b-4fbd-8cdd-6538c9c9e47a', 0, 'admin', TIMESTAMP '2013-06-04 11:11:36.187', 'admin', TIMESTAMP '2013-06-04 11:11:36.187', '', '873a3992-bd23-4f96-90cf-9b0ffca8c0d9', '', 'kuali.lu.code.honorsOffering', '0', '64339611-f5f1-4740-91c7-bc92cc9f9d75')
/
insert into KSEN_LPR (OBJ_ID, VER_NBR, CREATEID, CREATETIME, UPDATEID, UPDATETIME, COMMIT_PERCT, EFF_DT, EXPIR_DT, LUI_ID, PERS_ID, LPR_STATE, LPR_TYPE, ID) values ('6b356db9-2c8c-4cea-bc63-b333a050f3a4', 0, 'admin', TIMESTAMP '2013-06-04 11:11:36.187', 'admin', TIMESTAMP '2013-06-04 11:11:36.187', '100.0', TIMESTAMP '2013-06-04 11:11:43.973', '', '873a3992-bd23-4f96-90cf-9b0ffca8c0d9', 'L.REALD', 'kuali.lpr.state.active', 'kuali.lpr.type.instructor.main', '3490f2f1-f84f-404a-9890-ca130369614d')
/
insert into KSEN_LUILUI_RELTN (OBJ_ID, VER_NBR, CREATEID, CREATETIME, UPDATEID, UPDATETIME, EFF_DT, EXPIR_DT, DESCR_FORMATTED, LUI_ID, LUILUI_RELTN_STATE, LUILUI_RELTN_TYPE, NAME, DESCR_PLAIN, RELATED_LUI_ID, ID) values ('3b303935-0074-4968-a37c-d596a80ae80b', 0, 'admin', TIMESTAMP '2013-06-04 11:11:36.187', 'admin', TIMESTAMP '2013-06-04 11:11:36.187', TIMESTAMP '2013-06-04 11:11:43.974', '', 'HIST110-FO-AO', '56d750c7-44db-4fc0-a891-f09c6f86d55f', 'kuali.lui.lui.relation.state.active', 'kuali.lui.lui.relation.type.deliveredvia.fo2ao', 'fo-ao-relation', 'HIST110-FO-AO', '873a3992-bd23-4f96-90cf-9b0ffca8c0d9', '3c421f08-8f9a-48a1-b45c-87846216abd6')
/
insert into KSEN_SCHED_REF_OBJECT (SCHED_RQST_SET_ID, REF_OBJECT_ID) values ('235076a9-4ff8-4cd3-ab80-a6e324194c41', 'b2789b95-350b-4f3a-9183-7fdfd9108283')
/
insert into KSEN_SCHED_RQST_CMP_BLDG (CMP_ID, BUILDING_ID) values ('37400d6d-d8be-41d8-b631-e0d47c9efed2', 'af22fa59-42ab-4d09-9a5b-6980f8b4ae7d')
/
insert into KSEN_SCHED_RQST_CMP_CAMPUS (CMP_ID, CAMPUS_ID) values ('37400d6d-d8be-41d8-b631-e0d47c9efed2', 'UMCP')
/
insert into KSEN_SCHED_RQST_CMP_ROOM (CMP_ID, ROOM_ID) values ('37400d6d-d8be-41d8-b631-e0d47c9efed2', 'b1e0c71f-8c6f-4e9a-a0a9-a677efa6c56e')
/
insert into KSEN_SCHED_RQST_CMP_TMSLOT (CMP_ID, TM_SLOT_ID) values ('37400d6d-d8be-41d8-b631-e0d47c9efed2', 'e3034238-3b3c-46ec-ab1b-66d2a8beb2ca')
/
insert into KSEN_SCHED_RQST_SET (OBJ_ID, VER_NBR, CREATEID, CREATETIME, UPDATEID, UPDATETIME, DESCR_FORMATTED, MAX_ENRL_SHARED_IND, MAX_ENRL, NAME, DESCR_PLAIN, REF_OBJECT_TYPE, SCHED_RQST_SET_STATE, SCHED_RQST_SET_TYPE, ID) values ('0442bc72-82ce-417e-915d-593ea0d58c29', 0, 'admin', TIMESTAMP '2013-06-04 11:11:36.187', 'admin', TIMESTAMP '2013-06-04 11:11:36.187', '', '', '', '', '', 'http://student.kuali.org/wsdl/courseOffering/ActivityOfferingInfo', 'kuali.scheduling.schedule.request.state.created', 'kuali.scheduling.schedule.request.set.type.schedule.request.set', 'cf3eb40f-8841-4529-96e2-b5c28dc64090')
/
insert into KSEN_SCHED_RQST (OBJ_ID, VER_NBR, CREATEID, CREATETIME, UPDATEID, UPDATETIME, DESCR_FORMATTED, NAME, DESCR_PLAIN, SCHED_RQST_STATE, SCHED_RQST_TYPE, SCHED_ID, SCHED_RQST_SET_ID, ID) values ('69bd3237-88c5-4ed3-9f6a-2e9945ea31a2', 0, 'admin', TIMESTAMP '2013-06-04 11:11:36.187', 'admin', TIMESTAMP '2013-06-04 11:11:36.187', '', 'Schedule request for HIST110 - G', '', 'kuali.scheduling.schedule.request.state.created', 'kuali.scheduling.schedule.request.type.schedule.request', '', 'cf3eb40f-8841-4529-96e2-b5c28dc64090', 'eb0121a6-c5e6-49d4-9663-25d3aa5dbb26')
/
insert into KSEN_SCHED_RQST_CMP (OBJ_ID, TBA_IND, SCHED_RQST_ID, ID) values ('5088a785-200d-44c0-899b-b93245ec2d3c', '0', 'eb0121a6-c5e6-49d4-9663-25d3aa5dbb26', '4eac5400-af5e-4d1f-b905-99583231bd38')
/
insert into KSEN_LUI (OBJ_ID, VER_NBR, CREATEID, CREATETIME, UPDATEID, UPDATETIME, ATP_ID, CLU_ID, EFF_DT, EXPIR_DT, DESCR_FORMATTED, LUI_STATE, LUI_TYPE, MAX_SEATS, MIN_SEATS, NAME, DESCR_PLAIN, REF_URL, ID) values ('cec659a7-2921-4f11-9861-06e9bd5c4043', 0, 'admin', TIMESTAMP '2013-06-04 11:11:36.187', 'admin', TIMESTAMP '2013-06-04 11:11:36.187', 'kuali.atp.2012CETerm1', '6be4f320-fa19-46d5-b560-a756adba1c46', '', '', 'Courses with discussion', 'kuali.lui.activity.offering.state.draft', 'kuali.lui.type.activity.offering.discussion', 20, 20, 'Discussion', 'Courses with discussion', 'null', '5df66739-494e-4c00-b440-9f9f4ad00e2b')
/
insert into KSEN_LUI_ATTR (OBJ_ID, ATTR_KEY, OWNER_ID, ATTR_VALUE, ID) values ('c9b5c37f-4248-492d-af71-a83ff0cd9cd7', 'kuali.attribute.course.evaluation.indicator', '5df66739-494e-4c00-b440-9f9f4ad00e2b', '0', 'ded2fbec-a259-4842-82c2-17428e5373d3')
/
insert into KSEN_LUI_ATTR (OBJ_ID, ATTR_KEY, OWNER_ID, ATTR_VALUE, ID) values ('ad844c99-73bb-45a0-ab6b-dd72aef041a3', 'isWaitlistCheckinRequired', '5df66739-494e-4c00-b440-9f9f4ad00e2b', '0', '9f08393c-5e04-4b19-aef0-05d46490deb4')
/
insert into KSEN_LUI_ATTR (OBJ_ID, ATTR_KEY, OWNER_ID, ATTR_VALUE, ID) values ('e98dbe31-15a9-492d-a618-2e3441f37718', 'kuali.attribute.max.enrollment.is.estimate', '5df66739-494e-4c00-b440-9f9f4ad00e2b', '0', '98ee5f9f-2857-4ca4-b688-187890de25ee')
/
insert into KSEN_LUI_IDENT (OBJ_ID, VER_NBR, CREATEID, CREATETIME, UPDATEID, UPDATETIME, LUI_CD, DIVISION, IDENT_LEVEL, LNG_NAME, LUI_ID, ORGID, SHRT_NAME, LUI_ID_STATE, SUFX_CD, LUI_ID_TYPE, VARTN, ID) values ('c14dd50e-60ab-4fc0-9579-db50bf3465da', 0, 'admin', TIMESTAMP '2013-06-04 11:11:36.187', 'admin', TIMESTAMP '2013-06-04 11:11:36.187', 'H', '', '', '', '5df66739-494e-4c00-b440-9f9f4ad00e2b', '', '', 'kuali.lui.identifier.state.active', '', 'kuali.lui.identifier.type.official', '', '4fcd6cd8-cda8-4c70-8591-e3469072d3e4')
/
insert into KSEN_LUI_LU_CD (OBJ_ID, VER_NBR, CREATEID, CREATETIME, UPDATEID, UPDATETIME, DESCR_FORMATTED, LUI_ID, DESCR_PLAIN, LUI_LUCD_TYPE, VALUE, ID) values ('4d3ea88a-f6cc-45e6-9531-1a2949bc5fd2', 0, 'admin', TIMESTAMP '2013-06-04 11:11:36.187', 'admin', TIMESTAMP '2013-06-04 11:11:36.187', '', '5df66739-494e-4c00-b440-9f9f4ad00e2b', '', 'kuali.lu.code.honorsOffering', '0', '8c902fb2-1aed-452c-99a6-c328ed6476ab')
/
insert into KSEN_LPR (OBJ_ID, VER_NBR, CREATEID, CREATETIME, UPDATEID, UPDATETIME, COMMIT_PERCT, EFF_DT, EXPIR_DT, LUI_ID, PERS_ID, LPR_STATE, LPR_TYPE, ID) values ('cce6e5e3-dc45-4c29-bf10-15608a732b32', 0, 'admin', TIMESTAMP '2013-06-04 11:11:36.187', 'admin', TIMESTAMP '2013-06-04 11:11:36.187', '100.0', TIMESTAMP '2013-06-04 11:11:44.189', '', '5df66739-494e-4c00-b440-9f9f4ad00e2b', 'P.JONATHONS', 'kuali.lpr.state.active', 'kuali.lpr.type.instructor.main', '6b471e8d-95c1-42df-b7b9-ad141ca85f95')
/
insert into KSEN_LUILUI_RELTN (OBJ_ID, VER_NBR, CREATEID, CREATETIME, UPDATEID, UPDATETIME, EFF_DT, EXPIR_DT, DESCR_FORMATTED, LUI_ID, LUILUI_RELTN_STATE, LUILUI_RELTN_TYPE, NAME, DESCR_PLAIN, RELATED_LUI_ID, ID) values ('0b821ee5-8583-4a9c-9016-e186835097f1', 0, 'admin', TIMESTAMP '2013-06-04 11:11:36.187', 'admin', TIMESTAMP '2013-06-04 11:11:36.187', TIMESTAMP '2013-06-04 11:11:44.189', '', 'HIST110-FO-AO', '56d750c7-44db-4fc0-a891-f09c6f86d55f', 'kuali.lui.lui.relation.state.active', 'kuali.lui.lui.relation.type.deliveredvia.fo2ao', 'fo-ao-relation', 'HIST110-FO-AO', '5df66739-494e-4c00-b440-9f9f4ad00e2b', '2a91dfdd-d3f1-4b0e-a55f-e3e61d4a3a3a')
/
insert into KSEN_SCHED_REF_OBJECT (SCHED_RQST_SET_ID, REF_OBJECT_ID) values ('cf3eb40f-8841-4529-96e2-b5c28dc64090', '873a3992-bd23-4f96-90cf-9b0ffca8c0d9')
/
insert into KSEN_SCHED_RQST_CMP_BLDG (CMP_ID, BUILDING_ID) values ('4eac5400-af5e-4d1f-b905-99583231bd38', 'af22fa59-42ab-4d09-9a5b-6980f8b4ae7d')
/
insert into KSEN_SCHED_RQST_CMP_CAMPUS (CMP_ID, CAMPUS_ID) values ('4eac5400-af5e-4d1f-b905-99583231bd38', 'UMCP')
/
insert into KSEN_SCHED_RQST_CMP_ROOM (CMP_ID, ROOM_ID) values ('4eac5400-af5e-4d1f-b905-99583231bd38', '3a65af54-eb98-475e-9970-e8b8408cf750')
/
insert into KSEN_SCHED_RQST_CMP_TMSLOT (CMP_ID, TM_SLOT_ID) values ('4eac5400-af5e-4d1f-b905-99583231bd38', '27a692a4-e2fb-4922-8f74-ec86ea005133')
/
insert into KSEN_SCHED_RQST_SET (OBJ_ID, VER_NBR, CREATEID, CREATETIME, UPDATEID, UPDATETIME, DESCR_FORMATTED, MAX_ENRL_SHARED_IND, MAX_ENRL, NAME, DESCR_PLAIN, REF_OBJECT_TYPE, SCHED_RQST_SET_STATE, SCHED_RQST_SET_TYPE, ID) values ('e7715bdd-aaff-45c8-af7a-873fa0a0c6d4', 0, 'admin', TIMESTAMP '2013-06-04 11:11:36.187', 'admin', TIMESTAMP '2013-06-04 11:11:36.187', '', '', '', '', '', 'http://student.kuali.org/wsdl/courseOffering/ActivityOfferingInfo', 'kuali.scheduling.schedule.request.state.created', 'kuali.scheduling.schedule.request.set.type.schedule.request.set', '51b300b2-a195-44cb-9b75-c8b652bc5694')
/
insert into KSEN_SCHED_RQST (OBJ_ID, VER_NBR, CREATEID, CREATETIME, UPDATEID, UPDATETIME, DESCR_FORMATTED, NAME, DESCR_PLAIN, SCHED_RQST_STATE, SCHED_RQST_TYPE, SCHED_ID, SCHED_RQST_SET_ID, ID) values ('4d0b1631-ccc8-4ebf-be8d-eb60cdf77de0', 0, 'admin', TIMESTAMP '2013-06-04 11:11:36.187', 'admin', TIMESTAMP '2013-06-04 11:11:36.187', '', 'Schedule request for HIST110 - H', '', 'kuali.scheduling.schedule.request.state.created', 'kuali.scheduling.schedule.request.type.schedule.request', '', '51b300b2-a195-44cb-9b75-c8b652bc5694', '6ca36cf9-e8ce-43ee-b541-db02f26e4eb6')
/
insert into KSEN_SCHED_RQST_CMP (OBJ_ID, TBA_IND, SCHED_RQST_ID, ID) values ('79ba1071-77bd-4277-ad88-89085bdd2338', '0', '6ca36cf9-e8ce-43ee-b541-db02f26e4eb6', '56a5e4ba-d46f-48d7-a0b8-6fb6b2eb8449')
/
insert into KSEN_LUI (OBJ_ID, VER_NBR, CREATEID, CREATETIME, UPDATEID, UPDATETIME, ATP_ID, CLU_ID, EFF_DT, EXPIR_DT, DESCR_FORMATTED, LUI_STATE, LUI_TYPE, MAX_SEATS, MIN_SEATS, NAME, DESCR_PLAIN, REF_URL, ID) values ('ab8cce5b-6004-468a-8f84-1ead61a9408c', 0, 'admin', TIMESTAMP '2013-06-04 11:11:36.187', 'admin', TIMESTAMP '2013-06-04 11:11:36.187', 'kuali.atp.2012CETerm1', '8ac0fe70-2eae-4cb2-850b-e1dd9c8b7b32', '', '', 'Courses with discussion', 'kuali.lui.activity.offering.state.draft', 'kuali.lui.type.activity.offering.discussion', 20, 20, 'Discussion', 'Courses with discussion', 'null', 'e2222eee-de96-4e03-aed1-82a9aff7b158')
/
insert into KSEN_LUI_ATTR (OBJ_ID, ATTR_KEY, OWNER_ID, ATTR_VALUE, ID) values ('46290b5f-8d3c-4942-b148-0353f8bd071a', 'kuali.attribute.max.enrollment.is.estimate', 'e2222eee-de96-4e03-aed1-82a9aff7b158', '0', 'c3f7dc0c-88ef-48ee-99c2-9926d8fd0c10')
/
insert into KSEN_LUI_ATTR (OBJ_ID, ATTR_KEY, OWNER_ID, ATTR_VALUE, ID) values ('b2e04778-32a7-48c0-b1ef-cc3aecfc3b8f', 'kuali.attribute.course.evaluation.indicator', 'e2222eee-de96-4e03-aed1-82a9aff7b158', '0', '1dad8eb0-5181-4748-9677-ed185dd1490b')
/
insert into KSEN_LUI_ATTR (OBJ_ID, ATTR_KEY, OWNER_ID, ATTR_VALUE, ID) values ('a543398c-2107-4559-a35a-b20bff7ee672', 'isWaitlistCheckinRequired', 'e2222eee-de96-4e03-aed1-82a9aff7b158', '0', '9eb46b0f-ea58-4220-b6ef-358ec011d2af')
/
insert into KSEN_LUI_IDENT (OBJ_ID, VER_NBR, CREATEID, CREATETIME, UPDATEID, UPDATETIME, LUI_CD, DIVISION, IDENT_LEVEL, LNG_NAME, LUI_ID, ORGID, SHRT_NAME, LUI_ID_STATE, SUFX_CD, LUI_ID_TYPE, VARTN, ID) values ('44a7f100-8cfc-4a20-baa2-660145f74cb3', 0, 'admin', TIMESTAMP '2013-06-04 11:11:36.187', 'admin', TIMESTAMP '2013-06-04 11:11:36.187', 'I', '', '', '', 'e2222eee-de96-4e03-aed1-82a9aff7b158', '', '', 'kuali.lui.identifier.state.active', '', 'kuali.lui.identifier.type.official', '', 'fee2db7a-9fc8-4a80-97f8-6617bf4f944f')
/
insert into KSEN_LUI_LU_CD (OBJ_ID, VER_NBR, CREATEID, CREATETIME, UPDATEID, UPDATETIME, DESCR_FORMATTED, LUI_ID, DESCR_PLAIN, LUI_LUCD_TYPE, VALUE, ID) values ('735ed3a2-61d9-4679-93ef-fa35492b1a7b', 0, 'admin', TIMESTAMP '2013-06-04 11:11:36.187', 'admin', TIMESTAMP '2013-06-04 11:11:36.187', '', 'e2222eee-de96-4e03-aed1-82a9aff7b158', '', 'kuali.lu.code.honorsOffering', '0', '71292101-5f7d-4633-a469-ac41ae4c7fce')
/
insert into KSEN_LPR (OBJ_ID, VER_NBR, CREATEID, CREATETIME, UPDATEID, UPDATETIME, COMMIT_PERCT, EFF_DT, EXPIR_DT, LUI_ID, PERS_ID, LPR_STATE, LPR_TYPE, ID) values ('4df75564-dc0b-4e4c-b65e-18c9c5edf8de', 0, 'admin', TIMESTAMP '2013-06-04 11:11:36.187', 'admin', TIMESTAMP '2013-06-04 11:11:36.187', '100.0', TIMESTAMP '2013-06-04 11:11:44.406', '', 'e2222eee-de96-4e03-aed1-82a9aff7b158', 'O.LEONARDR', 'kuali.lpr.state.active', 'kuali.lpr.type.instructor.main', '225b9dc3-ba06-4dd4-8211-880f1123b1c7')
/
insert into KSEN_LUILUI_RELTN (OBJ_ID, VER_NBR, CREATEID, CREATETIME, UPDATEID, UPDATETIME, EFF_DT, EXPIR_DT, DESCR_FORMATTED, LUI_ID, LUILUI_RELTN_STATE, LUILUI_RELTN_TYPE, NAME, DESCR_PLAIN, RELATED_LUI_ID, ID) values ('5286bab1-1728-480e-8d75-f875652faf85', 0, 'admin', TIMESTAMP '2013-06-04 11:11:36.187', 'admin', TIMESTAMP '2013-06-04 11:11:36.187', TIMESTAMP '2013-06-04 11:11:44.406', '', 'HIST110-FO-AO', '56d750c7-44db-4fc0-a891-f09c6f86d55f', 'kuali.lui.lui.relation.state.active', 'kuali.lui.lui.relation.type.deliveredvia.fo2ao', 'fo-ao-relation', 'HIST110-FO-AO', 'e2222eee-de96-4e03-aed1-82a9aff7b158', '6849981d-9c6f-4c93-88f6-a6936142ff8b')
/
insert into KSEN_SCHED_REF_OBJECT (SCHED_RQST_SET_ID, REF_OBJECT_ID) values ('51b300b2-a195-44cb-9b75-c8b652bc5694', '5df66739-494e-4c00-b440-9f9f4ad00e2b')
/
insert into KSEN_SCHED_RQST_CMP_BLDG (CMP_ID, BUILDING_ID) values ('56a5e4ba-d46f-48d7-a0b8-6fb6b2eb8449', 'af22fa59-42ab-4d09-9a5b-6980f8b4ae7d')
/
insert into KSEN_SCHED_RQST_CMP_CAMPUS (CMP_ID, CAMPUS_ID) values ('56a5e4ba-d46f-48d7-a0b8-6fb6b2eb8449', 'UMCP')
/
insert into KSEN_SCHED_RQST_CMP_ROOM (CMP_ID, ROOM_ID) values ('56a5e4ba-d46f-48d7-a0b8-6fb6b2eb8449', 'd0ae2526-c132-4654-81e0-570df12c77ed')
/
insert into KSEN_SCHED_RQST_CMP_TMSLOT (CMP_ID, TM_SLOT_ID) values ('56a5e4ba-d46f-48d7-a0b8-6fb6b2eb8449', '9a64a987-770a-432e-9fcd-8a19e80522f7')
/
insert into KSEN_SCHED_RQST_SET (OBJ_ID, VER_NBR, CREATEID, CREATETIME, UPDATEID, UPDATETIME, DESCR_FORMATTED, MAX_ENRL_SHARED_IND, MAX_ENRL, NAME, DESCR_PLAIN, REF_OBJECT_TYPE, SCHED_RQST_SET_STATE, SCHED_RQST_SET_TYPE, ID) values ('894b2d8d-b137-4af3-97c0-dd0d92b672ca', 0, 'admin', TIMESTAMP '2013-06-04 11:11:36.187', 'admin', TIMESTAMP '2013-06-04 11:11:36.187', '', '', '', '', '', 'http://student.kuali.org/wsdl/courseOffering/ActivityOfferingInfo', 'kuali.scheduling.schedule.request.state.created', 'kuali.scheduling.schedule.request.set.type.schedule.request.set', '157f333e-3ff2-4467-af29-2f8c683dff39')
/
insert into KSEN_SCHED_RQST (OBJ_ID, VER_NBR, CREATEID, CREATETIME, UPDATEID, UPDATETIME, DESCR_FORMATTED, NAME, DESCR_PLAIN, SCHED_RQST_STATE, SCHED_RQST_TYPE, SCHED_ID, SCHED_RQST_SET_ID, ID) values ('4cbdafe2-00fc-4c58-80a6-33591a107754', 0, 'admin', TIMESTAMP '2013-06-04 11:11:36.187', 'admin', TIMESTAMP '2013-06-04 11:11:36.187', '', 'Schedule request for HIST110 - I', '', 'kuali.scheduling.schedule.request.state.created', 'kuali.scheduling.schedule.request.type.schedule.request', '', '157f333e-3ff2-4467-af29-2f8c683dff39', '226ac461-fa5f-4ca8-b0b2-4134a956ee05')
/
insert into KSEN_SCHED_RQST_CMP (OBJ_ID, TBA_IND, SCHED_RQST_ID, ID) values ('8f10226b-d5ef-4890-ba61-ee361462ec23', '0', '226ac461-fa5f-4ca8-b0b2-4134a956ee05', '09366370-540c-4cb9-8a35-22f1452430c7')
/
insert into KSEN_LUI (OBJ_ID, VER_NBR, CREATEID, CREATETIME, UPDATEID, UPDATETIME, ATP_ID, CLU_ID, EFF_DT, EXPIR_DT, DESCR_FORMATTED, LUI_STATE, LUI_TYPE, MAX_SEATS, MIN_SEATS, NAME, DESCR_PLAIN, REF_URL, ID) values ('5b5cc087-2a11-4a02-9317-47dc8425f027', 0, 'admin', TIMESTAMP '2013-06-04 11:11:36.187', 'admin', TIMESTAMP '2013-06-04 11:11:36.187', 'kuali.atp.2012CETerm1', '4e9f21d1-522f-4b8a-b003-c8807e64609e', '', '', 'Courses with discussion', 'kuali.lui.activity.offering.state.draft', 'kuali.lui.type.activity.offering.discussion', 20, 20, 'Discussion', 'Courses with discussion', 'null', '935a4774-97aa-4289-ab40-0059e05f57f9')
/
insert into KSEN_LUI_ATTR (OBJ_ID, ATTR_KEY, OWNER_ID, ATTR_VALUE, ID) values ('78a31b67-0e83-4678-9bee-f6e24fc2a67f', 'isWaitlistCheckinRequired', '935a4774-97aa-4289-ab40-0059e05f57f9', '0', '20f52b55-62f8-4f92-beb6-296ca4ccc83a')
/
insert into KSEN_LUI_ATTR (OBJ_ID, ATTR_KEY, OWNER_ID, ATTR_VALUE, ID) values ('53985fdf-1463-45f9-82f5-b2712979e591', 'kuali.attribute.course.evaluation.indicator', '935a4774-97aa-4289-ab40-0059e05f57f9', '0', '1cda95da-f06d-4cdf-8f75-87e3b6b9323b')
/
insert into KSEN_LUI_ATTR (OBJ_ID, ATTR_KEY, OWNER_ID, ATTR_VALUE, ID) values ('b30a383d-d263-49c0-a8d7-40bee2ad3606', 'kuali.attribute.max.enrollment.is.estimate', '935a4774-97aa-4289-ab40-0059e05f57f9', '0', '3ed31517-8231-460d-b9ff-d654b7707eaf')
/
insert into KSEN_LUI_IDENT (OBJ_ID, VER_NBR, CREATEID, CREATETIME, UPDATEID, UPDATETIME, LUI_CD, DIVISION, IDENT_LEVEL, LNG_NAME, LUI_ID, ORGID, SHRT_NAME, LUI_ID_STATE, SUFX_CD, LUI_ID_TYPE, VARTN, ID) values ('e121ac04-3343-48cb-bca1-a1e16ab7d3f7', 0, 'admin', TIMESTAMP '2013-06-04 11:11:36.187', 'admin', TIMESTAMP '2013-06-04 11:11:36.187', 'J', '', '', '', '935a4774-97aa-4289-ab40-0059e05f57f9', '', '', 'kuali.lui.identifier.state.active', '', 'kuali.lui.identifier.type.official', '', '55256743-9a32-4db6-8737-bdb4857fa177')
/
insert into KSEN_LUI_LU_CD (OBJ_ID, VER_NBR, CREATEID, CREATETIME, UPDATEID, UPDATETIME, DESCR_FORMATTED, LUI_ID, DESCR_PLAIN, LUI_LUCD_TYPE, VALUE, ID) values ('866501a0-85d9-4ee6-bc4d-41dbb8725fe2', 0, 'admin', TIMESTAMP '2013-06-04 11:11:36.187', 'admin', TIMESTAMP '2013-06-04 11:11:36.187', '', '935a4774-97aa-4289-ab40-0059e05f57f9', '', 'kuali.lu.code.honorsOffering', '0', '1e3fe06f-d576-47f5-a280-c43bfc54c543')
/
insert into KSEN_LPR (OBJ_ID, VER_NBR, CREATEID, CREATETIME, UPDATEID, UPDATETIME, COMMIT_PERCT, EFF_DT, EXPIR_DT, LUI_ID, PERS_ID, LPR_STATE, LPR_TYPE, ID) values ('e78f1c25-89bc-42d7-81c4-b14090799a08', 0, 'admin', TIMESTAMP '2013-06-04 11:11:36.187', 'admin', TIMESTAMP '2013-06-04 11:11:36.187', '100.0', TIMESTAMP '2013-06-04 11:11:44.622', '', '935a4774-97aa-4289-ab40-0059e05f57f9', 'M.IRWINS', 'kuali.lpr.state.active', 'kuali.lpr.type.instructor.main', '51833ccd-1fe6-49ff-90a7-88ddb3f5b8c4')
/
insert into KSEN_LUILUI_RELTN (OBJ_ID, VER_NBR, CREATEID, CREATETIME, UPDATEID, UPDATETIME, EFF_DT, EXPIR_DT, DESCR_FORMATTED, LUI_ID, LUILUI_RELTN_STATE, LUILUI_RELTN_TYPE, NAME, DESCR_PLAIN, RELATED_LUI_ID, ID) values ('f1e3d0ce-58d4-4ce3-9beb-6243e579657d', 0, 'admin', TIMESTAMP '2013-06-04 11:11:36.187', 'admin', TIMESTAMP '2013-06-04 11:11:36.187', TIMESTAMP '2013-06-04 11:11:44.622', '', 'HIST110-FO-AO', '56d750c7-44db-4fc0-a891-f09c6f86d55f', 'kuali.lui.lui.relation.state.active', 'kuali.lui.lui.relation.type.deliveredvia.fo2ao', 'fo-ao-relation', 'HIST110-FO-AO', '935a4774-97aa-4289-ab40-0059e05f57f9', 'e36c7b08-58d7-4feb-a500-21ec3c822f3f')
/
insert into KSEN_SCHED_REF_OBJECT (SCHED_RQST_SET_ID, REF_OBJECT_ID) values ('157f333e-3ff2-4467-af29-2f8c683dff39', 'e2222eee-de96-4e03-aed1-82a9aff7b158')
/
insert into KSEN_SCHED_RQST_CMP_BLDG (CMP_ID, BUILDING_ID) values ('09366370-540c-4cb9-8a35-22f1452430c7', 'af22fa59-42ab-4d09-9a5b-6980f8b4ae7d')
/
insert into KSEN_SCHED_RQST_CMP_CAMPUS (CMP_ID, CAMPUS_ID) values ('09366370-540c-4cb9-8a35-22f1452430c7', 'UMCP')
/
insert into KSEN_SCHED_RQST_CMP_ROOM (CMP_ID, ROOM_ID) values ('09366370-540c-4cb9-8a35-22f1452430c7', '3a65af54-eb98-475e-9970-e8b8408cf750')
/
insert into KSEN_SCHED_RQST_CMP_TMSLOT (CMP_ID, TM_SLOT_ID) values ('09366370-540c-4cb9-8a35-22f1452430c7', 'b7a44d85-1033-4f98-b33e-ab358cd02fe7')
/
insert into KSEN_SCHED_RQST_SET (OBJ_ID, VER_NBR, CREATEID, CREATETIME, UPDATEID, UPDATETIME, DESCR_FORMATTED, MAX_ENRL_SHARED_IND, MAX_ENRL, NAME, DESCR_PLAIN, REF_OBJECT_TYPE, SCHED_RQST_SET_STATE, SCHED_RQST_SET_TYPE, ID) values ('fa4fbe91-7e6b-4010-82f0-c2d6b021b350', 0, 'admin', TIMESTAMP '2013-06-04 11:11:36.187', 'admin', TIMESTAMP '2013-06-04 11:11:36.187', '', '', '', '', '', 'http://student.kuali.org/wsdl/courseOffering/ActivityOfferingInfo', 'kuali.scheduling.schedule.request.state.created', 'kuali.scheduling.schedule.request.set.type.schedule.request.set', '45681c2c-7a1f-40f2-a782-77b17e90f2e7')
/
insert into KSEN_SCHED_RQST (OBJ_ID, VER_NBR, CREATEID, CREATETIME, UPDATEID, UPDATETIME, DESCR_FORMATTED, NAME, DESCR_PLAIN, SCHED_RQST_STATE, SCHED_RQST_TYPE, SCHED_ID, SCHED_RQST_SET_ID, ID) values ('58607404-660f-4fb6-a84b-0996fd8e213f', 0, 'admin', TIMESTAMP '2013-06-04 11:11:36.187', 'admin', TIMESTAMP '2013-06-04 11:11:36.187', '', 'Schedule request for HIST110 - J', '', 'kuali.scheduling.schedule.request.state.created', 'kuali.scheduling.schedule.request.type.schedule.request', '', '45681c2c-7a1f-40f2-a782-77b17e90f2e7', '2d77f963-79f0-4fba-81d7-8471a08f21a8')
/
insert into KSEN_SCHED_RQST_CMP (OBJ_ID, TBA_IND, SCHED_RQST_ID, ID) values ('2d74cb59-cde9-4328-b508-481a6a394daf', '0', '2d77f963-79f0-4fba-81d7-8471a08f21a8', '541ec21e-ea95-48f0-9fec-5ae4b87d56eb')
/
insert into KSEN_SCHED_REF_OBJECT (SCHED_RQST_SET_ID, REF_OBJECT_ID) values ('45681c2c-7a1f-40f2-a782-77b17e90f2e7', '935a4774-97aa-4289-ab40-0059e05f57f9')
/
insert into KSEN_SCHED_RQST_CMP_BLDG (CMP_ID, BUILDING_ID) values ('541ec21e-ea95-48f0-9fec-5ae4b87d56eb', 'f9419028-0ffb-4f49-bcfd-006a155e5581')
/
insert into KSEN_SCHED_RQST_CMP_CAMPUS (CMP_ID, CAMPUS_ID) values ('541ec21e-ea95-48f0-9fec-5ae4b87d56eb', 'UMCP')
/
insert into KSEN_SCHED_RQST_CMP_ROOM (CMP_ID, ROOM_ID) values ('541ec21e-ea95-48f0-9fec-5ae4b87d56eb', '61e06319-cb30-4107-9893-2c17dfe4f6ff')
/
insert into KSEN_SCHED_RQST_CMP_TMSLOT (CMP_ID, TM_SLOT_ID) values ('541ec21e-ea95-48f0-9fec-5ae4b87d56eb', 'c9bbb248-3934-4e28-a043-62038915f797')
/
insert into KSEN_CO_AO_CLUSTER (OBJ_ID, VER_NBR, CREATEID, CREATETIME, UPDATEID, UPDATETIME, AO_CLUSTER_STATE, AO_CLUSTER_TYPE, DESCR_FORMATTED, DESCR_PLAIN, FORMAT_OFFERING_ID, NAME, PRIVATE_NAME, ID) values ('dce86407-5da0-41d1-ba2c-9c75f627fb8b', 0, 'admin', TIMESTAMP '2013-06-04 11:11:36.187', 'admin', TIMESTAMP '2013-06-04 11:11:36.187', 'kuali.activity.offering.cluster.state.active', 'kuali.activity.offering.cluster.type.activity.offering.cluster', '', '', '56d750c7-44db-4fc0-a891-f09c6f86d55f', 'CL 101', 'CL 101', '2a9890b2-b202-4cff-9d1a-a4e9a3c6b1e9')
/
insert into KSEN_CO_AO_CLUSTER_SET (OBJ_ID, ACTIVITY_OFFERING_TYPE, AO_CLUSTER_ID, ID) values ('3b00b320-adec-44fd-b094-33401bca3348', 'kuali.lui.type.activity.offering.lecture', '2a9890b2-b202-4cff-9d1a-a4e9a3c6b1e9', '404a2d46-2951-4c10-bb3f-81971a2f4b88')
/
insert into KSEN_CO_AO_CLUSTER_SET (OBJ_ID, ACTIVITY_OFFERING_TYPE, AO_CLUSTER_ID, ID) values ('2b03aba7-bf1e-43d4-add7-982dc9f3087f', 'kuali.lui.type.activity.offering.discussion', '2a9890b2-b202-4cff-9d1a-a4e9a3c6b1e9', '000351ca-6b67-4ecd-bb14-37fc9071d6ab')
/
insert into KSEN_CO_AO_CLUSTER_SET_AO (AOC_SET_ID, ACTIVITY_OFFERING_ID) values ('404a2d46-2951-4c10-bb3f-81971a2f4b88', 'c186e825-424e-48b4-86ae-bfc6aeffdfee')
/
insert into KSEN_CO_AO_CLUSTER_SET_AO (AOC_SET_ID, ACTIVITY_OFFERING_ID) values ('000351ca-6b67-4ecd-bb14-37fc9071d6ab', 'b2789b95-350b-4f3a-9183-7fdfd9108283')
/
insert into KSEN_CO_AO_CLUSTER_SET_AO (AOC_SET_ID, ACTIVITY_OFFERING_ID) values ('000351ca-6b67-4ecd-bb14-37fc9071d6ab', 'a3b6c14e-8615-4479-a1c0-b033d0228401')
/
insert into KSEN_CO_AO_CLUSTER_SET_AO (AOC_SET_ID, ACTIVITY_OFFERING_ID) values ('000351ca-6b67-4ecd-bb14-37fc9071d6ab', 'e2222eee-de96-4e03-aed1-82a9aff7b158')
/
insert into KSEN_CO_AO_CLUSTER_SET_AO (AOC_SET_ID, ACTIVITY_OFFERING_ID) values ('000351ca-6b67-4ecd-bb14-37fc9071d6ab', 'bc880949-6bc5-4c4a-8e9a-ff2dc107b92a')
/
insert into KSEN_CO_AO_CLUSTER_SET_AO (AOC_SET_ID, ACTIVITY_OFFERING_ID) values ('000351ca-6b67-4ecd-bb14-37fc9071d6ab', 'c4771b96-a10a-4857-aaf8-bd4beb3c0f85')
/
insert into KSEN_CO_AO_CLUSTER_SET_AO (AOC_SET_ID, ACTIVITY_OFFERING_ID) values ('000351ca-6b67-4ecd-bb14-37fc9071d6ab', 'ae9703d9-be4e-4e8a-9288-3df4067ba126')
/
insert into KSEN_CO_AO_CLUSTER_SET_AO (AOC_SET_ID, ACTIVITY_OFFERING_ID) values ('000351ca-6b67-4ecd-bb14-37fc9071d6ab', '873a3992-bd23-4f96-90cf-9b0ffca8c0d9')
/
insert into KSEN_CO_AO_CLUSTER_SET_AO (AOC_SET_ID, ACTIVITY_OFFERING_ID) values ('000351ca-6b67-4ecd-bb14-37fc9071d6ab', '935a4774-97aa-4289-ab40-0059e05f57f9')
/
insert into KSEN_CO_AO_CLUSTER_SET_AO (AOC_SET_ID, ACTIVITY_OFFERING_ID) values ('000351ca-6b67-4ecd-bb14-37fc9071d6ab', '5df66739-494e-4c00-b440-9f9f4ad00e2b')
/
update KSEN_CO_AO_CLUSTER_SET set AO_CLUSTER_ID='2a9890b2-b202-4cff-9d1a-a4e9a3c6b1e9' where ID='404a2d46-2951-4c10-bb3f-81971a2f4b88'
/
update KSEN_CO_AO_CLUSTER_SET set AO_CLUSTER_ID='2a9890b2-b202-4cff-9d1a-a4e9a3c6b1e9' where ID='000351ca-6b67-4ecd-bb14-37fc9071d6ab'
/
insert into KSEN_LUI (OBJ_ID, VER_NBR, CREATEID, CREATETIME, UPDATEID, UPDATETIME, ATP_ID, CLU_ID, EFF_DT, EXPIR_DT, DESCR_FORMATTED, LUI_STATE, LUI_TYPE, MAX_SEATS, MIN_SEATS, NAME, DESCR_PLAIN, REF_URL, ID) values ('a9bcaee5-dc82-4ab3-bfe3-66fa89d47845', 0, 'admin', TIMESTAMP '2013-06-04 11:11:36.187', 'admin', TIMESTAMP '2013-06-04 11:11:36.187', 'kuali.atp.2012CETerm1', '9c7796d1-4985-4e4f-a376-f94735348147', '', '', '1001', 'kuali.lui.registration.group.state.pending', 'kuali.lui.type.registration.group', '', '', '1001', '1001', '', '30906f0f-2962-4cc0-8c67-d3015bf8b151')
/
insert into KSEN_LUI_ATTR (OBJ_ID, ATTR_KEY, OWNER_ID, ATTR_VALUE, ID) values ('766c1982-4513-4720-9693-e20e9355dda7', 'kuali.attribute.registration.group.is.generated', '30906f0f-2962-4cc0-8c67-d3015bf8b151', '1', '5764ae91-5c6b-4675-9577-bbb5a852f965')
/
insert into KSEN_LUI_ATTR (OBJ_ID, ATTR_KEY, OWNER_ID, ATTR_VALUE, ID) values ('c76b2eae-c44a-4a25-96f7-56901e26e7fe', 'kuali.attribute.registration.group.aocluster.id', '30906f0f-2962-4cc0-8c67-d3015bf8b151', '2a9890b2-b202-4cff-9d1a-a4e9a3c6b1e9', '88e53e4e-8fcb-43b5-bc10-a7312c68f64a')
/
insert into KSEN_LUI_IDENT (OBJ_ID, VER_NBR, CREATEID, CREATETIME, UPDATEID, UPDATETIME, LUI_CD, DIVISION, IDENT_LEVEL, LNG_NAME, LUI_ID, ORGID, SHRT_NAME, LUI_ID_STATE, SUFX_CD, LUI_ID_TYPE, VARTN, ID) values ('e562de8a-542f-4a62-bf16-792839b22a2f', 0, 'admin', TIMESTAMP '2013-06-04 11:11:36.187', 'admin', TIMESTAMP '2013-06-04 11:11:36.187', '', '', '', '', '30906f0f-2962-4cc0-8c67-d3015bf8b151', '', '', 'kuali.lui.identifier.state.active', '', 'kuali.lui.identifier.type.official', '', '0789848f-976f-489c-9913-342161b0703e')
/
insert into KSEN_LUILUI_RELTN (OBJ_ID, VER_NBR, CREATEID, CREATETIME, UPDATEID, UPDATETIME, EFF_DT, EXPIR_DT, DESCR_FORMATTED, LUI_ID, LUILUI_RELTN_STATE, LUILUI_RELTN_TYPE, NAME, DESCR_PLAIN, RELATED_LUI_ID, ID) values ('897c5b45-16a1-4006-9d8a-a7571bdf062d', 0, 'admin', TIMESTAMP '2013-06-04 11:11:36.187', 'admin', TIMESTAMP '2013-06-04 11:11:36.187', TIMESTAMP '2013-06-04 11:11:48.39', '', 'HIST110-FO-RG', '56d750c7-44db-4fc0-a891-f09c6f86d55f', 'kuali.lui.lui.relation.state.active', 'kuali.lui.lui.relation.type.deliveredvia.fo2rg', 'fo-rg-relation', 'HIST110-FO-RG', '30906f0f-2962-4cc0-8c67-d3015bf8b151', '62deb744-ef87-45dc-aa3f-1a68a81ddc38')
/
insert into KSEN_LUILUI_RELTN (OBJ_ID, VER_NBR, CREATEID, CREATETIME, UPDATEID, UPDATETIME, EFF_DT, EXPIR_DT, DESCR_FORMATTED, LUI_ID, LUILUI_RELTN_STATE, LUILUI_RELTN_TYPE, NAME, DESCR_PLAIN, RELATED_LUI_ID, ID) values ('9ed5a881-f2cc-41e9-9f33-a4dac6a0cf06', 0, 'admin', TIMESTAMP '2013-06-04 11:11:36.187', 'admin', TIMESTAMP '2013-06-04 11:11:36.187', TIMESTAMP '2013-06-04 11:11:48.391', '', 'HIST110-RG-AO', '30906f0f-2962-4cc0-8c67-d3015bf8b151', 'kuali.lui.lui.relation.state.active', 'kuali.lui.lui.relation.type.registeredforvia.rg2ao', 'rg-ao-relation', 'HIST110-RG-AO', 'c186e825-424e-48b4-86ae-bfc6aeffdfee', 'fa5dfc90-489d-44be-835a-98c0d99f455f')
/
insert into KSEN_LUILUI_RELTN (OBJ_ID, VER_NBR, CREATEID, CREATETIME, UPDATEID, UPDATETIME, EFF_DT, EXPIR_DT, DESCR_FORMATTED, LUI_ID, LUILUI_RELTN_STATE, LUILUI_RELTN_TYPE, NAME, DESCR_PLAIN, RELATED_LUI_ID, ID) values ('5cbe544e-d672-4400-9ef2-0d9b6d3d7e14', 0, 'admin', TIMESTAMP '2013-06-04 11:11:36.187', 'admin', TIMESTAMP '2013-06-04 11:11:36.187', TIMESTAMP '2013-06-04 11:11:48.391', '', 'HIST110-RG-AO', '30906f0f-2962-4cc0-8c67-d3015bf8b151', 'kuali.lui.lui.relation.state.active', 'kuali.lui.lui.relation.type.registeredforvia.rg2ao', 'rg-ao-relation', 'HIST110-RG-AO', '873a3992-bd23-4f96-90cf-9b0ffca8c0d9', 'c75ef67d-d8de-448c-a276-81c1bd878ab1')
/
insert into KSEN_LUI (OBJ_ID, VER_NBR, CREATEID, CREATETIME, UPDATEID, UPDATETIME, ATP_ID, CLU_ID, EFF_DT, EXPIR_DT, DESCR_FORMATTED, LUI_STATE, LUI_TYPE, MAX_SEATS, MIN_SEATS, NAME, DESCR_PLAIN, REF_URL, ID) values ('c3667d60-6aaf-4f1a-874a-4641a3199c26', 0, 'admin', TIMESTAMP '2013-06-04 11:11:36.187', 'admin', TIMESTAMP '2013-06-04 11:11:36.187', 'kuali.atp.2012CETerm1', '9c7796d1-4985-4e4f-a376-f94735348147', '', '', '1002', 'kuali.lui.registration.group.state.pending', 'kuali.lui.type.registration.group', '', '', '1002', '1002', '', '01ed534d-7d0f-4659-b931-8284bed03855')
/
insert into KSEN_LUI_ATTR (OBJ_ID, ATTR_KEY, OWNER_ID, ATTR_VALUE, ID) values ('60d33bd9-dd8e-4ef0-8faf-5997a002d0e7', 'kuali.attribute.registration.group.is.generated', '01ed534d-7d0f-4659-b931-8284bed03855', '1', 'af8e9948-1d08-45c6-acba-5379ece6eace')
/
insert into KSEN_LUI_ATTR (OBJ_ID, ATTR_KEY, OWNER_ID, ATTR_VALUE, ID) values ('5895fc11-c5ff-4aae-919c-bb957fa91b72', 'kuali.attribute.registration.group.aocluster.id', '01ed534d-7d0f-4659-b931-8284bed03855', '2a9890b2-b202-4cff-9d1a-a4e9a3c6b1e9', 'fa667db2-cd03-4447-b815-9956af1ae07a')
/
insert into KSEN_LUI_IDENT (OBJ_ID, VER_NBR, CREATEID, CREATETIME, UPDATEID, UPDATETIME, LUI_CD, DIVISION, IDENT_LEVEL, LNG_NAME, LUI_ID, ORGID, SHRT_NAME, LUI_ID_STATE, SUFX_CD, LUI_ID_TYPE, VARTN, ID) values ('0e0beb07-c1fa-498c-b7cf-e9ad27ca6721', 0, 'admin', TIMESTAMP '2013-06-04 11:11:36.187', 'admin', TIMESTAMP '2013-06-04 11:11:36.187', '', '', '', '', '01ed534d-7d0f-4659-b931-8284bed03855', '', '', 'kuali.lui.identifier.state.active', '', 'kuali.lui.identifier.type.official', '', '13510417-4172-45e4-a7b1-53a9b2bfdbe1')
/
insert into KSEN_LUILUI_RELTN (OBJ_ID, VER_NBR, CREATEID, CREATETIME, UPDATEID, UPDATETIME, EFF_DT, EXPIR_DT, DESCR_FORMATTED, LUI_ID, LUILUI_RELTN_STATE, LUILUI_RELTN_TYPE, NAME, DESCR_PLAIN, RELATED_LUI_ID, ID) values ('1f4d9669-e442-431e-924c-ec2c66e12a73', 0, 'admin', TIMESTAMP '2013-06-04 11:11:36.187', 'admin', TIMESTAMP '2013-06-04 11:11:36.187', TIMESTAMP '2013-06-04 11:11:48.606', '', 'HIST110-FO-RG', '56d750c7-44db-4fc0-a891-f09c6f86d55f', 'kuali.lui.lui.relation.state.active', 'kuali.lui.lui.relation.type.deliveredvia.fo2rg', 'fo-rg-relation', 'HIST110-FO-RG', '01ed534d-7d0f-4659-b931-8284bed03855', '4e682dc1-0a28-47e1-bc22-50123441e138')
/
insert into KSEN_LUILUI_RELTN (OBJ_ID, VER_NBR, CREATEID, CREATETIME, UPDATEID, UPDATETIME, EFF_DT, EXPIR_DT, DESCR_FORMATTED, LUI_ID, LUILUI_RELTN_STATE, LUILUI_RELTN_TYPE, NAME, DESCR_PLAIN, RELATED_LUI_ID, ID) values ('0a2ad258-0780-488a-8a3d-86df18df3565', 0, 'admin', TIMESTAMP '2013-06-04 11:11:36.187', 'admin', TIMESTAMP '2013-06-04 11:11:36.187', TIMESTAMP '2013-06-04 11:11:48.606', '', 'HIST110-RG-AO', '01ed534d-7d0f-4659-b931-8284bed03855', 'kuali.lui.lui.relation.state.active', 'kuali.lui.lui.relation.type.registeredforvia.rg2ao', 'rg-ao-relation', 'HIST110-RG-AO', 'c186e825-424e-48b4-86ae-bfc6aeffdfee', 'c79d5a7e-4381-4372-afa5-3e21a23ab5b4')
/
insert into KSEN_LUILUI_RELTN (OBJ_ID, VER_NBR, CREATEID, CREATETIME, UPDATEID, UPDATETIME, EFF_DT, EXPIR_DT, DESCR_FORMATTED, LUI_ID, LUILUI_RELTN_STATE, LUILUI_RELTN_TYPE, NAME, DESCR_PLAIN, RELATED_LUI_ID, ID) values ('ef3eb45a-672c-42f1-ad58-140a88b6caf1', 0, 'admin', TIMESTAMP '2013-06-04 11:11:36.187', 'admin', TIMESTAMP '2013-06-04 11:11:36.187', TIMESTAMP '2013-06-04 11:11:48.607', '', 'HIST110-RG-AO', '01ed534d-7d0f-4659-b931-8284bed03855', 'kuali.lui.lui.relation.state.active', 'kuali.lui.lui.relation.type.registeredforvia.rg2ao', 'rg-ao-relation', 'HIST110-RG-AO', 'ae9703d9-be4e-4e8a-9288-3df4067ba126', 'a368d60a-3e50-4256-ae11-3c8c33ea0fc9')
/
insert into KSEN_LUI (OBJ_ID, VER_NBR, CREATEID, CREATETIME, UPDATEID, UPDATETIME, ATP_ID, CLU_ID, EFF_DT, EXPIR_DT, DESCR_FORMATTED, LUI_STATE, LUI_TYPE, MAX_SEATS, MIN_SEATS, NAME, DESCR_PLAIN, REF_URL, ID) values ('8de459a7-1abd-41d8-a90f-553beb8a502a', 0, 'admin', TIMESTAMP '2013-06-04 11:11:36.187', 'admin', TIMESTAMP '2013-06-04 11:11:36.187', 'kuali.atp.2012CETerm1', '9c7796d1-4985-4e4f-a376-f94735348147', '', '', '1003', 'kuali.lui.registration.group.state.pending', 'kuali.lui.type.registration.group', '', '', '1003', '1003', '', '2a2394dd-a67c-40e4-be46-d498ccaead5b')
/
insert into KSEN_LUI_ATTR (OBJ_ID, ATTR_KEY, OWNER_ID, ATTR_VALUE, ID) values ('bcde1afc-0358-4ba2-84a5-588648e2c54e', 'kuali.attribute.registration.group.is.generated', '2a2394dd-a67c-40e4-be46-d498ccaead5b', '1', '649344a8-84e5-4fe8-9a5b-61fc55a37687')
/
insert into KSEN_LUI_ATTR (OBJ_ID, ATTR_KEY, OWNER_ID, ATTR_VALUE, ID) values ('feda60df-f3ce-4aed-ba69-86443935bd94', 'kuali.attribute.registration.group.aocluster.id', '2a2394dd-a67c-40e4-be46-d498ccaead5b', '2a9890b2-b202-4cff-9d1a-a4e9a3c6b1e9', '6a79e8c2-1314-46a3-a86f-917ece0a3604')
/
insert into KSEN_LUI_IDENT (OBJ_ID, VER_NBR, CREATEID, CREATETIME, UPDATEID, UPDATETIME, LUI_CD, DIVISION, IDENT_LEVEL, LNG_NAME, LUI_ID, ORGID, SHRT_NAME, LUI_ID_STATE, SUFX_CD, LUI_ID_TYPE, VARTN, ID) values ('fbb0da28-98c7-48cc-acf2-57f95caa67f5', 0, 'admin', TIMESTAMP '2013-06-04 11:11:36.187', 'admin', TIMESTAMP '2013-06-04 11:11:36.187', '', '', '', '', '2a2394dd-a67c-40e4-be46-d498ccaead5b', '', '', 'kuali.lui.identifier.state.active', '', 'kuali.lui.identifier.type.official', '', '205ac402-e333-4198-bdac-57ff546d7f48')
/
insert into KSEN_LUILUI_RELTN (OBJ_ID, VER_NBR, CREATEID, CREATETIME, UPDATEID, UPDATETIME, EFF_DT, EXPIR_DT, DESCR_FORMATTED, LUI_ID, LUILUI_RELTN_STATE, LUILUI_RELTN_TYPE, NAME, DESCR_PLAIN, RELATED_LUI_ID, ID) values ('1aa38a46-d346-43d5-b198-03b43a073167', 0, 'admin', TIMESTAMP '2013-06-04 11:11:36.187', 'admin', TIMESTAMP '2013-06-04 11:11:36.187', TIMESTAMP '2013-06-04 11:11:48.837', '', 'HIST110-FO-RG', '56d750c7-44db-4fc0-a891-f09c6f86d55f', 'kuali.lui.lui.relation.state.active', 'kuali.lui.lui.relation.type.deliveredvia.fo2rg', 'fo-rg-relation', 'HIST110-FO-RG', '2a2394dd-a67c-40e4-be46-d498ccaead5b', '50b2daf1-812e-4d6e-ac62-08ba38d4b64d')
/
insert into KSEN_LUILUI_RELTN (OBJ_ID, VER_NBR, CREATEID, CREATETIME, UPDATEID, UPDATETIME, EFF_DT, EXPIR_DT, DESCR_FORMATTED, LUI_ID, LUILUI_RELTN_STATE, LUILUI_RELTN_TYPE, NAME, DESCR_PLAIN, RELATED_LUI_ID, ID) values ('5e9d27a1-6adf-440a-8901-2e7728cfdcb9', 0, 'admin', TIMESTAMP '2013-06-04 11:11:36.187', 'admin', TIMESTAMP '2013-06-04 11:11:36.187', TIMESTAMP '2013-06-04 11:11:48.838', '', 'HIST110-RG-AO', '2a2394dd-a67c-40e4-be46-d498ccaead5b', 'kuali.lui.lui.relation.state.active', 'kuali.lui.lui.relation.type.registeredforvia.rg2ao', 'rg-ao-relation', 'HIST110-RG-AO', 'c186e825-424e-48b4-86ae-bfc6aeffdfee', 'a432b318-713b-48f7-b5f2-77e16a4463a9')
/
insert into KSEN_LUILUI_RELTN (OBJ_ID, VER_NBR, CREATEID, CREATETIME, UPDATEID, UPDATETIME, EFF_DT, EXPIR_DT, DESCR_FORMATTED, LUI_ID, LUILUI_RELTN_STATE, LUILUI_RELTN_TYPE, NAME, DESCR_PLAIN, RELATED_LUI_ID, ID) values ('df2ba046-5887-4936-8585-9f5c416b4d14', 0, 'admin', TIMESTAMP '2013-06-04 11:11:36.187', 'admin', TIMESTAMP '2013-06-04 11:11:36.187', TIMESTAMP '2013-06-04 11:11:48.838', '', 'HIST110-RG-AO', '2a2394dd-a67c-40e4-be46-d498ccaead5b', 'kuali.lui.lui.relation.state.active', 'kuali.lui.lui.relation.type.registeredforvia.rg2ao', 'rg-ao-relation', 'HIST110-RG-AO', '5df66739-494e-4c00-b440-9f9f4ad00e2b', 'fd75d871-df31-4698-97e1-180b6ec799b1')
/
insert into KSEN_LUI (OBJ_ID, VER_NBR, CREATEID, CREATETIME, UPDATEID, UPDATETIME, ATP_ID, CLU_ID, EFF_DT, EXPIR_DT, DESCR_FORMATTED, LUI_STATE, LUI_TYPE, MAX_SEATS, MIN_SEATS, NAME, DESCR_PLAIN, REF_URL, ID) values ('2a5d61c6-2be7-42f4-bcd3-43ffc7a8ae87', 0, 'admin', TIMESTAMP '2013-06-04 11:11:36.187', 'admin', TIMESTAMP '2013-06-04 11:11:36.187', 'kuali.atp.2012CETerm1', '9c7796d1-4985-4e4f-a376-f94735348147', '', '', '1004', 'kuali.lui.registration.group.state.pending', 'kuali.lui.type.registration.group', '', '', '1004', '1004', '', '387544a4-f2e9-4cdf-a885-656caf944f47')
/
insert into KSEN_LUI_ATTR (OBJ_ID, ATTR_KEY, OWNER_ID, ATTR_VALUE, ID) values ('652379a7-9725-4e4b-9d99-29db929dbb30', 'kuali.attribute.registration.group.is.generated', '387544a4-f2e9-4cdf-a885-656caf944f47', '1', '255572c4-efed-4030-8f9e-3e0823c79e02')
/
insert into KSEN_LUI_ATTR (OBJ_ID, ATTR_KEY, OWNER_ID, ATTR_VALUE, ID) values ('fe7e09a6-6a20-4f5a-8a8d-c08dcbd58c95', 'kuali.attribute.registration.group.aocluster.id', '387544a4-f2e9-4cdf-a885-656caf944f47', '2a9890b2-b202-4cff-9d1a-a4e9a3c6b1e9', 'b95d9da9-5281-492c-a93c-d1af8e8e196d')
/
insert into KSEN_LUI_IDENT (OBJ_ID, VER_NBR, CREATEID, CREATETIME, UPDATEID, UPDATETIME, LUI_CD, DIVISION, IDENT_LEVEL, LNG_NAME, LUI_ID, ORGID, SHRT_NAME, LUI_ID_STATE, SUFX_CD, LUI_ID_TYPE, VARTN, ID) values ('d34a4a14-e779-4e45-a4f6-8ade395a2591', 0, 'admin', TIMESTAMP '2013-06-04 11:11:36.187', 'admin', TIMESTAMP '2013-06-04 11:11:36.187', '', '', '', '', '387544a4-f2e9-4cdf-a885-656caf944f47', '', '', 'kuali.lui.identifier.state.active', '', 'kuali.lui.identifier.type.official', '', 'b25ff687-bc3f-4e2e-9fe2-3a4d08e7c7b9')
/
insert into KSEN_LUILUI_RELTN (OBJ_ID, VER_NBR, CREATEID, CREATETIME, UPDATEID, UPDATETIME, EFF_DT, EXPIR_DT, DESCR_FORMATTED, LUI_ID, LUILUI_RELTN_STATE, LUILUI_RELTN_TYPE, NAME, DESCR_PLAIN, RELATED_LUI_ID, ID) values ('f8643e15-d9f3-41f7-898a-35b4e797361b', 0, 'admin', TIMESTAMP '2013-06-04 11:11:36.187', 'admin', TIMESTAMP '2013-06-04 11:11:36.187', TIMESTAMP '2013-06-04 11:11:49.06', '', 'HIST110-FO-RG', '56d750c7-44db-4fc0-a891-f09c6f86d55f', 'kuali.lui.lui.relation.state.active', 'kuali.lui.lui.relation.type.deliveredvia.fo2rg', 'fo-rg-relation', 'HIST110-FO-RG', '387544a4-f2e9-4cdf-a885-656caf944f47', '45a13d99-797e-4bf1-96bf-4d10cb0d9c60')
/
insert into KSEN_LUILUI_RELTN (OBJ_ID, VER_NBR, CREATEID, CREATETIME, UPDATEID, UPDATETIME, EFF_DT, EXPIR_DT, DESCR_FORMATTED, LUI_ID, LUILUI_RELTN_STATE, LUILUI_RELTN_TYPE, NAME, DESCR_PLAIN, RELATED_LUI_ID, ID) values ('6d9399a5-cd28-467a-8125-da3bc3d5d58f', 0, 'admin', TIMESTAMP '2013-06-04 11:11:36.187', 'admin', TIMESTAMP '2013-06-04 11:11:36.187', TIMESTAMP '2013-06-04 11:11:49.061', '', 'HIST110-RG-AO', '387544a4-f2e9-4cdf-a885-656caf944f47', 'kuali.lui.lui.relation.state.active', 'kuali.lui.lui.relation.type.registeredforvia.rg2ao', 'rg-ao-relation', 'HIST110-RG-AO', 'c186e825-424e-48b4-86ae-bfc6aeffdfee', '4738f237-c648-47f3-b8dc-bcedf3c974c0')
/
insert into KSEN_LUILUI_RELTN (OBJ_ID, VER_NBR, CREATEID, CREATETIME, UPDATEID, UPDATETIME, EFF_DT, EXPIR_DT, DESCR_FORMATTED, LUI_ID, LUILUI_RELTN_STATE, LUILUI_RELTN_TYPE, NAME, DESCR_PLAIN, RELATED_LUI_ID, ID) values ('8d971541-4567-484d-bcaa-d18334ba6191', 0, 'admin', TIMESTAMP '2013-06-04 11:11:36.187', 'admin', TIMESTAMP '2013-06-04 11:11:36.187', TIMESTAMP '2013-06-04 11:11:49.061', '', 'HIST110-RG-AO', '387544a4-f2e9-4cdf-a885-656caf944f47', 'kuali.lui.lui.relation.state.active', 'kuali.lui.lui.relation.type.registeredforvia.rg2ao', 'rg-ao-relation', 'HIST110-RG-AO', '935a4774-97aa-4289-ab40-0059e05f57f9', 'ba58b531-7a03-41c0-a722-d5f355ef517a')
/
insert into KSEN_LUI (OBJ_ID, VER_NBR, CREATEID, CREATETIME, UPDATEID, UPDATETIME, ATP_ID, CLU_ID, EFF_DT, EXPIR_DT, DESCR_FORMATTED, LUI_STATE, LUI_TYPE, MAX_SEATS, MIN_SEATS, NAME, DESCR_PLAIN, REF_URL, ID) values ('9c08a65b-f4e1-4b63-be1d-8fcc83f8a2fe', 0, 'admin', TIMESTAMP '2013-06-04 11:11:36.187', 'admin', TIMESTAMP '2013-06-04 11:11:36.187', 'kuali.atp.2012CETerm1', '9c7796d1-4985-4e4f-a376-f94735348147', '', '', '1005', 'kuali.lui.registration.group.state.pending', 'kuali.lui.type.registration.group', '', '', '1005', '1005', '', '9889e17a-e9b0-4c21-8081-22316b8ab69f')
/
insert into KSEN_LUI_ATTR (OBJ_ID, ATTR_KEY, OWNER_ID, ATTR_VALUE, ID) values ('231e7449-35b6-410d-8eab-0e59cbbec14c', 'kuali.attribute.registration.group.aocluster.id', '9889e17a-e9b0-4c21-8081-22316b8ab69f', '2a9890b2-b202-4cff-9d1a-a4e9a3c6b1e9', '1bb0ce93-e73e-4ef9-8985-92ff336fe7a9')
/
insert into KSEN_LUI_ATTR (OBJ_ID, ATTR_KEY, OWNER_ID, ATTR_VALUE, ID) values ('cd3af686-00db-4da2-b246-e142334ceef9', 'kuali.attribute.registration.group.is.generated', '9889e17a-e9b0-4c21-8081-22316b8ab69f', '1', 'aafd9793-0a8c-4f8c-98f7-de547fde2c8f')
/
insert into KSEN_LUI_IDENT (OBJ_ID, VER_NBR, CREATEID, CREATETIME, UPDATEID, UPDATETIME, LUI_CD, DIVISION, IDENT_LEVEL, LNG_NAME, LUI_ID, ORGID, SHRT_NAME, LUI_ID_STATE, SUFX_CD, LUI_ID_TYPE, VARTN, ID) values ('a5de0495-ff3d-4dfd-9fb9-44f0772846f5', 0, 'admin', TIMESTAMP '2013-06-04 11:11:36.187', 'admin', TIMESTAMP '2013-06-04 11:11:36.187', '', '', '', '', '9889e17a-e9b0-4c21-8081-22316b8ab69f', '', '', 'kuali.lui.identifier.state.active', '', 'kuali.lui.identifier.type.official', '', 'a9968a12-7431-495e-9a42-30b4d9b679b0')
/
insert into KSEN_LUILUI_RELTN (OBJ_ID, VER_NBR, CREATEID, CREATETIME, UPDATEID, UPDATETIME, EFF_DT, EXPIR_DT, DESCR_FORMATTED, LUI_ID, LUILUI_RELTN_STATE, LUILUI_RELTN_TYPE, NAME, DESCR_PLAIN, RELATED_LUI_ID, ID) values ('40f5ab13-f5b7-41ca-8183-0597f1cdda54', 0, 'admin', TIMESTAMP '2013-06-04 11:11:36.187', 'admin', TIMESTAMP '2013-06-04 11:11:36.187', TIMESTAMP '2013-06-04 11:11:49.281', '', 'HIST110-FO-RG', '56d750c7-44db-4fc0-a891-f09c6f86d55f', 'kuali.lui.lui.relation.state.active', 'kuali.lui.lui.relation.type.deliveredvia.fo2rg', 'fo-rg-relation', 'HIST110-FO-RG', '9889e17a-e9b0-4c21-8081-22316b8ab69f', 'e9b32bdc-9cb1-4823-8dc3-94c24433f3bf')
/
insert into KSEN_LUILUI_RELTN (OBJ_ID, VER_NBR, CREATEID, CREATETIME, UPDATEID, UPDATETIME, EFF_DT, EXPIR_DT, DESCR_FORMATTED, LUI_ID, LUILUI_RELTN_STATE, LUILUI_RELTN_TYPE, NAME, DESCR_PLAIN, RELATED_LUI_ID, ID) values ('1663b386-86c1-4a70-aaab-2130ce5d02d8', 0, 'admin', TIMESTAMP '2013-06-04 11:11:36.187', 'admin', TIMESTAMP '2013-06-04 11:11:36.187', TIMESTAMP '2013-06-04 11:11:49.282', '', 'HIST110-RG-AO', '9889e17a-e9b0-4c21-8081-22316b8ab69f', 'kuali.lui.lui.relation.state.active', 'kuali.lui.lui.relation.type.registeredforvia.rg2ao', 'rg-ao-relation', 'HIST110-RG-AO', 'c186e825-424e-48b4-86ae-bfc6aeffdfee', '0d5f8ef1-3036-4d93-a8e3-37599884c2c0')
/
insert into KSEN_LUILUI_RELTN (OBJ_ID, VER_NBR, CREATEID, CREATETIME, UPDATEID, UPDATETIME, EFF_DT, EXPIR_DT, DESCR_FORMATTED, LUI_ID, LUILUI_RELTN_STATE, LUILUI_RELTN_TYPE, NAME, DESCR_PLAIN, RELATED_LUI_ID, ID) values ('b2a597d0-655b-4982-9c4d-dfb107d3dc06', 0, 'admin', TIMESTAMP '2013-06-04 11:11:36.187', 'admin', TIMESTAMP '2013-06-04 11:11:36.187', TIMESTAMP '2013-06-04 11:11:49.282', '', 'HIST110-RG-AO', '9889e17a-e9b0-4c21-8081-22316b8ab69f', 'kuali.lui.lui.relation.state.active', 'kuali.lui.lui.relation.type.registeredforvia.rg2ao', 'rg-ao-relation', 'HIST110-RG-AO', 'a3b6c14e-8615-4479-a1c0-b033d0228401', 'fc7202e5-753b-4964-9ce3-e87909b3e160')
/
insert into KSEN_LUI (OBJ_ID, VER_NBR, CREATEID, CREATETIME, UPDATEID, UPDATETIME, ATP_ID, CLU_ID, EFF_DT, EXPIR_DT, DESCR_FORMATTED, LUI_STATE, LUI_TYPE, MAX_SEATS, MIN_SEATS, NAME, DESCR_PLAIN, REF_URL, ID) values ('9ec98381-f03d-4e45-a2e9-446801a84d1e', 0, 'admin', TIMESTAMP '2013-06-04 11:11:36.187', 'admin', TIMESTAMP '2013-06-04 11:11:36.187', 'kuali.atp.2012CETerm1', '9c7796d1-4985-4e4f-a376-f94735348147', '', '', '1006', 'kuali.lui.registration.group.state.pending', 'kuali.lui.type.registration.group', '', '', '1006', '1006', '', '6465f6ab-8cd5-4d2c-b70b-e3a73625d3d3')
/
insert into KSEN_LUI_ATTR (OBJ_ID, ATTR_KEY, OWNER_ID, ATTR_VALUE, ID) values ('da758d0d-35a7-4dc3-bbe3-057188137288', 'kuali.attribute.registration.group.is.generated', '6465f6ab-8cd5-4d2c-b70b-e3a73625d3d3', '1', '434efd7d-584d-41c2-a1ee-f2ce7600198f')
/
insert into KSEN_LUI_ATTR (OBJ_ID, ATTR_KEY, OWNER_ID, ATTR_VALUE, ID) values ('4bde78b9-0ff5-439e-9634-ae6092742056', 'kuali.attribute.registration.group.aocluster.id', '6465f6ab-8cd5-4d2c-b70b-e3a73625d3d3', '2a9890b2-b202-4cff-9d1a-a4e9a3c6b1e9', 'df2fcb95-326f-4bd4-ac09-b93e8d6936ad')
/
insert into KSEN_LUI_IDENT (OBJ_ID, VER_NBR, CREATEID, CREATETIME, UPDATEID, UPDATETIME, LUI_CD, DIVISION, IDENT_LEVEL, LNG_NAME, LUI_ID, ORGID, SHRT_NAME, LUI_ID_STATE, SUFX_CD, LUI_ID_TYPE, VARTN, ID) values ('aabc4e0f-d53e-4bda-86c4-dc910d6f4584', 0, 'admin', TIMESTAMP '2013-06-04 11:11:36.187', 'admin', TIMESTAMP '2013-06-04 11:11:36.187', '', '', '', '', '6465f6ab-8cd5-4d2c-b70b-e3a73625d3d3', '', '', 'kuali.lui.identifier.state.active', '', 'kuali.lui.identifier.type.official', '', '68d935be-1744-4ba4-9cc0-8f606b83526d')
/
insert into KSEN_LUILUI_RELTN (OBJ_ID, VER_NBR, CREATEID, CREATETIME, UPDATEID, UPDATETIME, EFF_DT, EXPIR_DT, DESCR_FORMATTED, LUI_ID, LUILUI_RELTN_STATE, LUILUI_RELTN_TYPE, NAME, DESCR_PLAIN, RELATED_LUI_ID, ID) values ('f737d643-5cc3-4bac-b248-6dfde333082c', 0, 'admin', TIMESTAMP '2013-06-04 11:11:36.187', 'admin', TIMESTAMP '2013-06-04 11:11:36.187', TIMESTAMP '2013-06-04 11:11:49.498', '', 'HIST110-FO-RG', '56d750c7-44db-4fc0-a891-f09c6f86d55f', 'kuali.lui.lui.relation.state.active', 'kuali.lui.lui.relation.type.deliveredvia.fo2rg', 'fo-rg-relation', 'HIST110-FO-RG', '6465f6ab-8cd5-4d2c-b70b-e3a73625d3d3', 'cec8566b-f8ff-40ac-b63d-68062eed9a55')
/
insert into KSEN_LUILUI_RELTN (OBJ_ID, VER_NBR, CREATEID, CREATETIME, UPDATEID, UPDATETIME, EFF_DT, EXPIR_DT, DESCR_FORMATTED, LUI_ID, LUILUI_RELTN_STATE, LUILUI_RELTN_TYPE, NAME, DESCR_PLAIN, RELATED_LUI_ID, ID) values ('efdcc7ba-bd34-4b80-ae9a-35def2197f9c', 0, 'admin', TIMESTAMP '2013-06-04 11:11:36.187', 'admin', TIMESTAMP '2013-06-04 11:11:36.187', TIMESTAMP '2013-06-04 11:11:49.498', '', 'HIST110-RG-AO', '6465f6ab-8cd5-4d2c-b70b-e3a73625d3d3', 'kuali.lui.lui.relation.state.active', 'kuali.lui.lui.relation.type.registeredforvia.rg2ao', 'rg-ao-relation', 'HIST110-RG-AO', 'c186e825-424e-48b4-86ae-bfc6aeffdfee', 'f8dd380a-b3c5-4d54-8377-c953bfedd983')
/
insert into KSEN_LUILUI_RELTN (OBJ_ID, VER_NBR, CREATEID, CREATETIME, UPDATEID, UPDATETIME, EFF_DT, EXPIR_DT, DESCR_FORMATTED, LUI_ID, LUILUI_RELTN_STATE, LUILUI_RELTN_TYPE, NAME, DESCR_PLAIN, RELATED_LUI_ID, ID) values ('188c300c-89ed-478e-9b42-0d04a55aaa0b', 0, 'admin', TIMESTAMP '2013-06-04 11:11:36.187', 'admin', TIMESTAMP '2013-06-04 11:11:36.187', TIMESTAMP '2013-06-04 11:11:49.499', '', 'HIST110-RG-AO', '6465f6ab-8cd5-4d2c-b70b-e3a73625d3d3', 'kuali.lui.lui.relation.state.active', 'kuali.lui.lui.relation.type.registeredforvia.rg2ao', 'rg-ao-relation', 'HIST110-RG-AO', 'bc880949-6bc5-4c4a-8e9a-ff2dc107b92a', 'ae5dab92-99b7-4ceb-b9bf-1604935d51f9')
/
insert into KSEN_LUI (OBJ_ID, VER_NBR, CREATEID, CREATETIME, UPDATEID, UPDATETIME, ATP_ID, CLU_ID, EFF_DT, EXPIR_DT, DESCR_FORMATTED, LUI_STATE, LUI_TYPE, MAX_SEATS, MIN_SEATS, NAME, DESCR_PLAIN, REF_URL, ID) values ('46fb6274-6e35-4e53-ada1-f7af82af5550', 0, 'admin', TIMESTAMP '2013-06-04 11:11:36.187', 'admin', TIMESTAMP '2013-06-04 11:11:36.187', 'kuali.atp.2012CETerm1', '9c7796d1-4985-4e4f-a376-f94735348147', '', '', '1007', 'kuali.lui.registration.group.state.pending', 'kuali.lui.type.registration.group', '', '', '1007', '1007', '', 'd119b59f-3d59-4abe-854e-dffd6cea382b')
/
insert into KSEN_LUI_ATTR (OBJ_ID, ATTR_KEY, OWNER_ID, ATTR_VALUE, ID) values ('7e7c16cf-d17d-4065-ae41-0ea133d907f4', 'kuali.attribute.registration.group.aocluster.id', 'd119b59f-3d59-4abe-854e-dffd6cea382b', '2a9890b2-b202-4cff-9d1a-a4e9a3c6b1e9', '071132a0-7f33-44a4-854a-3df505c4d06b')
/
insert into KSEN_LUI_ATTR (OBJ_ID, ATTR_KEY, OWNER_ID, ATTR_VALUE, ID) values ('02db9142-92b8-4abd-bba9-971cd2d75a06', 'kuali.attribute.registration.group.is.generated', 'd119b59f-3d59-4abe-854e-dffd6cea382b', '1', '8e06420f-c3e6-4ebc-818b-0f2063c2a1f3')
/
insert into KSEN_LUI_IDENT (OBJ_ID, VER_NBR, CREATEID, CREATETIME, UPDATEID, UPDATETIME, LUI_CD, DIVISION, IDENT_LEVEL, LNG_NAME, LUI_ID, ORGID, SHRT_NAME, LUI_ID_STATE, SUFX_CD, LUI_ID_TYPE, VARTN, ID) values ('a079b8c7-8067-4c2c-a903-69c52275976f', 0, 'admin', TIMESTAMP '2013-06-04 11:11:36.187', 'admin', TIMESTAMP '2013-06-04 11:11:36.187', '', '', '', '', 'd119b59f-3d59-4abe-854e-dffd6cea382b', '', '', 'kuali.lui.identifier.state.active', '', 'kuali.lui.identifier.type.official', '', 'be603570-a045-4695-9d6f-01ebca10ee82')
/
insert into KSEN_LUILUI_RELTN (OBJ_ID, VER_NBR, CREATEID, CREATETIME, UPDATEID, UPDATETIME, EFF_DT, EXPIR_DT, DESCR_FORMATTED, LUI_ID, LUILUI_RELTN_STATE, LUILUI_RELTN_TYPE, NAME, DESCR_PLAIN, RELATED_LUI_ID, ID) values ('e896b7ec-b63a-40c7-8da9-761b058cb8cb', 0, 'admin', TIMESTAMP '2013-06-04 11:11:36.187', 'admin', TIMESTAMP '2013-06-04 11:11:36.187', TIMESTAMP '2013-06-04 11:11:49.734', '', 'HIST110-FO-RG', '56d750c7-44db-4fc0-a891-f09c6f86d55f', 'kuali.lui.lui.relation.state.active', 'kuali.lui.lui.relation.type.deliveredvia.fo2rg', 'fo-rg-relation', 'HIST110-FO-RG', 'd119b59f-3d59-4abe-854e-dffd6cea382b', '6854269b-2a46-4731-9727-92e15cd002bb')
/
insert into KSEN_LUILUI_RELTN (OBJ_ID, VER_NBR, CREATEID, CREATETIME, UPDATEID, UPDATETIME, EFF_DT, EXPIR_DT, DESCR_FORMATTED, LUI_ID, LUILUI_RELTN_STATE, LUILUI_RELTN_TYPE, NAME, DESCR_PLAIN, RELATED_LUI_ID, ID) values ('c5c9116f-41c7-42d3-ba15-3d90140524a6', 0, 'admin', TIMESTAMP '2013-06-04 11:11:36.187', 'admin', TIMESTAMP '2013-06-04 11:11:36.187', TIMESTAMP '2013-06-04 11:11:49.735', '', 'HIST110-RG-AO', 'd119b59f-3d59-4abe-854e-dffd6cea382b', 'kuali.lui.lui.relation.state.active', 'kuali.lui.lui.relation.type.registeredforvia.rg2ao', 'rg-ao-relation', 'HIST110-RG-AO', 'c186e825-424e-48b4-86ae-bfc6aeffdfee', 'b8e298c4-83a9-4ea7-b8f9-dce2b592e7cb')
/
insert into KSEN_LUILUI_RELTN (OBJ_ID, VER_NBR, CREATEID, CREATETIME, UPDATEID, UPDATETIME, EFF_DT, EXPIR_DT, DESCR_FORMATTED, LUI_ID, LUILUI_RELTN_STATE, LUILUI_RELTN_TYPE, NAME, DESCR_PLAIN, RELATED_LUI_ID, ID) values ('455dec62-68f0-4bb8-9f4f-fe093371a7a7', 0, 'admin', TIMESTAMP '2013-06-04 11:11:36.187', 'admin', TIMESTAMP '2013-06-04 11:11:36.187', TIMESTAMP '2013-06-04 11:11:49.735', '', 'HIST110-RG-AO', 'd119b59f-3d59-4abe-854e-dffd6cea382b', 'kuali.lui.lui.relation.state.active', 'kuali.lui.lui.relation.type.registeredforvia.rg2ao', 'rg-ao-relation', 'HIST110-RG-AO', 'e2222eee-de96-4e03-aed1-82a9aff7b158', '36ac032e-f03a-4b90-8f1d-4ddad212084d')
/
insert into KSEN_LUI (OBJ_ID, VER_NBR, CREATEID, CREATETIME, UPDATEID, UPDATETIME, ATP_ID, CLU_ID, EFF_DT, EXPIR_DT, DESCR_FORMATTED, LUI_STATE, LUI_TYPE, MAX_SEATS, MIN_SEATS, NAME, DESCR_PLAIN, REF_URL, ID) values ('cfbe652d-fa0e-424e-9c33-afbbe4bc792d', 0, 'admin', TIMESTAMP '2013-06-04 11:11:36.187', 'admin', TIMESTAMP '2013-06-04 11:11:36.187', 'kuali.atp.2012CETerm1', '9c7796d1-4985-4e4f-a376-f94735348147', '', '', '1008', 'kuali.lui.registration.group.state.pending', 'kuali.lui.type.registration.group', '', '', '1008', '1008', '', 'd2f8c574-411b-4a58-a680-c9f57acbd610')
/
insert into KSEN_LUI_ATTR (OBJ_ID, ATTR_KEY, OWNER_ID, ATTR_VALUE, ID) values ('4db29706-cd95-4733-b340-40313957767d', 'kuali.attribute.registration.group.aocluster.id', 'd2f8c574-411b-4a58-a680-c9f57acbd610', '2a9890b2-b202-4cff-9d1a-a4e9a3c6b1e9', '1c85b2ac-291a-47ba-9118-14fd4da47486')
/
insert into KSEN_LUI_ATTR (OBJ_ID, ATTR_KEY, OWNER_ID, ATTR_VALUE, ID) values ('3a772ee1-2d37-4325-a0dd-bff15e0e44bf', 'kuali.attribute.registration.group.is.generated', 'd2f8c574-411b-4a58-a680-c9f57acbd610', '1', '7708dd1d-dd39-4a04-972e-595fb90dea12')
/
insert into KSEN_LUI_IDENT (OBJ_ID, VER_NBR, CREATEID, CREATETIME, UPDATEID, UPDATETIME, LUI_CD, DIVISION, IDENT_LEVEL, LNG_NAME, LUI_ID, ORGID, SHRT_NAME, LUI_ID_STATE, SUFX_CD, LUI_ID_TYPE, VARTN, ID) values ('4969f69d-1821-4e76-91da-96cf6d02dde6', 0, 'admin', TIMESTAMP '2013-06-04 11:11:36.187', 'admin', TIMESTAMP '2013-06-04 11:11:36.187', '', '', '', '', 'd2f8c574-411b-4a58-a680-c9f57acbd610', '', '', 'kuali.lui.identifier.state.active', '', 'kuali.lui.identifier.type.official', '', '1b8683ac-5822-4385-b0f5-5140bb0bd18c')
/
insert into KSEN_LUILUI_RELTN (OBJ_ID, VER_NBR, CREATEID, CREATETIME, UPDATEID, UPDATETIME, EFF_DT, EXPIR_DT, DESCR_FORMATTED, LUI_ID, LUILUI_RELTN_STATE, LUILUI_RELTN_TYPE, NAME, DESCR_PLAIN, RELATED_LUI_ID, ID) values ('6c6f74e7-01cd-49ea-b334-2435520d0370', 0, 'admin', TIMESTAMP '2013-06-04 11:11:36.187', 'admin', TIMESTAMP '2013-06-04 11:11:36.187', TIMESTAMP '2013-06-04 11:11:49.959', '', 'HIST110-FO-RG', '56d750c7-44db-4fc0-a891-f09c6f86d55f', 'kuali.lui.lui.relation.state.active', 'kuali.lui.lui.relation.type.deliveredvia.fo2rg', 'fo-rg-relation', 'HIST110-FO-RG', 'd2f8c574-411b-4a58-a680-c9f57acbd610', '3ac38217-2db3-4654-aaf0-dcd9b903d277')
/
insert into KSEN_LUILUI_RELTN (OBJ_ID, VER_NBR, CREATEID, CREATETIME, UPDATEID, UPDATETIME, EFF_DT, EXPIR_DT, DESCR_FORMATTED, LUI_ID, LUILUI_RELTN_STATE, LUILUI_RELTN_TYPE, NAME, DESCR_PLAIN, RELATED_LUI_ID, ID) values ('bee34c2c-62cd-40ff-b83d-bee5b8ed35e1', 0, 'admin', TIMESTAMP '2013-06-04 11:11:36.187', 'admin', TIMESTAMP '2013-06-04 11:11:36.187', TIMESTAMP '2013-06-04 11:11:49.959', '', 'HIST110-RG-AO', 'd2f8c574-411b-4a58-a680-c9f57acbd610', 'kuali.lui.lui.relation.state.active', 'kuali.lui.lui.relation.type.registeredforvia.rg2ao', 'rg-ao-relation', 'HIST110-RG-AO', 'c186e825-424e-48b4-86ae-bfc6aeffdfee', '95ae6f54-a7cd-4711-8a92-ff13ed607acc')
/
insert into KSEN_LUILUI_RELTN (OBJ_ID, VER_NBR, CREATEID, CREATETIME, UPDATEID, UPDATETIME, EFF_DT, EXPIR_DT, DESCR_FORMATTED, LUI_ID, LUILUI_RELTN_STATE, LUILUI_RELTN_TYPE, NAME, DESCR_PLAIN, RELATED_LUI_ID, ID) values ('9b1211b4-1002-428b-8633-5dfbffe84391', 0, 'admin', TIMESTAMP '2013-06-04 11:11:36.187', 'admin', TIMESTAMP '2013-06-04 11:11:36.187', TIMESTAMP '2013-06-04 11:11:49.96', '', 'HIST110-RG-AO', 'd2f8c574-411b-4a58-a680-c9f57acbd610', 'kuali.lui.lui.relation.state.active', 'kuali.lui.lui.relation.type.registeredforvia.rg2ao', 'rg-ao-relation', 'HIST110-RG-AO', 'b2789b95-350b-4f3a-9183-7fdfd9108283', 'a49af977-9d31-4f69-b859-5e96418bfc9a')
/
insert into KSEN_LUI (OBJ_ID, VER_NBR, CREATEID, CREATETIME, UPDATEID, UPDATETIME, ATP_ID, CLU_ID, EFF_DT, EXPIR_DT, DESCR_FORMATTED, LUI_STATE, LUI_TYPE, MAX_SEATS, MIN_SEATS, NAME, DESCR_PLAIN, REF_URL, ID) values ('0749efa9-8c39-444c-8eef-8aeebb0835db', 0, 'admin', TIMESTAMP '2013-06-04 11:11:36.187', 'admin', TIMESTAMP '2013-06-04 11:11:36.187', 'kuali.atp.2012CETerm1', '9c7796d1-4985-4e4f-a376-f94735348147', '', '', '1009', 'kuali.lui.registration.group.state.pending', 'kuali.lui.type.registration.group', '', '', '1009', '1009', '', 'a761a237-617e-4b18-86cb-bf48f26ba274')
/
insert into KSEN_LUI_ATTR (OBJ_ID, ATTR_KEY, OWNER_ID, ATTR_VALUE, ID) values ('1e20c28d-d909-4e72-adc7-169ed5304548', 'kuali.attribute.registration.group.is.generated', 'a761a237-617e-4b18-86cb-bf48f26ba274', '1', 'b54fed27-a993-4fbe-984b-d793893fa13b')
/
insert into KSEN_LUI_ATTR (OBJ_ID, ATTR_KEY, OWNER_ID, ATTR_VALUE, ID) values ('9e7d70bf-f4f5-4b88-b657-748d90a06e98', 'kuali.attribute.registration.group.aocluster.id', 'a761a237-617e-4b18-86cb-bf48f26ba274', '2a9890b2-b202-4cff-9d1a-a4e9a3c6b1e9', '84a33b2f-1e4d-4fa1-92cf-64ef8f121faf')
/
insert into KSEN_LUI_IDENT (OBJ_ID, VER_NBR, CREATEID, CREATETIME, UPDATEID, UPDATETIME, LUI_CD, DIVISION, IDENT_LEVEL, LNG_NAME, LUI_ID, ORGID, SHRT_NAME, LUI_ID_STATE, SUFX_CD, LUI_ID_TYPE, VARTN, ID) values ('0d205ae7-9754-4f68-8c31-cffcf2d2b4e7', 0, 'admin', TIMESTAMP '2013-06-04 11:11:36.187', 'admin', TIMESTAMP '2013-06-04 11:11:36.187', '', '', '', '', 'a761a237-617e-4b18-86cb-bf48f26ba274', '', '', 'kuali.lui.identifier.state.active', '', 'kuali.lui.identifier.type.official', '', '87b72beb-57d2-4c3b-950b-de4430ee3398')
/
insert into KSEN_LUILUI_RELTN (OBJ_ID, VER_NBR, CREATEID, CREATETIME, UPDATEID, UPDATETIME, EFF_DT, EXPIR_DT, DESCR_FORMATTED, LUI_ID, LUILUI_RELTN_STATE, LUILUI_RELTN_TYPE, NAME, DESCR_PLAIN, RELATED_LUI_ID, ID) values ('1b9bed8c-51f4-4abe-9962-5cf5d209ac33', 0, 'admin', TIMESTAMP '2013-06-04 11:11:36.187', 'admin', TIMESTAMP '2013-06-04 11:11:36.187', TIMESTAMP '2013-06-04 11:11:50.195', '', 'HIST110-FO-RG', '56d750c7-44db-4fc0-a891-f09c6f86d55f', 'kuali.lui.lui.relation.state.active', 'kuali.lui.lui.relation.type.deliveredvia.fo2rg', 'fo-rg-relation', 'HIST110-FO-RG', 'a761a237-617e-4b18-86cb-bf48f26ba274', '6f1937fd-56f6-44e0-a887-1c484515aba2')
/
insert into KSEN_LUILUI_RELTN (OBJ_ID, VER_NBR, CREATEID, CREATETIME, UPDATEID, UPDATETIME, EFF_DT, EXPIR_DT, DESCR_FORMATTED, LUI_ID, LUILUI_RELTN_STATE, LUILUI_RELTN_TYPE, NAME, DESCR_PLAIN, RELATED_LUI_ID, ID) values ('ff9be8ba-33de-4beb-b44c-4be6ce8ade93', 0, 'admin', TIMESTAMP '2013-06-04 11:11:36.187', 'admin', TIMESTAMP '2013-06-04 11:11:36.187', TIMESTAMP '2013-06-04 11:11:50.196', '', 'HIST110-RG-AO', 'a761a237-617e-4b18-86cb-bf48f26ba274', 'kuali.lui.lui.relation.state.active', 'kuali.lui.lui.relation.type.registeredforvia.rg2ao', 'rg-ao-relation', 'HIST110-RG-AO', 'c186e825-424e-48b4-86ae-bfc6aeffdfee', 'bb030349-41af-4878-b398-76ef86e9cc2b')
/
insert into KSEN_LUILUI_RELTN (OBJ_ID, VER_NBR, CREATEID, CREATETIME, UPDATEID, UPDATETIME, EFF_DT, EXPIR_DT, DESCR_FORMATTED, LUI_ID, LUILUI_RELTN_STATE, LUILUI_RELTN_TYPE, NAME, DESCR_PLAIN, RELATED_LUI_ID, ID) values ('57d6ba74-0508-4a66-b0f4-60afb3a66e59', 0, 'admin', TIMESTAMP '2013-06-04 11:11:36.187', 'admin', TIMESTAMP '2013-06-04 11:11:36.187', TIMESTAMP '2013-06-04 11:11:50.196', '', 'HIST110-RG-AO', 'a761a237-617e-4b18-86cb-bf48f26ba274', 'kuali.lui.lui.relation.state.active', 'kuali.lui.lui.relation.type.registeredforvia.rg2ao', 'rg-ao-relation', 'HIST110-RG-AO', 'c4771b96-a10a-4857-aaf8-bd4beb3c0f85', '684b4b69-2a3e-4a6f-b152-e3d4a0088963')
/
insert into KSEN_LUI (OBJ_ID, VER_NBR, CREATEID, CREATETIME, UPDATEID, UPDATETIME, ATP_ID, CLU_ID, EFF_DT, EXPIR_DT, DESCR_FORMATTED, LUI_STATE, LUI_TYPE, MAX_SEATS, MIN_SEATS, NAME, DESCR_PLAIN, REF_URL, ID) values ('42af519d-6bb1-4570-b410-44de217be873', 0, 'admin', TIMESTAMP '2013-06-04 11:11:57.884', 'admin', TIMESTAMP '2013-06-04 11:11:57.884', 'kuali.atp.2012CETerm1', 'CLUID-BSCI330-200708000000', TIMESTAMP '2011-08-26 20:00:00.0', '', 'Biochemical and physiological mechanisms underlying cellular function. Properties of cells which make life possible and mechanisms by which cells provide energy, reproduce, and regulate and integrate with each other and their environment.', 'kuali.lui.course.offering.state.draft', 'kuali.lui.type.course.offering', '', '', 'BSCI330 CO', 'Biochemical and physiological mechanisms underlying cellular function. Properties of cells which make life possible and mechanisms by which cells provide energy, reproduce, and regulate and integrate with each other and their environment.', 'null', '18cccabd-f5bf-4ac7-8367-e9031640a107')
/
insert into KSEN_LUI_ATTR (OBJ_ID, ATTR_KEY, OWNER_ID, ATTR_VALUE, ID) values ('c057a66f-66df-4084-8aa9-b632cf47cad0', 'kuali.attribute.wait.list.type.key', '18cccabd-f5bf-4ac7-8367-e9031640a107', 'kuali.waitlist.type.semiautomatic', '176833db-c98a-49e9-92a1-629c0a3de439')
/
insert into KSEN_LUI_ATTR (OBJ_ID, ATTR_KEY, OWNER_ID, ATTR_VALUE, ID) values ('386fdd38-8ccb-4621-824b-792b84064f46', 'kuali.attribute.course.number.internal.suffix', '18cccabd-f5bf-4ac7-8367-e9031640a107', 'A', '6e33805f-8cfd-403e-b35b-e3287551b794')
/
insert into KSEN_LUI_ATTR (OBJ_ID, ATTR_KEY, OWNER_ID, ATTR_VALUE, ID) values ('ac1692ce-07ea-4bfe-b7a4-217a76ed76a0', 'kuali.attribute.wait.list.level.type.key', '18cccabd-f5bf-4ac7-8367-e9031640a107', 'AO', 'da236a6a-6e0c-4fbe-9469-1bd4eb60c683')
/
insert into KSEN_LUI_ATTR (OBJ_ID, ATTR_KEY, OWNER_ID, ATTR_VALUE, ID) values ('df58e00d-c61c-4272-8e3b-21edc6804ae7', 'kuali.attribute.final.exam.indicator', '18cccabd-f5bf-4ac7-8367-e9031640a107', 'STANDARD', '1aae1529-5041-44e0-8989-10f7e8fd2b5a')
/
insert into KSEN_LUI_ATTR (OBJ_ID, ATTR_KEY, OWNER_ID, ATTR_VALUE, ID) values ('c98e6292-c633-43fd-831f-28344a07ebea', 'kuali.attribute.funding.source', '18cccabd-f5bf-4ac7-8367-e9031640a107', '', '87a458a2-66d3-40c6-b6e2-0614dfabe3d5')
/
insert into KSEN_LUI_ATTR (OBJ_ID, ATTR_KEY, OWNER_ID, ATTR_VALUE, ID) values ('03cc9c29-5d5d-403a-a1bc-a6abd4b53c7b', 'kuali.attribute.where.fees.attached.flag', '18cccabd-f5bf-4ac7-8367-e9031640a107', '0', '3324e609-a9af-45fc-af6f-45ace74d26dc')
/
insert into KSEN_LUI_ATTR (OBJ_ID, ATTR_KEY, OWNER_ID, ATTR_VALUE, ID) values ('d540ce75-e94c-4320-89aa-5e6e9ddc7fb1', 'kuali.attribute.course.evaluation.indicator', '18cccabd-f5bf-4ac7-8367-e9031640a107', '0', '846f026a-19ff-44a8-b2a3-1ff364afb6a7')
/
insert into KSEN_LUI_ATTR (OBJ_ID, ATTR_KEY, OWNER_ID, ATTR_VALUE, ID) values ('d7b76cef-52a3-4fe5-a8fd-0f707c83fc45', 'kuali.attribute.wait.list.indicator', '18cccabd-f5bf-4ac7-8367-e9031640a107', '1', 'b0b5381b-2bc9-48b2-86c8-40ec37b950f1')
/
insert into KSEN_LUI_IDENT (OBJ_ID, VER_NBR, CREATEID, CREATETIME, UPDATEID, UPDATETIME, LUI_CD, DIVISION, IDENT_LEVEL, LNG_NAME, LUI_ID, ORGID, SHRT_NAME, LUI_ID_STATE, SUFX_CD, LUI_ID_TYPE, VARTN, ID) values ('a5c579d3-e42a-4996-8b69-4260ac6cf8d6', 0, 'admin', TIMESTAMP '2013-06-04 11:11:57.884', 'admin', TIMESTAMP '2013-06-04 11:11:57.884', 'BSCI330', 'BSCI', '', 'Cell Biology and Physiology', '18cccabd-f5bf-4ac7-8367-e9031640a107', '', '', 'kuali.lui.identifier.state.active', '', 'kuali.lui.identifier.type.official', '', 'b406f250-85d2-414b-8027-76a2fb44f7a8')
/
insert into KSEN_LUI_LU_CD (OBJ_ID, VER_NBR, CREATEID, CREATETIME, UPDATEID, UPDATETIME, DESCR_FORMATTED, LUI_ID, DESCR_PLAIN, LUI_LUCD_TYPE, VALUE, ID) values ('37d301bd-84d9-4872-bc4a-ca339f9961c9', 0, 'admin', TIMESTAMP '2013-06-04 11:11:57.884', 'admin', TIMESTAMP '2013-06-04 11:11:57.884', '', '18cccabd-f5bf-4ac7-8367-e9031640a107', '', 'kuali.lu.code.honorsOffering', '', 'c105bbdf-502e-40d6-bdf3-e7c08ba44925')
/
insert into KSEN_LUI_UNITS_DEPLOYMENT (LUI_ID, ORG_ID, ID) values ('18cccabd-f5bf-4ac7-8367-e9031640a107', '576639460', '7b85be82-bed5-408e-88b8-c1cac1efe7f1')
/
insert into KSEN_LUI_UNITS_CONT_OWNER (LUI_ID, ORG_ID) values ('18cccabd-f5bf-4ac7-8367-e9031640a107', '576639460')
/
insert into KSEN_LUI_RESULT_VAL_GRP (LUI_ID, RESULT_VAL_GRP_ID) values ('18cccabd-f5bf-4ac7-8367-e9031640a107', 'kuali.resultComponent.grade.letter')
/
insert into KSEN_LUI_RESULT_VAL_GRP (LUI_ID, RESULT_VAL_GRP_ID) values ('18cccabd-f5bf-4ac7-8367-e9031640a107', 'kuali.resultComponent.grade.audit')
/
insert into KSEN_LUI_RESULT_VAL_GRP (LUI_ID, RESULT_VAL_GRP_ID) values ('18cccabd-f5bf-4ac7-8367-e9031640a107', 'kuali.resultComponent.grade.passFail')
/
insert into KSEN_LUI_RESULT_VAL_GRP (LUI_ID, RESULT_VAL_GRP_ID) values ('18cccabd-f5bf-4ac7-8367-e9031640a107', 'kuali.creditType.credit.degree.4.0')
/
insert into KSEN_LUI (OBJ_ID, VER_NBR, CREATEID, CREATETIME, UPDATEID, UPDATETIME, ATP_ID, CLU_ID, EFF_DT, EXPIR_DT, DESCR_FORMATTED, LUI_STATE, LUI_TYPE, MAX_SEATS, MIN_SEATS, NAME, DESCR_PLAIN, REF_URL, ID) values ('d1bc521f-4f7c-44fc-9460-1041292ae20a', 0, 'admin', TIMESTAMP '2013-06-04 11:11:57.884', 'admin', TIMESTAMP '2013-06-04 11:11:57.884', 'kuali.atp.2012CETerm1', '56a7d3c8-4a55-46a6-853f-63b393b13dcc', '', '', 'Courses with Lecture/Lab', 'kuali.lui.format.offering.state.draft', 'kuali.lui.type.course.format.offering', '', '', 'Lecture/Lab', 'Courses with Lecture/Lab', '', '49adf4bd-2a31-4054-879d-1f1a1abe3682')
/
insert into KSEN_LUI_ATTR (OBJ_ID, ATTR_KEY, OWNER_ID, ATTR_VALUE, ID) values ('c0cffe68-c457-4635-ac5b-ea0c7407ce76', 'kuali.attribute.grade.roster.level.type.key', '49adf4bd-2a31-4054-879d-1f1a1abe3682', 'kuali.lui.type.activity.offering.lab', 'ef801fe2-5b20-4357-aeb7-9db031ceaff0')
/
insert into KSEN_LUI_ATTR (OBJ_ID, ATTR_KEY, OWNER_ID, ATTR_VALUE, ID) values ('c045635c-ac48-42dc-adb5-09792b561c3b', 'kuali.attribute.final.exam.level.type', '49adf4bd-2a31-4054-879d-1f1a1abe3682', 'kuali.lui.type.activity.offering.lab', 'f516cefb-0cd2-4bbf-99b5-ab8f0d82b656')
/
insert into KSEN_LUI_ATTR (OBJ_ID, ATTR_KEY, OWNER_ID, ATTR_VALUE, ID) values ('5ae9eeca-2d4a-4f52-8ddd-87102b947d71', 'regCodePrefix', '49adf4bd-2a31-4054-879d-1f1a1abe3682', '1', '35430d2e-2102-4d33-89e7-cfe6d89cae19')
/
insert into KSEN_LUI_IDENT (OBJ_ID, VER_NBR, CREATEID, CREATETIME, UPDATEID, UPDATETIME, LUI_CD, DIVISION, IDENT_LEVEL, LNG_NAME, LUI_ID, ORGID, SHRT_NAME, LUI_ID_STATE, SUFX_CD, LUI_ID_TYPE, VARTN, ID) values ('278d2019-6cb0-4b01-a461-7063520c5af8', 0, 'admin', TIMESTAMP '2013-06-04 11:11:57.884', 'admin', TIMESTAMP '2013-06-04 11:11:57.884', '', '', '', 'Lecture/Lab', '49adf4bd-2a31-4054-879d-1f1a1abe3682', '', 'LEC/LAB', 'kuali.lui.identifier.state.active', '', 'kuali.lui.identifier.type.official', '', '21d0795e-e140-4280-91ff-8ca0eca5bdce')
/
insert into KSEN_LUILUI_RELTN (OBJ_ID, VER_NBR, CREATEID, CREATETIME, UPDATEID, UPDATETIME, EFF_DT, EXPIR_DT, DESCR_FORMATTED, LUI_ID, LUILUI_RELTN_STATE, LUILUI_RELTN_TYPE, NAME, DESCR_PLAIN, RELATED_LUI_ID, ID) values ('84f115a9-d4e1-430e-b0b6-530be8e4bfb6', 0, 'admin', TIMESTAMP '2013-06-04 11:11:57.884', 'admin', TIMESTAMP '2013-06-04 11:11:57.884', TIMESTAMP '2013-06-04 11:11:58.583', '', 'BSCI330-CO-FO', '18cccabd-f5bf-4ac7-8367-e9031640a107', 'kuali.lui.lui.relation.state.active', 'kuali.lui.lui.relation.type.deliveredvia.co2fo', 'co-fo-relation', 'BSCI330-CO-FO', '49adf4bd-2a31-4054-879d-1f1a1abe3682', '04051772-27fd-4892-93e5-02602caadbd5')
/
insert into KSEN_LUI_RELATED_LUI_TYPES (LUI_ID, RELATED_LUI_TYPE) values ('49adf4bd-2a31-4054-879d-1f1a1abe3682', 'kuali.lui.type.activity.offering.lab')
/
insert into KSEN_LUI_RELATED_LUI_TYPES (LUI_ID, RELATED_LUI_TYPE) values ('49adf4bd-2a31-4054-879d-1f1a1abe3682', 'kuali.lui.type.activity.offering.lecture')
/
insert into KSEN_LUI (OBJ_ID, VER_NBR, CREATEID, CREATETIME, UPDATEID, UPDATETIME, ATP_ID, CLU_ID, EFF_DT, EXPIR_DT, DESCR_FORMATTED, LUI_STATE, LUI_TYPE, MAX_SEATS, MIN_SEATS, NAME, DESCR_PLAIN, REF_URL, ID) values ('95d23b6e-6f61-4960-960b-d88ff421df17', 0, 'admin', TIMESTAMP '2013-06-04 11:11:57.884', 'admin', TIMESTAMP '2013-06-04 11:11:57.884', 'kuali.atp.2012CETerm1', '5e58f009-b2dd-4770-ad41-b750dbdfe8b4', '', '', 'Courses with lecture', 'kuali.lui.activity.offering.state.draft', 'kuali.lui.type.activity.offering.lecture', 288, 288, 'Lecture', 'Courses with lecture', 'null', 'c7db47af-65a5-4c58-a5d8-95deae522701')
/
insert into KSEN_LUI_ATTR (OBJ_ID, ATTR_KEY, OWNER_ID, ATTR_VALUE, ID) values ('a803931a-db7a-4251-8903-0d36f15a58b5', 'kuali.attribute.course.evaluation.indicator', 'c7db47af-65a5-4c58-a5d8-95deae522701', '0', '34113d09-c485-4d5a-90d8-cfa201353025')
/
insert into KSEN_LUI_ATTR (OBJ_ID, ATTR_KEY, OWNER_ID, ATTR_VALUE, ID) values ('03f0bdab-c0c5-4d3c-9932-cee72e81e232', 'isWaitlistCheckinRequired', 'c7db47af-65a5-4c58-a5d8-95deae522701', '0', '51407e6e-dda3-4d25-8b6b-1876e787e07a')
/
insert into KSEN_LUI_ATTR (OBJ_ID, ATTR_KEY, OWNER_ID, ATTR_VALUE, ID) values ('472d1723-b5e7-4330-96f4-58c31115a4ec', 'kuali.attribute.max.enrollment.is.estimate', 'c7db47af-65a5-4c58-a5d8-95deae522701', '0', 'a1b52184-3527-4bde-9c4f-744feec65c9f')
/
insert into KSEN_LUI_IDENT (OBJ_ID, VER_NBR, CREATEID, CREATETIME, UPDATEID, UPDATETIME, LUI_CD, DIVISION, IDENT_LEVEL, LNG_NAME, LUI_ID, ORGID, SHRT_NAME, LUI_ID_STATE, SUFX_CD, LUI_ID_TYPE, VARTN, ID) values ('394153b5-b29a-4f56-9b8b-11d5b14d5fb9', 0, 'admin', TIMESTAMP '2013-06-04 11:11:57.884', 'admin', TIMESTAMP '2013-06-04 11:11:57.884', 'A', '', '', '', 'c7db47af-65a5-4c58-a5d8-95deae522701', '', '', 'kuali.lui.identifier.state.active', '', 'kuali.lui.identifier.type.official', '', 'ac53eb83-a391-41e9-b116-481da2dc1b0f')
/
insert into KSEN_LUI_LU_CD (OBJ_ID, VER_NBR, CREATEID, CREATETIME, UPDATEID, UPDATETIME, DESCR_FORMATTED, LUI_ID, DESCR_PLAIN, LUI_LUCD_TYPE, VALUE, ID) values ('3c98d5f1-05d2-486e-8c2f-568395a2cbbb', 0, 'admin', TIMESTAMP '2013-06-04 11:11:57.884', 'admin', TIMESTAMP '2013-06-04 11:11:57.884', '', 'c7db47af-65a5-4c58-a5d8-95deae522701', '', 'kuali.lu.code.honorsOffering', '0', '39e2713e-b040-4ec8-994b-0b8b1cd97c39')
/
insert into KSEN_LPR (OBJ_ID, VER_NBR, CREATEID, CREATETIME, UPDATEID, UPDATETIME, COMMIT_PERCT, EFF_DT, EXPIR_DT, LUI_ID, PERS_ID, LPR_STATE, LPR_TYPE, ID) values ('e3db8ddc-5fdd-44b4-9ff1-e560dfcbe683', 0, 'admin', TIMESTAMP '2013-06-04 11:11:57.884', 'admin', TIMESTAMP '2013-06-04 11:11:57.884', '100.0', TIMESTAMP '2013-06-04 11:12:13.281', '', 'c7db47af-65a5-4c58-a5d8-95deae522701', 'G.JOHNE', 'kuali.lpr.state.active', 'kuali.lpr.type.instructor.main', '5c39f5dc-b947-446a-951d-800a03ffa5fb')
/
insert into KSEN_LUILUI_RELTN (OBJ_ID, VER_NBR, CREATEID, CREATETIME, UPDATEID, UPDATETIME, EFF_DT, EXPIR_DT, DESCR_FORMATTED, LUI_ID, LUILUI_RELTN_STATE, LUILUI_RELTN_TYPE, NAME, DESCR_PLAIN, RELATED_LUI_ID, ID) values ('106e1ca9-aabd-4168-97c7-bcda0b72864e', 0, 'admin', TIMESTAMP '2013-06-04 11:11:57.884', 'admin', TIMESTAMP '2013-06-04 11:11:57.884', TIMESTAMP '2013-06-04 11:12:13.281', '', 'BSCI330-FO-AO', '49adf4bd-2a31-4054-879d-1f1a1abe3682', 'kuali.lui.lui.relation.state.active', 'kuali.lui.lui.relation.type.deliveredvia.fo2ao', 'fo-ao-relation', 'BSCI330-FO-AO', 'c7db47af-65a5-4c58-a5d8-95deae522701', '16b153c2-9197-4d90-9c9a-9710161f094d')
/
insert into KSEN_SCHED_RQST_SET (OBJ_ID, VER_NBR, CREATEID, CREATETIME, UPDATEID, UPDATETIME, DESCR_FORMATTED, MAX_ENRL_SHARED_IND, MAX_ENRL, NAME, DESCR_PLAIN, REF_OBJECT_TYPE, SCHED_RQST_SET_STATE, SCHED_RQST_SET_TYPE, ID) values ('129bb7ee-73ca-414b-b378-5d0a924153eb', 0, 'admin', TIMESTAMP '2013-06-04 11:11:57.884', 'admin', TIMESTAMP '2013-06-04 11:11:57.884', '', '', '', '', '', 'http://student.kuali.org/wsdl/courseOffering/ActivityOfferingInfo', 'kuali.scheduling.schedule.request.state.created', 'kuali.scheduling.schedule.request.set.type.schedule.request.set', '664e68a6-5fee-4a03-b113-469d61b29129')
/
insert into KSEN_SCHED_RQST (OBJ_ID, VER_NBR, CREATEID, CREATETIME, UPDATEID, UPDATETIME, DESCR_FORMATTED, NAME, DESCR_PLAIN, SCHED_RQST_STATE, SCHED_RQST_TYPE, SCHED_ID, SCHED_RQST_SET_ID, ID) values ('486073bf-226d-42e8-8236-087ac9789926', 0, 'admin', TIMESTAMP '2013-06-04 11:11:57.884', 'admin', TIMESTAMP '2013-06-04 11:11:57.884', '', 'Schedule request for BSCI330 - A', '', 'kuali.scheduling.schedule.request.state.created', 'kuali.scheduling.schedule.request.type.schedule.request', '', '664e68a6-5fee-4a03-b113-469d61b29129', 'd1d89b1f-e264-4b9e-b0e6-e05417440721')
/
insert into KSEN_SCHED_RQST_CMP (OBJ_ID, TBA_IND, SCHED_RQST_ID, ID) values ('8e7774f7-c759-471f-a1d2-f0fd51706b56', '0', 'd1d89b1f-e264-4b9e-b0e6-e05417440721', '6d8ca124-c4f7-47c7-a12e-7d032f404c91')
/
insert into KSEN_CO_SEAT_POOL_DEFN (OBJ_ID, VER_NBR, CREATEID, CREATETIME, UPDATEID, UPDATETIME, ACTIVITY_OFFERING_ID, EXPIR_MSTONE_TYPE, PERCENTAGE_IND, NAME, POPULATION_ID, PROCESSING_PRIORITY, SEAT_LIMIT, SEAT_POOL_DEFN_STATE, SEAT_POOL_DEFN_TYPE, ID) values ('ca97bac0-f4b7-4480-9918-d1d38e2eefce', 1, 'admin', TIMESTAMP '2013-06-04 11:11:57.884', 'admin', TIMESTAMP '2013-06-04 11:11:57.884', '', 'kuali.atp.milestone.firstdayofclasses', '0', '300-level Senior Seatpool', '4160a52b-d353-4ab3-b72d-a3c2f9969783', 1, 5, 'kuali.lui.capacity.state.active', 'kuali.lui.capacity.type.seatpool', 'f3e4cffb-c404-476f-8878-532b0e31a764')
/
insert into KSEN_SCHED_REF_OBJECT (SCHED_RQST_SET_ID, REF_OBJECT_ID) values ('664e68a6-5fee-4a03-b113-469d61b29129', 'c7db47af-65a5-4c58-a5d8-95deae522701')
/
insert into KSEN_SCHED_RQST_CMP_BLDG (CMP_ID, BUILDING_ID) values ('6d8ca124-c4f7-47c7-a12e-7d032f404c91', '4a382e14-f6aa-4fd1-b15a-c259475d212f')
/
insert into KSEN_SCHED_RQST_CMP_CAMPUS (CMP_ID, CAMPUS_ID) values ('6d8ca124-c4f7-47c7-a12e-7d032f404c91', 'UMCP')
/
insert into KSEN_SCHED_RQST_CMP_ROOM (CMP_ID, ROOM_ID) values ('6d8ca124-c4f7-47c7-a12e-7d032f404c91', 'de71a7e3-2be9-4292-95f9-dd363be9bca7')
/
insert into KSEN_SCHED_RQST_CMP_TMSLOT (CMP_ID, TM_SLOT_ID) values ('6d8ca124-c4f7-47c7-a12e-7d032f404c91', '0cdb89ea-448b-47db-87ee-e6f2510486a5')
/
insert into KSEN_LUI (OBJ_ID, VER_NBR, CREATEID, CREATETIME, UPDATEID, UPDATETIME, ATP_ID, CLU_ID, EFF_DT, EXPIR_DT, DESCR_FORMATTED, LUI_STATE, LUI_TYPE, MAX_SEATS, MIN_SEATS, NAME, DESCR_PLAIN, REF_URL, ID) values ('a749bff6-ac08-447d-92ef-1ed723dcf90e', 0, 'admin', TIMESTAMP '2013-06-04 11:11:57.884', 'admin', TIMESTAMP '2013-06-04 11:11:57.884', 'kuali.atp.2012CETerm1', '3d77a421-8c25-4609-86d5-1dc5e5f3ee5a', '', '', 'Courses with lab', 'kuali.lui.activity.offering.state.draft', 'kuali.lui.type.activity.offering.lab', 24, 24, 'Lab', 'Courses with lab', 'null', '03b568fc-aeed-4963-bfc9-4f6382d25dec')
/
insert into KSEN_LUI_ATTR (OBJ_ID, ATTR_KEY, OWNER_ID, ATTR_VALUE, ID) values ('5046b0b5-f9c2-4aee-b218-733c22c8b81d', 'kuali.attribute.course.evaluation.indicator', '03b568fc-aeed-4963-bfc9-4f6382d25dec', '0', '98dc5291-1414-43ba-a1e3-4268d56e90da')
/
insert into KSEN_LUI_ATTR (OBJ_ID, ATTR_KEY, OWNER_ID, ATTR_VALUE, ID) values ('dc7d5681-faf2-47eb-9362-1f7f4dc66357', 'isWaitlistCheckinRequired', '03b568fc-aeed-4963-bfc9-4f6382d25dec', '0', 'cbdc08dc-a3d4-47f4-b860-a6878c664c89')
/
insert into KSEN_LUI_ATTR (OBJ_ID, ATTR_KEY, OWNER_ID, ATTR_VALUE, ID) values ('68d7bb37-940d-4657-ae47-ddee3b004317', 'kuali.attribute.max.enrollment.is.estimate', '03b568fc-aeed-4963-bfc9-4f6382d25dec', '0', 'a03d294a-fbec-4cec-a9b8-87ce82fd9ab8')
/
insert into KSEN_LUI_IDENT (OBJ_ID, VER_NBR, CREATEID, CREATETIME, UPDATEID, UPDATETIME, LUI_CD, DIVISION, IDENT_LEVEL, LNG_NAME, LUI_ID, ORGID, SHRT_NAME, LUI_ID_STATE, SUFX_CD, LUI_ID_TYPE, VARTN, ID) values ('bc9da23d-b279-461b-a1f8-8c8c2a7c3330', 0, 'admin', TIMESTAMP '2013-06-04 11:11:57.884', 'admin', TIMESTAMP '2013-06-04 11:11:57.884', 'B', '', '', '', '03b568fc-aeed-4963-bfc9-4f6382d25dec', '', '', 'kuali.lui.identifier.state.active', '', 'kuali.lui.identifier.type.official', '', '3e55049e-f936-4fd9-a198-9f9e76882962')
/
insert into KSEN_LUI_LU_CD (OBJ_ID, VER_NBR, CREATEID, CREATETIME, UPDATEID, UPDATETIME, DESCR_FORMATTED, LUI_ID, DESCR_PLAIN, LUI_LUCD_TYPE, VALUE, ID) values ('de21fb10-0d84-41a6-8d57-a142bb4e7f31', 0, 'admin', TIMESTAMP '2013-06-04 11:11:57.884', 'admin', TIMESTAMP '2013-06-04 11:11:57.884', '', '03b568fc-aeed-4963-bfc9-4f6382d25dec', '', 'kuali.lu.code.honorsOffering', '0', 'b48547fb-07bd-4f8a-8fd2-50f1b65a55d4')
/
insert into KSEN_LPR (OBJ_ID, VER_NBR, CREATEID, CREATETIME, UPDATEID, UPDATETIME, COMMIT_PERCT, EFF_DT, EXPIR_DT, LUI_ID, PERS_ID, LPR_STATE, LPR_TYPE, ID) values ('0042e207-b304-4e37-bc63-ab1d87ecfe5e', 0, 'admin', TIMESTAMP '2013-06-04 11:11:57.884', 'admin', TIMESTAMP '2013-06-04 11:11:57.884', '100.0', TIMESTAMP '2013-06-04 11:12:13.592', '', '03b568fc-aeed-4963-bfc9-4f6382d25dec', 'H.DEBORAHK', 'kuali.lpr.state.active', 'kuali.lpr.type.instructor.main', '87f415c1-e6b2-4e99-b448-2fec7d4b652c')
/
insert into KSEN_LUILUI_RELTN (OBJ_ID, VER_NBR, CREATEID, CREATETIME, UPDATEID, UPDATETIME, EFF_DT, EXPIR_DT, DESCR_FORMATTED, LUI_ID, LUILUI_RELTN_STATE, LUILUI_RELTN_TYPE, NAME, DESCR_PLAIN, RELATED_LUI_ID, ID) values ('cc989c39-e8a2-479a-896c-5d45e0224f65', 0, 'admin', TIMESTAMP '2013-06-04 11:11:57.884', 'admin', TIMESTAMP '2013-06-04 11:11:57.884', TIMESTAMP '2013-06-04 11:12:13.592', '', 'BSCI330-FO-AO', '49adf4bd-2a31-4054-879d-1f1a1abe3682', 'kuali.lui.lui.relation.state.active', 'kuali.lui.lui.relation.type.deliveredvia.fo2ao', 'fo-ao-relation', 'BSCI330-FO-AO', '03b568fc-aeed-4963-bfc9-4f6382d25dec', 'a78c2e9c-4f83-49bb-a544-60a86f55f079')
/
update KSEN_CO_SEAT_POOL_DEFN set OBJ_ID='ca97bac0-f4b7-4480-9918-d1d38e2eefce', VER_NBR=2, UPDATEID='admin', UPDATETIME=TIMESTAMP '2013-06-04 11:11:57.884', ACTIVITY_OFFERING_ID='c7db47af-65a5-4c58-a5d8-95deae522701', EXPIR_MSTONE_TYPE='kuali.atp.milestone.firstdayofclasses', PERCENTAGE_IND='0', NAME='300-level Senior Seatpool', POPULATION_ID='4160a52b-d353-4ab3-b72d-a3c2f9969783', PROCESSING_PRIORITY=1, SEAT_LIMIT=5, SEAT_POOL_DEFN_STATE='kuali.lui.capacity.state.active', SEAT_POOL_DEFN_TYPE='kuali.lui.capacity.type.seatpool' where ID='f3e4cffb-c404-476f-8878-532b0e31a764' and VER_NBR=1
/
insert into KSEN_SCHED_RQST_SET (OBJ_ID, VER_NBR, CREATEID, CREATETIME, UPDATEID, UPDATETIME, DESCR_FORMATTED, MAX_ENRL_SHARED_IND, MAX_ENRL, NAME, DESCR_PLAIN, REF_OBJECT_TYPE, SCHED_RQST_SET_STATE, SCHED_RQST_SET_TYPE, ID) values ('cfcb04c5-0440-40b2-9993-74dd2f9cf140', 0, 'admin', TIMESTAMP '2013-06-04 11:11:57.884', 'admin', TIMESTAMP '2013-06-04 11:11:57.884', '', '', '', '', '', 'http://student.kuali.org/wsdl/courseOffering/ActivityOfferingInfo', 'kuali.scheduling.schedule.request.state.created', 'kuali.scheduling.schedule.request.set.type.schedule.request.set', 'd4c53e0b-a6dd-4267-9183-9ba7f2f9745f')
/
insert into KSEN_SCHED_RQST (OBJ_ID, VER_NBR, CREATEID, CREATETIME, UPDATEID, UPDATETIME, DESCR_FORMATTED, NAME, DESCR_PLAIN, SCHED_RQST_STATE, SCHED_RQST_TYPE, SCHED_ID, SCHED_RQST_SET_ID, ID) values ('a3761fe0-3082-4d61-a1b7-ebcc68ee833e', 0, 'admin', TIMESTAMP '2013-06-04 11:11:57.884', 'admin', TIMESTAMP '2013-06-04 11:11:57.884', '', 'Schedule request for BSCI330 - B', '', 'kuali.scheduling.schedule.request.state.created', 'kuali.scheduling.schedule.request.type.schedule.request', '', 'd4c53e0b-a6dd-4267-9183-9ba7f2f9745f', 'c224c5a7-9061-488c-a01d-85012759b6e2')
/
insert into KSEN_SCHED_RQST_CMP (OBJ_ID, TBA_IND, SCHED_RQST_ID, ID) values ('57f047e7-5736-4d10-b7f5-a3cf478c1408', '0', 'c224c5a7-9061-488c-a01d-85012759b6e2', '184e1ab8-cb4e-4476-9868-4616cad17081')
/
insert into KSEN_CO_SEAT_POOL_DEFN (OBJ_ID, VER_NBR, CREATEID, CREATETIME, UPDATEID, UPDATETIME, ACTIVITY_OFFERING_ID, EXPIR_MSTONE_TYPE, PERCENTAGE_IND, NAME, POPULATION_ID, PROCESSING_PRIORITY, SEAT_LIMIT, SEAT_POOL_DEFN_STATE, SEAT_POOL_DEFN_TYPE, ID) values ('7c16d904-7f74-4c0a-b90a-60fb9fae2aaf', 1, 'admin', TIMESTAMP '2013-06-04 11:11:57.884', 'admin', TIMESTAMP '2013-06-04 11:11:57.884', '', 'kuali.atp.milestone.firstdayofclasses', '0', '300-level Senior Seatpool', '4160a52b-d353-4ab3-b72d-a3c2f9969783', 1, 5, 'kuali.lui.capacity.state.active', 'kuali.lui.capacity.type.seatpool', 'da8e7e66-049b-47b3-ac30-c3bad4969280')
/
insert into KSEN_SCHED_REF_OBJECT (SCHED_RQST_SET_ID, REF_OBJECT_ID) values ('d4c53e0b-a6dd-4267-9183-9ba7f2f9745f', '03b568fc-aeed-4963-bfc9-4f6382d25dec')
/
insert into KSEN_SCHED_RQST_CMP_BLDG (CMP_ID, BUILDING_ID) values ('184e1ab8-cb4e-4476-9868-4616cad17081', '89929ead-579b-4f51-bf64-2797f963848b')
/
insert into KSEN_SCHED_RQST_CMP_CAMPUS (CMP_ID, CAMPUS_ID) values ('184e1ab8-cb4e-4476-9868-4616cad17081', 'UMCP')
/
insert into KSEN_SCHED_RQST_CMP_ROOM (CMP_ID, ROOM_ID) values ('184e1ab8-cb4e-4476-9868-4616cad17081', '361cd43a-094c-47cd-ab50-6f097191ba22')
/
insert into KSEN_SCHED_RQST_CMP_TMSLOT (CMP_ID, TM_SLOT_ID) values ('184e1ab8-cb4e-4476-9868-4616cad17081', 'fb5e86e5-f0d7-4885-9ab6-4b708150eeae')
/
insert into KSEN_LUI (OBJ_ID, VER_NBR, CREATEID, CREATETIME, UPDATEID, UPDATETIME, ATP_ID, CLU_ID, EFF_DT, EXPIR_DT, DESCR_FORMATTED, LUI_STATE, LUI_TYPE, MAX_SEATS, MIN_SEATS, NAME, DESCR_PLAIN, REF_URL, ID) values ('c197a64f-11e9-44b4-b044-085f80050415', 0, 'admin', TIMESTAMP '2013-06-04 11:11:57.884', 'admin', TIMESTAMP '2013-06-04 11:11:57.884', 'kuali.atp.2012CETerm1', '00b2aaf3-5138-4066-a4ed-0d1d78c47f71', '', '', 'Courses with lab', 'kuali.lui.activity.offering.state.draft', 'kuali.lui.type.activity.offering.lab', 24, 24, 'Lab', 'Courses with lab', 'null', '980c2079-cf32-4e87-b17d-b826bff9aacd')
/
insert into KSEN_LUI_ATTR (OBJ_ID, ATTR_KEY, OWNER_ID, ATTR_VALUE, ID) values ('db068962-acb8-468a-99c1-ac5af0f8ab79', 'kuali.attribute.max.enrollment.is.estimate', '980c2079-cf32-4e87-b17d-b826bff9aacd', '0', '2d5ccfa1-16ff-47d5-8b72-a72fc0622e24')
/
insert into KSEN_LUI_ATTR (OBJ_ID, ATTR_KEY, OWNER_ID, ATTR_VALUE, ID) values ('c32c980b-a83a-481d-86c8-0365d2edbdc9', 'isWaitlistCheckinRequired', '980c2079-cf32-4e87-b17d-b826bff9aacd', '0', '704524ca-5dc4-44d8-a6f9-61f7b5d6dd33')
/
insert into KSEN_LUI_ATTR (OBJ_ID, ATTR_KEY, OWNER_ID, ATTR_VALUE, ID) values ('730645ae-0220-4759-be83-f8ab9f564245', 'kuali.attribute.course.evaluation.indicator', '980c2079-cf32-4e87-b17d-b826bff9aacd', '0', '6cde2e4c-5284-4f68-8920-1acce5a0a4f0')
/
insert into KSEN_LUI_IDENT (OBJ_ID, VER_NBR, CREATEID, CREATETIME, UPDATEID, UPDATETIME, LUI_CD, DIVISION, IDENT_LEVEL, LNG_NAME, LUI_ID, ORGID, SHRT_NAME, LUI_ID_STATE, SUFX_CD, LUI_ID_TYPE, VARTN, ID) values ('9b0113ac-d6b1-4fd0-9d86-46a0c731b2a9', 0, 'admin', TIMESTAMP '2013-06-04 11:11:57.884', 'admin', TIMESTAMP '2013-06-04 11:11:57.884', 'C', '', '', '', '980c2079-cf32-4e87-b17d-b826bff9aacd', '', '', 'kuali.lui.identifier.state.active', '', 'kuali.lui.identifier.type.official', '', '7ba0e634-847c-4876-977a-2f8d6c0fd5e4')
/
insert into KSEN_LUI_LU_CD (OBJ_ID, VER_NBR, CREATEID, CREATETIME, UPDATEID, UPDATETIME, DESCR_FORMATTED, LUI_ID, DESCR_PLAIN, LUI_LUCD_TYPE, VALUE, ID) values ('293afcf9-4763-40bb-a9f0-76099c9eee34', 0, 'admin', TIMESTAMP '2013-06-04 11:11:57.884', 'admin', TIMESTAMP '2013-06-04 11:11:57.884', '', '980c2079-cf32-4e87-b17d-b826bff9aacd', '', 'kuali.lu.code.honorsOffering', '0', '64673e45-9a89-43ac-9bd4-21ee93d33762')
/
insert into KSEN_LPR (OBJ_ID, VER_NBR, CREATEID, CREATETIME, UPDATEID, UPDATETIME, COMMIT_PERCT, EFF_DT, EXPIR_DT, LUI_ID, PERS_ID, LPR_STATE, LPR_TYPE, ID) values ('d9e0b24b-f665-494d-88a8-7d145836d17b', 0, 'admin', TIMESTAMP '2013-06-04 11:11:57.884', 'admin', TIMESTAMP '2013-06-04 11:11:57.884', '100.0', TIMESTAMP '2013-06-04 11:12:13.853', '', '980c2079-cf32-4e87-b17d-b826bff9aacd', 'W.SARAHM', 'kuali.lpr.state.active', 'kuali.lpr.type.instructor.main', '846ff9f0-a887-45d3-bda7-769b24f930cd')
/
insert into KSEN_LUILUI_RELTN (OBJ_ID, VER_NBR, CREATEID, CREATETIME, UPDATEID, UPDATETIME, EFF_DT, EXPIR_DT, DESCR_FORMATTED, LUI_ID, LUILUI_RELTN_STATE, LUILUI_RELTN_TYPE, NAME, DESCR_PLAIN, RELATED_LUI_ID, ID) values ('0e998fa4-c1a8-4289-baf3-3446bc413fe4', 0, 'admin', TIMESTAMP '2013-06-04 11:11:57.884', 'admin', TIMESTAMP '2013-06-04 11:11:57.884', TIMESTAMP '2013-06-04 11:12:13.853', '', 'BSCI330-FO-AO', '49adf4bd-2a31-4054-879d-1f1a1abe3682', 'kuali.lui.lui.relation.state.active', 'kuali.lui.lui.relation.type.deliveredvia.fo2ao', 'fo-ao-relation', 'BSCI330-FO-AO', '980c2079-cf32-4e87-b17d-b826bff9aacd', '38be6ac7-3a89-4a6d-97b4-5f7472ee989c')
/
update KSEN_CO_SEAT_POOL_DEFN set OBJ_ID='7c16d904-7f74-4c0a-b90a-60fb9fae2aaf', VER_NBR=2, UPDATEID='admin', UPDATETIME=TIMESTAMP '2013-06-04 11:11:57.884', ACTIVITY_OFFERING_ID='03b568fc-aeed-4963-bfc9-4f6382d25dec', EXPIR_MSTONE_TYPE='kuali.atp.milestone.firstdayofclasses', PERCENTAGE_IND='0', NAME='300-level Senior Seatpool', POPULATION_ID='4160a52b-d353-4ab3-b72d-a3c2f9969783', PROCESSING_PRIORITY=1, SEAT_LIMIT=5, SEAT_POOL_DEFN_STATE='kuali.lui.capacity.state.active', SEAT_POOL_DEFN_TYPE='kuali.lui.capacity.type.seatpool' where ID='da8e7e66-049b-47b3-ac30-c3bad4969280' and VER_NBR=1
/
insert into KSEN_SCHED_RQST_SET (OBJ_ID, VER_NBR, CREATEID, CREATETIME, UPDATEID, UPDATETIME, DESCR_FORMATTED, MAX_ENRL_SHARED_IND, MAX_ENRL, NAME, DESCR_PLAIN, REF_OBJECT_TYPE, SCHED_RQST_SET_STATE, SCHED_RQST_SET_TYPE, ID) values ('918eb3f8-8e61-47e4-9216-950ca6058fb3', 0, 'admin', TIMESTAMP '2013-06-04 11:11:57.884', 'admin', TIMESTAMP '2013-06-04 11:11:57.884', '', '', '', '', '', 'http://student.kuali.org/wsdl/courseOffering/ActivityOfferingInfo', 'kuali.scheduling.schedule.request.state.created', 'kuali.scheduling.schedule.request.set.type.schedule.request.set', '4cb1f44d-3c2b-40e2-b37c-eb7b226eb6f5')
/
insert into KSEN_SCHED_RQST (OBJ_ID, VER_NBR, CREATEID, CREATETIME, UPDATEID, UPDATETIME, DESCR_FORMATTED, NAME, DESCR_PLAIN, SCHED_RQST_STATE, SCHED_RQST_TYPE, SCHED_ID, SCHED_RQST_SET_ID, ID) values ('f9c523ce-e8c6-4e48-a97e-228728dc7375', 0, 'admin', TIMESTAMP '2013-06-04 11:11:57.884', 'admin', TIMESTAMP '2013-06-04 11:11:57.884', '', 'Schedule request for BSCI330 - C', '', 'kuali.scheduling.schedule.request.state.created', 'kuali.scheduling.schedule.request.type.schedule.request', '', '4cb1f44d-3c2b-40e2-b37c-eb7b226eb6f5', 'c6ce44bf-0c34-4233-9296-2ad0a2207736')
/
insert into KSEN_SCHED_RQST_CMP (OBJ_ID, TBA_IND, SCHED_RQST_ID, ID) values ('e5072a52-0bdf-4e0e-97d7-7b5abbb59b0c', '0', 'c6ce44bf-0c34-4233-9296-2ad0a2207736', '7d58e56a-c853-4076-8129-2c9c25db82a5')
/
insert into KSEN_CO_SEAT_POOL_DEFN (OBJ_ID, VER_NBR, CREATEID, CREATETIME, UPDATEID, UPDATETIME, ACTIVITY_OFFERING_ID, EXPIR_MSTONE_TYPE, PERCENTAGE_IND, NAME, POPULATION_ID, PROCESSING_PRIORITY, SEAT_LIMIT, SEAT_POOL_DEFN_STATE, SEAT_POOL_DEFN_TYPE, ID) values ('ce95ea49-c7c0-4f33-8f2c-8517cf7f469c', 1, 'admin', TIMESTAMP '2013-06-04 11:11:57.884', 'admin', TIMESTAMP '2013-06-04 11:11:57.884', '', 'kuali.atp.milestone.firstdayofclasses', '0', '300-level Senior Seatpool', '4160a52b-d353-4ab3-b72d-a3c2f9969783', 1, 5, 'kuali.lui.capacity.state.active', 'kuali.lui.capacity.type.seatpool', '3c024a39-31ba-40a5-9f27-93db87f25b60')
/
insert into KSEN_SCHED_REF_OBJECT (SCHED_RQST_SET_ID, REF_OBJECT_ID) values ('4cb1f44d-3c2b-40e2-b37c-eb7b226eb6f5', '980c2079-cf32-4e87-b17d-b826bff9aacd')
/
insert into KSEN_SCHED_RQST_CMP_BLDG (CMP_ID, BUILDING_ID) values ('7d58e56a-c853-4076-8129-2c9c25db82a5', '89929ead-579b-4f51-bf64-2797f963848b')
/
insert into KSEN_SCHED_RQST_CMP_CAMPUS (CMP_ID, CAMPUS_ID) values ('7d58e56a-c853-4076-8129-2c9c25db82a5', 'UMCP')
/
insert into KSEN_SCHED_RQST_CMP_ROOM (CMP_ID, ROOM_ID) values ('7d58e56a-c853-4076-8129-2c9c25db82a5', '361cd43a-094c-47cd-ab50-6f097191ba22')
/
insert into KSEN_SCHED_RQST_CMP_TMSLOT (CMP_ID, TM_SLOT_ID) values ('7d58e56a-c853-4076-8129-2c9c25db82a5', 'acf8e3c8-628a-49f1-af66-6045b4995ab3')
/
insert into KSEN_LUI (OBJ_ID, VER_NBR, CREATEID, CREATETIME, UPDATEID, UPDATETIME, ATP_ID, CLU_ID, EFF_DT, EXPIR_DT, DESCR_FORMATTED, LUI_STATE, LUI_TYPE, MAX_SEATS, MIN_SEATS, NAME, DESCR_PLAIN, REF_URL, ID) values ('84257620-3040-450b-95b9-2da3bf43cd9b', 0, 'admin', TIMESTAMP '2013-06-04 11:11:57.884', 'admin', TIMESTAMP '2013-06-04 11:11:57.884', 'kuali.atp.2012CETerm1', 'b425bf1d-87a1-41ff-a84c-f8a2d86e5ecf', '', '', 'Courses with lab', 'kuali.lui.activity.offering.state.draft', 'kuali.lui.type.activity.offering.lab', 24, 24, 'Lab', 'Courses with lab', 'null', 'd6e8f5d5-3b33-4155-8ca0-78c6f983d3f5')
/
insert into KSEN_LUI_ATTR (OBJ_ID, ATTR_KEY, OWNER_ID, ATTR_VALUE, ID) values ('c140c19e-0de6-4cb4-96d8-b65de733c8e7', 'kuali.attribute.course.evaluation.indicator', 'd6e8f5d5-3b33-4155-8ca0-78c6f983d3f5', '0', '1c1401b7-366f-42bc-8018-0058445617fb')
/
insert into KSEN_LUI_ATTR (OBJ_ID, ATTR_KEY, OWNER_ID, ATTR_VALUE, ID) values ('5d238422-934a-4125-8164-ef2a5c2965ba', 'kuali.attribute.max.enrollment.is.estimate', 'd6e8f5d5-3b33-4155-8ca0-78c6f983d3f5', '0', 'c1d9c48c-e670-4238-8f5d-c77b298a0867')
/
insert into KSEN_LUI_ATTR (OBJ_ID, ATTR_KEY, OWNER_ID, ATTR_VALUE, ID) values ('2e9d5d7d-b6fb-46b4-8ebe-741a4ef14149', 'isWaitlistCheckinRequired', 'd6e8f5d5-3b33-4155-8ca0-78c6f983d3f5', '0', '46dad76e-3a0b-4f89-a880-0c64803b7eea')
/
insert into KSEN_LUI_IDENT (OBJ_ID, VER_NBR, CREATEID, CREATETIME, UPDATEID, UPDATETIME, LUI_CD, DIVISION, IDENT_LEVEL, LNG_NAME, LUI_ID, ORGID, SHRT_NAME, LUI_ID_STATE, SUFX_CD, LUI_ID_TYPE, VARTN, ID) values ('7cd4b3d7-fb14-4975-a968-a6f4b74ebb41', 0, 'admin', TIMESTAMP '2013-06-04 11:11:57.884', 'admin', TIMESTAMP '2013-06-04 11:11:57.884', 'D', '', '', '', 'd6e8f5d5-3b33-4155-8ca0-78c6f983d3f5', '', '', 'kuali.lui.identifier.state.active', '', 'kuali.lui.identifier.type.official', '', '8ca01d60-c00b-48bb-b5f7-44f2b0bcad35')
/
insert into KSEN_LUI_LU_CD (OBJ_ID, VER_NBR, CREATEID, CREATETIME, UPDATEID, UPDATETIME, DESCR_FORMATTED, LUI_ID, DESCR_PLAIN, LUI_LUCD_TYPE, VALUE, ID) values ('dcb95a08-928e-4fb6-9e00-f09ca8ec95f7', 0, 'admin', TIMESTAMP '2013-06-04 11:11:57.884', 'admin', TIMESTAMP '2013-06-04 11:11:57.884', '', 'd6e8f5d5-3b33-4155-8ca0-78c6f983d3f5', '', 'kuali.lu.code.honorsOffering', '0', 'd75ca3de-2fdd-4072-b2e5-4cd366b63016')
/
insert into KSEN_LPR (OBJ_ID, VER_NBR, CREATEID, CREATETIME, UPDATEID, UPDATETIME, COMMIT_PERCT, EFF_DT, EXPIR_DT, LUI_ID, PERS_ID, LPR_STATE, LPR_TYPE, ID) values ('4adaf1ac-26df-48f8-9c62-5a232d0364af', 0, 'admin', TIMESTAMP '2013-06-04 11:11:57.884', 'admin', TIMESTAMP '2013-06-04 11:11:57.884', '100.0', TIMESTAMP '2013-06-04 11:12:14.125', '', 'd6e8f5d5-3b33-4155-8ca0-78c6f983d3f5', 'B.SUZANNEW', 'kuali.lpr.state.active', 'kuali.lpr.type.instructor.main', '0b899411-67de-4ab0-b827-9df909cb57e9')
/
insert into KSEN_LUILUI_RELTN (OBJ_ID, VER_NBR, CREATEID, CREATETIME, UPDATEID, UPDATETIME, EFF_DT, EXPIR_DT, DESCR_FORMATTED, LUI_ID, LUILUI_RELTN_STATE, LUILUI_RELTN_TYPE, NAME, DESCR_PLAIN, RELATED_LUI_ID, ID) values ('86c80549-8700-45bb-a782-b84fcecac57f', 0, 'admin', TIMESTAMP '2013-06-04 11:11:57.884', 'admin', TIMESTAMP '2013-06-04 11:11:57.884', TIMESTAMP '2013-06-04 11:12:14.125', '', 'BSCI330-FO-AO', '49adf4bd-2a31-4054-879d-1f1a1abe3682', 'kuali.lui.lui.relation.state.active', 'kuali.lui.lui.relation.type.deliveredvia.fo2ao', 'fo-ao-relation', 'BSCI330-FO-AO', 'd6e8f5d5-3b33-4155-8ca0-78c6f983d3f5', 'c2d9f7da-10c0-4fa9-9b93-a46790f5fa9b')
/
update KSEN_CO_SEAT_POOL_DEFN set OBJ_ID='ce95ea49-c7c0-4f33-8f2c-8517cf7f469c', VER_NBR=2, UPDATEID='admin', UPDATETIME=TIMESTAMP '2013-06-04 11:11:57.884', ACTIVITY_OFFERING_ID='980c2079-cf32-4e87-b17d-b826bff9aacd', EXPIR_MSTONE_TYPE='kuali.atp.milestone.firstdayofclasses', PERCENTAGE_IND='0', NAME='300-level Senior Seatpool', POPULATION_ID='4160a52b-d353-4ab3-b72d-a3c2f9969783', PROCESSING_PRIORITY=1, SEAT_LIMIT=5, SEAT_POOL_DEFN_STATE='kuali.lui.capacity.state.active', SEAT_POOL_DEFN_TYPE='kuali.lui.capacity.type.seatpool' where ID='3c024a39-31ba-40a5-9f27-93db87f25b60' and VER_NBR=1
/
insert into KSEN_SCHED_RQST_SET (OBJ_ID, VER_NBR, CREATEID, CREATETIME, UPDATEID, UPDATETIME, DESCR_FORMATTED, MAX_ENRL_SHARED_IND, MAX_ENRL, NAME, DESCR_PLAIN, REF_OBJECT_TYPE, SCHED_RQST_SET_STATE, SCHED_RQST_SET_TYPE, ID) values ('ba91eab0-ba2a-4a65-9a60-644a54c95b05', 0, 'admin', TIMESTAMP '2013-06-04 11:11:57.884', 'admin', TIMESTAMP '2013-06-04 11:11:57.884', '', '', '', '', '', 'http://student.kuali.org/wsdl/courseOffering/ActivityOfferingInfo', 'kuali.scheduling.schedule.request.state.created', 'kuali.scheduling.schedule.request.set.type.schedule.request.set', '2ad98fe8-5f0f-4900-987d-63f9c7e166b9')
/
insert into KSEN_SCHED_RQST (OBJ_ID, VER_NBR, CREATEID, CREATETIME, UPDATEID, UPDATETIME, DESCR_FORMATTED, NAME, DESCR_PLAIN, SCHED_RQST_STATE, SCHED_RQST_TYPE, SCHED_ID, SCHED_RQST_SET_ID, ID) values ('f2fbece6-1dff-49e7-93cd-f22612eadbd4', 0, 'admin', TIMESTAMP '2013-06-04 11:11:57.884', 'admin', TIMESTAMP '2013-06-04 11:11:57.884', '', 'Schedule request for BSCI330 - D', '', 'kuali.scheduling.schedule.request.state.created', 'kuali.scheduling.schedule.request.type.schedule.request', '', '2ad98fe8-5f0f-4900-987d-63f9c7e166b9', 'bc7b4523-0f6e-4801-8ce2-f35b50e54b64')
/
insert into KSEN_SCHED_RQST_CMP (OBJ_ID, TBA_IND, SCHED_RQST_ID, ID) values ('1daaf071-f1f8-4ec5-b58d-659e355ffccc', '0', 'bc7b4523-0f6e-4801-8ce2-f35b50e54b64', 'af1d12d5-24d1-4ba2-acaa-bc697c5d15b1')
/
insert into KSEN_CO_SEAT_POOL_DEFN (OBJ_ID, VER_NBR, CREATEID, CREATETIME, UPDATEID, UPDATETIME, ACTIVITY_OFFERING_ID, EXPIR_MSTONE_TYPE, PERCENTAGE_IND, NAME, POPULATION_ID, PROCESSING_PRIORITY, SEAT_LIMIT, SEAT_POOL_DEFN_STATE, SEAT_POOL_DEFN_TYPE, ID) values ('92a99614-b729-4574-bfa4-1888bdd8b429', 1, 'admin', TIMESTAMP '2013-06-04 11:11:57.884', 'admin', TIMESTAMP '2013-06-04 11:11:57.884', '', 'kuali.atp.milestone.firstdayofclasses', '0', '300-level Senior Seatpool', '4160a52b-d353-4ab3-b72d-a3c2f9969783', 1, 5, 'kuali.lui.capacity.state.active', 'kuali.lui.capacity.type.seatpool', '703efe6f-a088-4f22-bf4a-d8db95160f98')
/
insert into KSEN_SCHED_REF_OBJECT (SCHED_RQST_SET_ID, REF_OBJECT_ID) values ('2ad98fe8-5f0f-4900-987d-63f9c7e166b9', 'd6e8f5d5-3b33-4155-8ca0-78c6f983d3f5')
/
insert into KSEN_SCHED_RQST_CMP_BLDG (CMP_ID, BUILDING_ID) values ('af1d12d5-24d1-4ba2-acaa-bc697c5d15b1', '89929ead-579b-4f51-bf64-2797f963848b')
/
insert into KSEN_SCHED_RQST_CMP_CAMPUS (CMP_ID, CAMPUS_ID) values ('af1d12d5-24d1-4ba2-acaa-bc697c5d15b1', 'UMCP')
/
insert into KSEN_SCHED_RQST_CMP_ROOM (CMP_ID, ROOM_ID) values ('af1d12d5-24d1-4ba2-acaa-bc697c5d15b1', '361cd43a-094c-47cd-ab50-6f097191ba22')
/
insert into KSEN_SCHED_RQST_CMP_TMSLOT (CMP_ID, TM_SLOT_ID) values ('af1d12d5-24d1-4ba2-acaa-bc697c5d15b1', '9a334036-c58b-44a5-8ae5-3719212f063a')
/
insert into KSEN_LUI (OBJ_ID, VER_NBR, CREATEID, CREATETIME, UPDATEID, UPDATETIME, ATP_ID, CLU_ID, EFF_DT, EXPIR_DT, DESCR_FORMATTED, LUI_STATE, LUI_TYPE, MAX_SEATS, MIN_SEATS, NAME, DESCR_PLAIN, REF_URL, ID) values ('25648dde-a008-4d84-bb3f-3934e62431db', 0, 'admin', TIMESTAMP '2013-06-04 11:11:57.884', 'admin', TIMESTAMP '2013-06-04 11:11:57.884', 'kuali.atp.2012CETerm1', '2df91c85-1d89-4796-95ec-e491454f35c3', '', '', 'Courses with lab', 'kuali.lui.activity.offering.state.draft', 'kuali.lui.type.activity.offering.lab', 24, 24, 'Lab', 'Courses with lab', 'null', '7ba06dd6-9bc7-4c01-a970-b9b7b381b4d1')
/
insert into KSEN_LUI_ATTR (OBJ_ID, ATTR_KEY, OWNER_ID, ATTR_VALUE, ID) values ('619c5e9c-0160-4e35-8c48-c6f0f2ba2889', 'kuali.attribute.max.enrollment.is.estimate', '7ba06dd6-9bc7-4c01-a970-b9b7b381b4d1', '0', '028e1ddb-7474-426f-93a7-63d6d8f6148d')
/
insert into KSEN_LUI_ATTR (OBJ_ID, ATTR_KEY, OWNER_ID, ATTR_VALUE, ID) values ('76139a79-6841-40e8-bb0a-78950e15ed7f', 'isWaitlistCheckinRequired', '7ba06dd6-9bc7-4c01-a970-b9b7b381b4d1', '0', 'd65b0aad-e631-48d2-a0d0-3f9b77e29b0a')
/
insert into KSEN_LUI_ATTR (OBJ_ID, ATTR_KEY, OWNER_ID, ATTR_VALUE, ID) values ('33a39cb2-b73c-44e2-b995-eb089c5714b8', 'kuali.attribute.course.evaluation.indicator', '7ba06dd6-9bc7-4c01-a970-b9b7b381b4d1', '0', '3d4a58df-b9a2-4ae4-9fd7-5cb8bb899acd')
/
insert into KSEN_LUI_IDENT (OBJ_ID, VER_NBR, CREATEID, CREATETIME, UPDATEID, UPDATETIME, LUI_CD, DIVISION, IDENT_LEVEL, LNG_NAME, LUI_ID, ORGID, SHRT_NAME, LUI_ID_STATE, SUFX_CD, LUI_ID_TYPE, VARTN, ID) values ('e84040a5-65fd-4773-ab56-e9dd9f498854', 0, 'admin', TIMESTAMP '2013-06-04 11:11:57.884', 'admin', TIMESTAMP '2013-06-04 11:11:57.884', 'E', '', '', '', '7ba06dd6-9bc7-4c01-a970-b9b7b381b4d1', '', '', 'kuali.lui.identifier.state.active', '', 'kuali.lui.identifier.type.official', '', '3cf89feb-faae-4bfe-b078-3203035ebc36')
/
insert into KSEN_LUI_LU_CD (OBJ_ID, VER_NBR, CREATEID, CREATETIME, UPDATEID, UPDATETIME, DESCR_FORMATTED, LUI_ID, DESCR_PLAIN, LUI_LUCD_TYPE, VALUE, ID) values ('65ec81af-1602-4374-ab17-54bb1fd33b3a', 0, 'admin', TIMESTAMP '2013-06-04 11:11:57.884', 'admin', TIMESTAMP '2013-06-04 11:11:57.884', '', '7ba06dd6-9bc7-4c01-a970-b9b7b381b4d1', '', 'kuali.lu.code.honorsOffering', '0', '681eb423-7af9-4324-be3f-bb2634caa724')
/
insert into KSEN_LPR (OBJ_ID, VER_NBR, CREATEID, CREATETIME, UPDATEID, UPDATETIME, COMMIT_PERCT, EFF_DT, EXPIR_DT, LUI_ID, PERS_ID, LPR_STATE, LPR_TYPE, ID) values ('d73d9954-a42e-40c8-a8ee-d87672aa4730', 0, 'admin', TIMESTAMP '2013-06-04 11:11:57.884', 'admin', TIMESTAMP '2013-06-04 11:11:57.884', '100.0', TIMESTAMP '2013-06-04 11:12:14.362', '', '7ba06dd6-9bc7-4c01-a970-b9b7b381b4d1', 'P.KIRSTENF', 'kuali.lpr.state.active', 'kuali.lpr.type.instructor.main', '9dc8f0a9-20e6-4ad1-92bb-f9fe063a2167')
/
insert into KSEN_LUILUI_RELTN (OBJ_ID, VER_NBR, CREATEID, CREATETIME, UPDATEID, UPDATETIME, EFF_DT, EXPIR_DT, DESCR_FORMATTED, LUI_ID, LUILUI_RELTN_STATE, LUILUI_RELTN_TYPE, NAME, DESCR_PLAIN, RELATED_LUI_ID, ID) values ('74bce5f0-3dbc-4b09-a3b7-567e4570b976', 0, 'admin', TIMESTAMP '2013-06-04 11:11:57.884', 'admin', TIMESTAMP '2013-06-04 11:11:57.884', TIMESTAMP '2013-06-04 11:12:14.362', '', 'BSCI330-FO-AO', '49adf4bd-2a31-4054-879d-1f1a1abe3682', 'kuali.lui.lui.relation.state.active', 'kuali.lui.lui.relation.type.deliveredvia.fo2ao', 'fo-ao-relation', 'BSCI330-FO-AO', '7ba06dd6-9bc7-4c01-a970-b9b7b381b4d1', 'ad5dfa1a-0522-40ee-a2f2-db91111bf5ec')
/
update KSEN_CO_SEAT_POOL_DEFN set OBJ_ID='92a99614-b729-4574-bfa4-1888bdd8b429', VER_NBR=2, UPDATEID='admin', UPDATETIME=TIMESTAMP '2013-06-04 11:11:57.884', ACTIVITY_OFFERING_ID='d6e8f5d5-3b33-4155-8ca0-78c6f983d3f5', EXPIR_MSTONE_TYPE='kuali.atp.milestone.firstdayofclasses', PERCENTAGE_IND='0', NAME='300-level Senior Seatpool', POPULATION_ID='4160a52b-d353-4ab3-b72d-a3c2f9969783', PROCESSING_PRIORITY=1, SEAT_LIMIT=5, SEAT_POOL_DEFN_STATE='kuali.lui.capacity.state.active', SEAT_POOL_DEFN_TYPE='kuali.lui.capacity.type.seatpool' where ID='703efe6f-a088-4f22-bf4a-d8db95160f98' and VER_NBR=1
/
insert into KSEN_SCHED_RQST_SET (OBJ_ID, VER_NBR, CREATEID, CREATETIME, UPDATEID, UPDATETIME, DESCR_FORMATTED, MAX_ENRL_SHARED_IND, MAX_ENRL, NAME, DESCR_PLAIN, REF_OBJECT_TYPE, SCHED_RQST_SET_STATE, SCHED_RQST_SET_TYPE, ID) values ('0311535d-64e3-48eb-bf57-7e76e6657554', 0, 'admin', TIMESTAMP '2013-06-04 11:11:57.884', 'admin', TIMESTAMP '2013-06-04 11:11:57.884', '', '', '', '', '', 'http://student.kuali.org/wsdl/courseOffering/ActivityOfferingInfo', 'kuali.scheduling.schedule.request.state.created', 'kuali.scheduling.schedule.request.set.type.schedule.request.set', 'a8eb3f2f-bdfc-43a9-b827-2fbcc0d40408')
/
insert into KSEN_SCHED_RQST (OBJ_ID, VER_NBR, CREATEID, CREATETIME, UPDATEID, UPDATETIME, DESCR_FORMATTED, NAME, DESCR_PLAIN, SCHED_RQST_STATE, SCHED_RQST_TYPE, SCHED_ID, SCHED_RQST_SET_ID, ID) values ('2c12eb51-4a34-4f56-bd13-d1c21eff61df', 0, 'admin', TIMESTAMP '2013-06-04 11:11:57.884', 'admin', TIMESTAMP '2013-06-04 11:11:57.884', '', 'Schedule request for BSCI330 - E', '', 'kuali.scheduling.schedule.request.state.created', 'kuali.scheduling.schedule.request.type.schedule.request', '', 'a8eb3f2f-bdfc-43a9-b827-2fbcc0d40408', 'aaff5d6a-ee9f-4b75-ab0b-d5b464ef772f')
/
insert into KSEN_SCHED_RQST_CMP (OBJ_ID, TBA_IND, SCHED_RQST_ID, ID) values ('94a9f7ae-53ba-4675-9630-ca06ab157b4f', '0', 'aaff5d6a-ee9f-4b75-ab0b-d5b464ef772f', 'e3a03a4e-29c7-42a1-9101-ea926c4c78b7')
/
insert into KSEN_CO_SEAT_POOL_DEFN (OBJ_ID, VER_NBR, CREATEID, CREATETIME, UPDATEID, UPDATETIME, ACTIVITY_OFFERING_ID, EXPIR_MSTONE_TYPE, PERCENTAGE_IND, NAME, POPULATION_ID, PROCESSING_PRIORITY, SEAT_LIMIT, SEAT_POOL_DEFN_STATE, SEAT_POOL_DEFN_TYPE, ID) values ('0e103ad2-1916-412d-87fc-54dac6519a78', 1, 'admin', TIMESTAMP '2013-06-04 11:11:57.884', 'admin', TIMESTAMP '2013-06-04 11:11:57.884', '', 'kuali.atp.milestone.firstdayofclasses', '0', '300-level Senior Seatpool', '4160a52b-d353-4ab3-b72d-a3c2f9969783', 1, 5, 'kuali.lui.capacity.state.active', 'kuali.lui.capacity.type.seatpool', '8cc009a7-34fe-4785-aafe-f6aff4fdb227')
/
insert into KSEN_SCHED_REF_OBJECT (SCHED_RQST_SET_ID, REF_OBJECT_ID) values ('a8eb3f2f-bdfc-43a9-b827-2fbcc0d40408', '7ba06dd6-9bc7-4c01-a970-b9b7b381b4d1')
/
insert into KSEN_SCHED_RQST_CMP_BLDG (CMP_ID, BUILDING_ID) values ('e3a03a4e-29c7-42a1-9101-ea926c4c78b7', '89929ead-579b-4f51-bf64-2797f963848b')
/
insert into KSEN_SCHED_RQST_CMP_CAMPUS (CMP_ID, CAMPUS_ID) values ('e3a03a4e-29c7-42a1-9101-ea926c4c78b7', 'UMCP')
/
insert into KSEN_SCHED_RQST_CMP_ROOM (CMP_ID, ROOM_ID) values ('e3a03a4e-29c7-42a1-9101-ea926c4c78b7', '361cd43a-094c-47cd-ab50-6f097191ba22')
/
insert into KSEN_SCHED_RQST_CMP_TMSLOT (CMP_ID, TM_SLOT_ID) values ('e3a03a4e-29c7-42a1-9101-ea926c4c78b7', '418b13ac-2b6d-443f-9f83-ad5e1843703a')
/
insert into KSEN_LUI (OBJ_ID, VER_NBR, CREATEID, CREATETIME, UPDATEID, UPDATETIME, ATP_ID, CLU_ID, EFF_DT, EXPIR_DT, DESCR_FORMATTED, LUI_STATE, LUI_TYPE, MAX_SEATS, MIN_SEATS, NAME, DESCR_PLAIN, REF_URL, ID) values ('e436ac6e-e8f3-46e1-8bf9-53be4d0a2cc1', 0, 'admin', TIMESTAMP '2013-06-04 11:11:57.884', 'admin', TIMESTAMP '2013-06-04 11:11:57.884', 'kuali.atp.2012CETerm1', 'd354a5c4-5e0c-4a42-981f-bb00109e165f', '', '', 'Courses with lab', 'kuali.lui.activity.offering.state.draft', 'kuali.lui.type.activity.offering.lab', 24, 24, 'Lab', 'Courses with lab', 'null', '0e30e2b5-3461-452d-831e-8180c3c158d6')
/
insert into KSEN_LUI_ATTR (OBJ_ID, ATTR_KEY, OWNER_ID, ATTR_VALUE, ID) values ('f0b6dc2c-28cd-48f3-8295-138171c51b09', 'isWaitlistCheckinRequired', '0e30e2b5-3461-452d-831e-8180c3c158d6', '0', 'd3248a2f-5894-48ac-b790-bbcf7deb71f2')
/
insert into KSEN_LUI_ATTR (OBJ_ID, ATTR_KEY, OWNER_ID, ATTR_VALUE, ID) values ('f7ff23db-fc11-4246-91f1-b8a9f38754ab', 'kuali.attribute.max.enrollment.is.estimate', '0e30e2b5-3461-452d-831e-8180c3c158d6', '0', 'eb92cf0a-526b-4898-b678-97eef6366c41')
/
insert into KSEN_LUI_ATTR (OBJ_ID, ATTR_KEY, OWNER_ID, ATTR_VALUE, ID) values ('1ac0e41a-cbd0-467e-a21d-d9730ef05aa7', 'kuali.attribute.course.evaluation.indicator', '0e30e2b5-3461-452d-831e-8180c3c158d6', '0', '863d58b4-41d3-4962-b89e-70f3e0a59339')
/
insert into KSEN_LUI_IDENT (OBJ_ID, VER_NBR, CREATEID, CREATETIME, UPDATEID, UPDATETIME, LUI_CD, DIVISION, IDENT_LEVEL, LNG_NAME, LUI_ID, ORGID, SHRT_NAME, LUI_ID_STATE, SUFX_CD, LUI_ID_TYPE, VARTN, ID) values ('b592f1c7-30f5-458e-9025-b8c58e2da494', 0, 'admin', TIMESTAMP '2013-06-04 11:11:57.884', 'admin', TIMESTAMP '2013-06-04 11:11:57.884', 'F', '', '', '', '0e30e2b5-3461-452d-831e-8180c3c158d6', '', '', 'kuali.lui.identifier.state.active', '', 'kuali.lui.identifier.type.official', '', '8fa15522-1fae-490a-ac4a-f03f293d33f3')
/
insert into KSEN_LUI_LU_CD (OBJ_ID, VER_NBR, CREATEID, CREATETIME, UPDATEID, UPDATETIME, DESCR_FORMATTED, LUI_ID, DESCR_PLAIN, LUI_LUCD_TYPE, VALUE, ID) values ('bffaa670-7b6e-44ec-9ab8-f3aa19f2b4d4', 0, 'admin', TIMESTAMP '2013-06-04 11:11:57.884', 'admin', TIMESTAMP '2013-06-04 11:11:57.884', '', '0e30e2b5-3461-452d-831e-8180c3c158d6', '', 'kuali.lu.code.honorsOffering', '0', '60d1777f-4a89-48d0-9532-9be150915696')
/
insert into KSEN_LPR (OBJ_ID, VER_NBR, CREATEID, CREATETIME, UPDATEID, UPDATETIME, COMMIT_PERCT, EFF_DT, EXPIR_DT, LUI_ID, PERS_ID, LPR_STATE, LPR_TYPE, ID) values ('10249f5d-f7be-44ec-9c42-b23ba6fd896f', 0, 'admin', TIMESTAMP '2013-06-04 11:11:57.884', 'admin', TIMESTAMP '2013-06-04 11:11:57.884', '100.0', TIMESTAMP '2013-06-04 11:12:14.602', '', '0e30e2b5-3461-452d-831e-8180c3c158d6', 'S.RIZZAC', 'kuali.lpr.state.active', 'kuali.lpr.type.instructor.main', 'c3d9daba-c853-475f-84d7-269e079ab361')
/
insert into KSEN_LUILUI_RELTN (OBJ_ID, VER_NBR, CREATEID, CREATETIME, UPDATEID, UPDATETIME, EFF_DT, EXPIR_DT, DESCR_FORMATTED, LUI_ID, LUILUI_RELTN_STATE, LUILUI_RELTN_TYPE, NAME, DESCR_PLAIN, RELATED_LUI_ID, ID) values ('abbcec36-4fe2-4914-a6b2-81061629f3ad', 0, 'admin', TIMESTAMP '2013-06-04 11:11:57.884', 'admin', TIMESTAMP '2013-06-04 11:11:57.884', TIMESTAMP '2013-06-04 11:12:14.602', '', 'BSCI330-FO-AO', '49adf4bd-2a31-4054-879d-1f1a1abe3682', 'kuali.lui.lui.relation.state.active', 'kuali.lui.lui.relation.type.deliveredvia.fo2ao', 'fo-ao-relation', 'BSCI330-FO-AO', '0e30e2b5-3461-452d-831e-8180c3c158d6', '0b270d91-cf86-4a8a-baf8-48a0dc98e4bd')
/
update KSEN_CO_SEAT_POOL_DEFN set OBJ_ID='0e103ad2-1916-412d-87fc-54dac6519a78', VER_NBR=2, UPDATEID='admin', UPDATETIME=TIMESTAMP '2013-06-04 11:11:57.884', ACTIVITY_OFFERING_ID='7ba06dd6-9bc7-4c01-a970-b9b7b381b4d1', EXPIR_MSTONE_TYPE='kuali.atp.milestone.firstdayofclasses', PERCENTAGE_IND='0', NAME='300-level Senior Seatpool', POPULATION_ID='4160a52b-d353-4ab3-b72d-a3c2f9969783', PROCESSING_PRIORITY=1, SEAT_LIMIT=5, SEAT_POOL_DEFN_STATE='kuali.lui.capacity.state.active', SEAT_POOL_DEFN_TYPE='kuali.lui.capacity.type.seatpool' where ID='8cc009a7-34fe-4785-aafe-f6aff4fdb227' and VER_NBR=1
/
insert into KSEN_SCHED_RQST_SET (OBJ_ID, VER_NBR, CREATEID, CREATETIME, UPDATEID, UPDATETIME, DESCR_FORMATTED, MAX_ENRL_SHARED_IND, MAX_ENRL, NAME, DESCR_PLAIN, REF_OBJECT_TYPE, SCHED_RQST_SET_STATE, SCHED_RQST_SET_TYPE, ID) values ('a4a8c412-a0bd-4828-a7bc-cf105574dee1', 0, 'admin', TIMESTAMP '2013-06-04 11:11:57.884', 'admin', TIMESTAMP '2013-06-04 11:11:57.884', '', '', '', '', '', 'http://student.kuali.org/wsdl/courseOffering/ActivityOfferingInfo', 'kuali.scheduling.schedule.request.state.created', 'kuali.scheduling.schedule.request.set.type.schedule.request.set', 'c82be104-351d-4ce9-8107-cdfa03638197')
/
insert into KSEN_SCHED_RQST (OBJ_ID, VER_NBR, CREATEID, CREATETIME, UPDATEID, UPDATETIME, DESCR_FORMATTED, NAME, DESCR_PLAIN, SCHED_RQST_STATE, SCHED_RQST_TYPE, SCHED_ID, SCHED_RQST_SET_ID, ID) values ('7069fa89-bc92-4174-ba22-e431b38b2c9d', 0, 'admin', TIMESTAMP '2013-06-04 11:11:57.884', 'admin', TIMESTAMP '2013-06-04 11:11:57.884', '', 'Schedule request for BSCI330 - F', '', 'kuali.scheduling.schedule.request.state.created', 'kuali.scheduling.schedule.request.type.schedule.request', '', 'c82be104-351d-4ce9-8107-cdfa03638197', '9e2e4f68-5260-4017-a1a9-fe249ec4a979')
/
insert into KSEN_SCHED_RQST_CMP (OBJ_ID, TBA_IND, SCHED_RQST_ID, ID) values ('ed608a25-79b0-46ad-be21-5790a97837b4', '0', '9e2e4f68-5260-4017-a1a9-fe249ec4a979', 'f2b5ff7b-1cea-43b0-95ae-97d23faf51c0')
/
insert into KSEN_CO_SEAT_POOL_DEFN (OBJ_ID, VER_NBR, CREATEID, CREATETIME, UPDATEID, UPDATETIME, ACTIVITY_OFFERING_ID, EXPIR_MSTONE_TYPE, PERCENTAGE_IND, NAME, POPULATION_ID, PROCESSING_PRIORITY, SEAT_LIMIT, SEAT_POOL_DEFN_STATE, SEAT_POOL_DEFN_TYPE, ID) values ('cde6cfcd-d11c-4886-913b-5999faed3dac', 1, 'admin', TIMESTAMP '2013-06-04 11:11:57.884', 'admin', TIMESTAMP '2013-06-04 11:11:57.884', '', 'kuali.atp.milestone.firstdayofclasses', '0', '300-level Senior Seatpool', '4160a52b-d353-4ab3-b72d-a3c2f9969783', 1, 5, 'kuali.lui.capacity.state.active', 'kuali.lui.capacity.type.seatpool', '333c1817-caf2-4394-a4c9-b20669825c16')
/
insert into KSEN_SCHED_REF_OBJECT (SCHED_RQST_SET_ID, REF_OBJECT_ID) values ('c82be104-351d-4ce9-8107-cdfa03638197', '0e30e2b5-3461-452d-831e-8180c3c158d6')
/
insert into KSEN_SCHED_RQST_CMP_BLDG (CMP_ID, BUILDING_ID) values ('f2b5ff7b-1cea-43b0-95ae-97d23faf51c0', '89929ead-579b-4f51-bf64-2797f963848b')
/
insert into KSEN_SCHED_RQST_CMP_CAMPUS (CMP_ID, CAMPUS_ID) values ('f2b5ff7b-1cea-43b0-95ae-97d23faf51c0', 'UMCP')
/
insert into KSEN_SCHED_RQST_CMP_ROOM (CMP_ID, ROOM_ID) values ('f2b5ff7b-1cea-43b0-95ae-97d23faf51c0', '361cd43a-094c-47cd-ab50-6f097191ba22')
/
insert into KSEN_SCHED_RQST_CMP_TMSLOT (CMP_ID, TM_SLOT_ID) values ('f2b5ff7b-1cea-43b0-95ae-97d23faf51c0', '59fc0dac-88ed-49ad-ba55-087df2673b19')
/
insert into KSEN_LUI (OBJ_ID, VER_NBR, CREATEID, CREATETIME, UPDATEID, UPDATETIME, ATP_ID, CLU_ID, EFF_DT, EXPIR_DT, DESCR_FORMATTED, LUI_STATE, LUI_TYPE, MAX_SEATS, MIN_SEATS, NAME, DESCR_PLAIN, REF_URL, ID) values ('25c196be-cdbc-4d3e-8d68-d2b12bf1c383', 0, 'admin', TIMESTAMP '2013-06-04 11:11:57.884', 'admin', TIMESTAMP '2013-06-04 11:11:57.884', 'kuali.atp.2012CETerm1', '4bdec9e4-f92c-4130-befc-9a5672355c0b', '', '', 'Courses with lab', 'kuali.lui.activity.offering.state.draft', 'kuali.lui.type.activity.offering.lab', 24, 24, 'Lab', 'Courses with lab', 'null', '51ad321e-0d2e-40e4-959d-87ff6d1e8215')
/
insert into KSEN_LUI_ATTR (OBJ_ID, ATTR_KEY, OWNER_ID, ATTR_VALUE, ID) values ('1fdba1bb-1379-46a5-beb1-a0303714f3ad', 'kuali.attribute.max.enrollment.is.estimate', '51ad321e-0d2e-40e4-959d-87ff6d1e8215', '0', 'a4319afb-c7ac-4540-ae55-1a0b3a2a57cc')
/
insert into KSEN_LUI_ATTR (OBJ_ID, ATTR_KEY, OWNER_ID, ATTR_VALUE, ID) values ('3ca758c1-9feb-41e9-96ac-42bb61053e58', 'kuali.attribute.course.evaluation.indicator', '51ad321e-0d2e-40e4-959d-87ff6d1e8215', '0', '48b17fd7-3833-4da4-96a7-01ccdeea219d')
/
insert into KSEN_LUI_ATTR (OBJ_ID, ATTR_KEY, OWNER_ID, ATTR_VALUE, ID) values ('fcfd3c24-0528-492f-85e2-c6eaa95b1f0a', 'isWaitlistCheckinRequired', '51ad321e-0d2e-40e4-959d-87ff6d1e8215', '0', '940129cd-a2a0-4acd-ab99-34f555a5cc68')
/
insert into KSEN_LUI_IDENT (OBJ_ID, VER_NBR, CREATEID, CREATETIME, UPDATEID, UPDATETIME, LUI_CD, DIVISION, IDENT_LEVEL, LNG_NAME, LUI_ID, ORGID, SHRT_NAME, LUI_ID_STATE, SUFX_CD, LUI_ID_TYPE, VARTN, ID) values ('13bdcf1a-5ecb-4c31-b82f-56187199f687', 0, 'admin', TIMESTAMP '2013-06-04 11:11:57.884', 'admin', TIMESTAMP '2013-06-04 11:11:57.884', 'G', '', '', '', '51ad321e-0d2e-40e4-959d-87ff6d1e8215', '', '', 'kuali.lui.identifier.state.active', '', 'kuali.lui.identifier.type.official', '', '8990602f-fe39-45e7-be9b-bd0f8576d9ae')
/
insert into KSEN_LUI_LU_CD (OBJ_ID, VER_NBR, CREATEID, CREATETIME, UPDATEID, UPDATETIME, DESCR_FORMATTED, LUI_ID, DESCR_PLAIN, LUI_LUCD_TYPE, VALUE, ID) values ('ee673a6b-b0a2-414a-a212-cdf4005a27ae', 0, 'admin', TIMESTAMP '2013-06-04 11:11:57.884', 'admin', TIMESTAMP '2013-06-04 11:11:57.884', '', '51ad321e-0d2e-40e4-959d-87ff6d1e8215', '', 'kuali.lu.code.honorsOffering', '0', 'd601bf44-451a-4619-b8f7-fb6c2b0daad0')
/
insert into KSEN_LPR (OBJ_ID, VER_NBR, CREATEID, CREATETIME, UPDATEID, UPDATETIME, COMMIT_PERCT, EFF_DT, EXPIR_DT, LUI_ID, PERS_ID, LPR_STATE, LPR_TYPE, ID) values ('8544b338-9bd4-4977-afbd-b9e7cf31a912', 0, 'admin', TIMESTAMP '2013-06-04 11:11:57.884', 'admin', TIMESTAMP '2013-06-04 11:11:57.884', '100.0', TIMESTAMP '2013-06-04 11:12:14.859', '', '51ad321e-0d2e-40e4-959d-87ff6d1e8215', 'G.JEFFREYB', 'kuali.lpr.state.active', 'kuali.lpr.type.instructor.main', 'de7461dd-0e42-42be-a17e-5fafbb906d6d')
/
insert into KSEN_LUILUI_RELTN (OBJ_ID, VER_NBR, CREATEID, CREATETIME, UPDATEID, UPDATETIME, EFF_DT, EXPIR_DT, DESCR_FORMATTED, LUI_ID, LUILUI_RELTN_STATE, LUILUI_RELTN_TYPE, NAME, DESCR_PLAIN, RELATED_LUI_ID, ID) values ('d0d37c4c-625e-4de1-afb1-2bd733727881', 0, 'admin', TIMESTAMP '2013-06-04 11:11:57.884', 'admin', TIMESTAMP '2013-06-04 11:11:57.884', TIMESTAMP '2013-06-04 11:12:14.859', '', 'BSCI330-FO-AO', '49adf4bd-2a31-4054-879d-1f1a1abe3682', 'kuali.lui.lui.relation.state.active', 'kuali.lui.lui.relation.type.deliveredvia.fo2ao', 'fo-ao-relation', 'BSCI330-FO-AO', '51ad321e-0d2e-40e4-959d-87ff6d1e8215', '69d6367d-81fc-462e-a0ef-addbf71362f8')
/
update KSEN_CO_SEAT_POOL_DEFN set OBJ_ID='cde6cfcd-d11c-4886-913b-5999faed3dac', VER_NBR=2, UPDATEID='admin', UPDATETIME=TIMESTAMP '2013-06-04 11:11:57.884', ACTIVITY_OFFERING_ID='0e30e2b5-3461-452d-831e-8180c3c158d6', EXPIR_MSTONE_TYPE='kuali.atp.milestone.firstdayofclasses', PERCENTAGE_IND='0', NAME='300-level Senior Seatpool', POPULATION_ID='4160a52b-d353-4ab3-b72d-a3c2f9969783', PROCESSING_PRIORITY=1, SEAT_LIMIT=5, SEAT_POOL_DEFN_STATE='kuali.lui.capacity.state.active', SEAT_POOL_DEFN_TYPE='kuali.lui.capacity.type.seatpool' where ID='333c1817-caf2-4394-a4c9-b20669825c16' and VER_NBR=1
/
insert into KSEN_SCHED_RQST_SET (OBJ_ID, VER_NBR, CREATEID, CREATETIME, UPDATEID, UPDATETIME, DESCR_FORMATTED, MAX_ENRL_SHARED_IND, MAX_ENRL, NAME, DESCR_PLAIN, REF_OBJECT_TYPE, SCHED_RQST_SET_STATE, SCHED_RQST_SET_TYPE, ID) values ('a60e88f9-c70a-4139-9230-31589236edd8', 0, 'admin', TIMESTAMP '2013-06-04 11:11:57.884', 'admin', TIMESTAMP '2013-06-04 11:11:57.884', '', '', '', '', '', 'http://student.kuali.org/wsdl/courseOffering/ActivityOfferingInfo', 'kuali.scheduling.schedule.request.state.created', 'kuali.scheduling.schedule.request.set.type.schedule.request.set', 'fd6d5b0b-4446-4d8a-9027-2974ef5def2a')
/
insert into KSEN_SCHED_RQST (OBJ_ID, VER_NBR, CREATEID, CREATETIME, UPDATEID, UPDATETIME, DESCR_FORMATTED, NAME, DESCR_PLAIN, SCHED_RQST_STATE, SCHED_RQST_TYPE, SCHED_ID, SCHED_RQST_SET_ID, ID) values ('204fa700-6f90-41ec-bc63-70b8dd0d9641', 0, 'admin', TIMESTAMP '2013-06-04 11:11:57.884', 'admin', TIMESTAMP '2013-06-04 11:11:57.884', '', 'Schedule request for BSCI330 - G', '', 'kuali.scheduling.schedule.request.state.created', 'kuali.scheduling.schedule.request.type.schedule.request', '', 'fd6d5b0b-4446-4d8a-9027-2974ef5def2a', '985b230f-6e4c-489e-8995-b3a246a7d68f')
/
insert into KSEN_SCHED_RQST_CMP (OBJ_ID, TBA_IND, SCHED_RQST_ID, ID) values ('449a57f2-9d3e-4a3e-9cec-83270b370bb4', '0', '985b230f-6e4c-489e-8995-b3a246a7d68f', '40a456e3-dcc7-4fbe-9a27-ae0e028dd8de')
/
insert into KSEN_CO_SEAT_POOL_DEFN (OBJ_ID, VER_NBR, CREATEID, CREATETIME, UPDATEID, UPDATETIME, ACTIVITY_OFFERING_ID, EXPIR_MSTONE_TYPE, PERCENTAGE_IND, NAME, POPULATION_ID, PROCESSING_PRIORITY, SEAT_LIMIT, SEAT_POOL_DEFN_STATE, SEAT_POOL_DEFN_TYPE, ID) values ('ca37aefe-0682-40b7-b6c2-1b10583911df', 1, 'admin', TIMESTAMP '2013-06-04 11:11:57.884', 'admin', TIMESTAMP '2013-06-04 11:11:57.884', '', 'kuali.atp.milestone.firstdayofclasses', '0', '300-level Senior Seatpool', '4160a52b-d353-4ab3-b72d-a3c2f9969783', 1, 5, 'kuali.lui.capacity.state.active', 'kuali.lui.capacity.type.seatpool', '6eaa6efa-2735-408f-8e18-500306fc6071')
/
insert into KSEN_SCHED_REF_OBJECT (SCHED_RQST_SET_ID, REF_OBJECT_ID) values ('fd6d5b0b-4446-4d8a-9027-2974ef5def2a', '51ad321e-0d2e-40e4-959d-87ff6d1e8215')
/
insert into KSEN_SCHED_RQST_CMP_BLDG (CMP_ID, BUILDING_ID) values ('40a456e3-dcc7-4fbe-9a27-ae0e028dd8de', '89929ead-579b-4f51-bf64-2797f963848b')
/
insert into KSEN_SCHED_RQST_CMP_CAMPUS (CMP_ID, CAMPUS_ID) values ('40a456e3-dcc7-4fbe-9a27-ae0e028dd8de', 'UMCP')
/
insert into KSEN_SCHED_RQST_CMP_ROOM (CMP_ID, ROOM_ID) values ('40a456e3-dcc7-4fbe-9a27-ae0e028dd8de', '361cd43a-094c-47cd-ab50-6f097191ba22')
/
insert into KSEN_SCHED_RQST_CMP_TMSLOT (CMP_ID, TM_SLOT_ID) values ('40a456e3-dcc7-4fbe-9a27-ae0e028dd8de', '433e7ad2-88f6-409e-b153-1373c3e0ab12')
/
insert into KSEN_LUI (OBJ_ID, VER_NBR, CREATEID, CREATETIME, UPDATEID, UPDATETIME, ATP_ID, CLU_ID, EFF_DT, EXPIR_DT, DESCR_FORMATTED, LUI_STATE, LUI_TYPE, MAX_SEATS, MIN_SEATS, NAME, DESCR_PLAIN, REF_URL, ID) values ('5fcb4c5e-0192-4792-9e0d-bcb57e0beda6', 0, 'admin', TIMESTAMP '2013-06-04 11:11:57.884', 'admin', TIMESTAMP '2013-06-04 11:11:57.884', 'kuali.atp.2012CETerm1', '495b649b-0671-4e0f-9ec2-7adcdaa435e6', '', '', 'Courses with lab', 'kuali.lui.activity.offering.state.draft', 'kuali.lui.type.activity.offering.lab', 24, 24, 'Lab', 'Courses with lab', 'null', '1f9559e1-30b5-4a99-ac81-ce6d7de4871a')
/
insert into KSEN_LUI_ATTR (OBJ_ID, ATTR_KEY, OWNER_ID, ATTR_VALUE, ID) values ('84bca579-0d34-4969-9d1d-43dfda2a7459', 'isWaitlistCheckinRequired', '1f9559e1-30b5-4a99-ac81-ce6d7de4871a', '0', 'cb543ccd-ff0e-43fb-8334-fce89345e9e6')
/
insert into KSEN_LUI_ATTR (OBJ_ID, ATTR_KEY, OWNER_ID, ATTR_VALUE, ID) values ('640e0d7b-ac4d-4330-8b02-d08d6c4fa285', 'kuali.attribute.course.evaluation.indicator', '1f9559e1-30b5-4a99-ac81-ce6d7de4871a', '0', 'e28a6805-06eb-43ce-b575-0e3ab345a335')
/
insert into KSEN_LUI_ATTR (OBJ_ID, ATTR_KEY, OWNER_ID, ATTR_VALUE, ID) values ('0ad03311-2171-4e77-b7b1-10260b2e03f8', 'kuali.attribute.max.enrollment.is.estimate', '1f9559e1-30b5-4a99-ac81-ce6d7de4871a', '0', 'e9de4b54-33b3-40cd-b4e3-8b2760909c7a')
/
insert into KSEN_LUI_IDENT (OBJ_ID, VER_NBR, CREATEID, CREATETIME, UPDATEID, UPDATETIME, LUI_CD, DIVISION, IDENT_LEVEL, LNG_NAME, LUI_ID, ORGID, SHRT_NAME, LUI_ID_STATE, SUFX_CD, LUI_ID_TYPE, VARTN, ID) values ('f3811b61-f4b5-4860-97b5-7d1f0726f464', 0, 'admin', TIMESTAMP '2013-06-04 11:11:57.884', 'admin', TIMESTAMP '2013-06-04 11:11:57.884', 'H', '', '', '', '1f9559e1-30b5-4a99-ac81-ce6d7de4871a', '', '', 'kuali.lui.identifier.state.active', '', 'kuali.lui.identifier.type.official', '', '893da071-39ae-4d85-8754-24ad8e7a8665')
/
insert into KSEN_LUI_LU_CD (OBJ_ID, VER_NBR, CREATEID, CREATETIME, UPDATEID, UPDATETIME, DESCR_FORMATTED, LUI_ID, DESCR_PLAIN, LUI_LUCD_TYPE, VALUE, ID) values ('0951c371-2aac-495b-8e7a-11dc79307902', 0, 'admin', TIMESTAMP '2013-06-04 11:11:57.884', 'admin', TIMESTAMP '2013-06-04 11:11:57.884', '', '1f9559e1-30b5-4a99-ac81-ce6d7de4871a', '', 'kuali.lu.code.honorsOffering', '0', '8a53e9bb-272c-4963-884c-aee542ae362e')
/
insert into KSEN_LPR (OBJ_ID, VER_NBR, CREATEID, CREATETIME, UPDATEID, UPDATETIME, COMMIT_PERCT, EFF_DT, EXPIR_DT, LUI_ID, PERS_ID, LPR_STATE, LPR_TYPE, ID) values ('e830938a-0e2a-4944-bd41-4b843f84065e', 0, 'admin', TIMESTAMP '2013-06-04 11:11:57.884', 'admin', TIMESTAMP '2013-06-04 11:11:57.884', '100.0', TIMESTAMP '2013-06-04 11:12:15.13', '', '1f9559e1-30b5-4a99-ac81-ce6d7de4871a', 'K.BOBBIEB', 'kuali.lpr.state.active', 'kuali.lpr.type.instructor.main', '0f32c573-bf26-4bf9-b087-ffd820b883f4')
/
insert into KSEN_LUILUI_RELTN (OBJ_ID, VER_NBR, CREATEID, CREATETIME, UPDATEID, UPDATETIME, EFF_DT, EXPIR_DT, DESCR_FORMATTED, LUI_ID, LUILUI_RELTN_STATE, LUILUI_RELTN_TYPE, NAME, DESCR_PLAIN, RELATED_LUI_ID, ID) values ('88ca485c-7870-4286-96d3-f1c0bcb68b79', 0, 'admin', TIMESTAMP '2013-06-04 11:11:57.884', 'admin', TIMESTAMP '2013-06-04 11:11:57.884', TIMESTAMP '2013-06-04 11:12:15.13', '', 'BSCI330-FO-AO', '49adf4bd-2a31-4054-879d-1f1a1abe3682', 'kuali.lui.lui.relation.state.active', 'kuali.lui.lui.relation.type.deliveredvia.fo2ao', 'fo-ao-relation', 'BSCI330-FO-AO', '1f9559e1-30b5-4a99-ac81-ce6d7de4871a', 'b7b4da71-d6c0-4599-af84-2605e48fe37e')
/
update KSEN_CO_SEAT_POOL_DEFN set OBJ_ID='ca37aefe-0682-40b7-b6c2-1b10583911df', VER_NBR=2, UPDATEID='admin', UPDATETIME=TIMESTAMP '2013-06-04 11:11:57.884', ACTIVITY_OFFERING_ID='51ad321e-0d2e-40e4-959d-87ff6d1e8215', EXPIR_MSTONE_TYPE='kuali.atp.milestone.firstdayofclasses', PERCENTAGE_IND='0', NAME='300-level Senior Seatpool', POPULATION_ID='4160a52b-d353-4ab3-b72d-a3c2f9969783', PROCESSING_PRIORITY=1, SEAT_LIMIT=5, SEAT_POOL_DEFN_STATE='kuali.lui.capacity.state.active', SEAT_POOL_DEFN_TYPE='kuali.lui.capacity.type.seatpool' where ID='6eaa6efa-2735-408f-8e18-500306fc6071' and VER_NBR=1
/
insert into KSEN_SCHED_RQST_SET (OBJ_ID, VER_NBR, CREATEID, CREATETIME, UPDATEID, UPDATETIME, DESCR_FORMATTED, MAX_ENRL_SHARED_IND, MAX_ENRL, NAME, DESCR_PLAIN, REF_OBJECT_TYPE, SCHED_RQST_SET_STATE, SCHED_RQST_SET_TYPE, ID) values ('210ca977-f8cd-454a-959f-606691f01431', 0, 'admin', TIMESTAMP '2013-06-04 11:11:57.884', 'admin', TIMESTAMP '2013-06-04 11:11:57.884', '', '', '', '', '', 'http://student.kuali.org/wsdl/courseOffering/ActivityOfferingInfo', 'kuali.scheduling.schedule.request.state.created', 'kuali.scheduling.schedule.request.set.type.schedule.request.set', '65831eec-44e0-4d60-b430-cfa67436a446')
/
insert into KSEN_SCHED_RQST (OBJ_ID, VER_NBR, CREATEID, CREATETIME, UPDATEID, UPDATETIME, DESCR_FORMATTED, NAME, DESCR_PLAIN, SCHED_RQST_STATE, SCHED_RQST_TYPE, SCHED_ID, SCHED_RQST_SET_ID, ID) values ('42d07284-bb00-4108-a44f-db1f41c71a2c', 0, 'admin', TIMESTAMP '2013-06-04 11:11:57.884', 'admin', TIMESTAMP '2013-06-04 11:11:57.884', '', 'Schedule request for BSCI330 - H', '', 'kuali.scheduling.schedule.request.state.created', 'kuali.scheduling.schedule.request.type.schedule.request', '', '65831eec-44e0-4d60-b430-cfa67436a446', '7a93fdff-297d-4b06-b7b2-c9abdef70dee')
/
insert into KSEN_SCHED_RQST_CMP (OBJ_ID, TBA_IND, SCHED_RQST_ID, ID) values ('eb24405e-133b-4d0c-8e86-ecd03b811eef', '0', '7a93fdff-297d-4b06-b7b2-c9abdef70dee', '9c24653b-cc06-47da-b76f-fd77ca6b5a25')
/
insert into KSEN_CO_SEAT_POOL_DEFN (OBJ_ID, VER_NBR, CREATEID, CREATETIME, UPDATEID, UPDATETIME, ACTIVITY_OFFERING_ID, EXPIR_MSTONE_TYPE, PERCENTAGE_IND, NAME, POPULATION_ID, PROCESSING_PRIORITY, SEAT_LIMIT, SEAT_POOL_DEFN_STATE, SEAT_POOL_DEFN_TYPE, ID) values ('534e16ab-1bde-4ec0-b1b4-c8af22f132cd', 1, 'admin', TIMESTAMP '2013-06-04 11:11:57.884', 'admin', TIMESTAMP '2013-06-04 11:11:57.884', '', 'kuali.atp.milestone.firstdayofclasses', '0', '300-level Senior Seatpool', '4160a52b-d353-4ab3-b72d-a3c2f9969783', 1, 5, 'kuali.lui.capacity.state.active', 'kuali.lui.capacity.type.seatpool', '42aed6e5-62c8-4d28-b09a-cd755d897e59')
/
insert into KSEN_SCHED_REF_OBJECT (SCHED_RQST_SET_ID, REF_OBJECT_ID) values ('65831eec-44e0-4d60-b430-cfa67436a446', '1f9559e1-30b5-4a99-ac81-ce6d7de4871a')
/
insert into KSEN_SCHED_RQST_CMP_BLDG (CMP_ID, BUILDING_ID) values ('9c24653b-cc06-47da-b76f-fd77ca6b5a25', '89929ead-579b-4f51-bf64-2797f963848b')
/
insert into KSEN_SCHED_RQST_CMP_CAMPUS (CMP_ID, CAMPUS_ID) values ('9c24653b-cc06-47da-b76f-fd77ca6b5a25', 'UMCP')
/
insert into KSEN_SCHED_RQST_CMP_ROOM (CMP_ID, ROOM_ID) values ('9c24653b-cc06-47da-b76f-fd77ca6b5a25', '361cd43a-094c-47cd-ab50-6f097191ba22')
/
insert into KSEN_SCHED_RQST_CMP_TMSLOT (CMP_ID, TM_SLOT_ID) values ('9c24653b-cc06-47da-b76f-fd77ca6b5a25', '80a4b700-b893-4aac-bcdb-541efbe38d14')
/
insert into KSEN_LUI (OBJ_ID, VER_NBR, CREATEID, CREATETIME, UPDATEID, UPDATETIME, ATP_ID, CLU_ID, EFF_DT, EXPIR_DT, DESCR_FORMATTED, LUI_STATE, LUI_TYPE, MAX_SEATS, MIN_SEATS, NAME, DESCR_PLAIN, REF_URL, ID) values ('577996b2-55a0-4141-a2b9-94270cc1c2ef', 0, 'admin', TIMESTAMP '2013-06-04 11:11:57.884', 'admin', TIMESTAMP '2013-06-04 11:11:57.884', 'kuali.atp.2012CETerm1', '4156f3f4-2fec-427c-9643-f5601a4c0d0a', '', '', 'Courses with lab', 'kuali.lui.activity.offering.state.draft', 'kuali.lui.type.activity.offering.lab', 24, 24, 'Lab', 'Courses with lab', 'null', '25719896-416f-41b0-91cf-f7dced522b4c')
/
insert into KSEN_LUI_ATTR (OBJ_ID, ATTR_KEY, OWNER_ID, ATTR_VALUE, ID) values ('b588d115-8dc8-485b-8e4e-97ac4aa0ffeb', 'isWaitlistCheckinRequired', '25719896-416f-41b0-91cf-f7dced522b4c', '0', 'e5b2c22d-9925-4fb3-b253-812878d3da06')
/
insert into KSEN_LUI_ATTR (OBJ_ID, ATTR_KEY, OWNER_ID, ATTR_VALUE, ID) values ('72c88b10-65d4-4b69-9fed-a06472ff68c4', 'kuali.attribute.max.enrollment.is.estimate', '25719896-416f-41b0-91cf-f7dced522b4c', '0', 'b776a780-37c0-4416-823d-6430e5821a44')
/
insert into KSEN_LUI_ATTR (OBJ_ID, ATTR_KEY, OWNER_ID, ATTR_VALUE, ID) values ('b7a3dc28-3e0f-4a49-a448-186d304ea5aa', 'kuali.attribute.course.evaluation.indicator', '25719896-416f-41b0-91cf-f7dced522b4c', '0', '9581e22e-7de0-483b-b0de-74c90fc6356f')
/
insert into KSEN_LUI_IDENT (OBJ_ID, VER_NBR, CREATEID, CREATETIME, UPDATEID, UPDATETIME, LUI_CD, DIVISION, IDENT_LEVEL, LNG_NAME, LUI_ID, ORGID, SHRT_NAME, LUI_ID_STATE, SUFX_CD, LUI_ID_TYPE, VARTN, ID) values ('2054fcce-d7e8-4ef8-8803-e3f89ad29e7d', 0, 'admin', TIMESTAMP '2013-06-04 11:11:57.884', 'admin', TIMESTAMP '2013-06-04 11:11:57.884', 'I', '', '', '', '25719896-416f-41b0-91cf-f7dced522b4c', '', '', 'kuali.lui.identifier.state.active', '', 'kuali.lui.identifier.type.official', '', '67f574fb-a84d-453f-93c0-e8019a4656d4')
/
insert into KSEN_LUI_LU_CD (OBJ_ID, VER_NBR, CREATEID, CREATETIME, UPDATEID, UPDATETIME, DESCR_FORMATTED, LUI_ID, DESCR_PLAIN, LUI_LUCD_TYPE, VALUE, ID) values ('8157058f-0c39-41f4-90e4-77f601c159b1', 0, 'admin', TIMESTAMP '2013-06-04 11:11:57.884', 'admin', TIMESTAMP '2013-06-04 11:11:57.884', '', '25719896-416f-41b0-91cf-f7dced522b4c', '', 'kuali.lu.code.honorsOffering', '0', '5550d375-d004-459a-913b-56fabca332ae')
/
insert into KSEN_LPR (OBJ_ID, VER_NBR, CREATEID, CREATETIME, UPDATEID, UPDATETIME, COMMIT_PERCT, EFF_DT, EXPIR_DT, LUI_ID, PERS_ID, LPR_STATE, LPR_TYPE, ID) values ('5c9e66c5-b838-4428-adfd-68586de85cae', 0, 'admin', TIMESTAMP '2013-06-04 11:11:57.884', 'admin', TIMESTAMP '2013-06-04 11:11:57.884', '100.0', TIMESTAMP '2013-06-04 11:12:15.38', '', '25719896-416f-41b0-91cf-f7dced522b4c', 'G.THEODOREG', 'kuali.lpr.state.active', 'kuali.lpr.type.instructor.main', '7f2f80e0-f4d2-4d40-a7ad-d7ba2a737eca')
/
insert into KSEN_LUILUI_RELTN (OBJ_ID, VER_NBR, CREATEID, CREATETIME, UPDATEID, UPDATETIME, EFF_DT, EXPIR_DT, DESCR_FORMATTED, LUI_ID, LUILUI_RELTN_STATE, LUILUI_RELTN_TYPE, NAME, DESCR_PLAIN, RELATED_LUI_ID, ID) values ('c7ca9458-2829-4873-b76f-dd6b642b1a8c', 0, 'admin', TIMESTAMP '2013-06-04 11:11:57.884', 'admin', TIMESTAMP '2013-06-04 11:11:57.884', TIMESTAMP '2013-06-04 11:12:15.381', '', 'BSCI330-FO-AO', '49adf4bd-2a31-4054-879d-1f1a1abe3682', 'kuali.lui.lui.relation.state.active', 'kuali.lui.lui.relation.type.deliveredvia.fo2ao', 'fo-ao-relation', 'BSCI330-FO-AO', '25719896-416f-41b0-91cf-f7dced522b4c', '75817b43-0126-4fa0-a234-7127482d6ce7')
/
update KSEN_CO_SEAT_POOL_DEFN set OBJ_ID='534e16ab-1bde-4ec0-b1b4-c8af22f132cd', VER_NBR=2, UPDATEID='admin', UPDATETIME=TIMESTAMP '2013-06-04 11:11:57.884', ACTIVITY_OFFERING_ID='1f9559e1-30b5-4a99-ac81-ce6d7de4871a', EXPIR_MSTONE_TYPE='kuali.atp.milestone.firstdayofclasses', PERCENTAGE_IND='0', NAME='300-level Senior Seatpool', POPULATION_ID='4160a52b-d353-4ab3-b72d-a3c2f9969783', PROCESSING_PRIORITY=1, SEAT_LIMIT=5, SEAT_POOL_DEFN_STATE='kuali.lui.capacity.state.active', SEAT_POOL_DEFN_TYPE='kuali.lui.capacity.type.seatpool' where ID='42aed6e5-62c8-4d28-b09a-cd755d897e59' and VER_NBR=1
/
insert into KSEN_SCHED_RQST_SET (OBJ_ID, VER_NBR, CREATEID, CREATETIME, UPDATEID, UPDATETIME, DESCR_FORMATTED, MAX_ENRL_SHARED_IND, MAX_ENRL, NAME, DESCR_PLAIN, REF_OBJECT_TYPE, SCHED_RQST_SET_STATE, SCHED_RQST_SET_TYPE, ID) values ('6a2b83ae-e8ec-49f0-83aa-199bdd5bb1f0', 0, 'admin', TIMESTAMP '2013-06-04 11:11:57.884', 'admin', TIMESTAMP '2013-06-04 11:11:57.884', '', '', '', '', '', 'http://student.kuali.org/wsdl/courseOffering/ActivityOfferingInfo', 'kuali.scheduling.schedule.request.state.created', 'kuali.scheduling.schedule.request.set.type.schedule.request.set', '1647f67a-0029-4170-8af9-258298fbec40')
/
insert into KSEN_SCHED_RQST (OBJ_ID, VER_NBR, CREATEID, CREATETIME, UPDATEID, UPDATETIME, DESCR_FORMATTED, NAME, DESCR_PLAIN, SCHED_RQST_STATE, SCHED_RQST_TYPE, SCHED_ID, SCHED_RQST_SET_ID, ID) values ('629cdfe2-84d7-40d2-85e5-48f2562d1f1c', 0, 'admin', TIMESTAMP '2013-06-04 11:11:57.884', 'admin', TIMESTAMP '2013-06-04 11:11:57.884', '', 'Schedule request for BSCI330 - I', '', 'kuali.scheduling.schedule.request.state.created', 'kuali.scheduling.schedule.request.type.schedule.request', '', '1647f67a-0029-4170-8af9-258298fbec40', 'a58aeec7-a8a8-4e90-9174-72b78180bd5f')
/
insert into KSEN_SCHED_RQST_CMP (OBJ_ID, TBA_IND, SCHED_RQST_ID, ID) values ('6a967aa2-ea46-478e-9285-68932bac9efb', '0', 'a58aeec7-a8a8-4e90-9174-72b78180bd5f', 'e0b77228-e364-4081-97f0-e915ca1ac9ca')
/
insert into KSEN_CO_SEAT_POOL_DEFN (OBJ_ID, VER_NBR, CREATEID, CREATETIME, UPDATEID, UPDATETIME, ACTIVITY_OFFERING_ID, EXPIR_MSTONE_TYPE, PERCENTAGE_IND, NAME, POPULATION_ID, PROCESSING_PRIORITY, SEAT_LIMIT, SEAT_POOL_DEFN_STATE, SEAT_POOL_DEFN_TYPE, ID) values ('e6928bfd-7dee-4eff-8ca4-f1006a456476', 1, 'admin', TIMESTAMP '2013-06-04 11:11:57.884', 'admin', TIMESTAMP '2013-06-04 11:11:57.884', '', 'kuali.atp.milestone.firstdayofclasses', '0', '300-level Senior Seatpool', '4160a52b-d353-4ab3-b72d-a3c2f9969783', 1, 5, 'kuali.lui.capacity.state.active', 'kuali.lui.capacity.type.seatpool', 'd9c5303c-6c2d-4c59-b741-41ca8a3fe2e5')
/
insert into KSEN_SCHED_REF_OBJECT (SCHED_RQST_SET_ID, REF_OBJECT_ID) values ('1647f67a-0029-4170-8af9-258298fbec40', '25719896-416f-41b0-91cf-f7dced522b4c')
/
insert into KSEN_SCHED_RQST_CMP_BLDG (CMP_ID, BUILDING_ID) values ('e0b77228-e364-4081-97f0-e915ca1ac9ca', '89929ead-579b-4f51-bf64-2797f963848b')
/
insert into KSEN_SCHED_RQST_CMP_CAMPUS (CMP_ID, CAMPUS_ID) values ('e0b77228-e364-4081-97f0-e915ca1ac9ca', 'UMCP')
/
insert into KSEN_SCHED_RQST_CMP_ROOM (CMP_ID, ROOM_ID) values ('e0b77228-e364-4081-97f0-e915ca1ac9ca', '361cd43a-094c-47cd-ab50-6f097191ba22')
/
insert into KSEN_SCHED_RQST_CMP_TMSLOT (CMP_ID, TM_SLOT_ID) values ('e0b77228-e364-4081-97f0-e915ca1ac9ca', 'ef49f2d7-ca71-4084-9649-9c74a3c09d0e')
/
insert into KSEN_LUI (OBJ_ID, VER_NBR, CREATEID, CREATETIME, UPDATEID, UPDATETIME, ATP_ID, CLU_ID, EFF_DT, EXPIR_DT, DESCR_FORMATTED, LUI_STATE, LUI_TYPE, MAX_SEATS, MIN_SEATS, NAME, DESCR_PLAIN, REF_URL, ID) values ('3b177dd7-dac0-4c4e-9082-5aaf383ed35e', 0, 'admin', TIMESTAMP '2013-06-04 11:11:57.884', 'admin', TIMESTAMP '2013-06-04 11:11:57.884', 'kuali.atp.2012CETerm1', '53b1ee34-2625-48cb-b183-c9b8893ac132', '', '', 'Courses with lab', 'kuali.lui.activity.offering.state.draft', 'kuali.lui.type.activity.offering.lab', 24, 24, 'Lab', 'Courses with lab', 'null', '2d8c513f-6273-4a98-9cbd-5519c1857804')
/
insert into KSEN_LUI_ATTR (OBJ_ID, ATTR_KEY, OWNER_ID, ATTR_VALUE, ID) values ('5c5e3a11-eb2e-4d4a-b95d-d508a450ae5a', 'kuali.attribute.max.enrollment.is.estimate', '2d8c513f-6273-4a98-9cbd-5519c1857804', '0', '82595d87-947a-43ee-82fb-15f44ef2de4e')
/
insert into KSEN_LUI_ATTR (OBJ_ID, ATTR_KEY, OWNER_ID, ATTR_VALUE, ID) values ('4c271ef8-4a09-4f13-abb9-3ba324fc7f39', 'kuali.attribute.course.evaluation.indicator', '2d8c513f-6273-4a98-9cbd-5519c1857804', '0', '69da64f1-524b-4ce5-a5e1-613028160f71')
/
insert into KSEN_LUI_ATTR (OBJ_ID, ATTR_KEY, OWNER_ID, ATTR_VALUE, ID) values ('e3c5518c-96c5-4ece-8ab8-d02505b231b7', 'isWaitlistCheckinRequired', '2d8c513f-6273-4a98-9cbd-5519c1857804', '0', 'c61feb95-703d-4b7f-8a57-8d29992f227a')
/
insert into KSEN_LUI_IDENT (OBJ_ID, VER_NBR, CREATEID, CREATETIME, UPDATEID, UPDATETIME, LUI_CD, DIVISION, IDENT_LEVEL, LNG_NAME, LUI_ID, ORGID, SHRT_NAME, LUI_ID_STATE, SUFX_CD, LUI_ID_TYPE, VARTN, ID) values ('c1a9bb61-72e2-4ec9-8945-b2f31fdd9501', 0, 'admin', TIMESTAMP '2013-06-04 11:11:57.884', 'admin', TIMESTAMP '2013-06-04 11:11:57.884', 'J', '', '', '', '2d8c513f-6273-4a98-9cbd-5519c1857804', '', '', 'kuali.lui.identifier.state.active', '', 'kuali.lui.identifier.type.official', '', '2e493156-63d6-4b82-8d80-79e14f380a32')
/
insert into KSEN_LUI_LU_CD (OBJ_ID, VER_NBR, CREATEID, CREATETIME, UPDATEID, UPDATETIME, DESCR_FORMATTED, LUI_ID, DESCR_PLAIN, LUI_LUCD_TYPE, VALUE, ID) values ('0575eda0-d38c-48b3-9c26-fbbd2a774f92', 0, 'admin', TIMESTAMP '2013-06-04 11:11:57.884', 'admin', TIMESTAMP '2013-06-04 11:11:57.884', '', '2d8c513f-6273-4a98-9cbd-5519c1857804', '', 'kuali.lu.code.honorsOffering', '0', '432a600d-0410-4760-8a40-799d8fe20a6a')
/
insert into KSEN_LPR (OBJ_ID, VER_NBR, CREATEID, CREATETIME, UPDATEID, UPDATETIME, COMMIT_PERCT, EFF_DT, EXPIR_DT, LUI_ID, PERS_ID, LPR_STATE, LPR_TYPE, ID) values ('3a94a0ff-7901-407c-9d8c-0f04b800cfa1', 0, 'admin', TIMESTAMP '2013-06-04 11:11:57.884', 'admin', TIMESTAMP '2013-06-04 11:11:57.884', '100.0', TIMESTAMP '2013-06-04 11:12:15.635', '', '2d8c513f-6273-4a98-9cbd-5519c1857804', 'B.NICOLEG', 'kuali.lpr.state.active', 'kuali.lpr.type.instructor.main', '128eccd8-f65d-45ad-8f36-62a6aa377c3b')
/
insert into KSEN_LUILUI_RELTN (OBJ_ID, VER_NBR, CREATEID, CREATETIME, UPDATEID, UPDATETIME, EFF_DT, EXPIR_DT, DESCR_FORMATTED, LUI_ID, LUILUI_RELTN_STATE, LUILUI_RELTN_TYPE, NAME, DESCR_PLAIN, RELATED_LUI_ID, ID) values ('8ed0d205-bdd7-4515-955c-7240de2778a2', 0, 'admin', TIMESTAMP '2013-06-04 11:11:57.884', 'admin', TIMESTAMP '2013-06-04 11:11:57.884', TIMESTAMP '2013-06-04 11:12:15.636', '', 'BSCI330-FO-AO', '49adf4bd-2a31-4054-879d-1f1a1abe3682', 'kuali.lui.lui.relation.state.active', 'kuali.lui.lui.relation.type.deliveredvia.fo2ao', 'fo-ao-relation', 'BSCI330-FO-AO', '2d8c513f-6273-4a98-9cbd-5519c1857804', '1911bff6-2419-4979-b550-bb9b41b87ae7')
/
update KSEN_CO_SEAT_POOL_DEFN set OBJ_ID='e6928bfd-7dee-4eff-8ca4-f1006a456476', VER_NBR=2, UPDATEID='admin', UPDATETIME=TIMESTAMP '2013-06-04 11:11:57.884', ACTIVITY_OFFERING_ID='25719896-416f-41b0-91cf-f7dced522b4c', EXPIR_MSTONE_TYPE='kuali.atp.milestone.firstdayofclasses', PERCENTAGE_IND='0', NAME='300-level Senior Seatpool', POPULATION_ID='4160a52b-d353-4ab3-b72d-a3c2f9969783', PROCESSING_PRIORITY=1, SEAT_LIMIT=5, SEAT_POOL_DEFN_STATE='kuali.lui.capacity.state.active', SEAT_POOL_DEFN_TYPE='kuali.lui.capacity.type.seatpool' where ID='d9c5303c-6c2d-4c59-b741-41ca8a3fe2e5' and VER_NBR=1
/
insert into KSEN_SCHED_RQST_SET (OBJ_ID, VER_NBR, CREATEID, CREATETIME, UPDATEID, UPDATETIME, DESCR_FORMATTED, MAX_ENRL_SHARED_IND, MAX_ENRL, NAME, DESCR_PLAIN, REF_OBJECT_TYPE, SCHED_RQST_SET_STATE, SCHED_RQST_SET_TYPE, ID) values ('6ae8dfab-0f9e-4ab4-8aa2-2e83d07d658a', 0, 'admin', TIMESTAMP '2013-06-04 11:11:57.884', 'admin', TIMESTAMP '2013-06-04 11:11:57.884', '', '', '', '', '', 'http://student.kuali.org/wsdl/courseOffering/ActivityOfferingInfo', 'kuali.scheduling.schedule.request.state.created', 'kuali.scheduling.schedule.request.set.type.schedule.request.set', '07cab7eb-bfe4-4289-92f9-b6a693a0324c')
/
insert into KSEN_SCHED_RQST (OBJ_ID, VER_NBR, CREATEID, CREATETIME, UPDATEID, UPDATETIME, DESCR_FORMATTED, NAME, DESCR_PLAIN, SCHED_RQST_STATE, SCHED_RQST_TYPE, SCHED_ID, SCHED_RQST_SET_ID, ID) values ('22b25ede-d03c-499a-8f00-2924a4e65093', 0, 'admin', TIMESTAMP '2013-06-04 11:11:57.884', 'admin', TIMESTAMP '2013-06-04 11:11:57.884', '', 'Schedule request for BSCI330 - J', '', 'kuali.scheduling.schedule.request.state.created', 'kuali.scheduling.schedule.request.type.schedule.request', '', '07cab7eb-bfe4-4289-92f9-b6a693a0324c', '46b8fbb8-4a0d-4d7b-8394-c17bcf74de66')
/
insert into KSEN_SCHED_RQST_CMP (OBJ_ID, TBA_IND, SCHED_RQST_ID, ID) values ('7989b1ae-0305-47b7-8e29-f2f85329f7e8', '0', '46b8fbb8-4a0d-4d7b-8394-c17bcf74de66', 'e2bf92ab-c33e-4d65-ae34-31781e323924')
/
insert into KSEN_CO_SEAT_POOL_DEFN (OBJ_ID, VER_NBR, CREATEID, CREATETIME, UPDATEID, UPDATETIME, ACTIVITY_OFFERING_ID, EXPIR_MSTONE_TYPE, PERCENTAGE_IND, NAME, POPULATION_ID, PROCESSING_PRIORITY, SEAT_LIMIT, SEAT_POOL_DEFN_STATE, SEAT_POOL_DEFN_TYPE, ID) values ('2836ed58-3eaa-4285-affe-0584ebf9aa6a', 1, 'admin', TIMESTAMP '2013-06-04 11:11:57.884', 'admin', TIMESTAMP '2013-06-04 11:11:57.884', '', 'kuali.atp.milestone.firstdayofclasses', '0', '300-level Senior Seatpool', '4160a52b-d353-4ab3-b72d-a3c2f9969783', 1, 5, 'kuali.lui.capacity.state.active', 'kuali.lui.capacity.type.seatpool', 'b0caa320-1380-4dd6-adb7-587f45d7a852')
/
insert into KSEN_SCHED_REF_OBJECT (SCHED_RQST_SET_ID, REF_OBJECT_ID) values ('07cab7eb-bfe4-4289-92f9-b6a693a0324c', '2d8c513f-6273-4a98-9cbd-5519c1857804')
/
insert into KSEN_SCHED_RQST_CMP_BLDG (CMP_ID, BUILDING_ID) values ('e2bf92ab-c33e-4d65-ae34-31781e323924', '89929ead-579b-4f51-bf64-2797f963848b')
/
insert into KSEN_SCHED_RQST_CMP_CAMPUS (CMP_ID, CAMPUS_ID) values ('e2bf92ab-c33e-4d65-ae34-31781e323924', 'UMCP')
/
insert into KSEN_SCHED_RQST_CMP_ROOM (CMP_ID, ROOM_ID) values ('e2bf92ab-c33e-4d65-ae34-31781e323924', '361cd43a-094c-47cd-ab50-6f097191ba22')
/
insert into KSEN_SCHED_RQST_CMP_TMSLOT (CMP_ID, TM_SLOT_ID) values ('e2bf92ab-c33e-4d65-ae34-31781e323924', '959e52db-4d52-424f-a0f5-3855472cde37')
/
insert into KSEN_LUI (OBJ_ID, VER_NBR, CREATEID, CREATETIME, UPDATEID, UPDATETIME, ATP_ID, CLU_ID, EFF_DT, EXPIR_DT, DESCR_FORMATTED, LUI_STATE, LUI_TYPE, MAX_SEATS, MIN_SEATS, NAME, DESCR_PLAIN, REF_URL, ID) values ('7576fe12-0bb8-4ea0-a431-25c479c7438f', 0, 'admin', TIMESTAMP '2013-06-04 11:11:57.884', 'admin', TIMESTAMP '2013-06-04 11:11:57.884', 'kuali.atp.2012CETerm1', '7f44062b-35d1-403f-ab5e-45edca85c4db', '', '', 'Courses with lab', 'kuali.lui.activity.offering.state.draft', 'kuali.lui.type.activity.offering.lab', 24, 24, 'Lab', 'Courses with lab', 'null', '188f9ca9-ecbc-45a7-a2ea-95962bb9951b')
/
insert into KSEN_LUI_ATTR (OBJ_ID, ATTR_KEY, OWNER_ID, ATTR_VALUE, ID) values ('dd734e50-a6cd-4421-b5cb-fd35f31359a2', 'kuali.attribute.course.evaluation.indicator', '188f9ca9-ecbc-45a7-a2ea-95962bb9951b', '0', '3ad29dcb-3dc0-47bd-8ae7-a4e1baff489f')
/
insert into KSEN_LUI_ATTR (OBJ_ID, ATTR_KEY, OWNER_ID, ATTR_VALUE, ID) values ('33e815a0-e13b-4cd8-83b4-bd25f20cbaf3', 'isWaitlistCheckinRequired', '188f9ca9-ecbc-45a7-a2ea-95962bb9951b', '0', 'fe7c4c1d-468d-4236-921b-24e1a696d80f')
/
insert into KSEN_LUI_ATTR (OBJ_ID, ATTR_KEY, OWNER_ID, ATTR_VALUE, ID) values ('4f312ab2-53cd-4859-9a86-305b9dc026e2', 'kuali.attribute.max.enrollment.is.estimate', '188f9ca9-ecbc-45a7-a2ea-95962bb9951b', '0', '93a8f2d8-8e99-46f3-8fd9-f7ef98b778cd')
/
insert into KSEN_LUI_IDENT (OBJ_ID, VER_NBR, CREATEID, CREATETIME, UPDATEID, UPDATETIME, LUI_CD, DIVISION, IDENT_LEVEL, LNG_NAME, LUI_ID, ORGID, SHRT_NAME, LUI_ID_STATE, SUFX_CD, LUI_ID_TYPE, VARTN, ID) values ('e135cd12-32b7-4bca-a706-2928bca72c90', 0, 'admin', TIMESTAMP '2013-06-04 11:11:57.884', 'admin', TIMESTAMP '2013-06-04 11:11:57.884', 'K', '', '', '', '188f9ca9-ecbc-45a7-a2ea-95962bb9951b', '', '', 'kuali.lui.identifier.state.active', '', 'kuali.lui.identifier.type.official', '', '4d78cf26-3c69-4b1a-af77-e4c152164ccd')
/
insert into KSEN_LUI_LU_CD (OBJ_ID, VER_NBR, CREATEID, CREATETIME, UPDATEID, UPDATETIME, DESCR_FORMATTED, LUI_ID, DESCR_PLAIN, LUI_LUCD_TYPE, VALUE, ID) values ('4de57da3-eda8-4f97-8f43-b0b74a2646af', 0, 'admin', TIMESTAMP '2013-06-04 11:11:57.884', 'admin', TIMESTAMP '2013-06-04 11:11:57.884', '', '188f9ca9-ecbc-45a7-a2ea-95962bb9951b', '', 'kuali.lu.code.honorsOffering', '0', '26d93a3a-1198-4ba0-baec-87c8b75be3e5')
/
insert into KSEN_LPR (OBJ_ID, VER_NBR, CREATEID, CREATETIME, UPDATEID, UPDATETIME, COMMIT_PERCT, EFF_DT, EXPIR_DT, LUI_ID, PERS_ID, LPR_STATE, LPR_TYPE, ID) values ('ba014e8c-1544-49d3-b023-2814c6577a87', 0, 'admin', TIMESTAMP '2013-06-04 11:11:57.884', 'admin', TIMESTAMP '2013-06-04 11:11:57.884', '100.0', TIMESTAMP '2013-06-04 11:12:15.894', '', '188f9ca9-ecbc-45a7-a2ea-95962bb9951b', 'S.YANNINGW', 'kuali.lpr.state.active', 'kuali.lpr.type.instructor.main', '389b48c2-5408-4af5-b14e-1307d3c5847b')
/
insert into KSEN_LUILUI_RELTN (OBJ_ID, VER_NBR, CREATEID, CREATETIME, UPDATEID, UPDATETIME, EFF_DT, EXPIR_DT, DESCR_FORMATTED, LUI_ID, LUILUI_RELTN_STATE, LUILUI_RELTN_TYPE, NAME, DESCR_PLAIN, RELATED_LUI_ID, ID) values ('3882ce6d-fc83-4dc8-9cef-0658cde34604', 0, 'admin', TIMESTAMP '2013-06-04 11:11:57.884', 'admin', TIMESTAMP '2013-06-04 11:11:57.884', TIMESTAMP '2013-06-04 11:12:15.894', '', 'BSCI330-FO-AO', '49adf4bd-2a31-4054-879d-1f1a1abe3682', 'kuali.lui.lui.relation.state.active', 'kuali.lui.lui.relation.type.deliveredvia.fo2ao', 'fo-ao-relation', 'BSCI330-FO-AO', '188f9ca9-ecbc-45a7-a2ea-95962bb9951b', 'cf5da4d8-8c77-4cbe-a3b4-4d6a835a592a')
/
update KSEN_CO_SEAT_POOL_DEFN set OBJ_ID='2836ed58-3eaa-4285-affe-0584ebf9aa6a', VER_NBR=2, UPDATEID='admin', UPDATETIME=TIMESTAMP '2013-06-04 11:11:57.884', ACTIVITY_OFFERING_ID='2d8c513f-6273-4a98-9cbd-5519c1857804', EXPIR_MSTONE_TYPE='kuali.atp.milestone.firstdayofclasses', PERCENTAGE_IND='0', NAME='300-level Senior Seatpool', POPULATION_ID='4160a52b-d353-4ab3-b72d-a3c2f9969783', PROCESSING_PRIORITY=1, SEAT_LIMIT=5, SEAT_POOL_DEFN_STATE='kuali.lui.capacity.state.active', SEAT_POOL_DEFN_TYPE='kuali.lui.capacity.type.seatpool' where ID='b0caa320-1380-4dd6-adb7-587f45d7a852' and VER_NBR=1
/
insert into KSEN_SCHED_RQST_SET (OBJ_ID, VER_NBR, CREATEID, CREATETIME, UPDATEID, UPDATETIME, DESCR_FORMATTED, MAX_ENRL_SHARED_IND, MAX_ENRL, NAME, DESCR_PLAIN, REF_OBJECT_TYPE, SCHED_RQST_SET_STATE, SCHED_RQST_SET_TYPE, ID) values ('6add09f0-081e-41fe-9867-20eb89df773e', 0, 'admin', TIMESTAMP '2013-06-04 11:11:57.884', 'admin', TIMESTAMP '2013-06-04 11:11:57.884', '', '', '', '', '', 'http://student.kuali.org/wsdl/courseOffering/ActivityOfferingInfo', 'kuali.scheduling.schedule.request.state.created', 'kuali.scheduling.schedule.request.set.type.schedule.request.set', '32d3a989-b11f-4410-9174-69f8958a0173')
/
insert into KSEN_SCHED_RQST (OBJ_ID, VER_NBR, CREATEID, CREATETIME, UPDATEID, UPDATETIME, DESCR_FORMATTED, NAME, DESCR_PLAIN, SCHED_RQST_STATE, SCHED_RQST_TYPE, SCHED_ID, SCHED_RQST_SET_ID, ID) values ('dcb024f9-8160-4b9e-8d3a-ea60b06ca414', 0, 'admin', TIMESTAMP '2013-06-04 11:11:57.884', 'admin', TIMESTAMP '2013-06-04 11:11:57.884', '', 'Schedule request for BSCI330 - K', '', 'kuali.scheduling.schedule.request.state.created', 'kuali.scheduling.schedule.request.type.schedule.request', '', '32d3a989-b11f-4410-9174-69f8958a0173', 'c58fd2c4-397e-4570-8a9d-1f8870d1d284')
/
insert into KSEN_SCHED_RQST_CMP (OBJ_ID, TBA_IND, SCHED_RQST_ID, ID) values ('54b4a61b-dbf5-48c1-92e6-289ca9cbf35d', '0', 'c58fd2c4-397e-4570-8a9d-1f8870d1d284', 'b209a591-5a76-4b6d-94fa-72fd0dc54075')
/
insert into KSEN_CO_SEAT_POOL_DEFN (OBJ_ID, VER_NBR, CREATEID, CREATETIME, UPDATEID, UPDATETIME, ACTIVITY_OFFERING_ID, EXPIR_MSTONE_TYPE, PERCENTAGE_IND, NAME, POPULATION_ID, PROCESSING_PRIORITY, SEAT_LIMIT, SEAT_POOL_DEFN_STATE, SEAT_POOL_DEFN_TYPE, ID) values ('cd067c6b-4d9e-495d-ba69-8310adb602f0', 1, 'admin', TIMESTAMP '2013-06-04 11:11:57.884', 'admin', TIMESTAMP '2013-06-04 11:11:57.884', '', 'kuali.atp.milestone.firstdayofclasses', '0', '300-level Senior Seatpool', '4160a52b-d353-4ab3-b72d-a3c2f9969783', 1, 5, 'kuali.lui.capacity.state.active', 'kuali.lui.capacity.type.seatpool', '033653c6-8f4d-482e-843a-c18a69e8297d')
/
insert into KSEN_SCHED_REF_OBJECT (SCHED_RQST_SET_ID, REF_OBJECT_ID) values ('32d3a989-b11f-4410-9174-69f8958a0173', '188f9ca9-ecbc-45a7-a2ea-95962bb9951b')
/
insert into KSEN_SCHED_RQST_CMP_BLDG (CMP_ID, BUILDING_ID) values ('b209a591-5a76-4b6d-94fa-72fd0dc54075', '89929ead-579b-4f51-bf64-2797f963848b')
/
insert into KSEN_SCHED_RQST_CMP_CAMPUS (CMP_ID, CAMPUS_ID) values ('b209a591-5a76-4b6d-94fa-72fd0dc54075', 'UMCP')
/
insert into KSEN_SCHED_RQST_CMP_ROOM (CMP_ID, ROOM_ID) values ('b209a591-5a76-4b6d-94fa-72fd0dc54075', '361cd43a-094c-47cd-ab50-6f097191ba22')
/
insert into KSEN_SCHED_RQST_CMP_TMSLOT (CMP_ID, TM_SLOT_ID) values ('b209a591-5a76-4b6d-94fa-72fd0dc54075', '2663c361-05aa-45c6-a776-e04eb9f4c941')
/
insert into KSEN_LUI (OBJ_ID, VER_NBR, CREATEID, CREATETIME, UPDATEID, UPDATETIME, ATP_ID, CLU_ID, EFF_DT, EXPIR_DT, DESCR_FORMATTED, LUI_STATE, LUI_TYPE, MAX_SEATS, MIN_SEATS, NAME, DESCR_PLAIN, REF_URL, ID) values ('0c0cb5a5-a94f-487b-8408-2a13564cff08', 0, 'admin', TIMESTAMP '2013-06-04 11:11:57.884', 'admin', TIMESTAMP '2013-06-04 11:11:57.884', 'kuali.atp.2012CETerm1', 'dbe4aeed-3eec-4369-8faf-202c25c8cd1c', '', '', 'Courses with lab', 'kuali.lui.activity.offering.state.draft', 'kuali.lui.type.activity.offering.lab', 24, 24, 'Lab', 'Courses with lab', 'null', '126b8493-6398-48f9-9435-8438eb096a8c')
/
insert into KSEN_LUI_ATTR (OBJ_ID, ATTR_KEY, OWNER_ID, ATTR_VALUE, ID) values ('4b75cbdf-f651-4df6-be42-df98484c6d79', 'isWaitlistCheckinRequired', '126b8493-6398-48f9-9435-8438eb096a8c', '0', 'cd7c687c-7f4f-4d92-b059-e7f7761724cf')
/
insert into KSEN_LUI_ATTR (OBJ_ID, ATTR_KEY, OWNER_ID, ATTR_VALUE, ID) values ('fbc65875-4a5d-4e86-b850-4474bb759417', 'kuali.attribute.course.evaluation.indicator', '126b8493-6398-48f9-9435-8438eb096a8c', '0', '81443615-fd75-4a37-be25-aaa5d4a2ab1d')
/
insert into KSEN_LUI_ATTR (OBJ_ID, ATTR_KEY, OWNER_ID, ATTR_VALUE, ID) values ('9581ae0f-404e-47db-b250-8777a86f3d34', 'kuali.attribute.max.enrollment.is.estimate', '126b8493-6398-48f9-9435-8438eb096a8c', '0', 'caa66020-e9c7-473f-8588-3e9ba4894c2a')
/
insert into KSEN_LUI_IDENT (OBJ_ID, VER_NBR, CREATEID, CREATETIME, UPDATEID, UPDATETIME, LUI_CD, DIVISION, IDENT_LEVEL, LNG_NAME, LUI_ID, ORGID, SHRT_NAME, LUI_ID_STATE, SUFX_CD, LUI_ID_TYPE, VARTN, ID) values ('3ca45e5d-e23c-4768-9bdc-f7454cee16ff', 0, 'admin', TIMESTAMP '2013-06-04 11:11:57.884', 'admin', TIMESTAMP '2013-06-04 11:11:57.884', 'L', '', '', '', '126b8493-6398-48f9-9435-8438eb096a8c', '', '', 'kuali.lui.identifier.state.active', '', 'kuali.lui.identifier.type.official', '', 'c2e8d5a0-91ba-4abc-8c53-f901d3a82a7a')
/
insert into KSEN_LUI_LU_CD (OBJ_ID, VER_NBR, CREATEID, CREATETIME, UPDATEID, UPDATETIME, DESCR_FORMATTED, LUI_ID, DESCR_PLAIN, LUI_LUCD_TYPE, VALUE, ID) values ('5a15076e-d8e3-4c3b-b9fa-2c85efaf9506', 0, 'admin', TIMESTAMP '2013-06-04 11:11:57.884', 'admin', TIMESTAMP '2013-06-04 11:11:57.884', '', '126b8493-6398-48f9-9435-8438eb096a8c', '', 'kuali.lu.code.honorsOffering', '0', 'b944f453-6bb8-4d4b-b2bf-10b9e8c0e02d')
/
insert into KSEN_LPR (OBJ_ID, VER_NBR, CREATEID, CREATETIME, UPDATEID, UPDATETIME, COMMIT_PERCT, EFF_DT, EXPIR_DT, LUI_ID, PERS_ID, LPR_STATE, LPR_TYPE, ID) values ('5bc6238a-650d-46da-80b7-ecdba764cb18', 0, 'admin', TIMESTAMP '2013-06-04 11:11:57.884', 'admin', TIMESTAMP '2013-06-04 11:11:57.884', '100.0', TIMESTAMP '2013-06-04 11:12:16.165', '', '126b8493-6398-48f9-9435-8438eb096a8c', 'M.KARIC', 'kuali.lpr.state.active', 'kuali.lpr.type.instructor.main', '02cc7b60-9814-40bd-b887-700b323e49eb')
/
insert into KSEN_LUILUI_RELTN (OBJ_ID, VER_NBR, CREATEID, CREATETIME, UPDATEID, UPDATETIME, EFF_DT, EXPIR_DT, DESCR_FORMATTED, LUI_ID, LUILUI_RELTN_STATE, LUILUI_RELTN_TYPE, NAME, DESCR_PLAIN, RELATED_LUI_ID, ID) values ('f02c4c33-76ff-4986-afdf-faa696669a7a', 0, 'admin', TIMESTAMP '2013-06-04 11:11:57.884', 'admin', TIMESTAMP '2013-06-04 11:11:57.884', TIMESTAMP '2013-06-04 11:12:16.166', '', 'BSCI330-FO-AO', '49adf4bd-2a31-4054-879d-1f1a1abe3682', 'kuali.lui.lui.relation.state.active', 'kuali.lui.lui.relation.type.deliveredvia.fo2ao', 'fo-ao-relation', 'BSCI330-FO-AO', '126b8493-6398-48f9-9435-8438eb096a8c', '03a43602-c04f-4c5f-9e3c-fb389be494e4')
/
update KSEN_CO_SEAT_POOL_DEFN set OBJ_ID='cd067c6b-4d9e-495d-ba69-8310adb602f0', VER_NBR=2, UPDATEID='admin', UPDATETIME=TIMESTAMP '2013-06-04 11:11:57.884', ACTIVITY_OFFERING_ID='188f9ca9-ecbc-45a7-a2ea-95962bb9951b', EXPIR_MSTONE_TYPE='kuali.atp.milestone.firstdayofclasses', PERCENTAGE_IND='0', NAME='300-level Senior Seatpool', POPULATION_ID='4160a52b-d353-4ab3-b72d-a3c2f9969783', PROCESSING_PRIORITY=1, SEAT_LIMIT=5, SEAT_POOL_DEFN_STATE='kuali.lui.capacity.state.active', SEAT_POOL_DEFN_TYPE='kuali.lui.capacity.type.seatpool' where ID='033653c6-8f4d-482e-843a-c18a69e8297d' and VER_NBR=1
/
insert into KSEN_SCHED_RQST_SET (OBJ_ID, VER_NBR, CREATEID, CREATETIME, UPDATEID, UPDATETIME, DESCR_FORMATTED, MAX_ENRL_SHARED_IND, MAX_ENRL, NAME, DESCR_PLAIN, REF_OBJECT_TYPE, SCHED_RQST_SET_STATE, SCHED_RQST_SET_TYPE, ID) values ('7a1da973-9ea1-49c2-bc56-665c060a22d5', 0, 'admin', TIMESTAMP '2013-06-04 11:11:57.884', 'admin', TIMESTAMP '2013-06-04 11:11:57.884', '', '', '', '', '', 'http://student.kuali.org/wsdl/courseOffering/ActivityOfferingInfo', 'kuali.scheduling.schedule.request.state.created', 'kuali.scheduling.schedule.request.set.type.schedule.request.set', '6751084c-bf84-480a-88a7-422db522ebf4')
/
insert into KSEN_SCHED_RQST (OBJ_ID, VER_NBR, CREATEID, CREATETIME, UPDATEID, UPDATETIME, DESCR_FORMATTED, NAME, DESCR_PLAIN, SCHED_RQST_STATE, SCHED_RQST_TYPE, SCHED_ID, SCHED_RQST_SET_ID, ID) values ('fa43b8da-f180-40ae-be9f-75a586d2e289', 0, 'admin', TIMESTAMP '2013-06-04 11:11:57.884', 'admin', TIMESTAMP '2013-06-04 11:11:57.884', '', 'Schedule request for BSCI330 - L', '', 'kuali.scheduling.schedule.request.state.created', 'kuali.scheduling.schedule.request.type.schedule.request', '', '6751084c-bf84-480a-88a7-422db522ebf4', '8977cfee-d627-4ead-a103-62a92d3e04bb')
/
insert into KSEN_SCHED_RQST_CMP (OBJ_ID, TBA_IND, SCHED_RQST_ID, ID) values ('79a1259c-66b0-404c-b646-7064f6163b23', '0', '8977cfee-d627-4ead-a103-62a92d3e04bb', 'bbe500a7-a85c-441f-ae6f-b046186316ba')
/
insert into KSEN_CO_SEAT_POOL_DEFN (OBJ_ID, VER_NBR, CREATEID, CREATETIME, UPDATEID, UPDATETIME, ACTIVITY_OFFERING_ID, EXPIR_MSTONE_TYPE, PERCENTAGE_IND, NAME, POPULATION_ID, PROCESSING_PRIORITY, SEAT_LIMIT, SEAT_POOL_DEFN_STATE, SEAT_POOL_DEFN_TYPE, ID) values ('6ad28e90-08f1-4c0c-a503-312e7305bc38', 1, 'admin', TIMESTAMP '2013-06-04 11:11:57.884', 'admin', TIMESTAMP '2013-06-04 11:11:57.884', '', 'kuali.atp.milestone.firstdayofclasses', '0', '300-level Senior Seatpool', '4160a52b-d353-4ab3-b72d-a3c2f9969783', 1, 5, 'kuali.lui.capacity.state.active', 'kuali.lui.capacity.type.seatpool', '90d8662e-9cb5-4b76-af2c-3632a4511c91')
/
insert into KSEN_SCHED_REF_OBJECT (SCHED_RQST_SET_ID, REF_OBJECT_ID) values ('6751084c-bf84-480a-88a7-422db522ebf4', '126b8493-6398-48f9-9435-8438eb096a8c')
/
insert into KSEN_SCHED_RQST_CMP_BLDG (CMP_ID, BUILDING_ID) values ('bbe500a7-a85c-441f-ae6f-b046186316ba', '89929ead-579b-4f51-bf64-2797f963848b')
/
insert into KSEN_SCHED_RQST_CMP_CAMPUS (CMP_ID, CAMPUS_ID) values ('bbe500a7-a85c-441f-ae6f-b046186316ba', 'UMCP')
/
insert into KSEN_SCHED_RQST_CMP_ROOM (CMP_ID, ROOM_ID) values ('bbe500a7-a85c-441f-ae6f-b046186316ba', '125a4d96-4b0e-4ab4-9d88-4742b95ea5e2')
/
insert into KSEN_SCHED_RQST_CMP_TMSLOT (CMP_ID, TM_SLOT_ID) values ('bbe500a7-a85c-441f-ae6f-b046186316ba', '47738a4b-dd20-4a13-939c-a019cff9ab00')
/
insert into KSEN_LUI (OBJ_ID, VER_NBR, CREATEID, CREATETIME, UPDATEID, UPDATETIME, ATP_ID, CLU_ID, EFF_DT, EXPIR_DT, DESCR_FORMATTED, LUI_STATE, LUI_TYPE, MAX_SEATS, MIN_SEATS, NAME, DESCR_PLAIN, REF_URL, ID) values ('26a0b280-54ec-4737-beb2-9f67e943a414', 0, 'admin', TIMESTAMP '2013-06-04 11:11:57.884', 'admin', TIMESTAMP '2013-06-04 11:11:57.884', 'kuali.atp.2012CETerm1', '70bbae2d-4ac6-4842-94ae-61ceea55cb0a', '', '', 'Courses with lab', 'kuali.lui.activity.offering.state.draft', 'kuali.lui.type.activity.offering.lab', 24, 24, 'Lab', 'Courses with lab', 'null', '22d6029e-55b6-4be8-85db-e44fda078c14')
/
insert into KSEN_LUI_ATTR (OBJ_ID, ATTR_KEY, OWNER_ID, ATTR_VALUE, ID) values ('13747fcd-fde6-4863-8780-d7b0a19249e9', 'kuali.attribute.course.evaluation.indicator', '22d6029e-55b6-4be8-85db-e44fda078c14', '0', 'df99eb9d-92a2-433a-a364-16acf1dede62')
/
insert into KSEN_LUI_ATTR (OBJ_ID, ATTR_KEY, OWNER_ID, ATTR_VALUE, ID) values ('47afce7e-21f2-4017-9fd9-4eae25288f65', 'isWaitlistCheckinRequired', '22d6029e-55b6-4be8-85db-e44fda078c14', '0', 'b9e5030a-13b5-4e2b-9b9d-b115f84f233a')
/
insert into KSEN_LUI_ATTR (OBJ_ID, ATTR_KEY, OWNER_ID, ATTR_VALUE, ID) values ('37f70220-c804-4cf8-9f54-bf0247edb94f', 'kuali.attribute.max.enrollment.is.estimate', '22d6029e-55b6-4be8-85db-e44fda078c14', '0', 'd66504c9-116e-4ce8-afc1-ffa0a81a2693')
/
insert into KSEN_LUI_IDENT (OBJ_ID, VER_NBR, CREATEID, CREATETIME, UPDATEID, UPDATETIME, LUI_CD, DIVISION, IDENT_LEVEL, LNG_NAME, LUI_ID, ORGID, SHRT_NAME, LUI_ID_STATE, SUFX_CD, LUI_ID_TYPE, VARTN, ID) values ('93c26eba-8a8d-438f-9e1e-706bddaf4a0b', 0, 'admin', TIMESTAMP '2013-06-04 11:11:57.884', 'admin', TIMESTAMP '2013-06-04 11:11:57.884', 'M', '', '', '', '22d6029e-55b6-4be8-85db-e44fda078c14', '', '', 'kuali.lui.identifier.state.active', '', 'kuali.lui.identifier.type.official', '', 'e3f6c070-239f-4e9a-9e73-325e87968666')
/
insert into KSEN_LUI_LU_CD (OBJ_ID, VER_NBR, CREATEID, CREATETIME, UPDATEID, UPDATETIME, DESCR_FORMATTED, LUI_ID, DESCR_PLAIN, LUI_LUCD_TYPE, VALUE, ID) values ('3fd4fc60-5e10-4fce-be2e-0a2930bd1a0a', 0, 'admin', TIMESTAMP '2013-06-04 11:11:57.884', 'admin', TIMESTAMP '2013-06-04 11:11:57.884', '', '22d6029e-55b6-4be8-85db-e44fda078c14', '', 'kuali.lu.code.honorsOffering', '0', '0ed77982-7e52-4c79-8124-76dc5bab3d5d')
/
insert into KSEN_LPR (OBJ_ID, VER_NBR, CREATEID, CREATETIME, UPDATEID, UPDATETIME, COMMIT_PERCT, EFF_DT, EXPIR_DT, LUI_ID, PERS_ID, LPR_STATE, LPR_TYPE, ID) values ('2b01b6c4-b836-4634-8ce5-9d41c952c460', 0, 'admin', TIMESTAMP '2013-06-04 11:11:57.884', 'admin', TIMESTAMP '2013-06-04 11:11:57.884', '100.0', TIMESTAMP '2013-06-04 11:12:16.462', '', '22d6029e-55b6-4be8-85db-e44fda078c14', 'W.MATTM', 'kuali.lpr.state.active', 'kuali.lpr.type.instructor.main', 'b7fc5489-68f2-4361-bc43-f8309e22502c')
/
insert into KSEN_LUILUI_RELTN (OBJ_ID, VER_NBR, CREATEID, CREATETIME, UPDATEID, UPDATETIME, EFF_DT, EXPIR_DT, DESCR_FORMATTED, LUI_ID, LUILUI_RELTN_STATE, LUILUI_RELTN_TYPE, NAME, DESCR_PLAIN, RELATED_LUI_ID, ID) values ('2bb8298d-5630-43f5-9d20-7df1f8dc25d9', 0, 'admin', TIMESTAMP '2013-06-04 11:11:57.884', 'admin', TIMESTAMP '2013-06-04 11:11:57.884', TIMESTAMP '2013-06-04 11:12:16.462', '', 'BSCI330-FO-AO', '49adf4bd-2a31-4054-879d-1f1a1abe3682', 'kuali.lui.lui.relation.state.active', 'kuali.lui.lui.relation.type.deliveredvia.fo2ao', 'fo-ao-relation', 'BSCI330-FO-AO', '22d6029e-55b6-4be8-85db-e44fda078c14', 'dfe151a1-a9d9-49a3-b1e4-f5e56fdb9773')
/
update KSEN_CO_SEAT_POOL_DEFN set OBJ_ID='6ad28e90-08f1-4c0c-a503-312e7305bc38', VER_NBR=2, UPDATEID='admin', UPDATETIME=TIMESTAMP '2013-06-04 11:11:57.884', ACTIVITY_OFFERING_ID='126b8493-6398-48f9-9435-8438eb096a8c', EXPIR_MSTONE_TYPE='kuali.atp.milestone.firstdayofclasses', PERCENTAGE_IND='0', NAME='300-level Senior Seatpool', POPULATION_ID='4160a52b-d353-4ab3-b72d-a3c2f9969783', PROCESSING_PRIORITY=1, SEAT_LIMIT=5, SEAT_POOL_DEFN_STATE='kuali.lui.capacity.state.active', SEAT_POOL_DEFN_TYPE='kuali.lui.capacity.type.seatpool' where ID='90d8662e-9cb5-4b76-af2c-3632a4511c91' and VER_NBR=1
/
insert into KSEN_SCHED_RQST_SET (OBJ_ID, VER_NBR, CREATEID, CREATETIME, UPDATEID, UPDATETIME, DESCR_FORMATTED, MAX_ENRL_SHARED_IND, MAX_ENRL, NAME, DESCR_PLAIN, REF_OBJECT_TYPE, SCHED_RQST_SET_STATE, SCHED_RQST_SET_TYPE, ID) values ('daaf6fb3-5ad6-40ab-acc1-12bba3be029b', 0, 'admin', TIMESTAMP '2013-06-04 11:11:57.884', 'admin', TIMESTAMP '2013-06-04 11:11:57.884', '', '', '', '', '', 'http://student.kuali.org/wsdl/courseOffering/ActivityOfferingInfo', 'kuali.scheduling.schedule.request.state.created', 'kuali.scheduling.schedule.request.set.type.schedule.request.set', '2887c065-9823-4164-bd13-637f6c15cd50')
/
insert into KSEN_SCHED_RQST (OBJ_ID, VER_NBR, CREATEID, CREATETIME, UPDATEID, UPDATETIME, DESCR_FORMATTED, NAME, DESCR_PLAIN, SCHED_RQST_STATE, SCHED_RQST_TYPE, SCHED_ID, SCHED_RQST_SET_ID, ID) values ('e1ec528d-508d-4bc7-a886-d956a5d15eb4', 0, 'admin', TIMESTAMP '2013-06-04 11:11:57.884', 'admin', TIMESTAMP '2013-06-04 11:11:57.884', '', 'Schedule request for BSCI330 - M', '', 'kuali.scheduling.schedule.request.state.created', 'kuali.scheduling.schedule.request.type.schedule.request', '', '2887c065-9823-4164-bd13-637f6c15cd50', '3803a755-9002-4325-ad00-6a5980620a2d')
/
insert into KSEN_SCHED_RQST_CMP (OBJ_ID, TBA_IND, SCHED_RQST_ID, ID) values ('d943291e-4f9a-4a6f-aee0-3e3456b22923', '0', '3803a755-9002-4325-ad00-6a5980620a2d', 'f291dc33-cb65-4fa0-a48b-50b139d7b8c9')
/
insert into KSEN_CO_SEAT_POOL_DEFN (OBJ_ID, VER_NBR, CREATEID, CREATETIME, UPDATEID, UPDATETIME, ACTIVITY_OFFERING_ID, EXPIR_MSTONE_TYPE, PERCENTAGE_IND, NAME, POPULATION_ID, PROCESSING_PRIORITY, SEAT_LIMIT, SEAT_POOL_DEFN_STATE, SEAT_POOL_DEFN_TYPE, ID) values ('cb5dbd6c-5971-43ba-ae63-cd9f659cdb4b', 1, 'admin', TIMESTAMP '2013-06-04 11:11:57.884', 'admin', TIMESTAMP '2013-06-04 11:11:57.884', '', 'kuali.atp.milestone.firstdayofclasses', '0', '300-level Senior Seatpool', '4160a52b-d353-4ab3-b72d-a3c2f9969783', 1, 5, 'kuali.lui.capacity.state.active', 'kuali.lui.capacity.type.seatpool', '18eb3e63-44b2-40ef-8432-fe6e1ad3da4e')
/
insert into KSEN_SCHED_REF_OBJECT (SCHED_RQST_SET_ID, REF_OBJECT_ID) values ('2887c065-9823-4164-bd13-637f6c15cd50', '22d6029e-55b6-4be8-85db-e44fda078c14')
/
insert into KSEN_SCHED_RQST_CMP_BLDG (CMP_ID, BUILDING_ID) values ('f291dc33-cb65-4fa0-a48b-50b139d7b8c9', '89929ead-579b-4f51-bf64-2797f963848b')
/
insert into KSEN_SCHED_RQST_CMP_CAMPUS (CMP_ID, CAMPUS_ID) values ('f291dc33-cb65-4fa0-a48b-50b139d7b8c9', 'UMCP')
/
insert into KSEN_SCHED_RQST_CMP_ROOM (CMP_ID, ROOM_ID) values ('f291dc33-cb65-4fa0-a48b-50b139d7b8c9', '125a4d96-4b0e-4ab4-9d88-4742b95ea5e2')
/
insert into KSEN_SCHED_RQST_CMP_TMSLOT (CMP_ID, TM_SLOT_ID) values ('f291dc33-cb65-4fa0-a48b-50b139d7b8c9', '86f51ebc-3567-4187-83ea-a89ab913672b')
/
insert into KSEN_LUI (OBJ_ID, VER_NBR, CREATEID, CREATETIME, UPDATEID, UPDATETIME, ATP_ID, CLU_ID, EFF_DT, EXPIR_DT, DESCR_FORMATTED, LUI_STATE, LUI_TYPE, MAX_SEATS, MIN_SEATS, NAME, DESCR_PLAIN, REF_URL, ID) values ('834808fd-bf0a-468e-8421-1c0a87bea44a', 0, 'admin', TIMESTAMP '2013-06-04 11:11:57.884', 'admin', TIMESTAMP '2013-06-04 11:11:57.884', 'kuali.atp.2012CETerm1', '7f9a588a-faaa-44fe-92c1-41ecbc0fcea3', '', '', 'Courses with lecture', 'kuali.lui.activity.offering.state.draft', 'kuali.lui.type.activity.offering.lecture', 240, 240, 'Lecture', 'Courses with lecture', 'null', '463279c1-d545-4743-b72e-c8d84bac1dbe')
/
insert into KSEN_LUI_ATTR (OBJ_ID, ATTR_KEY, OWNER_ID, ATTR_VALUE, ID) values ('a9779da1-0dc1-482a-9529-a783ed5647c3', 'kuali.attribute.max.enrollment.is.estimate', '463279c1-d545-4743-b72e-c8d84bac1dbe', '0', '19809a2c-ad08-4b3a-bf54-b49d18490c3a')
/
insert into KSEN_LUI_ATTR (OBJ_ID, ATTR_KEY, OWNER_ID, ATTR_VALUE, ID) values ('c7e2f773-c903-409c-b2d5-d45b729c2356', 'isWaitlistCheckinRequired', '463279c1-d545-4743-b72e-c8d84bac1dbe', '0', '08392609-c25c-4ea7-bcb1-fc7eed8f0421')
/
insert into KSEN_LUI_ATTR (OBJ_ID, ATTR_KEY, OWNER_ID, ATTR_VALUE, ID) values ('95810750-e490-438e-aeb1-8a83731a5519', 'kuali.attribute.course.evaluation.indicator', '463279c1-d545-4743-b72e-c8d84bac1dbe', '0', '77cb4b2b-80d7-42d1-bb38-0e6e1bcf5a0d')
/
insert into KSEN_LUI_IDENT (OBJ_ID, VER_NBR, CREATEID, CREATETIME, UPDATEID, UPDATETIME, LUI_CD, DIVISION, IDENT_LEVEL, LNG_NAME, LUI_ID, ORGID, SHRT_NAME, LUI_ID_STATE, SUFX_CD, LUI_ID_TYPE, VARTN, ID) values ('26967026-c0c7-4937-aa33-766c0f358731', 0, 'admin', TIMESTAMP '2013-06-04 11:11:57.884', 'admin', TIMESTAMP '2013-06-04 11:11:57.884', 'N', '', '', '', '463279c1-d545-4743-b72e-c8d84bac1dbe', '', '', 'kuali.lui.identifier.state.active', '', 'kuali.lui.identifier.type.official', '', 'c219920c-cce7-4e00-9426-7fdb12f517c3')
/
insert into KSEN_LUI_LU_CD (OBJ_ID, VER_NBR, CREATEID, CREATETIME, UPDATEID, UPDATETIME, DESCR_FORMATTED, LUI_ID, DESCR_PLAIN, LUI_LUCD_TYPE, VALUE, ID) values ('ba29ac2c-416e-4afd-aa2b-9297112a4003', 0, 'admin', TIMESTAMP '2013-06-04 11:11:57.884', 'admin', TIMESTAMP '2013-06-04 11:11:57.884', '', '463279c1-d545-4743-b72e-c8d84bac1dbe', '', 'kuali.lu.code.honorsOffering', '0', '1486d30e-55e8-456e-b897-ffae38ca5d6a')
/
insert into KSEN_LPR (OBJ_ID, VER_NBR, CREATEID, CREATETIME, UPDATEID, UPDATETIME, COMMIT_PERCT, EFF_DT, EXPIR_DT, LUI_ID, PERS_ID, LPR_STATE, LPR_TYPE, ID) values ('7e302c75-08bd-4fbe-91de-9df6db3eb20e', 0, 'admin', TIMESTAMP '2013-06-04 11:11:57.884', 'admin', TIMESTAMP '2013-06-04 11:11:57.884', '100.0', TIMESTAMP '2013-06-04 11:12:16.713', '', '463279c1-d545-4743-b72e-c8d84bac1dbe', 'C.PAMELAP', 'kuali.lpr.state.active', 'kuali.lpr.type.instructor.main', '3c2957ad-8930-4f36-8b62-ffb0b465928d')
/
insert into KSEN_LUILUI_RELTN (OBJ_ID, VER_NBR, CREATEID, CREATETIME, UPDATEID, UPDATETIME, EFF_DT, EXPIR_DT, DESCR_FORMATTED, LUI_ID, LUILUI_RELTN_STATE, LUILUI_RELTN_TYPE, NAME, DESCR_PLAIN, RELATED_LUI_ID, ID) values ('306b9ce0-3faa-4146-a543-66a3edb222f3', 0, 'admin', TIMESTAMP '2013-06-04 11:11:57.884', 'admin', TIMESTAMP '2013-06-04 11:11:57.884', TIMESTAMP '2013-06-04 11:12:16.714', '', 'BSCI330-FO-AO', '49adf4bd-2a31-4054-879d-1f1a1abe3682', 'kuali.lui.lui.relation.state.active', 'kuali.lui.lui.relation.type.deliveredvia.fo2ao', 'fo-ao-relation', 'BSCI330-FO-AO', '463279c1-d545-4743-b72e-c8d84bac1dbe', '45364f5e-cbff-40e3-b80d-535166c26fa6')
/
update KSEN_CO_SEAT_POOL_DEFN set OBJ_ID='cb5dbd6c-5971-43ba-ae63-cd9f659cdb4b', VER_NBR=2, UPDATEID='admin', UPDATETIME=TIMESTAMP '2013-06-04 11:11:57.884', ACTIVITY_OFFERING_ID='22d6029e-55b6-4be8-85db-e44fda078c14', EXPIR_MSTONE_TYPE='kuali.atp.milestone.firstdayofclasses', PERCENTAGE_IND='0', NAME='300-level Senior Seatpool', POPULATION_ID='4160a52b-d353-4ab3-b72d-a3c2f9969783', PROCESSING_PRIORITY=1, SEAT_LIMIT=5, SEAT_POOL_DEFN_STATE='kuali.lui.capacity.state.active', SEAT_POOL_DEFN_TYPE='kuali.lui.capacity.type.seatpool' where ID='18eb3e63-44b2-40ef-8432-fe6e1ad3da4e' and VER_NBR=1
/
insert into KSEN_SCHED_RQST_SET (OBJ_ID, VER_NBR, CREATEID, CREATETIME, UPDATEID, UPDATETIME, DESCR_FORMATTED, MAX_ENRL_SHARED_IND, MAX_ENRL, NAME, DESCR_PLAIN, REF_OBJECT_TYPE, SCHED_RQST_SET_STATE, SCHED_RQST_SET_TYPE, ID) values ('04f67cd1-2992-466a-8ad4-5237958679e4', 0, 'admin', TIMESTAMP '2013-06-04 11:11:57.884', 'admin', TIMESTAMP '2013-06-04 11:11:57.884', '', '', '', '', '', 'http://student.kuali.org/wsdl/courseOffering/ActivityOfferingInfo', 'kuali.scheduling.schedule.request.state.created', 'kuali.scheduling.schedule.request.set.type.schedule.request.set', '0270491f-d122-4ecf-861d-75287db59ab7')
/
insert into KSEN_SCHED_RQST (OBJ_ID, VER_NBR, CREATEID, CREATETIME, UPDATEID, UPDATETIME, DESCR_FORMATTED, NAME, DESCR_PLAIN, SCHED_RQST_STATE, SCHED_RQST_TYPE, SCHED_ID, SCHED_RQST_SET_ID, ID) values ('59370fd4-aebd-4d05-ad8e-396393ae231e', 0, 'admin', TIMESTAMP '2013-06-04 11:11:57.884', 'admin', TIMESTAMP '2013-06-04 11:11:57.884', '', 'Schedule request for BSCI330 - N', '', 'kuali.scheduling.schedule.request.state.created', 'kuali.scheduling.schedule.request.type.schedule.request', '', '0270491f-d122-4ecf-861d-75287db59ab7', 'd695e2f0-9068-4af0-a77f-feb9e4217446')
/
insert into KSEN_SCHED_RQST_CMP (OBJ_ID, TBA_IND, SCHED_RQST_ID, ID) values ('37b8aa0e-4ba2-4def-bb15-10998e370e91', '0', 'd695e2f0-9068-4af0-a77f-feb9e4217446', '60e99bf7-9a93-4ac5-8879-3a240fc076be')
/
insert into KSEN_CO_SEAT_POOL_DEFN (OBJ_ID, VER_NBR, CREATEID, CREATETIME, UPDATEID, UPDATETIME, ACTIVITY_OFFERING_ID, EXPIR_MSTONE_TYPE, PERCENTAGE_IND, NAME, POPULATION_ID, PROCESSING_PRIORITY, SEAT_LIMIT, SEAT_POOL_DEFN_STATE, SEAT_POOL_DEFN_TYPE, ID) values ('aee8b3a2-aca8-4671-b2e7-8fae192a57fe', 1, 'admin', TIMESTAMP '2013-06-04 11:11:57.884', 'admin', TIMESTAMP '2013-06-04 11:11:57.884', '', 'kuali.atp.milestone.firstdayofclasses', '0', '300-level Senior Seatpool', '4160a52b-d353-4ab3-b72d-a3c2f9969783', 1, 5, 'kuali.lui.capacity.state.active', 'kuali.lui.capacity.type.seatpool', '026d1739-2671-48d0-a86d-b279a68a562f')
/
insert into KSEN_SCHED_REF_OBJECT (SCHED_RQST_SET_ID, REF_OBJECT_ID) values ('0270491f-d122-4ecf-861d-75287db59ab7', '463279c1-d545-4743-b72e-c8d84bac1dbe')
/
insert into KSEN_SCHED_RQST_CMP_BLDG (CMP_ID, BUILDING_ID) values ('60e99bf7-9a93-4ac5-8879-3a240fc076be', '4a382e14-f6aa-4fd1-b15a-c259475d212f')
/
insert into KSEN_SCHED_RQST_CMP_CAMPUS (CMP_ID, CAMPUS_ID) values ('60e99bf7-9a93-4ac5-8879-3a240fc076be', 'UMCP')
/
insert into KSEN_SCHED_RQST_CMP_ROOM (CMP_ID, ROOM_ID) values ('60e99bf7-9a93-4ac5-8879-3a240fc076be', 'de71a7e3-2be9-4292-95f9-dd363be9bca7')
/
insert into KSEN_SCHED_RQST_CMP_TMSLOT (CMP_ID, TM_SLOT_ID) values ('60e99bf7-9a93-4ac5-8879-3a240fc076be', 'd4ad171b-b353-400e-a620-7b1b1c5cdbef')
/
insert into KSEN_LUI (OBJ_ID, VER_NBR, CREATEID, CREATETIME, UPDATEID, UPDATETIME, ATP_ID, CLU_ID, EFF_DT, EXPIR_DT, DESCR_FORMATTED, LUI_STATE, LUI_TYPE, MAX_SEATS, MIN_SEATS, NAME, DESCR_PLAIN, REF_URL, ID) values ('15ec6f05-c1bc-4497-aaa5-36f5e2ac0efd', 0, 'admin', TIMESTAMP '2013-06-04 11:11:57.884', 'admin', TIMESTAMP '2013-06-04 11:11:57.884', 'kuali.atp.2012CETerm1', '09415b65-dae3-45c0-9829-24eed04f9dd1', '', '', 'Courses with lab', 'kuali.lui.activity.offering.state.draft', 'kuali.lui.type.activity.offering.lab', 24, 24, 'Lab', 'Courses with lab', 'null', '2b13dab0-5395-4acb-b465-bdd0eb1e191b')
/
insert into KSEN_LUI_ATTR (OBJ_ID, ATTR_KEY, OWNER_ID, ATTR_VALUE, ID) values ('77307758-4012-4615-b63c-c994cdbdb02e', 'isWaitlistCheckinRequired', '2b13dab0-5395-4acb-b465-bdd0eb1e191b', '0', 'b2ca7c0e-80d1-487c-9dc5-c7dd27fb5be2')
/
insert into KSEN_LUI_ATTR (OBJ_ID, ATTR_KEY, OWNER_ID, ATTR_VALUE, ID) values ('8485b0ca-5dc3-4110-a9a3-8169cb2d8167', 'kuali.attribute.max.enrollment.is.estimate', '2b13dab0-5395-4acb-b465-bdd0eb1e191b', '0', '0f1c6400-50f9-4b91-9d6e-cba1d5b7f143')
/
insert into KSEN_LUI_ATTR (OBJ_ID, ATTR_KEY, OWNER_ID, ATTR_VALUE, ID) values ('1ec37e01-75aa-484e-b653-6f4aa1b2e391', 'kuali.attribute.course.evaluation.indicator', '2b13dab0-5395-4acb-b465-bdd0eb1e191b', '0', '2416ba4d-89b6-4b79-b1ab-feffceb70f0f')
/
insert into KSEN_LUI_IDENT (OBJ_ID, VER_NBR, CREATEID, CREATETIME, UPDATEID, UPDATETIME, LUI_CD, DIVISION, IDENT_LEVEL, LNG_NAME, LUI_ID, ORGID, SHRT_NAME, LUI_ID_STATE, SUFX_CD, LUI_ID_TYPE, VARTN, ID) values ('4ac80643-4a6e-49dd-8d4c-d2f22065d91d', 0, 'admin', TIMESTAMP '2013-06-04 11:11:57.884', 'admin', TIMESTAMP '2013-06-04 11:11:57.884', 'O', '', '', '', '2b13dab0-5395-4acb-b465-bdd0eb1e191b', '', '', 'kuali.lui.identifier.state.active', '', 'kuali.lui.identifier.type.official', '', '73b3208c-6fa5-49d0-8686-6aeb96f26248')
/
insert into KSEN_LUI_LU_CD (OBJ_ID, VER_NBR, CREATEID, CREATETIME, UPDATEID, UPDATETIME, DESCR_FORMATTED, LUI_ID, DESCR_PLAIN, LUI_LUCD_TYPE, VALUE, ID) values ('e88d395c-42f5-472c-bbe1-f915c758735d', 0, 'admin', TIMESTAMP '2013-06-04 11:11:57.884', 'admin', TIMESTAMP '2013-06-04 11:11:57.884', '', '2b13dab0-5395-4acb-b465-bdd0eb1e191b', '', 'kuali.lu.code.honorsOffering', '0', '13dcad5b-8788-4e46-a220-f3f58247af65')
/
insert into KSEN_LPR (OBJ_ID, VER_NBR, CREATEID, CREATETIME, UPDATEID, UPDATETIME, COMMIT_PERCT, EFF_DT, EXPIR_DT, LUI_ID, PERS_ID, LPR_STATE, LPR_TYPE, ID) values ('2f2a3dc8-5f4f-4176-8521-1708883b88ad', 0, 'admin', TIMESTAMP '2013-06-04 11:11:57.884', 'admin', TIMESTAMP '2013-06-04 11:11:57.884', '100.0', TIMESTAMP '2013-06-04 11:12:16.962', '', '2b13dab0-5395-4acb-b465-bdd0eb1e191b', 'G.MICHAELM', 'kuali.lpr.state.active', 'kuali.lpr.type.instructor.main', 'e45dae28-3c25-4e5a-8717-cc132f0d9386')
/
insert into KSEN_LUILUI_RELTN (OBJ_ID, VER_NBR, CREATEID, CREATETIME, UPDATEID, UPDATETIME, EFF_DT, EXPIR_DT, DESCR_FORMATTED, LUI_ID, LUILUI_RELTN_STATE, LUILUI_RELTN_TYPE, NAME, DESCR_PLAIN, RELATED_LUI_ID, ID) values ('25882f27-f7f3-4ca5-9973-a5b9d23bc1bd', 0, 'admin', TIMESTAMP '2013-06-04 11:11:57.884', 'admin', TIMESTAMP '2013-06-04 11:11:57.884', TIMESTAMP '2013-06-04 11:12:16.962', '', 'BSCI330-FO-AO', '49adf4bd-2a31-4054-879d-1f1a1abe3682', 'kuali.lui.lui.relation.state.active', 'kuali.lui.lui.relation.type.deliveredvia.fo2ao', 'fo-ao-relation', 'BSCI330-FO-AO', '2b13dab0-5395-4acb-b465-bdd0eb1e191b', '2a3419c4-47cf-4028-8aa6-84d17e53ff31')
/
update KSEN_CO_SEAT_POOL_DEFN set OBJ_ID='aee8b3a2-aca8-4671-b2e7-8fae192a57fe', VER_NBR=2, UPDATEID='admin', UPDATETIME=TIMESTAMP '2013-06-04 11:11:57.884', ACTIVITY_OFFERING_ID='463279c1-d545-4743-b72e-c8d84bac1dbe', EXPIR_MSTONE_TYPE='kuali.atp.milestone.firstdayofclasses', PERCENTAGE_IND='0', NAME='300-level Senior Seatpool', POPULATION_ID='4160a52b-d353-4ab3-b72d-a3c2f9969783', PROCESSING_PRIORITY=1, SEAT_LIMIT=5, SEAT_POOL_DEFN_STATE='kuali.lui.capacity.state.active', SEAT_POOL_DEFN_TYPE='kuali.lui.capacity.type.seatpool' where ID='026d1739-2671-48d0-a86d-b279a68a562f' and VER_NBR=1
/
insert into KSEN_SCHED_RQST_SET (OBJ_ID, VER_NBR, CREATEID, CREATETIME, UPDATEID, UPDATETIME, DESCR_FORMATTED, MAX_ENRL_SHARED_IND, MAX_ENRL, NAME, DESCR_PLAIN, REF_OBJECT_TYPE, SCHED_RQST_SET_STATE, SCHED_RQST_SET_TYPE, ID) values ('bcdbb0da-7189-4490-b8c7-46840aad0edd', 0, 'admin', TIMESTAMP '2013-06-04 11:11:57.884', 'admin', TIMESTAMP '2013-06-04 11:11:57.884', '', '', '', '', '', 'http://student.kuali.org/wsdl/courseOffering/ActivityOfferingInfo', 'kuali.scheduling.schedule.request.state.created', 'kuali.scheduling.schedule.request.set.type.schedule.request.set', '7d6968aa-ade0-4783-8af0-4a91031df61d')
/
insert into KSEN_SCHED_RQST (OBJ_ID, VER_NBR, CREATEID, CREATETIME, UPDATEID, UPDATETIME, DESCR_FORMATTED, NAME, DESCR_PLAIN, SCHED_RQST_STATE, SCHED_RQST_TYPE, SCHED_ID, SCHED_RQST_SET_ID, ID) values ('763f0294-a5e7-4660-b390-fd7b0c626443', 0, 'admin', TIMESTAMP '2013-06-04 11:11:57.884', 'admin', TIMESTAMP '2013-06-04 11:11:57.884', '', 'Schedule request for BSCI330 - O', '', 'kuali.scheduling.schedule.request.state.created', 'kuali.scheduling.schedule.request.type.schedule.request', '', '7d6968aa-ade0-4783-8af0-4a91031df61d', '289308de-4a0d-4aca-8210-91bfa1e29e20')
/
insert into KSEN_SCHED_RQST_CMP (OBJ_ID, TBA_IND, SCHED_RQST_ID, ID) values ('7d5eafda-7021-4486-bec9-13d6440db2c2', '0', '289308de-4a0d-4aca-8210-91bfa1e29e20', 'f25ef008-1074-4273-aa0a-f3727be27bae')
/
insert into KSEN_CO_SEAT_POOL_DEFN (OBJ_ID, VER_NBR, CREATEID, CREATETIME, UPDATEID, UPDATETIME, ACTIVITY_OFFERING_ID, EXPIR_MSTONE_TYPE, PERCENTAGE_IND, NAME, POPULATION_ID, PROCESSING_PRIORITY, SEAT_LIMIT, SEAT_POOL_DEFN_STATE, SEAT_POOL_DEFN_TYPE, ID) values ('5faba81a-9f00-4538-846e-46d8b313971e', 1, 'admin', TIMESTAMP '2013-06-04 11:11:57.884', 'admin', TIMESTAMP '2013-06-04 11:11:57.884', '', 'kuali.atp.milestone.firstdayofclasses', '0', '300-level Senior Seatpool', '4160a52b-d353-4ab3-b72d-a3c2f9969783', 1, 5, 'kuali.lui.capacity.state.active', 'kuali.lui.capacity.type.seatpool', 'bbc4184d-b7c3-484f-b4da-b9b724a5605d')
/
insert into KSEN_SCHED_REF_OBJECT (SCHED_RQST_SET_ID, REF_OBJECT_ID) values ('7d6968aa-ade0-4783-8af0-4a91031df61d', '2b13dab0-5395-4acb-b465-bdd0eb1e191b')
/
insert into KSEN_SCHED_RQST_CMP_BLDG (CMP_ID, BUILDING_ID) values ('f25ef008-1074-4273-aa0a-f3727be27bae', '89929ead-579b-4f51-bf64-2797f963848b')
/
insert into KSEN_SCHED_RQST_CMP_CAMPUS (CMP_ID, CAMPUS_ID) values ('f25ef008-1074-4273-aa0a-f3727be27bae', 'UMCP')
/
insert into KSEN_SCHED_RQST_CMP_ROOM (CMP_ID, ROOM_ID) values ('f25ef008-1074-4273-aa0a-f3727be27bae', '125a4d96-4b0e-4ab4-9d88-4742b95ea5e2')
/
insert into KSEN_SCHED_RQST_CMP_TMSLOT (CMP_ID, TM_SLOT_ID) values ('f25ef008-1074-4273-aa0a-f3727be27bae', '80b24792-2ab1-44e9-86b5-9aa21a17c5c0')
/
insert into KSEN_LUI (OBJ_ID, VER_NBR, CREATEID, CREATETIME, UPDATEID, UPDATETIME, ATP_ID, CLU_ID, EFF_DT, EXPIR_DT, DESCR_FORMATTED, LUI_STATE, LUI_TYPE, MAX_SEATS, MIN_SEATS, NAME, DESCR_PLAIN, REF_URL, ID) values ('f9994839-aad3-43cf-b8a9-e4bd23c0a925', 0, 'admin', TIMESTAMP '2013-06-04 11:11:57.884', 'admin', TIMESTAMP '2013-06-04 11:11:57.884', 'kuali.atp.2012CETerm1', '3bac0164-0547-4b66-898b-58405dc8898f', '', '', 'Courses with lab', 'kuali.lui.activity.offering.state.draft', 'kuali.lui.type.activity.offering.lab', 24, 24, 'Lab', 'Courses with lab', 'null', 'f03379f2-4435-4a27-b21e-8f45e130c97e')
/
insert into KSEN_LUI_ATTR (OBJ_ID, ATTR_KEY, OWNER_ID, ATTR_VALUE, ID) values ('c72bc8a4-e588-4011-8de6-13539f32941d', 'kuali.attribute.course.evaluation.indicator', 'f03379f2-4435-4a27-b21e-8f45e130c97e', '0', '3e6ff7ea-cbc9-4e09-8e7d-ee45934e55ce')
/
insert into KSEN_LUI_ATTR (OBJ_ID, ATTR_KEY, OWNER_ID, ATTR_VALUE, ID) values ('36f0bafa-58da-414a-82d7-eeaa5deebc46', 'kuali.attribute.max.enrollment.is.estimate', 'f03379f2-4435-4a27-b21e-8f45e130c97e', '0', '58145e5a-cf70-40dc-a6c0-ad48b30de278')
/
insert into KSEN_LUI_ATTR (OBJ_ID, ATTR_KEY, OWNER_ID, ATTR_VALUE, ID) values ('589f252b-37df-4080-8e88-c73efd87f68a', 'isWaitlistCheckinRequired', 'f03379f2-4435-4a27-b21e-8f45e130c97e', '0', '50bfed79-29ca-4e4c-8ca1-66eb8e975976')
/
insert into KSEN_LUI_IDENT (OBJ_ID, VER_NBR, CREATEID, CREATETIME, UPDATEID, UPDATETIME, LUI_CD, DIVISION, IDENT_LEVEL, LNG_NAME, LUI_ID, ORGID, SHRT_NAME, LUI_ID_STATE, SUFX_CD, LUI_ID_TYPE, VARTN, ID) values ('dc38725a-cca8-4061-a926-e2e52e06b8a3', 0, 'admin', TIMESTAMP '2013-06-04 11:11:57.884', 'admin', TIMESTAMP '2013-06-04 11:11:57.884', 'P', '', '', '', 'f03379f2-4435-4a27-b21e-8f45e130c97e', '', '', 'kuali.lui.identifier.state.active', '', 'kuali.lui.identifier.type.official', '', '95b89e76-4528-4661-b8c4-f14a16660d63')
/
insert into KSEN_LUI_LU_CD (OBJ_ID, VER_NBR, CREATEID, CREATETIME, UPDATEID, UPDATETIME, DESCR_FORMATTED, LUI_ID, DESCR_PLAIN, LUI_LUCD_TYPE, VALUE, ID) values ('2fc0f1dc-7f16-4643-a0f5-39ea84ae08f4', 0, 'admin', TIMESTAMP '2013-06-04 11:11:57.884', 'admin', TIMESTAMP '2013-06-04 11:11:57.884', '', 'f03379f2-4435-4a27-b21e-8f45e130c97e', '', 'kuali.lu.code.honorsOffering', '0', 'e1fe39ef-0f30-438e-b3ee-1f8beab5ef50')
/
insert into KSEN_LPR (OBJ_ID, VER_NBR, CREATEID, CREATETIME, UPDATEID, UPDATETIME, COMMIT_PERCT, EFF_DT, EXPIR_DT, LUI_ID, PERS_ID, LPR_STATE, LPR_TYPE, ID) values ('3b895ee7-b28d-4aee-b213-6d0f9a5cb09e', 0, 'admin', TIMESTAMP '2013-06-04 11:11:57.884', 'admin', TIMESTAMP '2013-06-04 11:11:57.884', '100.0', TIMESTAMP '2013-06-04 11:12:17.235', '', 'f03379f2-4435-4a27-b21e-8f45e130c97e', 'J.ANAGHAK', 'kuali.lpr.state.active', 'kuali.lpr.type.instructor.main', 'ccd37ef9-7313-4b69-be59-c9ec732c7dae')
/
insert into KSEN_LUILUI_RELTN (OBJ_ID, VER_NBR, CREATEID, CREATETIME, UPDATEID, UPDATETIME, EFF_DT, EXPIR_DT, DESCR_FORMATTED, LUI_ID, LUILUI_RELTN_STATE, LUILUI_RELTN_TYPE, NAME, DESCR_PLAIN, RELATED_LUI_ID, ID) values ('d41917d6-0ab8-43f3-bce4-cc1d21877f22', 0, 'admin', TIMESTAMP '2013-06-04 11:11:57.884', 'admin', TIMESTAMP '2013-06-04 11:11:57.884', TIMESTAMP '2013-06-04 11:12:17.235', '', 'BSCI330-FO-AO', '49adf4bd-2a31-4054-879d-1f1a1abe3682', 'kuali.lui.lui.relation.state.active', 'kuali.lui.lui.relation.type.deliveredvia.fo2ao', 'fo-ao-relation', 'BSCI330-FO-AO', 'f03379f2-4435-4a27-b21e-8f45e130c97e', '895d9144-5d78-4830-b6b3-9555709d6609')
/
update KSEN_CO_SEAT_POOL_DEFN set OBJ_ID='5faba81a-9f00-4538-846e-46d8b313971e', VER_NBR=2, UPDATEID='admin', UPDATETIME=TIMESTAMP '2013-06-04 11:11:57.884', ACTIVITY_OFFERING_ID='2b13dab0-5395-4acb-b465-bdd0eb1e191b', EXPIR_MSTONE_TYPE='kuali.atp.milestone.firstdayofclasses', PERCENTAGE_IND='0', NAME='300-level Senior Seatpool', POPULATION_ID='4160a52b-d353-4ab3-b72d-a3c2f9969783', PROCESSING_PRIORITY=1, SEAT_LIMIT=5, SEAT_POOL_DEFN_STATE='kuali.lui.capacity.state.active', SEAT_POOL_DEFN_TYPE='kuali.lui.capacity.type.seatpool' where ID='bbc4184d-b7c3-484f-b4da-b9b724a5605d' and VER_NBR=1
/
insert into KSEN_SCHED_RQST_SET (OBJ_ID, VER_NBR, CREATEID, CREATETIME, UPDATEID, UPDATETIME, DESCR_FORMATTED, MAX_ENRL_SHARED_IND, MAX_ENRL, NAME, DESCR_PLAIN, REF_OBJECT_TYPE, SCHED_RQST_SET_STATE, SCHED_RQST_SET_TYPE, ID) values ('ac9b62a7-94a0-43d7-b300-2892ecc46596', 0, 'admin', TIMESTAMP '2013-06-04 11:11:57.884', 'admin', TIMESTAMP '2013-06-04 11:11:57.884', '', '', '', '', '', 'http://student.kuali.org/wsdl/courseOffering/ActivityOfferingInfo', 'kuali.scheduling.schedule.request.state.created', 'kuali.scheduling.schedule.request.set.type.schedule.request.set', 'e7332963-fbbb-49cc-92e5-65a22a3f9f2d')
/
insert into KSEN_SCHED_RQST (OBJ_ID, VER_NBR, CREATEID, CREATETIME, UPDATEID, UPDATETIME, DESCR_FORMATTED, NAME, DESCR_PLAIN, SCHED_RQST_STATE, SCHED_RQST_TYPE, SCHED_ID, SCHED_RQST_SET_ID, ID) values ('97cb2848-3a7b-4c93-bfbc-d6ea2bcea7fb', 0, 'admin', TIMESTAMP '2013-06-04 11:11:57.884', 'admin', TIMESTAMP '2013-06-04 11:11:57.884', '', 'Schedule request for BSCI330 - P', '', 'kuali.scheduling.schedule.request.state.created', 'kuali.scheduling.schedule.request.type.schedule.request', '', 'e7332963-fbbb-49cc-92e5-65a22a3f9f2d', 'b9097728-9567-4745-b34f-1c3e25aafe11')
/
insert into KSEN_SCHED_RQST_CMP (OBJ_ID, TBA_IND, SCHED_RQST_ID, ID) values ('ca2375ad-4605-4c7d-95e4-71827458c934', '0', 'b9097728-9567-4745-b34f-1c3e25aafe11', 'a7db780f-d69a-4c42-9699-551310e181aa')
/
insert into KSEN_CO_SEAT_POOL_DEFN (OBJ_ID, VER_NBR, CREATEID, CREATETIME, UPDATEID, UPDATETIME, ACTIVITY_OFFERING_ID, EXPIR_MSTONE_TYPE, PERCENTAGE_IND, NAME, POPULATION_ID, PROCESSING_PRIORITY, SEAT_LIMIT, SEAT_POOL_DEFN_STATE, SEAT_POOL_DEFN_TYPE, ID) values ('f52b30f2-3cf8-4e09-aa3d-06b362837b55', 1, 'admin', TIMESTAMP '2013-06-04 11:11:57.884', 'admin', TIMESTAMP '2013-06-04 11:11:57.884', '', 'kuali.atp.milestone.firstdayofclasses', '0', '300-level Senior Seatpool', '4160a52b-d353-4ab3-b72d-a3c2f9969783', 1, 5, 'kuali.lui.capacity.state.active', 'kuali.lui.capacity.type.seatpool', 'a2385c0e-3b97-44e3-9cec-cbca62fecddc')
/
insert into KSEN_SCHED_REF_OBJECT (SCHED_RQST_SET_ID, REF_OBJECT_ID) values ('e7332963-fbbb-49cc-92e5-65a22a3f9f2d', 'f03379f2-4435-4a27-b21e-8f45e130c97e')
/
insert into KSEN_SCHED_RQST_CMP_BLDG (CMP_ID, BUILDING_ID) values ('a7db780f-d69a-4c42-9699-551310e181aa', '89929ead-579b-4f51-bf64-2797f963848b')
/
insert into KSEN_SCHED_RQST_CMP_CAMPUS (CMP_ID, CAMPUS_ID) values ('a7db780f-d69a-4c42-9699-551310e181aa', 'UMCP')
/
insert into KSEN_SCHED_RQST_CMP_ROOM (CMP_ID, ROOM_ID) values ('a7db780f-d69a-4c42-9699-551310e181aa', '125a4d96-4b0e-4ab4-9d88-4742b95ea5e2')
/
insert into KSEN_SCHED_RQST_CMP_TMSLOT (CMP_ID, TM_SLOT_ID) values ('a7db780f-d69a-4c42-9699-551310e181aa', '30fc37d3-8c57-4c88-8988-a930241f7038')
/
insert into KSEN_LUI (OBJ_ID, VER_NBR, CREATEID, CREATETIME, UPDATEID, UPDATETIME, ATP_ID, CLU_ID, EFF_DT, EXPIR_DT, DESCR_FORMATTED, LUI_STATE, LUI_TYPE, MAX_SEATS, MIN_SEATS, NAME, DESCR_PLAIN, REF_URL, ID) values ('872fd732-fe85-43fa-b2b3-dae3cb11da2e', 0, 'admin', TIMESTAMP '2013-06-04 11:11:57.884', 'admin', TIMESTAMP '2013-06-04 11:11:57.884', 'kuali.atp.2012CETerm1', 'a89ef48f-7d10-4c62-bd31-7ead4247b18b', '', '', 'Courses with lab', 'kuali.lui.activity.offering.state.draft', 'kuali.lui.type.activity.offering.lab', 24, 24, 'Lab', 'Courses with lab', 'null', 'beed8739-feb4-412e-ab55-6c6452f0e0e4')
/
insert into KSEN_LUI_ATTR (OBJ_ID, ATTR_KEY, OWNER_ID, ATTR_VALUE, ID) values ('edfb8a60-9a47-443e-a4d0-b41a2b484151', 'kuali.attribute.max.enrollment.is.estimate', 'beed8739-feb4-412e-ab55-6c6452f0e0e4', '0', '2fc1455d-e281-4884-8433-7641bdfa82da')
/
insert into KSEN_LUI_ATTR (OBJ_ID, ATTR_KEY, OWNER_ID, ATTR_VALUE, ID) values ('e3fa691e-9d55-4dc7-a810-ed376d07cf1f', 'isWaitlistCheckinRequired', 'beed8739-feb4-412e-ab55-6c6452f0e0e4', '0', 'a740ae12-3f05-432d-ba69-98b55ccdd8fa')
/
insert into KSEN_LUI_ATTR (OBJ_ID, ATTR_KEY, OWNER_ID, ATTR_VALUE, ID) values ('a6ce904c-7b82-4167-bb18-924cce56ccd9', 'kuali.attribute.course.evaluation.indicator', 'beed8739-feb4-412e-ab55-6c6452f0e0e4', '0', '3bf25758-4747-4986-84e6-2f3f2a596487')
/
insert into KSEN_LUI_IDENT (OBJ_ID, VER_NBR, CREATEID, CREATETIME, UPDATEID, UPDATETIME, LUI_CD, DIVISION, IDENT_LEVEL, LNG_NAME, LUI_ID, ORGID, SHRT_NAME, LUI_ID_STATE, SUFX_CD, LUI_ID_TYPE, VARTN, ID) values ('1cc6b258-b64a-4f1f-b5dd-79da4810780e', 0, 'admin', TIMESTAMP '2013-06-04 11:11:57.884', 'admin', TIMESTAMP '2013-06-04 11:11:57.884', 'Q', '', '', '', 'beed8739-feb4-412e-ab55-6c6452f0e0e4', '', '', 'kuali.lui.identifier.state.active', '', 'kuali.lui.identifier.type.official', '', '3368dec8-2657-41c0-8c3d-005fd4a2d9d5')
/
insert into KSEN_LUI_LU_CD (OBJ_ID, VER_NBR, CREATEID, CREATETIME, UPDATEID, UPDATETIME, DESCR_FORMATTED, LUI_ID, DESCR_PLAIN, LUI_LUCD_TYPE, VALUE, ID) values ('19171b22-e777-464d-9ceb-62a93e85618f', 0, 'admin', TIMESTAMP '2013-06-04 11:11:57.884', 'admin', TIMESTAMP '2013-06-04 11:11:57.884', '', 'beed8739-feb4-412e-ab55-6c6452f0e0e4', '', 'kuali.lu.code.honorsOffering', '0', '238b65ed-57df-4842-a814-93ee90d0a605')
/
insert into KSEN_LPR (OBJ_ID, VER_NBR, CREATEID, CREATETIME, UPDATEID, UPDATETIME, COMMIT_PERCT, EFF_DT, EXPIR_DT, LUI_ID, PERS_ID, LPR_STATE, LPR_TYPE, ID) values ('8baeece8-845d-4a69-b4c7-87afa610fafd', 0, 'admin', TIMESTAMP '2013-06-04 11:11:57.884', 'admin', TIMESTAMP '2013-06-04 11:11:57.884', '100.0', TIMESTAMP '2013-06-04 11:12:17.48', '', 'beed8739-feb4-412e-ab55-6c6452f0e0e4', 'A.KIMBERLYD', 'kuali.lpr.state.active', 'kuali.lpr.type.instructor.main', '1fc12111-0c9f-4031-945f-3e9576dc57e7')
/
insert into KSEN_LUILUI_RELTN (OBJ_ID, VER_NBR, CREATEID, CREATETIME, UPDATEID, UPDATETIME, EFF_DT, EXPIR_DT, DESCR_FORMATTED, LUI_ID, LUILUI_RELTN_STATE, LUILUI_RELTN_TYPE, NAME, DESCR_PLAIN, RELATED_LUI_ID, ID) values ('2978a791-e4a7-4f8c-afb0-9365208d8d9f', 0, 'admin', TIMESTAMP '2013-06-04 11:11:57.884', 'admin', TIMESTAMP '2013-06-04 11:11:57.884', TIMESTAMP '2013-06-04 11:12:17.481', '', 'BSCI330-FO-AO', '49adf4bd-2a31-4054-879d-1f1a1abe3682', 'kuali.lui.lui.relation.state.active', 'kuali.lui.lui.relation.type.deliveredvia.fo2ao', 'fo-ao-relation', 'BSCI330-FO-AO', 'beed8739-feb4-412e-ab55-6c6452f0e0e4', '1bd14058-ad25-4157-9882-9d23b3ff68df')
/
update KSEN_CO_SEAT_POOL_DEFN set OBJ_ID='f52b30f2-3cf8-4e09-aa3d-06b362837b55', VER_NBR=2, UPDATEID='admin', UPDATETIME=TIMESTAMP '2013-06-04 11:11:57.884', ACTIVITY_OFFERING_ID='f03379f2-4435-4a27-b21e-8f45e130c97e', EXPIR_MSTONE_TYPE='kuali.atp.milestone.firstdayofclasses', PERCENTAGE_IND='0', NAME='300-level Senior Seatpool', POPULATION_ID='4160a52b-d353-4ab3-b72d-a3c2f9969783', PROCESSING_PRIORITY=1, SEAT_LIMIT=5, SEAT_POOL_DEFN_STATE='kuali.lui.capacity.state.active', SEAT_POOL_DEFN_TYPE='kuali.lui.capacity.type.seatpool' where ID='a2385c0e-3b97-44e3-9cec-cbca62fecddc' and VER_NBR=1
/
insert into KSEN_SCHED_RQST_SET (OBJ_ID, VER_NBR, CREATEID, CREATETIME, UPDATEID, UPDATETIME, DESCR_FORMATTED, MAX_ENRL_SHARED_IND, MAX_ENRL, NAME, DESCR_PLAIN, REF_OBJECT_TYPE, SCHED_RQST_SET_STATE, SCHED_RQST_SET_TYPE, ID) values ('3e688e47-3e58-4b9c-96b6-c3c60d7e5655', 0, 'admin', TIMESTAMP '2013-06-04 11:11:57.884', 'admin', TIMESTAMP '2013-06-04 11:11:57.884', '', '', '', '', '', 'http://student.kuali.org/wsdl/courseOffering/ActivityOfferingInfo', 'kuali.scheduling.schedule.request.state.created', 'kuali.scheduling.schedule.request.set.type.schedule.request.set', 'b75af530-e6f5-4e2f-af3a-5e4d9c23ef2b')
/
insert into KSEN_SCHED_RQST (OBJ_ID, VER_NBR, CREATEID, CREATETIME, UPDATEID, UPDATETIME, DESCR_FORMATTED, NAME, DESCR_PLAIN, SCHED_RQST_STATE, SCHED_RQST_TYPE, SCHED_ID, SCHED_RQST_SET_ID, ID) values ('0332cadf-58ab-47e3-9e8a-770fc3cb34c1', 0, 'admin', TIMESTAMP '2013-06-04 11:11:57.884', 'admin', TIMESTAMP '2013-06-04 11:11:57.884', '', 'Schedule request for BSCI330 - Q', '', 'kuali.scheduling.schedule.request.state.created', 'kuali.scheduling.schedule.request.type.schedule.request', '', 'b75af530-e6f5-4e2f-af3a-5e4d9c23ef2b', '30dee6af-4dc3-4400-be6b-88aae767684c')
/
insert into KSEN_SCHED_RQST_CMP (OBJ_ID, TBA_IND, SCHED_RQST_ID, ID) values ('a51a5f7f-a47a-401d-a289-3e68e6e50fd4', '0', '30dee6af-4dc3-4400-be6b-88aae767684c', 'f0df48eb-8497-48c3-8e39-acf8a2fe80df')
/
insert into KSEN_CO_SEAT_POOL_DEFN (OBJ_ID, VER_NBR, CREATEID, CREATETIME, UPDATEID, UPDATETIME, ACTIVITY_OFFERING_ID, EXPIR_MSTONE_TYPE, PERCENTAGE_IND, NAME, POPULATION_ID, PROCESSING_PRIORITY, SEAT_LIMIT, SEAT_POOL_DEFN_STATE, SEAT_POOL_DEFN_TYPE, ID) values ('98649533-625b-476d-a470-48ee2b5ed138', 1, 'admin', TIMESTAMP '2013-06-04 11:11:57.884', 'admin', TIMESTAMP '2013-06-04 11:11:57.884', '', 'kuali.atp.milestone.firstdayofclasses', '0', '300-level Senior Seatpool', '4160a52b-d353-4ab3-b72d-a3c2f9969783', 1, 5, 'kuali.lui.capacity.state.active', 'kuali.lui.capacity.type.seatpool', '874495e1-801a-41f3-9562-bb2e4485d1fb')
/
insert into KSEN_SCHED_REF_OBJECT (SCHED_RQST_SET_ID, REF_OBJECT_ID) values ('b75af530-e6f5-4e2f-af3a-5e4d9c23ef2b', 'beed8739-feb4-412e-ab55-6c6452f0e0e4')
/
insert into KSEN_SCHED_RQST_CMP_BLDG (CMP_ID, BUILDING_ID) values ('f0df48eb-8497-48c3-8e39-acf8a2fe80df', '89929ead-579b-4f51-bf64-2797f963848b')
/
insert into KSEN_SCHED_RQST_CMP_CAMPUS (CMP_ID, CAMPUS_ID) values ('f0df48eb-8497-48c3-8e39-acf8a2fe80df', 'UMCP')
/
insert into KSEN_SCHED_RQST_CMP_ROOM (CMP_ID, ROOM_ID) values ('f0df48eb-8497-48c3-8e39-acf8a2fe80df', '125a4d96-4b0e-4ab4-9d88-4742b95ea5e2')
/
insert into KSEN_SCHED_RQST_CMP_TMSLOT (CMP_ID, TM_SLOT_ID) values ('f0df48eb-8497-48c3-8e39-acf8a2fe80df', 'a4014111-860c-4ce4-8478-505bfa3ed5c2')
/
insert into KSEN_LUI (OBJ_ID, VER_NBR, CREATEID, CREATETIME, UPDATEID, UPDATETIME, ATP_ID, CLU_ID, EFF_DT, EXPIR_DT, DESCR_FORMATTED, LUI_STATE, LUI_TYPE, MAX_SEATS, MIN_SEATS, NAME, DESCR_PLAIN, REF_URL, ID) values ('4e52735c-ae8a-4a9f-899f-ef9a8c04fdca', 0, 'admin', TIMESTAMP '2013-06-04 11:11:57.884', 'admin', TIMESTAMP '2013-06-04 11:11:57.884', 'kuali.atp.2012CETerm1', '7d91a6f7-ee9a-4d1f-b8d7-134066111f53', '', '', 'Courses with lab', 'kuali.lui.activity.offering.state.draft', 'kuali.lui.type.activity.offering.lab', 24, 24, 'Lab', 'Courses with lab', 'null', '8099d225-47fd-4968-b308-76b53f6f95d8')
/
insert into KSEN_LUI_ATTR (OBJ_ID, ATTR_KEY, OWNER_ID, ATTR_VALUE, ID) values ('7ebaeb49-9d8f-49f1-b270-50d03e717ba2', 'isWaitlistCheckinRequired', '8099d225-47fd-4968-b308-76b53f6f95d8', '0', '622427db-462a-48f6-9b05-5ec3b37586e2')
/
insert into KSEN_LUI_ATTR (OBJ_ID, ATTR_KEY, OWNER_ID, ATTR_VALUE, ID) values ('a156cb90-c0a7-459f-b50c-5c8912ff987d', 'kuali.attribute.course.evaluation.indicator', '8099d225-47fd-4968-b308-76b53f6f95d8', '0', '9acfb97a-5c22-4d0c-84e2-c3a7ed746ba8')
/
insert into KSEN_LUI_ATTR (OBJ_ID, ATTR_KEY, OWNER_ID, ATTR_VALUE, ID) values ('307da954-201d-4b6a-b01f-fc5d184757cd', 'kuali.attribute.max.enrollment.is.estimate', '8099d225-47fd-4968-b308-76b53f6f95d8', '0', 'ddd100f6-df66-4509-a395-40ee4a36eb1b')
/
insert into KSEN_LUI_IDENT (OBJ_ID, VER_NBR, CREATEID, CREATETIME, UPDATEID, UPDATETIME, LUI_CD, DIVISION, IDENT_LEVEL, LNG_NAME, LUI_ID, ORGID, SHRT_NAME, LUI_ID_STATE, SUFX_CD, LUI_ID_TYPE, VARTN, ID) values ('24964bce-a478-44da-b99a-1f8440a376b4', 0, 'admin', TIMESTAMP '2013-06-04 11:11:57.884', 'admin', TIMESTAMP '2013-06-04 11:11:57.884', 'R', '', '', '', '8099d225-47fd-4968-b308-76b53f6f95d8', '', '', 'kuali.lui.identifier.state.active', '', 'kuali.lui.identifier.type.official', '', '9b24d147-078d-48a6-a00d-a1e59e153684')
/
insert into KSEN_LUI_LU_CD (OBJ_ID, VER_NBR, CREATEID, CREATETIME, UPDATEID, UPDATETIME, DESCR_FORMATTED, LUI_ID, DESCR_PLAIN, LUI_LUCD_TYPE, VALUE, ID) values ('53924bd7-fd0b-4d05-9bfa-6792d4bd21ff', 0, 'admin', TIMESTAMP '2013-06-04 11:11:57.884', 'admin', TIMESTAMP '2013-06-04 11:11:57.884', '', '8099d225-47fd-4968-b308-76b53f6f95d8', '', 'kuali.lu.code.honorsOffering', '0', '5edf03b2-4f72-46af-9c83-83ea8e4c388d')
/
insert into KSEN_LPR (OBJ_ID, VER_NBR, CREATEID, CREATETIME, UPDATEID, UPDATETIME, COMMIT_PERCT, EFF_DT, EXPIR_DT, LUI_ID, PERS_ID, LPR_STATE, LPR_TYPE, ID) values ('f49bcdb9-d3c5-4fdd-bd49-106ce8f3e343', 0, 'admin', TIMESTAMP '2013-06-04 11:11:57.884', 'admin', TIMESTAMP '2013-06-04 11:11:57.884', '100.0', TIMESTAMP '2013-06-04 11:12:17.761', '', '8099d225-47fd-4968-b308-76b53f6f95d8', 'B.MICHELEG', 'kuali.lpr.state.active', 'kuali.lpr.type.instructor.main', '592d62ba-f5e1-419d-9dde-a3545fe5b507')
/
insert into KSEN_LUILUI_RELTN (OBJ_ID, VER_NBR, CREATEID, CREATETIME, UPDATEID, UPDATETIME, EFF_DT, EXPIR_DT, DESCR_FORMATTED, LUI_ID, LUILUI_RELTN_STATE, LUILUI_RELTN_TYPE, NAME, DESCR_PLAIN, RELATED_LUI_ID, ID) values ('e1b56f65-0a64-41db-9516-5b298f742a2f', 0, 'admin', TIMESTAMP '2013-06-04 11:11:57.884', 'admin', TIMESTAMP '2013-06-04 11:11:57.884', TIMESTAMP '2013-06-04 11:12:17.761', '', 'BSCI330-FO-AO', '49adf4bd-2a31-4054-879d-1f1a1abe3682', 'kuali.lui.lui.relation.state.active', 'kuali.lui.lui.relation.type.deliveredvia.fo2ao', 'fo-ao-relation', 'BSCI330-FO-AO', '8099d225-47fd-4968-b308-76b53f6f95d8', 'f0aff776-1e4b-4d81-bdbd-c4555d5eaa28')
/
update KSEN_CO_SEAT_POOL_DEFN set OBJ_ID='98649533-625b-476d-a470-48ee2b5ed138', VER_NBR=2, UPDATEID='admin', UPDATETIME=TIMESTAMP '2013-06-04 11:11:57.884', ACTIVITY_OFFERING_ID='beed8739-feb4-412e-ab55-6c6452f0e0e4', EXPIR_MSTONE_TYPE='kuali.atp.milestone.firstdayofclasses', PERCENTAGE_IND='0', NAME='300-level Senior Seatpool', POPULATION_ID='4160a52b-d353-4ab3-b72d-a3c2f9969783', PROCESSING_PRIORITY=1, SEAT_LIMIT=5, SEAT_POOL_DEFN_STATE='kuali.lui.capacity.state.active', SEAT_POOL_DEFN_TYPE='kuali.lui.capacity.type.seatpool' where ID='874495e1-801a-41f3-9562-bb2e4485d1fb' and VER_NBR=1
/
insert into KSEN_SCHED_RQST_SET (OBJ_ID, VER_NBR, CREATEID, CREATETIME, UPDATEID, UPDATETIME, DESCR_FORMATTED, MAX_ENRL_SHARED_IND, MAX_ENRL, NAME, DESCR_PLAIN, REF_OBJECT_TYPE, SCHED_RQST_SET_STATE, SCHED_RQST_SET_TYPE, ID) values ('571bf83a-e1f2-42c7-b52e-143edac69a61', 0, 'admin', TIMESTAMP '2013-06-04 11:11:57.884', 'admin', TIMESTAMP '2013-06-04 11:11:57.884', '', '', '', '', '', 'http://student.kuali.org/wsdl/courseOffering/ActivityOfferingInfo', 'kuali.scheduling.schedule.request.state.created', 'kuali.scheduling.schedule.request.set.type.schedule.request.set', '5c3e79b4-4c7b-4a50-bebc-31dd472ff9d5')
/
insert into KSEN_SCHED_RQST (OBJ_ID, VER_NBR, CREATEID, CREATETIME, UPDATEID, UPDATETIME, DESCR_FORMATTED, NAME, DESCR_PLAIN, SCHED_RQST_STATE, SCHED_RQST_TYPE, SCHED_ID, SCHED_RQST_SET_ID, ID) values ('3b534f24-a43e-444a-adbd-9842054cf7ed', 0, 'admin', TIMESTAMP '2013-06-04 11:11:57.884', 'admin', TIMESTAMP '2013-06-04 11:11:57.884', '', 'Schedule request for BSCI330 - R', '', 'kuali.scheduling.schedule.request.state.created', 'kuali.scheduling.schedule.request.type.schedule.request', '', '5c3e79b4-4c7b-4a50-bebc-31dd472ff9d5', '8f7ce743-760e-4c16-babb-dbb16f49a10c')
/
insert into KSEN_SCHED_RQST_CMP (OBJ_ID, TBA_IND, SCHED_RQST_ID, ID) values ('977625e7-2ae5-4a1c-8ff4-75075cd0b2ed', '0', '8f7ce743-760e-4c16-babb-dbb16f49a10c', '5733d474-2a8e-4529-bf62-cd6f3aa7d779')
/
insert into KSEN_CO_SEAT_POOL_DEFN (OBJ_ID, VER_NBR, CREATEID, CREATETIME, UPDATEID, UPDATETIME, ACTIVITY_OFFERING_ID, EXPIR_MSTONE_TYPE, PERCENTAGE_IND, NAME, POPULATION_ID, PROCESSING_PRIORITY, SEAT_LIMIT, SEAT_POOL_DEFN_STATE, SEAT_POOL_DEFN_TYPE, ID) values ('6cef925d-d074-4fcf-b16b-b01524064003', 1, 'admin', TIMESTAMP '2013-06-04 11:11:57.884', 'admin', TIMESTAMP '2013-06-04 11:11:57.884', '', 'kuali.atp.milestone.firstdayofclasses', '0', '300-level Senior Seatpool', '4160a52b-d353-4ab3-b72d-a3c2f9969783', 1, 5, 'kuali.lui.capacity.state.active', 'kuali.lui.capacity.type.seatpool', '774000e2-7477-47d5-81c7-c97cc8b915de')
/
insert into KSEN_SCHED_REF_OBJECT (SCHED_RQST_SET_ID, REF_OBJECT_ID) values ('5c3e79b4-4c7b-4a50-bebc-31dd472ff9d5', '8099d225-47fd-4968-b308-76b53f6f95d8')
/
insert into KSEN_SCHED_RQST_CMP_BLDG (CMP_ID, BUILDING_ID) values ('5733d474-2a8e-4529-bf62-cd6f3aa7d779', '89929ead-579b-4f51-bf64-2797f963848b')
/
insert into KSEN_SCHED_RQST_CMP_CAMPUS (CMP_ID, CAMPUS_ID) values ('5733d474-2a8e-4529-bf62-cd6f3aa7d779', 'UMCP')
/
insert into KSEN_SCHED_RQST_CMP_ROOM (CMP_ID, ROOM_ID) values ('5733d474-2a8e-4529-bf62-cd6f3aa7d779', '125a4d96-4b0e-4ab4-9d88-4742b95ea5e2')
/
insert into KSEN_SCHED_RQST_CMP_TMSLOT (CMP_ID, TM_SLOT_ID) values ('5733d474-2a8e-4529-bf62-cd6f3aa7d779', '41547844-971d-4946-9584-6c551fbe2146')
/
insert into KSEN_LUI (OBJ_ID, VER_NBR, CREATEID, CREATETIME, UPDATEID, UPDATETIME, ATP_ID, CLU_ID, EFF_DT, EXPIR_DT, DESCR_FORMATTED, LUI_STATE, LUI_TYPE, MAX_SEATS, MIN_SEATS, NAME, DESCR_PLAIN, REF_URL, ID) values ('223ca72d-2364-43c9-b5b2-d205cd1f80ec', 0, 'admin', TIMESTAMP '2013-06-04 11:11:57.884', 'admin', TIMESTAMP '2013-06-04 11:11:57.884', 'kuali.atp.2012CETerm1', '2484136e-b057-4450-ad0a-8fa2eed95a2b', '', '', 'Courses with lab', 'kuali.lui.activity.offering.state.draft', 'kuali.lui.type.activity.offering.lab', 24, 24, 'Lab', 'Courses with lab', 'null', '9ac86f1a-3016-41fe-bdd1-7e4f87dadc6d')
/
insert into KSEN_LUI_ATTR (OBJ_ID, ATTR_KEY, OWNER_ID, ATTR_VALUE, ID) values ('7c2dd9df-b3a6-4158-8342-1e42515cf2e1', 'kuali.attribute.max.enrollment.is.estimate', '9ac86f1a-3016-41fe-bdd1-7e4f87dadc6d', '0', 'be81cbe6-f93c-4ceb-9a5a-1db8e999cc0d')
/
insert into KSEN_LUI_ATTR (OBJ_ID, ATTR_KEY, OWNER_ID, ATTR_VALUE, ID) values ('5b2ca7a2-28fd-4d6e-bb68-fb6bdb0832f6', 'kuali.attribute.course.evaluation.indicator', '9ac86f1a-3016-41fe-bdd1-7e4f87dadc6d', '0', '2e7e4336-1f75-4d20-a38f-0f03c2ea1c5f')
/
insert into KSEN_LUI_ATTR (OBJ_ID, ATTR_KEY, OWNER_ID, ATTR_VALUE, ID) values ('653b2f40-4b33-436b-ad42-f8c405a51e4f', 'isWaitlistCheckinRequired', '9ac86f1a-3016-41fe-bdd1-7e4f87dadc6d', '0', 'cd0765e7-ba33-427a-9f02-0d62388f95af')
/
insert into KSEN_LUI_IDENT (OBJ_ID, VER_NBR, CREATEID, CREATETIME, UPDATEID, UPDATETIME, LUI_CD, DIVISION, IDENT_LEVEL, LNG_NAME, LUI_ID, ORGID, SHRT_NAME, LUI_ID_STATE, SUFX_CD, LUI_ID_TYPE, VARTN, ID) values ('879154d9-3cde-46aa-ae14-5cc93ccd5ae7', 0, 'admin', TIMESTAMP '2013-06-04 11:11:57.884', 'admin', TIMESTAMP '2013-06-04 11:11:57.884', 'S', '', '', '', '9ac86f1a-3016-41fe-bdd1-7e4f87dadc6d', '', '', 'kuali.lui.identifier.state.active', '', 'kuali.lui.identifier.type.official', '', '3b309861-03ed-4d80-bac1-49ef5232d905')
/
insert into KSEN_LUI_LU_CD (OBJ_ID, VER_NBR, CREATEID, CREATETIME, UPDATEID, UPDATETIME, DESCR_FORMATTED, LUI_ID, DESCR_PLAIN, LUI_LUCD_TYPE, VALUE, ID) values ('fd9afdcd-43a7-4436-816f-7759483c976d', 0, 'admin', TIMESTAMP '2013-06-04 11:11:57.884', 'admin', TIMESTAMP '2013-06-04 11:11:57.884', '', '9ac86f1a-3016-41fe-bdd1-7e4f87dadc6d', '', 'kuali.lu.code.honorsOffering', '0', '7d11e3b0-73f8-4c80-a35f-9e1acd1579e6')
/
insert into KSEN_LPR (OBJ_ID, VER_NBR, CREATEID, CREATETIME, UPDATEID, UPDATETIME, COMMIT_PERCT, EFF_DT, EXPIR_DT, LUI_ID, PERS_ID, LPR_STATE, LPR_TYPE, ID) values ('0a6eee4b-7a65-46b4-8fb2-fafed2e4f4ca', 0, 'admin', TIMESTAMP '2013-06-04 11:11:57.884', 'admin', TIMESTAMP '2013-06-04 11:11:57.884', '100.0', TIMESTAMP '2013-06-04 11:12:18.016', '', '9ac86f1a-3016-41fe-bdd1-7e4f87dadc6d', 'S.LEET', 'kuali.lpr.state.active', 'kuali.lpr.type.instructor.main', 'cf3bee83-2b77-4964-8f6a-893286949430')
/
insert into KSEN_LUILUI_RELTN (OBJ_ID, VER_NBR, CREATEID, CREATETIME, UPDATEID, UPDATETIME, EFF_DT, EXPIR_DT, DESCR_FORMATTED, LUI_ID, LUILUI_RELTN_STATE, LUILUI_RELTN_TYPE, NAME, DESCR_PLAIN, RELATED_LUI_ID, ID) values ('45892f81-62b5-425f-98b4-87b766d83e1f', 0, 'admin', TIMESTAMP '2013-06-04 11:11:57.884', 'admin', TIMESTAMP '2013-06-04 11:11:57.884', TIMESTAMP '2013-06-04 11:12:18.016', '', 'BSCI330-FO-AO', '49adf4bd-2a31-4054-879d-1f1a1abe3682', 'kuali.lui.lui.relation.state.active', 'kuali.lui.lui.relation.type.deliveredvia.fo2ao', 'fo-ao-relation', 'BSCI330-FO-AO', '9ac86f1a-3016-41fe-bdd1-7e4f87dadc6d', '752f45b7-e32c-4050-853d-549ec7e9a512')
/
update KSEN_CO_SEAT_POOL_DEFN set OBJ_ID='6cef925d-d074-4fcf-b16b-b01524064003', VER_NBR=2, UPDATEID='admin', UPDATETIME=TIMESTAMP '2013-06-04 11:11:57.884', ACTIVITY_OFFERING_ID='8099d225-47fd-4968-b308-76b53f6f95d8', EXPIR_MSTONE_TYPE='kuali.atp.milestone.firstdayofclasses', PERCENTAGE_IND='0', NAME='300-level Senior Seatpool', POPULATION_ID='4160a52b-d353-4ab3-b72d-a3c2f9969783', PROCESSING_PRIORITY=1, SEAT_LIMIT=5, SEAT_POOL_DEFN_STATE='kuali.lui.capacity.state.active', SEAT_POOL_DEFN_TYPE='kuali.lui.capacity.type.seatpool' where ID='774000e2-7477-47d5-81c7-c97cc8b915de' and VER_NBR=1
/
insert into KSEN_SCHED_RQST_SET (OBJ_ID, VER_NBR, CREATEID, CREATETIME, UPDATEID, UPDATETIME, DESCR_FORMATTED, MAX_ENRL_SHARED_IND, MAX_ENRL, NAME, DESCR_PLAIN, REF_OBJECT_TYPE, SCHED_RQST_SET_STATE, SCHED_RQST_SET_TYPE, ID) values ('9bcbfeee-521b-4844-b424-5e0e6b24bc1e', 0, 'admin', TIMESTAMP '2013-06-04 11:11:57.884', 'admin', TIMESTAMP '2013-06-04 11:11:57.884', '', '', '', '', '', 'http://student.kuali.org/wsdl/courseOffering/ActivityOfferingInfo', 'kuali.scheduling.schedule.request.state.created', 'kuali.scheduling.schedule.request.set.type.schedule.request.set', '6f4ba627-7360-458a-8cf3-7896fdadce78')
/
insert into KSEN_SCHED_RQST (OBJ_ID, VER_NBR, CREATEID, CREATETIME, UPDATEID, UPDATETIME, DESCR_FORMATTED, NAME, DESCR_PLAIN, SCHED_RQST_STATE, SCHED_RQST_TYPE, SCHED_ID, SCHED_RQST_SET_ID, ID) values ('f8e4ac60-8e0b-48cf-ad15-29c26d3cf0ce', 0, 'admin', TIMESTAMP '2013-06-04 11:11:57.884', 'admin', TIMESTAMP '2013-06-04 11:11:57.884', '', 'Schedule request for BSCI330 - S', '', 'kuali.scheduling.schedule.request.state.created', 'kuali.scheduling.schedule.request.type.schedule.request', '', '6f4ba627-7360-458a-8cf3-7896fdadce78', '03d3e214-1e28-4591-8b14-8d871388b750')
/
insert into KSEN_SCHED_RQST_CMP (OBJ_ID, TBA_IND, SCHED_RQST_ID, ID) values ('0ac76683-3c53-4d1c-9366-29dea05cab23', '0', '03d3e214-1e28-4591-8b14-8d871388b750', '6352491c-887b-4ef2-a262-27f43fc9e4f8')
/
insert into KSEN_CO_SEAT_POOL_DEFN (OBJ_ID, VER_NBR, CREATEID, CREATETIME, UPDATEID, UPDATETIME, ACTIVITY_OFFERING_ID, EXPIR_MSTONE_TYPE, PERCENTAGE_IND, NAME, POPULATION_ID, PROCESSING_PRIORITY, SEAT_LIMIT, SEAT_POOL_DEFN_STATE, SEAT_POOL_DEFN_TYPE, ID) values ('0be1ecf9-318f-42c2-9088-a20579d6d401', 1, 'admin', TIMESTAMP '2013-06-04 11:11:57.884', 'admin', TIMESTAMP '2013-06-04 11:11:57.884', '', 'kuali.atp.milestone.firstdayofclasses', '0', '300-level Senior Seatpool', '4160a52b-d353-4ab3-b72d-a3c2f9969783', 1, 5, 'kuali.lui.capacity.state.active', 'kuali.lui.capacity.type.seatpool', '69c27393-dd4b-4660-9322-8e5be0797bf0')
/
insert into KSEN_SCHED_REF_OBJECT (SCHED_RQST_SET_ID, REF_OBJECT_ID) values ('6f4ba627-7360-458a-8cf3-7896fdadce78', '9ac86f1a-3016-41fe-bdd1-7e4f87dadc6d')
/
insert into KSEN_SCHED_RQST_CMP_BLDG (CMP_ID, BUILDING_ID) values ('6352491c-887b-4ef2-a262-27f43fc9e4f8', '89929ead-579b-4f51-bf64-2797f963848b')
/
insert into KSEN_SCHED_RQST_CMP_CAMPUS (CMP_ID, CAMPUS_ID) values ('6352491c-887b-4ef2-a262-27f43fc9e4f8', 'UMCP')
/
insert into KSEN_SCHED_RQST_CMP_ROOM (CMP_ID, ROOM_ID) values ('6352491c-887b-4ef2-a262-27f43fc9e4f8', '125a4d96-4b0e-4ab4-9d88-4742b95ea5e2')
/
insert into KSEN_SCHED_RQST_CMP_TMSLOT (CMP_ID, TM_SLOT_ID) values ('6352491c-887b-4ef2-a262-27f43fc9e4f8', 'd240ee44-e7a6-461d-8010-e54762fa3578')
/
insert into KSEN_LUI (OBJ_ID, VER_NBR, CREATEID, CREATETIME, UPDATEID, UPDATETIME, ATP_ID, CLU_ID, EFF_DT, EXPIR_DT, DESCR_FORMATTED, LUI_STATE, LUI_TYPE, MAX_SEATS, MIN_SEATS, NAME, DESCR_PLAIN, REF_URL, ID) values ('ea1ab808-c68a-4c50-b9f4-6a23b6f724fe', 0, 'admin', TIMESTAMP '2013-06-04 11:11:57.884', 'admin', TIMESTAMP '2013-06-04 11:11:57.884', 'kuali.atp.2012CETerm1', 'cbf096d5-a82f-4965-aceb-5e80a89ad9c9', '', '', 'Courses with lab', 'kuali.lui.activity.offering.state.draft', 'kuali.lui.type.activity.offering.lab', 24, 24, 'Lab', 'Courses with lab', 'null', '85bf9f49-6a6f-4d5a-8f4d-33fe8c6aabe4')
/
insert into KSEN_LUI_ATTR (OBJ_ID, ATTR_KEY, OWNER_ID, ATTR_VALUE, ID) values ('4b1ce17f-d366-4114-8bb7-5db6b1e73a5b', 'isWaitlistCheckinRequired', '85bf9f49-6a6f-4d5a-8f4d-33fe8c6aabe4', '0', 'c52033c8-237c-4086-a262-518f643014b2')
/
insert into KSEN_LUI_ATTR (OBJ_ID, ATTR_KEY, OWNER_ID, ATTR_VALUE, ID) values ('8b0e846c-e4ea-4cf2-9a4a-923a16954bc4', 'kuali.attribute.max.enrollment.is.estimate', '85bf9f49-6a6f-4d5a-8f4d-33fe8c6aabe4', '0', '7933eef1-e6aa-41d8-9a21-e50cad31fc1f')
/
insert into KSEN_LUI_ATTR (OBJ_ID, ATTR_KEY, OWNER_ID, ATTR_VALUE, ID) values ('31ea84b9-1315-4329-a061-43c851aa5278', 'kuali.attribute.course.evaluation.indicator', '85bf9f49-6a6f-4d5a-8f4d-33fe8c6aabe4', '0', '98c8dbaa-3bc2-42d3-a496-ebde3b80767a')
/
insert into KSEN_LUI_IDENT (OBJ_ID, VER_NBR, CREATEID, CREATETIME, UPDATEID, UPDATETIME, LUI_CD, DIVISION, IDENT_LEVEL, LNG_NAME, LUI_ID, ORGID, SHRT_NAME, LUI_ID_STATE, SUFX_CD, LUI_ID_TYPE, VARTN, ID) values ('dc61956c-0e96-47d3-8feb-dab28ed3dc11', 0, 'admin', TIMESTAMP '2013-06-04 11:11:57.884', 'admin', TIMESTAMP '2013-06-04 11:11:57.884', 'T', '', '', '', '85bf9f49-6a6f-4d5a-8f4d-33fe8c6aabe4', '', '', 'kuali.lui.identifier.state.active', '', 'kuali.lui.identifier.type.official', '', '70aabbec-c3aa-49bb-8832-f6711276380d')
/
insert into KSEN_LUI_LU_CD (OBJ_ID, VER_NBR, CREATEID, CREATETIME, UPDATEID, UPDATETIME, DESCR_FORMATTED, LUI_ID, DESCR_PLAIN, LUI_LUCD_TYPE, VALUE, ID) values ('99b3fe6b-3f73-439b-b535-33e2040b3d5f', 0, 'admin', TIMESTAMP '2013-06-04 11:11:57.884', 'admin', TIMESTAMP '2013-06-04 11:11:57.884', '', '85bf9f49-6a6f-4d5a-8f4d-33fe8c6aabe4', '', 'kuali.lu.code.honorsOffering', '0', '7809eca1-5913-4be0-835f-132a83d53cb2')
/
insert into KSEN_LPR (OBJ_ID, VER_NBR, CREATEID, CREATETIME, UPDATEID, UPDATETIME, COMMIT_PERCT, EFF_DT, EXPIR_DT, LUI_ID, PERS_ID, LPR_STATE, LPR_TYPE, ID) values ('41b1bc77-9170-4baa-a577-4c74044b34fc', 0, 'admin', TIMESTAMP '2013-06-04 11:11:57.884', 'admin', TIMESTAMP '2013-06-04 11:11:57.884', '100.0', TIMESTAMP '2013-06-04 11:12:18.261', '', '85bf9f49-6a6f-4d5a-8f4d-33fe8c6aabe4', 'P.ANDREWM', 'kuali.lpr.state.active', 'kuali.lpr.type.instructor.main', '71991ece-7aa5-41a6-82cc-50ad437c1e00')
/
insert into KSEN_LUILUI_RELTN (OBJ_ID, VER_NBR, CREATEID, CREATETIME, UPDATEID, UPDATETIME, EFF_DT, EXPIR_DT, DESCR_FORMATTED, LUI_ID, LUILUI_RELTN_STATE, LUILUI_RELTN_TYPE, NAME, DESCR_PLAIN, RELATED_LUI_ID, ID) values ('045d79a3-40df-4486-b429-40d7e8f6020d', 0, 'admin', TIMESTAMP '2013-06-04 11:11:57.884', 'admin', TIMESTAMP '2013-06-04 11:11:57.884', TIMESTAMP '2013-06-04 11:12:18.261', '', 'BSCI330-FO-AO', '49adf4bd-2a31-4054-879d-1f1a1abe3682', 'kuali.lui.lui.relation.state.active', 'kuali.lui.lui.relation.type.deliveredvia.fo2ao', 'fo-ao-relation', 'BSCI330-FO-AO', '85bf9f49-6a6f-4d5a-8f4d-33fe8c6aabe4', '3b643f2b-c128-423f-a70a-bcea7b5f2ab3')
/
update KSEN_CO_SEAT_POOL_DEFN set OBJ_ID='0be1ecf9-318f-42c2-9088-a20579d6d401', VER_NBR=2, UPDATEID='admin', UPDATETIME=TIMESTAMP '2013-06-04 11:11:57.884', ACTIVITY_OFFERING_ID='9ac86f1a-3016-41fe-bdd1-7e4f87dadc6d', EXPIR_MSTONE_TYPE='kuali.atp.milestone.firstdayofclasses', PERCENTAGE_IND='0', NAME='300-level Senior Seatpool', POPULATION_ID='4160a52b-d353-4ab3-b72d-a3c2f9969783', PROCESSING_PRIORITY=1, SEAT_LIMIT=5, SEAT_POOL_DEFN_STATE='kuali.lui.capacity.state.active', SEAT_POOL_DEFN_TYPE='kuali.lui.capacity.type.seatpool' where ID='69c27393-dd4b-4660-9322-8e5be0797bf0' and VER_NBR=1
/
insert into KSEN_SCHED_RQST_SET (OBJ_ID, VER_NBR, CREATEID, CREATETIME, UPDATEID, UPDATETIME, DESCR_FORMATTED, MAX_ENRL_SHARED_IND, MAX_ENRL, NAME, DESCR_PLAIN, REF_OBJECT_TYPE, SCHED_RQST_SET_STATE, SCHED_RQST_SET_TYPE, ID) values ('bb4550c2-7248-44fd-a15d-2795acf1cf1f', 0, 'admin', TIMESTAMP '2013-06-04 11:11:57.884', 'admin', TIMESTAMP '2013-06-04 11:11:57.884', '', '', '', '', '', 'http://student.kuali.org/wsdl/courseOffering/ActivityOfferingInfo', 'kuali.scheduling.schedule.request.state.created', 'kuali.scheduling.schedule.request.set.type.schedule.request.set', 'ed3ff313-9796-4895-9865-32608839364e')
/
insert into KSEN_SCHED_RQST (OBJ_ID, VER_NBR, CREATEID, CREATETIME, UPDATEID, UPDATETIME, DESCR_FORMATTED, NAME, DESCR_PLAIN, SCHED_RQST_STATE, SCHED_RQST_TYPE, SCHED_ID, SCHED_RQST_SET_ID, ID) values ('9a15c982-39ce-4fec-b88d-65ccacdaaddc', 0, 'admin', TIMESTAMP '2013-06-04 11:11:57.884', 'admin', TIMESTAMP '2013-06-04 11:11:57.884', '', 'Schedule request for BSCI330 - T', '', 'kuali.scheduling.schedule.request.state.created', 'kuali.scheduling.schedule.request.type.schedule.request', '', 'ed3ff313-9796-4895-9865-32608839364e', '984bdd26-860b-46b1-9b10-3979a30fea53')
/
insert into KSEN_SCHED_RQST_CMP (OBJ_ID, TBA_IND, SCHED_RQST_ID, ID) values ('b93a21ae-29bf-4bf2-a2f5-a47f5d475634', '0', '984bdd26-860b-46b1-9b10-3979a30fea53', '99c6de73-7866-46a8-9d8b-fcb6aaf51787')
/
insert into KSEN_CO_SEAT_POOL_DEFN (OBJ_ID, VER_NBR, CREATEID, CREATETIME, UPDATEID, UPDATETIME, ACTIVITY_OFFERING_ID, EXPIR_MSTONE_TYPE, PERCENTAGE_IND, NAME, POPULATION_ID, PROCESSING_PRIORITY, SEAT_LIMIT, SEAT_POOL_DEFN_STATE, SEAT_POOL_DEFN_TYPE, ID) values ('d3620642-e959-40ad-a5ff-61fa8d579f9c', 1, 'admin', TIMESTAMP '2013-06-04 11:11:57.884', 'admin', TIMESTAMP '2013-06-04 11:11:57.884', '', 'kuali.atp.milestone.firstdayofclasses', '0', '300-level Senior Seatpool', '4160a52b-d353-4ab3-b72d-a3c2f9969783', 1, 5, 'kuali.lui.capacity.state.active', 'kuali.lui.capacity.type.seatpool', '96dfd784-197c-4a8e-bfce-14bf22c807d8')
/
insert into KSEN_SCHED_REF_OBJECT (SCHED_RQST_SET_ID, REF_OBJECT_ID) values ('ed3ff313-9796-4895-9865-32608839364e', '85bf9f49-6a6f-4d5a-8f4d-33fe8c6aabe4')
/
insert into KSEN_SCHED_RQST_CMP_BLDG (CMP_ID, BUILDING_ID) values ('99c6de73-7866-46a8-9d8b-fcb6aaf51787', '89929ead-579b-4f51-bf64-2797f963848b')
/
insert into KSEN_SCHED_RQST_CMP_CAMPUS (CMP_ID, CAMPUS_ID) values ('99c6de73-7866-46a8-9d8b-fcb6aaf51787', 'UMCP')
/
insert into KSEN_SCHED_RQST_CMP_ROOM (CMP_ID, ROOM_ID) values ('99c6de73-7866-46a8-9d8b-fcb6aaf51787', '125a4d96-4b0e-4ab4-9d88-4742b95ea5e2')
/
insert into KSEN_SCHED_RQST_CMP_TMSLOT (CMP_ID, TM_SLOT_ID) values ('99c6de73-7866-46a8-9d8b-fcb6aaf51787', 'c38f2875-0cda-4b67-9c13-499dd9be8eaf')
/
insert into KSEN_LUI (OBJ_ID, VER_NBR, CREATEID, CREATETIME, UPDATEID, UPDATETIME, ATP_ID, CLU_ID, EFF_DT, EXPIR_DT, DESCR_FORMATTED, LUI_STATE, LUI_TYPE, MAX_SEATS, MIN_SEATS, NAME, DESCR_PLAIN, REF_URL, ID) values ('800e14e5-2572-4ad9-913b-34584c270912', 0, 'admin', TIMESTAMP '2013-06-04 11:11:57.884', 'admin', TIMESTAMP '2013-06-04 11:11:57.884', 'kuali.atp.2012CETerm1', '107dded6-6597-4211-b228-7c66c8414616', '', '', 'Courses with lab', 'kuali.lui.activity.offering.state.draft', 'kuali.lui.type.activity.offering.lab', 24, 24, 'Lab', 'Courses with lab', 'null', 'd41a71d8-ac39-4a4f-92cf-cbb4433234ee')
/
insert into KSEN_LUI_ATTR (OBJ_ID, ATTR_KEY, OWNER_ID, ATTR_VALUE, ID) values ('9a7f9717-2d07-438c-805f-71899d6bd8aa', 'kuali.attribute.max.enrollment.is.estimate', 'd41a71d8-ac39-4a4f-92cf-cbb4433234ee', '0', '637cdc4f-adf2-44ba-8b31-bff24586ea7c')
/
insert into KSEN_LUI_ATTR (OBJ_ID, ATTR_KEY, OWNER_ID, ATTR_VALUE, ID) values ('8f40693e-a340-4cb3-b515-5f0d1413afd8', 'kuali.attribute.course.evaluation.indicator', 'd41a71d8-ac39-4a4f-92cf-cbb4433234ee', '0', '106aca1c-c42b-4fbb-ba3e-6eb901083631')
/
insert into KSEN_LUI_ATTR (OBJ_ID, ATTR_KEY, OWNER_ID, ATTR_VALUE, ID) values ('f4eb5802-3552-4c36-afc8-4cf6247a43e2', 'isWaitlistCheckinRequired', 'd41a71d8-ac39-4a4f-92cf-cbb4433234ee', '0', '87283a91-1fca-4fe5-b51d-3edda44baaac')
/
insert into KSEN_LUI_IDENT (OBJ_ID, VER_NBR, CREATEID, CREATETIME, UPDATEID, UPDATETIME, LUI_CD, DIVISION, IDENT_LEVEL, LNG_NAME, LUI_ID, ORGID, SHRT_NAME, LUI_ID_STATE, SUFX_CD, LUI_ID_TYPE, VARTN, ID) values ('1a7c7d4b-4599-4a73-97f8-5dbd9c5234e2', 0, 'admin', TIMESTAMP '2013-06-04 11:11:57.884', 'admin', TIMESTAMP '2013-06-04 11:11:57.884', 'U', '', '', '', 'd41a71d8-ac39-4a4f-92cf-cbb4433234ee', '', '', 'kuali.lui.identifier.state.active', '', 'kuali.lui.identifier.type.official', '', 'c75a7746-5a87-466b-bf69-07f3e40f46c7')
/
insert into KSEN_LUI_LU_CD (OBJ_ID, VER_NBR, CREATEID, CREATETIME, UPDATEID, UPDATETIME, DESCR_FORMATTED, LUI_ID, DESCR_PLAIN, LUI_LUCD_TYPE, VALUE, ID) values ('c1d6ef73-cd3d-4ae3-b99d-41dc2e70a07c', 0, 'admin', TIMESTAMP '2013-06-04 11:11:57.884', 'admin', TIMESTAMP '2013-06-04 11:11:57.884', '', 'd41a71d8-ac39-4a4f-92cf-cbb4433234ee', '', 'kuali.lu.code.honorsOffering', '0', 'c73d05cf-3342-4684-acfe-254dca6f2eff')
/
insert into KSEN_LPR (OBJ_ID, VER_NBR, CREATEID, CREATETIME, UPDATEID, UPDATETIME, COMMIT_PERCT, EFF_DT, EXPIR_DT, LUI_ID, PERS_ID, LPR_STATE, LPR_TYPE, ID) values ('b5f9bcbb-1fa8-4c8e-9bfa-8df8ad413996', 0, 'admin', TIMESTAMP '2013-06-04 11:11:57.884', 'admin', TIMESTAMP '2013-06-04 11:11:57.884', '100.0', TIMESTAMP '2013-06-04 11:12:18.513', '', 'd41a71d8-ac39-4a4f-92cf-cbb4433234ee', 'H.DANIELB', 'kuali.lpr.state.active', 'kuali.lpr.type.instructor.main', 'b147626b-014b-451c-aba4-d57bf33063aa')
/
insert into KSEN_LUILUI_RELTN (OBJ_ID, VER_NBR, CREATEID, CREATETIME, UPDATEID, UPDATETIME, EFF_DT, EXPIR_DT, DESCR_FORMATTED, LUI_ID, LUILUI_RELTN_STATE, LUILUI_RELTN_TYPE, NAME, DESCR_PLAIN, RELATED_LUI_ID, ID) values ('5a36dfd2-7a22-44c3-b9ff-dbc15f38767e', 0, 'admin', TIMESTAMP '2013-06-04 11:11:57.884', 'admin', TIMESTAMP '2013-06-04 11:11:57.884', TIMESTAMP '2013-06-04 11:12:18.513', '', 'BSCI330-FO-AO', '49adf4bd-2a31-4054-879d-1f1a1abe3682', 'kuali.lui.lui.relation.state.active', 'kuali.lui.lui.relation.type.deliveredvia.fo2ao', 'fo-ao-relation', 'BSCI330-FO-AO', 'd41a71d8-ac39-4a4f-92cf-cbb4433234ee', 'fa328cb9-f81a-4ef0-b7df-2bc7147ea79f')
/
update KSEN_CO_SEAT_POOL_DEFN set OBJ_ID='d3620642-e959-40ad-a5ff-61fa8d579f9c', VER_NBR=2, UPDATEID='admin', UPDATETIME=TIMESTAMP '2013-06-04 11:11:57.884', ACTIVITY_OFFERING_ID='85bf9f49-6a6f-4d5a-8f4d-33fe8c6aabe4', EXPIR_MSTONE_TYPE='kuali.atp.milestone.firstdayofclasses', PERCENTAGE_IND='0', NAME='300-level Senior Seatpool', POPULATION_ID='4160a52b-d353-4ab3-b72d-a3c2f9969783', PROCESSING_PRIORITY=1, SEAT_LIMIT=5, SEAT_POOL_DEFN_STATE='kuali.lui.capacity.state.active', SEAT_POOL_DEFN_TYPE='kuali.lui.capacity.type.seatpool' where ID='96dfd784-197c-4a8e-bfce-14bf22c807d8' and VER_NBR=1
/
insert into KSEN_SCHED_RQST_SET (OBJ_ID, VER_NBR, CREATEID, CREATETIME, UPDATEID, UPDATETIME, DESCR_FORMATTED, MAX_ENRL_SHARED_IND, MAX_ENRL, NAME, DESCR_PLAIN, REF_OBJECT_TYPE, SCHED_RQST_SET_STATE, SCHED_RQST_SET_TYPE, ID) values ('420393b5-16e9-4a11-be0b-6d6da5a1836d', 0, 'admin', TIMESTAMP '2013-06-04 11:11:57.884', 'admin', TIMESTAMP '2013-06-04 11:11:57.884', '', '', '', '', '', 'http://student.kuali.org/wsdl/courseOffering/ActivityOfferingInfo', 'kuali.scheduling.schedule.request.state.created', 'kuali.scheduling.schedule.request.set.type.schedule.request.set', 'fc93fa43-a0d4-46e8-9c73-3ede0118b285')
/
insert into KSEN_SCHED_RQST (OBJ_ID, VER_NBR, CREATEID, CREATETIME, UPDATEID, UPDATETIME, DESCR_FORMATTED, NAME, DESCR_PLAIN, SCHED_RQST_STATE, SCHED_RQST_TYPE, SCHED_ID, SCHED_RQST_SET_ID, ID) values ('7e2789c2-7d72-4fb5-8505-4fb81e0793f2', 0, 'admin', TIMESTAMP '2013-06-04 11:11:57.884', 'admin', TIMESTAMP '2013-06-04 11:11:57.884', '', 'Schedule request for BSCI330 - U', '', 'kuali.scheduling.schedule.request.state.created', 'kuali.scheduling.schedule.request.type.schedule.request', '', 'fc93fa43-a0d4-46e8-9c73-3ede0118b285', '84990db7-2910-465e-bb6c-78d1629cb5e5')
/
insert into KSEN_SCHED_RQST_CMP (OBJ_ID, TBA_IND, SCHED_RQST_ID, ID) values ('3dd4aeb2-7c36-4189-b80d-86b21bff9c8f', '0', '84990db7-2910-465e-bb6c-78d1629cb5e5', '3555cf21-91f1-4df8-bf9b-5962e229282b')
/
insert into KSEN_CO_SEAT_POOL_DEFN (OBJ_ID, VER_NBR, CREATEID, CREATETIME, UPDATEID, UPDATETIME, ACTIVITY_OFFERING_ID, EXPIR_MSTONE_TYPE, PERCENTAGE_IND, NAME, POPULATION_ID, PROCESSING_PRIORITY, SEAT_LIMIT, SEAT_POOL_DEFN_STATE, SEAT_POOL_DEFN_TYPE, ID) values ('73780363-74af-4395-a292-43d2db4a9dce', 1, 'admin', TIMESTAMP '2013-06-04 11:11:57.884', 'admin', TIMESTAMP '2013-06-04 11:11:57.884', '', 'kuali.atp.milestone.firstdayofclasses', '0', '300-level Senior Seatpool', '4160a52b-d353-4ab3-b72d-a3c2f9969783', 1, 5, 'kuali.lui.capacity.state.active', 'kuali.lui.capacity.type.seatpool', 'e4cf2c7b-1bca-4ff9-9c5f-b07f787e0c92')
/
insert into KSEN_SCHED_REF_OBJECT (SCHED_RQST_SET_ID, REF_OBJECT_ID) values ('fc93fa43-a0d4-46e8-9c73-3ede0118b285', 'd41a71d8-ac39-4a4f-92cf-cbb4433234ee')
/
insert into KSEN_SCHED_RQST_CMP_BLDG (CMP_ID, BUILDING_ID) values ('3555cf21-91f1-4df8-bf9b-5962e229282b', '89929ead-579b-4f51-bf64-2797f963848b')
/
insert into KSEN_SCHED_RQST_CMP_CAMPUS (CMP_ID, CAMPUS_ID) values ('3555cf21-91f1-4df8-bf9b-5962e229282b', 'UMCP')
/
insert into KSEN_SCHED_RQST_CMP_ROOM (CMP_ID, ROOM_ID) values ('3555cf21-91f1-4df8-bf9b-5962e229282b', '125a4d96-4b0e-4ab4-9d88-4742b95ea5e2')
/
insert into KSEN_SCHED_RQST_CMP_TMSLOT (CMP_ID, TM_SLOT_ID) values ('3555cf21-91f1-4df8-bf9b-5962e229282b', '3ba7832f-33d1-4046-9a47-40a350f0430d')
/
insert into KSEN_LUI (OBJ_ID, VER_NBR, CREATEID, CREATETIME, UPDATEID, UPDATETIME, ATP_ID, CLU_ID, EFF_DT, EXPIR_DT, DESCR_FORMATTED, LUI_STATE, LUI_TYPE, MAX_SEATS, MIN_SEATS, NAME, DESCR_PLAIN, REF_URL, ID) values ('5ccc71bc-2baf-42cb-bf12-270a5f9cc2e1', 0, 'admin', TIMESTAMP '2013-06-04 11:11:57.884', 'admin', TIMESTAMP '2013-06-04 11:11:57.884', 'kuali.atp.2012CETerm1', 'fd93d6b6-1a66-4cae-bcb2-23b0316a4870', '', '', 'Courses with lab', 'kuali.lui.activity.offering.state.draft', 'kuali.lui.type.activity.offering.lab', 24, 24, 'Lab', 'Courses with lab', 'null', 'e3c7aa5b-02c3-4416-b8c3-a069e9bf587b')
/
insert into KSEN_LUI_ATTR (OBJ_ID, ATTR_KEY, OWNER_ID, ATTR_VALUE, ID) values ('de906c2e-c3b2-4fc8-ab04-c36076a704bc', 'isWaitlistCheckinRequired', 'e3c7aa5b-02c3-4416-b8c3-a069e9bf587b', '0', 'f421132b-bed9-4e8b-b459-c992a854fe4b')
/
insert into KSEN_LUI_ATTR (OBJ_ID, ATTR_KEY, OWNER_ID, ATTR_VALUE, ID) values ('d28a7e7d-7277-4f13-ab06-b43465c21548', 'kuali.attribute.course.evaluation.indicator', 'e3c7aa5b-02c3-4416-b8c3-a069e9bf587b', '0', '83d55225-9477-47db-8772-45580e6c895b')
/
insert into KSEN_LUI_ATTR (OBJ_ID, ATTR_KEY, OWNER_ID, ATTR_VALUE, ID) values ('792b29be-9740-498c-b276-7e0face2907a', 'kuali.attribute.max.enrollment.is.estimate', 'e3c7aa5b-02c3-4416-b8c3-a069e9bf587b', '0', '0959d9ec-7392-48f8-88c8-7df67b63c9d7')
/
insert into KSEN_LUI_IDENT (OBJ_ID, VER_NBR, CREATEID, CREATETIME, UPDATEID, UPDATETIME, LUI_CD, DIVISION, IDENT_LEVEL, LNG_NAME, LUI_ID, ORGID, SHRT_NAME, LUI_ID_STATE, SUFX_CD, LUI_ID_TYPE, VARTN, ID) values ('4974b1e5-67c2-4acb-b593-0cdc5ff6a6a8', 0, 'admin', TIMESTAMP '2013-06-04 11:11:57.884', 'admin', TIMESTAMP '2013-06-04 11:11:57.884', 'V', '', '', '', 'e3c7aa5b-02c3-4416-b8c3-a069e9bf587b', '', '', 'kuali.lui.identifier.state.active', '', 'kuali.lui.identifier.type.official', '', '40ac6dbc-cf15-4cf7-b516-c9a2e90fb9cb')
/
insert into KSEN_LUI_LU_CD (OBJ_ID, VER_NBR, CREATEID, CREATETIME, UPDATEID, UPDATETIME, DESCR_FORMATTED, LUI_ID, DESCR_PLAIN, LUI_LUCD_TYPE, VALUE, ID) values ('daf52a19-0801-4ed5-8240-c1da0a4b1b1a', 0, 'admin', TIMESTAMP '2013-06-04 11:11:57.884', 'admin', TIMESTAMP '2013-06-04 11:11:57.884', '', 'e3c7aa5b-02c3-4416-b8c3-a069e9bf587b', '', 'kuali.lu.code.honorsOffering', '0', 'cb9ed1d4-2da6-4c40-bd80-d12efd66e3e6')
/
insert into KSEN_LPR (OBJ_ID, VER_NBR, CREATEID, CREATETIME, UPDATEID, UPDATETIME, COMMIT_PERCT, EFF_DT, EXPIR_DT, LUI_ID, PERS_ID, LPR_STATE, LPR_TYPE, ID) values ('b7ed116a-09b5-4ec1-9328-1ee1094a0186', 0, 'admin', TIMESTAMP '2013-06-04 11:11:57.884', 'admin', TIMESTAMP '2013-06-04 11:11:57.884', '100.0', TIMESTAMP '2013-06-04 11:12:18.775', '', 'e3c7aa5b-02c3-4416-b8c3-a069e9bf587b', 'D.CRAIGA', 'kuali.lpr.state.active', 'kuali.lpr.type.instructor.main', 'd2a1630d-6796-41f1-8294-15cc18efb443')
/
insert into KSEN_LUILUI_RELTN (OBJ_ID, VER_NBR, CREATEID, CREATETIME, UPDATEID, UPDATETIME, EFF_DT, EXPIR_DT, DESCR_FORMATTED, LUI_ID, LUILUI_RELTN_STATE, LUILUI_RELTN_TYPE, NAME, DESCR_PLAIN, RELATED_LUI_ID, ID) values ('8b7381e0-86d7-4ac4-b8e6-c65b8dcd8b2e', 0, 'admin', TIMESTAMP '2013-06-04 11:11:57.884', 'admin', TIMESTAMP '2013-06-04 11:11:57.884', TIMESTAMP '2013-06-04 11:12:18.775', '', 'BSCI330-FO-AO', '49adf4bd-2a31-4054-879d-1f1a1abe3682', 'kuali.lui.lui.relation.state.active', 'kuali.lui.lui.relation.type.deliveredvia.fo2ao', 'fo-ao-relation', 'BSCI330-FO-AO', 'e3c7aa5b-02c3-4416-b8c3-a069e9bf587b', '1725bfaf-78ef-4570-9d60-159ca4732984')
/
update KSEN_CO_SEAT_POOL_DEFN set OBJ_ID='73780363-74af-4395-a292-43d2db4a9dce', VER_NBR=2, UPDATEID='admin', UPDATETIME=TIMESTAMP '2013-06-04 11:11:57.884', ACTIVITY_OFFERING_ID='d41a71d8-ac39-4a4f-92cf-cbb4433234ee', EXPIR_MSTONE_TYPE='kuali.atp.milestone.firstdayofclasses', PERCENTAGE_IND='0', NAME='300-level Senior Seatpool', POPULATION_ID='4160a52b-d353-4ab3-b72d-a3c2f9969783', PROCESSING_PRIORITY=1, SEAT_LIMIT=5, SEAT_POOL_DEFN_STATE='kuali.lui.capacity.state.active', SEAT_POOL_DEFN_TYPE='kuali.lui.capacity.type.seatpool' where ID='e4cf2c7b-1bca-4ff9-9c5f-b07f787e0c92' and VER_NBR=1
/
insert into KSEN_SCHED_RQST_SET (OBJ_ID, VER_NBR, CREATEID, CREATETIME, UPDATEID, UPDATETIME, DESCR_FORMATTED, MAX_ENRL_SHARED_IND, MAX_ENRL, NAME, DESCR_PLAIN, REF_OBJECT_TYPE, SCHED_RQST_SET_STATE, SCHED_RQST_SET_TYPE, ID) values ('6dc02ddf-8e27-489e-9e31-772126b4fc4d', 0, 'admin', TIMESTAMP '2013-06-04 11:11:57.884', 'admin', TIMESTAMP '2013-06-04 11:11:57.884', '', '', '', '', '', 'http://student.kuali.org/wsdl/courseOffering/ActivityOfferingInfo', 'kuali.scheduling.schedule.request.state.created', 'kuali.scheduling.schedule.request.set.type.schedule.request.set', '2e23cbdb-776c-4b18-b7cf-43120dd60661')
/
insert into KSEN_SCHED_RQST (OBJ_ID, VER_NBR, CREATEID, CREATETIME, UPDATEID, UPDATETIME, DESCR_FORMATTED, NAME, DESCR_PLAIN, SCHED_RQST_STATE, SCHED_RQST_TYPE, SCHED_ID, SCHED_RQST_SET_ID, ID) values ('9e974a6e-dcf6-426e-adce-7deaaf04a398', 0, 'admin', TIMESTAMP '2013-06-04 11:11:57.884', 'admin', TIMESTAMP '2013-06-04 11:11:57.884', '', 'Schedule request for BSCI330 - V', '', 'kuali.scheduling.schedule.request.state.created', 'kuali.scheduling.schedule.request.type.schedule.request', '', '2e23cbdb-776c-4b18-b7cf-43120dd60661', 'bf4e52e7-a695-44b6-9234-3af32b5daa69')
/
insert into KSEN_SCHED_RQST_CMP (OBJ_ID, TBA_IND, SCHED_RQST_ID, ID) values ('4e94c92b-5b1a-4db2-a4aa-1e4828f6a1b1', '0', 'bf4e52e7-a695-44b6-9234-3af32b5daa69', '35c2b6ff-4ead-4a69-bbf2-d3ea5cfd31ec')
/
insert into KSEN_CO_SEAT_POOL_DEFN (OBJ_ID, VER_NBR, CREATEID, CREATETIME, UPDATEID, UPDATETIME, ACTIVITY_OFFERING_ID, EXPIR_MSTONE_TYPE, PERCENTAGE_IND, NAME, POPULATION_ID, PROCESSING_PRIORITY, SEAT_LIMIT, SEAT_POOL_DEFN_STATE, SEAT_POOL_DEFN_TYPE, ID) values ('d646499e-d318-4c73-85d1-de047d7811fb', 1, 'admin', TIMESTAMP '2013-06-04 11:11:57.884', 'admin', TIMESTAMP '2013-06-04 11:11:57.884', '', 'kuali.atp.milestone.firstdayofclasses', '0', '300-level Senior Seatpool', '4160a52b-d353-4ab3-b72d-a3c2f9969783', 1, 5, 'kuali.lui.capacity.state.active', 'kuali.lui.capacity.type.seatpool', '8d5aff5f-b893-4857-8795-3d5b60406d79')
/
insert into KSEN_SCHED_REF_OBJECT (SCHED_RQST_SET_ID, REF_OBJECT_ID) values ('2e23cbdb-776c-4b18-b7cf-43120dd60661', 'e3c7aa5b-02c3-4416-b8c3-a069e9bf587b')
/
insert into KSEN_SCHED_RQST_CMP_BLDG (CMP_ID, BUILDING_ID) values ('35c2b6ff-4ead-4a69-bbf2-d3ea5cfd31ec', '89929ead-579b-4f51-bf64-2797f963848b')
/
insert into KSEN_SCHED_RQST_CMP_CAMPUS (CMP_ID, CAMPUS_ID) values ('35c2b6ff-4ead-4a69-bbf2-d3ea5cfd31ec', 'UMCP')
/
insert into KSEN_SCHED_RQST_CMP_ROOM (CMP_ID, ROOM_ID) values ('35c2b6ff-4ead-4a69-bbf2-d3ea5cfd31ec', '125a4d96-4b0e-4ab4-9d88-4742b95ea5e2')
/
insert into KSEN_SCHED_RQST_CMP_TMSLOT (CMP_ID, TM_SLOT_ID) values ('35c2b6ff-4ead-4a69-bbf2-d3ea5cfd31ec', 'd3ecad45-6044-449b-95fd-4b1fb95da03d')
/
insert into KSEN_LUI (OBJ_ID, VER_NBR, CREATEID, CREATETIME, UPDATEID, UPDATETIME, ATP_ID, CLU_ID, EFF_DT, EXPIR_DT, DESCR_FORMATTED, LUI_STATE, LUI_TYPE, MAX_SEATS, MIN_SEATS, NAME, DESCR_PLAIN, REF_URL, ID) values ('d48d2e23-7404-4d10-ac98-62012f3cbb3b', 0, 'admin', TIMESTAMP '2013-06-04 11:11:57.884', 'admin', TIMESTAMP '2013-06-04 11:11:57.884', 'kuali.atp.2012CETerm1', '8070ba81-9e12-46ef-a1cc-7c55b4b9052f', '', '', 'Courses with lab', 'kuali.lui.activity.offering.state.draft', 'kuali.lui.type.activity.offering.lab', 24, 24, 'Lab', 'Courses with lab', 'null', 'ba2bf7e8-0e81-461e-aa8f-10b70e9cbe21')
/
insert into KSEN_LUI_ATTR (OBJ_ID, ATTR_KEY, OWNER_ID, ATTR_VALUE, ID) values ('24720044-2af3-4ed2-bd17-6928c940261c', 'kuali.attribute.max.enrollment.is.estimate', 'ba2bf7e8-0e81-461e-aa8f-10b70e9cbe21', '0', '71a11e11-824f-4105-afef-a8b196ae0be2')
/
insert into KSEN_LUI_ATTR (OBJ_ID, ATTR_KEY, OWNER_ID, ATTR_VALUE, ID) values ('ed792d01-cdff-4886-a81d-7909661df7aa', 'isWaitlistCheckinRequired', 'ba2bf7e8-0e81-461e-aa8f-10b70e9cbe21', '0', '28d3ff0e-7a95-4dde-9dd4-d42d84ab84e9')
/
insert into KSEN_LUI_ATTR (OBJ_ID, ATTR_KEY, OWNER_ID, ATTR_VALUE, ID) values ('6852c791-6119-416c-bda6-5223c257b2e4', 'kuali.attribute.course.evaluation.indicator', 'ba2bf7e8-0e81-461e-aa8f-10b70e9cbe21', '0', '4b0bec54-06e0-42d7-8cbc-de76256b9d99')
/
insert into KSEN_LUI_IDENT (OBJ_ID, VER_NBR, CREATEID, CREATETIME, UPDATEID, UPDATETIME, LUI_CD, DIVISION, IDENT_LEVEL, LNG_NAME, LUI_ID, ORGID, SHRT_NAME, LUI_ID_STATE, SUFX_CD, LUI_ID_TYPE, VARTN, ID) values ('d9533b2a-0696-4c00-bc2c-c964532fd8b7', 0, 'admin', TIMESTAMP '2013-06-04 11:11:57.884', 'admin', TIMESTAMP '2013-06-04 11:11:57.884', 'W', '', '', '', 'ba2bf7e8-0e81-461e-aa8f-10b70e9cbe21', '', '', 'kuali.lui.identifier.state.active', '', 'kuali.lui.identifier.type.official', '', '8ffb2773-5a0e-43a9-8dd5-6c96f7173c1e')
/
insert into KSEN_LUI_LU_CD (OBJ_ID, VER_NBR, CREATEID, CREATETIME, UPDATEID, UPDATETIME, DESCR_FORMATTED, LUI_ID, DESCR_PLAIN, LUI_LUCD_TYPE, VALUE, ID) values ('2babf542-329c-417f-acd1-dfeef0fb329d', 0, 'admin', TIMESTAMP '2013-06-04 11:11:57.884', 'admin', TIMESTAMP '2013-06-04 11:11:57.884', '', 'ba2bf7e8-0e81-461e-aa8f-10b70e9cbe21', '', 'kuali.lu.code.honorsOffering', '0', '23c84d4f-ea3d-48c4-9920-64383d0aedd9')
/
insert into KSEN_LPR (OBJ_ID, VER_NBR, CREATEID, CREATETIME, UPDATEID, UPDATETIME, COMMIT_PERCT, EFF_DT, EXPIR_DT, LUI_ID, PERS_ID, LPR_STATE, LPR_TYPE, ID) values ('5414e8c8-29da-4da5-977e-0cd8cbd18b5e', 0, 'admin', TIMESTAMP '2013-06-04 11:11:57.884', 'admin', TIMESTAMP '2013-06-04 11:11:57.884', '100.0', TIMESTAMP '2013-06-04 11:12:19.032', '', 'ba2bf7e8-0e81-461e-aa8f-10b70e9cbe21', 'P.NANCIM', 'kuali.lpr.state.active', 'kuali.lpr.type.instructor.main', '3b7d7630-d046-4ed3-91d2-de0febe13b2c')
/
insert into KSEN_LUILUI_RELTN (OBJ_ID, VER_NBR, CREATEID, CREATETIME, UPDATEID, UPDATETIME, EFF_DT, EXPIR_DT, DESCR_FORMATTED, LUI_ID, LUILUI_RELTN_STATE, LUILUI_RELTN_TYPE, NAME, DESCR_PLAIN, RELATED_LUI_ID, ID) values ('7175b164-cb55-4ec9-a197-9b235af372e2', 0, 'admin', TIMESTAMP '2013-06-04 11:11:57.884', 'admin', TIMESTAMP '2013-06-04 11:11:57.884', TIMESTAMP '2013-06-04 11:12:19.032', '', 'BSCI330-FO-AO', '49adf4bd-2a31-4054-879d-1f1a1abe3682', 'kuali.lui.lui.relation.state.active', 'kuali.lui.lui.relation.type.deliveredvia.fo2ao', 'fo-ao-relation', 'BSCI330-FO-AO', 'ba2bf7e8-0e81-461e-aa8f-10b70e9cbe21', '0c6ec82b-2903-47ab-9cb6-5bb8fa2ab5b7')
/
update KSEN_CO_SEAT_POOL_DEFN set OBJ_ID='d646499e-d318-4c73-85d1-de047d7811fb', VER_NBR=2, UPDATEID='admin', UPDATETIME=TIMESTAMP '2013-06-04 11:11:57.884', ACTIVITY_OFFERING_ID='e3c7aa5b-02c3-4416-b8c3-a069e9bf587b', EXPIR_MSTONE_TYPE='kuali.atp.milestone.firstdayofclasses', PERCENTAGE_IND='0', NAME='300-level Senior Seatpool', POPULATION_ID='4160a52b-d353-4ab3-b72d-a3c2f9969783', PROCESSING_PRIORITY=1, SEAT_LIMIT=5, SEAT_POOL_DEFN_STATE='kuali.lui.capacity.state.active', SEAT_POOL_DEFN_TYPE='kuali.lui.capacity.type.seatpool' where ID='8d5aff5f-b893-4857-8795-3d5b60406d79' and VER_NBR=1
/
insert into KSEN_SCHED_RQST_SET (OBJ_ID, VER_NBR, CREATEID, CREATETIME, UPDATEID, UPDATETIME, DESCR_FORMATTED, MAX_ENRL_SHARED_IND, MAX_ENRL, NAME, DESCR_PLAIN, REF_OBJECT_TYPE, SCHED_RQST_SET_STATE, SCHED_RQST_SET_TYPE, ID) values ('f9c3ee8b-772f-4a00-a7cd-97b3effb7abe', 0, 'admin', TIMESTAMP '2013-06-04 11:11:57.884', 'admin', TIMESTAMP '2013-06-04 11:11:57.884', '', '', '', '', '', 'http://student.kuali.org/wsdl/courseOffering/ActivityOfferingInfo', 'kuali.scheduling.schedule.request.state.created', 'kuali.scheduling.schedule.request.set.type.schedule.request.set', '5591715b-25d1-4db4-bc59-7e0931d31d6d')
/
insert into KSEN_SCHED_RQST (OBJ_ID, VER_NBR, CREATEID, CREATETIME, UPDATEID, UPDATETIME, DESCR_FORMATTED, NAME, DESCR_PLAIN, SCHED_RQST_STATE, SCHED_RQST_TYPE, SCHED_ID, SCHED_RQST_SET_ID, ID) values ('15bcb705-1baa-4364-ab96-e436a8c1c868', 0, 'admin', TIMESTAMP '2013-06-04 11:11:57.884', 'admin', TIMESTAMP '2013-06-04 11:11:57.884', '', 'Schedule request for BSCI330 - W', '', 'kuali.scheduling.schedule.request.state.created', 'kuali.scheduling.schedule.request.type.schedule.request', '', '5591715b-25d1-4db4-bc59-7e0931d31d6d', '3b34f5ff-3cda-434e-95d0-ddd9d2a9bab0')
/
insert into KSEN_SCHED_RQST_CMP (OBJ_ID, TBA_IND, SCHED_RQST_ID, ID) values ('8c6ce519-3dd4-49f9-8867-9e52e6ff7dc3', '0', '3b34f5ff-3cda-434e-95d0-ddd9d2a9bab0', '7711c25a-75e6-4dd3-b855-887868cabd43')
/
insert into KSEN_CO_SEAT_POOL_DEFN (OBJ_ID, VER_NBR, CREATEID, CREATETIME, UPDATEID, UPDATETIME, ACTIVITY_OFFERING_ID, EXPIR_MSTONE_TYPE, PERCENTAGE_IND, NAME, POPULATION_ID, PROCESSING_PRIORITY, SEAT_LIMIT, SEAT_POOL_DEFN_STATE, SEAT_POOL_DEFN_TYPE, ID) values ('3b40af8a-11be-4e43-8ac6-49eefaf59b45', 1, 'admin', TIMESTAMP '2013-06-04 11:11:57.884', 'admin', TIMESTAMP '2013-06-04 11:11:57.884', '', 'kuali.atp.milestone.firstdayofclasses', '0', '300-level Senior Seatpool', '4160a52b-d353-4ab3-b72d-a3c2f9969783', 1, 5, 'kuali.lui.capacity.state.active', 'kuali.lui.capacity.type.seatpool', '78000555-32a4-4112-882a-076fd8fe324b')
/
insert into KSEN_SCHED_REF_OBJECT (SCHED_RQST_SET_ID, REF_OBJECT_ID) values ('5591715b-25d1-4db4-bc59-7e0931d31d6d', 'ba2bf7e8-0e81-461e-aa8f-10b70e9cbe21')
/
insert into KSEN_SCHED_RQST_CMP_BLDG (CMP_ID, BUILDING_ID) values ('7711c25a-75e6-4dd3-b855-887868cabd43', '89929ead-579b-4f51-bf64-2797f963848b')
/
insert into KSEN_SCHED_RQST_CMP_CAMPUS (CMP_ID, CAMPUS_ID) values ('7711c25a-75e6-4dd3-b855-887868cabd43', 'UMCP')
/
insert into KSEN_SCHED_RQST_CMP_ROOM (CMP_ID, ROOM_ID) values ('7711c25a-75e6-4dd3-b855-887868cabd43', '125a4d96-4b0e-4ab4-9d88-4742b95ea5e2')
/
insert into KSEN_SCHED_RQST_CMP_TMSLOT (CMP_ID, TM_SLOT_ID) values ('7711c25a-75e6-4dd3-b855-887868cabd43', 'cfba52f9-56bc-451e-8049-36a2a4dec853')
/
insert into KSEN_LUI (OBJ_ID, VER_NBR, CREATEID, CREATETIME, UPDATEID, UPDATETIME, ATP_ID, CLU_ID, EFF_DT, EXPIR_DT, DESCR_FORMATTED, LUI_STATE, LUI_TYPE, MAX_SEATS, MIN_SEATS, NAME, DESCR_PLAIN, REF_URL, ID) values ('674f8b93-e583-4a5a-8995-dd5da6d7eac5', 0, 'admin', TIMESTAMP '2013-06-04 11:11:57.884', 'admin', TIMESTAMP '2013-06-04 11:11:57.884', 'kuali.atp.2012CETerm1', 'f54be7b2-70cc-46c0-8204-7963b66d4af9', '', '', 'Courses with lab', 'kuali.lui.activity.offering.state.draft', 'kuali.lui.type.activity.offering.lab', 24, 24, 'Lab', 'Courses with lab', 'null', 'fc28b776-c0a9-4279-8429-6852f7081e5e')
/
insert into KSEN_LUI_ATTR (OBJ_ID, ATTR_KEY, OWNER_ID, ATTR_VALUE, ID) values ('0e2b162e-6ba4-4ac4-8765-b46e8d6f62be', 'kuali.attribute.max.enrollment.is.estimate', 'fc28b776-c0a9-4279-8429-6852f7081e5e', '0', '9cf24c16-5318-41fd-90a9-8887d27db07c')
/
insert into KSEN_LUI_ATTR (OBJ_ID, ATTR_KEY, OWNER_ID, ATTR_VALUE, ID) values ('87dd5019-2340-4dc0-8247-1a856ee49e2c', 'isWaitlistCheckinRequired', 'fc28b776-c0a9-4279-8429-6852f7081e5e', '0', 'fc644949-7634-4ed6-89a5-0b563bf7a3d8')
/
insert into KSEN_LUI_ATTR (OBJ_ID, ATTR_KEY, OWNER_ID, ATTR_VALUE, ID) values ('fd4168da-cb5c-4676-893f-10d7aed6047c', 'kuali.attribute.course.evaluation.indicator', 'fc28b776-c0a9-4279-8429-6852f7081e5e', '0', '516a1882-bee0-4c9e-8d3d-97d4e27bb3df')
/
insert into KSEN_LUI_IDENT (OBJ_ID, VER_NBR, CREATEID, CREATETIME, UPDATEID, UPDATETIME, LUI_CD, DIVISION, IDENT_LEVEL, LNG_NAME, LUI_ID, ORGID, SHRT_NAME, LUI_ID_STATE, SUFX_CD, LUI_ID_TYPE, VARTN, ID) values ('96814a6d-955a-4c0b-a458-bc01f5d5c445', 0, 'admin', TIMESTAMP '2013-06-04 11:11:57.884', 'admin', TIMESTAMP '2013-06-04 11:11:57.884', 'X', '', '', '', 'fc28b776-c0a9-4279-8429-6852f7081e5e', '', '', 'kuali.lui.identifier.state.active', '', 'kuali.lui.identifier.type.official', '', '35516e9e-0bbb-4e6c-85c4-9d61a4436d37')
/
insert into KSEN_LUI_LU_CD (OBJ_ID, VER_NBR, CREATEID, CREATETIME, UPDATEID, UPDATETIME, DESCR_FORMATTED, LUI_ID, DESCR_PLAIN, LUI_LUCD_TYPE, VALUE, ID) values ('6b293b92-bc9f-4c0d-940d-58e6c50f408e', 0, 'admin', TIMESTAMP '2013-06-04 11:11:57.884', 'admin', TIMESTAMP '2013-06-04 11:11:57.884', '', 'fc28b776-c0a9-4279-8429-6852f7081e5e', '', 'kuali.lu.code.honorsOffering', '0', 'f651faa4-32ea-424a-af5e-e51017a53774')
/
insert into KSEN_LPR (OBJ_ID, VER_NBR, CREATEID, CREATETIME, UPDATEID, UPDATETIME, COMMIT_PERCT, EFF_DT, EXPIR_DT, LUI_ID, PERS_ID, LPR_STATE, LPR_TYPE, ID) values ('790d757f-34b8-4cb2-90b0-a3ba625fdfbf', 0, 'admin', TIMESTAMP '2013-06-04 11:11:57.884', 'admin', TIMESTAMP '2013-06-04 11:11:57.884', '100.0', TIMESTAMP '2013-06-04 11:12:19.343', '', 'fc28b776-c0a9-4279-8429-6852f7081e5e', 'J.BEATRICEC', 'kuali.lpr.state.active', 'kuali.lpr.type.instructor.main', '5e6dd9a2-c183-4cc7-81ee-5a0b05b67616')
/
insert into KSEN_LUILUI_RELTN (OBJ_ID, VER_NBR, CREATEID, CREATETIME, UPDATEID, UPDATETIME, EFF_DT, EXPIR_DT, DESCR_FORMATTED, LUI_ID, LUILUI_RELTN_STATE, LUILUI_RELTN_TYPE, NAME, DESCR_PLAIN, RELATED_LUI_ID, ID) values ('3ca8a8a9-dc88-4c26-9d0a-8eb40f634bc3', 0, 'admin', TIMESTAMP '2013-06-04 11:11:57.884', 'admin', TIMESTAMP '2013-06-04 11:11:57.884', TIMESTAMP '2013-06-04 11:12:19.343', '', 'BSCI330-FO-AO', '49adf4bd-2a31-4054-879d-1f1a1abe3682', 'kuali.lui.lui.relation.state.active', 'kuali.lui.lui.relation.type.deliveredvia.fo2ao', 'fo-ao-relation', 'BSCI330-FO-AO', 'fc28b776-c0a9-4279-8429-6852f7081e5e', '461340f5-d7a7-4d70-87a5-0d66a18034c1')
/
update KSEN_CO_SEAT_POOL_DEFN set OBJ_ID='3b40af8a-11be-4e43-8ac6-49eefaf59b45', VER_NBR=2, UPDATEID='admin', UPDATETIME=TIMESTAMP '2013-06-04 11:11:57.884', ACTIVITY_OFFERING_ID='ba2bf7e8-0e81-461e-aa8f-10b70e9cbe21', EXPIR_MSTONE_TYPE='kuali.atp.milestone.firstdayofclasses', PERCENTAGE_IND='0', NAME='300-level Senior Seatpool', POPULATION_ID='4160a52b-d353-4ab3-b72d-a3c2f9969783', PROCESSING_PRIORITY=1, SEAT_LIMIT=5, SEAT_POOL_DEFN_STATE='kuali.lui.capacity.state.active', SEAT_POOL_DEFN_TYPE='kuali.lui.capacity.type.seatpool' where ID='78000555-32a4-4112-882a-076fd8fe324b' and VER_NBR=1
/
insert into KSEN_SCHED_RQST_SET (OBJ_ID, VER_NBR, CREATEID, CREATETIME, UPDATEID, UPDATETIME, DESCR_FORMATTED, MAX_ENRL_SHARED_IND, MAX_ENRL, NAME, DESCR_PLAIN, REF_OBJECT_TYPE, SCHED_RQST_SET_STATE, SCHED_RQST_SET_TYPE, ID) values ('ac7039ca-ec8e-4f7b-94a9-208cd71954cb', 0, 'admin', TIMESTAMP '2013-06-04 11:11:57.884', 'admin', TIMESTAMP '2013-06-04 11:11:57.884', '', '', '', '', '', 'http://student.kuali.org/wsdl/courseOffering/ActivityOfferingInfo', 'kuali.scheduling.schedule.request.state.created', 'kuali.scheduling.schedule.request.set.type.schedule.request.set', '4a11bc69-2214-4fa7-9ce6-d8d08c7c7d47')
/
insert into KSEN_SCHED_RQST (OBJ_ID, VER_NBR, CREATEID, CREATETIME, UPDATEID, UPDATETIME, DESCR_FORMATTED, NAME, DESCR_PLAIN, SCHED_RQST_STATE, SCHED_RQST_TYPE, SCHED_ID, SCHED_RQST_SET_ID, ID) values ('c9ec29bd-2daa-42b2-a525-83b785e23f6d', 0, 'admin', TIMESTAMP '2013-06-04 11:11:57.884', 'admin', TIMESTAMP '2013-06-04 11:11:57.884', '', 'Schedule request for BSCI330 - X', '', 'kuali.scheduling.schedule.request.state.created', 'kuali.scheduling.schedule.request.type.schedule.request', '', '4a11bc69-2214-4fa7-9ce6-d8d08c7c7d47', '481956c6-79a6-4b9b-a896-b908316bf332')
/
insert into KSEN_SCHED_RQST_CMP (OBJ_ID, TBA_IND, SCHED_RQST_ID, ID) values ('53d6b4a5-25f7-4b34-905b-7c71fd58a7d5', '0', '481956c6-79a6-4b9b-a896-b908316bf332', 'd2592f5e-f50a-42f2-b30e-a89209fa0d0c')
/
insert into KSEN_CO_SEAT_POOL_DEFN (OBJ_ID, VER_NBR, CREATEID, CREATETIME, UPDATEID, UPDATETIME, ACTIVITY_OFFERING_ID, EXPIR_MSTONE_TYPE, PERCENTAGE_IND, NAME, POPULATION_ID, PROCESSING_PRIORITY, SEAT_LIMIT, SEAT_POOL_DEFN_STATE, SEAT_POOL_DEFN_TYPE, ID) values ('9ac9cce0-2d3e-48e6-8c40-83d6472b325f', 1, 'admin', TIMESTAMP '2013-06-04 11:11:57.884', 'admin', TIMESTAMP '2013-06-04 11:11:57.884', '', 'kuali.atp.milestone.firstdayofclasses', '0', '300-level Senior Seatpool', '4160a52b-d353-4ab3-b72d-a3c2f9969783', 1, 5, 'kuali.lui.capacity.state.active', 'kuali.lui.capacity.type.seatpool', '30d54811-c329-472c-b50a-798085d0f430')
/
insert into KSEN_SCHED_REF_OBJECT (SCHED_RQST_SET_ID, REF_OBJECT_ID) values ('4a11bc69-2214-4fa7-9ce6-d8d08c7c7d47', 'fc28b776-c0a9-4279-8429-6852f7081e5e')
/
insert into KSEN_SCHED_RQST_CMP_BLDG (CMP_ID, BUILDING_ID) values ('d2592f5e-f50a-42f2-b30e-a89209fa0d0c', '89929ead-579b-4f51-bf64-2797f963848b')
/
insert into KSEN_SCHED_RQST_CMP_CAMPUS (CMP_ID, CAMPUS_ID) values ('d2592f5e-f50a-42f2-b30e-a89209fa0d0c', 'UMCP')
/
insert into KSEN_SCHED_RQST_CMP_ROOM (CMP_ID, ROOM_ID) values ('d2592f5e-f50a-42f2-b30e-a89209fa0d0c', '125a4d96-4b0e-4ab4-9d88-4742b95ea5e2')
/
insert into KSEN_SCHED_RQST_CMP_TMSLOT (CMP_ID, TM_SLOT_ID) values ('d2592f5e-f50a-42f2-b30e-a89209fa0d0c', '08648ae5-21d0-47df-8717-4b83597ffc06')
/
insert into KSEN_LUI (OBJ_ID, VER_NBR, CREATEID, CREATETIME, UPDATEID, UPDATETIME, ATP_ID, CLU_ID, EFF_DT, EXPIR_DT, DESCR_FORMATTED, LUI_STATE, LUI_TYPE, MAX_SEATS, MIN_SEATS, NAME, DESCR_PLAIN, REF_URL, ID) values ('b951ac81-0d30-40be-b13d-12047b922f2a', 0, 'admin', TIMESTAMP '2013-06-04 11:11:57.884', 'admin', TIMESTAMP '2013-06-04 11:11:57.884', 'kuali.atp.2012CETerm1', '69863a58-c29e-4b1b-a2db-cdbe35597fcf', '', '', 'Courses with lecture', 'kuali.lui.activity.offering.state.draft', 'kuali.lui.type.activity.offering.lecture', 24, 24, 'Lecture', 'Courses with lecture', 'null', '502e1be7-57db-4218-a293-1a3e23748147')
/
insert into KSEN_LUI_ATTR (OBJ_ID, ATTR_KEY, OWNER_ID, ATTR_VALUE, ID) values ('37a47385-4cb9-4a9f-9457-9dac7ecfac2f', 'kuali.attribute.max.enrollment.is.estimate', '502e1be7-57db-4218-a293-1a3e23748147', '0', 'ce796ea6-ba66-4a3c-aab8-720892c10669')
/
insert into KSEN_LUI_ATTR (OBJ_ID, ATTR_KEY, OWNER_ID, ATTR_VALUE, ID) values ('6292b086-f380-4de8-9d0d-7487ba44cfe4', 'kuali.attribute.course.evaluation.indicator', '502e1be7-57db-4218-a293-1a3e23748147', '0', '4d00c561-f3f7-4594-8f06-b64aca4bd399')
/
insert into KSEN_LUI_ATTR (OBJ_ID, ATTR_KEY, OWNER_ID, ATTR_VALUE, ID) values ('0086b4f7-08be-43e5-8b56-9034d650acf8', 'isWaitlistCheckinRequired', '502e1be7-57db-4218-a293-1a3e23748147', '0', '1350e8ae-5ce7-46f3-abc8-6f317b667b55')
/
insert into KSEN_LUI_IDENT (OBJ_ID, VER_NBR, CREATEID, CREATETIME, UPDATEID, UPDATETIME, LUI_CD, DIVISION, IDENT_LEVEL, LNG_NAME, LUI_ID, ORGID, SHRT_NAME, LUI_ID_STATE, SUFX_CD, LUI_ID_TYPE, VARTN, ID) values ('a1b68b1d-c5e4-48e4-9389-42d28c6c6860', 0, 'admin', TIMESTAMP '2013-06-04 11:11:57.884', 'admin', TIMESTAMP '2013-06-04 11:11:57.884', 'Y', '', '', '', '502e1be7-57db-4218-a293-1a3e23748147', '', '', 'kuali.lui.identifier.state.active', '', 'kuali.lui.identifier.type.official', '', '5dacf6db-0e57-4785-a7bb-eaf759002f2b')
/
insert into KSEN_LUI_LU_CD (OBJ_ID, VER_NBR, CREATEID, CREATETIME, UPDATEID, UPDATETIME, DESCR_FORMATTED, LUI_ID, DESCR_PLAIN, LUI_LUCD_TYPE, VALUE, ID) values ('63edd447-a856-4bd9-89d0-7308899f963d', 0, 'admin', TIMESTAMP '2013-06-04 11:11:57.884', 'admin', TIMESTAMP '2013-06-04 11:11:57.884', '', '502e1be7-57db-4218-a293-1a3e23748147', '', 'kuali.lu.code.honorsOffering', '0', '8a69bae9-be41-4308-9b5b-1361c37e91bd')
/
insert into KSEN_LPR (OBJ_ID, VER_NBR, CREATEID, CREATETIME, UPDATEID, UPDATETIME, COMMIT_PERCT, EFF_DT, EXPIR_DT, LUI_ID, PERS_ID, LPR_STATE, LPR_TYPE, ID) values ('9c57b490-2a97-4cbd-ac5d-69c1529c89a1', 0, 'admin', TIMESTAMP '2013-06-04 11:11:57.884', 'admin', TIMESTAMP '2013-06-04 11:11:57.884', '100.0', TIMESTAMP '2013-06-04 11:12:19.604', '', '502e1be7-57db-4218-a293-1a3e23748147', 'C.CARROLLS', 'kuali.lpr.state.active', 'kuali.lpr.type.instructor.main', 'e6981135-fec1-4e2f-a1e6-7177b23f8a67')
/
insert into KSEN_LUILUI_RELTN (OBJ_ID, VER_NBR, CREATEID, CREATETIME, UPDATEID, UPDATETIME, EFF_DT, EXPIR_DT, DESCR_FORMATTED, LUI_ID, LUILUI_RELTN_STATE, LUILUI_RELTN_TYPE, NAME, DESCR_PLAIN, RELATED_LUI_ID, ID) values ('f7f77828-06fc-4eb0-b6a3-0338262661ea', 0, 'admin', TIMESTAMP '2013-06-04 11:11:57.884', 'admin', TIMESTAMP '2013-06-04 11:11:57.884', TIMESTAMP '2013-06-04 11:12:19.604', '', 'BSCI330-FO-AO', '49adf4bd-2a31-4054-879d-1f1a1abe3682', 'kuali.lui.lui.relation.state.active', 'kuali.lui.lui.relation.type.deliveredvia.fo2ao', 'fo-ao-relation', 'BSCI330-FO-AO', '502e1be7-57db-4218-a293-1a3e23748147', '74dee7fb-b13d-4f07-89a3-88ee718debe1')
/
update KSEN_CO_SEAT_POOL_DEFN set OBJ_ID='9ac9cce0-2d3e-48e6-8c40-83d6472b325f', VER_NBR=2, UPDATEID='admin', UPDATETIME=TIMESTAMP '2013-06-04 11:11:57.884', ACTIVITY_OFFERING_ID='fc28b776-c0a9-4279-8429-6852f7081e5e', EXPIR_MSTONE_TYPE='kuali.atp.milestone.firstdayofclasses', PERCENTAGE_IND='0', NAME='300-level Senior Seatpool', POPULATION_ID='4160a52b-d353-4ab3-b72d-a3c2f9969783', PROCESSING_PRIORITY=1, SEAT_LIMIT=5, SEAT_POOL_DEFN_STATE='kuali.lui.capacity.state.active', SEAT_POOL_DEFN_TYPE='kuali.lui.capacity.type.seatpool' where ID='30d54811-c329-472c-b50a-798085d0f430' and VER_NBR=1
/
insert into KSEN_SCHED_RQST_SET (OBJ_ID, VER_NBR, CREATEID, CREATETIME, UPDATEID, UPDATETIME, DESCR_FORMATTED, MAX_ENRL_SHARED_IND, MAX_ENRL, NAME, DESCR_PLAIN, REF_OBJECT_TYPE, SCHED_RQST_SET_STATE, SCHED_RQST_SET_TYPE, ID) values ('cca7e523-01e0-48e2-acd5-b8c7d0d9f253', 0, 'admin', TIMESTAMP '2013-06-04 11:11:57.884', 'admin', TIMESTAMP '2013-06-04 11:11:57.884', '', '', '', '', '', 'http://student.kuali.org/wsdl/courseOffering/ActivityOfferingInfo', 'kuali.scheduling.schedule.request.state.created', 'kuali.scheduling.schedule.request.set.type.schedule.request.set', 'f2ec362d-74e1-4058-9cc1-10a91c5e4a28')
/
insert into KSEN_SCHED_RQST (OBJ_ID, VER_NBR, CREATEID, CREATETIME, UPDATEID, UPDATETIME, DESCR_FORMATTED, NAME, DESCR_PLAIN, SCHED_RQST_STATE, SCHED_RQST_TYPE, SCHED_ID, SCHED_RQST_SET_ID, ID) values ('8e920f64-ded9-4912-a62b-cd4c5543a945', 0, 'admin', TIMESTAMP '2013-06-04 11:11:57.884', 'admin', TIMESTAMP '2013-06-04 11:11:57.884', '', 'Schedule request for BSCI330 - Y', '', 'kuali.scheduling.schedule.request.state.created', 'kuali.scheduling.schedule.request.type.schedule.request', '', 'f2ec362d-74e1-4058-9cc1-10a91c5e4a28', '48063389-bc77-48a9-9aee-d54e7a63d8de')
/
insert into KSEN_SCHED_RQST_CMP (OBJ_ID, TBA_IND, SCHED_RQST_ID, ID) values ('b4954f22-3722-4793-815a-bcb2ef8b7740', '0', '48063389-bc77-48a9-9aee-d54e7a63d8de', '58b19657-11ee-49f6-85ac-664cacd9e111')
/
insert into KSEN_CO_SEAT_POOL_DEFN (OBJ_ID, VER_NBR, CREATEID, CREATETIME, UPDATEID, UPDATETIME, ACTIVITY_OFFERING_ID, EXPIR_MSTONE_TYPE, PERCENTAGE_IND, NAME, POPULATION_ID, PROCESSING_PRIORITY, SEAT_LIMIT, SEAT_POOL_DEFN_STATE, SEAT_POOL_DEFN_TYPE, ID) values ('7cbb69ea-9b94-4b36-8d85-eb190141bc30', 1, 'admin', TIMESTAMP '2013-06-04 11:11:57.884', 'admin', TIMESTAMP '2013-06-04 11:11:57.884', '', 'kuali.atp.milestone.firstdayofclasses', '0', '300-level Senior Seatpool', '4160a52b-d353-4ab3-b72d-a3c2f9969783', 1, 5, 'kuali.lui.capacity.state.active', 'kuali.lui.capacity.type.seatpool', '88a97733-c15e-4cba-b069-f46a8620ab4b')
/
insert into KSEN_SCHED_REF_OBJECT (SCHED_RQST_SET_ID, REF_OBJECT_ID) values ('f2ec362d-74e1-4058-9cc1-10a91c5e4a28', '502e1be7-57db-4218-a293-1a3e23748147')
/
insert into KSEN_SCHED_RQST_CMP_BLDG (CMP_ID, BUILDING_ID) values ('58b19657-11ee-49f6-85ac-664cacd9e111', '89929ead-579b-4f51-bf64-2797f963848b')
/
insert into KSEN_SCHED_RQST_CMP_CAMPUS (CMP_ID, CAMPUS_ID) values ('58b19657-11ee-49f6-85ac-664cacd9e111', 'UMCP')
/
insert into KSEN_SCHED_RQST_CMP_ROOM (CMP_ID, ROOM_ID) values ('58b19657-11ee-49f6-85ac-664cacd9e111', 'b4df186c-2cda-4366-b8d9-f977b779abab')
/
insert into KSEN_SCHED_RQST_CMP_TMSLOT (CMP_ID, TM_SLOT_ID) values ('58b19657-11ee-49f6-85ac-664cacd9e111', '0e2535aa-d203-4928-92f2-a6752c32cc35')
/
insert into KSEN_LUI (OBJ_ID, VER_NBR, CREATEID, CREATETIME, UPDATEID, UPDATETIME, ATP_ID, CLU_ID, EFF_DT, EXPIR_DT, DESCR_FORMATTED, LUI_STATE, LUI_TYPE, MAX_SEATS, MIN_SEATS, NAME, DESCR_PLAIN, REF_URL, ID) values ('d7c9c004-06f2-45d4-ae15-af309ce43ac2', 0, 'admin', TIMESTAMP '2013-06-04 11:11:57.884', 'admin', TIMESTAMP '2013-06-04 11:11:57.884', 'kuali.atp.2012CETerm1', '02b2af95-54f8-4d0a-9ec8-4d7fb31c36e1', '', '', 'Courses with lab', 'kuali.lui.activity.offering.state.draft', 'kuali.lui.type.activity.offering.lab', 24, 24, 'Lab', 'Courses with lab', 'null', '0fb3f43b-5386-4656-a2e0-9ee48c187df6')
/
insert into KSEN_LUI_ATTR (OBJ_ID, ATTR_KEY, OWNER_ID, ATTR_VALUE, ID) values ('a98fae42-e6c3-4b6b-9866-868d4c8c571a', 'kuali.attribute.course.evaluation.indicator', '0fb3f43b-5386-4656-a2e0-9ee48c187df6', '0', '1abb4993-e302-4940-a28d-6a747bf501d1')
/
insert into KSEN_LUI_ATTR (OBJ_ID, ATTR_KEY, OWNER_ID, ATTR_VALUE, ID) values ('f3183f29-5c1e-48b5-8642-e642b211748e', 'isWaitlistCheckinRequired', '0fb3f43b-5386-4656-a2e0-9ee48c187df6', '0', 'c7eaad4d-e59f-487e-b02e-2ce545a28523')
/
insert into KSEN_LUI_ATTR (OBJ_ID, ATTR_KEY, OWNER_ID, ATTR_VALUE, ID) values ('bdeb2d79-ffdb-4ddc-ba96-d2113818299f', 'kuali.attribute.max.enrollment.is.estimate', '0fb3f43b-5386-4656-a2e0-9ee48c187df6', '0', '04dbb23e-1173-405e-aa19-3495eb8533cf')
/
insert into KSEN_LUI_IDENT (OBJ_ID, VER_NBR, CREATEID, CREATETIME, UPDATEID, UPDATETIME, LUI_CD, DIVISION, IDENT_LEVEL, LNG_NAME, LUI_ID, ORGID, SHRT_NAME, LUI_ID_STATE, SUFX_CD, LUI_ID_TYPE, VARTN, ID) values ('10944cc2-9abe-4905-8fe3-0596377f6bd6', 0, 'admin', TIMESTAMP '2013-06-04 11:11:57.884', 'admin', TIMESTAMP '2013-06-04 11:11:57.884', 'Z', '', '', '', '0fb3f43b-5386-4656-a2e0-9ee48c187df6', '', '', 'kuali.lui.identifier.state.active', '', 'kuali.lui.identifier.type.official', '', '319f7cfa-82f5-48bd-b51f-69d58044ab8c')
/
insert into KSEN_LUI_LU_CD (OBJ_ID, VER_NBR, CREATEID, CREATETIME, UPDATEID, UPDATETIME, DESCR_FORMATTED, LUI_ID, DESCR_PLAIN, LUI_LUCD_TYPE, VALUE, ID) values ('640dbaea-c716-43a8-ae21-b0602ed86b05', 0, 'admin', TIMESTAMP '2013-06-04 11:11:57.884', 'admin', TIMESTAMP '2013-06-04 11:11:57.884', '', '0fb3f43b-5386-4656-a2e0-9ee48c187df6', '', 'kuali.lu.code.honorsOffering', '0', '10d1e1c0-a0bd-4766-b341-01e0a0e36817')
/
insert into KSEN_LPR (OBJ_ID, VER_NBR, CREATEID, CREATETIME, UPDATEID, UPDATETIME, COMMIT_PERCT, EFF_DT, EXPIR_DT, LUI_ID, PERS_ID, LPR_STATE, LPR_TYPE, ID) values ('b27c8604-101c-4b7d-bac3-90474165153b', 0, 'admin', TIMESTAMP '2013-06-04 11:11:57.884', 'admin', TIMESTAMP '2013-06-04 11:11:57.884', '100.0', TIMESTAMP '2013-06-04 11:12:19.857', '', '0fb3f43b-5386-4656-a2e0-9ee48c187df6', 'O.DUANES', 'kuali.lpr.state.active', 'kuali.lpr.type.instructor.main', '07a93d02-bb1f-4056-ae6b-f4a352b22541')
/
insert into KSEN_LUILUI_RELTN (OBJ_ID, VER_NBR, CREATEID, CREATETIME, UPDATEID, UPDATETIME, EFF_DT, EXPIR_DT, DESCR_FORMATTED, LUI_ID, LUILUI_RELTN_STATE, LUILUI_RELTN_TYPE, NAME, DESCR_PLAIN, RELATED_LUI_ID, ID) values ('904e83df-ca5e-4254-ab36-f035f759f85f', 0, 'admin', TIMESTAMP '2013-06-04 11:11:57.884', 'admin', TIMESTAMP '2013-06-04 11:11:57.884', TIMESTAMP '2013-06-04 11:12:19.857', '', 'BSCI330-FO-AO', '49adf4bd-2a31-4054-879d-1f1a1abe3682', 'kuali.lui.lui.relation.state.active', 'kuali.lui.lui.relation.type.deliveredvia.fo2ao', 'fo-ao-relation', 'BSCI330-FO-AO', '0fb3f43b-5386-4656-a2e0-9ee48c187df6', '4bcf2bde-ff87-4e88-82ca-5f20655ecab9')
/
update KSEN_CO_SEAT_POOL_DEFN set OBJ_ID='7cbb69ea-9b94-4b36-8d85-eb190141bc30', VER_NBR=2, UPDATEID='admin', UPDATETIME=TIMESTAMP '2013-06-04 11:11:57.884', ACTIVITY_OFFERING_ID='502e1be7-57db-4218-a293-1a3e23748147', EXPIR_MSTONE_TYPE='kuali.atp.milestone.firstdayofclasses', PERCENTAGE_IND='0', NAME='300-level Senior Seatpool', POPULATION_ID='4160a52b-d353-4ab3-b72d-a3c2f9969783', PROCESSING_PRIORITY=1, SEAT_LIMIT=5, SEAT_POOL_DEFN_STATE='kuali.lui.capacity.state.active', SEAT_POOL_DEFN_TYPE='kuali.lui.capacity.type.seatpool' where ID='88a97733-c15e-4cba-b069-f46a8620ab4b' and VER_NBR=1
/
insert into KSEN_SCHED_RQST_SET (OBJ_ID, VER_NBR, CREATEID, CREATETIME, UPDATEID, UPDATETIME, DESCR_FORMATTED, MAX_ENRL_SHARED_IND, MAX_ENRL, NAME, DESCR_PLAIN, REF_OBJECT_TYPE, SCHED_RQST_SET_STATE, SCHED_RQST_SET_TYPE, ID) values ('8d7e970a-665e-48be-aade-4f31eac91130', 0, 'admin', TIMESTAMP '2013-06-04 11:11:57.884', 'admin', TIMESTAMP '2013-06-04 11:11:57.884', '', '', '', '', '', 'http://student.kuali.org/wsdl/courseOffering/ActivityOfferingInfo', 'kuali.scheduling.schedule.request.state.created', 'kuali.scheduling.schedule.request.set.type.schedule.request.set', 'c789c249-e49d-49b7-9c10-36da6f47f34c')
/
insert into KSEN_SCHED_RQST (OBJ_ID, VER_NBR, CREATEID, CREATETIME, UPDATEID, UPDATETIME, DESCR_FORMATTED, NAME, DESCR_PLAIN, SCHED_RQST_STATE, SCHED_RQST_TYPE, SCHED_ID, SCHED_RQST_SET_ID, ID) values ('a2ce0f4e-1844-408f-9cc1-5c86ea1414f3', 0, 'admin', TIMESTAMP '2013-06-04 11:11:57.884', 'admin', TIMESTAMP '2013-06-04 11:11:57.884', '', 'Schedule request for BSCI330 - Z', '', 'kuali.scheduling.schedule.request.state.created', 'kuali.scheduling.schedule.request.type.schedule.request', '', 'c789c249-e49d-49b7-9c10-36da6f47f34c', '00a4d917-22b1-481b-8f14-0c6be50df26c')
/
insert into KSEN_SCHED_RQST_CMP (OBJ_ID, TBA_IND, SCHED_RQST_ID, ID) values ('92c8e740-b0ef-488d-a835-f478f63fa044', '0', '00a4d917-22b1-481b-8f14-0c6be50df26c', '77d288da-8b28-4b7e-8ee4-c89f96d2677c')
/
insert into KSEN_CO_SEAT_POOL_DEFN (OBJ_ID, VER_NBR, CREATEID, CREATETIME, UPDATEID, UPDATETIME, ACTIVITY_OFFERING_ID, EXPIR_MSTONE_TYPE, PERCENTAGE_IND, NAME, POPULATION_ID, PROCESSING_PRIORITY, SEAT_LIMIT, SEAT_POOL_DEFN_STATE, SEAT_POOL_DEFN_TYPE, ID) values ('754189b0-dc4d-4155-bf8a-138148745a72', 1, 'admin', TIMESTAMP '2013-06-04 11:11:57.884', 'admin', TIMESTAMP '2013-06-04 11:11:57.884', '', 'kuali.atp.milestone.firstdayofclasses', '0', '300-level Senior Seatpool', '4160a52b-d353-4ab3-b72d-a3c2f9969783', 1, 5, 'kuali.lui.capacity.state.active', 'kuali.lui.capacity.type.seatpool', 'b23285e0-2720-4c38-b137-2c896e24736e')
/
insert into KSEN_SCHED_REF_OBJECT (SCHED_RQST_SET_ID, REF_OBJECT_ID) values ('c789c249-e49d-49b7-9c10-36da6f47f34c', '0fb3f43b-5386-4656-a2e0-9ee48c187df6')
/
insert into KSEN_SCHED_RQST_CMP_BLDG (CMP_ID, BUILDING_ID) values ('77d288da-8b28-4b7e-8ee4-c89f96d2677c', '89929ead-579b-4f51-bf64-2797f963848b')
/
insert into KSEN_SCHED_RQST_CMP_CAMPUS (CMP_ID, CAMPUS_ID) values ('77d288da-8b28-4b7e-8ee4-c89f96d2677c', 'UMCP')
/
insert into KSEN_SCHED_RQST_CMP_ROOM (CMP_ID, ROOM_ID) values ('77d288da-8b28-4b7e-8ee4-c89f96d2677c', '361cd43a-094c-47cd-ab50-6f097191ba22')
/
insert into KSEN_SCHED_RQST_CMP_TMSLOT (CMP_ID, TM_SLOT_ID) values ('77d288da-8b28-4b7e-8ee4-c89f96d2677c', 'df74274b-8772-4674-af6b-880d1c74c47e')
/
insert into KSEN_CO_AO_CLUSTER (OBJ_ID, VER_NBR, CREATEID, CREATETIME, UPDATEID, UPDATETIME, AO_CLUSTER_STATE, AO_CLUSTER_TYPE, DESCR_FORMATTED, DESCR_PLAIN, FORMAT_OFFERING_ID, NAME, PRIVATE_NAME, ID) values ('b23a50c9-900b-4f43-9c73-0086209652d1', 0, 'admin', TIMESTAMP '2013-06-04 11:11:57.884', 'admin', TIMESTAMP '2013-06-04 11:11:57.884', 'kuali.activity.offering.cluster.state.active', 'kuali.activity.offering.cluster.type.activity.offering.cluster', '', '', '49adf4bd-2a31-4054-879d-1f1a1abe3682', 'CL 101', 'CL 101', '46ddfb26-00aa-413a-b3eb-58dace6d0c7d')
/
insert into KSEN_CO_AO_CLUSTER_SET (OBJ_ID, ACTIVITY_OFFERING_TYPE, AO_CLUSTER_ID, ID) values ('b08d37d5-a887-4298-97d0-6aeadbd0dd0d', 'kuali.lui.type.activity.offering.lab', '46ddfb26-00aa-413a-b3eb-58dace6d0c7d', '9ca65757-8f02-4c78-a528-0615000100ac')
/
insert into KSEN_CO_AO_CLUSTER_SET (OBJ_ID, ACTIVITY_OFFERING_TYPE, AO_CLUSTER_ID, ID) values ('9afa8b99-03d3-4564-8c34-59c2bf01d2b0', 'kuali.lui.type.activity.offering.lecture', '46ddfb26-00aa-413a-b3eb-58dace6d0c7d', 'd5bbab6c-e920-426f-a8d0-7e429ac30448')
/
update KSEN_CO_SEAT_POOL_DEFN set OBJ_ID='754189b0-dc4d-4155-bf8a-138148745a72', VER_NBR=2, UPDATEID='admin', UPDATETIME=TIMESTAMP '2013-06-04 11:11:57.884', ACTIVITY_OFFERING_ID='0fb3f43b-5386-4656-a2e0-9ee48c187df6', EXPIR_MSTONE_TYPE='kuali.atp.milestone.firstdayofclasses', PERCENTAGE_IND='0', NAME='300-level Senior Seatpool', POPULATION_ID='4160a52b-d353-4ab3-b72d-a3c2f9969783', PROCESSING_PRIORITY=1, SEAT_LIMIT=5, SEAT_POOL_DEFN_STATE='kuali.lui.capacity.state.active', SEAT_POOL_DEFN_TYPE='kuali.lui.capacity.type.seatpool' where ID='b23285e0-2720-4c38-b137-2c896e24736e' and VER_NBR=1
/
insert into KSEN_CO_AO_CLUSTER_SET_AO (AOC_SET_ID, ACTIVITY_OFFERING_ID) values ('9ca65757-8f02-4c78-a528-0615000100ac', '1f9559e1-30b5-4a99-ac81-ce6d7de4871a')
/
insert into KSEN_CO_AO_CLUSTER_SET_AO (AOC_SET_ID, ACTIVITY_OFFERING_ID) values ('9ca65757-8f02-4c78-a528-0615000100ac', 'd6e8f5d5-3b33-4155-8ca0-78c6f983d3f5')
/
insert into KSEN_CO_AO_CLUSTER_SET_AO (AOC_SET_ID, ACTIVITY_OFFERING_ID) values ('9ca65757-8f02-4c78-a528-0615000100ac', '126b8493-6398-48f9-9435-8438eb096a8c')
/
insert into KSEN_CO_AO_CLUSTER_SET_AO (AOC_SET_ID, ACTIVITY_OFFERING_ID) values ('9ca65757-8f02-4c78-a528-0615000100ac', '22d6029e-55b6-4be8-85db-e44fda078c14')
/
insert into KSEN_CO_AO_CLUSTER_SET_AO (AOC_SET_ID, ACTIVITY_OFFERING_ID) values ('9ca65757-8f02-4c78-a528-0615000100ac', '7ba06dd6-9bc7-4c01-a970-b9b7b381b4d1')
/
insert into KSEN_CO_AO_CLUSTER_SET_AO (AOC_SET_ID, ACTIVITY_OFFERING_ID) values ('9ca65757-8f02-4c78-a528-0615000100ac', '188f9ca9-ecbc-45a7-a2ea-95962bb9951b')
/
insert into KSEN_CO_AO_CLUSTER_SET_AO (AOC_SET_ID, ACTIVITY_OFFERING_ID) values ('9ca65757-8f02-4c78-a528-0615000100ac', '980c2079-cf32-4e87-b17d-b826bff9aacd')
/
insert into KSEN_CO_AO_CLUSTER_SET_AO (AOC_SET_ID, ACTIVITY_OFFERING_ID) values ('9ca65757-8f02-4c78-a528-0615000100ac', '25719896-416f-41b0-91cf-f7dced522b4c')
/
insert into KSEN_CO_AO_CLUSTER_SET_AO (AOC_SET_ID, ACTIVITY_OFFERING_ID) values ('9ca65757-8f02-4c78-a528-0615000100ac', '0e30e2b5-3461-452d-831e-8180c3c158d6')
/
insert into KSEN_CO_AO_CLUSTER_SET_AO (AOC_SET_ID, ACTIVITY_OFFERING_ID) values ('9ca65757-8f02-4c78-a528-0615000100ac', '51ad321e-0d2e-40e4-959d-87ff6d1e8215')
/
insert into KSEN_CO_AO_CLUSTER_SET_AO (AOC_SET_ID, ACTIVITY_OFFERING_ID) values ('9ca65757-8f02-4c78-a528-0615000100ac', '03b568fc-aeed-4963-bfc9-4f6382d25dec')
/
insert into KSEN_CO_AO_CLUSTER_SET_AO (AOC_SET_ID, ACTIVITY_OFFERING_ID) values ('9ca65757-8f02-4c78-a528-0615000100ac', '2d8c513f-6273-4a98-9cbd-5519c1857804')
/
insert into KSEN_CO_AO_CLUSTER_SET_AO (AOC_SET_ID, ACTIVITY_OFFERING_ID) values ('d5bbab6c-e920-426f-a8d0-7e429ac30448', 'c7db47af-65a5-4c58-a5d8-95deae522701')
/
update KSEN_CO_AO_CLUSTER_SET set AO_CLUSTER_ID='46ddfb26-00aa-413a-b3eb-58dace6d0c7d' where ID='9ca65757-8f02-4c78-a528-0615000100ac'
/
update KSEN_CO_AO_CLUSTER_SET set AO_CLUSTER_ID='46ddfb26-00aa-413a-b3eb-58dace6d0c7d' where ID='d5bbab6c-e920-426f-a8d0-7e429ac30448'
/
insert into KSEN_CO_AO_CLUSTER (OBJ_ID, VER_NBR, CREATEID, CREATETIME, UPDATEID, UPDATETIME, AO_CLUSTER_STATE, AO_CLUSTER_TYPE, DESCR_FORMATTED, DESCR_PLAIN, FORMAT_OFFERING_ID, NAME, PRIVATE_NAME, ID) values ('2363ed6f-10fe-47a9-8f82-ab2c1a58f1d4', 0, 'admin', TIMESTAMP '2013-06-04 11:11:57.884', 'admin', TIMESTAMP '2013-06-04 11:11:57.884', 'kuali.activity.offering.cluster.state.active', 'kuali.activity.offering.cluster.type.activity.offering.cluster', '', '', '49adf4bd-2a31-4054-879d-1f1a1abe3682', 'CL Leftovers', 'CL Leftovers', 'f9b54527-8f38-4616-84a9-f122d83a920b')
/
insert into KSEN_CO_AO_CLUSTER_SET (OBJ_ID, ACTIVITY_OFFERING_TYPE, AO_CLUSTER_ID, ID) values ('caf11186-dcbe-4d32-a9de-153c3df12bc7', 'kuali.lui.type.activity.offering.lab', 'f9b54527-8f38-4616-84a9-f122d83a920b', '48483401-97dd-49fe-8332-246d53c727bf')
/
insert into KSEN_CO_AO_CLUSTER_SET (OBJ_ID, ACTIVITY_OFFERING_TYPE, AO_CLUSTER_ID, ID) values ('aecad9b8-61f3-4373-82bf-f50497d84316', 'kuali.lui.type.activity.offering.lecture', 'f9b54527-8f38-4616-84a9-f122d83a920b', 'a0018422-a10b-4277-9f94-a8138eeffc35')
/
insert into KSEN_CO_AO_CLUSTER_SET_AO (AOC_SET_ID, ACTIVITY_OFFERING_ID) values ('48483401-97dd-49fe-8332-246d53c727bf', '0fb3f43b-5386-4656-a2e0-9ee48c187df6')
/
insert into KSEN_CO_AO_CLUSTER_SET_AO (AOC_SET_ID, ACTIVITY_OFFERING_ID) values ('a0018422-a10b-4277-9f94-a8138eeffc35', '502e1be7-57db-4218-a293-1a3e23748147')
/
update KSEN_CO_AO_CLUSTER_SET set AO_CLUSTER_ID='f9b54527-8f38-4616-84a9-f122d83a920b' where ID='48483401-97dd-49fe-8332-246d53c727bf'
/
update KSEN_CO_AO_CLUSTER_SET set AO_CLUSTER_ID='f9b54527-8f38-4616-84a9-f122d83a920b' where ID='a0018422-a10b-4277-9f94-a8138eeffc35'
/
insert into KSEN_CO_AO_CLUSTER (OBJ_ID, VER_NBR, CREATEID, CREATETIME, UPDATEID, UPDATETIME, AO_CLUSTER_STATE, AO_CLUSTER_TYPE, DESCR_FORMATTED, DESCR_PLAIN, FORMAT_OFFERING_ID, NAME, PRIVATE_NAME, ID) values ('40e5b392-f9c9-4a8f-8df9-e1e4aec705a3', 0, 'admin', TIMESTAMP '2013-06-04 11:11:57.884', 'admin', TIMESTAMP '2013-06-04 11:11:57.884', 'kuali.activity.offering.cluster.state.active', 'kuali.activity.offering.cluster.type.activity.offering.cluster', '', '', '49adf4bd-2a31-4054-879d-1f1a1abe3682', 'CL 1101', 'CL 1101', 'c5ac4c8d-69c7-47bf-a7aa-2644d8f9e81f')
/
insert into KSEN_CO_AO_CLUSTER_SET (OBJ_ID, ACTIVITY_OFFERING_TYPE, AO_CLUSTER_ID, ID) values ('929a1519-0d8e-46fe-9aa1-d604b0ef5062', 'kuali.lui.type.activity.offering.lecture', 'c5ac4c8d-69c7-47bf-a7aa-2644d8f9e81f', 'bce72587-df81-4c09-90f8-00c50c7c7a56')
/
insert into KSEN_CO_AO_CLUSTER_SET (OBJ_ID, ACTIVITY_OFFERING_TYPE, AO_CLUSTER_ID, ID) values ('a22135bb-8cd4-4a59-9507-727a3e730ba1', 'kuali.lui.type.activity.offering.lab', 'c5ac4c8d-69c7-47bf-a7aa-2644d8f9e81f', '3bcae7f4-d020-4f52-af22-5cb39e1d02a6')
/
insert into KSEN_CO_AO_CLUSTER_SET_AO (AOC_SET_ID, ACTIVITY_OFFERING_ID) values ('bce72587-df81-4c09-90f8-00c50c7c7a56', '463279c1-d545-4743-b72e-c8d84bac1dbe')
/
insert into KSEN_CO_AO_CLUSTER_SET_AO (AOC_SET_ID, ACTIVITY_OFFERING_ID) values ('3bcae7f4-d020-4f52-af22-5cb39e1d02a6', 'fc28b776-c0a9-4279-8429-6852f7081e5e')
/
insert into KSEN_CO_AO_CLUSTER_SET_AO (AOC_SET_ID, ACTIVITY_OFFERING_ID) values ('3bcae7f4-d020-4f52-af22-5cb39e1d02a6', 'e3c7aa5b-02c3-4416-b8c3-a069e9bf587b')
/
insert into KSEN_CO_AO_CLUSTER_SET_AO (AOC_SET_ID, ACTIVITY_OFFERING_ID) values ('3bcae7f4-d020-4f52-af22-5cb39e1d02a6', 'd41a71d8-ac39-4a4f-92cf-cbb4433234ee')
/
insert into KSEN_CO_AO_CLUSTER_SET_AO (AOC_SET_ID, ACTIVITY_OFFERING_ID) values ('3bcae7f4-d020-4f52-af22-5cb39e1d02a6', 'beed8739-feb4-412e-ab55-6c6452f0e0e4')
/
insert into KSEN_CO_AO_CLUSTER_SET_AO (AOC_SET_ID, ACTIVITY_OFFERING_ID) values ('3bcae7f4-d020-4f52-af22-5cb39e1d02a6', '85bf9f49-6a6f-4d5a-8f4d-33fe8c6aabe4')
/
insert into KSEN_CO_AO_CLUSTER_SET_AO (AOC_SET_ID, ACTIVITY_OFFERING_ID) values ('3bcae7f4-d020-4f52-af22-5cb39e1d02a6', 'f03379f2-4435-4a27-b21e-8f45e130c97e')
/
insert into KSEN_CO_AO_CLUSTER_SET_AO (AOC_SET_ID, ACTIVITY_OFFERING_ID) values ('3bcae7f4-d020-4f52-af22-5cb39e1d02a6', '2b13dab0-5395-4acb-b465-bdd0eb1e191b')
/
insert into KSEN_CO_AO_CLUSTER_SET_AO (AOC_SET_ID, ACTIVITY_OFFERING_ID) values ('3bcae7f4-d020-4f52-af22-5cb39e1d02a6', '9ac86f1a-3016-41fe-bdd1-7e4f87dadc6d')
/
insert into KSEN_CO_AO_CLUSTER_SET_AO (AOC_SET_ID, ACTIVITY_OFFERING_ID) values ('3bcae7f4-d020-4f52-af22-5cb39e1d02a6', '8099d225-47fd-4968-b308-76b53f6f95d8')
/
insert into KSEN_CO_AO_CLUSTER_SET_AO (AOC_SET_ID, ACTIVITY_OFFERING_ID) values ('3bcae7f4-d020-4f52-af22-5cb39e1d02a6', 'ba2bf7e8-0e81-461e-aa8f-10b70e9cbe21')
/
update KSEN_CO_AO_CLUSTER_SET set AO_CLUSTER_ID='c5ac4c8d-69c7-47bf-a7aa-2644d8f9e81f' where ID='bce72587-df81-4c09-90f8-00c50c7c7a56'
/
update KSEN_CO_AO_CLUSTER_SET set AO_CLUSTER_ID='c5ac4c8d-69c7-47bf-a7aa-2644d8f9e81f' where ID='3bcae7f4-d020-4f52-af22-5cb39e1d02a6'
/
insert into KSEN_LUI (OBJ_ID, VER_NBR, CREATEID, CREATETIME, UPDATEID, UPDATETIME, ATP_ID, CLU_ID, EFF_DT, EXPIR_DT, DESCR_FORMATTED, LUI_STATE, LUI_TYPE, MAX_SEATS, MIN_SEATS, NAME, DESCR_PLAIN, REF_URL, ID) values ('469e91d9-2438-40bd-8792-6f9339da5842', 0, 'admin', TIMESTAMP '2013-06-04 11:11:57.884', 'admin', TIMESTAMP '2013-06-04 11:11:57.884', 'kuali.atp.2012CETerm1', '56a7d3c8-4a55-46a6-853f-63b393b13dcc', '', '', '1001', 'kuali.lui.registration.group.state.pending', 'kuali.lui.type.registration.group', '', '', '1001', '1001', '', '1f695331-fba5-4a0b-876e-b190576d3298')
/
insert into KSEN_LUI_ATTR (OBJ_ID, ATTR_KEY, OWNER_ID, ATTR_VALUE, ID) values ('4ddc3372-dbec-4184-9606-030bb7d66f2b', 'kuali.attribute.registration.group.aocluster.id', '1f695331-fba5-4a0b-876e-b190576d3298', '46ddfb26-00aa-413a-b3eb-58dace6d0c7d', 'c93cfe88-c7b4-44f3-ae2b-ca34465ebd75')
/
insert into KSEN_LUI_ATTR (OBJ_ID, ATTR_KEY, OWNER_ID, ATTR_VALUE, ID) values ('9150c6db-9489-4420-84bf-d3608473dede', 'kuali.attribute.registration.group.is.generated', '1f695331-fba5-4a0b-876e-b190576d3298', '1', '88289dff-3109-44fe-94f7-584c5c8788e4')
/
insert into KSEN_LUI_IDENT (OBJ_ID, VER_NBR, CREATEID, CREATETIME, UPDATEID, UPDATETIME, LUI_CD, DIVISION, IDENT_LEVEL, LNG_NAME, LUI_ID, ORGID, SHRT_NAME, LUI_ID_STATE, SUFX_CD, LUI_ID_TYPE, VARTN, ID) values ('38d89c02-4247-4ffb-8517-c4cd4d09d6cf', 0, 'admin', TIMESTAMP '2013-06-04 11:11:57.884', 'admin', TIMESTAMP '2013-06-04 11:11:57.884', '', '', '', '', '1f695331-fba5-4a0b-876e-b190576d3298', '', '', 'kuali.lui.identifier.state.active', '', 'kuali.lui.identifier.type.official', '', 'a113b10d-fc5b-4ffb-b41a-d32d60ccfb76')
/
insert into KSEN_LUILUI_RELTN (OBJ_ID, VER_NBR, CREATEID, CREATETIME, UPDATEID, UPDATETIME, EFF_DT, EXPIR_DT, DESCR_FORMATTED, LUI_ID, LUILUI_RELTN_STATE, LUILUI_RELTN_TYPE, NAME, DESCR_PLAIN, RELATED_LUI_ID, ID) values ('be671efd-2360-4fde-b41a-d1e67663c240', 0, 'admin', TIMESTAMP '2013-06-04 11:11:57.884', 'admin', TIMESTAMP '2013-06-04 11:11:57.884', TIMESTAMP '2013-06-04 11:12:27.571', '', 'BSCI330-FO-RG', '49adf4bd-2a31-4054-879d-1f1a1abe3682', 'kuali.lui.lui.relation.state.active', 'kuali.lui.lui.relation.type.deliveredvia.fo2rg', 'fo-rg-relation', 'BSCI330-FO-RG', '1f695331-fba5-4a0b-876e-b190576d3298', 'fbee7629-5295-46ea-83e7-ad47a4335a2c')
/
insert into KSEN_LUILUI_RELTN (OBJ_ID, VER_NBR, CREATEID, CREATETIME, UPDATEID, UPDATETIME, EFF_DT, EXPIR_DT, DESCR_FORMATTED, LUI_ID, LUILUI_RELTN_STATE, LUILUI_RELTN_TYPE, NAME, DESCR_PLAIN, RELATED_LUI_ID, ID) values ('46d5a3b8-fe3d-4e0a-9599-6acd4f21e3b9', 0, 'admin', TIMESTAMP '2013-06-04 11:11:57.884', 'admin', TIMESTAMP '2013-06-04 11:11:57.884', TIMESTAMP '2013-06-04 11:12:27.572', '', 'BSCI330-RG-AO', '1f695331-fba5-4a0b-876e-b190576d3298', 'kuali.lui.lui.relation.state.active', 'kuali.lui.lui.relation.type.registeredforvia.rg2ao', 'rg-ao-relation', 'BSCI330-RG-AO', '25719896-416f-41b0-91cf-f7dced522b4c', 'cde3ec2b-7e20-498f-8579-1e12557defe3')
/
insert into KSEN_LUILUI_RELTN (OBJ_ID, VER_NBR, CREATEID, CREATETIME, UPDATEID, UPDATETIME, EFF_DT, EXPIR_DT, DESCR_FORMATTED, LUI_ID, LUILUI_RELTN_STATE, LUILUI_RELTN_TYPE, NAME, DESCR_PLAIN, RELATED_LUI_ID, ID) values ('a5087694-0c7b-4c60-95a1-f9f328e245f3', 0, 'admin', TIMESTAMP '2013-06-04 11:11:57.884', 'admin', TIMESTAMP '2013-06-04 11:11:57.884', TIMESTAMP '2013-06-04 11:12:27.572', '', 'BSCI330-RG-AO', '1f695331-fba5-4a0b-876e-b190576d3298', 'kuali.lui.lui.relation.state.active', 'kuali.lui.lui.relation.type.registeredforvia.rg2ao', 'rg-ao-relation', 'BSCI330-RG-AO', 'c7db47af-65a5-4c58-a5d8-95deae522701', '3fab8dd8-3fa1-422c-ae07-3dea52aa6712')
/
insert into KSEN_LUI (OBJ_ID, VER_NBR, CREATEID, CREATETIME, UPDATEID, UPDATETIME, ATP_ID, CLU_ID, EFF_DT, EXPIR_DT, DESCR_FORMATTED, LUI_STATE, LUI_TYPE, MAX_SEATS, MIN_SEATS, NAME, DESCR_PLAIN, REF_URL, ID) values ('d6afdb47-195e-40c9-89f2-0b30f28406e8', 0, 'admin', TIMESTAMP '2013-06-04 11:11:57.884', 'admin', TIMESTAMP '2013-06-04 11:11:57.884', 'kuali.atp.2012CETerm1', '56a7d3c8-4a55-46a6-853f-63b393b13dcc', '', '', '1002', 'kuali.lui.registration.group.state.pending', 'kuali.lui.type.registration.group', '', '', '1002', '1002', '', '65583122-7db9-49e6-a306-17e5d53690a9')
/
insert into KSEN_LUI_ATTR (OBJ_ID, ATTR_KEY, OWNER_ID, ATTR_VALUE, ID) values ('a70f7dad-3d0d-4816-8d40-7101985f4401', 'kuali.attribute.registration.group.aocluster.id', '65583122-7db9-49e6-a306-17e5d53690a9', '46ddfb26-00aa-413a-b3eb-58dace6d0c7d', 'f1833bac-5575-42da-9f3b-6a79dd2e9143')
/
insert into KSEN_LUI_ATTR (OBJ_ID, ATTR_KEY, OWNER_ID, ATTR_VALUE, ID) values ('b4fd9962-9db9-4426-84df-b54b74ccac15', 'kuali.attribute.registration.group.is.generated', '65583122-7db9-49e6-a306-17e5d53690a9', '1', 'b6890fcd-13ed-4a51-9299-74a0cfa404db')
/
insert into KSEN_LUI_IDENT (OBJ_ID, VER_NBR, CREATEID, CREATETIME, UPDATEID, UPDATETIME, LUI_CD, DIVISION, IDENT_LEVEL, LNG_NAME, LUI_ID, ORGID, SHRT_NAME, LUI_ID_STATE, SUFX_CD, LUI_ID_TYPE, VARTN, ID) values ('762ffbe2-c34f-4421-92b0-648cfd430457', 0, 'admin', TIMESTAMP '2013-06-04 11:11:57.884', 'admin', TIMESTAMP '2013-06-04 11:11:57.884', '', '', '', '', '65583122-7db9-49e6-a306-17e5d53690a9', '', '', 'kuali.lui.identifier.state.active', '', 'kuali.lui.identifier.type.official', '', 'd0e55f58-62c9-494b-8b00-1136f9d4b37d')
/
insert into KSEN_LUILUI_RELTN (OBJ_ID, VER_NBR, CREATEID, CREATETIME, UPDATEID, UPDATETIME, EFF_DT, EXPIR_DT, DESCR_FORMATTED, LUI_ID, LUILUI_RELTN_STATE, LUILUI_RELTN_TYPE, NAME, DESCR_PLAIN, RELATED_LUI_ID, ID) values ('dbabc924-e57a-4c4d-9c87-c337b12be03a', 0, 'admin', TIMESTAMP '2013-06-04 11:11:57.884', 'admin', TIMESTAMP '2013-06-04 11:11:57.884', TIMESTAMP '2013-06-04 11:12:27.809', '', 'BSCI330-FO-RG', '49adf4bd-2a31-4054-879d-1f1a1abe3682', 'kuali.lui.lui.relation.state.active', 'kuali.lui.lui.relation.type.deliveredvia.fo2rg', 'fo-rg-relation', 'BSCI330-FO-RG', '65583122-7db9-49e6-a306-17e5d53690a9', '4436bc51-abe9-4a52-ba1c-a6bbb7039ecb')
/
insert into KSEN_LUILUI_RELTN (OBJ_ID, VER_NBR, CREATEID, CREATETIME, UPDATEID, UPDATETIME, EFF_DT, EXPIR_DT, DESCR_FORMATTED, LUI_ID, LUILUI_RELTN_STATE, LUILUI_RELTN_TYPE, NAME, DESCR_PLAIN, RELATED_LUI_ID, ID) values ('c234c02c-b2f3-402e-8344-38243dc8ae1e', 0, 'admin', TIMESTAMP '2013-06-04 11:11:57.884', 'admin', TIMESTAMP '2013-06-04 11:11:57.884', TIMESTAMP '2013-06-04 11:12:27.809', '', 'BSCI330-RG-AO', '65583122-7db9-49e6-a306-17e5d53690a9', 'kuali.lui.lui.relation.state.active', 'kuali.lui.lui.relation.type.registeredforvia.rg2ao', 'rg-ao-relation', 'BSCI330-RG-AO', '51ad321e-0d2e-40e4-959d-87ff6d1e8215', '8d1ef1cc-0148-45d6-a7f3-536dbb7db4f1')
/
insert into KSEN_LUILUI_RELTN (OBJ_ID, VER_NBR, CREATEID, CREATETIME, UPDATEID, UPDATETIME, EFF_DT, EXPIR_DT, DESCR_FORMATTED, LUI_ID, LUILUI_RELTN_STATE, LUILUI_RELTN_TYPE, NAME, DESCR_PLAIN, RELATED_LUI_ID, ID) values ('c58de188-e16e-466f-883f-678804faa91d', 0, 'admin', TIMESTAMP '2013-06-04 11:11:57.884', 'admin', TIMESTAMP '2013-06-04 11:11:57.884', TIMESTAMP '2013-06-04 11:12:27.81', '', 'BSCI330-RG-AO', '65583122-7db9-49e6-a306-17e5d53690a9', 'kuali.lui.lui.relation.state.active', 'kuali.lui.lui.relation.type.registeredforvia.rg2ao', 'rg-ao-relation', 'BSCI330-RG-AO', 'c7db47af-65a5-4c58-a5d8-95deae522701', '18090b1b-b137-4911-b252-80a06634f403')
/
insert into KSEN_LUI (OBJ_ID, VER_NBR, CREATEID, CREATETIME, UPDATEID, UPDATETIME, ATP_ID, CLU_ID, EFF_DT, EXPIR_DT, DESCR_FORMATTED, LUI_STATE, LUI_TYPE, MAX_SEATS, MIN_SEATS, NAME, DESCR_PLAIN, REF_URL, ID) values ('2d5114fe-31a5-4ade-aaa4-fd19557c88af', 0, 'admin', TIMESTAMP '2013-06-04 11:11:57.884', 'admin', TIMESTAMP '2013-06-04 11:11:57.884', 'kuali.atp.2012CETerm1', '56a7d3c8-4a55-46a6-853f-63b393b13dcc', '', '', '1003', 'kuali.lui.registration.group.state.pending', 'kuali.lui.type.registration.group', '', '', '1003', '1003', '', 'ceee82c7-a08a-40bf-9b48-abf7a04319e4')
/
insert into KSEN_LUI_ATTR (OBJ_ID, ATTR_KEY, OWNER_ID, ATTR_VALUE, ID) values ('70e6a922-7ce6-4a7f-9cd7-70f1024d4f58', 'kuali.attribute.registration.group.is.generated', 'ceee82c7-a08a-40bf-9b48-abf7a04319e4', '1', 'd856c990-2cc3-4fba-8ca2-527a13d20946')
/
insert into KSEN_LUI_ATTR (OBJ_ID, ATTR_KEY, OWNER_ID, ATTR_VALUE, ID) values ('0704cd2e-fbc0-41c4-be9a-ce1b3c05f909', 'kuali.attribute.registration.group.aocluster.id', 'ceee82c7-a08a-40bf-9b48-abf7a04319e4', '46ddfb26-00aa-413a-b3eb-58dace6d0c7d', '1194a29d-c46a-4948-80a5-a64cd3689dd6')
/
insert into KSEN_LUI_IDENT (OBJ_ID, VER_NBR, CREATEID, CREATETIME, UPDATEID, UPDATETIME, LUI_CD, DIVISION, IDENT_LEVEL, LNG_NAME, LUI_ID, ORGID, SHRT_NAME, LUI_ID_STATE, SUFX_CD, LUI_ID_TYPE, VARTN, ID) values ('78dab106-3229-429f-b13b-c7c72a37cc14', 0, 'admin', TIMESTAMP '2013-06-04 11:11:57.884', 'admin', TIMESTAMP '2013-06-04 11:11:57.884', '', '', '', '', 'ceee82c7-a08a-40bf-9b48-abf7a04319e4', '', '', 'kuali.lui.identifier.state.active', '', 'kuali.lui.identifier.type.official', '', 'ec2b81e9-c3f9-4d50-9b41-2085ff08f443')
/
insert into KSEN_LUILUI_RELTN (OBJ_ID, VER_NBR, CREATEID, CREATETIME, UPDATEID, UPDATETIME, EFF_DT, EXPIR_DT, DESCR_FORMATTED, LUI_ID, LUILUI_RELTN_STATE, LUILUI_RELTN_TYPE, NAME, DESCR_PLAIN, RELATED_LUI_ID, ID) values ('a7fde75c-0900-45d7-a4ee-33679f1243e8', 0, 'admin', TIMESTAMP '2013-06-04 11:11:57.884', 'admin', TIMESTAMP '2013-06-04 11:11:57.884', TIMESTAMP '2013-06-04 11:12:28.055', '', 'BSCI330-FO-RG', '49adf4bd-2a31-4054-879d-1f1a1abe3682', 'kuali.lui.lui.relation.state.active', 'kuali.lui.lui.relation.type.deliveredvia.fo2rg', 'fo-rg-relation', 'BSCI330-FO-RG', 'ceee82c7-a08a-40bf-9b48-abf7a04319e4', '039a3661-80e3-4eae-a790-0276e3b58737')
/
insert into KSEN_LUILUI_RELTN (OBJ_ID, VER_NBR, CREATEID, CREATETIME, UPDATEID, UPDATETIME, EFF_DT, EXPIR_DT, DESCR_FORMATTED, LUI_ID, LUILUI_RELTN_STATE, LUILUI_RELTN_TYPE, NAME, DESCR_PLAIN, RELATED_LUI_ID, ID) values ('d5856376-d6ed-4f1a-8688-fa37cae8bb72', 0, 'admin', TIMESTAMP '2013-06-04 11:11:57.884', 'admin', TIMESTAMP '2013-06-04 11:11:57.884', TIMESTAMP '2013-06-04 11:12:28.055', '', 'BSCI330-RG-AO', 'ceee82c7-a08a-40bf-9b48-abf7a04319e4', 'kuali.lui.lui.relation.state.active', 'kuali.lui.lui.relation.type.registeredforvia.rg2ao', 'rg-ao-relation', 'BSCI330-RG-AO', '22d6029e-55b6-4be8-85db-e44fda078c14', 'cd325eb9-0164-4c92-a634-44674b82827c')
/
insert into KSEN_LUILUI_RELTN (OBJ_ID, VER_NBR, CREATEID, CREATETIME, UPDATEID, UPDATETIME, EFF_DT, EXPIR_DT, DESCR_FORMATTED, LUI_ID, LUILUI_RELTN_STATE, LUILUI_RELTN_TYPE, NAME, DESCR_PLAIN, RELATED_LUI_ID, ID) values ('80266e0c-bd99-4a6b-a983-466475d54b2d', 0, 'admin', TIMESTAMP '2013-06-04 11:11:57.884', 'admin', TIMESTAMP '2013-06-04 11:11:57.884', TIMESTAMP '2013-06-04 11:12:28.056', '', 'BSCI330-RG-AO', 'ceee82c7-a08a-40bf-9b48-abf7a04319e4', 'kuali.lui.lui.relation.state.active', 'kuali.lui.lui.relation.type.registeredforvia.rg2ao', 'rg-ao-relation', 'BSCI330-RG-AO', 'c7db47af-65a5-4c58-a5d8-95deae522701', 'fcfcc97b-db10-4270-9070-cf161f9b64d8')
/
insert into KSEN_LUI (OBJ_ID, VER_NBR, CREATEID, CREATETIME, UPDATEID, UPDATETIME, ATP_ID, CLU_ID, EFF_DT, EXPIR_DT, DESCR_FORMATTED, LUI_STATE, LUI_TYPE, MAX_SEATS, MIN_SEATS, NAME, DESCR_PLAIN, REF_URL, ID) values ('27267f10-eaa4-4f0b-acba-54284106a018', 0, 'admin', TIMESTAMP '2013-06-04 11:11:57.884', 'admin', TIMESTAMP '2013-06-04 11:11:57.884', 'kuali.atp.2012CETerm1', '56a7d3c8-4a55-46a6-853f-63b393b13dcc', '', '', '1004', 'kuali.lui.registration.group.state.pending', 'kuali.lui.type.registration.group', '', '', '1004', '1004', '', '29924b9b-bbfd-4420-8693-2040fc09a66c')
/
insert into KSEN_LUI_ATTR (OBJ_ID, ATTR_KEY, OWNER_ID, ATTR_VALUE, ID) values ('9a845b63-3c61-4f55-bd23-01e464d5ba2c', 'kuali.attribute.registration.group.is.generated', '29924b9b-bbfd-4420-8693-2040fc09a66c', '1', 'e6889a50-ca5b-4766-beb3-4ad4077a50df')
/
insert into KSEN_LUI_ATTR (OBJ_ID, ATTR_KEY, OWNER_ID, ATTR_VALUE, ID) values ('4702402b-8bff-47a4-860a-30fce9bc6904', 'kuali.attribute.registration.group.aocluster.id', '29924b9b-bbfd-4420-8693-2040fc09a66c', '46ddfb26-00aa-413a-b3eb-58dace6d0c7d', '1bc7e4b1-d1e5-47ff-9cf7-415837e00f12')
/
insert into KSEN_LUI_IDENT (OBJ_ID, VER_NBR, CREATEID, CREATETIME, UPDATEID, UPDATETIME, LUI_CD, DIVISION, IDENT_LEVEL, LNG_NAME, LUI_ID, ORGID, SHRT_NAME, LUI_ID_STATE, SUFX_CD, LUI_ID_TYPE, VARTN, ID) values ('ef684d1d-7f2d-41cf-87db-b5a18818cdf7', 0, 'admin', TIMESTAMP '2013-06-04 11:11:57.884', 'admin', TIMESTAMP '2013-06-04 11:11:57.884', '', '', '', '', '29924b9b-bbfd-4420-8693-2040fc09a66c', '', '', 'kuali.lui.identifier.state.active', '', 'kuali.lui.identifier.type.official', '', 'f903ca41-77e1-46f8-9120-2933913f9eb3')
/
insert into KSEN_LUILUI_RELTN (OBJ_ID, VER_NBR, CREATEID, CREATETIME, UPDATEID, UPDATETIME, EFF_DT, EXPIR_DT, DESCR_FORMATTED, LUI_ID, LUILUI_RELTN_STATE, LUILUI_RELTN_TYPE, NAME, DESCR_PLAIN, RELATED_LUI_ID, ID) values ('d816fb67-3f71-4331-847c-1d4d51b2ce4a', 0, 'admin', TIMESTAMP '2013-06-04 11:11:57.884', 'admin', TIMESTAMP '2013-06-04 11:11:57.884', TIMESTAMP '2013-06-04 11:12:28.303', '', 'BSCI330-FO-RG', '49adf4bd-2a31-4054-879d-1f1a1abe3682', 'kuali.lui.lui.relation.state.active', 'kuali.lui.lui.relation.type.deliveredvia.fo2rg', 'fo-rg-relation', 'BSCI330-FO-RG', '29924b9b-bbfd-4420-8693-2040fc09a66c', '485a12f7-dd26-44f3-a1a1-77523de7087a')
/
insert into KSEN_LUILUI_RELTN (OBJ_ID, VER_NBR, CREATEID, CREATETIME, UPDATEID, UPDATETIME, EFF_DT, EXPIR_DT, DESCR_FORMATTED, LUI_ID, LUILUI_RELTN_STATE, LUILUI_RELTN_TYPE, NAME, DESCR_PLAIN, RELATED_LUI_ID, ID) values ('5c84a8bc-e7a4-4a1b-a11b-1d4d344d1946', 0, 'admin', TIMESTAMP '2013-06-04 11:11:57.884', 'admin', TIMESTAMP '2013-06-04 11:11:57.884', TIMESTAMP '2013-06-04 11:12:28.303', '', 'BSCI330-RG-AO', '29924b9b-bbfd-4420-8693-2040fc09a66c', 'kuali.lui.lui.relation.state.active', 'kuali.lui.lui.relation.type.registeredforvia.rg2ao', 'rg-ao-relation', 'BSCI330-RG-AO', '0e30e2b5-3461-452d-831e-8180c3c158d6', '93e7c178-dddd-4931-942c-827eab583e24')
/
insert into KSEN_LUILUI_RELTN (OBJ_ID, VER_NBR, CREATEID, CREATETIME, UPDATEID, UPDATETIME, EFF_DT, EXPIR_DT, DESCR_FORMATTED, LUI_ID, LUILUI_RELTN_STATE, LUILUI_RELTN_TYPE, NAME, DESCR_PLAIN, RELATED_LUI_ID, ID) values ('e2284b7c-60b4-46df-9340-baaf20c84cde', 0, 'admin', TIMESTAMP '2013-06-04 11:11:57.884', 'admin', TIMESTAMP '2013-06-04 11:11:57.884', TIMESTAMP '2013-06-04 11:12:28.304', '', 'BSCI330-RG-AO', '29924b9b-bbfd-4420-8693-2040fc09a66c', 'kuali.lui.lui.relation.state.active', 'kuali.lui.lui.relation.type.registeredforvia.rg2ao', 'rg-ao-relation', 'BSCI330-RG-AO', 'c7db47af-65a5-4c58-a5d8-95deae522701', '68803e87-51c1-489f-909f-9b331cf072a3')
/
insert into KSEN_LUI (OBJ_ID, VER_NBR, CREATEID, CREATETIME, UPDATEID, UPDATETIME, ATP_ID, CLU_ID, EFF_DT, EXPIR_DT, DESCR_FORMATTED, LUI_STATE, LUI_TYPE, MAX_SEATS, MIN_SEATS, NAME, DESCR_PLAIN, REF_URL, ID) values ('258da2fe-dab6-48a3-a81e-513d6c1a2436', 0, 'admin', TIMESTAMP '2013-06-04 11:11:57.884', 'admin', TIMESTAMP '2013-06-04 11:11:57.884', 'kuali.atp.2012CETerm1', '56a7d3c8-4a55-46a6-853f-63b393b13dcc', '', '', '1005', 'kuali.lui.registration.group.state.pending', 'kuali.lui.type.registration.group', '', '', '1005', '1005', '', '4898f12e-9469-47c1-b4b2-8033cdaa8c5a')
/
insert into KSEN_LUI_ATTR (OBJ_ID, ATTR_KEY, OWNER_ID, ATTR_VALUE, ID) values ('d5765c4e-0ee1-44aa-a81d-463230a199ea', 'kuali.attribute.registration.group.is.generated', '4898f12e-9469-47c1-b4b2-8033cdaa8c5a', '1', 'd60eeab2-8e81-4915-93fa-9783ba1f6679')
/
insert into KSEN_LUI_ATTR (OBJ_ID, ATTR_KEY, OWNER_ID, ATTR_VALUE, ID) values ('35251b2f-2000-4deb-9ec6-8a86c567aaae', 'kuali.attribute.registration.group.aocluster.id', '4898f12e-9469-47c1-b4b2-8033cdaa8c5a', '46ddfb26-00aa-413a-b3eb-58dace6d0c7d', '31556f4a-7bc2-4b65-8e5b-1da77cced4c0')
/
insert into KSEN_LUI_IDENT (OBJ_ID, VER_NBR, CREATEID, CREATETIME, UPDATEID, UPDATETIME, LUI_CD, DIVISION, IDENT_LEVEL, LNG_NAME, LUI_ID, ORGID, SHRT_NAME, LUI_ID_STATE, SUFX_CD, LUI_ID_TYPE, VARTN, ID) values ('5a632ad5-4746-4ab1-899c-c6be2447c00b', 0, 'admin', TIMESTAMP '2013-06-04 11:11:57.884', 'admin', TIMESTAMP '2013-06-04 11:11:57.884', '', '', '', '', '4898f12e-9469-47c1-b4b2-8033cdaa8c5a', '', '', 'kuali.lui.identifier.state.active', '', 'kuali.lui.identifier.type.official', '', 'c45e9437-9595-4a31-a075-390a783341e1')
/
insert into KSEN_LUILUI_RELTN (OBJ_ID, VER_NBR, CREATEID, CREATETIME, UPDATEID, UPDATETIME, EFF_DT, EXPIR_DT, DESCR_FORMATTED, LUI_ID, LUILUI_RELTN_STATE, LUILUI_RELTN_TYPE, NAME, DESCR_PLAIN, RELATED_LUI_ID, ID) values ('552f3603-1580-43af-aa8c-9632bfc810bc', 0, 'admin', TIMESTAMP '2013-06-04 11:11:57.884', 'admin', TIMESTAMP '2013-06-04 11:11:57.884', TIMESTAMP '2013-06-04 11:12:28.549', '', 'BSCI330-FO-RG', '49adf4bd-2a31-4054-879d-1f1a1abe3682', 'kuali.lui.lui.relation.state.active', 'kuali.lui.lui.relation.type.deliveredvia.fo2rg', 'fo-rg-relation', 'BSCI330-FO-RG', '4898f12e-9469-47c1-b4b2-8033cdaa8c5a', 'da18219a-8dc4-42c4-bbe4-f9a2542d2343')
/
insert into KSEN_LUILUI_RELTN (OBJ_ID, VER_NBR, CREATEID, CREATETIME, UPDATEID, UPDATETIME, EFF_DT, EXPIR_DT, DESCR_FORMATTED, LUI_ID, LUILUI_RELTN_STATE, LUILUI_RELTN_TYPE, NAME, DESCR_PLAIN, RELATED_LUI_ID, ID) values ('f6d0ccba-9854-4c5a-9c2f-71f2e54d532e', 0, 'admin', TIMESTAMP '2013-06-04 11:11:57.884', 'admin', TIMESTAMP '2013-06-04 11:11:57.884', TIMESTAMP '2013-06-04 11:12:28.55', '', 'BSCI330-RG-AO', '4898f12e-9469-47c1-b4b2-8033cdaa8c5a', 'kuali.lui.lui.relation.state.active', 'kuali.lui.lui.relation.type.registeredforvia.rg2ao', 'rg-ao-relation', 'BSCI330-RG-AO', '7ba06dd6-9bc7-4c01-a970-b9b7b381b4d1', '0b94ee09-b7ee-4f95-8add-f976c3cbf2d5')
/
insert into KSEN_LUILUI_RELTN (OBJ_ID, VER_NBR, CREATEID, CREATETIME, UPDATEID, UPDATETIME, EFF_DT, EXPIR_DT, DESCR_FORMATTED, LUI_ID, LUILUI_RELTN_STATE, LUILUI_RELTN_TYPE, NAME, DESCR_PLAIN, RELATED_LUI_ID, ID) values ('1b27c6f0-8bbd-4513-ac34-70f501987012', 0, 'admin', TIMESTAMP '2013-06-04 11:11:57.884', 'admin', TIMESTAMP '2013-06-04 11:11:57.884', TIMESTAMP '2013-06-04 11:12:28.55', '', 'BSCI330-RG-AO', '4898f12e-9469-47c1-b4b2-8033cdaa8c5a', 'kuali.lui.lui.relation.state.active', 'kuali.lui.lui.relation.type.registeredforvia.rg2ao', 'rg-ao-relation', 'BSCI330-RG-AO', 'c7db47af-65a5-4c58-a5d8-95deae522701', '5cddc2d0-e962-4e62-ba03-f9157e5e2a04')
/
insert into KSEN_LUI (OBJ_ID, VER_NBR, CREATEID, CREATETIME, UPDATEID, UPDATETIME, ATP_ID, CLU_ID, EFF_DT, EXPIR_DT, DESCR_FORMATTED, LUI_STATE, LUI_TYPE, MAX_SEATS, MIN_SEATS, NAME, DESCR_PLAIN, REF_URL, ID) values ('6704783d-95b2-4a46-bbc4-87d9dbe12ee7', 0, 'admin', TIMESTAMP '2013-06-04 11:11:57.884', 'admin', TIMESTAMP '2013-06-04 11:11:57.884', 'kuali.atp.2012CETerm1', '56a7d3c8-4a55-46a6-853f-63b393b13dcc', '', '', '1006', 'kuali.lui.registration.group.state.pending', 'kuali.lui.type.registration.group', '', '', '1006', '1006', '', 'ef21cb78-14d6-45d4-bf41-5858febda5c6')
/
insert into KSEN_LUI_ATTR (OBJ_ID, ATTR_KEY, OWNER_ID, ATTR_VALUE, ID) values ('a867a3a5-e822-48a7-95ce-fb534bf7de40', 'kuali.attribute.registration.group.aocluster.id', 'ef21cb78-14d6-45d4-bf41-5858febda5c6', '46ddfb26-00aa-413a-b3eb-58dace6d0c7d', 'b540c45a-7c29-4003-a421-a1598fc6e8bd')
/
insert into KSEN_LUI_ATTR (OBJ_ID, ATTR_KEY, OWNER_ID, ATTR_VALUE, ID) values ('3db5a2f1-fc96-4893-9ce9-e6680d765d60', 'kuali.attribute.registration.group.is.generated', 'ef21cb78-14d6-45d4-bf41-5858febda5c6', '1', 'f7b55f1a-e492-4d93-9a28-1bc8580a0988')
/
insert into KSEN_LUI_IDENT (OBJ_ID, VER_NBR, CREATEID, CREATETIME, UPDATEID, UPDATETIME, LUI_CD, DIVISION, IDENT_LEVEL, LNG_NAME, LUI_ID, ORGID, SHRT_NAME, LUI_ID_STATE, SUFX_CD, LUI_ID_TYPE, VARTN, ID) values ('ba720ca8-f621-4842-b9f7-4381f3f6b1e4', 0, 'admin', TIMESTAMP '2013-06-04 11:11:57.884', 'admin', TIMESTAMP '2013-06-04 11:11:57.884', '', '', '', '', 'ef21cb78-14d6-45d4-bf41-5858febda5c6', '', '', 'kuali.lui.identifier.state.active', '', 'kuali.lui.identifier.type.official', '', 'd99aba49-a63d-4f65-b139-96bea674b967')
/
insert into KSEN_LUILUI_RELTN (OBJ_ID, VER_NBR, CREATEID, CREATETIME, UPDATEID, UPDATETIME, EFF_DT, EXPIR_DT, DESCR_FORMATTED, LUI_ID, LUILUI_RELTN_STATE, LUILUI_RELTN_TYPE, NAME, DESCR_PLAIN, RELATED_LUI_ID, ID) values ('59a4e8d8-0d12-4661-bbdf-f6476abe340b', 0, 'admin', TIMESTAMP '2013-06-04 11:11:57.884', 'admin', TIMESTAMP '2013-06-04 11:11:57.884', TIMESTAMP '2013-06-04 11:12:28.805', '', 'BSCI330-FO-RG', '49adf4bd-2a31-4054-879d-1f1a1abe3682', 'kuali.lui.lui.relation.state.active', 'kuali.lui.lui.relation.type.deliveredvia.fo2rg', 'fo-rg-relation', 'BSCI330-FO-RG', 'ef21cb78-14d6-45d4-bf41-5858febda5c6', '87ee591e-1ed4-4cf2-9625-f1cfdfefaaec')
/
insert into KSEN_LUILUI_RELTN (OBJ_ID, VER_NBR, CREATEID, CREATETIME, UPDATEID, UPDATETIME, EFF_DT, EXPIR_DT, DESCR_FORMATTED, LUI_ID, LUILUI_RELTN_STATE, LUILUI_RELTN_TYPE, NAME, DESCR_PLAIN, RELATED_LUI_ID, ID) values ('527ce094-d5a6-4add-8cc4-52fdeac8ad7a', 0, 'admin', TIMESTAMP '2013-06-04 11:11:57.884', 'admin', TIMESTAMP '2013-06-04 11:11:57.884', TIMESTAMP '2013-06-04 11:12:28.806', '', 'BSCI330-RG-AO', 'ef21cb78-14d6-45d4-bf41-5858febda5c6', 'kuali.lui.lui.relation.state.active', 'kuali.lui.lui.relation.type.registeredforvia.rg2ao', 'rg-ao-relation', 'BSCI330-RG-AO', '980c2079-cf32-4e87-b17d-b826bff9aacd', 'c5a6b4ba-73be-439e-862c-c4baacca1853')
/
insert into KSEN_LUILUI_RELTN (OBJ_ID, VER_NBR, CREATEID, CREATETIME, UPDATEID, UPDATETIME, EFF_DT, EXPIR_DT, DESCR_FORMATTED, LUI_ID, LUILUI_RELTN_STATE, LUILUI_RELTN_TYPE, NAME, DESCR_PLAIN, RELATED_LUI_ID, ID) values ('8ba9abe5-f0f1-48ad-8d46-dde6fb500dc6', 0, 'admin', TIMESTAMP '2013-06-04 11:11:57.884', 'admin', TIMESTAMP '2013-06-04 11:11:57.884', TIMESTAMP '2013-06-04 11:12:28.807', '', 'BSCI330-RG-AO', 'ef21cb78-14d6-45d4-bf41-5858febda5c6', 'kuali.lui.lui.relation.state.active', 'kuali.lui.lui.relation.type.registeredforvia.rg2ao', 'rg-ao-relation', 'BSCI330-RG-AO', 'c7db47af-65a5-4c58-a5d8-95deae522701', 'd014c85f-16ef-4d9f-80ba-2ca4f367f818')
/
insert into KSEN_LUI (OBJ_ID, VER_NBR, CREATEID, CREATETIME, UPDATEID, UPDATETIME, ATP_ID, CLU_ID, EFF_DT, EXPIR_DT, DESCR_FORMATTED, LUI_STATE, LUI_TYPE, MAX_SEATS, MIN_SEATS, NAME, DESCR_PLAIN, REF_URL, ID) values ('258c4fbe-2df2-4d75-8131-e8ed54409e33', 0, 'admin', TIMESTAMP '2013-06-04 11:11:57.884', 'admin', TIMESTAMP '2013-06-04 11:11:57.884', 'kuali.atp.2012CETerm1', '56a7d3c8-4a55-46a6-853f-63b393b13dcc', '', '', '1007', 'kuali.lui.registration.group.state.pending', 'kuali.lui.type.registration.group', '', '', '1007', '1007', '', 'a2b3d400-caff-4299-8c56-36647db30a2c')
/
insert into KSEN_LUI_ATTR (OBJ_ID, ATTR_KEY, OWNER_ID, ATTR_VALUE, ID) values ('0a0dbb4c-7f01-4079-b941-155c31b87d17', 'kuali.attribute.registration.group.aocluster.id', 'a2b3d400-caff-4299-8c56-36647db30a2c', '46ddfb26-00aa-413a-b3eb-58dace6d0c7d', 'cddc1418-2ae7-40d6-b844-fef22c88fce2')
/
insert into KSEN_LUI_ATTR (OBJ_ID, ATTR_KEY, OWNER_ID, ATTR_VALUE, ID) values ('ec80a626-4716-4335-b9ed-45c90ee0a2b0', 'kuali.attribute.registration.group.is.generated', 'a2b3d400-caff-4299-8c56-36647db30a2c', '1', '751b73e9-645c-4dd4-8fa7-c818dabd7cb1')
/
insert into KSEN_LUI_IDENT (OBJ_ID, VER_NBR, CREATEID, CREATETIME, UPDATEID, UPDATETIME, LUI_CD, DIVISION, IDENT_LEVEL, LNG_NAME, LUI_ID, ORGID, SHRT_NAME, LUI_ID_STATE, SUFX_CD, LUI_ID_TYPE, VARTN, ID) values ('0a89588d-33d0-4757-a9ba-3138aa0af88b', 0, 'admin', TIMESTAMP '2013-06-04 11:11:57.884', 'admin', TIMESTAMP '2013-06-04 11:11:57.884', '', '', '', '', 'a2b3d400-caff-4299-8c56-36647db30a2c', '', '', 'kuali.lui.identifier.state.active', '', 'kuali.lui.identifier.type.official', '', '20b10fde-dec7-4fa2-9946-dd13415a704d')
/
insert into KSEN_LUILUI_RELTN (OBJ_ID, VER_NBR, CREATEID, CREATETIME, UPDATEID, UPDATETIME, EFF_DT, EXPIR_DT, DESCR_FORMATTED, LUI_ID, LUILUI_RELTN_STATE, LUILUI_RELTN_TYPE, NAME, DESCR_PLAIN, RELATED_LUI_ID, ID) values ('9d3d7251-e52a-4e94-b1e8-81acfe9ed9b8', 0, 'admin', TIMESTAMP '2013-06-04 11:11:57.884', 'admin', TIMESTAMP '2013-06-04 11:11:57.884', TIMESTAMP '2013-06-04 11:12:29.06', '', 'BSCI330-FO-RG', '49adf4bd-2a31-4054-879d-1f1a1abe3682', 'kuali.lui.lui.relation.state.active', 'kuali.lui.lui.relation.type.deliveredvia.fo2rg', 'fo-rg-relation', 'BSCI330-FO-RG', 'a2b3d400-caff-4299-8c56-36647db30a2c', 'bfbbf9d9-2293-4f70-8378-291398efd562')
/
insert into KSEN_LUILUI_RELTN (OBJ_ID, VER_NBR, CREATEID, CREATETIME, UPDATEID, UPDATETIME, EFF_DT, EXPIR_DT, DESCR_FORMATTED, LUI_ID, LUILUI_RELTN_STATE, LUILUI_RELTN_TYPE, NAME, DESCR_PLAIN, RELATED_LUI_ID, ID) values ('f3b5f154-cf79-4e48-b1c2-47acf32e6ed3', 0, 'admin', TIMESTAMP '2013-06-04 11:11:57.884', 'admin', TIMESTAMP '2013-06-04 11:11:57.884', TIMESTAMP '2013-06-04 11:12:29.061', '', 'BSCI330-RG-AO', 'a2b3d400-caff-4299-8c56-36647db30a2c', 'kuali.lui.lui.relation.state.active', 'kuali.lui.lui.relation.type.registeredforvia.rg2ao', 'rg-ao-relation', 'BSCI330-RG-AO', 'd6e8f5d5-3b33-4155-8ca0-78c6f983d3f5', 'b3446a52-7e59-4242-9aff-1c7f2238f986')
/
insert into KSEN_LUILUI_RELTN (OBJ_ID, VER_NBR, CREATEID, CREATETIME, UPDATEID, UPDATETIME, EFF_DT, EXPIR_DT, DESCR_FORMATTED, LUI_ID, LUILUI_RELTN_STATE, LUILUI_RELTN_TYPE, NAME, DESCR_PLAIN, RELATED_LUI_ID, ID) values ('3baa9d3f-44a5-4ff5-8ee1-ad1ee8d67cad', 0, 'admin', TIMESTAMP '2013-06-04 11:11:57.884', 'admin', TIMESTAMP '2013-06-04 11:11:57.884', TIMESTAMP '2013-06-04 11:12:29.062', '', 'BSCI330-RG-AO', 'a2b3d400-caff-4299-8c56-36647db30a2c', 'kuali.lui.lui.relation.state.active', 'kuali.lui.lui.relation.type.registeredforvia.rg2ao', 'rg-ao-relation', 'BSCI330-RG-AO', 'c7db47af-65a5-4c58-a5d8-95deae522701', '550727a7-c358-40af-a3b9-493c4ec1cae5')
/
insert into KSEN_LUI (OBJ_ID, VER_NBR, CREATEID, CREATETIME, UPDATEID, UPDATETIME, ATP_ID, CLU_ID, EFF_DT, EXPIR_DT, DESCR_FORMATTED, LUI_STATE, LUI_TYPE, MAX_SEATS, MIN_SEATS, NAME, DESCR_PLAIN, REF_URL, ID) values ('9ed5a214-a1d7-41db-995b-7e70f998baa9', 0, 'admin', TIMESTAMP '2013-06-04 11:11:57.884', 'admin', TIMESTAMP '2013-06-04 11:11:57.884', 'kuali.atp.2012CETerm1', '56a7d3c8-4a55-46a6-853f-63b393b13dcc', '', '', '1008', 'kuali.lui.registration.group.state.pending', 'kuali.lui.type.registration.group', '', '', '1008', '1008', '', '72c9412a-55fa-4d3c-8b21-622800ff35d4')
/
insert into KSEN_LUI_ATTR (OBJ_ID, ATTR_KEY, OWNER_ID, ATTR_VALUE, ID) values ('1b5749bb-8fbd-4e85-bc16-738384d68ecf', 'kuali.attribute.registration.group.is.generated', '72c9412a-55fa-4d3c-8b21-622800ff35d4', '1', 'b1fad4c7-9602-4331-8cfe-d7b276095ea1')
/
insert into KSEN_LUI_ATTR (OBJ_ID, ATTR_KEY, OWNER_ID, ATTR_VALUE, ID) values ('325d8fec-864b-433a-b001-1a2cbf03fc0c', 'kuali.attribute.registration.group.aocluster.id', '72c9412a-55fa-4d3c-8b21-622800ff35d4', '46ddfb26-00aa-413a-b3eb-58dace6d0c7d', '1e3666dc-5034-4a0c-8c14-6a0d714ced00')
/
insert into KSEN_LUI_IDENT (OBJ_ID, VER_NBR, CREATEID, CREATETIME, UPDATEID, UPDATETIME, LUI_CD, DIVISION, IDENT_LEVEL, LNG_NAME, LUI_ID, ORGID, SHRT_NAME, LUI_ID_STATE, SUFX_CD, LUI_ID_TYPE, VARTN, ID) values ('11278af8-b72f-4f18-9081-e54d4c5c68c8', 0, 'admin', TIMESTAMP '2013-06-04 11:11:57.884', 'admin', TIMESTAMP '2013-06-04 11:11:57.884', '', '', '', '', '72c9412a-55fa-4d3c-8b21-622800ff35d4', '', '', 'kuali.lui.identifier.state.active', '', 'kuali.lui.identifier.type.official', '', 'fa81bc3a-cd05-47e4-ae3d-ada9b439ae47')
/
insert into KSEN_LUILUI_RELTN (OBJ_ID, VER_NBR, CREATEID, CREATETIME, UPDATEID, UPDATETIME, EFF_DT, EXPIR_DT, DESCR_FORMATTED, LUI_ID, LUILUI_RELTN_STATE, LUILUI_RELTN_TYPE, NAME, DESCR_PLAIN, RELATED_LUI_ID, ID) values ('95a96b10-6e51-4ac1-b463-cf5423c32334', 0, 'admin', TIMESTAMP '2013-06-04 11:11:57.884', 'admin', TIMESTAMP '2013-06-04 11:11:57.884', TIMESTAMP '2013-06-04 11:12:29.317', '', 'BSCI330-FO-RG', '49adf4bd-2a31-4054-879d-1f1a1abe3682', 'kuali.lui.lui.relation.state.active', 'kuali.lui.lui.relation.type.deliveredvia.fo2rg', 'fo-rg-relation', 'BSCI330-FO-RG', '72c9412a-55fa-4d3c-8b21-622800ff35d4', '50317b74-d949-410e-a4dd-d1cd9263d2c4')
/
insert into KSEN_LUILUI_RELTN (OBJ_ID, VER_NBR, CREATEID, CREATETIME, UPDATEID, UPDATETIME, EFF_DT, EXPIR_DT, DESCR_FORMATTED, LUI_ID, LUILUI_RELTN_STATE, LUILUI_RELTN_TYPE, NAME, DESCR_PLAIN, RELATED_LUI_ID, ID) values ('20203344-6c24-4e6f-8cd1-a1ffeeac86aa', 0, 'admin', TIMESTAMP '2013-06-04 11:11:57.884', 'admin', TIMESTAMP '2013-06-04 11:11:57.884', TIMESTAMP '2013-06-04 11:12:29.318', '', 'BSCI330-RG-AO', '72c9412a-55fa-4d3c-8b21-622800ff35d4', 'kuali.lui.lui.relation.state.active', 'kuali.lui.lui.relation.type.registeredforvia.rg2ao', 'rg-ao-relation', 'BSCI330-RG-AO', '2d8c513f-6273-4a98-9cbd-5519c1857804', '5ff9aa1b-2f1a-4a71-8d8e-49671c8549b9')
/
insert into KSEN_LUILUI_RELTN (OBJ_ID, VER_NBR, CREATEID, CREATETIME, UPDATEID, UPDATETIME, EFF_DT, EXPIR_DT, DESCR_FORMATTED, LUI_ID, LUILUI_RELTN_STATE, LUILUI_RELTN_TYPE, NAME, DESCR_PLAIN, RELATED_LUI_ID, ID) values ('0eecfbc8-7c96-4938-b92e-41f0b0d9aa71', 0, 'admin', TIMESTAMP '2013-06-04 11:11:57.884', 'admin', TIMESTAMP '2013-06-04 11:11:57.884', TIMESTAMP '2013-06-04 11:12:29.318', '', 'BSCI330-RG-AO', '72c9412a-55fa-4d3c-8b21-622800ff35d4', 'kuali.lui.lui.relation.state.active', 'kuali.lui.lui.relation.type.registeredforvia.rg2ao', 'rg-ao-relation', 'BSCI330-RG-AO', 'c7db47af-65a5-4c58-a5d8-95deae522701', 'f6db6970-8c34-4ec8-9283-3a11c5ffb323')
/
insert into KSEN_LUI (OBJ_ID, VER_NBR, CREATEID, CREATETIME, UPDATEID, UPDATETIME, ATP_ID, CLU_ID, EFF_DT, EXPIR_DT, DESCR_FORMATTED, LUI_STATE, LUI_TYPE, MAX_SEATS, MIN_SEATS, NAME, DESCR_PLAIN, REF_URL, ID) values ('91b2796a-8379-41e7-a2d7-d804e11f423f', 0, 'admin', TIMESTAMP '2013-06-04 11:11:57.884', 'admin', TIMESTAMP '2013-06-04 11:11:57.884', 'kuali.atp.2012CETerm1', '56a7d3c8-4a55-46a6-853f-63b393b13dcc', '', '', '1009', 'kuali.lui.registration.group.state.pending', 'kuali.lui.type.registration.group', '', '', '1009', '1009', '', '40811dc3-dc84-4b46-83ba-ced1585f09e5')
/
insert into KSEN_LUI_ATTR (OBJ_ID, ATTR_KEY, OWNER_ID, ATTR_VALUE, ID) values ('78af35cc-aaa5-42d0-90fc-c598a98073e3', 'kuali.attribute.registration.group.is.generated', '40811dc3-dc84-4b46-83ba-ced1585f09e5', '1', '50de2e20-6c3c-4cf6-828a-7e546a23f681')
/
insert into KSEN_LUI_ATTR (OBJ_ID, ATTR_KEY, OWNER_ID, ATTR_VALUE, ID) values ('47a59de4-4b12-478c-afed-f8c4b0c6b06d', 'kuali.attribute.registration.group.aocluster.id', '40811dc3-dc84-4b46-83ba-ced1585f09e5', '46ddfb26-00aa-413a-b3eb-58dace6d0c7d', '136f481b-9d86-4406-b3d1-348e4a1fadec')
/
insert into KSEN_LUI_IDENT (OBJ_ID, VER_NBR, CREATEID, CREATETIME, UPDATEID, UPDATETIME, LUI_CD, DIVISION, IDENT_LEVEL, LNG_NAME, LUI_ID, ORGID, SHRT_NAME, LUI_ID_STATE, SUFX_CD, LUI_ID_TYPE, VARTN, ID) values ('2b0bdb05-2c7f-4ac6-be8a-bc0f4893c44b', 0, 'admin', TIMESTAMP '2013-06-04 11:11:57.884', 'admin', TIMESTAMP '2013-06-04 11:11:57.884', '', '', '', '', '40811dc3-dc84-4b46-83ba-ced1585f09e5', '', '', 'kuali.lui.identifier.state.active', '', 'kuali.lui.identifier.type.official', '', '08b3f67a-0106-4225-a5ff-b56214f7cc53')
/
insert into KSEN_LUILUI_RELTN (OBJ_ID, VER_NBR, CREATEID, CREATETIME, UPDATEID, UPDATETIME, EFF_DT, EXPIR_DT, DESCR_FORMATTED, LUI_ID, LUILUI_RELTN_STATE, LUILUI_RELTN_TYPE, NAME, DESCR_PLAIN, RELATED_LUI_ID, ID) values ('050d8bbf-c9cf-4439-ad94-92b1427569e0', 0, 'admin', TIMESTAMP '2013-06-04 11:11:57.884', 'admin', TIMESTAMP '2013-06-04 11:11:57.884', TIMESTAMP '2013-06-04 11:12:29.579', '', 'BSCI330-FO-RG', '49adf4bd-2a31-4054-879d-1f1a1abe3682', 'kuali.lui.lui.relation.state.active', 'kuali.lui.lui.relation.type.deliveredvia.fo2rg', 'fo-rg-relation', 'BSCI330-FO-RG', '40811dc3-dc84-4b46-83ba-ced1585f09e5', '6fa56b0b-fd45-4dcd-860c-5845e656457c')
/
insert into KSEN_LUILUI_RELTN (OBJ_ID, VER_NBR, CREATEID, CREATETIME, UPDATEID, UPDATETIME, EFF_DT, EXPIR_DT, DESCR_FORMATTED, LUI_ID, LUILUI_RELTN_STATE, LUILUI_RELTN_TYPE, NAME, DESCR_PLAIN, RELATED_LUI_ID, ID) values ('81f0b47c-fd89-47a0-a93a-6a63ff96a563', 0, 'admin', TIMESTAMP '2013-06-04 11:11:57.884', 'admin', TIMESTAMP '2013-06-04 11:11:57.884', TIMESTAMP '2013-06-04 11:12:29.579', '', 'BSCI330-RG-AO', '40811dc3-dc84-4b46-83ba-ced1585f09e5', 'kuali.lui.lui.relation.state.active', 'kuali.lui.lui.relation.type.registeredforvia.rg2ao', 'rg-ao-relation', 'BSCI330-RG-AO', '1f9559e1-30b5-4a99-ac81-ce6d7de4871a', '6d2a7cd4-b3b4-46e9-af00-14cfbc57c796')
/
insert into KSEN_LUILUI_RELTN (OBJ_ID, VER_NBR, CREATEID, CREATETIME, UPDATEID, UPDATETIME, EFF_DT, EXPIR_DT, DESCR_FORMATTED, LUI_ID, LUILUI_RELTN_STATE, LUILUI_RELTN_TYPE, NAME, DESCR_PLAIN, RELATED_LUI_ID, ID) values ('a275aa24-8172-47f0-bd8e-e7d5201ea918', 0, 'admin', TIMESTAMP '2013-06-04 11:11:57.884', 'admin', TIMESTAMP '2013-06-04 11:11:57.884', TIMESTAMP '2013-06-04 11:12:29.58', '', 'BSCI330-RG-AO', '40811dc3-dc84-4b46-83ba-ced1585f09e5', 'kuali.lui.lui.relation.state.active', 'kuali.lui.lui.relation.type.registeredforvia.rg2ao', 'rg-ao-relation', 'BSCI330-RG-AO', 'c7db47af-65a5-4c58-a5d8-95deae522701', 'bff40609-95b2-4828-8dc6-a069053f2709')
/
insert into KSEN_LUI (OBJ_ID, VER_NBR, CREATEID, CREATETIME, UPDATEID, UPDATETIME, ATP_ID, CLU_ID, EFF_DT, EXPIR_DT, DESCR_FORMATTED, LUI_STATE, LUI_TYPE, MAX_SEATS, MIN_SEATS, NAME, DESCR_PLAIN, REF_URL, ID) values ('95e4db1c-ebe1-4c6c-b64f-d7f47cf13098', 0, 'admin', TIMESTAMP '2013-06-04 11:11:57.884', 'admin', TIMESTAMP '2013-06-04 11:11:57.884', 'kuali.atp.2012CETerm1', '56a7d3c8-4a55-46a6-853f-63b393b13dcc', '', '', '1010', 'kuali.lui.registration.group.state.pending', 'kuali.lui.type.registration.group', '', '', '1010', '1010', '', 'e0ac2fd2-8ef9-4d95-958a-2098f3d2ec00')
/
insert into KSEN_LUI_ATTR (OBJ_ID, ATTR_KEY, OWNER_ID, ATTR_VALUE, ID) values ('4f525ea2-e270-4fd6-9bd2-4802514b019b', 'kuali.attribute.registration.group.aocluster.id', 'e0ac2fd2-8ef9-4d95-958a-2098f3d2ec00', '46ddfb26-00aa-413a-b3eb-58dace6d0c7d', 'f471eb6d-5218-4f0c-ae9f-8fca2aaab068')
/
insert into KSEN_LUI_ATTR (OBJ_ID, ATTR_KEY, OWNER_ID, ATTR_VALUE, ID) values ('d13deba9-207e-4407-ba9d-b3d5f99ee3d5', 'kuali.attribute.registration.group.is.generated', 'e0ac2fd2-8ef9-4d95-958a-2098f3d2ec00', '1', '63c3e1c6-8960-4ff5-9256-a85c397c16d8')
/
insert into KSEN_LUI_IDENT (OBJ_ID, VER_NBR, CREATEID, CREATETIME, UPDATEID, UPDATETIME, LUI_CD, DIVISION, IDENT_LEVEL, LNG_NAME, LUI_ID, ORGID, SHRT_NAME, LUI_ID_STATE, SUFX_CD, LUI_ID_TYPE, VARTN, ID) values ('5de6414c-b019-4a84-a921-69decc778dbb', 0, 'admin', TIMESTAMP '2013-06-04 11:11:57.884', 'admin', TIMESTAMP '2013-06-04 11:11:57.884', '', '', '', '', 'e0ac2fd2-8ef9-4d95-958a-2098f3d2ec00', '', '', 'kuali.lui.identifier.state.active', '', 'kuali.lui.identifier.type.official', '', '91890b3d-9c79-4ecd-9341-14bf108caca9')
/
insert into KSEN_LUILUI_RELTN (OBJ_ID, VER_NBR, CREATEID, CREATETIME, UPDATEID, UPDATETIME, EFF_DT, EXPIR_DT, DESCR_FORMATTED, LUI_ID, LUILUI_RELTN_STATE, LUILUI_RELTN_TYPE, NAME, DESCR_PLAIN, RELATED_LUI_ID, ID) values ('4f90fa5d-8ea9-48af-a276-ce3ed415dd9f', 0, 'admin', TIMESTAMP '2013-06-04 11:11:57.884', 'admin', TIMESTAMP '2013-06-04 11:11:57.884', TIMESTAMP '2013-06-04 11:12:29.828', '', 'BSCI330-FO-RG', '49adf4bd-2a31-4054-879d-1f1a1abe3682', 'kuali.lui.lui.relation.state.active', 'kuali.lui.lui.relation.type.deliveredvia.fo2rg', 'fo-rg-relation', 'BSCI330-FO-RG', 'e0ac2fd2-8ef9-4d95-958a-2098f3d2ec00', '4f084f60-2ba4-4aea-a734-0ea149209fd1')
/
insert into KSEN_LUILUI_RELTN (OBJ_ID, VER_NBR, CREATEID, CREATETIME, UPDATEID, UPDATETIME, EFF_DT, EXPIR_DT, DESCR_FORMATTED, LUI_ID, LUILUI_RELTN_STATE, LUILUI_RELTN_TYPE, NAME, DESCR_PLAIN, RELATED_LUI_ID, ID) values ('f894ef30-7136-4bc6-9a8f-8850d05ad232', 0, 'admin', TIMESTAMP '2013-06-04 11:11:57.884', 'admin', TIMESTAMP '2013-06-04 11:11:57.884', TIMESTAMP '2013-06-04 11:12:29.829', '', 'BSCI330-RG-AO', 'e0ac2fd2-8ef9-4d95-958a-2098f3d2ec00', 'kuali.lui.lui.relation.state.active', 'kuali.lui.lui.relation.type.registeredforvia.rg2ao', 'rg-ao-relation', 'BSCI330-RG-AO', '03b568fc-aeed-4963-bfc9-4f6382d25dec', '61aeb1d3-6689-453b-be94-7c65497121df')
/
insert into KSEN_LUILUI_RELTN (OBJ_ID, VER_NBR, CREATEID, CREATETIME, UPDATEID, UPDATETIME, EFF_DT, EXPIR_DT, DESCR_FORMATTED, LUI_ID, LUILUI_RELTN_STATE, LUILUI_RELTN_TYPE, NAME, DESCR_PLAIN, RELATED_LUI_ID, ID) values ('33f629f0-1801-4d8c-9bfb-94dc592cc43c', 0, 'admin', TIMESTAMP '2013-06-04 11:11:57.884', 'admin', TIMESTAMP '2013-06-04 11:11:57.884', TIMESTAMP '2013-06-04 11:12:29.829', '', 'BSCI330-RG-AO', 'e0ac2fd2-8ef9-4d95-958a-2098f3d2ec00', 'kuali.lui.lui.relation.state.active', 'kuali.lui.lui.relation.type.registeredforvia.rg2ao', 'rg-ao-relation', 'BSCI330-RG-AO', 'c7db47af-65a5-4c58-a5d8-95deae522701', '2f5c70c4-0a09-45ea-868d-364d71e08778')
/
insert into KSEN_LUI (OBJ_ID, VER_NBR, CREATEID, CREATETIME, UPDATEID, UPDATETIME, ATP_ID, CLU_ID, EFF_DT, EXPIR_DT, DESCR_FORMATTED, LUI_STATE, LUI_TYPE, MAX_SEATS, MIN_SEATS, NAME, DESCR_PLAIN, REF_URL, ID) values ('a4b72022-5308-4657-ac3f-9b3e366994b9', 0, 'admin', TIMESTAMP '2013-06-04 11:11:57.884', 'admin', TIMESTAMP '2013-06-04 11:11:57.884', 'kuali.atp.2012CETerm1', '56a7d3c8-4a55-46a6-853f-63b393b13dcc', '', '', '1011', 'kuali.lui.registration.group.state.pending', 'kuali.lui.type.registration.group', '', '', '1011', '1011', '', '8d4edc32-d0c5-4c6d-a2c0-5b186ccba62f')
/
insert into KSEN_LUI_ATTR (OBJ_ID, ATTR_KEY, OWNER_ID, ATTR_VALUE, ID) values ('912a2a3f-584b-4f27-a3b1-a0be401c89ef', 'kuali.attribute.registration.group.is.generated', '8d4edc32-d0c5-4c6d-a2c0-5b186ccba62f', '1', 'bf460d8d-c01f-4d5e-967c-945500b1c8d9')
/
insert into KSEN_LUI_ATTR (OBJ_ID, ATTR_KEY, OWNER_ID, ATTR_VALUE, ID) values ('db47a41a-e899-4a7d-b821-b3c4a2d74ccc', 'kuali.attribute.registration.group.aocluster.id', '8d4edc32-d0c5-4c6d-a2c0-5b186ccba62f', '46ddfb26-00aa-413a-b3eb-58dace6d0c7d', '6324cdbb-7b34-4c3b-bdc1-613956cca6c4')
/
insert into KSEN_LUI_IDENT (OBJ_ID, VER_NBR, CREATEID, CREATETIME, UPDATEID, UPDATETIME, LUI_CD, DIVISION, IDENT_LEVEL, LNG_NAME, LUI_ID, ORGID, SHRT_NAME, LUI_ID_STATE, SUFX_CD, LUI_ID_TYPE, VARTN, ID) values ('e94f0c44-5d22-410a-8747-41a67adcd404', 0, 'admin', TIMESTAMP '2013-06-04 11:11:57.884', 'admin', TIMESTAMP '2013-06-04 11:11:57.884', '', '', '', '', '8d4edc32-d0c5-4c6d-a2c0-5b186ccba62f', '', '', 'kuali.lui.identifier.state.active', '', 'kuali.lui.identifier.type.official', '', 'b5f00a26-aaf6-4ae7-a58f-b3f9f022ddc1')
/
insert into KSEN_LUILUI_RELTN (OBJ_ID, VER_NBR, CREATEID, CREATETIME, UPDATEID, UPDATETIME, EFF_DT, EXPIR_DT, DESCR_FORMATTED, LUI_ID, LUILUI_RELTN_STATE, LUILUI_RELTN_TYPE, NAME, DESCR_PLAIN, RELATED_LUI_ID, ID) values ('67ad10f4-96da-441f-b71c-60a8c02c146a', 0, 'admin', TIMESTAMP '2013-06-04 11:11:57.884', 'admin', TIMESTAMP '2013-06-04 11:11:57.884', TIMESTAMP '2013-06-04 11:12:30.098', '', 'BSCI330-FO-RG', '49adf4bd-2a31-4054-879d-1f1a1abe3682', 'kuali.lui.lui.relation.state.active', 'kuali.lui.lui.relation.type.deliveredvia.fo2rg', 'fo-rg-relation', 'BSCI330-FO-RG', '8d4edc32-d0c5-4c6d-a2c0-5b186ccba62f', '6c23a8f7-7811-4a2d-9110-142154d20952')
/
insert into KSEN_LUILUI_RELTN (OBJ_ID, VER_NBR, CREATEID, CREATETIME, UPDATEID, UPDATETIME, EFF_DT, EXPIR_DT, DESCR_FORMATTED, LUI_ID, LUILUI_RELTN_STATE, LUILUI_RELTN_TYPE, NAME, DESCR_PLAIN, RELATED_LUI_ID, ID) values ('15727ecc-ea82-4aa0-8ce3-6fe8d94f2859', 0, 'admin', TIMESTAMP '2013-06-04 11:11:57.884', 'admin', TIMESTAMP '2013-06-04 11:11:57.884', TIMESTAMP '2013-06-04 11:12:30.099', '', 'BSCI330-RG-AO', '8d4edc32-d0c5-4c6d-a2c0-5b186ccba62f', 'kuali.lui.lui.relation.state.active', 'kuali.lui.lui.relation.type.registeredforvia.rg2ao', 'rg-ao-relation', 'BSCI330-RG-AO', '188f9ca9-ecbc-45a7-a2ea-95962bb9951b', '09f23614-d01a-41cd-8b3c-8272b6de025b')
/
insert into KSEN_LUILUI_RELTN (OBJ_ID, VER_NBR, CREATEID, CREATETIME, UPDATEID, UPDATETIME, EFF_DT, EXPIR_DT, DESCR_FORMATTED, LUI_ID, LUILUI_RELTN_STATE, LUILUI_RELTN_TYPE, NAME, DESCR_PLAIN, RELATED_LUI_ID, ID) values ('1ba980c4-3407-40b5-b368-d97b8c5824fb', 0, 'admin', TIMESTAMP '2013-06-04 11:11:57.884', 'admin', TIMESTAMP '2013-06-04 11:11:57.884', TIMESTAMP '2013-06-04 11:12:30.099', '', 'BSCI330-RG-AO', '8d4edc32-d0c5-4c6d-a2c0-5b186ccba62f', 'kuali.lui.lui.relation.state.active', 'kuali.lui.lui.relation.type.registeredforvia.rg2ao', 'rg-ao-relation', 'BSCI330-RG-AO', 'c7db47af-65a5-4c58-a5d8-95deae522701', '32b1565a-1f7d-4194-a2bb-8feecc490c59')
/
insert into KSEN_LUI (OBJ_ID, VER_NBR, CREATEID, CREATETIME, UPDATEID, UPDATETIME, ATP_ID, CLU_ID, EFF_DT, EXPIR_DT, DESCR_FORMATTED, LUI_STATE, LUI_TYPE, MAX_SEATS, MIN_SEATS, NAME, DESCR_PLAIN, REF_URL, ID) values ('0f180a08-8afb-4583-86da-cb87a8ede887', 0, 'admin', TIMESTAMP '2013-06-04 11:11:57.884', 'admin', TIMESTAMP '2013-06-04 11:11:57.884', 'kuali.atp.2012CETerm1', '56a7d3c8-4a55-46a6-853f-63b393b13dcc', '', '', '1012', 'kuali.lui.registration.group.state.pending', 'kuali.lui.type.registration.group', '', '', '1012', '1012', '', '611dcf59-6348-4a8f-85b9-835ddbc58dab')
/
insert into KSEN_LUI_ATTR (OBJ_ID, ATTR_KEY, OWNER_ID, ATTR_VALUE, ID) values ('2cad12ca-d4ea-4969-a256-97f70402323c', 'kuali.attribute.registration.group.is.generated', '611dcf59-6348-4a8f-85b9-835ddbc58dab', '1', 'f0339451-e313-4002-aaa3-9c6ff5b1d761')
/
insert into KSEN_LUI_ATTR (OBJ_ID, ATTR_KEY, OWNER_ID, ATTR_VALUE, ID) values ('86bbebdc-9b7c-4d04-9f39-6c7166a925c8', 'kuali.attribute.registration.group.aocluster.id', '611dcf59-6348-4a8f-85b9-835ddbc58dab', '46ddfb26-00aa-413a-b3eb-58dace6d0c7d', '76365f00-7bda-4b9d-b3a3-0c335a4f03b7')
/
insert into KSEN_LUI_IDENT (OBJ_ID, VER_NBR, CREATEID, CREATETIME, UPDATEID, UPDATETIME, LUI_CD, DIVISION, IDENT_LEVEL, LNG_NAME, LUI_ID, ORGID, SHRT_NAME, LUI_ID_STATE, SUFX_CD, LUI_ID_TYPE, VARTN, ID) values ('74125336-c535-4527-8e8f-04703ea0c8cc', 0, 'admin', TIMESTAMP '2013-06-04 11:11:57.884', 'admin', TIMESTAMP '2013-06-04 11:11:57.884', '', '', '', '', '611dcf59-6348-4a8f-85b9-835ddbc58dab', '', '', 'kuali.lui.identifier.state.active', '', 'kuali.lui.identifier.type.official', '', '105c9e60-eb6f-48b4-9940-649542ade138')
/
insert into KSEN_LUILUI_RELTN (OBJ_ID, VER_NBR, CREATEID, CREATETIME, UPDATEID, UPDATETIME, EFF_DT, EXPIR_DT, DESCR_FORMATTED, LUI_ID, LUILUI_RELTN_STATE, LUILUI_RELTN_TYPE, NAME, DESCR_PLAIN, RELATED_LUI_ID, ID) values ('6d9de086-72d2-473b-8e14-684c65b347e2', 0, 'admin', TIMESTAMP '2013-06-04 11:11:57.884', 'admin', TIMESTAMP '2013-06-04 11:11:57.884', TIMESTAMP '2013-06-04 11:12:30.351', '', 'BSCI330-FO-RG', '49adf4bd-2a31-4054-879d-1f1a1abe3682', 'kuali.lui.lui.relation.state.active', 'kuali.lui.lui.relation.type.deliveredvia.fo2rg', 'fo-rg-relation', 'BSCI330-FO-RG', '611dcf59-6348-4a8f-85b9-835ddbc58dab', '9522cfb2-0f3d-418d-b22c-63dedbf9e963')
/
insert into KSEN_LUILUI_RELTN (OBJ_ID, VER_NBR, CREATEID, CREATETIME, UPDATEID, UPDATETIME, EFF_DT, EXPIR_DT, DESCR_FORMATTED, LUI_ID, LUILUI_RELTN_STATE, LUILUI_RELTN_TYPE, NAME, DESCR_PLAIN, RELATED_LUI_ID, ID) values ('1795f495-9cb5-457c-b0b3-9a366278f0fa', 0, 'admin', TIMESTAMP '2013-06-04 11:11:57.884', 'admin', TIMESTAMP '2013-06-04 11:11:57.884', TIMESTAMP '2013-06-04 11:12:30.352', '', 'BSCI330-RG-AO', '611dcf59-6348-4a8f-85b9-835ddbc58dab', 'kuali.lui.lui.relation.state.active', 'kuali.lui.lui.relation.type.registeredforvia.rg2ao', 'rg-ao-relation', 'BSCI330-RG-AO', '126b8493-6398-48f9-9435-8438eb096a8c', 'f5578b65-1d7d-417c-ac23-a0e76cff31d1')
/
insert into KSEN_LUILUI_RELTN (OBJ_ID, VER_NBR, CREATEID, CREATETIME, UPDATEID, UPDATETIME, EFF_DT, EXPIR_DT, DESCR_FORMATTED, LUI_ID, LUILUI_RELTN_STATE, LUILUI_RELTN_TYPE, NAME, DESCR_PLAIN, RELATED_LUI_ID, ID) values ('d0d83726-d874-48db-be30-9edd94030390', 0, 'admin', TIMESTAMP '2013-06-04 11:11:57.884', 'admin', TIMESTAMP '2013-06-04 11:11:57.884', TIMESTAMP '2013-06-04 11:12:30.353', '', 'BSCI330-RG-AO', '611dcf59-6348-4a8f-85b9-835ddbc58dab', 'kuali.lui.lui.relation.state.active', 'kuali.lui.lui.relation.type.registeredforvia.rg2ao', 'rg-ao-relation', 'BSCI330-RG-AO', 'c7db47af-65a5-4c58-a5d8-95deae522701', 'ff90653f-b3eb-4804-a82b-3e3b05bd616a')
/
insert into KSEN_LUI (OBJ_ID, VER_NBR, CREATEID, CREATETIME, UPDATEID, UPDATETIME, ATP_ID, CLU_ID, EFF_DT, EXPIR_DT, DESCR_FORMATTED, LUI_STATE, LUI_TYPE, MAX_SEATS, MIN_SEATS, NAME, DESCR_PLAIN, REF_URL, ID) values ('1609bc05-17bd-47ee-82b5-1ab050b6854f', 0, 'admin', TIMESTAMP '2013-06-04 11:11:57.884', 'admin', TIMESTAMP '2013-06-04 11:11:57.884', 'kuali.atp.2012CETerm1', '56a7d3c8-4a55-46a6-853f-63b393b13dcc', '', '', '1013', 'kuali.lui.registration.group.state.pending', 'kuali.lui.type.registration.group', '', '', '1013', '1013', '', '20cd41f7-64ac-4b02-b0b9-f03b1f3aa707')
/
insert into KSEN_LUI_ATTR (OBJ_ID, ATTR_KEY, OWNER_ID, ATTR_VALUE, ID) values ('d69e51a4-33a8-4c6e-9eae-aca898572c9b', 'kuali.attribute.registration.group.aocluster.id', '20cd41f7-64ac-4b02-b0b9-f03b1f3aa707', 'f9b54527-8f38-4616-84a9-f122d83a920b', 'bb69e66e-3cfe-4f61-a5af-4b2e7320ad57')
/
insert into KSEN_LUI_ATTR (OBJ_ID, ATTR_KEY, OWNER_ID, ATTR_VALUE, ID) values ('afd58424-836e-4ee0-8a1f-23c2216074d5', 'kuali.attribute.registration.group.is.generated', '20cd41f7-64ac-4b02-b0b9-f03b1f3aa707', '1', 'c7b8e5a9-c07a-48b2-a88d-f40901a15623')
/
insert into KSEN_LUI_IDENT (OBJ_ID, VER_NBR, CREATEID, CREATETIME, UPDATEID, UPDATETIME, LUI_CD, DIVISION, IDENT_LEVEL, LNG_NAME, LUI_ID, ORGID, SHRT_NAME, LUI_ID_STATE, SUFX_CD, LUI_ID_TYPE, VARTN, ID) values ('4471d267-d11f-46f2-9fe4-261af44d76cc', 0, 'admin', TIMESTAMP '2013-06-04 11:11:57.884', 'admin', TIMESTAMP '2013-06-04 11:11:57.884', '', '', '', '', '20cd41f7-64ac-4b02-b0b9-f03b1f3aa707', '', '', 'kuali.lui.identifier.state.active', '', 'kuali.lui.identifier.type.official', '', '8e6350c6-f507-4695-9991-d1cbb8b41e90')
/
insert into KSEN_LUILUI_RELTN (OBJ_ID, VER_NBR, CREATEID, CREATETIME, UPDATEID, UPDATETIME, EFF_DT, EXPIR_DT, DESCR_FORMATTED, LUI_ID, LUILUI_RELTN_STATE, LUILUI_RELTN_TYPE, NAME, DESCR_PLAIN, RELATED_LUI_ID, ID) values ('0bc6a9b1-112b-4b55-99a2-5a687a685518', 0, 'admin', TIMESTAMP '2013-06-04 11:11:57.884', 'admin', TIMESTAMP '2013-06-04 11:11:57.884', TIMESTAMP '2013-06-04 11:12:31.118', '', 'BSCI330-FO-RG', '49adf4bd-2a31-4054-879d-1f1a1abe3682', 'kuali.lui.lui.relation.state.active', 'kuali.lui.lui.relation.type.deliveredvia.fo2rg', 'fo-rg-relation', 'BSCI330-FO-RG', '20cd41f7-64ac-4b02-b0b9-f03b1f3aa707', '1a05f180-edfe-49dc-88c7-786743b72451')
/
insert into KSEN_LUILUI_RELTN (OBJ_ID, VER_NBR, CREATEID, CREATETIME, UPDATEID, UPDATETIME, EFF_DT, EXPIR_DT, DESCR_FORMATTED, LUI_ID, LUILUI_RELTN_STATE, LUILUI_RELTN_TYPE, NAME, DESCR_PLAIN, RELATED_LUI_ID, ID) values ('e4755dce-3036-4f69-8bf8-77bdc5b9f2ed', 0, 'admin', TIMESTAMP '2013-06-04 11:11:57.884', 'admin', TIMESTAMP '2013-06-04 11:11:57.884', TIMESTAMP '2013-06-04 11:12:31.119', '', 'BSCI330-RG-AO', '20cd41f7-64ac-4b02-b0b9-f03b1f3aa707', 'kuali.lui.lui.relation.state.active', 'kuali.lui.lui.relation.type.registeredforvia.rg2ao', 'rg-ao-relation', 'BSCI330-RG-AO', '0fb3f43b-5386-4656-a2e0-9ee48c187df6', 'b77a4b1a-e350-4bfe-bb60-5778fa5f16e7')
/
insert into KSEN_LUILUI_RELTN (OBJ_ID, VER_NBR, CREATEID, CREATETIME, UPDATEID, UPDATETIME, EFF_DT, EXPIR_DT, DESCR_FORMATTED, LUI_ID, LUILUI_RELTN_STATE, LUILUI_RELTN_TYPE, NAME, DESCR_PLAIN, RELATED_LUI_ID, ID) values ('c4fec5d5-2d6c-47d7-9a4c-184dfce42efb', 0, 'admin', TIMESTAMP '2013-06-04 11:11:57.884', 'admin', TIMESTAMP '2013-06-04 11:11:57.884', TIMESTAMP '2013-06-04 11:12:31.119', '', 'BSCI330-RG-AO', '20cd41f7-64ac-4b02-b0b9-f03b1f3aa707', 'kuali.lui.lui.relation.state.active', 'kuali.lui.lui.relation.type.registeredforvia.rg2ao', 'rg-ao-relation', 'BSCI330-RG-AO', '502e1be7-57db-4218-a293-1a3e23748147', '95c1eb6a-782c-45fa-9143-3211fb03aa60')
/
insert into KSEN_LUI (OBJ_ID, VER_NBR, CREATEID, CREATETIME, UPDATEID, UPDATETIME, ATP_ID, CLU_ID, EFF_DT, EXPIR_DT, DESCR_FORMATTED, LUI_STATE, LUI_TYPE, MAX_SEATS, MIN_SEATS, NAME, DESCR_PLAIN, REF_URL, ID) values ('a30051df-0622-44f2-9b81-5f12568c75ce', 0, 'admin', TIMESTAMP '2013-06-04 11:11:57.884', 'admin', TIMESTAMP '2013-06-04 11:11:57.884', 'kuali.atp.2012CETerm1', '56a7d3c8-4a55-46a6-853f-63b393b13dcc', '', '', '1014', 'kuali.lui.registration.group.state.pending', 'kuali.lui.type.registration.group', '', '', '1014', '1014', '', '014f2b8a-dd20-40dd-8c11-ca7871acf325')
/
insert into KSEN_LUI_ATTR (OBJ_ID, ATTR_KEY, OWNER_ID, ATTR_VALUE, ID) values ('9384231b-da3a-46ab-b7c4-003b0908acc9', 'kuali.attribute.registration.group.is.generated', '014f2b8a-dd20-40dd-8c11-ca7871acf325', '1', '1e914f86-a800-4ce6-a3de-718e5c7eb5ba')
/
insert into KSEN_LUI_ATTR (OBJ_ID, ATTR_KEY, OWNER_ID, ATTR_VALUE, ID) values ('704f3cfa-8e32-4483-be02-c403c9657bb9', 'kuali.attribute.registration.group.aocluster.id', '014f2b8a-dd20-40dd-8c11-ca7871acf325', 'c5ac4c8d-69c7-47bf-a7aa-2644d8f9e81f', '1bb7f0f4-f666-44f4-807d-bc0548a80591')
/
insert into KSEN_LUI_IDENT (OBJ_ID, VER_NBR, CREATEID, CREATETIME, UPDATEID, UPDATETIME, LUI_CD, DIVISION, IDENT_LEVEL, LNG_NAME, LUI_ID, ORGID, SHRT_NAME, LUI_ID_STATE, SUFX_CD, LUI_ID_TYPE, VARTN, ID) values ('6503c066-dfba-472a-893c-737bb84dfa5f', 0, 'admin', TIMESTAMP '2013-06-04 11:11:57.884', 'admin', TIMESTAMP '2013-06-04 11:11:57.884', '', '', '', '', '014f2b8a-dd20-40dd-8c11-ca7871acf325', '', '', 'kuali.lui.identifier.state.active', '', 'kuali.lui.identifier.type.official', '', '36b684e4-2c35-4a78-9d39-4c22f839faaf')
/
insert into KSEN_LUILUI_RELTN (OBJ_ID, VER_NBR, CREATEID, CREATETIME, UPDATEID, UPDATETIME, EFF_DT, EXPIR_DT, DESCR_FORMATTED, LUI_ID, LUILUI_RELTN_STATE, LUILUI_RELTN_TYPE, NAME, DESCR_PLAIN, RELATED_LUI_ID, ID) values ('bd985acc-ad33-440e-b350-9b7c32e61fbf', 0, 'admin', TIMESTAMP '2013-06-04 11:11:57.884', 'admin', TIMESTAMP '2013-06-04 11:11:57.884', TIMESTAMP '2013-06-04 11:12:33.654', '', 'BSCI330-FO-RG', '49adf4bd-2a31-4054-879d-1f1a1abe3682', 'kuali.lui.lui.relation.state.active', 'kuali.lui.lui.relation.type.deliveredvia.fo2rg', 'fo-rg-relation', 'BSCI330-FO-RG', '014f2b8a-dd20-40dd-8c11-ca7871acf325', '35ad3d18-9c32-4e5e-a614-66510c12bb38')
/
insert into KSEN_LUILUI_RELTN (OBJ_ID, VER_NBR, CREATEID, CREATETIME, UPDATEID, UPDATETIME, EFF_DT, EXPIR_DT, DESCR_FORMATTED, LUI_ID, LUILUI_RELTN_STATE, LUILUI_RELTN_TYPE, NAME, DESCR_PLAIN, RELATED_LUI_ID, ID) values ('a303d249-d8a7-4a43-bd9c-1ef3134be8fa', 0, 'admin', TIMESTAMP '2013-06-04 11:11:57.884', 'admin', TIMESTAMP '2013-06-04 11:11:57.884', TIMESTAMP '2013-06-04 11:12:33.654', '', 'BSCI330-RG-AO', '014f2b8a-dd20-40dd-8c11-ca7871acf325', 'kuali.lui.lui.relation.state.active', 'kuali.lui.lui.relation.type.registeredforvia.rg2ao', 'rg-ao-relation', 'BSCI330-RG-AO', '463279c1-d545-4743-b72e-c8d84bac1dbe', '07a106a7-6498-422f-8192-77bd8fe3eb9e')
/
insert into KSEN_LUILUI_RELTN (OBJ_ID, VER_NBR, CREATEID, CREATETIME, UPDATEID, UPDATETIME, EFF_DT, EXPIR_DT, DESCR_FORMATTED, LUI_ID, LUILUI_RELTN_STATE, LUILUI_RELTN_TYPE, NAME, DESCR_PLAIN, RELATED_LUI_ID, ID) values ('e4137307-7a86-4091-925b-7325edccd3f0', 0, 'admin', TIMESTAMP '2013-06-04 11:11:57.884', 'admin', TIMESTAMP '2013-06-04 11:11:57.884', TIMESTAMP '2013-06-04 11:12:33.655', '', 'BSCI330-RG-AO', '014f2b8a-dd20-40dd-8c11-ca7871acf325', 'kuali.lui.lui.relation.state.active', 'kuali.lui.lui.relation.type.registeredforvia.rg2ao', 'rg-ao-relation', 'BSCI330-RG-AO', 'd41a71d8-ac39-4a4f-92cf-cbb4433234ee', '5cc5f2d1-8291-4618-9c86-667d948474ed')
/
insert into KSEN_LUI (OBJ_ID, VER_NBR, CREATEID, CREATETIME, UPDATEID, UPDATETIME, ATP_ID, CLU_ID, EFF_DT, EXPIR_DT, DESCR_FORMATTED, LUI_STATE, LUI_TYPE, MAX_SEATS, MIN_SEATS, NAME, DESCR_PLAIN, REF_URL, ID) values ('5a4af571-96da-4930-abc3-656a1239d9f8', 0, 'admin', TIMESTAMP '2013-06-04 11:11:57.884', 'admin', TIMESTAMP '2013-06-04 11:11:57.884', 'kuali.atp.2012CETerm1', '56a7d3c8-4a55-46a6-853f-63b393b13dcc', '', '', '1015', 'kuali.lui.registration.group.state.pending', 'kuali.lui.type.registration.group', '', '', '1015', '1015', '', '45c948e5-1a09-4f08-b09d-88d27725dd0b')
/
insert into KSEN_LUI_ATTR (OBJ_ID, ATTR_KEY, OWNER_ID, ATTR_VALUE, ID) values ('e1446e9d-e8cf-4ad9-83e6-40c297f67923', 'kuali.attribute.registration.group.aocluster.id', '45c948e5-1a09-4f08-b09d-88d27725dd0b', 'c5ac4c8d-69c7-47bf-a7aa-2644d8f9e81f', '6b9568f7-82b1-4c65-9e28-0eb5a42f889c')
/
insert into KSEN_LUI_ATTR (OBJ_ID, ATTR_KEY, OWNER_ID, ATTR_VALUE, ID) values ('f4533f94-d56b-4050-9155-198e6695de3b', 'kuali.attribute.registration.group.is.generated', '45c948e5-1a09-4f08-b09d-88d27725dd0b', '1', '235fdf15-e6a2-4a6a-85f5-2517995e9cab')
/
insert into KSEN_LUI_IDENT (OBJ_ID, VER_NBR, CREATEID, CREATETIME, UPDATEID, UPDATETIME, LUI_CD, DIVISION, IDENT_LEVEL, LNG_NAME, LUI_ID, ORGID, SHRT_NAME, LUI_ID_STATE, SUFX_CD, LUI_ID_TYPE, VARTN, ID) values ('72f02820-9668-4953-bbd7-aae9be169ecb', 0, 'admin', TIMESTAMP '2013-06-04 11:11:57.884', 'admin', TIMESTAMP '2013-06-04 11:11:57.884', '', '', '', '', '45c948e5-1a09-4f08-b09d-88d27725dd0b', '', '', 'kuali.lui.identifier.state.active', '', 'kuali.lui.identifier.type.official', '', 'ac42523f-17d0-4136-9065-68a9bc876006')
/
insert into KSEN_LUILUI_RELTN (OBJ_ID, VER_NBR, CREATEID, CREATETIME, UPDATEID, UPDATETIME, EFF_DT, EXPIR_DT, DESCR_FORMATTED, LUI_ID, LUILUI_RELTN_STATE, LUILUI_RELTN_TYPE, NAME, DESCR_PLAIN, RELATED_LUI_ID, ID) values ('8be5ac60-e71a-4272-8a36-3e354293f9b8', 0, 'admin', TIMESTAMP '2013-06-04 11:11:57.884', 'admin', TIMESTAMP '2013-06-04 11:11:57.884', TIMESTAMP '2013-06-04 11:12:33.996', '', 'BSCI330-FO-RG', '49adf4bd-2a31-4054-879d-1f1a1abe3682', 'kuali.lui.lui.relation.state.active', 'kuali.lui.lui.relation.type.deliveredvia.fo2rg', 'fo-rg-relation', 'BSCI330-FO-RG', '45c948e5-1a09-4f08-b09d-88d27725dd0b', 'a94e84c7-90f7-4c5f-a4ef-db490800ba4a')
/
insert into KSEN_LUILUI_RELTN (OBJ_ID, VER_NBR, CREATEID, CREATETIME, UPDATEID, UPDATETIME, EFF_DT, EXPIR_DT, DESCR_FORMATTED, LUI_ID, LUILUI_RELTN_STATE, LUILUI_RELTN_TYPE, NAME, DESCR_PLAIN, RELATED_LUI_ID, ID) values ('92296cf6-11a6-4616-b873-dbf911c1fd99', 0, 'admin', TIMESTAMP '2013-06-04 11:11:57.884', 'admin', TIMESTAMP '2013-06-04 11:11:57.884', TIMESTAMP '2013-06-04 11:12:33.997', '', 'BSCI330-RG-AO', '45c948e5-1a09-4f08-b09d-88d27725dd0b', 'kuali.lui.lui.relation.state.active', 'kuali.lui.lui.relation.type.registeredforvia.rg2ao', 'rg-ao-relation', 'BSCI330-RG-AO', '463279c1-d545-4743-b72e-c8d84bac1dbe', 'cf385939-5d7a-4417-b779-a4f2a0388209')
/
insert into KSEN_LUILUI_RELTN (OBJ_ID, VER_NBR, CREATEID, CREATETIME, UPDATEID, UPDATETIME, EFF_DT, EXPIR_DT, DESCR_FORMATTED, LUI_ID, LUILUI_RELTN_STATE, LUILUI_RELTN_TYPE, NAME, DESCR_PLAIN, RELATED_LUI_ID, ID) values ('46feb612-f07c-4adf-b4a8-c5f4e0ab913d', 0, 'admin', TIMESTAMP '2013-06-04 11:11:57.884', 'admin', TIMESTAMP '2013-06-04 11:11:57.884', TIMESTAMP '2013-06-04 11:12:33.997', '', 'BSCI330-RG-AO', '45c948e5-1a09-4f08-b09d-88d27725dd0b', 'kuali.lui.lui.relation.state.active', 'kuali.lui.lui.relation.type.registeredforvia.rg2ao', 'rg-ao-relation', 'BSCI330-RG-AO', '9ac86f1a-3016-41fe-bdd1-7e4f87dadc6d', 'ed951d1d-e217-4fb5-85f1-1b95d512673c')
/
insert into KSEN_LUI (OBJ_ID, VER_NBR, CREATEID, CREATETIME, UPDATEID, UPDATETIME, ATP_ID, CLU_ID, EFF_DT, EXPIR_DT, DESCR_FORMATTED, LUI_STATE, LUI_TYPE, MAX_SEATS, MIN_SEATS, NAME, DESCR_PLAIN, REF_URL, ID) values ('c5a60393-10dc-447f-bf82-d5cb047ea326', 0, 'admin', TIMESTAMP '2013-06-04 11:11:57.884', 'admin', TIMESTAMP '2013-06-04 11:11:57.884', 'kuali.atp.2012CETerm1', '56a7d3c8-4a55-46a6-853f-63b393b13dcc', '', '', '1016', 'kuali.lui.registration.group.state.pending', 'kuali.lui.type.registration.group', '', '', '1016', '1016', '', '8178a66a-1624-4558-8832-d092350998ab')
/
insert into KSEN_LUI_ATTR (OBJ_ID, ATTR_KEY, OWNER_ID, ATTR_VALUE, ID) values ('b72bdca5-1347-4039-ae79-be98a06f7c48', 'kuali.attribute.registration.group.aocluster.id', '8178a66a-1624-4558-8832-d092350998ab', 'c5ac4c8d-69c7-47bf-a7aa-2644d8f9e81f', '2ab12d46-a3d4-4fe1-933f-c9b6bf3dd9cd')
/
insert into KSEN_LUI_ATTR (OBJ_ID, ATTR_KEY, OWNER_ID, ATTR_VALUE, ID) values ('400a4b89-e837-434d-8797-9816e6948546', 'kuali.attribute.registration.group.is.generated', '8178a66a-1624-4558-8832-d092350998ab', '1', 'ea049d7b-0d5d-4af6-8514-b2521ef331e6')
/
insert into KSEN_LUI_IDENT (OBJ_ID, VER_NBR, CREATEID, CREATETIME, UPDATEID, UPDATETIME, LUI_CD, DIVISION, IDENT_LEVEL, LNG_NAME, LUI_ID, ORGID, SHRT_NAME, LUI_ID_STATE, SUFX_CD, LUI_ID_TYPE, VARTN, ID) values ('d83a7318-30af-4686-a0e7-0e3f98a032a1', 0, 'admin', TIMESTAMP '2013-06-04 11:11:57.884', 'admin', TIMESTAMP '2013-06-04 11:11:57.884', '', '', '', '', '8178a66a-1624-4558-8832-d092350998ab', '', '', 'kuali.lui.identifier.state.active', '', 'kuali.lui.identifier.type.official', '', 'c06c5650-e093-45a7-b3c5-1cc4fb33d6aa')
/
insert into KSEN_LUILUI_RELTN (OBJ_ID, VER_NBR, CREATEID, CREATETIME, UPDATEID, UPDATETIME, EFF_DT, EXPIR_DT, DESCR_FORMATTED, LUI_ID, LUILUI_RELTN_STATE, LUILUI_RELTN_TYPE, NAME, DESCR_PLAIN, RELATED_LUI_ID, ID) values ('d50b4498-dd72-4964-9c1c-fd8ba31b5ab5', 0, 'admin', TIMESTAMP '2013-06-04 11:11:57.884', 'admin', TIMESTAMP '2013-06-04 11:11:57.884', TIMESTAMP '2013-06-04 11:12:34.244', '', 'BSCI330-FO-RG', '49adf4bd-2a31-4054-879d-1f1a1abe3682', 'kuali.lui.lui.relation.state.active', 'kuali.lui.lui.relation.type.deliveredvia.fo2rg', 'fo-rg-relation', 'BSCI330-FO-RG', '8178a66a-1624-4558-8832-d092350998ab', '897a82c5-c933-4544-8a7b-e83d5394cbe3')
/
insert into KSEN_LUILUI_RELTN (OBJ_ID, VER_NBR, CREATEID, CREATETIME, UPDATEID, UPDATETIME, EFF_DT, EXPIR_DT, DESCR_FORMATTED, LUI_ID, LUILUI_RELTN_STATE, LUILUI_RELTN_TYPE, NAME, DESCR_PLAIN, RELATED_LUI_ID, ID) values ('63f4d595-13ce-4a71-a93c-b942f54c43f4', 0, 'admin', TIMESTAMP '2013-06-04 11:11:57.884', 'admin', TIMESTAMP '2013-06-04 11:11:57.884', TIMESTAMP '2013-06-04 11:12:34.245', '', 'BSCI330-RG-AO', '8178a66a-1624-4558-8832-d092350998ab', 'kuali.lui.lui.relation.state.active', 'kuali.lui.lui.relation.type.registeredforvia.rg2ao', 'rg-ao-relation', 'BSCI330-RG-AO', '463279c1-d545-4743-b72e-c8d84bac1dbe', 'c33ba68c-fb3c-4b55-821e-c7452815cd24')
/
insert into KSEN_LUILUI_RELTN (OBJ_ID, VER_NBR, CREATEID, CREATETIME, UPDATEID, UPDATETIME, EFF_DT, EXPIR_DT, DESCR_FORMATTED, LUI_ID, LUILUI_RELTN_STATE, LUILUI_RELTN_TYPE, NAME, DESCR_PLAIN, RELATED_LUI_ID, ID) values ('23924bcc-2d62-444d-a184-2e0b5b2ba3ee', 0, 'admin', TIMESTAMP '2013-06-04 11:11:57.884', 'admin', TIMESTAMP '2013-06-04 11:11:57.884', TIMESTAMP '2013-06-04 11:12:34.246', '', 'BSCI330-RG-AO', '8178a66a-1624-4558-8832-d092350998ab', 'kuali.lui.lui.relation.state.active', 'kuali.lui.lui.relation.type.registeredforvia.rg2ao', 'rg-ao-relation', 'BSCI330-RG-AO', 'beed8739-feb4-412e-ab55-6c6452f0e0e4', '01a6b9db-f348-4271-b786-9caddd45ffa7')
/
insert into KSEN_LUI (OBJ_ID, VER_NBR, CREATEID, CREATETIME, UPDATEID, UPDATETIME, ATP_ID, CLU_ID, EFF_DT, EXPIR_DT, DESCR_FORMATTED, LUI_STATE, LUI_TYPE, MAX_SEATS, MIN_SEATS, NAME, DESCR_PLAIN, REF_URL, ID) values ('159df31d-582a-4894-8663-c9fbd908a33a', 0, 'admin', TIMESTAMP '2013-06-04 11:11:57.884', 'admin', TIMESTAMP '2013-06-04 11:11:57.884', 'kuali.atp.2012CETerm1', '56a7d3c8-4a55-46a6-853f-63b393b13dcc', '', '', '1017', 'kuali.lui.registration.group.state.pending', 'kuali.lui.type.registration.group', '', '', '1017', '1017', '', 'd24fbbb7-3074-4ce3-bfa8-0e838b4eee6e')
/
insert into KSEN_LUI_ATTR (OBJ_ID, ATTR_KEY, OWNER_ID, ATTR_VALUE, ID) values ('f7e67f6b-42f8-4de5-8291-9dbd8dd472bb', 'kuali.attribute.registration.group.is.generated', 'd24fbbb7-3074-4ce3-bfa8-0e838b4eee6e', '1', '4d170453-3fc3-45a0-96b3-e755507e0625')
/
insert into KSEN_LUI_ATTR (OBJ_ID, ATTR_KEY, OWNER_ID, ATTR_VALUE, ID) values ('8f0d40a9-c461-451d-86b7-4b3798747803', 'kuali.attribute.registration.group.aocluster.id', 'd24fbbb7-3074-4ce3-bfa8-0e838b4eee6e', 'c5ac4c8d-69c7-47bf-a7aa-2644d8f9e81f', '894add00-825a-4471-b382-51b6cf2ac688')
/
insert into KSEN_LUI_IDENT (OBJ_ID, VER_NBR, CREATEID, CREATETIME, UPDATEID, UPDATETIME, LUI_CD, DIVISION, IDENT_LEVEL, LNG_NAME, LUI_ID, ORGID, SHRT_NAME, LUI_ID_STATE, SUFX_CD, LUI_ID_TYPE, VARTN, ID) values ('4984288f-c507-4d80-9970-19276a93415d', 0, 'admin', TIMESTAMP '2013-06-04 11:11:57.884', 'admin', TIMESTAMP '2013-06-04 11:11:57.884', '', '', '', '', 'd24fbbb7-3074-4ce3-bfa8-0e838b4eee6e', '', '', 'kuali.lui.identifier.state.active', '', 'kuali.lui.identifier.type.official', '', '0a6b6a49-d3ed-4734-ac64-78b1fb85c92a')
/
insert into KSEN_LUILUI_RELTN (OBJ_ID, VER_NBR, CREATEID, CREATETIME, UPDATEID, UPDATETIME, EFF_DT, EXPIR_DT, DESCR_FORMATTED, LUI_ID, LUILUI_RELTN_STATE, LUILUI_RELTN_TYPE, NAME, DESCR_PLAIN, RELATED_LUI_ID, ID) values ('7d6be69a-b159-4dc8-b183-710cc36e1652', 0, 'admin', TIMESTAMP '2013-06-04 11:11:57.884', 'admin', TIMESTAMP '2013-06-04 11:11:57.884', TIMESTAMP '2013-06-04 11:12:34.501', '', 'BSCI330-FO-RG', '49adf4bd-2a31-4054-879d-1f1a1abe3682', 'kuali.lui.lui.relation.state.active', 'kuali.lui.lui.relation.type.deliveredvia.fo2rg', 'fo-rg-relation', 'BSCI330-FO-RG', 'd24fbbb7-3074-4ce3-bfa8-0e838b4eee6e', 'def85701-e9e4-4d4f-b970-f7088f7ce61d')
/
insert into KSEN_LUILUI_RELTN (OBJ_ID, VER_NBR, CREATEID, CREATETIME, UPDATEID, UPDATETIME, EFF_DT, EXPIR_DT, DESCR_FORMATTED, LUI_ID, LUILUI_RELTN_STATE, LUILUI_RELTN_TYPE, NAME, DESCR_PLAIN, RELATED_LUI_ID, ID) values ('a2da102e-cbef-41e7-ad63-405861de81aa', 0, 'admin', TIMESTAMP '2013-06-04 11:11:57.884', 'admin', TIMESTAMP '2013-06-04 11:11:57.884', TIMESTAMP '2013-06-04 11:12:34.501', '', 'BSCI330-RG-AO', 'd24fbbb7-3074-4ce3-bfa8-0e838b4eee6e', 'kuali.lui.lui.relation.state.active', 'kuali.lui.lui.relation.type.registeredforvia.rg2ao', 'rg-ao-relation', 'BSCI330-RG-AO', '463279c1-d545-4743-b72e-c8d84bac1dbe', 'fd906ee1-70e3-4bee-9cc7-c9d34db618b9')
/
insert into KSEN_LUILUI_RELTN (OBJ_ID, VER_NBR, CREATEID, CREATETIME, UPDATEID, UPDATETIME, EFF_DT, EXPIR_DT, DESCR_FORMATTED, LUI_ID, LUILUI_RELTN_STATE, LUILUI_RELTN_TYPE, NAME, DESCR_PLAIN, RELATED_LUI_ID, ID) values ('d6daa8ec-75f2-4f67-b008-18c9318a2bc3', 0, 'admin', TIMESTAMP '2013-06-04 11:11:57.884', 'admin', TIMESTAMP '2013-06-04 11:11:57.884', TIMESTAMP '2013-06-04 11:12:34.502', '', 'BSCI330-RG-AO', 'd24fbbb7-3074-4ce3-bfa8-0e838b4eee6e', 'kuali.lui.lui.relation.state.active', 'kuali.lui.lui.relation.type.registeredforvia.rg2ao', 'rg-ao-relation', 'BSCI330-RG-AO', '85bf9f49-6a6f-4d5a-8f4d-33fe8c6aabe4', 'aafcee73-8d80-4d09-a17d-ac0dca62bfec')
/
insert into KSEN_LUI (OBJ_ID, VER_NBR, CREATEID, CREATETIME, UPDATEID, UPDATETIME, ATP_ID, CLU_ID, EFF_DT, EXPIR_DT, DESCR_FORMATTED, LUI_STATE, LUI_TYPE, MAX_SEATS, MIN_SEATS, NAME, DESCR_PLAIN, REF_URL, ID) values ('34722563-43b5-443b-b64a-3150abaa5310', 0, 'admin', TIMESTAMP '2013-06-04 11:11:57.884', 'admin', TIMESTAMP '2013-06-04 11:11:57.884', 'kuali.atp.2012CETerm1', '56a7d3c8-4a55-46a6-853f-63b393b13dcc', '', '', '1018', 'kuali.lui.registration.group.state.pending', 'kuali.lui.type.registration.group', '', '', '1018', '1018', '', '5fbf88bc-1179-4f9e-827b-61644ee24497')
/
insert into KSEN_LUI_ATTR (OBJ_ID, ATTR_KEY, OWNER_ID, ATTR_VALUE, ID) values ('b3970d28-a30b-4cab-8084-46cd0dc67777', 'kuali.attribute.registration.group.is.generated', '5fbf88bc-1179-4f9e-827b-61644ee24497', '1', 'd16af502-6e8b-47d8-a79f-fcfff98d6ef1')
/
insert into KSEN_LUI_ATTR (OBJ_ID, ATTR_KEY, OWNER_ID, ATTR_VALUE, ID) values ('22edfc1d-26f7-4e5a-b0ee-456ea93fe50b', 'kuali.attribute.registration.group.aocluster.id', '5fbf88bc-1179-4f9e-827b-61644ee24497', 'c5ac4c8d-69c7-47bf-a7aa-2644d8f9e81f', '42729eae-c845-41ab-9319-91d0bf605f95')
/
insert into KSEN_LUI_IDENT (OBJ_ID, VER_NBR, CREATEID, CREATETIME, UPDATEID, UPDATETIME, LUI_CD, DIVISION, IDENT_LEVEL, LNG_NAME, LUI_ID, ORGID, SHRT_NAME, LUI_ID_STATE, SUFX_CD, LUI_ID_TYPE, VARTN, ID) values ('3f5bc0cb-5104-4e3f-9862-3f4c69d1b8d2', 0, 'admin', TIMESTAMP '2013-06-04 11:11:57.884', 'admin', TIMESTAMP '2013-06-04 11:11:57.884', '', '', '', '', '5fbf88bc-1179-4f9e-827b-61644ee24497', '', '', 'kuali.lui.identifier.state.active', '', 'kuali.lui.identifier.type.official', '', '9bd1b3f0-0e6d-406b-9164-cea7ed3236b1')
/
insert into KSEN_LUILUI_RELTN (OBJ_ID, VER_NBR, CREATEID, CREATETIME, UPDATEID, UPDATETIME, EFF_DT, EXPIR_DT, DESCR_FORMATTED, LUI_ID, LUILUI_RELTN_STATE, LUILUI_RELTN_TYPE, NAME, DESCR_PLAIN, RELATED_LUI_ID, ID) values ('e7713bca-78a2-4483-a55a-e67c3f5d1c88', 0, 'admin', TIMESTAMP '2013-06-04 11:11:57.884', 'admin', TIMESTAMP '2013-06-04 11:11:57.884', TIMESTAMP '2013-06-04 11:12:34.765', '', 'BSCI330-FO-RG', '49adf4bd-2a31-4054-879d-1f1a1abe3682', 'kuali.lui.lui.relation.state.active', 'kuali.lui.lui.relation.type.deliveredvia.fo2rg', 'fo-rg-relation', 'BSCI330-FO-RG', '5fbf88bc-1179-4f9e-827b-61644ee24497', '6ff2a12d-5170-45e9-ad49-cb40b55d6ee7')
/
insert into KSEN_LUILUI_RELTN (OBJ_ID, VER_NBR, CREATEID, CREATETIME, UPDATEID, UPDATETIME, EFF_DT, EXPIR_DT, DESCR_FORMATTED, LUI_ID, LUILUI_RELTN_STATE, LUILUI_RELTN_TYPE, NAME, DESCR_PLAIN, RELATED_LUI_ID, ID) values ('84ebd609-64b1-4303-94d0-defa0f8944ad', 0, 'admin', TIMESTAMP '2013-06-04 11:11:57.884', 'admin', TIMESTAMP '2013-06-04 11:11:57.884', TIMESTAMP '2013-06-04 11:12:34.766', '', 'BSCI330-RG-AO', '5fbf88bc-1179-4f9e-827b-61644ee24497', 'kuali.lui.lui.relation.state.active', 'kuali.lui.lui.relation.type.registeredforvia.rg2ao', 'rg-ao-relation', 'BSCI330-RG-AO', '463279c1-d545-4743-b72e-c8d84bac1dbe', '5b997e77-4ae9-4985-8471-c5201583a946')
/
insert into KSEN_LUILUI_RELTN (OBJ_ID, VER_NBR, CREATEID, CREATETIME, UPDATEID, UPDATETIME, EFF_DT, EXPIR_DT, DESCR_FORMATTED, LUI_ID, LUILUI_RELTN_STATE, LUILUI_RELTN_TYPE, NAME, DESCR_PLAIN, RELATED_LUI_ID, ID) values ('66c4df9a-f711-4964-b426-e4b5a9abef35', 0, 'admin', TIMESTAMP '2013-06-04 11:11:57.884', 'admin', TIMESTAMP '2013-06-04 11:11:57.884', TIMESTAMP '2013-06-04 11:12:34.766', '', 'BSCI330-RG-AO', '5fbf88bc-1179-4f9e-827b-61644ee24497', 'kuali.lui.lui.relation.state.active', 'kuali.lui.lui.relation.type.registeredforvia.rg2ao', 'rg-ao-relation', 'BSCI330-RG-AO', '8099d225-47fd-4968-b308-76b53f6f95d8', '559fa28c-4d8a-4e20-b702-77fcf7a48359')
/
insert into KSEN_LUI (OBJ_ID, VER_NBR, CREATEID, CREATETIME, UPDATEID, UPDATETIME, ATP_ID, CLU_ID, EFF_DT, EXPIR_DT, DESCR_FORMATTED, LUI_STATE, LUI_TYPE, MAX_SEATS, MIN_SEATS, NAME, DESCR_PLAIN, REF_URL, ID) values ('176bf63d-4362-4fb6-8bb6-4fe155cf6c32', 0, 'admin', TIMESTAMP '2013-06-04 11:11:57.884', 'admin', TIMESTAMP '2013-06-04 11:11:57.884', 'kuali.atp.2012CETerm1', '56a7d3c8-4a55-46a6-853f-63b393b13dcc', '', '', '1019', 'kuali.lui.registration.group.state.pending', 'kuali.lui.type.registration.group', '', '', '1019', '1019', '', '3c02fada-78ac-488b-8e02-131a2034ab1c')
/
insert into KSEN_LUI_ATTR (OBJ_ID, ATTR_KEY, OWNER_ID, ATTR_VALUE, ID) values ('a6cd9ac3-c0b5-4eaf-9efe-a1a9ab220677', 'kuali.attribute.registration.group.aocluster.id', '3c02fada-78ac-488b-8e02-131a2034ab1c', 'c5ac4c8d-69c7-47bf-a7aa-2644d8f9e81f', 'cc85d452-ffd7-4387-9225-4ca39fd2c0be')
/
insert into KSEN_LUI_ATTR (OBJ_ID, ATTR_KEY, OWNER_ID, ATTR_VALUE, ID) values ('42e517a6-0735-4145-8fb3-22ce31899d05', 'kuali.attribute.registration.group.is.generated', '3c02fada-78ac-488b-8e02-131a2034ab1c', '1', 'c8f9b451-5698-4e38-bd43-284b90c60632')
/
insert into KSEN_LUI_IDENT (OBJ_ID, VER_NBR, CREATEID, CREATETIME, UPDATEID, UPDATETIME, LUI_CD, DIVISION, IDENT_LEVEL, LNG_NAME, LUI_ID, ORGID, SHRT_NAME, LUI_ID_STATE, SUFX_CD, LUI_ID_TYPE, VARTN, ID) values ('ae364465-2ab9-4170-9140-cec308d7ffb1', 0, 'admin', TIMESTAMP '2013-06-04 11:11:57.884', 'admin', TIMESTAMP '2013-06-04 11:11:57.884', '', '', '', '', '3c02fada-78ac-488b-8e02-131a2034ab1c', '', '', 'kuali.lui.identifier.state.active', '', 'kuali.lui.identifier.type.official', '', 'd4e91ccc-7190-4338-ae13-2f688579af90')
/
insert into KSEN_LUILUI_RELTN (OBJ_ID, VER_NBR, CREATEID, CREATETIME, UPDATEID, UPDATETIME, EFF_DT, EXPIR_DT, DESCR_FORMATTED, LUI_ID, LUILUI_RELTN_STATE, LUILUI_RELTN_TYPE, NAME, DESCR_PLAIN, RELATED_LUI_ID, ID) values ('e3ff9775-d1d2-4137-a49c-f758cf5323a2', 0, 'admin', TIMESTAMP '2013-06-04 11:11:57.884', 'admin', TIMESTAMP '2013-06-04 11:11:57.884', TIMESTAMP '2013-06-04 11:12:35.015', '', 'BSCI330-FO-RG', '49adf4bd-2a31-4054-879d-1f1a1abe3682', 'kuali.lui.lui.relation.state.active', 'kuali.lui.lui.relation.type.deliveredvia.fo2rg', 'fo-rg-relation', 'BSCI330-FO-RG', '3c02fada-78ac-488b-8e02-131a2034ab1c', 'f96e06e2-5f45-437c-a58f-c729d79666a8')
/
insert into KSEN_LUILUI_RELTN (OBJ_ID, VER_NBR, CREATEID, CREATETIME, UPDATEID, UPDATETIME, EFF_DT, EXPIR_DT, DESCR_FORMATTED, LUI_ID, LUILUI_RELTN_STATE, LUILUI_RELTN_TYPE, NAME, DESCR_PLAIN, RELATED_LUI_ID, ID) values ('3cee3acb-785c-4569-8144-1c2db6a28a89', 0, 'admin', TIMESTAMP '2013-06-04 11:11:57.884', 'admin', TIMESTAMP '2013-06-04 11:11:57.884', TIMESTAMP '2013-06-04 11:12:35.016', '', 'BSCI330-RG-AO', '3c02fada-78ac-488b-8e02-131a2034ab1c', 'kuali.lui.lui.relation.state.active', 'kuali.lui.lui.relation.type.registeredforvia.rg2ao', 'rg-ao-relation', 'BSCI330-RG-AO', '463279c1-d545-4743-b72e-c8d84bac1dbe', '1e4c683d-60ea-4000-9fbd-49e829b94fab')
/
insert into KSEN_LUILUI_RELTN (OBJ_ID, VER_NBR, CREATEID, CREATETIME, UPDATEID, UPDATETIME, EFF_DT, EXPIR_DT, DESCR_FORMATTED, LUI_ID, LUILUI_RELTN_STATE, LUILUI_RELTN_TYPE, NAME, DESCR_PLAIN, RELATED_LUI_ID, ID) values ('ad474731-8fae-4c7d-bd01-1bff66b50b2c', 0, 'admin', TIMESTAMP '2013-06-04 11:11:57.884', 'admin', TIMESTAMP '2013-06-04 11:11:57.884', TIMESTAMP '2013-06-04 11:12:35.016', '', 'BSCI330-RG-AO', '3c02fada-78ac-488b-8e02-131a2034ab1c', 'kuali.lui.lui.relation.state.active', 'kuali.lui.lui.relation.type.registeredforvia.rg2ao', 'rg-ao-relation', 'BSCI330-RG-AO', '2b13dab0-5395-4acb-b465-bdd0eb1e191b', '3f672361-0627-494b-b9e1-436df310a330')
/
insert into KSEN_LUI (OBJ_ID, VER_NBR, CREATEID, CREATETIME, UPDATEID, UPDATETIME, ATP_ID, CLU_ID, EFF_DT, EXPIR_DT, DESCR_FORMATTED, LUI_STATE, LUI_TYPE, MAX_SEATS, MIN_SEATS, NAME, DESCR_PLAIN, REF_URL, ID) values ('edf8cd96-3c8f-4aa6-ae33-aa45adf2a197', 0, 'admin', TIMESTAMP '2013-06-04 11:11:57.884', 'admin', TIMESTAMP '2013-06-04 11:11:57.884', 'kuali.atp.2012CETerm1', '56a7d3c8-4a55-46a6-853f-63b393b13dcc', '', '', '1020', 'kuali.lui.registration.group.state.pending', 'kuali.lui.type.registration.group', '', '', '1020', '1020', '', 'c604a36f-6008-4a29-82de-6d0ed088561f')
/
insert into KSEN_LUI_ATTR (OBJ_ID, ATTR_KEY, OWNER_ID, ATTR_VALUE, ID) values ('e0ed6ad0-bc23-46e3-8828-88064fe3a9fe', 'kuali.attribute.registration.group.is.generated', 'c604a36f-6008-4a29-82de-6d0ed088561f', '1', 'd27db220-c375-4207-8637-4782bade5c79')
/
insert into KSEN_LUI_ATTR (OBJ_ID, ATTR_KEY, OWNER_ID, ATTR_VALUE, ID) values ('a2ec2d55-567a-4e78-b414-0d369e393af4', 'kuali.attribute.registration.group.aocluster.id', 'c604a36f-6008-4a29-82de-6d0ed088561f', 'c5ac4c8d-69c7-47bf-a7aa-2644d8f9e81f', 'a3cd84c1-1a3d-4253-b2eb-c2babb1260c0')
/
insert into KSEN_LUI_IDENT (OBJ_ID, VER_NBR, CREATEID, CREATETIME, UPDATEID, UPDATETIME, LUI_CD, DIVISION, IDENT_LEVEL, LNG_NAME, LUI_ID, ORGID, SHRT_NAME, LUI_ID_STATE, SUFX_CD, LUI_ID_TYPE, VARTN, ID) values ('523688fc-391e-462f-ba2f-90957e5f94f7', 0, 'admin', TIMESTAMP '2013-06-04 11:11:57.884', 'admin', TIMESTAMP '2013-06-04 11:11:57.884', '', '', '', '', 'c604a36f-6008-4a29-82de-6d0ed088561f', '', '', 'kuali.lui.identifier.state.active', '', 'kuali.lui.identifier.type.official', '', '76a37a72-8f07-4342-8bdd-ee843d1042ac')
/
insert into KSEN_LUILUI_RELTN (OBJ_ID, VER_NBR, CREATEID, CREATETIME, UPDATEID, UPDATETIME, EFF_DT, EXPIR_DT, DESCR_FORMATTED, LUI_ID, LUILUI_RELTN_STATE, LUILUI_RELTN_TYPE, NAME, DESCR_PLAIN, RELATED_LUI_ID, ID) values ('cda03d58-92fb-4ebd-9c78-a1e58e290dcb', 0, 'admin', TIMESTAMP '2013-06-04 11:11:57.884', 'admin', TIMESTAMP '2013-06-04 11:11:57.884', TIMESTAMP '2013-06-04 11:12:35.268', '', 'BSCI330-FO-RG', '49adf4bd-2a31-4054-879d-1f1a1abe3682', 'kuali.lui.lui.relation.state.active', 'kuali.lui.lui.relation.type.deliveredvia.fo2rg', 'fo-rg-relation', 'BSCI330-FO-RG', 'c604a36f-6008-4a29-82de-6d0ed088561f', '0099a747-f7b3-4908-91c0-535a5ecec2f9')
/
insert into KSEN_LUILUI_RELTN (OBJ_ID, VER_NBR, CREATEID, CREATETIME, UPDATEID, UPDATETIME, EFF_DT, EXPIR_DT, DESCR_FORMATTED, LUI_ID, LUILUI_RELTN_STATE, LUILUI_RELTN_TYPE, NAME, DESCR_PLAIN, RELATED_LUI_ID, ID) values ('e5957a48-06d8-4977-8375-0dcf1d73a636', 0, 'admin', TIMESTAMP '2013-06-04 11:11:57.884', 'admin', TIMESTAMP '2013-06-04 11:11:57.884', TIMESTAMP '2013-06-04 11:12:35.269', '', 'BSCI330-RG-AO', 'c604a36f-6008-4a29-82de-6d0ed088561f', 'kuali.lui.lui.relation.state.active', 'kuali.lui.lui.relation.type.registeredforvia.rg2ao', 'rg-ao-relation', 'BSCI330-RG-AO', '463279c1-d545-4743-b72e-c8d84bac1dbe', '0ebd28d5-d424-482d-b473-fc26d5385262')
/
insert into KSEN_LUILUI_RELTN (OBJ_ID, VER_NBR, CREATEID, CREATETIME, UPDATEID, UPDATETIME, EFF_DT, EXPIR_DT, DESCR_FORMATTED, LUI_ID, LUILUI_RELTN_STATE, LUILUI_RELTN_TYPE, NAME, DESCR_PLAIN, RELATED_LUI_ID, ID) values ('961925b2-701f-4f39-817b-23ce8a88dcd5', 0, 'admin', TIMESTAMP '2013-06-04 11:11:57.884', 'admin', TIMESTAMP '2013-06-04 11:11:57.884', TIMESTAMP '2013-06-04 11:12:35.269', '', 'BSCI330-RG-AO', 'c604a36f-6008-4a29-82de-6d0ed088561f', 'kuali.lui.lui.relation.state.active', 'kuali.lui.lui.relation.type.registeredforvia.rg2ao', 'rg-ao-relation', 'BSCI330-RG-AO', 'e3c7aa5b-02c3-4416-b8c3-a069e9bf587b', 'cc08afd5-f5cd-4962-b15e-9cabb02e9012')
/
insert into KSEN_LUI (OBJ_ID, VER_NBR, CREATEID, CREATETIME, UPDATEID, UPDATETIME, ATP_ID, CLU_ID, EFF_DT, EXPIR_DT, DESCR_FORMATTED, LUI_STATE, LUI_TYPE, MAX_SEATS, MIN_SEATS, NAME, DESCR_PLAIN, REF_URL, ID) values ('65bbcd91-02f4-4848-8ae3-0a6a1fe028f0', 0, 'admin', TIMESTAMP '2013-06-04 11:11:57.884', 'admin', TIMESTAMP '2013-06-04 11:11:57.884', 'kuali.atp.2012CETerm1', '56a7d3c8-4a55-46a6-853f-63b393b13dcc', '', '', '1021', 'kuali.lui.registration.group.state.pending', 'kuali.lui.type.registration.group', '', '', '1021', '1021', '', 'd79db2d5-8818-4372-8872-6322be3b8416')
/
insert into KSEN_LUI_ATTR (OBJ_ID, ATTR_KEY, OWNER_ID, ATTR_VALUE, ID) values ('c4f3bee9-06f5-45eb-9a26-22553d3c4577', 'kuali.attribute.registration.group.is.generated', 'd79db2d5-8818-4372-8872-6322be3b8416', '1', '0996d81b-00c1-4da1-9896-619354bdd4cb')
/
insert into KSEN_LUI_ATTR (OBJ_ID, ATTR_KEY, OWNER_ID, ATTR_VALUE, ID) values ('fa944085-de8d-40a3-aea2-5375d95a71f0', 'kuali.attribute.registration.group.aocluster.id', 'd79db2d5-8818-4372-8872-6322be3b8416', 'c5ac4c8d-69c7-47bf-a7aa-2644d8f9e81f', '97b092ac-367c-4ebb-b5e8-a2ba6c87dfdb')
/
insert into KSEN_LUI_IDENT (OBJ_ID, VER_NBR, CREATEID, CREATETIME, UPDATEID, UPDATETIME, LUI_CD, DIVISION, IDENT_LEVEL, LNG_NAME, LUI_ID, ORGID, SHRT_NAME, LUI_ID_STATE, SUFX_CD, LUI_ID_TYPE, VARTN, ID) values ('e6152208-31f5-4dd9-be09-cdeb47dfeb33', 0, 'admin', TIMESTAMP '2013-06-04 11:11:57.884', 'admin', TIMESTAMP '2013-06-04 11:11:57.884', '', '', '', '', 'd79db2d5-8818-4372-8872-6322be3b8416', '', '', 'kuali.lui.identifier.state.active', '', 'kuali.lui.identifier.type.official', '', '572adc5a-2dac-40cc-a27a-4ec51fd0d490')
/
insert into KSEN_LUILUI_RELTN (OBJ_ID, VER_NBR, CREATEID, CREATETIME, UPDATEID, UPDATETIME, EFF_DT, EXPIR_DT, DESCR_FORMATTED, LUI_ID, LUILUI_RELTN_STATE, LUILUI_RELTN_TYPE, NAME, DESCR_PLAIN, RELATED_LUI_ID, ID) values ('1883f3f9-90a8-4e04-be42-3837764b983c', 0, 'admin', TIMESTAMP '2013-06-04 11:11:57.884', 'admin', TIMESTAMP '2013-06-04 11:11:57.884', TIMESTAMP '2013-06-04 11:12:35.523', '', 'BSCI330-FO-RG', '49adf4bd-2a31-4054-879d-1f1a1abe3682', 'kuali.lui.lui.relation.state.active', 'kuali.lui.lui.relation.type.deliveredvia.fo2rg', 'fo-rg-relation', 'BSCI330-FO-RG', 'd79db2d5-8818-4372-8872-6322be3b8416', '94080eea-ed3c-4ad4-9121-88c63acdc7c0')
/
insert into KSEN_LUILUI_RELTN (OBJ_ID, VER_NBR, CREATEID, CREATETIME, UPDATEID, UPDATETIME, EFF_DT, EXPIR_DT, DESCR_FORMATTED, LUI_ID, LUILUI_RELTN_STATE, LUILUI_RELTN_TYPE, NAME, DESCR_PLAIN, RELATED_LUI_ID, ID) values ('3ae729b8-ca68-4610-9154-a71494cc5484', 0, 'admin', TIMESTAMP '2013-06-04 11:11:57.884', 'admin', TIMESTAMP '2013-06-04 11:11:57.884', TIMESTAMP '2013-06-04 11:12:35.523', '', 'BSCI330-RG-AO', 'd79db2d5-8818-4372-8872-6322be3b8416', 'kuali.lui.lui.relation.state.active', 'kuali.lui.lui.relation.type.registeredforvia.rg2ao', 'rg-ao-relation', 'BSCI330-RG-AO', '463279c1-d545-4743-b72e-c8d84bac1dbe', 'fb981789-881b-4633-80c2-9b71703c38f7')
/
insert into KSEN_LUILUI_RELTN (OBJ_ID, VER_NBR, CREATEID, CREATETIME, UPDATEID, UPDATETIME, EFF_DT, EXPIR_DT, DESCR_FORMATTED, LUI_ID, LUILUI_RELTN_STATE, LUILUI_RELTN_TYPE, NAME, DESCR_PLAIN, RELATED_LUI_ID, ID) values ('cc169aa2-c9e9-413c-84eb-60ddde3d2cf9', 0, 'admin', TIMESTAMP '2013-06-04 11:11:57.884', 'admin', TIMESTAMP '2013-06-04 11:11:57.884', TIMESTAMP '2013-06-04 11:12:35.524', '', 'BSCI330-RG-AO', 'd79db2d5-8818-4372-8872-6322be3b8416', 'kuali.lui.lui.relation.state.active', 'kuali.lui.lui.relation.type.registeredforvia.rg2ao', 'rg-ao-relation', 'BSCI330-RG-AO', 'ba2bf7e8-0e81-461e-aa8f-10b70e9cbe21', 'aafe7cf8-207e-4261-b253-3cd11a258af8')
/
insert into KSEN_LUI (OBJ_ID, VER_NBR, CREATEID, CREATETIME, UPDATEID, UPDATETIME, ATP_ID, CLU_ID, EFF_DT, EXPIR_DT, DESCR_FORMATTED, LUI_STATE, LUI_TYPE, MAX_SEATS, MIN_SEATS, NAME, DESCR_PLAIN, REF_URL, ID) values ('9877953c-c685-4ae6-890b-da8e8b12e04b', 0, 'admin', TIMESTAMP '2013-06-04 11:11:57.884', 'admin', TIMESTAMP '2013-06-04 11:11:57.884', 'kuali.atp.2012CETerm1', '56a7d3c8-4a55-46a6-853f-63b393b13dcc', '', '', '1022', 'kuali.lui.registration.group.state.pending', 'kuali.lui.type.registration.group', '', '', '1022', '1022', '', 'c5d67f9e-c18e-43d4-9d06-dbff138b0f55')
/
insert into KSEN_LUI_ATTR (OBJ_ID, ATTR_KEY, OWNER_ID, ATTR_VALUE, ID) values ('d1868fd0-2282-4a65-9f77-e5f8388d31fb', 'kuali.attribute.registration.group.aocluster.id', 'c5d67f9e-c18e-43d4-9d06-dbff138b0f55', 'c5ac4c8d-69c7-47bf-a7aa-2644d8f9e81f', 'ef4a93c6-2e8c-4d88-9ba3-ac83ab9781f4')
/
insert into KSEN_LUI_ATTR (OBJ_ID, ATTR_KEY, OWNER_ID, ATTR_VALUE, ID) values ('f6bb11da-a5a6-49b0-8fdf-60fd34795ffa', 'kuali.attribute.registration.group.is.generated', 'c5d67f9e-c18e-43d4-9d06-dbff138b0f55', '1', '51db1fe4-850f-4a75-91c9-04fb5140cb3d')
/
insert into KSEN_LUI_IDENT (OBJ_ID, VER_NBR, CREATEID, CREATETIME, UPDATEID, UPDATETIME, LUI_CD, DIVISION, IDENT_LEVEL, LNG_NAME, LUI_ID, ORGID, SHRT_NAME, LUI_ID_STATE, SUFX_CD, LUI_ID_TYPE, VARTN, ID) values ('75e6de57-efd6-4663-8cb4-441f2eb49f6f', 0, 'admin', TIMESTAMP '2013-06-04 11:11:57.884', 'admin', TIMESTAMP '2013-06-04 11:11:57.884', '', '', '', '', 'c5d67f9e-c18e-43d4-9d06-dbff138b0f55', '', '', 'kuali.lui.identifier.state.active', '', 'kuali.lui.identifier.type.official', '', '49888c09-d09e-41d1-991d-99235ebd3d73')
/
insert into KSEN_LUILUI_RELTN (OBJ_ID, VER_NBR, CREATEID, CREATETIME, UPDATEID, UPDATETIME, EFF_DT, EXPIR_DT, DESCR_FORMATTED, LUI_ID, LUILUI_RELTN_STATE, LUILUI_RELTN_TYPE, NAME, DESCR_PLAIN, RELATED_LUI_ID, ID) values ('80d8373d-65d8-4ba5-9f37-7f59fe519337', 0, 'admin', TIMESTAMP '2013-06-04 11:11:57.884', 'admin', TIMESTAMP '2013-06-04 11:11:57.884', TIMESTAMP '2013-06-04 11:12:35.779', '', 'BSCI330-FO-RG', '49adf4bd-2a31-4054-879d-1f1a1abe3682', 'kuali.lui.lui.relation.state.active', 'kuali.lui.lui.relation.type.deliveredvia.fo2rg', 'fo-rg-relation', 'BSCI330-FO-RG', 'c5d67f9e-c18e-43d4-9d06-dbff138b0f55', '33166f75-55d2-445b-9c84-8e3245a3fd94')
/
insert into KSEN_LUILUI_RELTN (OBJ_ID, VER_NBR, CREATEID, CREATETIME, UPDATEID, UPDATETIME, EFF_DT, EXPIR_DT, DESCR_FORMATTED, LUI_ID, LUILUI_RELTN_STATE, LUILUI_RELTN_TYPE, NAME, DESCR_PLAIN, RELATED_LUI_ID, ID) values ('28b96178-8501-4c6d-96b8-dc11693570c6', 0, 'admin', TIMESTAMP '2013-06-04 11:11:57.884', 'admin', TIMESTAMP '2013-06-04 11:11:57.884', TIMESTAMP '2013-06-04 11:12:35.78', '', 'BSCI330-RG-AO', 'c5d67f9e-c18e-43d4-9d06-dbff138b0f55', 'kuali.lui.lui.relation.state.active', 'kuali.lui.lui.relation.type.registeredforvia.rg2ao', 'rg-ao-relation', 'BSCI330-RG-AO', '463279c1-d545-4743-b72e-c8d84bac1dbe', '49f8ce19-b5c8-4f53-9895-0bb757b250aa')
/
insert into KSEN_LUILUI_RELTN (OBJ_ID, VER_NBR, CREATEID, CREATETIME, UPDATEID, UPDATETIME, EFF_DT, EXPIR_DT, DESCR_FORMATTED, LUI_ID, LUILUI_RELTN_STATE, LUILUI_RELTN_TYPE, NAME, DESCR_PLAIN, RELATED_LUI_ID, ID) values ('de7a7f9b-546b-47e9-943c-ea93c0bfeb5b', 0, 'admin', TIMESTAMP '2013-06-04 11:11:57.884', 'admin', TIMESTAMP '2013-06-04 11:11:57.884', TIMESTAMP '2013-06-04 11:12:35.78', '', 'BSCI330-RG-AO', 'c5d67f9e-c18e-43d4-9d06-dbff138b0f55', 'kuali.lui.lui.relation.state.active', 'kuali.lui.lui.relation.type.registeredforvia.rg2ao', 'rg-ao-relation', 'BSCI330-RG-AO', 'f03379f2-4435-4a27-b21e-8f45e130c97e', 'f992eeb0-33fb-488f-a037-ca49ba7e550f')
/
insert into KSEN_LUI (OBJ_ID, VER_NBR, CREATEID, CREATETIME, UPDATEID, UPDATETIME, ATP_ID, CLU_ID, EFF_DT, EXPIR_DT, DESCR_FORMATTED, LUI_STATE, LUI_TYPE, MAX_SEATS, MIN_SEATS, NAME, DESCR_PLAIN, REF_URL, ID) values ('118e7678-95ee-4572-9045-7efa5170e400', 0, 'admin', TIMESTAMP '2013-06-04 11:11:57.884', 'admin', TIMESTAMP '2013-06-04 11:11:57.884', 'kuali.atp.2012CETerm1', '56a7d3c8-4a55-46a6-853f-63b393b13dcc', '', '', '1023', 'kuali.lui.registration.group.state.pending', 'kuali.lui.type.registration.group', '', '', '1023', '1023', '', 'b76b49a2-15a9-4fe8-bb2f-25a91fe694c6')
/
insert into KSEN_LUI_ATTR (OBJ_ID, ATTR_KEY, OWNER_ID, ATTR_VALUE, ID) values ('63d271e9-8ffd-43be-9756-cd204a75ff13', 'kuali.attribute.registration.group.is.generated', 'b76b49a2-15a9-4fe8-bb2f-25a91fe694c6', '1', 'a8c4bef7-fb73-4e2b-b238-d37749eca5e5')
/
insert into KSEN_LUI_ATTR (OBJ_ID, ATTR_KEY, OWNER_ID, ATTR_VALUE, ID) values ('18ca48d5-9655-4fb8-88b3-8b2600e30993', 'kuali.attribute.registration.group.aocluster.id', 'b76b49a2-15a9-4fe8-bb2f-25a91fe694c6', 'c5ac4c8d-69c7-47bf-a7aa-2644d8f9e81f', '914f6492-e858-4526-8abd-8ff1155de994')
/
insert into KSEN_LUI_IDENT (OBJ_ID, VER_NBR, CREATEID, CREATETIME, UPDATEID, UPDATETIME, LUI_CD, DIVISION, IDENT_LEVEL, LNG_NAME, LUI_ID, ORGID, SHRT_NAME, LUI_ID_STATE, SUFX_CD, LUI_ID_TYPE, VARTN, ID) values ('55abffda-efeb-4484-8b7e-b357f55c0492', 0, 'admin', TIMESTAMP '2013-06-04 11:11:57.884', 'admin', TIMESTAMP '2013-06-04 11:11:57.884', '', '', '', '', 'b76b49a2-15a9-4fe8-bb2f-25a91fe694c6', '', '', 'kuali.lui.identifier.state.active', '', 'kuali.lui.identifier.type.official', '', '8dfb8b16-513c-49b6-8ca9-a724875f67cc')
/
insert into KSEN_LUILUI_RELTN (OBJ_ID, VER_NBR, CREATEID, CREATETIME, UPDATEID, UPDATETIME, EFF_DT, EXPIR_DT, DESCR_FORMATTED, LUI_ID, LUILUI_RELTN_STATE, LUILUI_RELTN_TYPE, NAME, DESCR_PLAIN, RELATED_LUI_ID, ID) values ('1d879f13-190c-45ed-a87b-6985d5eb4ef9', 0, 'admin', TIMESTAMP '2013-06-04 11:11:57.884', 'admin', TIMESTAMP '2013-06-04 11:11:57.884', TIMESTAMP '2013-06-04 11:12:36.035', '', 'BSCI330-FO-RG', '49adf4bd-2a31-4054-879d-1f1a1abe3682', 'kuali.lui.lui.relation.state.active', 'kuali.lui.lui.relation.type.deliveredvia.fo2rg', 'fo-rg-relation', 'BSCI330-FO-RG', 'b76b49a2-15a9-4fe8-bb2f-25a91fe694c6', '1768a825-b915-4625-8fad-3057d617ad01')
/
insert into KSEN_LUILUI_RELTN (OBJ_ID, VER_NBR, CREATEID, CREATETIME, UPDATEID, UPDATETIME, EFF_DT, EXPIR_DT, DESCR_FORMATTED, LUI_ID, LUILUI_RELTN_STATE, LUILUI_RELTN_TYPE, NAME, DESCR_PLAIN, RELATED_LUI_ID, ID) values ('97ed00f2-becf-4f1c-bdc2-437b9c8eef7c', 0, 'admin', TIMESTAMP '2013-06-04 11:11:57.884', 'admin', TIMESTAMP '2013-06-04 11:11:57.884', TIMESTAMP '2013-06-04 11:12:36.035', '', 'BSCI330-RG-AO', 'b76b49a2-15a9-4fe8-bb2f-25a91fe694c6', 'kuali.lui.lui.relation.state.active', 'kuali.lui.lui.relation.type.registeredforvia.rg2ao', 'rg-ao-relation', 'BSCI330-RG-AO', '463279c1-d545-4743-b72e-c8d84bac1dbe', '310c95df-a8e3-4f35-8a0f-8e497d90a5e1')
/
insert into KSEN_LUILUI_RELTN (OBJ_ID, VER_NBR, CREATEID, CREATETIME, UPDATEID, UPDATETIME, EFF_DT, EXPIR_DT, DESCR_FORMATTED, LUI_ID, LUILUI_RELTN_STATE, LUILUI_RELTN_TYPE, NAME, DESCR_PLAIN, RELATED_LUI_ID, ID) values ('efc64550-4b2b-4bb2-8c86-af7ba97d65de', 0, 'admin', TIMESTAMP '2013-06-04 11:11:57.884', 'admin', TIMESTAMP '2013-06-04 11:11:57.884', TIMESTAMP '2013-06-04 11:12:36.036', '', 'BSCI330-RG-AO', 'b76b49a2-15a9-4fe8-bb2f-25a91fe694c6', 'kuali.lui.lui.relation.state.active', 'kuali.lui.lui.relation.type.registeredforvia.rg2ao', 'rg-ao-relation', 'BSCI330-RG-AO', 'fc28b776-c0a9-4279-8429-6852f7081e5e', '2a4fd430-3407-4bca-8eca-ef42fff891fd')
/
insert into KSEN_LUI (OBJ_ID, VER_NBR, CREATEID, CREATETIME, UPDATEID, UPDATETIME, ATP_ID, CLU_ID, EFF_DT, EXPIR_DT, DESCR_FORMATTED, LUI_STATE, LUI_TYPE, MAX_SEATS, MIN_SEATS, NAME, DESCR_PLAIN, REF_URL, ID) values ('d4b6c86d-7235-4515-8877-8b42519487c5', 0, 'admin', TIMESTAMP '2013-06-04 11:12:48.499', 'admin', TIMESTAMP '2013-06-04 11:12:48.499', 'kuali.atp.2012CETerm1', 'CLUID-BSCI373-199908000000', TIMESTAMP '2011-08-26 20:00:00.0', '', 'Consideration of the major groups of organisms associated with the Chesapeake Bay and current issues that determine humans'' present and future uses for the Chesapeake and its biota.', 'kuali.lui.course.offering.state.draft', 'kuali.lui.type.course.offering', '', '', 'BSCI373 CO', 'Consideration of the major groups of organisms associated with the Chesapeake Bay and current issues that determine humans'' present and future uses for the Chesapeake and its biota.', 'null', '4df0949c-703e-4206-8961-055358a21dac')
/
insert into KSEN_LUI_ATTR (OBJ_ID, ATTR_KEY, OWNER_ID, ATTR_VALUE, ID) values ('70ee5cd9-51ed-4e68-a480-a165ddd7e44d', 'kuali.attribute.wait.list.level.type.key', '4df0949c-703e-4206-8961-055358a21dac', 'AO', '824b54bb-2979-40fd-835d-05596b3e3f61')
/
insert into KSEN_LUI_ATTR (OBJ_ID, ATTR_KEY, OWNER_ID, ATTR_VALUE, ID) values ('7281ac2f-f493-49be-b95b-6117c4b7d93f', 'kuali.attribute.course.evaluation.indicator', '4df0949c-703e-4206-8961-055358a21dac', '0', '25331f45-d49e-43aa-96d1-ece244469791')
/
insert into KSEN_LUI_ATTR (OBJ_ID, ATTR_KEY, OWNER_ID, ATTR_VALUE, ID) values ('12923df1-19b5-4673-9f16-b660bdf805c7', 'kuali.attribute.where.fees.attached.flag', '4df0949c-703e-4206-8961-055358a21dac', '0', '7ae862bf-27fe-408d-be8e-2f3ae115183d')
/
insert into KSEN_LUI_ATTR (OBJ_ID, ATTR_KEY, OWNER_ID, ATTR_VALUE, ID) values ('e1b8b227-5ad3-4119-80b6-bfb9ccb1ad01', 'kuali.attribute.course.number.internal.suffix', '4df0949c-703e-4206-8961-055358a21dac', 'A', '28292138-2c49-48de-8aaf-af8ce01fec13')
/
insert into KSEN_LUI_ATTR (OBJ_ID, ATTR_KEY, OWNER_ID, ATTR_VALUE, ID) values ('507ed7d2-a5a9-4fe1-837b-9f01342f899c', 'kuali.attribute.wait.list.type.key', '4df0949c-703e-4206-8961-055358a21dac', 'kuali.waitlist.type.semiautomatic', '3298d4a1-957c-4ac4-96cc-98ff1b96b4ab')
/
insert into KSEN_LUI_ATTR (OBJ_ID, ATTR_KEY, OWNER_ID, ATTR_VALUE, ID) values ('0d70b613-7f30-49df-8e67-60b16e3218d5', 'kuali.attribute.final.exam.indicator', '4df0949c-703e-4206-8961-055358a21dac', 'STANDARD', 'de816402-44a5-4669-93c0-25fdbfbdabb3')
/
insert into KSEN_LUI_ATTR (OBJ_ID, ATTR_KEY, OWNER_ID, ATTR_VALUE, ID) values ('b4538348-9bac-4baf-af18-8e20e1492c50', 'kuali.attribute.wait.list.indicator', '4df0949c-703e-4206-8961-055358a21dac', '1', 'bdbe285f-7b7f-400d-a8e4-7ccd3844d931')
/
insert into KSEN_LUI_ATTR (OBJ_ID, ATTR_KEY, OWNER_ID, ATTR_VALUE, ID) values ('78745bf3-9f60-4d0d-80be-c78f81d96b3a', 'kuali.attribute.funding.source', '4df0949c-703e-4206-8961-055358a21dac', '', 'a75470a2-882c-407d-9cb3-3fd4ea38de3d')
/
insert into KSEN_LUI_IDENT (OBJ_ID, VER_NBR, CREATEID, CREATETIME, UPDATEID, UPDATETIME, LUI_CD, DIVISION, IDENT_LEVEL, LNG_NAME, LUI_ID, ORGID, SHRT_NAME, LUI_ID_STATE, SUFX_CD, LUI_ID_TYPE, VARTN, ID) values ('a61d1a0d-cfd7-4527-9f8f-c10b2d6b9c8b', 0, 'admin', TIMESTAMP '2013-06-04 11:12:48.499', 'admin', TIMESTAMP '2013-06-04 11:12:48.499', 'BSCI373', 'BSCI', '', 'Natural History of the Chesapeake Bay', '4df0949c-703e-4206-8961-055358a21dac', '', '', 'kuali.lui.identifier.state.active', '', 'kuali.lui.identifier.type.official', '', 'b4360b13-ec50-4078-beb8-08ce30ca304d')
/
insert into KSEN_LUI_LU_CD (OBJ_ID, VER_NBR, CREATEID, CREATETIME, UPDATEID, UPDATETIME, DESCR_FORMATTED, LUI_ID, DESCR_PLAIN, LUI_LUCD_TYPE, VALUE, ID) values ('7c0e5d02-60ed-4ddf-9306-5f0da3d76d62', 0, 'admin', TIMESTAMP '2013-06-04 11:12:48.499', 'admin', TIMESTAMP '2013-06-04 11:12:48.499', '', '4df0949c-703e-4206-8961-055358a21dac', '', 'kuali.lu.code.honorsOffering', '', '5d19cdd0-d895-4ec3-b89a-a4d8f2052487')
/
insert into KSEN_LUI_UNITS_DEPLOYMENT (LUI_ID, ORG_ID, ID) values ('4df0949c-703e-4206-8961-055358a21dac', '576639460', '1731cd17-4f43-4a5d-91db-59e4feb4d254')
/
insert into KSEN_LUI_UNITS_CONT_OWNER (LUI_ID, ORG_ID) values ('4df0949c-703e-4206-8961-055358a21dac', '576639460')
/
insert into KSEN_LUI_RESULT_VAL_GRP (LUI_ID, RESULT_VAL_GRP_ID) values ('4df0949c-703e-4206-8961-055358a21dac', 'kuali.resultComponent.grade.letter')
/
insert into KSEN_LUI_RESULT_VAL_GRP (LUI_ID, RESULT_VAL_GRP_ID) values ('4df0949c-703e-4206-8961-055358a21dac', 'kuali.resultComponent.grade.audit')
/
insert into KSEN_LUI_RESULT_VAL_GRP (LUI_ID, RESULT_VAL_GRP_ID) values ('4df0949c-703e-4206-8961-055358a21dac', 'kuali.resultComponent.grade.passFail')
/
insert into KSEN_LUI_RESULT_VAL_GRP (LUI_ID, RESULT_VAL_GRP_ID) values ('4df0949c-703e-4206-8961-055358a21dac', 'kuali.creditType.credit.degree.3.0')
/
insert into KSEN_LUI (OBJ_ID, VER_NBR, CREATEID, CREATETIME, UPDATEID, UPDATETIME, ATP_ID, CLU_ID, EFF_DT, EXPIR_DT, DESCR_FORMATTED, LUI_STATE, LUI_TYPE, MAX_SEATS, MIN_SEATS, NAME, DESCR_PLAIN, REF_URL, ID) values ('40578186-64a5-4831-846c-bfe84f72cfdf', 0, 'admin', TIMESTAMP '2013-06-04 11:12:48.499', 'admin', TIMESTAMP '2013-06-04 11:12:48.499', 'kuali.atp.2012CETerm1', 'a6a3673f-5d87-4e8d-8be6-659b6cb99189', '', '', 'Courses with Lecture only', 'kuali.lui.format.offering.state.draft', 'kuali.lui.type.course.format.offering', '', '', 'Lecture Only', 'Courses with Lecture only', '', 'b665c20c-6cdc-4b24-8402-f0123b3c050a')
/
insert into KSEN_LUI_ATTR (OBJ_ID, ATTR_KEY, OWNER_ID, ATTR_VALUE, ID) values ('e364a533-f269-403f-8a97-a6cb3d15a49f', 'kuali.attribute.final.exam.level.type', 'b665c20c-6cdc-4b24-8402-f0123b3c050a', 'kuali.lui.type.activity.offering.lecture', 'a89754fe-c952-4536-a64b-4610386e62f5')
/
insert into KSEN_LUI_ATTR (OBJ_ID, ATTR_KEY, OWNER_ID, ATTR_VALUE, ID) values ('7a378676-313e-436e-9aa5-12a4ae751c17', 'kuali.attribute.grade.roster.level.type.key', 'b665c20c-6cdc-4b24-8402-f0123b3c050a', 'kuali.lui.type.activity.offering.lecture', 'e3b7d8d1-d5ae-478c-a166-1acce9f60949')
/
insert into KSEN_LUI_ATTR (OBJ_ID, ATTR_KEY, OWNER_ID, ATTR_VALUE, ID) values ('78f30409-61cf-4d12-b5f9-9ac749c57cce', 'regCodePrefix', 'b665c20c-6cdc-4b24-8402-f0123b3c050a', '1', '7c206351-ec0b-4c48-b50a-595233320a08')
/
insert into KSEN_LUI_IDENT (OBJ_ID, VER_NBR, CREATEID, CREATETIME, UPDATEID, UPDATETIME, LUI_CD, DIVISION, IDENT_LEVEL, LNG_NAME, LUI_ID, ORGID, SHRT_NAME, LUI_ID_STATE, SUFX_CD, LUI_ID_TYPE, VARTN, ID) values ('9a7b4760-be34-4b85-b026-22e16052350e', 0, 'admin', TIMESTAMP '2013-06-04 11:12:48.499', 'admin', TIMESTAMP '2013-06-04 11:12:48.499', '', '', '', 'Lecture Only', 'b665c20c-6cdc-4b24-8402-f0123b3c050a', '', 'LEC', 'kuali.lui.identifier.state.active', '', 'kuali.lui.identifier.type.official', '', 'c07e7442-21a3-44e5-acbe-35abb95c4e5a')
/
insert into KSEN_LUILUI_RELTN (OBJ_ID, VER_NBR, CREATEID, CREATETIME, UPDATEID, UPDATETIME, EFF_DT, EXPIR_DT, DESCR_FORMATTED, LUI_ID, LUILUI_RELTN_STATE, LUILUI_RELTN_TYPE, NAME, DESCR_PLAIN, RELATED_LUI_ID, ID) values ('701f46d4-ea13-4cc1-97aa-588aeacdf486', 0, 'admin', TIMESTAMP '2013-06-04 11:12:48.499', 'admin', TIMESTAMP '2013-06-04 11:12:48.499', TIMESTAMP '2013-06-04 11:12:49.094', '', 'BSCI373-CO-FO', '4df0949c-703e-4206-8961-055358a21dac', 'kuali.lui.lui.relation.state.active', 'kuali.lui.lui.relation.type.deliveredvia.co2fo', 'co-fo-relation', 'BSCI373-CO-FO', 'b665c20c-6cdc-4b24-8402-f0123b3c050a', 'e042e266-3cd6-4fef-a386-d3e3325f2a80')
/
insert into KSEN_LUI_RELATED_LUI_TYPES (LUI_ID, RELATED_LUI_TYPE) values ('b665c20c-6cdc-4b24-8402-f0123b3c050a', 'kuali.lui.type.activity.offering.lecture')
/
insert into KSEN_LUI (OBJ_ID, VER_NBR, CREATEID, CREATETIME, UPDATEID, UPDATETIME, ATP_ID, CLU_ID, EFF_DT, EXPIR_DT, DESCR_FORMATTED, LUI_STATE, LUI_TYPE, MAX_SEATS, MIN_SEATS, NAME, DESCR_PLAIN, REF_URL, ID) values ('04cac046-af3a-410d-a3af-d16d03ff5016', 0, 'admin', TIMESTAMP '2013-06-04 11:12:48.499', 'admin', TIMESTAMP '2013-06-04 11:12:48.499', 'kuali.atp.2012CETerm1', '5ab3ab70-84fd-4673-9ac6-49090dd24ca4', '', '', 'Courses with lecture', 'kuali.lui.activity.offering.state.draft', 'kuali.lui.type.activity.offering.lecture', 83, 83, 'Lecture', 'Courses with lecture', 'null', 'be93f2be-e2ed-46e5-be65-fcbdec11b1e3')
/
insert into KSEN_LUI_ATTR (OBJ_ID, ATTR_KEY, OWNER_ID, ATTR_VALUE, ID) values ('5c553e79-cfa9-491b-a813-830df9bc4ac6', 'kuali.attribute.course.evaluation.indicator', 'be93f2be-e2ed-46e5-be65-fcbdec11b1e3', '0', '3a4c9ccd-dc51-49b2-b0be-de194e4075ea')
/
insert into KSEN_LUI_ATTR (OBJ_ID, ATTR_KEY, OWNER_ID, ATTR_VALUE, ID) values ('999db85d-fc47-4a99-84bf-9d4929178fb4', 'isWaitlistCheckinRequired', 'be93f2be-e2ed-46e5-be65-fcbdec11b1e3', '0', '2f512d78-2388-4ede-8136-35efe4e490d4')
/
insert into KSEN_LUI_ATTR (OBJ_ID, ATTR_KEY, OWNER_ID, ATTR_VALUE, ID) values ('69362f2a-a98f-42b8-acf5-3df0676212db', 'kuali.attribute.max.enrollment.is.estimate', 'be93f2be-e2ed-46e5-be65-fcbdec11b1e3', '0', 'd9f1629b-fdec-4f16-bcd9-a39d4be3b9db')
/
insert into KSEN_LUI_IDENT (OBJ_ID, VER_NBR, CREATEID, CREATETIME, UPDATEID, UPDATETIME, LUI_CD, DIVISION, IDENT_LEVEL, LNG_NAME, LUI_ID, ORGID, SHRT_NAME, LUI_ID_STATE, SUFX_CD, LUI_ID_TYPE, VARTN, ID) values ('dd388fe8-2e11-45ef-ab7c-86a96d0ef2a4', 0, 'admin', TIMESTAMP '2013-06-04 11:12:48.499', 'admin', TIMESTAMP '2013-06-04 11:12:48.499', 'A', '', '', '', 'be93f2be-e2ed-46e5-be65-fcbdec11b1e3', '', '', 'kuali.lui.identifier.state.active', '', 'kuali.lui.identifier.type.official', '', '7e68bcae-f71d-4ccd-a3e4-033424b64bfc')
/
insert into KSEN_LUI_LU_CD (OBJ_ID, VER_NBR, CREATEID, CREATETIME, UPDATEID, UPDATETIME, DESCR_FORMATTED, LUI_ID, DESCR_PLAIN, LUI_LUCD_TYPE, VALUE, ID) values ('70c5e4a3-1e59-41d6-8862-ac2be5b4f53e', 0, 'admin', TIMESTAMP '2013-06-04 11:12:48.499', 'admin', TIMESTAMP '2013-06-04 11:12:48.499', '', 'be93f2be-e2ed-46e5-be65-fcbdec11b1e3', '', 'kuali.lu.code.honorsOffering', '0', '967316de-5492-4e24-bd0d-747646df5d89')
/
insert into KSEN_LPR (OBJ_ID, VER_NBR, CREATEID, CREATETIME, UPDATEID, UPDATETIME, COMMIT_PERCT, EFF_DT, EXPIR_DT, LUI_ID, PERS_ID, LPR_STATE, LPR_TYPE, ID) values ('3276359c-e41d-4807-8224-be89c6bc0e09', 0, 'admin', TIMESTAMP '2013-06-04 11:12:48.499', 'admin', TIMESTAMP '2013-06-04 11:12:48.499', '100.0', TIMESTAMP '2013-06-04 11:12:49.687', '', 'be93f2be-e2ed-46e5-be65-fcbdec11b1e3', 'P.LEANNM', 'kuali.lpr.state.active', 'kuali.lpr.type.instructor.main', 'ad55d6c5-5a52-4b99-96c6-9c1c4291d56e')
/
insert into KSEN_LUILUI_RELTN (OBJ_ID, VER_NBR, CREATEID, CREATETIME, UPDATEID, UPDATETIME, EFF_DT, EXPIR_DT, DESCR_FORMATTED, LUI_ID, LUILUI_RELTN_STATE, LUILUI_RELTN_TYPE, NAME, DESCR_PLAIN, RELATED_LUI_ID, ID) values ('63d7c178-4ebd-4daf-affd-4043f4e95201', 0, 'admin', TIMESTAMP '2013-06-04 11:12:48.499', 'admin', TIMESTAMP '2013-06-04 11:12:48.499', TIMESTAMP '2013-06-04 11:12:49.687', '', 'BSCI373-FO-AO', 'b665c20c-6cdc-4b24-8402-f0123b3c050a', 'kuali.lui.lui.relation.state.active', 'kuali.lui.lui.relation.type.deliveredvia.fo2ao', 'fo-ao-relation', 'BSCI373-FO-AO', 'be93f2be-e2ed-46e5-be65-fcbdec11b1e3', '4b8ba5c4-d944-46a2-b806-53611d53d956')
/
insert into KSEN_SCHED_RQST_SET (OBJ_ID, VER_NBR, CREATEID, CREATETIME, UPDATEID, UPDATETIME, DESCR_FORMATTED, MAX_ENRL_SHARED_IND, MAX_ENRL, NAME, DESCR_PLAIN, REF_OBJECT_TYPE, SCHED_RQST_SET_STATE, SCHED_RQST_SET_TYPE, ID) values ('668e8e81-e51a-4465-af3a-d5dbe4886edb', 0, 'admin', TIMESTAMP '2013-06-04 11:12:48.499', 'admin', TIMESTAMP '2013-06-04 11:12:48.499', '', '', '', '', '', 'http://student.kuali.org/wsdl/courseOffering/ActivityOfferingInfo', 'kuali.scheduling.schedule.request.state.created', 'kuali.scheduling.schedule.request.set.type.schedule.request.set', 'cc8bbf21-9e93-4b83-bbd6-be966b4673fe')
/
insert into KSEN_SCHED_RQST (OBJ_ID, VER_NBR, CREATEID, CREATETIME, UPDATEID, UPDATETIME, DESCR_FORMATTED, NAME, DESCR_PLAIN, SCHED_RQST_STATE, SCHED_RQST_TYPE, SCHED_ID, SCHED_RQST_SET_ID, ID) values ('f68567ca-0309-4591-a694-a18b80ac1531', 0, 'admin', TIMESTAMP '2013-06-04 11:12:48.499', 'admin', TIMESTAMP '2013-06-04 11:12:48.499', '', 'Schedule request for BSCI373 - A', '', 'kuali.scheduling.schedule.request.state.created', 'kuali.scheduling.schedule.request.type.schedule.request', '', 'cc8bbf21-9e93-4b83-bbd6-be966b4673fe', '6d4ebf5b-f32f-4bd3-9be3-158b2aa5dc12')
/
insert into KSEN_SCHED_RQST_CMP (OBJ_ID, TBA_IND, SCHED_RQST_ID, ID) values ('fdfb4c55-4d63-46bc-bbb1-1faa3edfd8c4', '0', '6d4ebf5b-f32f-4bd3-9be3-158b2aa5dc12', '2aa3cfa9-ea14-447c-a661-5c71568719e6')
/
insert into KSEN_CO_SEAT_POOL_DEFN (OBJ_ID, VER_NBR, CREATEID, CREATETIME, UPDATEID, UPDATETIME, ACTIVITY_OFFERING_ID, EXPIR_MSTONE_TYPE, PERCENTAGE_IND, NAME, POPULATION_ID, PROCESSING_PRIORITY, SEAT_LIMIT, SEAT_POOL_DEFN_STATE, SEAT_POOL_DEFN_TYPE, ID) values ('bc916d84-c3d2-450e-8861-762032c5e02b', 1, 'admin', TIMESTAMP '2013-06-04 11:12:48.499', 'admin', TIMESTAMP '2013-06-04 11:12:48.499', '', 'kuali.atp.milestone.firstdayofclasses', '0', '300-level Senior Seatpool', '4160a52b-d353-4ab3-b72d-a3c2f9969783', 1, 5, 'kuali.lui.capacity.state.active', 'kuali.lui.capacity.type.seatpool', '181c1b5b-0d8f-4796-8112-793b548d2bd8')
/
insert into KSEN_SCHED_REF_OBJECT (SCHED_RQST_SET_ID, REF_OBJECT_ID) values ('cc8bbf21-9e93-4b83-bbd6-be966b4673fe', 'be93f2be-e2ed-46e5-be65-fcbdec11b1e3')
/
insert into KSEN_SCHED_RQST_CMP_BLDG (CMP_ID, BUILDING_ID) values ('2aa3cfa9-ea14-447c-a661-5c71568719e6', 'a8639d8c-f9cf-45d6-b7cd-48208717e1b6')
/
insert into KSEN_SCHED_RQST_CMP_CAMPUS (CMP_ID, CAMPUS_ID) values ('2aa3cfa9-ea14-447c-a661-5c71568719e6', 'UMCP')
/
insert into KSEN_SCHED_RQST_CMP_ROOM (CMP_ID, ROOM_ID) values ('2aa3cfa9-ea14-447c-a661-5c71568719e6', '6c3e8fdc-f51b-40c5-b360-2e2e20f86084')
/
insert into KSEN_SCHED_RQST_CMP_TMSLOT (CMP_ID, TM_SLOT_ID) values ('2aa3cfa9-ea14-447c-a661-5c71568719e6', 'ecb9dfee-681f-42da-a0ca-2070f4649f69')
/
insert into KSEN_CO_AO_CLUSTER (OBJ_ID, VER_NBR, CREATEID, CREATETIME, UPDATEID, UPDATETIME, AO_CLUSTER_STATE, AO_CLUSTER_TYPE, DESCR_FORMATTED, DESCR_PLAIN, FORMAT_OFFERING_ID, NAME, PRIVATE_NAME, ID) values ('a49089df-7e3a-48a7-b8cd-9d0190dbf4e4', 0, 'admin', TIMESTAMP '2013-06-04 11:12:48.499', 'admin', TIMESTAMP '2013-06-04 11:12:48.499', 'kuali.activity.offering.cluster.state.active', 'kuali.activity.offering.cluster.type.activity.offering.cluster', '', '', 'b665c20c-6cdc-4b24-8402-f0123b3c050a', 'CL 1', 'CL 1', 'df9b99b7-68de-4bc5-a0c3-1f11bb7d986c')
/
insert into KSEN_CO_AO_CLUSTER_SET (OBJ_ID, ACTIVITY_OFFERING_TYPE, AO_CLUSTER_ID, ID) values ('67b7e445-cf6c-485c-a12f-14039f3fef92', 'kuali.lui.type.activity.offering.lecture', 'df9b99b7-68de-4bc5-a0c3-1f11bb7d986c', '3788531d-ca06-417a-b292-56504c8c4c89')
/
update KSEN_CO_SEAT_POOL_DEFN set OBJ_ID='bc916d84-c3d2-450e-8861-762032c5e02b', VER_NBR=2, UPDATEID='admin', UPDATETIME=TIMESTAMP '2013-06-04 11:12:48.499', ACTIVITY_OFFERING_ID='be93f2be-e2ed-46e5-be65-fcbdec11b1e3', EXPIR_MSTONE_TYPE='kuali.atp.milestone.firstdayofclasses', PERCENTAGE_IND='0', NAME='300-level Senior Seatpool', POPULATION_ID='4160a52b-d353-4ab3-b72d-a3c2f9969783', PROCESSING_PRIORITY=1, SEAT_LIMIT=5, SEAT_POOL_DEFN_STATE='kuali.lui.capacity.state.active', SEAT_POOL_DEFN_TYPE='kuali.lui.capacity.type.seatpool' where ID='181c1b5b-0d8f-4796-8112-793b548d2bd8' and VER_NBR=1
/
insert into KSEN_CO_AO_CLUSTER_SET_AO (AOC_SET_ID, ACTIVITY_OFFERING_ID) values ('3788531d-ca06-417a-b292-56504c8c4c89', 'be93f2be-e2ed-46e5-be65-fcbdec11b1e3')
/
update KSEN_CO_AO_CLUSTER_SET set AO_CLUSTER_ID='df9b99b7-68de-4bc5-a0c3-1f11bb7d986c' where ID='3788531d-ca06-417a-b292-56504c8c4c89'
/
insert into KSEN_LUI (OBJ_ID, VER_NBR, CREATEID, CREATETIME, UPDATEID, UPDATETIME, ATP_ID, CLU_ID, EFF_DT, EXPIR_DT, DESCR_FORMATTED, LUI_STATE, LUI_TYPE, MAX_SEATS, MIN_SEATS, NAME, DESCR_PLAIN, REF_URL, ID) values ('ea6073cc-fce4-4cfc-8481-7101642b0d96', 0, 'admin', TIMESTAMP '2013-06-04 11:12:48.499', 'admin', TIMESTAMP '2013-06-04 11:12:48.499', 'kuali.atp.2012CETerm1', 'a6a3673f-5d87-4e8d-8be6-659b6cb99189', '', '', '1001', 'kuali.lui.registration.group.state.pending', 'kuali.lui.type.registration.group', '', '', '1001', '1001', '', 'f13c0e6b-8fc6-4d0a-a5cc-4151613bcc11')
/
insert into KSEN_LUI_ATTR (OBJ_ID, ATTR_KEY, OWNER_ID, ATTR_VALUE, ID) values ('5bf26d44-b6b3-4714-a32e-546320e558d5', 'kuali.attribute.registration.group.aocluster.id', 'f13c0e6b-8fc6-4d0a-a5cc-4151613bcc11', 'df9b99b7-68de-4bc5-a0c3-1f11bb7d986c', 'f478cc67-d78c-4adf-80af-12e60e044d84')
/
insert into KSEN_LUI_ATTR (OBJ_ID, ATTR_KEY, OWNER_ID, ATTR_VALUE, ID) values ('328591a6-585a-4de9-a9f2-6aa55468ebb3', 'kuali.attribute.registration.group.is.generated', 'f13c0e6b-8fc6-4d0a-a5cc-4151613bcc11', '1', '5ee71454-4702-4102-a6c6-e37cad2bf249')
/
insert into KSEN_LUI_IDENT (OBJ_ID, VER_NBR, CREATEID, CREATETIME, UPDATEID, UPDATETIME, LUI_CD, DIVISION, IDENT_LEVEL, LNG_NAME, LUI_ID, ORGID, SHRT_NAME, LUI_ID_STATE, SUFX_CD, LUI_ID_TYPE, VARTN, ID) values ('6d1a9884-2af2-47b1-84ad-3deeb42fd6cd', 0, 'admin', TIMESTAMP '2013-06-04 11:12:48.499', 'admin', TIMESTAMP '2013-06-04 11:12:48.499', '', '', '', '', 'f13c0e6b-8fc6-4d0a-a5cc-4151613bcc11', '', '', 'kuali.lui.identifier.state.active', '', 'kuali.lui.identifier.type.official', '', 'dc67ba67-1bb4-4ebe-b4c5-a3be64eb1469')
/
insert into KSEN_LUILUI_RELTN (OBJ_ID, VER_NBR, CREATEID, CREATETIME, UPDATEID, UPDATETIME, EFF_DT, EXPIR_DT, DESCR_FORMATTED, LUI_ID, LUILUI_RELTN_STATE, LUILUI_RELTN_TYPE, NAME, DESCR_PLAIN, RELATED_LUI_ID, ID) values ('7a064384-b92f-4bf6-b37a-9842fbcac005', 0, 'admin', TIMESTAMP '2013-06-04 11:12:48.499', 'admin', TIMESTAMP '2013-06-04 11:12:48.499', TIMESTAMP '2013-06-04 11:12:50.28', '', 'BSCI373-FO-RG', 'b665c20c-6cdc-4b24-8402-f0123b3c050a', 'kuali.lui.lui.relation.state.active', 'kuali.lui.lui.relation.type.deliveredvia.fo2rg', 'fo-rg-relation', 'BSCI373-FO-RG', 'f13c0e6b-8fc6-4d0a-a5cc-4151613bcc11', '9e91956a-0183-43a1-b44c-5b1ec160237d')
/
insert into KSEN_LUILUI_RELTN (OBJ_ID, VER_NBR, CREATEID, CREATETIME, UPDATEID, UPDATETIME, EFF_DT, EXPIR_DT, DESCR_FORMATTED, LUI_ID, LUILUI_RELTN_STATE, LUILUI_RELTN_TYPE, NAME, DESCR_PLAIN, RELATED_LUI_ID, ID) values ('609b54d4-4162-4f01-941f-3fd3b28be4c7', 0, 'admin', TIMESTAMP '2013-06-04 11:12:48.499', 'admin', TIMESTAMP '2013-06-04 11:12:48.499', TIMESTAMP '2013-06-04 11:12:50.281', '', 'BSCI373-RG-AO', 'f13c0e6b-8fc6-4d0a-a5cc-4151613bcc11', 'kuali.lui.lui.relation.state.active', 'kuali.lui.lui.relation.type.registeredforvia.rg2ao', 'rg-ao-relation', 'BSCI373-RG-AO', 'be93f2be-e2ed-46e5-be65-fcbdec11b1e3', '413a159d-21c6-41f5-afc3-a330d92ab49e')
/
insert into KSEN_LUI (OBJ_ID, VER_NBR, CREATEID, CREATETIME, UPDATEID, UPDATETIME, ATP_ID, CLU_ID, EFF_DT, EXPIR_DT, DESCR_FORMATTED, LUI_STATE, LUI_TYPE, MAX_SEATS, MIN_SEATS, NAME, DESCR_PLAIN, REF_URL, ID) values ('9fc2a7dd-215d-4a85-bcf5-a7a85cf01c0a', 0, 'admin', TIMESTAMP '2013-06-04 11:13:03.79', 'admin', TIMESTAMP '2013-06-04 11:13:03.79', 'kuali.atp.2012CETerm1', '9ece45f8-ae91-421a-8f4e-20f120ea6929', TIMESTAMP '2011-08-26 20:00:00.0', '', 'A study of the physical basis of sound, acoustical properties of sound, the human ear and voice, reproduction of sound, electronic music, acoustical properties of auditoriums, and other selected topics.', 'kuali.lui.course.offering.state.draft', 'kuali.lui.type.course.offering', '', '', 'PHYS102 CO', 'A study of the physical basis of sound, acoustical properties of sound, the human ear and voice, reproduction of sound, electronic music, acoustical properties of auditoriums, and other selected topics.', 'null', '704f2a5d-ac27-48b4-8200-8f15bc9d4763')
/
insert into KSEN_LUI_ATTR (OBJ_ID, ATTR_KEY, OWNER_ID, ATTR_VALUE, ID) values ('9107b4a3-d5c2-4b7c-a2fb-72404daf3275', 'kuali.attribute.wait.list.level.type.key', '704f2a5d-ac27-48b4-8200-8f15bc9d4763', 'AO', '164fb0ed-0b82-4574-bebe-4ace2455d8a0')
/
insert into KSEN_LUI_ATTR (OBJ_ID, ATTR_KEY, OWNER_ID, ATTR_VALUE, ID) values ('6fbc88fc-0ecb-4740-a952-1673a0cb50bb', 'kuali.attribute.course.number.internal.suffix', '704f2a5d-ac27-48b4-8200-8f15bc9d4763', 'A', '0ca6ca9c-411d-45e4-8583-be721030d478')
/
insert into KSEN_LUI_ATTR (OBJ_ID, ATTR_KEY, OWNER_ID, ATTR_VALUE, ID) values ('36c9c80d-c032-466a-957f-84d7ca45cbe9', 'kuali.attribute.wait.list.type.key', '704f2a5d-ac27-48b4-8200-8f15bc9d4763', 'kuali.waitlist.type.semiautomatic', '277bfe65-7225-4a53-849e-ee45ba983dbf')
/
insert into KSEN_LUI_ATTR (OBJ_ID, ATTR_KEY, OWNER_ID, ATTR_VALUE, ID) values ('eedaa8fc-2312-4423-97e0-a1f2230a112f', 'kuali.attribute.course.evaluation.indicator', '704f2a5d-ac27-48b4-8200-8f15bc9d4763', '0', 'de4f458d-88b5-40d2-8697-d35e3543a2a0')
/
insert into KSEN_LUI_ATTR (OBJ_ID, ATTR_KEY, OWNER_ID, ATTR_VALUE, ID) values ('beb5d5d4-6af1-49ba-89c6-71e3ae6420ca', 'kuali.attribute.final.exam.indicator', '704f2a5d-ac27-48b4-8200-8f15bc9d4763', 'STANDARD', '099b6944-5e17-4068-aaaa-f73b4a681d5d')
/
insert into KSEN_LUI_ATTR (OBJ_ID, ATTR_KEY, OWNER_ID, ATTR_VALUE, ID) values ('9b9ed77b-0d88-4c46-9815-a7578d678390', 'kuali.attribute.wait.list.indicator', '704f2a5d-ac27-48b4-8200-8f15bc9d4763', '1', 'ee1135b0-4636-428d-a4e0-8ce5faf239e5')
/
insert into KSEN_LUI_ATTR (OBJ_ID, ATTR_KEY, OWNER_ID, ATTR_VALUE, ID) values ('a597ab1f-c680-4059-9279-2991fc5dccb3', 'kuali.attribute.funding.source', '704f2a5d-ac27-48b4-8200-8f15bc9d4763', '', '03544921-6a06-4a70-889a-4a502099bc4f')
/
insert into KSEN_LUI_ATTR (OBJ_ID, ATTR_KEY, OWNER_ID, ATTR_VALUE, ID) values ('bc49ce08-039a-4b52-95e9-707b4e3b13f9', 'kuali.attribute.where.fees.attached.flag', '704f2a5d-ac27-48b4-8200-8f15bc9d4763', '0', 'ab4a40f9-f270-40b7-8559-af3735f22de4')
/
insert into KSEN_LUI_IDENT (OBJ_ID, VER_NBR, CREATEID, CREATETIME, UPDATEID, UPDATETIME, LUI_CD, DIVISION, IDENT_LEVEL, LNG_NAME, LUI_ID, ORGID, SHRT_NAME, LUI_ID_STATE, SUFX_CD, LUI_ID_TYPE, VARTN, ID) values ('5d68198e-a535-4574-8858-be4b066c67a0', 0, 'admin', TIMESTAMP '2013-06-04 11:13:03.79', 'admin', TIMESTAMP '2013-06-04 11:13:03.79', 'PHYS102', 'PHYS', '', 'Physics of Music', '704f2a5d-ac27-48b4-8200-8f15bc9d4763', '', '', 'kuali.lui.identifier.state.active', '', 'kuali.lui.identifier.type.official', '', '1cd5805b-eb7c-4066-94e2-9e65ed3191bc')
/
insert into KSEN_LUI_LU_CD (OBJ_ID, VER_NBR, CREATEID, CREATETIME, UPDATEID, UPDATETIME, DESCR_FORMATTED, LUI_ID, DESCR_PLAIN, LUI_LUCD_TYPE, VALUE, ID) values ('980bc84a-85f8-401a-8abb-d7651a1334c3', 0, 'admin', TIMESTAMP '2013-06-04 11:13:03.79', 'admin', TIMESTAMP '2013-06-04 11:13:03.79', '', '704f2a5d-ac27-48b4-8200-8f15bc9d4763', '', 'kuali.lu.code.honorsOffering', '', '4bf6b71e-e094-4047-8780-e29a6b1e823e')
/
insert into KSEN_LUI_UNITS_DEPLOYMENT (LUI_ID, ORG_ID, ID) values ('704f2a5d-ac27-48b4-8200-8f15bc9d4763', '9012742', '45ff929b-b13b-4d0e-b006-325edf8ba6b1')
/
insert into KSEN_LUI_UNITS_CONT_OWNER (LUI_ID, ORG_ID) values ('704f2a5d-ac27-48b4-8200-8f15bc9d4763', '9012742')
/
insert into KSEN_LUI_RESULT_VAL_GRP (LUI_ID, RESULT_VAL_GRP_ID) values ('704f2a5d-ac27-48b4-8200-8f15bc9d4763', 'kuali.resultComponent.grade.letter')
/
insert into KSEN_LUI_RESULT_VAL_GRP (LUI_ID, RESULT_VAL_GRP_ID) values ('704f2a5d-ac27-48b4-8200-8f15bc9d4763', 'kuali.resultComponent.grade.audit')
/
insert into KSEN_LUI_RESULT_VAL_GRP (LUI_ID, RESULT_VAL_GRP_ID) values ('704f2a5d-ac27-48b4-8200-8f15bc9d4763', 'kuali.resultComponent.grade.passFail')
/
insert into KSEN_LUI_RESULT_VAL_GRP (LUI_ID, RESULT_VAL_GRP_ID) values ('704f2a5d-ac27-48b4-8200-8f15bc9d4763', 'kuali.creditType.credit.degree.3.0')
/
insert into KSEN_LUI (OBJ_ID, VER_NBR, CREATEID, CREATETIME, UPDATEID, UPDATETIME, ATP_ID, CLU_ID, EFF_DT, EXPIR_DT, DESCR_FORMATTED, LUI_STATE, LUI_TYPE, MAX_SEATS, MIN_SEATS, NAME, DESCR_PLAIN, REF_URL, ID) values ('8c828818-64d4-4515-8d74-e47229b335f5', 0, 'admin', TIMESTAMP '2013-06-04 11:13:03.79', 'admin', TIMESTAMP '2013-06-04 11:13:03.79', 'kuali.atp.2012CETerm1', 'fd49ba3c-931e-4be4-9a3e-b5200d27f44f', '', '', 'Courses with Lecture only', 'kuali.lui.format.offering.state.draft', 'kuali.lui.type.course.format.offering', '', '', 'Lecture Only', 'Courses with Lecture only', '', 'c1479830-593a-4040-8754-4feff9c0e17d')
/
insert into KSEN_LUI_ATTR (OBJ_ID, ATTR_KEY, OWNER_ID, ATTR_VALUE, ID) values ('da7422cc-e59a-451a-9291-bac4d983843e', 'kuali.attribute.grade.roster.level.type.key', 'c1479830-593a-4040-8754-4feff9c0e17d', 'kuali.lui.type.activity.offering.lecture', '45ec8e3e-cd20-4148-87c2-4aa3fd132f17')
/
insert into KSEN_LUI_ATTR (OBJ_ID, ATTR_KEY, OWNER_ID, ATTR_VALUE, ID) values ('957b27d4-6fbd-46b9-986d-61e0bda5caac', 'regCodePrefix', 'c1479830-593a-4040-8754-4feff9c0e17d', '1', 'fae13f5e-a23b-45f9-9f1f-f8c30a0387bc')
/
insert into KSEN_LUI_ATTR (OBJ_ID, ATTR_KEY, OWNER_ID, ATTR_VALUE, ID) values ('8e3d1c72-29d6-4e9c-a777-1b92f61ec120', 'kuali.attribute.final.exam.level.type', 'c1479830-593a-4040-8754-4feff9c0e17d', 'kuali.lui.type.activity.offering.lecture', '596e4809-0c05-42c8-acfb-0a91b49f6dad')
/
insert into KSEN_LUI_IDENT (OBJ_ID, VER_NBR, CREATEID, CREATETIME, UPDATEID, UPDATETIME, LUI_CD, DIVISION, IDENT_LEVEL, LNG_NAME, LUI_ID, ORGID, SHRT_NAME, LUI_ID_STATE, SUFX_CD, LUI_ID_TYPE, VARTN, ID) values ('8f1ae1e0-a8f0-456c-93d3-548f2949b5f9', 0, 'admin', TIMESTAMP '2013-06-04 11:13:03.79', 'admin', TIMESTAMP '2013-06-04 11:13:03.79', '', '', '', 'Lecture Only', 'c1479830-593a-4040-8754-4feff9c0e17d', '', 'LEC', 'kuali.lui.identifier.state.active', '', 'kuali.lui.identifier.type.official', '', '92de51ef-4e9b-4734-b3e5-876e06d5759d')
/
insert into KSEN_LUILUI_RELTN (OBJ_ID, VER_NBR, CREATEID, CREATETIME, UPDATEID, UPDATETIME, EFF_DT, EXPIR_DT, DESCR_FORMATTED, LUI_ID, LUILUI_RELTN_STATE, LUILUI_RELTN_TYPE, NAME, DESCR_PLAIN, RELATED_LUI_ID, ID) values ('8acfce1f-63b4-42e3-a983-120137c86063', 0, 'admin', TIMESTAMP '2013-06-04 11:13:03.79', 'admin', TIMESTAMP '2013-06-04 11:13:03.79', TIMESTAMP '2013-06-04 11:13:04.584', '', 'PHYS102-CO-FO', '704f2a5d-ac27-48b4-8200-8f15bc9d4763', 'kuali.lui.lui.relation.state.active', 'kuali.lui.lui.relation.type.deliveredvia.co2fo', 'co-fo-relation', 'PHYS102-CO-FO', 'c1479830-593a-4040-8754-4feff9c0e17d', '990a067e-ea79-41bd-9002-ac2ea7fe87fb')
/
insert into KSEN_LUI_RELATED_LUI_TYPES (LUI_ID, RELATED_LUI_TYPE) values ('c1479830-593a-4040-8754-4feff9c0e17d', 'kuali.lui.type.activity.offering.lecture')
/
insert into KSEN_LUI (OBJ_ID, VER_NBR, CREATEID, CREATETIME, UPDATEID, UPDATETIME, ATP_ID, CLU_ID, EFF_DT, EXPIR_DT, DESCR_FORMATTED, LUI_STATE, LUI_TYPE, MAX_SEATS, MIN_SEATS, NAME, DESCR_PLAIN, REF_URL, ID) values ('01326ed6-5873-4fb6-8fa7-8625c59413f4', 0, 'admin', TIMESTAMP '2013-06-04 11:13:03.79', 'admin', TIMESTAMP '2013-06-04 11:13:03.79', 'kuali.atp.2012CETerm1', '580ebfa2-f873-4dfa-b803-f176b08c1669', '', '', 'Courses with lecture', 'kuali.lui.activity.offering.state.draft', 'kuali.lui.type.activity.offering.lecture', 150, 150, 'Lecture', 'Courses with lecture', 'null', '7d711c28-50cc-41a0-81c0-f87443686372')
/
insert into KSEN_LUI_ATTR (OBJ_ID, ATTR_KEY, OWNER_ID, ATTR_VALUE, ID) values ('6b9287f9-ae9b-4454-ade7-8757cf8ba86f', 'kuali.attribute.course.evaluation.indicator', '7d711c28-50cc-41a0-81c0-f87443686372', '0', 'f5553929-cf88-42be-afc1-fad6017c23a8')
/
insert into KSEN_LUI_ATTR (OBJ_ID, ATTR_KEY, OWNER_ID, ATTR_VALUE, ID) values ('a1caca93-452c-4da8-bc8b-9dac321006ea', 'isWaitlistCheckinRequired', '7d711c28-50cc-41a0-81c0-f87443686372', '0', 'bf1bf325-010a-4d8a-90a4-322b53c603cd')
/
insert into KSEN_LUI_ATTR (OBJ_ID, ATTR_KEY, OWNER_ID, ATTR_VALUE, ID) values ('bfade492-3394-4474-82ff-eaeaa4de4d63', 'kuali.attribute.max.enrollment.is.estimate', '7d711c28-50cc-41a0-81c0-f87443686372', '0', 'fe17d83d-b0f1-4d2e-90a0-6d6b4d5c24e6')
/
insert into KSEN_LUI_IDENT (OBJ_ID, VER_NBR, CREATEID, CREATETIME, UPDATEID, UPDATETIME, LUI_CD, DIVISION, IDENT_LEVEL, LNG_NAME, LUI_ID, ORGID, SHRT_NAME, LUI_ID_STATE, SUFX_CD, LUI_ID_TYPE, VARTN, ID) values ('75f995b6-ad08-405b-9311-26522d62e4fc', 0, 'admin', TIMESTAMP '2013-06-04 11:13:03.79', 'admin', TIMESTAMP '2013-06-04 11:13:03.79', 'A', '', '', '', '7d711c28-50cc-41a0-81c0-f87443686372', '', '', 'kuali.lui.identifier.state.active', '', 'kuali.lui.identifier.type.official', '', '57171047-8aad-4656-a4dc-ed2fef22fb60')
/
insert into KSEN_LUI_LU_CD (OBJ_ID, VER_NBR, CREATEID, CREATETIME, UPDATEID, UPDATETIME, DESCR_FORMATTED, LUI_ID, DESCR_PLAIN, LUI_LUCD_TYPE, VALUE, ID) values ('b8b1ad6a-7833-4939-a3c9-03145acd5812', 0, 'admin', TIMESTAMP '2013-06-04 11:13:03.79', 'admin', TIMESTAMP '2013-06-04 11:13:03.79', '', '7d711c28-50cc-41a0-81c0-f87443686372', '', 'kuali.lu.code.honorsOffering', '0', '9c2361c6-fbf4-48d2-960e-70bc2d9dc4a3')
/
insert into KSEN_LPR (OBJ_ID, VER_NBR, CREATEID, CREATETIME, UPDATEID, UPDATETIME, COMMIT_PERCT, EFF_DT, EXPIR_DT, LUI_ID, PERS_ID, LPR_STATE, LPR_TYPE, ID) values ('bf4a2845-db16-4460-8a8c-cf2dd462d80a', 0, 'admin', TIMESTAMP '2013-06-04 11:13:03.79', 'admin', TIMESTAMP '2013-06-04 11:13:03.79', '100.0', TIMESTAMP '2013-06-04 11:13:05.192', '', '7d711c28-50cc-41a0-81c0-f87443686372', 'L.MATTHEWB', 'kuali.lpr.state.active', 'kuali.lpr.type.instructor.main', 'b4c05e92-82fd-4fbe-a5e0-e3d4be4fe12f')
/
insert into KSEN_LUILUI_RELTN (OBJ_ID, VER_NBR, CREATEID, CREATETIME, UPDATEID, UPDATETIME, EFF_DT, EXPIR_DT, DESCR_FORMATTED, LUI_ID, LUILUI_RELTN_STATE, LUILUI_RELTN_TYPE, NAME, DESCR_PLAIN, RELATED_LUI_ID, ID) values ('dfa6487f-3884-4228-b133-a789c927860c', 0, 'admin', TIMESTAMP '2013-06-04 11:13:03.79', 'admin', TIMESTAMP '2013-06-04 11:13:03.79', TIMESTAMP '2013-06-04 11:13:05.192', '', 'PHYS102-FO-AO', 'c1479830-593a-4040-8754-4feff9c0e17d', 'kuali.lui.lui.relation.state.active', 'kuali.lui.lui.relation.type.deliveredvia.fo2ao', 'fo-ao-relation', 'PHYS102-FO-AO', '7d711c28-50cc-41a0-81c0-f87443686372', 'a3006bcf-c2c9-4744-97d0-cfd6128f57a9')
/
insert into KSEN_SCHED_RQST_SET (OBJ_ID, VER_NBR, CREATEID, CREATETIME, UPDATEID, UPDATETIME, DESCR_FORMATTED, MAX_ENRL_SHARED_IND, MAX_ENRL, NAME, DESCR_PLAIN, REF_OBJECT_TYPE, SCHED_RQST_SET_STATE, SCHED_RQST_SET_TYPE, ID) values ('fcdb5032-56f3-42e7-882b-cd02f0c4dd2d', 0, 'admin', TIMESTAMP '2013-06-04 11:13:03.79', 'admin', TIMESTAMP '2013-06-04 11:13:03.79', '', '', '', '', '', 'http://student.kuali.org/wsdl/courseOffering/ActivityOfferingInfo', 'kuali.scheduling.schedule.request.state.created', 'kuali.scheduling.schedule.request.set.type.schedule.request.set', '9e7d4215-3ad1-4aca-a79c-99bde36aca68')
/
insert into KSEN_SCHED_RQST (OBJ_ID, VER_NBR, CREATEID, CREATETIME, UPDATEID, UPDATETIME, DESCR_FORMATTED, NAME, DESCR_PLAIN, SCHED_RQST_STATE, SCHED_RQST_TYPE, SCHED_ID, SCHED_RQST_SET_ID, ID) values ('c0249405-375e-47bc-b8ec-cde413b4b7c8', 0, 'admin', TIMESTAMP '2013-06-04 11:13:03.79', 'admin', TIMESTAMP '2013-06-04 11:13:03.79', '', 'Schedule request for PHYS102 - A', '', 'kuali.scheduling.schedule.request.state.created', 'kuali.scheduling.schedule.request.type.schedule.request', '', '9e7d4215-3ad1-4aca-a79c-99bde36aca68', 'aac878b2-9da5-4142-a81e-aae8f3f693b9')
/
insert into KSEN_SCHED_RQST_CMP (OBJ_ID, TBA_IND, SCHED_RQST_ID, ID) values ('91cf2d66-0a1b-4e65-98a2-73c60ae6eef2', '0', 'aac878b2-9da5-4142-a81e-aae8f3f693b9', '5a96f29e-1fc7-4946-a25c-c1beabf3db3f')
/
insert into KSEN_SCHED_REF_OBJECT (SCHED_RQST_SET_ID, REF_OBJECT_ID) values ('9e7d4215-3ad1-4aca-a79c-99bde36aca68', '7d711c28-50cc-41a0-81c0-f87443686372')
/
insert into KSEN_SCHED_RQST_CMP_BLDG (CMP_ID, BUILDING_ID) values ('5a96f29e-1fc7-4946-a25c-c1beabf3db3f', '5e11048b-5d59-4ede-b9eb-54a7dc4dd1a3')
/
insert into KSEN_SCHED_RQST_CMP_CAMPUS (CMP_ID, CAMPUS_ID) values ('5a96f29e-1fc7-4946-a25c-c1beabf3db3f', 'UMCP')
/
insert into KSEN_SCHED_RQST_CMP_ROOM (CMP_ID, ROOM_ID) values ('5a96f29e-1fc7-4946-a25c-c1beabf3db3f', '75a3451c-6295-4fce-8b95-f60c9f4e4102')
/
insert into KSEN_SCHED_RQST_CMP_TMSLOT (CMP_ID, TM_SLOT_ID) values ('5a96f29e-1fc7-4946-a25c-c1beabf3db3f', 'f417cb06-9ea4-4ccf-8964-838615e05334')
/
insert into KSEN_CO_AO_CLUSTER (OBJ_ID, VER_NBR, CREATEID, CREATETIME, UPDATEID, UPDATETIME, AO_CLUSTER_STATE, AO_CLUSTER_TYPE, DESCR_FORMATTED, DESCR_PLAIN, FORMAT_OFFERING_ID, NAME, PRIVATE_NAME, ID) values ('6fad167e-8c1a-4eec-99af-574f854136ad', 0, 'admin', TIMESTAMP '2013-06-04 11:13:03.79', 'admin', TIMESTAMP '2013-06-04 11:13:03.79', 'kuali.activity.offering.cluster.state.active', 'kuali.activity.offering.cluster.type.activity.offering.cluster', '', '', 'c1479830-593a-4040-8754-4feff9c0e17d', 'CL 1', 'CL 1', 'ab8e6445-bff2-40f1-a107-546499bf943a')
/
insert into KSEN_CO_AO_CLUSTER_SET (OBJ_ID, ACTIVITY_OFFERING_TYPE, AO_CLUSTER_ID, ID) values ('ba9f4e99-723c-4d18-87f1-893a82e10f69', 'kuali.lui.type.activity.offering.lecture', 'ab8e6445-bff2-40f1-a107-546499bf943a', 'c97c8edf-9542-4ca0-993e-dbcce503528e')
/
insert into KSEN_CO_AO_CLUSTER_SET_AO (AOC_SET_ID, ACTIVITY_OFFERING_ID) values ('c97c8edf-9542-4ca0-993e-dbcce503528e', '7d711c28-50cc-41a0-81c0-f87443686372')
/
update KSEN_CO_AO_CLUSTER_SET set AO_CLUSTER_ID='ab8e6445-bff2-40f1-a107-546499bf943a' where ID='c97c8edf-9542-4ca0-993e-dbcce503528e'
/
insert into KSEN_LUI (OBJ_ID, VER_NBR, CREATEID, CREATETIME, UPDATEID, UPDATETIME, ATP_ID, CLU_ID, EFF_DT, EXPIR_DT, DESCR_FORMATTED, LUI_STATE, LUI_TYPE, MAX_SEATS, MIN_SEATS, NAME, DESCR_PLAIN, REF_URL, ID) values ('39f66d1c-d68b-4bc4-a769-5d6a042e5994', 0, 'admin', TIMESTAMP '2013-06-04 11:13:03.79', 'admin', TIMESTAMP '2013-06-04 11:13:03.79', 'kuali.atp.2012CETerm1', 'fd49ba3c-931e-4be4-9a3e-b5200d27f44f', '', '', '1001', 'kuali.lui.registration.group.state.pending', 'kuali.lui.type.registration.group', '', '', '1001', '1001', '', 'a9eb1971-e407-4cb9-88a6-7e984717910d')
/
insert into KSEN_LUI_ATTR (OBJ_ID, ATTR_KEY, OWNER_ID, ATTR_VALUE, ID) values ('ccf8968f-f72e-4b5f-94dc-befce3c166b0', 'kuali.attribute.registration.group.aocluster.id', 'a9eb1971-e407-4cb9-88a6-7e984717910d', 'ab8e6445-bff2-40f1-a107-546499bf943a', '6b0f89e2-0edc-4f4e-b790-86775ee95a1e')
/
insert into KSEN_LUI_ATTR (OBJ_ID, ATTR_KEY, OWNER_ID, ATTR_VALUE, ID) values ('e5127b52-1060-41ac-879b-8d5ccda6869f', 'kuali.attribute.registration.group.is.generated', 'a9eb1971-e407-4cb9-88a6-7e984717910d', '1', 'dee1c08e-a045-4fdb-b4fb-7d51c7211433')
/
insert into KSEN_LUI_IDENT (OBJ_ID, VER_NBR, CREATEID, CREATETIME, UPDATEID, UPDATETIME, LUI_CD, DIVISION, IDENT_LEVEL, LNG_NAME, LUI_ID, ORGID, SHRT_NAME, LUI_ID_STATE, SUFX_CD, LUI_ID_TYPE, VARTN, ID) values ('70db3a1d-bbbd-4314-9fae-07006da036d4', 0, 'admin', TIMESTAMP '2013-06-04 11:13:03.79', 'admin', TIMESTAMP '2013-06-04 11:13:03.79', '', '', '', '', 'a9eb1971-e407-4cb9-88a6-7e984717910d', '', '', 'kuali.lui.identifier.state.active', '', 'kuali.lui.identifier.type.official', '', 'd73b2846-dd59-4e5c-a320-1dc5485fe1f9')
/
insert into KSEN_LUILUI_RELTN (OBJ_ID, VER_NBR, CREATEID, CREATETIME, UPDATEID, UPDATETIME, EFF_DT, EXPIR_DT, DESCR_FORMATTED, LUI_ID, LUILUI_RELTN_STATE, LUILUI_RELTN_TYPE, NAME, DESCR_PLAIN, RELATED_LUI_ID, ID) values ('f30049a0-df49-4814-a985-556a04ab50d5', 0, 'admin', TIMESTAMP '2013-06-04 11:13:03.79', 'admin', TIMESTAMP '2013-06-04 11:13:03.79', TIMESTAMP '2013-06-04 11:13:05.806', '', 'PHYS102-FO-RG', 'c1479830-593a-4040-8754-4feff9c0e17d', 'kuali.lui.lui.relation.state.active', 'kuali.lui.lui.relation.type.deliveredvia.fo2rg', 'fo-rg-relation', 'PHYS102-FO-RG', 'a9eb1971-e407-4cb9-88a6-7e984717910d', 'f26cf8f2-7ce4-4fa7-8adf-f5b283486aa8')
/
insert into KSEN_LUILUI_RELTN (OBJ_ID, VER_NBR, CREATEID, CREATETIME, UPDATEID, UPDATETIME, EFF_DT, EXPIR_DT, DESCR_FORMATTED, LUI_ID, LUILUI_RELTN_STATE, LUILUI_RELTN_TYPE, NAME, DESCR_PLAIN, RELATED_LUI_ID, ID) values ('93d5d36f-c57b-4e51-8da8-7ae97db2075a', 0, 'admin', TIMESTAMP '2013-06-04 11:13:03.79', 'admin', TIMESTAMP '2013-06-04 11:13:03.79', TIMESTAMP '2013-06-04 11:13:05.807', '', 'PHYS102-RG-AO', 'a9eb1971-e407-4cb9-88a6-7e984717910d', 'kuali.lui.lui.relation.state.active', 'kuali.lui.lui.relation.type.registeredforvia.rg2ao', 'rg-ao-relation', 'PHYS102-RG-AO', '7d711c28-50cc-41a0-81c0-f87443686372', '704f37a8-2f08-42ec-9058-6c74f1ade077')
/
insert into KSEN_LUI (OBJ_ID, VER_NBR, CREATEID, CREATETIME, UPDATEID, UPDATETIME, ATP_ID, CLU_ID, EFF_DT, EXPIR_DT, DESCR_FORMATTED, LUI_STATE, LUI_TYPE, MAX_SEATS, MIN_SEATS, NAME, DESCR_PLAIN, REF_URL, ID) values ('66dcedd8-c1a5-438b-b975-4b2e4aa4560d', 0, 'admin', TIMESTAMP '2013-06-04 11:13:19.573', 'admin', TIMESTAMP '2013-06-04 11:13:19.573', 'kuali.atp.2012CETerm1', '98835c9e-79df-48e5-8372-c957497754ec', TIMESTAMP '2011-08-26 20:00:00.0', '', 'This is a course with a non-mathematical emphasis designed to study the basics of mechanical, electrical, and optical devices that are commonly found in the world around us.  The general approach would be to look inside things to observe how they work.', 'kuali.lui.course.offering.state.draft', 'kuali.lui.type.course.offering', '', '', 'PHYS104 CO', 'This is a course with a non-mathematical emphasis designed to study the basics of mechanical, electrical, and optical devices that are commonly found in the world around us.  The general approach would be to look inside things to observe how they work.', 'null', '3da1f033-df9b-4c9b-aaac-0525062012fd')
/
insert into KSEN_LUI_ATTR (OBJ_ID, ATTR_KEY, OWNER_ID, ATTR_VALUE, ID) values ('cf100ef0-9644-421a-9c94-a09cfbe23b70', 'kuali.attribute.course.number.internal.suffix', '3da1f033-df9b-4c9b-aaac-0525062012fd', 'A', '8c0ce087-5e07-4f4f-9ab6-35ef251df9e2')
/
insert into KSEN_LUI_ATTR (OBJ_ID, ATTR_KEY, OWNER_ID, ATTR_VALUE, ID) values ('4fe2bbb6-334f-4b93-a7df-2b4bfd75d35c', 'kuali.attribute.course.evaluation.indicator', '3da1f033-df9b-4c9b-aaac-0525062012fd', '0', 'e50cdfcc-f04a-4f95-bd44-61bad1431553')
/
insert into KSEN_LUI_ATTR (OBJ_ID, ATTR_KEY, OWNER_ID, ATTR_VALUE, ID) values ('20984204-c0f8-4873-8f0f-9b4a13d15f08', 'kuali.attribute.wait.list.type.key', '3da1f033-df9b-4c9b-aaac-0525062012fd', 'kuali.waitlist.type.semiautomatic', '77b692d2-3142-493c-b3e7-1b7fb52e9532')
/
insert into KSEN_LUI_ATTR (OBJ_ID, ATTR_KEY, OWNER_ID, ATTR_VALUE, ID) values ('3f44c347-8eeb-49cf-942e-d1a744cac17a', 'kuali.attribute.where.fees.attached.flag', '3da1f033-df9b-4c9b-aaac-0525062012fd', '0', 'f3bfd947-ada2-47a8-acb0-c4f6b78e01f3')
/
insert into KSEN_LUI_ATTR (OBJ_ID, ATTR_KEY, OWNER_ID, ATTR_VALUE, ID) values ('8be36c8d-e1a0-4b34-bf12-7168bd3c12c5', 'kuali.attribute.final.exam.indicator', '3da1f033-df9b-4c9b-aaac-0525062012fd', 'STANDARD', 'da51ec4a-fbb1-4bed-8b9b-4a02652a05b6')
/
insert into KSEN_LUI_ATTR (OBJ_ID, ATTR_KEY, OWNER_ID, ATTR_VALUE, ID) values ('2e90fdd2-ce65-4684-aad4-1de0bf0d70f3', 'kuali.attribute.wait.list.level.type.key', '3da1f033-df9b-4c9b-aaac-0525062012fd', 'AO', 'a3825bf7-edab-490e-ae7e-651baec1ba21')
/
insert into KSEN_LUI_ATTR (OBJ_ID, ATTR_KEY, OWNER_ID, ATTR_VALUE, ID) values ('8b219976-ca34-4ec9-beee-f068a030f64b', 'kuali.attribute.funding.source', '3da1f033-df9b-4c9b-aaac-0525062012fd', '', '11f1418c-70ac-4f13-a4c5-a2786fc9902b')
/
insert into KSEN_LUI_ATTR (OBJ_ID, ATTR_KEY, OWNER_ID, ATTR_VALUE, ID) values ('23103018-3338-4b89-bdeb-cbfd6574d934', 'kuali.attribute.wait.list.indicator', '3da1f033-df9b-4c9b-aaac-0525062012fd', '1', '329b92e2-f155-49c3-bbfc-831437036963')
/
insert into KSEN_LUI_IDENT (OBJ_ID, VER_NBR, CREATEID, CREATETIME, UPDATEID, UPDATETIME, LUI_CD, DIVISION, IDENT_LEVEL, LNG_NAME, LUI_ID, ORGID, SHRT_NAME, LUI_ID_STATE, SUFX_CD, LUI_ID_TYPE, VARTN, ID) values ('821890f1-c9e4-476e-b83f-221ccf481737', 0, 'admin', TIMESTAMP '2013-06-04 11:13:19.573', 'admin', TIMESTAMP '2013-06-04 11:13:19.573', 'PHYS104', 'PHYS', '', 'How Things Work: Science Foundations', '3da1f033-df9b-4c9b-aaac-0525062012fd', '', '', 'kuali.lui.identifier.state.active', '', 'kuali.lui.identifier.type.official', '', '6ac61322-e590-44f2-9db9-0166b744f889')
/
insert into KSEN_LUI_LU_CD (OBJ_ID, VER_NBR, CREATEID, CREATETIME, UPDATEID, UPDATETIME, DESCR_FORMATTED, LUI_ID, DESCR_PLAIN, LUI_LUCD_TYPE, VALUE, ID) values ('80cb6f10-0531-4b25-b8b6-ce7431f8636c', 0, 'admin', TIMESTAMP '2013-06-04 11:13:19.573', 'admin', TIMESTAMP '2013-06-04 11:13:19.573', '', '3da1f033-df9b-4c9b-aaac-0525062012fd', '', 'kuali.lu.code.honorsOffering', '', 'fc4e4ae4-12c9-4f69-bc15-b892b2b76705')
/
insert into KSEN_LUI_UNITS_DEPLOYMENT (LUI_ID, ORG_ID, ID) values ('3da1f033-df9b-4c9b-aaac-0525062012fd', '9012742', 'b726ef30-2cf2-4e14-9bf9-d97ba3c23900')
/
insert into KSEN_LUI_UNITS_CONT_OWNER (LUI_ID, ORG_ID) values ('3da1f033-df9b-4c9b-aaac-0525062012fd', '9012742')
/
insert into KSEN_LUI_RESULT_VAL_GRP (LUI_ID, RESULT_VAL_GRP_ID) values ('3da1f033-df9b-4c9b-aaac-0525062012fd', 'kuali.resultComponent.grade.letter')
/
insert into KSEN_LUI_RESULT_VAL_GRP (LUI_ID, RESULT_VAL_GRP_ID) values ('3da1f033-df9b-4c9b-aaac-0525062012fd', 'kuali.resultComponent.grade.audit')
/
insert into KSEN_LUI_RESULT_VAL_GRP (LUI_ID, RESULT_VAL_GRP_ID) values ('3da1f033-df9b-4c9b-aaac-0525062012fd', 'kuali.resultComponent.grade.passFail')
/
insert into KSEN_LUI_RESULT_VAL_GRP (LUI_ID, RESULT_VAL_GRP_ID) values ('3da1f033-df9b-4c9b-aaac-0525062012fd', 'kuali.creditType.credit.degree.3.0')
/
insert into KSEN_LUI (OBJ_ID, VER_NBR, CREATEID, CREATETIME, UPDATEID, UPDATETIME, ATP_ID, CLU_ID, EFF_DT, EXPIR_DT, DESCR_FORMATTED, LUI_STATE, LUI_TYPE, MAX_SEATS, MIN_SEATS, NAME, DESCR_PLAIN, REF_URL, ID) values ('e384c4a4-32a9-4d00-8b88-07a7cebd2f22', 0, 'admin', TIMESTAMP '2013-06-04 11:13:19.573', 'admin', TIMESTAMP '2013-06-04 11:13:19.573', 'kuali.atp.2012CETerm1', 'cfe13192-118b-471d-bd12-e91f7719e0d9', '', '', 'Courses with Lecture only', 'kuali.lui.format.offering.state.draft', 'kuali.lui.type.course.format.offering', '', '', 'Lecture Only', 'Courses with Lecture only', '', '212fd781-6886-4400-9da9-3916f6bd36a9')
/
insert into KSEN_LUI_ATTR (OBJ_ID, ATTR_KEY, OWNER_ID, ATTR_VALUE, ID) values ('053a0bc4-f4ce-4dc4-93eb-5743d2cbd5de', 'kuali.attribute.final.exam.level.type', '212fd781-6886-4400-9da9-3916f6bd36a9', 'kuali.lui.type.activity.offering.lecture', '4d27f6fb-b85a-4822-afd7-f4291c15ed57')
/
insert into KSEN_LUI_ATTR (OBJ_ID, ATTR_KEY, OWNER_ID, ATTR_VALUE, ID) values ('4885a166-474a-4798-bc64-970f3ff3aadf', 'regCodePrefix', '212fd781-6886-4400-9da9-3916f6bd36a9', '1', 'c4588ac2-f2bb-4448-afa7-d40de82cdc77')
/
insert into KSEN_LUI_ATTR (OBJ_ID, ATTR_KEY, OWNER_ID, ATTR_VALUE, ID) values ('0edc0e31-9367-43b3-8b2d-7bfaeb2a6f36', 'kuali.attribute.grade.roster.level.type.key', '212fd781-6886-4400-9da9-3916f6bd36a9', 'kuali.lui.type.activity.offering.lecture', '72319480-2d89-45f7-b684-f08f89fe62d8')
/
insert into KSEN_LUI_IDENT (OBJ_ID, VER_NBR, CREATEID, CREATETIME, UPDATEID, UPDATETIME, LUI_CD, DIVISION, IDENT_LEVEL, LNG_NAME, LUI_ID, ORGID, SHRT_NAME, LUI_ID_STATE, SUFX_CD, LUI_ID_TYPE, VARTN, ID) values ('7cebb422-114a-46f8-bcb9-016cc8659003', 0, 'admin', TIMESTAMP '2013-06-04 11:13:19.573', 'admin', TIMESTAMP '2013-06-04 11:13:19.573', '', '', '', 'Lecture Only', '212fd781-6886-4400-9da9-3916f6bd36a9', '', 'LEC', 'kuali.lui.identifier.state.active', '', 'kuali.lui.identifier.type.official', '', 'd3c4403f-aa7c-4a19-b3b7-ea939b52dbb8')
/
insert into KSEN_LUILUI_RELTN (OBJ_ID, VER_NBR, CREATEID, CREATETIME, UPDATEID, UPDATETIME, EFF_DT, EXPIR_DT, DESCR_FORMATTED, LUI_ID, LUILUI_RELTN_STATE, LUILUI_RELTN_TYPE, NAME, DESCR_PLAIN, RELATED_LUI_ID, ID) values ('c309a919-65d5-4144-963c-ae55f84bb49c', 0, 'admin', TIMESTAMP '2013-06-04 11:13:19.573', 'admin', TIMESTAMP '2013-06-04 11:13:19.573', TIMESTAMP '2013-06-04 11:13:20.281', '', 'PHYS104-CO-FO', '3da1f033-df9b-4c9b-aaac-0525062012fd', 'kuali.lui.lui.relation.state.active', 'kuali.lui.lui.relation.type.deliveredvia.co2fo', 'co-fo-relation', 'PHYS104-CO-FO', '212fd781-6886-4400-9da9-3916f6bd36a9', 'f6df410c-6404-4c1a-b698-404ba8c49f0f')
/
insert into KSEN_LUI_RELATED_LUI_TYPES (LUI_ID, RELATED_LUI_TYPE) values ('212fd781-6886-4400-9da9-3916f6bd36a9', 'kuali.lui.type.activity.offering.lecture')
/
insert into KSEN_LUI (OBJ_ID, VER_NBR, CREATEID, CREATETIME, UPDATEID, UPDATETIME, ATP_ID, CLU_ID, EFF_DT, EXPIR_DT, DESCR_FORMATTED, LUI_STATE, LUI_TYPE, MAX_SEATS, MIN_SEATS, NAME, DESCR_PLAIN, REF_URL, ID) values ('e245b458-bb4f-4169-a5c5-d223e5a02cd0', 0, 'admin', TIMESTAMP '2013-06-04 11:13:19.573', 'admin', TIMESTAMP '2013-06-04 11:13:19.573', 'kuali.atp.2012CETerm1', '52cf48ee-860e-4ed9-82af-6cf489cac69c', '', '', 'Courses with lecture', 'kuali.lui.activity.offering.state.draft', 'kuali.lui.type.activity.offering.lecture', 44, 44, 'Lecture', 'Courses with lecture', 'null', '39ecfe64-bdfa-4cac-9665-7be0cc719c01')
/
insert into KSEN_LUI_ATTR (OBJ_ID, ATTR_KEY, OWNER_ID, ATTR_VALUE, ID) values ('3c4b2665-aa59-4de1-9aae-4b7dc8402bb3', 'kuali.attribute.course.evaluation.indicator', '39ecfe64-bdfa-4cac-9665-7be0cc719c01', '0', '2747d657-8c1e-42e2-ba73-ca86080f966d')
/
insert into KSEN_LUI_ATTR (OBJ_ID, ATTR_KEY, OWNER_ID, ATTR_VALUE, ID) values ('001b3f61-4c77-4e77-83d2-8a8bd90838bc', 'kuali.attribute.max.enrollment.is.estimate', '39ecfe64-bdfa-4cac-9665-7be0cc719c01', '0', '7200e48a-388f-48b4-ae2f-6499242677b0')
/
insert into KSEN_LUI_ATTR (OBJ_ID, ATTR_KEY, OWNER_ID, ATTR_VALUE, ID) values ('7386b51d-c94b-49e6-9f22-266842ecd3b0', 'isWaitlistCheckinRequired', '39ecfe64-bdfa-4cac-9665-7be0cc719c01', '0', '7a5c34cb-5f4e-4e9b-a82e-94db5b56b380')
/
insert into KSEN_LUI_IDENT (OBJ_ID, VER_NBR, CREATEID, CREATETIME, UPDATEID, UPDATETIME, LUI_CD, DIVISION, IDENT_LEVEL, LNG_NAME, LUI_ID, ORGID, SHRT_NAME, LUI_ID_STATE, SUFX_CD, LUI_ID_TYPE, VARTN, ID) values ('de2019a0-2bdd-4bdb-afa5-e8099a8be81d', 0, 'admin', TIMESTAMP '2013-06-04 11:13:19.573', 'admin', TIMESTAMP '2013-06-04 11:13:19.573', 'A', '', '', '', '39ecfe64-bdfa-4cac-9665-7be0cc719c01', '', '', 'kuali.lui.identifier.state.active', '', 'kuali.lui.identifier.type.official', '', '45c890b1-6518-48f2-9823-7b00373d6aae')
/
insert into KSEN_LUI_LU_CD (OBJ_ID, VER_NBR, CREATEID, CREATETIME, UPDATEID, UPDATETIME, DESCR_FORMATTED, LUI_ID, DESCR_PLAIN, LUI_LUCD_TYPE, VALUE, ID) values ('f4d0db38-0fa0-4c42-8176-6fd0da0c1282', 0, 'admin', TIMESTAMP '2013-06-04 11:13:19.573', 'admin', TIMESTAMP '2013-06-04 11:13:19.573', '', '39ecfe64-bdfa-4cac-9665-7be0cc719c01', '', 'kuali.lu.code.honorsOffering', '0', 'f26ce4cb-5f83-49b5-bdf9-7f40152df512')
/
insert into KSEN_LPR (OBJ_ID, VER_NBR, CREATEID, CREATETIME, UPDATEID, UPDATETIME, COMMIT_PERCT, EFF_DT, EXPIR_DT, LUI_ID, PERS_ID, LPR_STATE, LPR_TYPE, ID) values ('ccda9e6a-b604-40c8-bda5-e2641928338c', 0, 'admin', TIMESTAMP '2013-06-04 11:13:19.573', 'admin', TIMESTAMP '2013-06-04 11:13:19.573', '100.0', TIMESTAMP '2013-06-04 11:13:20.918', '', '39ecfe64-bdfa-4cac-9665-7be0cc719c01', 'L.ROBERTH', 'kuali.lpr.state.active', 'kuali.lpr.type.instructor.main', 'ecb69832-3e36-4c28-9424-a1230790a6cf')
/
insert into KSEN_LUILUI_RELTN (OBJ_ID, VER_NBR, CREATEID, CREATETIME, UPDATEID, UPDATETIME, EFF_DT, EXPIR_DT, DESCR_FORMATTED, LUI_ID, LUILUI_RELTN_STATE, LUILUI_RELTN_TYPE, NAME, DESCR_PLAIN, RELATED_LUI_ID, ID) values ('fa8a67fd-72d7-4be4-809e-e6630029744a', 0, 'admin', TIMESTAMP '2013-06-04 11:13:19.573', 'admin', TIMESTAMP '2013-06-04 11:13:19.573', TIMESTAMP '2013-06-04 11:13:20.918', '', 'PHYS104-FO-AO', '212fd781-6886-4400-9da9-3916f6bd36a9', 'kuali.lui.lui.relation.state.active', 'kuali.lui.lui.relation.type.deliveredvia.fo2ao', 'fo-ao-relation', 'PHYS104-FO-AO', '39ecfe64-bdfa-4cac-9665-7be0cc719c01', '0b9260ce-7de5-4075-96b4-bbd7e8c016c7')
/
insert into KSEN_SCHED_RQST_SET (OBJ_ID, VER_NBR, CREATEID, CREATETIME, UPDATEID, UPDATETIME, DESCR_FORMATTED, MAX_ENRL_SHARED_IND, MAX_ENRL, NAME, DESCR_PLAIN, REF_OBJECT_TYPE, SCHED_RQST_SET_STATE, SCHED_RQST_SET_TYPE, ID) values ('b9472215-2553-480f-a906-5e44b7c1afeb', 0, 'admin', TIMESTAMP '2013-06-04 11:13:19.573', 'admin', TIMESTAMP '2013-06-04 11:13:19.573', '', '', '', '', '', 'http://student.kuali.org/wsdl/courseOffering/ActivityOfferingInfo', 'kuali.scheduling.schedule.request.state.created', 'kuali.scheduling.schedule.request.set.type.schedule.request.set', '47acc3e3-f94f-43d6-830f-4f815c789587')
/
insert into KSEN_SCHED_RQST (OBJ_ID, VER_NBR, CREATEID, CREATETIME, UPDATEID, UPDATETIME, DESCR_FORMATTED, NAME, DESCR_PLAIN, SCHED_RQST_STATE, SCHED_RQST_TYPE, SCHED_ID, SCHED_RQST_SET_ID, ID) values ('91ef3617-104d-499f-bfac-3e5d43248568', 0, 'admin', TIMESTAMP '2013-06-04 11:13:19.573', 'admin', TIMESTAMP '2013-06-04 11:13:19.573', '', 'Schedule request for PHYS104 - A', '', 'kuali.scheduling.schedule.request.state.created', 'kuali.scheduling.schedule.request.type.schedule.request', '', '47acc3e3-f94f-43d6-830f-4f815c789587', 'b6040af6-3300-4c60-a2b1-e9c50e45aaf2')
/
insert into KSEN_SCHED_RQST_CMP (OBJ_ID, TBA_IND, SCHED_RQST_ID, ID) values ('fbf945d0-5fb6-4ad1-96f2-d9cdb35d3135', '0', 'b6040af6-3300-4c60-a2b1-e9c50e45aaf2', '40094a4b-08ca-4a78-ab2d-66f7b295e964')
/
insert into KSEN_SCHED_REF_OBJECT (SCHED_RQST_SET_ID, REF_OBJECT_ID) values ('47acc3e3-f94f-43d6-830f-4f815c789587', '39ecfe64-bdfa-4cac-9665-7be0cc719c01')
/
insert into KSEN_SCHED_RQST_CMP_BLDG (CMP_ID, BUILDING_ID) values ('40094a4b-08ca-4a78-ab2d-66f7b295e964', '5e11048b-5d59-4ede-b9eb-54a7dc4dd1a3')
/
insert into KSEN_SCHED_RQST_CMP_CAMPUS (CMP_ID, CAMPUS_ID) values ('40094a4b-08ca-4a78-ab2d-66f7b295e964', 'UMCP')
/
insert into KSEN_SCHED_RQST_CMP_ROOM (CMP_ID, ROOM_ID) values ('40094a4b-08ca-4a78-ab2d-66f7b295e964', '1b0b0d73-c24f-4d52-8532-42023a7f7996')
/
insert into KSEN_SCHED_RQST_CMP_TMSLOT (CMP_ID, TM_SLOT_ID) values ('40094a4b-08ca-4a78-ab2d-66f7b295e964', '4bb2875e-aa07-4da1-bb48-ca82528d36b0')
/
insert into KSEN_CO_AO_CLUSTER (OBJ_ID, VER_NBR, CREATEID, CREATETIME, UPDATEID, UPDATETIME, AO_CLUSTER_STATE, AO_CLUSTER_TYPE, DESCR_FORMATTED, DESCR_PLAIN, FORMAT_OFFERING_ID, NAME, PRIVATE_NAME, ID) values ('1650b322-1122-44b1-abbf-d56dea4ac835', 0, 'admin', TIMESTAMP '2013-06-04 11:13:19.573', 'admin', TIMESTAMP '2013-06-04 11:13:19.573', 'kuali.activity.offering.cluster.state.active', 'kuali.activity.offering.cluster.type.activity.offering.cluster', '', '', '212fd781-6886-4400-9da9-3916f6bd36a9', 'CL 1', 'CL 1', '610fbc84-54d6-48ef-85fe-1218ea625376')
/
insert into KSEN_CO_AO_CLUSTER_SET (OBJ_ID, ACTIVITY_OFFERING_TYPE, AO_CLUSTER_ID, ID) values ('ecc2cff3-9c70-4d65-90e6-f2ba7bc1d6c3', 'kuali.lui.type.activity.offering.lecture', '610fbc84-54d6-48ef-85fe-1218ea625376', 'e6231aed-535a-4be9-9e46-2104ba487131')
/
insert into KSEN_CO_AO_CLUSTER_SET_AO (AOC_SET_ID, ACTIVITY_OFFERING_ID) values ('e6231aed-535a-4be9-9e46-2104ba487131', '39ecfe64-bdfa-4cac-9665-7be0cc719c01')
/
update KSEN_CO_AO_CLUSTER_SET set AO_CLUSTER_ID='610fbc84-54d6-48ef-85fe-1218ea625376' where ID='e6231aed-535a-4be9-9e46-2104ba487131'
/
insert into KSEN_LUI (OBJ_ID, VER_NBR, CREATEID, CREATETIME, UPDATEID, UPDATETIME, ATP_ID, CLU_ID, EFF_DT, EXPIR_DT, DESCR_FORMATTED, LUI_STATE, LUI_TYPE, MAX_SEATS, MIN_SEATS, NAME, DESCR_PLAIN, REF_URL, ID) values ('88d5a6ed-9a7c-471c-b0a9-4a511cb96a56', 0, 'admin', TIMESTAMP '2013-06-04 11:13:19.573', 'admin', TIMESTAMP '2013-06-04 11:13:19.573', 'kuali.atp.2012CETerm1', 'cfe13192-118b-471d-bd12-e91f7719e0d9', '', '', '1001', 'kuali.lui.registration.group.state.pending', 'kuali.lui.type.registration.group', '', '', '1001', '1001', '', 'fee8f1bd-a49b-4309-bb33-47d129c77468')
/
insert into KSEN_LUI_ATTR (OBJ_ID, ATTR_KEY, OWNER_ID, ATTR_VALUE, ID) values ('0655fdaf-a425-4a74-aa6a-da7396edbcb1', 'kuali.attribute.registration.group.is.generated', 'fee8f1bd-a49b-4309-bb33-47d129c77468', '1', 'a765762a-164e-4a19-acf7-a96361d3d47e')
/
insert into KSEN_LUI_ATTR (OBJ_ID, ATTR_KEY, OWNER_ID, ATTR_VALUE, ID) values ('da4288d8-3d00-4ce1-a6b7-4cd03ebe56a6', 'kuali.attribute.registration.group.aocluster.id', 'fee8f1bd-a49b-4309-bb33-47d129c77468', '610fbc84-54d6-48ef-85fe-1218ea625376', '552f8470-d035-414d-8542-66e7c89e99aa')
/
insert into KSEN_LUI_IDENT (OBJ_ID, VER_NBR, CREATEID, CREATETIME, UPDATEID, UPDATETIME, LUI_CD, DIVISION, IDENT_LEVEL, LNG_NAME, LUI_ID, ORGID, SHRT_NAME, LUI_ID_STATE, SUFX_CD, LUI_ID_TYPE, VARTN, ID) values ('584d8ce8-7a61-449a-8abb-fc3640f5abcb', 0, 'admin', TIMESTAMP '2013-06-04 11:13:19.573', 'admin', TIMESTAMP '2013-06-04 11:13:19.573', '', '', '', '', 'fee8f1bd-a49b-4309-bb33-47d129c77468', '', '', 'kuali.lui.identifier.state.active', '', 'kuali.lui.identifier.type.official', '', 'db0a9ab8-beac-4276-b9e3-f50f8fec0544')
/
insert into KSEN_LUILUI_RELTN (OBJ_ID, VER_NBR, CREATEID, CREATETIME, UPDATEID, UPDATETIME, EFF_DT, EXPIR_DT, DESCR_FORMATTED, LUI_ID, LUILUI_RELTN_STATE, LUILUI_RELTN_TYPE, NAME, DESCR_PLAIN, RELATED_LUI_ID, ID) values ('6fcf5152-b5b8-4853-b782-d7a5d03e1994', 0, 'admin', TIMESTAMP '2013-06-04 11:13:19.573', 'admin', TIMESTAMP '2013-06-04 11:13:19.573', TIMESTAMP '2013-06-04 11:13:21.543', '', 'PHYS104-FO-RG', '212fd781-6886-4400-9da9-3916f6bd36a9', 'kuali.lui.lui.relation.state.active', 'kuali.lui.lui.relation.type.deliveredvia.fo2rg', 'fo-rg-relation', 'PHYS104-FO-RG', 'fee8f1bd-a49b-4309-bb33-47d129c77468', 'ad4cc5e4-205e-4090-b5ad-5c6b3e5e2638')
/
insert into KSEN_LUILUI_RELTN (OBJ_ID, VER_NBR, CREATEID, CREATETIME, UPDATEID, UPDATETIME, EFF_DT, EXPIR_DT, DESCR_FORMATTED, LUI_ID, LUILUI_RELTN_STATE, LUILUI_RELTN_TYPE, NAME, DESCR_PLAIN, RELATED_LUI_ID, ID) values ('e5088a6f-a43d-4ff6-b1f7-80251b194860', 0, 'admin', TIMESTAMP '2013-06-04 11:13:19.573', 'admin', TIMESTAMP '2013-06-04 11:13:19.573', TIMESTAMP '2013-06-04 11:13:21.544', '', 'PHYS104-RG-AO', 'fee8f1bd-a49b-4309-bb33-47d129c77468', 'kuali.lui.lui.relation.state.active', 'kuali.lui.lui.relation.type.registeredforvia.rg2ao', 'rg-ao-relation', 'PHYS104-RG-AO', '39ecfe64-bdfa-4cac-9665-7be0cc719c01', '1f5a9627-6298-46e0-8329-bbf6b1c8d945')
/
insert into KSEN_LUI (OBJ_ID, VER_NBR, CREATEID, CREATETIME, UPDATEID, UPDATETIME, ATP_ID, CLU_ID, EFF_DT, EXPIR_DT, DESCR_FORMATTED, LUI_STATE, LUI_TYPE, MAX_SEATS, MIN_SEATS, NAME, DESCR_PLAIN, REF_URL, ID) values ('55ed5b55-61ba-477e-9017-0edce60f84f1', 0, 'admin', TIMESTAMP '2013-06-04 11:13:33.314', 'admin', TIMESTAMP '2013-06-04 11:13:33.314', 'kuali.atp.2012CETerm1', '8597c766-5cf9-4223-90bd-0c18d697ec28', TIMESTAMP '2011-08-26 20:00:00.0', '', 'A study of the biology, life span development, socialization, personality, mental health, and special issues of women.', 'kuali.lui.course.offering.state.draft', 'kuali.lui.type.course.offering', '', '', 'WMST336 CO', 'A study of the biology, life span development, socialization, personality, mental health, and special issues of women.', 'null', 'd9ffe43c-6771-41bd-bf16-a41cac9c01b0')
/
insert into KSEN_LUI_ATTR (OBJ_ID, ATTR_KEY, OWNER_ID, ATTR_VALUE, ID) values ('ee428726-f80f-423f-a768-7b616dc24983', 'kuali.attribute.wait.list.type.key', 'd9ffe43c-6771-41bd-bf16-a41cac9c01b0', 'kuali.waitlist.type.semiautomatic', 'e94d633e-18c2-4ee6-b339-f30ef61cbf63')
/
insert into KSEN_LUI_ATTR (OBJ_ID, ATTR_KEY, OWNER_ID, ATTR_VALUE, ID) values ('fc07f18e-0c35-44a9-9717-19a0b5515b7d', 'kuali.attribute.wait.list.indicator', 'd9ffe43c-6771-41bd-bf16-a41cac9c01b0', '1', 'eed1cae1-6bc8-422c-a325-29b2ccc1b7c9')
/
insert into KSEN_LUI_ATTR (OBJ_ID, ATTR_KEY, OWNER_ID, ATTR_VALUE, ID) values ('8c2b0be0-c9fb-49ff-bcc6-e672cc44cff9', 'kuali.attribute.funding.source', 'd9ffe43c-6771-41bd-bf16-a41cac9c01b0', '', 'ae8f312c-176c-429c-aa2f-8224dab41125')
/
insert into KSEN_LUI_ATTR (OBJ_ID, ATTR_KEY, OWNER_ID, ATTR_VALUE, ID) values ('0b7cd1fa-d4e2-420d-bdd1-74892ca9f71f', 'kuali.attribute.course.evaluation.indicator', 'd9ffe43c-6771-41bd-bf16-a41cac9c01b0', '0', 'd0533645-5073-415f-8bec-e80f13fbc41c')
/
insert into KSEN_LUI_ATTR (OBJ_ID, ATTR_KEY, OWNER_ID, ATTR_VALUE, ID) values ('0692722a-08ec-444f-b3b3-22792ed8ed75', 'kuali.attribute.wait.list.level.type.key', 'd9ffe43c-6771-41bd-bf16-a41cac9c01b0', 'AO', 'ac685857-0fab-4070-a0e9-e7969741df76')
/
insert into KSEN_LUI_ATTR (OBJ_ID, ATTR_KEY, OWNER_ID, ATTR_VALUE, ID) values ('3b3b30e5-75c5-401f-9a7d-788a20f655a8', 'kuali.attribute.course.number.internal.suffix', 'd9ffe43c-6771-41bd-bf16-a41cac9c01b0', 'A', 'e34ba635-fc0b-4ec8-82e4-a0b23eeadfe6')
/
insert into KSEN_LUI_ATTR (OBJ_ID, ATTR_KEY, OWNER_ID, ATTR_VALUE, ID) values ('124a7270-20ee-4bc8-b54b-c193ded83fcc', 'kuali.attribute.where.fees.attached.flag', 'd9ffe43c-6771-41bd-bf16-a41cac9c01b0', '0', 'dcf17df1-6d4b-426a-8923-d67f63f4442f')
/
insert into KSEN_LUI_ATTR (OBJ_ID, ATTR_KEY, OWNER_ID, ATTR_VALUE, ID) values ('fa79f674-d486-4347-b3f6-bdb5cabe6bb3', 'kuali.attribute.final.exam.indicator', 'd9ffe43c-6771-41bd-bf16-a41cac9c01b0', 'STANDARD', '91aeea7b-2778-4b6d-b3c5-bc7ce3a079ca')
/
insert into KSEN_LUI_IDENT (OBJ_ID, VER_NBR, CREATEID, CREATETIME, UPDATEID, UPDATETIME, LUI_CD, DIVISION, IDENT_LEVEL, LNG_NAME, LUI_ID, ORGID, SHRT_NAME, LUI_ID_STATE, SUFX_CD, LUI_ID_TYPE, VARTN, ID) values ('6440f1a8-87df-4e33-a748-8e4b91903812', 0, 'admin', TIMESTAMP '2013-06-04 11:13:33.314', 'admin', TIMESTAMP '2013-06-04 11:13:33.314', 'WMST336', 'WMST', '', 'Psychology of Women', 'd9ffe43c-6771-41bd-bf16-a41cac9c01b0', '', '', 'kuali.lui.identifier.state.active', '', 'kuali.lui.identifier.type.official', '', 'd4e412fd-e08d-479f-9f02-d33761d61fd1')
/
insert into KSEN_LUI_LU_CD (OBJ_ID, VER_NBR, CREATEID, CREATETIME, UPDATEID, UPDATETIME, DESCR_FORMATTED, LUI_ID, DESCR_PLAIN, LUI_LUCD_TYPE, VALUE, ID) values ('2df24b52-f9eb-4d51-be45-40b8756ca502', 0, 'admin', TIMESTAMP '2013-06-04 11:13:33.314', 'admin', TIMESTAMP '2013-06-04 11:13:33.314', '', 'd9ffe43c-6771-41bd-bf16-a41cac9c01b0', '', 'kuali.lu.code.honorsOffering', '', 'ab225464-f02e-4d30-ab1d-d9994d20f271')
/
insert into KSEN_LUI_UNITS_DEPLOYMENT (LUI_ID, ORG_ID, ID) values ('d9ffe43c-6771-41bd-bf16-a41cac9c01b0', '4014660630', '6091869d-de35-41ca-8abe-c11297a7e3a2')
/
insert into KSEN_LUI_UNITS_CONT_OWNER (LUI_ID, ORG_ID) values ('d9ffe43c-6771-41bd-bf16-a41cac9c01b0', '4014660630')
/
insert into KSEN_LUI_RESULT_VAL_GRP (LUI_ID, RESULT_VAL_GRP_ID) values ('d9ffe43c-6771-41bd-bf16-a41cac9c01b0', 'kuali.resultComponent.grade.letter')
/
insert into KSEN_LUI_RESULT_VAL_GRP (LUI_ID, RESULT_VAL_GRP_ID) values ('d9ffe43c-6771-41bd-bf16-a41cac9c01b0', 'kuali.resultComponent.grade.audit')
/
insert into KSEN_LUI_RESULT_VAL_GRP (LUI_ID, RESULT_VAL_GRP_ID) values ('d9ffe43c-6771-41bd-bf16-a41cac9c01b0', 'kuali.resultComponent.grade.passFail')
/
insert into KSEN_LUI_RESULT_VAL_GRP (LUI_ID, RESULT_VAL_GRP_ID) values ('d9ffe43c-6771-41bd-bf16-a41cac9c01b0', 'kuali.creditType.credit.degree.3.0')
/
insert into KSEN_LUI (OBJ_ID, VER_NBR, CREATEID, CREATETIME, UPDATEID, UPDATETIME, ATP_ID, CLU_ID, EFF_DT, EXPIR_DT, DESCR_FORMATTED, LUI_STATE, LUI_TYPE, MAX_SEATS, MIN_SEATS, NAME, DESCR_PLAIN, REF_URL, ID) values ('7d599636-67a6-4834-80c4-29ecb4964721', 0, 'admin', TIMESTAMP '2013-06-04 11:13:33.314', 'admin', TIMESTAMP '2013-06-04 11:13:33.314', 'kuali.atp.2012CETerm1', '394eb670-fba5-4c80-9017-bd533d73dda2', '', '', 'Courses with Lecture only', 'kuali.lui.format.offering.state.draft', 'kuali.lui.type.course.format.offering', '', '', 'Lecture Only', 'Courses with Lecture only', '', 'db443fb1-f8ee-4794-a1f5-a9707e30b479')
/
insert into KSEN_LUI_ATTR (OBJ_ID, ATTR_KEY, OWNER_ID, ATTR_VALUE, ID) values ('73bbc09c-a0fc-44db-9aef-c884795842c7', 'kuali.attribute.final.exam.level.type', 'db443fb1-f8ee-4794-a1f5-a9707e30b479', 'kuali.lui.type.activity.offering.lecture', '98abc582-28e2-4e13-9b9a-92f4e0f1fc7e')
/
insert into KSEN_LUI_ATTR (OBJ_ID, ATTR_KEY, OWNER_ID, ATTR_VALUE, ID) values ('7a32e04f-f783-4185-a077-abe00b98e993', 'kuali.attribute.grade.roster.level.type.key', 'db443fb1-f8ee-4794-a1f5-a9707e30b479', 'kuali.lui.type.activity.offering.lecture', '49eefd24-ca76-4dfc-888f-a86077085149')
/
insert into KSEN_LUI_ATTR (OBJ_ID, ATTR_KEY, OWNER_ID, ATTR_VALUE, ID) values ('e3f47516-6480-424a-8a5d-fffe0ec7ab3b', 'regCodePrefix', 'db443fb1-f8ee-4794-a1f5-a9707e30b479', '1', 'd1a31ff4-6c85-41d9-b28d-a03243d2d784')
/
insert into KSEN_LUI_IDENT (OBJ_ID, VER_NBR, CREATEID, CREATETIME, UPDATEID, UPDATETIME, LUI_CD, DIVISION, IDENT_LEVEL, LNG_NAME, LUI_ID, ORGID, SHRT_NAME, LUI_ID_STATE, SUFX_CD, LUI_ID_TYPE, VARTN, ID) values ('49383bb4-8037-4a12-8492-539aea78a6e8', 0, 'admin', TIMESTAMP '2013-06-04 11:13:33.314', 'admin', TIMESTAMP '2013-06-04 11:13:33.314', '', '', '', 'Lecture Only', 'db443fb1-f8ee-4794-a1f5-a9707e30b479', '', 'LEC', 'kuali.lui.identifier.state.active', '', 'kuali.lui.identifier.type.official', '', 'dd280056-f9a9-4b83-9706-30b665cf4640')
/
insert into KSEN_LUILUI_RELTN (OBJ_ID, VER_NBR, CREATEID, CREATETIME, UPDATEID, UPDATETIME, EFF_DT, EXPIR_DT, DESCR_FORMATTED, LUI_ID, LUILUI_RELTN_STATE, LUILUI_RELTN_TYPE, NAME, DESCR_PLAIN, RELATED_LUI_ID, ID) values ('c6a483a1-8686-49c8-91cd-e3be56624955', 0, 'admin', TIMESTAMP '2013-06-04 11:13:33.314', 'admin', TIMESTAMP '2013-06-04 11:13:33.314', TIMESTAMP '2013-06-04 11:13:34.018', '', 'WMST336-CO-FO', 'd9ffe43c-6771-41bd-bf16-a41cac9c01b0', 'kuali.lui.lui.relation.state.active', 'kuali.lui.lui.relation.type.deliveredvia.co2fo', 'co-fo-relation', 'WMST336-CO-FO', 'db443fb1-f8ee-4794-a1f5-a9707e30b479', '41ac1c90-cb8f-4729-97e5-18280565ddec')
/
insert into KSEN_LUI_RELATED_LUI_TYPES (LUI_ID, RELATED_LUI_TYPE) values ('db443fb1-f8ee-4794-a1f5-a9707e30b479', 'kuali.lui.type.activity.offering.lecture')
/
insert into KSEN_LUI (OBJ_ID, VER_NBR, CREATEID, CREATETIME, UPDATEID, UPDATETIME, ATP_ID, CLU_ID, EFF_DT, EXPIR_DT, DESCR_FORMATTED, LUI_STATE, LUI_TYPE, MAX_SEATS, MIN_SEATS, NAME, DESCR_PLAIN, REF_URL, ID) values ('672cb21f-f9c7-4f5b-bae1-5f4217193140', 0, 'admin', TIMESTAMP '2013-06-04 11:13:33.314', 'admin', TIMESTAMP '2013-06-04 11:13:33.314', 'kuali.atp.2012CETerm1', 'd46ad097-966a-4117-b020-a99576af1e10', '', '', 'Courses with lecture', 'kuali.lui.activity.offering.state.draft', 'kuali.lui.type.activity.offering.lecture', 150, 150, 'Lecture', 'Courses with lecture', 'null', '4fbcfdd4-dea9-4344-98c9-a8b9c3bf2a6e')
/
insert into KSEN_LUI_ATTR (OBJ_ID, ATTR_KEY, OWNER_ID, ATTR_VALUE, ID) values ('5a518529-c139-4d11-98f3-5b97b234a9f5', 'kuali.attribute.max.enrollment.is.estimate', '4fbcfdd4-dea9-4344-98c9-a8b9c3bf2a6e', '0', '699ccf0b-bfec-469c-85d1-10514cae4af0')
/
insert into KSEN_LUI_ATTR (OBJ_ID, ATTR_KEY, OWNER_ID, ATTR_VALUE, ID) values ('7263b675-da6c-4173-8955-40da88371949', 'isWaitlistCheckinRequired', '4fbcfdd4-dea9-4344-98c9-a8b9c3bf2a6e', '0', '2c14bb74-cdce-489d-8fdb-6cabcf47d5c2')
/
insert into KSEN_LUI_ATTR (OBJ_ID, ATTR_KEY, OWNER_ID, ATTR_VALUE, ID) values ('06890490-8edc-4f2e-ad22-e71b7eafae2f', 'kuali.attribute.course.evaluation.indicator', '4fbcfdd4-dea9-4344-98c9-a8b9c3bf2a6e', '0', '9444dfc5-bb0f-47a5-98c3-39f10d72b225')
/
insert into KSEN_LUI_IDENT (OBJ_ID, VER_NBR, CREATEID, CREATETIME, UPDATEID, UPDATETIME, LUI_CD, DIVISION, IDENT_LEVEL, LNG_NAME, LUI_ID, ORGID, SHRT_NAME, LUI_ID_STATE, SUFX_CD, LUI_ID_TYPE, VARTN, ID) values ('af58755b-5b5c-4aa9-882d-309b00490f82', 0, 'admin', TIMESTAMP '2013-06-04 11:13:33.314', 'admin', TIMESTAMP '2013-06-04 11:13:33.314', 'A', '', '', '', '4fbcfdd4-dea9-4344-98c9-a8b9c3bf2a6e', '', '', 'kuali.lui.identifier.state.active', '', 'kuali.lui.identifier.type.official', '', '65365328-8226-4488-a124-b5fba80334ee')
/
insert into KSEN_LUI_LU_CD (OBJ_ID, VER_NBR, CREATEID, CREATETIME, UPDATEID, UPDATETIME, DESCR_FORMATTED, LUI_ID, DESCR_PLAIN, LUI_LUCD_TYPE, VALUE, ID) values ('26d1c892-1835-4505-aefe-ab1d5cefae86', 0, 'admin', TIMESTAMP '2013-06-04 11:13:33.314', 'admin', TIMESTAMP '2013-06-04 11:13:33.314', '', '4fbcfdd4-dea9-4344-98c9-a8b9c3bf2a6e', '', 'kuali.lu.code.honorsOffering', '0', '38f7764c-b002-4cf4-b2cb-01628fa25da6')
/
insert into KSEN_LPR (OBJ_ID, VER_NBR, CREATEID, CREATETIME, UPDATEID, UPDATETIME, COMMIT_PERCT, EFF_DT, EXPIR_DT, LUI_ID, PERS_ID, LPR_STATE, LPR_TYPE, ID) values ('59fa1540-0e92-4124-8ff9-d79cab54fd0c', 0, 'admin', TIMESTAMP '2013-06-04 11:13:33.314', 'admin', TIMESTAMP '2013-06-04 11:13:33.314', '100.0', TIMESTAMP '2013-06-04 11:13:34.594', '', '4fbcfdd4-dea9-4344-98c9-a8b9c3bf2a6e', 'A.SZEY', 'kuali.lpr.state.active', 'kuali.lpr.type.instructor.main', '09ed9291-0781-420f-890d-de3d0450c798')
/
insert into KSEN_LUILUI_RELTN (OBJ_ID, VER_NBR, CREATEID, CREATETIME, UPDATEID, UPDATETIME, EFF_DT, EXPIR_DT, DESCR_FORMATTED, LUI_ID, LUILUI_RELTN_STATE, LUILUI_RELTN_TYPE, NAME, DESCR_PLAIN, RELATED_LUI_ID, ID) values ('1ee5907a-7fcb-4291-abd7-4e0795ab1fff', 0, 'admin', TIMESTAMP '2013-06-04 11:13:33.314', 'admin', TIMESTAMP '2013-06-04 11:13:33.314', TIMESTAMP '2013-06-04 11:13:34.595', '', 'WMST336-FO-AO', 'db443fb1-f8ee-4794-a1f5-a9707e30b479', 'kuali.lui.lui.relation.state.active', 'kuali.lui.lui.relation.type.deliveredvia.fo2ao', 'fo-ao-relation', 'WMST336-FO-AO', '4fbcfdd4-dea9-4344-98c9-a8b9c3bf2a6e', 'e11637a0-ee3f-49c3-a633-4bcb21a43f5f')
/
insert into KSEN_SCHED_RQST_SET (OBJ_ID, VER_NBR, CREATEID, CREATETIME, UPDATEID, UPDATETIME, DESCR_FORMATTED, MAX_ENRL_SHARED_IND, MAX_ENRL, NAME, DESCR_PLAIN, REF_OBJECT_TYPE, SCHED_RQST_SET_STATE, SCHED_RQST_SET_TYPE, ID) values ('514adffa-3fef-4838-af7a-e6702d8425ad', 0, 'admin', TIMESTAMP '2013-06-04 11:13:33.314', 'admin', TIMESTAMP '2013-06-04 11:13:33.314', '', '', '', '', '', 'http://student.kuali.org/wsdl/courseOffering/ActivityOfferingInfo', 'kuali.scheduling.schedule.request.state.created', 'kuali.scheduling.schedule.request.set.type.schedule.request.set', '03d537d9-5ca0-4463-8479-ad1ce27243e5')
/
insert into KSEN_SCHED_RQST (OBJ_ID, VER_NBR, CREATEID, CREATETIME, UPDATEID, UPDATETIME, DESCR_FORMATTED, NAME, DESCR_PLAIN, SCHED_RQST_STATE, SCHED_RQST_TYPE, SCHED_ID, SCHED_RQST_SET_ID, ID) values ('de2e3472-d5b3-44c7-b85a-7112d40e418f', 0, 'admin', TIMESTAMP '2013-06-04 11:13:33.314', 'admin', TIMESTAMP '2013-06-04 11:13:33.314', '', 'Schedule request for WMST336 - A', '', 'kuali.scheduling.schedule.request.state.created', 'kuali.scheduling.schedule.request.type.schedule.request', '', '03d537d9-5ca0-4463-8479-ad1ce27243e5', 'f3ff281e-a55b-4b4b-99ba-8cdeb260683f')
/
insert into KSEN_SCHED_RQST_CMP (OBJ_ID, TBA_IND, SCHED_RQST_ID, ID) values ('f73eb5f5-0862-4006-aa83-637538323f42', '0', 'f3ff281e-a55b-4b4b-99ba-8cdeb260683f', '482a0a6b-58a8-4eaf-8fa0-0e42d3234308')
/
insert into KSEN_CO_SEAT_POOL_DEFN (OBJ_ID, VER_NBR, CREATEID, CREATETIME, UPDATEID, UPDATETIME, ACTIVITY_OFFERING_ID, EXPIR_MSTONE_TYPE, PERCENTAGE_IND, NAME, POPULATION_ID, PROCESSING_PRIORITY, SEAT_LIMIT, SEAT_POOL_DEFN_STATE, SEAT_POOL_DEFN_TYPE, ID) values ('a2815d7c-4fea-44f7-beeb-6127efadb6cd', 1, 'admin', TIMESTAMP '2013-06-04 11:13:33.314', 'admin', TIMESTAMP '2013-06-04 11:13:33.314', '', 'kuali.atp.milestone.firstdayofclasses', '0', '300-level Senior Seatpool', '4160a52b-d353-4ab3-b72d-a3c2f9969783', 1, 5, 'kuali.lui.capacity.state.active', 'kuali.lui.capacity.type.seatpool', 'cbf149b5-bb94-44b8-889b-31bf9fefc019')
/
insert into KSEN_SCHED_REF_OBJECT (SCHED_RQST_SET_ID, REF_OBJECT_ID) values ('03d537d9-5ca0-4463-8479-ad1ce27243e5', '4fbcfdd4-dea9-4344-98c9-a8b9c3bf2a6e')
/
insert into KSEN_SCHED_RQST_CMP_BLDG (CMP_ID, BUILDING_ID) values ('482a0a6b-58a8-4eaf-8fa0-0e42d3234308', '89929ead-579b-4f51-bf64-2797f963848b')
/
insert into KSEN_SCHED_RQST_CMP_CAMPUS (CMP_ID, CAMPUS_ID) values ('482a0a6b-58a8-4eaf-8fa0-0e42d3234308', 'UMCP')
/
insert into KSEN_SCHED_RQST_CMP_ROOM (CMP_ID, ROOM_ID) values ('482a0a6b-58a8-4eaf-8fa0-0e42d3234308', 'f20ef4ee-7251-452d-b37c-8eddfa424f7e')
/
insert into KSEN_SCHED_RQST_CMP_TMSLOT (CMP_ID, TM_SLOT_ID) values ('482a0a6b-58a8-4eaf-8fa0-0e42d3234308', '4054ccf0-63a4-49cf-8c62-442c721500bf')
/
insert into KSEN_CO_AO_CLUSTER (OBJ_ID, VER_NBR, CREATEID, CREATETIME, UPDATEID, UPDATETIME, AO_CLUSTER_STATE, AO_CLUSTER_TYPE, DESCR_FORMATTED, DESCR_PLAIN, FORMAT_OFFERING_ID, NAME, PRIVATE_NAME, ID) values ('c36a9349-4026-4420-9a1e-67e2dbd08f9e', 0, 'admin', TIMESTAMP '2013-06-04 11:13:33.314', 'admin', TIMESTAMP '2013-06-04 11:13:33.314', 'kuali.activity.offering.cluster.state.active', 'kuali.activity.offering.cluster.type.activity.offering.cluster', '', '', 'db443fb1-f8ee-4794-a1f5-a9707e30b479', 'CL 1', 'CL 1', '955749ef-9464-42c2-a5dd-4f1b98ee2f36')
/
insert into KSEN_CO_AO_CLUSTER_SET (OBJ_ID, ACTIVITY_OFFERING_TYPE, AO_CLUSTER_ID, ID) values ('87eff3a2-0c15-48a8-94dc-70f1a6b05e8e', 'kuali.lui.type.activity.offering.lecture', '955749ef-9464-42c2-a5dd-4f1b98ee2f36', 'e015593f-fdcb-4f0e-99a2-edaa345c0a86')
/
update KSEN_CO_SEAT_POOL_DEFN set OBJ_ID='a2815d7c-4fea-44f7-beeb-6127efadb6cd', VER_NBR=2, UPDATEID='admin', UPDATETIME=TIMESTAMP '2013-06-04 11:13:33.314', ACTIVITY_OFFERING_ID='4fbcfdd4-dea9-4344-98c9-a8b9c3bf2a6e', EXPIR_MSTONE_TYPE='kuali.atp.milestone.firstdayofclasses', PERCENTAGE_IND='0', NAME='300-level Senior Seatpool', POPULATION_ID='4160a52b-d353-4ab3-b72d-a3c2f9969783', PROCESSING_PRIORITY=1, SEAT_LIMIT=5, SEAT_POOL_DEFN_STATE='kuali.lui.capacity.state.active', SEAT_POOL_DEFN_TYPE='kuali.lui.capacity.type.seatpool' where ID='cbf149b5-bb94-44b8-889b-31bf9fefc019' and VER_NBR=1
/
insert into KSEN_CO_AO_CLUSTER_SET_AO (AOC_SET_ID, ACTIVITY_OFFERING_ID) values ('e015593f-fdcb-4f0e-99a2-edaa345c0a86', '4fbcfdd4-dea9-4344-98c9-a8b9c3bf2a6e')
/
update KSEN_CO_AO_CLUSTER_SET set AO_CLUSTER_ID='955749ef-9464-42c2-a5dd-4f1b98ee2f36' where ID='e015593f-fdcb-4f0e-99a2-edaa345c0a86'
/
insert into KSEN_LUI (OBJ_ID, VER_NBR, CREATEID, CREATETIME, UPDATEID, UPDATETIME, ATP_ID, CLU_ID, EFF_DT, EXPIR_DT, DESCR_FORMATTED, LUI_STATE, LUI_TYPE, MAX_SEATS, MIN_SEATS, NAME, DESCR_PLAIN, REF_URL, ID) values ('6cc3b36c-6c15-41c1-932f-a3c88bcede4e', 0, 'admin', TIMESTAMP '2013-06-04 11:13:33.314', 'admin', TIMESTAMP '2013-06-04 11:13:33.314', 'kuali.atp.2012CETerm1', '394eb670-fba5-4c80-9017-bd533d73dda2', '', '', '1001', 'kuali.lui.registration.group.state.pending', 'kuali.lui.type.registration.group', '', '', '1001', '1001', '', 'd6edc243-5eb0-4b59-b2c7-739a24f8f3bf')
/
insert into KSEN_LUI_ATTR (OBJ_ID, ATTR_KEY, OWNER_ID, ATTR_VALUE, ID) values ('3568d3d5-8990-46bc-af5e-613e8f8d3020', 'kuali.attribute.registration.group.is.generated', 'd6edc243-5eb0-4b59-b2c7-739a24f8f3bf', '1', 'aa36d8a4-e430-4d80-b868-6ce9d69fd280')
/
insert into KSEN_LUI_ATTR (OBJ_ID, ATTR_KEY, OWNER_ID, ATTR_VALUE, ID) values ('f5e7325a-4d91-488e-bd45-04b4ac24ea44', 'kuali.attribute.registration.group.aocluster.id', 'd6edc243-5eb0-4b59-b2c7-739a24f8f3bf', '955749ef-9464-42c2-a5dd-4f1b98ee2f36', 'd4f25766-29da-495f-b52a-5f208a45ea7a')
/
insert into KSEN_LUI_IDENT (OBJ_ID, VER_NBR, CREATEID, CREATETIME, UPDATEID, UPDATETIME, LUI_CD, DIVISION, IDENT_LEVEL, LNG_NAME, LUI_ID, ORGID, SHRT_NAME, LUI_ID_STATE, SUFX_CD, LUI_ID_TYPE, VARTN, ID) values ('a3f28012-6556-4bb6-997f-47c423a7a1c1', 0, 'admin', TIMESTAMP '2013-06-04 11:13:33.314', 'admin', TIMESTAMP '2013-06-04 11:13:33.314', '', '', '', '', 'd6edc243-5eb0-4b59-b2c7-739a24f8f3bf', '', '', 'kuali.lui.identifier.state.active', '', 'kuali.lui.identifier.type.official', '', '5bbc01e0-2fcd-493b-b8db-ad21f7dce878')
/
insert into KSEN_LUILUI_RELTN (OBJ_ID, VER_NBR, CREATEID, CREATETIME, UPDATEID, UPDATETIME, EFF_DT, EXPIR_DT, DESCR_FORMATTED, LUI_ID, LUILUI_RELTN_STATE, LUILUI_RELTN_TYPE, NAME, DESCR_PLAIN, RELATED_LUI_ID, ID) values ('b6ce8625-19b7-4097-9bd9-5191f831daad', 0, 'admin', TIMESTAMP '2013-06-04 11:13:33.314', 'admin', TIMESTAMP '2013-06-04 11:13:33.314', TIMESTAMP '2013-06-04 11:13:35.23', '', 'WMST336-FO-RG', 'db443fb1-f8ee-4794-a1f5-a9707e30b479', 'kuali.lui.lui.relation.state.active', 'kuali.lui.lui.relation.type.deliveredvia.fo2rg', 'fo-rg-relation', 'WMST336-FO-RG', 'd6edc243-5eb0-4b59-b2c7-739a24f8f3bf', '8e50ee13-335c-43ec-acbc-6411ab0ea244')
/
insert into KSEN_LUILUI_RELTN (OBJ_ID, VER_NBR, CREATEID, CREATETIME, UPDATEID, UPDATETIME, EFF_DT, EXPIR_DT, DESCR_FORMATTED, LUI_ID, LUILUI_RELTN_STATE, LUILUI_RELTN_TYPE, NAME, DESCR_PLAIN, RELATED_LUI_ID, ID) values ('7eb9ff68-adba-417d-89e9-dc23b31dc058', 0, 'admin', TIMESTAMP '2013-06-04 11:13:33.314', 'admin', TIMESTAMP '2013-06-04 11:13:33.314', TIMESTAMP '2013-06-04 11:13:35.231', '', 'WMST336-RG-AO', 'd6edc243-5eb0-4b59-b2c7-739a24f8f3bf', 'kuali.lui.lui.relation.state.active', 'kuali.lui.lui.relation.type.registeredforvia.rg2ao', 'rg-ao-relation', 'WMST336-RG-AO', '4fbcfdd4-dea9-4344-98c9-a8b9c3bf2a6e', 'ae02b2eb-69e7-4f89-8d37-1eba81288ac7')
/
insert into KSEN_LUI (OBJ_ID, VER_NBR, CREATEID, CREATETIME, UPDATEID, UPDATETIME, ATP_ID, CLU_ID, EFF_DT, EXPIR_DT, DESCR_FORMATTED, LUI_STATE, LUI_TYPE, MAX_SEATS, MIN_SEATS, NAME, DESCR_PLAIN, REF_URL, ID) values ('90dd3a9c-56da-4ed3-9780-52716f25ebe5', 0, 'admin', TIMESTAMP '2013-06-04 11:13:48.607', 'admin', TIMESTAMP '2013-06-04 11:13:48.607', 'kuali.atp.2012CETerm1', 'CLUID-WMST452-199501000000', TIMESTAMP '2011-08-26 20:00:00.0', '', 'Participation and portrayal of women in the mass media from colonial to contemporary times.', 'kuali.lui.course.offering.state.draft', 'kuali.lui.type.course.offering', '', '', 'WMST452 CO', 'Participation and portrayal of women in the mass media from colonial to contemporary times.', 'null', '92b5368e-1220-43d1-8e00-4afba2299e53')
/
insert into KSEN_LUI_ATTR (OBJ_ID, ATTR_KEY, OWNER_ID, ATTR_VALUE, ID) values ('8adad8b6-b1c1-4796-87d8-c9ae0f9f9d4e', 'kuali.attribute.wait.list.indicator', '92b5368e-1220-43d1-8e00-4afba2299e53', '1', '6ce10e16-1c92-4172-9be9-3c862efd9a92')
/
insert into KSEN_LUI_ATTR (OBJ_ID, ATTR_KEY, OWNER_ID, ATTR_VALUE, ID) values ('77f810bf-b71e-4d4c-bebb-9413808936f4', 'kuali.attribute.course.number.internal.suffix', '92b5368e-1220-43d1-8e00-4afba2299e53', 'A', 'a54ca78d-1963-4dd7-ab8e-4113ce5670b0')
/
insert into KSEN_LUI_ATTR (OBJ_ID, ATTR_KEY, OWNER_ID, ATTR_VALUE, ID) values ('51c8479d-33d1-4afb-90f4-6802e2716518', 'kuali.attribute.course.evaluation.indicator', '92b5368e-1220-43d1-8e00-4afba2299e53', '0', 'a1804220-60cd-4f2a-8165-3279aa165859')
/
insert into KSEN_LUI_ATTR (OBJ_ID, ATTR_KEY, OWNER_ID, ATTR_VALUE, ID) values ('4b6ba64e-7d34-4021-9253-ad871eb361cd', 'kuali.attribute.wait.list.type.key', '92b5368e-1220-43d1-8e00-4afba2299e53', 'kuali.waitlist.type.semiautomatic', '22172c52-467b-4c03-a2b0-ed1750d35021')
/
insert into KSEN_LUI_ATTR (OBJ_ID, ATTR_KEY, OWNER_ID, ATTR_VALUE, ID) values ('8a432810-50ab-4bde-833e-051a13e82d5d', 'kuali.attribute.funding.source', '92b5368e-1220-43d1-8e00-4afba2299e53', '', 'f7cf73b1-9615-4eb6-9afc-7d2a62f1b80a')
/
insert into KSEN_LUI_ATTR (OBJ_ID, ATTR_KEY, OWNER_ID, ATTR_VALUE, ID) values ('02f1633b-f674-4125-89ed-6b06f0d87270', 'kuali.attribute.wait.list.level.type.key', '92b5368e-1220-43d1-8e00-4afba2299e53', 'AO', '8abb74ef-7a9f-4aa7-8507-3d37c90d53ab')
/
insert into KSEN_LUI_ATTR (OBJ_ID, ATTR_KEY, OWNER_ID, ATTR_VALUE, ID) values ('78128efd-8e2f-4288-920b-c5e3782801e9', 'kuali.attribute.final.exam.indicator', '92b5368e-1220-43d1-8e00-4afba2299e53', 'STANDARD', '400f2f17-beeb-4006-962d-2afc16bcd3a7')
/
insert into KSEN_LUI_ATTR (OBJ_ID, ATTR_KEY, OWNER_ID, ATTR_VALUE, ID) values ('45d8e841-c422-473e-8559-6ab264d31549', 'kuali.attribute.where.fees.attached.flag', '92b5368e-1220-43d1-8e00-4afba2299e53', '0', '067dff04-1187-4d35-87ca-76c337329849')
/
insert into KSEN_LUI_IDENT (OBJ_ID, VER_NBR, CREATEID, CREATETIME, UPDATEID, UPDATETIME, LUI_CD, DIVISION, IDENT_LEVEL, LNG_NAME, LUI_ID, ORGID, SHRT_NAME, LUI_ID_STATE, SUFX_CD, LUI_ID_TYPE, VARTN, ID) values ('6dd2cd29-732b-4ed0-aad7-582f959b4ab1', 0, 'admin', TIMESTAMP '2013-06-04 11:13:48.607', 'admin', TIMESTAMP '2013-06-04 11:13:48.607', 'WMST452', 'WMST', '', 'Women in the Media', '92b5368e-1220-43d1-8e00-4afba2299e53', '', '', 'kuali.lui.identifier.state.active', '', 'kuali.lui.identifier.type.official', '', 'db4e0c11-bffe-4a0b-9ca4-47a63ce24c24')
/
insert into KSEN_LUI_LU_CD (OBJ_ID, VER_NBR, CREATEID, CREATETIME, UPDATEID, UPDATETIME, DESCR_FORMATTED, LUI_ID, DESCR_PLAIN, LUI_LUCD_TYPE, VALUE, ID) values ('9aa7bbe3-3fc8-4950-b548-55659fcc93b8', 0, 'admin', TIMESTAMP '2013-06-04 11:13:48.607', 'admin', TIMESTAMP '2013-06-04 11:13:48.607', '', '92b5368e-1220-43d1-8e00-4afba2299e53', '', 'kuali.lu.code.honorsOffering', '', '0b80a9bd-7281-4abb-9e49-72c5621656d5')
/
insert into KSEN_LUI_UNITS_DEPLOYMENT (LUI_ID, ORG_ID, ID) values ('92b5368e-1220-43d1-8e00-4afba2299e53', '4014660630', '7512eb14-86f4-4167-beb6-2588021384b6')
/
insert into KSEN_LUI_UNITS_CONT_OWNER (LUI_ID, ORG_ID) values ('92b5368e-1220-43d1-8e00-4afba2299e53', '4014660630')
/
insert into KSEN_LUI_RESULT_VAL_GRP (LUI_ID, RESULT_VAL_GRP_ID) values ('92b5368e-1220-43d1-8e00-4afba2299e53', 'kuali.resultComponent.grade.letter')
/
insert into KSEN_LUI_RESULT_VAL_GRP (LUI_ID, RESULT_VAL_GRP_ID) values ('92b5368e-1220-43d1-8e00-4afba2299e53', 'kuali.resultComponent.grade.audit')
/
insert into KSEN_LUI_RESULT_VAL_GRP (LUI_ID, RESULT_VAL_GRP_ID) values ('92b5368e-1220-43d1-8e00-4afba2299e53', 'kuali.resultComponent.grade.passFail')
/
insert into KSEN_LUI_RESULT_VAL_GRP (LUI_ID, RESULT_VAL_GRP_ID) values ('92b5368e-1220-43d1-8e00-4afba2299e53', 'kuali.creditType.credit.degree.3.0')
/
insert into KSEN_LUI (OBJ_ID, VER_NBR, CREATEID, CREATETIME, UPDATEID, UPDATETIME, ATP_ID, CLU_ID, EFF_DT, EXPIR_DT, DESCR_FORMATTED, LUI_STATE, LUI_TYPE, MAX_SEATS, MIN_SEATS, NAME, DESCR_PLAIN, REF_URL, ID) values ('9e95e8c1-bf3a-4ca3-a6fe-92116fc1e8dd', 0, 'admin', TIMESTAMP '2013-06-04 11:13:48.607', 'admin', TIMESTAMP '2013-06-04 11:13:48.607', 'kuali.atp.2012CETerm1', '8c293c08-3cd8-48d7-b65b-71073f10153b', '', '', 'Courses with Lecture only', 'kuali.lui.format.offering.state.draft', 'kuali.lui.type.course.format.offering', '', '', 'Lecture Only', 'Courses with Lecture only', '', '591d7a10-ad5d-400c-8bad-e79019aece92')
/
insert into KSEN_LUI_ATTR (OBJ_ID, ATTR_KEY, OWNER_ID, ATTR_VALUE, ID) values ('0fb7c934-6c92-4bda-8ba2-85fbbdecbaf3', 'regCodePrefix', '591d7a10-ad5d-400c-8bad-e79019aece92', '1', '0f1afecc-8ef3-4798-8e5d-22b9a4cdd210')
/
insert into KSEN_LUI_ATTR (OBJ_ID, ATTR_KEY, OWNER_ID, ATTR_VALUE, ID) values ('c41430b4-9514-4261-914a-bdae88459d72', 'kuali.attribute.final.exam.level.type', '591d7a10-ad5d-400c-8bad-e79019aece92', 'kuali.lui.type.activity.offering.lecture', '87d901df-d988-4b6b-8188-93f4dcd6a34a')
/
insert into KSEN_LUI_ATTR (OBJ_ID, ATTR_KEY, OWNER_ID, ATTR_VALUE, ID) values ('4d96ff82-96ed-468b-b7ea-a30d6d33b583', 'kuali.attribute.grade.roster.level.type.key', '591d7a10-ad5d-400c-8bad-e79019aece92', 'kuali.lui.type.activity.offering.lecture', 'cb1ca4bd-4098-4dfb-ab26-01242f8d34eb')
/
insert into KSEN_LUI_IDENT (OBJ_ID, VER_NBR, CREATEID, CREATETIME, UPDATEID, UPDATETIME, LUI_CD, DIVISION, IDENT_LEVEL, LNG_NAME, LUI_ID, ORGID, SHRT_NAME, LUI_ID_STATE, SUFX_CD, LUI_ID_TYPE, VARTN, ID) values ('8134f55a-1c21-4c9c-b299-99ae2e6728a6', 0, 'admin', TIMESTAMP '2013-06-04 11:13:48.607', 'admin', TIMESTAMP '2013-06-04 11:13:48.607', '', '', '', 'Lecture Only', '591d7a10-ad5d-400c-8bad-e79019aece92', '', 'LEC', 'kuali.lui.identifier.state.active', '', 'kuali.lui.identifier.type.official', '', '50d60b68-ef32-4a9b-a8c8-a9e34989715d')
/
insert into KSEN_LUILUI_RELTN (OBJ_ID, VER_NBR, CREATEID, CREATETIME, UPDATEID, UPDATETIME, EFF_DT, EXPIR_DT, DESCR_FORMATTED, LUI_ID, LUILUI_RELTN_STATE, LUILUI_RELTN_TYPE, NAME, DESCR_PLAIN, RELATED_LUI_ID, ID) values ('b010f59a-cf5b-4323-ba4e-46d13a98f7ed', 0, 'admin', TIMESTAMP '2013-06-04 11:13:48.607', 'admin', TIMESTAMP '2013-06-04 11:13:48.607', TIMESTAMP '2013-06-04 11:13:49.341', '', 'WMST452-CO-FO', '92b5368e-1220-43d1-8e00-4afba2299e53', 'kuali.lui.lui.relation.state.active', 'kuali.lui.lui.relation.type.deliveredvia.co2fo', 'co-fo-relation', 'WMST452-CO-FO', '591d7a10-ad5d-400c-8bad-e79019aece92', 'acfdfb56-c7cf-4dd1-85fc-6e3e1b4f2dbc')
/
insert into KSEN_LUI_RELATED_LUI_TYPES (LUI_ID, RELATED_LUI_TYPE) values ('591d7a10-ad5d-400c-8bad-e79019aece92', 'kuali.lui.type.activity.offering.lecture')
/
insert into KSEN_LUI (OBJ_ID, VER_NBR, CREATEID, CREATETIME, UPDATEID, UPDATETIME, ATP_ID, CLU_ID, EFF_DT, EXPIR_DT, DESCR_FORMATTED, LUI_STATE, LUI_TYPE, MAX_SEATS, MIN_SEATS, NAME, DESCR_PLAIN, REF_URL, ID) values ('447bee9e-3990-4fc5-a79e-5df7b4290830', 0, 'admin', TIMESTAMP '2013-06-04 11:13:48.607', 'admin', TIMESTAMP '2013-06-04 11:13:48.607', 'kuali.atp.2012CETerm1', '12a0a27c-a467-482f-8ccf-fccb66fbddb9', '', '', 'Courses with lecture', 'kuali.lui.activity.offering.state.draft', 'kuali.lui.type.activity.offering.lecture', 35, 35, 'Lecture', 'Courses with lecture', 'null', '73c82da9-c4a1-411b-b765-b34d5c13bca6')
/
insert into KSEN_LUI_ATTR (OBJ_ID, ATTR_KEY, OWNER_ID, ATTR_VALUE, ID) values ('b1d98fe8-b73e-4442-a869-f313ef43db49', 'kuali.attribute.course.evaluation.indicator', '73c82da9-c4a1-411b-b765-b34d5c13bca6', '0', '7cb90db5-6a5e-4a92-9928-212554d59f9e')
/
insert into KSEN_LUI_ATTR (OBJ_ID, ATTR_KEY, OWNER_ID, ATTR_VALUE, ID) values ('41887045-63dd-4094-89bc-9df90c5b9557', 'isWaitlistCheckinRequired', '73c82da9-c4a1-411b-b765-b34d5c13bca6', '0', 'ca33d2b6-aefd-422c-b5d8-457988a977f1')
/
insert into KSEN_LUI_ATTR (OBJ_ID, ATTR_KEY, OWNER_ID, ATTR_VALUE, ID) values ('9a9e087d-e3db-4b53-a714-bf883c608e0b', 'kuali.attribute.max.enrollment.is.estimate', '73c82da9-c4a1-411b-b765-b34d5c13bca6', '0', 'f4ef9778-a5a6-4de0-a915-a66a9275adf4')
/
insert into KSEN_LUI_IDENT (OBJ_ID, VER_NBR, CREATEID, CREATETIME, UPDATEID, UPDATETIME, LUI_CD, DIVISION, IDENT_LEVEL, LNG_NAME, LUI_ID, ORGID, SHRT_NAME, LUI_ID_STATE, SUFX_CD, LUI_ID_TYPE, VARTN, ID) values ('d6b67545-dcb5-4fc6-b2a9-0fce709de646', 0, 'admin', TIMESTAMP '2013-06-04 11:13:48.607', 'admin', TIMESTAMP '2013-06-04 11:13:48.607', 'A', '', '', '', '73c82da9-c4a1-411b-b765-b34d5c13bca6', '', '', 'kuali.lui.identifier.state.active', '', 'kuali.lui.identifier.type.official', '', '3feb2dc2-2f3e-4954-b938-bb4c408d83f7')
/
insert into KSEN_LUI_LU_CD (OBJ_ID, VER_NBR, CREATEID, CREATETIME, UPDATEID, UPDATETIME, DESCR_FORMATTED, LUI_ID, DESCR_PLAIN, LUI_LUCD_TYPE, VALUE, ID) values ('c770c638-9af2-4b39-bbbf-139c74d4cfa7', 0, 'admin', TIMESTAMP '2013-06-04 11:13:48.607', 'admin', TIMESTAMP '2013-06-04 11:13:48.607', '', '73c82da9-c4a1-411b-b765-b34d5c13bca6', '', 'kuali.lu.code.honorsOffering', '0', '19358090-0881-4c43-b4c8-e0edc1ae89dd')
/
insert into KSEN_LPR (OBJ_ID, VER_NBR, CREATEID, CREATETIME, UPDATEID, UPDATETIME, COMMIT_PERCT, EFF_DT, EXPIR_DT, LUI_ID, PERS_ID, LPR_STATE, LPR_TYPE, ID) values ('eaaf0dbf-7dda-42b3-bf78-0804137f702f', 0, 'admin', TIMESTAMP '2013-06-04 11:13:48.607', 'admin', TIMESTAMP '2013-06-04 11:13:48.607', '100.0', TIMESTAMP '2013-06-04 11:13:49.904', '', '73c82da9-c4a1-411b-b765-b34d5c13bca6', 'C.KEITHS', 'kuali.lpr.state.active', 'kuali.lpr.type.instructor.main', '0bff9f29-b9f1-46cb-b6e2-816bf19aa585')
/
insert into KSEN_LUILUI_RELTN (OBJ_ID, VER_NBR, CREATEID, CREATETIME, UPDATEID, UPDATETIME, EFF_DT, EXPIR_DT, DESCR_FORMATTED, LUI_ID, LUILUI_RELTN_STATE, LUILUI_RELTN_TYPE, NAME, DESCR_PLAIN, RELATED_LUI_ID, ID) values ('82380a05-db74-430e-b36b-8af6537ae048', 0, 'admin', TIMESTAMP '2013-06-04 11:13:48.607', 'admin', TIMESTAMP '2013-06-04 11:13:48.607', TIMESTAMP '2013-06-04 11:13:49.904', '', 'WMST452-FO-AO', '591d7a10-ad5d-400c-8bad-e79019aece92', 'kuali.lui.lui.relation.state.active', 'kuali.lui.lui.relation.type.deliveredvia.fo2ao', 'fo-ao-relation', 'WMST452-FO-AO', '73c82da9-c4a1-411b-b765-b34d5c13bca6', '1782af6e-c148-48a8-8997-c96ec9a9b609')
/
insert into KSEN_SCHED_RQST_SET (OBJ_ID, VER_NBR, CREATEID, CREATETIME, UPDATEID, UPDATETIME, DESCR_FORMATTED, MAX_ENRL_SHARED_IND, MAX_ENRL, NAME, DESCR_PLAIN, REF_OBJECT_TYPE, SCHED_RQST_SET_STATE, SCHED_RQST_SET_TYPE, ID) values ('520aa207-ea44-4189-9d3c-553f6a308829', 0, 'admin', TIMESTAMP '2013-06-04 11:13:48.607', 'admin', TIMESTAMP '2013-06-04 11:13:48.607', '', '', '', '', '', 'http://student.kuali.org/wsdl/courseOffering/ActivityOfferingInfo', 'kuali.scheduling.schedule.request.state.created', 'kuali.scheduling.schedule.request.set.type.schedule.request.set', '84da35b0-4e18-4672-b1bb-d9ef6e624b13')
/
insert into KSEN_SCHED_RQST (OBJ_ID, VER_NBR, CREATEID, CREATETIME, UPDATEID, UPDATETIME, DESCR_FORMATTED, NAME, DESCR_PLAIN, SCHED_RQST_STATE, SCHED_RQST_TYPE, SCHED_ID, SCHED_RQST_SET_ID, ID) values ('c532a356-d212-4fb0-ab39-04427e8e79d0', 0, 'admin', TIMESTAMP '2013-06-04 11:13:48.607', 'admin', TIMESTAMP '2013-06-04 11:13:48.607', '', 'Schedule request for WMST452 - A', '', 'kuali.scheduling.schedule.request.state.created', 'kuali.scheduling.schedule.request.type.schedule.request', '', '84da35b0-4e18-4672-b1bb-d9ef6e624b13', '64b8c69d-f30d-4566-8a7e-ace2c3c4d3e0')
/
insert into KSEN_SCHED_RQST_CMP (OBJ_ID, TBA_IND, SCHED_RQST_ID, ID) values ('e5964498-dcba-49dc-b781-2cc6892178d9', '0', '64b8c69d-f30d-4566-8a7e-ace2c3c4d3e0', 'ea7aa33d-4b44-42f4-83b1-2d0e64ca86bf')
/
insert into KSEN_CO_SEAT_POOL_DEFN (OBJ_ID, VER_NBR, CREATEID, CREATETIME, UPDATEID, UPDATETIME, ACTIVITY_OFFERING_ID, EXPIR_MSTONE_TYPE, PERCENTAGE_IND, NAME, POPULATION_ID, PROCESSING_PRIORITY, SEAT_LIMIT, SEAT_POOL_DEFN_STATE, SEAT_POOL_DEFN_TYPE, ID) values ('a0d1cea1-1e42-4d1e-82da-92710860ef97', 1, 'admin', TIMESTAMP '2013-06-04 11:13:48.607', 'admin', TIMESTAMP '2013-06-04 11:13:48.607', '', 'kuali.atp.milestone.firstdayofclasses', '0', '400-level Athlete Seatpool', '1c2e7786-a2ab-4778-8e81-ea540c60b9b2', 1, 2, 'kuali.lui.capacity.state.active', 'kuali.lui.capacity.type.seatpool', 'a40adcd5-2653-40a3-9843-d0be8173ba6b')
/
insert into KSEN_SCHED_REF_OBJECT (SCHED_RQST_SET_ID, REF_OBJECT_ID) values ('84da35b0-4e18-4672-b1bb-d9ef6e624b13', '73c82da9-c4a1-411b-b765-b34d5c13bca6')
/
insert into KSEN_SCHED_RQST_CMP_BLDG (CMP_ID, BUILDING_ID) values ('ea7aa33d-4b44-42f4-83b1-2d0e64ca86bf', 'fc3940b4-8d26-4809-93c8-5a8ea21879f6')
/
insert into KSEN_SCHED_RQST_CMP_CAMPUS (CMP_ID, CAMPUS_ID) values ('ea7aa33d-4b44-42f4-83b1-2d0e64ca86bf', 'UMCP')
/
insert into KSEN_SCHED_RQST_CMP_ROOM (CMP_ID, ROOM_ID) values ('ea7aa33d-4b44-42f4-83b1-2d0e64ca86bf', '9115e89f-cfa0-48fc-949d-8c7d1c1d5802')
/
insert into KSEN_SCHED_RQST_CMP_TMSLOT (CMP_ID, TM_SLOT_ID) values ('ea7aa33d-4b44-42f4-83b1-2d0e64ca86bf', '514ff892-754e-4b66-bc4f-526d813685ed')
/
insert into KSEN_CO_SEAT_POOL_DEFN (OBJ_ID, VER_NBR, CREATEID, CREATETIME, UPDATEID, UPDATETIME, ACTIVITY_OFFERING_ID, EXPIR_MSTONE_TYPE, PERCENTAGE_IND, NAME, POPULATION_ID, PROCESSING_PRIORITY, SEAT_LIMIT, SEAT_POOL_DEFN_STATE, SEAT_POOL_DEFN_TYPE, ID) values ('dacd53d2-ae9b-468d-80f6-dc1ddc93c431', 1, 'admin', TIMESTAMP '2013-06-04 11:13:48.607', 'admin', TIMESTAMP '2013-06-04 11:13:48.607', '', 'kuali.atp.milestone.firstdayofclasses', '0', '400-level Junior Seatpool', '4bae9f12-5901-4db9-b4a8-4dcc20781db5', 2, 4, 'kuali.lui.capacity.state.active', 'kuali.lui.capacity.type.seatpool', 'c3146744-c456-480f-98ee-93305a4b7ddb')
/
update KSEN_CO_SEAT_POOL_DEFN set OBJ_ID='a0d1cea1-1e42-4d1e-82da-92710860ef97', VER_NBR=2, UPDATEID='admin', UPDATETIME=TIMESTAMP '2013-06-04 11:13:48.607', ACTIVITY_OFFERING_ID='73c82da9-c4a1-411b-b765-b34d5c13bca6', EXPIR_MSTONE_TYPE='kuali.atp.milestone.firstdayofclasses', PERCENTAGE_IND='0', NAME='400-level Athlete Seatpool', POPULATION_ID='1c2e7786-a2ab-4778-8e81-ea540c60b9b2', PROCESSING_PRIORITY=1, SEAT_LIMIT=2, SEAT_POOL_DEFN_STATE='kuali.lui.capacity.state.active', SEAT_POOL_DEFN_TYPE='kuali.lui.capacity.type.seatpool' where ID='a40adcd5-2653-40a3-9843-d0be8173ba6b' and VER_NBR=1
/
insert into KSEN_CO_AO_CLUSTER (OBJ_ID, VER_NBR, CREATEID, CREATETIME, UPDATEID, UPDATETIME, AO_CLUSTER_STATE, AO_CLUSTER_TYPE, DESCR_FORMATTED, DESCR_PLAIN, FORMAT_OFFERING_ID, NAME, PRIVATE_NAME, ID) values ('bca6f1e8-c08f-4e95-8085-67e490738fd7', 0, 'admin', TIMESTAMP '2013-06-04 11:13:48.607', 'admin', TIMESTAMP '2013-06-04 11:13:48.607', 'kuali.activity.offering.cluster.state.active', 'kuali.activity.offering.cluster.type.activity.offering.cluster', '', '', '591d7a10-ad5d-400c-8bad-e79019aece92', 'CL 1', 'CL 1', '6bb42b0a-08fb-4a98-a7ab-8089827c0dd5')
/
insert into KSEN_CO_AO_CLUSTER_SET (OBJ_ID, ACTIVITY_OFFERING_TYPE, AO_CLUSTER_ID, ID) values ('9749d0ad-c30d-4cd5-89a8-a8f3aa295c3e', 'kuali.lui.type.activity.offering.lecture', '6bb42b0a-08fb-4a98-a7ab-8089827c0dd5', '97736fab-3d93-4d11-852f-addeaa4c9cae')
/
update KSEN_CO_SEAT_POOL_DEFN set OBJ_ID='dacd53d2-ae9b-468d-80f6-dc1ddc93c431', VER_NBR=2, UPDATEID='admin', UPDATETIME=TIMESTAMP '2013-06-04 11:13:48.607', ACTIVITY_OFFERING_ID='73c82da9-c4a1-411b-b765-b34d5c13bca6', EXPIR_MSTONE_TYPE='kuali.atp.milestone.firstdayofclasses', PERCENTAGE_IND='0', NAME='400-level Junior Seatpool', POPULATION_ID='4bae9f12-5901-4db9-b4a8-4dcc20781db5', PROCESSING_PRIORITY=2, SEAT_LIMIT=4, SEAT_POOL_DEFN_STATE='kuali.lui.capacity.state.active', SEAT_POOL_DEFN_TYPE='kuali.lui.capacity.type.seatpool' where ID='c3146744-c456-480f-98ee-93305a4b7ddb' and VER_NBR=1
/
insert into KSEN_CO_AO_CLUSTER_SET_AO (AOC_SET_ID, ACTIVITY_OFFERING_ID) values ('97736fab-3d93-4d11-852f-addeaa4c9cae', '73c82da9-c4a1-411b-b765-b34d5c13bca6')
/
update KSEN_CO_AO_CLUSTER_SET set AO_CLUSTER_ID='6bb42b0a-08fb-4a98-a7ab-8089827c0dd5' where ID='97736fab-3d93-4d11-852f-addeaa4c9cae'
/
insert into KSEN_LUI (OBJ_ID, VER_NBR, CREATEID, CREATETIME, UPDATEID, UPDATETIME, ATP_ID, CLU_ID, EFF_DT, EXPIR_DT, DESCR_FORMATTED, LUI_STATE, LUI_TYPE, MAX_SEATS, MIN_SEATS, NAME, DESCR_PLAIN, REF_URL, ID) values ('56a731e6-1a9c-4b52-8951-a7727e77375c', 0, 'admin', TIMESTAMP '2013-06-04 11:13:48.607', 'admin', TIMESTAMP '2013-06-04 11:13:48.607', 'kuali.atp.2012CETerm1', '8c293c08-3cd8-48d7-b65b-71073f10153b', '', '', '1001', 'kuali.lui.registration.group.state.pending', 'kuali.lui.type.registration.group', '', '', '1001', '1001', '', 'ab1b3237-211b-4ad8-88f9-ba961f904dba')
/
insert into KSEN_LUI_ATTR (OBJ_ID, ATTR_KEY, OWNER_ID, ATTR_VALUE, ID) values ('6f609e27-8687-4f1e-87fe-ada927349daf', 'kuali.attribute.registration.group.aocluster.id', 'ab1b3237-211b-4ad8-88f9-ba961f904dba', '6bb42b0a-08fb-4a98-a7ab-8089827c0dd5', 'fba42408-5bf3-4f85-bcfc-b7065da747c9')
/
insert into KSEN_LUI_ATTR (OBJ_ID, ATTR_KEY, OWNER_ID, ATTR_VALUE, ID) values ('bb05ccd8-82a0-446d-b945-7517ec590602', 'kuali.attribute.registration.group.is.generated', 'ab1b3237-211b-4ad8-88f9-ba961f904dba', '1', '6fae9a95-0d62-4f04-a80b-f89eac70d4d0')
/
insert into KSEN_LUI_IDENT (OBJ_ID, VER_NBR, CREATEID, CREATETIME, UPDATEID, UPDATETIME, LUI_CD, DIVISION, IDENT_LEVEL, LNG_NAME, LUI_ID, ORGID, SHRT_NAME, LUI_ID_STATE, SUFX_CD, LUI_ID_TYPE, VARTN, ID) values ('d1baec0e-e5e1-4554-9417-75fa420cfd09', 0, 'admin', TIMESTAMP '2013-06-04 11:13:48.607', 'admin', TIMESTAMP '2013-06-04 11:13:48.607', '', '', '', '', 'ab1b3237-211b-4ad8-88f9-ba961f904dba', '', '', 'kuali.lui.identifier.state.active', '', 'kuali.lui.identifier.type.official', '', '38220654-2526-46d5-8c53-3c28d41bdc5d')
/
insert into KSEN_LUILUI_RELTN (OBJ_ID, VER_NBR, CREATEID, CREATETIME, UPDATEID, UPDATETIME, EFF_DT, EXPIR_DT, DESCR_FORMATTED, LUI_ID, LUILUI_RELTN_STATE, LUILUI_RELTN_TYPE, NAME, DESCR_PLAIN, RELATED_LUI_ID, ID) values ('0520aa70-e94c-4f72-8891-7ce5852fb91f', 0, 'admin', TIMESTAMP '2013-06-04 11:13:48.607', 'admin', TIMESTAMP '2013-06-04 11:13:48.607', TIMESTAMP '2013-06-04 11:13:50.585', '', 'WMST452-FO-RG', '591d7a10-ad5d-400c-8bad-e79019aece92', 'kuali.lui.lui.relation.state.active', 'kuali.lui.lui.relation.type.deliveredvia.fo2rg', 'fo-rg-relation', 'WMST452-FO-RG', 'ab1b3237-211b-4ad8-88f9-ba961f904dba', '2ecb4a2d-114e-44ca-807b-ddf264e6fe67')
/
insert into KSEN_LUILUI_RELTN (OBJ_ID, VER_NBR, CREATEID, CREATETIME, UPDATEID, UPDATETIME, EFF_DT, EXPIR_DT, DESCR_FORMATTED, LUI_ID, LUILUI_RELTN_STATE, LUILUI_RELTN_TYPE, NAME, DESCR_PLAIN, RELATED_LUI_ID, ID) values ('8df28d94-974c-4d7e-908f-6f311292e88b', 0, 'admin', TIMESTAMP '2013-06-04 11:13:48.607', 'admin', TIMESTAMP '2013-06-04 11:13:48.607', TIMESTAMP '2013-06-04 11:13:50.586', '', 'WMST452-RG-AO', 'ab1b3237-211b-4ad8-88f9-ba961f904dba', 'kuali.lui.lui.relation.state.active', 'kuali.lui.lui.relation.type.registeredforvia.rg2ao', 'rg-ao-relation', 'WMST452-RG-AO', '73c82da9-c4a1-411b-b765-b34d5c13bca6', 'a1e1af41-4a35-443f-b852-c5bd20b6976b')
/
